:100000000C943B170C947B170C947B170C947B1768
:100010000C947B170C947B170C947B170C947B1718
:100020000C947B170C947B170C947B170C947B1708
:100030000C947B170C947B170C947B170C947B17F8
:100040000C947B170C94517C0C947B170C947B17AD
:100050000C947B170C94487B0C947B170C9472CBFC
:100060000C947B170C94E14E0C94CD4E0C947B17A2
:100070000C947B170C947B170C947B170C947B17B8
:100080000C947B170C947B170C947B170C947B17A8
:100090000C94A34E0C94D74E0C947B170C947B17A6
:1000A0000C947B170C947B170C947B170C947B1788
:1000B0000C947B170C947B170C947B170C947B1778
:1000C0000C947B170C947B170C947B170C94794E33
:1000D0000C94434E0C947B170C947B170C947B1759
:1000E0000C947B17084AD73B3BCE016E84BCBFFD06
:1000F000C12F3D6C74319ABD56833DDA3D00C77FF8
:1001000011BED9E4BB4C3E916BAAAABE0000008090
:100110003F05A84CCDB2D44EB93836A9020C50B91F
:10012000918688083CA6AAAA2ABE000000803F004B
:100130004E414E494E495459494E46CDCCCC3D0ACC
:10014000D7233C17B7D13877CC2B329595E6241FAF
:10015000B14F0A000020410000C84200401C462068
:10016000BCBE4CCA1B0E5AAEC59D7400407A10F33B
:100170005A00A0724E18090010A5D4E80000E876D5
:1001800048170000E40B54020000CA9A3B0000002C
:10019000E1F505000080969800000040420F000045
:1001A00000A08601000000102700000000E8030006
:1001B0000000006400000000000A000000000001D0
:1001C00000000000002C76D888DC674F0823DFC1D0
:1001D000DFAE59E1B1B796E5E3E453C63AE651998B
:1001E0007696E8E6C28426EB898C9B62ED407C6FB4
:1001F000FCEFBC9C9F40F2BAA56FA5F490055A2A6B
:10020000F75C936B6CF9676DC11BFCE0E40D47FE76
:10021000F520E6B500D0ED902E030094357705006B
:1002200080841E080000204E0A000000C80C3333F2
:1002300033330F986E12831141EF8D2114893BE601
:100240005516CFFEE6DB18D1844B381BF77C1D908A
:100250001DA4BBE424203284725E228100C9F124F3
:10026000ECA1E53D27434F4D4D554E49434154497F
:100270004F4E0044525952554E004552524F525320
:1002800000494E464F004543484F00627567666916
:10029000782D322E312E780057616E68616F2044C0
:1002A00039204D4B320053544F505045442E2000BE
:1002B0005072696E7465722073746F70706564201B
:1002C00064756520746F206572726F72732E20469C
:1002D000697820746865206572726F7220616E643F
:1002E00020757365204D39393920746F207265731C
:1002F000746172742E202854656D70657261747516
:1003000072652069732072657365742E205365745D
:1003100020697420616674657220726573746172FD
:1003200074696E67290A004E6F20436865636B73BA
:10033000756D2077697468206C696E65206E756DC7
:100340006265722C204C617374204C696E653A2092
:10035000004E6F20436865636B73756D2077697419
:1003600068206C696E65206E756D6265722C204C1C
:10037000617374204C696E653A2000636865636B35
:1003800073756D206D69736D617463682C204C61A9
:100390007374204C696E653A20004C696E65204E7E
:1003A000756D626572206973206E6F74204C617385
:1003B00074204C696E65204E756D6265722B312C10
:1003C000204C617374204C696E653A20004D3131C8
:1003D000300053657269616C2073746174757320A9
:1003E0006D69736D617463680A00534420726561BE
:1003F00064206572726F720A00746F6F206D75638E
:100400006820696E6163746976652074696D652022
:100410002D2063757272656E7420636F6D6D616EF1
:10042000643A20002121204B494C4C2063617573B4
:1004300065642062792000627573793A2070617575
:1004400073656420666F7220696E7075740A00624D
:100450007573793A2070617573656420666F7220D8
:10046000757365720A00627573793A2070726F63F2
:10047000657373696E670A00534420436172642098
:1004800072656164206572726F72004D3130303078
:100490005300506F776572204F7574616765004631
:1004A000696C616D656E742072756E6F7574204530
:1004B0002564004D363030002066696C616D656ED4
:1004C000745F72756E6F7574200066696C616D651E
:1004D0006E745F72756E6F757420540046696C613E
:1004E0006D656E7452756E6F7574205400506C6536
:1004F00061736520526573657400706F7765726F04
:100500006666004B494C4C45442E20005072696E83
:100510007465722068616C7465642E206B696C6C04
:1005200028292063616C6C6564210A006563686F2B
:100530003A004572726F723A0042696C696E656189
:1005400072204C6576656C696E6720477269643A03
:100550000A005072696E74204F626A002F2F616327
:1005600074696F6E3A006E6F74696669636174696D
:100570006F6E20006E6F74696669636174696F6E77
:10058000200070726F6D70745F00626567696E0045
:10059000656E640073686F7700627574746F6E00C7
:1005A000486F74656E6420746F6F20636F6C640AAB
:1005B000004D323453004D323320004739322E394A
:1005C0004500473146004731463630305A00473102
:1005D000463330303058004D31303650004D3130D8
:1005E0003953004D32303044004739322E395A00E9
:1005F0004D34323053004732385230585900473169
:10060000463630305A004739322E395A004739328F
:100610002E394530004D31303953004D313930538A
:10062000004D3432305330004F46460A0046616474
:1006300065204865696768742000426564204C65E0
:1006400076656C696E6720004661696C656420742C
:100650006F20656E61626C6520426564204C657632
:10066000656C696E670A00496E76616C6964206D1D
:100670006573682E0A0050726F62696E6720506F52
:10068000696E740025532025692F2569002E0A0004
:100690002F0050726F62696E67206D6573682070FD
:1006A0006F696E742000202844525952554E29001B
:1006B000473239204175746F20426564204C65765D
:1006C000656C696E67003F20284C2C522C462C42EA
:1006D00029206F7574206F6620626F756E64732EAB
:1006E0000A0020756E6974732F6D696E290A003FC8
:1006F00046656564726174652028532920746F6FA4
:10070000206C6F772E20285573696E6720003F2874
:1007100056296572626F7365206C6576656C206919
:100720006D706C61757369626C652028302D342999
:100730002E0A00426164205A2076616C75650A00B9
:100740004E6F2062696C696E6561722067726964C0
:100750000A007061757365640048656164206361B7
:100760006E6E6F74206265207061726B65640050FC
:100770006175736500496E736572742066696C619A
:100780006D656E7420616E64207072657373206293
:100790007574746F6E0A0052656865617420446FE9
:1007A0006E6500526568656174696E672E2E2E0055
:1007B00052656865617400486561746572205469AA
:1007C0006D656F7574005072657373206275747413
:1007D0006F6E20746F2068656174206E6F7A7A6C1A
:1007E000650A004E6F7A7A6C65205061726B6564A1
:1007F0000044697361626C6552756E6F7574005068
:10080000757267654D6F7265005061757365640040
:100810004C6F61642046696C616D656E7420540094
:100820004C6F61642046696C616D656E7400496E41
:10083000736572742066696C616D656E7420616E9B
:100840006420707265737320627574746F6E0A0031
:10085000726573756D656400526573756D696E6759
:100860000020496E76616C696420657874727564E5
:1008700065722000536C6565702E2E2E005B505DF6
:1008800061726B696E67207374796C652028302EF5
:100890002E34292E003F496E76616C696420005A1F
:1008A0002050726F62652050617374204265640A43
:1008B000005A2050726F6265205061737420426547
:1008C0006400473238004D65736820706F696E743C
:1008D000206F7574206F662072616E67650A006212
:1008E0006567696E00436F6E74696E7565004D30A3
:1008F0002053746F70004D312053746F7000436C3F
:1009000069636B20746F20526573756D652E2E2E92
:10091000004E6F204D6F76652E00456E642066692F
:100920006C65206C6973740A00426567696E2066A5
:10093000696C65206C6973740A004E6F206D656484
:1009400069610A00534420636172642072656C65BA
:10095000617365640A00526573756D696E67205333
:100960004400526573756D65005061757365205361
:100970004400286E6F2066696C65290043757272A9
:10098000656E742066696C653A20004E6F74205362
:1009900044207072696E74696E670A005344207057
:1009A00072696E74696E6720627974652000507296
:1009B000696E742074696D653A20007061757365A5
:1009C000006F6B004C696E653A20006F66660086AA
:1009D0000281027A027302650244454255473A0099
:1009E0004D3131322053687574646F776E004D312C
:1009F000313320530057616E68616F204439204DB8
:100A00004B32204F46462E0020732E0A00496E615D
:100A1000637469766974792074696D656F75742083
:100A20000020204D39322058002F2F002044002074
:100A3000204D32303020530020204D3230312058AC
:100A40000020450020204D32303320580020520035
:100A500020204D323034205000204A002054002005
:100A6000530020204D3230352042003F4A206F7520
:100A700074206F662072616E67652028302E3031D9
:100A800020746F20302E33290A0020204D3230365A
:100A900020580020580020204D61783A2000200086
:100AA00020204D696E3A2000203B200020204D324E
:100AB0003131205300250A0046523A0020466C6F1F
:100AC000773A200050726F6265204F6666736574D6
:100AD000205A0050726F6265204F666673657420FD
:100AE0005A0020440020490020204D33303120504E
:100AF0000064697300656E0043290061626C65647F
:100B000020286D696E2074656D702000436F6C64E1
:100B100020657874727564657320617265200020A9
:100B20003B20486F73742068616E646C696E672047
:100B30000046696C616D656E742072756E6F7574B8
:100B400020004D34323120696E636F7272656374B8
:100B500020706172616D657465722075736167657F
:100B60000A004D65736820706F696E74206F75742C
:100B7000206F662072616E67650A004F6666736556
:100B80007473204170706C696564004D494E2F4D3F
:100B9000415820546F6F2046617200546F6F206679
:100BA00061722066726F6D204D494E2F4D41580A7B
:100BB00000454550524F4D204F4B0A00203B00202E
:100BC000550020204D363033204C0020286D6D29F3
:100BD00000203B00205A0020590020204D3835319C
:100BE000205800290A0020746F20003F5A206F759A
:100BF00074206F662072616E6765202800290A00E4
:100C000020746F20003F59206F7574206F6620722A
:100C1000616E6765202800290A0020746F20003F5C
:100C200058206F7574206F662072616E676520288A
:100C3000004F4646004F4E00203B200020204D3400
:100C400031332053004D383400446F6E652070728C
:100C5000696E74696E672066696C650A004D373786
:100C6000004D3331004361703A00434F4E464947CF
:100C70005F4558504F5254004D4541545041434BED
:100C800000434F4F4C45525F54454D5045524154DF
:100C9000555245004348414D4245525F54454D50E1
:100CA000455241545552450045505F4241425953C7
:100CB00054455000424142595354455050494E47C3
:100CC0000041524353004D4F54494F4E5F4D4F44E6
:100CD000455300544845524D414C5F50524F544586
:100CE0004354494F4E00455854454E4445445F4D8A
:100CF000323000435553544F4D5F4649524D574192
:100D000052455F55504C4F4144004C464E5F575240
:100D1000495445004C4F4E475F46494C454E414D66
:100D200045004155544F5245504F52545F53445F14
:100D30005354415455530053445F5752495445004E
:100D4000524550454154004D554C54495F564F4C07
:100D5000554D45005344434152440050524F4D506D
:100D6000545F535550504F525400484F53545F41B5
:100D70004354494F4E5F434F4D4D414E4453004500
:100D80004D455247454E43595F50415253455200DD
:100D9000434153455F4C494748545F425249474895
:100DA000544E45535300544F47474C455F4C4947B9
:100DB00048545300534F4654574152455F504F5784
:100DC0004552004255494C445F50455243454E54AC
:100DD000004C4556454C494E475F44415441005AEA
:100DE0005F50524F42450052554E4F5554004155A9
:100DF000544F4C4556454C005052494E545F4A4F53
:100E0000420050524F4752455353004155544F52A0
:100E100045504F52545F54454D50004155544F5228
:100E200045504F52545F504F5300564F4C554D450F
:100E30005452494300454550524F4D0042494E419E
:100E400052595F46494C455F5452414E53464552B4
:100E50000053455249414C5F584F4E5F584F4646EC
:100E6000004649524D574152455F4E414D453A4D1E
:100E700061726C696E206275676669782D322E31F9
:100E80002E782028536570203134203230323620BD
:100E900031343A32313A34342920534F5552434594
:100EA0005F434F44455F55524C3A676974687562B9
:100EB0002E636F6D2F4D61726C696E4669726D772E
:100EC0006172652F4D61726C696E2050524F544FA4
:100ED000434F4C5F56455253494F4E3A312E3020C6
:100EE0004D414348494E455F545950453A57616E0C
:100EF00068616F204439204D4B32204B494E454D9F
:100F000041544943533A43617274657369616E2079
:100F100045585452554445525F434F554E543A310B
:100F200020555549443A63656465326132662D3413
:100F30003161322D343734382D396231322D6335F9
:100F4000356336326633363766660047322F4733AD
:100F50002062616420706172616D65746572730AEC
:100F6000005A2050726F6265205061737420426590
:100F70006400205A3A0020593A0042656420583AE9
:100F8000004732384F00220A00656E71756575653D
:100F9000696E672022006F6B0A00526573656E648C
:100FA0003A20002569730025696D202569730025A5
:100FB00069682025696D20256973002569642025ED
:100FC00069682025696D20256973002569792025C8
:100FD0006964202569682025696D202569730020D2
:100FE000460020420020204D313034205300436F12
:100FF0006F6C696E672E2E2E004531202553002020
:10100000573A0042656420436F6F6C696E672E2EFD
:101010002E004265642048656174696E672E2E2E2D
:101020000023646566696E652044454641554C540D
:101030005F005049442074756E696E6720646F6E5E
:1010400065004175746F74756E65206661696C65C5
:1010500064212054696D656F75742E004175746F3D
:1010600074756E65206661696C6564212054656DD8
:10107000706572617475726520746F6F206869673E
:10108000682E004175746F74756E65206661696CB9
:1010900065642120426164206578747275646572AC
:1010A0002E00504944204175746F74756E65004B75
:1010B0004420004B4920004B5020005049442074EC
:1010C000756E696E6720646F6E65002066696E6973
:1010D00073686564212050757420746865206C61A4
:1010E0007374204B702C204B6920616E64204B641C
:1010F00020636F6E7374616E74732066726F6D20FF
:1011000062656C6F7720696E746F20436F6E6669DD
:101110006775726174696F6E2E680A0050494420C9
:101120004175746F74756E6500206661696C6564E5
:10113000212074696D656F75740A0050494420411F
:1011400075746F74756E65004175746F74756E6536
:10115000206661696C6564212054696D656F7574E2
:101160002E00206661696C6564212054656D706590
:1011700072617475726520746F6F20686967680AA0
:1011800000504944204175746F74756E6500504974
:1011900044204379636C65730025532025692F250E
:1011A0006900204B643A2000204B693A2000204B14
:1011B000703A200020436C61737369632050494486
:1011C000200A002054753A2000204B753A20002058
:1011D0006D61783A2000206D696E3A200020643AF3
:1011E000200020626961733A200048656174696E6D
:1011F000672E2E2E002073746172740A00504944C9
:10120000204175746F74756E65004175746F7475E7
:101210006E65206661696C6564212054656D70653A
:1012200072617475726520746F6F20686967682ECB
:1012300000206661696C6564212054656D7065727B
:10124000617475726520746F6F20686967680A0041
:10125000504944204175746F74756E65005049445F
:10126000204175746F74756E65003F28432979635A
:101270006C6573206E6F7420706C61757369626C3D
:101280006520283E3D33292E0A00206661696C6581
:10129000642120426164206865617465722069641C
:1012A0000A00504944204175746F74756E650000E2
:1012B0002002000000A81D0000012002000000A87C
:1012C0001D0000022002000000A81D0000032002F3
:1012D000000000A81D0000042002000000284F00AC
:1012E000000520020000006C1D0000062000000028
:1012F00000491D0000072002000000161D00000824
:1013000020020000002A1D00000920020000003D0C
:101310003500000A2002000000121800000B200215
:10132000000000E31900000E2002000000E01C0095
:10133000000F2002000000C61C0000102002000068
:10134000000C500000112002000000DF4F000012CE
:101350002002000000DF4F0000142002000000B750
:101360004F0000152002000000061D00001620029C
:10137000000000951C0000172002000000591C000E
:10138000001820020000000A1800001920020000C6
:10139000004B1B00001A2000000000894000001BC9
:1013A0002000000000042700001C2002000000FEB6
:1013B0001700001D2002000000EB1700001E200295
:1013C000000000ED1B00001F20020000005E400036
:1013D000002020020000001C1B0000212002000051
:1013E000001C1B00002220020000001C1B00002328
:1013F0002002000000DB1A0000242002000000E3AD
:10140000170000252000000000D01A000026200050
:10141000000000473F00002720020000004D400070
:1014200000282002000000DB170000292002000035
:1014300000BC1700002A2002000000991A00002BAF
:101440002000000000EB3F00002C2002000000D72D
:101450003F00002D2002000000B53F00002E2002BA
:10146000000000891A00002F2000000000B61700BD
:10147000002030020000000000F07725302000003E
:101480000000009977453020000000000099776542
:101490003020000000000099778530200000000017
:1014A000009977A5302000000000009977C5300230
:1014B00000000000004578C63020000000000060F9
:1014C00077E6300201000000000680E8300F0100DE
:1014D0000000001A90F7300201000000009D75BE68
:1014E000310200000000003393F8300201110200C5
:1014F00000A974F9300201000000008C75FC300274
:1015000001EC0700003F74FD300201F0070000A964
:1015100074FE300200000000007875FF3002019771
:101520000B00003F74003102019B0B0000A9740105
:101530003102000000000078750531020100000052
:10154000006C7506310201C50B0000D5730731022E
:101550000009020000547508310201000000002457
:10156000770931020000000000C6722231020087B4
:101570000600008A7323310200890600008A732462
:10158000310200000000004075253102000A02000F
:10159000008A7326310201260A00003F74273102B7
:1015A000012A0A00003F74283102012E0A00003F80
:1015B00074293102008B06000054752A31020000A4
:1015C00000000015772B3102000000000028752C68
:1015D0003102000C0200008A732D3104010000006A
:1015E000002D762F31040100000000F17531310427
:1015F0000100000000B57533311800980200006347
:10160000764B31180000000000C076633110008B6B
:1016100002000063767331020000000000836D74E5
:1016200031020000000000846D75311800000000D8
:10163000009A768D311800000000008976A53118D7
:1016400000000000007876BD3102000000000003B9
:101650009300400201000088170F75014020028CA2
:10166000067D1AAB76214002000802596D3E7322B6
:101670004002000000132300752340020000004BCD
:1016800023F67400500200000000009D7501500018
:101690000000007D170000000000000000000000B6
:1016A000004E6F7420616C6C6F7765642077686999
:1016B0006C652069646C65004E6F7420616C6C6FA2
:1016C00077656420647572696E67207072696E74E4
:1016D000004E6F205344204361726420446574655A
:1016E000637465640043616E6E6F7420656E74652B
:1016F00072207375626469723A20004E6F206669C9
:101700006C652073656C6563746564004D323500EB
:10171000526573756D65005549205061757365009C
:10172000726573756D65004D323400436F6F6C697F
:101730006E672E2E2E004D3530300047323900486E
:101740006F6D696E672072657175697265640054AA
:10175000656D706572617475726520746F6F206C51
:101760006F77004732385A004732385859004732AD
:101770003858595A00486F6D696E672E2E2E0045F5
:101780007865637574696E6720636F6D6D616E64F3
:101790002E2E2E004D353030004D353032004D3577
:1017A000303000504944206175746F74756E696EF5
:1017B000672E2E2E004D3330334325644525645368
:1017C00025645531004265642050494420646973A2
:1017D00061626C6564004D313030304300496E7693
:1017E000616C6964207265636F76657279206461EB
:1017F0007461004D31303030004275737900BD3175
:10180000000033314B3163317331743175318D31B7
:10181000A531000023400000224000002B312C3174
:1018200021402D312F31313100002A31000001409B
:10183000000026312731283129310000FF300031E6
:10184000243125310000223123310000FF300031E6
:10185000FC30FD30083109310000FF300031FC3030
:10186000FD30000006310731000005310000004066
:101870000000FF3000310131FC30FD30FE3000004F
:10188000FF300031FC30FD300000FF300031FC3013
:10189000FD30E630E830005000000031FD300040FF
:1018A000F830F93006310000FF300031FC30FD30F7
:1018B000E630E830F730BE310000203025304530CA
:1018C00065308530A530C530C6300000FF300031AE
:1018D000FC30FD300000029278036293046E930A9C
:1018E0005C9B0BF09A0CBC9A0D7B720E9E6D0F9355
:1018F0006D10DF9A11A29A13896D16856D00000094
:1019000001CC1802BA1803A818049A18058A1806F8
:101910008018077218086E18096A180B64180C5A98
:10192000180D4C180E46180F3C18103218112E18AE
:10193000122A18131C18141818151418160218F95E
:10194000FE1700000047305A313000473238004758
:1019500032380047305A30004730582564592564E2
:101960000047305A340047323800486F6D696E675F
:101970002E2E2E0042757379004457494E2047554C
:10198000492F4F53207570646174652072657175BD
:1019900069726564002564782564782564002D00EB
:1019A0002D002D004D3530300050726F62696E672A
:1019B000206661696C65640050726F62696E6720B1
:1019C0007375636365737366756C0063616E6365DD
:1019D0006C005072696E742041626F7274656400AD
:1019E0004469736D6973730055492041626F727465
:1019F0006564006F70656E00545249474745524513
:101A000044003A200066696C616D656E74007A5F0F
:101A10006D696E00795F6D696E00785F6D696E004B
:101A20005265706F7274696E6720656E6473746F4F
:101A300070207374617475730A0020746F6F206C6A
:101A40006F6E6720657874727573696F6E2070723F
:101A50006576656E7465640A0020636F6C6420654A
:101A60007874727573696F6E2070726576656E74C6
:101A700065640A00486F6D6520257320466972739E
:101A8000740000000000000000000000000057612A
:101A9000726E696E673A20486F6D696E6720427595
:101AA0006D702044697669736F72203C20310A00A2
:101AB00002020400009643000096430000C8430061
:101AC00000A0400000A0400000004000009643003D
:101AD0000096430000C84300000000000000000022
:101AE000000000454550524F4D20777269746520C3
:101AF0006661696C65640053657474696E67732010
:101B000053746F72656400290A00206279746573EA
:101B10003B20637263200053657474696E677320A1
:101B200053746F726564202800204D61726C696E79
:101B30003D563930290A00454550524F4D207665B3
:101B40007273696F6E206D69736D617463682028AC
:101B5000454550524F4D3D00454550524F4D206434
:101B600061746173697A65206572726F722E0A0002
:101B70004572723A20454550524F4D204352430022
:101B8000202863616C63756C6174656429210A00A7
:101B900020213D2000454550524F4D2043524320C7
:101BA0006D69736D61746368202D202873746F7282
:101BB0006564292000454550524F4D20436F727295
:101BC0007570740A002053697A653A2000496E6482
:101BD00065783A200053746F72656420736574747D
:101BE000696E67732072657472696576656400203A
:101BF00062797465733B2063726320002073746F95
:101C00007265642073657474696E6773207265749D
:101C1000726965766564202800454550524F4D2015
:101C200072656164206661696C6564004545505267
:101C30004F4D20496E697469616C697A65640A0068
:101C4000454550524F4D20496E697469616C697AFF
:101C5000656400454550524F4D20726573657400B0
:101C600048617264636F6465642044656661756C85
:101C7000742053657474696E6773204C6F6164657A
:101C8000640000009643000096430000A04000005E
:101C9000C8410000A0420000A0420000C84300006C
:101CA000C842B80B0000B80B000064000000102709
:101CB000000024F4D43050C38D20C3A24117828B7E
:101CC0007011127A900D826CDA0AA861E108C75887
:101CD0006607615142061F4B5E05C145A6041B41C4
:101CE0001204093D9703723931034136DB02663332
:101CF0009202D4305302812E1D02642CEE01762A0A
:101D0000C501B128A101102781018F2564012B2471
:101D10004A01E1223401AD2120018D200C01811FF7
:101D2000FC00851EED00981DDF00B91CD200E71BEA
:101D3000C700201BBB00651AB200B319A9000A191D
:101D4000A0006A189800D217920040178A00B616B1
:101D5000840032167E00B41579003B157400C71458
:101D60006F0058146A00EE13660088136200261391
:101D70005E00C8125B006D12570016125500C111AB
:101D8000510070114E0022114C00D61049008D10E8
:101D900046004710450002104200C00F4000800F6F
:101DA0003E00420F3C00060F3A00CC0E3900930E65
:101DB00037005C0E3500270E3400F30D3200C10DE4
:101DC0003100900D2F00610D2F00320D2D00050DFB
:101DD0002C00D90C2A00AF0C2A00850C28005D0CC1
:101DE0002800350C27000E0C2500E90B2500C40B3C
:101DF0002400A00B23007D0B22005B0B21003A0B7B
:101E00002100190B2000F90A1F00DA0A1F00BB0A83
:101E10001E009D0A1D00800A1C00640A1C00480A5E
:101E20001C002C0A1B00110A1A00F7091A00DD0910
:101E30001900C4091900AB091800930918007B099F
:101E40001700640917004D0917003609160020090C
:101E500015000B091500F6081500E1081500CC085F
:101E60001400B8081400A4081300910813007E0899
:101E700013006B08120059081200470812003508B9
:101E80001200230811001208110001081000F107C8
:101E90001100E0071000D0071000C0070F00B107C5
:101EA0001000A1070F0092070F0083070F007407AF
:101EB0000E0066070E0058070E004A070E003C078A
:101EC0000E002E070D0021070D0014070D00070757
:101ED0000D00FA060D00ED060C00E1060D00D4061B
:101EE0000C00C8060C00BC060C00B0060B00A506D2
:101EF0000C0099060B008E060B0083060B0078067B
:101F00000B006D060B0062060B0057060A004D061B
:101F10000A0043060B0038060A002E060A002406B3
:101F200009001B060A0011060A0007060900FE0543
:101F30000A00F4050900EB050900E2050900D905CE
:101F40000900D0050900C7050800BF050900B6054E
:101F50000900AD050800A50508009D0508009505C8
:101F600009008C050800840508007C05070075053C
:101F700008006D050800650507005E0508005605A8
:101F800007004F0508004705070040050700390511
:101F90000700320507002B050700240507001D0573
:101FA0000700160507000F050600090507000205D2
:101FB0000600FC040700F5040600EF040700E8042F
:101FC0000600E2040600DC040600D6040600D00485
:101FD0000700C9040500C4040600BE040600B804D6
:101FE0000600B2040600AC040600A6040500A10425
:101FF00006009B04050096040600900405008B046F
:10200000060085040500800405007B0405007604B5
:102010000600700405006B040500660405006104F9
:1020200005005C04050057040500520405004D043A
:10203000050048040400440405003F0405003A0478
:10204000040036040500310405002C0404002804B3
:102050000500230404001F0405001A0404001604EC
:102060000400120405000D04040009040400050422
:10207000040001040500FC030400F8030400F40359
:102080000400F0030400EC030400E8030400E4038C
:102090000400E0030400DC030400D8030400D403BC
:1020A0000300D1030400CD030400C9030400C503E9
:1020B000040000000000000000000000000000001C
:1020C00000000000000000000000D1036D64035711
:1020D0000D0347C6023B8B023259022B2E02250903
:1020E0000221E8011CCC011AB201179B01148701DF
:1020F0001374011163010F54010E46010D39010DD6
:102100002C010B21010A17010A0D0109040108FC29
:102110000008F40007ED0007E60007DF0006D9001D
:1021200006D30005CE0006C80005C30004BF0005A5
:10213000BA0004B60004B20004AE0004AA0004A66B
:102140000003A300049F00039C0003990003960072
:10215000039300029100038E00028C0003890002A9
:102160008700038400028200028000027E00027C5D
:1021700000027A0002780002760001750002730006
:10218000027100017000026E00016D00026B00011F
:102190006A000268000167000265000164000163D3
:1021A00000016200026000015F00015E00015D004D
:1021B000015C00015B00015A000159000158000157
:1021C000570001560001550001540001530001520F
:1021D00000015100005100015000014F00014E006C
:1021E000014D00004D00014C00014B00014A000070
:1021F0004A0001490001480000480001470001462B
:102200000000460001450000450001440001430074
:102210000043000142000042000141000041000172
:102220004000004000013F00003F00013E00003E32
:1022300000013D00003D00013C00003C00013B006E
:10224000003B00013A00003A00013900003900006B
:10225000390001380000380001370000370000372E
:102260000001360000360000360001350000350060
:10227000013400003400003400013300003300005A
:102280003300013200003200003200013100003121
:10229000000031000031000130000030000030004B
:1022A000012F00002F00002F00002F00012E000042
:1022B0002E00002E00012D00002D00002D00002D0D
:1022C00000012C00002C00002C00002C00012B0031
:1022D000002B00002B00002B00012A00002A000028
:1022E0002A00002A00002A000129000029000029F4
:1022F0000000290001280000280000280000280014
:102300000028000127000027000027000027000008
:1023100027000126000026000026000026000026D7
:1023200000002600012500002500002500002500F2
:1023300000250000250001240000240000240000E6
:1023400024000024000024000123000023000023B7
:1023500000002300002300002300012200002200CF
:1023600000220000220000220000220000220001C2
:102370002100002100002100002100002100002197
:1023800000002100012000002000002000002000AB
:10239000002000002000002000002000011F00009D
:1023A0001F00001F00001F00001F00001F00001F73
:1023B000000020436F756E7420583A004265640037
:1023C000453100626564002C2073797374656D205B
:1023D00073746F7070656421204865617465725F05
:1023E00049443A20004572723A204D415854454DB7
:1023F00050004D415854454D5020747269676765CF
:102400007265640048656174696E67204661696C35
:1024100065640048656174696E67206661696C6512
:1024200064004572723A204D494E54454D50004D5E
:10243000494E54454D5020747269676765726564F2
:1024400000544845524D414C2052554E4157415938
:1024500000546865726D616C2052756E61776179A8
:1024600000202F002042403A0020403A0020573AF6
:10247000000009121B242D363F48415A536C657EDB
:102480007719100B023D342F265158434A757C674B
:102490006E323B2029161F040D7A7368615E574C1B
:1024A000452B2239300F061D14636A7178474E554B
:1024B0005C646D767F4049525B2C253E3708011ADB
:1024C000137D746F6659504B42353C272E1118030B
:1024D0000A565F444D727B60691E170C053A33281B
:1024E000214F465D546B627970070E151C232A310B
:1024F000384148535A656C777E09001B122D243FE2
:102500003658514A437C756E671019020B343D26CC
:102510002F737A6168575E454C3B3229201F160D98
:10252000046A6378714E475C55222B3039060F14CC
:102530001D252C373E0108131A6D647F7649405BD8
:10254000523C352E2718110A03747D666F5059428C
:102550004B171E050C333A21285F564D447B726998
:10256000600E071C152A233831464F545D626B708C
:102570007900002100240027002A002D00300033BC
:102580000001010000040107010A010000211042BE
:102590002063308440A550C660E770088129914AC5
:1025A000A16BB18CC1ADD1CEE1EFF131121002734C
:1025B000325222B5529442F772D662399318837B15
:1025C000B35AA3BDD39CC3FFF3DEE362244334209C
:1025D000040114E664C774A44485546AA54BB52865
:1025E000850995EEE5CFF5ACC58DD553367226112C
:1025F000163006D776F6669556B4465BB77AA719B5
:10260000973887DFF7FEE79DD7BCC7C448E55886F3
:1026100068A7784008611802282338CCC9EDD98E04
:10262000E9AFF9488969990AA92BB9F55AD44AB78B
:102630007A966A711A500A333A122AFDDBDCCBBF54
:10264000FB9EEB799B588B3BBB1AABA66C877CE45B
:102650004CC55C222C033C600C411CAEED8FFDECA4
:10266000CDCDDD2AAD0BBD688D499D977EB66ED56B
:102670005EF44E133E322E511E700E9FFFBEEFDDF4
:10268000DFFCCF1BBF3AAF599F788F8891A981CAD1
:10269000B1EBA10CD12DC14EF16FE18010A100C2B0
:1026A00030E3200450254046706760B9839893FB5F
:1026B000A3DAB33DC31CD37FE35EF3B1029012F300
:1026C00022D2323542145277625672EAB5CBA5A8AF
:1026D0009589856EF54FE52CD50DC5E234C324A050
:1026E0001481046674476424540544DBA7FAB7993F
:1026F00087B8975FE77EF71DC73CD7D326F23691A0
:1027000006B01657667676154634564CD96DC90E06
:10271000F92FE9C899E9898AB9ABA94458654806EF
:10272000782768C018E1088238A3287DCB5CDB3F9E
:10273000EB1EFBF98BD89BBBAB9ABB754A545A373F
:102740006A167AF10AD01AB32A923A2EFD0FED6C6E
:10275000DD4DCDAABD8BADE89DC98D267C076C648F
:102760005C454CA23C832CE01CC10C1FEF3EFF5D7E
:10277000CF7CDF9BAFBABFD98FF89F176E367E55DF
:102780004E745E932EB23ED10EF01E7C3C3E5E2B0C
:102790003D3F2F5B5D3B2C2A225C005761726E69C6
:1027A0006E673A005344204361726420496E697435
:1027B000204661696C0053442063617264206F6B32
:1027C0000A006F70656E526F6F74206661696C6588
:1027D000640A00766F6C756D652E696E697420668B
:1027E00061696C65640A004E6F2053442063617216
:1027F000640A000A4D3234004D3233202573002E16
:102800000A006F70656E206661696C65642C2046F5
:10281000696C653A200046696C652073656C656378
:102820007465640A002053697A653A200046696C31
:1028300065206F70656E65643A2000454E442053F4
:102840005542524F5554494E450A002220706F732D
:10285000002220706172656E743A22005355425214
:102860004F5554494E452043414C4C20746172678A
:1028700065743A220053756263616C6C204F766513
:1028800072666C6F77004578636565646564206D7A
:10289000617820535542524F5554494E4520646546
:1028A0007074683A002E0A0044656C6574696F6E36
:1028B000206661696C65642C2046696C653A20006D
:1028C00046696C652064656C657465643A0057728E
:1028D0006974696E6720746F2066696C653A2000C0
:1028E000667265736800646F696E67002066696C64
:1028F000653A20004E6F7720002F6175746F256355
:102900002E67002001400130013B0140013601608B
:1029100001310170012C0190012701B0012201C099
:10292000011D01F00118011002130130020E0160B7
:1029300002090190020401C002FF000003FA0040F6
:1029400003F5008003F000D003EB002004E60070E4
:1029500004E100E004DC004005D700C005D20040DF
:1029600006CD00D006C8008007C3003008BE00F0C6
:1029700008B900C009B400B00AAF00B00BAA00D07B
:102980000CA500000EA000500F9B00C01096005038
:1029900012910000148C00C0158700B0178200B09F
:1029A000197D00D01B7800001E730040206E00903F
:1029B000226900F024640040275F0090295A00E05B
:1029C0002B5500102E500020304B0010324600E0F6
:1029D00033410090353C001037370070383200A08A
:1029E000392D00B03A2800A03B2300603C1E0010A7
:1029F0003D1900903D1400103E0F00703E0A00C0CB
:102A00003E0500003F0000403FFBFF803FF6FFC057
:102A10003FF1FF2020506C616E6E657242756666F4
:102A2000657242797465733A2000204672656520AC
:102A30004D656D6F72793A200020436F6D70696C3F
:102A400065643A2053657020313420323032360AC2
:102A500000204C61737420557064617465643A2081
:102A6000323032362D30392D3038207C204175748B
:102A7000686F723A2053796C3231202B20436C619D
:102A80007564650A004D61726C696E2062756766D7
:102A900069782D322E312E780A0020536F667477B4
:102AA0006172652052657365740A00205761746312
:102AB00068646F672052657365740A002042726F04
:102AC000776E206F75742052657365740A00204517
:102AD000787465726E616C2052657365740A00507B
:102AE0006F77657255700A0073746172740A0047DB
:102AF00032385859004D31303031006572726F7282
:102B00002077726974696E6720746F2066696C65DE
:102B10000A00446F6E6520736176696E672066698E
:102B20006C652E0A004D323900456E6473746F7007
:102B3000730025532025632025632025632025630A
:102B400000205A3A0020593A0020583A00656E6435
:102B500073746F7073206869743A2000000022005B
:102B6000250028002B002E00310034000201000057
:102B7000050108010B0105050505070508080808FA
:102B8000020202020A0A0808040404040101010105
:102B90000101010103030303030303030407070700
:102BA0000C0C0C0C0C0C0C0C0202020206060606A5
:102BB000060606060B0B0B0B0B0B0B0B0102102072
:102BC0002008081020401020408002010201080463
:102BD00002010102040810204080804020100804F7
:102BE0000201800402018040201008040201080450
:102BF0000201010204081020408001020408102094
:102C0000408000000A0B02090C0D0E0807030401A6
:102C100000000000000000000000000000000000B4
:102C20000000000000000000000000000000121181
:102C30001000000000000000000000000000000084
:102C4000000000000000000000486F6D696E672002
:102C50004661696C656400FFFFFF205A3A2000203E
:102C6000793A200042656420583A200050726F6221
:102C7000696E67204661696C65640A0050726F6214
:102C8000696E67204661696C65640043616E6E6FB2
:102C900074206F70656E20737562646972200052D3
:102CA0004553554D45204F5054494F4E533A0048D7
:102CB000656174696E672E2E2E000000436C696397
:102CC0006B20746F20686561740000005265737535
:102CD0006D696E672E2E2E00000050757267696E4A
:102CE000672E2E2E0000004C6F6164696E672E2ED9
:102CF0002E000000496E7365727420616E6420437B
:102D00006C69636B000000436C69636B20746F2017
:102D1000636F6E74696E7565000000456A65637463
:102D2000696E672E2E2E000000506C656173652061
:102D3000776169742E2E2E0000005061726B696EEF
:102D4000672E2E2E000000220A00556E6B6E6F77E4
:102D50006E20636F6D6D616E643A2022006F6B00B0
:102D600057616E68616F204439204D4B32205265A7
:102D70006164792E005072696E74696E672E2E2E12
:102D8000005072696E7420506175736564004572FD
:102D9000726F722077726974696E6720746F204554
:102DA0004550524F4D210A00DB0FC93F45BCDA3F69
:102DB0008FB30240FCF0274056946140FE4B9B408D
:102DC00084A5D840E0231841346A5641E859974118
:102DD00064DBD5416E271742B4B75542CE1A9742ED
:102DE000C8AED542B5885A43D40684BFA65FA7BFF4
:102DF0007443E0BF10B11AC01C2C58C0E8F697C04D
:102E0000B849D6C04E4E17C124D355C1802497C1AE
:102E1000A0B5D5C1121A17C244AE55C2781797C2D1
:102E20006CACD5C267885AC320746F6F206C6F6E0C
:102E30006720657874727573696F6E20707265763D
:102E4000656E7465640A0020636F6C642065787435
:102E5000727573696F6E2070726576656E746564E5
:102E60000A0020453A00205A3A0020593A00583AC0
:102E7000000095DF77DF11241FBECFEFD1E2DEBF68
:102E8000CDBF00E00CBF84B780933E1714BE0FB6D1
:102E9000F894A895809160008861809360001092FA
:102EA00060000FBE14E0A0E0B2E0E0E3FCEE01E061
:102EB0000BBF02C007900D92A83FB107D9F727E1D9
:102EC000A8EFB4E001C01D92AE33B207E1F717E1FD
:102ED000CAE3D7E100E006C021970109802FFE0177
:102EE0000E948BF2C933D10780E00807A9F70E943E
:102EF000D0E00C9407F60C9400008091AD068F5F33
:102F00008093AD068A3018F080EF80936C090895A5
:102F1000CF93FC01808191818115904429F5FB01BB
:102F2000C1816C2F70E090E080E00E94E7EB20E030
:102F300030E048EC52E40E94CDF418160CF4C4E6DC
:102F40002C2F30E0AFEFB0E00E9455F224E630E0E5
:102F500040E050E00E942FF22F3F310519F010F0B1
:102F60002FEF30E020932012CF9108951092360772
:102F700081E0809338070895FB0181818F3F19F02C
:102F8000882381F008952CE330E030930D022093E4
:102F90000C028093B00685E08093080281E0809364
:102FA0003807089588EC90E090930D0280930C020E
:102FB0001092B006F0CFFB018181811103C086E140
:102FC00080936C090895FB01818180938B0681E0D9
:102FD000809338070895FB01808191819827892784
:102FE0009827893C910510F088EC90E090930B02B3
:102FF00080930A0281E0809338070895FB01818164
:1030000091E0980F923028F48093100281E0809331
:1030100038070895FB0181818093090281E0809344
:1030200038070895CF92DF92EF92FF92CF93DF930C
:10303000FB01C081D181DC27CD27DC27BE010D2E0D
:10304000000C880B990B0E94E9EB6B017C0120E0DE
:1030500030E040E251E40E94E3EB87FD0DC020E048
:1030600030E04AEF53E4C701B6010E94CDF41816D0
:103070002CF4C4EFD1E002C0CAE0D0E0D093120239
:10308000C093110281E080933807DF91CF91FF90C8
:10309000EF90DF90CF900895CF93DF93C091F0072A
:1030A000D091F10781E0CE31D105E4F020E030E0AD
:1030B00040E05FE36091EC077091ED078091EE07CF
:1030C0009091EF070E94A6F20E94EAF36C1B7D0B21
:1030D00077FF03C071956195710981E063307105D7
:1030E0000CF080E0DF91CF91089587FD26C081111B
:1030F00011C08091B80A2091B90A8217F1F0E22F2D
:10310000F0E0E854F54F828190E02F5F2F77209315
:10311000B90A0895813089F48091360A2091370ADE
:10312000821759F0E22FF0E0EA5CF54F828190E0DF
:103130002F5F2F772093370A08958FEF9FEF089521
:10314000CF93DF93DB01F9019C919130C1F0943072
:1031500080F094509C938830D1F4808191810097C5
:1031600071F0019791838083480F591FEA011882FB
:1031700006C08C3539F49C5F9C93943041F4DF9108
:10318000CF9108958B3339F781E08C93F8CF20816C
:103190003181B9016F5F7F4F71836083420F531F8D
:1031A000EA018883808191818F3591056CF7E7CFA3
:1031B0000F931F9381E00091760B1091770B209174
:1031C000780B3091790B4091720B5091730B609199
:1031D000740B7091750B041715072607370708F451
:1031E00080E01F910F91089590E080E00895209174
:1031F0006312833021F425FD0CC024FD0CC030E0A7
:10320000A90102C0559547958A95E2F7CA018170D8
:10321000089581E0089580E008950F931F93CF9360
:10322000DF93EC0101E719E0F8012081318142814F
:103230005381688179818A819B810E94A6F268838B
:1032400079838A839B83F801248135814681578164
:103250006C817D818E819F810E94A6F26C837D832B
:103260008E839F83F801208531854285538568854B
:1032700079858A859B850E94A6F2688779878A87E7
:103280009B87DF91CF911F910F91089580915006F8
:1032900084FD0BC08091520687FD07C090915306B4
:1032A000937081E019F480E0089581E008952FEB98
:1032B000280F2A3108F047C0E22FF0E08091500635
:1032C00090915106A0915206B091530604C0B69554
:1032D000A795979587952A95D2F780FD02C08170B2
:1032E0000895EE59FA4FE081EE2341F1809187096C
:1032F00090918809E80FF92FF11D808190ED980FCA
:103300009A3030F08E3251F4818180538A3098F4B3
:10331000F0935905E093580581E008958D3211F03E
:103320008B3249F4818190ED980F9A3088F38E3278
:1033300011F48281EACFF0E0E0E0EACF1092590583
:1033400010925805E9CF80E00895B1DF882341F05D
:1033500081E02091580530915905232B09F480E034
:1033600008950F931F93CF93DF93C82FD0E0FE01F2
:10337000EE0FFF1FE95EFD4F71836083CC0FDD1FF1
:10338000CC0FDD1F8E010B5A1D4F072E000C880B32
:10339000990B0E94E9EB2AE037ED43E25CE30E94DF
:1033A00048ECC25BD84F288139814A815B810E94F9
:1033B00048ECF8016083718382839383DF91CF911E
:1033C0001F910F910895FC01808191818B30904273
:1033D00059F4FB016081718176276727762780E0A9
:1033E000C0DF81E0809338070895809152078111F2
:1033F0000EC020911D0230911E022150310981E042
:1034000040919B0B50919C0B421753070CF080E0AE
:10341000089591E0909354069091D10095FD0CC0D1
:103420009091D00095FF08C08093D6008091D00085
:1034300080648093D0000895209155062F5F2F72ED
:103440000FB607FC27C090915606921328C09091A2
:10345000D00095FF1EC090915606409155069413DA
:1034600006C09091D1009F7D9093D10012C0E92FAA
:10347000F0E0EB5AF94F32819F5F9F723093D60094
:10348000909356063091D00030643093D0004917A5
:1034900041F3D9CF90915606921301C0FBCFE09132
:1034A0005506F0E0EB5AF94F828320935506809140
:1034B000D10080628093D10008950F931F93CF9322
:1034C000DF93EC01162F042F8AE5A3DF85EAA1DF45
:1034D00083E0800F9EDF812F9CDF8D2F9ADF8C2F62
:1034E000DF91CF911F910F9194CF40E355E760E0BA
:1034F00070E089EF97E10C944A94FC0142814423E7
:1035000039F084819581009719F050E00C9489F589
:103510000895CF93FB01C181C13031F40E94F5922F
:10352000811104C0C0933807CF9108950E94B391D0
:10353000F9CFCF93DF93EB010E94299481110AC048
:1035400040E355E760E070E089EF97E1DF91CF91CC
:103550000C944A94888199819827892798272091EB
:10356000B0062F3F29F02223A9F0DF91CF910895D3
:103570008536910514F084E690E08530910514F4C9
:1035800085E090E090930D0280930C0281E080939F
:103590003807EBCF863F910584F385EF90E0EDCFC0
:1035A000ECE8F6E081E2DF011D928A95E9F781E01F
:1035B000809338070895CF93FB0180918B0681306B
:1035C00029F050F1823019F1CF91089560E070E058
:1035D00080E89FE32181223069F118F5222319F058
:1035E0009058213089F7C0E024E0C29FF0011124F7
:1035F000EA5DF54F20813181428153810E94A6F21C
:103600004C2F0E9478C881E080933807DDCF6DECA5
:103610007CEC8CEC9DE3DECF60E070E080E291E436
:10362000D9CF243021F028F09058253069F6C2E037
:10363000DBCF9058C1E0D8CFCF93DF93EC01FB01F3
:1036400060817181762767277627072E000C880B0B
:10365000990B0E94E9EB20E030E040E251E40E9447
:1036600082F3288139812132F0E23F0749F022328A
:1036700040E2340771F02032304241F440E001C0B2
:1036800041E00E9478C881E080933807DF91CF91B4
:10369000089542E0F6CF8F929F92AF92BF92CF9261
:1036A000DF92EF92FF92CF93DF9380916F09877043
:1036B000873091F040E355E760E070E08FE397E1F9
:1036C000DF91CF91FF90EF90DF90CF90BF90AF90C0
:1036D0009F908F900C944A94EB010E942994811141
:1036E00007C040E355E760E070E089EF97E1E8CF7D
:1036F0008981833009F454C0B8F4813009F466C07C
:10370000C12CD12C60EFE62E61E4F62E823009F454
:103710005AC0DF91CF91FF90EF90DF90CF90BF9094
:10372000AF909F908F900895843009F446C0C12CCB
:10373000D12C97E8E92E93E4F92E812C912C20EFDF
:10374000A22E21E4B22E853021F720E030E040E8BF
:1037500050E460912E0A70912F0A8091300A909166
:10376000310A0E94A6F242E00E9478C840E0C501FA
:10377000B4010E9478C841E0C701B6010E9478C830
:1037800042E060E070E0CB01DF91CF91FF90EF90DD
:10379000DF90CF90BF90AF909F908F900C9478C89F
:1037A000C12CD12C40EFE42E41E4F42E812C912C3D
:1037B00057E8A52E53E4B52EC8CFC12CD12C37E83D
:1037C000E32E33E4F32E46015701BFCFC12CD12C99
:1037D00086E1E82E83E4F82EF6CFCF93DF93EB015A
:1037E0000E94299481110AC040E355E760E070E02F
:1037F00089EF97E1DF91CF910C944A948091100268
:103800008F5F8230E0F420E030E04AE253E46091E0
:10381000970B7091980B8091990B90919A0B0E9445
:10382000E3EB87FF07C040E355E760E070E08FE41B
:1038300097E1E0CF8981882329F0813039F1DF9148
:10384000CF91089560910A0270910B0290E080E0A0
:103850000E94E7EB9B01AC016091320A7091330A40
:103860008091340A9091350A0E94A5F26093320A41
:103870007093330A8093340A9093350A60E070E0C5
:1038800080E090E4DF91CF910C94A68A60910A02C7
:1038900070910B0290E080E00E94E7EB2091320AE9
:1038A0003091330A4091340A5091350A0E94A6F2B1
:1038B000DDCFCF93DF93EB010E94299481110AC0E1
:1038C00040E355E760E070E089EF97E1DF91CF9149
:1038D0000C944A94898190910902923029F0933096
:1038E000C1F0DF91CF910895882371F06DEC7CECED
:1038F0008CEC9DEB0E941AC90E941BCB0E943B944A
:1039000081E080933807EDCF6DEC7CEC8CEC9DE38F
:10391000F1CF882329F06AE077ED83E29CEBEACFD0
:103920006AE077ED83E29CE3E5CFCF93DF93EB0191
:103930000E942994811103C0DF91CF91D6CD688177
:103940007981762767277627072E000C880B990B3D
:103950000E94E9EB20E030E048EC52E40E9482F360
:103960002091C50B3091C60B4091C70B5091C80BED
:103970000E94A5F20E941AC90E941BCB0E943B9490
:1039800081E080933807DF91CF910895FB01818119
:10399000882319F0813079F008956AE077ED83E2A9
:1039A0009CE30E941AC90E941BCB0E943B9481E0B9
:1039B0008093380708956AE077ED83E29CEBF1CFBE
:1039C000FB0160817181762767277627072E000C1F
:1039D000880B990B0E94E9EB20E030E048EC52E4C0
:1039E0000E9482F32091C50B3091C60B4091C70B0A
:1039F0005091C80B0E94A5F20E941AC90E941BCBCD
:103A00000E943B9481E0809338070895FB018181F7
:103A1000813031F0823039F081E0809338070895A9
:103A20000E945E7DF9CF0E94367DF6CFCF93FB01D9
:103A3000C181C13051F40E94DB92811108C00E9403
:103A4000F592811104C0C0933807CF910895CF91AA
:103A50000C94B391CF93FB01C181C13031F40E942A
:103A6000DB92811104C0C0933807CF91089540E1E3
:103A700057E167E177E184E00E94AAC481E89DE212
:103A80000E9476C18CE097E190932A0980932909DE
:103A9000ECCF80910E0290910F0297FF08C040E397
:103AA00055E760E070E08BEF96E10C944A940E9439
:103AB000C9D2882381F080917A0B85FD0CC00E94C9
:103AC0002994811101C011CD89E899E00E9408CCA8
:103AD00083E080936C090895CF93DF93FB0181818C
:103AE0008130D1F040F0823019F181E080933807C5
:103AF000DF91CF91089580917A0B86FDF9CF1092D6
:103B0000AF061092AE068FEF9FEF90930F02809357
:103B10000E020E94D3CBE9CF8091AE069091AF0602
:103B2000009731F301979093AF068093AE06DDCFF7
:103B3000C091AE06D091AF0626960E947BD28C171C
:103B40009D07B0F28091AE069091AF060196EBCF43
:103B50001F93CF93DF93EC01FB0111818881998141
:103B60008130904289F480917A0B84FD0BC040E350
:103B700055E760E070E081ED96E1DF91CF911F9114
:103B80000C944A940E94BCCB8881998182309042E7
:103B900079F40E94DB92882339F040E355E760E036
:103BA00070E088EB96E1E9CF0E94F5928111F5CFA4
:103BB000888199818330904231F010936C09DF91B4
:103BC000CF911F9108950E94DB928111F6CF0E9440
:103BD000F5928111F2CF40E355E760E070E081EAB1
:103BE00096E1CBCFFC0101900020E9F79F01215025
:103BF0003109281B390B2F33310540F4FC01E20F4A
:103C0000F31F60832E33310509F011820895CF939D
:103C1000DF93EC0140E450E00E94DDEACE01DF9149
:103C2000CF910895AB01BC014093760B5093770B75
:103C30006093780B7093790B83E894E10C9433CE06
:103C4000EF92FF920F931F93CF93DF93CDB7DEB721
:103C500064970FB6F894DEBF0FBECDBF7C01FB01A9
:103C600060817181828193818E010F5F1F4F24815A
:103C700041E00E940FE7F70101900020E9F79F0162
:103C8000215031092E193F092E31310550F44FE1F1
:103C900050E0421B530BBC01C701820F931F0E94CF
:103CA0002CEBC70164960FB6F894DEBF0FBECDBFF4
:103CB000DF91CF911F910F91FF90EF900895CF93D7
:103CC000DF93EC01FC0101900020E9F7CF0101979F
:103CD0008C1B9D0B8F33910540F440E450E0481B52
:103CE000590B8C0F9D1F0E942CEBCE01DF91CF91C1
:103CF0000895EF92FF920F931F93CF93DF93CDB769
:103D0000DEB764970FB6F894DEBF0FBECDBF7C015F
:103D1000FB0160817181828193818E010F5F1F4F52
:103D2000248141E00E940FE7BC01C701C8DF64960F
:103D30000FB6F894DEBF0FBECDBFDF91CF911F91BC
:103D40000F91FF90EF9008950C940EC0682F70E0D3
:103D500090E080E00C94F5C0809158059091590551
:103D6000009731F04AE050E070E060E00C94AFE979
:103D700060E070E0CB01089580915805909159055D
:103D8000009731F04AE050E070E060E00C9482E887
:103D900060E070E0CB010895EFDF97FD0AC0ECDF33
:103DA0006F3F71058105910509F02CF4E5DF862F41
:103DB000089580E008958FEF0895CF93C62FC5DA58
:103DC000882311F0CF91E8CF8C2FCF910895809167
:103DD000580590915905892B39F0DEDF91E081116A
:103DE00001C090E0892F089591E0FCCFCF93DF933D
:103DF000C82FD62FAADA882319F0DF91CF91E7CF09
:103E00008C2F55DA811101C08D2FDF91CF9108954C
:103E1000B3DFCB010895CF93DF93EB0196DA8823CC
:103E200019F0DF91CF91F4CFCE01DF91CF910895BA
:103E30000F931F93CF938091580590915905009748
:103E400009F1FC018F01C1912C2F2F7DA1F0C53408
:103E500031F0C53621F0C83511F0C83799F7F801AF
:103E6000108270E060E00E942CE7F801C083CF91DF
:103E70001F910F91089570E060E0CF911F910F9115
:103E80000C942CE760E070E0CB01F1CFCF92DF9291
:103E9000EF92FF926A017B0158DA882329F0FF90A4
:103EA000EF90DF90CF90C4CFC701B601FF90EF90A5
:103EB000DF90CF9008954F925F926F927F92AF9272
:103EC000BF92CF92DF92EF92FF920F931F93CF9307
:103ED000DF938FE0A82E84E0B82E06E21AE0CEE34E
:103EE000D7E091E7C92E99E0D92EF12CF501819107
:103EF0005F012BDA882321F08091D309882351F0C8
:103F0000F80180819181A281B38188839983AA83FA
:103F1000BB8315C08DDF2B013C018F2D68D9882311
:103F200009F463C0F8012081318142815381C301CA
:103F3000B2010E94A6F2688379838A839B83F394FB
:103F40000C5F1F4F2496F4E0CF0ED11C83E0F812D3
:103F5000CDCF85E4FAD9882309F451C069DF6B011C
:103F60007C0183E044D9882371F02091320A30919A
:103F7000330A4091340A5091350AC701B6010E94B4
:103F8000A6F26B017C01C0924A07D0924B07E092E7
:103F90004C07F0924D0740E050E0BA0186E476DF2E
:103FA00020E030E0A9010E94CDF418167CF440DF37
:103FB00020E030E040E752E40E9482F36093130275
:103FC000709314028093150290931602DF91CF91A3
:103FD0001F910F91FF90EF90DF90CF90BF90AF9027
:103FE0007F906F905F904F900895F601208131810E
:103FF00042815381C301B2010E94A5F29CCF8091FE
:10400000320A9091330AA091340AB091350A809314
:104010004A0790934B07A0934C07B0934D07BBCF33
:1040200080916B09833018F046DF0C94EDA8089559
:10403000EF92FF920F931F93CF93DF93CDB7DEB72D
:104040002C970FB6F894DEBF0FBECDBF7C017F93D7
:104050006F9381EE94E09F938F938E010F5F1F4FBC
:104060001F930F930E94D7F5B801C70128DE0F9068
:104070000F900F900F900F900F902C960FB6F89412
:10408000DEBF0FBECDBFDF91CF911F910F91FF908B
:10409000EF900895EF92FF920F931F93CF93DF93CA
:1040A000CDB7DEB7A4970FB6F894DEBF0FBECDBF75
:1040B000F82E8093D5098FE18F1508F489C080917F
:1040C000D409F81624F081E08F0D8093D40981E0A3
:1040D00090E00F2C02C0880F991F0A94E2F7092E76
:1040E000000CAA0BBB0B4091D6095091D7096091E7
:1040F000D8097091D90984239523A623B72321E0F9
:10410000892B8A2B8B2B09F420E02093D309F7FC11
:1041100062C04FE150E062E575E08E010F5F1F4F16
:10412000C8010E94DDEAF80101900020E9F7CF0103
:104130000197801B910B8E31910560F420E2F8010C
:10414000E80FF91F20838D31910521F08C0F9D1F01
:10415000FC0112828F2D0F2C000C990B9F93FF9264
:1041600081EE94E09F938F937E01F0E2EF0EF11CBD
:10417000FF92EF920E94D7F5F80101900020E9F735
:10418000CF010197801B910B0F900F900F900F9014
:104190000F900F908E31910548F44FE150E0481B8D
:1041A000590BB701800F911F0E942CEB40E060E09B
:1041B000C8010E94DB91A4960FB6F894DEBF0FBE33
:1041C000CDBFDF91CF911F910F91FF90EF90089598
:1041D0001092D3099CCF0E9424C4EDCFCF92DF92DE
:1041E000EF92FF92CF936B017C01C42F80916412F8
:1041F0008F5F09F4CEC08093641280916412809323
:104200001E1320E030E040E752E460911302709109
:10421000140280911502909116020E9448EC0E94AF
:10422000EFF3709376126093751280911102909162
:1042300012029093781280937712809117029091D6
:10424000180290937A1280937912C0927B12D092C6
:104250007C12E0927D12F0927E1280911D13C0FBC1
:1042600080F980931D1387E0E3EDF9E0AFE7B2E159
:1042700001900D928A95E1F78CE0ECE1F9E0A6E877
:10428000B2E101900D928A95E1F78CE0E1E7F9E067
:10429000A2E9B2E101900D928A95E1F78091D407ED
:1042A00090911D1380FB94F990931D13882381F046
:1042B0008091D0079091D107A091D207B091D307F8
:1042C00080939E1290939F12A093A012B093A1127C
:1042D00080919B0B90919C0B9093A3128093A212C0
:1042E0008091F0079091F1079093A5128093A4120A
:1042F000809120128093A61280911D1390919F09A6
:1043000090FB83F980931D138091A0099091A109DE
:10431000A091A209B091A3098093A7129093A8122B
:10432000A093A912B093AA120E94E88F6093181369
:104330007093191380931A1390931B138091631237
:1043400080931C139091DA0980911D1393FB81F9DE
:104350009091520790FB82F980931D1380E00E9498
:1043600068DA40E050E0BA0184E293E10E9433CE83
:104370004BEB50E064E672E184E293E10E9456CF99
:1043800084E293E1CF91FF90EF90DF90CF900C9477
:104390001CD481E030CFAF92BF92CF92DF92EF92E8
:1043A0000F931F93CF935B01C42F122F62E885D820
:1043B000C5010E94F1EA6C018C2F90E0C816D90665
:1043C00020F5C114D10431F1CC19112379F0011178
:1043D00010C010E000E00C151D05E1F0F501E00F44
:1043E000F11F849116D80F5F1F4FF5CF10E0011118
:1043F00007C08C199D09969587951C2F181BC82FEF
:10440000C15030F080E205D8FBCF6C01C0E0E1CFB5
:10441000C12FDFCF10E2E11001C010E0C15020F049
:10442000812F0E94091AFACFCF911F910F91EF901F
:10443000DF90CF90BF90AF900895AF92BF92CF9290
:10444000DF92EF920F931F93CF935B01C42F122F34
:1044500062E833D8F50101900020E9F731976F0148
:10446000CA18DB088C2F90E0C816D90618F5C114BD
:10447000D10429F1CC19112369F001110EC0CA0C25
:10448000DB1CCA14DB04D9F0F50181915F010E94A5
:10449000091AF7CF10E0011107C08C199D099695F4
:1044A00087951C2F181BC82FC15038F080E20E943E
:1044B000091AFACF6C01C0E0E2CFC12FE0CF10E2C1
:1044C000E11001C010E0C15020F0812F0E94091AB4
:1044D000FACFCF911F910F91EF90DF90CF90BF90C7
:1044E000AF900895EF920F93CF93DF93EC0188E4A0
:1044F0009CE20E94BB93209749F0EE24E39401E0F4
:1045000021E040E2BE0180E291E197DF88E49CE295
:10451000009781F0EE24E39401E021E040E2BC0149
:1045200080E491E138DF21E040E268E47CE280E66B
:1045300091E131DF60E083E00E9423C08091370782
:10454000893F11F08093340281E080936D0989EFF7
:1045500080936C09DF91CF910F91EF900895FF92B6
:104560000F931F93CF93DF93F62E072F142F62E83C
:104570000E945D1ACF2DD02F115020F089910E94FA
:10458000091AFACFDF91CF911F910F91FF900895F3
:104590002FEA32E1F901459154914115510571F02D
:1045A0004817590741F4CB014AE050E0B9010E9495
:1045B000B7EA81E00895265F3F4F61F780E00895F4
:1045C000CF93DF931F921F92CDB7DEB7853608F0E9
:1045D00084E6682F70E090E080E00E94E9EB20E044
:1045E00030E04FE753E40E9448EC20E030E048EC34
:1045F00052E40E9482F320E030E0A9010E94A6F27A
:104600000E94D9F46093E4031A821982698342E01C
:10461000BE016F5F7F4F81EA90E0A1DF0F900F90A6
:10462000DF91CF910895FB018181CADF0C943B9407
:10463000CF93DF931F921F92CDB7DEB7853608F078
:1046400084E680931F02682F70E090E080E00E9473
:10465000E7EB20E030E04EEB52E40E9448EC20E033
:1046600030E048EC52E40E9482F320E030E040EA7F
:1046700050E40E94A6F20E94D9F469836A8342E062
:10468000BE016F5F7F4F82E890E069DF0F900F906F
:10469000DF91CF910895FB018181CADF0C943B9497
:1046A0006091E40370E090E080E00E94E7EB20E09E
:1046B00030E048EC52E40E9448EC20E030E04FE764
:1046C00053E40E9482F320E030E0A9010E94A6F2A8
:1046D0000E94D9F4862F089580913407882321F011
:1046E00080913307811109C041E063E88FE090E0D9
:1046F0000E945D1A81E00C94091A08951092D0006E
:104700008091D00082608093D0001092D50080E12B
:104710008093D4008091D10080618093D1008091FA
:10472000D10088608093D1008091D100806880930F
:10473000D1008091D1008F7D8093D10010925406DA
:10474000CBDF80913507882321F081E08093380703
:10475000089561E080E00C94CC93CF93DF93C091F7
:10476000F007D091F107209729F16091EC07709143
:10477000ED078091EE079091EF070E94EAF36E5FDC
:104780007F4F24976C177D07ACF47093D807609324
:10479000D7070E949CCA605A75418F4F9F4F609304
:1047A000D9077093DA078093DB079093DC07DF91DA
:1047B000CF9108951092D9071092DA071092DB0773
:1047C0001092DC07F4CF2F923F924F925F926F923C
:1047D0007F928F929F92AF92BF92CF92DF92EF9291
:1047E000FF920F931F93CF93DF93D62FC72FFC0118
:1047F00080809180A280B380C501B40120E831E5BA
:1048000041E050E00E940DF2C9016DE671E00E94A6
:1048100064F26B017C01C501B40120E13EE040E09F
:1048200050E00E940DF2CA01B90128E130E040E0F9
:1048300050E00E940DF2362E272E062F172F8CE304
:10484000482E512C612C712CC501B401A301920199
:104850000E940DF2B62EA72ECA01B901A301920142
:104860000E940DF2CB01C114D10479F1AF92BF9235
:104870007F936F932F923F92FF92EF92DF92CF92AE
:104880008BEC9FE09F938F93CF93DF930E947CEB01
:104890008DB79EB70E960FB6F8949EBF0FBE8DBF14
:1048A0008D2F9C2FDF91CF911F910F91FF90EF9053
:1048B000DF90CF90BF90AF909F908F907F906F9040
:1048C0005F904F903F902F900895E114F104C9F04C
:1048D000AF92BF927F936F932F923F92FF92EF928E
:1048E0008BEB9FE09F938F93CF93DF930E947CEBA2
:1048F000EDB7FEB73C960FB6F894FEBF0FBEEDBF06
:10490000CFCF012BB9F0AF92BF927F936F932F92CD
:104910003F928FEA9FE09F938F93CF93DF930E9404
:104920007CEB8DB79EB70A960FB6F8949EBF0FBE6C
:104930008DBFB6CF892BA9F0AF92BF927F936F93B3
:1049400087EA9FE09F938F93CF93DF930E947CEB46
:10495000EDB7FEB738960FB6F894FEBF0FBEEDBFA9
:104960009FCFAF92BF9283EA9FE09F938F93CF93A5
:10497000DF930E947CEB0F900F900F900F900F90A1
:104980000F908ECF8F929F92AF92BF92CF92DF9275
:10499000EF92FF920F931F93CF93DF9310927D05B9
:1049A00010927C052FE320938105109280051092D0
:1049B0007F0510927E0510925006109251061092BB
:1049C0005206109253069C01F90190812F5F3F4FD0
:1049D0009032D1F39E34C9F4818190ED980F9A30D2
:1049E00020F08D3211F08B3281F432969F012F5FCF
:1049F0003F4F808180538A3008F44CC09F012F5F65
:104A00003F4F8081803209F447C0F0938809E093DA
:104A100087098F010F5F1F4FC0816AE270E0C801F4
:104A20000E94ACF5009731F0FC0131978081803213
:104A3000E1F31182CD3421F0C43511F0C734E9F42B
:104A4000D8018C910F5F1F4F8032D1F380538A3091
:104A5000A0F4C093810530E020E06AE0FD013196CA
:104A60008C9180532A3999E13907D0F03093800531
:104A700020937F058FE380938105DF91CF911F9174
:104A80000F91FF90EF90DF90CF90BF90AF909F90ED
:104A90008F900895F901AACFF901B0CFDF01DECFE1
:104AA000293999E1390711F4863000F7629FA00196
:104AB000639F500D11249A01280F311D808190EDC4
:104AC000980F9A3058F33093800520937F058E32EB
:104AD00061F4129690E04AE0FD011196808150ED5C
:104AE000580F5A30C0F090937E05DF0131968C91BB
:104AF0008032D9F3CD34F9F42E31310539F088F410
:104B00002731310519F02C313105A9F4B0937D0519
:104B1000A0937C05B2CF949F800D112490ED980F47
:104B2000DBCF2537310538F02737310578F3203AC8
:104B3000E3E03E0759F3D091870940E050E0BA0125
:104B400010E000E0C12CD12C7601C394FD01319618
:104B50008C91882309F47FC08132E1F4CD34D1F403
:104B600020323105B9F440935006509351066093BA
:104B7000520670935306F0937D05E0937C0563E243
:104B800070E0CF010E94ACF5009709F476CFFC01EC
:104B9000108273CF81548A3108F058C0DF019D9193
:104BA000903291F0A0EDA90FAA30E8F09E3271F496
:104BB000918190539A30B8F00115110519F48F01C5
:104BC0000150110990E013C0FD01E8CF9D3211F0B2
:104BD0009B3291F79181A0EDA90FAA3020F09E326F
:104BE00059F79281E6CF9E2F9D1B309759F3A82F3E
:104BF000B0E04601570104C0880C991CAA1CBB1CDC
:104C00008A95D2F7482959296A297B29AE59BA4F82
:104C10009C9380818154DF018A3108F497CFDF01B2
:104C20008191882309F492CF90ED980F9A30B8F3D0
:104C300093ED980F923098F38B3289F3CD01019662
:104C4000EC91E03209F082CFDC01F8CF01151105BB
:104C500001F78D01DECF10937D0500937C05409315
:104C6000500650935106609352067093530605CF39
:104C7000CF93DF93EC018991882319F00E940EC035
:104C8000FACF8DE00E940EC08AE0DF91CF910C94A4
:104C90000EC00C94F5C090917009992321F0682FF3
:104CA00080E00E943E8E80E008951F93CF93DF93B3
:104CB0001BEBC4E6D2E1FE01812F11928A95E9F740
:104CC0000E9448D7882359F0FE0111921A95E9F7FE
:104CD0008EEA94E0DF91CF911F910C948CDADF91F2
:104CE000CF911F91089580916412882361F0909173
:104CF0001E13891308C080917A0B84FF04C08BEACD
:104D000092E10C9481D880E00895FC012381211167
:104D10000C941CD40895CF93DF93C0919B0BD0913A
:104D20009C0B209729F16091970B7091980B8091C3
:104D3000990B90919A0B0E94EAF36E5F7F4F249734
:104D40006C177D07ACF47093FD076093FC070E941D
:104D50009CCA605C73468F4F9F4F6093FE077093B1
:104D6000FF078093000890930108DF91CF91089589
:104D70001092FE071092FF0710920008109201088F
:104D8000F4CFCF93DF93EC018991882319F00E942F
:104D90000EC0FACFDF91CF910895CF93C1E020E00C
:104DA00030E0A90160915B0770915C0780915D071D
:104DB00090915E070E94E3EB811101C0C0E08C2F4F
:104DC000CF910895CF93C82F882319F0E6DF882369
:104DD000C9F080919F098C17A9F00E94887E86E215
:104DE0009AE00E94858080919F0991E089278093B5
:104DF0009F09882321F086E29AE00E94657DCF9189
:104E00000C94888CCF9108950E942994811102C03E
:104E10000C94751A80E0D6DF0E943B9481E0809369
:104E2000380708954F925F926F927F928F929F9270
:104E3000AF92BF92CF92DF92EF92FF920F931F93A8
:104E4000CF93DF93EC0120915307309154074091A9
:104E5000550750915607688179818A819B810E940C
:104E6000A5F26B017C0120915707309158074091C2
:104E7000590750915A076C817D818E819F810E94D4
:104E8000A5F24B015C01A70196016091400570916C
:104E9000410580914205909143050E94E3EB8823F0
:104EA00009F45AC0C0924005D0924105E0924205F3
:104EB000F0924305209138053091390540913A052B
:104EC00050913B05C701B6010E9448EC2B013C0103
:104ED0000E941BF46B017C0120E030E0A9010E94DC
:104EE000E3EB87FD7AC020E030E040E850E4C70102
:104EF000B6010E94CDF4181634F4C12CD12CC0E8B0
:104F0000EC2EC0E4FC2EA7019601C301B2010E9461
:104F1000A5F22B013C0120E030E0A9010E94E3EB67
:104F200087FD5FC040923005509231056092320596
:104F300070923305C701B6010E94EAF360932E0513
:104F4000062E000C770B6F5F7F4F6430710514F0F5
:104F500064E070E060932C05D0912A0510912E0535
:104F6000A501940160914405709145058091460525
:104F7000909147050E94E3EB81113CC0D11394C08E
:104F8000209112053091130540911405509115059B
:104F90006091300570913105809132059091330513
:104FA0000E9448EC20911605309117054091180594
:104FB000509119050E94A6F2DF91CF911F910F9198
:104FC000FF90EF90DF90CF90BF90AF909F908F9029
:104FD0007F906F905F904F900895C12CD12C7601F7
:104FE00092CF109230051092310510923205109236
:104FF0003305A0CF8092440590924505A0924605C6
:10500000B092470520913C0530913D0540913E0509
:1050100050913F05C501B4010E9448EC4B015C0171
:105020000E941BF46B017C0120E030E0A9010E948A
:10503000E3EB87FDFDC020E030E040E850E4C7012D
:10504000B6010E94CDF4181634F4C12CD12CB0E86E
:10505000EB2EB0E4FB2EA7019601C501B4010E941E
:10506000A5F24B015C0120E030E0A9010E94E3EBD6
:1050700087FDE2C08092340590923505A0923605F6
:10508000B0923705C701B6010E94EAF360932F057D
:10509000062E000C770B6F5F7F4F6430710514F0A4
:1050A00064E070E060932D05C0912F05D11305C019
:1050B00080912B058C1709F470C080912E0590917A
:1050C0002F0590932B0580932A050C2E000CDD0BE9
:1050D00025E01203C0011124FC01EC0FFD1FEE0FAF
:1050E000FF1FEE0FFF1FED59F84F208131814281E4
:1050F000538120932605309327054093280550932C
:10510000290500912D05002E000C110BFC01E00F6C
:10511000F11FEE0FFF1FEE0FFF1FED59F84F6081DB
:105120007181828193810E94A5F260932205709320
:105130002305809324059093250520912C0535E0C7
:105140002303F0011124CE0FDF1FCC0FDD1FCC0F86
:10515000DD1FCD59D84F288139814A815B81209349
:105160001E0530931F054093200550932105E00F45
:10517000F11FEE0FFF1FEE0FFF1FED59F84F60817B
:105180007181828193810E94A5F260931A057093C8
:105190001B0580931C0590931D058090340590900D
:1051A0003505A0903605B090370520912205309145
:1051B00023054091240550912505C501B4010E94A5
:1051C00048EC209126053091270540912805509103
:1051D00029050E94A6F26B017C01C0921605D092AF
:1051E0001705E0921805F092190520911A053091E3
:1051F0001B0540911C0550911D05C501B4010E947D
:1052000048EC20911E0530911F05409120055091DA
:1052100021050E94A6F2A70196010E94A5F26093C3
:105220001205709313058093140590931505A8CE6D
:10523000C12CD12C76010FCF109234051092350578
:1052400010923605109237051DCFE0E4F5E080EFAF
:105250009FEFA9E7B4EC84839583A683B78380830B
:105260009183A283B383EAE2F5E08DE981838083B1
:1052700008958F929F92AF92BF92CF92DF92EF925A
:10528000FF92FC0198E0ABE5B7E001900D929A9592
:10529000E1F788E0FB01A3E5B7E001900D928A9564
:1052A000E1F7C0905B07D0905C07E0905D07F0905D
:1052B0005E0720E030E0A901C701B6010E94E3EBE0
:1052C0008823E1F1A701960160E070E080E89FE3A8
:1052D0000E9482F36B017C0180905F0790906007D1
:1052E000A0906107B090620720E030E0A901C501FD
:1052F000B4010E94E3EB882329F1A501940160E049
:1053000070E080E89FE30E9482F3C0923805D0925B
:105310003905E0923A05F0923B0560933C057093A5
:105320003D0580933E0590933F05FF90EF90DF9001
:10533000CF90BF90AF909F908F900895C12CD12CAB
:105340007601CACF60E070E0CB01DFCF8F929F92F1
:10535000AF92BF92EF92FF920F931F93CF93DF9381
:1053600010925707109258071092590710925A0737
:105370001092530710925407109255071092560737
:1053800010925F07109260071092610710926207F7
:1053900010925B0710925C0710925D0710925E07F7
:1053A00003E617E0C0E0812C912C80ECA82E8FE75B
:1053B000B82E7801D0E0F70181929192A192B1923A
:1053C0007F016D2F8C2F0E94949BDF5FD53099F762
:1053D000CF5F0C5E1F4FC53061F7DF91CF911F91FA
:1053E0000F91FF90EF90BF90AF909F908F90089596
:1053F000EFE6F0E0808182608083089580918109EA
:1054000090918209892B79F4809181099091820988
:10541000892B49F4209181093091820981E0232B65
:1054200019F480E0089581E00895CF93DF93EC01B3
:10543000FE0184912196882319F00E94A41EF8CFC2
:10544000DF91CF910895CF93DF93EB01EEDFCE0193
:10545000DF91CF9196CCCF92DF92EF92FF926A01CB
:105460007B01E3DF42E0C701B601FF90EF90DF90E0
:10547000CF900C9489C182E395E0D7CF8CE295E080
:10548000D4CF8AE00C94A41E0F931F93CF938C016A
:10549000C62F85E69CE0C9DFC801C7DF8AE30E940A
:1054A0000EC080E38C0F0E94A41ECF911F910F911C
:1054B000E8CFCF9381E69EE0B8DFE3DFE0915A02C8
:1054C00082E6E89FF0011124E354FD4FC08160E0C3
:1054D00081E59EE0D9DF60E08CE39EE0D5DF61E00E
:1054E00085E39EE0D1DF61E08AE29EE0CDDF60E00F
:1054F0008BE19EE0C9DF61E08BE09EE0C5DF60E00C
:1055000082E09EE0C1DF61E088EF9DE0BDDF61E009
:105510008EEE9DE0B9DF61E087EE9DE0B5DF61E0F2
:105520008FED9DE0B1DF61E081ED9DE0ADDF60E0FA
:1055300083EC9DE0A9DF60E084EB9DE0A5DF60E007
:1055400086EA9DE0A1DF60E080E99DE09DDF60E00C
:105550008FE79DE099DF61E08AE69DE095DF61E0FD
:105560008BE59DE091DF61E084E59DE08DDF60E00B
:1055700087E49DE089DF60E080E49DE085DF61E015
:1055800087E39DE081DF60E082E29DE07DDF60E017
:1055900084E19DE079DF60E08AE09DE075DF60E016
:1055A00083EF9CE071DF60E086EE9CE06DDF61E000
:1055B00083ED9CE069DF60E086EC9CE065DF61E004
:1055C00081EC9CE061DF61E084EB9CE05DDF60E00A
:1055D00088EA9CE059DF60E084E99CE055DF60E008
:1055E00081E89CE051DFC7FD1AC060E08091201384
:1055F00090912113CC2339F0C13089F461E080917E
:105600002213909123130E94F418682F617088E789
:105610009CE03ADF60E08AE69CE0CF9135CF80E005
:10562000F4CFCF92DF92EF92FF926A017B01FDDE11
:10563000C701B6010E945DC1FF90EF90DF90CF904F
:1056400020CF0F931F93CF93883038F5082F082E63
:10565000000C110BC0911F1391E001C0990F8A95A6
:10566000EAF790931F130E947AC187E6809FF001AA
:10567000819FF00D1124EE57FA4F408151816281D4
:1056800073814F5F5F4F6F4F7F4F8AE99FE0C9DFA4
:1056900086E99FE0CADEC0931F13CF911F910F913F
:1056A0000895EF92FF920F931F93CF93DF937C01A6
:1056B000C62F062F062E000C110B80E0683028F450
:1056C00081E001C0880F6A95EAF7D0911F1380939B
:1056D0001F13D1DE87E6809FF001819FF00D11241A
:1056E000EE57FA4F4081518162817381C70199DF82
:1056F0008C2F0E9475180196D9F78C2FA2DF87E6B0
:10570000809FF001819FF00D1124EE57FA4F158212
:105710001482D0931F13DF91CF911F910F91FF90AF
:10572000EF900895CF92DF92EF92FF926A017B0192
:105730007CDE42E0C701B6010E9489C1FF90EF9074
:10574000DF90CF909ECECF93DF93EB016EDECE0144
:105750006CDEDF91CF9195CE0F931F93CF93DF93A4
:105760008C01D62FC0911F138FEF80931F138CE5F0
:1057700095E05BDEC80159DED11183DEC0931F13B3
:10578000DF91CF911F910F9108950F931F93CF93A6
:10579000DF938C01D62FC0911F138FEF80931F13BF
:1057A00060E082E895E0D8DFC8013FDED11169DE14
:1057B000C0931F13DF91CF911F910F910895EF9226
:1057C000FF921F93CF93DF937C0160E089E995E01E
:1057D000DCDFCFE1D3E118818FEF888380E20E9484
:1057E000A41EC70122DE4DDE1883DF91CF911F91E9
:1057F000FF90EF90089561E084E995E0C6CF61E005
:1058000080E995E0C2CF0F931F93CF93DF93D82FFA
:105810008B01C42FF4DFD093830960E08AE895E020
:10582000B4DFD0911F138FEF80931F1380E20E948B
:10583000A41EC801FADDCC2319F08C2F0E94A41EEF
:1058400020DED0931F13DF91CF911F910F91089508
:1058500040E0BC0182E0D7DF85EE98E0B0DFCBCF3F
:10586000EF92FF921F93CF93DF937C01CFE1D3E1BF
:1058700018818FEF888360E084E795E06DDFC701D2
:10588000D4DDFFDD1883DF91CF911F91FF90EF9062
:1058900008952F923F924F925F926F927F928F92D4
:1058A0009F92AF92BF92CF92DF92EF92FF920F93AF
:1058B0001F93CF93DF93CDB7DEB7C854D1090FB68E
:1058C000F894DEBF0FBECDBF70E060E085E40E94BB
:1058D0000B1F811125C065E070E083E40E940B1F5F
:1058E0008C0103970CF047C08AE692E1C85BDF4F5A
:1058F0000FB6F894DEBF0FBECDBFDF91CF911F91E1
:105900000F91FF90EF90DF90CF90BF90AF909F905E
:105910008F907F906F905F904F903F902F9085CDAC
:1059200082EA92E182DD8AE892E17FDD40E355E799
:1059300060E070E083E890E10E944A9460E083E0D8
:10594000C85BDF4F0FB6F894DEBF0FBECDBFDF914F
:10595000CF911F910F91FF90EF90DF90CF90BF906C
:10596000AF909F908F907F906F905F904F903F90FF
:105970002F900C9423C083E50E94A519882309F475
:1059800057C00E94081F9E838D8360E085E50E94BA
:10599000F61E8FAF8DE592E10E9476C10AA7033013
:1059A00064F10E949CCA6F87788B898B9A8B40E345
:1059B00055E760E070E082EA90E10E944A9460E07E
:1059C00083E00E9423C04D815E81463F5105ACF1CA
:1059D00080E592E12ADD81E392E127DD40E355E7AE
:1059E00060E070E08CE590E10E944A9460E083E022
:1059F0000E9423C08AE092E133DFC85BDF4F0FB61D
:105A0000F894DEBF0FBECDBFDF91CF911F910F91F4
:105A1000FF90EF90DF90CF90BF90AF909F908F90CE
:105A20007F906F905F904F903F902F900C9424C484
:105A300024EB30E03E832D83A8CF4D805E80B20101
:105A4000550C880B990B0E94E9EB6B8B7C8B8D8B33
:105A50009E8B2F85388949895A89205C33464F4F60
:105A60005F4F29AF3AAF4BAF5CAF8DEF91E1DDDC1B
:105A700085EF91E1DADC0E947F7B8FE780939D0BBD
:105A80008AEE91E10E9476C181E0809328098F849B
:105A90009888A988BA8888AA99AAAAAABBAA1AA289
:105AA0001BA21CA21DA21EA21FA218A619A619861F
:105AB0001A861B861C86FFE7CF2ED12CE12CF12CF9
:105AC000198230E43F8B4CE1488F56E4598F1A8E8F
:105AD0001B8E1C8E1D8EAFE74A2E512C612C712C13
:105AE0004E8E5F8E68A279A21CAA1DAA1EAA1FAAAA
:105AF00018AE1CA61DA61EA61FA621E02BA71E865B
:105B00001D86212C312C00E010E04AA4042C000C4E
:105B100055085EAE4DAE8D819E814E962C01990F3B
:105B20006608770824964CAE5DAE6EAE7FAE2497C5
:105B30002D813E812E5131092901052C000C66086A
:105B4000770828964CAE5DAE6EAE7FAE28978091FA
:105B50002809882391F10E949CCA6D837E838F83DC
:105B600098875090E70729965FAE2997511028C073
:105B70000E94A99824966CAD7DAD8EAD9FAD249703
:105B80000E94E9EB9101A8010E94E3EB87FF9DC011
:105B900081E891E14ADC82E691E147DC40E355E7A8
:105BA00060E070E08CE590E10E944A9460E083E060
:105BB0000E9423C08AE092E153DE0E947F7BA2C153
:105BC0000E942BA51092E7070E94A9982090970B9E
:105BD0003090980B0091990B10919A0B2A8D3B8D68
:105BE0004C8D5D8DB101C8010E94CDF4181624F4CE
:105BF0002A8E3B8E0C8F1D8F29813F89488D598DB0
:105C0000B101C8010E94E3EB87FF04C029823F8AEB
:105C1000088F198F6BA49101A8016B897C898D89EC
:105C20009E89662009F47DC10E94E3EB87FFA2CF25
:105C30004D815E816F817885481959096A097B0910
:105C4000483B2BE052076105710508F493CFD7015B
:105C5000C6014E8C5F8C68A079A084199509A609AD
:105C6000B709B595A7959795879580939D0B4CA7F8
:105C70005DA76EA77FA75B885A8E6C886B8E7D8828
:105C80007C8E4E884D8E4D805E806F8078844F86EE
:105C9000588A698A7A8A1BA66DCF5BEEC52ED12CF5
:105CA000E12CF12CA7C134E1432E512C612C712C35
:105CB00044E1C42ED12CE12CF12CA8C126013701DE
:105CC000CE8CDF8CE8A0F9A05CC288A999A9AAA90A
:105CD000BBA94D805E806F80788484199509A609E0
:105CE000B709181619061A061B060CF446C080E000
:105CF0000E94DBA0C6DBA30192012053384F4F4F17
:105D00005F4F28AB39AB4AAB5BAB4CA8411080C0AE
:105D10002DA93EA94FA958ADB101C8010E94CDF4EB
:105D200018160CF05BC020E030E040E050E4B10118
:105D3000C8010E94A6F26DAB7EAB8FAB98AF2D81F0
:105D40003E814F815885205C33464F4F5F4F29AFCE
:105D50003AAF4BAF5CAF20E030E040EC50E46B89F1
:105D60007C898D899E890E94A5F29101A8010E94DB
:105D7000E3EB881F8827881F8CAB8F859889A989BA
:105D8000BA8988169906AA06BB0610F4D501C40183
:105D90004D805E806F807884481A590A6A0A7B0AAF
:105DA000D301C20181389F44A241B10508F445C026
:105DB00040E355E760E070E082E490E10E944A949D
:105DC00060E083E00E9423C088E491E149DD8BE339
:105DD00091E12BDB89E291E128DBEFCE89AD9AAD31
:105DE000ABADBCAD4D805E806F8078848419950921
:105DF000A609B70944E054E263E174E218161906F3
:105E00001A061B060CF4B9CF80E00E94D2A3B5CFCE
:105E100028966CAD7DAD8EAD9FAD28970E94E9EBC5
:105E20009B01AC01B101C8010E94E3EB87FFA5CF44
:105E300041E454E261E574E2E7CF4DAC5EAC6D84C1
:105E40007E84461457040CF082CE8CE191E1EDDAA9
:105E50008BEC90E1EADA8BEB90E102DD81E290E1FC
:105E6000E4DA49855A856B857C8587EB90E15ADCBD
:105E700081E290E1DADA4EA15FA168A579A583EB12
:105E800090E150DC81E290E1D0DA4AA15BA16CA103
:105E90007DA18FEA90E146DC7FAC772099F14984BF
:105EA0005A846B847C844092AF0B5092B00B60920A
:105EB000B10B7092B20B21E732EB47E25EE36EA1C9
:105EC0007FA188A599A50E9448EC6093B30B7093BD
:105ED000B40B8093B50B9093B60B21E732EB47E2FE
:105EE0005EE36AA17BA18CA19DA10E9482F36093D5
:105EF000B70B7093B80B8093B90B9093BA0B81E0FA
:105F000080939E0B1092280940E355E760E070E013
:105F100082E390E10E944A9460E083E00E9423C003
:105F20006CCD0E94CDF418160CF024CE4D805E800E
:105F30006F8078842F85388949895A89421A530A93
:105F4000640A750A38EB43163BE05306610471049A
:105F500008F410CE4D855E85452B09F4AFCE6CA5B7
:105F60007DA58EA59FA5640D751D861D971D0E949C
:105F7000E9EB4B015C0120E030E0A9010E94E3EB7A
:105F8000882311F16CA57DA58EA59FA564197509BF
:105F9000860997090E94E9EB2B013C016E8D7F8DEC
:105FA00088A199A10E94E9EB9B01AC01C301B20158
:105FB0000E9448ECA50194010E9482F30E94D9F44A
:105FC000C60ED71EE81EF91E54E1C516D104E10421
:105FD000F1040CF468CE8CEEC816D104E104F1048F
:105FE0000CF05BCE2601370190E8C916D104E1041C
:105FF000F10464F0260137012EEF30E040E050E07C
:106000002C193D094E095F0969017A01B301A2010A
:1060100082EE91E10E94267CB701A6018DED91E10F
:106020000E94267C49815F89688D798D86ED91E19A
:1060300012DA4A8D5B8D6C8D7D8D8FEC91E10BDAE0
:106040004D855E85433051050CF49BC029813F8905
:10605000488D598D6A8D7B8D8C8D9D8D0E94A5F20A
:1060600069837A838B839C832FE632E143E85AE38A
:106070000E94CDF418160CF084C0C701B6010E942E
:10608000E9EB20E030E040E850E40E9448EC69870A
:106090007A878B879C872BED3FE049E450E4698148
:1060A0007A818B819C810E9448EC20E030E040E0C6
:1060B0005FE30E9448EC9B01AC0169857A858B8582
:1060C0009C850E9482F369837A838B839C832FE66D
:1060D00032E143E85AE3C501B4010E9448EC4B01A8
:1060E0005C012AE939E949E15FE369817A818B81C1
:1060F0009C810E9448EC69877A878B879C879B01EB
:10610000AC010E94A6F2A50194010E9482F36EA345
:106110007FA388A799A729853A854B855C85C5010A
:10612000B4010E9448EC20E030E040E05EE30E94D1
:1061300048EC6AA37BA38CA39DA349815A816B8100
:106140007C8189EC91E187D9B501A40183EC91E1CF
:10615000E9DA84EB91E169D949855A856B857C85BB
:106160008EEA91E178D94EA15FA168A579A588EA68
:1061700091E171D94AA15BA16CA17DA182EA91E173
:10618000D1DAD701C601840D951DA61DB71DB595A1
:10619000A7959795879580939D0B5EAD5F938AA594
:1061A0008F939E859F93AD85AF932EE831E13F930A
:1061B0002F9389E991E19F938F931F920E94C4CA04
:1061C0002D853E852F5F3F4F3E872D870FB6F89474
:1061D000DEBF0FBECDBF5B8959838C898F8B9D89B4
:1061E000988FAE89A98FCE8EDF8EE8A2F9A27301B7
:1061F00062018D809E80AF80B88429964FAC29972C
:106200004BA6B8CCEF92FF921F93CF93DF937C0104
:10621000CFE1D3E118818FEF888360E086E695E0D7
:106220009BDAC7010E9438261883DF91CF911F9116
:10623000FF90EF900895AF92BF92CF92DF92EF92CE
:10624000FF920F931F93CF93DF93EC0189E395E0C7
:10625000ECD8209711F4C3E6D7E010E007E0015036
:1062600021F080E20E94A41EFACF812F0E94A61E78
:106270001F5F153099F705D910E080E20E94A41E37
:10628000812F0E94A61E5E0105E080E20E94A41EEE
:10629000F501C080D180E280F380A7019601C7019B
:1062A000B6010E9455F5882341F180E20E94A41EA8
:1062B0008DE30E94A41E8DE30E94A41E8DE30E9424
:1062C000A41E8DE30E94A41E8DE30E94A41E015013
:1062D000F4E1AF0EB11C0111D8CFD3D81F5F2496C3
:1062E000153059F6DF91CF911F910F91FF90EF90EC
:1062F000DF90CF90BF90AF90C4C820E030E0A901FC
:10630000C701B6010E94CDF487FD03C08BE20E9455
:10631000A41E43E0C701B6010E9489C1D8CF2F92C5
:106320003F924F925F926F927F928F929F92AF9225
:10633000BF92CF92DF92EF92FF920F931F93CF9372
:10634000DF93CDB7DEB769970FB6F894DEBF0FBE07
:10635000CDBF83E50E945719898330909F09882318
:1063600019F00E94E71E382E8091260A9091270A84
:10637000A091280AB091290A8C8B9D8BAE8BBF8B84
:1063800080912A0A90912B0AA0912C0AB0912D0A93
:10639000888B998BAA8BBB8B80912E0A90912F0AA8
:1063A000A091300AB091310A8C879D87AE87BF8754
:1063B0009981992329F0311003C080E00E94E226E0
:1063C0008091500690915106A0915206B0915306CB
:1063D00025E1B695A795979587952A95D1F74C0114
:1063E0005D01E1E08E229924AA24BB240E94CD26DF
:1063F000882309F4C6C083E40E945719882309F44E
:10640000A8C00E94181F2B013C0183E697E09B83E4
:106410008A839D838C83B5E0B983188E10E008ECE5
:10642000E2ECE9871E82212CF8ECFF8322E4288726
:106430008C819D819B878A8795E0998FAA85BB85F2
:10644000CD90DD90ED90FD90BB87AA872E81322DF7
:106450004F815885C701B6010E94E3EB87FF04C056
:10646000CE822D2CEF82F886288D312F402F598532
:10647000C701B6010E94CDF4181624F4C88E1D2D54
:106480000E2DF986B98DB150B98FB111D7CFE981F1
:10649000E150E9838C819D8144969D838C83E11139
:1064A000C7CF288D312F402F59856E81722D8F8156
:1064B00098850E94A6F220E030E040E05FE30E9471
:1064C00048ECA30192010E94A6F22B013C012DEBA6
:1064D00037E346E855EB0E94CDF487FD0AC02DEB6B
:1064E00037E346E855E3C301B2010E94E3EB181617
:1064F00084F580E00E94E22610E0AA81BB81BD8382
:10650000AC8300E0EC81FD81619171918191919169
:10651000FD83EC837F01F4E0EF1AF108A3019201FF
:106520000E94A5F2D7016D937D938D939C93139751
:10653000602F812F0E94949B0F5F053019F71F5F1A
:10654000EA81FB817496FB83EA831530B1F60E94E1
:10655000252989288A288B2839F00E94CD2688236E
:1065600019F090E080E067DE8AE50E9457198823E1
:1065700021F00E94181F0E94B1C3832D0E94E226C1
:106580000CC0311004C089288A288B2869F30E9426
:106590003E2A87E696E00E94152A332051F080912A
:1065A0009F09811106C00E943B2A88E496E00E9460
:1065B000152A0E943E2A80919F0961E37CE088238E
:1065C00011F065E37CE08AE396E0BDD80E943E2AA4
:1065D0008DE296E00E94152AC090A009D090A109F2
:1065E000E090A209F090A30920E030E0A901C701E2
:1065F000B6010E94CDF418160CF055C042E0C70158
:10660000B6010E9489C18DE00E940EC08AE00E94FE
:106610000EC02C893D894E895F896091260A709150
:10662000270A8091280A9091290A0E94E3EB8111A0
:1066300020C0288939894A895B8960912A0A70912A
:106640002B0A80912C0A90912D0A0E94E3EB811174
:1066500010C020912E0A30912F0A4091300A50919B
:10666000310A6C857D858E859F850E94E3EB8823AA
:10667000F9F069960FB6F894DEBF0FBECDBFDF917B
:10668000CF911F910F91FF90EF90DF90CF90BF902F
:10669000AF909F908F907F906F905F904F903F90C2
:1066A0002F900C94D68C88E296E00E94152AB1CFE8
:1066B00069960FB6F894DEBF0FBECDBFDF91CF91C4
:1066C0001F910F91FF90EF90DF90CF90BF90AF9010
:1066D0009F908F907F906F905F904F903F902F9002
:1066E0000895BC0190E080E00C94F5C00F931F93D7
:1066F000CF9384E50E94A519C0E08823F1F00E94A1
:10670000CC1EC82F1816CCF40E943E2A00917F059B
:10671000109180058DE40E940EC0C801E2DF81E681
:1067200098E00E94152A6C2FCC0F770B880B990BE1
:106730000E945DC10E94412ACFEF8C2FCF911F9103
:106740000F910895BC01990F880B990B0C945DC1B2
:1067500010925A0585E0809311050895CF93DF9339
:10676000EB010E94152ACE01DF91CF91EBCFFF9272
:106770000F931F93CF93DF93D82F81112BC080915C
:10678000500690915106A0915206B0915306892B64
:106790008A2B8B2BF9F46091F3077091F40785EE47
:1067A0009FE0DCDF6091F5077091F60782EE9FE0D5
:1067B000D5DF4091F7075091F8076091F907709184
:1067C000FA078FED9FE0DF91CF911F910F91FF901E
:1067D0000C94922B8091DA0983FD8DC087DF082FFE
:1067E00087FD89C083E50E94A519C82F882331F150
:1067F0000E94081F0E94679261E08D2F0E94CC903A
:1068000060919B0B70919C0B072E000C880B990BD1
:106810000E94E9EB2091970B3091980B4091990BD6
:1068200050919A0B0E94CDF418160CF44EC08EEEC7
:106830009FE0CC2309F44BC01C2F03C0D1113FC0F3
:1068400010E083E50E94A519882331F00E94081FFB
:106850009093F4078093F30782E40E94A51988239C
:1068600031F00E94081F9093F6078093F50786E4A5
:106870000E9457198823D9F10E94181F6093F707C7
:106880007093F8078093F9079093FA07FF24F39425
:1068900020E030E0A9010E94E3EB811101C0F12C5E
:1068A000F092FB07DD2339F1112329F16C2F802FA2
:1068B000DF91CF911F910F91FF900C94A6A182E5DB
:1068C0000E94A519811194CFBBCF8AEE91E19F93CD
:1068D0008F9389EF9FE09F938F931F920E94C4CA6A
:1068E0000F900F900F900F900F9011E0AACF60E0E3
:1068F00070E0CB01C3CFDF91CF911F910F91FF903B
:1069000008958C01EB01F42E0E947F7B0115110587
:1069100009F46FC00E943E2AC8010E94152A0E94F5
:10692000412A209711F4C8E4DCE28091100580FD33
:1069300033C0816080931005C8010E94BB932097EB
:1069400051F0EE24E39401E021E040E2BE0180E258
:1069500091E10E94CB2188E49CE2009751F0EE2463
:10696000E39401E021E040E2BC0180E491E10E9477
:10697000CB21EE24E39401E021E040E26DEE74E0EF
:1069800080E691E10E94CB2168EC83E00E9423C065
:1069900061E08AEF0E94CC930E943B2A8CE095E054
:1069A0000E94152A61E08AEF94E00E94AC2B89EEE8
:1069B00093E0019739F000C00000EEE5F9E031976F
:1069C000F0F7F7CFF89489EE93E0019739F000C023
:1069D0000000E6EEF3E03197F0F7F7CF0E947F7BFF
:1069E000FF2021F00E94367DA895FECF0E94FB7CFF
:1069F000FBCF209711F4C8E4DCE203E015E095CF6B
:106A0000CF92DF92EF92FF926B017C0183E3C81675
:106A1000D104E104F10470F082E3C81AD108E1085E
:106A2000F10862E370E080E090E00E9402CA0E94F8
:106A3000B8A5ECCFC701B6010E9402CAFF90EF9043
:106A4000DF90CF900C94B8A590917A0B94FB882797
:106A500080F994FF06C081E090918614911101C0E5
:106A600080E00895F1DF882339F080917A0B82FB72
:106A7000882780F991E089270895CF93FB01C18190
:106A8000C13031F40E94F592811104C0C0933807DF
:106A9000CF9108950E942994811103C0CF910C9445
:106AA000751A0E9424C4DEDF882331F087E297E163
:106AB00090932A098093290961E080E297E10E947E
:106AC000AC2BCF910C946A908091AC08811105C0D9
:106AD00080919609823009F0C5CF81E00895F4DFF6
:106AE00081110DC01092D6091092D7091092D809C1
:106AF0001092D9091092D4098FEF0E944A200C9469
:106B00006A9090917A0B92FB882780F992FF05C0DA
:106B100097FB882780F991E0892708958091C7071E
:106B2000811102C00C945526ECDF882339F040E037
:106B300060E070E080E090E40C94EE20089581E045
:106B40000895CF93DF93EC01E62F660FFF0BEE5F06
:106B5000F34DE491E250E13108F0B0C0F0E0882755
:106B6000EB54FA4C8F4F0C948BF2C6355E365E3682
:106B70005E365E36F035D23514361236F23538369A
:106B8000363616365E365C365A363A3682E1E5EEF1
:106B9000F3E0DE0101900D928A95E1F7CE01DF91DD
:106BA000CF91089581E020EB30E03983288321EBF9
:106BB00030E03B832A831D821C8223EB30E03F833D
:106BC0002E8324EB30E0398728871B861A861D86A2
:106BD0001C8692E09E878F8781E0888B198ADECFA2
:106BE00080E0E1CF81E08F5F20E930E039832883C6
:106BF00021E930E03B832A8322E930E03D832C8386
:106C000028E930E03F832E832AE930E0398728875E
:106C10002CE930E03B872A8726E930E03D872C8746
:106C200093E0D8CF80E0DFCF80E0DECF81E08F5FE0
:106C300020EA30E03983288321EA30E03B832A834D
:106C400022EA30E03D832C8328EA30E03F832E8324
:106C50002AEA30E0398728872CEA30E03B872A8708
:106C600026EA30E03D872C8794E0B4CF80E0DFCF88
:106C700080E0DECF81E08F5F20E231E0398328833E
:106C800021E231E03B832A8322E231E03D832C8301
:106C900028E231E03F832E832AE231E039872887DA
:106CA0002CE231E03B872A8726E231E03D872C87C2
:106CB00095E090CF80E0DFCF80E0DECF82E1FE0183
:106CC00011928A95E9F76ACF2F923F924F925F9285
:106CD0006F927F928F929F92AF92BF92CF92DF92EC
:106CE000EF92FF920F931F93CF93DF93CDB7DEB751
:106CF00067970FB6F894DEBF0FBECDBF782E809198
:106D0000590227E6E22E66246394843008F43AC6DA
:106D10000E949CCA6B017C01711005C08091AC0877
:106D2000882309F433C2C0927D09D0927E09E09293
:106D30007F09F092800981E040915C0550915D05EA
:106D400060915E0570915F05411551056105710502
:106D500009F41EC200917D0910917E0920917F09DE
:106D60003091800946015701801A910AA20AB30A9C
:106D700095018401041715072607370708F408C290
:106D80000E943B2A009187091091880984E294E0CF
:106D90000E94152AB80189EF93E00E94232A0E94DD
:106DA000412A40E070E060E090E080E02DC18091F9
:106DB000360A9091370AF3C5AF2CB12C8A3019F0FE
:106DC0008D3009F022C1EA9CF001EB9CF00D1124FA
:106DD000EE57FA4FDF01AA59BF4F1C92848195816B
:106DE000DF01A80FB91F16961C92892B19F40E9477
:106DF000B8A5F3C5FE9CC00111249C0128573A4F49
:106E00006901158214828901F8018191803209F4A7
:106E100052C08E3409F0C8C00115110509F4C4C070
:106E20006DEC73E0C8010E9412EB4C01892B41F01C
:106E30006EE470E0C80104960E94ACF5009709F476
:106E4000C8014AE050E070E060E001960E9482E8EC
:106E50001B012C01EA9CF001EB9CF00D1124EE5774
:106E6000FA4F80819181A281B381AC01BD014F5F56
:106E70005F4F6F4F7F4F2416350646065706E9F0E1
:106E80008928D9F4AC01BD0141505109610971094A
:106E9000241635064606570634F082159305A405D8
:106EA000B5050CF09AC56F2D8AE993E00E94512B2D
:106EB000F12C20E06AC58F01A7CF6AE270E0C8011B
:106EC0000E94CCF59C01009709F1982F901B912C02
:106ED000992339F09150F801E90FF11D808198262E
:106EE000F7CF4AE050E070E060E0C90101960E94EF
:106EF00082E8292D30E050E040E0621773078407F4
:106F0000950741F06F2D8BE793E0D0CF6F2D81E592
:106F100093E0CCCFEA9CF001EB9CF00D1124EE57EE
:106F2000FA4F208231824282538280916B098130F4
:106F300039F567E470E0C8010E94ACF5009701F1F3
:106F40004AE050E070E060E001960E9482E8643020
:106F5000710581059105A0F4B0901F13862D0F2CAB
:106F600001C0880F0A94EAF780931F1380EB92E028
:106F70000E94152A86EA92E00E9476C1B0921F1301
:106F8000F80180818D3479F58381823391F18833E2
:106F900001F1803341F58181843329F58281813388
:106FA00011F50E94B98C1FC080917A0B80FFBDCF74
:106FB00065E27BE2C8010E9412EB009731F0FC0110
:106FC000838180538A3008F0B0CF6F2D87E293E041
:106FD0006DCF8281803339F48181813321F4109225
:106FE0002809109236074F2D60E0C6010E9465C047
:106FF000F4C482818133B9F781818133A1F741E003
:1070000070E060E080EE99E07CDCFE9CB001112431
:107010009B012A573A4FAB0148575A4F68517A4F54
:107020000E94A018DAC440915B02242F30E00A309D
:1070300061F00D3051F0882309F49AC089819A815A
:10704000009719F001969A8389831092010589812E
:107050009A81F29EF001F39EF00D1124E75AFD4F44
:10706000DF01A80FB91F13961C92892B61F50E94AE
:10707000B8A50E94D818882309F4C9C483E894E10C
:107080000E941CD48091710B882309F467C0815041
:107090008093710B8D9DC001112462E08F54974F36
:1070A0000E9415D9E091710B24E0E29FF0011124B8
:1070B000E355F74F60817181828193810E94121E96
:1070C0000E94FFCBA4C41A82198283818D3479F483
:1070D0008481823361F48581853349F486818053CC
:1070E0008A3028F080917A0B8B7F80937A0BF29E06
:1070F000F001F39EF00D1124E454FD4FC0824F9D2A
:10710000F0011124E354FD4F6082220F331F220F40
:10711000331FF901EB5AF44F8091650B9091660B88
:10712000A091670BB091680B80839183A283B38396
:107130004F5F443080F440935B02809159028F5F2F
:10714000809359028092650B9092660BA092670B18
:10715000B092680B8ECF10925B02EFCF0E943BD4AF
:1071600080917A0B886080937A0BE0926B094FC410
:107170004F9DA0011124445A5D4F9E012F5F3F4F48
:1071800061E075E0802F0E94A01841C480E0D4CD5A
:107190002091CD0B9091CE0B291741F0C0927D0923
:1071A000D0927E09E0927F09F0928009409102021C
:1071B000509103026091040270910502452B462B09
:1071C000472B21F02917A9F110920A058091060595
:1071D00090910705A0910805B09109058C199D09AA
:1071E000AE09BF09181619061A061B060CF4D4C1FD
:1071F0002091CD0B8091CE0B90912112281709F48C
:1072000049C0E091CE0B23E6E29FF0011124E35C3C
:10721000F34F8081891709F47AC0809321120E946C
:107220009CCA0091201210E001151105B1F560E033
:1072300026C18111C9CF0E949CCA00917D0910917D
:107240007E0920917F0930918009601B710B820BB0
:10725000930B0091020210910302209104023091DD
:107260000502601771078207930708F4ADCF80917C
:107270000A058111ABCF81E080930A0580E00E946E
:107280000A7D81E00E940A7D82E00E940A7D0E94C0
:10729000FB7C9CCF80912012BDCF61E00F3F110598
:1072A00009F4EDC065E0CE0101964BDC89898823A5
:1072B00009F4E0C0E981FA819F85888991119DC018
:1072C000608190E023E030E0A901481B590B440F96
:1072D000551F042E01C0220F0A94EAF72095262399
:1072E00062E070E001C0660F4A95EAF7262B208322
:1072F000FC013396EE0FFF1F81E090E08C0F9D1F85
:10730000E80FF91F0190F081E02D11830083809137
:10731000FB07882309F433C1A090F307B090F4076A
:10732000C501029720919B0B30919C0B28173907C0
:107330000CF425C19090CE0B612C712C812C1F8AEE
:107340008091CD0B891509F49EC0892D90E023E62C
:10735000289FF001299FF00D1124E151F44F458D34
:10736000568D678D70A1452B462B472B81F441A18B
:1073700052A163A174A1452B462B472B41F445A193
:1073800056A167A170A5452B462B472B89F133E603
:10739000389F8001399F100D11240151144FF801BD
:1073A00061A572A583A594A50E94E7EB1B012C01A2
:1073B000F80165A576A587A590A90E94E7EB9B013A
:1073C000AC01C201B1010E9482F3F8012181328136
:1073D000438154810E9448EC2B018C019301482D7C
:1073E0005F890E94CDF418161CF43201802E1F8B89
:1073F000892D0E941983982EA3CF2A89211187CF26
:10740000AFEFB0E0923029F0AD85BE850D90BC9114
:10741000A02D608190E023E030E0A901481B590BCA
:10742000440F551F042E01C0220F0A94EAF720953D
:10743000262362E070E001C0660F4A95EAF7262B2A
:1074400020830396880F991FE1E0F0E0EC0FFD1F09
:107450008E0F9F1FFC01A080B18098010E9455F201
:107460002FEF30E040E050E00E940DF2F501318353
:1074700020834DCF61E00F37110508F4D8CE85E0A9
:107480000E9476C944CFB301882D9F890E94EAF3F8
:10749000072E000C880B990B0E94E9EB2091F7074F
:1074A0003091F8074091F9075091FA070E9448EC93
:1074B0002B013C01B501BB0C880B990B0E94E9EB39
:1074C0009B01AC01C301B2010E94A6F23B014C0139
:1074D0006091F5077091F607072E000C880B990B49
:1074E0000E94E9EB5B018C019B01AC01B301C4017B
:1074F0000E94CDF4181614F0530184014090020547
:107500005090030560900405709005059501A80151
:10751000C301B2010E94CDF41816D4F420E037ED77
:1075200043EA5CE3B501C8010E9448EC4B015C01F1
:1075300028E431EE4AE75FE3C301B2010E9448EC60
:107540009B01AC01C501B4010E94A6F25B018C0154
:10755000C501D8018093020590930305A09304050B
:10756000B0930505B501C8010E94EAF3653F7105B6
:1075700014F065EF70E070939C0B60939B0BF4E646
:10758000CF0ED11CE11CF11CC0920605D09207055C
:10759000E0920805F09209050E94B8A580916B0958
:1075A000882309F4C2C180912002882309F477C09E
:1075B00080915A05811173C01091AC08111108C057
:1075C00080919609813021F09CDA882309F4C1C0AA
:1075D0008091110587FD03C0815080931105809132
:1075E000000185FF03C085E080931105809111059E
:1075F00087FF55C001E000935A0585E0809311058F
:1076000011114BC01F921F928FE994E09F938F93AB
:107610001F9285E18F939E012F5F3F4F79013F932A
:107620002F930E9440EBC7010E94A8CA60E083E04C
:107630000E9423C040E36CED74E081E00E94032CC3
:107640000E94FB2B1091600560E010270FB6F894A4
:10765000DEBF0FBECDBF82E597E061F48AEC94E017
:107660000E94AC2B80E30E94A41E0E94412A60E08D
:107670008BEB99E00E94AC2B88EB94E00E94152ADA
:1076800080E30E94A41E0E94412A112331F083EB63
:1076900094E090932A09809329090E94887E31DA28
:1076A000882309F456C08091C707882309F44FC086
:1076B0008091060181FD4BC080910F058F5F809303
:1076C0000F05833008F445C080902E0A90902F0A51
:1076D000A090300AB090310A20E030E040E050E461
:1076E000C501B4010E94A6F26B017C0120E030E8E4
:1076F00047EC53E40E94E3EB87FD07C0C12C80E810
:10770000D82E87ECE82E83E4F82EA5019401C7015A
:10771000B6010E94A5F26B017C0120E030E0A901D6
:107720000E94E3EB87FF03C0C12CD12C7601E9D97D
:10773000882329F040E0C701B6010E94EE200E9494
:107740007F7B40E070E060E082E994E05DCC1092E5
:107750000F05809109018095817010910002181722
:1077600009F467C0012F1F3F09F400E08093000275
:107770008823F1F064EF71E080E090E041D90E944D
:107780004AD480917A0B84FD15C0101314C040E3D5
:1077900055E760E070E088E794E00E944A948091A9
:1077A0003707823019F481E080936C09012F10C0F3
:1077B00000E0EBCF01E017FD09C0809137071017FB
:1077C00074F5813019F482E080936C090E947E2365
:1077D000002379F117FF2DC080917A0B84FF19C027
:1077E0000E9448D7882379F081E00E9468DA4BEB49
:1077F00050E064E672E184E293E10E94D4D084E236
:1078000093E10E941CD40E94732681110CC00E9437
:10781000552681E08093700B0E94B5D80AC0823053
:10782000A9F681E0D1CF8BE894E090932A09809368
:1078300029090E949CCA6B017C011091010211234D
:1078400021F180916105882301F140910B05509150
:107850000C0560910D0570910E054C195D096E09BE
:107860007F0914161506160617060CF100911F1352
:107870009FEF90931F13833009F47FC00CF06EC00C
:1078800081300CF073C000931F13212F30E0A8EE5D
:10789000B3E00E9455F2C60ED71EE81EF91EC09234
:1078A0000B05D0920C05E0920D05F0920E050E949A
:1078B000A99880917F0B8823C1F10E949CCA6B011B
:1078C0007C0180917B0B90917C0BA0917D0BB09102
:1078D0007E0B8C199D09AE09BF09181619061A06E8
:1078E0001B061CF120917F0B30E0A8EEB3E00E9454
:1078F00055F2C60ED71EE81EF91EC0927B0BD09221
:107900007C0BE0927D0BF0927E0B10911F13809107
:10791000800B80931F1380912809811104C00E945D
:10792000DBA00E94412A10931F1367960FB6F894AC
:10793000DEBF0FBECDBFDF91CF911F910F91FF90A2
:10794000EF90DF90CF90BF90AF909F908F907F90FF
:107950006F905F904F903F902F900895843009F082
:1079600092CF0E943E2A87E394E004C00E943E2A00
:1079700086E694E00E94152A86CF0E943E2A8FE474
:1079800094E0F8CF20E080E0F82E80915902843016
:1079900050F5F1100CCA8091B80A9091B90A891B70
:1079A0008F7790E0892BD1F08F2D0E94751897FF6B
:1079B00003CA10911F13862D0F2C01C0880F0A9443
:1079C000EAF780931F130E943B2A82ED93E00E9406
:1079D000152A0E947AC110931F1321E081E0F8124A
:1079E000D3CF2111CFCF8DD8882309F491C98091AD
:1079F0007A0B83FD8DC91A82198202E6F02E84E08B
:107A0000E82E99E6D92ECC24C39466246A948091FA
:107A10005902843008F07CC90E94D818811178C9B5
:107A20001E8A41E050E0BE016A5E7F4F83E894E128
:107A30000E94D4D00E8910E0019711F00FEF1FEFD4
:107A400080908B1490908C14A0908D14B0908E1414
:107A50008092760B9092770BA092780BB092790B74
:107A60000E94D8180F3F100709F0DDCA8111DBCA48
:107A70000E943B2A8AEE93E00E94152AC8CF2F92DB
:107A80003F924F925F926F927F928F929F92AF92AE
:107A9000BF92CF92DF92EF92FF920F931F93CF93FB
:107AA000DF93CDB7DEB7AA970FB6F894DEBF0FBE4F
:107AB000CDBF9091DA0993FD67C1182F83E50E942D
:107AC000A51989A3882309F458C10E94081F843688
:107AD00091050CF072C19093F1078093F0070E941A
:107AE000AD236091F0077091F107072E000C880B11
:107AF000990B0E94E9EB2091EC073091ED07409142
:107B0000EE075091EF070E94CDF418160CF058C103
:107B100082E190E10E9476C101E0612F6027812F10
:107B20000E94CC90112309F42FC1009328091B8EC9
:107B30001C8E1D8E1E8E1AA21BA21CA21DA21FA28D
:107B40002CE328A73CE139A786E48AA71E8A1F8A6E
:107B500090E8988FAFEBA98F1A8EB1E0BEA3812C6D
:107B6000912C5401FE0131961F016091F007709134
:107B7000F107072E000C880B990B0E94E9EB7B01A3
:107B80008C012E893F89488D598D0E94E3EB882313
:107B9000B9F02091EC073091ED074091EE0750913C
:107BA000EF07F9A1B701C801F1110DC10E94E3EB84
:107BB000881F8827881F8A8FEE8AFF8A088F198F6F
:107BC0000E949CCA6B017C018AA19BA1ACA1BDA1B2
:107BD0008C199D09AE09BF09181619061A061B064D
:107BE000ACF1D701C60188519C4FAF4FBF4F8AA35C
:107BF0009BA3ACA3BDA380E00E94DBA045E150E0C5
:107C00006FEF7FE0C1010E94DDEA1D8A81149104BB
:107C1000A104B10409F4EAC0C501B401605F784D64
:107C20008F4F9F4F6C197D098E099F0928EE33E015
:107C300040E050E00E940DF2BA01A901C1010E948A
:107C4000407AC1010E94C1260E94412A80E03CD8AE
:107C50000E949CCA60937D0970937E0980937F097E
:107C600090938009B091EC07BF8FE091ED07E8A3F6
:107C70000091EE071091EF072B2F3E2FA8016E8980
:107C80007F89888D998D0E94A5F22B013C0120E00F
:107C900030E0A9010E94CDF487FF04C077FA709408
:107CA00077F8709481149104A104B10409F0BCC068
:107CB00020E030E040E85FE3C301B2010E94E3EB63
:107CC00087FF10C0FEA1812C912C5401FF2331F0BD
:107CD00085E0882E8DE0982EA12CB12C8C0C9D1C5B
:107CE000AE1CBF1C2A8D222391F18B8D9C8DAD8DF6
:107CF000BE8D0097A105B10549F08C199D09AE090B
:107D0000BF09181619061A061B060CF12F8D38A18B
:107D1000A8016FA178A589A59AA50E94A5F220E0E7
:107D200030E040E85FE30E94E3EB87FD50C0D701FD
:107D3000C601805A9541AF4FBF4F8B8F9C8FAD8F3F
:107D4000BE8F9F8D9FA3A8A1A8A709A71AA780915E
:107D500028098823E1F181149104A104B10459F0A8
:107D6000C818D908EA08FB08B0E1CB16B7E2DB0671
:107D7000E104F10460F51EA2F8CE112329F082E59A
:107D80000E94A5198111A1CEAA960FB6F894DEBF64
:107D90000FBECDBFDF91CF911F910F91FF90EF905C
:107DA000DF90CF90BF90AF909F908F907F906F901B
:107DB0005F904F903F902F90089584E690E08BCE97
:107DC00083E090E1A7CE0E94E3EB87FF09C080919A
:107DD00028098823C9F2109228090E9424C4D4CF0C
:107DE000EE8AFF8A088F198F1A8EEACED1010D9084
:107DF0000020E9F7CD01019782199309843191059B
:107E000008F01FCFF101E80FF91FBFE3B083833102
:107E1000910509F416CFE2E0F0E0EC0FFD1F8E0FA4
:107E20009F1FDC011C920DCF20E030E040E450E4C5
:107E3000C301B2010E94CDF418160CF053CF4601D5
:107E4000570150CFCF93DF93EC0188818823E1F075
:107E50008A30D1F08D30C1F04FEF61E0CE010E9449
:107E600065C0882369F00E943E2ABE0189E89FE030
:107E70000E94232A86E89FE0DF91CF910C94152A77
:107E800080E00E946436E1CFDF91CF910895809128
:107E90008C06882371F00E942994811102C00C94F1
:107EA000751A61E18FE797E10E9442C98CE896E07C
:107EB000C9CF08955F926F927F928F929F92AF92F7
:107EC000BF92CF92DF92EF92FF920F931F93CF93C7
:107ED000DF93CDB7DEB77C016DB67EB610E000E073
:107EE0008DB69EB6F701E00FF11F549068018FEF39
:107EF000C81AD80A552019F09AE059121FC08DB738
:107F00009EB78C199D090FB6F8949EBF0FBE8DBF0A
:107F100001965C01A801B7010E94B7EAF501E00FE4
:107F2000F11F1082C5018EDF552051F0EC0CFD1CB5
:107F30000FB6F8949EBE0FBE8DBED2CF8601D2CFB3
:107F40000FB6F8947EBE0FBE6DBEDF91CF911F912C
:107F50000F91FF90EF90DF90CF90BF90AF909F90E8
:107F60008F907F906F905F900895FB0181818130A9
:107F7000E9F40E942994811108C040E355E760E0CC
:107F800070E089EF97E10C944A940E947326811166
:107F900007C040E355E760E070E08DED97E1F3CF77
:107FA00083E080936C0983EF97E184CF0895CF93AA
:107FB000FB01C181C13069F40E942994811103C081
:107FC000CF910C94751AC0936C0986ED97E1CF910F
:107FD00071CFCF9108950F931F93CF93DF93CDB7B8
:107FE000DEB768970FB6F894DEBF0FBECDBF0E9414
:107FF0002994811109C040E355E760E070E089EF02
:1080000097E10E944A9406C08091B0068F3F69F0C4
:10801000882391F068960FB6F894DEBF0FBECDBFEF
:10802000DF91CF911F910F91089540E355E760E0F4
:1080300070E085EC97E1E5CF80910D028F93809100
:108040000C028F931F921F92809108028B3008F1CF
:108050008AE01F928F9385EB97E19F938F931F92F6
:1080600088E18F938E010F5F1F4F1F930F930E9424
:1080700040EB63E183EA97E10E9442C9C801E2DE76
:108080008EE997E117DF0FB6F894DEBF0FBECDBFC4
:10809000C1CF8330F0F683E0DCCFFB0181818130FA
:1080A00061F40E942994811102C00C94751A89E927
:1080B00097E100DF84E997E1FDCE0895CF93DF9348
:1080C000EB010E94299481110AC040E355E760E06A
:1080D00070E089EF97E1DF91CF910C944A94C981C8
:1080E0006091370785E797E10E9442C9C13059F096
:1080F00028F0C23059F0DF91CF9108958EE697E1D4
:10810000DF91CF91D7CE88E697E1FACF83E697E16A
:10811000F7CF80916F098770873041F040E355E7D2
:1081200060E070E08FE397E10C944A940E942994F8
:10813000811102C00C94751A8EE080936C098BE358
:1081400097E1B8DE86E397E1B5CE2F923F924F924A
:108150005F926F927F928F929F92AF92BF92CF92D7
:10816000DF92EF92FF920F931F93CF93DF93CDB7E0
:10817000DEB7C557D1090FB6F894DEBF0FBECDBF2D
:1081800090916B09933008F41DC1182F0E945B1F5A
:1081900082E50E94A519882309F43CC10E94181F9A
:1081A0002B013C0120E030E0A9010E94E3EB882391
:1081B00009F402C18090260A9090270AA090280A0C
:1081C000B090290A20912A0A30912B0A40912C0A5A
:1081D00050912D0A2D8F3E8F4F8F58A3C0903E0790
:1081E000D0903F07E0904007F09041078091420710
:1081F00090914307A0914407B091450789A39AA3A2
:10820000ABA3BCA3A7019601C501B4010E94E3EB97
:1082100081110DC029A13AA14BA15CA16D8D7E8D6C
:108220008F8D98A10E94E3EB882309F4C5C0A501B6
:108230009401C701B6010E94A5F220E030E040E0C1
:108240005FE30E9448EC6B017C012D8D3E8D4F8DCC
:1082500058A169A17AA18BA19CA10E94A5F220E05E
:1082600030E040E05FE30E9448EC6D8F7E8F8F8F9F
:1082700098A320E030E0A901C301B2010E94E3EB22
:10828000881F8827881F181709F4B6C020E030E03F
:1082900040E85FEB29A33AA34BA35CA3A701960197
:1082A000C701B6010E9448EC4B015C012D8D3E8D4B
:1082B0004F8D58A1CA01B9010E9448EC9B01AC0145
:1082C000C501B4010E94A6F20E9413F54B015C01A6
:1082D000AC019B01C301B2010E94A5F269A77AA774
:1082E0008BA79CA7A5019401C301B2010E94A6F22D
:1082F0009B01AC0169A57AA58BA59CA50E9448ECC1
:108300002B013C0120E030E0A9010E94CDF487FD63
:108310007CC0C301B2010E9413F569A77AA78BA79D
:108320009CA76D8D7E8D8F8D98A19058A50194018D
:108330000E9482F329A13AA14BA15CA10E9448ECC2
:1083400029A53AA54BA55CA50E9448ECA70196017A
:108350000E94A6F22B013C01A5019401C701B601C0
:108360000E9482F329A13AA14BA15CA10E9448EC92
:1083700029A53AA54BA55CA50E9448EC2D8D3E8D04
:108380004F8D58A10E94A6F26D8F7E8F8F8F98A37C
:1083900020E030E0A901C301B2010E94E3EB8111AA
:1083A000F0C420E030E0A9016D8D7E8D8F8D98A105
:1083B0000E94E3EB8111E5C40E943B2A8BE49FE01D
:1083C0000E94152ACB58DF4F0FB6F894DEBF0FBEC0
:1083D000CDBFDF91CF911F910F91FF90EF90DF9074
:1083E000CF90BF90AF909F908F907F906F905F9055
:1083F0004F903F902F90089580E090E0A0E8BFE379
:1084000089A39AA3ABA3BCA349CF19A61AA61BA6FE
:108410001CA687CF89E40E94A519412C512C32015A
:10842000882321F00E94181F2B013C018AE40E943E
:10843000A519882309F497C40E94181FA5CF2DA160
:108440003EA14FA158A569A17AA18BA19CA10E9430
:1084500048EC6B017C012DA53EA54FA558A969A547
:108460007AA58BA59CA50E9448EC9B01AC01C70195
:10847000B6010E94A6F26B017C012DA53EA54FA579
:1084800058A969A17AA18BA19CA10E9448EC4B013B
:108490005C012DA13EA14FA158A569A57AA58BA588
:1084A0009CA50E9448EC9B01AC01C501B4010E944F
:1084B000A5F2A70196010E9419F36B017C0120E04F
:1084C00030E0A9010E94E3EB882309F4B7C020E063
:1084D00030E0A901C701B6010E94E3EB87FFB9C0F4
:1084E00082E090E0812B8130910509F4B5C00297BC
:1084F00009F4BDC020E030E0A901C701B6010E9427
:10850000CDF44601570187FF04C0B7FAB094B7F81D
:10851000B0942BED3FE049EC50E4C501B4010E945A
:1085200082F320E030E040E952E40E9448EC0E94EF
:108530006CF30E94EFF31B0180912E0A90912F0A99
:10854000A091300AB091310A62968CAF9DAFAEAF68
:10855000BFAF62972091320A3091330A4091340ABA
:108560005091350A66962CAF3DAF4EAF5FAF669720
:108570009C01AD01609146077091470780914807C3
:10858000909149070E94A5F26DA77EA78FA798AB8F
:1085900066962CAD3DAD4EAD5FAD669760914A07D6
:1085A00070914B0780914C0790914D070E94A5F266
:1085B0002B013C01A50194012E966CAD7DAD8EADD5
:1085C0009FAD2E970E9448EC69AB7AAB8BAB9CAB0E
:1085D00027E137EB41ED58E30E94E3EB87FF50C002
:1085E0002DEB37E346E855EB6DA57EA58FA598A941
:1085F0000E94CDF487FD44C02DEB37E346E855E3F8
:108600006DA57EA58FA598A90E94E3EB1816C4F16D
:108610002DEB37E346E855EBC301B2010E94CDF4E0
:1086200087FD0AC02DEB37E346E855E3C301B201ED
:108630000E94E3EB181614F40E9410200E949CCABA
:1086400060937D0970937E0980937F0990938009E0
:10865000B9CE90E080E046CF2BED3FE049EC50E40E
:10866000C701B6010E94A5F26B017C0143CF2BED3F
:108670003FE049EC50E4C701B6010E94A6F2F4CFF6
:108680002AE037ED43E25CE360911302709114023B
:1086900080911502909116020E9448EC4B015C01FA
:1086A0006091110270911202072E000C880B990B39
:1086B0000E94E9EB9B01AC01C501B4010E9448ECAA
:1086C0006BAF7CAF8DAF9EAF69A97AA98BA99CA92E
:1086D0000E941BF4162F872E982EA92EB10190E030
:1086E00080E00E94E7EB1B01082F9DA39B01482F10
:1086F000592F612F782D892D9A2D0E94CDF41816AF
:1087000024F4212E382C092DADA29101402F5DA11A
:1087100069A97AA98BA99CA90E9482F34B015C01EB
:1087200020E030E040E85FE30E94CDF418160CF042
:108730009AC269A97AA98BA99CA90E946CF30E948C
:10874000EFF37EAB6DAB198A1A8A1B8A1C8A1D8ACD
:108750001E8A1F8A188E198E1A8E1B8E1C8E4DA98A
:108760005EA94230510508F454C2BA0190E080E09D
:108770000E94E7EB23966CAF7DAF8EAF9FAF239740
:108780009B01AC01C701B6010E9482F36FAB78AFC9
:1087900089AF9AAF9B01AC010E9448EC6B017C0150
:1087A000AC019B016FA978AD89AD9AAD0E9448ECF0
:1087B00020E030E040EC50E40E9482F39B01AC01E9
:1087C0006FA978AD89AD9AAD0E94A5F2A6966CAF5F
:1087D0007DAF8EAF9FAFA69720E030E040E05FE333
:1087E000C701B6010E9448EC9B01AC0160E070E05B
:1087F00080E89FE30E94A5F2AA966CAF7DAF8EAF92
:108800009FAFAA9723962CAD3DAD4EAD5FAD23979C
:108810006DA57EA58FA598A90E9482F3E2966CAF04
:108820007DAF8EAF9FAFE29723962CAD3DAD4EADA1
:108830005FAD2397C301B2010E9482F3E6966CAF4D
:108840007DAF8EAF9FAFE69762968CAD9DADAEAD1E
:10885000BFAD629789879A87AB87BC8766962CAD38
:108860003DAD4EAD5FAD66972D873E874F87588BE8
:108870000E949CCA9B01AC0128533F4F4F4F5F4F52
:10888000AE962CAF3DAF4EAF5FAFAE970091DB0918
:108890001091DC092091DD093091DE096091DF093A
:1088A0007091E0098091E1099091E209061717079C
:1088B0002807390710F4C901B8010E94E7EB6A964E
:1088C0006CAF7DAF8EAF9FAF6A97E090030AF090D8
:1088D000040A0091050A1091060AA090FF09B090C1
:1088E000000AC090010AD090020A9501A601B701C2
:1088F000C8010E94CDF4181614F4750186012BAD41
:108900003CAD4DAD5EADCA01B9010E9448EC6DA30E
:108910007DA71C016A962CAD3DAD4EAD5FAD6A974B
:108920002E966CAD7DAD8EAD9FAD2E970E9448EC1E
:108930005B016C019701A801B701C8010E9448ECD6
:108940007B018C019501A6016DA17DA5C1010E944D
:10895000CDF418161CF4ADA2BDA616012DA13DA59F
:10896000A101B701C8010E94E3EB87FF03C0EDA29C
:10897000FDA6180149A05AA06BA07CA039E126965B
:108980003FAF269741E050E025965FAF4EAF259769
:108990000E94B8A50E949CCAAE960CAD1DAD2EAD2E
:1089A0003FADAE97061B170B280B390B101611069F
:1089B000120613067CF09B01AC0128533F4F4F4F2A
:1089C0005F4FAE962CAF3DAF4EAF5FAFAE9780E03E
:1089D0000E94643626963FAD2697315026963FAFCB
:1089E000269725964EAD5FAD2597BA0190E080E0C1
:1089F0000E94E7EB2A966CAF7DAF8EAF9FAF2A97B0
:108A000026965FAD2697552309F45AC19201A3011A
:108A1000A6966CAD7DAD8EAD9FADA6970E9448EC3D
:108A20006B017C0129A53AA54BA55CA5AA966CAD66
:108A30007DAD8EAD9FADAA970E9448EC9B01AC0125
:108A4000C701B6010E94A6F27B018C019201A3012D
:108A5000AA966CAD7DAD8EAD9FADAA970E9448ECF5
:108A60004B015C0129A53AA54BA55CA5A6966CAD6A
:108A70007DAD8EAD9FADA6970E9448EC9B01AC01E9
:108A8000C501B4010E94A5F22B013C01C701D80128
:108A900089A79AA7ABA7BCA79201A3016E966CAD5C
:108AA0007DAD8EAD9FAD6E970E94A6F269837A83ED
:108AB0008B839C8329A53AA54BA55CA5A2966CAD9A
:108AC0007DAD8EAD9FADA2970E94A6F26D837E8391
:108AD0008F8398872A962CAD3DAD4EAD5FAD2A971A
:108AE000E2966CAD7DAD8EAD9FADE2970E9448ECF5
:108AF00062962CAD3DAD4EAD5FAD62970E94A6F281
:108B000069877A878B879C872A962CAD3DAD4EADC1
:108B10005FAD2A97E6966CAD7DAD8EAD9FADE697C5
:108B20000E9448EC66962CAD3DAD4EAD5FAD6697AC
:108B30000E94A6F26D877E878F87988BCE01019663
:108B40000E94C68923962CAD3DAD4EAD5FAD2397F7
:108B500069A97AA98BA99CA90E9482F32A962CADB7
:108B60003DAD4EAD5FAD2A970E9448EC9B01AC0134
:108B700069A97AA98BA99CA90E94A5F26B017C0125
:108B80006A962CAD3DAD4EAD5FAD6A97CA01B90195
:108B90000E94A6F29B01AC01C701B6010E9448ECFD
:108BA0007B018C012DA13DA5A1010E94CDF41816D9
:108BB0001CF4EDA0FDA48101C701D801898F9A8F13
:108BC000AB8FBC8F9E012F5E3F4F4BAD5CAD6DAD4B
:108BD0007EADCE0101960E94DDC28823D1F02E9693
:108BE0002CAD3DAD4EAD5FAD2E972D8B3E8B4F8B9B
:108BF000588F25964EAD5FAD25974F5F5F4F2596F9
:108C00005FAF4EAF25978DA99EA98417950709F0F0
:108C1000BFCE80E1EEE3F7E0DE01119601900D9208
:108C20008A95E1F7CE0101960E94C6891D8A1E8AA7
:108C30001F8A188E198E1A8E1B8E1C8E9E012F5E17
:108C40003F4F4BAD5CAD6DAD7EADCE0101960E9448
:108C5000DDC280E1EEE3F7E0A6E2BAE001900D921A
:108C60008A95E1F7EBCC2DEC3CEC4CEC5DE3C501D7
:108C7000B4010E94E3EB87FF1FC02DEC3CEC4CECF1
:108C80005DE369A97AA98BA99CA90E9482F30E943D
:108C90001BF44B015C0120E030E040E85FE30E9400
:108CA000E3EB87FF06C0812C912C80E8A82E8FE390
:108CB000B82EC501B40143CDB101802F9DA13FCD98
:108CC0002A962CAD3DAD4EAD5FAD2A976FA978AD1C
:108CD00089AD9AAD0E9448EC4B015C010E947FF384
:108CE0006B017C01C501B4010E9409F54B015C01D7
:108CF000A701960169A17AA18BA19CA10E9448ECD1
:108D00002B013C012D8D3E8D4F8D58A1C501B40125
:108D10000E9448EC9B01AC01C301B2010E94A6F283
:108D20002B013C01A501940169A17AA18BA19CA111
:108D30000E9448EC4B015C012D8D3E8D4F8D58A15A
:108D4000C701B6010E9448EC9B01AC01C501B4010A
:108D50000E94A5F269A77AA78BA79CA789E126960E
:108D60008FAF269799CE20E030E0A901C301B20170
:108D70000E94E3EB882309F41FCB1D8E1E8E1F8EED
:108D800018A2A3019201505829A33AA34BA35CA3B4
:108D90008D8D9E8DAF8DB8A1B05889A79AA7ABA72E
:108DA000BCA7A3019201C301B2010E9448EC6B0170
:108DB0007C012D8D3E8D4F8D58A1CA01B9010E94B5
:108DC00048EC9B01AC01C701B6010E94A6F20E94CB
:108DD00013F52E966CAF7DAF8EAF9FAF2E97809020
:108DE000260A9090270AA090280AB090290AA30189
:108DF0009201C501B4010E94A6F26E966CAF7DAFE0
:108E00008EAF9FAF6E9720912A0A30912B0A409126
:108E10002C0A50912D0A29AB3AAB4BAB5CAB2D8D94
:108E20003E8D4F8D58A169A97AA98BA99CA90E9452
:108E3000A6F2A2966CAF7DAF8EAF9FAFA297409087
:108E40003E0750903F0760904007709041076E9634
:108E50002CAD3DAD4EAD5FAD6E97C301B2010E942A
:108E6000A5F26DA37EA38FA398A7C0904207D090D0
:108E70004307E0904407F0904507A2962CAD3DAD26
:108E80004EAD5FADA297C701B6010E94A5F26DA7D6
:108E90007EA78FA798ABA3019201C501B4010E94E0
:108EA000A5F24B015C012DEB37E346E855EB0E9440
:108EB000CDF487FDC4CA2DEB37E346E855E3C50181
:108EC000B4010E94E3EB18160CF4B9CAA70196018D
:108ED00069A97AA98BA99CA90E94A5F26B017C01C2
:108EE0002DEB37E346E855EB0E94CDF487FDA7CA8A
:108EF0002DEB37E346E855E3C701B6010E94E3EBEB
:108F000018160CF49CCA28E4222E312C3BED832E3B
:108F10003FE0932E39ECA32E30E4B32E9BEDC92E07
:108F20009FE0D92E99ECE92E90ECF92E111104CB8B
:108F30007501640101CB2F923F924F925F926F9225
:108F40007F928F929F92AF92BF92CF92DF92EF92D9
:108F5000FF920F931F93CF93DF93CDB7DEB7CA591C
:108F6000D1090FB6F894DEBF0FBECDBF80919F0927
:108F7000888B8091500690915106A0915206B09135
:108F80005306AC01BD0116E1769567955795479557
:108F90001A95D1F740FF00C10E94CD26811107C06C
:108FA0000E943B2A80E497E00E94152A0FC18AE5BF
:108FB0000E94A519882339F10E94181F2091790970
:108FC00030917A0940917B0950917C090E94A5F269
:108FD0006B017C0120E030E040E251ECC701B601BA
:108FE0000E94CDF487FD0AC020E030E040E251E469
:108FF000C701B6010E94E3EB181674F40E943B2AE5
:1090000083E397E0D1CFC0902E0AD0902F0AE09052
:10901000300AF090310ADECF40E050E060EC7FE7AC
:1090200088E50E94461F2091710930917209409194
:109030007309509174090E94A5F22B013C0140E094
:1090400050E060EC7FE789E50E94461F209175099A
:109050003091760940917709509178090E94A5F2E4
:109060004B015C016FEF89E40E94DD1E182F6FEF4A
:109070008AE40E94DD1E082FA3019201C301B20100
:109080000E9455F5811156C0A5019401C501B40196
:109090000E9455F581114EC020915307309154071D
:1090A0004091550750915607C301B2010E94A5F2A5
:1090B00020915B0730915C0740915D0750915E07FE
:1090C0000E9482F320E030E040E05FE30E94A6F2DD
:1090D0000E94EAF3162F20915707309158074091CC
:1090E000590750915A07C501B4010E94A5F2209179
:1090F0005F073091600740916107509162070E94BD
:1091000082F320E030E040E05FE30E94A6F20E949C
:10911000EAF3062F812F012E000C990B97FD34C026
:109120000597A4F5802F002E000C990B97FD30C0F9
:10913000059784F5153008F049C0053008F046C0A1
:1091400080E00E94E22625E01202F0011124E00FE7
:10915000F11D07FDFA95EE0FFF1FEE0FFF1FED59F2
:10916000F84FC082D182E282F3820E942529602FCB
:10917000812F0E94949B8889882341F181E00E947D
:10918000E2260E94D68C22C010E0CCCF14E0CACFD9
:1091900000E0D0CF04E0CECF79E0B695A7959795C3
:1091A00087957A95D1F780FD0CC070E060E086E588
:1091B0000E940B1F9A838983059710F18EE097E038
:1091C000F3CE80E00E94E2260E94A629C656DF4F19
:1091D0000FB6F894DEBF0FBECDBFDF91CF911F91C8
:1091E0000F91FF90EF90DF90CF90BF90AF909F9046
:1091F0008F907F906F905F904F903F902F90089549
:1092000060E084E40E94F61E8F8740E050E0BA01DF
:109210008AE50E94461F6BA77CA78DA79EA740E00A
:1092200050E669EF75E483E50E94461F6B017C01FF
:1092300020E030E040E752E40E94E3EB87FF12C0F9
:1092400040E050E060E772E48FEE96E00E942B2A47
:1092500082EE96E00E94152AC12CD12C60E7E62E02
:1092600062E4F62E20E030E040E752E4C701B601A8
:109270000E9482F360934F027093500280935102D8
:10928000909352020091C90B1091CA0BF801C08053
:10929000D180E280F38020E030E0A901C701B6016F
:1092A0000E94A6F2C956DF4F6883C759D040C856FE
:1092B000DF4F7883C859D040C756DF4F8883C959DC
:1092C000D040C656DF4F9883CA59D04020E030E0E6
:1092D00040E251E40E94E3EB87FF16C0C956DF4F1E
:1092E0001882C759D040C856DF4F1882C859D0409D
:1092F000F0E2C756DF4FF883C959D04021E4C65683
:10930000DF4F2883CA59D04020E030E046E953E4DB
:10931000C701B6010E94A6F2CD56DF4F6883C3593C
:10932000D040672ECC56DF4F8883C459D040CB56EF
:10933000DF4F9883C559D04020E030E041E953E445
:109340000E94CDF4181694F4CD56DF4F1882C359FD
:10935000D040612C81E9CC56DF4F8883C459D0407E
:1093600093E4CB56DF4F9883C559D040F8018480F1
:109370009580A680B78020E030E0A901C501B40146
:109380000E94A6F27B018C0120E030E040E251E433
:109390000E94E3EB87FF04C0E12CF12C00E211E412
:1093A00020E030E046E953E4C501B4010E94A6F292
:1093B000B62EC72ED82ECA56DF4F9883C659D04036
:1093C00020E030E041E953E40E94CDF4181654F453
:1093D000B12CC12C51E9D52EF3E4CA56DF4FF883E6
:1093E000C659D04088E40E945719882309F457C20F
:1093F0000E94181F0E94EAF31B0177FF02C06F5FF3
:109400007F4F759567957195619571096A567F4F84
:10941000072E000C880B990B0E94E9EB762E872E05
:10942000982EA92E9701A8010E94CDF4181624F4B5
:10943000E72CF82C092D1A2DC956DF4F2881C75962
:10944000D040C856DF4F3881C859D040C756DF4F8B
:109450004881C959D040C656DF4F5881CA59D040BB
:10946000672D782D892D9A2D0E94CDF41816A4F021
:10947000C956DF4F7880C759D040C856DF4F888023
:10948000C859D040C756DF4F9880C959D040C656FA
:10949000DF4FA880CA59D040872D982DA92DBA2D0D
:1094A0008B8B9C8BAD8BBE8BC701D8018F8B988F1C
:1094B000A98FBA8FB101330C880B990B0E94E9EB8D
:1094C0001B012C01AC019B01B701C8010E94A6F24F
:1094D0007B018C012B2D3C2D4D2DCA56DF4F588121
:1094E000C659D0400E94E3EB87FF08C0BE2CCF2CAA
:1094F000D02ECA56DF4F1883C659D040A201910121
:10950000672D782D892D9A2D0E94A6F27B018C0162
:10951000CD56DF4F2881C359D040362DCC56DF4F72
:109520004881C459D040CB56DF4F5881C559D040EF
:109530000E94E3EB87FF10C0CD56DF4FE882C3598E
:10954000D0406F2CCC56DF4F0883C459D040CB5647
:10955000DF4F1883C559D040CD56DF4F8881C3599E
:10956000D040962DCC56DF4FA881C459D040CB5661
:10957000DF4FB881C559D0408B8F9C8FAD8FBE8F88
:109580008B2D9C2DAD2DCA56DF4FB881C659D040CA
:109590008F8F98A3A9A3BAA3CE0143960E94C0C4FB
:1095A000882309F4CBC1CE014B960E94C0C4D82EAB
:1095B000882309F4C3C12F89388D498D5A8D6F8D49
:1095C00078A189A19AA10E94A5F220E030E040E8AC
:1095D0005EE30E9448EC4B015C012B893C894D897C
:1095E0005E896B8D7C8D8D8D9E8D0E94A5F220E015
:1095F00030E040E85EE30E9448EC6BA37CA38DA3BF
:109600009EA38FA298A6A9A6BAA689819A811816A8
:1096100019066CF480EB96E00E94152A8F8588234A
:1096200021F086EA96E00E94152A0E94412A0E94B3
:10963000887E0E94878A80E00E94E22680917009DD
:10964000811104C060E081E00E943E8E8F8581110F
:1096500046C020915B0730915C0740915D075091B7
:109660005E076BA17CA18DA19EA10E94E3EB8111FD
:1096700030C020915F0730916007409161075091A1
:1096800062076FA178A589A59AA50E94E3EB8111D5
:1096900020C02091530730915407409155075091B5
:1096A00056076B897C898D899E890E94E3EB811125
:1096B00010C0209157073091580740915907509199
:1096C0005A076F89788D898D9A8D0E94E3EB8823E4
:1096D00031F080E00E94E2260E94A629188A60E00C
:1096E00085E40E94F61E882309F42BC121E0CD56A3
:1096F000DF4F2883C359D0401B861C861D861E86DB
:109700001A8A26E7A22E26E0B22E34E8832E36E00F
:10971000932E0A8905300CF022C16B857C858D85DE
:109720009E859B01AC010E9455F5811118C1CC2486
:10973000C39495E0392ED11005C0CC24CA943324AB
:109740003A9484E091E0D926102F110F110F100FD9
:109750001F5F898B09896A89031509F4FCC0062EED
:10976000000C770B880B990B0E94E9EB2FA138A511
:1097700049A55AA50E9448EC2F89388D498D5A8DEC
:109780000E94A6F22B013C01602F000F770B880B83
:10979000990B0E94E9EB2BA13CA14DA15EA10E9477
:1097A00048EC2B893C894D895E890E94A6F26B8327
:1097B0007C838D839E834F82588669867A868981D1
:1097C0009A81892B91F082E996E00E94152A812FD7
:1097D0000E94A61E80E996E00E94152A89E10E9457
:1097E000A61E8DE896E00E94152A1F92E9E1EF93EC
:1097F0001F921F93BF92AF929F928F921F920E94CF
:10980000C4CA2F81388549855A856B817C818D81B9
:109810009E81E980CD56DF4F0881C359D0400E9418
:10982000F2C52B013C014B865C866D867E860FB6A9
:10983000F894DEBF0FBECDBFAC019B010E9455F571
:10984000811186C009892A8825E00203700111244C
:10985000E20CF11C27FCFA94EE0CFF1CEE0CFF1C32
:1098600081E090E08C0F9D1FE80EF91EA30192018C
:109870006BA57CA58DA59EA50E94A6F2F70166A703
:1098800077A780AB91AB622D802F0E94949B188AA2
:1098900081E00E9464361F5F89898C0D5ACFA70131
:1098A000B80186E40E94461F1B012C01C956DF4FF8
:1098B0004881C759D040C856DF4F5881C859D04059
:1098C000C756DF4F6881C959D040C656DF4F7881EF
:1098D000CA59D0408CE40E94461F6B8B7C8B8D8BC9
:1098E0009E8B2F8A388E498E5A8E4B2D5C2D6D2D76
:1098F000CA56DF4F7881C659D04082E40E94461F85
:109900006B017C01CD56DF4F4881C359D040562DA5
:10991000CC56DF4F6881C459D040CB56DF4F788199
:10992000C559D04082E50E94461F6B8F7C8F8D8F7A
:109930009E8FCF8ED8A2E9A2FAA22ECE86EC96E018
:1099400033CB83E0CD56DF4F8883C359D040D4CE8C
:1099500088890E94E2268A898F5F8A8BDACE0E94EC
:1099600024C480E00E944B26882359F088890E94F5
:10997000E22680E090E0A0ECBFE78B879C87AD8774
:10998000BE876B857C858D859E859B01AC010E9481
:1099900055F5811110C08F85882381F0CE018F96F7
:1099A0000E941B318F85882319F08889882319F03C
:1099B00081E00E94E2260E946E8AE3CBBE016D5ECA
:1099C0007F4FCE0183960E94392984E6FE01BF961F
:1099D000A3E6B7E001900D928A95E1F70E94252950
:1099E00090E080E0DDCFCF93C82F8091DA0983FD2E
:1099F0000AC00E94F519882331F080911D029091D0
:109A00001E020E9467928FEA9CE20E94A992CC23D8
:109A100029F061E080E0CF910C94A6A180915207DB
:109A200091E0892780932809809128098823F1F003
:109A300020E030E040E05FE36091970B7091980B7D
:109A40008091990B90919A0B0E94A6F20E94EAF3E2
:109A500020919B0B30919C0B621B730B77FF03C013
:109A60007195619571096230710544F4109228096D
:109A70008091DA0983FF06C081E00FC080E00E9478
:109A80006436D2CF0E94F5198823B1F30E943E2A92
:109A900080EA95E00E94152A80E0CF910895CF9248
:109AA000DF92EF92FF92CF93DF936B017C01D42F73
:109AB000C091610583E08093610581E08093360762
:109AC000C114D104E104F10431F00E949CCAC60E15
:109AD000D71EE81EF91E809136078823C1F0C114F5
:109AE000D104E104F10421F48D2F0E946436F3CFF8
:109AF0000E949CCAA7019601261B370B480B590BE5
:109B0000DA01C901181619061A061B066CF3109221
:109B10003607C0936105DF91CF91FF90EF90DF9002
:109B2000CF900895809154068823D1F10FB607FC99
:109B30002DC09091550680915606981304C08091CF
:109B4000D00086FD2DC08091D00085FF1EC0809181
:109B5000560620915506821306C08091D1008F7D54
:109B60008093D10012C0E82FF0E0EB5AF94F9281B8
:109B70008F5F8F729093D600809356069091D0009D
:109B800090649093D000281741F3D3CF909155065D
:109B900080915606981303C08091D00086FFF6CFBF
:109BA0000895CF93DF9300D000D01F921F92CDB7BE
:109BB000DEB7FE01339696E0DF011D929A95E9F734
:109BC0009AE5998395EA9A838C834D836E8348E066
:109BD000BE016F5F7F4F80EB90E00E94AF22A2DF5B
:109BE00062E370E080E090E00E9402CA28960FB61F
:109BF000F894DEBF0FBECDBFDF91CF910895CF9314
:109C0000DF9300D000D01F921F92CDB7DEB7FE01C8
:109C1000339696E0DF011D929A95E9F79AE59983CC
:109C200095EA9A8391E098878C834D836E8348E010
:109C3000BE016F5F7F4F80EB90E00E94AF2272DF2A
:109C400062E370E080E090E00E9402CA28960FB6BE
:109C5000F894DEBF0FBECDBFDF91CF910895809104
:109C6000B1069091B2062FEF3FEF981751F0E92F10
:109C7000F0E0EF54F94F228130E09F5F9F7790939F
:109C8000B206C90108951F920F920FB60F921124C8
:109C90000BB60F922F938F939F93EF93FF93809127
:109CA000560620915506821306C08091D1008F7D03
:109CB0008093D10012C0E82FF0E0EB5AF94F928167
:109CC0008F5F8F729093D600809356069091D0004C
:109CD00090649093D000281741F3FF91EF919F91EA
:109CE0008F912F910F900BBE0F900FBE0F901F9072
:109CF00018951F920F920FB60F9211240BB60F9268
:109D00002F938F939F93EF93FF939091D600209181
:109D1000B206E091B10681E08E0F8F77281729F007
:109D2000F0E0EF54F94F9283E82FE093B106FF91F2
:109D3000EF919F918F912F910F900BBE0F900FBEBF
:109D40000F901F9018951F920F920FB60F9211242B
:109D50000BB60F922F938F939F93EF93FF93909156
:109D6000CE002091370AE091360A81E08E0F8F777E
:109D7000281729F0F0E0EA5CF54F9283E82FE09392
:109D8000360AFF91EF919F918F912F910F900BBE0B
:109D90000F900FBE0F901F9018951F920F920FB645
:109DA0000F9211240F900FBE0F901F9018951F92C5
:109DB0000F920FB60F9211240F900FBE0F901F90AD
:109DC00018951F920F920FB60F9211240BB60F9297
:109DD0002F938F939F93EF93FF939091C6002091C1
:109DE000B90AE091B80A81E08E0F8F77281729F021
:109DF000F0E0E854F54F9283E82FE093B80AFF9122
:109E0000EF919F918F912F910F900BBE0F900FBEEE
:109E10000F901F9018958EBD0DB407FEFDCF0895CD
:109E20008FEF8EBD0DB407FEFDCF8EB508959091D6
:109E300064009B7F90936400982F906A96959CBDD8
:109E400080FD03C091E0863009F490E09DBD089547
:109E50000F931F93CF93DF93CDB7DEB76B970FB6FA
:109E6000F894DEBF0FBECDBFFB01018110E08091F1
:109E7000AE069091AF06800F911F0E94C9D2882331
:109E800009F457C080917A0B85FF66C01092AF0627
:109E90001092AE068FEF9FEF90930F0280930E0209
:109EA00080913A0B09E819E0882311F00AE31BE0DE
:109EB00019821C8280915D136FE373E1882311F096
:109EC0006AE573E121E0A801CE0101960E94A8D4C1
:109ED0008823D1F18BE1FE013196AAE5B3E101902F
:109EE0000D928A95E1F780917A0B8F7B80937A0BA4
:109EF000A0916F0BAA3080F481E08A0F80936F0BE2
:109F00008BE18A9FD0011124AB58BC4EEAE5F3E106
:109F100001900D928A95E1F78FEF9FEF90932702C2
:109F200080932602CE0101960E94852681E08093CF
:109F300038076B960FB6F894DEBF0FBECDBFDF912A
:109F4000CF911F910F9108950E943E2AB80185EE8E
:109F500096E10E9411DAE6CF8091AE069091AF06AD
:109F6000080F191F10930F0200930E02DFCFFB01A1
:109F700081818F3F91F0882341F08E3FF9F446E0D4
:109F800060E070E0CB010E946F930E94A09260E0BD
:109F900070E0CB010E94749206C046E060E070E081
:109FA000CB010E946F9340E355E760E070E08BE2E5
:109FB00097E10E944A9481E0809338070895CF93F7
:109FC000DF93FB01C081D181DC27CD27DC27FC0199
:109FD000808191818131F0E29F0731F0823190429E
:109FE00081F0DF91CF910895BE01DD0F880B990BB1
:109FF0000E94E9EB46E00E946F9381E0809338076E
:10A00000F0CF0E94A092BE01DD0F880B990B0E9439
:10A01000E9EB0E947492F1CFFB018181823091F0D3
:10A02000833019F18130E9F40E94A09260E070E081
:10A0300088E493E40E94749246E060E070E080E778
:10A0400092E40DC00E94A09260E070E080E793E48B
:10A050000E94749246E060E070E080EA92E40E9420
:10A060006F9381E08093380708950E94A09260E08A
:10A0700070E080E793E4DECF2F923F924F925F92A1
:10A080006F927F928F929F92AF92BF92CF92DF9208
:10A09000EF92FF920F931F93CF93DF93CDB7DEB76D
:10A0A00062970FB6F894DEBF0FBECDBF0E94763325
:10A0B00087FDD2C389E29DE20E94A99285E40E94B5
:10A0C000A519812C912CA12C30E4B32E882379F092
:10A0D0000E94181F4B015C0120E030E0A9010E94A2
:10A0E000CDF487FF04C0B7FAB094B7F8B0948CE011
:10A0F000E7EFF3E0DE01119601900D928A95E1F70A
:10A1000088E50E94A519882351F040E050E0BA018B
:10A1100088E50E94461F69837A838B839C8389E547
:10A120000E94A519882351F040E050E0BA0189E56A
:10A130000E94461F6D837E838F8398878AE50E94E5
:10A14000A519882351F040E050E0BA018AE50E9449
:10A15000461F69877A878B879C87C090CC07D090F1
:10A16000CD07E090CE07F090CF0785E50E94A519B6
:10A17000882321F00E94181F6B017C0120E030E051
:10A18000A901C701B6010E94CDF487FF04C0F7FA08
:10A19000F094F7F8F0946AE070E082E40E940B1FFC
:10A1A0008091AC08811158C361E082E597E00E947C
:10A1B000AC2B40EE59E16FE677E085E00E94AAC43F
:10A1C0001091AC0881E0810F8093AC080E9481352A
:10A1D0008E87882341F080917A0B8B7F80937A0B56
:10A1E0001E5F1093AC080E948F9080E1E6E2FAE0D7
:10A1F000A8E4B5E001900D928A95E1F787E00E940E
:10A2000035898D87811157C129852F878A85888B4C
:10A210002B85298B8C858A8B20902E0A30902F0AD3
:10A220004090300A5090310A20E030E040E050E4A5
:10A23000C201B1010E94A6F23B018C0120E030E096
:10A2400048EC53E40E94CDF4181624F4612C712CD0
:10A2500008EC13E49301A8016F85788989899A89AC
:10A260000E94CDF4181624F46F84788809891A891D
:10A27000A2019101B301C8010E94A5F22E852223FB
:10A2800051F02091C707222331F041E02D852111A3
:10A2900040E00E94EE200E94887E20E030E0A9018C
:10A2A000C501B4010E94E3EB882369F00E94F37DAD
:10A2B000811109C0C501B401905820E030E040E7A9
:10A2C00052E40E94FA8B8D858111DFC2BE016F5F5F
:10A2D0007F4F0E94E49020E030E0A901C701B60161
:10A2E0000E94E3EB882309F451C062E080E07BDB4D
:10A2F000882309F44BC08BE19DE20E94A99220E0E3
:10A3000030E040E752E460E070E080E591EC0E94CC
:10A31000FA8B68E873E180E090E00E94003520E06D
:10A3200030E048EC51E460E070E088EA91E40E949B
:10A33000FA8B8090130A9090140AA090150AB0909E
:10A34000160A80E090E0A8ECB1E48093130A9093A1
:10A35000140AA093150AB093160AC701B6019058C3
:10A3600020E030E040E251E40E94FA8B8092130A30
:10A370009092140AA092150AB092160A0E94FB7CD1
:10A3800064E670E080E090E00E9400350E94FB7C73
:10A3900064E670E080E090E00E94003560E083E0D9
:10A3A0000E9474C40E943E2A85E797E00E94152A05
:10A3B0000E949CCA685370458F4F9F4F6093DD0782
:10A3C0007093DE078093DF079093E0071092E10718
:10A3D0001091610583E08093610583EE97E00E9410
:10A3E000282C83EE97E00E94A99281E080933607A3
:10A3F00080913607882309F463C08091E1078823A0
:10A4000009F455C08CEB9CE20E94A9920E943E2A5E
:10A4100086EC97E00E94152A40E067EB77E082E047
:10A420000E94032C80EB97E00E94DF2B0E94FB2B05
:10A4300087EB97E00E94A99241E060E070E0CB01D9
:10A440002EDB40E063EA77E085E00E94032C0E9467
:10A45000FB2B83EA97E00E9476C10E94A09260E005
:10A4600080E0C1DA60E083E00E9474C40E943E2A6A
:10A4700085E797E00E94152A0E949CCA68537045A0
:10A480008F4F9F4F6093DD077093DE078093DF0748
:10A490009093E0071092E10787E997E00E94282C4B
:10A4A00087E997E00E94A99281E08093360781E0D6
:10A4B0000E9464369DCF60E070E080E090E4DECEE4
:10A4C0001093610570E060E082E50E940B1F8C0133
:10A4D000C090C807D090C907E090CA07F090CB079A
:10A4E0008CE40E94A519882321F00E94181F6B019B
:10A4F0007C0120E030E0A901C701B6010E94CDF443
:10A5000087FF04C0F7FAF094F7F8F0948091AC0854
:10A51000882309F4A1C1B090E1070E94A092809124
:10A520009B0B90919C0B801791071CF4C8010E9413
:10A53000679260E080E057DA882309F4A5C0BB2069
:10A5400061F184EF9CE20E94A9920E943E2A8EE271
:10A5500098E00E94152AB090610583E08093610520
:10A5600081E08093360780E298E00E94A99240E360
:10A5700060E178E082E00E94032C85EE98E00E9482
:10A58000DF2B0E94FB2B80913607882321F081E08E
:10A590000E946436F8CFB092610587EE9CE20E947B
:10A5A000A99220E030E0A901C701B6010E94E3EBC7
:10A5B000882321F18090130A9090140AA090150A24
:10A5C000B090160A80E090E0A8ECB1E48093130A02
:10A5D0009093140AA093150AB093160A20E030E075
:10A5E00040EC50E4C701B6010E94FA8B8092130A36
:10A5F0009092140AA092150AB092160A23E0D22E65
:10A600008AED9CE20E94A99220E030E040E450E410
:10A6100060E070E088E492E40E94FA8B80915A0531
:10A6200091EFE92E97E0F92E811104C085EEE82E16
:10A6300088E0F82E40E069E078E081E00E94032C99
:10A640008FEF97E00E94DF2BC7010E94DF2B0E9453
:10A65000FB2BF0906105D0926105109236071092A5
:10A660005B058FE99CE20E94A99280915B058111B4
:10A6700004C081E00E946436F8CFF0926105813019
:10A6800009F4BECF0E94FF2B101611063CF4C8013E
:10A690000E94679260E080E00E94A6A18CEC9CE2A0
:10A6A0000E94A99260E081E09ED920E030E040E77E
:10A6B00052E460E070E080E090EC0E94FA8B87E06A
:10A6C0000E94358981115CC08091320A9091330AD1
:10A6D000A091340AB091350A40912E0A50912F0A68
:10A6E0006091300A7091310A00914C0510914D052E
:10A6F00020914E0530914F05C0904805D0904905F6
:10A70000E0904A05F0904B05C0923E07D0923F077B
:10A71000E0924007F09241070093420710934307ED
:10A7200020934407309345074093460750934707CB
:10A73000609348077093490780934A0790934B07AB
:10A74000A0934C07B0934D0760E070E088EC92E472
:10A750000E947AAB8091500590915105A0915205CD
:10A76000B09153058093460790934707A0934807FD
:10A77000B093490760E070E080EA90E40E947AAB11
:10A7800020E030E040E752E460E070E080E090E4F8
:10A790000E94FA8BC0905405D0905505E090560564
:10A7A000F090570520E030E0A901C701B6010E94F2
:10A7B000E3EB87FF08C020E030E040E752E4C70148
:10A7C000B6010E94FA8B8091540590915505A09195
:10A7D0005605B09157058093320A9093330AA0939F
:10A7E000340AB093350A80934A0790934B07A0939D
:10A7F0004C07B0934D070E94318C61E080E598E0F2
:10A800000E94AC2B8091AC0881508093AC0840EE44
:10A8100059E168E578E085E00E94AAC48091960934
:10A82000823011F40E946A908091AC08882381F0F4
:10A8300081508093AC080E94FFCB8091C70788238A
:10A8400039F040E060E070E080E090E40E94EE20AB
:10A850000E94A8330E9424C462960FB6F894DEBF0B
:10A860000FBECDBFDF91CF911F910F91FF90EF9061
:10A87000DF90CF90BF90AF909F908F907F906F9020
:10A880005F904F903F902F90089589E597E00E9448
:10A8900076C121CD2F923F924F925F926F927F921D
:10A8A0008F929F92AF92BF92CF92DF92EF92FF92E0
:10A8B0000F931F93CF93DF93CDB7DEB7E1970FB61A
:10A8C000F894DEBF0FBECDBF89AB2091610528ABE8
:10A8D00081E080936105809181058D3409F4F4C293
:10A8E000843509F443C08734E9F420917F05309121
:10A8F00080052B31310509F481C0B8F424303105CD
:10A9000058F42230310580F181E02230310509F020
:10A9100080E00E94A5402AC02430310579F125311C
:10A92000310521F10E9407D921C02A32310509F4ED
:10A9300046C160F42D31310509F40FC108F481C01E
:10A940002E31310579F70E94526A10C02B3531053E
:10A9500009F413C22C35310509F413C22A35310527
:10A9600009F71092631202C00E94102089A9811178
:10A970000C948C5E0E9449C40C948C5E80E50E940D
:10A98000A519C12CD12C7601882321F00E94AC1E80
:10A990006B017C0183E50E94A519882361F00E9468
:10A9A000181F20E030E04AE754E40E9448EC0E947F
:10A9B000EFF36B017C010E94887EC114D104E10495
:10A9C000F104A1F280912212811104C084E798E081
:10A9D0000E9476C10E949CCA4B015C010E949CCAE5
:10A9E000681979098A099B096C157D058E059F05F3
:10A9F00008F0BCCF80E00E946436F0CF87E00E9470
:10AA00004FA38111B3CF70E060E080E50E940B1F7F
:10AA10008530910578F49CE0E3E0F4E0DE011196E6
:10AA200001900D929A95E1F7BE016F5F7F4F0E94F2
:10AA3000E4909CCF6DE778E085E998E00E94A32B35
:10AA400095CF87E00E943589811111C08091500611
:10AA500090915106A0915206B09153061EE0B69512
:10AA6000A795979587951A95D1F780FD7FCF0E947E
:10AA7000887E0E949CCA60937D0970937E098093B2
:10AA80007F09909380091092360280E00E94E226AE
:10AA90000E94878A81E080931B090E942F8EC090BC
:10AAA0005006D0905106E0905206F0905306F9E11E
:10AAB000F694E794D794C794FA95D1F7C0FE0DC0E9
:10AAC00081E00E943589182F82E00E94358911119A
:10AAD0000C94CA6911E0811101C010E08091500608
:10AAE00090915106A0915206B0915306E7E1B695B8
:10AAF000A79597958795EA95D1F780FF02C00C94AA
:10AB0000BF68112311F40C94C268012F10E08C2D42
:10AB10008170982E0C94D26881EB98E00E9476C1E7
:10AB20000E943E2A8FE998E00E94152A0E94888C94
:10AB300080911A0980931B09992041F021E040E09F
:10AB400060E070E080EA90E40E948F8B0E946E8A41
:10AB50000E94D68C0BCF982EE9CF0E949CCA60939E
:10AB60007D0970937E0980937F099093800980917D
:10AB70009F0981111DC08091500690915106A091AE
:10AB80005206B09153065DE0B695A79597958795C7
:10AB90005A95D1F780FF04C082EC98E00E94FC69CE
:10ABA00087E00E944FA38111E1CE0E949B47DECE39
:10ABB00060E08FE40E94F61E8823E9F2D7CE8091F0
:10ABC0006B09833008F4D2CE89E40E94A519E82EDF
:10ABD00000E0882319F00E94081F082F8AE40E94D1
:10ABE000A519F82E10E0882319F00E94081F182FCD
:10ABF000EE2011F0053020F4FF2039F0153028F058
:10AC000086EC98E00E94152AB1CE80E1E6E2FAE0F7
:10AC1000AEE3B7E001900D928A95E1F7EE2011F1D5
:10AC2000602F70E090E080E00E94E9EB20915B07EC
:10AC300030915C0740915D0750915E070E9448EC9F
:10AC40002091530730915407409155075091560772
:10AC50000E94A6F260933E0770933F0780934007DF
:10AC600090934107FF2011F1612F70E090E080E0A8
:10AC70000E94E9EB20915F073091600740916107E6
:10AC8000509162070E9448EC209157073091580775
:10AC90004091590750915A070E94A6F260934207CB
:10ACA0007093430780934407909345078091500623
:10ACB00090915106A0915206B09153064FE0B6957F
:10ACC000A795979587954A95D1F780FF38C0EE20D4
:10ACD000D1F0E091C90BF091CA0B20813181428102
:10ACE000538160913E0770913F078091400790919A
:10ACF00041070E94A5F260933E0770933F0780933F
:10AD0000400790934107FF20D1F0E091C90BF091EB
:10AD1000CA0B248135814681578160914207709129
:10AD2000430780914407909145070E94A5F26093E4
:10AD3000420770934307809344079093450740E090
:10AD400050E0BA0186E40E94461F6B017C0120E0BE
:10AD500030E0A9010E94CDF418165CF420E030E048
:10AD600040E752E4C701B6010E9482F30E947AAB29
:10AD7000FDCD60E070E0CB01F9CF8FE080936312EE
:10AD8000F5CD80917E05882381F1893009F0EECDE3
:10AD90002FE0A22E24E0B22E36E2C32E3AE0D32ECC
:10ADA000E12C10E000E0D5018D915D010E94A51914
:10ADB000F82E882361F0033011F0E82EF12E0E9466
:10ADC000181FF60160837183828393831F2D0F5FA9
:10ADD000F4E0CF0ED11C043031F7EE2009F464C04A
:10ADE0000E94888C0E94D68CC1CD8FE094E099A7F8
:10ADF00088A781E7682E89E0782E96E2492E9AE0AE
:10AE0000592E10E000E0A8A5B9A58D91B9A7A8A773
:10AE10000E94A519382E8823E9F10E94181F6B01A2
:10AE20007C01033049F0F30120813181428153815B
:10AE30000E94A5F26B017C01D2012D913D914D91B3
:10AE40005C91C701B6010E94A5F24B015C012DEB9C
:10AE500037E346E855EB0E94CDF487FD0AC02DEBA1
:10AE600037E346E855E3C501B4010E94E3EB181649
:10AE70008CF40330F9F0A5019401F3016081718134
:10AE8000828193810E94A6F2D3016D937D938D936D
:10AE90009C9313970F5FB4E06B0E711CE4E04E0EB1
:10AEA000511C043009F0AFCF112309F49BCF0E944D
:10AEB000318C98CFC092320AD092330AE092340A91
:10AEC000F092350A132DE6CF80917F059091800591
:10AED0008737910511F40C94A96008F04CC28D34A9
:10AEE000910509F4FDC608F017C18931910509F4EF
:10AEF000EDC508F0E3C08431910509F47EC508F082
:10AF000084C08131910509F439C508F058C0029711
:10AF100008F008CD80E50E94A519C12CD12C76013E
:10AF2000882321F00E94AC1E6B017C0183E50E9406
:10AF3000A519882361F00E94181F20E030E04AE73D
:10AF400054E40E9448EC0E94EFF36B017C010E94E4
:10AF5000887E80917C0590917D05009709F4FBC463
:10AF60000E94722200917C0510917D05011511054A
:10AF700009F4F6C40E94FF2B82E08093830960E00D
:10AF80008FED98E00E94C52BB0901F138FEF809338
:10AF90001F1380E20E94A41EC8010E94C1260E94C5
:10AFA000412AB0921F1385EE98E00E94DF2B0E9489
:10AFB000FB2B40E0C701B6010E944F4DD7CC429712
:10AFC00009F0B0CC83E50E94A519882309F485C750
:10AFD0000E949CCA60937D0970937E0980937F09CB
:10AFE000909380090E94181F20E030E04AE754E463
:10AFF0000E9448EC0E94EFF36093020270930302F8
:10B000008093040290930502B1CC8631910509F436
:10B0100029C508F423C58731910509F444C548972B
:10B0200009F080CC0E94A09261E080E00E94A6A17D
:10B0300083E50E94A519882321F00E94BC1E0E946E
:10B04000121E84E50E94A5198823A9F00E94BC1E47
:10B050006B017C010E944F90C0923907D0923A0751
:10B06000E0923B07F0923C07CD28CE28CF2819F07C
:10B0700081E0809396090E942435882381F00E9404
:10B08000FFCB0E946F358BEA92E10E94D7D31092DA
:10B09000650B1092660B1092670B1092680B61E0C3
:10B0A00080E297E10E94AC2B40EE59E166E579E041
:10B0B00085E00E94AAC40E9424C458CC8E31910518
:10B0C00009F4B3C598F48B31910509F448C508F427
:10B0D00033C58C31910509F4A0C54D9709F022CCF8
:10B0E00080917A0B8E7F80937A0B40CC80329105D1
:10B0F00009F4ABC508F4D2C58B34910509F4ECC54D
:10B100008C34910509F00ECC0E948F9061E08BEB9E
:10B1100099E00E94AC2B2ACC8B36910509F418C615
:10B1200008F091C08535910509F409C738F58235D5
:10B13000910509F4C2C6C8F48135910509F0F2CB36
:10B140000E944A80109220120E947F7B0E94AB9046
:10B150000E94552668EE73E080E090E00E94003582
:10B1600085EF99E00E9476C101CC8335910509F401
:10B17000ACC68435910509F425CFD4CB883691052A
:10B1800009F4B2C5C0F58C35910509F0CBCB0E940E
:10B19000763387FDEBCB8091500684FD09C080910A
:10B1A000520687FD05C080915306837009F457C786
:10B1B000EFE0CE2EE4E0DE2EFBEDEF2EF9E0FF2EE9
:10B1C00010E0D6018D916D010E94A519882351F0E0
:10B1D000133009F4F5C60E94181FF701648B758BB4
:10B1E000868B978B1F5FF4E0EF0EF11C143049F74C
:10B1F0000E94657EBBCB8936910509F47FC58A36EE
:10B20000910509F08FCB60E080E50E94DD1E811181
:10B21000ADCB8091500660912012062F80FD02C0B8
:10B220000FEF10E083E50E94A519882349F00E94E2
:10B23000AC1E8B016F3F710519F010F00FEF10E09D
:10B240000093201293CB8037910509F4CAC508F00A
:10B250004FC08D36910509F44CC508F4BCC58E3637
:10B26000910509F480C58F36910509F05BCB83E524
:10B270000E94A519882321F00E94CC1E8093DA0930
:10B280000E943E2A89ED99E00E94152A8091DA09F0
:10B29000882309F49DC5BFECEB2EB9E0FB2E10E02E
:10B2A00000E020E0F701C590D490C114D104B9F0BA
:10B2B0008091DA0990E0002E02C0959587950A9456
:10B2C000E2F780FF0CC0BB24B394B20E222319F026
:10B2D0008CE20E94A41EC6010E94152A2B2D0F5F2E
:10B2E0001F4FA2E0EA0EF11C05301105D9F65BC430
:10B2F0008337910509F4E7C678F48137910509F49D
:10B30000B1C58237910509F00DCB0E94F4C18FEDD4
:10B310009BE00E94367C2ACB8537910509F4D7C67D
:10B320008637910509F0FECA00917C0510917D05D4
:10B3300024E08FEFF12C30E0215009F4E2C6F8014F
:10B340009081492F4B7F413409F0D5C6418141336B
:10B3500009F0D7C6913409F4F5C6953409F431E003
:10B36000A8014E5F5F4F8A014F5F5F4FF8019081E8
:10B370009032C9F3E1CF8239F1E09F0711F40C94C8
:10B380001D6508F055C18D3C910511F40C941362B4
:10B3900008F099C08E3B910509F48AC598F5893764
:10B3A000910509F4E3C608F4D8C68C38910509F470
:10B3B0007AC58B39910509F0B5CA83E50E94A519B4
:10B3C000882309F4D3CA0E94CC1E182F8C3308F0AE
:10B3D0008CE380937F0B0E949CCA6B017C01212F20
:10B3E00030E0A8EEB3E00E9455F2C60ED71EE81E6C
:10B3F000F91EC0927B0BD0927C0BE0927D0BF092F9
:10B400007E0BB4CA893C910509F4E9C630F5883C45
:10B41000910509F087CA8091500683FDAFC68091DF
:10B4200052068C7009F0AAC61091D4078FE29AE0F8
:10B430000E94152A612F70E090E080E00E945DC1BB
:10B440004091D0075091D1076091D2077091D307F6
:10B450008CE29AE00E94922B89CA8B3C910509F4F8
:10B4600037C78C3C910509F05DCA8091510687FD74
:10B4700092C7809152068E7009F08DC740910F0AD5
:10B480005091100A6091110A7091120A80E59AE0B9
:10B490000E942B2A4091130A5091140A6091150AB8
:10B4A0007091160A8DE49AE00E942B2A4091170AA7
:10B4B0005091180A6091190A70911A0A8CE59AE065
:10B4C0000E94922B53CA8232A1E09A0711F40C9485
:10B4D000E76308F05FC0833D910511F40C94C962E5
:10B4E000E8F58E3C910509F01DCA809150069091B7
:10B4F0005106A0915206B09153060FE014E05CE1B2
:10B50000E52E59E0F52E892B8A2B8B2B11F00C940C
:10B51000B16240911C0950911D0960911E09709102
:10B520001F098AE89AE00E942B2A40912009509135
:10B530002109609122097091230987ED9BE00E9407
:10B540002B2A409124095091250960912609709178
:10B55000270984ED9BE00E94922B08CA8C3D91053F
:10B5600011F40C9486638D3D910509F0DBC90E94AE
:10B570007633182F87FDFAC983E50E94A519882321
:10B5800011F40C94CC630E94081FBC01812F0E940F
:10B59000B119ECC98F32E1E09E0711F40C941565E6
:10B5A00080F58D3221E0920711F40C946D648E3297
:10B5B000914009F0B7C983E50E945719182F8823D5
:10B5C00031F00E94081F90931E0280931D0280E5B7
:10B5D0000E945719811104C0112311F40C94F164D5
:10B5E00020911D0230911E02232B11F40C94EB6468
:10B5F000882311F40C94EE640E94E71E8093520796
:10B60000B5C98039B1E09B0711F40C9419658139F3
:10B61000914009F087C960E082E50E94F61E909192
:10B6200070099111DFCB682F81E00E943E8EDACB4A
:10B63000863FF1E09F0711F40C94916608F0DAC0A0
:10B64000853AA1E09A0711F40C948865D8F48C39F6
:10B65000E1E09E0711F40C94276538F48A39914093
:10B6600009F060C90E94B98C81C98D39A1E09A079F
:10B6700011F40C944768843A914009F053C90E9430
:10B680008F3174C9863EE1E09E0711F40C94116677
:10B6900008F0A3C08C3A914009F044C987E00E94A9
:10B6A0004FA3811163C972E8C72E7AE1D72EE6E273
:10B6B0002E2EEAE03E2E8E010F5F1F4FF12CE12C63
:10B6C000F6016591759185919491F1018190919028
:10B6D000A190B1901F01A50194010E94A5F22B0138
:10B6E0003C01D8014D925D926D927C92139720E0BF
:10B6F00030E040EA51EC0E94CDF487FD0AC020E022
:10B7000030E040EA51E4C301B2010E94E3EB1816B5
:10B710007CF4F701E95AF34DE4911E164CF4B7FAA4
:10B72000B094B7F8B094F80180829182A282B3827B
:10B73000D8018D909D90AD90BC9020E030E040EA23
:10B7400051ECC501B4010E94CDF487FF02C00C94F6
:10B75000036620E030E040EA51E4C501B4010E94F4
:10B76000E3EB181614F40C940366BFEFEB1AFB0A14
:10B77000E4E0CE0ED11C0C5F1F4FF3E0EF16F10496
:10B7800009F09ECF89819A81AB81BC8180931C098D
:10B7900090931D09A0931E09B0931F098D819E816E
:10B7A000AF81B8858093200990932109A093220945
:10B7B000B093230989859A85AB85BC85809324093C
:10B7C00090932509A0932609B09327090E94D68C4F
:10B7D0008BE79BE00E9476C1C9C8843FA1E09A072D
:10B7E00011F40C948D66853F914009F09BC80E942E
:10B7F00019A0BCC88335E3E09E0711F40C941D67C3
:10B8000008F054C08C3022E0920711F40C94956635
:10B81000A0F4883F914009F085C881E08093D50766
:10B820000E94CD9B1092D5078111A0C80E943E2A8C
:10B8300081EB9BE00E94152A99C88835E2E09E07BB
:10B8400011F40C9499668B35924009F06BC8809185
:10B85000510683FF02C00C949D6680915206887148
:10B8600011F00C949D664091C8075091C9076091F2
:10B87000CA077091CB0782EC9BE00E942B2A409173
:10B88000CC075091CD076091CE077091CF078FEB19
:10B890009BE00E942B2A8CEB9BE00E94152A8BECEC
:10B8A0009BE00E94152A0E94412A60C8873E23E03F
:10B8B000920711F40C942E68B0F48C36B3E09B0719
:10B8C00009F496C2803A934009F02CC820917C0577
:10B8D00030917D0590917A0B926090937A0BC9011B
:10B8E0000E941DDA43C8883EF3E09F0711F40C94D0
:10B8F0007A68893E934009F015C80E94887E80913D
:10B900007A0B877F8B7F80937A0B8091700B8111EC
:10B910000C94B8680E9455260E94E88F6D3371051B
:10B920008105910520F081E69CE00E94FC698DE58F
:10B930009CE00E94FC6910911F138FEF80931F13EE
:10B9400089E49CE00E94152A10931F1385E49CE073
:10B950000E94FC690BC88EEF98E00E94A99202CB6E
:10B9600080917F0590918005892B29F086EF98E0E2
:10B970000E94282C1ECB8EEE98E0FACF0E9446192A
:10B98000882399F185E40E945719882361F08091FA
:10B99000580590915905892B21F00E94081F8111AB
:10B9A00002C00E94037D0FE0E02E04E0F02E10E0C4
:10B9B000D7012D917D01215480915006909151061F
:10B9C000A0915206B091530604C0B695A7959795DD
:10B9D00087952A95D2F780FF03C0812F0E943D7D75
:10B9E0001F5F133029F70C94B65481E199E00E944F
:10B9F00076C10E945E7D0C94B65480917A0B84FFD0
:10BA000025C089E299E00E94152A80917A0B84FF73
:10BA100017C08FE393E10E943B7A8BE1EFE3F3E100
:10BA2000DE01119601900D928A95E1F770E060E0D9
:10BA3000CE0101960E94EEDACE0101960E94852683
:10BA40008AE199E00E94152A0C94B6540E943E2A7D
:10BA50008AE399E00E94152A0C94B6540E944AD4B5
:10BA60000C94B6540E94813581110C94B654809187
:10BA70007A0B84FD02C00C94B6540E943BD4809192
:10BA80007A0B8F7E806480937A0B8FEF9FEF909379
:10BA90002702809326020E943E2A84E499E00E94B5
:10BAA000152A0C94B65480917C0590917D05FC017B
:10BAB0002191222331F02032D9F7DF0111971C9216
:10BAC000F7CF60E00E9415D90C94B6540E948135DE
:10BAD000882329F080917A0B8B7F80937A0B809159
:10BAE000C707882339F040E060E070E080E090E430
:10BAF0000E94EE200E948F900E9424C442E659E0EA
:10BB000069E679E084E00E94AAC461E08BEB99E0E9
:10BB10000E94AC2B0E949CCA685370458F4F9F4F68
:10BB20006093DD077093DE078093DF079093E00753
:10BB30001092E1070C94B65480917A0B84FD02C0F8
:10BB40000C94B65483E50E94A519882311F40C9433
:10BB5000B6540E94BC1E0E94121E0C94B6548091D2
:10BB6000500690915106A0915206B091530612E0F2
:10BB7000B695A795979587951A95D1F780FF1CC024
:10BB80008CE799E00E94152A80918614882379F029
:10BB9000BE016F5F7F4F83E894E10E946BD3CE01BB
:10BBA00001960E94C1260E94412A0C94B65482E755
:10BBB00099E00E94152AF7CF0E948135811104C0B7
:10BBC0000E943235882319F1C090720BD090730B0C
:10BBD000E090740BF090750B8090760B9090770B43
:10BBE000A090780BB090790B8CE999E00E94152A0F
:10BBF000C501B4010E9449268FE20E940EC0C70110
:10BC0000B6010E9449260E94412A0C94B6548BE842
:10BC100099E00E94152A0C94B65480917C0590916D
:10BC20007D050E941DDA0C94B65480917A0B84FD38
:10BC300002C00C94B6540E9425D480917C0590914A
:10BC40007D050E948CDA0C94B6540E9481358111D6
:10BC50000E94887E80917A0B84FD02C00C94B654B9
:10BC600060E080E50E94F61E182F682F80917C0509
:10BC700090917D050E9415D983E50E94A51988231E
:10BC800021F00E94BC1E0E94121E0E94FFCB1111C7
:10BC90000C94B6540E946F350C94B6540E94E88FF1
:10BCA0006C8F7D8F8E8F9F8FBE016F5F7F4FCE0118
:10BCB0004C960E94E32340E061E0CE0101960E9491
:10BCC000DB910E943E2ABE016F5F7F4F8EEA99E0B2
:10BCD0000E9411DA0C94B6540E946F350C94B6543D
:10BCE0000E94AB900C94B65480E00E94B7330C9441
:10BCF000B65481E00E94B7330C94B6540E94763358
:10BD0000182F87FD09C081EC99E00E94152A812F28
:10BD10000E94DBA00E94412A98A990936105E196B8
:10BD20000FB6F894DEBF0FBECDBFDF91CF911F914C
:10BD30000F91FF90EF90DF90CF90BF90AF909F90CA
:10BD40008F907F906F905F904F903F902F900895CD
:10BD500060E080E50E94DD1E81110C94B6541092C3
:10BD600020120C94B6548EE40E94A5198823B9F0D1
:10BD70000E94BC1EE0915A02B2E6EB9FF001112432
:10BD8000E354FD4FE08127E6E202F0011124EE5773
:10BD9000FA4F60837183828393830C94B654E0914D
:10BDA0005A0282E6E89FF0011124E354FD4FE0813E
:10BDB00097E6E902F0011124EE57FA4F40815181D4
:10BDC0006281738184EC99E00E94112B0C94B6542B
:10BDD0008BEC99E0EECE10922809109236070C9465
:10BDE000B65441E070E060E080EE99E00E9481345A
:10BDF00083E50E94A519882311F40C94B6540E947F
:10BE0000CC1E90918309109283099230F9F09430FE
:10BE100009F1913011F00C94B654882399F08130D7
:10BE200011F00C94B65482E080935B0580915A0522
:10BE3000882311F40C94B654109220020E94A83367
:10BE40000C94B65490935B050C94B654109236073C
:10BE50000C94B65487E297E190932A0980932909BC
:10BE60000C94B65483E50E94A519882369F00E94BA
:10BE7000CC1E8D3320F4809301020C94B6548CE3D5
:10BE8000809301020C94B6540E943E2A1091010244
:10BE90008EEE99E00E94152A812F0E94A61E0E9414
:10BEA000412A0C94B65480E00E943F3D0C94B65455
:10BEB00081E00E943F3D0C94B654809163128F7DC7
:10BEC0008061809363120C94B654809163128F7ECC
:10BED0008062809363120C94B6540E9446198823A2
:10BEE00051F10E94887E85E40E94571981110E94B9
:10BEF000FB7CAFE0EA2EA4E0FA2E10E0F7012191DE
:10BF00007F0121548091500690915106A0915206D4
:10BF1000B091530604C0B695A795979587952A9535
:10BF2000D2F780FF03C0812F0E940A7D1F5F13306C
:10BF300029F70C94B6540E944A800C94B65483E5B9
:10BF40000E9457198823F1F00E949CCA60937D09D2
:10BF500070937E0980937F09909380090E94181F37
:10BF600020E030E04AE754E40E9448EC0E94EFF3FE
:10BF700060935C0570935D0580935E0590935F050B
:10BF80000C94B65460915C0570915D0580915E05DE
:10BF900090915F0528EE33E040E050E00E940DF202
:10BFA00069017A018DE09AE00E94152AC701B60165
:10BFB0000E94492688E09AE00E94152A0C94B65403
:10BFC0000E94181F4B015C0120E030E040EA51E480
:10BFD0000E94E3EB87FF3AC0A50194016091FB0941
:10BFE0007091FC098091FD099091FE090E9482F3F5
:10BFF0002B013C01AC019B0160910B0A70910C0A72
:10C0000080910D0A90910E0A0E9448EC60930B0AF1
:10C0100070930C0A80930D0A90930E0A6091B909EF
:10C020007091BA098091BB099091BC090E94E7EB1D
:10C03000A30192010E9448EC0E94EFF36093B909BA
:10C040007093BA098093BB099093BC098092FB0955
:10C050009092FC09A092FD09B092FE09C3C84091DC
:10C06000EF095091F0096091F1097091F20981E2B4
:10C070009AE00E942B2A4091F3095091F4096091B3
:10C08000F5097091F60987ED9BE00E942B2A4091FB
:10C09000F7095091F8096091F9097091FA0984ED56
:10C0A0009BE00E942B2A4091FB095091FC09609172
:10C0B000FD097091FE0981E49AE00E942B2A0E94FA
:10C0C000412A0C94B6540E94592A0C94B65480917B
:10C0D0007C0590917D05009751F0DC012C91222385
:10C0E00031F040E061E00E94DB910C94B6540E9474
:10C0F00024C40C94B654903521F4918190539A3015
:10C10000F8F0E0901F13833000F5882301F19FEFD2
:10C11000980F81E001C0880F9A95EAF780931F136A
:10C1200031110E943E2AFF2021F089E29AE00E940C
:10C13000152AC8010E943826E0921F130C94B654A9
:10C14000892F0EC9FF24F3940BC98E2DE7CF8FEFF3
:10C15000E5CF0E94018E0C94B65481E080931B09B8
:10C1600080931A090E942F8E0C94B65410921B09CA
:10C1700010921A090E942F8E0C94B6540E947633A6
:10C18000182F87FF02C00C94B6540091D40784E4A2
:10C190000E94A519F82E8823B1F00E94181F4B01A8
:10C1A0005C0120E030E0A9010E94E3EB8823A9F0C4
:10C1B00024E01202F0011124E053F84F80829182B2
:10C1C000A282B3820F2D602F83E50E94F61E80931A
:10C1D000D4070E9425810C94B65480E0F8CF80915A
:10C1E000500684FD4EC080915206887809F049C0FF
:10C1F00080915306837009F044C06091DB0970910F
:10C20000DC098091DD099091DE090E94E7EBAB012A
:10C21000BC0188E39AE00E942B2A6091DF097091AB
:10C22000E0098091E1099091E2090E94E7EBAB01FE
:10C23000BC0187ED9BE00E942B2A6091E30970917D
:10C24000E4098091E5099091E6090E94E7EBAB01D2
:10C25000BC0184ED9BE00E942B2A6091E70970915C
:10C26000E8098091E9099091EA090E94E7EBAB01A6
:10C27000BC0181E49AE00E942B2A0E94412A0C947E
:10C28000B6540E94763387FF02C00C94B6540FE078
:10C2900014E07BEDE72E79E0F72ED8018D918D012A
:10C2A0000E94A519882359F00E94181F0E94EFF3DD
:10C2B000F70160837183828393830E94177EF4E089
:10C2C000EF0EF11C24E00331120739F70C94B65439
:10C2D0008091500684FD3CC0809152068878C1F55B
:10C2E000809153068370A1F54091FF095091000A97
:10C2F0006091010A7091020A84E49AE00E942B2A5C
:10C300004091030A5091040A6091050A7091060A4F
:10C3100087ED9BE00E942B2A4091070A5091080A62
:10C320006091090A70910A0A84ED9BE00E942B2A11
:10C3300040910B0A50910C0A60910D0A70910E0AFF
:10C3400081E49AE00E942B2A0E94412A0C94B65460
:10C350000E94763387FF02C00C94B6546FE0E62E3D
:10C3600064E0F62E10E000E0D7018D917D010E947F
:10C37000A519882349F00E94181FF801E552F64FCD
:10C3800064A375A386A397A30C5F1F4F003111050B
:10C3900059F70C94B65483E50E94A519882391F0AF
:10C3A0000E94181F60930F0A7093100A8093110A5D
:10C3B0009093120A6093170A7093180A8093190ACF
:10C3C00090931A0A80E50E94A519882351F00E94D3
:10C3D000181F60930F0A7093100A8093110A9093AC
:10C3E000120A82E50E94A519882351F00E94181FA5
:10C3F0006093130A7093140A8093150A9093160A97
:10C4000084E50E94A519882311F40C94B6540E9467
:10C41000181F6093170A7093180A8093190A909353
:10C420001A0A0C94B6548091500690915106A0912E
:10C430005206B0915306892B8A2B8B2BB1F5609154
:10C44000EB097091EC098091ED099091EE090E9441
:10C45000E7EBAB01BC0182E69AE00E942B2A4091F7
:10C460001B0A50911C0A60911D0A70911E0A8FE5EB
:10C470009AE00E942B2A40911F0A5091200A609155
:10C48000210A7091220A8CE59AE00E942B2A4091A1
:10C49000A9095091AA096091AB097091AC0989E58D
:10C4A0009AE00E94922B0C94B65482E40E94A51943
:10C4B000882351F00E94AC1E6093EB097093EC0945
:10C4C0008093ED099093EE0983E50E94A5198823D6
:10C4D00051F00E94181F60931B0A70931C0A8093EE
:10C4E0001D0A90931E0A84E50E94A519882351F025
:10C4F0000E94181F60931F0A7093200A8093210ADC
:10C500009093220A8AE40E94A519882311F40C94BE
:10C51000B6540E94181F6B017C012AE037ED43E2FC
:10C520005CE30E94CDF487FD14C02AE939E949E9AA
:10C530005EE3C701B6010E94E3EB181654F0C09207
:10C54000A909D092AA09E092AB09F092AC090C9427
:10C55000B6540E943B2A8BE69AE00E94152A0C945E
:10C56000B654F80181918F010E94A519882341F0EA
:10C570000E94181FD7016D937D938D939C93139701
:10C58000B4E0EB0EF11CE4E002311E0751F70C940D
:10C59000F25683E50E945719882331F00E94E71E66
:10C5A000809335020C94B65410913502105D8CEADC
:10C5B0009AE00E94152A812F0E940EC080913502B8
:10C5C00065E37CE0811102C061E37CE088EA9AE0E7
:10C5D0000E94A32B8091370290913802A0913902DA
:10C5E000B0913A028C8F9D8FAE8FBF8F80913B02AE
:10C5F00090913C02A0913D02B0913E0288A399A384
:10C60000AAA3BBA380913F0290914002A091410256
:10C61000B09142028CA39DA3AEA3BFA3CE014C96C2
:10C620000E940D198091430290914402A09145020D
:10C63000B091460289839A83AB83BC838091470281
:10C6400090914802A0914902B0914A028D839E8345
:10C65000AF83B88780914B0290914C02A0914D021C
:10C66000B0914E0289879A87AB87BC87CE0101962D
:10C670000E940D19CCA0DDA0EEA0FFA048A059A0FB
:10C680006AA07BA08C8C9D8CAE8CBF8C80EA9AE0DB
:10C690000E94152AB501A40183E99AE00E942B2A81
:10C6A000B301A20187ED9BE00E942B2AB701A601EE
:10C6B00084ED9BE00E942B2A8EE99AE00E94152AC5
:10C6C000C984DA84EB84FC844D805E806F8078843A
:10C6D00089809A80AB80BC8086E99AE00E94152A06
:10C6E000B501A40183E99AE00E942B2AB301A201BB
:10C6F00087ED9BE00E942B2AB701A60184ED9BE009
:10C700000E942B2A0E94412A0C94B6548091500614
:10C7100090915106A0915206B0915306609111027A
:10C72000709112020097A105B10551F488EB9AE0CF
:10C730000E94AE3385EB9AE00E94152A0C94B65401
:10C740008C019D0141E136952795179507954A95EE
:10C75000D1F700FF08C02091060230910702309304
:10C76000120220931102B695A7959795879580FFA1
:10C7700004C0709307026093060283E50E94A51926
:10C78000882311F40C94B6540E94081F909312024F
:10C79000809311020C94B6540E943E2A85E40E94B4
:10C7A0000EC080E3810F0E94A41EE12FEE0FFF0B4D
:10C7B000E95EFD4F608171818CEB9AE00E94AE339F
:10C7C00085E20E94A41E0E94412A0C94B6548AE578
:10C7D0000E94A519882309F45CC00E94181F20E05C
:10C7E00030E040E050EC0E94E3EBC12CD12CE12C76
:10C7F00020ECF22E87FD13C00E94181F20E030E0CD
:10C8000040E050E40E94CDF4C12CD12CE12C90E406
:10C81000F92E181624F00E94181F6B017C0120913C
:10C82000F7093091F8094091F9095091FA09C701C7
:10C83000B6010E9448EC0E94EAF3CB010E94E1CAD3
:10C8400061E080E50E94F61E882341F1A701960170
:10C850006091C50B7091C60B8091C70B9091C80B6E
:10C860000E94A6F26093C50B7093C60B8093C70B12
:10C870009093C80B0E943E2A4091C50B5091C60B65
:10C880006091C70B7091C80B83ED9AE00E94922BC8
:10C8900005C083E50E94A51981119FCF80915206A2
:10C8A00087FD14C080915306837081F40E943E2A54
:10C8B0004091C50B5091C60B6091C70B7091C80B8E
:10C8C00084EC9AE00E94922B0C94B65482E50E946C
:10C8D00057198111EBCF0C94B6548091500683FD0B
:10C8E0003CC0809151068178C1F54091AF0B5091C9
:10C8F000B00B6091B10B7091B20B88EE9AE00E9480
:10C900002B2A21E732EB47E25EE36091B30B709193
:10C91000B40B8091B50B9091B60B0E9482F3AB01E2
:10C92000BC0185EE9AE00E942B2A21E732EB47E218
:10C930005EE36091B70B7091B80B8091B90B909149
:10C94000BA0B0E9448ECAB01BC0182EE9AE00E9457
:10C950002B2A0E94412A0C94B65480E50E94A51906
:10C96000882351F00E94181F6093AF0B7093B00B97
:10C970008093B10B9093B20B89E40E94A519882390
:10C9800081F00E94181F21E732EB47E25EE30E942C
:10C9900048EC6093B30B7093B40B8093B50B9093FA
:10C9A000B60B84E40E94A519882381F00E94181F09
:10C9B00021E732EB47E25EE30E9482F36093B70B1C
:10C9C0007093B80B8093B90B9093BA0B81E080936E
:10C9D0009E0B0C94B65481E00C94FE5A80E00C94AB
:10C9E000FE5A0E943E2AE0901D02F0901E028091A5
:10C9F000520705EF1AE0811102C001EF1AE08CE046
:10CA00009BE00E94152AC8010E94152A8BEF9AE02C
:10CA10000E94152AC7010E94A23388EF9AE00E9463
:10CA2000152A0E94412A0C94B6540E94492C0C9459
:10CA3000B6540E94887E0C94B65460E082E50E9451
:10CA4000F61E0E944B260E94D68C0C94B654809100
:10CA5000500687FD28C080915206867021F50E94FD
:10CA60003E2A8091200205E31CE0811102C001E30F
:10CA70001CE081E39BE00E94152AC8010E94152A50
:10CA80008091600505E31CE0811102C001E31CE018
:10CA90008FE19BE00E94152AC8010E94152A0E947E
:10CAA000412A0C94B65488E40E945719882321F037
:10CAB0000E94E71E80936005C0905006D0905106FA
:10CAC000E0905206F090530681E1F694E794D794F3
:10CAD000C7948A95D1F7F1E0CF22DD24EE24FF241C
:10CAE00083E50E945719182FCD28CE28CF2821F48E
:10CAF000882311F40C94B6540E94A833112311F426
:10CB00000C94B6540E94E71E809320020C94B654F5
:10CB10006FEF7FEF89E40E940B1F082F6FEF7FEF0D
:10CB20008AE40E940B1F182F8AE50E94A519D12CB8
:10CB3000811107C081E50E94A519D82E882309F428
:10CB400021C4C02E81E0800F863008F054C0912EA1
:10CB500081E0810F863008F04EC00E94181F2B0123
:10CB60003C01F02E07FDF12C07FF02C004E0C02EAF
:10CB7000812E17FD812C17FF02C014E0912EB5E025
:10CB80003B2ECF14A0F1E82C3F9C500111249E14A1
:10CB900060F10E2D10E020E030E0A901DD2069F009
:10CBA000F501E00FF11FEE0FFF1FEE0FFF1FED5914
:10CBB000F84F20813181428153810A0D1B1D000FE6
:10CBC000111F000F111F0D59184FC301B2010E9410
:10CBD000A6F2D8016D937D938D939C9313976E2D40
:10CBE0008F2D0E94949BE394D2CFF394CACF0E94DE
:10CBF00025290C94B6540E943B2A82E69BE00E94B1
:10CC0000152A0C94B6540E943B2A8BE99BE00E94A3
:10CC1000152A41E061E08BE89BE00E9410920C94A1
:10CC2000B65484E50E9457198823A1F01092D609C2
:10CC30001092D7091092D8091092D9091092D409EC
:10CC40008FEF0E944A2061E070E084E50E940B1F94
:10CC50008093D40983E50E94A519882321F00E94BE
:10CC6000081F0E944A208091500690915106A09181
:10CC70005206B091530662E0B695A79597958795B1
:10CC80006A95D1F780FF06C08091D509803210F4F3
:10CC90000E94C4DB80E50E94A519882331F00E9420
:10CCA000081F803210F40E94C4DB85E50E94A5199C
:10CCB000882311F40C94B6540E94081F803210F09F
:10CCC0000C94B65441E050E0082E02C0440F551FAA
:10CCD0000A94E2F740955095052E000C660B770BF1
:10CCE0000091D6091091D7092091D8093091D9091E
:10CCF00040235123622373234093D6095093D709CD
:10CD00006093D8097093D9099091D50989130C942F
:10CD1000B6541092D3090C94B6540E94EA950C9420
:10CD2000B6540E947C940C94B6540E94B3910C9417
:10CD3000B6540E943C500C94B6540E947633082F8F
:10CD400087FF02C00C94B65485E50E94A51988237C
:10CD500061F10E94181F4B015C01E02E002E000CB7
:10CD6000FF0820E030E0A9010E94CDF487FF04C055
:10CD7000B7FAB094B7F8B09420E030E048E453E458
:10CD8000C501B4010E94CDF4970153E0220F331F77
:10CD90005A95E1F72853384F1816D4F1D901149653
:10CDA0008D929D92AD92BC9217978CE40E94A5192A
:10CDB000882311F40C94B6540E94181F6B017C0157
:10CDC000002E000C110B20E030E0A9010E94CDF4F0
:10CDD00087FF04C0F7FAF094F7F8F09420E030E011
:10CDE00048E453E4C701B6010E94CDF4980143E042
:10CDF000220F331F4A95E1F72853384F181694F045
:10CE0000D901CD92DD92ED92FC9213970C94B65419
:10CE100080E090E0A8E4B3E4F90184839583A683DD
:10CE2000B783C3CF80E090E0A8E4B3E4F901808346
:10CE30009183A283B3830C94B6548091520687FDEC
:10CE400032C080915306837071F50091C90B109127
:10CE5000CA0BD8014D915D916D917C918AED9BE05B
:10CE60000E942B2AF801448155816681778187EDE4
:10CE70009BE00E942B2A4091C50B5091C60B6091FC
:10CE8000C70B7091C80B84ED9BE00E942B2A81EDAB
:10CE90009BE00E94152A8BEC9BE00E94152A0E94C1
:10CEA000412A0C94B6543090BD0B4090BE0B50906C
:10CEB000BF0B6090C00B7090C10B8090C20B209094
:10CEC000C30BF091C40BF8A7C090C50BD090C60B54
:10CED000E090C70BF090C80B88E50E94A519182FA9
:10CEE000882309F48AC00E94181F962EA72EB82EF8
:10CEF000092F20E030E046E953EC0E94CDF487FD95
:10CF00000DC020E030E046E953E4692D7A2D8B2DE9
:10CF1000902F0E94E3EB18160CF071C064ED7EEFC9
:10CF20008FE19CE00E94AE336CE271E08AE19CE00C
:10CF30000E94AE3387E19CE00E94152A10E089E54B
:10CF40000E94A519882361F10E94181F962EA72E12
:10CF5000B82E092F20E030E046E953EC0E94CDF4D2
:10CF600087FD0DC020E030E046E953E4692D7A2DBD
:10CF70008B2D902F0E94E3EB18160CF044C064ED4B
:10CF80007EEF85E09CE00E94AE336CE271E080E0D1
:10CF90009CE00E94AE338DEF9BE00E94152A10E0CA
:10CFA0008AE50E94A519882399F10E94181F6B0138
:10CFB0007C0120E030E040EA51EC0E94CDF487FD96
:10CFC0000AC020E030E040EA51E4C701B6010E9407
:10CFD000E3EB1816ECF46CEE7FEF8BEE9BE00E9417
:10CFE000AE3364E170E086EE9BE00E94AE3383EEE8
:10CFF0009BE00E94152A0C94B65411E0A0CF392C66
:10D000002501602E9CCF792C8A2C2B2C08A7C8CF09
:10D01000112311F40C94B654832D942DA52DB62D07
:10D020008093BD0B9093BE0BA093BF0BB093C00B2E
:10D03000872D982DA22DB8A58093C10B9093C20B7C
:10D04000A093C30BB093C40BC092C50BD092C60B78
:10D05000E092C70BF092C80B0C94B65483E0809317
:10D060006B091092250A60E083E50E94F61E81118B
:10D070000C94B654E0915A0222E6E29FF00111248A
:10D08000E354FD4F80810E94212B0C94B654809173
:10D09000500690915106A0915206B0915306892BEB
:10D0A0008A2B8B2BC1F41091C707105D8CE39CE099
:10D0B0000E94152A812F0E940EC08091C70765E348
:10D0C0007CE0811102C061E37CE088E39CE00E9487
:10D0D000A32B0C94B65483E50E945719882311F4AE
:10D0E0000C94B6540E94E71E8093C7070E948E35A9
:10D0F0000C94B6540E947326882311F40C94B654F1
:10D100008091500690915106A0915206B09153061D
:10D11000AC01BD0132E176956795579547953A95F3
:10D12000D1F740FF06C061E088EF0E94CC930C94D9
:10D13000B65422E0B695A795979587952A95D1F78D
:10D1400080FF12C00E94552680913707835082309D
:10D1500010F00C94B65460E083E00E9423C085E098
:10D1600080936C090C94B6540E94F0DB0C94B65476
:10D170000E94B5D881110C94B6540C948A5C11119C
:10D1800007C011E000915306017001130C948755FC
:10D190008C2D8170012F81130C94875511E001E0D3
:10D1A0009924939482E50E94A519882309F4CEC09E
:10D1B0000E94181F2B013C0120E030E0A9010E94D1
:10D1C000E3EB8823A1F0FF24F39420912E0A309101
:10D1D0002F0A4091300A5091310AC301B2010E94D6
:10D1E000A6F240E0FF2019F020E00E948F8B11236F
:10D1F00019F080E00E947C8E002319F081E00E94EB
:10D200007C8E992011F40C94965580915006909143
:10D210005106A0915206B091530667E0B695A795C6
:10D22000979587956A95D1F780FD8BC083E00E9422
:10D230004FA381110C94AB550E94888C80912E0ACB
:10D2400090912F0AA091300AB091310A8CA79DA726
:10D25000AEA7BFA78093460790934707A0934807C0
:10D26000B09349070091C90B1091CA0BD8012D91B9
:10D270003D914D915C9160E070E086E193E40E9405
:10D28000A5F22B013C0140923E0750923F0760926D
:10D29000400770924107F80124813581468157810A
:10D2A00060E070E086E193E40E94A5F268A779A7A8
:10D2B0008AA79BA760934207709343078093440714
:10D2C0009093450727E137EB41ED58EB0E94CDF4F1
:10D2D00087FF02C00C948C5523E030E046E953E40C
:10D2E00068A579A58AA59BA50E94E3EB181614F4FE
:10D2F0000C948C5527E137EB41ED58EBC301B2019B
:10D300000E94CDF487FF02C00C948C5523E030E0DE
:10D3100046E953E4C301B2010E94E3EB181614F48A
:10D320000C948C55A12CB12C6501ECA4FDA40EA588
:10D330001FA528A539A54AA55BA5C301B2010E9476
:10D34000CE8A82E00E947C8E0C949655F12E1111AB
:10D3500003C0F92C0111F02E4091D60741110DC0E8
:10D3600084E00E943589412C512C70EA672E70E4CC
:10D37000772E882309F429CF41E060E070E080EA4D
:10D3800090E430CF0E943B2A82E49BE00E94152A61
:10D390000C94B654882309F4F4CE00CFDF92EF92B8
:10D3A000FF920F931F93CF93DF93EC01E0908709D7
:10D3B000F09088098AE0D82E6AE070E0CE010E94E1
:10D3C000ACF58C01009711F0FC011082CE010E9497
:10D3D000C22481E00E944A540115110519F0E801A8
:10D3E000D992EACFC701DF91CF911F910F91FF90A2
:10D3F000EF90DF900C94C224CF92DF92EF92FF92D5
:10D400000F931F93CF93DF93CDB7DEB7C156D109EA
:10D410000FB6F894DEBF0FBECDBF8C01C090870958
:10D42000D09088096AE070E0C8010E94CBEA7C01D4
:10D43000801B910BE114F10419F4C8010E94F1EA78
:10D440001982A2961FAEA297AC018036910514F006
:10D4500040E650E04F5F5F4FB801CE0101960E9459
:10D46000DDEACE0101960E94C22481E00E944A5466
:10D47000E114F10421F087010F5F1F4FD3CFC601E4
:10D480000E94C224CF59DF4F0FB6F894DEBF0FBE03
:10D49000CDBFDF91CF911F910F91FF90EF90DF9063
:10D4A000CF9008954F925F926F927F928F929F924A
:10D4B000AF92BF92CF92DF92EF92FF920F931F93A2
:10D4C000CF93DF93CDB7DEB7EE970FB6F894DEBFFC
:10D4D0000FBECDBF88E0E6E2FAE0DE019096019053
:10D4E0000D928A95E1F788E50E94A519882381F0BD
:10D4F0000E94181F2091710930917209409173099F
:10D50000509174090E94A5F268A379A38AA39BA3F2
:10D5100089E50E94A519882381F00E94181F209197
:10D5200075093091760940917709509178090E94E8
:10D53000A5F26CA37DA38EA39FA3CE0180960E942B
:10D54000C0C4882309F4DBC080E00E94E2260E9468
:10D55000878A81E89FE050DF61E085E40E94F61E43
:10D560002CA13DA14EA15FA12FAB38AF49AF5AAF5F
:10D5700048A059A06AA07BA0E12C082FC301B201EA
:10D580000E94F2C56B017C01AC019B010E9455F524
:10D59000811187C0209171093091720940917309FE
:10D5A00050917409C301B2010E94A6F24B015C01C3
:10D5B0002091750930917609409177095091780949
:10D5C0006FA978AD89AD9AAD0E94A6F26BAF7CAF22
:10D5D0008DAF9EAF4FE150E06AE77FE0CE0101964C
:10D5E0000E94DDEA8AAA9BAAACAABDAA82E08EAB01
:10D5F000BE016E5C7F4FCE0101960E94201E5C0131
:10D60000DC010D900020E9F7CD0101978A199B09F3
:10D610008E31910550F44FE150E0481B590B66E7FD
:10D620007FE08A0D9B1D0E94DDEA2BAD3CAD4DAD28
:10D630005EAD2DA73EA74FA758AB82E089ABBE01D8
:10D64000635D7F4FC5010E94201E5C01C8A6D9A65C
:10D65000EAA6FBA683E08CA7D5010D900020E9F790
:10D66000CD0101978A199B098E31910550F44FE144
:10D6700050E0481B590B62E77FE08A0D9B1D0E941A
:10D68000DDEABE01685D7F4FC5010E94201ECE010C
:10D6900001960E94382640E060E0CE0101960E948B
:10D6A000DB910E946E8AE0902E0AF0902F0A009182
:10D6B000300A1091310AA12CB12C65012FA938AD87
:10D6C00049AD5AADC301B2010E94CE8A0E94D68CE8
:10D6D000EE960FB6F894DEBF0FBECDBFDF91CF91AF
:10D6E0001F910F91FF90EF90DF90CF90BF90AF9080
:10D6F0009F908F907F906F905F904F90089581E6FC
:10D700009FE00E94152A0E94412A81E69FE00E9424
:10D7100076C1DECF1F93CF93DF9380915A0292E6BA
:10D72000899FE0011124FE01E354FD4F208190E028
:10D73000283028F491E001C0990F2A95EAF710915A
:10D740001F1390931F138093A809C45ADD4F809133
:10D75000DA0980FF05C00E943E2ACE010E943826C9
:10D76000CE010E94C22480E00E944A5410931F13ED
:10D77000DF91CF911F910895DC01680F791F90E030
:10D7800080E02D91E92FFF27E227EE0FFF1FE557DD
:10D79000FA4D25913491982F8827822793276A176D
:10D7A0007B0779F708950F931F93CF93DF93CDB73E
:10D7B000DEB760970FB6F894DEBF0FBECDBF8C0109
:10D7C000DC01ED91FC910280F381E02DBE016F5FE1
:10D7D0007F4F1995882309F464C08981807CC9F53D
:10D7E0006F81637070E0762F6627770F770F8885DB
:10D7F000B4E08B9FC0011124682B792B8985829519
:10D80000869586958370682B6F5F7F4F90E080E0F0
:10D810002A852370220F3B8537FB332730F9232BD2
:10D820003E813F70230F3327331F2750310904C037
:10D83000660F771F881F991F2A95D2F760960FB63B
:10D84000F894DEBF0FBECDBFDF91CF911F910F9136
:10D850000895803419F568856695669570E090E0C6
:10D8600080E0CB01772766272A85622B098510E0A7
:10D87000102F0027012E000C220B330B602B712B75
:10D88000822B932B6F5F7F4F8F4F9F4F4AE0660F26
:10D89000771F881F991F4A95D1F7D0CF8BE0F801E9
:10D8A000848360E070E0CB01C9CF0895FC018281E0
:10D8B0000895CF93DF93C0919B0BD0919C0B81E097
:10D8C000CE31D105E4F020E030E040E05FE360914C
:10D8D000970B7091980B8091990B90919A0B0E94E5
:10D8E000A6F20E94EAF36C1B7D0B77FF03C07195D3
:10D8F0006195710981E0633071050CF080E0DF9182
:10D90000CF910895FC0190E1A8E8B8E001900D9254
:10D910009A95E1F708950F931F93209121022031EA
:10D9200048F0F4E09695879577956795FA95D1F745
:10D9300022952F70243048F0E2E0969587957795F0
:10D940006795EA95D1F726952695223020F0969591
:10D95000879577956795611528E072078105910590
:10D96000C8F081114BC023E0729FA00111244E54D6
:10D970005F4DFA0125913491FA013296E4916E9F40
:10D98000412D1124000C411DC901841B91091F91D7
:10D990000F910895613271058105910550F1605232
:10D9A0007109810991098B019C0183E036952795C6
:10D9B000179507958A95D1F7000F111F000F111FBA
:10D9C0000E54134EF80125913491F8013296459189
:10D9D00054916770649FC001659F900D112443E0CE
:10D9E000969587954A95E1F7A901481B590BCA01FD
:10D9F000CECFE2EBFCE185919491C9CF8EE190E02E
:10DA0000C6CF90916F0081E091FD02C080E0089543
:10DA100090916F009D7F90936F000895FC0170813D
:10DA2000472F50E0062E02C0559547950A94E2F71D
:10DA300040FF14C040913D0750E0062E02C05595AE
:10DA400047950A94E2F740FF09C021E030E001C0A9
:10DA5000220F6A95EAF72095272320830895DC0199
:10DA6000ED91FC911197208130E012968C91F90193
:10DA700002C0F595E7958A95E2F7CF018170089588
:10DA80008091590281110DC08091290990912A0934
:10DA9000892B39F481E090912B09911103C080E02A
:10DAA000089581E008959B01692F782F832F922F8D
:10DAB0000895CF93DF93FC019281992369F0C4818B
:10DAC000D581209749F0923051F0943071F0913027
:10DAD00019F4FB0180818883DF91CF910895FB01C8
:10DAE0008081918198278927F6CFFB016081718120
:10DAF00082819381D8DF6883EFCF9B01692F782FD4
:10DB0000832F922F0895089508951092AD0681E015
:10DB100008951092B00688EC90E090930D028093E7
:10DB20000C0281E008958FEF809310028AE090E06C
:10DB300090930B0280930A0281E00895E7E8F6E0F3
:10DB4000118210821382128281E00895CF93DF93B5
:10DB5000C0919B0BD0919C0B209729F16091970B62
:10DB60007091980B8091990B90919A0B0E94EAF317
:10DB70006E5F7F4F24976C177D07ACF47093FD07A1
:10DB80006093FC070E949CCA605C73468F4F9F4F56
:10DB90006093FE077093FF0780930008909301083D
:10DBA000DF91CF9108951092FE071092FF07109217
:10DBB000000810920108F4CFCF93DF93EC018D8120
:10DBC0000E94174F60E08B81DF91CF910C9476C952
:10DBD000AF92BF92DF92EF92FF920F931F93CF937A
:10DBE000DF9300D000D0CDB7DEB77C01D62E122F48
:10DBF000032FB42EA52EE0DF0E944BCB1E821D8288
:10DC00008D2D80648983AA82BB820C831D838E0143
:10DC10000F5F1F4FCE010696D801E0E02D91F0E096
:10DC2000EE0FFF1FE227EF58FB4DE491A817B9074D
:10DC3000A9F7EE0FE160EE83580186E0A80EB11C53
:10DC4000F80181918F010E940B4F0A151B05C1F746
:10DC5000FCE0DF1202C00E94104F10E00E94104F43
:10DC6000F701868387FF04C01F3F11F01F5FF6CFC7
:10DC700026960FB6F894DEBF0FBECDBFDF91CF91D1
:10DC80001F910F91FF90EF90DF90BF90AF9008959C
:10DC900061E0FC0183810E9476C98FEF0C940B4FE9
:10DCA0000F931F93CF938C0187DF0E944BCBC82F1C
:10DCB00081110AC082E1F8018483C801E9DF8C2F59
:10DCC000CF911F910F9108958DEF0E940B4F0E94ED
:10DCD0004BCBC82FF2CF8F929F92AF92BF92CF9231
:10DCE000DF92EF92FF920F931F93CF93DF93EC019C
:10DCF0006A017B01590120E030E0A90167E368DF98
:10DD0000A501980167E1CE0163DF811125C08F81F4
:10DD1000833039F089E0CC0CDD1CEE1CFF1C8A95A9
:10DD2000D1F7A701960169E1CE0152DF11E0882306
:10DD300019F010E087E08C83CE01AADF812FDF91FC
:10DD4000CF911F910F91FF90EF90DF90CF90BF90F8
:10DD5000AF909F908F90089589E08C8310E0ECCF76
:10DD6000EF92FF920F931F93CF93DF93EC01E62E78
:10DD70008A0160E072E0CA01FFDCF82E892FEEBC58
:10DD8000F80198013E5F0DB407FEFDCF90819EBD66
:10DD90000DB407FEFDCF91819EBD3296E217F307C9
:10DDA00091F70DB407FEFDCF0E940B4F8F2D0E94FF
:10DDB0000B4F0E94104F8E838F71853061F083E18D
:10DDC0008C83CE0165DF80E0DF91CF911F910F91B1
:10DDD000FF90EF90089581E0F7CFEF92FF921F93AD
:10DDE000CF93DF93EC017B01E7DE0E944BCB182F32
:10DDF00081110BC085E18C83CE014ADF812FDF9139
:10DE0000CF911F91FF90EF900895A7016CEFCE0185
:10DE1000A7DF182FF1CF0F931F93CF93DF93EC0160
:10DE200089018F81833039F089E0440F551F661FC7
:10DE3000771F8A95D1F79A01AB0168E1CE01C8DE60
:10DE4000882321F086E08C8310E007C0A8016EEFE4
:10DE5000CE0186DF811109C011E0CE0119DF812FCB
:10DE6000DF91CF911F910F9108950E944BCB182FF6
:10DE7000811103C087E18C83F0CF20E030E0A9015D
:10DE80006DE0CE01A5DE811104C00E94104F8823F1
:10DE900019F386E1D8CF1F93CF93DF93EC018CDE8B
:10DEA00020E030E0A9016CE0CE0192DE11E0882391
:10DEB00019F010E083E08C83CE01EADE812FDF9140
:10DEC000CF911F9108951F93CF93DF93EC018F8122
:10DED000833039F089E0440F551F661F771F8A95FC
:10DEE000D1F79A01AB0162E1CE0172DE11E0882325
:10DEF00019F010E085E08C83CE01CADE812FDF911E
:10DF0000CF911F9108958F929F92AF92BF92CF921F
:10DF1000DF92FF920F931F93CF93DF93EC018B015E
:10DF20006A010E949CCA4B015C012CE2820E21E036
:10DF3000921EA11CB11C0E94104F8E838F3F99F43A
:10DF40000E949CCAA5019401261B370B480B590B54
:10DF5000DA01C901181619061A061B0664F381E1D5
:10DF60008C8310E028C08E3F09F03EC0C6010197A7
:10DF70002FEF2EBDF8014FEF0DB407FEFDCF2EB5EC
:10DF800021934EBD9F01201B310B28173907A0F3A9
:10DF90000DB407FEFDCF2EB5800F911FFC0120832D
:10DFA0000E94104FF82E0E94104FB82E809125022B
:10DFB000811110C011E0CE016BDE812FDF91CF9176
:10DFC0001F910F91FF90DF90CF90BF90AF909F90E7
:10DFD0008F900895B601C801CFDB3F2D2B2D8217FE
:10DFE000930741F38BE1BCCF8FE0BACF0F931F9320
:10DFF000CF93DF93EC018B01DFDD40E052E0B8010D
:10E00000CE01DF91CF911F910F917DCFAF92BF9243
:10E01000CF92DF92EF92FF920F931F93CF93DF93F4
:10E02000EC016A017B0159018F81833039F089E06D
:10E03000CC0CDD1CEE1CFF1C8A95D1F713E004E02C
:10E04000A701960161E1CE01C3DD882369F00C834D
:10E05000CE011EDE1150D1F020E030E0A9016CE0CD
:10E06000CE01B6DD1C82ECCF40E052E0B501CE011E
:10E070004ADF882369F3DF91CF911F910F91FF90C1
:10E08000EF90DF90CF90BF90AF90089580E0F3CFF6
:10E090008F929F92AF92BF92CF92DF92EF92FF92B8
:10E0A0000F931F93CF93DF93EC01162F1F821C82D7
:10E0B0004B830E949CCA6B017C0120EDC20E27E0BD
:10E0C000D21EE11CF11CA89561E08B810E9476C9EB
:10E0D0008B8190E0FC01E454F44D24918A58944DD6
:10E0E000FC018491882399F090E0880F991FFC012E
:10E0F000EF58FA4DA591B491FC01E45AF44D859185
:10E1000094918FB7F894EC912E2B2C938FBF209A7B
:10E11000289A219A2398229A81E00E94174F85E03D
:10E120008D830E94174F0AE08FEF0E940B4F015022
:10E13000D9F7A89520E030E0A90160E0CE0148DDE4
:10E140008E838130B1F00E949CCAA7019601261BE4
:10E15000370B480B590BDA01C901181619061A06B4
:10E160001B0644F381E08C83CE0192DD1A8280E0AD
:10E1700081C021E030E040E050E06BE3CE0128DDDB
:10E1800091E0813009F090E090932502A8952AEA69
:10E1900031E040E050E068E0CE011ADD853069F5FD
:10E1A00081E08F83A8958F81812C912C540182303E
:10E1B00029F4812C912CA12C80E4B82E20E030E0B1
:10E1C000A90167E3CE0104DDA501940169E2CE0156
:10E1D000FFDC8E83882369F10E949CCAA701960107
:10E1E000261B370B480B590BDA01C9011816190603
:10E1F0001A061B061CF38AE0B6CF04E00E94104FFB
:10E200008E830150D9F78A3A11F482E0CACF0E9476
:10E210009CCAA7019601261B370B480B590BDA0144
:10E22000C901181619061A061B060CF4B0CF82E0B5
:10E230009ACF8F818230B9F420E030E0A9016AE3FF
:10E24000CE01C6DC882311F088E08DCF0E94104FEC
:10E25000807C803C11F483E08F830E94104F0E94E9
:10E26000104F0E94104FCE0113DD81E08A831730DA
:10E2700070F41D83DF91CF911F910F91FF90EF906C
:10E28000DF90CF90BF90AF909F908F90089588E1DE
:10E290008C836DCF0F931F93CF93DF93EC018B0192
:10E2A00020E030E0A90169E093DC811109C040E180
:10E2B00050E0B801CE01DF91CF911F910F9123CE95
:10E2C00080E18C83CE01E4DC80E0DF91CF911F916F
:10E2D0000F910895CF93C82F94DB94E0C99F9001CC
:10E2E0001124F901E458F74F2857374FD9014D91C0
:10E2F0005D916D917C91408351836283738391E042
:10E3000090937B08882319F0CF910C94F829CF9132
:10E310000895CF93DF9300D0CDB7DEB780911B096E
:10E32000811105C080917009882309F482C0809111
:10E330001508789978C08160809315088091150838
:10E34000029973C0826080931508909100018091BA
:10E35000150893FD6CC08460809315088CEB9BE0DE
:10E360009A8389831B82CE01019679DB8823A1F0F1
:10E370008BEB9BE09A838983CE01019670DB811140
:10E380000BC08091150880FF07C080916E098160E5
:10E3900080936E0980E09EDF8CEB9BE09A838983FB
:10E3A00081E08B83CE0101965ADB8823A1F08BEBB1
:10E3B0009BE09A838983CE01019651DB81110BC0CA
:10E3C0008091150881FF07C080916E09826080935B
:10E3D0006E0981E07FDF8CEB9BE09A83898382E08A
:10E3E0008B83CE0101963BDB882319F18BEB9BE0FD
:10E3F0009A838983CE01019632DB81111AC0809104
:10E4000070098823B1F08091150882FF12C08091B5
:10E410006E09846080936E0982E00F900F900F90D8
:10E42000DF91CF9157CF8E7F87CF8D7F8CCF8B7F22
:10E4300093CF0F900F900F90DF91CF91089540915F
:10E44000D50721E0422761E070E00C947BC3409146
:10E45000D50721E042276CE070E00C947BC340912B
:10E46000D50721E0422762E070E00C947BC3409125
:10E47000D50721E0422761E070E00C947BC3409116
:10E48000D50721E0422768E070E00C947BC34091FF
:10E49000D50721E042276CE070E00C947BC34091EB
:10E4A000D50721E0422764E070E00C947BC341E093
:10E4B00061E070E00C947BC341E062E070E00C949A
:10E4C0007BC34091D50721E042270C947BC364E0D5
:10E4D00070E00C9435CA62E070E00C9435CA61E0DB
:10E4E00070E00C9435CA61E070E00C9435CA6CE0C1
:10E4F00070E00C9435CA0E94CD26882329F081E073
:10E50000809328080E94E22681E00895CF93C82FC7
:10E51000CB010E94152A63EF79E1CC2311F068EF5B
:10E5200079E182E09AE1CF910C94A32B80917A0B50
:10E5300083FD28C00E942435882331F18091720B1D
:10E540009091730BA091740BB091750B0097A1057E
:10E55000B105D1F0BC01CD016D597F4F8F4F9F4F59
:10E5600024E630E040E050E00E940DF26091760B2E
:10E570007091770B8091780B9091790B0E940DF23E
:10E58000822F089584E6089580E008957F928F9207
:10E590009F92AF92BF92CF92DF92EF92FF920F9332
:10E5A0001F93CF93DF93CDB7DEB7E2970FB6F89402
:10E5B000DEBF0FBECDBF6C01CE0101967C0110E025
:10E5C00000E04C0195E0A92EB12C25E0722EC80187
:10E5D000B5010E9478F2789EF001799EF00D112429
:10E5E000E60FF71FEE0FFF1FEE0FFF1FED59F84F5D
:10E5F00020E030E04AE754E46081718182819381B8
:10E600000E9448EC0E94D9F4762767277627F70105
:10E61000619371937F010F5F1F4F09311105B9F6A7
:10E6200042E3B401F601808191810E94AF22E2961B
:10E630000FB6F894DEBF0FBECDBFDF91CF911F9113
:10E640000F91FF90EF90DF90CF90BF90AF909F9091
:10E650008F907F900895CF93DF931F921F92CDB735
:10E66000DEB77A83698342E0BE016F5F7F4F0E940D
:10E67000AF220F900F90DF91CF9108950F931F93CA
:10E68000CF93DF9300D01F921F92CDB7DEB7DC018E
:10E6900012969C911297992309F11496ED91FC9191
:10E6A00015973097D9F08D01923079F0943001F1BF
:10E6B0009130A1F420818D919C912D8341E0BE0188
:10E6C0006B5F7F4F0E94AF2209C0608170E07627A8
:10E6D00067277627FD0180819181BDDF0F900F9024
:10E6E0000F900F900F90DF91CF911F910F91089590
:10E6F000608170E090E080E0D6D9F801208131811E
:10E7000069837A838B839C8344E0BE016F5F7F4F74
:10E71000C901D8CF0F931F93CF93DF9300D01F92DF
:10E720001F92CDB7DEB7DC0112969C911297992308
:10E7300001F11496ED91FC9115973097D1F08D0170
:10E74000923079F09430F9F0913099F48D919C9158
:10E7500020812D8341E0BE016B5F7F4F0E94AF227D
:10E7600008C0608171817627672776278D919C91FB
:10E7700072DF0F900F900F900F900F90DF91CF915D
:10E780001F910F9108956081718190E080E08BD995
:10E79000F8012081318169837A838B839C8344E0F3
:10E7A000BE016F5F7F4FC901D9CF0F931F93CF93E6
:10E7B000DF9300D01F921F92CDB7DEB7DC01129617
:10E7C0009C9112979923B9F11496ED91FC911597AC
:10E7D000309789F18D019230D9F09430B1F19130B8
:10E7E00051F520E030E048EC52E460817181828193
:10E7F00093810E9448EC0E94D9F4F80180819181B4
:10E800006D8341E0BE016B5F7F4F0E94AF2213C05A
:10E8100020E030E048EC52E4608171818281938194
:10E820000E9448EC0E94D9F4762767277627F801E2
:10E830008081918110DF0F900F900F900F900F90BB
:10E84000DF91CF911F910F91089520E030E048ECC7
:10E8500052E460817181828193810E9448EC0E9420
:10E86000D9F421D9F8012081318169837A838B839E
:10E870009C8344E0BE016F5F7F4FC901C6CF0F93F9
:10E880001F93CF93DF9300D01F921F92CDB7DEB7B7
:10E89000DC0112969C9112979923B9F11496ED918F
:10E8A000FC911597309789F18D019230D9F0943011
:10E8B000B1F1913051F520E030E040E251E4608167
:10E8C0007181828193810E9448EC0E94D9F4F80101
:10E8D000808191816D8341E0BE016B5F7F4F0E941B
:10E8E000AF2213C020E030E040E251E4608171814A
:10E8F000828193810E9448EC0E94D9F47627672791
:10E900007627F80180819181A6DE0F900F900F90FD
:10E910000F900F90DF91CF911F910F91089520E0FC
:10E9200030E040E251E460817181828193810E94F4
:10E9300048EC0E94D9F4B7D8F8012081318169836D
:10E940007A838B839C8344E0BE016F5F7F4FC90154
:10E95000C6CF0F931F93CF93DF9300D01F921F92C8
:10E96000CDB7DEB7DC0112969C911297992301F185
:10E970001496ED91FC9115973097D1F08D0192305E
:10E9800079F09430F9F0913099F48D919C91208137
:10E990002D8341E0BE016B5F7F4F0E94AF2208C014
:10E9A000608171817627672776278D919C9153DE50
:10E9B0000F900F900F900F900F90DF91CF911F91BC
:10E9C0000F91089560817181072E000C880B990BBF
:10E9D0006AD8F8012081318169837A838B839C8393
:10E9E00044E0BE016F5F7F4FC901D7CF60911F0226
:10E9F00070E0762767277627FC01808191812BCEF6
:10EA0000CF93DF93EC010E945023682F70E07827AA
:10EA10006727762788819981DF91CF911CCEFC01F1
:10EA2000808191818115904491F48091201224E697
:10EA3000829FC001112481589F4F6FEF70E00E94A8
:10EA400078F276276727762780E090E404CE089551
:10EA5000FC019091B006992339F0913069F09F3F05
:10EA600071F461E070E002C062E070E07627672731
:10EA7000762780819181EFCD64E070E0F7CF089533
:10EA8000FC01909110029F3F34F019162CF462E0C3
:10EA900070E0913019F0089561E070E07627672703
:10EAA000762780819181D7CDDC011496ED91FC9180
:10EAB000309789F0E08170E060E0E43028F4F0E025
:10EAC000E057FB4F608170E0762767277627FC01CF
:10EAD00080819181C0CD0895FC0190912E0897709E
:10EAE00070E060E011F060E071E080819181B3CD71
:10EAF000FC01808191818E3FF0E39F0739F065EF43
:10EB000070E0813021E3920719F0089564E670E027
:10EB10007627672776279FCDFC0180819181893FE9
:10EB2000904351F46091170270911802762767277D
:10EB3000762789EF90E38FCD0895FC018081918144
:10EB4000873FF0E39F0721F08115904531F008954C
:10EB5000EDDC682F70E0853610F064E670E0762713
:10EB60006727762787EF90E376CD0F931F93CF9398
:10EB7000DF9300D01F92CDB7DEB72091B0062111F0
:10EB800027C08C0121E732EB47E25EE36091B70BCF
:10EB90007091B80B8091B90B9091BA0B0E9448EC20
:10EBA00020E030E048EC52E40E9448EC0E94D9F4A6
:10EBB0000E947D6DF8012081318169837A838B8386
:10EBC0009C8344E0BE016F5F7F4FC9010E94AF226A
:10EBD0000F900F900F900F90DF91CF911F910F9199
:10EBE00008950F931F93CF93DF9300D01F92CDB75B
:10EBF000DEB72091B006211127C08C0121E732EB4E
:10EC000047E25EE36091B30B7091B40B8091B50B5A
:10EC10009091B60B0E9482F320E030E048EC52E481
:10EC20000E9448EC0E94D9F40E947D6DF801208179
:10EC3000318169837A838B839C8344E0BE016F5F5B
:10EC40007F4FC9010E94AF220F900F900F900F903D
:10EC5000DF91CF911F910F9108950F931F93CF9341
:10EC6000DF9300D01F92CDB7DEB72091B0062111FF
:10EC700021C08C0120E030E048EC52E46091AF0B01
:10EC80007091B00B8091B10B9091B20B0E9448EC47
:10EC90000E94D9F40E947D6DF80120813181698341
:10ECA0007A838B839C8344E0BE016F5F7F4FC901F1
:10ECB0000E94AF220F900F900F900F90DF91CF9195
:10ECC0001F910F910895EF920F93FC01428144230D
:10ECD00061F0648175816115710539F0E12C00E006
:10ECE00021E0808191810E94CB210F91EF900895C6
:10ECF000EF920F93EE24E39400E021E0FC014281C7
:10ED000062EA79E1808191810E94CB210F91EF909D
:10ED10000895EF920F93EE24E39400E021E0FC01CC
:10ED2000428160EA79E1808191810E94CB210F913B
:10ED3000EF900895EF920F93EE24E39400E021E02A
:10ED4000FC0142816EE979E1808191810E94CB21B1
:10ED50000F91EF900895EF920F93FC0142814423AD
:10ED600061F0648175816115710539F0E12C00E075
:10ED700021E0808191810E941D220F91EF900895E2
:10ED80008F929F92AF92BF92CF92DF92EF920F93AA
:10ED9000CF93DF93CDB7DEB75C018DB69EB6FC0195
:10EDA00092812DB73EB7291B31090FB6F8943EBFAB
:10EDB0000FBE2DBFEDB7FEB731966F0181E08F9387
:10EDC00020E92F938F932CE22F938F932F9325E994
:10EDD00039E13F932F931F929F93DF92EF930E940D
:10EDE00040EBEE24E39400E021E0F5014281B6011E
:10EDF000808191810E941D222DB73EB7245F3F4F35
:10EE00000FB6F8943EBF0FBE2DBF0FB6F8949EBE4E
:10EE10000FBE8DBEDF91CF910F91EF90DF90CF901D
:10EE2000BF90AF909F908F900895CF93DF93EC01A8
:10EE300046E065E082E10E94D14D70E060E08881AB
:10EE40009981DF91CF9107CCCF93DF93EC01809133
:10EE50009F0945E065E0882369F08DE00E94FF4D41
:10EE600061E070E076276727762788819981DF91B6
:10EE7000CF91F1CB8DE00E94D14D70E060E0F2CFF8
:10EE80008230910571F034F40097A1F042E00197CF
:10EE900049F008958330910559F045E0049711F049
:10EEA000089543E0662341F065E082E00C94FF4D55
:10EEB00044E0F8CF41E0F6CF65E082E00C94D14D1C
:10EEC000EF920F93CF93DF93EC0180910E0290911C
:10EED0000F0297FF09C088E49CE2892BF1F4DF91CF
:10EEE000CF910F91EF9008950E94C9D2882399F392
:10EEF00080913A0B69E879E0882311F06AE37BE0BE
:10EF00006115710561F3EE24E39400E021E04A818C
:10EF1000888199810E941D22E2CFEE24E39400E0D3
:10EF200021E04A8168E47CE2888199810E94CB21BA
:10EF3000D6CFEF920F93CF93DF93EC018881998125
:10EF4000853620E39207B9F160F4853220E3920719
:10EF5000B1F18534904371F0DF91CF910F91EF9033
:10EF60000895853820E3920741F1853A9043A1F74F
:10EF700084E001C081E02091AE063091AF06820F9F
:10EF8000932F911D0E94C9D28823D9F080913A0B0A
:10EF900069E879E0882311F06AE37BE06115710587
:10EFA000D9F2EE24E39400E021E04A81888199813E
:10EFB0000E941D22D1CF82E0DECF83E0DCCF80E053
:10EFC000DACF88E49CE2009739F2EE24E39400E083
:10EFD00021E04A81BC01888199810E94CB21BCCF6C
:10EFE000AF92BF92CF92DF92EF92FF920F931F9357
:10EFF000CF93DF9300D000D000D01F92CDB7DEB703
:10F000006C01CE0101967C0110E000E05C01809172
:10F01000AE069091AF06800F911F0E94C9D2811158
:10F0200026C0F7011182108260E0C80129DF0F5F5E
:10F030001F4FF2E0EF0EF11C0530110541F74AE0D9
:10F04000B501F601808191810E94AF222A960FB608
:10F05000F894DEBF0FBECDBFDF91CF911F910F910E
:10F06000FF90EF90DF90CF90BF90AF900895809188
:10F070007A0B85FD07C080E091E0F70191838083E2
:10F0800061E0D3CF80E092E0F8CFEF92FF920F9350
:10F090001F93CF93DF937C0180917A0B46E065E06C
:10F0A00086FD2EC082E00E94FF4DC1E0D0E080913D
:10F0B000AE069091AF06892B49F1C26047E065E04A
:10F0C00082E00E94FF4D0091AE061091AF060B5FEB
:10F0D0001F4F0E947BD208171907F0F4C46048E064
:10F0E00065E082E00E94FF4D7C2F6D2FF70180814B
:10F0F0009181DF91CF911F910F91FF90EF90ABCA5B
:10F1000082E00E94D14DD0E0C0E0D1CF47E065E081
:10F1100082E00E94D14DD7CF48E065E082E00E94B6
:10F12000D14DE2CF80917A0B86FD03C00E94D3CBF4
:10F13000F9CF1092AF061092AE068FEF9FEF90932B
:10F140000F0280930E0281E008958F929F92AF92FA
:10F15000BF92DF92EF92FF920F931F93CF93DF93B3
:10F1600000D000D000D01F92CDB7DEB7F82ED62E3B
:10F1700061111092380700E019E143E050E0B80156
:10F18000CE0101960E94B7EA8A819B81009741F0E7
:10F190002981F21629F00D5F1F4F79F790E080E08A
:10F1A0008C010115110509F456C0F801859194915F
:10F1B000009709F450C0BE016F5F7F4F0E94C822C4
:10F1C000882309F445C089859A85892B09F440C0B4
:10F1D000D11003C08C8180FF3BC0EB8026E0E20EA3
:10F1E0000E949CCA4B015C0138EE830E33E0931EF3
:10F1F000A11CB11CF12C8091560690915506891BDB
:10F20000990B9C012150310937FF02C02F5C3F4F01
:10F210002E151F04C0F40E949CCAA5019401261B50
:10F22000370B480B590BDA01C901181619061A06D3
:10F230001B0624F50E94924D62E370E080E090E0AE
:10F240000E9402CAD8CFE985FA85CE0101961995A8
:10F250000E5F1F4FA6CF81E02A960FB6F894DEBF4F
:10F260000FBECDBFDF91CF911F910F91FF90EF9017
:10F27000DF90BF90AF909F908F90089580E0ECCF8B
:10F280003F924F925F926F927F928F929F92AF9236
:10F29000BF92CF92DF92EF92FF920F931F93CF9383
:10F2A000DF93CDB7DEB72C970FB6F894DEBF0FBE55
:10F2B000CDBF5C01DC0159968D909C90F401818555
:10F2C0009285A385B4859C01AD012F5F3F4F4F4FC1
:10F2D0005F4F29873A874B875C87D50114964D90FD
:10F2E0005D906D907C9017974114510461047104F6
:10F2F00009F459C0BFEF4B1A5B0A6B0A7B0A312C29
:10F30000730162011D821E821F821886F4018185AD
:10F310009285A385B4852D813E814F81588528171C
:10F3200039074A075B0708F056C089859A85AB857F
:10F33000BC858C159D05AE05BF0550F482E0C82E36
:10F34000D12CE12CF12C92E0492E512C612C712C06
:10F350009E012F5F3F4FB701A601C4010E94F8CC68
:10F360008823C9F189819A81AB81BC81892B8A2B41
:10F370008B2B01F1260137019FEF491A590A690ABF
:10F38000790A2D813E814F8158852F5F3F4F4F4F26
:10F390005F4F2D833E834F8358873FEFC31AD30AB5
:10F3A000E30AF30AB3CF4080518062807380332434
:10F3B0003394A6CFC414D504E604F70411F70FEF75
:10F3C0001FEF2FEF3FE0B701A601C4010E9466CCFA
:10F3D000782E81111AC0712C872D2C960FB6F894B7
:10F3E000DEBF0FBECDBFDF91CF911F910F91FF9078
:10F3F000EF90DF90CF90BF90AF909F908F907F90D5
:10F400006F905F904F903F900895F5014481558132
:10F4100066817781411551056105710539F09701C4
:10F420008601C4010E9466CC8823A9F2D5011496F6
:10F43000CD92DD92ED92FC921797332051F0D701D7
:10F44000C6010196A11DB11DF40180839183A283A1
:10F45000B383F50185899689A789B08D892B8A2B7D
:10F460008B2B09F0B9CFC58AD68AE78AF08E8181C5
:10F4700080688183B1CF40E050E0BA010C9433CE74
:10F48000EF92FF920F931F93CF93DF93CDB7DEB729
:10F490002C970FB6F894DEBF0FBECDBF8C017F93C3
:10F4A0006F935F934F938BEE94E09F938F939E01A6
:10F4B0002F5F3F4F79013F932F930E94D7F5F801BB
:10F4C00001900020E9F7CF010197801B910B0FB647
:10F4D000F894DEBF0FBECDBF8431910548F445E1FD
:10F4E00050E0481B590BB701800F911F0E942CEB75
:10F4F000C8012C960FB6F894DEBF0FBECDBFDF91CA
:10F50000CF911F910F91FF90EF9008958091240269
:10F510008F37C8F18F5790919D0B9093AB0899232B
:10F5200081F1A59A9091F2079093AA089923A1F1ED
:10F53000759A8F5F809324028091A90891E08927B2
:10F540008093A90880912302980F85300CF090E0F9
:10F55000823009F46EC014F58823B1F1813009F4CA
:10F560005DC0909323020E9489718091D10990918E
:10F57000D209009729F001979093D2098093D1097D
:10F580000895A598CFCF9091AB08891708F0A5985A
:10F590009091AA08891768F27598CBCF843009F446
:10F5A00060C00CF459C08530E1F62091A808211103
:10F5B00002C08093A8088091A80881508093A80871
:10F5C000882379F295E0CDCF809122028F5F803140
:10F5D0001CF480932202C5CF109222028091E7078B
:10F5E000811113C02091930B3091940B3093960BA3
:10F5F0002093950B2091E8073091E9073093EB07B2
:10F600002093EA0781E08093E7071092940B109211
:10F61000930B1092E9071092E807A3CF10927B009A
:10F6200081E480937C0080917A00806480937A00EA
:10F6300098CF80917A0086FD27C040917800509144
:10F6400079002091930B3091940B240F351F309348
:10F65000940B2093930B85CF88E080937B0086E406
:10F66000E0CF80917A0086FD11C0409178005091E2
:10F6700079002091E8073091E907240F351F309376
:10F68000E9072093E8076DCF92E06BCF94E069CF54
:10F690000F930FB70F9300916E000D7F00936E00D4
:10F6A00078940F930BB70F930CB70F921F922F9371
:10F6B0003F934F935F936F937F938F939F93AF93FA
:10F6C000BF93EF93FF93112421DFFF91EF91BF913F
:10F6D000AF919F918F917F916F915F914F913F91EA
:10F6E0002F911F900F900CBF0F910BBF0F910260D5
:10F6F000F89400936E000F910FBF0F911895CF9360
:10F70000DF93C3E9DBE0198618861092FB070E949D
:10F71000A66D1A86A598C8EED7E0198618860E94AD
:10F72000AD231A867598DF91CF9108958F929F929D
:10F73000AF92BF92CF92DF92EF92FF920F931F93FF
:10F74000CF93DF93B4E4A0E06A2F70E0AB014B0FDE
:10F75000511D55954795411119C0E5E0F9E26591B4
:10F760007491072E000C880B990B0E94E9EBDF9136
:10F77000CF911F910F91FF90EF90DF90CF90BF90AE
:10F78000AF909F908F900895B42FE0CFA41711F001
:10F79000B41303C0E1E1FAE2E2CF9A01215031094A
:10F7A000220F331F220F331FF901ED5FF64DE59055
:10F7B000F490F901E95FF64DC591D4918E159F053E
:10F7C00018F3A42FC817D90708F4BECFF901EB5FCF
:10F7D000F64D05911491F901E75FF64DC590D4906F
:10F7E0008E199F09BC0190E080E00E94E7EB4B017D
:10F7F0005C01B601601B710B072E000C880B990B86
:10F800000E94E9EB9B01AC01C501B4010E9448ECE8
:10F810004B015C01CE19DF09BE0190E080E00E943F
:10F82000E7EB9B01AC01C501B4010E9482F36B01BF
:10F830007C01B801110F880B990B0E94E9EB9B0129
:10F84000AC01C701B6010E94A6F291CFCF92DF9220
:10F85000EF92FF926A017B010E94152AC701B6014F
:10F86000FF90EF90DF90CF900C945DC1CF93DF932A
:10F87000EC01488159816A817B8182EB93E2E6DF6A
:10F880004C815D816E817F818AE69EE2DFDF488563
:10F8900059856A857B8586E69EE2DF91CF910C943F
:10F8A000112B0F930FB70F9300916E000F930D7FE5
:10F8B00000936E0000916F000D7F00936F000F9317
:10F8C0000BB70F930CB70F921F922F933F934F9349
:10F8D0005F936F937F938F939F93AF93BF93EF93B8
:10F8E000FF931124DDD6FF91EF91BF91AF919F91CE
:10F8F0008F917F916F915F914F913F912F911F90C9
:10F900000F900CBF0F910BBF0F910260F894009302
:10F910006F000F9100936E000F910FBF0F9118951C
:10F92000CF93DF9300D0CDB7DEB700C000C08BEB24
:10F930009BE09A8389831B82CE0101960E942F6DE2
:10F9400090910801811101C09095917090930601EA
:10F95000811148C08FEF80932F088BEB9BE09A8337
:10F96000898381E08B83CE0101960E942F6D909157
:10F970000801811101C09095987090930601811142
:10F9800033C08FEF809330088BEB9BE09A838983A1
:10F9900082E08B83CE0101960E942F6D9091080129
:10F9A0008111909590789093060181111FC08FEF7F
:10F9B000809331088BEB9BE09A83898383E08B8370
:10F9C000CE0101960E942F6D882391F08D9A81E0DF
:10F9D0008093320800C000C00F900F900F90DF910D
:10F9E000CF91089581E0B7CF81E0CCCF81E0E0CF27
:10F9F0008D988FEFEDCF80912E08877F80932E0812
:10FA00008B9A81E008958B9880912E08886080936E
:10FA10002E08089521E030E0082E02C0220F331F87
:10FA20000A94E2F72095309590912E08292320938F
:10FA30002E08813061F020F0823071F081E008956D
:10FA40008E9A80916F098E7F80936F09F7CF749A99
:10FA500080916F098D7FF8CF80910801809580712A
:10FA60008093060180916F098B7FEECF80E0D2DF1B
:10FA700081E0D0DF82E0CEDFBECF8130B9F0A0F0F0
:10FA80008230B1F021E030E0082E01C0220F0A944C
:10FA9000EAF790912E08922B90932E08823019F459
:10FAA00081E08093D60708958E98ECCF7498EACFC2
:10FAB00090910801907190930601E4CF80E0DDDF22
:10FAC00081E0DBDF82E0D9DF9ECF4F925F926F92C1
:10FAD0007F928F929F92AF92BF92CF92DF92EF92DE
:10FAE000FF92CF93DF9300D000D0CDB7DEB79E83D7
:10FAF0008D830E9412274B015C01AD81BE81189657
:10FB00004D905D906D907C901B97AC019B01C30163
:10FB1000B2010E94A5F26B017C018091A009909135
:10FB2000A109A091A209B091A30989839A83AB830B
:10FB3000BC8320E030E0A901BC01CD010E94E3EBD1
:10FB4000882349F020E030E0A901C701B6010E94F6
:10FB5000E3EB1816ECF0AD81BE811896CD92DD92E4
:10FB6000ED92FC921B9726960FB6F894DEBF0FBE5F
:10FB7000CDBFDF91CF91FF90EF90DF90CF90BF90FE
:10FB8000AF909F908F907F906F905F904F9008956F
:10FB900029813A814B815C81C301B2010E94CDF47D
:10FBA00087FFE1CF20919B0930919C0940919D09ED
:10FBB00050919E09C501B4010E9448EC9B01AC0123
:10FBC00060E070E080E89FE30E94A5F29B01AC0139
:10FBD000C701B6010E9482F3ED81FE8160877187C3
:10FBE00082879387C0CFCF93DF9380915207811193
:10FBF00019C0C0911D02D0911E02219720E030E073
:10FC000040E05FE36091970B7091980B8091990BA6
:10FC100090919A0B0E94A6F20E94EAF321E06C17E1
:10FC20007D070CF020E0822FDF91CF910895AF92F5
:10FC3000BF92CF92DF92EF92FF920F931F93CF93D9
:10FC4000DF93CBEDD9E00DEA19E08BEEA82E89E029
:10FC5000B82EC12CD12C7601C394699179918991E8
:10FC600099910E94E7EB288939894A895B890E942A
:10FC700048EC0E94EFF3F8016193719381939193A3
:10FC80008F01C616D706E806F90610F46B017C0151
:10FC9000AC16BD0611F76FEF7FEFCB01A701960100
:10FCA0000E940DF22093BD093093BE094093BF0915
:10FCB0005093C009DF91CF911F910F91FF90EF906A
:10FCC000DF90CF90BF90AF9008950F931F93CF9385
:10FCD000DF930FEE19E0C1ECD9E0F80121913191E9
:10FCE000419151918F0160E070E080E89FE30E94B4
:10FCF00082F36993799389939993F9E0C13DDF0782
:10FD000061F70E9457C3DF91CF911F910F918FCF61
:10FD10009091CD0B8091CE0B981306C08091D109A4
:10FD20009091D209892B21F080E00E946436F0CFB7
:10FD300008954F925F926F927F928F929F92AF92AF
:10FD4000BF92CF92DF92EF92FF92CF93DF93EC01BD
:10FD500080E1FE01AFECBBE001900D928A95E1F7E6
:10FD60002091FB093091FC094091FD095091FE0959
:10FD70006C857D858E859F850E9448EC0E94D9F414
:10FD80006B017C012091F7093091F8094091F90944
:10FD90005091FA09688579858A859B850E9448EC8F
:10FDA0000E94D9F44B015C012091F3093091F409D0
:10FDB0004091F5095091F6096C817D818E819F817A
:10FDC0000E9448EC0E94D9F42B013C012091EF09DC
:10FDD0003091F0094091F1095091F20968817981DF
:10FDE0008A819B810E9448EC0E94D9F46093DF0BCA
:10FDF0007093E00B8093E10B9093E20B4092E30B46
:10FE00005092E40B6092E50B7092E60B8092E70B48
:10FE10009092E80BA092E90BB092EA0BC092EB0B28
:10FE2000D092EC0BE092ED0BF092EE0B9091CD0B9B
:10FE30008091CE0B981781F0DF91CF91FF90EF90DA
:10FE4000DF90CF90BF90AF909F908F907F906F90FA
:10FE50005F904F900C941AC35BDF0E94016DC82F16
:10FE60008FED9BE00E94826CCC2381F0DF91CF91DB
:10FE7000FF90EF90DF90CF90BF90AF909F908F90CA
:10FE80007F906F905F904F900C94F829DF91CF9105
:10FE9000FF90EF90DF90CF90BF90AF909F908F90AA
:10FEA0007F906F905F904F900895CF92DF92EF9286
:10FEB000FF92CF93DF93C82F0E94016D94E0C99FFA
:10FEC000E0011124FE01E857F74FC080D180E280A5
:10FED000F38081110E94F829CF53D64FC701B60194
:10FEE0000E94E9EB288139814A815B810E9448ECBC
:10FEF000DF91CF91FF90EF90DF90CF9008958F9298
:10FF00009F92AF92BF92CF92DF92EF92FF921F9398
:10FF1000CF93DF93CDB7DEB760970FB6F894DEBF0F
:10FF20000FBECDBF182F80E0C0DF4B015C01809277
:10FF3000160890921708A0921808B092190881E04C
:10FF4000B4DF6B017C01C0921A08D0921B08E092CA
:10FF50001C08F0921D0882E0A8DF60931E087093D1
:10FF60001F0880932008909321081D861E861F86F7
:10FF7000188A89829A82AB82BC82CD82DE82EF822D
:10FF8000F88669877A878B879C8783E08EDF6D8709
:10FF90007E878F87988B80919F09882319F0CE01E7
:10FFA000019693DD1E3FD9F480E1FE013196A6E271
:10FFB000BAE001900D928A95E1F760960FB6F89439
:10FFC000DEBF0FBECDBFDF91CF911F91FF90EF90AD
:10FFD000DF90CF90BF90AF909F908F90089584E076
:10FFE000189FF0011124DF01AA5DB54F81E090E078
:10FFF0008C0F9D1FE80FF91F408151816281738131
:020000021000EC
:100000004D935D936D937C931397D7CF0F931F936D
:10001000CF93DF9300D01F92CDB7DEB78C018091D4
:100020006F0982FF33C082E040DF20E030E048E427
:1000300052E40E9448EC0E94EAF30E94E9EB2AE0B5
:1000400037ED43EA5CE30E9448EC20E030E048EC06
:1000500052E40E9448EC0E94D9F40E947D6DF801A0
:100060002081318169837A838B839C8344E0BE0144
:100070006F5F7F4FC9010E94AF220F900F900F90CA
:100080000F90DF91CF911F910F91089560E070E084
:10009000CB01CBCF9091CD0B8091CE0B981307C0A5
:1000A0008091D1099091D209892B09F4DFCC80E0AD
:1000B0000E946436EFCFCF92DF92EF92FF92CF9300
:1000C000DF93C82F0E94016D94E0C99FE0011124C5
:1000D000FE01E458F74FC080D180E280F3808111A7
:1000E0000E94F829CF53D64FC701B6010E94E9EB11
:1000F000288139814A815B810E9448ECDF91CF9150
:10010000FF90EF90DF90CF9008958F929F92AF92E3
:10011000BF92CF92DF92EF92FF92CF93DF93209125
:100120009F09222309F47FC0EC018090A0099090E0
:10013000A109A090A209B090A30920E030E0A90194
:10014000C501B4010E94E3EB882309F477C0C88499
:10015000D984EA84FB8420E030E0A901C701B6011C
:100160000E94E3EB18160CF069C0A5019401C701C9
:10017000B6010E94CDF487FF56C0209197093091B7
:1001800098094091990950919A09C701B6010E94B6
:10019000E3EB882321F1C0929709D0929809E0926D
:1001A0009909F0929A0920919B0930919C094091FC
:1001B0009D0950919E09C701B6010E9448EC9B0120
:1001C000AC0160E070E080E89FE30E94A5F26093DC
:1001D000190270931A0280931B0290931C02C09024
:1001E0001902D0901A02E0901B02F0901C0220E04D
:1001F00030E0A901C701B6010E94E3EB882399F022
:10020000CE010E941227A70196010E9448EC9B0193
:10021000AC01688579858A859B850E94A6F26887EE
:1002200079878A879B87DF91CF91FF90EF90DF904E
:10023000CF90BF90AF909F908F900895C12CD12CFC
:1002400080E8E82E8FE3F82EDBCFCF92DF92EF929B
:10025000FF92C090D007D090D107E090D207F090E5
:10026000D3078091D407882309F44FC020E030E001
:10027000A901C701B6010E94E3EB882309F445C038
:1002800020E030E040E05FE3C701B6010E9448ECA7
:100290009B01AC010E9448EC2BED3FE049E450E4A7
:1002A0000E9448EC9B01AC0160E070E080E89FE3B5
:1002B0000E9482F36B017C01C0924E07D0924F07DF
:1002C000E0925007F0925107609117027091180266
:1002D000072E000C880B990B0E94E9EB2AE037ED02
:1002E00043E25CE30E9448ECA70196010E9448ECBF
:1002F0006093550270935602809357029093580270
:10030000FF90EF90DF90CF900895C12CD12C80E822
:10031000E82E8FE3F82ED0CF2F923F924F925F922C
:100320006F927F928F929F92AF92BF92CF92DF9205
:10033000EF92FF920F931F93CF93DF93CDB7DEB76A
:1003400066970FB6F894DEBF0FBECDBF1C016A01E1
:100350007B0128013901DC0155968D909D90AD906F
:10036000BC90589720E030E0A901CB01B6010E9473
:10037000E3EB882309F44EC1A7019601C501B4013E
:100380000E9448EC0E94D9F4D62EE72EF82EC92EF2
:10039000A3019201C501B4010E9448EC0E94D9F466
:1003A000DD82EE82FF82C8862D813E814F81588595
:1003B000203231054105510548F420E2822E912C6E
:1003C000A12CB12C8D829E82AF82B88669837A83FC
:1003D0008B839C8329813A814B815C81203231055A
:1003E0004105510548F480E2882E912CA12CB12CB6
:1003F00089829A82AB82BC82F101FE9680819181D2
:10040000A281B3818097A105B10540F480E290E01C
:10041000A0E0B0E080839183A283B383D1019D9655
:100420008D909D90AD90BC90D0978B8A9C8AAD8A20
:10043000BE8AF101E65BFF4F608171818281938109
:10044000611571058105910509F4ECC00E94E9EB85
:100450009B01AC0160E070E080E89FE30E9482F3C2
:1004600020E030E040E05FE30E9448EC6B017C015B
:10047000F101FE9660817181828193810E94E7EB98
:100480009B01AC010E9448EC2B013C0169817A81FF
:100490008B819C810E94E7EB9B01AC010E9448ECA0
:1004A0009B01AC01C301B2010E94A5F2A701960114
:1004B0000E9448EC69877A878B879C876D817E8153
:1004C0008F8198850E94E7EB9B01AC010E9448EC6C
:1004D0009B01AC01C301B2010E94A5F2A7019601E4
:1004E0000E9448EC2B013C010E946CF30E94EAF34D
:1004F0006B017C0169857A858B859C850E946CF3F4
:100500000E94EAF346015701860E971EA81EB91EE7
:100510002B893C894D895E89281939094A095B096B
:1005200057FF32C06B897C898D899E890E94E7EBD9
:10053000A30192010E94A6F229853A854B855C852C
:100540000E94A5F220E030E040E05FE30E9448EC2A
:100550000E94D9F4C12CD12C760197FD0DC06B01FE
:100560007C018B889C88AD88BE888C149D04AE0469
:10057000BF0414F4750164016B897C898D899E899F
:100580006C197D098E099F09D101D196CD92DD921A
:10059000ED92FC92D4978B889C88AD88BE88861A91
:1005A000970AA80AB90AD501C401F10185AB96AB37
:1005B000A7ABB0AFEE5BFF4F8D809E80AF80B8845D
:1005C00080829182A282B38291012A5B3F4FD9013E
:1005D00089809A80AB80BC808D929D92AD92BC92B6
:1005E000139766960FB6F894DEBF0FBECDBFDF91AE
:1005F000CF911F910F91FF90EF90DF90CF90BF9020
:10060000AF909F908F907F906F905F904F903F90B2
:100610002F900895F101EE5BFF4FD080E180F280D2
:10062000C380B6CEC12CD12C760160E070E0CB0146
:10063000ABCF8F3010F48F5F08958F500895CF9314
:10064000DF939091CE0B8091CD0B891740F0891BE1
:1006500041F4D0E0C0E0CE01DF91CF910895805FFA
:10066000F6CF9091CB0B992351F0833030F48FEF7C
:10067000890F19F08093CB0BECCF1092CB0BC0916C
:10068000CE0B83E6C89FE0011124C151D44F88816D
:1006900080FDDFCF8091CE0BCCDF8093CC0BDBCF06
:1006A0002F923F924F925F926F927F928F929F9282
:1006B000AF92BF92CF92DF92EF92FF920F931F9370
:1006C000CF93DF9300D000D000D01F921F92CDB700
:1006D000DEB78FEF9FEF90938900809388002AE028
:1006E0002D8310E000E08091790890917A08892BA1
:1006F00009F0B1C180917B088823D9F08091A609C7
:100700009091A70910927B08892B09F4A4C110923B
:10071000A7091092A6091092BC0B9091CD0B809165
:10072000CE0B981709F497C18091CE0B82DF80938E
:10073000CE0B8091A6099091A709892B09F48BC152
:1007400040916F0850917008609171087091720823
:1007500080916B0890916C08A0916D08B0916E0823
:10076000481759076A077B0708F075C1C090210236
:10077000D12CF12CE12C841B950BA60BB70BC816C2
:10078000D906EA06FB0610F4D701C601E82F840F4C
:10079000951FA61FB71F80936F0890937008A093B2
:1007A0007108B093720891E0C0903308D09034087B
:1007B000E0903508F090360840914708509148087D
:1007C0006091490870914A08409037085090380865
:1007D0006090390870903A08440D551D661D771DCC
:1007E00080E077FD05C04C195D096E097F0981E045
:1007F00040934708509348086093490870934A080B
:1008000040914B0850914C0860914D0870914E08F2
:1008100040903B0850903C0860903D0870903E0826
:10082000440D551D661D771D77FD05C082604C196E
:100830005D096E097F0940934B0850934C08609303
:100840004D0870934E0840914F08509150086091A8
:1008500051087091520840903F08509040086090B5
:10086000410870904208440D551D661D771D77FDA7
:1008700005C084604C195D096E097F0940934F08DB
:100880005093500860935108709352084091530858
:100890005091540860915508709156084090430853
:1008A000509044086090450870904608440D551DCE
:1008B000661D771D77FD05C088604C195D096E09BE
:1008C0007F094093530850935408609355087093E0
:1008D0005608911104C02091840030918500282F82
:1008E00030E0482F417080FF1CC080912F08082EF7
:1008F000000C990BAA0BBB0BC0908808D0908908FC
:10090000E0908A08F0908B088C0D9D1DAE1DBF1DD8
:100910008093880890938908A0938A08B0938B08E5
:100920008F9A21FB552750F95887198621FF21C03E
:1009300080913008082E000C990BAA0BBB0BC090BD
:100940008C08D0908D08E0908E08F0908F088C0D68
:100950009D1DAE1DBF1D80938C0890938D08A093A4
:100960008E08B0938F0880910801809584708093E1
:10097000060122FB222420F8312C22FF21C0809185
:100980003108082E000C990BAA0BBB0BC0909008E5
:10099000D0909108E0909208F09093088C0D9D1DE6
:1009A000AE1DBF1D8093900890939108A09392086C
:1009B000B09393088091080180958072809306011E
:1009C000F3E035952795FA95E1F721153105E1F02A
:1009D00080913208082E000C990BAA0BBB0BC0901B
:1009E0009408D0909508E0909608F09097088C0DA8
:1009F0009D1DAE1DBF1D8093940890939508A093F4
:100A00009608B09397088C9A809184009091850005
:100A1000809184009091850041118F9888849984F9
:100A2000892829F080910801847080930601232889
:100A300029F080910801807280930601232B09F030
:100A40008C98EE2321F08091840090918500E150F4
:100A500090E009F0A9CEA0905302B0905402BF825A
:100A6000AE82AB2809F052C0809081099090820933
:100A70009A8289828114910409F43DC0F0900601A4
:100A800082E00E943D7D00C000C0809108011814E2
:100A900019040CF4809580788093060100C000C092
:100AA00080910801809580728093060100C000004B
:100AB00082E090E00197F0F78091080180728093C6
:100AC000060100C000C080910801F7FC8095807885
:100AD0008093060100C000C0A980BA80809181097E
:100AE000909182091A141B040CF03AC2019790935A
:100AF0008209809381090E94FE29882309F432C269
:100B000080ED97E090935402809353027894809103
:100B1000790890917A08892B09F08FC1209184007F
:100B200030918500809121028230B0F040917708A9
:100B300050917808420F531F6091730870917408A8
:100B40006417750748F090E095958795809321028A
:100B500010927608109275083195219531093093DD
:100B60007808209377081092740810927308E09127
:100B7000A609F091A709309709F454C380916F0832
:100B800090917008A0917108B091720840916B0823
:100B900050916C0860916D0870916E0884179507EC
:100BA000A607B70708F4E1C11092A7091092A60999
:100BB0001092BC0B9091CD0B8091CE0B981709F43D
:100BC00031C38091CE0B35DD8093CE0B60EDE62EE8
:100BD00067E0F62E8091A6099091A709892B09F06C
:100BE00028C12DDD9093A7098093A609892B09F4CC
:100BF00020C16091A6097091A7097B876A87DB01F4
:100C00008C9182FDE3C2FB01E15BFF4F808191810A
:100C1000A281B3818093141390931513A09316139C
:100C2000B093171380E13496A5E6B2E101900D92DE
:100C30008A95E1F780E0EA85FB85458C568C678CC8
:100C400070A091E0411451046104710409F490E032
:100C500090FB80F9AA85BB859196CD90DD90ED90B3
:100C6000FC90949791E0C114D104E104F10409F4DB
:100C700090E090FB81F9EA85FB8545A156A167A12B
:100C800070A591E0411551056105710509F490E0E9
:100C900090FB82F98093BC0BEA85FB8585A596A520
:100CA000A7A5B0A980936B0890936C08A0936D08DA
:100CB000B0936E08882499245401881A990AAA0AC4
:100CC000BB0A8092470890924808A0924908B092C7
:100CD0004A0880924B0890924C08A0924D08B0921E
:100CE0004E0880924F0890925008A0925108B092FE
:100CF00052088092530890925408A0925508B092DE
:100D0000560881A492A4A3A4B4A4880C991CAA1C7C
:100D1000BB1C8092430890924408A0924508B09270
:100D20004608440C551C661C771C409237085092AC
:100D300038086092390870923A08CC0CDD1CEE1C21
:100D4000FF1CC0923B08D0923C08E0923D08F09214
:100D50003E08440F551F661F771F40933F0850936E
:100D600040086093410870934208880F991FAA1F9A
:100D7000BB1F8093330890933408A0933508B09339
:100D8000360810926F081092700810927108109235
:100D9000720881A992A9A3A9B4A980936708909326
:100DA0006808A0936908B0936A0885A996A9A7A9BD
:100DB000B0AD8093570890935808A0935908B0930A
:100DC0005A089091BB0B85AD981721F08093BB0B0F
:100DD0000E94907C0E94897110927608109275088A
:100DE000E091A609F091A709EE5BFF4F6081718148
:100DF0008281938160935F0870936008809361089B
:100E0000909362080E948B6C7C0196958795B0E068
:100E1000A0E080935B0890935C08A0935D08B0937A
:100E20005E088093630890936408A0936508B0936C
:100E30006608F0927A08E09279088E809F8089286F
:100E400071F48091790890917A088A3F910538F47D
:100E50007AEFA72EB12CB0927A08A092790820914F
:100E60005302309154028091790890917A082F3F73
:100E7000320709F4EDC1AC015695479524173507A3
:100E800008F0D5C1509354024093530280365AEE75
:100E9000950708F4B7C160E67AEE209153023091CD
:100EA0005402A9016217730708F4AB01841B950B68
:100EB00090937A08809379082F3F320731F0241BF2
:100EC000350B3093540220935302040F151FF894EE
:100ED000809184009091850040967D8171507D8342
:100EE000772321F00817190708F4FDCB40918400FF
:100EF000509185002091770830917808240F351F94
:100F000030937808209377080817190708F07CC1F8
:100F100020912102203138F4220F209321021092D7
:100F200076081092750890938900809388002B961C
:100F30000FB6F894DEBF0FBECDBFDF91CF911F91EA
:100F40000F91FF90EF90DF90CF90BF90AF909F9068
:100F50008F907F906F905F904F903F902F9008956B
:100F60000196C5CD8FEF9FEFCDCD40916708509191
:100F700068086091690870916A0884179507A60748
:100F8000B70708F07DC02091630830916408409154
:100F900065085091660829833A834B835C8381AD51
:100FA00092ADA3ADB4ADBA01A901FF24499FE12CD4
:100FB0005A9F90016A9F300D699F200D311D4A9FF5
:100FC000E00C211D3F1D599FE00C211D3F1D689F16
:100FD000E00C211D3F1D589FE10C2F1D3F1DB49FAC
:100FE000EE0C201D311DB59F300D1124DF01AE5BCD
:100FF000BF4F8D919D910D90BC91A02D820F931F9D
:10100000A11DB11D80935F0890936008A0936108B3
:10101000B0936208FE9640815181628173814817C6
:1010200059076A077B0740F440935F0850936008B4
:10103000609361087093620860915F087091600826
:1010400080916108909162080E948B6C7C0189817B
:101050009A81AB81BC818E0D9F1DA11DB11D809316
:10106000630890936408A0936508B0936608109293
:101070005B0810925C0810925D0810925E08AACD81
:1010800040915708509158086091590870915A083A
:1010900084179507A607B70708F46CC060915B0832
:1010A00070915C0880915D0890915E0869837A83F5
:1010B0008B839C8381AD92ADA3ADB4AD49815A8140
:1010C0006B817C81FF24499FE12C5A9F90016A9F8C
:1010D000300D699F200D311D4A9FE00C211D3F1DE1
:1010E000599FE00C211D3F1D689FE00C211D3F1DF5
:1010F000589FE10C2F1D3F1DB49FEE0C201D311D8C
:10110000B59F300D1124A90170E060E080915F0867
:1011100090916008A0916108B0916208EA5BFF4F6E
:10112000C080D180E280F380481759076A077B07A7
:1011300058F4841B950BA60BB70BC816D906EA0604
:10114000FB0610F46C017D01C701B6010E948B6C97
:101150007C0189819A81AB81BC818E0D9F1DA11D6F
:10116000B11D80935B0890935C08A0935D08B093D9
:101170005E0830CD8091750890917608892B09F52D
:10118000FE96C080D180E280F380C701B6010E9444
:101190008B6C909376088093750896958795B0E050
:1011A000A0E080935B0890935C08A0935D08B093E7
:1011B0005E08C0925F08D0926008E0926108F092E9
:1011C0006208E0907508F090760804CDAA85BB858A
:1011D0008C9182FF04C0CD014D960E94826C1092CA
:1011E000A7091092A6091092BC0B9091CD0B80918B
:1011F000CE0B981709F4F5CC8091CE0B1ADA8093B8
:10120000CE0BEFCCBC0149CE80917308909174084D
:10121000841B950B800F911F909374088093730823
:10122000C80181CE80EDE82E87E0F82EDACC80363A
:10123000AAEE9A0708F02FCEAC012817390708F458
:10124000A901841B950B90937A088093790837CE77
:101250008036BAEE9B07B0F240E65AEE80569A4EC0
:1012600090937A088093790830CECF93DF931F92C2
:10127000CDB7DEB7898360E0CE0101960E940E6D86
:1012800061E0CE0101960E940E6D62E0CE010196F2
:101290000E940E6D89810F90DF91CF9108954F923A
:1012A0005F926F927F928F929F92AF92BF92CF92F6
:1012B000DF92EF92FF92FC01408051806280738048
:1012C00084809580A680B780C084D184E284F38432
:1012D00020E030E0A901C301B2010E94E3EB8111DB
:1012E00025C020E030E0A901C501B4010E94E3EB74
:1012F00081111CC020E030E0A901C701B6010E94A5
:10130000CDF487FF04C0F7FAF094F7F8F094C70122
:10131000B601FF90EF90DF90CF90BF90AF909F907D
:101320008F907F906F905F904F900895A3019201EE
:10133000C301B2010E9448EC2B013C01A5019401BC
:10134000C501B4010E9448EC9B01AC01C301B2018C
:101350000E94A6F24B015C01A7019601C701B601EC
:101360000E9448EC9B01AC01C501B4010E94A6F2A9
:10137000FF90EF90DF90CF90BF90AF909F908F90B5
:101380007F906F905F904F900C9413F58F929F9287
:10139000AF92BF92CF92DF92EF92FF92CF93DF9303
:1013A00020913502222309F48EC0EC0180913D0783
:1013B000E82E80FF2CC08090370290903802A090D9
:1013C0003902B0903A02288139814A815B81C50196
:1013D000B4010E94CDF4181624F488829982AA825E
:1013E000BB828090430290904402A0904502B0904E
:1013F0004602288139814A815B81C501B4010E947E
:10140000E3EB87FF04C088829982AA82BB82E1FE57
:101410002CC080903B0290903C02A0903D02B09086
:101420003E022C813D814E815F81C501B4010E9445
:10143000CDF4181624F48C829D82AE82BF828090F7
:10144000470290904802A0904902B0904A022C8135
:101450003D814E815F81C501B4010E94E3EB87FFAE
:1014600004C08C829D82AE82BF82E2FE2CC0C090FE
:101470003F02D0904002E0904102F0904202288565
:1014800039854A855B85C701B6010E94CDF41816DF
:1014900024F4C886D986EA86FB86C0904B02D09099
:1014A0004C02E0904D02F0904E02288539854A8525
:1014B0005B85C701B6010E94E3EB87FF04C0C886C5
:1014C000D986EA86FB86DF91CF91FF90EF90DF907F
:1014D000CF90BF90AF909F908F90089580912408F7
:1014E00090912508A0912608B091270880931302B7
:1014F00090931402A0931502B093160280912208D3
:101500009091230890931202809311020895809184
:10151000130290911402A0911502B09116028093CB
:10152000240890932508A0932608B093270880915B
:10153000110290911202909323088093220884E66E
:1015400090E090931202809311020895CF93DF935D
:10155000CDB7DEB72C970FB6F894DEBF0FBECDBF68
:10156000AB01BC0119821A821B821C821D821E8261
:101570001F82188619861A861B861C869E012F5F7D
:101580003F4F86E29AE00E94DDC22C960FB6F89497
:10159000DEBF0FBECDBFDF91CF9108954F925F9216
:1015A0006F927F92AF92BF92CF92DF92EF92FF92B3
:1015B0000F931F93CF93DF9300D000D000D01F92E2
:1015C000CDB7DEB769837A838B839C832D833E837B
:1015D0004F8358872701380120E030E0A901B50189
:1015E000C6010E94E3EB811175C010914F028091FA
:1015F00050028A8790915102998700915202A12C42
:10160000B12C80E8C82E90E4D92EA30192016091FC
:101610002E0A70912F0A8091300A9091310A0E940F
:10162000E3EB87FF0BC040922E0A50922F0A609284
:10163000300A7092310AB501C60188DF89819A812A
:10164000AB81BC818093260A9093270AA093280A35
:10165000B093290A8D819E81AF81B88580932A0A33
:1016600090932B0AA0932C0AB0932D0A612F7A85B0
:101670008985902F6BDFA301920160912E0A7091F2
:101680002F0A8091300A9091310A0E94CDF41816E9
:101690005CF440922E0A50922F0A6092300A7092A7
:1016A000310AB501C60152DF2A960FB6F894DEBFA3
:1016B0000FBECDBFDF91CF911F910F91FF90EF90A3
:1016C000DF90CF90BF90AF907F906F905F904F90E2
:1016D0000C94887E1A2DBA86C9860D2D96CFAF92AE
:1016E000BF92CF92DF92EF92FF920F931F937B01F5
:1016F0008C0159016A01E6E2FAE0248135814681D4
:101700005781608171818281938148DF1F910F91A0
:10171000FF90EF90DF90CF90BF90AF9008958F92A1
:101720009F92AF92BF92CF92DF92EF92FF92CF93B0
:101730006B017C01C22F4423C9F08090C50B9090AF
:10174000C60BA090C70BB090C80B20E030E0A901F9
:10175000C501B4010E94E3EB87FF08C0A501940115
:10176000C701B6010E94A5F26B017C0120E030E0C8
:1017700048EC53E4C701B6010E94CDF4181634F4C6
:10178000C12CD12C88ECE82E83E4F82E80902E0A10
:1017900090902F0AA090300AB090310AC11108C071
:1017A000A7019601C501B4010E94CDF41816C4F03A
:1017B000A7019601C501B4010E94E3EB882381F0E3
:1017C00020E030E040E850E4C701B601CF91FF903F
:1017D000EF90DF90CF90BF90AF909F908F907FCF92
:1017E000CF91FF90EF90DF90CF90BF90AF909F9000
:1017F0008F9008958F929F92AF92BF92CF92DF9277
:10180000EF92FF92CF93DF934B015C0169017A0164
:101810000E94A833C6E2DAE02091550230915602C8
:101820004091570250915802C501B4010E9482F3C1
:101830002C853D854E855F850E94A6F26C877D874D
:101840008E879F87C701B60181DEDF91CF91FF9020
:10185000EF90DF90CF90BF90AF909F908F900C94BF
:10186000887ECF92DF92EF92FF92C090320AD090A2
:10187000330AE090340AF090350A2091FB09309148
:10188000FC094091FD095091FE09C701B6010E9473
:1018900048EC0E94D9F46093EB0B7093EC0B8093AF
:1018A000ED0B9093EE0BC092DB0BD092DC0BE09231
:1018B000DD0BF092DE0B9091CD0B8091CE0B981743
:1018C00031F0FF90EF90DF90CF900C941AC30E94FC
:1018D000887E0E94016D4091EB0B5091EC0B609162
:1018E000ED0B7091EE0B4093940850939508609324
:1018F000960870939708882331F0FF90EF90DF905F
:10190000CF900C94F829FF90EF90DF90CF9008953E
:101910000C9457C3AF92BF92CF92DF92EF92FF9297
:101920000F931F93CF937B018C0159016A01E6E26B
:10193000FAE02481358146815781608171818281FD
:1019400093812CDEC0916E0910926E0982E00E9494
:101950007F7FDEDFC2FBCC27C0F981E08C27CF91EF
:101960001F910F91FF90EF90DF90CF90BF90AF90BD
:1019700008950E94016D9091CE0B9093CD0B9093A2
:10198000CC0B94E69093CB0B21ED33E03093D2094E
:101990002093D10981110E94F82981E080937B086E
:1019A0000E94887E8EEF0E947F7FB2CFCF93DF931D
:1019B000CDB7DEB72C970FB6F894DEBF0FBECDBF04
:1019C0000E94F4C10E94016D9CE0E8E8F8E0DE01AD
:1019D000119601900D929A95E1F781110E94F829D4
:1019E000CE0101960E94367C2C960FB6F894DEBF8D
:1019F0000FBECDBFDF91CF9108954F925F926F924E
:101A00007F928F929F92AF92BF92CF92DF92EF928E
:101A1000FF92CF93DF9300D01F92CDB7DEB78091B6
:101A2000260A9091270AA091280AB091290A898351
:101A30009A83AB83BC8340902A0A50902B0A609013
:101A40002C0A70902D0A80902E0A90902F0AA09058
:101A5000300AB090310AC090320AD090330AE09038
:101A6000340AF090350A0E94177E81E080939E0B25
:101A70000E942581A7E3B2E090E080E0FC01E952FA
:101A8000F54E45915591659174914D935D936D938C
:101A90007D93FC01E553F54E459155916591749107
:101AA00018964D935D936D937C931B9704968C30A1
:101AB000910521F760912A0870912B0880912C08DC
:101AC00090912D080E94B1C30E9425290E94657E35
:101AD00029813A814B815C816091260A7091270AA5
:101AE0008091280A9091290A0E94E3EB81112AC073
:101AF000A301920160912A0A70912B0A80912C0A0D
:101B000090912D0A0E94E3EB81111CC0A501940164
:101B100060912E0A70912F0A8091300A9091310ABB
:101B20000E94E3EB81110EC0A70196016091320A79
:101B30007091330A8091340A9091350A0E94E3EB48
:101B4000882399F00F900F900F900F90DF91CF9115
:101B5000FF90EF90DF90CF90BF90AF909F908F90CD
:101B60007F906F905F904F9021CF0F900F900F90CC
:101B70000F90DF91CF91FF90EF90DF90CF90BF90CB
:101B8000AF909F908F907F906F905F904F9008954F
:101B90000F931F93CF93DF93EC0101E719E0F80156
:101BA0002081318142815381688179818A819B8141
:101BB0000E94A6F2688379838A839B83F80124813B
:101BC0003581468157816C817D818E819F810E9404
:101BD000A6F26C837D838E839F83F80120853185F7
:101BE00042855385688579858A859B850E94A6F202
:101BF000688779878A879B87DF91CF911F910F91A3
:101C000008951F93CF93DF9380E29AE10E94152AF3
:101C10008FB180956AE17AE181700E94867280B10D
:101C200011E082FB882780F964E17AE181270E9434
:101C30008672C0E0D1E0888183FB882780F96EE05E
:101C40007AE181270E948672888165E07AE185FBCE
:101C5000882780F9DF91CF911F910C948672809133
:101C60001B09811104C080917009882331F062E062
:101C700070E080E090E00C9400350895AF92BF9240
:101C8000CF92DF92EF92FF920F931F93CF93C82FC3
:101C9000162F882339F020E041E060E070E080E218
:101CA00091E43DDD11111CC0E0902E0AF0902F0A46
:101CB0000091300A1091310A20912A0A30912B0AA2
:101CC00040912C0A50912D0A6091260A7091270AA2
:101CD0008091280A9091290AA12CB12C65015EDC23
:101CE000C0937009CF911F910F91FF90EF90DF90FB
:101CF000CF90BF90AF90B3CF4F925F926F927F9291
:101D00008F929F92AF92BF92CF92DF92EF92FF920B
:101D10000F931F93CF93DF9300D01F921F92CDB7E5
:101D2000DEB78D83C82ED12CF601E95AF34D84908D
:101D3000082C000C9908AA08BB087601EE0CFF1CC1
:101D4000EE0CFF1C823009F039C0809170098111BE
:101D500003C060E081E092DF07EC1AE1F8018591B1
:101D60009591A591B49189839A83AB83BC83C50176
:101D7000B4010E94E9EB2B013C0120E030E0A90115
:101D800069817A818B819C810E94E3EB8823B1F089
:101D9000F80185919591A591B4915C018D0120E0A8
:101DA00030E040EA50E4BC01CD010E94E3EB87FF44
:101DB00014C0A12CB12C00EA10E40FC0C501B4017D
:101DC0000E94E9EB2B013C01F701E154F54E8591AE
:101DD0009591A591B4915C018D01A3019201B5018A
:101DE000C8010E9448EC4B015C01F701ED54F54E2F
:101DF000659175918591949120E030E040EC5FE32E
:101E00000E9448ECA30192010E9448ECAB01BC0186
:101E100000E010E098018D810E94B2C720E030E020
:101E2000A901C501B4010E94E3EB882309F440C075
:101E30008D8100E010E020E830E4823019F000E00D
:101E400010E09801B501A40170588D810E94B2C7BD
:101E5000A5019401C501B4010E94A6F24B015C01E9
:101E60009D8100E010E020E030E49230E1F0F601E6
:101E7000E055F54E6491611107C00E943E2A8EE83C
:101E80009AE10E94152A6AE070E090E080E00E94EA
:101E9000E7EB9B01AC0160E070E088E492E40E9413
:101EA00082F38B019C01B501A4018D810E94B2C710
:101EB00081E090E00D8002C0880F991F0A94E2F73C
:101EC00090916F09982B90936F0990913D07892B02
:101ED00080933D07F701EE57F54E259135914591D9
:101EE000549187010A5D154FF701E45EF64F60815A
:101EF0007181828193810E94A6F2D8016D937D93B6
:101F00008D939C931397BD81B230D1F42091C50B72
:101F10003091C60B4091C70B5091C80B60912E0AAF
:101F200070912F0A8091300A9091310A0E94A5F297
:101F300060932E0A70932F0A8093300A9093310A8F
:101F4000F701EF58F64F1082118212821382E0DC03
:101F5000F701E25CF84FD701AA5DB54F8D919D91D5
:101F60000D90BC91A02D80839183A283B383ED81DA
:101F7000E230C1F480E00F900F900F900F900F901F
:101F8000DF91CF911F910F91FF90EF90DF90CF9055
:101F9000BF90AF909F908F907F906F905F904F9089
:101FA0000C944B260F900F900F900F900F90DF9195
:101FB000CF911F910F91FF90EF90DF90CF90BF9046
:101FC000AF909F908F907F906F905F904F9008950B
:101FD0000F931F9380919609813019F50E949CCA36
:101FE00000910D0810910E0820910F0830911008F3
:101FF000601B710B820B930B28EE33E040E050E046
:102000000E940DF26091390770913A0780913B0769
:1020100090913C07620F731F841F951F1F910F91B2
:1020200008956091110870911208809113089091A1
:102030001408D6CFCF92DF92EF920F93CF93DF9316
:10204000CDB7DEB769970FB6F894DEBF0FBECDBF30
:102050006C01BEDF6E8B7F8B888F998FBE016F5FA7
:102060007F4FCE0146960E94E323EE24E39400E0E6
:1020700021E0F6014281BE016F5F7F4F8081918137
:102080000E941D2269960FB6F894DEBF0FBECDBF29
:10209000DF91CF910F91EF90DF90CF900895109244
:1020A000960910920D0810920E0810920F081092C7
:1020B0001008109211081092120810921308109232
:1020C00014081092390710923A0710923B071092A9
:1020D0003C07089583E080936C09809196098130D4
:1020E000E1F08230C1F474DF6093390770933A07EE
:1020F00080933B0790933C0781E0809396090E9470
:102100009CCA60930D0870930E0880930F089093FB
:10211000100881E00895C3DFEFCF80E00895CF93EA
:10212000C091960980E0C130A1F460E083E00E9494
:1021300023C0C093380782E0809396090E949CCA0E
:1021400060931108709312088093130890931408F9
:1021500081E0CF9108958091960981508230D0F42A
:10216000809137078350823038F460E083E00E942A
:1021700023C085E080936C09109296090E949CCA46
:1021800060931108709312088093130890931408B9
:1021900081E0089580E0089520919B0B30919C0B85
:1021A000263531053CF42091F0073091F1072630B7
:1021B000310524F0882339F00C946F35662319F02B
:1021C000CADF0C9424C40895AF92BF92CF92DF92DD
:1021D000EF92FF920F931F93CF93DF93EB01823027
:1021E00009F45EC0B0F5813009F450C0E884F98488
:1021F0000A851B8520E030E040E050E460912E0A23
:1022000070912F0A8091300A9091310A0E94A6F2B3
:102210005B016C0120E030E048EC53E40E94CDF417
:10222000181634F4A12CB12CF8ECCF2EA3E4DA2E3E
:102230009501A601B701C8010E94CDF4181614F04B
:102240007501860120E030E040EA50E4B701C801A2
:1022500025C0833009F449C0843041F6E0902E0A4D
:10226000F0902F0A0091300A1091310A2C813D81A3
:102270004E815F81688179818A819B81A12CB12CFB
:10228000E8ECCE2EE2E4DE2E89D957C06885798548
:102290008A859B8520E030E040EA50E420DADECFFA
:1022A000288539854A855B8560912E0A70912F0AB1
:1022B0008091300A9091310A0E94A6F26B017C0154
:1022C00020E030E048EC53E40E94E3EB87FD06C0D9
:1022D000C12CD12C18ECE12E13E4F12E20E030E0DB
:1022E00040EA50E4C701B601D9CF20E030E040E039
:1022F00050E460912E0A70912F0A8091300A9091DB
:10230000310A0E94A6F26B017C0120E030E048EC2B
:1023100053E40E94CDF41816DCF020E030E0A9016F
:10232000C701B6010E94E3EB87FD19C020E030E051
:1023300040EA50E4C701B601D2D9DF91CF911F9195
:102340000F91FF90EF90DF90CF90BF90AF902ECB8A
:10235000C12CD12CB8ECEB2EB3E4FB2EE7CFC12C73
:10236000D12C7601E3CF10922809109236070E94F3
:1023700081358823C9F00E94243590917A0B80FB27
:1023800097F990937A0B61E08BEC99E10E94AC2B6A
:10239000E2DE40EE59E168EE79E185E00E94AAC4F0
:1023A00082ED99E10C9476C180917A0B84FFEBCF9A
:1023B0000E9425D4E8CF0F931F93CF93DF931F92F2
:1023C0001F92CDB7DEB72091250A211118C08C01CC
:1023D0004423E1F00E94302C40E450E0B80182E256
:1023E00092E10E94DDEA8FE390E09A838983CE0137
:1023F00001960E9444C082E292E10E94A8CA0F9016
:102400000F90DF91CF911F910F9108950E9402319B
:1024100040E450E0B80182E292E10E942CEBE3CF6D
:10242000FF920F931F93CF93DF93CDB7DEB7A197A2
:102430000FB6F894DEBF0FBECDBF8C01F42E67FF40
:1024400003C01092250A60E02091250A862F062EEF
:10245000000C990B2817190609F03CF56093250A22
:10246000C801FF2071F10E94302C19821F8E4FE1AC
:1024700050E0B801CE010196FF2031F10E94DDEA63
:1024800040E450E0BE016F5F7F4F82E292E10E9424
:102490002CEB8FE390E099A388A3CE0180960E9455
:1024A00044C082E292E10E94A8CAA1960FB6F894B5
:1024B000DEBF0FBECDBFDF91CF911F910F91FF9077
:1024C00008950E940231D1CF0E942CEBD9CF853FD5
:1024D000910514F085EF90E090939C0B80939B0BFB
:1024E0001092FB070C948B26CF92DF92EF92FF9213
:1024F0006B017C0120E030E0A9010E94E3EB87FD45
:1025000014C020E030E045E753E4C701B6010E9463
:10251000CDF4181674F0C701B6010E94D9F4CB01AE
:10252000FF90EF90DF90CF90D2CFC12CD12C7601CD
:10253000F2CFC12CD12C85E7E82E83E4F82EEBCF27
:10254000EDEDF7E0108211821282138214820C9456
:102550008B26CF92DF92EF92FF920F931F93CF9330
:10256000DF93CDB7DEB77C01CDB6DEB60E94F1EACF
:1025700001962DB73EB7281B390B0FB6F8943EBF16
:102580000FBE2DBF0DB71EB70F5F1F4FB701C8019C
:102590000E94D6EAC8010E9472220FB6F894DEBEED
:1025A0000FBECDBEDF91CF911F910F91FF90EF90A5
:1025B000DF90CF9008959091CD0B8091CE0B981322
:1025C00012C00E94406D81110FC00E94813581119F
:1025D0000BC00E943235811107C08091960981306D
:1025E00011F00C94643581E00895E5DF882351F003
:1025F0000E943235811106C081E090919609923097
:1026000009F080E008950F931F93CF93DF938C011F
:10261000ECDF41E061E08823D1F089EF0E94FF4DBB
:10262000C1E0D0E080916D098823B9F0C26042E03A
:1026300065E089EF0E94FF4D7C2F6D2FF8018081AE
:102640009181DF91CF911F910F910C942B7389EFA2
:102650000E94D14DD0E0C0E0E5CF42E065E089EFD7
:102660000E94D14DE9CF0F931F93CF93DF938C013D
:10267000A2DF41E061E08823C9F083E00E94FF4DC2
:10268000C1E0D0E0B2DF8823B9F0C26042E061E08F
:1026900083E00E94FF4D7C2F6D2FF8018081918196
:1026A000DF91CF911F910F910C942B7383E00E94C7
:1026B000D14DD0E0C0E0E6CF42E061E083E00E948F
:1026C000D14DE9CF78DF882311F081E008958DDFC7
:1026D0008111FBCF95E090936C090895F3CFCF92D1
:1026E000DF92EF92FF926B017C01463059F5109218
:1026F000E2071092E3071092E4071092E5071092A8
:10270000E6070E94AD2320E030E0A901C701B60131
:102710000E94E3EB87FF1EC0C12CD12C7601C701BC
:10272000B6010E94D9F46436710514F064E670E0D5
:102730007093F1076093F007FF90EF90DF90CF90D8
:102740000C94AD23FDDEC701B601FF90EF90DF9042
:10275000CF90CACE20E030E048EC52E4C701B60189
:102760000E94CDF41816DCF6C12CD12C88ECE82E92
:1027700082E4F82ED4CFEF920F93009751F0BC0172
:10278000EE24E39401E021E040E280E091E10E9448
:10279000CB210F91EF900895EF92FF921F93CF936B
:1027A000DF9300D01F92CDB7DEB7909137079A3FE5
:1027B00009F43EC0993F79F4893F11F080933402C7
:1027C0006623B1F190916D09992329F09091360714
:1027D000911110923607182F86EDE82E88E1F82E19
:1027E00043E050E0B701CE0101960E94B7EAEA81CA
:1027F000FB81309731F08981181324C01995882303
:10280000B9F061E0812F0E94A578882389F01093A8
:1028100037071C821B828AE5898381E08A831C83B7
:1028200044E0BE016F5F7F4F84E890E00E94AF22DA
:102830000F900F900F900F90DF91CF911F91FF900D
:10284000EF90089583E0E80EF11CE114F10441F6E5
:10285000D8CF9091CD0B8091CE0B98130AC00E94D7
:10286000406D811106C02091CD0B9091CE0B81E07F
:10287000291380E008950E949CCA6C507E4F8F4FB0
:102880009F4F609304087093050880930608909307
:10289000070808958F929F92AF92BF92EF920F9385
:1028A0004A015B01009751F0EE24E39401E020E03F
:1028B00040E2BC0180E090E30E94CB2181149104AE
:1028C000A104B104A9F00E949CCA860E971EA81EFE
:1028D000B91E8092690B90926A0BA0926B0BB0921A
:1028E0006C0B0F91EF90BF90AF909F908F900895D9
:1028F000812C912C5401EDCF1F93CF93DF93CDB753
:10290000DEB72C970FB6F894DEBF0FBECDBFABED90
:10291000B9E090E080E0FC01EE55F34E4591559111
:10292000659174914D935D936D937D93FC01EE568B
:10293000F34E459155916591749150964D935D93E9
:102940006D937C935397FC01EE57F34E459155914F
:102950006591749190964D935D936D937C9393974D
:10296000049680319105B9F680E29EE4A0E0B0E0E3
:102970008093EB099093EC09A093ED09B093EE09D5
:1029800080E090E0A8E4B4E480930F0A9093100AEA
:10299000A093110AB093120A8093130A9093140A19
:1029A000A093150AB093160A8093170A9093180AF9
:1029B000A093190AB0931A0A10921B0A10921C0ACB
:1029C00010921D0A10921E0A10921F0A1092200ADD
:1029D0001092210A1092220A84EF9DEFA4E5BCE335
:1029E0008093A9099093AA09A093AB09B093AC096D
:1029F00010921C0910921D0910921E0910921F09B5
:102A00001092200910922109109222091092230994
:102A10001092240910922509109226091092270974
:102A2000109220020E94A83380E090E0A0E2B1E47E
:102A300080932A0890932B08A0932C08B0932D081C
:102A400080E00E94E2260E94A62982ED90E0909309
:102A5000F4078093F3078AEF90E09093F607809352
:102A6000F5078DEC9CECACECBDE38093F7079093FD
:102A7000F807A093F907B093FA071092FB078CE0D0
:102A8000E3E1F4E0DE01119601900D928A95E1F701
:102A900089819A81AB81BC818093BD0B9093BE0BE1
:102AA000A093BF0BB093C00B8D819E81AF81B88581
:102AB0008093C10B9093C20BA093C30BB093C40B34
:102AC00089859A85AB85BC858093C50B9093C60B91
:102AD000A093C70BB093C80B83E29BEDA7EAB1E4C8
:102AE0008093AF0B9093B00BA093B10BB093B20B4C
:102AF00084E299E2A3EFBDE38093B30B9093B40B10
:102B0000A093B50BB093B60B86E493EDA7E6B4E4BF
:102B10008093B70B9093B80BA093B90BB093BA0BFB
:102B200011E01093C7070E948E351092D40780E001
:102B300090E0A0EEBFE38093D0079093D107A093DD
:102B4000D207B093D30710921B0910921A0987D8A5
:102B500080E090E0A8ECB2E48093CC079093CD079E
:102B6000A093CE07B093CF071092C8071092C90761
:102B70001092CA071092CB070E94FD8C80E69CE160
:102B80000E94302C0E943E2A80E69CE10E94152A79
:102B90000E94412A82E30E94E02284E60E941823D8
:102BA00080912908811106C01093290860E081E016
:102BB0000E9423C040E355E760E070E083E59CE1BC
:102BC0002C960FB6F894DEBF0FBECDBFDF91CF912C
:102BD0001F9160CECF92DF92EF92FF920F931F93DF
:102BE000CF93DF93CDB7DEB7CC5AD1090FB6F894A7
:102BF000DEBF0FBECDBFCF55DF4F188219821A82BC
:102C00001B82C15AD04084E690E09093A50980933E
:102C1000A40910926E0B10926D0B8091EF049091AD
:102C2000F004A091F104B091F204CB55DF4F8883FA
:102C30009983AA83BB83C55AD04064E070E0CE017B
:102C40008B559F4F0E9435CA8091A4099091A50988
:102C500006969093A5098093A40910926E0B10928A
:102C60006D0B81ED92E0C755DF4F99838883C95A78
:102C7000D040CE0187559F4F0E946B7281E0C455B2
:102C8000DF4F8883CC5AD040CE0184559F4F0E949D
:102C90006F7268E470E08BED99E00E9435CA80E1C4
:102CA000EFE1F4E08E010F5F1F4FD80101900D920C
:102CB0008A95E1F760E170E0C8010E9435CA89EAAF
:102CC00099E00E9467728CE199E00E94777280E23D
:102CD00092E00E94737219821A821B821C82C801C0
:102CE0000E9467727E018DE6E80EF11CF7011082EA
:102CF000118212821382C7010E9467728091A0091B
:102D00009091A109A091A209B091A30989839A8306
:102D1000AB83BC83C8010E94677268E070E083EFF8
:102D200097E00E9435CACF55DF4F188219821A8268
:102D30001B82C15AD04083E0C356DF4F8883CD59F0
:102D4000D040F7018083CE018F559F4F0E9467725C
:102D5000CE0183569F4F0E946F72C7010E946F720F
:102D600080E09CE09A838983C8010E946B723AE0FC
:102D7000D32EDA94DD2031F0CE018F559F4F0E9483
:102D80006772F7CF8DEB9BE00E947772CF55DF4FD4
:102D9000188219821A821B82C15AD0402AE0D22E90
:102DA000DA94DD2031F0CE018F559F4F0E9467727B
:102DB000F7CF85E0D82EF701D082C356DF4FD882F7
:102DC000CD59D040C7010E946F72CE0183569F4FEC
:102DD0000E946F7280E69CE69A838983C8010E94F4
:102DE0006B7268E070E08BE597E00E9435CA68E09E
:102DF00070E083E597E00E9435CA64E670E083E600
:102E000097E00E9435CA1982CC24CA94F701C08287
:102E1000C8010E947372C7010E946F721982C801B3
:102E20000E9473728091AF0B9091B00BA091B10B87
:102E3000B091B20B89839A83AB83BC8321E732EBD9
:102E400047E25EE36091B30B7091B40B8091B50BD8
:102E50009091B60B0E9482F36D837E838F83988757
:102E600021E732EB47E25EE36091B70B7091B80B5C
:102E70008091B90B9091BA0B0E9448EC69877A87D0
:102E80008B879C8780E090E0A0E8BFE38D879E87DA
:102E9000AF87B88B198A1A8A1B8A1C8A64E170E092
:102EA000C8010E9435CA84E190E09A838983C801F1
:102EB0000E946B728CE0EFE2F4E0D80101900D9279
:102EC0008A95E1F76CE070E0C8010E9435CA8CE099
:102ED000EFE2F4E0D80101900D928A95E1F76CE001
:102EE00070E0C8010E9435CA1982C8010E946F7241
:102EF0008FE78983C8010E946F72C982C8010E944E
:102F00006F72EBE3F4E0D80101900D92DA94E1F7EF
:102F100065E070E0C8010E9435CA8091C707F701DB
:102F200080831A821982C7010E947372C8010E94AD
:102F30006B7280E2E0E4F4E0D80101900D928A9592
:102F4000E1F760E270E0C8010E9435CAF701108223
:102F5000C7010E94737284ED97E00E94737280ED46
:102F600097E00E946772CF55DF4F188219821A824C
:102F70001B82C15AD040CE018F559F4F0E9467726D
:102F800082E1F80111928A95E9F762E170E0C801E7
:102F90000E9435CA84E2E0E6F4E0D80101900D9287
:102FA0008A95E1F764E270E0C8010E9435CA90E1B9
:102FB000D92EF8018D2D11928A95E9F760E170E024
:102FC000C8010E9435CA1A82198262E070E0C80105
:102FD0000E9435CAF8011192DA94E9F760E170E0D5
:102FE000C8010E9435CA8CE6F80111928A95E9F76A
:102FF0006CE670E0C8010E9435CA68E070E088ECB9
:1030000097E00E9435CA8CE0F70111928A95E9F7A2
:10301000C555DF4F1882CB5AD04080E090E0A0E445
:10302000B0E4C356DF4F88839983AA83BB83CD590D
:10303000D040C7010E947772CE0185559F4F0E94F4
:103040006F72CE0183569F4F0E94677280E3F70133
:1030500011928A95E9F70E945023082F10911F02C0
:1030600080919F0981110E94CD2691E0F701908304
:1030700001831283838360E370E0C7010E9435CA35
:103080000091A4091091A5090456110980916D0BB6
:1030900090916E0BF7019183808384E690E090938A
:1030A000A5098093A40964E070E088E994E00E9497
:1030B00035CA64E070E084E994E00E9435CAC70133
:1030C0000E946B720E943E2A87E19BE10E94152AB2
:1030D000C8010E947133F701C080D180F12CE12C2E
:1030E0008AE09BE10E94152AC701B6010E94492689
:1030F00087E09BE10E94152A013D124001F18BE916
:1031000097E20E94152A88E59BE10E94152A40E378
:1031100055E760E070E083EE9AE1BCDB80E0C455E7
:10312000DF4F0FB6F894DEBF0FBECDBFDF91CF915A
:103130001F910F91FF90EF90DF90CF90089587EF50
:103140009AE10E9476C187EF9AE10E94302C81E0DB
:10315000E6CF5F926F927F928F929F92AF92BF92D3
:10316000CF92DF92EF92FF920F931F93CF93DF9353
:1031700000D000D000D01F92CDB7DEB7EDB6FEB6BE
:1031800080910C0881111DC011E010930C088091F2
:1031900029088823A1F0809137078A3F81F00E9497
:1031A0009CCA4B015C0180916C09882341F110920B
:1031B0006C099091370789131FC01093380710923C
:1031C0000C080FB6F894FEBE0FBEEDBE2A960FB6E1
:1031D000F894DEBF0FBECDBFDF91CF911F910F914D
:1031E000FF90EF90DF90CF90BF90AF909F908F9027
:1031F0007F906F905F90089560E0CEDAE0CF80918D
:103200003507811118C088EB9BE0A0E0B0E0881979
:103210009909AA09BB09181619061A061B065CF0BB
:10322000109335070E946C23809137078111C7CF17
:1032300060E081E0E2CF90913807809137074091BC
:1032400008085091090860910A0870910B08481904
:1032500059096A097B09141615061606170694F013
:1032600024EF820E21E0921EA11CB11C809208085E
:1032700090920908A0920A08B0920B08692F0E9448
:10328000A5789DCF9111ECCF893F09F072C0809154
:103290006D09882309F465C080913607882309F4F5
:1032A00064C08091690B90916A0BA0916B0BB091F7
:1032B0006C0B0097A105B10509F077C08091040857
:1032C00090910508A0910608B09107080097A10504
:1032D000B10509F07BC0AA24A394909103088091C2
:1032E000B1062091B206821B8F7709F468CF913026
:1032F00009F48FC008F485C0923009F492C093306D
:1033000071F78091B1069091B206891B8F779091E9
:103310000208891708F453CF0E942F4EC82E8091BF
:103320000208DD24DA94D80E8DB69EB68150990B32
:10333000EDB7FEB7E81BF90B0FB6F894FEBF0FBE52
:10334000EDBF0DB71EB70F5F1F4F3801DA94FFEFC7
:10335000DF1609F471C00E942F4EF30181933F01E3
:10336000F5CF77DA882309F49CCF61E080913402AD
:1033700044CF8E3009F095CF6CDA882309F491CFD1
:1033800060E083E00E9423C00E94CD26882351F094
:1033900088EB99E140E355E760E070E07BDA60E0BC
:1033A0008DE02BCF89EA99E1F5CF88199909AA090F
:1033B000BB09181619061A061B060CF47FCF40E04D
:1033C00050E0BA0188E49CE265DAF9CE88199909DF
:1033D000AA09BB09181619061A061B060CF47BCF9E
:1033E00038DA882309F477CF109204081092050880
:1033F000109206081092070884EA99E10E945A3F49
:10340000DECE0E942F4E8A3509F067CFA0920308C6
:1034100064CF0E942F4E853A69F482E080930308BE
:103420005CCF0E942F4E8093020883508E3710F499
:1034300083E0F4CF80E0F2CFF3E8CF1619F01092DA
:10344000030872C0F8018081918198278927982705
:10345000B280BB0C8F30910559F4F2E0BF1208C066
:10346000F801838180933407848180933307E7CF09
:10347000BE016F5F7F4F0E94C822882301F38F81B6
:103480009885892BE1F20E949CCA60937D09709314
:103490007E0980937F09909380095B80511008C05A
:1034A000EF81F88570E060E0CE0101961995C7CFF5
:1034B0008C8181FF3FC0CDB6DEB6452D50E02DB7E3
:1034C0003EB7241B350B0FB6F8943EBF0FBE2DBF81
:1034D0008DB79EB701963C0170E060E00E9492F5C6
:1034E000D301F801339690E080E02B2D30E08B156E
:1034F00070F4851560F441910196821793072CF4BE
:103500004F3F19F450815F3F11F04D93F0CFEF81A1
:10351000F885B301CE0101961995109203080FB6F4
:10352000F894DEBE0FBECDBE0FB6F8949EBE0FBEA1
:103530008DBED3CEB51083CFB8016D5F7F4FEF81C5
:10354000F885B2CFECE8F6E081E2DF011D928A95C2
:10355000E9F780913407803320F08091330781327E
:1035600048F440E355E760E070E089E799E192D9DB
:1035700080E0089581E00895CF9380E00E94E226E4
:1035800080916F098770C1E0873059F062D9C82FE8
:1035900081110AC040E355E760E070E084E799E1FB
:1035A00079D98C2FCF9108956CE08AE699E10E9439
:1035B00042C98FE499E10E945A3FC0E0F2CFCF9315
:1035C00010928B0646D9C82F811107C040E355E7FA
:1035D00060E070E084E799E15DD98C2FCF91089588
:1035E000EF92FF921F93CF93DF93CDB7DEB764972F
:1035F0000FB6F894DEBF0FBECDBF82E08093090204
:1036000028D9182F811114C040E355E760E070E01D
:1036100084E799E13FD9812F64960FB6F894DEBF15
:103620000FBECDBFDF91CF911F91FF90EF90089516
:1036300080916F0987708730A1F520E030E040E885
:1036400050E460912E0A70912F0A8091300A909177
:10365000310A0E94E3EB87FF04C081E699E10E94F2
:103660005A3F1F9286E98F931F928F9388E599E1C5
:103670009F938F931F9284E18F93CE0101967C01DB
:103680009F938F930E9440EBC7010E94223F83E5E6
:1036900099E10E945A3F0FB6F894DEBF0FBECDBF2E
:1036A000BACF6BE08AE699E10E9442C986E699E1C9
:1036B0000E945A3F10E0AFCFCF93809128080E941C
:1036C000E226C7D8C82F81110AC040E355E760E061
:1036D00070E084E799E1DED88C2FCF910895809136
:1036E0006F0987708730A9F420E030E040E251E4B0
:1036F00060912E0A70912F0A8091300A9091310AC0
:103700000E94E3EB87FFE8CF85E499E10E945A3FEE
:10371000E3CF6AE08AE699E10E9442C98BE499E12D
:103720000E945A3FC0E0D8CF909137079E3031F0C9
:103730009D3091F581E0809338070895962F990F79
:10374000990F960F980FE1E0F0E0903110F4F0E05F
:10375000E0E0EE0FFF1FE957F94F9F7021E030E0E6
:1037600002C0220F331F9A95E2F740815181242B2A
:10377000352B318320838430ECF26430DCF20E94FC
:10378000CD268111D7CF10928A0610928906109209
:10379000880610928706CECF08952F923F924F92BF
:1037A0005F926F927F928F929F92AF92BF92CF92D1
:1037B000DF92EF92FF920F931F93CF93DF93CDB7DA
:1037C000DEB7C958D1090FB6F894DEBF0FBECDBF22
:1037D000CDB6DEB684E690E09093A5098093A40967
:1037E00010926E0B10926D0B41E064E070E08E0160
:1037F0000F5F1F4FC8010E947BC343E050E068E9A0
:1038000074E0C8010E94BEF5892B09F052C041E066
:1038100064E070E0CE018B589F4F0E947BC3E99615
:103820008CAD9DADAEADBFADE9978F3D9949A04838
:10383000BA4109F0F4C3CE018F579F4F0E945C72CA
:10384000ED961CAE1DAE1EAE1FAEED9710926E0B28
:1038500010926D0BCE0181589F4F0E945C72C1582F
:10386000DF4F88819981CF57D040813D924009F444
:1038700051C08BE997E20E94152A88E59BE10E94DE
:10388000152A0E943E2A6091A4097091A5096456E8
:1038900071098DEC9BE10E94AE3385EC9BE10E94A7
:1038A000152A81ED92E00E9471330E94412A82E044
:1038B00012C08C81882319F08FE389831A820E94B9
:1038C0003E2AB80187E39BE10E94232A89E29BE11B
:1038D0000E94152A81E00FB6F894DEBE0FBECDBE61
:1038E000C757DF4F0FB6F894DEBF0FBECDBFDF91D5
:1038F000CF911F910F91FF90EF90DF90CF90BF90ED
:10390000AF909F908F907F906F905F904F903F907F
:103910002F900895CE018B579F4F0E945772ADB6DE
:10392000BEB6CB57DF4F6881C558D04070E06D5FA1
:103930007F4F660F771F660F771F8DB79EB7861B69
:10394000970B0FB6F8949EBF0FBE8DBFEDB7FEB7B5
:103950003196CA57DF4FF983E883C658D040CF016C
:103960000E9461724091D50781E0482764E070E0D1
:103970008BEE99E00E947BC3CB57DF4F6881C5581F
:10398000D04070E06D5F7F4F660F771F660F771F27
:103990008DB79EB7861B970B0FB6F8949EBF0FBED0
:1039A0008DBFEDB7FEB73196C857DF4FF983E88377
:1039B000C858D040CF010E946172CB57DF4F688159
:1039C000C558D04070E06D5F7F4F660F771F660F60
:1039D000771F8DB79EB7861B970B0FB6F8949EBFC7
:1039E0000FBE8DBFEDB7FEB731964F01CF010E94DC
:1039F0006172F090D507F11058C0CB57DF4F888126
:103A0000C558D04090E00296ABEDB9E050E040E000
:103A100030E020E06EEA7CE1821793070CF4DFC00F
:103A2000CA57DF4FE881F981C658D040E40FF51F2F
:103A300040805180628073804D925D926D927D9244
:103A4000821793070CF4D1C0C857DF4FE881F98182
:103A5000C858D040E40FF51F20803180E280E38118
:103A600021016E2C7E2E50964D925D926D927C922D
:103A70005397821793070CF4C2C0F401E40FF51FAB
:103A800020803180E280E38121016E2C7E2E909691
:103A90004D925D926D927C9293972F5F3F4F4C5F5A
:103AA0005F4F2430310509F0B7CF8FE09AE00E94D4
:103AB0004F7283E19AE00E944F7287E19AE00E9480
:103AC0004F728BE19AE00E944F728FE19AE00E9460
:103AD0004F72CE0187589F4F0E944F72CE01875878
:103AE0009F4F0E944F72CE0187589F4F0E944F7286
:103AF000CE0187589F4F0E944F7289EA99E00E9439
:103B00004F720FB6F894BEBE0FBEADBE8CE199E009
:103B10000E944772CE0183589F4F0E941F72F1107E
:103B200009C081E0EE969FADEE9719160CF080E08B
:103B3000809320028091200281110E94A833CE013F
:103B400083599F4F0E944F72C8010E944F728AE2B0
:103B500098E00E944F724091D50781E0482768E0C5
:103B600070E083EF97E00E947BC3CE0187589F4FA0
:103B70000E944F72CE0183589F4F0E945772CE0110
:103B800083599F4F0E945772C8010E945C72EE9643
:103B9000EFACEE97AE964FADAE9783EC2E2D282767
:103BA000F0E12F9F90011124842790E0982F88271F
:103BB0009295907F8227932729813A8182179307D4
:103BC00009F02DC2E49E7001112421E0E21AF108EF
:103BD00000F1CE0187589F4F0E944F72F6CFFB0134
:103BE000459055906590749027CFEEE9FCE14590A3
:103BF0005590659074901201E62CE72D31CFEEE8D8
:103C0000FCE145905590659074901201E62CE72DEB
:103C10003BCF8DEB9BE00E9447725AE0F52EFA9461
:103C2000CE01FF2029F087589F4F0E944F72F7CF97
:103C30008C579F4F0E945772CE018D579F4F0E9405
:103C40005772CE0183589F4F0E945C72CC57DF4F52
:103C50008881C458D04033EC8327E0E18E9FC001B7
:103C60001124CD57DF4F2881C358D040232730E09F
:103C7000322F22273295307F82279327EF962EAD61
:103C80003FADEF978217930709F0C9C1CE01835961
:103C90009F4F0E943F72C8010E943F72CC57DF4F76
:103CA0008881C458D040853009F07CC1CD57DF4FA2
:103CB0009881C358D040953009F076C18091D507DE
:103CC000811102C00E94E226B801CE0183599F4FA4
:103CD0000E9439294091D50781E0482764E670E0C9
:103CE00083E697E00E947BC3CE0183599F4F0E94D9
:103CF0003772C8010E941F72C8010E94377240913A
:103D0000D50781E0482764E170E0C8010E947BC3C9
:103D1000F090D507F1103AC089809A80AB80BC80C2
:103D2000A5019401C501B4010E9455F581112EC071
:103D300049845A846B847C846D817E818F819885CF
:103D40008092AF0B9092B00BA092B10BB092B20BDD
:103D500021E732EB47E25EE30E9448EC6093B30B4D
:103D60007093B40B8093B50B9093B60B21E732EBB5
:103D700047E25EE3C301B2010E9482F36093B70B96
:103D80007093B80B8093B90B9093BA0BC8010E9443
:103D90002F72C8010E942772C8010E942772C801B1
:103DA0000E941F72C8010E941F72C8010E941F72E8
:103DB00085E0F80111928A95E9F741E04F2565E029
:103DC00070E0C8010E947BC3CE0183599F4F0E94BF
:103DD0003772C8010E942F724091D507411105C06A
:103DE000AE968FADAE978093C707FF24F3944F250F
:103DF00060E270E0C8010E947BC3CE0183599F4FEF
:103E00000E9437724091D5074F2569E070E0C801E4
:103E10000E947BC34091D50741110FC089818093D7
:103E2000D4078A819B81AC81BD818093D007909318
:103E3000D107A093D207B093D307FF24F3944F2563
:103E400062E170E0C8010E947BC34091D5074F2515
:103E500064E270E0C8010E947BC34091D5074F2502
:103E600060E170E0C8010E947BC34091D5074F25F7
:103E700062E070E0C8010E947BC34091D5074F25E6
:103E800060E170E0C8010E947BC34091D5074F25D7
:103E90006CE670E0C8010E947BC34091D5074F25B6
:103EA00068E070E088EC97E00E947BC3C8010E9444
:103EB0004772CE0183589F4F0E941F72CE018359D3
:103EC0009F4F0E944F7280E3F80111928A95E9F7A3
:103ED0004091D5074F2560E370E0C8010E947BC385
:103EE0008091D50781111AC08A81FB801C810981CC
:103EF000011101C082E30E94E022011102C084E6A8
:103F0000F82E8F2D0E941823002341F0812F1111CC
:103F10000E94CD26809328080E94E2268091A40961
:103F20009091A5098533934009F0A3CC20916D0BA6
:103F300030916E0BCF57DF4F88819981C158D040A7
:103F40002817390709F045C08091D507811122C093
:103F50000E943E2A00916D0B10916E0B88E994E04F
:103F60000E94C1268CEF9BE10E94152A81ED92E010
:103F70000E9471338FEE9BE10E94152AC8010E94B6
:103F8000713389E20E940EC00E94412A85ED9BE1B7
:103F90000E94302C8091D507811102C00E94FD8CB7
:103FA00080E099CC8630D8F5CD57DF4F9881C35843
:103FB000D0409630A0F5899F70011124F1E0EF1AEE
:103FC000F10808F491CECE0187589F4F0E944F729E
:103FD000F5CF8BE997E20E94152ACF57DF4F088172
:103FE0001981C158D04085E99BE10E94152AC8017A
:103FF0000E94713300916D0B10916E0B80E99BE173
:104000000E94152AC8010E94713380E89BE10E943A
:10401000152A80E79BE10E94302C83E05CCC8BE981
:1040200097E20E94152A85EB9BE10E94152A84E005
:1040300052CCCF93C1E0C093D507AFDB1092D50728
:1040400081111AC0AADB882359F040E355E760E0EC
:1040500070E089E19CE10E944A9480E0CF9108954C
:1040600080912908811106C0C093290860E081E091
:104070000E9423C081E0F2CF0E947C940E947C9435
:104080000E94EA9580E49CE10E9476C10E943E2A4B
:104090008CE29CE10E94152AE0CFCF92DF92EF9252
:1040A000FF920F931F93CF93DF93CDB7DEB7E897BF
:1040B0000FB6F894DEBF0FBECDBF6801790122E4D0
:1040C0008F3F09F024E580E289831A828E010F5F19
:1040D0001F4FF80101900020E9F7CF010197801BE5
:1040E000910B8233910510F5F801E80FF91F208339
:1040F0008133910521F08C0F9D1FFC011282F80184
:1041000001900020E9F7CF010197801B910B8233CA
:10411000910560F42AE3F801E80FF91F2083813349
:10412000910521F08C0F9D1FFC0112824CAB5DAB01
:104130006EAB7FAB82E088AFBE016C5C7F4FC80185
:104140000E94B6C0F80101900020E9F7CF01019765
:10415000801B910B8233910550F443E350E0481BE0
:10416000590B61E674E2800F911F0E94DDEACCAA30
:10417000DDAAEEAAFFAA82E088AFBE016C5C7F4F89
:10418000C8010E94B6C0C8010E94C12662E070E06A
:1041900080E090E00E9402CAE8960FB6F894DEBF75
:1041A0000FBECDBFDF91CF911F910F91FF90EF9088
:1041B000DF90CF900895DF92EF92FF920F931F93BD
:1041C000CF93DF93CDB7DEB7C157D1090FB6F894BF
:1041D000DEBF0FBECDBFF82E60919B0B70919C0B84
:1041E000072E000C880B990B0E94E9EB8B019C01B8
:1041F0004091970B5091980B6091990B70919A0B8D
:1042000080E84BDF6091F0077091F107072E000CFA
:10421000880B990B0E94E9EB8B019C014091EC0704
:104220005091ED076091EE077091EF078FEF35DF4A
:104230008FEFF81631F0FF2009F485C0F12CE12C46
:1042400003C0E090F207F12C45E650E069E674E225
:104250008E010F5F1F4FC8010E94DDEAFF92EF92AF
:1042600081EE94E09F938F937E01E6E6EE0EF11CC3
:10427000FF92EF920E94D7F5F80101900020E9F734
:10428000CF010197801B910B0F900F900F900F9013
:104290000F900F908436910548F445E650E0481B96
:1042A000590BB701800F911F0E942CEBD090F207A1
:1042B000F80101900020E9F7CF010197801B910BD5
:1042C0008436910550F445E650E0481B590B64E6EE
:1042D00074E2800F911F0E94DDEA1F92DF9281EE4F
:1042E00094E09F938F93FF92EF920E94D7F5F8018D
:1042F00001900020E9F7CF010197801B910B0F90EF
:104300000F900F900F900F900F908436910548F406
:1043100045E650E0481B590BB701800F911F0E94E2
:104320002CEBC8010E94C126CF58DF4F0FB6F8947E
:10433000DEBF0FBECDBFDF91CF911F910F91FF90D8
:10434000EF90DF900895E0909D0B7DCF2F923F92EC
:104350004F925F926F927F928F929F92AF92BF9295
:10436000CF92DF92EF92FF920F931F93CF93DF9341
:10437000CDB7DEB7AC970FB6F894DEBF0FBECDBF9A
:104380008BA76CA72091FB072AA71092FB0781E05F
:10439000809328091B8E1C8E1D8E1E8E1AA21BA2B6
:1043A0001CA21DA21EA23CE33FA38CE188A796E4B9
:1043B00099A71E8A1F8AA0E8A88FBFEBB98F1A8E13
:1043C000E1E0E9A3812C912C54019E012F5F3F4F26
:1043D000190180912809882309F43CC181149104B2
:1043E000A104B10461F0C818D908EA08FB0830E15B
:1043F000C31637E2D306E104F10408F02BC1609143
:104400009B0B70919C0B072E000C880B990B0E9444
:10441000E9EB7B018C012E893F89488D598D0E94E3
:10442000E3EB8823B9F02091970B3091980B4091E2
:10443000990B50919A0B8CA5B7018111D4C0C8017A
:104440000E94E3EB881F8827881F8A8FEE8AFF8AE5
:10445000088F198F0E949CCA6B017C018AA19BA1C5
:10446000ACA1BDA18C199D09AE09BF09181619068A
:104470001A061B06A4F1D701C60188519C4FAF4F05
:10448000BF4F8AA39BA3ACA3BDA38BA594DE45E13C
:1044900050E06DE674E2C1010E94DDEA1D8A8114DC
:1044A0009104A104B10409F4A9C0C501B401605F7D
:1044B000784D8F4F9F4F6C197D098E099F0928EE0B
:1044C00033E040E050E00E940DF2BA01A901C101C1
:1044D0000E94407AC1010E94C1260E94412A80E0C8
:1044E0000E9464360E949CCA60937D0970937E0985
:1044F00080937F0990938009B091970BBF8FE091D3
:10450000980BE8A30091990B10919A0B2B2F3E2F3B
:10451000A8016E897F89888D998D0E94A5F22B0153
:104520003C0120E030E0A9010E94CDF487FF04C0E7
:1045300077FA709477F8709481149104A104B1040F
:1045400009F07AC020E030E040E85FE3C301B20147
:104550000E94E3EB87FF10C0F9A1812C912C54013C
:10456000FF2331F085E0882E8DE0982EA12CB12C10
:104570008C0C9D1CAE1CBF1C2A8D222391F18B8DAF
:104580009C8DAD8DBE8D0097A105B10549F08C19AC
:104590009D09AE09BF09181619061A061B060CF16B
:1045A0002F8D38A1A8016EA17FA188A599A50E9491
:1045B000A5F220E030E040EC5FE30E94E3EB87FDF2
:1045C00049C0D701C601805A9541AF4FBF4F8B8F6D
:1045D0009C8FAD8FBE8F9F8D9EA3A8A1AFA308A770
:1045E00019A719A2F6CEC8010E94E3EB87FD32C0DD
:1045F000EE8AFF8A088F198F1A8E2CCFD1010D9069
:104600000020E9F7CD0101978219930984319105C2
:1046100008F060CFF101E80FF91FBFE3B0838331E9
:10462000910509F457CFE2E0F0E0EC0FFD1F8E0F8B
:104630009F1FDC011C924ECF20E030E040E450E4AC
:10464000C301B2010E94CDF418160CF095CF4601BB
:10465000570192CF10912809112321F010922809B7
:104660000E9424C4BAA5B093FB07812FAC960FB665
:10467000F894DEBF0FBECDBFDF91CF911F910F9198
:10468000FF90EF90DF90CF90BF90AF909F908F9072
:104690007F906F905F904F903F902F900895CF92B2
:1046A000DF92EF92FF920F931F93CF93DF93CDB7DB
:1046B000DEB7A7970FB6F894DEBF0FBECDBF182F99
:1046C0000E943589812309F46BC04091F304509115
:1046D000F4046091F5047091F60448A359A36AA309
:1046E0007BA330E020E0E0E090E0AC01022E02C0CD
:1046F000559547950A94E2F740FF11C064E270E0D7
:104700006C0F7D1F6E0F711D40E250E04C0F5D1F5E
:10471000420F531FDA014C91DB014C93EF5F2F5F87
:104720003F4F2330310509F78E010C5D1F4FE00F1D
:10473000F12FF11D108219821F8E1F930F9384E7B2
:10474000E82E8AE1F82EFF92EF921F928EE18F936E
:10475000CE0101966C019F938F930E9440EB0E94C3
:104760003E2AC6010E9438261F930F93FF92EF92B4
:104770001F920E94C4CA0FB6F894DEBF0FBECDBF11
:1047800081E0A7960FB6F894DEBF0FBECDBFDF91D4
:10479000CF911F910F91FF90EF90DF90CF900895F0
:1047A00080E0EFCFCF92DF92EF92FF921F93CF93F3
:1047B000DF93CDB7DEB72C970FB6F894DEBF0FBEF0
:1047C000CDBF182F6B017A0180916B098330A8F05F
:1047D00080919808811111C00E943B2AC6010E9455
:1047E000152A87EC93E20E94152A1F3FA1F583EC5E
:1047F00093E20E94152A0E94412A0E947F7BA8957D
:1048000080919808811135C081E08093980882E0FA
:1048100080936B090E947F7B87E041DF811111C08B
:104820008CE0E4E8F4E0DE01119601900D928A95A7
:10483000E1F7BE016F5F7F4F80E00E94E4900E942D
:10484000887E6CEB73E21F3F11F060EC73E240E096
:10485000C7010E94813417FDCECF85E40E940EC0AF
:10486000612F012E000C770B880B990B0E945DC104
:10487000C2CF2C960FB6F894DEBF0FBECDBFDF912E
:10488000CF911F91FF90EF90DF90CF9008952F92DE
:104890003F924F925F926F927F928F929F92AF92D0
:1048A000BF92CF92DF92EF92FF920F931F93CF931D
:1048B000DF9300D01F921F92CDB7DEB71C01498352
:1048C0005A836B837C8328013901ED82860181E064
:1048D00090E02E2D2F3F11F090E080E025E0289F02
:1048E000F001299FF00D1124E352F84F84818823B1
:1048F00009F45EC0F10114821582168217821086B7
:10490000F10184818230A1F0833009F482C08130CA
:10491000B9F529813A814B815C81658176818781F6
:1049200090850E94CDF418165CF182E0F101848339
:1049300029813A814B815C81F10165817681878192
:1049400090850E94A5F26B017C010E949CCA2B01FC
:104950003C01A5019401C701B6010E94E3EB1816C2
:104960000CF446C09801A8EEB3E00E9455F2460E42
:10497000571E681E791EF101408251826282738245
:104980000F900F900F900F900F90DF91CF911F918C
:104990000F91FF90EF90DF90CF90BF90AF909F90DE
:1049A0008F907F906F905F904F903F902F900895E1
:1049B000A3019201F10165817681878190850E9432
:1049C000E3EB882309F49CCFF1014582568267828C
:1049D0007086FF24F39420E030E0A901C301B20106
:1049E0000E94CDF418160CF0F12CF101F48288CF5E
:1049F000F10180819181A281B38184199509A60971
:104A0000B709181619061A061B060CF4B9CF83E06D
:104A1000848341E454E261E574E28D810F900F904C
:104A20000F900F900F90DF91CF911F910F91FF90FA
:104A3000EF90DF90CF90BF90AF909F908F907F903E
:104A40006F905F904F903F902F90ACCE45EE53E229
:104A500062EF73E2A7CECF93DF93A8958091950B79
:104A60009091960B2091950B3091960B821793079E
:104A7000A9F70E944DC26093970B7093980B809397
:104A8000990B90939A0B8091EA079091EB072091F4
:104A9000EA073091EB0782179307A9F70E94967BEC
:104AA0006093EC077093ED078093EE079093EF0708
:104AB000C091950BD091960B8091950B9091960B90
:104AC000C817D907A9F780912E0290912F02C81715
:104AD000D90710F480E0BADF80919B0B90919C0B7A
:104AE000181619066CF480912C0290912D028C17E7
:104AF0009D0730F442E254E26FE274E280E052DE5D
:104B00008091EA079091EB072091EA073091EB073B
:104B100082179307A9F720912A0230912B0282175E
:104B2000930710F48FEF92DF8091F0079091F107D7
:104B300018161906D4F42091280230912902809188
:104B4000EA079091EB074091EA075091EB07841731
:104B50009507A9F72817390740F442E254E26FE2BB
:104B600074E28FEFDF91CF911DCEDF91CF91089549
:104B70004F925F926F927F928F929F92AF92BF926D
:104B8000CF92DF92EF92FF920F931F93CF93DF9319
:104B9000CDB7DEB72E970FB6F894DEBF0FBECDBFF0
:104BA00080916B09811118C0A8952E960FB6F894C4
:104BB000DEBF0FBECDBFDF91CF911F910F91FF9050
:104BC000EF90DF90CF90BF90AF909F908F907F90AD
:104BD0006F905F904F9008958091A7088111E5CF65
:104BE00081E08093A7088091E707811103C01092AC
:104BF000A708DBCF30DF1092E7070E949CCA2B0189
:104C00003C016091320270913302072E000C880B38
:104C1000990B0E94E9EB9B01AC016091970B70919D
:104C2000980B8091990B90919A0B0E94CDF41816D5
:104C300014F480E00BDF8091E107811118C08091AE
:104C4000DD079091DE07A091DF07B091E0070097A4
:104C5000A105B10561F084199509A609B7091816CF
:104C600019061A061B061CF081E08093E10760918B
:104C70009B0B70919C0B072E000C880B990B0E94CC
:104C8000E9EB8B019C014091970B5091980B60913F
:104C9000990B70919A0B812C912CE0E8AE2EE0E4F8
:104CA000BE2EF8E2CF2ED12CE12C81E89BE0EFDD87
:104CB0008090970B9090980BA090990BB0909A0BC6
:104CC0006091300270913102072E000C880B990B15
:104CD0000E94E9EB9B01AC01C501B4010E94CDF437
:104CE00018160CF032C26091320270913302072E16
:104CF000000C880B990B0E94E9EB9B01AC01C501EC
:104D0000B4010E94E3EB87FF20C28091E1079091FC
:104D10009F08911109C023E93BE030939E0820933E
:104D20009D0891E090939F08882309F4CFC0C12C7F
:104D3000D12C7601C701B6010E94EAF375956795FB
:104D400060939D0B8091FE079091FF07A091000852
:104D5000B09101080097A105B105B9F08419950932
:104D6000A609B709181619061A061B0674F0C5011C
:104D7000B4010E94EAF32091FC073091FD0762170D
:104D800073070CF4E4C10E94A66D20E030E04CED06
:104D900052E46091EC077091ED078091EE079091DD
:104DA000EF070E94CDF4181614F48FEF4FDE8091B8
:104DB000D9079091DA07A091DB07B091DC07009743
:104DC000A105B105E9F084199509A609B7091816D6
:104DD00019061A061B06A4F06091EC077091ED0706
:104DE0008091EE079091EF070E94EAF32091D70798
:104DF0003091D807621773070CF4B0C10E94AD233D
:104E00008091990890919A08A0919B08B0919C0874
:104E100084199509A609B709181619061A061B065A
:104E20000CF4E5CED301C20188579C4EAF4FBF4F63
:104E30008093990890939A08A0939B08B0939C083C
:104E40008091E607811118C08091E2079091E307F5
:104E5000A091E407B091E5070097A105B10561F0C5
:104E600084199509A609B709181619061A061B060A
:104E70001CF081E08093E6076091F0077091F107E4
:104E8000072E000C880B990B0E94E9EB8B019C010B
:104E90004091EC075091ED076091EE077091EF079C
:104EA000812C912CA12C80E4B82E94E1C92ED12C18
:104EB000EE24EA948AE89BE0EADC8091E607882306
:104EC00009F455C11092F207759891CE80919D0812
:104ED00090919E089E878D87DC0114968D919D91FF
:104EE0000D90BC91A02D8D839E83AF83B887ED85F7
:104EF000FE8560857185072E000C880B990B0E943A
:104F0000E9EB6B017C0120E030E0A9010E94E3EBBA
:104F1000882391F02D813E814F815885C701B601CC
:104F20000E94A5F26B017C0120E030E040EA51ECE8
:104F30000E94E3EB87FF09C081E0AD85BE851B962B
:104F40008C93C12CD12C7601D0C020E030E040EA17
:104F500051E4C701B6010E94CDF418165CF481E05B
:104F6000ED85FE858387C12CD12C4FE7E42E43E4E9
:104F7000F42EBBC0AD85BE851B968C911B978823F4
:104F800069F0FD01148A158A168A178A58961D92AF
:104F90001D921D921C925B971B961C92ED85FE85BF
:104FA000248D358D468D578DC701B6010E9448EC82
:104FB00069877A878B879C87AD85BE8550966D9370
:104FC0007D938D939C93539790962D913D914D9108
:104FD0005C919397C701B6010E9448ECED85FE8570
:104FE00024893589468957890E94A6F26B017C0184
:104FF00020E030E0A9010E94E3EB87FD9BC020E0A8
:1050000030E04FE753E4C701B6010E94CDF4181613
:105010000CF494C0AD85BE855496CD92DD92ED9290
:10502000FC92579758968D919D910D90BC91A02D13
:1050300089839A83AB83BC832D813E814F815885C0
:10504000ED85FE8564857585868597850E94A5F228
:10505000AD85BE8594962D913D914D915C9197972C
:105060000E9448EC29813A814B815C810E94A5F223
:1050700020ED3CEC4CE45DE30E9448EC29813A8150
:105080004B815C810E94A6F269837A838B839C8327
:10509000ED85FE85608F718F828F938FA7019601BA
:1050A00069857A858B859C850E94A6F229813A8143
:1050B0004B815C810E94A6F220E030E0A9010E94B1
:1050C000A6F26B017C0120E030E0A9010E94E3EB35
:1050D00087FD37CF20E030E04FE753E4C701B6014A
:1050E0000E94CDF418160CF43ECF8D819E81AF81C5
:1050F000B885ED85FE8584879587A687B78720E0EC
:1051000030E0A901C701B6010E94E3EB87FD0FCE95
:1051100020E030E04FE753E4C701B6010E94CDF430
:1051200018160CF007CEC12CD12C3FE7E32E33E448
:10513000F32E00CEC12CD12C76016CCFC12CD12CFA
:105140005FE7E52E53E4F52E65CF60E0F9CD44E04E
:1051500054E263E174E280E025DB17CE44E054E2E0
:1051600063E174E28FEF1EDB4BCE8FE733C0C0905C
:10517000EC07D090ED07E090EE07F090EF0720E00D
:1051800030E040EA50E4C701B6010E94CDF487FD4B
:1051900099CE20E030E04CED52E4C701B6010E9408
:1051A000E3EB18160CF48ECE6091F0077091F107C6
:1051B000072E000C880B990B0E94E9EBA7019601C2
:1051C0000E94A5F220E030E0A9010E94CDF418165B
:1051D00064F280E08093F2070ACD2F923F924F92C3
:1051E0005F926F927F928F929F92AF92BF92CF9277
:1051F000DF92EF92FF920F931F93CF93DF93CDB780
:10520000DEB7C054D1090FB6F894DEBF0FBECDBFD4
:105210008EE397E00E94C6898091DA0983FD6EC013
:105220002091320A3091330A4091340A5091350A64
:1052300060914A0770914B0780914C0790914D0700
:105240000E94E3EB882309F459C00E94F37D182FD4
:10525000882331F00E943E2A89E59AE10E94152AAE
:105260002091320A3091330A4091340A5091350A24
:1052700060914A0770914B0780914C0790914D07C0
:105280000E94A5F26B017C0120E030E0A9010E94A0
:10529000CDF487FF04C0F7FAF094F7F8F09420916A
:1052A0005502309156024091570250915802C70161
:1052B000B6010E9448EC20E030E048E453E40E944C
:1052C000CDF41816CCF40E943E2A8AE39AE10E949B
:1052D000152A80914A0790914B07A0914C07B091F5
:1052E0004D078093320A9093330AA093340AB09307
:1052F000350A0E94318C02C01111EBCF2AE037ED44
:1053000043E25CE3609113027091140280911502F4
:10531000909116020E9448EC6B017C016091110291
:1053200070911202072E000C880B990B0E94E9EB7A
:105330009B01AC01C701B6010E9448EC6DAB7EAB8E
:105340008FAB98AF80919F09882311F1C0904607D9
:10535000D0904707E0904807F09049078090A00957
:105360009090A109A090A209B090A30920E030E09C
:10537000A901C501B4010E94E3EB882309F442C0EE
:10538000A5019401C701B6010E94E3EB87FD3AC075
:1053900019821A821B821C821D821E821F8218861D
:1053A00019861A861B861C869E012F5F3F4F4DA9CA
:1053B0005EA96FA978AD8EE397E00E94DDC280E11F
:1053C000EEE3F7E0A6E2BAE001900D928A95E1F7EC
:1053D000C05CDF4F0FB6F894DEBF0FBECDBFDF91CC
:1053E000CF911F910F91FF90EF90DF90CF90BF90E2
:1053F000AF909F908F907F906F905F904F903F9075
:105400002F9008952091260A3091270A4091280A6A
:105410005091290A60913E0770913F0780914007A3
:10542000909141070E94A5F22B013C01498A5A8ABA
:105430006B8A7C8A20912A0A30912B0A40912C0A8F
:1054400050912D0A60914207709143078091440763
:10545000909145070E94A5F269AB7AAB8BAB9CABF0
:105460006D8B7E8B8F8B988F20912E0A30912F0A17
:105470004091300A5091310AC701B6010E94A5F24D
:1054800069AF7AAF8BAF9CAF698F7A8F8B8F9C8F10
:105490002091320A3091330A4091340A5091350AF2
:1054A00060914A0770914B0780914C0790914D078E
:1054B0000E94A5F24B015C018D8E9E8EAF8EB8A22C
:1054C00020E030E0A901C301B2010E94E3EB8111A9
:1054D0000CC020E030E0A90169A97AA98BA99CA998
:1054E0000E94E3EB882309F453CFCE0141960E943A
:1054F0004F896B017C012DEB37E346E855E30E94B1
:10550000E3EB87FF0FC020E030E0A901C501B40143
:105510000E94CDF47501640187FF04C0F7FAF0948E
:10552000F7F8F0942DEB37E346E855E3C701B601F1
:105530000E94E3EB87FD43CF20E030E040EA50E4F7
:10554000C701B6010E9482F30E94EFF31B01672B93
:1055500019F422242394312CB10190E080E00E94C0
:10556000E7EB9B01AC0160E070E080E89FE30E9404
:1055700082F36DA77EA78FA798AB9B01AC01C301F7
:10558000B2010E9448EC21966CAF7DAF8EAF9FAF09
:1055900021972DA53EA54FA558A969A97AA98BA940
:1055A0009CA90E9448EC69AB7AAB8BAB9CAB2DA558
:1055B0003EA54FA558A969AD7AAD8BAD9CAD0E94B3
:1055C00048EC2B013C012DA53EA54FA558A9C501CE
:1055D000B4010E9448EC4B015C012DA53EA54FA5EE
:1055E00058A9C701B6010E9448EC69A37AA38BA30E
:1055F0009CA31DA21EA21FA218A619A61AA61BA62E
:105600001CA680E1E6E2FAE08E010F5F1F4FD80191
:1056100001900D928A95E1F70E949CCA6B017C0172
:1056200028ECC20ED11CE11CF11C81E0281A3108C3
:1056300009F45AC00E949CCAA7019601261B370B89
:10564000480B590B12161306140615060CF450C01D
:105650006B017C01A8ECCA0ED11CE11CF11C80E09E
:105660000E94643621962CAD3DAD4EAD5FAD2197C5
:1056700069817A818B819C810E94A6F269837A83F9
:105680008B839C8329A93AA94BA95CA96D817E8152
:105690008F8198850E94A6F26D837E838F83988781
:1056A000A301920169857A858B859C850E94A6F26B
:1056B00069877A878B879C87A50194016D857E8594
:1056C0008F8598890E94A6F26D877E878F87988B39
:1056D0009E012F5D3F4F4DA95EA96FA978ADC8010E
:1056E0000E94DDC28111A1CF9E012F5D3F4F5FCE91
:1056F0003FDAB8CF4F925F926F927F928F929F92D4
:10570000AF92BF92CF92DF92EF92FF92CF93DF934F
:105710006B017C018090130290901402A0901502FE
:10572000B0901602C0911102D091120284E690E06E
:1057300090931202809311024090550250905602AD
:10574000609057027090580280E090E0A0E8BFE3BC
:105750008093550290935602A0935702B09358023B
:1057600020E030E0A901C7010E94E3EB882341F06B
:10577000C0921302D0921402E0921502F092160227
:105780002CDD409255025092560260925702709260
:105790005802D0931202C093110280921302909289
:1057A0001402A0921502B0921602DF91CF91FF90E1
:1057B000EF90DF90CF90BF90AF909F908F907F90B1
:1057C0006F905F904F900895FC01208180916D0B48
:1057D00090916E0B922728E0AC01880F991F57FD1E
:1057E00007C02150C9F790936E0B80936D0B0895FD
:1057F000F1E28F27F0E19F27F4CF3FB7F894809133
:10580000A5149091A614A091A714B091A81426B540
:10581000A89B05C02F3F19F00196A11DB11D3FBFE8
:10582000BA2FA92F982F8827BC01CD01620F711DB7
:10583000811D911D42E0660F771F881F991F4A95B1
:10584000D1F70895FC01938591FD13C0987121E073
:10585000903109F020E080917A0B20FB85F980934C
:105860007A0B903141F08085873419F481858E3729
:1058700011F480E0089581E00895FC0120E03EE20B
:10588000DB014D91BD01403249F0283011F43083E5
:105890003196DB0111974C91408331962F5F2B306D
:1058A00079F710820895CF9380910917C1E088237A
:1058B000C9F080910A1790910B17409101175091F0
:1058C00002176091031770910417DC01ED91FC91B0
:1058D0000288F389E02D21E035E11995C82F811167
:1058E00004C0C0E08C2FCF910895409105175091CE
:1058F000061760910717709108174115510561054A
:105900007105B9F080910A1790910B17DC01ED91A8
:10591000FC910288F389E02D21E035E11995882377
:1059200001F31092051710920617109207171092A4
:10593000081710920917D6CFCF92DF92EF92FF92FD
:10594000CF936B017C01C42F8091011790910217B6
:10595000A0910317B09104178C159D05AE05BF05E6
:1059600019F1A1DF811107C080E0CF91FF90EF9086
:10597000DF90CF90089580910A1790910B17DC016A
:10598000ED91FC910088F189E02D21E035E1B7012E
:10599000A6011995882341F3C0920117D0920217EE
:1059A000E0920317F092041781E0CC23F1F2809388
:1059B0000917DBCF8F929F92AF92BF92CF92DF9267
:1059C000EF92FF92CF93DF9390930B1780930A1778
:1059D0001092231782E090E0A0E0B0E080930C17D3
:1059E00090930D17A0930E17B0930F1710920917ED
:1059F00010920517109206171092071710920817A9
:105A00008FEF9FEFDC018093011790930217A09313
:105A10000317B0930417662309F46EC040E060E0FA
:105A200070E0CB0189DF81110DC0C0E08C2FDF91C8
:105A3000CF91FF90EF90DF90CF90BF90AF909F906D
:105A40008F9008958091BF168F7779F78091CB164C
:105A50009091CC16A091CD16B091CE1684369105BA
:105A6000A105B10510F3C090C716D090C816E090FC
:105A7000C916F090CA16C114D104E104F104A9F2C8
:105A800040E0C701B60158DFC82F882371F280912A
:105A90000C1590910D158115924039F6A0911115B4
:105AA000AA2319F260910F157091101561157105F7
:105AB00009F4BBCF20910E15222309F4B6CFA09391
:105AC0001E172093101790E080E030E0E1E0F0E056
:105AD000D82FAF01082E02C0440F551F0A94E2F7D9
:105AE0002417350769F041E0480F01968930910588
:105AF00079F74093191799CFC12CD12C7601C0CFDB
:105B000080931917209117153091181550E040E037
:105B10002115310541F4209125153091261540912C
:105B20002715509128152093111730931217409381
:105B300013175093141746015701860E971EA11C88
:105B4000B11C80921F1790922017A0922117B0923B
:105B50002217E0911215F0911315F0932517E09399
:105B60002417B0E00E944BF2DC01CB01880D991D97
:105B7000AA1DBB1D8093261790932717A093281763
:105B8000B093291725E0EE0FFF1F2A95E1F7E150AA
:105B9000FE4FEF2FFF27E6958E0F9F1FA11DB11D12
:105BA00080931A1790931B17A0931C17B0931D177F
:105BB0008090141590901515B12CA12C811491048E
:105BC00041F48090211590902215A0902315B0905B
:105BD0002415C81AD90AEA0AFB0AC80CD91CEA1CFF
:105BE000FB1C04C0F694E794D794C794DA95D2F7D7
:105BF000C0921517D0921617E0921717F092181747
:105C000085EFC8168FE0D806E104F10420F48CE09B
:105C1000809323170ACF80E125EFC2162FEFD2061B
:105C2000E104F10488F080912D1590912E15A0913A
:105C30002F15B09130158093261790932717A093B6
:105C40002817B093291780E280932317EFCECF93C4
:105C5000DF93EC01462F41706C857D858E859F8595
:105C60006BDE882351F0888920E2829FC0011124D5
:105C70008F5F9A4EDF91CF91089590E080E0FACF48
:105C8000CF93DF93EC018B81882339F1898187FFE2
:105C900021C061E0CE01DBDFFC01892BF1F08081C6
:105CA000853ED9F08B81823040F489899A89AB890D
:105CB000BC89848F958FA68FB78F8D899E89938F8E
:105CC000828F8D899E89AF89B88DB58BA48B898190
:105CD0008F778983DF91CF91E6CD81E0888380E063
:105CE000DF91CF9108952F923F924F925F926F92E2
:105CF0007F928F929F92AF92BF92CF92DF92EF925C
:105D0000FF920F931F93CF93DF93CDB7DEB7C55AA2
:105D1000D1090FB6F894DEBF0FBECDBF8C01EA9655
:105D20004FAFEA97252E362EE4967FAFE497E9969B
:105D30003FAF2EAFE9972091EF093091F0094091E4
:105D4000F1095091F209DC016D917D918D919C9149
:105D50000E9448EC0E94D9F4C756DF4F68837983CC
:105D60008A839B83C959D0402091F3093091F4096B
:105D70004091F5095091F609F80164817581868199
:105D800097810E9448EC0E94D9F4C356DF4F688384
:105D900079838A839B83CD59D0402091F709309134
:105DA000F8094091F9095091FA09D80118966D91B6
:105DB0007D918D919C911B970E9448EC0E94D9F493
:105DC000CF55DF4F688379838A839B83C15AD04044
:105DD000D8011C962D913D914D915C911F972F9666
:105DE0002CAF3DAF4EAF5FAF2F972091FB093091A5
:105DF000FC094091FD095091FE092F966CAD7DADD7
:105E00008EAD9FAD2F970E9448EC0E94D9F4C357E6
:105E1000DF4F688379838A839B83CD58D04080E1AC
:105E2000F801DE01D19601900D928A95E1F78091FB
:105E3000DA0983FD04C08091D3098823F1F0C357A8
:105E4000DF4F088119812A813B81CD58D0400093D2
:105E5000EB0B1093EC0B2093ED0B3093EE0B2F9686
:105E60002CAD3DAD4EAD5FAD2F972093DB0B309346
:105E7000DC0B4093DD0B5093DE0B9091CE0B8091A9
:105E8000CD0B891738F0891B8F3031F480E00E94E8
:105E90006436F3CF805FF7CF8091CD0B0E941983DA
:105EA000CB55DF4F8883C55AD0400091CD0B8091F0
:105EB000D1099091D209892B11F00C9402C08091E4
:105EC000DF0B9091E00BA091E10BB091E20BC75674
:105ED000DF4F88809980AA80BB80C959D040881A3A
:105EE000990AAA0ABB0A8091E30B9091E40BA09156
:105EF000E50BB091E60BC356DF4F288139814A810B
:105F00005B81CD59D040281B390B4A0B5B0B279680
:105F10002CAF3DAF4EAF5FAF27978091E70B9091CD
:105F2000E80BA091E90BB091EA0BCF55DF4F288128
:105F300039814A815B81C15AD040281B390B4A0BF9
:105F40005B0B2B962CAF3DAF4EAF5FAF2B97809185
:105F5000EB0B9091EC0BA091ED0BB091EE0BC357B6
:105F6000DF4FC880D980EA80FB80CD58D040C81A66
:105F7000D90AEA0AFB0A09F481C00E94F37D88234A
:105F800039F1C357DF4F88819981AA81BB81CD58F0
:105F9000D0408093EB0B9093EC0BA093ED0BB09360
:105FA000EE0B2F962CAD3DAD4EAD5FAD2F972093F0
:105FB000DB0B3093DC0B4093DD0B5093DE0B0E9428
:105FC0003E2A87E49EE20E94152AC12CD12C76013C
:105FD000C701B6010E94E9EB2091550230915602AB
:105FE00040915702509158020E9448EC2B013C010D
:105FF00020E030E0A9010E94CDF487FF04C077FAC9
:10600000709477F8709420E030E048E453E46091B5
:10601000FB097091FC098091FD099091FE090E9495
:1060200048ECA30192010E94E3EB87FF27C0C3570E
:10603000DF4F88819981AA81BB81CD58D040809360
:10604000EB0B9093EC0BA093ED0BB093EE0B2F9614
:106050002CAD3DAD4EAD5FAD2F972093DB0B309354
:10606000DC0B4093DD0B5093DE0B0E943E2A88E24E
:106070009EE20E94152AC12CD12C760110E081E00D
:10608000181419041A041B040CF080E080FB10F9AA
:1060900081E027962CAD3DAD4EAD5FAD2797121632
:1060A0001306140615060CF080E080FB11F981E060
:1060B0002B962CAD3DAD4EAD5FAD2B971216130652
:1060C000140615060CF080E080FB12F981E01C1428
:1060D0001D041E041F040CF080E080FB13F9C701AF
:1060E000B6010E94E9EB2091550230915602409191
:1060F0005702509158020E9448EC6B017C0120E04D
:1061000030E0A9010E94CDF487FF3CC4C701B6016D
:106110009058402F50E02D965FAF4EAF2D9753E62D
:10612000059F90011124D901A151B44F6596BFAFCD
:10613000AEAF65970E94EFF3A3966CAF7DAF8EAFC5
:106140009FAFA3976596EEADFFAD6597108215AF33
:106150002B960CAD1DAD2EAD3FAD2B976B960CAFB6
:106160001DAF2EAF3FAF6B9737FF0DC03095209519
:10617000109501951F4F2F4F3F4F6B960CAF1DAFE2
:106180002EAF3FAF6B9727962CAD3DAD4EAD5FADBB
:10619000279763962CAF3DAF4EAF5FAF639757FF26
:1061A0000DC050954095309521953F4F4F4F5F4F13
:1061B00063962CAF3DAF4EAF5FAF639724013501BF
:1061C000B7FE07C0442455243201481859086A080C
:1061D0007B086596AEADBFAD65975D964D925D92BD
:1061E0006D927C92909763960CAD1DAD2EAD3FAD38
:1061F000639791960D931D932D933C9394976B9673
:106200000CAD1DAD2EAD3FAD6B9795960D931D93C7
:106210002D933C939897C501B4010E94E9EB20911E
:10622000C1093091C2094091C3095091C4090E942B
:1062300048ECA7966CAF7DAF8EAF9FAFA797279620
:106240006CAD7DAD8EAD9FAD27970E94E9EB20919F
:10625000C5093091C6094091C7095091C8090E94EB
:1062600048ECAB966CAF7DAF8EAF9FAFAB972B96E4
:106270006CAD7DAD8EAD9FAD2B970E94E9EB20916B
:10628000C9093091CA094091CB095091CC090E94AB
:1062900048ECE3966CAF7DAF8EAF9FAFE397A796C8
:1062A0000CAD1DAD2EAD3FADA79709A31AA32BA32F
:1062B0003CA3AB962CAD3DAD4EAD5FADAB972DA3E2
:1062C0003EA34FA358A7DC01CB0189A79AA7ABA790
:1062D000BCA72091CD093091CE094091CF095091B2
:1062E000D009C701B6010E9448EC6F966CAF7DAF34
:1062F0008EAF9FAF6F976DA77EA78FA798AB96E0E5
:1063000049165104610471040CF046C363960CAD48
:106310001DAD2EAD3FAD639706301105210531054A
:106320000CF03AC36B962CAD3DAD4EAD5FAD6B97A7
:1063300026303105410551050CF02EC320E030E038
:10634000A9016F966CAD7DAD8EAD9FAD6F970E942C
:10635000CDF487FF1AC36F968CAD9DADAEADBFADCA
:106360006F97B05823E62D960EAD1FAD2D97209F49
:10637000F001219FF00D1124E151F44F818B928B9C
:10638000A38BB48B83E62D960EAD1FAD2D97809F0A
:10639000F001819FF00D1124E151F44FA3962CAD33
:1063A0003DAD4EAD5FADA39721A732A743A754A73C
:1063B000458D568D678D70A101A112A123A134A135
:1063C00085A196A1A7A1B0A580179107A207B30741
:1063D00010F4D901C80184179507A607B70710F470
:1063E000DB01CA01A3960CAD1DAD2EAD3FADA39749
:1063F00080179107A207B30710F4D901C80123E65B
:106400002D960EAD1FAD2D97209FF001219FF00D11
:106410001124E151F44F85A796A7A7A7B0AB069723
:10642000A105B10510F40C94E5BFE25BFF4F80912C
:1064300020128083452B462B472B19F080E00E94C9
:106440003D7D83E62D960EAD1FAD2D97809FF0010B
:10645000819FF00D1124E151F44F81A192A1A3A1DC
:10646000B4A1892B8A2B8B2B19F081E00E943D7DF2
:1064700083E62D960EAD1FAD2D97809FF001819F75
:10648000F00D1124E151F44F85A196A1A7A1B0A56B
:10649000892B8A2B8B2B19F082E00E943D7DA396DD
:1064A0002CAD3DAD4EAD5FADA397232B242B252BFB
:1064B00011F40C9404C00E94037DE0901B0AF0903C
:1064C0001C0A00911D0A10911E0A9701A801EA9664
:1064D0006FADEA97722D832DE4969FADE4970E94ED
:1064E000E3EB87FD08C0EA96EFACEA97F22C032DA8
:1064F000E4961FADE49783E62D964EAD5FAD2D97E4
:10650000849FF001859FF00D1124E151F44F8189A2
:106510009289A389B489ED968CAF9DAFAEAFBFAF22
:10652000ED979C01AD0160E070E080E89FE30E9480
:1065300082F32B013C019701A8010E9448EC6B01FA
:106540007C019091CC0B8091CD0B891708F483C20C
:10655000891BE4968FAFE497A701960160E074E28F
:1065600084E799E40E9482F30E94D9F44B015C0114
:10657000E4968FADE49782508630A0F56091EB09E8
:106580007091EC098091ED099091EE0968197909F3
:106590008A099B0916161706180619061CF5660FB8
:1065A000771F881F991FE4960FADE497202F30E0E6
:1065B00050E040E00E942FF2CA01B9010E94E9EBCD
:1065C0000E94EAF3680D791D8A1D9B1D0E94E9EB6C
:1065D0009B01AC0160E074E284E799E40E9482F3DD
:1065E0006B017C01A7019601ED966CAD7DAD8EAD82
:1065F0009FADED970E9448ECC358DF4F68837983C5
:106600008A839B83CD57D04083E62D962EAD3FAD38
:106610002D97829F8001839F100D11240151144FEB
:10662000C358DF4F88819981AA81BB81CD57D04063
:10663000F80181839283A383B48325A536A547A55A
:1066400050A96B962CAF3DAF4EAF5FAF6B97CA01B1
:10665000B9010E94E7EB63966CAF7DAF8EAF9FAF41
:1066600063979B01AC01C701B6010E9448EC0E94F0
:106670006CF30E94EFF3CF57DF4F688379838A83EF
:106680009B83C158D040F801FE966083718382835A
:1066900093838E010F5D1F4FAD961FAF0EAFAD9769
:1066A0000FEF19E0C757DF4F19830883C958D0404F
:1066B0008E01035D1F4F23961FAF0EAF2397212C32
:1066C000312C10E824961FAF24970FE328960FAFC4
:1066D0002897AD96AEADBFADAD972D913D914D9143
:1066E0005D91AD96BFAFAEAFAD97C701B6010E9449
:1066F00048EC4B015C0120E030E0A9010E94CDF4A0
:1067000087FF04C0B7FAB094B7F8B094C757DF4F0B
:10671000A881B981C958D0400D911D912D913D910D
:10672000C757DF4FB983A883C958D040CB57DF4F35
:10673000088319832A833B83C558D040A50194015F
:10674000CB57DF4F688179818A819B81C558D040C2
:106750000E94E3EB87FF20C0A5019401CB57DF4FD8
:10676000688179818A819B81C558D0400E9482F3DB
:106770005B018C01910124964FAD249728965FAD63
:1067800028970E94E3EB87FF07C0150124960FAFFF
:10679000249728961FAF289723960EAD1FAD2397F9
:1067A000AD962EAD3FADAD970217130709F091CF0F
:1067B000A70196016F966CAD7DAD8EAD9FAD6F97C5
:1067C0000E9448EC6B017C0120E030E0A9010E94AE
:1067D000CDF487FF04C0F7FAF094F7F8F0948090B6
:1067E0000B0A90900C0AA0900D0AB0900E0AA70117
:1067F0009601C501B4010E94E3EB87FF1AC0A7010F
:106800009601C501B4010E9482F37B018C019101C4
:1068100024964FAD249728965FAD28970E94E3EB0E
:1068200087FF07C0170124960FAF249728961FAF44
:10683000289720E030E040E85FE3B10124968FAD77
:10684000249728969FAD28970E94E3EB87FF41C0CD
:1068500083E62D964EAD5FAD2D97849F8001859F79
:10686000100D11240151144F78015EE3E50EF11C67
:10687000CF57DF4F688179818A819B81C158D04091
:106880000E94E7EB910124964FAD249728965FADC7
:1068900028970E9448EC0E94EFF3D7016D937D93F7
:1068A0008D939C931397910124964FAD249728962E
:1068B0005FAD2897C358DF4F688179818A819B81BA
:1068C000CD57D0400E9448ECF801618372838383E6
:1068D000948363962CAD3DAD4EAD5FAD6397C30120
:1068E000B2010E9448EC27966CAF7DAF8EAF9FAF90
:1068F000279783E62D960EAD1FAD2D97809FF00153
:10690000819FF00D1124E151F44F27962CAD3DAD40
:106910004EAD5FAD2797258B368B478B508F858C7F
:10692000968CA78CB0A081149104A104B10409F045
:1069300094C081A192A1A3A1B4A1892B8A2B8B2BF6
:1069400009F08BC085A196A1A7A1B0A5892B8A2BA0
:106950008B2B09F082C02091130A3091140A4091C8
:10696000150A5091160A27966CAD7DAD8EAD9FAD80
:1069700027970E9448EC0E946CF30E94EFF36B0192
:106980007C016DC1C701B601C4CB6F968CAD9DADC6
:10699000AEADBFAD6F97E6CCE996AEADBFADE997B2
:1069A000CD90DD90ED90FC9020E030E0A901C70192
:1069B000B6010E94E3EB882389F083E62D960EADA5
:1069C0001FAD2D97809FF001819FF00D1124E151A3
:1069D000F44FC18AD28AE38AF48AD4CCA7962CAD2C
:1069E0003DAD4EAD5FADA79729833A834B835C8362
:1069F000AB968CAD9DADAEADBFADAB978D839E8399
:106A0000AF83B887E3960CAD1DAD2EAD3FADE397D8
:106A100009871A872B873C876F962CAD3DAD4EAD0D
:106A20005FAD6F972D873E874F87588BCE010196BC
:106A30000E944F8923E62D960EAD1FAD2D97209F06
:106A4000F001219FF00D1124E151F44F618B728B05
:106A5000838B948B97CC805F7BCDA3968CAD9DADC3
:106A6000AEADBFADA397892B8A2B8B2B09F400C742
:106A700020910F0A3091100A4091110A5091120A88
:106A800027966CAD7DAD8EAD9FAD27970E9448ECEB
:106A90000E946CF30E94EFF36B017C018091BD09B1
:106AA0009091BE09A091BF09B091C0096596EEAD65
:106AB000FFAD659701A112A123A134A12B960CAFC4
:106AC0001DAF2EAF3FAF2B9705A116A127A130A573
:106AD000AF960CAF1DAF2EAF3FAFAF9701A512A57C
:106AE00023A534A567960CAF1DAF2EAF3FAF6797B8
:106AF0006B960CAD1DAD2EAD3FAD6B97801791071A
:106B0000A207B30708F4BDC681149104A104B1041F
:106B1000E1F06091AD097091AE098091AF0990915B
:106B2000B0096C157D058E059F0578F4A9019801C3
:106B30000E94FEF1A50194010E940DF22C153D0565
:106B40004E055F0510F469017A012B962CAD3DAD21
:106B50004EAD5FAD2B97232B242B252B21F160917C
:106B6000B1097091B2098091B3099091B4096C1583
:106B70007D058E059F05B8F46B962CAD3DAD4EADF1
:106B80005FAD6B970E94FEF12B962CAD3DAD4EADE7
:106B90005FAD2B970E940DF22C153D054E055F054C
:106BA00010F469017A01AF968CAD9DADAEADBFAD6D
:106BB000AF97892B8A2B8B2B21F16091B5097091AE
:106BC000B6098091B7099091B8096C157D058E05BD
:106BD0009F05B8F46B962CAD3DAD4EAD5FAD6B9798
:106BE0000E94FEF1AF962CAD3DAD4EAD5FADAF97BF
:106BF0000E940DF22C153D054E055F0510F469014C
:106C00007A0167960CAD1DAD2EAD3FAD6797012B98
:106C1000022B032B21F16091B9097091BA0980917F
:106C2000BB099091BC096C157D058E059F05B8F4D4
:106C30006B962CAD3DAD4EAD5FAD6B970E94FEF1F6
:106C400067962CAD3DAD4EAD5FAD67970E940DF2DE
:106C50002C153D054E055F0510F469017A0183E6A8
:106C60002D962EAD3FAD2D97829F8001839F100DF5
:106C700011240151144FF801E65BFF4FC082D1820D
:106C8000E282F382C701B6010E94E7EB6B017C014F
:106C90002DEB37E346E051E40E9448EC0E94EFF30D
:106CA000D801D9966D937D938D939C93DC9727960D
:106CB0002CAD3DAD4EAD5FAD2797C701B6010E942B
:106CC00082F363966CAF7DAF8EAF9FAF6397F80191
:106CD000618F728F838F948F20E030E040E05FE31C
:106CE0000E9448EC27962CAD3DAD4EAD5FAD279789
:106CF0000E9482F364966FAF649724967FAF2497C7
:106D000028968FAF289768969FAF6897D8011196FD
:106D10002D913D914D915C911497C757DF4F28837A
:106D200039834A835B83C958D040CA01B9010E94A4
:106D300048ECAC966FAFAC97EE967FAFEE97CF571F
:106D4000DF4F8883C158D040CB57DF4F9883C55859
:106D5000D0409B01AC0164966FAD649724967FADE3
:106D6000249728968FAD289768969FAD68970E94C4
:106D7000CDF41816E4F4AC960FADAC9764960FAF53
:106D80006497EE961FADEE9724961FAF2497CF57CA
:106D9000DF4F0881C158D04028960FAF2897CB57B6
:106DA000DF4F1881C558D04068961FAF6897A796E7
:106DB0002CAD3DAD4EAD5FADA797298B3A8B4B8B7C
:106DC0005C8BAB968CAD9DADAEADBFADAB978D8BF7
:106DD0009E8BAF8BB88FE3960CAD1DAD2EAD3FAD46
:106DE000E397098F1A8F2B8F3C8F6F962CAD3DAD9B
:106DF0004EAD5FAD6F972D8F3E8F4F8F58A3A396EB
:106E00008CAD9DADAEADBFADA397892B8A2B8B2BDF
:106E100009F44BC68E010F5E1F4F3E0191E2690ED1
:106E2000711CC12CD12C7601D8018D909D90AD9014
:106E3000BD908D0120E030E0A901C501B4010E94A0
:106E4000E3EB882371F0A5019401C501B4010E9410
:106E500048EC9B01AC01C701B6010E94A6F26B0190
:106E60007C016016710601F72DEB37E346E056E32F
:106E7000C701B6010E94CDF418160CF046C0C70138
:106E8000B6010E9413F59B01AC0160E070E080E860
:106E90009FE30E9482F36B017C01AC019B01A796EA
:106EA0006CAD7DAD8EAD9FADA7970E9448EC698B10
:106EB0007A8B8B8B9C8BA7019601AB966CAD7DADCD
:106EC0008EAD9FADAB970E9448EC6D8B7E8B8F8B08
:106ED000988FA7019601E3966CAD7DAD8EAD9FAD09
:106EE000E3970E9448EC698F7A8F8B8F9C8FA70164
:106EF00096016F966CAD7DAD8EAD9FAD6F970E9484
:106F000048EC6D8F7E8F8F8F98A3E4960FADE4973A
:106F1000002309F4F1C620913217309133174091C4
:106F2000341750913517A3962CAF3DAF4EAF5FAFDE
:106F3000A3972DEB37E346E855E3A3966CAD7DAD03
:106F40008EAD9FADA3970E94E3EB87FDD5C68090E1
:106F5000AB149090AC14A090AD14B090AE14C9884E
:106F6000DA88EB88FC888091AF149091B014A091DE
:106F7000B114B091B2146F968CAF9DAFAEAFBFAFEE
:106F80006F970D891E892F89388DA7960CAF1DAF7D
:106F90002EAF3FAFA7972091B3143091B414409116
:106FA000B5145091B614AB962CAF3DAF4EAF5FAF5A
:106FB000AB97898D9A8DAB8DBC8DE3968CAF9DAFD1
:106FC000AEAFBFAFE3970091B7141091B814209102
:106FD000B9143091BA14E7960CAF1DAF2EAF3FAF86
:106FE000E7972D8D3E8D4F8D58A1CF56DF4F2883CB
:106FF00039834A835B83C159D040C501B40190589D
:10700000A70196010E9448EC2B013C016F966CADE4
:107010007DAD8EAD9FAD6F979058A7962CAD3DADD1
:107020004EAD5FADA7970E9448EC9B01AC01C30138
:10703000B2010E94A6F22B013C01AB966CAD7DAD76
:107040008EAD9FADAB979058E3962CAD3DAD4EAD58
:107050005FADE3970E9448EC9B01AC01C301B20114
:107060000E94A6F22B013C01E7966CAD7DAD8EAD82
:107070009FADE7979058CF56DF4F288139814A81DD
:107080005B81C159D0400E9448EC9B01AC01C30117
:10709000B2010E94A6F22B013C012FEE3FEF4FE719
:1070A0005FE30E94CDF418160CF419C6A5019401F3
:1070B000C701B6010E94A5F2CB56DF4F68837983E2
:1070C0008A839B83C559D04069837A838B839C8351
:1070D0006F962CAD3DAD4EAD5FAD6F97A7966CAD85
:1070E0007DAD8EAD9FADA7970E94A5F2A7966CAF20
:1070F0007DAF8EAF9FAFA7976D837E838F83988779
:10710000AB962CAD3DAD4EAD5FADAB97E3966CADA0
:107110007DAD8EAD9FADE3970E94A5F2AB966CAFAF
:107120007DAF8EAF9FAFAB9769877A878B879C8740
:10713000E7962CAD3DAD4EAD5FADE797CF56DF4F37
:10714000688179818A819B81C159D0400E94A5F2D2
:10715000E3966CAF7DAF8EAF9FAFE3976D877E8771
:107160008F87988B8E010F5F1F4F6D961FAF0EAFED
:107170006D97005F1F4F6D962EAC3FAC6D97C12C85
:10718000D12C7601D1018D909D90AD90BD901D01C7
:1071900020E030E0A901C501B4010E94E3EB88239F
:1071A00071F0A5019401C501B4010E9448EC9B0156
:1071B000AC01C701B6010E94A6F26B017C01021569
:1071C000130501F72DEB37E346E056E3C701B6019F
:1071D0000E94CDF418160CF09CC0C701B6010E94A5
:1071E00013F59B01AC0160E070E080E89FE30E9432
:1071F00082F36B017C01AC019B01CB56DF4F6881B0
:1072000079818A819B81C559D0400E9448EC69836D
:107210007A838B839C83A7019601A7966CAD7DAD85
:107220008EAD9FADA7970E9448EC6D837E838F83C0
:107230009887A7019601AB966CAD7DAD8EAD9FADE5
:10724000AB970E9448EC69877A878B879C87A70158
:107250009601E3966CAD7DAD8EAD9FADE3970E9438
:1072600048EC6D877E878F87988B0BED19E06D96C4
:10727000EEADFFAD6D97C190D190E190F1906D961C
:10728000FFAFEEAF6D9720E030E0A901C701B60176
:107290000E94CDF487FF04C0F7FAF094F7F8F09459
:1072A00026EA3BE944EC5AE3C701B6010E94CDF45B
:1072B00018162CF5D8016D917D918D919C910E94AD
:1072C000E7EB4B015C0163962CAD3DAD4EAD5FAD80
:1072D0006397C701B6010E9448ECA50194010E9482
:1072E000CDF4181664F4A7019601C501B4010E94FB
:1072F00082F363966CAF7DAF8EAF9FAF63970C5FE9
:107300001F4F6D96EEADFFAD6D972E163F0609F03F
:10731000AECFE996AEADBFADE9971496CD90DD90B6
:10732000ED90FC90179720E030E0A901C701B6016D
:107330000E94E3EB882309F4E5C363962CAD3DADD1
:107340004EAD5FAD6397C701B6010E9448EC1B01CB
:107350008C01A3962CAD3DAD4EAD5FADA397CA0198
:10736000B9010E9448EC6B017C019B01AC01AC9619
:107370006FADAC97EE967FADEE97CF57DF4F88811C
:10738000C158D040CB57DF4F9881C558D0400E949C
:10739000E3EB87FF10C0AC96CFACAC97EE96DFACBA
:1073A000EE97CF57DF4FE880C158D040CB57DF4F23
:1073B000F880C558D0409101A801B601C7010E94CC
:1073C000CDF4181614F46101780180E1FE01719684
:1073D000ABEAB4E101900D928A95E1F764962FAD86
:1073E000649724963FAD249728964FAD28976896CA
:1073F0005FAD6897B601C7010E94E3EB87FF0CC041
:107400006496CFAC64972496DFAC24972896EFACB3
:1074100028976896FFAC689783E62D96EEADFFAD92
:107420002D978E9F80018F9F100D1124F801E1513F
:10743000F44FC601D70185879687A787B08B6496DE
:107440008FAD649724969FAD24972896AFAD28976B
:107450006896BFAD689785839683A783B087818739
:107460009287A387B487DF01AE5BBF4F1D921D9249
:107470001D921C921397808181608083C757DF4FD4
:10748000288139814A815B81C958D04020933217C5
:10749000309333174093341750933517C756DF4F47
:1074A00088819981AA81BB81C959D0408093DF0B23
:1074B0009093E00BA093E10BB093E20BC356DF4F28
:1074C000288139814A815B81CD59D0402093E30BDB
:1074D0003093E40B4093E50B5093E60BCF55DF4F11
:1074E00088819981AA81BB81C15AD0408093E70BE2
:1074F0009093E80BA093E90BB093EA0BC357DF4FCF
:10750000288139814A815B81CD58D0402093EB0B93
:107510003093EC0B4093ED0B5093EE0BE15BFF4F80
:10752000A091A80934E0A39FD0011124AB5AB44F15
:107530008D919D910D90BC91A02D80839183A2830C
:10754000B3838091CF0B9091D00BA091D10BB091D0
:10755000D20B89839A83AB83BC838091D30B9091A8
:10756000D40BA091D50BB091D60B8D839E83AF83A6
:10757000B8878091D70B9091D80BA091D90BB0917F
:10758000DA0B89879A87AB87BC878091DB0B909158
:10759000DC0BA091DD0BB091DE0B8D879E87AF8752
:1075A000B88BCE0101960E94C88DD801AE5BB34F57
:1075B00080E1FE01319601900D928A95E1F780E11C
:1075C000FE01F196AFECBBE001900D928A95E1F7D8
:1075D0009091CD0B8091CE0B981303C084E68093DD
:1075E000CB0BCB55DF4F0881C55AD0400093CD0B54
:1075F000E996AEADBFADE9971896FC90189719962D
:107600000C9119971A961C911A971B96EC906496F8
:107610002FAD649724963FAD249728964FAD2897B9
:1076200068965FAD68976F2D702F812F9E2D0E94F9
:10763000CDF4181664F46496FFAE649724960FAFE9
:10764000249728961FAF28976896EFAE68971091F9
:10765000CD0B112309F45DC31150D090CC0BF12C4C
:10766000E12C03E61D1509F4BBC0612E712C069DAB
:10767000F001079DF00D1124E151F44F808182FD4E
:1076800071C3E114F10421F0F701808180FFA8C0EB
:10769000069DF001079DF00D1124E151F44F258066
:1076A00036804780508425852C962FAF2C973685C1
:1076B0006C963FAF6C978784408960964FAF609718
:1076C000482D60965FAD6097C201B1010E94E3EB67
:1076D000882309F485C0E114F10409F41CC3D7011F
:1076E0001596CC9015971696BC9016971796AC9059
:1076F00017971896FC90069DC001079D900D1124C8
:10770000FC01E151F44FA196FFAFEEAFA197618D5F
:10771000728D838D948D90589B01AC010E94A6F2CE
:10772000A196AEADBFADA19751962D913D914D91D2
:107730005C9154970E9448EC9B01AC016C2D7B2D11
:107740008A2D9F2D0E94A5F2962EA72EB82EC92E07
:10775000262F372F482F592F2C966FAD2C976C96CC
:107760007FAD6C97882D60969FAD60970E94E3EB8C
:1077700087FDDEC2292D3A2D4B2D5C2DC201B101B2
:107780000E94E3EB882361F1069DF001079DF00D57
:107790001124E151F44F8081816080832091A609FA
:1077A0003091A7098091A6099091A70982179307A4
:1077B00009F0C9C2109FC0011124FC01E151F44F2E
:1077C0007F01069DC001079D900D1124E217F3076C
:1077D00009F0BBC2FC01E151F44F80818E7F8083B0
:1077E000C090CE0BB091CD0BA896BFAFA897B12C8F
:1077F0006C961FAE6C97212C312CF12CE12CA896A5
:10780000EFADA897EC1509F4BDC38C2C912CF3E6D1
:10781000CF9EC00111248C010151144F2D961FAF32
:107820000EAF2D97D8018C9182FDA7C38C9180FF5C
:1078300016C0E114F10409F0A6C219966D917D916C
:107840008D919C911C97F80165837683878390873F
:107850000E9413F5B62E6C967FAF6C971C018C2D91
:107860000E941983C82E2D96EEACFFAC2D97C7CF82
:107870002091170A3091180A4091190A50911A0A5A
:10788000FFC881149104A104B10409F43FC06091C0
:10789000AD097091AE098091AF099091B0096C1556
:1078A0007D058E059F0590F50E94E7EB63962CAD54
:1078B0003DAD4EAD5FAD63970E9448EC6B966CAFEB
:1078C0007DAF8EAF9FAF6B97C501B4010E94E7EB10
:1078D0009B01AC016B966CAD7DAD8EAD9FAD6B9792
:1078E0000E9482F34B015C01C701B6010E94E7EBE5
:1078F0009B01AC01C501B4010E94E3EB87FF06C008
:10790000C501B4010E94EFF36B017C012B962CADF5
:107910003DAD4EAD5FAD2B97232B242B252BD9F1FD
:107920006091B1097091B2098091B3099091B40945
:107930006C157D058E059F0570F50E94E7EB63963B
:107940002CAD3DAD4EAD5FAD63970E9448EC4B0151
:107950005C012B966CAD7DAD8EAD9FAD2B970E94DB
:10796000E7EB9B01AC01C501B4010E9482F34B011E
:107970005C01C701B6010E94E7EB9B01AC01C501A8
:10798000B4010E94E3EB87FF06C0C501B4010E9469
:10799000EFF36B017C01AF968CAD9DADAEADBFAD8D
:1079A000AF97892B8A2B8B2BD9F16091B5097091F8
:1079B000B6098091B7099091B8096C157D058E05BF
:1079C0009F0570F50E94E7EB63962CAD3DAD4EAD83
:1079D0005FAD63970E9448EC4B015C01AF966CADC4
:1079E0007DAD8EAD9FADAF970E94E7EB9B01AC01E3
:1079F000C501B4010E9482F34B015C01C701B601CD
:107A00000E94E7EB9B01AC01C501B4010E94E3EBCE
:107A100087FF06C0C501B4010E94EFF36B017C0132
:107A200067960CAD1DAD2EAD3FAD6797012B022BB8
:107A3000032B09F414C96091B9097091BA098091B6
:107A4000BB099091BC096C157D058E059F0508F05A
:107A500006C90E94E7EB63962CAD3DAD4EAD5FAD20
:107A600063970E9448EC4B015C0167966CAD7DAD5D
:107A70008EAD9FAD67970E94E7EB9B01AC01C501FE
:107A8000B4010E9482F34B015C01C701B6010E9460
:107A9000E7EB9B01AC01C501B4010E94E3EB87FF5A
:107AA000DEC8C501B4010C94BDB4A3019201A79630
:107AB0006CAD7DAD8EAD9FADA7970E9448EC698BF4
:107AC0007A8B8B8B9C8BA3019201AB966CAD7DADB9
:107AD0008EAD9FADAB970E9448EC6D8B7E8B8F8BEC
:107AE000988FA3019201E3966CAD7DAD8EAD9FADF5
:107AF000E3970E9448EC698F7A8F8B8F9C8FA3014C
:107B00009201F7C92FEE3FEF4FE75FEBC301B201E0
:107B10000E94E3EB87FF08C05FEE452E55245A9480
:107B20005FE7652E5FEB752EA301920160E070E0C8
:107B300080E89FE30E94A5F220E030E040E05FE3B0
:107B40000E9448EC0E9413F56B017C012091A90969
:107B50003091AA094091AB095091AC0963966CAD84
:107B60007DAD8EAD9FAD63970E9448ECA701960155
:107B70000E9448EC4B015C01A701960160E070E0B7
:107B800080E89FE30E94A5F29B01AC01C501B4010E
:107B90000E9482F31B018C0120E030E040E85FE3AB
:107BA000ED966CAD7DAD8EAD9FADED970E94E3EB94
:107BB00087FFCFCB23EF34E045E35FEBC301B20196
:107BC0000E94E3EB87FFC5CB20E030E0A901C301B1
:107BD000B2010E94E3EBC12CD12C40E8E42E4FEB24
:107BE000F42E87FD06C0C12CD12C30E8E32E3FE3F4
:107BF000F32EA7019601C301B2010E9448EC4B018C
:107C00005C0129E539ED40E053E30E94E3EB87FD99
:107C100063C0A501940160E070E080E89FE30E94EA
:107C2000A5F220E030E040E057E40E9448EC0E94DA
:107C3000EFF3CB010E9493F20197880F991F880FF1
:107C4000991FFC01E851F24D2591359145915491D0
:107C5000FC01E855F24D4590559065907490C50132
:107C6000B4010E9448ECA30192010E94A6F24B01CC
:107C70005C0120E030E0A901C701B6010E94CDF40B
:107C8000181654F4A50194016BED7FE089E490E4AB
:107C90000E94A5F24B015C0163962CAD3DAD4EAD4B
:107CA0005FAD6397ED966CAD7DAD8EAD9FADED97FD
:107CB0000E9448ECA50194010E9482F36B017C01B3
:107CC0009B01AC01B101C8010E94CDF418160CF063
:107CD00040CB160187013DCB90E080E0AECF6496AB
:107CE0002FAC649724963FAC249728960FAD289725
:107CF00068961FAD68972DCB6496CFAC6497249699
:107D0000DFAC24972896EFAC28976896FFAC68976D
:107D10005CCB1FE0A2CC6496CFAC64972496BFAC3A
:107D200024972896AFAC28976896FFAC6897E3CC69
:107D30002C969FAC2C976C96AFAC6C97B82C609639
:107D4000CFAC609721CD9C012DCD8151944F492D11
:107D50005A2D6B2D7C2DDC0115964D935D936D9303
:107D60007C931897112369F011508D2DD090CC0B76
:107D7000D81609F477CC811709F432CD0E94198303
:107D8000F5CF1FE0F2CFD7018C9181608C93809169
:107D9000A6099091A7092091A6093091A709281753
:107DA000390789F5B3E6B89DF001B99DF00D1124AE
:107DB000E151F44FA184D28403851485E816F906B5
:107DC00021F58A2D9D2DD80185839683A783B087C1
:107DD000EE5BFF4F80819181A281B381892B8A2B39
:107DE0008B2B61F4D701AA5BBF4F8D919D910D90B4
:107DF000BC91A02D80839183A283B383D7018C9102
:107E00008E7F8C932CCDC901C6CF4580568067806C
:107E100070842A2D3D2DA801C301B2010E94E3EB1D
:107E2000882309F487C0D70115962D913D914D9176
:107E30005C91189763962CAF3DAF4EAF5FAF6397E1
:107E4000C301B2010E94CDF418160CF063C0F70113
:107E5000618D728D838D948D90589B01AC010E9431
:107E6000A6F2D70151962D913D914D915C91549779
:107E70000E9448EC9B01AC0163966CAD7DAD8EAD6C
:107E80009FAD63970E94A5F260966FAF6097A09632
:107E90007FAFA097E8968FAFE897A4969FAFA4977F
:107EA0009B01AC01C301B2010E94CDF4181694F5F8
:107EB0002A2D3D2DA80160966FAD6097A0967FADED
:107EC000A097E8968FADE897A4969FADA4970E94DF
:107ED000E3EB87FD0CC06096AFAC6097A096DFAC7B
:107EE000A097E8960FADE897A4961FADA497B3E6C8
:107EF000B89DF001B99DF00D1124E151F44F8A2D88
:107F00009D2DD80185839683A783B0878587968723
:107F1000A787B08B03E6089DF001099DF00D1124A1
:107F2000E151F44F85819681A781B0858187928741
:107F3000A387B48713E6189DF001199DF00D112455
:107F4000E151F44F65817681878190850E9413F518
:107F50004B01A82ED92E8B01282F392F4B2D6C9633
:107F60005FAD6C97B101C7010E948C81B82C6C96F3
:107F70009FAE6C972A2C3D2C41CF2D96FFAEEEAED6
:107F80002D976DCCE114F10401F1F701808180FFA0
:107F90001CC064966FAD649724967FAD2497289695
:107FA0008FAD289768969FAD68970E9413F58B0157
:107FB0009C014B2D6C965FAD6C97B101C7010E947F
:107FC0008C81D7018C918E7F8C930E94F82981E05F
:107FD000CB55DF4F0FB6F894DEBF0FBECDBFDF919C
:107FE000CF911F910F91FF90EF90DF90CF90BF90B6
:107FF000AF909F908F907F906F905F904F903F9049
:108000002F90089580E0E4CFE0901F0AF090200ABE
:108010000091210A1091220A0C9465B290911F13CD
:1080200090FF06C09091C00095FFFCCF8093C600E2
:1080300090911F1391FF06C09091C80095FFFCCF4F
:108040008093CE000895CF93DF9300D01F92CDB7D9
:10805000DEB7611104C06091E403662371F01C82F5
:108060001B82898381E08A836B8344E0BE016F5F5A
:108070007F4F80EA90E00E94AF220F900F900F9008
:108080000F90DF91CF91089582E292E1FC0101907F
:108090000020E9F7CF0182569241813C9F4760F46E
:1080A000E2E2F2E18FE390E027AD207C203839F066
:1080B0008E5D9D4EFC01108282E292E1089501974F
:1080C00031978F3F980781F7F7CF1F93CF93DF93B7
:1080D000FC0120812B3309F447C020915902243040
:1080E00008F042C0C42FD62FBC0180915B0212E67B
:1080F000819FC0011124845A9D4F0E94B7F52091A1
:108100005B02822F90E0189FF001199FF00D11245F
:10811000DF01A454BD4FDC93E354FD4FC083880FAF
:10812000991F880F991FFC01EB5AF44F8091650B42
:108130009091660BA091670BB091680B808391833F
:10814000A283B3832F5F243060F420935B0280917D
:1081500059028F5F8093590281E0DF91CF911F9187
:10816000089510925B02F3CF80E0F7CFEF92FF9279
:108170000F931F93CF93DF93CDB7DEB764970FB6FE
:10818000F894DEBF0FBECDBF7C01FB016081718121
:10819000828193818E010F5F1F4F22E041E00E9498
:1081A0000FE7F70101900020E9F79F012150310905
:1081B0002E193F092233310550F443E350E0421BAE
:1081C000530BBC01C701820F931F0E942CEBC70108
:1081D00064960FB6F894DEBF0FBECDBFDF91CF918E
:1081E0001F910F91FF90EF9008958F929F92AF9201
:1081F000BF92EF92FF921F93CF93DF93CDB7DEB77D
:10820000A0970FB6F894DEBF0FBECDBF6115710504
:108210008105910589F120E04AE0842E912CA12C62
:10822000B12C11E0120FEE24E394F12CEC0EFD1EA4
:10823000E20EF11C27FDFA94A50194010E940DF2B3
:10824000F7016083B901CA01212F6115710581050C
:10825000910539F7115008F1E1E0F0E0EC0FFD1F56
:10826000E10FF11D17FDFA95908187E39A3008F42C
:1082700080E3890FD3DEEECF80E3A0960FB6F894AB
:10828000DEBF0FBECDBFDF91CF911F91FF90EF906A
:10829000BF90AF909F908F90C1CEA0960FB6F894EC
:1082A000DEBF0FBECDBFDF91CF911F91FF90EF904A
:1082B000BF90AF909F908F900895CF92DF92EF92F2
:1082C000FF926B017C01F7FE0AC0F094E094D09419
:1082D000C094C11CD11CE11CF11C8DE29FDEC701C2
:1082E000B601FF90EF90DF90CF907FCF41E060E04C
:1082F0000C94DB9180911F1380FF04C09091B80A09
:108300009093B90A81FF04C08091360A8093370A9E
:1083100008958F929F92AF92BF92CF92DF92EF9289
:10832000FF92CF936B017C01B42E20E030E0A901D5
:108330000E94E3EB87FF06C08DE270DEF7FAF0944F
:10834000F7F8F094C0E060E070E080E09FE3CB15C8
:1083500041F02DEC3CEC4CEC5DE30E9448ECCF5F2F
:10836000F6CFA70196010E94A6F26B017C010E9444
:10837000EFF34B015C0139DFCC2361F1C501B4019E
:108380000E94E7EB9B01AC01C701B6010E94A5F278
:108390006B017C018EE242DEC150E0F020E030E073
:1083A00040E251E4C701B6010E9448EC6B017C0138
:1083B0000E94EFF34B015C0118DFC501B4010E947C
:1083C000E7EB9B01AC01C701B6010E94A5F26B016E
:1083D0007C01E2CFCF91FF90EF90DF90CF90BF90E4
:1083E000AF909F908F900895CF93DF93CDB7DEB776
:1083F00060970FB6F894DEBF0FBECDBFE6E2FAE09D
:1084000080819181A281B38189839A83AB83BC836C
:1084100084819581A681B7818D839E83AF83B88740
:1084200080859185A285B38589879A87AB87BC872C
:1084300084859585A685B7858D879E87AF87B88B00
:10844000CE0101960E94C88D49815A816B817C8141
:108450008EE69EE20E942B2A4D815E816F81788597
:108460008AE69EE20E942B2A49855A856B857C8587
:1084700086E69EE20E942B2A4D855E856F8578896F
:1084800082E69EE20E942B2A60960FB6F894DEBF29
:108490000FBECDBFDF91CF9108958F929F92AF9283
:1084A000BF92CF92DF92EF92FF920F931F93CF93E1
:1084B000DF93B4E4A0E06A2F70E0AB014B0F511DD5
:1084C00055954795411119C0E5E0F9E26591749120
:1084D000072E000C880B990B0E94E9EBDF91CF91DE
:1084E0001F910F91FF90EF90DF90CF90BF90AF90D2
:1084F0009F908F900895B42FE0CF4A1711F0B413D6
:1085000003C0E1E1FAE2E2CF9A0121503109220FE2
:10851000331F220F331FF901ED5FF64DE590F49004
:10852000F901E95FF64DC591D4918E159F0518F3B9
:10853000A42FC817D90708F4BECFF901EB5FF64D99
:1085400005911491F901E75FF64DC590D4908E190D
:108550009F09BC0190E080E00E94E7EB4B015C01C9
:10856000B601601B710B072E000C880B990B0E9443
:10857000E9EB9B01AC01C501B4010E9448EC4B0141
:108580005C01CE19DF09BE0190E080E00E94E7EBBC
:108590009B01AC01C501B4010E9482F36B017C0117
:1085A000B801110F880B990B0E94E9EB9B01AC01FC
:1085B000C701B6010E94A6F291CFCF92DF92EF924F
:1085C000FF920F931F93CF93DF93CDB7DEB76097E2
:1085D0000FB6F894DEBF0FBECDBFFC016A017B0170
:1085E000890190E1DE01119601900D929A95E1F7D3
:1085F000CE0101960E9485808091D1099091D20987
:10860000892BB1F49801B701A601CE0101960E9411
:1086100073AE60960FB6F894DEBF0FBECDBFDF918C
:10862000CF911F910F91FF90EF90DF90CF90089521
:1086300080E0EFCFCF93DF939091CE0B8091CD0B65
:10864000891738F0891B8F3031F480E00E9464363E
:10865000F3CF805FF7CF8091CD0B0E941983A0915B
:10866000CD0B93E6A99FD0011124FD01E151F44FF8
:10867000EF0119929A95E9F7908194609083A45F35
:10868000B34F90E1EFEDFBE001900D929A95E1F789
:108690002091CD0B9091CE0B291303C094E69093BB
:1086A000CB0B8093CD0BDF91CF910C94F829CF9316
:1086B000DF93CDB7DEB760970FB6F894DEBF0FBE7D
:1086C000CDBF80E1E6E2FAE0DE01119601900D9265
:1086D0008A95E1F7CE0101960E948580CE01019630
:1086E0000E94997E60960FB6F894DEBF0FBECDBF94
:1086F000DF91CF910895DF92EF92FF920F931F9336
:10870000CF93DF931F92CDB7DEB78C01D42E7C01BF
:10871000E60EF71E8091A4099091A5090E94E8F148
:108720008983DD2011F0F8018083CE0101960E943B
:10873000E4AB8091A4099091A50901969093A509B5
:108740008093A4090F5F1F4F0E151F0519F780E0D6
:108750000F90DF91CF911F910F91FF90EF90DF90DD
:108760000895CF92DF92EF92FF92CF936B017C013D
:10877000AC019B016091A0097091A1098091A209AF
:108780009091A3090E94E3EB882309F457C0C0919C
:108790009F0980E00E94E22620E030E0A901C701A5
:1087A000B6010E94CDF418161CF0C12CD12C760114
:1087B000C092A009D092A109E092A209F092A30967
:1087C0002DEB37E346E855EBC701B6010E94CDF427
:1087D00087FD0AC02DEB37E346E855E3C701B60134
:1087E0000E94E3EB181634F5A701960160E070E0F3
:1087F00080E89FE30E9482F360939B0970939C0939
:1088000080939D0990939E0980EF9FEFA9E7B4ECB8
:108810008093970990939809A0939909B0939A0926
:10882000CC2361F081E0CF91FF90EF90DF90CF906B
:108830000C94E22660E070E0CB01DECFCF91FF9098
:10884000EF90DF90CF9008950E94643581111BC096
:108850000E948135882369F080913A0B811106C00E
:1088600089E899E040E061E00C94DB918AE39BE0C9
:10887000F9CF80919609813049F080E69DE241E090
:108880006FEF0C94109281E89DE2F9CF85E79DE2AD
:10889000F6CFCF93E0915A024E2F50E092E6E99F37
:1088A000F0011124E354FD4F20812830D8F4C09109
:1088B0001F1381E001C0880F2A95EAF780931F13E8
:1088C000949FF001959FF00D1124E454FD4F808199
:1088D000811106C08DE59DE20E94152A0E94412A61
:1088E000C0931F13CF91089581508A3090F5E82FDF
:1088F000880FFF0B8827E058FB438F4F0C948BF2B7
:108900008AC491C494C497C48EC49AC4A6C49DC496
:10891000A0C4A3C489E29DE20C94A9928BE19DE2DC
:10892000FBCF87E09DE2F8CF84EF9CE2F5CF87EEA6
:108930009CE2F2CF8AED9CE2EFCF8CEC9CE2ECCF94
:108940008CEB9CE2E9CF8FEA9CE2E6CF8FE99CE2D8
:10895000E3CF0895CF93DF939091830991110DC0D8
:10896000EA0140E00E94032C209719F0CE010E94FA
:10897000DF2BDF91CF910C94FB2BDF91CF910895EA
:108980004F925F926F927F928F929F92AF92BF921F
:10899000CF92DF92EF92FF92CF93DF9300D000D07F
:1089A0001F921F92CDB7DEB7DC011496CD90DD90FB
:1089B000ED90FC9017978D909D90AD90BC90E091BC
:1089C000C90BF091CA0BFE83ED8384819581A6814A
:1089D000B78189839A83AB83BC839C01AD01C701B6
:1089E000B6010E94A5F22B013C01AD81BE818D91A3
:1089F0009D910D90BC91A02D8D839E83AF83B887F0
:108A000027E137EB41ED58EBC301B2010E94CDF4F1
:108A100087FDD1C023E030E046E953E4C301B20151
:108A20000E94E3EB18160CF4C6C02D813E814F81E5
:108A30005885C501B4010E94A5F22B013C0127E134
:108A400037EB41ED58EB0E94CDF487FDB4C023E035
:108A500030E046E953E4C301B2010E94E3EB18168B
:108A60000CF4A9C020E030E0A9016D817E818F81E6
:108A700098850E94A6F22B013C0120E030E040E204
:108A800051E40E94E3EB87FF06C0412C512C30E2F9
:108A9000632E31E4732E27E137EB41ED58E3C30138
:108AA000B2010E94A5F29B01AC01C501B4010E9474
:108AB000CDF487FD80C020E030E046E953E46D81CD
:108AC0007E818F8198850E94A6F22B013C0120E0D7
:108AD00030E041E953E40E94CDF4181634F4412CFF
:108AE000512C21E9622E23E4722E27E137EB41ED70
:108AF00058E3C301B2010E94A6F29B01AC01C5017B
:108B0000B4010E94E3EB18160CF455C020E030E0ED
:108B1000A90169817A818B819C810E94A6F24B0117
:108B20005C0120E030E040E251E40E94E3EB87FF8B
:108B300006C0812C912C90E2A92E91E4B92E27E158
:108B400037EB41ED58E3C501B4010E94A5F29B014A
:108B5000AC01C701B6010E94CDF487FD2CC020E016
:108B600030E046E953E469817A818B819C810E94DF
:108B7000A6F24B015C0120E030E041E953E40E94A1
:108B8000CDF4181634F4812C912C81E9A82E83E4BD
:108B9000B82E27E137EB41ED58E3C501B4010E943F
:108BA000A6F29B01AC01B1E0B983C701B6010E94F6
:108BB000E3EB18160CF41982898128960FB6F89405
:108BC000DEBF0FBECDBFDF91CF91FF90EF90DF9062
:108BD000CF90BF90AF909F908F907F906F905F905D
:108BE0004F9008952F923F924F925F926F927F9293
:108BF0008F929F92AF92BF92CF92DF92EF92FF92AD
:108C00000F931F93CF93DF93CDB7DEB768970FB65F
:108C1000F894DEBF0FBECDBF6D877E878F87988BA0
:108C2000298B3A8B4B8B5C8B302E2E2C40902E0A4E
:108C300050902F0A6090300A7090310A20E030E0A6
:108C400040EA50E4C301B2010E94CDF4181634F09A
:108C5000412C512C40EA642E40E4742E8D859E8573
:108C6000AF85B88989839A83AB83BC8389899A89C4
:108C7000AB89BC898D839E83AF83B88749865A862A
:108C80006B867C86CE0101967BDE882309F45FC16A
:108C90000091C90B1091CA0BD8012D913D914D91B6
:108CA0005C916D857E858F8598890E94A5F26D8B7C
:108CB0007E8B8F8B988F69837A838B839C83F8015B
:108CC000248135814681578169897A898B899C897C
:108CD0000E94A5F29B01AC012D833E834F835887F0
:108CE000A0904F02B0905002C0905102D09052021A
:108CF000830172016D897E898F89988D0E94CE8A49
:108D000080917009811104C060E081E00E943E8E74
:108D1000C090C50BD090C60BE090C70BF090C80B6D
:108D200046015701B7FAB094B7F8B09400916F09B3
:108D300010E0159507951595079520E030E0A901FD
:108D4000C701B6010E94E3EB87FFCAC0B82DA92D69
:108D5000FA2DEB2D20E030E040E751E46B2F7A2F25
:108D60008F2F9E2F0E94A6F22B013C0120912E0AEC
:108D700030912F0A4091300A5091310A0E94E3EB62
:108D800087FF12C020E030E040E850E4C301B201A8
:108D90000E948A8C811108C020E041E060E070E010
:108DA00080EA90E40E948F8B20E030E040E050E4C5
:108DB000C501B4010E94A5F22B013C01009510955C
:108DC000017011278AE0809FB001819F700D1124EE
:108DD000072E000C880B990B0E94E9EB9B01AC015C
:108DE000C301B2010E94A5F220E030E040E050E46F
:108DF0000E948A8C182F40902E0A50902F0A609063
:108E0000300A7090310AA701960160E070E080E4BA
:108E100090E40E94A5F2A30192010E94E3EB87FF78
:108E20009DC0412C512C20EC622E2FE7722E2091F8
:108E3000C50B3091C60B4091C70B5091C80BC301B5
:108E4000B2010E94A6F26B017C01AC019B010E9461
:108E500055F5811155C0F1E03F1678F082E0831599
:108E600008F043C093E0391208C020E041E060E020
:108E700070E080EA90E40E948F8BA2E0A21508F0D7
:108E80004BC0209171093091720940917309509142
:108E900074096D857E858F8598890E94A6F2AB0145
:108EA000BC0184E69CE20E942B2A20917509309136
:108EB0007609409177095091780969897A898B8977
:108EC0009C890E94A6F2AB01BC018FE59CE20E9446
:108ED0002B2AB701A6018AE59CE20E94922B1CC0B6
:108EE000B0E0A0E0F0E0E0E035CF80E00E944B266B
:108EF000882319F2C12CD12C90ECE92E9FE7F92E92
:108F000080E00E944B268CE79CE2F0D90E943B2A2D
:108F10008CE69CE20E94152AC701B60168960FB63E
:108F2000F894DEBF0FBECDBFDF91CF911F910F919F
:108F3000FF90EF90DF90CF90BF90AF909F908F9079
:108F40007F906F905F904F903F902F900895C12C2D
:108F5000D12C80ECE82E8FE7F82EDECF112309F418
:108F600066CF5FCF6F927F928F929F92AF92BF92A8
:108F7000CF92DF92EF92FF920F931F93CF93DF93E5
:108F8000CDB7DEB76C970FB6F894DEBF0FBECDBF7E
:108F9000782E4A015B016801790120E030E0A901E7
:108FA000C701B8010E94E3EB811111C0772019F0CD
:108FB00081E0781291C060E070E88BE395E420E0F6
:108FC00030E040E752E40E9482F36B017C01072D00
:108FD00010E0F801E95AF34DE491772473941E16DA
:108FE0000CF4712C6624639420E030E0A901C501E3
:108FF000B4010E94CDF418160CF0612C80E00E94A0
:10900000557F69837A838B839C8381E00E94557F9F
:109010006D837E838F83988782E00E94557F698766
:109020007A878B879C8783E00E94557F6D877E8738
:109030008F87988B000F111F000F111FE1E0F0E0E8
:10904000EC0FFD1F0E0F1F1FF801108211821282FC
:109050001382CE0101960E94997EF801808291824E
:10906000A282B382198A1A8A1B8A1C8A1D8A1E8AC6
:109070001F8A188E198E1A8E1B8E1C8E8091D10914
:109080009091D209892B49F49E012F5E3F4FB70181
:10909000A601CE0101960E9473AE0E94887E7614CE
:1090A00031F080916E098823E1F010926E096C9680
:1090B0000FB6F894DEBF0FBECDBFDF91CF911F91E9
:1090C0000F91FF90EF90DF90CF90BF90AF909F9067
:1090D0008F907F906F90089560E070E080E793E458
:1090E0006ECF40E070E060E089E49CE20E94813451
:1090F0007F928F929F92AF92BF92CF92DF92EF9228
:10910000FF920F931F93CF93DF93762E872E982E87
:10911000A92EC42F80913502882309F47FC0809145
:10912000360281117BC0413009F456C0423009F447
:1091300064C0F09037020091380210913902D0914A
:109140003A02B0904302C0904402D0904502E090B1
:1091500046022F2D302F412F5D2F672D782D892D21
:109160009A2D0E94E3EB87FD12C02B2D3C2D4D2D37
:109170005E2D672D782D892D9A2D0E94CDF4FB2C24
:109180008601DE2D18161CF0F72C8401DA2D84E000
:10919000C89FA0011124FA01EA5DF54F8F2D902F91
:1091A000A12FBD2F80839183A283B3834D545B4F46
:1091B000FA016081718182819381DF91CF911F914A
:1091C0000F91FF90EF90DF90CF90BF90AF909F9066
:1091D0008F907F900C94A68AF0903B0200913C0205
:1091E00010913D02D0913E02B0904702C0904802DB
:1091F000D0904902E0904A02ACCFF0903F0200913B
:10920000400210914102D0914202B0904B02C090B6
:109210004C02D0904D02E0904E029BCFB12C80E5E5
:10922000C82E93ECD92E27E4E22EF12C00E513ECA6
:10923000D7EC8FCFCF92DF92EF92FF922091C909A6
:109240003091CA094091CB095091CC090E9482F318
:109250006B017C0120E030E0A9010E94CDF41816DA
:1092600064F4C701B6010E946CF30E94EAF3CB01DB
:10927000FF90EF90DF90CF900895C701B6010E9454
:109280001BF4F3CFCF92DF92EF920F93CF936C0149
:10929000C62F88E49CE20E94BB93EE24E39401E095
:1092A00021E040E2B60180E291E10E94CB2121E081
:1092B00040E268E47CE280E491E10E94CB2121E07D
:1092C00040E268E47CE280E691E10E94CB21C93F64
:1092D00011F0C093340210926D0989EF80936C09EC
:1092E000CF910F91EF90DF90CF900895282F30E02D
:1092F000F901EE5FF34D9491F901E454F44D44917A
:109300002A58344DF9012491222309F435C09923B8
:1093100011F191509231F8F4E92FF0E08827EC56E2
:10932000F6438F4F0C948BF2C5C9C9C9A6C9BDC9F4
:10933000C1C9ABC9CCC9D2C9D6C9DCC9E0C9E4C965
:10934000EAC9EEC9ABC9F2C9F8C9FCC9809180006D
:109350008F7780938000E22FF0E0EE0FFF1FE45A3A
:10936000F44DA591B4918FB7F894EC91611148C078
:1093700040954E234C938FBF0895809180008F7D40
:10938000E8CF80918000877FE4CF84B58F7784BD5C
:10939000E2CF84B58F7DFBCF8091B0008F77809333
:1093A000B000D9CF8091B0008F7DF9CF809190002F
:1093B0008F7780939000CFCF809190008F7DF9CFF1
:1093C00080919000877FF5CF8091A0008F77809368
:1093D000A000C1CF8091A0008F7DF9CF8091A00027
:1093E000877FF5CF809120018F7780932001B3CFC5
:1093F000809120018F7DF9CF80912001877FF5CF6B
:109400004E2BB8CF8F929F92AF92BF92CF92DF92A6
:10941000EF92FF926B017C010E94FDAB4B015C015E
:10942000C114D104E104F104B9F00E94FDAB681944
:1094300079098A099B09683E73408105910580F38B
:1094400021E0C21AD108E108F10888EE880E83E015
:10945000981EA11CB11CE4CFFF90EF90DF90CF903D
:10946000BF90AF909F908F9008959F92AF92BF92C0
:10947000CF92DF92EF92FF920F931F93CF93DF93E0
:109480001F92CDB7DEB78C016C01C60ED71EF12C32
:10949000E12CC016D10609F44DC0A090A409B090EB
:1094A000A509F80191908F019982C5010E94E8F108
:1094B000981691F1692DC5010E94F0F1FFEFEF1AA6
:1094C000FF0AC7018F779927892BF9F062E070E0D6
:1094D00080E090E097DFC5010E94E8F1998189174B
:1094E000D9F00E943E2A8EE89DE20E94152A81E072
:1094F0000F90DF91CF911F910F91FF90EF90DF9030
:10950000CF90BF90AF909F90089562E070E080E0B0
:1095100090E00E940035DFCFCE0101960E94E4ABBF
:109520008091A4099091A50901969093A509809333
:10953000A409AFCF80E0DCCF2FB7F8946091A114DD
:109540007091A2148091A3149091A4142FBF089538
:10955000EF920F93EE24E39401E020E040E2BC019F
:1095600080E090E30E941D22E7DF605D7A488F4F24
:109570009F4F6093690B70936A0B80936B0B909372
:109580006C0B0F91EF900895CF93DF93CDB7DEB7BB
:109590008091250A811112C09E01275F3F4F4F81A4
:1095A00058856FE370E082E292E10E94ABEB82E2C9
:1095B00092E10E94023182E292E1CADFDF91CF9113
:1095C0000895CF93DF93EC0184E00E9435898111E7
:1095D0002FC08091A9149091AA148C0F9D1F909375
:1095E000AA148093A9148091810990918209C80FCF
:1095F000D91FD0938209C09381099EDF60937D09B2
:1096000070937E0980937F09909380090E94FE29C0
:10961000882371F08091530290915402019641F495
:109620001092540210925302DF91CF910C94F829BA
:10963000DF91CF910895CF92DF92EF92FF92CF9377
:10964000DF93EC01BC01990F880B990B0E94E9EBA9
:109650002091C9093091CA094091CB095091CC0998
:109660000E9448EC6B017C01CE01ABDFCDEBDBE06F
:10967000A7019601688579858A859B850E94A6F257
:10968000688779878A879B87DF91CF91FF90EF90DA
:10969000DF90CF900895CF92DF92EF92FF924CDF50
:1096A0006B017C0128E5C20E22E0D21EE11CF11CF8
:1096B0000E94104F8F3FA1F03FDFA7019601261BAC
:1096C000370B480B590BDA01C901181619061A068F
:1096D0001B0674F380E0FF90EF90DF90CF90089529
:1096E00081E0F9CF1F920F920FB60F9211242F93A2
:1096F0003F938F939F93AF93BF938091A1149091C9
:10970000A214A091A314B091A4143091A01423E04A
:10971000230F2D3758F50196A11DB11D2093A014DC
:109720008093A1149093A214A093A314B093A414B3
:109730008091A5149091A614A091A714B091A8149B
:109740000196A11DB11D8093A5149093A614A0931A
:10975000A714B093A814BF91AF919F918F913F919F
:109760002F910F900FBE0F901F90189526E8230F92
:109770000296A11DB11DD2CF8BE1EFE3F3E1AAE583
:10978000B3E101900D928A95E1F780917A0B8064A4
:1097900080937A0B10926F0B8FEF9FEF90932702BD
:1097A00080932602089580916F0B8823F1F02FEFAC
:1097B0003FEF3093270220932602815080936F0B56
:1097C000EFE3F3E1882351F08150990B2BE1289FBF
:1097D000F001299FF00D1124EB58FC4E8BE1AAE516
:1097E000B3E101900D928A95E1F780916F0B8111A1
:1097F00005C090917A0B906490937A0B08958091B4
:109800007A0B84FF04C08460877F80937A0B08956D
:10981000CF92DF92EF92FF920F931F93CF93DF933C
:10982000CDB7DEB7EDB6FEB6DC010D900020E9F74E
:109830009D01281B390B285F3F4FEDB7FEB7E21B98
:10984000F30B0FB6F894FEBF0FBEEDBF0DB71EB7FA
:109850000F5F1F4F9F938F9388EF97E29F938F9394
:109860001F930F930E947CEB6801F4E0CF0ED11C94
:109870000F900F900F900F900F900F90D6018D9139
:109880006D01882349F0082E000C990B0E9474F595
:10989000F60131978083F2CF63EF77E2C8010E942F
:1098A000C0EA40E450E0B8018BE299E00E942CEB62
:1098B0000FB6F894FEBE0FBEEDBEDF91CF911F91A3
:1098C0000F91FF90EF90DF90CF9008954F925F92AD
:1098D0006F927F928F929F92AF92BF92CF92DF92C0
:1098E000EF92FF920F931F93CF93DF93EC014230DF
:1098F00051056105710590F480E0DF91CF911F91D2
:109900000F91FF90EF90DF90CF90BF90AF909F901E
:109910008F907F906F905F904F90089589859A8582
:10992000AB85BC850196A11DB11D84179507A607BF
:10993000B70710F38F898031C9F5852E962EA72E93
:10994000BB248B899C89AD89BE89880E991EAA1E6D
:10995000BB1E280139016A017B0141E0C501B40148
:109960000E949CAC882341F29F89903181F5DD24CF
:10997000EE24FF24F601EE0FFF1FEF5FFA4E118376
:1099800000839A89923008F4B8CF4D815E816F814F
:109990007885840E951EA61EB71E8092051790929C
:1099A0000617A0920717B0920817A7CF803209F0C8
:1099B000A3CF8B899C89AD89BE894A015B01E7E011
:1099C000B694A79497948794EA95D1F7BECFE8947C
:1099D000C7F8DD24EE24FF24F601EE0FFF1FEE0F83
:1099E000FF1FEF5FFA4E4082518262827382C9CFBD
:1099F000CF92DF92EF92FF920F931F93CF93DF935B
:109A0000FC0181859285A385B4850196A11DB11DB8
:109A100084179507A607B70750F480E0DF91CF9130
:109A20001F910F91FF90EF90DF90CF90089587895D
:109A30008031A9F5BB27A72F962F852FC388D488FF
:109A4000E588F6888C0D9D1DAE1DBF1DE9016A01DC
:109A50007B018F014091011750910217609103170C
:109A60007091041784179507A607B70749F5F80101
:109A70008789803169F5B701A601552766277727C1
:109A8000440F551F4F5F5A4EFA0180819181B0E01B
:109A9000A0E088839983AA83BB8381E0BFCF803213
:109AA00009F0BBCFC388D488E588F688DB01CA01FA
:109AB000C7E0B695A79597958795CA95D1F7C2CF78
:109AC00040E0BC01CD010E949CAC8111D0CFA5CF5C
:109AD000B701A6014F77552766277727440F551FF3
:109AE000440F551F4F5F5A4EFA0180819181A28128
:109AF000B381BF70CECF4F925F926F927F92AF9241
:109B0000BF92CF92DF92EF92FF920F931F93CF936A
:109B1000DF9300D01F92CDB7DEB78C0149835A8303
:109B20006B837C835901C12CD12C7601412C82E0BE
:109B3000582E612C712C49815A816B817C819E0148
:109B40002F5F3F4FC80154DF882319F1F801858545
:109B5000A301920104C0220F331F441F551F8A9591
:109B6000D2F7DA01C901C80ED91EEA1EFB1E4981CF
:109B70005A816B817C8187898031F1F481E0483F93
:109B80005F4F61057105B8F2F501C082D182E282B2
:109B9000F3820F900F900F900F90DF91CF911F9154
:109BA0000F91FF90EF90DF90CF90BF90AF907F909C
:109BB0006F905F904F90089581E0483F5F4F6F4FE7
:109BC0007F4008F4B8CFE0CF0F931F93CF93DF937C
:109BD000FC012381222331F080E0DF91CF911F919E
:109BE0000F9108958B01EC01FB018789803139F5D4
:109BF00082E08B831D8A1E8A1F8A188E808D918D2C
:109C0000B0E0A0E025E0880F991FAA1FBB1F2A958E
:109C1000D1F7898B9A8BAB8BBC8B1A8F098F81E024
:109C20008983188619861A861B861C821D821E82CD
:109C30001F82188A1C861D861E861F86CECF803204
:109C400059F683E08B83428D538D648D758D4D8BDA
:109C50005E8B6F8B788F9E012F5E3F4FC8014BDF6D
:109C60008111DBCFB9CF8F929F92AF92BF92CF92EB
:109C7000DF92EF92FF920F931F93CF93DF93EC014C
:109C80008B8181110EC080E0DF91CF911F910F91E8
:109C9000FF90EF90DF90CF90BF90AF909F908F900C
:109CA000089509891A892B893C8904171507260705
:109CB000370748F34A015B01823031F48886998680
:109CC000AA86BB8681E0E0CF81149104A104B1048F
:109CD00049F4188619861A861B861C821D821E82EC
:109CE0001F82F0CF088519852A853B85E98DFA8D7D
:109CF000858590E00996B901A80141505109610993
:109D00007109082E04C076956795579547950A9472
:109D1000D2F775016401E1E0CE1AD108E108F1083B
:109D200004C0F694E794D794C7948A95D2F7C416E2
:109D3000D506E606F70620F0012B022B032B09F5CA
:109D40008D899E89AF89B88D8C839D83AE83BF83B7
:109D50008E010C5F1F4FC114D104E104F10409F41A
:109D6000ADCF4C815D816E817F819801898D9A8D07
:109D70003FDE91E0C91AD108E108F1088111EBCF6B
:109D800082CFC41AD50AE60AF70AE2CF8F929F92D1
:109D9000AF92BF92CF92DF92EF92FF920F931F93F9
:109DA000CF93DF9300D01F92CDB7DEB7FC01838144
:109DB000813091F080E00F900F900F900F90DF9125
:109DC000CF911F910F91FF90EF90DF90CF90BF90B8
:109DD000AF909F908F900895818181FFEBCF818913
:109DE0009289A389B489892B8A2B8B2B09F45CC0B7
:109DF0007F0140E050E0BA01CF0135DF8823D1F286
:109E0000F701C18CD28C85889688A788B08C82E0B7
:109E100090E0A0E0B0E0F60180839183A283B38359
:109E20009E012F5F3F4FB501A401C601E1DD8823EC
:109E300009F4C0CF00E010E09801B501A401C6010B
:109E400045DD882309F4B6CF89809A80AB80BC8039
:109E5000F60187898031F9F4F8EF8F16FFEF9F063E
:109E6000A104B104E8F2F701158A168A178A108E48
:109E7000118A128A138A148A818180688183C701BA
:109E80000E9440AE882309F495CF40E050E0BA012B
:109E9000C701E9DE90CF88EF88168FEF9806A806F5
:109EA0008FE0B80600F7BCCF81E085CF2F923F92BC
:109EB0004F925F926F927F928F929F92AF92BF92DA
:109EC000CF92DF92EF92FF920F931F93CF93DF9386
:109ED00000D01F92CDB7DEB78C014B011A01DC0117
:109EE00013968C911397813009F0CEC011968C9106
:109EF00081FFCAC082FDB5C06101D80118964D919D
:109F00005D916D917C911B97C114D10409F419C125
:109F100059968D919C915A97FC0174802FEF270DD3
:109F20002A013B0139E076946794579447943A9517
:109F3000D1F7722E74207A01F1E0FF22711020C057
:109F4000E114F104E9F414964D915D916D917C91C9
:109F50001797411551056105710509F09BC055968C
:109F60008D919D910D90BC91A02D0097A105B105FB
:109F700009F0A8C0C8010E944079882309F484C070
:109F8000A12C82E0B82EAE18BF08CA14DB0408F476
:109F90005601D80159964D915C915A9714968D911E
:109FA0009D910D90BC91A02D0297A109B109FA01D4
:109FB000258504C0880F991FAA1FBB1F2A95D2F7B9
:109FC0004685578560897189840F951FA61FB71F25
:109FD0009C01AD01270D311D411D511D29013A0183
:109FE000A11432E0B30609F07BC080910117909173
:109FF0000217A0910317B0910417481659066A0674
:10A000007B0669F4109209178FEF9FEFDC018093B4
:10A01000011790930217A0930317B0930417809130
:10A020000A1790910B17DC01ED91FC910288F389DE
:10A03000E02D9401B301A2011995882329F1F801BB
:10A0400080859185A285B3858A0D9B1DA11DB11DBB
:10A0500080879187A287B3878A0C9B1CCA18DB086C
:10A060004CCFF80141895289638974898085918533
:10A07000A285B385481759076A077B0709F43CCFC7
:10A08000C801F1DD811138CF81E0D8018C938FEFC9
:10A090009FEF6DC09E012F5F3F4FAADC8823A1F385
:10A0A00089819A81AB81BC81F801218D328DF901C2
:10A0B0002789203169F4883FFFEF9F07A105B1058B
:10A0C00008F058CFF80184839583A683B78358CFCF
:10A0D000883F2FEF9207A2072FE0B20798F34ACFED
:10A0E000E114F10431F5F8014085518562857385ED
:10A0F00081899289A389B489481759076A077B0720
:10A10000C0F00E9453AC882309F4BECF81E0809355
:10A11000091740920117509202176092031770922C
:10A120000417A501B401C7018F5F9A4E0E9489F5FB
:10A1300086CF41E0C301B2010E949CAC8111F1CFF6
:10A14000A3CFF80181899289A389B48984179507DF
:10A15000A607B70738F48181418B528B638B748BD0
:10A1600080688183F801818183FD18C0C1010F904F
:10A170000F900F900F90DF91CF911F910F91FF9053
:10A18000EF90DF90CF90BF90AF909F908F907F9097
:10A190006F905F904F903F902F900895C8010E945C
:10A1A00040AE8111E3CF70CF2F923F924F925F92DA
:10A1B0006F927F928F929F92AF92BF92CF92DF92D7
:10A1C000EF92FF920F931F93CF93DF93EC014B011C
:10A1D0007A018B81811115C08FEF9FEFDF91CF91B5
:10A1E0001F910F91FF90EF90DF90CF90BF90AF90B5
:10A1F0009F908F907F906F905F904F903F902F90A7
:10A200000895898180FFE8CF89899A89AB89BC89C3
:10A21000488559856A857B85841B950BA60BB70BF2
:10A22000A70170E060E084179507A607B70708F458
:10A230007C0167011E0124E0220E311CC114D104EF
:10A2400009F4A8C0488559856A857B855A0181E053
:10A25000B822898D9A8D2A013B0129E07694679472
:10A26000579447942A95D1F72B81FC01223081F530
:10A27000628D738D848D958D640D751D861D971D62
:10A2800000E012E00A191B09C016D10608F4860185
:10A290000115E2E01E0771F440900117509002177B
:10A2A000609003177090041764157505860597056F
:10A2B00009F04DC040E00E949CAC882309F48CCF8B
:10A2C000B5016F5F7A4EA801C4010E9489F551C0A3
:10A2D000148111501421A114B10471F411110CC096
:10A2E000452B462B472B51F58D899E89AF89B88D1B
:10A2F0008C839D83AE83BF83E98DFA8D4C805D8016
:10A300006E807F8022E0421A5108610871088585BD
:10A3100004C0440C551C661C771C8A95D2F78685B0
:10A320009785A089B189480E591E6A1E7B1EC301FC
:10A33000B201610F711D811D911DA2CF4C815D8104
:10A340006E817F81910154DB8111D6CF45CFA091E1
:10A350000A17B0910B17ED91FC9111970088F189C4
:10A36000E02D9401AB01BC01CD011995882309F4BE
:10A3700033CF800E911E88859985AA85BB85800F75
:10A38000911FA11DB11D88879987AA87BB87C01A15
:10A39000D10A54CFC70122CFBF92CF92DF92EF9262
:10A3A000FF920F931F93CF93DF93EB01FC01238167
:10A3B000223008F49CC040855185628573854F71B9
:10A3C000552766277727452B462B472B09F08FC04B
:10A3D0008C0110923B0B10923A0BC12CDD24DA94C5
:10A3E0007E01FBE0EF0EF11C8DE0B82E40E250E064
:10A3F000BE01C801D9DE8032910581F021E0892BB0
:10A4000009F420E0822F8195DF91CF911F910F9168
:10A41000FF90EF90DF90CF90BF9008952881222386
:10A4200009F467C0253E11F02E3229F410923B0B3F
:10A4300010923A0BDBCF3B853F733F3009F042C0AF
:10A440004A8D5B8D452B61F52F713FEF320F323016
:10A4500038F58D85213041F1C81229C02150330BC8
:10A46000B29EC001B39E900D1124DC01A65CB44FD6
:10A47000FE0120E02B30F0F0468157814F3F51051F
:10A4800019F010F04FE550E04D932F5F32962D30CC
:10A4900089F7288126FF04C0FC01E95BF44F108294
:10A4A0002B8523FDA3CFB0CFC82ED12CD7CFDD2451
:10A4B000D394D4CF253018F044815581DFCF41812A
:10A4C0005281DCCFD1100EC0FE0120E020FB279589
:10A4D00027F93191230FEE16FF06C1F7C21601F3DB
:10A4E000DD24D39410923B0B10923A0BD9CF8FEF0F
:10A4F0008BCF80E089CF0F931F93CF93DF93CDB79E
:10A50000DEB7EB970FB6F894DEBF0FBECDBF8091DC
:10A510007A0B84FF3BC0809126029091270297FF1F
:10A5200026C08BE1EAE5F3E1DE01919601900D9200
:10A530008A95E1F7CE0181960E943B7A10E000E017
:10A54000BE016F5F7F4FCE01819626DF18163CF467
:10A55000CE0101960E9422AC080F111DF1CF10937D
:10A56000270200932602CE0181960E9485268091C3
:10A57000260290912702EB960FB6F894DEBF0FBE2D
:10A58000CDBFDF91CF911F910F91089590E080E0B2
:10A59000F2CFEF92FF920F931F93CF93DF93CDB73C
:10A5A000DEB7EB970FB6F894DEBF0FBECDBF8C01C0
:10A5B000A2DF98012F5F3F4F82179307B0F19BDF17
:10A5C00001977C01E01AF10A8AE593E10E943B7A47
:10A5D0008BE1EAE5F3E1DE01919601900D928A9517
:10A5E000E1F710E000E0BE016F5F7F4FCE01819682
:10A5F000D3DE181684F4CE0101960E9422AC882383
:10A6000091F3E016F106F9F4BE016F5F7F4F89E820
:10A6100099E00E943DACCE0181960E948526A895C6
:10A6200081E090918909911101C080E0EB960FB60D
:10A63000F894DEBF0FBECDBFDF91CF911F910F9178
:10A64000FF90EF9008950F5F1F4FCDCF0F931F9393
:10A65000CF93DF93CDB7DEB7EB970FB6F894DEBF9D
:10A660000FBECDBF8C018AE593E10E943B7A8BE15E
:10A67000EAE5F3E1DE01919601900D928A95E1F70A
:10A68000BE016F5F7F4FCE01819686DE1816A4F45F
:10A69000CE0101960E9422AC882391F3BE016F5F28
:10A6A0007F4F89E899E00E943DAC69E879E0C801F4
:10A6B0000E9499F5892B21F7CE0181960E9485266B
:10A6C000EB960FB6F894DEBF0FBECDBFDF91CF91F2
:10A6D0001F910F910895CF93DF93EB01FC0123812C
:10A6E000211104C080E0DF91CF91089522502230E3
:10A6F00028F48FE28883198281E0F5CF60E00E9420
:10A7000027AE009779F3DC0160E080E09EE22D91B6
:10A71000203299F0883031F49E01260F311DF90165
:10A7200090836F5F9E01260F311DAD01415051098D
:10A73000FA014081F90140836F5F8F5F8B3039F7F9
:10A74000FE01E60FF11D1082D7CFCF93DF93EC010E
:10A75000CB01E881F98160817181BDDF2881398178
:10A76000D901ED91FC91AA81BB818C9190819923B3
:10A7700059F08936C8F4CF010196F901918380839D
:10A780008C918F5F8C93EACF893670F48FE280834F
:10A79000E881F98180819181019691838083EA81AA
:10A7A000FB8180818F5F8083DF91CF9108950F932C
:10A7B0001F93CF93DF9300D000D01F92CDB7DEB7A9
:10A7C0009C012F5F3F4F3F832E832FE2FC012083AC
:10A7D00081E08D83CE0106969A83898301979C83BD
:10A7E0008B8310E00BE180916F0B181750F4109FD2
:10A7F000B00111246B587C4ECE010196A6DF1F5F7D
:10A80000F2CF8D818B3550F463E874E1CE0101966F
:10A810009CDF8E819F8101979F838E83EE81FF81D4
:10A82000108227960FB6F894DEBF0FBECDBFDF9122
:10A83000CF911F910F910895CF93DF93EC010E9468
:10A8400040AE1B82DF91CF91089583E894E10E948E
:10A8500040AE83E894E1F0DF80917A0B8D7F8E7FAC
:10A8600080937A0B1092760B1092770B1092780BE4
:10A870001092790B08951092AC0880917A0B8F7723
:10A8800080937A0B0E942435882319F083E894E1A1
:10A89000D3CF089580917A0B8F7E80937A0B8FEFC0
:10A8A0009FEF909327028093260280914213882382
:10A8B00019F08FE393E1C0DF45E360E08AE297E1BE
:10A8C0000E94487081110CC00E943E2A87EE97E2D8
:10A8D0000E94152A80917A0B84FF2FC00C94BCCB68
:10A8E00061E08AE297E10E94DAAC81110EC060E07B
:10A8F0008AE297E10E94DAAC811107C08BE997E206
:10A900000E94152A83ED97E2E3CF6CE077E18FE3B5
:10A9100093E15AD9811107C08BE997E20E94152A69
:10A9200082EC97E2D5CF80917A0B806180937A0B8D
:10A930000E943E2A86EB97E2CBCF80916B09882359
:10A9400031F041E061E084EA97E20C9410920895BE
:10A950002F923F924F925F926F927F928F929F922F
:10A96000AF92BF92CF92DF92EF92FF920F931F931D
:10A97000CF93DF93CDB7DEB7C454D1090FB6F894A7
:10A98000DEBF0FBECDBF7C014B015A01222E1982C2
:10A990001C821C8E1F8E6115710511F410E0B2C16E
:10A9A000DC0113968C918111F9CFFA0180818B0122
:10A9B0008F32C9F4DB0113968C9113978250823049
:10A9C00058F059966D917C91CE014C96FDD88E0130
:10A9D000045E1F4F882311F3C5015C010196F50148
:10A9E00020812F32D1F39E012F5F3F4F6901290152
:10A9F00030E2332E2496CFAE24972596DFAE2597EE
:10AA00003E013CE1630E711C22963FAE22972196D7
:10AA10003FAE21973FAE3EAE3DAE3CAE3BAE3AAE12
:10AA200039AE38AE3FAA950190E047E0D9018D914B
:10AA3000882361F18F3251F18E3239F44A3009F4B2
:10AA4000ADCF98E04AE09D01F1CFEBE8F7E2249129
:10AA5000222321F031968213FACFA0CF491708F4B0
:10AA60009DCF813208F49ACF8F3709F497CF3FE911
:10AA7000380F3A3108F420EEE7E3F0E0EC0FFD1F69
:10AA8000E90FF11D820F80839F5FDDCF8FA9803298
:10AA900009F484CF5901D9018C912F5F3F4F8F3238
:10AAA000C9F38823A1F00815190511F0C801C4DE07
:10AAB00024969FAD249725968FAD25974C145D0461
:10AAC00011F4962D872D8601C92ED82E9DCFF80121
:10AAD000818D928DD7015A969C938E935997C80178
:10AAE0000E943B7AC12CF80180859185A285B385AF
:10AAF000418952896389748984179507A607B70726
:10AB000008F055C025E0B695A795979587952A95A5
:10AB1000D1F7F82FFF70DF2ED80113968C91823079
:10AB200008F43CCF23961FAE239741E050E0BE01CE
:10AB30006E5B7F4FC80138DB019709F02FCFF8011A
:10AB400080859185A285B3854F96A11DB11D808713
:10AB50009187A287B387F0E2DF9EB00111246F5F77
:10AB60007A4E6115710509F419CFDB018C918823A8
:10AB700041F0853E09F04DC0CC2029F0CC24C3948F
:10AB8000B2CFC1100EC08091011790910217A09111
:10AB90000317B0910417F70184879587A687B787B5
:10ABA000D08ADB018C918111E9CFCC24C394822D12
:10ABB0008274823409F0F2CECC2009F4C6C0F701C9
:10ABC000D08861E0C7010E9427AE009709F4E6CE65
:10ABD00020E2DC011D922A95E9F72BE0FE01F796B1
:10ABE000DC0101900D922A95E1F721E238E2FC01A7
:10ABF000318B208B40E058E057874687338B228B80
:10AC0000318F208F578B468B0E9453AC81110AC025
:10AC1000C5CE4BE050E0CE01C7960E947CF5892B53
:10AC200009F061CF2D2D30E0F901B5E0EE0FFF1FE7
:10AC3000BA95E1F7DF01AF5FBA4E1B968C91817137
:10AC400021F0822D827109F01FC1D70159968D9193
:10AC50009C915A97409101175091021760910317E8
:10AC6000709104171C964D935D936D937C931F9781
:10AC70005096DC925097EF5FFA4E84889588B12CFD
:10AC8000A12C54019924882455968D929D92AD92C1
:10AC9000BC925897428D538D70E060E04829592945
:10ACA0006A297B2955964D935D936D937C935897B4
:10ACB000A5E0220F331FAA95E1F7D901AF5FBA4E85
:10ACC0001B962C91287109F0D1C0848D958DA68D8D
:10ACD000B78DF701818B928BA38BB48B81E083833B
:10ACE000822D8F70F701818314821582168217825C
:10ACF000108611861286138611E024FE03C0C70158
:10AD000045D8182FCE014C960E948526CE0101967B
:10AD10000E948526812FCC5BDF4F0FB6F894DEBFF3
:10AD20000FBECDBFDF91CF911F910F91FF90EF909C
:10AD3000DF90CF90BF90AF909F908F907F906F905B
:10AD40005F904F903F902F900895D80113968C916B
:10AD50001397823009F422CE51968D919D910D90DA
:10AD6000BC91A02D803E9F4FAF41B10508F016CE9B
:10AD7000C8010E944079882309F410CE0E9453AC88
:10AD8000882309F40BCED8015996ED91FC915A977E
:10AD900014968D909D90AD90BC901797B2E08B1A51
:10ADA0009108A108B108858504C0880C991CAA1CCB
:10ADB000BB1C8A95D2F786859785A089B189880EB4
:10ADC000991EAA1EBB1E81E080930917809201176D
:10ADD00090920217A0920317B0920417E1E0F5E1F8
:10ADE00080E092E0DF019C011D9221503040E1F7AC
:10ADF000DD24D394D8015996ED91FC918481D81625
:10AE0000C0F480910A1790910B17DC01ED91FC9131
:10AE10000288F389E02D21E035E1B501A4014D0D53
:10AE2000511D611D711D1995882309F4B7CDD39467
:10AE3000E1CF258580E092E0A0E0B0E004C0880F7B
:10AE4000991FAA1FBB1F2A95D2F7F8014189528981
:10AE500063897489840F951FA61FB71F818B928BFE
:10AE6000A38BB48B81E095E1D12CB2CE203161F47B
:10AE700097012F5E3F4F0E947BCD882329F084E00D
:10AE8000D70113968C932CCFD70113961C9286CDA5
:10AE9000CF9321E04EEA54E06FE373E184E293E163
:10AEA00057DDC82F882319F084E293E1C5DC8C2F8D
:10AEB000CF910895EF92FF921F93CF93DF93C82F06
:10AEC0007B0110911F138FEF80931F130E943E2A66
:10AED000C130C1F0C0EED8E284EF98E20E94152A9A
:10AEE000CE010E94152AB7018CEE98E20E94232A17
:10AEF0000E94412A10931F13DF91CF911F91FF9061
:10AF0000EF900895C6EED8E2E7CFBC0182E098E268
:10AF10000E94232A8FEF97E20C94152A2F923F92DA
:10AF20004F925F926F927F928F929F92AF92BF9259
:10AF3000CF92DF92EF92FF920F931F93CF93DF9305
:10AF40001F921F92CDB7DEB7382E7B012DB73EB7CB
:10AF50003A8329838091F914811107C01092DE147D
:10AF60001092E11481E08093F9148091D61481113C
:10AF700007C01092BB141092BE1481E08093D614C7
:10AF8000DA018C918F3209F080C08FE393E1F701F1
:10AF9000918380834F5F5F4F311010926F0BF701E9
:10AFA000408051808A012EEDC22E24E1D22E3BE159
:10AFB000232E01151105A9F16DB67EB66FE270E082
:10AFC000C8010E94ACF55C010817190728F5AC010F
:10AFD000401B510B55274F5F5F4F2DB73EB7241BCA
:10AFE000350B0FB6F8943EBF0FBE2DBF8DB79EB781
:10AFF00001964C01B8010E942CEBC6011DDCD70163
:10B000006D917C9121E0A401C601A2DC811143C0B5
:10B01000C4017BDF10E000E00FB6F8947EBE0FBEE7
:10B020006DBE3320A9F0D701ED91FC918BE1AAE52B
:10B03000B3E101900D928A95E1F791E080916F0B59
:10B04000811190E080917A0B90FB86F980937A0BC6
:10B05000C801E981FA810FB6F894FEBF0FBEEDBFBB
:10B060000F900F90DF91CF911F910F91FF90EF9074
:10B07000DF90CF90BF90AF909F908F907F906F9018
:10B080005F904F903F902F9008958AE593E1D7010C
:10B090008D939C9384CFF701808191814816590646
:10B0A00009F0CADBD701CD92DC92332099F0A09150
:10B0B0006F0BAA3078F481E08A0F80936F0B2A9E81
:10B0C000D0011124AB58BC4EF601822D01900D9297
:10B0D0008A95E1F7BEEDCB16B4E1DB0669F49BEB94
:10B0E000C92E94E1D92E85010F5F1F4F0FB6F8943A
:10B0F0007EBE0FBE6DBE5DCF8EEDC82E84E1D82E14
:10B10000F2CF1F93CF93DF93CDB7DEB76D970FB616
:10B11000F894DEBF0FBECDBF1D8E1C8EAC01BE01EC
:10B12000645E7F4F80E0FADE10E0009799F01982AC
:10B130001C826C8D7D8D21E0AC01CE01019608DC76
:10B14000182F882319F0CE01019676DBCE010196E7
:10B150000E948526812F6D960FB6F894DEBF0FBE34
:10B16000CDBFDF91CF911F910895EF92FF921F9372
:10B17000CF93DF9300D000D000D01F92CDB7DEB7C1
:10B1800080917A0B84FF86DB80917A0B84FF3BC031
:10B190000E947326811137C08091700B90E08F96CA
:10B1A0009F938F9389EF98E29F938F93CE0101969F
:10B1B0007C019F938F930E947CEB80917A0B0F9080
:10B1C0000F900F900F900F900F9084FF1CC0C7013D
:10B1D00098DF182F8823B9F00E94BCCBC7010E94CA
:10B1E00008CC8091700B8F5F8093700B812F2A9613
:10B1F0000FB6F894DEBF0FBECDBFDF91CF911F9188
:10B20000FF90EF9008951092700B10E0EFCF0E9426
:10B210003E2A60918709709188098AE49DE20E9424
:10B22000232A87E49DE20C94152A8F929F92AF9275
:10B23000BF92EF92FF920F931F93CF93DF931F92D2
:10B240001F92CDB7DEB77C0180917A0B84FD03C0DD
:10B25000C7015BDE69C0613009F479C008F471C0D0
:10B26000623009F4D5C080917A0B877F8B7F809301
:10B270007A0B01DBA701BE016F5F7F4F81E04EDEDD
:10B280008C01009729F369817A8121E0AC0183E880
:10B2900094E15EDB882309F4C2C0809194149091FC
:10B2A0009514A0919614B09197148093720B90937B
:10B2B000730BA093740BB093750B1092760B1092D6
:10B2C000770B1092780B1092790BF0901F138FEF81
:10B2D00080931F13B8018DE298E20E94232A809088
:10B2E000720B9090730BA090740BB090750B85E26D
:10B2F00098E20E94152AC501B4010E9449260E94C5
:10B30000412A86E198E20E94152AF0921F13C80193
:10B310009DD980913A0B882311F00AE31BE040E0AD
:10B3200060E0C8010E94DB910F900F90DF91CF91F8
:10B330001F910F91FF90EF90BF90AF909F908F90D3
:10B340000895B70182E0B6DD1092710B8CCF0E9498
:10B350002435811104C0B70181E0ACDD84CF809138
:10B36000710B882399F00E943B2A86E898E20E949C
:10B37000152A81E090E00E94A2330E94412A40E019
:10B3800070E060E085E798E20E94813481EB98E00C
:10B390000EDAE091710B84E0E89FF0011124E3558F
:10B3A000F74F8091760B9091770BA091780BB0912D
:10B3B000790B80839183A283B3830E943E2AB701D5
:10B3C0008CE598E20E94232A6091710B89E6689FC0
:10B3D000B00111246F54774F81E598E20E94232A2F
:10B3E0008090760B9090770BA090780BB090790BB3
:10B3F0008BE498E20E94152AC501B4010E944926F7
:10B400000E94412A8091710B8F5F8093710B2BCF2B
:10B410000E943E2A8BE398E20E94152A24CFC8019D
:10B4200018CFCF93DF93EB010E94152ACE010E9423
:10B43000C126DF91CF910C94412AEF92FF920F9396
:10B440001F93CF93DF931F921F92CDB7DEB720914A
:10B450007A0B24FF31C07C01BC0182E02BDD10920D
:10B46000710B80917A0B877F8B7F80937A0B03DA45
:10B47000A701BE016F5F7F4F80E050DD8C01C701E7
:10B480000115110519F169817A8126E5A80183E882
:10B4900094E15EDA8823C9F080917A0B8160809311
:10B4A0007A0BC801D3D8B8018EEC98E2BADF40E03D
:10B4B00060E0C8010E94DB910F900F90DF91CF9167
:10B4C0001F910F91FF90EF900895C8011EDDF4CFFA
:10B4D000CF9390917A0B94FF1DC0909127139111F7
:10B4E00019C02AE5811121E0C82F4EEA54E06FE32C
:10B4F00073E184E293E12CDA811104C08EEA94E0D6
:10B50000CF9103CDC11106C06EEA74E08EEC98E2D3
:10B51000CF9187CFCF910895FF920F931F93CF9331
:10B52000DF93CDB7DEB76D970FB6F894DEBF0FBED1
:10B53000CDBF20917A0B24FF27C0AC01BE01645E11
:10B540007F4F80E0EBDC8C010097F1F06C8D7D8DFE
:10B5500019821C8222E0AC01CE010196F9D9811139
:10B560001FC0F12CCE0101960E948526B801FF2054
:10B5700061F180EC98E255DF1092760B1092770B18
:10B580001092780B1092790B6D960FB6F894DEBF7F
:10B590000FBECDBFDF91CF911F910F91FF90089506
:10B5A000CE0101960E94C6CE8823D9F261E0CE0179
:10B5B00001960E9427AE0097A1F225EEFC012083A0
:10B5C0001C820E9453ACF82ECDCF88EA98E20E94EC
:10B5D000232A85EA98E20E94152AD6CF2F923F921D
:10B5E0004F925F926F927F928F929F92AF92BF9293
:10B5F000CF92DF92EF92FF920F931F93CF93DF933F
:10B60000CDB7DEB7C655D1090FB6F894DEBF0FBE71
:10B61000CDBF5C017B016DB67EB6BE016F5F7F4F13
:10B62000C5010E94CCD118160CF068C08C858871B9
:10B63000803109F082C08DB69EB610E000E0E114C2
:10B64000F10439F0F70101900020E9F78F010E199C
:10B650001F09C8010D962DB73EB7281B390B0FB631
:10B66000F8943EBF0FBE2DBF8DB79EB701966C01FB
:10B67000080F191FE114F10439F0B7010E94B7F562
:10B680008FE2F80131978083BE016F5F7F4FC80161
:10B690000E943DAC1CAE1FAE21E0A801B501CE0159
:10B6A000CC9656D98823D9F08BE1FE01FC96DE01B9
:10B6B000919601900D928A95E1F7B601CE0181969F
:10B6C0008DDFCE0181960E948526CE01CC960E9408
:10B6D00085260FB6F8949EBE0FBE8DBE9ECF0E94EB
:10B6E0003E2AB8018BE89CE29CDECE01CC960E94FB
:10B6F00085260FB6F8949EBE0FBE8DBE0FB6F89489
:10B700007EBE0FBE6DBECA5ADF4F0FB6F894DEBFC5
:10B710000FBECDBFDF91CF911F910F91FF90EF90A2
:10B72000DF90CF90BF90AF909F908F907F906F9061
:10B730005F904F903F902F900895CE0101960E9408
:10B7400022AC882309F469CFE114F10431F0C70178
:10B750000E94C1268FE20E940EC02D8C3E8C4F8C21
:10B7600058A0BE016F5F7F4F89E899E00E943DAC11
:10B770000E94C12680E20E940EC0C201B1010E9457
:10B7800049260E94412A49CF0F931F9341E050E080
:10B79000082E02C0440F551F0A94E2F7052E000C34
:10B7A000660B770B0091D6091091D7092091D80923
:10B7B0003091D909402B512B622B732B4093D60922
:10B7C0005093D7096093D8097093D9099091D509FE
:10B7D000891303C081E08093D3091F910F910895CD
:10B7E0002F923F924F925F926F927F928F929F9291
:10B7F000AF92BF92CF92DF92EF92FF920F931F937F
:10B80000CF93DF93CDB7DEB7CB5AD1090FB6F894FB
:10B81000DEBF0FBECDBF2091651230916612409100
:10B82000671250916812CC55DF4F288339834A83C1
:10B830005B83C45AD0408091691290916A12A091A2
:10B840006B12B0916C12C855DF4F88839983AA831D
:10B85000BB83C85AD040B0906D12A0906E12309049
:10B860006F122090701220917112309172124091DB
:10B87000731250917412C056DF4F288339834A8364
:10B880005B83C05AD0408091141390911513A091FE
:10B890001613B0911713C656DF4F88839983AA8376
:10B8A000BB83CA59D04080911D1381FF05C0909180
:10B8B000DA0998609093DA0982FB882780F98093EF
:10B8C000520780917A0B87FDF8C281E296E00E94D0
:10B8D000FC690091A4121091A5120115110599F0AF
:10B8E00080917A0B87FDE9C26BE176E0CE0101968B
:10B8F0000E94071EB801CE0101960E941820CE01B9
:10B9000001960E94CE690091A2121091A312043BED
:10B91000110514F404EB10E080917A0B87FDCDC281
:10B9200065E176E0CE0101960E94071EB801CE01C6
:10B9300001960E941820CE0101960E94CE69809146
:10B940007A0B87FDBAC220917B1230917C12409114
:10B950007D1250917E126B2D7A2D832D922D0E9497
:10B96000A6F24B018C018DE096E00E94FC6980916B
:10B970001D136401780180FD04C0CB2CDA2CE32C6C
:10B98000F22C80917A0B87FD98C2C601D701C0576F
:10B99000DF4F88839983AA83BB83C059D04033E0AB
:10B9A000732ECC56DF4F7882C459D04066E076E0E3
:10B9B000CE0101960E94071EBE0160577F4FCE0147
:10B9C00001960E94791ECE0101960E94CE699401D3
:10B9D000A801B601C7010E94E3EB87FF26C0809152
:10B9E0007A0B87FD6AC2C401D801C557DF4F88832F
:10B9F0009983AA83BB83CB58D040C157DF4F78824D
:10BA0000CF58D0406EEF75E0CE0101960E94071E20
:10BA1000BE0165577F4FCE0101960E94791ECE016F
:10BA200001960E94CE696401780180917A0B87FDAE
:10BA300044C286EF95E00E94FC6987E080936F091D
:10BA400080933D0780917A0B87FD37C24090A71203
:10BA50005090A8126090A9127090AA1280911D13A4
:10BA600083FB882780F9C256DF4F8883CE59D040A8
:10BA7000C156DF4F1882CF59D040C256DF4F888061
:10BA80009980CE59D04090E3890E911C60EF75E00B
:10BA90008E010F5F1F4FC8010E94071EB401C8012D
:10BAA0000E941820EB964CAE5DAE6EAE7FAEEB976B
:10BAB00021E0EC962FAFEC976AE50E94F21DBE01E3
:10BAC00069587F4F0E94791EC8010E94CE698091FB
:10BAD0007A0B87FDF2C1C601D701CA57DF4F8883B1
:10BAE0009983AA83BB83C658D04023E0F22EC65761
:10BAF000DF4FF882CA58D04069EE75E0C8010E9455
:10BB0000071EBE016A577F4FC8010E94791EC801F7
:10BB10000E94CE6980911D1384FF27C080917A0B0B
:10BB200087FDCBC180919E1290919F12A091A0128F
:10BB3000B091A112CB56DF4F88839983AA83BB8330
:10BB4000C559D040C756DF4FF882C959D04063EE7F
:10BB500075E0C8010E94071EBE016B567F4FC801E9
:10BB60000E94791EC8010E94CE69E090A212F09056
:10BB7000A31280917A0B87FB882780F9E114F104E6
:10BB800071F081119AC16DED75E0C8010E94071E28
:10BB9000B701C8010E941820C8010E94CE69E09038
:10BBA000A612F12C80917A0B87FB882780F9E1148B
:10BBB000F10441F1811181C167ED75E0C8010E9476
:10BBC000071E1F921F9284EE94E09F938F936E0145
:10BBD000A2E6CA0ED11CDF92CF920E94D7F5B60121
:10BBE000C8010E945F1E63E50E94F21DB7010E941A
:10BBF0001820C8010E94CE690F900F900F900F90EF
:10BC00000F900F9080917A0B87FD57C16EEC75E015
:10BC1000C8010E94071ECC55DF4F288139814A8117
:10BC20005B81C45AD040E6962CAF3DAF4EAF5FAFBC
:10BC3000E69793E0F92EE796FFAEE797BE016E58C0
:10BC40007F4FC8010E94791EC855DF4F2881398176
:10BC50004A815B81C85AD040E1962CAF3DAF4EAFD0
:10BC60005FAFE197E296FFAEE29769E50E94F21DB1
:10BC7000BE0163597F4F0E94791EC8010E94CE69A0
:10BC800080917A0B87FD19C18B2D9A2DA32DB22D92
:10BC9000CF57DF4F88839983AA83BB83C158D04095
:10BCA000CB57DF4FF882C558D04066EC75E0C8012D
:10BCB0000E94071EBE016F577F4FC8010E94791E68
:10BCC000C8010E94CE6980917A0B87FDF6C0E09092
:10BCD0007512D090761262EC75E0C8010E94071EC2
:10BCE000DF92EF9284EE94E09F938F936E0132E6A1
:10BCF000C30ED11CDF92CF920E94D7F5B601C801C6
:10BD00000E945F1EC8010E94CE69809177129091B7
:10BD100078129093120280931102609179127091BF
:10BD20007A1280E00E94B11980917A0B0F900F90E7
:10BD30000F900F900F900F9087FDBFC0C056DF4F40
:10BD400088819981AA81BB81C05AD040C458DF4FF5
:10BD500088839983AA83BB83CC57D040C058DF4FD8
:10BD6000F882C058D0406BEB75E0C8010E94071EF6
:10BD7000BE0164587F4FC8010E94791EC8010E940D
:10BD8000CE6987E0EFE7F2E1A3EDB9E001900D9213
:10BD90008A95E1F78091D5090E944A208CE0E6E877
:10BDA000F2E1ACE1B9E001900D928A95E1F78CE007
:10BDB000E2E9F2E1A1E7B9E001900D928A95E1F79D
:10BDC00080911C138093631281E08093C7070E94C7
:10BDD0008E3580917A0B87FD70C041E650E066EBAE
:10BDE00075E0C8010E94DDEAD8010D900020E9F756
:10BDF000CD010197801B910B8036910550F441E6EF
:10BE000050E0481B590B6BEA72E1800F911F0E94B2
:10BE10002CEBC8010E94CE6980917A0B87FD4DC042
:10BE2000909018138090191370901A1360901B1340
:10BE300061EB75E0C8010E94071EC356DF4FB88151
:10BE4000CD59D040BF93C456DF4FE881CC59D04084
:10BE5000EF93C556DF4FF881CB59D040FF93C656BC
:10BE6000DF4F2881CA59D0402F9387EEE82E84E017
:10BE7000F82EFF92EF92DF92CF920E94D7F5B60193
:10BE8000C8010E945F1E64E50E94F21D5C016F9272
:10BE90007F928F929F92FF92EF92DF92CF920E94B9
:10BEA000D7F5B601C5010E945F1EC8010E94CE6988
:10BEB0000FB6F894DEBF0FBECDBFC555DF4F0FB62E
:10BEC000F894DEBF0FBECDBFDF91CF911F910F91D0
:10BED000FF90EF90DF90CF90BF90AF909F908F90AA
:10BEE0007F906F905F904F903F902F900895CF93E9
:10BEF000DF9384E293E10E94852683E894E10E9427
:10BF00008526C3E8D4E16B97CE010E94852683E1A4
:10BF1000C537D807C1F78AE593E10E9485268FE3EC
:10BF200093E1DF91CF910C94852680917A0B847EEA
:10BF30008B7F80937A0B1092760B1092770B109276
:10BF4000780B1092790B1092720B1092730B109267
:10BF5000740B1092750B1092710B1092700B109263
:10BF60006F0BE5E7F3E18EE091E0DF019C011D92AC
:10BF700021503040E1F780910A018E7F80930A01C1
:10BF800080910B01809581708093090110923F137D
:10BF90001092421310925A1310925D1383E894E1A9
:10BFA000108213827B968E179F07D1F787EC94E05F
:10BFB00090932B1780932A1710922C1789E1809366
:10BFC0002E1710923117109223171092831410928B
:10BFD000861481E080939E0B10929F0B1092A00B11
:10BFE0001092A10B1092A20B1092A30B1092A40B13
:10BFF0001092A50B1092A60B1092A70B1092A80BF3
:10C000001092A90B1092AA0B1092AB0B1092AC0BD2
:10C010001092AD0B1092AE0B1092AF0B1092B00BB2
:10C020001092B10B1092B20B1092B30B1092B40B92
:10C030001092B50B1092B60B1092B70B1092B80B72
:10C040001092B90B1092BA0B1092810B1092820BC6
:10C050001092830B1092840B1092850B10928A0B16
:10C0600010928B0B10928C0B10928D0B10928E0BEA
:10C070008FEF8093800B1092BC0B1092BB0B8DEB5B
:10C080009BE09093CA0B8093C90B1092EB0B10921C
:10C09000EC0B1092ED0B1092EE0B1092E70B10923E
:10C0A000E80B1092E90B1092EA0B1092E30B10923E
:10C0B000E40B1092E50B1092E60B1092DF0B10923E
:10C0C000E00B1092E10B1092E20B1092DB0B10923E
:10C0D000DC0B1092DD0B1092DE0B1092D70B10923E
:10C0E000D80B1092D90B1092DA0B1092D30B10923E
:10C0F000D40B1092D50B1092D60B1092CF0B10923E
:10C10000D00B1092D10B1092D20B109232171092CA
:10C11000331710923417109235171092CE0B1092DD
:10C12000CD0B1092CC0B1092CB0BEFEEFBE015AECB
:10C13000ED59FF4F32E1EF31F307C9F710921F12AB
:10C140008DE080932112109222121092611280E0F1
:10C150008E7F8D7F8B7F877F809363121092241355
:10C160001092271310927F12109280121092811257
:10C1700010928212109283121092841210928512E1
:10C1800083E080931F1387E397E1909321138093BB
:10C19000201386E397E1909323138093221308954D
:10C1A000CF93DF93CDB7DEB7EB970FB6F894DEBF32
:10C1B0000FBECDBF789484B5826084BD84B58160A4
:10C1C00084BD85B5826085BD85B5816085BD809162
:10C1D0006E00816080936E001092810080918100DA
:10C1E00082608093810080918100816080938100D2
:10C1F000809180008160809380008091B100846094
:10C200008093B1008091B00081608093B0008091F4
:10C210009100826080939100809191008160809371
:10C220009100809190008160809390008091A100A6
:10C2300082608093A1008091A10081608093A10021
:10C240008091A00081608093A00080912101826094
:10C25000809321018091210181608093210180914F
:10C26000200181608093200180917A008460809316
:10C270007A0080917A00826080937A0080917A00BF
:10C28000816080937A0080917A00806880937A0040
:10C290001092C10020913E172FA314BE1092C0002F
:10C2A0008091C00082608093C0001092C50087E03A
:10C2B0008093C4008091C10080618093C10080910F
:10C2C000C10088608093C1008091C1008068809324
:10C2D000C1000E949CCA6B017C0138EEC30E33E0A2
:10C2E000D31EE11CF11C87E397E10E949F35882350
:10C2F00009F4CAC01092C8008091C800826080937F
:10C30000C8001092CD0080E18093CC008091C900DC
:10C3100080618093C9008091C90088608093C900C2
:10C320008091C90080688093C9000E949CCA6B01FB
:10C330007C0148EEC40E43E0D41EE11CF11C86E3F0
:10C3400097E10E949F35882309F4AEC088EE9AE2F7
:10C350000E94152A80919C0490919D04A0919E04B6
:10C36000B0919F0489A39AA3ABA3BCA3AE014F5D78
:10C370005F4F5BAB4AABCE0185969EA38DA3412C4C
:10C3800074E2572E74EF672E712CEAA9FBA9619114
:10C39000FBABEAABCE0101960E94A1358A898111DF
:10C3A00026C18989882309F422C1FF85FDA70FEFE3
:10C3B00010E0F23011F00FEF1FEF29813A813DAB11
:10C3C0002CAB4B815C815CA74BA78EE0E0EAF4E0EC
:10C3D000DE01539601900D928A95E1F7980150E0A5
:10C3E00040E06BE0220F331F441F551F6A95D1F7C1
:10C3F000C301B2010E940DF219016FEF261A360A2D
:10C400008DA5823009F060C091E098AFE3E0E9AF1C
:10C41000AE014D5E5F4F5FAB4EAB51E058A761E0A0
:10C420006EA719AA8FEF90E098AB8FA7EEA9FFA98E
:10C43000A190B190FFABEEABC501B0E0A0E0FDA5CF
:10C44000F23009F446C080329105A105B10509F426
:10C450009CC080389105A105B10509F496C09501ED
:10C46000A8EEB3E00E9455F29B01AC01C301B201FA
:10C470000E940DF2C901019736952795009759F54D
:10C4800088248394912C2CC00E949CCAA7019601F9
:10C49000261B370B480B590BDA01C9011816190670
:10C4A0001A061B068CF326CF0E949CCAA701960190
:10C4B000261B370B480B590BDA01C9011816190650
:10C4C0001A061B068CF342CFFAE0F8AF2EE029AF34
:10C4D0009FCF9801C80148018017910708F44C01CB
:10C4E0002115310509F4A1C13AA729A7021713079D
:10C4F00010F41AA709A794012F5F3F4FD5010E949E
:10C5000055F29B01AC01C301B2010E940DF2690119
:10C510003BAF2AAF9501A9A5BAA50E9455F29B0190
:10C52000AC01220F331F441F551FC301B2010E94EB
:10C530000DF2F90169EE261663E0360608F47AC1B9
:10C54000B10188EE93E0DB01A81BB90B8AAD9BAD6E
:10C55000893E934008F472C1B60188EE93E0681BEF
:10C56000790BE93EF34008F46DC1C901E8EEF3E050
:10C570008E1B9F0B6A177B0720F48617970708F01E
:10C5800065C18A179B0708F469C158A55F5F58A762
:10C59000583009F04BCFECA9FDA980818C7F9EA576
:10C5A0009370892B8083EBA5FCA52081FEA58F2F9E
:10C5B00090E09595879595958795A3E0880F991FAD
:10C5C000AA95E1F7277E822BEBA5FCA580838081CD
:10C5D000887FF9A98F2BEBA5FCA58083FDA5F23000
:10C5E00031F0ED85FE852FA538A9318320834DA13B
:10C5F0005EA18AA99BA94817590709F0C6CE809168
:10C6000001018F7D809301018091020180958072EC
:10C61000809300010E94A833809107018D7F809351
:10C6200007018091080180958270809306019FA187
:10C6300090FF04C08FED9AE20E94152AEFA1E1FF5E
:10C6400004C08EEC9AE20E94152AFFA1F2FF04C0FA
:10C650008CEB9AE20E94152A2FA123FF04C08BEADB
:10C660009AE20E94152A3FA135FF04C08AE99AE2A6
:10C670000E94152A85E89AE20E94152A0E943E2A05
:10C6800081E59AE20E94152A0E943E2A89E39AE2F5
:10C690000E94152A0E943E2A8091381790913917DE
:10C6A000BE016F5F7F4F009709F4E2C0681B790BF2
:10C6B0008AE29AE20E94AE3383E19AE20E94152A4E
:10C6C00080E396E00E9471330E94412A0E947E23FB
:10C6D0000E9424C40E944AD480919E14811107C0F4
:10C6E0000E9419A0882319F081E080939E14209164
:10C6F0001C0930911D0940911E0950911F0960913C
:10C70000260A7091270A8091280A9091290A0E948E
:10C71000A6F26093260A7093270A8093280A9093C2
:10C72000290A209120093091210940912209509134
:10C73000230960912A0A70912B0A80912C0A90910A
:10C740002D0A0E94A6F260932A0A70932B0A809306
:10C750002C0A90932D0A20912409309125094091AB
:10C7600026095091270960912E0A70912F0A809115
:10C77000300A9091310A0E94A6F260932E0A7093BB
:10C780002F0A8093300A9093310A0E94888C9D9AD8
:10C79000A5986D9A759880911F12811101C06B9AAE
:10C7A00087ED80937A0010927E0010927D00809138
:10C7B0007E00826080937E0080917D008064809303
:10C7C0007D0080E887BD80916E00826080936E005E
:10C7D000E1E1FAE2C590D49045E0C416D1041CF41E
:10C7E000E5E0CE2ED12CD0923102C09230020D2C39
:10C7F000000CEE08FF0800912C0210912D02C801D8
:10C800000E944DC24B015C01C701B601E2D79B01FA
:10C81000AC01C501B401D7D787FF2DC00051110964
:10C8200010932D0200932C02E6CF21E030E03AA7CE
:10C8300029A761CEC10168EE73E085CEC60168EE1E
:10C8400073E08DCEF90188EE93E092CE160199AD9A
:10C850009EA7E8A5E9AB98AA8FA697CE1901F8ADD7
:10C86000FEA728A529AB49A55AA558AB4FA78DCE41
:10C870006E5377411DCFE5E0F9E2C590D49051E0C9
:10C88000C51AD10865E0C61661E0D60624F074E04A
:10C89000C72EDD24D394D0923302C09232020D2CE5
:10C8A000000CEE08FF0800912E0210912F02C80123
:10C8B0000E944DC24B015C01C701B6018AD79B01A2
:10C8C000AC01C501B4010E94CDF418163CF4005F20
:10C8D0001F4F10932F0200932E02E5CF8091280264
:10C8E000909129020E94967B20E030E040EA50E4DB
:10C8F0006AD787FF0AC08091280290912902409749
:10C900009093290280932802E9CF80912A02909186
:10C910002B020E94967B20E030E04CED52E40E9416
:10C92000CDF4181654F480912A0290912B0240966F
:10C9300090932B0280932A02E8CF0E944F90809818
:10C94000889A0A98129A80910101877F8093010149
:10C9500080910201809588708093000110921B09DC
:10C9600010921A090E942F8E809107018160809396
:10C97000070180910701886080930701809107017A
:10C98000806880930701859A869A8E9A6C9A749A29
:10C990008091070180618093070180910801809553
:10C9A000807180930601839A8B9A879A8F988E9ACA
:10C9B00080916F098E7F80936F0980910701846059
:10C9C0008093070180910801847080930601749A16
:10C9D00080916F098D7F80936F098091070180623C
:10C9E00080930701809108018072809306018091F5
:10C9F0000801809580718093060180916F098B7F7B
:10CA000080936F09849A8C988B9A809180008C7F98
:10CA10008093800080918100877E88608093810070
:10CA2000809180008F738093800080918100887F47
:10CA300082608093810080E090E4909389008093ED
:10CA4000880010928500109284000E94F829789442
:10CA50000E94907C109270090E942F8E88E198E2CB
:10CA60000FB6F894A895809360000FBE9093600075
:10CA70000E94FF2B83E080936B092DE0322E3AE079
:10CA8000432E4FEE842E4AE2942E53E0552E69E257
:10CA9000662E6BE2762E80E00E94643680917A0BDF
:10CAA00087FF1EC01092700B877F8B7F80937A0B5D
:10CAB0000E943BD410925B0210925A0210925902CB
:10CAC0000E94B98C0E94AB900E947F7B1092201232
:10CAD000109228090E94552690922A0980922909CD
:10CAE00080916B09EDB6FEB610E000E0843009F4E9
:10CAF00041C0ADB6BEB66091290970912A0910E017
:10CB000000E06115710509F067C080912B09882349
:10CB100009F401C1EBE2F9E08F010B521940F190E9
:10CB2000FF2019F02AE0F212F7CF0115110559F094
:10CB3000F801E55DF64F10828BE299E00E94C22475
:10CB400080E00E944A5481E0F11001C080E0800F33
:10CB5000982FE92FF0E0E55DF64F2081E92FE81BE3
:10CB6000F0E0E55DF64F2083222309F470C09F5F5B
:10CB7000F0CF8C01F801EB50F54DE491C80101961E
:10CB8000EE2311F0EA30A9F7EDB7FEB7E81BF90B79
:10CB90000FB6F894FEBF0FBEEDBF2DB73EB72F5FA7
:10CBA0003F4F6901A80165EF7AE2C901E0D4F601BF
:10CBB000E00FF11F10824FEF61E0C6010E9465C0D7
:10CBC0000FB6F894FEBE0FBEEDBE882309F491CFD8
:10CBD00050926B098ECF8601FB01E00FF11F24906C
:10CBE00068013FEFC31AD30A222019F04AE0241249
:10CBF000F2CF8DB79EB78C199D090FB6F8949EBFE2
:10CC00000FBE8DBFEDB7FEB731967F01A801CF01F2
:10CC1000AED4F701E00FF11F1082222009F478C092
:10CC20008091290990912A09C80ED91ED0922A090B
:10CC3000C0922909012B31F0C7010E94C22480E073
:10CC40000E944A540FB6F894BEBE0FBEADBE90917E
:10CC50006E0980919F14981709F41DCF80916E0979
:10CC600080939F1480916E09882309F414CF0E9449
:10CC70003E2A8DE49BE20E94152A80916E0910E203
:10CC800080FF0AC080E00E945B80AB01BC0189E4A8
:10CC90009BE20E942B2A18E580916E0900E281FF39
:10CCA0000AC081E00E945B80AB01BC0185E49BE28D
:10CCB0000E942B2A09E580916E0982FFADC082E0B7
:10CCC0000E945B80AB01BC0181E49BE20E942B2AA5
:10CCD0009AE5F92E0E94412A1F9280E28F931F92BB
:10CCE000FF921F920F931F921F937F926F9282E386
:10CCF0009BE29F938F931F920E94C4CA2DB73EB7A9
:10CD0000235F3F4F0FB6F8943EBF0FBE2DBFC3CE7B
:10CD1000D12CC12C8BCF80915902882309F497CF55
:10CD200080917A0B80FF63C000915A0232E6039F24
:10CD300080011124045A1D4F65E27BE2C80172D4C0
:10CD4000009731F0FC01838180538A3008F048C09D
:10CD5000F80101900020E9F731977F01E01AF10A0C
:10CD6000109283146EE470E0C8010E94ACF56C016F
:10CD7000009739F5F1E0EF1AF108F801EE0DFF1D0B
:10CD8000318242821382F80101900020E9F7319745
:10CD9000AF01401B510BB80183E894E10E9456CFCC
:10CDA00080918314882331F00E943B2A8BEF9AE212
:10CDB0000E94152A80917A0B81FD19C00E9449C4F6
:10CDC00018C060E270E00E94ACF58C010F5F1F4F4D
:10CDD0006AE270E0C6010E94ACF5FC013197D0CF49
:10CDE0000E9425D482E19BE20E94152AE7CF0E948F
:10CDF0008A6B80915902882309F429CF90915A02B5
:10CE00009F5F943030F490935A028150809359027E
:10CE10001ECF10925A02F9CF80E2F82E5BCFEF922C
:10CE20000F931F93CF93DF93E80134E047FD34E184
:10CE3000042E000C550B57FF03C051954195510925
:10CE4000E32E022F242FAE017BD7CE01DF91CF91AD
:10CE50001F910F91EF9008958F929F92AF92BF9282
:10CE6000CF92DF92EF92FF920F931F93CF93DF93B6
:10CE70005C017B016115710519F0DB018D939C93B9
:10CE800085010F5F1F4FF501D0818D2F90E067D393
:10CE90006C01892BA9F5DD32A9F50F5F1F4FD50174
:10CEA0001196DC91C1E05801F1E0AF1AB10843E0FE
:10CEB00050E068E371E0C5019DD3892B61F56801FD
:10CEC00082E0C80ED11C45E050E063E371E0C6018A
:10CED00091D3892B21F4680197E0C90ED11CE1148C
:10CEE000F10419F0D701CD92DC9260E070E080E8A7
:10CEF0009FEFC111FAC060E070E080E89FE7F5C0E5
:10CF00005801BECFDB3229F485010E5F1F4FF501BA
:10CF1000D181C0E0C8CF43E050E060E371E0C501DB
:10CF200069D3892BE9F0F80110E000E020E030E05F
:10CF3000A9015F01B0ED8B2E8D0E89E08815C8F137
:10CF40009C2E689491F88C2F8870C2FF16C08111B6
:10CF500002C00F5F1F4F3196D501DC91C92DE9CF7B
:10CF6000E114F10429F00E5F1F4FF70111830083D4
:10CF700060E070E080EC9FE7B8C0882311F00150BA
:10CF80001109A5E0B0E00E944BF29B01AC01220F19
:10CF9000331F441F551F280D311D411D511D2839B8
:10CFA00099E93907490799E15907A8F2C6609C2E0B
:10CFB000D2CFAEEF8A1206C0C3FD3CC09C2E68944F
:10CFC00093F8C9CFDF7DD534A9F580818D3239F44E
:10CFD000C061DF011296818162E070E006C0DF016E
:10CFE0008B32C1F3119661E070E080535D01A61AA7
:10CFF000B70A8A30F8F4E0E8CE16ECE0DE065CF41E
:10D00000B601660F771F660F771FC60ED71ECC0CB2
:10D01000DD1CC80ED11C5D01FFEFAF1ABF0A8C9159
:10D0200080538A3098F1C4FF03C0D194C194D108D1
:10D030000C0D1D1DC1FF09C0E114F10431F081E0A8
:10D04000A81AB108D701AD92BC92CA01B901BFD3E9
:10D05000C370C33009F490584B015C0120E030E00C
:10D06000A901B1D3882309F43EC0C7E6D1E017FF78
:10D0700005C0119501951109CFE4D1E06E01B8E129
:10D08000CB1AD10880E2E82EF12C0EC0D501B3CF27
:10D09000FE0125913591459154910E191F09C50145
:10D0A000B401F6D34B015C01D501C4010E151F0577
:10D0B0007CF72497F594E794CC16DD06A9F78A2F20
:10D0C000880F8B2F881F8F3F41F020E030E0A901AF
:10D0D000C501B40178D3811106C082E290E090933B
:10D0E0003D1780933C17C501B401DF91CF911F918B
:10D0F0000F91FF90EF90DF90CF90BF90AF909F90F7
:10D100008F9008953F924F925F926F927F928F928D
:10D110009F92AF92BF92CF92DF92EF92FF920F93C6
:10D120001F93CF93DF935C016B017A016115710549
:10D1300019F0FB0191838083E114F10451F0C701E0
:10D140000297839730F040E030E020E090E06AC042
:10D150005E01E5012196F5011081812F90E0FFD15C
:10D16000892BB1F71D3201F52196F501118101E0FE
:10D17000E114F10409F4E6C0F0E1EF16F10409F05E
:10D1800088C0103359F488818F7D883509F07CC0C0
:10D19000198122960260F0E1EF2EF12C812C912C66
:10D1A000A12C88E0B82E92C01B3221F4E501229612
:10D1B000F501118100E0DCCFEAE0EE16F10409F49C
:10D1C000C7C0F0E1EF16F10409F073C0E7CF78E0D3
:10D1D000E72EF12C812C912CA12C60E1B62E76C08B
:10D1E00021E0ADC0302F3170C114D10431F02223C1
:10D1F00071F12197F601D183C08327FF2EC060E033
:10D2000070E080E090E8311104C06FEF7FEF8FEFA6
:10D210009FE722E230E030933D1720933C17462FE2
:10D22000372F282F642F732F822FDF91CF911F91DB
:10D230000F91FF90EF90DF90CF90BF90AF909F90B5
:10D240008F907F906F905F904F903F90089501FF77
:10D2500004C02297F601D183C083332341F0909517
:10D260008095709561957F4F8F4F9F4FD8CF97FFD7
:10D27000D6CF82E290E090933D1780933C176FEFFA
:10D280007FEF8FEF9FE7CBCF10E3E114F10409F4B8
:10D290009ECF28E0E216F10409F49CCF0CF08CCF6D
:10D2A000812C912CA12CE0E4BE2E82E0E816F10442
:10D2B00069F060E070E080E090E897010F2C000CCE
:10D2C000440B550B0E940DF249015A0120E060E029
:10D2D00070E0CB0127010F2C000C66087708FE01D7
:10D2E00050ED352E310E39E0331570F43FEB310F30
:10D2F00049EC342E3A3138F03FE9310F3A3108F039
:10D3000071CF39EA332E310E3E141F040CF06ACF70
:10D3100027FD15C086169706A806B90678F0A30162
:10D3200092010E94FEF1630D711D811D911D6130FE
:10D330007105810520E8920708F452CF2FEF21965E
:10D340001081CDCF103309F41ECF2AE0E22EF12C4C
:10D350009CEC892E982CA82C9CE0B92EB7CF3F923C
:10D360004F925F926F927F928F929F92AF92BF92F5
:10D37000CF92DF92EF92FF920F931F93CF93DF93A1
:10D380005C016B017A016115710519F0FB01918354
:10D390008083E114F10449F0C7010297839728F0D4
:10D3A00060E070E0CB0199C05E01E5012196F501D6
:10D3B0001081812F90E0D3D0892BB1F71D3209F075
:10D3C0005BC02196F501118101E0E114F10409F43B
:10D3D000B9C0F0E1EF16F10409F09AC0103341F43E
:10D3E00088818F7D883509F08EC019812296026070
:10D3F000E0E1EE2EF12C88248A94982CA82CFFE0F2
:10D40000BF2E20E060E070E0CB0127010F2C000C64
:10D4100066087708FE0150ED352E310E39E03315E0
:10D4200068F43FEB310F49EC342E3A3130F03FE9EC
:10D43000310F3A31A8F539EA332E310E3E141F046C
:10D440007CF52F3FB1F086169706A806B90630F195
:10D45000A3019201D3D7232D30E050E040E0620FCA
:10D46000731F841F951F6217730784079507B0F019
:10D4700021E021961081CECF1B3221F4E5012296C6
:10D48000F501118100E0A1CF78E0E72EF12C88248E
:10D490008A94982CA82C6FE1B62EB3CF2FEFE9CF4A
:10D4A000C114D10431F0222351F12197F601D18327
:10D4B000C08300FF07C090958095709561957F4F60
:10D4C0008F4F9F4F2F3F49F482E290E090933D179A
:10D4D00080933C176FEF7FEFCB01DF91CF911F91CE
:10D4E0000F91FF90EF90DF90CF90BF90AF909F9003
:10D4F0008F907F906F905F904F903F90089501FFC5
:10D50000D8CF2297D3CF10E3E114F10409F4BCCFB4
:10D510003AE0E316F104E1F080E1E816F10409F4E1
:10D5200067CFE8E0EE16F10409F4B1CF6FEF7FEFBB
:10D53000CB0197010F2C000C440B550B6ED7490102
:10D540005A015FCF103309F44BCF9AE0E92EF12C4A
:10D5500089E9882E982CA82C89E1B82E52CF9111F8
:10D560003FC6803219F089508550D0F70895FB01ED
:10D57000DC0102C005900D9241505040D8F708954B
:10D58000FB01DC010D900020E9F7119705900D9249
:10D590000020E1F70895FC010590061621F0002017
:10D5A000D9F7C00108953197CF010895FB01DC013F
:10D5B00005900D920020E1F70895DC01FB01415038
:10D5C000504058F049F005900D920020C1F7E61B3D
:10D5D000F70B3197CF0108951C9205900020E9F7D1
:10D5E000F6CFFC0105900020E9F7809590958E0F0D
:10D5F0009F1F0895FB01DC014150504088F08D9140
:10D6000081341CF08B350CF4805E659161341CF024
:10D610006B350CF4605E861B611171F3990B0895F4
:10D62000881BFCCFFB0155915523A9F0BF01DC01FC
:10D630004D9145174111E1F759F4CD0105900020B6
:10D6400049F04D9140154111C9F3FB014111EFCF54
:10D6500081E090E001970895DC01FB0141505040CA
:10D6600058F049F001900D920020C1F7E61BF70B2E
:10D670003197CF0108951C9201900020E9F7F6CF71
:10D680000F931F93CF93DF93CDB7DEB72E970FB6CF
:10D69000F894DEBF0FBECDBF0E891F89888D998D8E
:10D6A0002EE02C831A83098397FF02C080E090E864
:10D6B00001979E838D83AE01445E5F4F6A8D7B8DA3
:10D6C000CE01019648D14D815E8157FD0AC02F8160
:10D6D0003885421753070CF49A01020F131FF80103
:10D6E00010822E960FB6F894DEBF0FBECDBFDF912D
:10D6F000CF911F910F9108950F931F93CF93DF93B5
:10D70000CDB7DEB72E970FB6F894DEBF0FBECDBFF4
:10D710000E891F898EE08C831A8309838FEF9FE720
:10D720009E838D83AE01465E5F4F688D798DCE01FD
:10D73000019611D12F813885020F131FF801108235
:10D740002E960FB6F894DEBF0FBECDBFDF91CF91FE
:10D750001F910F9108950F931F93CF93DF93CDB730
:10D76000DEB72E970FB6F894DEBF0FBECDBF8C018B
:10D77000FA018EE08C831A83098377FF02C060E090
:10D7800070E8615071097E836D83A901BF01CE01EC
:10D790000196E1D04D815E8157FD0AC02F81388509
:10D7A000421753070CF49A01020F131FF80110825D
:10D7B0002E960FB6F894DEBF0FBECDBFDF91CF918E
:10D7C0001F910F91089540D008F481E00895E894E6
:10D7D00009C097FB3EF490958095709561957F4FB9
:10D7E0008F4F9F4F9923A9F0F92F96E9BB27939567
:10D7F000F695879577956795B795F111F8CFFAF477
:10D80000BB0F11F460FF1BC06F5F7F4F8F4F9F4FA7
:10D8100016C0882311F096E911C0772321F09EE805
:10D82000872F762F05C0662371F096E8862F70E06B
:10D8300060E02AF09A95660F771F881FDAF7880F45
:10D840009695879597F90895990F0008550FAA0B9B
:10D85000E0E8FEEF16161706E807F907C0F0121603
:10D860001306E407F50798F0621B730B840B950B06
:10D8700039F40A2661F0232B242B252B21F408955B
:10D880000A2609F4A140A6958FEF811D811D0895F8
:10D890000BD064C555D528F05AD518F0952309F05A
:10D8A00046C54BC511248EC56AD5A0F3959FD1F30B
:10D8B000950F50E0551F629FF001729FBB27F00D3E
:10D8C000B11D639FAA27F00DB11DAA1F649F662793
:10D8D000B00DA11D661F829F2227B00DA11D621FE2
:10D8E000739FB00DA11D621F839FA00D611D221F9C
:10D8F000749F3327A00D611D231F849F600D211D80
:10D90000822F762F6A2F11249F5750408AF0E1F022
:10D9100088234AF0EE0FFF1FBB1F661F771F881F6B
:10D9200091505040A9F79E3F510570F000C54AC57F
:10D930005F3FECF3983EDCF3869577956795B79556
:10D94000F795E7959F5FC1F7FE2B880F911D969580
:10D95000879597F908952F923F924F925F926F9219
:10D960007F928F929F92AF92BF92CF92DF92EF926F
:10D97000FF920F931F93CF93DF9300D000D000D07E
:10D980001F921F92CDB7DEB77C013B018A01FC01DB
:10D9900017821682838181FFD0C1CE0101965C017E
:10D9A000F7019381F30193FD859193FF81913F01ED
:10D9B000882309F449C1853239F493FD859193FF99
:10D9C00081913F01853221F4B70190E022D4E8CF64
:10D9D000912C212C312CFFE1F31538F08B3211F111
:10D9E00090F4803209F1833229F137FC3CC020EDFC
:10D9F000280F2A3050F536FE20C08AE0989E200D70
:10DA00001124922E06C08D3291F0803371F7689404
:10DA100030F8F30193FD859193FF81913F018111CE
:10DA2000DACF21C0689431F8689432F8F2CF689464
:10DA300033F8EFCF689434F8ECCFEAE02E9E200D57
:10DA40001124222E689435F8E4CF8E3229F436FC66
:10DA5000FBC0689436F8DDCF8C3619F4689437F83B
:10DA6000D8CF8836B1F2982F9F7D95549330D8F057
:10DA7000833691F18337B1F1833509F05EC0280117
:10DA8000F2E04F0E511CF801C080D180692D70E08A
:10DA900036FC02C06FEF7FEFC601A5D34C0168943E
:10DAA00037F882010AC00C5F1F4FFFE3F983882417
:10DAB0008394912C6501E89437F833FE2AC0522CE8
:10DAC0008114910459F5552009F46ACFB70180E219
:10DAD00090E09FD35A94F7CFF801808189830E5F3D
:10DAE0001F4FE5CF2801F2E04F0E511CF801C08016
:10DAF000D180692D70E036FC02C06FEF7FEFC60168
:10DB00007DD34C018201D7CFB70180E290E081D371
:10DB10002A942814190409F0B8F7D1CFF60137FC7C
:10DB2000859137FE81916F01B70190E072D351105A
:10DB30005A94F1E08F1A9108C3CF843619F08936D0
:10DB400009F073C0F80137FE67C06081718182817E
:10DB500093810C5F1F4FF32DFF763F2E97FF09C077
:10DB600090958095709561957F4F8F4F9F4F6894EA
:10DB700037F82AE030E0A5017CD3C82ECA188C2CD7
:10DB8000432C36FE0CC0E89440F8C91440F434FE2F
:10DB900005C032FC03C0F32DFE7E4F2E892C44FEBF
:10DBA000A6C0FE01EC0DF11D8081803309F098C004
:10DBB000242D297E422E842D8870582E43FCA5C02A
:10DBC00040FE9FC09C2C821418F42C0C922C9818A8
:10DBD00044FEA1C0B70180E390E01BD342FE08C021
:10DBE00088E790E041FE02C088E590E0B70111D3DC
:10DBF000C91408F49CC0CA94D12C9FEFC91AD90A41
:10DC0000CA0CDB1CF60182916F01B70190E001D3D1
:10DC1000AC14BD04B9F757CF60817181072E000C99
:10DC2000880B990B0E5F1F4F96CFD32CE894D4F836
:10DC30002AE030E08537E1F1232D297FD22E8F367F
:10DC4000A9F1F0F4883551F1F701868197812B967F
:10DC50000FB6F894DEBF0FBECDBFDF91CF911F91FD
:10DC60000F91FF90EF90DF90CF90BF90AF909F907B
:10DC70008F907F906F905F904F903F902F9008957E
:10DC8000803749F0883701F7D4FE02C06894D2F893
:10DC900020E130E00DC06894D4F8F6CF34FE03C024
:10DCA000822F8660D82E20E132E002C028E030E0EA
:10DCB000F801D7FE0EC060817181828193810C5F73
:10DCC0001F4FA501D6D2C82ECA183D2CE89437F8AC
:10DCD00056CF6081718190E080E00E5F1F4FF1CFE1
:10DCE00042FC02C0839467CF8394839464CF842DD5
:10DCF000867809F460CFF6CFB70180E290E089D250
:10DD000083948214C8F3512C63CF522C5818821478
:10DD100008F45ECFF8CF842D867809F469CF8BE2C2
:10DD200041FE80E247FC8DE2B70190E060CFB70191
:10DD300080E390E06ED29A945BCF8FEF9FEF87CF16
:10DD40008F929F92AF92BF92CF92DF92EF92FF920B
:10DD50000F931F93CF93DF9300D000D000D0CDB7A7
:10DD6000DEB76A01F22EB02E102FFBE3AF2EA01605
:10DD700008F41BE31F5F012F27E0AE014F5F5F4FE9
:10DD800057D1BC018981982F9970913009F44EC008
:10DD90009BE2E1FC04C09E2D9170E0FC49C05E2D29
:10DDA0005071E82FE87083FF55C084E0911101C0E5
:10DDB00083E0EF2DE81B8F1508F0E0E0D6018E2FF1
:10DDC00020E25523C9F1992329F0D6019C93C6017D
:10DDD00001966C0196012D5F3F4FE2FE33C08EE449
:10DDE000D6018C9391E411969C93119712968C9383
:10DDF000D9018E2F90E281112AC0E20FF32FF11D7D
:10DE000010828EEF9FEF29960FB6F894DEBF0FBEFB
:10DE1000CDBFDF91CF911F910F91FF90EF90DF90D9
:10DE2000CF90BF90AF909F908F9008959DE2B7CF15
:10DE300090E2B5CF2D9381508111FCCFCE0ED11C35
:10DE4000E0E0C1CF8EE6D6018C9391E6CCCF9D93D6
:10DE50008150D1CF482F447082FF3DC084E09111A2
:10DE600001C083E08F1510F4EF2DE81BD6018E2F33
:10DE700020E2552309F1992329F0D6019C93C6018C
:10DE800001966C0196012D5F3F4FE2FE1BC089E4B5
:10DE9000D6018C938EE411968C93119786E412969A
:10DEA0008C93D9018E2F90E2882309F4A6CF9D93FD
:10DEB0008150FACF2D9381508111FCCFCE0ED11C11
:10DEC000E0E0D9CF89E6D6018C938EE611968C934B
:10DED000119786E6E4CF9B0177FF02C030E020E097
:10DEE000A1E0B0E0911102C0B0E0A0E0F9013196EC
:10DEF000AE0FBF1F8B2C912CBB2009F461C05401C5
:10DF0000EFEFAE1ABE0AAA0DBB1DFA161B0619F0DA
:10DF100014F04F2D4A1B511188C0E3FC59C0760103
:10DF2000A42FB0E2A1114FC0C40ED11C992309F453
:10DF30005BC040E0D6011196F60190836D01552338
:10DF400009F448C0012F060F9A81582F507184FFA1
:10DF500003C0913309F4015010160CF047C009308A
:10DF600008F008E0EEE2FE2E5B01A01AB108850180
:10DF70009194819491082F3F320729F4D601FC92A5
:10DF8000F60131966F016217730794F102171307B8
:10DF90007CF5DB01A21BB30BAA24A394B12CAC0E1D
:10DFA000BD1EAA0DBB1D11968C9121503109D601C1
:10DFB000119628153905F4F0F60180836D01DBCF49
:10DFC000B12CA12CA0CFF701B1937F01A150AACF12
:10DFD0009111B0CFD601942F50E302C05D939150C0
:10DFE0009111FCCFC40ED11C40E0ACCF01E0BACF00
:10DFF00080E3DBCF6217730731F4963388F49533EF
:10E0000011F4552369F0F6018083FD01842F90E21D
:10E01000811108C0A40FB11D1C9290E080E0F3CEE6
:10E0200081E3F1CF91938150F3CF911183CF8ACFC8
:10E03000283008F027E03327DA01990F311D87FDDA
:10E04000916000966105710539F432602E5F3D9351
:10E0500030E32A95E1F708959F3F30F0803871054D
:10E06000610509F03C5F3C5F3D93913008F08068AA
:10E07000911DDF93CF931F930F93FF92EF92192F70
:10E08000987F9695E92F96959695E90FFF27EB5384
:10E09000FE4F99273327EE24FF24A701E7010590BF
:10E0A0000894079428F4360FE71EF81E491F511DE7
:10E0B000660F771F881F991F0694A1F70590079494
:10E0C00028F4E70EF81E491F561FC11D770F881F41
:10E0D000991F661F0694A1F70590079428F4F80E7F
:10E0E000491F561FC71FD11D880F991F661F771F15
:10E0F0000694A1F70590079420F4490F561FC71FF7
:10E10000D81F990F661F771F881F0694A9F784915F
:10E110001095177041F0D695C79557954795F79488
:10E12000E7941A95C1F7EBE6F1E068941590159124
:10E1300035916591959105907FE27395E118F10A0B
:10E14000430B560BC90BD009C0F7E10CF11E431F5E
:10E15000561FC91FD01D7EF4703311F48A95E6CF87
:10E16000E894015030F0080F0AF40027021708F471
:10E17000202F2395022F7A3328F079E37D932A9577
:10E18000E9F710C07D932A9589F6069497956795CF
:10E19000379517951794E118F10A430B560BC90BE5
:10E1A000D00998F023957E9173957A3308F070E347
:10E1B0007C932013B8F77E9170617D9330F0839546
:10E1C00071E37D9370E32A95E1F71124EF90FF90BE
:10E1D0000F911F91CF91DF91992787FD9095089519
:10E1E000992788270895FC0105906150704001101F
:10E1F000D8F7809590958E0F9F1F0895FC01615070
:10E20000704001900110D8F7809590958E0F9F1F58
:10E2100008950F931F93CF93DF93182F092FEB01CE
:10E220008B8181FD09C01FEF0FEF812F902FDF91B0
:10E23000CF911F910F91089582FF14C02E813F81CD
:10E240008C819D81281739073CF4E881F981CF0141
:10E2500001969983888310838E819F8101969F8385
:10E260008E83E3CFE885F985812F1995892BA1F35A
:10E27000DACFFA01AA27283051F1203181F1E89450
:10E280006F936E7F6E5F7F4F8F4F9F4FAF4FB1E0A9
:10E290003ED0B4E03CD0670F781F891F9A1FA11DA4
:10E2A000680F791F8A1F911DA11D6A0F711D811DA5
:10E2B000911DA11D20D009F468943F912AE0269F6A
:10E2C00011243019305D3193DEF6CF010895462FC9
:10E2D0004770405D4193B3E00FD0C9F7F6CF462FAA
:10E2E0004F70405D4A3318F0495D31FD4052419313
:10E2F00002D0A9F7EACFB4E0A695979587957795D0
:10E300006795BA95C9F700976105710508959B0156
:10E31000AC010A2E06945795479537952795BA95DF
:10E32000C9F7620F731F841F951FA01D089597F9E9
:10E330009F6780E870E060E008959FEF80EC0895AB
:10E3400000240A94161617061806090608950024D4
:10E350000A9412161306140605060895092E03944E
:10E36000000C11F4882352F0BB0F40F4BF2B11F4C2
:10E3700060FF04C06F5F7F4F8F4F9F4F089557FD21
:10E380009058440F551F59F05F3F71F04795880F23
:10E3900097FB991F61F09F3F79F0879508951216BA
:10E3A00013061406551FF2CF4695F1DF08C0161666
:10E3B00017061806991FF1CF869571056105089417
:10E3C0000895E894BB2766277727CB0197F908952E
:10E3D000F999FECF92BD81BDF89A992780B508952D
:10E3E000262FF999FECF1FBA92BD81BD20BD0FB671
:10E3F000F894FA9AF99A0FBE01960895DB018F936B
:10E400009F9349D0BF91AF91A29F800D911DA39F73
:10E41000900DB29F900D11240895A1E21A2EAA1B0F
:10E42000BB1BFD010DC0AA1FBB1FEE1FFF1FA217C4
:10E43000B307E407F50720F0A21BB30BE40BF50BC1
:10E44000661F771F881F991F1A9469F7609570954A
:10E45000809590959B01AC01BD01CF010895052EDB
:10E4600097FB16F400940FD057FD05D0D6DF07FCBC
:10E4700002D046F408C050954095309521953F4F05
:10E480004F4F5F4F089590958095709561957F4FA0
:10E490008F4F9F4F089509D0A59F900DB49F900D69
:10E4A000A49F800D911D11240895A29FB001B39FD8
:10E4B000C001A39F700D811D1124911DB29F700D8D
:10E4C000811D1124911D0895AA1BBB1B51E107C09A
:10E4D000AA1FBB1FA617B70710F0A61BB70B881FF4
:10E4E000991F5A95A9F780959095BC01CD01089583
:10E4F00097FB072E16F4009406D077FD08D0E4DFD2
:10E5000007FC05D03EF4909581959F4F0895709536
:10E5100061957F4F0895EE0FFF1F881F8BBF0790F7
:10E52000F691E02D1994AA27992329F4A85F982B36
:10E5300011F480E10895903118F4AD5F9295A395A0
:10E54000990FE8F78A2F992708955058BB27AA27D3
:10E550000ED004CFF5DE30F0FADE20F031F49F3F2C
:10E5600011F41EF4EACE0EF4E095E7FBE0CEE92FBD
:10E5700006DF80F3BA17620773078407950718F060
:10E5800071F49EF51ECF0EF4E0950B2EBA2FA02D40
:10E590000B01B90190010C01CA01A0011124FF2750
:10E5A000591B99F0593F50F4503E68F11A16F0404B
:10E5B000A22F232F342F4427585FF3CF469537954A
:10E5C0002795A795F0405395C9F77EF41F16BA0B0F
:10E5D000620B730B840BBAF09150A1F0FF0FBB1FBD
:10E5E000661F771F881FC2F70EC0BA0F621F731F06
:10E5F000841F48F4879577956795B795F7959E3F63
:10E6000008F0B3CF9395880F08F09927EE0F9795F0
:10E610008795089595DE58F080E891E009F49EEF23
:10E6200096DE28F040E851E059F45EEF09C085CE4F
:10E63000C8CEE92FE078A3DE68F3092E052AC1F3DE
:10E64000261737074807590738F00E2E07F8E02538
:10E6500069F0E025E0640AC0EF6307F8009407FA68
:10E66000DB01B9019D01DC01CA01AD01EF9359D075
:10E6700075DE0AD05F91552331F02BED3FE049E480
:10E6800050FD49EC63CF0895DF93DD27B92FBF77A5
:10E6900040E85FE31616170648075B0710F4D92F0A
:10E6A00081D19F938F937F936F93FBD1E4EEF0E042
:10E6B000FED054DE2F913F914F915F91F5D8DD232D
:10E6C00049F09058A2EA2AED3FE049EC5FE3D078A8
:10E6D0005D274DDFDF9142CE49D180F09F3740F476
:10E6E00091110EF46FCE60E070E080E89FE3089532
:10E6F00026F01B16611D711D811DB0C0CAC0FED061
:10E70000E39523C10CD02ACE22DE40F019DE30F092
:10E7100021F45F3F19F00BCE511154CE0ECE2FDEF7
:10E7200098F39923C9F35523B1F3951B550BBB27D8
:10E73000AA2762177307840738F09F5F5F4F220F85
:10E74000331F441FAA1FA9F333D00E2E3AF0E0E87E
:10E7500030D091505040E695001CCAF729D0FE2FCA
:10E7600027D0660F771F881FBB1F2617370748075C
:10E77000AB07B0E809F0BB0B802DBF01FF27935812
:10E780005F4F2AF09E3F510568F0D1CD1BCE5F3F11
:10E79000ECF3983EDCF3869577956795B795F795FA
:10E7A0009F5FC9F7880F911D9695879597F90895F2
:10E7B000E1E0660F771F881FBB1F6217730784078E
:10E7C000BA0720F0621B730B840BBA0BEE1F88F79D
:10E7D000E095089504D06894B111F4CD0895D7DD83
:10E7E00088F09F5790F0B92F9927B751A0F0D1F03A
:10E7F000660F771F881F991F1AF0BA95C9F712C0C4
:10E80000B13081F0DEDDB1E00895DBCD672F782FE8
:10E810008827B85F39F0B93FCCF38695779567952F
:10E82000B395D9F73EF490958095709561957F4F9B
:10E830008F4F9F4F08959AD080F09F3740F49111E9
:10E840000EF0C0CD60E070E080E89FEB089526F404
:10E850001B16611D711D811D01C01BC0882371F431
:10E86000772321F09850872B762F07C0662311F469
:10E8700099270DC09051862B70E060E02AF09A95A0
:10E88000660F771F881FDAF7880F9695879597F997
:10E8900008959F3F31F0915020F4879577956795C3
:10E8A000B795880F911D9695879597F90895DF93F1
:10E8B000CF931F930F93FF92EF92DF927B018C0116
:10E8C000689406C0DA2EEF010E9454ECFE01E89431
:10E8D000A5912591359145915591A6F3EF0147DE1C
:10E8E000FE019701A801DA9471F7DF90EF90FF9095
:10E8F0000F911F91CF91DF9108951FCD48DDE8F36F
:10E90000E894E0E0BB279F57F0F02AED3FE049ECA8
:10E9100006C0EE0FBB0F661F771F881F28F0B23AA4
:10E9200062077307840728F0B25A620B730B840BDB
:10E93000E3959A9572F7803830F49A95BB0F661F6D
:10E94000771F881FD2F79048A6CFEF93E0FF06C04D
:10E95000A2EA2AED3FE049EC5FEB09DEFFDC0F9015
:10E96000039401FC9058E1E1F1E0ABC010DDA0F0B0
:10E97000BEE7B91788F4BB279F3860F41616B11D9F
:10E98000672F782F8827985FF7CF869577956795BB
:10E99000B11D93959639C8F308950E9424EC08F4AC
:10E9A0008FEF08959B01AC0160E070E080E89FE389
:10E9B000A9CEEDDC58F19E5758F19851A0F0E9F03E
:10E9C000983020F5092E9927660F771F881F991F09
:10E9D0000A94D1F712C0062E672F782F8827985FE8
:10E9E00011F4000C07C0993FB4F3869577956795AD
:10E9F0009395D9F7611D711D811D3EF49095809509
:10EA0000709561957F4F8F4F9F4F08956894DACC32
:10EA1000D8CC9F9373DF0F9007FCEE5F96CF11F475
:10EA20000EF48BCC36CFB3DCD0F39923D9F3CEF3ED
:10EA30009F57550B87FF3ED00024A0E640EA900187
:10EA400080585695979528F4805C660F771F881F2D
:10EA500020F026173707480730F4621B730B840B2E
:10EA6000202931294A2BA695179407942025312572
:10EA70004A2758F7660F771F881F20F02617370799
:10EA8000480730F4620B730B840B200D311D411DC0
:10EA9000A09581F7B901842F9158880F9695879595
:10EAA00008959B01AC010C9448EC0E9424EC880B67
:10EAB000990B089591505040660F771F881FD2F729
:10EAC00008959F938F937F936F93FF93EF939B0191
:10EAD000AC010E9448ECEF91FF91E9DE2F913F914C
:10EAE0004F915F910C9448EC9111089581548A5193
:10EAF00008F4805E855A0895FB01DC0104C08D9105
:10EB00000190801921F441505040C8F7881B990B9F
:10EB10000895FB01DC0102C001900D92415050406C
:10EB2000D8F70895DC0101C06D9341505040E0F7E3
:10EB30000895FB01DC018D9181341CF08B350CF4C0
:10EB4000805E619161341CF06B350CF4605E861B55
:10EB5000611189F3990B0895FC018191861721F0C9
:10EB60008823D9F7992708953197CF010895FB019C
:10EB7000DC0101900D920020E1F70895FB01DC011A
:10EB80004150504030F08D910190801919F40020CF
:10EB9000B9F7881B990B0895FC0181E090E0019082
:10EBA000061609F4CF010020D1F7019708950F93BD
:10EBB0001F93CF93DF93CDB7DEB72E970FB6F894A0
:10EBC000DEBF0FBECDBF0E891F8986E08C831A83FE
:10EBD00009838FEF9FE79E838D83AE01465E5F4F73
:10EBE000688D798DCE0101960E94ABEC2F8138851E
:10EBF000020F131FF80110822E960FB6F894DEBF95
:10EC00000FBECDBFDF91CF911F910F91089517E1F6
:10EC1000CAE3D7E100E005C0802FFE017CDC21962D
:10EC2000011DCB33D10780E00807B1F7F894FFCF7F
:10EC3000FF05C0D40100640005020A00C800FFFF00
:10EC4000FF64005555854264000000803FAA0064BF
:10EC50000101FF060101FFFFFF3F0000FF3F000031
:10EC60000000FF3F01010000000000000000000064
:10EC700000000000009643000096430000C84300D7
:10EC8000000543FFFF0000803F000000000000007F
:10EC90000000000000000000000000000000000074
:10ECA0000000000000000000000000000000000064
:10ECB0000000000000000000000000000000000054
:10ECC0000000000000000000000000000000000044
:10ECD0000000000000000000000000000000000034
:10ECE00000000000000000000000000000FF000025
:10ECF0000000000000000000000000000000000014
:10ED00000000000000000000000000000000000003
:10ED100000000000000000000000000000000000F3
:10ED200000000000000000000000000000000000E3
:10ED300000000000000000000000000000000000D3
:10ED4000000000000000000000000000000000FFC4
:10ED500000000000000000000000000000000000B3
:10ED600000000000000000000000000000000000A3
:10ED70000000000000000000000000000000000093
:10ED80000000000000000000000000000000000083
:10ED90000000000000000000000000000000000073
:10EDA0000000000000000000000000000000000063
:10EDB00000FF000000000000000000000000000054
:10EDC0000000000000000000000000000000000043
:10EDD0000000000000000000000000000000000033
:10EDE0000000000000000000000000000000000023
:10EDF0000000000000000000000000000000000013
:10EE00000000000000000000000000000000000002
:10EE1000000000FFFF440000000000470048000021
:10EE200000000000010101000020410000914300AA
:10EE300000A04100002041000091430000A0415883
:10EE4000595A450000D841000040403333B3BF0059
:10EE500000204100002041CDCCCC3E0000A040006D
:10EE600000C07F0000C07F0000C07FFF003C0001A9
:10EE7000000040400000344200000000000000009C
:10EE800000000000000050410000000000000041B0
:10EE90006400000064000000030000006400000043
:10EEA00064000000030000000300000003000000F5
:10EEB0001E00000000002041000091430000A0411E
:10EEC00001020408DF99801A563930000A05062E1F
:10EED00001000800200040008000000100042F50C5
:10EEE0004C520000004842000048420000804000B0
:10EEF0000000400000000048704A71636FF66F4BDD
:10EF00006F6B6EED6E506E06700B6FD36B566C555B
:10EF10006C256400257500256C7500256C64004522
:08EF200052520058595A00003A
:00000001FF
