:100000000C943B170C947B170C947B170C947B1768
:100010000C947B170C947B170C947B170C947B1718
:100020000C947B170C947B170C947B170C947B1708
:100030000C947B170C947B170C947B170C947B17F8
:100040000C947B170C944F7C0C947B170C947B17AF
:100050000C947B170C94467B0C947B170C9470CB00
:100060000C947B170C94E14E0C94CD4E0C947B17A2
:100070000C947B170C947B170C947B170C947B17B8
:100080000C947B170C947B170C947B170C947B17A8
:100090000C94A34E0C94D74E0C947B170C947B17A6
:1000A0000C947B170C947B170C947B170C947B1788
:1000B0000C947B170C947B170C947B170C947B1778
:1000C0000C947B170C947B170C947B170C94794E33
:1000D0000C94434E0C947B170C947B170C947B1759
:1000E0000C947B17084AD73B3BCE016E84BCBFFD06
:1000F000C12F3D6C74319ABD56833DDA3D00C77FF8
:1001000011BED9E4BB4C3E916BAAAABE0000008090
:100110003F05A84CCDB2D44EB93836A9020C50B91F
:10012000918688083CA6AAAA2ABE000000803F004B
:100130004E414E494E495459494E46CDCCCC3D0ACC
:10014000D7233C17B7D13877CC2B329595E6241FAF
:10015000B14F0A000020410000C84200401C462068
:10016000BCBE4CCA1B0E5AAEC59D7400407A10F33B
:100170005A00A0724E18090010A5D4E80000E876D5
:1001800048170000E40B54020000CA9A3B0000002C
:10019000E1F505000080969800000040420F000045
:1001A00000A08601000000102700000000E8030006
:1001B0000000006400000000000A000000000001D0
:1001C00000000000002C76D888DC674F0823DFC1D0
:1001D000DFAE59E1B1B796E5E3E453C63AE651998B
:1001E0007696E8E6C28426EB898C9B62ED407C6FB4
:1001F000FCEFBC9C9F40F2BAA56FA5F490055A2A6B
:10020000F75C936B6CF9676DC11BFCE0E40D47FE76
:10021000F520E6B500D0ED902E030094357705006B
:1002200080841E080000204E0A000000C80C3333F2
:1002300033330F986E12831141EF8D2114893BE601
:100240005516CFFEE6DB18D1844B381BF77C1D908A
:100250001DA4BBE424203284725E228100C9F124F3
:10026000ECA1E53D27434F4D4D554E49434154497F
:100270004F4E0044525952554E004552524F525320
:1002800000494E464F004543484F00627567666916
:10029000782D322E312E780057616E68616F2044C0
:1002A00039204D4B320053544F505045442E2000BE
:1002B0005072696E7465722073746F70706564201B
:1002C00064756520746F206572726F72732E20469C
:1002D000697820746865206572726F7220616E643F
:1002E00020757365204D39393920746F207265731C
:1002F000746172742E202854656D70657261747516
:1003000072652069732072657365742E205365745D
:1003100020697420616674657220726573746172FD
:1003200074696E67290A004E6F20436865636B73BA
:10033000756D2077697468206C696E65206E756DC7
:100340006265722C204C617374204C696E653A2092
:10035000004E6F20436865636B73756D2077697419
:1003600068206C696E65206E756D6265722C204C1C
:10037000617374204C696E653A2000636865636B35
:1003800073756D206D69736D617463682C204C61A9
:100390007374204C696E653A20004C696E65204E7E
:1003A000756D626572206973206E6F74204C617385
:1003B00074204C696E65204E756D6265722B312C10
:1003C000204C617374204C696E653A20004D3131C8
:1003D000300053657269616C2073746174757320A9
:1003E0006D69736D617463680A00534420726561BE
:1003F00064206572726F720A00746F6F206D75638E
:100400006820696E6163746976652074696D652022
:100410002D2063757272656E7420636F6D6D616EF1
:10042000643A20002121204B494C4C2063617573B4
:1004300065642062792000627573793A2070617575
:1004400073656420666F7220696E7075740A00624D
:100450007573793A2070617573656420666F7220D8
:10046000757365720A00627573793A2070726F63F2
:10047000657373696E670A00534420436172642098
:1004800072656164206572726F72004D3130303078
:100490005300506F776572204F7574616765004631
:1004A000696C616D656E742072756E6F7574204530
:1004B0002564004D363030002066696C616D656ED4
:1004C000745F72756E6F7574200066696C616D651E
:1004D0006E745F72756E6F757420540046696C613E
:1004E0006D656E7452756E6F7574205400506C6536
:1004F00061736520526573657400706F7765726F04
:100500006666004B494C4C45442E20005072696E83
:100510007465722068616C7465642E206B696C6C04
:1005200028292063616C6C6564210A006563686F2B
:100530003A004572726F723A0042696C696E656189
:1005400072204C6576656C696E6720477269643A03
:100550000A005072696E74204F626A002F2F616327
:1005600074696F6E3A006E6F74696669636174696D
:100570006F6E20006E6F74696669636174696F6E77
:10058000200070726F6D70745F00626567696E0045
:10059000656E640073686F7700627574746F6E00C7
:1005A000486F74656E6420746F6F20636F6C640AAB
:1005B000004D323453004D323320004739322E394A
:1005C0004500473146004731463630305A00473102
:1005D000463330303058004D31303650004D3130D8
:1005E0003953004D32303044004739322E395A00E9
:1005F0004D34323053004732385230585900473169
:10060000463630305A004739322E395A004739328F
:100610002E394530004D31303953004D313930538A
:10062000004D3432305330004F46460A0046616474
:1006300065204865696768742000426564204C65E0
:1006400076656C696E6720004661696C656420742C
:100650006F20656E61626C6520426564204C657632
:10066000656C696E670A00496E76616C6964206D1D
:100670006573682E0A0050726F62696E6720506F52
:10068000696E740025532025692F2569002E0A0004
:100690002F0050726F62696E67206D6573682070FD
:1006A0006F696E742000202844525952554E29001B
:1006B000473239204175746F20426564204C65765D
:1006C000656C696E67003F20284C2C522C462C42EA
:1006D00029206F7574206F6620626F756E64732EAB
:1006E0000A0020756E6974732F6D696E290A003FC8
:1006F00046656564726174652028532920746F6FA4
:10070000206C6F772E20285573696E6720003F2874
:1007100056296572626F7365206C6576656C206919
:100720006D706C61757369626C652028302D342999
:100730002E0A00426164205A2076616C75650A00B9
:100740004E6F2062696C696E6561722067726964C0
:100750000A007061757365640048656164206361B7
:100760006E6E6F74206265207061726B65640050FC
:100770006175736500496E736572742066696C619A
:100780006D656E7420616E64207072657373206293
:100790007574746F6E0A0052656865617420446FE9
:1007A0006E6500526568656174696E672E2E2E0055
:1007B00052656865617400486561746572205469AA
:1007C0006D656F7574005072657373206275747413
:1007D0006F6E20746F2068656174206E6F7A7A6C1A
:1007E000650A004E6F7A7A6C65205061726B6564A1
:1007F0000044697361626C6552756E6F7574005068
:10080000757267654D6F7265005061757365640040
:100810004C6F61642046696C616D656E7420540094
:100820004C6F61642046696C616D656E7400496E41
:10083000736572742066696C616D656E7420616E9B
:100840006420707265737320627574746F6E0A0031
:10085000726573756D656400526573756D696E6759
:100860000020496E76616C696420657874727564E5
:1008700065722000536C6565702E2E2E005B505DF6
:1008800061726B696E67207374796C652028302EF5
:100890002E34292E003F496E76616C696420005A1F
:1008A0002050726F62652050617374204265640A43
:1008B000005A2050726F6265205061737420426547
:1008C0006400473238004D65736820706F696E743C
:1008D000206F7574206F662072616E67650A006212
:1008E0006567696E00436F6E74696E7565004D30A3
:1008F0002053746F70004D312053746F7000436C3F
:1009000069636B20746F20526573756D652E2E2E92
:10091000004E6F204D6F76652E00456E642066692F
:100920006C65206C6973740A00426567696E2066A5
:10093000696C65206C6973740A004E6F206D656484
:1009400069610A00534420636172642072656C65BA
:10095000617365640A00526573756D696E67205333
:100960004400526573756D65005061757365205361
:100970004400286E6F2066696C65290043757272A9
:10098000656E742066696C653A20004E6F74205362
:1009900044207072696E74696E670A005344207057
:1009A00072696E74696E6720627974652000507296
:1009B000696E742074696D653A20007061757365A5
:1009C000006F6B004C696E653A20006F66660086AA
:1009D0000281027A027302650244454255473A0099
:1009E0004D3131322053687574646F776E004D312C
:1009F000313320530057616E68616F204439204DB8
:100A00004B32204F46462E0020732E0A00496E615D
:100A1000637469766974792074696D656F75742083
:100A20000020204D39322058002F2F002044002074
:100A3000204D32303020530020204D3230312058AC
:100A40000020450020204D32303320580020520035
:100A500020204D323034205000204A002054002005
:100A6000530020204D3230352042003F4A206F7520
:100A700074206F662072616E67652028302E3031D9
:100A800020746F20302E33290A0020204D3230365A
:100A900020580020580020204D61783A2000200086
:100AA00020204D696E3A2000203B200020204D324E
:100AB0003131205300250A0046523A0020466C6F1F
:100AC000773A200050726F6265204F6666736574D6
:100AD000205A0050726F6265204F666673657420FD
:100AE0005A0020440020490020204D33303120504E
:100AF0000064697300656E0043290061626C65647F
:100B000020286D696E2074656D702000436F6C64E1
:100B100020657874727564657320617265200020A9
:100B20003B20486F73742068616E646C696E672047
:100B30000046696C616D656E742072756E6F7574B8
:100B400020004D34323120696E636F7272656374B8
:100B500020706172616D657465722075736167657F
:100B60000A004D65736820706F696E74206F75742C
:100B7000206F662072616E67650A004F6666736556
:100B80007473204170706C696564004D494E2F4D3F
:100B9000415820546F6F2046617200546F6F206679
:100BA00061722066726F6D204D494E2F4D41580A7B
:100BB00000454550524F4D204F4B0A00203B00202E
:100BC000550020204D363033204C0020286D6D29F3
:100BD00000203B00205A0020590020204D3835319C
:100BE000205800290A0020746F20003F5A206F759A
:100BF00074206F662072616E6765202800290A00E4
:100C000020746F20003F59206F7574206F6620722A
:100C1000616E6765202800290A0020746F20003F5C
:100C200058206F7574206F662072616E676520288A
:100C3000004F4646004F4E00203B200020204D3400
:100C400031332053004D383400446F6E652070728C
:100C5000696E74696E672066696C650A004D373786
:100C6000004D3331004361703A00434F4E464947CF
:100C70005F4558504F5254004D4541545041434BED
:100C800000434F4F4C45525F54454D5045524154DF
:100C9000555245004348414D4245525F54454D50E1
:100CA000455241545552450045505F4241425953C7
:100CB00054455000424142595354455050494E47C3
:100CC0000041524353004D4F54494F4E5F4D4F44E6
:100CD000455300544845524D414C5F50524F544586
:100CE0004354494F4E00455854454E4445445F4D8A
:100CF000323000435553544F4D5F4649524D574192
:100D000052455F55504C4F4144004C464E5F575240
:100D1000495445004C4F4E475F46494C454E414D66
:100D200045004155544F5245504F52545F53445F14
:100D30005354415455530053445F5752495445004E
:100D4000524550454154004D554C54495F564F4C07
:100D5000554D45005344434152440050524F4D506D
:100D6000545F535550504F525400484F53545F41B5
:100D70004354494F4E5F434F4D4D414E4453004500
:100D80004D455247454E43595F50415253455200DD
:100D9000434153455F4C494748545F425249474895
:100DA000544E45535300544F47474C455F4C4947B9
:100DB00048545300534F4654574152455F504F5784
:100DC0004552004255494C445F50455243454E54AC
:100DD000004C4556454C494E475F44415441005AEA
:100DE0005F50524F42450052554E4F5554004155A9
:100DF000544F4C4556454C005052494E545F4A4F53
:100E0000420050524F4752455353004155544F52A0
:100E100045504F52545F54454D50004155544F5228
:100E200045504F52545F504F5300564F4C554D450F
:100E30005452494300454550524F4D0042494E419E
:100E400052595F46494C455F5452414E53464552B4
:100E50000053455249414C5F584F4E5F584F4646EC
:100E6000004649524D574152455F4E414D453A4D1E
:100E700061726C696E206275676669782D322E31F9
:100E80002E782028536570203134203230323620BD
:100E900031343A32323A30352920534F5552434596
:100EA0005F434F44455F55524C3A676974687562B9
:100EB0002E636F6D2F4D61726C696E4669726D772E
:100EC0006172652F4D61726C696E2050524F544FA4
:100ED000434F4C5F56455253494F4E3A312E3020C6
:100EE0004D414348494E455F545950453A57616E0C
:100EF00068616F204439204D4B32204B494E454D9F
:100F000041544943533A43617274657369616E2079
:100F100045585452554445525F434F554E543A310B
:100F200020555549443A63656465326132662D3413
:100F30003161322D343734382D396231322D6335F9
:100F4000356336326633363766660047322F4733AD
:100F50002062616420706172616D65746572730AEC
:100F6000005A2050726F6265205061737420426590
:100F70006400205A3A0020593A0042656420583AE9
:100F8000004732384F00220A00656E71756575653D
:100F9000696E672022006F6B0A00526573656E648C
:100FA0003A20002569730025696D202569730025A5
:100FB00069682025696D20256973002569642025ED
:100FC00069682025696D20256973002569792025C8
:100FD0006964202569682025696D202569730020D2
:100FE000460020420020204D313034205300436F12
:100FF0006F6C696E672E2E2E004531202553002020
:10100000573A0042656420436F6F6C696E672E2EFD
:101010002E004265642048656174696E672E2E2E2D
:101020000023646566696E652044454641554C540D
:101030005F005049442074756E696E6720646F6E5E
:1010400065004175746F74756E65206661696C65C5
:1010500064212054696D656F75742E004175746F3D
:1010600074756E65206661696C6564212054656DD8
:10107000706572617475726520746F6F206869673E
:10108000682E004175746F74756E65206661696CB9
:1010900065642120426164206578747275646572AC
:1010A0002E00504944204175746F74756E65004B75
:1010B0004420004B4920004B5020005049442074EC
:1010C000756E696E6720646F6E65002066696E6973
:1010D00073686564212050757420746865206C61A4
:1010E0007374204B702C204B6920616E64204B641C
:1010F00020636F6E7374616E74732066726F6D20FF
:1011000062656C6F7720696E746F20436F6E6669DD
:101110006775726174696F6E2E680A0050494420C9
:101120004175746F74756E6500206661696C6564E5
:10113000212074696D656F75740A0050494420411F
:1011400075746F74756E65004175746F74756E6536
:10115000206661696C6564212054696D656F7574E2
:101160002E00206661696C6564212054656D706590
:1011700072617475726520746F6F20686967680AA0
:1011800000504944204175746F74756E6500504974
:1011900044204379636C65730025532025692F250E
:1011A0006900204B643A2000204B693A2000204B14
:1011B000703A200020436C61737369632050494486
:1011C000200A002054753A2000204B753A20002058
:1011D0006D61783A2000206D696E3A200020643AF3
:1011E000200020626961733A200048656174696E6D
:1011F000672E2E2E002073746172740A00504944C9
:10120000204175746F74756E65004175746F7475E7
:101210006E65206661696C6564212054656D70653A
:1012200072617475726520746F6F20686967682ECB
:1012300000206661696C6564212054656D7065727B
:10124000617475726520746F6F20686967680A0041
:10125000504944204175746F74756E65005049445F
:10126000204175746F74756E65003F28432979635A
:101270006C6573206E6F7420706C61757369626C3D
:101280006520283E3D33292E0A00206661696C6581
:10129000642120426164206865617465722069641C
:1012A0000A00504944204175746F74756E650000E2
:1012B0002002000000A81D0000012002000000A87C
:1012C0001D0000022002000000A81D0000032002F3
:1012D000000000A81D0000042002000000284F00AC
:1012E000000520020000006C1D0000062000000028
:1012F00000491D0000072002000000161D00000824
:1013000020020000002A1D00000920020000003D0C
:101310003500000A2002000000121800000B200215
:10132000000000E31900000E2002000000E01C0095
:10133000000F2002000000C61C0000102002000068
:10134000000C500000112002000000DF4F000012CE
:101350002002000000DF4F0000142002000000B750
:101360004F0000152002000000061D00001620029C
:10137000000000951C0000172002000000591C000E
:10138000001820020000000A1800001920020000C6
:10139000004B1B00001A2000000000894000001BC9
:1013A0002000000000042700001C2002000000FEB6
:1013B0001700001D2002000000EB1700001E200295
:1013C000000000ED1B00001F20020000005E400036
:1013D000002020020000001C1B0000212002000051
:1013E000001C1B00002220020000001C1B00002328
:1013F0002002000000DB1A0000242002000000E3AD
:10140000170000252000000000D01A000026200050
:10141000000000473F00002720020000004D400070
:1014200000282002000000DB170000292002000035
:1014300000BC1700002A2002000000991A00002BAF
:101440002000000000EB3F00002C2002000000D72D
:101450003F00002D2002000000B53F00002E2002BA
:10146000000000891A00002F2000000000B61700BD
:10147000002030020000000000EE77253020000040
:101480000000009777453020000000000097776546
:101490003020000000000097778530200000000019
:1014A000009777A5302000000000009777C5300234
:1014B00000000000004378C6302000000000005EFD
:1014C00077E6300201000000000480E8300F0100E0
:1014D0000000001890F7300201000000009D75BE6A
:1014E000310200000000003193F8300201110200C7
:1014F00000A974F9300201000000008C75FC300274
:1015000001EC0700003F74FD300201F0070000A964
:1015100074FE300200000000007875FF3002019771
:101520000B00003F74003102019B0B0000A9740105
:101530003102000000000078750531020100000052
:10154000006C7506310201C50B0000D5730731022E
:101550000009020000547508310201000000002259
:10156000770931020000000000C6722231020087B4
:101570000600008A7323310200890600008A732462
:10158000310200000000004075253102000A02000F
:10159000008A7326310201260A00003F74273102B7
:1015A000012A0A00003F74283102012E0A00003F80
:1015B00074293102008B06000054752A31020000A4
:1015C00000000013772B3102000000000028752C6A
:1015D0003102000C0200008A732D3104010000006A
:1015E000002D762F31040100000000F17531310427
:1015F0000100000000B57533311800980200006347
:10160000764B31180000000000C076633110008B6B
:1016100002000063767331020000000000836D74E5
:1016200031020000000000846D75311800000000D8
:10163000009A768D311800000000008976A53118D7
:1016400000000000007876BD3102000000000001BB
:101650009300400201000088170F75014020028CA2
:10166000067D1AAB76214002000802596D3E7322B6
:101670004002000000132300752340020000004BCD
:1016800023F67400500200000000009D7501500018
:101690000000007D170000000000000000000000B6
:1016A000004E6F7420616C6C6F7765642077686999
:1016B0006C652069646C65004E6F7420616C6C6FA2
:1016C00077656420647572696E67207072696E74E4
:1016D000004E6F205344204361726420446574655A
:1016E000637465640043616E6E6F7420656E74652B
:1016F00072207375626469723A20004E6F206669C9
:101700006C652073656C6563746564004D323500EB
:10171000526573756D65005549205061757365009C
:10172000726573756D65004D323400436F6F6C697F
:101730006E672E2E2E004D3530300047323900486E
:101740006F6D696E672072657175697265640054AA
:10175000656D706572617475726520746F6F206C51
:101760006F77004732385A004732385859004732AD
:101770003858595A00486F6D696E672E2E2E0045F5
:101780007865637574696E6720636F6D6D616E64F3
:101790002E2E2E004D353030004D353032004D3577
:1017A000303000504944206175746F74756E696EF5
:1017B000672E2E2E004D3330334325644525645368
:1017C00025645531004265642050494420646973A2
:1017D00061626C6564004D313030304300496E7693
:1017E000616C6964207265636F76657279206461EB
:1017F0007461004D31303030004275737900BD3175
:10180000000033314B3163317331743175318D31B7
:10181000A531000023400000224000002B312C3174
:1018200021402D312F31313100002A31000001409B
:10183000000026312731283129310000FF300031E6
:10184000243125310000223123310000FF300031E6
:10185000FC30FD30083109310000FF300031FC3030
:10186000FD30000006310731000005310000004066
:101870000000FF3000310131FC30FD30FE3000004F
:10188000FF300031FC30FD300000FF300031FC3013
:10189000FD30E630E830005000000031FD300040FF
:1018A000F830F93006310000FF300031FC30FD30F7
:1018B000E630E830F730BE310000203025304530CA
:1018C00065308530A530C530C6300000FF300031AE
:1018D000FC30FD300000029078036093046C930AA2
:1018E0005A9B0BEE9A0CBA9A0D7B720E9E6D0F935B
:1018F0006D10DD9A11A09A13896D16856D00000098
:1019000001CC1802BA1803A818049A18058A1806F8
:101910008018077218086E18096A180B64180C5A98
:10192000180D4C180E46180F3C18103218112E18AE
:10193000122A18131C18141818151418160218F95E
:10194000FE1700000047305A313000473238004758
:1019500032380047305A30004730582564592564E2
:101960000047305A340047323800486F6D696E675F
:101970002E2E2E0042757379004457494E2047554C
:10198000492F4F53207570646174652072657175BD
:1019900069726564002564782564782564002D00EB
:1019A0002D002D004D3530300050726F62696E672A
:1019B000206661696C65640050726F62696E6720B1
:1019C0007375636365737366756C0063616E6365DD
:1019D0006C005072696E742041626F7274656400AD
:1019E0004469736D6973730055492041626F727465
:1019F0006564006F70656E00545249474745524513
:101A000044003A200066696C616D656E74007A5F0F
:101A10006D696E00795F6D696E00785F6D696E004B
:101A20005265706F7274696E6720656E6473746F4F
:101A300070207374617475730A0020746F6F206C6A
:101A40006F6E6720657874727573696F6E2070723F
:101A50006576656E7465640A0020636F6C6420654A
:101A60007874727573696F6E2070726576656E74C6
:101A700065640A00486F6D6520257320466972739E
:101A8000740000000000000000000000000057612A
:101A9000726E696E673A20486F6D696E6720427595
:101AA0006D702044697669736F72203C20310A00A2
:101AB0000202040000FA430000FA430000FA430067
:101AC00000A0400000A040000000400000FA4300D9
:101AD00000FA430000FA430000000000000000008C
:101AE000000000454550524F4D20777269746520C3
:101AF0006661696C65640053657474696E67732010
:101B000053746F72656400290A00206279746573EA
:101B10003B20637263200053657474696E677320A1
:101B200053746F726564202800204D61726C696E79
:101B30003D563930290A00454550524F4D207665B3
:101B40007273696F6E206D69736D617463682028AC
:101B5000454550524F4D3D00454550524F4D206434
:101B600061746173697A65206572726F722E0A0002
:101B70004572723A20454550524F4D204352430022
:101B8000202863616C63756C6174656429210A00A7
:101B900020213D2000454550524F4D2043524320C7
:101BA0006D69736D61746368202D202873746F7282
:101BB0006564292000454550524F4D20436F727295
:101BC0007570740A002053697A653A2000496E6482
:101BD00065783A200053746F72656420736574747D
:101BE000696E67732072657472696576656400203A
:101BF00062797465733B2063726320002073746F95
:101C00007265642073657474696E6773207265749D
:101C1000726965766564202800454550524F4D2015
:101C200072656164206661696C6564004545505267
:101C30004F4D20496E697469616C697A65640A0068
:101C4000454550524F4D20496E697469616C697AFF
:101C5000656400454550524F4D20726573657400B0
:101C600048617264636F6465642044656661756C85
:101C7000742053657474696E6773204C6F6164657A
:101C8000640000009643000096430000A04000005E
:101C9000C8410000A0420000A0420000C84300006C
:101CA000C842B80B0000B80B000064000000102709
:101CB000000024F4D43050C38D20C3A24117828B7E
:101CC0007011127A900D826CDA0AA861E108C75887
:101CD0006607615142061F4B5E05C145A6041B41C4
:101CE0001204093D9703723931034136DB02663332
:101CF0009202D4305302812E1D02642CEE01762A0A
:101D0000C501B128A101102781018F2564012B2471
:101D10004A01E1223401AD2120018D200C01811FF7
:101D2000FC00851EED00981DDF00B91CD200E71BEA
:101D3000C700201BBB00651AB200B319A9000A191D
:101D4000A0006A189800D217920040178A00B616B1
:101D5000840032167E00B41579003B157400C71458
:101D60006F0058146A00EE13660088136200261391
:101D70005E00C8125B006D12570016125500C111AB
:101D8000510070114E0022114C00D61049008D10E8
:101D900046004710450002104200C00F4000800F6F
:101DA0003E00420F3C00060F3A00CC0E3900930E65
:101DB00037005C0E3500270E3400F30D3200C10DE4
:101DC0003100900D2F00610D2F00320D2D00050DFB
:101DD0002C00D90C2A00AF0C2A00850C28005D0CC1
:101DE0002800350C27000E0C2500E90B2500C40B3C
:101DF0002400A00B23007D0B22005B0B21003A0B7B
:101E00002100190B2000F90A1F00DA0A1F00BB0A83
:101E10001E009D0A1D00800A1C00640A1C00480A5E
:101E20001C002C0A1B00110A1A00F7091A00DD0910
:101E30001900C4091900AB091800930918007B099F
:101E40001700640917004D0917003609160020090C
:101E500015000B091500F6081500E1081500CC085F
:101E60001400B8081400A4081300910813007E0899
:101E700013006B08120059081200470812003508B9
:101E80001200230811001208110001081000F107C8
:101E90001100E0071000D0071000C0070F00B107C5
:101EA0001000A1070F0092070F0083070F007407AF
:101EB0000E0066070E0058070E004A070E003C078A
:101EC0000E002E070D0021070D0014070D00070757
:101ED0000D00FA060D00ED060C00E1060D00D4061B
:101EE0000C00C8060C00BC060C00B0060B00A506D2
:101EF0000C0099060B008E060B0083060B0078067B
:101F00000B006D060B0062060B0057060A004D061B
:101F10000A0043060B0038060A002E060A002406B3
:101F200009001B060A0011060A0007060900FE0543
:101F30000A00F4050900EB050900E2050900D905CE
:101F40000900D0050900C7050800BF050900B6054E
:101F50000900AD050800A50508009D0508009505C8
:101F600009008C050800840508007C05070075053C
:101F700008006D050800650507005E0508005605A8
:101F800007004F0508004705070040050700390511
:101F90000700320507002B050700240507001D0573
:101FA0000700160507000F050600090507000205D2
:101FB0000600FC040700F5040600EF040700E8042F
:101FC0000600E2040600DC040600D6040600D00485
:101FD0000700C9040500C4040600BE040600B804D6
:101FE0000600B2040600AC040600A6040500A10425
:101FF00006009B04050096040600900405008B046F
:10200000060085040500800405007B0405007604B5
:102010000600700405006B040500660405006104F9
:1020200005005C04050057040500520405004D043A
:10203000050048040400440405003F0405003A0478
:10204000040036040500310405002C0404002804B3
:102050000500230404001F0405001A0404001604EC
:102060000400120405000D04040009040400050422
:10207000040001040500FC030400F8030400F40359
:102080000400F0030400EC030400E8030400E4038C
:102090000400E0030400DC030400D8030400D403BC
:1020A0000300D1030400CD030400C9030400C503E9
:1020B000040000000000000000000000000000001C
:1020C00000000000000000000000D1036D64035711
:1020D0000D0347C6023B8B023259022B2E02250903
:1020E0000221E8011CCC011AB201179B01148701DF
:1020F0001374011163010F54010E46010D39010DD6
:102100002C010B21010A17010A0D0109040108FC29
:102110000008F40007ED0007E60007DF0006D9001D
:1021200006D30005CE0006C80005C30004BF0005A5
:10213000BA0004B60004B20004AE0004AA0004A66B
:102140000003A300049F00039C0003990003960072
:10215000039300029100038E00028C0003890002A9
:102160008700038400028200028000027E00027C5D
:1021700000027A0002780002760001750002730006
:10218000027100017000026E00016D00026B00011F
:102190006A000268000167000265000164000163D3
:1021A00000016200026000015F00015E00015D004D
:1021B000015C00015B00015A000159000158000157
:1021C000570001560001550001540001530001520F
:1021D00000015100005100015000014F00014E006C
:1021E000014D00004D00014C00014B00014A000070
:1021F0004A0001490001480000480001470001462B
:102200000000460001450000450001440001430074
:102210000043000142000042000141000041000172
:102220004000004000013F00003F00013E00003E32
:1022300000013D00003D00013C00003C00013B006E
:10224000003B00013A00003A00013900003900006B
:10225000390001380000380001370000370000372E
:102260000001360000360000360001350000350060
:10227000013400003400003400013300003300005A
:102280003300013200003200003200013100003121
:10229000000031000031000130000030000030004B
:1022A000012F00002F00002F00002F00012E000042
:1022B0002E00002E00012D00002D00002D00002D0D
:1022C00000012C00002C00002C00002C00012B0031
:1022D000002B00002B00002B00012A00002A000028
:1022E0002A00002A00002A000129000029000029F4
:1022F0000000290001280000280000280000280014
:102300000028000127000027000027000027000008
:1023100027000126000026000026000026000026D7
:1023200000002600012500002500002500002500F2
:1023300000250000250001240000240000240000E6
:1023400024000024000024000123000023000023B7
:1023500000002300002300002300012200002200CF
:1023600000220000220000220000220000220001C2
:102370002100002100002100002100002100002197
:1023800000002100012000002000002000002000AB
:10239000002000002000002000002000011F00009D
:1023A0001F00001F00001F00001F00001F00001F73
:1023B000000020436F756E7420583A004265640037
:1023C000453100626564002C2073797374656D205B
:1023D00073746F7070656421204865617465725F05
:1023E00049443A20004572723A204D415854454DB7
:1023F00050004D415854454D5020747269676765CF
:102400007265640048656174696E67204661696C35
:1024100065640048656174696E67206661696C6512
:1024200064004572723A204D494E54454D50004D5E
:10243000494E54454D5020747269676765726564F2
:1024400000544845524D414C2052554E4157415938
:1024500000546865726D616C2052756E61776179A8
:1024600000202F002042403A0020403A0020573AF6
:10247000000009121B242D363F48415A536C657EDB
:102480007719100B023D342F265158434A757C674B
:102490006E323B2029161F040D7A7368615E574C1B
:1024A000452B2239300F061D14636A7178474E554B
:1024B0005C646D767F4049525B2C253E3708011ADB
:1024C000137D746F6659504B42353C272E1118030B
:1024D0000A565F444D727B60691E170C053A33281B
:1024E000214F465D546B627970070E151C232A310B
:1024F000384148535A656C777E09001B122D243FE2
:102500003658514A437C756E671019020B343D26CC
:102510002F737A6168575E454C3B3229201F160D98
:10252000046A6378714E475C55222B3039060F14CC
:102530001D252C373E0108131A6D647F7649405BD8
:10254000523C352E2718110A03747D666F5059428C
:102550004B171E050C333A21285F564D447B726998
:10256000600E071C152A233831464F545D626B708C
:102570007900002100240027002A002D00300033BC
:102580000001010000040107010A010000211042BE
:102590002063308440A550C660E770088129914AC5
:1025A000A16BB18CC1ADD1CEE1EFF131121002734C
:1025B000325222B5529442F772D662399318837B15
:1025C000B35AA3BDD39CC3FFF3DEE362244334209C
:1025D000040114E664C774A44485546AA54BB52865
:1025E000850995EEE5CFF5ACC58DD553367226112C
:1025F000163006D776F6669556B4465BB77AA719B5
:10260000973887DFF7FEE79DD7BCC7C448E55886F3
:1026100068A7784008611802282338CCC9EDD98E04
:10262000E9AFF9488969990AA92BB9F55AD44AB78B
:102630007A966A711A500A333A122AFDDBDCCBBF54
:10264000FB9EEB799B588B3BBB1AABA66C877CE45B
:102650004CC55C222C033C600C411CAEED8FFDECA4
:10266000CDCDDD2AAD0BBD688D499D977EB66ED56B
:102670005EF44E133E322E511E700E9FFFBEEFDDF4
:10268000DFFCCF1BBF3AAF599F788F8891A981CAD1
:10269000B1EBA10CD12DC14EF16FE18010A100C2B0
:1026A00030E3200450254046706760B9839893FB5F
:1026B000A3DAB33DC31CD37FE35EF3B1029012F300
:1026C00022D2323542145277625672EAB5CBA5A8AF
:1026D0009589856EF54FE52CD50DC5E234C324A050
:1026E0001481046674476424540544DBA7FAB7993F
:1026F00087B8975FE77EF71DC73CD7D326F23691A0
:1027000006B01657667676154634564CD96DC90E06
:10271000F92FE9C899E9898AB9ABA94458654806EF
:10272000782768C018E1088238A3287DCB5CDB3F9E
:10273000EB1EFBF98BD89BBBAB9ABB754A545A373F
:102740006A167AF10AD01AB32A923A2EFD0FED6C6E
:10275000DD4DCDAABD8BADE89DC98D267C076C648F
:102760005C454CA23C832CE01CC10C1FEF3EFF5D7E
:10277000CF7CDF9BAFBABFD98FF89F176E367E55DF
:102780004E745E932EB23ED10EF01E7C3C3E5E2B0C
:102790003D3F2F5B5D3B2C2A225C005761726E69C6
:1027A0006E673A005344204361726420496E697435
:1027B000204661696C0053442063617264206F6B32
:1027C0000A006F70656E526F6F74206661696C6588
:1027D000640A00766F6C756D652E696E697420668B
:1027E00061696C65640A004E6F2053442063617216
:1027F000640A000A4D3234004D3233202573002E16
:102800000A006F70656E206661696C65642C2046F5
:10281000696C653A200046696C652073656C656378
:102820007465640A002053697A653A200046696C31
:1028300065206F70656E65643A2000454E442053F4
:102840005542524F5554494E450A002220706F732D
:10285000002220706172656E743A22005355425214
:102860004F5554494E452043414C4C20746172678A
:1028700065743A220053756263616C6C204F766513
:1028800072666C6F77004578636565646564206D7A
:10289000617820535542524F5554494E4520646546
:1028A0007074683A002E0A0044656C6574696F6E36
:1028B000206661696C65642C2046696C653A20006D
:1028C00046696C652064656C657465643A0057728E
:1028D0006974696E6720746F2066696C653A2000C0
:1028E000667265736800646F696E67002066696C64
:1028F000653A20004E6F7720002F6175746F256355
:102900002E67002001400130013B0140013601608B
:1029100001310170012C0190012701B0012201C099
:10292000011D01F00118011002130130020E0160B7
:1029300002090190020401C002FF000003FA0040F6
:1029400003F5008003F000D003EB002004E60070E4
:1029500004E100E004DC004005D700C005D20040DF
:1029600006CD00D006C8008007C3003008BE00F0C6
:1029700008B900C009B400B00AAF00B00BAA00D07B
:102980000CA500000EA000500F9B00C01096005038
:1029900012910000148C00C0158700B0178200B09F
:1029A000197D00D01B7800001E730040206E00903F
:1029B000226900F024640040275F0090295A00E05B
:1029C0002B5500102E500020304B0010324600E0F6
:1029D00033410090353C001037370070383200A08A
:1029E000392D00B03A2800A03B2300603C1E0010A7
:1029F0003D1900903D1400103E0F00703E0A00C0CB
:102A00003E0500003F0000403FFBFF803FF6FFC057
:102A10003FF1FF2020506C616E6E657242756666F4
:102A2000657242797465733A2000204672656520AC
:102A30004D656D6F72793A200020436F6D70696C3F
:102A400065643A2053657020313420323032360AC2
:102A500000204C61737420557064617465643A2081
:102A6000323032362D30392D3038207C204175748B
:102A7000686F723A2053796C3231202B20436C619D
:102A80007564650A004D61726C696E2062756766D7
:102A900069782D322E312E780A0020536F667477B4
:102AA0006172652052657365740A00205761746312
:102AB00068646F672052657365740A002042726F04
:102AC000776E206F75742052657365740A00204517
:102AD000787465726E616C2052657365740A00507B
:102AE0006F77657255700A0073746172740A0047DB
:102AF00032385859004D31303031006572726F7282
:102B00002077726974696E6720746F2066696C65DE
:102B10000A00446F6E6520736176696E672066698E
:102B20006C652E0A004D323900456E6473746F7007
:102B3000730025532025632025632025632025630A
:102B400000205A3A0020593A0020583A00656E6435
:102B500073746F7073206869743A2000000022005B
:102B6000250028002B002E00310034000201000057
:102B7000050108010B0105050505070508080808FA
:102B8000020202020A0A0808040404040101010105
:102B90000101010103030303030303030407070700
:102BA0000C0C0C0C0C0C0C0C0202020206060606A5
:102BB000060606060B0B0B0B0B0B0B0B0102102072
:102BC0002008081020401020408002010201080463
:102BD00002010102040810204080804020100804F7
:102BE0000201800402018040201008040201080450
:102BF0000201010204081020408001020408102094
:102C0000408000000A0B02090C0D0E0807030401A6
:102C100000000000000000000000000000000000B4
:102C20000000000000000000000000000000121181
:102C30001000000000000000000000000000000084
:102C4000000000000000000000486F6D696E672002
:102C50004661696C656400FFFFFF205A3A2000203E
:102C6000793A200042656420583A200050726F6221
:102C7000696E67204661696C65640A0050726F6214
:102C8000696E67204661696C65640043616E6E6FB2
:102C900074206F70656E20737562646972200052D3
:102CA0004553554D45204F5054494F4E533A0048D7
:102CB000656174696E672E2E2E000000436C696397
:102CC0006B20746F20686561740000005265737535
:102CD0006D696E672E2E2E00000050757267696E4A
:102CE000672E2E2E0000004C6F6164696E672E2ED9
:102CF0002E000000496E7365727420616E6420437B
:102D00006C69636B000000436C69636B20746F2017
:102D1000636F6E74696E7565000000456A65637463
:102D2000696E672E2E2E000000506C656173652061
:102D3000776169742E2E2E0000005061726B696EEF
:102D4000672E2E2E000000220A00556E6B6E6F77E4
:102D50006E20636F6D6D616E643A2022006F6B00B0
:102D600057616E68616F204439204D4B32205265A7
:102D70006164792E005072696E74696E672E2E2E12
:102D8000005072696E7420506175736564004572FD
:102D9000726F722077726974696E6720746F204554
:102DA0004550524F4D210A00DB0FC93F45BCDA3F69
:102DB0008FB30240FCF0274056946140FE4B9B408D
:102DC00084A5D840E0231841346A5641E859974118
:102DD00064DBD5416E271742B4B75542CE1A9742ED
:102DE000C8AED542B5885A43D40684BFA65FA7BFF4
:102DF0007443E0BF10B11AC01C2C58C0E8F697C04D
:102E0000B849D6C04E4E17C124D355C1802497C1AE
:102E1000A0B5D5C1121A17C244AE55C2781797C2D1
:102E20006CACD5C267885AC320746F6F206C6F6E0C
:102E30006720657874727573696F6E20707265763D
:102E4000656E7465640A0020636F6C642065787435
:102E5000727573696F6E2070726576656E746564E5
:102E60000A0020453A00205A3A0020593A00583AC0
:102E7000000093DF75DF11241FBECFEFD1E2DEBF6C
:102E8000CDBF00E00CBF84B780933E1714BE0FB6D1
:102E9000F894A895809160008861809360001092FA
:102EA00060000FBE14E0A0E0B2E0ECE2FCEE01E056
:102EB0000BBF02C007900D92A83FB107D9F727E1D9
:102EC000A8EFB4E001C01D92AE33B207E1F717E1FD
:102ED000CAE3D7E100E006C021970109802FFE0177
:102EE0000E9489F2C933D10780E00807A9F70E9440
:102EF000CEE00C9405F60C9400008091AD068F5F37
:102F00008093AD068A3018F080EF80936C090895A5
:102F1000CF93FC01808191818115904429F5FB01BB
:102F2000C1816C2F70E090E080E00E94E5EB20E032
:102F300030E048EC52E40E94CBF418160CF4C4E6DE
:102F40002C2F30E0AFEFB0E00E9453F224E630E0E7
:102F500040E050E00E942DF22F3F310519F010F0B3
:102F60002FEF30E020932012CF9108951092360772
:102F700081E0809338070895FB0181818F3F19F02C
:102F8000882381F008952CE330E030930D022093E4
:102F90000C028093B00685E08093080281E0809364
:102FA0003807089588EC90E090930D0280930C020E
:102FB0001092B006F0CFFB018181811103C086E140
:102FC00080936C090895FB01818180938B0681E0D9
:102FD000809338070895FB01808191819827892784
:102FE0009827893C910510F088EC90E090930B02B3
:102FF00080930A0281E0809338070895FB01818164
:1030000091E0980F923028F48093100281E0809331
:1030100038070895FB0181818093090281E0809344
:1030200038070895CF92DF92EF92FF92CF93DF930C
:10303000FB01C081D181DC27CD27DC27BE010D2E0D
:10304000000C880B990B0E94E7EB6B017C0120E0E0
:1030500030E040E251E40E94E1EB87FD0DC020E04A
:1030600030E04AEF53E4C701B6010E94CBF41816D2
:103070002CF4C4EFD1E002C0CAE0D0E0D093120239
:10308000C093110281E080933807DF91CF91FF90C8
:10309000EF90DF90CF900895CF93DF93C091F0072A
:1030A000D091F10781E0CE31D105E4F020E030E0AD
:1030B00040E05FE36091EC077091ED078091EE07CF
:1030C0009091EF070E94A4F20E94E8F36C1B7D0B25
:1030D00077FF03C071956195710981E063307105D7
:1030E0000CF080E0DF91CF91089587FD26C081111B
:1030F00011C08091B80A2091B90A8217F1F0E22F2D
:10310000F0E0E854F54F828190E02F5F2F77209315
:10311000B90A0895813089F48091360A2091370ADE
:10312000821759F0E22FF0E0EA5CF54F828190E0DF
:103130002F5F2F772093370A08958FEF9FEF089521
:10314000CF93DF93DB01F9019C919130C1F0943072
:1031500080F094509C938830D1F4808191810097C5
:1031600071F0019791838083480F591FEA011882FB
:1031700006C08C3539F49C5F9C93943041F4DF9108
:10318000CF9108958B3339F781E08C93F8CF20816C
:103190003181B9016F5F7F4F71836083420F531F8D
:1031A000EA018883808191818F3591056CF7E7CFA3
:1031B0000F931F9381E00091760B1091770B209174
:1031C000780B3091790B4091720B5091730B609199
:1031D000740B7091750B041715072607370708F451
:1031E00080E01F910F91089590E080E00895209174
:1031F0006312833021F425FD0CC024FD0CC030E0A7
:10320000A90102C0559547958A95E2F7CA018170D8
:10321000089581E0089580E008950F931F93CF9360
:10322000DF93EC0101E719E0F8012081318142814F
:103230005381688179818A819B810E94A4F268838D
:1032400079838A839B83F801248135814681578164
:103250006C817D818E819F810E94A4F26C837D832D
:103260008E839F83F801208531854285538568854B
:1032700079858A859B850E94A4F2688779878A87E9
:103280009B87DF91CF911F910F91089580915006F8
:1032900084FD0BC08091520687FD07C090915306B4
:1032A000937081E019F480E0089581E008952FEB98
:1032B000280F2A3108F047C0E22FF0E08091500635
:1032C00090915106A0915206B091530604C0B69554
:1032D000A795979587952A95D2F780FD02C08170B2
:1032E0000895EE59FA4FE081EE2341F1809187096C
:1032F00090918809E80FF92FF11D808190ED980FCA
:103300009A3030F08E3251F4818180538A3098F4B3
:10331000F0935905E093580581E008958D3211F03E
:103320008B3249F4818190ED980F9A3088F38E3278
:1033300011F48281EACFF0E0E0E0EACF1092590583
:1033400010925805E9CF80E00895B1DF882341F05D
:1033500081E02091580530915905232B09F480E034
:1033600008950F931F93CF93DF93C82FD0E0FE01F2
:10337000EE0FFF1FE95EFD4F71836083CC0FDD1FF1
:10338000CC0FDD1F8E010B5A1D4F072E000C880B32
:10339000990B0E94E7EB2AE037ED43E25CE30E94E1
:1033A00046ECC25BD84F288139814A815B810E94FB
:1033B00046ECF8016083718382839383DF91CF9120
:1033C0001F910F910895FC01808191818B30904273
:1033D00059F4FB016081718176276727762780E0A9
:1033E000C0DF81E0809338070895809152078111F2
:1033F0000EC020911D0230911E022150310981E042
:1034000040919B0B50919C0B421753070CF080E0AE
:10341000089591E0909354069091D10095FD0CC0D1
:103420009091D00095FF08C08093D6008091D00085
:1034300080648093D0000895209155062F5F2F72ED
:103440000FB607FC27C090915606921328C09091A2
:10345000D00095FF1EC090915606409155069413DA
:1034600006C09091D1009F7D9093D10012C0E92FAA
:10347000F0E0EB5AF94F32819F5F9F723093D60094
:10348000909356063091D00030643093D0004917A5
:1034900041F3D9CF90915606921301C0FBCFE09132
:1034A0005506F0E0EB5AF94F828320935506809140
:1034B000D10080628093D10008950F931F93CF9322
:1034C000DF93EC01162F042F8AE5A3DF85EAA1DF45
:1034D00083E0800F9EDF812F9CDF8D2F9ADF8C2F62
:1034E000DF91CF911F910F9194CF40E355E760E0BA
:1034F00070E089EF97E10C944894FC0142814423E9
:1035000039F084819581009719F050E00C9487F58B
:103510000895CF93FB01C181C13031F40E94F39231
:10352000811104C0C0933807CF9108950E94B191D2
:10353000F9CFCF93DF93EB010E94279481110AC04A
:1035400040E355E760E070E089EF97E1DF91CF91CC
:103550000C944894888199819827892798272091ED
:10356000B0062F3F29F02223A9F0DF91CF910895D3
:103570008536910514F084E690E08530910514F4C9
:1035800085E090E090930D0280930C0281E080939F
:103590003807EBCF863F910584F385EF90E0EDCFC0
:1035A000ECE8F6E081E2DF011D928A95E9F781E01F
:1035B000809338070895CF93FB0180918B0681306B
:1035C00029F050F1823019F1CF91089560E070E058
:1035D00080E89FE32181223069F118F5222319F058
:1035E0009058213089F7C0E024E0C29FF0011124F7
:1035F000EA5DF54F20813181428153810E94A4F21E
:103600004C2F0E9476C881E080933807DDCF6DECA7
:103610007CEC8CEC9DE3DECF60E070E080E291E436
:10362000D9CF243021F028F09058253069F6C2E037
:10363000DBCF9058C1E0D8CFCF93DF93EC01FB01F3
:1036400060817181762767277627072E000C880B0B
:10365000990B0E94E7EB20E030E040E251E40E9449
:1036600080F3288139812132F0E23F0749F022328C
:1036700040E2340771F02032304241F440E001C0B2
:1036800041E00E9476C881E080933807DF91CF91B6
:10369000089542E0F6CF8F929F92AF92BF92CF9261
:1036A000DF92EF92FF92CF93DF9380916F09877043
:1036B000873091F040E355E760E070E08FE397E1F9
:1036C000DF91CF91FF90EF90DF90CF90BF90AF90C0
:1036D0009F908F900C944894EB010E942794811145
:1036E00007C040E355E760E070E089EF97E1E8CF7D
:1036F0008981833009F454C0B8F4813009F466C07C
:10370000C12CD12C60EFE62E61E4F62E823009F454
:103710005AC0DF91CF91FF90EF90DF90CF90BF9094
:10372000AF909F908F900895843009F446C0C12CCB
:10373000D12C9BEEE92E93E4F92E812C912C20EFD5
:10374000A22E21E4B22E853021F720E030E040E8BF
:1037500050E460912E0A70912F0A8091300A909166
:10376000310A0E94A4F242E00E9476C840E0C501FE
:10377000B4010E9476C841E0C701B6010E9476C834
:1037800042E060E070E0CB01DF91CF91FF90EF90DD
:10379000DF90CF90BF90AF909F908F900C9476C8A1
:1037A000C12CD12C40EFE42E41E4F42E812C912C3D
:1037B0005BEEA52E53E4B52EC8CFC12CD12C3BEE29
:1037C000E32E33E4F32E46015701BFCFC12CD12C99
:1037D0008AE7E82E83E4F82EF6CFCF93DF93EB0150
:1037E0000E94279481110AC040E355E760E070E031
:1037F00089EF97E1DF91CF910C944894809110026A
:103800008F5F8230E0F420E030E04AE253E46091E0
:10381000970B7091980B8091990B90919A0B0E9445
:10382000E1EB87FF07C040E355E760E070E08FE41D
:1038300097E1E0CF8981882329F0813039F1DF9148
:10384000CF91089560910A0270910B0290E080E0A0
:103850000E94E5EB9B01AC016091320A7091330A42
:103860008091340A9091350A0E94A3F26093320A43
:103870007093330A8093340A9093350A60E070E0C5
:1038800080E090E4DF91CF910C94A48A60910A02C9
:1038900070910B0290E080E00E94E5EB2091320AEB
:1038A0003091330A4091340A5091350A0E94A4F2B3
:1038B000DDCFCF93DF93EB010E94279481110AC0E3
:1038C00040E355E760E070E089EF97E1DF91CF9149
:1038D0000C944894898190910902923029F0933098
:1038E000C1F0DF91CF910895882371F06DEC7CECED
:1038F0008CEC9DEB0E9418C90E9419CB0E94399450
:1039000081E080933807EDCF6DEC7CEC8CEC9DE38F
:10391000F1CF882329F06AE077ED83E29CEBEACFD0
:103920006AE077ED83E29CE3E5CFCF93DF93EB0191
:103930000E942794811103C0DF91CF91D6CD688179
:103940007981762767277627072E000C880B990B3D
:103950000E94E7EB20E030E048EC52E40E9480F364
:103960002091C50B3091C60B4091C70B5091C80BED
:103970000E94A3F20E9418C90E9419CB0E94399498
:1039800081E080933807DF91CF910895FB01818119
:10399000882319F0813079F008956AE077ED83E2A9
:1039A0009CE30E9418C90E9419CB0E94399481E0BF
:1039B0008093380708956AE077ED83E29CEBF1CFBE
:1039C000FB0160817181762767277627072E000C1F
:1039D000880B990B0E94E7EB20E030E048EC52E4C2
:1039E0000E9480F32091C50B3091C60B4091C70B0C
:1039F0005091C80B0E94A3F20E9418C90E9419CBD3
:103A00000E94399481E0809338070895FB018181F9
:103A1000813031F0823039F081E0809338070895A9
:103A20000E945C7DF9CF0E94347DF6CFCF93FB01DD
:103A3000C181C13051F40E94D992811108C00E9405
:103A4000F392811104C0C0933807CF910895CF91AC
:103A50000C94B191CF93FB01C181C13031F40E942C
:103A6000D992811104C0C0933807CF91089540E1E5
:103A700057E167E177E184E00E94A8C481E89DE214
:103A80000E9474C18CE097E190932A0980932909E0
:103A9000ECCF80910E0290910F0297FF08C040E397
:103AA00055E760E070E08BEF96E10C9448940E943B
:103AB000C7D2882381F080917A0B85FD0CC00E94CB
:103AC0002794811101C011CD89E899E00E9406CCAC
:103AD00083E080936C090895CF93DF93FB0181818C
:103AE0008130D1F040F0823019F181E080933807C5
:103AF000DF91CF91089580917A0B86FDF9CF1092D6
:103B0000AF061092AE068FEF9FEF90930F02809357
:103B10000E020E94D1CBE9CF8091AE069091AF0604
:103B2000009731F301979093AF068093AE06DDCFF7
:103B3000C091AE06D091AF0626960E9479D28C171E
:103B40009D07B0F28091AE069091AF060196EBCF43
:103B50001F93CF93DF93EC01FB0111818881998141
:103B60008130904289F480917A0B84FD0BC040E350
:103B700055E760E070E081ED96E1DF91CF911F9114
:103B80000C9448940E94BACB8881998182309042EB
:103B900079F40E94D992882339F040E355E760E038
:103BA00070E088EB96E1E9CF0E94F3928111F5CFA6
:103BB000888199818330904231F010936C09DF91B4
:103BC000CF911F9108950E94D9928111F6CF0E9442
:103BD000F3928111F2CF40E355E760E070E081EAB3
:103BE00096E1CBCFFC0101900020E9F79F01215025
:103BF0003109281B390B2F33310540F4FC01E20F4A
:103C0000F31F60832E33310509F011820895CF939D
:103C1000DF93EC0140E450E00E94DBEACE01DF914B
:103C2000CF910895AB01BC014093760B5093770B75
:103C30006093780B7093790B83E894E10C9431CE08
:103C4000EF92FF920F931F93CF93DF93CDB7DEB721
:103C500064970FB6F894DEBF0FBECDBF7C01FB01A9
:103C600060817181828193818E010F5F1F4F24815A
:103C700041E00E940DE7F70101900020E9F79F0164
:103C8000215031092E193F092E31310550F44FE1F1
:103C900050E0421B530BBC01C701820F931F0E94CF
:103CA0002AEBC70164960FB6F894DEBF0FBECDBFF6
:103CB000DF91CF911F910F91FF90EF900895CF93D7
:103CC000DF93EC01FC0101900020E9F7CF0101979F
:103CD0008C1B9D0B8F33910540F440E450E0481B52
:103CE000590B8C0F9D1F0E942AEBCE01DF91CF91C3
:103CF0000895EF92FF920F931F93CF93DF93CDB769
:103D0000DEB764970FB6F894DEBF0FBECDBF7C015F
:103D1000FB0160817181828193818E010F5F1F4F52
:103D2000248141E00E940DE7BC01C701C8DF649611
:103D30000FB6F894DEBF0FBECDBFDF91CF911F91BC
:103D40000F91FF90EF9008950C940CC0682F70E0D5
:103D500090E080E00C94F3C0809158059091590553
:103D6000009731F04AE050E070E060E00C94ADE97B
:103D700060E070E0CB01089580915805909159055D
:103D8000009731F04AE050E070E060E00C9480E889
:103D900060E070E0CB010895EFDF97FD0AC0ECDF33
:103DA0006F3F71058105910509F02CF4E5DF862F41
:103DB000089580E008958FEF0895CF93C62FC5DA58
:103DC000882311F0CF91E8CF8C2FCF910895809167
:103DD000580590915905892B39F0DEDF91E081116A
:103DE00001C090E0892F089591E0FCCFCF93DF933D
:103DF000C82FD62FAADA882319F0DF91CF91E7CF09
:103E00008C2F55DA811101C08D2FDF91CF9108954C
:103E1000B3DFCB010895CF93DF93EB0196DA8823CC
:103E200019F0DF91CF91F4CFCE01DF91CF910895BA
:103E30000F931F93CF938091580590915905009748
:103E400009F1FC018F01C1912C2F2F7DA1F0C53408
:103E500031F0C53621F0C83511F0C83799F7F801AF
:103E6000108270E060E00E942AE7F801C083CF91E1
:103E70001F910F91089570E060E0CF911F910F9115
:103E80000C942AE760E070E0CB01F1CFCF92DF9293
:103E9000EF92FF926A017B0158DA882329F0FF90A4
:103EA000EF90DF90CF90C4CFC701B601FF90EF90A5
:103EB000DF90CF9008954F925F926F927F92AF9272
:103EC000BF92CF92DF92EF92FF920F931F93CF9307
:103ED000DF938FE0A82E84E0B82E06E21AE0CEE34E
:103EE000D7E091E7C92E99E0D92EF12CF501819107
:103EF0005F012BDA882321F08091D309882351F0C8
:103F0000F80180819181A281B38188839983AA83FA
:103F1000BB8315C08DDF2B013C018F2D68D9882311
:103F200009F463C0F8012081318142815381C301CA
:103F3000B2010E94A4F2688379838A839B83F394FD
:103F40000C5F1F4F2496F4E0CF0ED11C83E0F812D3
:103F5000CDCF85E4FAD9882309F451C069DF6B011C
:103F60007C0183E044D9882371F02091320A30919A
:103F7000330A4091340A5091350AC701B6010E94B4
:103F8000A4F26B017C01C0924A07D0924B07E092E9
:103F90004C07F0924D0740E050E0BA0186E476DF2E
:103FA00020E030E0A9010E94CBF418167CF440DF39
:103FB00020E030E040E752E40E9480F36093130277
:103FC000709314028093150290931602DF91CF91A3
:103FD0001F910F91FF90EF90DF90CF90BF90AF9027
:103FE0007F906F905F904F900895F601208131810E
:103FF00042815381C301B2010E94A3F29CCF809100
:10400000320A9091330AA091340AB091350A809314
:104010004A0790934B07A0934C07B0934D07BBCF33
:1040200080916B09833018F046DF0C94EBA808955B
:10403000EF92FF920F931F93CF93DF93CDB7DEB72D
:104040002C970FB6F894DEBF0FBECDBF7C017F93D7
:104050006F9381EE94E09F938F938E010F5F1F4FBC
:104060001F930F930E94D5F5B801C70128DE0F906A
:104070000F900F900F900F900F902C960FB6F89412
:10408000DEBF0FBECDBFDF91CF911F910F91FF908B
:10409000EF900895EF92FF920F931F93CF93DF93CA
:1040A000CDB7DEB7A4970FB6F894DEBF0FBECDBF75
:1040B000F82E8093D5098FE18F1508F489C080917F
:1040C000D409F81624F081E08F0D8093D40981E0A3
:1040D00090E00F2C02C0880F991F0A94E2F7092E76
:1040E000000CAA0BBB0B4091D6095091D7096091E7
:1040F000D8097091D90984239523A623B72321E0F9
:10410000892B8A2B8B2B09F420E02093D309F7FC11
:1041100062C04FE150E062E575E08E010F5F1F4F16
:10412000C8010E94DBEAF80101900020E9F7CF0105
:104130000197801B910B8E31910560F420E2F8010C
:10414000E80FF91F20838D31910521F08C0F9D1F01
:10415000FC0112828F2D0F2C000C990B9F93FF9264
:1041600081EE94E09F938F937E01F0E2EF0EF11CBD
:10417000FF92EF920E94D5F5F80101900020E9F737
:10418000CF010197801B910B0F900F900F900F9014
:104190000F900F908E31910548F44FE150E0481B8D
:1041A000590BB701800F911F0E942AEB40E060E09D
:1041B000C8010E94D991A4960FB6F894DEBF0FBE35
:1041C000CDBFDF91CF911F910F91FF90EF90089598
:1041D0001092D3099CCF0E9422C4EDCFCF92DF92E0
:1041E000EF92FF92CF936B017C01C42F80916412F8
:1041F0008F5F09F4CEC08093641280916412809323
:104200001E1320E030E040E752E460911302709109
:10421000140280911502909116020E9446EC0E94B1
:10422000EDF3709376126093751280911102909164
:1042300012029093781280937712809117029091D6
:10424000180290937A1280937912C0927B12D092C6
:104250007C12E0927D12F0927E1280911D13C0FBC1
:1042600080F980931D1387E0E3EDF9E0AFE7B2E159
:1042700001900D928A95E1F78CE0ECE1F9E0A6E877
:10428000B2E101900D928A95E1F78CE0E1E7F9E067
:10429000A2E9B2E101900D928A95E1F78091D407ED
:1042A00090911D1380FB94F990931D13882381F046
:1042B0008091D0079091D107A091D207B091D307F8
:1042C00080939E1290939F12A093A012B093A1127C
:1042D00080919B0B90919C0B9093A3128093A212C0
:1042E0008091F0079091F1079093A5128093A4120A
:1042F000809120128093A61280911D1390919F09A6
:1043000090FB83F980931D138091A0099091A109DE
:10431000A091A209B091A3098093A7129093A8122B
:10432000A093A912B093AA120E94E68F609318136B
:104330007093191380931A1390931B138091631237
:1043400080931C139091DA0980911D1393FB81F9DE
:104350009091520790FB82F980931D1380E00E9498
:1043600066DA40E050E0BA0184E293E10E9431CE87
:104370004BEB50E064E672E184E293E10E9454CF9B
:1043800084E293E1CF91FF90EF90DF90CF900C9477
:104390001AD481E030CFAF92BF92CF92DF92EF92EA
:1043A0000F931F93CF935B01C42F122F62E885D820
:1043B000C5010E94EFEA6C018C2F90E0C816D90667
:1043C00020F5C114D10431F1CC19112379F0011178
:1043D00010C010E000E00C151D05E1F0F501E00F44
:1043E000F11F849116D80F5F1F4FF5CF10E0011118
:1043F00007C08C199D09969587951C2F181BC82FEF
:10440000C15030F080E205D8FBCF6C01C0E0E1CFB5
:10441000C12FDFCF10E2E11001C010E0C15020F049
:10442000812F0E94091AFACFCF911F910F91EF901F
:10443000DF90CF90BF90AF900895AF92BF92CF9290
:10444000DF92EF920F931F93CF935B01C42F122F34
:1044500062E833D8F50101900020E9F731976F0148
:10446000CA18DB088C2F90E0C816D90618F5C114BD
:10447000D10429F1CC19112369F001110EC0CA0C25
:10448000DB1CCA14DB04D9F0F50181915F010E94A5
:10449000091AF7CF10E0011107C08C199D099695F4
:1044A00087951C2F181BC82FC15038F080E20E943E
:1044B000091AFACF6C01C0E0E2CFC12FE0CF10E2C1
:1044C000E11001C010E0C15020F0812F0E94091AB4
:1044D000FACFCF911F910F91EF90DF90CF90BF90C7
:1044E000AF900895EF920F93CF93DF93EC0188E4A0
:1044F0009CE20E94B993209749F0EE24E39401E0F6
:1045000021E040E2BE0180E291E197DF88E49CE295
:10451000009781F0EE24E39401E021E040E2BC0149
:1045200080E491E138DF21E040E268E47CE280E66B
:1045300091E131DF60E083E00E9421C08091370784
:10454000893F11F08093340281E080936D0989EFF7
:1045500080936C09DF91CF910F91EF900895FF92B6
:104560000F931F93CF93DF93F62E072F142F62E83C
:104570000E945D1ACF2DD02F115020F089910E94FA
:10458000091AFACFDF91CF911F910F91FF900895F3
:104590002FEA32E1F901459154914115510571F02D
:1045A0004817590741F4CB014AE050E0B9010E9495
:1045B000B5EA81E00895265F3F4F61F780E00895F6
:1045C000CF93DF931F921F92CDB7DEB7853608F0E9
:1045D00084E6682F70E090E080E00E94E7EB20E046
:1045E00030E04FE753E40E9446EC20E030E048EC36
:1045F00052E40E9480F320E030E0A9010E94A4F27E
:104600000E94D7F46093E4031A821982698342E01E
:10461000BE016F5F7F4F81EA90E0A1DF0F900F90A6
:10462000DF91CF910895FB018181CADF0C94399409
:10463000CF93DF931F921F92CDB7DEB7853608F078
:1046400084E680931F02682F70E090E080E00E9473
:10465000E5EB20E030E04EEB52E40E9446EC20E037
:1046600030E048EC52E40E9480F320E030E040EA81
:1046700050E40E94A4F20E94D7F469836A8342E066
:10468000BE016F5F7F4F82E890E069DF0F900F906F
:10469000DF91CF910895FB018181CADF0C94399499
:1046A0006091E40370E090E080E00E94E5EB20E0A0
:1046B00030E048EC52E40E9446EC20E030E04FE766
:1046C00053E40E9480F320E030E0A9010E94A4F2AC
:1046D0000E94D7F4862F089580913407882321F013
:1046E00080913307811109C041E063E88FE090E0D9
:1046F0000E945D1A81E00C94091A08951092D0006E
:104700008091D00082608093D0001092D50080E12B
:104710008093D4008091D10080618093D1008091FA
:10472000D10088608093D1008091D100806880930F
:10473000D1008091D1008F7D8093D10010925406DA
:10474000CBDF80913507882321F081E08093380703
:10475000089561E080E00C94CA93CF93DF93C091F9
:10476000F007D091F107209729F16091EC07709143
:10477000ED078091EE079091EF070E94E8F36E5FDE
:104780007F4F24976C177D07ACF47093D807609324
:10479000D7070E949ACA605A75418F4F9F4F609306
:1047A000D9077093DA078093DB079093DC07DF91DA
:1047B000CF9108951092D9071092DA071092DB0773
:1047C0001092DC07F4CF2F923F924F925F926F923C
:1047D0007F928F929F92AF92BF92CF92DF92EF9291
:1047E000FF920F931F93CF93DF93D62FC72FFC0118
:1047F00080809180A280B380C501B40120E831E5BA
:1048000041E050E00E940BF2C9016DE671E00E94A8
:1048100062F26B017C01C501B40120E13EE040E0A1
:1048200050E00E940BF2CA01B90128E130E040E0FB
:1048300050E00E940BF2362E272E062F172F8CE306
:10484000482E512C612C712CC501B401A301920199
:104850000E940BF2B62EA72ECA01B901A301920144
:104860000E940BF2CB01C114D10479F1AF92BF9237
:104870007F936F932F923F92FF92EF92DF92CF92AE
:104880008BEC9FE09F938F93CF93DF930E947AEB03
:104890008DB79EB70E960FB6F8949EBF0FBE8DBF14
:1048A0008D2F9C2FDF91CF911F910F91FF90EF9053
:1048B000DF90CF90BF90AF909F908F907F906F9040
:1048C0005F904F903F902F900895E114F104C9F04C
:1048D000AF92BF927F936F932F923F92FF92EF928E
:1048E0008BEB9FE09F938F93CF93DF930E947AEBA4
:1048F000EDB7FEB73C960FB6F894FEBF0FBEEDBF06
:10490000CFCF012BB9F0AF92BF927F936F932F92CD
:104910003F928FEA9FE09F938F93CF93DF930E9404
:104920007AEB8DB79EB70A960FB6F8949EBF0FBE6E
:104930008DBFB6CF892BA9F0AF92BF927F936F93B3
:1049400087EA9FE09F938F93CF93DF930E947AEB48
:10495000EDB7FEB738960FB6F894FEBF0FBEEDBFA9
:104960009FCFAF92BF9283EA9FE09F938F93CF93A5
:10497000DF930E947AEB0F900F900F900F900F90A3
:104980000F908ECF8F929F92AF92BF92CF92DF9275
:10499000EF92FF920F931F93CF93DF9310927D05B9
:1049A00010927C052FE320938105109280051092D0
:1049B0007F0510927E0510925006109251061092BB
:1049C0005206109253069C01F90190812F5F3F4FD0
:1049D0009032D1F39E34C9F4818190ED980F9A30D2
:1049E00020F08D3211F08B3281F432969F012F5FCF
:1049F0003F4F808180538A3008F44CC09F012F5F65
:104A00003F4F8081803209F447C0F0938809E093DA
:104A100087098F010F5F1F4FC0816AE270E0C801F4
:104A20000E94AAF5009731F0FC0131978081803215
:104A3000E1F31182CD3421F0C43511F0C734E9F42B
:104A4000D8018C910F5F1F4F8032D1F380538A3091
:104A5000A0F4C093810530E020E06AE0FD013196CA
:104A60008C9180532A3999E13907D0F03093800531
:104A700020937F058FE380938105DF91CF911F9174
:104A80000F91FF90EF90DF90CF90BF90AF909F90ED
:104A90008F900895F901AACFF901B0CFDF01DECFE1
:104AA000293999E1390711F4863000F7629FA00196
:104AB000639F500D11249A01280F311D808190EDC4
:104AC000980F9A3058F33093800520937F058E32EB
:104AD00061F4129690E04AE0FD011196808150ED5C
:104AE000580F5A30C0F090937E05DF0131968C91BB
:104AF0008032D9F3CD34F9F42E31310539F088F410
:104B00002731310519F02C313105A9F4B0937D0519
:104B1000A0937C05B2CF949F800D112490ED980F47
:104B2000DBCF2537310538F02737310578F3203AC8
:104B3000E3E03E0759F3D091870940E050E0BA0125
:104B400010E000E0C12CD12C7601C394FD01319618
:104B50008C91882309F47FC08132E1F4CD34D1F403
:104B600020323105B9F440935006509351066093BA
:104B7000520670935306F0937D05E0937C0563E243
:104B800070E0CF010E94AAF5009709F476CFFC01EE
:104B9000108273CF81548A3108F058C0DF019D9193
:104BA000903291F0A0EDA90FAA30E8F09E3271F496
:104BB000918190539A30B8F00115110519F48F01C5
:104BC0000150110990E013C0FD01E8CF9D3211F0B2
:104BD0009B3291F79181A0EDA90FAA3020F09E326F
:104BE00059F79281E6CF9E2F9D1B309759F3A82F3E
:104BF000B0E04601570104C0880C991CAA1CBB1CDC
:104C00008A95D2F7482959296A297B29AE59BA4F82
:104C10009C9380818154DF018A3108F497CFDF01B2
:104C20008191882309F492CF90ED980F9A30B8F3D0
:104C300093ED980F923098F38B3289F3CD01019662
:104C4000EC91E03209F082CFDC01F8CF01151105BB
:104C500001F78D01DECF10937D0500937C05409315
:104C6000500650935106609352067093530605CF39
:104C7000CF93DF93EC018991882319F00E940CC037
:104C8000FACF8DE00E940CC08AE0DF91CF910C94A6
:104C90000CC00C94F3C090917009992321F0682FF7
:104CA00080E00E943C8E80E008951F93CF93DF93B5
:104CB0001BEBC4E6D2E1FE01812F11928A95E9F740
:104CC0000E9446D7882359F0FE0111921A95E9F700
:104CD0008EEA94E0DF91CF911F910C948ADADF91F4
:104CE000CF911F91089580916412882361F0909173
:104CF0001E13891308C080917A0B84FF04C08BEACD
:104D000092E10C947FD880E00895FC012381211169
:104D10000C941AD40895CF93DF93C0919B0BD0913C
:104D20009C0B209729F16091970B7091980B8091C3
:104D3000990B90919A0B0E94E8F36E5F7F4F249736
:104D40006C177D07ACF47093FD076093FC070E941D
:104D50009ACA605C73468F4F9F4F6093FE077093B3
:104D6000FF078093000890930108DF91CF91089589
:104D70001092FE071092FF0710920008109201088F
:104D8000F4CFCF93DF93EC018991882319F00E942F
:104D90000CC0FACFDF91CF910895CF93C1E020E00E
:104DA00030E0A90160915B0770915C0780915D071D
:104DB00090915E070E94E1EB811101C0C0E08C2F51
:104DC000CF910895CF93C82F882319F0E6DF882369
:104DD000C9F080919F098C17A9F00E94867E86E217
:104DE0009AE00E94838080919F0991E089278093B7
:104DF0009F09882321F086E29AE00E94637DCF918B
:104E00000C94868CCF9108950E942794811102C042
:104E10000C94751A80E0D6DF0E94399481E080936B
:104E2000380708954F925F926F927F928F929F9270
:104E3000AF92BF92CF92DF92EF92FF920F931F93A8
:104E4000CF93DF93EC0120915307309154074091A9
:104E5000550750915607688179818A819B810E940C
:104E6000A3F26B017C0120915707309158074091C4
:104E7000590750915A076C817D818E819F810E94D4
:104E8000A3F24B015C01A70196016091400570916E
:104E9000410580914205909143050E94E1EB8823F2
:104EA00009F45AC0C0924005D0924105E0924205F3
:104EB000F0924305209138053091390540913A052B
:104EC00050913B05C701B6010E9446EC2B013C0105
:104ED0000E9419F46B017C0120E030E0A9010E94DE
:104EE000E1EB87FD7AC020E030E040E850E4C70104
:104EF000B6010E94CBF4181634F4C12CD12CC0E8B2
:104F0000EC2EC0E4FC2EA7019601C301B2010E9461
:104F1000A3F22B013C0120E030E0A9010E94E1EB6B
:104F200087FD5FC040923005509231056092320596
:104F300070923305C701B6010E94E8F360932E0515
:104F4000062E000C770B6F5F7F4F6430710514F0F5
:104F500064E070E060932C05D0912A0510912E0535
:104F6000A501940160914405709145058091460525
:104F7000909147050E94E1EB81113CC0D11394C090
:104F8000209112053091130540911405509115059B
:104F90006091300570913105809132059091330513
:104FA0000E9446EC20911605309117054091180596
:104FB000509119050E94A4F2DF91CF911F910F919A
:104FC000FF90EF90DF90CF90BF90AF909F908F9029
:104FD0007F906F905F904F900895C12CD12C7601F7
:104FE00092CF109230051092310510923205109236
:104FF0003305A0CF8092440590924505A0924605C6
:10500000B092470520913C0530913D0540913E0509
:1050100050913F05C501B4010E9446EC4B015C0173
:105020000E9419F46B017C0120E030E0A9010E948C
:10503000E1EB87FDFDC020E030E040E850E4C7012F
:10504000B6010E94CBF4181634F4C12CD12CB0E870
:10505000EB2EB0E4FB2EA7019601C501B4010E941E
:10506000A3F24B015C0120E030E0A9010E94E1EBDA
:1050700087FDE2C08092340590923505A0923605F6
:10508000B0923705C701B6010E94E8F360932F057F
:10509000062E000C770B6F5F7F4F6430710514F0A4
:1050A00064E070E060932D05C0912F05D11305C019
:1050B00080912B058C1709F470C080912E0590917A
:1050C0002F0590932B0580932A050C2E000CDD0BE9
:1050D00025E01203C0011124FC01EC0FFD1FEE0FAF
:1050E000FF1FEE0FFF1FED59F84F208131814281E4
:1050F000538120932605309327054093280550932C
:10510000290500912D05002E000C110BFC01E00F6C
:10511000F11FEE0FFF1FEE0FFF1FED59F84F6081DB
:105120007181828193810E94A3F260932205709322
:105130002305809324059093250520912C0535E0C7
:105140002303F0011124CE0FDF1FCC0FDD1FCC0F86
:10515000DD1FCD59D84F288139814A815B81209349
:105160001E0530931F054093200550932105E00F45
:10517000F11FEE0FFF1FEE0FFF1FED59F84F60817B
:105180007181828193810E94A3F260931A057093CA
:105190001B0580931C0590931D058090340590900D
:1051A0003505A0903605B090370520912205309145
:1051B00023054091240550912505C501B4010E94A5
:1051C00046EC209126053091270540912805509105
:1051D00029050E94A4F26B017C01C0921605D092B1
:1051E0001705E0921805F092190520911A053091E3
:1051F0001B0540911C0550911D05C501B4010E947D
:1052000046EC20911E0530911F05409120055091DC
:1052100021050E94A4F2A70196010E94A3F26093C7
:105220001205709313058093140590931505A8CE6D
:10523000C12CD12C76010FCF109234051092350578
:1052400010923605109237051DCFE0E4F5E080EFAF
:105250009FEFA9E7B4EC84839583A683B78380830B
:105260009183A283B383EAE2F5E08DE981838083B1
:1052700008958F929F92AF92BF92CF92DF92EF925A
:10528000FF92FC0198E0ABE5B7E001900D929A9592
:10529000E1F788E0FB01A3E5B7E001900D928A9564
:1052A000E1F7C0905B07D0905C07E0905D07F0905D
:1052B0005E0720E030E0A901C701B6010E94E1EBE2
:1052C0008823E1F1A701960160E070E080E89FE3A8
:1052D0000E9480F36B017C0180905F0790906007D3
:1052E000A0906107B090620720E030E0A901C501FD
:1052F000B4010E94E1EB882329F1A501940160E04B
:1053000070E080E89FE30E9480F3C0923805D0925D
:105310003905E0923A05F0923B0560933C057093A5
:105320003D0580933E0590933F05FF90EF90DF9001
:10533000CF90BF90AF909F908F900895C12CD12CAB
:105340007601CACF60E070E0CB01DFCF8F929F92F1
:10535000AF92BF92EF92FF920F931F93CF93DF9381
:1053600010925707109258071092590710925A0737
:105370001092530710925407109255071092560737
:1053800010925F07109260071092610710926207F7
:1053900010925B0710925C0710925D0710925E07F7
:1053A00003E617E0C0E0812C912C80ECA82E8FE75B
:1053B000B82E7801D0E0F70181929192A192B1923A
:1053C0007F016D2F8C2F0E94929BDF5FD53099F764
:1053D000CF5F0C5E1F4FC53061F7DF91CF911F91FA
:1053E0000F91FF90EF90BF90AF909F908F90089596
:1053F000EFE6F0E0808182608083089580918109EA
:1054000090918209892B79F4809181099091820988
:10541000892B49F4209181093091820981E0232B65
:1054200019F480E0089581E00895CF93DF93EC01B3
:10543000FE0184912196882319F00E94A41EF8CFC2
:10544000DF91CF910895CF93DF93EB01EEDFCE0193
:10545000DF91CF9196CCCF92DF92EF92FF926A01CB
:105460007B01E3DF42E0C701B601FF90EF90DF90E0
:10547000CF900C9487C182E395E0D7CF8CE295E082
:10548000D4CF8AE00C94A41E0F931F93CF938C016A
:10549000C62F85E69CE0C9DFC801C7DF8AE30E940A
:1054A0000CC080E38C0F0E94A41ECF911F910F911E
:1054B000E8CFCF9381E69EE0B8DFE3DFE0915A02C8
:1054C00082E6E89FF0011124E354FD4FC08160E0C3
:1054D00081E59EE0D9DF60E08CE39EE0D5DF61E00E
:1054E00085E39EE0D1DF61E08AE29EE0CDDF60E00F
:1054F0008BE19EE0C9DF61E08BE09EE0C5DF60E00C
:1055000082E09EE0C1DF61E088EF9DE0BDDF61E009
:105510008EEE9DE0B9DF61E087EE9DE0B5DF61E0F2
:105520008FED9DE0B1DF61E081ED9DE0ADDF60E0FA
:1055300083EC9DE0A9DF60E084EB9DE0A5DF60E007
:1055400086EA9DE0A1DF60E080E99DE09DDF60E00C
:105550008FE79DE099DF61E08AE69DE095DF61E0FD
:105560008BE59DE091DF61E084E59DE08DDF60E00B
:1055700087E49DE089DF60E080E49DE085DF61E015
:1055800087E39DE081DF60E082E29DE07DDF60E017
:1055900084E19DE079DF60E08AE09DE075DF60E016
:1055A00083EF9CE071DF60E086EE9CE06DDF61E000
:1055B00083ED9CE069DF60E086EC9CE065DF61E004
:1055C00081EC9CE061DF61E084EB9CE05DDF60E00A
:1055D00088EA9CE059DF60E084E99CE055DF60E008
:1055E00081E89CE051DFC7FD1AC060E08091201384
:1055F00090912113CC2339F0C13089F461E080917E
:105600002213909123130E94F418682F617088E789
:105610009CE03ADF60E08AE69CE0CF9135CF80E005
:10562000F4CFCF92DF92EF92FF926A017B01FDDE11
:10563000C701B6010E945BC1FF90EF90DF90CF9051
:1056400020CF0F931F93CF93883038F5082F082E63
:10565000000C110BC0911F1391E001C0990F8A95A6
:10566000EAF790931F130E9478C187E6809FF001AC
:10567000819FF00D1124EE57FA4F408151816281D4
:1056800073814F5F5F4F6F4F7F4F8AE99FE0C9DFA4
:1056900086E99FE0CADEC0931F13CF911F910F913F
:1056A0000895EF92FF920F931F93CF93DF937C01A6
:1056B000C62F062F062E000C110B80E0683028F450
:1056C00081E001C0880F6A95EAF7D0911F1380939B
:1056D0001F13D1DE87E6809FF001819FF00D11241A
:1056E000EE57FA4F4081518162817381C70199DF82
:1056F0008C2F0E9475180196D9F78C2FA2DF87E6B0
:10570000809FF001819FF00D1124EE57FA4F158212
:105710001482D0931F13DF91CF911F910F91FF90AF
:10572000EF900895CF92DF92EF92FF926A017B0192
:105730007CDE42E0C701B6010E9487C1FF90EF9076
:10574000DF90CF909ECECF93DF93EB016EDECE0144
:105750006CDEDF91CF9195CE0F931F93CF93DF93A4
:105760008C01D62FC0911F138FEF80931F138CE5F0
:1057700095E05BDEC80159DED11183DEC0931F13B3
:10578000DF91CF911F910F9108950F931F93CF93A6
:10579000DF938C01D62FC0911F138FEF80931F13BF
:1057A00060E082E895E0D8DFC8013FDED11169DE14
:1057B000C0931F13DF91CF911F910F910895EF9226
:1057C000FF921F93CF93DF937C0160E089E995E01E
:1057D000DCDFCFE1D3E118818FEF888380E20E9484
:1057E000A41EC70122DE4DDE1883DF91CF911F91E9
:1057F000FF90EF90089561E084E995E0C6CF61E005
:1058000080E995E0C2CF0F931F93CF93DF93D82FFA
:105810008B01C42FF4DFD093830960E08AE895E020
:10582000B4DFD0911F138FEF80931F1380E20E948B
:10583000A41EC801FADDCC2319F08C2F0E94A41EEF
:1058400020DED0931F13DF91CF911F910F91089508
:1058500040E0BC0182E0D7DF85EE98E0B0DFCBCF3F
:10586000EF92FF921F93CF93DF937C01CFE1D3E1BF
:1058700018818FEF888360E084E795E06DDFC701D2
:10588000D4DDFFDD1883DF91CF911F91FF90EF9062
:1058900008952F923F924F925F926F927F928F92D4
:1058A0009F92AF92BF92CF92DF92EF92FF920F93AF
:1058B0001F93CF93DF93CDB7DEB7C854D1090FB68E
:1058C000F894DEBF0FBECDBF70E060E085E40E94BB
:1058D0000B1F811125C065E070E083E40E940B1F5F
:1058E0008C0103970CF047C08AE692E1C85BDF4F5A
:1058F0000FB6F894DEBF0FBECDBFDF91CF911F91E1
:105900000F91FF90EF90DF90CF90BF90AF909F905E
:105910008F907F906F905F904F903F902F9085CDAC
:1059200082EA92E182DD8AE892E17FDD40E355E799
:1059300060E070E083E890E10E94489460E083E0DA
:10594000C85BDF4F0FB6F894DEBF0FBECDBFDF914F
:10595000CF911F910F91FF90EF90DF90CF90BF906C
:10596000AF909F908F907F906F905F904F903F90FF
:105970002F900C9421C083E50E94A519882309F477
:1059800057C00E94081F9E838D8360E085E50E94BA
:10599000F61E8FAF8DE592E10E9474C10AA7033015
:1059A00064F10E949ACA6F87788B898B9A8B40E347
:1059B00055E760E070E082EA90E10E94489460E080
:1059C00083E00E9421C04D815E81463F5105ACF1CC
:1059D00080E592E12ADD81E392E127DD40E355E7AE
:1059E00060E070E08CE590E10E94489460E083E024
:1059F0000E9421C08AE092E133DFC85BDF4F0FB61F
:105A0000F894DEBF0FBECDBFDF91CF911F910F91F4
:105A1000FF90EF90DF90CF90BF90AF909F908F90CE
:105A20007F906F905F904F903F902F900C9422C486
:105A300024EB30E03E832D83A8CF4D805E80B20101
:105A4000550C880B990B0E94E7EB6B8B7C8B8D8B35
:105A50009E8B2F85388949895A89205C33464F4F60
:105A60005F4F29AF3AAF4BAF5CAF8DEF91E1DDDC1B
:105A700085EF91E1DADC0E947D7B8FE780939D0BBF
:105A80008AEE91E10E9474C181E0809328098F849D
:105A90009888A988BA8888AA99AAAAAABBAA1AA289
:105AA0001BA21CA21DA21EA21FA218A619A619861F
:105AB0001A861B861C86FFE7CF2ED12CE12CF12CF9
:105AC000198230E43F8B4CE1488F56E4598F1A8E8F
:105AD0001B8E1C8E1D8EAFE74A2E512C612C712C13
:105AE0004E8E5F8E68A279A21CAA1DAA1EAA1FAAAA
:105AF00018AE1CA61DA61EA61FA621E02BA71E865B
:105B00001D86212C312C00E010E04AA4042C000C4E
:105B100055085EAE4DAE8D819E814E962C01990F3B
:105B20006608770824964CAE5DAE6EAE7FAE2497C5
:105B30002D813E812E5131092901052C000C66086A
:105B4000770828964CAE5DAE6EAE7FAE28978091FA
:105B50002809882391F10E949ACA6D837E838F83DE
:105B600098875090E70729965FAE2997511028C073
:105B70000E94A79824966CAD7DAD8EAD9FAD249705
:105B80000E94E7EB9101A8010E94E1EB87FF9DC015
:105B900081E891E14ADC82E691E147DC40E355E7A8
:105BA00060E070E08CE590E10E94489460E083E062
:105BB0000E9421C08AE092E153DE0E947D7BA2C157
:105BC0000E9429A51092E7070E94A7982090970BA2
:105BD0003090980B0091990B10919A0B2A8D3B8D68
:105BE0004C8D5D8DB101C8010E94CBF4181624F4D0
:105BF0002A8E3B8E0C8F1D8F29813F89488D598DB0
:105C0000B101C8010E94E1EB87FF04C029823F8AED
:105C1000088F198F6BA49101A8016B897C898D89EC
:105C20009E89662009F47DC10E94E1EB87FFA2CF27
:105C30004D815E816F817885481959096A097B0910
:105C4000483B2BE052076105710508F493CFD7015B
:105C5000C6014E8C5F8C68A079A084199509A609AD
:105C6000B709B595A7959795879580939D0B4CA7F8
:105C70005DA76EA77FA75B885A8E6C886B8E7D8828
:105C80007C8E4E884D8E4D805E806F8078844F86EE
:105C9000588A698A7A8A1BA66DCF5BEEC52ED12CF5
:105CA000E12CF12CA7C134E1432E512C612C712C35
:105CB00044E1C42ED12CE12CF12CA8C126013701DE
:105CC000CE8CDF8CE8A0F9A05CC288A999A9AAA90A
:105CD000BBA94D805E806F80788484199509A609E0
:105CE000B709181619061A061B060CF446C080E000
:105CF0000E94D9A0C6DBA30192012053384F4F4F19
:105D00005F4F28AB39AB4AAB5BAB4CA8411080C0AE
:105D10002DA93EA94FA958ADB101C8010E94CBF4ED
:105D200018160CF05BC020E030E040E050E4B10118
:105D3000C8010E94A4F26DAB7EAB8FAB98AF2D81F2
:105D40003E814F815885205C33464F4F5F4F29AFCE
:105D50003AAF4BAF5CAF20E030E040EC50E46B89F1
:105D60007C898D899E890E94A3F29101A8010E94DD
:105D7000E1EB881F8827881F8CAB8F859889A989BC
:105D8000BA8988169906AA06BB0610F4D501C40183
:105D90004D805E806F807884481A590A6A0A7B0AAF
:105DA000D301C20181389F44A241B10508F445C026
:105DB00040E355E760E070E082E490E10E9448949F
:105DC00060E083E00E9421C088E491E149DD8BE33B
:105DD00091E12BDB89E291E128DBEFCE89AD9AAD31
:105DE000ABADBCAD4D805E806F8078848419950921
:105DF000A609B70944E054E263E174E218161906F3
:105E00001A061B060CF4B9CF80E00E94D0A3B5CFD0
:105E100028966CAD7DAD8EAD9FAD28970E94E7EBC7
:105E20009B01AC01B101C8010E94E1EB87FFA5CF46
:105E300041E454E261E574E2E7CF4DAC5EAC6D84C1
:105E40007E84461457040CF082CE8CE191E1EDDAA9
:105E50008BEC90E1EADA8BEB90E102DD81E290E1FC
:105E6000E4DA49855A856B857C8587EB90E15ADCBD
:105E700081E290E1DADA4EA15FA168A579A583EB12
:105E800090E150DC81E290E1D0DA4AA15BA16CA103
:105E90007DA18FEA90E146DC7FAC772099F14984BF
:105EA0005A846B847C844092AF0B5092B00B60920A
:105EB000B10B7092B20B21E732EB47E25EE36EA1C9
:105EC0007FA188A599A50E9446EC6093B30B7093BF
:105ED000B40B8093B50B9093B60B21E732EB47E2FE
:105EE0005EE36AA17BA18CA19DA10E9480F36093D7
:105EF000B70B7093B80B8093B90B9093BA0B81E0FA
:105F000080939E0B1092280940E355E760E070E013
:105F100082E390E10E94489460E083E00E9421C007
:105F20006CCD0E94CBF418160CF024CE4D805E8010
:105F30006F8078842F85388949895A89421A530A93
:105F4000640A750A38EB43163BE05306610471049A
:105F500008F410CE4D855E85452B09F4AFCE6CA5B7
:105F60007DA58EA59FA5640D751D861D971D0E949C
:105F7000E7EB4B015C0120E030E0A9010E94E1EB7E
:105F8000882311F16CA57DA58EA59FA564197509BF
:105F9000860997090E94E7EB2B013C016E8D7F8DEE
:105FA00088A199A10E94E7EB9B01AC01C301B2015A
:105FB0000E9446ECA50194010E9480F30E94D7F450
:105FC000C60ED71EE81EF91E54E1C516D104E10421
:105FD000F1040CF468CE8CEEC816D104E104F1048F
:105FE0000CF05BCE2601370190E8C916D104E1041C
:105FF000F10464F0260137012EEF30E040E050E07C
:106000002C193D094E095F0969017A01B301A2010A
:1060100082EE91E10E94247CB701A6018DED91E111
:106020000E94247C49815F89688D798D86ED91E19C
:1060300012DA4A8D5B8D6C8D7D8D8FEC91E10BDAE0
:106040004D855E85433051050CF49BC029813F8905
:10605000488D598D6A8D7B8D8C8D9D8D0E94A3F20C
:1060600069837A838B839C832FE632E143E85AE38A
:106070000E94CBF418160CF084C0C701B6010E9430
:10608000E7EB20E030E040E850E40E9446EC69870E
:106090007A878B879C872BED3FE049E450E4698148
:1060A0007A818B819C810E9446EC20E030E040E0C8
:1060B0005FE30E9446EC9B01AC0169857A858B8584
:1060C0009C850E9480F369837A838B839C832FE66F
:1060D00032E143E85AE3C501B4010E9446EC4B01AA
:1060E0005C012AE939E949E15FE369817A818B81C1
:1060F0009C810E9446EC69877A878B879C879B01ED
:10610000AC010E94A4F2A50194010E9480F36EA349
:106110007FA388A799A729853A854B855C85C5010A
:10612000B4010E9446EC20E030E040E05EE30E94D3
:1061300046EC6AA37BA38CA39DA349815A816B8102
:106140007C8189EC91E187D9B501A40183EC91E1CF
:10615000E9DA84EB91E169D949855A856B857C85BB
:106160008EEA91E178D94EA15FA168A579A588EA68
:1061700091E171D94AA15BA16CA17DA182EA91E173
:10618000D1DAD701C601840D951DA61DB71DB595A1
:10619000A7959795879580939D0B5EAD5F938AA594
:1061A0008F939E859F93AD85AF932EE831E13F930A
:1061B0002F9389E991E19F938F931F920E94C2CA06
:1061C0002D853E852F5F3F4F3E872D870FB6F89474
:1061D000DEBF0FBECDBF5B8959838C898F8B9D89B4
:1061E000988FAE89A98FCE8EDF8EE8A2F9A27301B7
:1061F00062018D809E80AF80B88429964FAC29972C
:106200004BA6B8CCEF92FF921F93CF93DF937C0104
:10621000CFE1D3E118818FEF888360E086E695E0D7
:106220009BDAC7010E9438261883DF91CF911F9116
:10623000FF90EF900895AF92BF92CF92DF92EF92CE
:10624000FF920F931F93CF93DF93EC0189E395E0C7
:10625000ECD8209711F4C3E6D7E010E007E0015036
:1062600021F080E20E94A41EFACF812F0E94A61E78
:106270001F5F153099F705D910E080E20E94A41E37
:10628000812F0E94A61E5E0105E080E20E94A41EEE
:10629000F501C080D180E280F380A7019601C7019B
:1062A000B6010E9453F5882341F180E20E94A41EAA
:1062B0008DE30E94A41E8DE30E94A41E8DE30E9424
:1062C000A41E8DE30E94A41E8DE30E94A41E015013
:1062D000F4E1AF0EB11C0111D8CFD3D81F5F2496C3
:1062E000153059F6DF91CF911F910F91FF90EF90EC
:1062F000DF90CF90BF90AF90C4C820E030E0A901FC
:10630000C701B6010E94CBF487FD03C08BE20E9457
:10631000A41E43E0C701B6010E9487C1D8CF2F92C7
:106320003F924F925F926F927F928F929F92AF9225
:10633000BF92CF92DF92EF92FF920F931F93CF9372
:10634000DF93CDB7DEB769970FB6F894DEBF0FBE07
:10635000CDBF83E50E945719898330909F09882318
:1063600019F00E94E71E382E8091260A9091270A84
:10637000A091280AB091290A8C8B9D8BAE8BBF8B84
:1063800080912A0A90912B0AA0912C0AB0912D0A93
:10639000888B998BAA8BBB8B80912E0A90912F0AA8
:1063A000A091300AB091310A8C879D87AE87BF8754
:1063B0009981992329F0311003C080E00E94E226E0
:1063C0008091500690915106A0915206B0915306CB
:1063D00025E1B695A795979587952A95D1F74C0114
:1063E0005D01E1E08E229924AA24BB240E94CD26DF
:1063F000882309F4C6C083E40E945719882309F44E
:10640000A8C00E94181F2B013C0183E697E09B83E4
:106410008A839D838C83B5E0B983188E10E008ECE5
:10642000E2ECE9871E82212CF8ECFF8322E4288726
:106430008C819D819B878A8795E0998FAA85BB85F2
:10644000CD90DD90ED90FD90BB87AA872E81322DF7
:106450004F815885C701B6010E94E1EB87FF04C058
:10646000CE822D2CEF82F886288D312F402F598532
:10647000C701B6010E94CBF4181624F4C88E1D2D56
:106480000E2DF986B98DB150B98FB111D7CFE981F1
:10649000E150E9838C819D8144969D838C83E11139
:1064A000C7CF288D312F402F59856E81722D8F8156
:1064B00098850E94A4F220E030E040E05FE30E9473
:1064C00046ECA30192010E94A4F22B013C012DEBAA
:1064D00037E346E855EB0E94CBF487FD0AC02DEB6D
:1064E00037E346E855E3C301B2010E94E1EB181619
:1064F00084F580E00E94E22610E0AA81BB81BD8382
:10650000AC8300E0EC81FD81619171918191919169
:10651000FD83EC837F01F4E0EF1AF108A3019201FF
:106520000E94A3F2D7016D937D938D939C93139753
:10653000602F812F0E94929B0F5F053019F71F5F1C
:10654000EA81FB817496FB83EA831530B1F60E94E1
:10655000252989288A288B2839F00E94CD2688236E
:1065600019F090E080E067DE8AE50E9457198823E1
:1065700021F00E94181F0E94AFC3832D0E94E226C3
:106580000CC0311004C089288A288B2869F30E9426
:106590003E2A87E696E00E94152A332051F080912A
:1065A0009F09811106C00E943B2A88E496E00E9460
:1065B000152A0E943E2A80919F0961E37CE088238E
:1065C00011F065E37CE08AE396E0BDD80E943E2AA4
:1065D0008DE296E00E94152AC090A009D090A109F2
:1065E000E090A209F090A30920E030E0A901C701E2
:1065F000B6010E94CBF418160CF055C042E0C7015A
:10660000B6010E9487C18DE00E940CC08AE00E9402
:106610000CC02C893D894E895F896091260A709152
:10662000270A8091280A9091290A0E94E1EB8111A2
:1066300020C0288939894A895B8960912A0A70912A
:106640002B0A80912C0A90912D0A0E94E1EB811176
:1066500010C020912E0A30912F0A4091300A50919B
:10666000310A6C857D858E859F850E94E1EB8823AC
:10667000F9F069960FB6F894DEBF0FBECDBFDF917B
:10668000CF911F910F91FF90EF90DF90CF90BF902F
:10669000AF909F908F907F906F905F904F903F90C2
:1066A0002F900C94D48C88E296E00E94152AB1CFEA
:1066B00069960FB6F894DEBF0FBECDBFDF91CF91C4
:1066C0001F910F91FF90EF90DF90CF90BF90AF9010
:1066D0009F908F907F906F905F904F903F902F9002
:1066E0000895BC0190E080E00C94F3C00F931F93D9
:1066F000CF9384E50E94A519C0E08823F1F00E94A1
:10670000CC1EC82F1816CCF40E943E2A00917F059B
:10671000109180058DE40E940CC0C801E2DF81E683
:1067200098E00E94152A6C2FCC0F770B880B990BE1
:106730000E945BC10E94412ACFEF8C2FCF911F9105
:106740000F910895BC01990F880B990B0C945BC1B4
:1067500010925A0585E0809311050895CF93DF9339
:10676000EB010E94152ACE01DF91CF91EBCFFF9272
:106770000F931F93CF93DF93D82F81112BC080915C
:10678000500690915106A0915206B0915306892B64
:106790008A2B8B2BF9F46091F3077091F40785EE47
:1067A0009FE0DCDF6091F5077091F60782EE9FE0D5
:1067B000D5DF4091F7075091F8076091F907709184
:1067C000FA078FED9FE0DF91CF911F910F91FF901E
:1067D0000C94922B8091DA0983FD8DC087DF082FFE
:1067E00087FD89C083E50E94A519C82F882331F150
:1067F0000E94081F0E94659261E08D2F0E94CA903E
:1068000060919B0B70919C0B072E000C880B990BD1
:106810000E94E7EB2091970B3091980B4091990BD8
:1068200050919A0B0E94CBF418160CF44EC08EEEC9
:106830009FE0CC2309F44BC01C2F03C0D1113FC0F3
:1068400010E083E50E94A519882331F00E94081FFB
:106850009093F4078093F30782E40E94A51988239C
:1068600031F00E94081F9093F6078093F50786E4A5
:106870000E9457198823D9F10E94181F6093F707C7
:106880007093F8078093F9079093FA07FF24F39425
:1068900020E030E0A9010E94E1EB811101C0F12C60
:1068A000F092FB07DD2339F1112329F16C2F802FA2
:1068B000DF91CF911F910F91FF900C94A4A182E5DD
:1068C0000E94A519811194CFBBCF8AEE91E19F93CD
:1068D0008F9389EF9FE09F938F931F920E94C2CA6C
:1068E0000F900F900F900F900F9011E0AACF60E0E3
:1068F00070E0CB01C3CFDF91CF911F910F91FF903B
:1069000008958C01EB01F42E0E947D7B0115110589
:1069100009F46FC00E943E2AC8010E94152A0E94F5
:10692000412A209711F4C8E4DCE28091100580FD33
:1069300033C0816080931005C8010E94B9932097ED
:1069400051F0EE24E39401E021E040E2BE0180E258
:1069500091E10E94CB2188E49CE2009751F0EE2463
:10696000E39401E021E040E2BC0180E491E10E9477
:10697000CB21EE24E39401E021E040E26DEE74E0EF
:1069800080E691E10E94CB2168EC83E00E9421C067
:1069900061E08AEF0E94CA930E943B2A8CE095E056
:1069A0000E94152A61E08AEF94E00E94AC2B89EEE8
:1069B00093E0019739F000C00000EEE5F9E031976F
:1069C000F0F7F7CFF89489EE93E0019739F000C023
:1069D0000000E6EEF3E03197F0F7F7CF0E947D7B01
:1069E000FF2021F00E94347DA895FECF0E94F97C03
:1069F000FBCF209711F4C8E4DCE203E015E095CF6B
:106A0000CF92DF92EF92FF926B017C0183E3C81675
:106A1000D104E104F10470F082E3C81AD108E1085E
:106A2000F10862E370E080E090E00E9400CA0E94FA
:106A3000B6A5ECCFC701B6010E9400CAFF90EF9047
:106A4000DF90CF900C94B6A590917A0B94FB882799
:106A500080F994FF06C081E090918614911101C0E5
:106A600080E00895F1DF882339F080917A0B82FB72
:106A7000882780F991E089270895CF93FB01C18190
:106A8000C13031F40E94F392811104C0C0933807E1
:106A9000CF9108950E942794811103C0CF910C9447
:106AA000751A0E9422C4DEDF882331F087E297E165
:106AB00090932A098093290961E080E297E10E947E
:106AC000AC2BCF910C9468908091AC08811105C0DB
:106AD00080919609823009F0C5CF81E00895F4DFF6
:106AE00081110DC01092D6091092D7091092D809C1
:106AF0001092D9091092D4098FEF0E944A200C9469
:106B0000689090917A0B92FB882780F992FF05C0DC
:106B100097FB882780F991E0892708958091C7071E
:106B2000811102C00C945526ECDF882339F040E037
:106B300060E070E080E090E40C94EE20089581E045
:106B40000895CF93DF93EC01E62F660FFF0BEE5F06
:106B5000F34DE491E250E13108F0B0C0F0E0882755
:106B6000EB54FA4C8F4F0C9489F2C6355E365E3684
:106B70005E365E36F035D23514361236F23538369A
:106B8000363616365E365C365A363A3682E1E5EEF1
:106B9000F3E0DE0101900D928A95E1F7CE01DF91DD
:106BA000CF91089581E020EB30E03983288321EBF9
:106BB00030E03B832A831D821C8223EB30E03F833D
:106BC0002E8324EB30E0398728871B861A861D86A2
:106BD0001C8692E09E878F8781E0888B198ADECFA2
:106BE00080E0E1CF81E08F5F20E930E039832883C6
:106BF00021E930E03B832A8322E930E03D832C8386
:106C000028E930E03F832E832AE930E0398728875E
:106C10002CE930E03B872A8726E930E03D872C8746
:106C200093E0D8CF80E0DFCF80E0DECF81E08F5FE0
:106C300020EA30E03983288321EA30E03B832A834D
:106C400022EA30E03D832C8328EA30E03F832E8324
:106C50002AEA30E0398728872CEA30E03B872A8708
:106C600026EA30E03D872C8794E0B4CF80E0DFCF88
:106C700080E0DECF81E08F5F20E231E0398328833E
:106C800021E231E03B832A8322E231E03D832C8301
:106C900028E231E03F832E832AE231E039872887DA
:106CA0002CE231E03B872A8726E231E03D872C87C2
:106CB00095E090CF80E0DFCF80E0DECF82E1FE0183
:106CC00011928A95E9F76ACF2F923F924F925F9285
:106CD0006F927F928F929F92AF92BF92CF92DF92EC
:106CE000EF92FF920F931F93CF93DF93CDB7DEB751
:106CF00067970FB6F894DEBF0FBECDBF782E809198
:106D0000590227E6E22E66246394843008F43AC6DA
:106D10000E949ACA6B017C01711005C08091AC0879
:106D2000882309F433C2C0927D09D0927E09E09293
:106D30007F09F092800981E040915C0550915D05EA
:106D400060915E0570915F05411551056105710502
:106D500009F41EC200917D0910917E0920917F09DE
:106D60003091800946015701801A910AA20AB30A9C
:106D700095018401041715072607370708F408C290
:106D80000E943B2A009187091091880984E294E0CF
:106D90000E94152AB80189EF93E00E94232A0E94DD
:106DA000412A40E070E060E090E080E02DC18091F9
:106DB000360A9091370AF3C5AF2CB12C8A3019F0FE
:106DC0008D3009F022C1EA9CF001EB9CF00D1124FA
:106DD000EE57FA4FDF01AA59BF4F1C92848195816B
:106DE000DF01A80FB91F16961C92892B19F40E9477
:106DF000B6A5F3C5FE9CC00111249C0128573A4F4B
:106E00006901158214828901F8018191803209F4A7
:106E100052C08E3409F0C8C00115110509F4C4C070
:106E20006DEC73E0C8010E9410EB4C01892B41F01E
:106E30006EE470E0C80104960E94AAF5009709F478
:106E4000C8014AE050E070E060E001960E9480E8EE
:106E50001B012C01EA9CF001EB9CF00D1124EE5774
:106E6000FA4F80819181A281B381AC01BD014F5F56
:106E70005F4F6F4F7F4F2416350646065706E9F0E1
:106E80008928D9F4AC01BD0141505109610971094A
:106E9000241635064606570634F082159305A405D8
:106EA000B5050CF09AC56F2D8AE993E00E94512B2D
:106EB000F12C20E06AC58F01A7CF6AE270E0C8011B
:106EC0000E94CAF59C01009709F1982F901B912C04
:106ED000992339F09150F801E90FF11D808198262E
:106EE000F7CF4AE050E070E060E0C90101960E94EF
:106EF00080E8292D30E050E040E0621773078407F6
:106F0000950741F06F2D8BE793E0D0CF6F2D81E592
:106F100093E0CCCFEA9CF001EB9CF00D1124EE57EE
:106F2000FA4F208231824282538280916B098130F4
:106F300039F567E470E0C8010E94AAF5009701F1F5
:106F40004AE050E070E060E001960E9480E8643022
:106F5000710581059105A0F4B0901F13862D0F2CAB
:106F600001C0880F0A94EAF780931F1380EB92E028
:106F70000E94152A86EA92E00E9474C1B0921F1303
:106F8000F80180818D3479F58381823391F18833E2
:106F900001F1803341F58181843329F58281813388
:106FA00011F50E94B78C1FC080917A0B80FFBDCF76
:106FB00065E27BE2C8010E9410EB009731F0FC0112
:106FC000838180538A3008F0B0CF6F2D87E293E041
:106FD0006DCF8281803339F48181813321F4109225
:106FE0002809109236074F2D60E0C6010E9463C049
:106FF000F4C482818133B9F781818133A1F741E003
:1070000070E060E080EE99E07CDCFE9CB001112431
:107010009B012A573A4FAB0148575A4F68517A4F54
:107020000E94A018DAC440915B02242F30E00A309D
:1070300061F00D3051F0882309F49AC089819A815A
:10704000009719F001969A8389831092010589812E
:107050009A81F29EF001F39EF00D1124E75AFD4F44
:10706000DF01A80FB91F13961C92892B61F50E94AE
:10707000B6A50E94D818882309F4C9C483E894E10E
:107080000E941AD48091710B882309F467C0815043
:107090008093710B8D9DC001112462E08F54974F36
:1070A0000E9413D9E091710B24E0E29FF0011124BA
:1070B000E355F74F60817181828193810E94121E96
:1070C0000E94FDCBA4C41A82198283818D3479F485
:1070D0008481823361F48581853349F486818053CC
:1070E0008A3028F080917A0B8B7F80937A0BF29E06
:1070F000F001F39EF00D1124E454FD4FC0824F9D2A
:10710000F0011124E354FD4F6082220F331F220F40
:10711000331FF901EB5AF44F8091650B9091660B88
:10712000A091670BB091680B80839183A283B38396
:107130004F5F443080F440935B02809159028F5F2F
:10714000809359028092650B9092660BA092670B18
:10715000B092680B8ECF10925B02EFCF0E9439D4B1
:1071600080917A0B886080937A0BE0926B094FC410
:107170004F9DA0011124445A5D4F9E012F5F3F4F48
:1071800061E075E0802F0E94A01841C480E0D4CD5A
:107190002091CD0B9091CE0B291741F0C0927D0923
:1071A000D0927E09E0927F09F0928009409102021C
:1071B000509103026091040270910502452B462B09
:1071C000472B21F02917A9F110920A058091060595
:1071D00090910705A0910805B09109058C199D09AA
:1071E000AE09BF09181619061A061B060CF4D4C1FD
:1071F0002091CD0B8091CE0B90912112281709F48C
:1072000049C0E091CE0B23E6E29FF0011124E35C3C
:10721000F34F8081891709F47AC0809321120E946C
:107220009ACA0091201210E001151105B1F560E035
:1072300026C18111C9CF0E949ACA00917D0910917F
:107240007E0920917F0930918009601B710B820BB0
:10725000930B0091020210910302209104023091DD
:107260000502601771078207930708F4ADCF80917C
:107270000A058111ABCF81E080930A0580E00E946E
:10728000087D81E00E94087D82E00E94087D0E94C6
:10729000F97C9CCF80912012BDCF61E00F3F11059A
:1072A00009F4EDC065E0CE0101964BDC89898823A5
:1072B00009F4E0C0E981FA819F85888991119DC018
:1072C000608190E023E030E0A901481B590B440F96
:1072D000551F042E01C0220F0A94EAF72095262399
:1072E00062E070E001C0660F4A95EAF7262B208322
:1072F000FC013396EE0FFF1F81E090E08C0F9D1F85
:10730000E80FF91F0190F081E02D11830083809137
:10731000FB07882309F433C1A090F307B090F4076A
:10732000C501029720919B0B30919C0B28173907C0
:107330000CF425C19090CE0B612C712C812C1F8AEE
:107340008091CD0B891509F49EC0892D90E023E62C
:10735000289FF001299FF00D1124E151F44F458D34
:10736000568D678D70A1452B462B472B81F441A18B
:1073700052A163A174A1452B462B472B41F445A193
:1073800056A167A170A5452B462B472B89F133E603
:10739000389F8001399F100D11240151144FF801BD
:1073A00061A572A583A594A50E94E5EB1B012C01A4
:1073B000F80165A576A587A590A90E94E5EB9B013C
:1073C000AC01C201B1010E9480F3F8012181328138
:1073D000438154810E9446EC2B018C019301482D7E
:1073E0005F890E94CBF418161CF43201802E1F8B8B
:1073F000892D0E941783982EA3CF2A89211187CF28
:10740000AFEFB0E0923029F0AD85BE850D90BC9114
:10741000A02D608190E023E030E0A901481B590BCA
:10742000440F551F042E01C0220F0A94EAF720953D
:10743000262362E070E001C0660F4A95EAF7262B2A
:1074400020830396880F991FE1E0F0E0EC0FFD1F09
:107450008E0F9F1FFC01A080B18098010E9453F203
:107460002FEF30E040E050E00E940BF2F501318355
:1074700020834DCF61E00F37110508F4D8CE85E0A9
:107480000E9474C944CFB301882D9F890E94E8F3FC
:10749000072E000C880B990B0E94E7EB2091F70751
:1074A0003091F8074091F9075091FA070E9446EC95
:1074B0002B013C01B501BB0C880B990B0E94E7EB3B
:1074C0009B01AC01C301B2010E94A4F23B014C013B
:1074D0006091F5077091F607072E000C880B990B49
:1074E0000E94E7EB5B018C019B01AC01B301C4017D
:1074F0000E94CBF4181614F0530184014090020549
:107500005090030560900405709005059501A80151
:10751000C301B2010E94CBF41816D4F420E037ED79
:1075200043EA5CE3B501C8010E9446EC4B015C01F3
:1075300028E431EE4AE75FE3C301B2010E9446EC62
:107540009B01AC01C501B4010E94A4F25B018C0156
:10755000C501D8018093020590930305A09304050B
:10756000B0930505B501C8010E94E8F3653F7105B8
:1075700014F065EF70E070939C0B60939B0BF4E646
:10758000CF0ED11CE11CF11CC0920605D09207055C
:10759000E0920805F09209050E94B6A580916B095A
:1075A000882309F4C2C180912002882309F477C09E
:1075B00080915A05811173C01091AC08111108C057
:1075C00080919609813021F09CDA882309F4C1C0AA
:1075D0008091110587FD03C0815080931105809132
:1075E000000185FF03C085E080931105809111059E
:1075F00087FF55C001E000935A0585E0809311058F
:1076000011114BC01F921F928FE994E09F938F93AB
:107610001F9285E18F939E012F5F3F4F79013F932A
:107620002F930E943EEBC7010E94A6CA60E083E050
:107630000E9421C040E36CED74E081E00E94032CC5
:107640000E94FB2B1091600560E010270FB6F894A4
:10765000DEBF0FBECDBF82E597E061F48AEC94E017
:107660000E94AC2B80E30E94A41E0E94412A60E08D
:107670008BEB99E00E94AC2B88EB94E00E94152ADA
:1076800080E30E94A41E0E94412A112331F083EB63
:1076900094E090932A09809329090E94867E31DA2A
:1076A000882309F456C08091C707882309F44FC086
:1076B0008091060181FD4BC080910F058F5F809303
:1076C0000F05833008F445C080902E0A90902F0A51
:1076D000A090300AB090310A20E030E040E050E461
:1076E000C501B4010E94A4F26B017C0120E030E8E6
:1076F00049EF53E40E94E1EB87FD07C0C12C80E80D
:10770000D82E89EFE82E83E4F82EA5019401C70155
:10771000B6010E94A3F26B017C0120E030E0A901D8
:107720000E94E1EB87FF03C0C12CD12C7601E9D97F
:10773000882329F040E0C701B6010E94EE200E9494
:107740007D7B40E070E060E082E994E05DCC1092E7
:107750000F05809109018095817010910002181722
:1077600009F467C0012F1F3F09F400E08093000275
:107770008823F1F064EF71E080E090E041D90E944D
:1077800048D480917A0B84FD15C0101314C040E3D7
:1077900055E760E070E088E794E00E9448948091AB
:1077A0003707823019F481E080936C09012F10C0F3
:1077B00000E0EBCF01E017FD09C0809137071017FB
:1077C00074F5813019F482E080936C090E947E2365
:1077D000002379F117FF2DC080917A0B84FF19C027
:1077E0000E9446D7882379F081E00E9466DA4BEB4D
:1077F00050E064E672E184E293E10E94D2D084E238
:1078000093E10E941AD40E94732681110CC00E9439
:10781000552681E08093700B0E94B3D80AC0823055
:10782000A9F681E0D1CF8BE894E090932A09809368
:1078300029090E949ACA6B017C011091010211234F
:1078400021F180916105882301F140910B05509150
:107850000C0560910D0570910E054C195D096E09BE
:107860007F0914161506160617060CF100911F1352
:107870009FEF90931F13833009F47FC00CF06EC00C
:1078800081300CF073C000931F13212F30E0A8EE5D
:10789000B3E00E9453F2C60ED71EE81EF91EC09236
:1078A0000B05D0920C05E0920D05F0920E050E949A
:1078B000A79880917F0B8823C1F10E949ACA6B011F
:1078C0007C0180917B0B90917C0BA0917D0BB09102
:1078D0007E0B8C199D09AE09BF09181619061A06E8
:1078E0001B061CF120917F0B30E0A8EEB3E00E9454
:1078F00053F2C60ED71EE81EF91EC0927B0BD09223
:107900007C0BE0927D0BF0927E0B10911F13809107
:10791000800B80931F1380912809811104C00E945D
:10792000D9A00E94412A10931F1367960FB6F894AE
:10793000DEBF0FBECDBFDF91CF911F910F91FF90A2
:10794000EF90DF90CF90BF90AF909F908F907F90FF
:107950006F905F904F903F902F900895843009F082
:1079600092CF0E943E2A87E394E004C00E943E2A00
:1079700086E694E00E94152A86CF0E943E2A8FE474
:1079800094E0F8CF20E080E0F82E80915902843016
:1079900050F5F1100CCA8091B80A9091B90A891B70
:1079A0008F7790E0892BD1F08F2D0E94751897FF6B
:1079B00003CA10911F13862D0F2C01C0880F0A9443
:1079C000EAF780931F130E943B2A82ED93E00E9406
:1079D000152A0E9478C110931F1321E081E0F8124C
:1079E000D3CF2111CFCF8DD8882309F491C98091AD
:1079F0007A0B83FD8DC91A82198202E6F02E84E08B
:107A0000E82E99E6D92ECC24C39466246A948091FA
:107A10005902843008F07CC90E94D818811178C9B5
:107A20001E8A41E050E0BE016A5E7F4F83E894E128
:107A30000E94D2D00E8910E0019711F00FEF1FEFD6
:107A400080908B1490908C14A0908D14B0908E1414
:107A50008092760B9092770BA092780BB092790B74
:107A60000E94D8180F3F100709F0DDCA8111DBCA48
:107A70000E943B2A8AEE93E00E94152AC8CF2F92DB
:107A80003F924F925F926F927F928F929F92AF92AE
:107A9000BF92CF92DF92EF92FF920F931F93CF93FB
:107AA000DF93CDB7DEB7AA970FB6F894DEBF0FBE4F
:107AB000CDBF9091DA0993FD67C1182F83E50E942D
:107AC000A51989A3882309F458C10E94081F843688
:107AD00091050CF072C19093F1078093F0070E941A
:107AE000AD236091F0077091F107072E000C880B11
:107AF000990B0E94E7EB2091EC073091ED07409144
:107B0000EE075091EF070E94CBF418160CF058C105
:107B100082E190E10E9474C101E0612F6027812F12
:107B20000E94CA90112309F42FC1009328091B8ECB
:107B30001C8E1D8E1E8E1AA21BA21CA21DA21FA28D
:107B40002CE328A73CE139A786E48AA71E8A1F8A6E
:107B500090E8988FAFEBA98F1A8EB1E0BEA3812C6D
:107B6000912C5401FE0131961F016091F007709134
:107B7000F107072E000C880B990B0E94E7EB7B01A5
:107B80008C012E893F89488D598D0E94E1EB882315
:107B9000B9F02091EC073091ED074091EE0750913C
:107BA000EF07F9A1B701C801F1110DC10E94E1EB86
:107BB000881F8827881F8A8FEE8AFF8A088F198F6F
:107BC0000E949ACA6B017C018AA19BA1ACA1BDA1B4
:107BD0008C199D09AE09BF09181619061A061B064D
:107BE000ACF1D701C60188519C4FAF4FBF4F8AA35C
:107BF0009BA3ACA3BDA380E00E94D9A045E150E0C7
:107C00006FEF7FE0C1010E94DBEA1D8A81149104BD
:107C1000A104B10409F4EAC0C501B401605F784D64
:107C20008F4F9F4F6C197D098E099F0928EE33E015
:107C300040E050E00E940BF2BA01A901C1010E948C
:107C40003E7AC1010E94C1260E94412A80E03CD8B0
:107C50000E949ACA60937D0970937E0980937F0980
:107C600090938009B091EC07BF8FE091ED07E8A3F6
:107C70000091EE071091EF072B2F3E2FA8016E8980
:107C80007F89888D998D0E94A3F22B013C0120E011
:107C900030E0A9010E94CBF487FF04C077FA70940A
:107CA00077F8709481149104A104B10409F0BCC068
:107CB00020E030E040E85FE3C301B2010E94E1EB65
:107CC00087FF10C0FEA1812C912C5401FF2331F0BD
:107CD00085E0882E8DE0982EA12CB12C8C0C9D1C5B
:107CE000AE1CBF1C2A8D222391F18B8D9C8DAD8DF6
:107CF000BE8D0097A105B10549F08C199D09AE090B
:107D0000BF09181619061A061B060CF12F8D38A18B
:107D1000A8016FA178A589A59AA50E94A3F220E0E9
:107D200030E040E85FE30E94E1EB87FD50C0D701FF
:107D3000C601805A9541AF4FBF4F8B8F9C8FAD8F3F
:107D4000BE8F9F8D9FA3A8A1A8A709A71AA780915E
:107D500028098823E1F181149104A104B10459F0A8
:107D6000C818D908EA08FB08B0E1CB16B7E2DB0671
:107D7000E104F10460F51EA2F8CE112329F082E59A
:107D80000E94A5198111A1CEAA960FB6F894DEBF64
:107D90000FBECDBFDF91CF911F910F91FF90EF905C
:107DA000DF90CF90BF90AF909F908F907F906F901B
:107DB0005F904F903F902F90089584E690E08BCE97
:107DC00083E090E1A7CE0E94E1EB87FF09C080919C
:107DD00028098823C9F2109228090E9422C4D4CF0E
:107DE000EE8AFF8A088F198F1A8EEACED1010D9084
:107DF0000020E9F7CD01019782199309843191059B
:107E000008F01FCFF101E80FF91FBFE3B083833102
:107E1000910509F416CFE2E0F0E0EC0FFD1F8E0FA4
:107E20009F1FDC011C920DCF20E030E040E450E4C5
:107E3000C301B2010E94CBF418160CF053CF4601D7
:107E4000570150CFCF93DF93EC0188818823E1F075
:107E50008A30D1F08D30C1F04FEF61E0CE010E9449
:107E600063C0882369F00E943E2ABE0189E89FE032
:107E70000E94232A86E89FE0DF91CF910C94152A77
:107E800080E00E946436E1CFDF91CF910895809128
:107E90008C06882371F00E942794811102C00C94F3
:107EA000751A61E18FE797E10E9440C98CE896E07E
:107EB000C9CF08955F926F927F928F929F92AF92F7
:107EC000BF92CF92DF92EF92FF920F931F93CF93C7
:107ED000DF93CDB7DEB77C016DB67EB610E000E073
:107EE0008DB69EB6F701E00FF11F549068018FEF39
:107EF000C81AD80A552019F09AE059121FC08DB738
:107F00009EB78C199D090FB6F8949EBF0FBE8DBF0A
:107F100001965C01A801B7010E94B5EAF501E00FE6
:107F2000F11F1082C5018EDF552051F0EC0CFD1CB5
:107F30000FB6F8949EBE0FBE8DBED2CF8601D2CFB3
:107F40000FB6F8947EBE0FBE6DBEDF91CF911F912C
:107F50000F91FF90EF90DF90CF90BF90AF909F90E8
:107F60008F907F906F905F900895FB0181818130A9
:107F7000E9F40E942794811108C040E355E760E0CE
:107F800070E089EF97E10C9448940E947326811168
:107F900007C040E355E760E070E08DED97E1F3CF77
:107FA00083E080936C0983EF97E184CF0895CF93AA
:107FB000FB01C181C13069F40E942794811103C083
:107FC000CF910C94751AC0936C0986ED97E1CF910F
:107FD00071CFCF9108950F931F93CF93DF93CDB7B8
:107FE000DEB768970FB6F894DEBF0FBECDBF0E9414
:107FF0002794811109C040E355E760E070E089EF04
:1080000097E10E94489406C08091B0068F3F69F0C6
:10801000882391F068960FB6F894DEBF0FBECDBFEF
:10802000DF91CF911F910F91089540E355E760E0F4
:1080300070E085EC97E1E5CF80910D028F93809100
:108040000C028F931F921F92809108028B3008F1CF
:108050008AE01F928F9385EB97E19F938F931F92F6
:1080600088E18F938E010F5F1F4F1F930F930E9424
:108070003EEB63E183EA97E10E9440C9C801E2DE7A
:108080008EE997E117DF0FB6F894DEBF0FBECDBFC4
:10809000C1CF8330F0F683E0DCCFFB0181818130FA
:1080A00061F40E942794811102C00C94751A89E929
:1080B00097E100DF84E997E1FDCE0895CF93DF9348
:1080C000EB010E94279481110AC040E355E760E06C
:1080D00070E089EF97E1DF91CF910C944894C981CA
:1080E0006091370785E797E10E9440C9C13059F098
:1080F00028F0C23059F0DF91CF9108958EE697E1D4
:10810000DF91CF91D7CE88E697E1FACF83E697E16A
:10811000F7CF80916F098770873041F040E355E7D2
:1081200060E070E08FE397E10C9448940E942794FC
:10813000811102C00C94751A8EE080936C098BE358
:1081400097E1B8DE86E397E1B5CE2F923F924F924A
:108150005F926F927F928F929F92AF92BF92CF92D7
:10816000DF92EF92FF920F931F93CF93DF93CDB7E0
:10817000DEB7C557D1090FB6F894DEBF0FBECDBF2D
:1081800090916B09933008F41DC1182F0E945B1F5A
:1081900082E50E94A519882309F43CC10E94181F9A
:1081A0002B013C0120E030E0A9010E94E1EB882393
:1081B00009F402C18090260A9090270AA090280A0C
:1081C000B090290A20912A0A30912B0A40912C0A5A
:1081D00050912D0A2D8F3E8F4F8F58A3C0903E0790
:1081E000D0903F07E0904007F09041078091420710
:1081F00090914307A0914407B091450789A39AA3A2
:10820000ABA3BCA3A7019601C501B4010E94E1EB99
:1082100081110DC029A13AA14BA15CA16D8D7E8D6C
:108220008F8D98A10E94E1EB882309F4C5C0A501B8
:108230009401C701B6010E94A3F220E030E040E0C3
:108240005FE30E9446EC6B017C012D8D3E8D4F8DCE
:1082500058A169A17AA18BA19CA10E94A3F220E060
:1082600030E040E05FE30E9446EC6D8F7E8F8F8FA1
:1082700098A320E030E0A901C301B2010E94E1EB24
:10828000881F8827881F181709F4B6C020E030E03F
:1082900040E85FEB29A33AA34BA35CA3A701960197
:1082A000C701B6010E9446EC4B015C012D8D3E8D4D
:1082B0004F8D58A1CA01B9010E9446EC9B01AC0147
:1082C000C501B4010E94A4F20E9411F54B015C01AA
:1082D000AC019B01C301B2010E94A3F269A77AA776
:1082E0008BA79CA7A5019401C301B2010E94A4F22F
:1082F0009B01AC0169A57AA58BA59CA50E9446ECC3
:108300002B013C0120E030E0A9010E94CBF487FD65
:108310007CC0C301B2010E9411F569A77AA78BA79F
:108320009CA76D8D7E8D8F8D98A19058A50194018D
:108330000E9480F329A13AA14BA15CA10E9446ECC6
:1083400029A53AA54BA55CA50E9446ECA70196017C
:108350000E94A4F22B013C01A5019401C701B601C2
:108360000E9480F329A13AA14BA15CA10E9446EC96
:1083700029A53AA54BA55CA50E9446EC2D8D3E8D06
:108380004F8D58A10E94A4F26D8F7E8F8F8F98A37E
:1083900020E030E0A901C301B2010E94E1EB8111AC
:1083A000F0C420E030E0A9016D8D7E8D8F8D98A105
:1083B0000E94E1EB8111E5C40E943B2A8BE49FE01F
:1083C0000E94152ACB58DF4F0FB6F894DEBF0FBEC0
:1083D000CDBFDF91CF911F910F91FF90EF90DF9074
:1083E000CF90BF90AF909F908F907F906F905F9055
:1083F0004F903F902F90089580E090E0A0E8BFE379
:1084000089A39AA3ABA3BCA349CF19A61AA61BA6FE
:108410001CA687CF89E40E94A519412C512C32015A
:10842000882321F00E94181F2B013C018AE40E943E
:10843000A519882309F497C40E94181FA5CF2DA160
:108440003EA14FA158A569A17AA18BA19CA10E9430
:1084500046EC6B017C012DA53EA54FA558A969A549
:108460007AA58BA59CA50E9446EC9B01AC01C70197
:10847000B6010E94A4F26B017C012DA53EA54FA57B
:1084800058A969A17AA18BA19CA10E9446EC4B013D
:108490005C012DA13EA14FA158A569A57AA58BA588
:1084A0009CA50E9446EC9B01AC01C501B4010E9451
:1084B000A3F2A70196010E9417F36B017C0120E053
:1084C00030E0A9010E94E1EB882309F4B7C020E065
:1084D00030E0A901C701B6010E94E1EB87FFB9C0F6
:1084E00082E090E0812B8130910509F4B5C00297BC
:1084F00009F4BDC020E030E0A901C701B6010E9427
:10850000CBF44601570187FF04C0B7FAB094B7F81F
:10851000B0942BED3FE049EC50E4C501B4010E945A
:1085200080F320E030E040E952E40E9446EC0E94F3
:108530006AF30E94EDF31B0180912E0A90912F0A9D
:10854000A091300AB091310A62968CAF9DAFAEAF68
:10855000BFAF62972091320A3091330A4091340ABA
:108560005091350A66962CAF3DAF4EAF5FAF669720
:108570009C01AD01609146077091470780914807C3
:10858000909149070E94A3F26DA77EA78FA798AB91
:1085900066962CAD3DAD4EAD5FAD669760914A07D6
:1085A00070914B0780914C0790914D070E94A3F268
:1085B0002B013C01A50194012E966CAD7DAD8EADD5
:1085C0009FAD2E970E9446EC69AB7AAB8BAB9CAB10
:1085D00027E137EB41ED58E30E94E1EB87FF50C004
:1085E0002DEB37E346E855EB6DA57EA58FA598A941
:1085F0000E94CBF487FD44C02DEB37E346E855E3FA
:108600006DA57EA58FA598A90E94E1EB1816C4F16F
:108610002DEB37E346E855EBC301B2010E94CBF4E2
:1086200087FD0AC02DEB37E346E855E3C301B201ED
:108630000E94E1EB181614F40E9410200E949ACABE
:1086400060937D0970937E0980937F0990938009E0
:10865000B9CE90E080E046CF2BED3FE049EC50E40E
:10866000C701B6010E94A3F26B017C0143CF2BED41
:108670003FE049EC50E4C701B6010E94A4F2F4CFF8
:108680002AE037ED43E25CE360911302709114023B
:1086900080911502909116020E9446EC4B015C01FC
:1086A0006091110270911202072E000C880B990B39
:1086B0000E94E7EB9B01AC01C501B4010E9446ECAE
:1086C0006BAF7CAF8DAF9EAF69A97AA98BA99CA92E
:1086D0000E9419F4162F872E982EA92EB10190E032
:1086E00080E00E94E5EB1B01082F9DA39B01482F12
:1086F000592F612F782D892D9A2D0E94CBF41816B1
:1087000024F4212E382C092DADA29101402F5DA11A
:1087100069A97AA98BA99CA90E9480F34B015C01ED
:1087200020E030E040E85FE30E94CBF418160CF044
:108730009AC269A97AA98BA99CA90E946AF30E948E
:10874000EDF37EAB6DAB198A1A8A1B8A1C8A1D8ACF
:108750001E8A1F8A188E198E1A8E1B8E1C8E4DA98A
:108760005EA94230510508F454C2BA0190E080E09D
:108770000E94E5EB23966CAF7DAF8EAF9FAF239742
:108780009B01AC01C701B6010E9480F36FAB78AFCB
:1087900089AF9AAF9B01AC010E9446EC6B017C0152
:1087A000AC019B016FA978AD89AD9AAD0E9446ECF2
:1087B00020E030E040EC50E40E9480F39B01AC01EB
:1087C0006FA978AD89AD9AAD0E94A3F2A6966CAF61
:1087D0007DAF8EAF9FAFA69720E030E040E05FE333
:1087E000C701B6010E9446EC9B01AC0160E070E05D
:1087F00080E89FE30E94A3F2AA966CAF7DAF8EAF94
:108800009FAFAA9723962CAD3DAD4EAD5FAD23979C
:108810006DA57EA58FA598A90E9480F3E2966CAF06
:108820007DAF8EAF9FAFE29723962CAD3DAD4EADA1
:108830005FAD2397C301B2010E9480F3E6966CAF4F
:108840007DAF8EAF9FAFE69762968CAD9DADAEAD1E
:10885000BFAD629789879A87AB87BC8766962CAD38
:108860003DAD4EAD5FAD66972D873E874F87588BE8
:108870000E949ACA9B01AC0128533F4F4F4F5F4F54
:10888000AE962CAF3DAF4EAF5FAFAE970091DB0918
:108890001091DC092091DD093091DE096091DF093A
:1088A0007091E0098091E1099091E209061717079C
:1088B0002807390710F4C901B8010E94E5EB6A9650
:1088C0006CAF7DAF8EAF9FAF6A97E090030AF090D8
:1088D000040A0091050A1091060AA090FF09B090C1
:1088E000000AC090010AD090020A9501A601B701C2
:1088F000C8010E94CBF4181614F4750186012BAD43
:108900003CAD4DAD5EADCA01B9010E9446EC6DA310
:108910007DA71C016A962CAD3DAD4EAD5FAD6A974B
:108920002E966CAD7DAD8EAD9FAD2E970E9446EC20
:108930005B016C019701A801B701C8010E9446ECD8
:108940007B018C019501A6016DA17DA5C1010E944D
:10895000CBF418161CF4ADA2BDA616012DA13DA5A1
:10896000A101B701C8010E94E1EB87FF03C0EDA29E
:10897000FDA6180149A05AA06BA07CA039E126965B
:108980003FAF269741E050E025965FAF4EAF259769
:108990000E94B6A50E949ACAAE960CAD1DAD2EAD32
:1089A0003FADAE97061B170B280B390B101611069F
:1089B000120613067CF09B01AC0128533F4F4F4F2A
:1089C0005F4FAE962CAF3DAF4EAF5FAFAE9780E03E
:1089D0000E94643626963FAD2697315026963FAFCB
:1089E000269725964EAD5FAD2597BA0190E080E0C1
:1089F0000E94E5EB2A966CAF7DAF8EAF9FAF2A97B2
:108A000026965FAD2697552309F45AC19201A3011A
:108A1000A6966CAD7DAD8EAD9FADA6970E9446EC3F
:108A20006B017C0129A53AA54BA55CA5AA966CAD66
:108A30007DAD8EAD9FADAA970E9446EC9B01AC0127
:108A4000C701B6010E94A4F27B018C019201A3012F
:108A5000AA966CAD7DAD8EAD9FADAA970E9446ECF7
:108A60004B015C0129A53AA54BA55CA5A6966CAD6A
:108A70007DAD8EAD9FADA6970E9446EC9B01AC01EB
:108A8000C501B4010E94A3F22B013C01C701D8012A
:108A900089A79AA7ABA7BCA79201A3016E966CAD5C
:108AA0007DAD8EAD9FAD6E970E94A4F269837A83EF
:108AB0008B839C8329A53AA54BA55CA5A2966CAD9A
:108AC0007DAD8EAD9FADA2970E94A4F26D837E8393
:108AD0008F8398872A962CAD3DAD4EAD5FAD2A971A
:108AE000E2966CAD7DAD8EAD9FADE2970E9446ECF7
:108AF00062962CAD3DAD4EAD5FAD62970E94A4F283
:108B000069877A878B879C872A962CAD3DAD4EADC1
:108B10005FAD2A97E6966CAD7DAD8EAD9FADE697C5
:108B20000E9446EC66962CAD3DAD4EAD5FAD6697AE
:108B30000E94A4F26D877E878F87988BCE01019665
:108B40000E94C48923962CAD3DAD4EAD5FAD2397F9
:108B500069A97AA98BA99CA90E9480F32A962CADB9
:108B60003DAD4EAD5FAD2A970E9446EC9B01AC0136
:108B700069A97AA98BA99CA90E94A3F26B017C0127
:108B80006A962CAD3DAD4EAD5FAD6A97CA01B90195
:108B90000E94A4F29B01AC01C701B6010E9446EC01
:108BA0007B018C012DA13DA5A1010E94CBF41816DB
:108BB0001CF4EDA0FDA48101C701D801898F9A8F13
:108BC000AB8FBC8F9E012F5E3F4F4BAD5CAD6DAD4B
:108BD0007EADCE0101960E94DBC28823D1F02E9695
:108BE0002CAD3DAD4EAD5FAD2E972D8B3E8B4F8B9B
:108BF000588F25964EAD5FAD25974F5F5F4F2596F9
:108C00005FAF4EAF25978DA99EA98417950709F0F0
:108C1000BFCE80E1EEE3F7E0DE01119601900D9208
:108C20008A95E1F7CE0101960E94C4891D8A1E8AA9
:108C30001F8A188E198E1A8E1B8E1C8E9E012F5E17
:108C40003F4F4BAD5CAD6DAD7EADCE0101960E9448
:108C5000DBC280E1EEE3F7E0A6E2BAE001900D921C
:108C60008A95E1F7EBCC2DEC3CEC4CEC5DE3C501D7
:108C7000B4010E94E1EB87FF1FC02DEC3CEC4CECF3
:108C80005DE369A97AA98BA99CA90E9480F30E943F
:108C900019F44B015C0120E030E040E85FE30E9402
:108CA000E1EB87FF06C0812C912C80E8A82E8FE392
:108CB000B82EC501B40143CDB101802F9DA13FCD98
:108CC0002A962CAD3DAD4EAD5FAD2A976FA978AD1C
:108CD00089AD9AAD0E9446EC4B015C010E947DF388
:108CE0006B017C01C501B4010E9407F54B015C01D9
:108CF000A701960169A17AA18BA19CA10E9446ECD3
:108D00002B013C012D8D3E8D4F8D58A1C501B40125
:108D10000E9446EC9B01AC01C301B2010E94A4F287
:108D20002B013C01A501940169A17AA18BA19CA111
:108D30000E9446EC4B015C012D8D3E8D4F8D58A15C
:108D4000C701B6010E9446EC9B01AC01C501B4010C
:108D50000E94A3F269A77AA78BA79CA789E1269610
:108D60008FAF269799CE20E030E0A901C301B20170
:108D70000E94E1EB882309F41FCB1D8E1E8E1F8EEF
:108D800018A2A3019201505829A33AA34BA35CA3B4
:108D90008D8D9E8DAF8DB8A1B05889A79AA7ABA72E
:108DA000BCA7A3019201C301B2010E9446EC6B0172
:108DB0007C012D8D3E8D4F8D58A1CA01B9010E94B5
:108DC00046EC9B01AC01C701B6010E94A4F20E94CF
:108DD00011F52E966CAF7DAF8EAF9FAF2E97809022
:108DE000260A9090270AA090280AB090290AA30189
:108DF0009201C501B4010E94A4F26E966CAF7DAFE2
:108E00008EAF9FAF6E9720912A0A30912B0A409126
:108E10002C0A50912D0A29AB3AAB4BAB5CAB2D8D94
:108E20003E8D4F8D58A169A97AA98BA99CA90E9452
:108E3000A4F2A2966CAF7DAF8EAF9FAFA297409089
:108E40003E0750903F0760904007709041076E9634
:108E50002CAD3DAD4EAD5FAD6E97C301B2010E942A
:108E6000A3F26DA37EA38FA398A7C0904207D090D2
:108E70004307E0904407F0904507A2962CAD3DAD26
:108E80004EAD5FADA297C701B6010E94A3F26DA7D8
:108E90007EA78FA798ABA3019201C501B4010E94E0
:108EA000A3F24B015C012DEB37E346E855EB0E9442
:108EB000CBF487FDC4CA2DEB37E346E855E3C50183
:108EC000B4010E94E1EB18160CF4B9CAA70196018F
:108ED00069A97AA98BA99CA90E94A3F26B017C01C4
:108EE0002DEB37E346E855EB0E94CBF487FDA7CA8C
:108EF0002DEB37E346E855E3C701B6010E94E1EBED
:108F000018160CF49CCA28E4222E312C3BED832E3B
:108F10003FE0932E39ECA32E30E4B32E9BEDC92E07
:108F20009FE0D92E99ECE92E90ECF92E111104CB8B
:108F30007501640101CB2F923F924F925F926F9225
:108F40007F928F929F92AF92BF92CF92DF92EF92D9
:108F5000FF920F931F93CF93DF93CDB7DEB7CA591C
:108F6000D1090FB6F894DEBF0FBECDBF80919F0927
:108F7000888B8091500690915106A0915206B09135
:108F80005306AC01BD0116E1769567955795479557
:108F90001A95D1F740FF00C10E94CD26811107C06C
:108FA0000E943B2A80E497E00E94152A0FC18AE5BF
:108FB0000E94A519882339F10E94181F2091790970
:108FC00030917A0940917B0950917C090E94A3F26B
:108FD0006B017C0120E030E040E251ECC701B601BA
:108FE0000E94CBF487FD0AC020E030E040E251E46B
:108FF000C701B6010E94E1EB181674F40E943B2AE7
:1090000083E397E0D1CFC0902E0AD0902F0AE09052
:10901000300AF090310ADECF40E050E060EC7FE7AC
:1090200088E50E94461F2091710930917209409194
:109030007309509174090E94A3F22B013C0140E096
:1090400050E060EC7FE789E50E94461F209175099A
:109050003091760940917709509178090E94A3F2E6
:109060004B015C016FEF89E40E94DD1E182F6FEF4A
:109070008AE40E94DD1E082FA3019201C301B20100
:109080000E9453F5811156C0A5019401C501B40198
:109090000E9453F581114EC020915307309154071F
:1090A0004091550750915607C301B2010E94A3F2A7
:1090B00020915B0730915C0740915D0750915E07FE
:1090C0000E9480F320E030E040E05FE30E94A4F2E1
:1090D0000E94E8F3162F20915707309158074091CE
:1090E000590750915A07C501B4010E94A3F220917B
:1090F0005F073091600740916107509162070E94BD
:1091000080F320E030E040E05FE30E94A4F20E94A0
:10911000E8F3062F812F012E000C990B97FD34C028
:109120000597A4F5802F002E000C990B97FD30C0F9
:10913000059784F5153008F049C0053008F046C0A1
:1091400080E00E94E22625E01202F0011124E00FE7
:10915000F11D07FDFA95EE0FFF1FEE0FFF1FED59F2
:10916000F84FC082D182E282F3820E942529602FCB
:10917000812F0E94929B8889882341F181E00E947F
:10918000E2260E94D48C22C010E0CCCF14E0CACFDB
:1091900000E0D0CF04E0CECF79E0B695A7959795C3
:1091A00087957A95D1F780FD0CC070E060E086E588
:1091B0000E940B1F9A838983059710F18EE097E038
:1091C000F3CE80E00E94E2260E94A629C656DF4F19
:1091D0000FB6F894DEBF0FBECDBFDF91CF911F91C8
:1091E0000F91FF90EF90DF90CF90BF90AF909F9046
:1091F0008F907F906F905F904F903F902F90089549
:1092000060E084E40E94F61E8F8740E050E0BA01DF
:109210008AE50E94461F6BA77CA78DA79EA740E00A
:1092200050E669EF75E483E50E94461F6B017C01FF
:1092300020E030E040E752E40E94E1EB87FF12C0FB
:1092400040E050E060E772E48FEE96E00E942B2A47
:1092500082EE96E00E94152AC12CD12C60E7E62E02
:1092600062E4F62E20E030E040E752E4C701B601A8
:109270000E9480F360934F027093500280935102DA
:10928000909352020091C90B1091CA0BF801C08053
:10929000D180E280F38020E030E0A901C701B6016F
:1092A0000E94A4F2C956DF4F6883C759D040C85600
:1092B000DF4F7883C859D040C756DF4F8883C959DC
:1092C000D040C656DF4F9883CA59D04020E030E0E6
:1092D00040E251E40E94E1EB87FF16C0C956DF4F20
:1092E0001882C759D040C856DF4F1882C859D0409D
:1092F000F0E2C756DF4FF883C959D04021E4C65683
:10930000DF4F2883CA59D04020E030E04AEF53E4D1
:10931000C701B6010E94A4F2CD56DF4F6883C3593E
:10932000D040672ECC56DF4F8883C459D040CB56EF
:10933000DF4F9883C559D04020E030E045EF53E43B
:109340000E94CBF4181694F4CD56DF4F1882C359FF
:10935000D040612C85EFCC56DF4F8883C459D04074
:1093600093E4CB56DF4F9883C559D040F8018480F1
:109370009580A680B78020E030E0A901C501B40146
:109380000E94A4F27B018C0120E030E040E251E435
:109390000E94E1EB87FF04C0E12CF12C00E211E414
:1093A00020E030E04AEF53E4C501B4010E94A4F28A
:1093B000B62EC72ED82ECA56DF4F9883C659D04036
:1093C00020E030E045EF53E40E94CBF4181654F44B
:1093D000B12CC12C55EFD52EF3E4CA56DF4FF883DC
:1093E000C659D04088E40E945719882309F457C20F
:1093F0000E94181F0E94E8F31B0177FF02C06F5FF5
:109400007F4F7595679571956195710966507F4F8E
:10941000072E000C880B990B0E94E7EB762E872E07
:10942000982EA92E9701A8010E94CBF4181624F4B7
:10943000E72CF82C092D1A2DC956DF4F2881C75962
:10944000D040C856DF4F3881C859D040C756DF4F8B
:109450004881C959D040C656DF4F5881CA59D040BB
:10946000672D782D892D9A2D0E94CBF41816A4F023
:10947000C956DF4F7880C759D040C856DF4F888023
:10948000C859D040C756DF4F9880C959D040C656FA
:10949000DF4FA880CA59D040872D982DA92DBA2D0D
:1094A0008B8B9C8BAD8BBE8BC701D8018F8B988F1C
:1094B000A98FBA8FB101330C880B990B0E94E7EB8F
:1094C0001B012C01AC019B01B701C8010E94A4F251
:1094D0007B018C012B2D3C2D4D2DCA56DF4F588121
:1094E000C659D0400E94E1EB87FF08C0BE2CCF2CAC
:1094F000D02ECA56DF4F1883C659D040A201910121
:10950000672D782D892D9A2D0E94A4F27B018C0164
:10951000CD56DF4F2881C359D040362DCC56DF4F72
:109520004881C459D040CB56DF4F5881C559D040EF
:109530000E94E1EB87FF10C0CD56DF4FE882C35990
:10954000D0406F2CCC56DF4F0883C459D040CB5647
:10955000DF4F1883C559D040CD56DF4F8881C3599E
:10956000D040962DCC56DF4FA881C459D040CB5661
:10957000DF4FB881C559D0408B8F9C8FAD8FBE8F88
:109580008B2D9C2DAD2DCA56DF4FB881C659D040CA
:109590008F8F98A3A9A3BAA3CE0143960E94BEC4FD
:1095A000882309F4CBC1CE014B960E94BEC4D82EAD
:1095B000882309F4C3C12F89388D498D5A8D6F8D49
:1095C00078A189A19AA10E94A3F220E030E040E8AE
:1095D0005EE30E9446EC4B015C012B893C894D897E
:1095E0005E896B8D7C8D8D8D9E8D0E94A3F220E017
:1095F00030E040E85EE30E9446EC6BA37CA38DA3C1
:109600009EA38FA298A6A9A6BAA689819A811816A8
:1096100019066CF480EB96E00E94152A8F8588234A
:1096200021F086EA96E00E94152A0E94412A0E94B3
:10963000867E0E94858A80E00E94E22680917009E1
:10964000811104C060E081E00E943C8E8F85811111
:1096500046C020915B0730915C0740915D075091B7
:109660005E076BA17CA18DA19EA10E94E1EB8111FF
:1096700030C020915F0730916007409161075091A1
:1096800062076FA178A589A59AA50E94E1EB8111D7
:1096900020C02091530730915407409155075091B5
:1096A00056076B897C898D899E890E94E1EB811127
:1096B00010C0209157073091580740915907509199
:1096C0005A076F89788D898D9A8D0E94E1EB8823E6
:1096D00031F080E00E94E2260E94A629188A60E00C
:1096E00085E40E94F61E882309F42BC121E0CD56A3
:1096F000DF4F2883C359D0401B861C861D861E86DB
:109700001A8A26E7A22E26E0B22E34E8832E36E00F
:10971000932E0A8905300CF022C16B857C858D85DE
:109720009E859B01AC010E9453F5811118C1CC2488
:10973000C39495E0392ED11005C0CC24CA943324AB
:109740003A9484E091E0D926102F110F110F100FD9
:109750001F5F898B09896A89031509F4FCC0062EED
:10976000000C770B880B990B0E94E7EB2FA138A513
:1097700049A55AA50E9446EC2F89388D498D5A8DEE
:109780000E94A4F22B013C01602F000F770B880B85
:10979000990B0E94E7EB2BA13CA14DA15EA10E9479
:1097A00046EC2B893C894D895E890E94A4F26B832B
:1097B0007C838D839E834F82588669867A868981D1
:1097C0009A81892B91F082E996E00E94152A812FD7
:1097D0000E94A61E80E996E00E94152A89E10E9457
:1097E000A61E8DE896E00E94152A1F92E9E1EF93EC
:1097F0001F921F93BF92AF929F928F921F920E94CF
:10980000C2CA2F81388549855A856B817C818D81BB
:109810009E81E980CD56DF4F0881C359D0400E9418
:10982000F0C52B013C014B865C866D867E860FB6AB
:10983000F894DEBF0FBECDBFAC019B010E9453F573
:10984000811186C009892A8825E00203700111244C
:10985000E20CF11C27FCFA94EE0CFF1CEE0CFF1C32
:1098600081E090E08C0F9D1FE80EF91EA30192018C
:109870006BA57CA58DA59EA50E94A4F2F70166A705
:1098800077A780AB91AB622D802F0E94929B188AA4
:1098900081E00E9464361F5F89898C0D5ACFA70131
:1098A000B80186E40E94461F1B012C01C956DF4FF8
:1098B0004881C759D040C856DF4F5881C859D04059
:1098C000C756DF4F6881C959D040C656DF4F7881EF
:1098D000CA59D0408CE40E94461F6B8B7C8B8D8BC9
:1098E0009E8B2F8A388E498E5A8E4B2D5C2D6D2D76
:1098F000CA56DF4F7881C659D04082E40E94461F85
:109900006B017C01CD56DF4F4881C359D040562DA5
:10991000CC56DF4F6881C459D040CB56DF4F788199
:10992000C559D04082E50E94461F6B8F7C8F8D8F7A
:109930009E8FCF8ED8A2E9A2FAA22ECE86EC96E018
:1099400033CB83E0CD56DF4F8883C359D040D4CE8C
:1099500088890E94E2268A898F5F8A8BDACE0E94EC
:1099600022C480E00E944B26882359F088890E94F7
:10997000E22680E090E0A0ECBFE78B879C87AD8774
:10998000BE876B857C858D859E859B01AC010E9481
:1099900053F5811110C08F85882381F0CE018F96F9
:1099A0000E941B318F85882319F08889882319F03C
:1099B00081E00E94E2260E946C8AE3CBBE016D5ECC
:1099C0007F4FCE0183960E94392984E6FE01BF961F
:1099D000A3E6B7E001900D928A95E1F70E94252950
:1099E00090E080E0DDCFCF93C82F8091DA0983FD2E
:1099F0000AC00E94F519882331F080911D029091D0
:109A00001E020E9465928FEA9CE20E94A792CC23DC
:109A100029F061E080E0CF910C94A4A180915207DD
:109A200091E0892780932809809128098823F1F003
:109A300020E030E040E05FE36091970B7091980B7D
:109A40008091990B90919A0B0E94A4F20E94E8F3E6
:109A500020919B0B30919C0B621B730B77FF03C013
:109A60007195619571096230710544F4109228096D
:109A70008091DA0983FF06C081E00FC080E00E9478
:109A80006436D2CF0E94F5198823B1F30E943E2A92
:109A900080EA95E00E94152A80E0CF910895CF9248
:109AA000DF92EF92FF92CF93DF936B017C01D42F73
:109AB000C091610583E08093610581E08093360762
:109AC000C114D104E104F10431F00E949ACAC60E17
:109AD000D71EE81EF91E809136078823C1F0C114F5
:109AE000D104E104F10421F48D2F0E946436F3CFF8
:109AF0000E949ACAA7019601261B370B480B590BE7
:109B0000DA01C901181619061A061B066CF3109221
:109B10003607C0936105DF91CF91FF90EF90DF9002
:109B2000CF900895809154068823D1F10FB607FC99
:109B30002DC09091550680915606981304C08091CF
:109B4000D00086FD2DC08091D00085FF1EC0809181
:109B5000560620915506821306C08091D1008F7D54
:109B60008093D10012C0E82FF0E0EB5AF94F9281B8
:109B70008F5F8F729093D600809356069091D0009D
:109B800090649093D000281741F3D3CF909155065D
:109B900080915606981303C08091D00086FFF6CFBF
:109BA0000895CF93DF9300D000D01F921F92CDB7BE
:109BB000DEB7FE01339696E0DF011D929A95E9F734
:109BC0009AE5998395EA9A838C834D836E8348E066
:109BD000BE016F5F7F4F80EB90E00E94AF22A2DF5B
:109BE00062E370E080E090E00E9400CA28960FB621
:109BF000F894DEBF0FBECDBFDF91CF910895CF9314
:109C0000DF9300D000D01F921F92CDB7DEB7FE01C8
:109C1000339696E0DF011D929A95E9F79AE59983CC
:109C200095EA9A8391E098878C834D836E8348E010
:109C3000BE016F5F7F4F80EB90E00E94AF2272DF2A
:109C400062E370E080E090E00E9400CA28960FB6C0
:109C5000F894DEBF0FBECDBFDF91CF910895809104
:109C6000B1069091B2062FEF3FEF981751F0E92F10
:109C7000F0E0EF54F94F228130E09F5F9F7790939F
:109C8000B206C90108951F920F920FB60F921124C8
:109C90000BB60F922F938F939F93EF93FF93809127
:109CA000560620915506821306C08091D1008F7D03
:109CB0008093D10012C0E82FF0E0EB5AF94F928167
:109CC0008F5F8F729093D600809356069091D0004C
:109CD00090649093D000281741F3FF91EF919F91EA
:109CE0008F912F910F900BBE0F900FBE0F901F9072
:109CF00018951F920F920FB60F9211240BB60F9268
:109D00002F938F939F93EF93FF939091D600209181
:109D1000B206E091B10681E08E0F8F77281729F007
:109D2000F0E0EF54F94F9283E82FE093B106FF91F2
:109D3000EF919F918F912F910F900BBE0F900FBEBF
:109D40000F901F9018951F920F920FB60F9211242B
:109D50000BB60F922F938F939F93EF93FF93909156
:109D6000CE002091370AE091360A81E08E0F8F777E
:109D7000281729F0F0E0EA5CF54F9283E82FE09392
:109D8000360AFF91EF919F918F912F910F900BBE0B
:109D90000F900FBE0F901F9018951F920F920FB645
:109DA0000F9211240F900FBE0F901F9018951F92C5
:109DB0000F920FB60F9211240F900FBE0F901F90AD
:109DC00018951F920F920FB60F9211240BB60F9297
:109DD0002F938F939F93EF93FF939091C6002091C1
:109DE000B90AE091B80A81E08E0F8F77281729F021
:109DF000F0E0E854F54F9283E82FE093B80AFF9122
:109E0000EF919F918F912F910F900BBE0F900FBEEE
:109E10000F901F9018958EBD0DB407FEFDCF0895CD
:109E20008FEF8EBD0DB407FEFDCF8EB508959091D6
:109E300064009B7F90936400982F906A96959CBDD8
:109E400080FD03C091E0863009F490E09DBD089547
:109E50000F931F93CF93DF93CDB7DEB76B970FB6FA
:109E6000F894DEBF0FBECDBFFB01018110E08091F1
:109E7000AE069091AF06800F911F0E94C7D2882333
:109E800009F457C080917A0B85FF66C01092AF0627
:109E90001092AE068FEF9FEF90930F0280930E0209
:109EA00080913A0B09E819E0882311F00AE31BE0DE
:109EB00019821C8280915D136FE373E1882311F096
:109EC0006AE573E121E0A801CE0101960E94A6D4C3
:109ED0008823D1F18BE1FE013196AAE5B3E101902F
:109EE0000D928A95E1F780917A0B8F7B80937A0BA4
:109EF000A0916F0BAA3080F481E08A0F80936F0BE2
:109F00008BE18A9FD0011124AB58BC4EEAE5F3E106
:109F100001900D928A95E1F78FEF9FEF90932702C2
:109F200080932602CE0101960E94852681E08093CF
:109F300038076B960FB6F894DEBF0FBECDBFDF912A
:109F4000CF911F910F9108950E943E2AB80185EE8E
:109F500096E10E940FDAE6CF8091AE069091AF06AF
:109F6000080F191F10930F0200930E02DFCFFB01A1
:109F700081818F3F91F0882341F08E3FF9F446E0D4
:109F800060E070E0CB010E946D930E949E9260E0C1
:109F900070E0CB010E94729206C046E060E070E083
:109FA000CB010E946D9340E355E760E070E08BE2E7
:109FB00097E10E94489481E0809338070895CF93F9
:109FC000DF93FB01C081D181DC27CD27DC27FC0199
:109FD000808191818131F0E29F0731F0823190429E
:109FE00081F0DF91CF910895BE01DD0F880B990BB1
:109FF0000E94E7EB46E00E946D9381E08093380772
:10A00000F0CF0E949E92BE01DD0F880B990B0E943B
:10A01000E7EB0E947292F1CFFB018181823091F0D7
:10A02000833019F18130E9F40E949E9260E070E083
:10A0300088E493E40E94729246E060E070E080E77A
:10A0400092E40DC00E949E9260E070E080E793E48D
:10A050000E94729246E060E070E080EA92E40E9422
:10A060006D9381E08093380708950E949E9260E08E
:10A0700070E080E793E4DECF2F923F924F925F92A1
:10A080006F927F928F929F92AF92BF92CF92DF9208
:10A09000EF92FF920F931F93CF93DF93CDB7DEB76D
:10A0A00062970FB6F894DEBF0FBECDBF0E94763325
:10A0B00087FDD2C389E29DE20E94A79285E40E94B7
:10A0C000A519812C912CA12C30E4B32E882379F092
:10A0D0000E94181F4B015C0120E030E0A9010E94A2
:10A0E000CBF487FF04C0B7FAB094B7F8B0948CE013
:10A0F000E7EFF3E0DE01119601900D928A95E1F70A
:10A1000088E50E94A519882351F040E050E0BA018B
:10A1100088E50E94461F69837A838B839C8389E547
:10A120000E94A519882351F040E050E0BA0189E56A
:10A130000E94461F6D837E838F8398878AE50E94E5
:10A14000A519882351F040E050E0BA018AE50E9449
:10A15000461F69877A878B879C87C090CC07D090F1
:10A16000CD07E090CE07F090CF0785E50E94A519B6
:10A17000882321F00E94181F6B017C0120E030E051
:10A18000A901C701B6010E94CBF487FF04C0F7FA0A
:10A19000F094F7F8F0946AE070E082E40E940B1FFC
:10A1A0008091AC08811158C361E082E597E00E947C
:10A1B000AC2B40EE59E16FE677E085E00E94A8C441
:10A1C0001091AC0881E0810F8093AC080E9481352A
:10A1D0008E87882341F080917A0B8B7F80937A0B56
:10A1E0001E5F1093AC080E948D9080E1E6E2FAE0D9
:10A1F000A8E4B5E001900D928A95E1F787E00E940E
:10A2000033898D87811157C129852F878A85888B4E
:10A210002B85298B8C858A8B20902E0A30902F0AD3
:10A220004090300A5090310A20E030E040E050E4A5
:10A23000C201B1010E94A4F23B018C0120E030E098
:10A240004AEF53E40E94CBF4181624F4612C712CCD
:10A250000AEF13E49301A8016F85788989899A89A7
:10A260000E94CBF4181624F46F84788809891A891F
:10A27000A2019101B301C8010E94A3F22E852223FD
:10A2800051F02091C707222331F041E02D852111A3
:10A2900040E00E94EE200E94867E20E030E0A9018E
:10A2A000C501B4010E94E1EB882369F00E94F17DB1
:10A2B000811109C0C501B401905820E030E040E7A9
:10A2C00052E40E94F88B8D858111DFC2BE016F5F61
:10A2D0007F4F0E94E29020E030E0A901C701B60163
:10A2E0000E94E1EB882309F451C062E080E07BDB4F
:10A2F000882309F44BC08BE19DE20E94A79220E0E5
:10A3000030E040E752E460E070E080E591EC0E94CC
:10A31000F88B68E873E180E090E00E94003520E06F
:10A3200030E048EC51E460E070E088EA91E40E949B
:10A33000F88B8090130A9090140AA090150AB090A0
:10A34000160A80E090E0A8ECB1E48093130A9093A1
:10A35000140AA093150AB093160AC701B6019058C3
:10A3600020E030E040E251E40E94F88B8092130A32
:10A370009092140AA092150AB092160A0E94F97CD3
:10A3800064E670E080E090E00E9400350E94F97C75
:10A3900064E670E080E090E00E94003560E083E0D9
:10A3A0000E9472C40E943E2A85E797E00E94152A07
:10A3B0000E949ACA685370458F4F9F4F6093DD0784
:10A3C0007093DE078093DF079093E0071092E10718
:10A3D0001091610583E08093610583EE97E00E9410
:10A3E000282C83EE97E00E94A79281E080933607A5
:10A3F00080913607882309F463C08091E1078823A0
:10A4000009F455C08CEB9CE20E94A7920E943E2A60
:10A4100086EC97E00E94152A40E067EB77E082E047
:10A420000E94032C80EB97E00E94DF2B0E94FB2B05
:10A4300087EB97E00E94A79241E060E070E0CB01DB
:10A440002EDB40E063EA77E085E00E94032C0E9467
:10A45000FB2B83EA97E00E9474C10E949E9260E009
:10A4600080E0C1DA60E083E00E9472C40E943E2A6C
:10A4700085E797E00E94152A0E949ACA68537045A2
:10A480008F4F9F4F6093DD077093DE078093DF0748
:10A490009093E0071092E10787E997E00E94282C4B
:10A4A00087E997E00E94A79281E08093360781E0D8
:10A4B0000E9464369DCF60E070E080E090E4DECEE4
:10A4C0001093610570E060E082E50E940B1F8C0133
:10A4D000C090C807D090C907E090CA07F090CB079A
:10A4E0008CE40E94A519882321F00E94181F6B019B
:10A4F0007C0120E030E0A901C701B6010E94CBF445
:10A5000087FF04C0F7FAF094F7F8F0948091AC0854
:10A51000882309F4A1C1B090E1070E949E92809126
:10A520009B0B90919C0B801791071CF4C8010E9413
:10A53000659260E080E057DA882309F4A5C0BB206B
:10A5400061F184EF9CE20E94A7920E943E2A8EE273
:10A5500098E00E94152AB090610583E08093610520
:10A5600081E08093360780E298E00E94A79240E362
:10A5700060E178E082E00E94032C85EE98E00E9482
:10A58000DF2B0E94FB2B80913607882321F081E08E
:10A590000E946436F8CFB092610587EE9CE20E947B
:10A5A000A79220E030E0A901C701B6010E94E1EBCB
:10A5B000882321F18090130A9090140AA090150A24
:10A5C000B090160A80E090E0A8ECB1E48093130A02
:10A5D0009093140AA093150AB093160A20E030E075
:10A5E00040EC50E4C701B6010E94F88B8092130A38
:10A5F0009092140AA092150AB092160A23E0D22E65
:10A600008AED9CE20E94A79220E030E040E450E412
:10A6100060E070E088E492E40E94F88B80915A0533
:10A6200091EFE92E97E0F92E811104C085EEE82E16
:10A6300088E0F82E40E069E078E081E00E94032C99
:10A640008FEF97E00E94DF2BC7010E94DF2B0E9453
:10A65000FB2BF0906105D0926105109236071092A5
:10A660005B058FE99CE20E94A79280915B058111B6
:10A6700004C081E00E946436F8CFF0926105813019
:10A6800009F4BECF0E94FF2B101611063CF4C8013E
:10A690000E94659260E080E00E94A4A18CEC9CE2A4
:10A6A0000E94A79260E081E09ED920E030E040E780
:10A6B00052E460E070E080E090EC0E94F88B87E06C
:10A6C0000E94338981115CC08091320A9091330AD3
:10A6D000A091340AB091350A40912E0A50912F0A68
:10A6E0006091300A7091310A00914C0510914D052E
:10A6F00020914E0530914F05C0904805D0904905F6
:10A70000E0904A05F0904B05C0923E07D0923F077B
:10A71000E0924007F09241070093420710934307ED
:10A7200020934407309345074093460750934707CB
:10A73000609348077093490780934A0790934B07AB
:10A74000A0934C07B0934D0760E070E088EC92E472
:10A750000E9478AB8091500590915105A0915205CF
:10A76000B09153058093460790934707A0934807FD
:10A77000B093490760E070E080EA90E40E9478AB13
:10A7800020E030E040E752E460E070E080E090E4F8
:10A790000E94F88BC0905405D0905505E090560566
:10A7A000F090570520E030E0A901C701B6010E94F2
:10A7B000E1EB87FF08C020E030E040E752E4C7014A
:10A7C000B6010E94F88B8091540590915505A09197
:10A7D0005605B09157058093320A9093330AA0939F
:10A7E000340AB093350A80934A0790934B07A0939D
:10A7F0004C07B0934D070E942F8C61E080E598E0F4
:10A800000E94AC2B8091AC0881508093AC0840EE44
:10A8100059E168E578E085E00E94A8C48091960936
:10A82000823011F40E9468908091AC08882381F0F6
:10A8300081508093AC080E94FDCB8091C70788238C
:10A8400039F040E060E070E080E090E40E94EE20AB
:10A850000E94A8330E9422C462960FB6F894DEBF0D
:10A860000FBECDBFDF91CF911F910F91FF90EF9061
:10A87000DF90CF90BF90AF909F908F907F906F9020
:10A880005F904F903F902F90089589E597E00E9448
:10A8900074C121CD2F923F924F925F926F927F921F
:10A8A0008F929F92AF92BF92CF92DF92EF92FF92E0
:10A8B0000F931F93CF93DF93CDB7DEB7E1970FB61A
:10A8C000F894DEBF0FBECDBF89AB2091610528ABE8
:10A8D00081E080936105809181058D3409F4F4C293
:10A8E000843509F443C08734E9F420917F05309121
:10A8F00080052B31310509F481C0B8F424303105CD
:10A9000058F42230310580F181E02230310509F020
:10A9100080E00E94A5402AC02430310579F125311C
:10A92000310521F10E9405D921C02A32310509F4EF
:10A9300046C160F42D31310509F40FC108F481C01E
:10A940002E31310579F70E94526A10C02B3531053E
:10A9500009F413C22C35310509F413C22A35310527
:10A9600009F71092631202C00E94102089A9811178
:10A970000C948C5E0E9447C40C948C5E80E50E940F
:10A98000A519C12CD12C7601882321F00E94AC1E80
:10A990006B017C0183E50E94A519882361F00E9468
:10A9A000181F20E030E04AE754E40E9446EC0E9481
:10A9B000EDF36B017C010E94867EC114D104E10499
:10A9C000F104A1F280912212811104C084E798E081
:10A9D0000E9474C10E949ACA4B015C010E949ACAEB
:10A9E000681979098A099B096C157D058E059F05F3
:10A9F00008F0BCCF80E00E946436F0CF87E00E9470
:10AA00004DA38111B3CF70E060E080E50E940B1F81
:10AA10008530910578F49CE0E3E0F4E0DE011196E6
:10AA200001900D929A95E1F7BE016F5F7F4F0E94F2
:10AA3000E2909CCF6DE778E085E998E00E94A32B37
:10AA400095CF87E00E943389811111C08091500613
:10AA500090915106A0915206B09153061EE0B69512
:10AA6000A795979587951A95D1F780FD7FCF0E947E
:10AA7000867E0E949ACA60937D0970937E098093B6
:10AA80007F09909380091092360280E00E94E226AE
:10AA90000E94858A81E080931B090E942D8EC090C0
:10AAA0005006D0905106E0905206F0905306F9E11E
:10AAB000F694E794D794C794FA95D1F7C0FE0DC0E9
:10AAC00081E00E943389182F82E00E94338911119E
:10AAD0000C94CA6911E0811101C010E08091500608
:10AAE00090915106A0915206B0915306E7E1B695B8
:10AAF000A79597958795EA95D1F780FF02C00C94AA
:10AB0000BF68112311F40C94C268012F10E08C2D42
:10AB10008170982E0C94D26881EB98E00E9474C1E9
:10AB20000E943E2A8FE998E00E94152A0E94868C96
:10AB300080911A0980931B09992041F021E040E09F
:10AB400060E070E080EA90E40E948D8B0E946C8A45
:10AB50000E94D48C0BCF982EE9CF0E949ACA6093A2
:10AB60007D0970937E0980937F099093800980917D
:10AB70009F0981111DC08091500690915106A091AE
:10AB80005206B09153065DE0B695A79597958795C7
:10AB90005A95D1F780FF04C082EC98E00E94FC69CE
:10ABA00087E00E944DA38111E1CE0E949B47DECE3B
:10ABB00060E08FE40E94F61E8823E9F2D7CE8091F0
:10ABC0006B09833008F4D2CE89E40E94A519E82EDF
:10ABD00000E0882319F00E94081F082F8AE40E94D1
:10ABE000A519F82E10E0882319F00E94081F182FCD
:10ABF000EE2011F0053020F4FF2039F0153028F058
:10AC000086EC98E00E94152AB1CE80E1E6E2FAE0F7
:10AC1000AEE3B7E001900D928A95E1F7EE2011F1D5
:10AC2000602F70E090E080E00E94E7EB20915B07EE
:10AC300030915C0740915D0750915E070E9446ECA1
:10AC40002091530730915407409155075091560772
:10AC50000E94A4F260933E0770933F0780934007E1
:10AC600090934107FF2011F1612F70E090E080E0A8
:10AC70000E94E7EB20915F073091600740916107E8
:10AC8000509162070E9446EC209157073091580777
:10AC90004091590750915A070E94A4F260934207CD
:10ACA0007093430780934407909345078091500623
:10ACB00090915106A0915206B09153064FE0B6957F
:10ACC000A795979587954A95D1F780FF38C0EE20D4
:10ACD000D1F0E091C90BF091CA0B20813181428102
:10ACE000538160913E0770913F078091400790919A
:10ACF00041070E94A3F260933E0770933F07809341
:10AD0000400790934107FF20D1F0E091C90BF091EB
:10AD1000CA0B248135814681578160914207709129
:10AD2000430780914407909145070E94A3F26093E6
:10AD3000420770934307809344079093450740E090
:10AD400050E0BA0186E40E94461F6B017C0120E0BE
:10AD500030E0A9010E94CBF418165CF420E030E04A
:10AD600040E752E4C701B6010E9480F30E9478AB2D
:10AD7000FDCD60E070E0CB01F9CF8FE080936312EE
:10AD8000F5CD80917E05882381F1893009F0EECDE3
:10AD90002FE0A22E24E0B22E36E2C32E3AE0D32ECC
:10ADA000E12C10E000E0D5018D915D010E94A51914
:10ADB000F82E882361F0033011F0E82EF12E0E9466
:10ADC000181FF60160837183828393831F2D0F5FA9
:10ADD000F4E0CF0ED11C043031F7EE2009F464C04A
:10ADE0000E94868C0E94D48CC1CD8FE094E099A7FC
:10ADF00088A781E7682E89E0782E96E2492E9AE0AE
:10AE0000592E10E000E0A8A5B9A58D91B9A7A8A773
:10AE10000E94A519382E8823E9F10E94181F6B01A2
:10AE20007C01033049F0F30120813181428153815B
:10AE30000E94A3F26B017C01D2012D913D914D91B5
:10AE40005C91C701B6010E94A3F24B015C012DEB9E
:10AE500037E346E855EB0E94CBF487FD0AC02DEBA3
:10AE600037E346E855E3C501B4010E94E1EB18164B
:10AE70008CF40330F9F0A5019401F3016081718134
:10AE8000828193810E94A4F2D3016D937D938D936F
:10AE90009C9313970F5FB4E06B0E711CE4E04E0EB1
:10AEA000511C043009F0AFCF112309F49BCF0E944D
:10AEB0002F8C98CFC092320AD092330AE092340A93
:10AEC000F092350A132DE6CF80917F059091800591
:10AED0008737910511F40C94A96008F04CC28D34A9
:10AEE000910509F4FDC608F017C18931910509F4EF
:10AEF000EDC508F0E3C08431910509F47EC508F082
:10AF000084C08131910509F439C508F058C0029711
:10AF100008F008CD80E50E94A519C12CD12C76013E
:10AF2000882321F00E94AC1E6B017C0183E50E9406
:10AF3000A519882361F00E94181F20E030E04AE73D
:10AF400054E40E9446EC0E94EDF36B017C010E94E8
:10AF5000867E80917C0590917D05009709F4FBC465
:10AF60000E94722200917C0510917D05011511054A
:10AF700009F4F6C40E94FF2B82E08093830960E00D
:10AF80008FED98E00E94C52BB0901F138FEF809338
:10AF90001F1380E20E94A41EC8010E94C1260E94C5
:10AFA000412AB0921F1385EE98E00E94DF2B0E9489
:10AFB000FB2B40E0C701B6010E944F4DD7CC429712
:10AFC00009F0B0CC83E50E94A519882309F485C750
:10AFD0000E949ACA60937D0970937E0980937F09CD
:10AFE000909380090E94181F20E030E04AE754E463
:10AFF0000E9446EC0E94EDF36093020270930302FC
:10B000008093040290930502B1CC8631910509F436
:10B0100029C508F423C58731910509F444C548972B
:10B0200009F080CC0E949E9261E080E00E94A4A181
:10B0300083E50E94A519882321F00E94BC1E0E946E
:10B04000121E84E50E94A5198823A9F00E94BC1E47
:10B050006B017C010E944D90C0923907D0923A0753
:10B06000E0923B07F0923C07CD28CE28CF2819F07C
:10B0700081E0809396090E942435882381F00E9404
:10B08000FDCB0E946F358BEA92E10E94D5D31092DE
:10B09000650B1092660B1092670B1092680B61E0C3
:10B0A00080E297E10E94AC2B40EE59E166E579E041
:10B0B00085E00E94A8C40E9422C458CC8E3191051C
:10B0C00009F4B3C598F48B31910509F448C508F427
:10B0D00033C58C31910509F4A0C54D9709F022CCF8
:10B0E00080917A0B8E7F80937A0B40CC80329105D1
:10B0F00009F4ABC508F4D2C58B34910509F4ECC54D
:10B100008C34910509F00ECC0E948D9061E08BEBA0
:10B1100099E00E94AC2B2ACC8B36910509F418C615
:10B1200008F091C08535910509F409C738F58235D5
:10B13000910509F4C2C6C8F48135910509F0F2CB36
:10B140000E944880109220120E947D7B0E94A9904C
:10B150000E94552668EE73E080E090E00E94003582
:10B1600085EF99E00E9474C101CC8335910509F403
:10B17000ACC68435910509F425CFD4CB883691052A
:10B1800009F4B2C5C0F58C35910509F0CBCB0E940E
:10B19000763387FDEBCB8091500684FD09C080910A
:10B1A000520687FD05C080915306837009F457C786
:10B1B000EFE0CE2EE4E0DE2EFBEDEF2EF9E0FF2EE9
:10B1C00010E0D6018D916D010E94A519882351F0E0
:10B1D000133009F4F5C60E94181FF701648B758BB4
:10B1E000868B978B1F5FF4E0EF0EF11C143049F74C
:10B1F0000E94637EBBCB8936910509F47FC58A36F0
:10B20000910509F08FCB60E080E50E94DD1E811181
:10B21000ADCB8091500660912012062F80FD02C0B8
:10B220000FEF10E083E50E94A519882349F00E94E2
:10B23000AC1E8B016F3F710519F010F00FEF10E09D
:10B240000093201293CB8037910509F4CAC508F00A
:10B250004FC08D36910509F44CC508F4BCC58E3637
:10B26000910509F480C58F36910509F05BCB83E524
:10B270000E94A519882321F00E94CC1E8093DA0930
:10B280000E943E2A89ED99E00E94152A8091DA09F0
:10B29000882309F49DC5BFECEB2EB9E0FB2E10E02E
:10B2A00000E020E0F701C590D490C114D104B9F0BA
:10B2B0008091DA0990E0002E02C0959587950A9456
:10B2C000E2F780FF0CC0BB24B394B20E222319F026
:10B2D0008CE20E94A41EC6010E94152A2B2D0F5F2E
:10B2E0001F4FA2E0EA0EF11C05301105D9F65BC430
:10B2F0008337910509F4E7C678F48137910509F49D
:10B30000B1C58237910509F00DCB0E94F2C18FEDD6
:10B310009BE00E94347C2ACB8537910509F4D7C67F
:10B320008637910509F0FECA00917C0510917D05D4
:10B3300024E08FEFF12C30E0215009F4E2C6F8014F
:10B340009081492F4B7F413409F0D5C6418141336B
:10B3500009F0D7C6913409F4F5C6953409F431E003
:10B36000A8014E5F5F4F8A014F5F5F4FF8019081E8
:10B370009032C9F3E1CF8239F1E09F0711F40C94C8
:10B380001D6508F055C18D3C910511F40C941362B4
:10B3900008F099C08E3B910509F48AC598F5893764
:10B3A000910509F4E3C608F4D8C68C38910509F470
:10B3B0007AC58B39910509F0B5CA83E50E94A519B4
:10B3C000882309F4D3CA0E94CC1E182F8C3308F0AE
:10B3D0008CE380937F0B0E949ACA6B017C01212F22
:10B3E00030E0A8EEB3E00E9453F2C60ED71EE81E6E
:10B3F000F91EC0927B0BD0927C0BE0927D0BF092F9
:10B400007E0BB4CA893C910509F4E9C630F5883C45
:10B41000910509F087CA8091500683FDAFC68091DF
:10B4200052068C7009F0AAC61091D4078FE29AE0F8
:10B430000E94152A612F70E090E080E00E945BC1BD
:10B440004091D0075091D1076091D2077091D307F6
:10B450008CE29AE00E94922B89CA8B3C910509F4F8
:10B4600037C78C3C910509F05DCA8091510687FD74
:10B4700092C7809152068E7009F08DC740910F0AD5
:10B480005091100A6091110A7091120A80E59AE0B9
:10B490000E942B2A4091130A5091140A6091150AB8
:10B4A0007091160A8DE49AE00E942B2A4091170AA7
:10B4B0005091180A6091190A70911A0A8CE59AE065
:10B4C0000E94922B53CA8232A1E09A0711F40C9485
:10B4D000E76308F05FC0833D910511F40C94C962E5
:10B4E000E8F58E3C910509F01DCA809150069091B7
:10B4F0005106A0915206B09153060FE014E05CE1B2
:10B50000E52E59E0F52E892B8A2B8B2B11F00C940C
:10B51000B16240911C0950911D0960911E09709102
:10B520001F098AE89AE00E942B2A40912009509135
:10B530002109609122097091230987ED9BE00E9407
:10B540002B2A409124095091250960912609709178
:10B55000270984ED9BE00E94922B08CA8C3D91053F
:10B5600011F40C9486638D3D910509F0DBC90E94AE
:10B570007633182F87FDFAC983E50E94A519882321
:10B5800011F40C94CC630E94081FBC01812F0E940F
:10B59000B119ECC98F32E1E09E0711F40C941565E6
:10B5A00080F58D3221E0920711F40C946D648E3297
:10B5B000914009F0B7C983E50E945719182F8823D5
:10B5C00031F00E94081F90931E0280931D0280E5B7
:10B5D0000E945719811104C0112311F40C94F164D5
:10B5E00020911D0230911E02232B11F40C94EB6468
:10B5F000882311F40C94EE640E94E71E8093520796
:10B60000B5C98039B1E09B0711F40C9419658139F3
:10B61000914009F087C960E082E50E94F61E909192
:10B6200070099111DFCB682F81E00E943C8EDACB4C
:10B63000863FF1E09F0711F40C94916608F0DAC0A0
:10B64000853AA1E09A0711F40C948865D8F48C39F6
:10B65000E1E09E0711F40C94276538F48A39914093
:10B6600009F060C90E94B78C81C98D39A1E09A07A1
:10B6700011F40C944768843A914009F053C90E9430
:10B680008F3174C9863EE1E09E0711F40C94116677
:10B6900008F0A3C08C3A914009F044C987E00E94A9
:10B6A0004DA3811163C972E8C72E7AE1D72EE6E275
:10B6B0002E2EEAE03E2E8E010F5F1F4FF12CE12C63
:10B6C000F6016591759185919491F1018190919028
:10B6D000A190B1901F01A50194010E94A3F22B013A
:10B6E0003C01D8014D925D926D927C92139720E0BF
:10B6F00030E040EA51EC0E94CBF487FD0AC020E024
:10B7000030E040EA51E4C301B2010E94E1EB1816B7
:10B710007CF4F701E95AF34DE4911E164CF4B7FAA4
:10B72000B094B7F8B094F80180829182A282B3827B
:10B73000D8018D909D90AD90BC9020E030E040EA23
:10B7400051ECC501B4010E94CBF487FF02C00C94F8
:10B75000036620E030E040EA51E4C501B4010E94F4
:10B76000E1EB181614F40C940366BFEFEB1AFB0A16
:10B77000E4E0CE0ED11C0C5F1F4FF3E0EF16F10496
:10B7800009F09ECF89819A81AB81BC8180931C098D
:10B7900090931D09A0931E09B0931F098D819E816E
:10B7A000AF81B8858093200990932109A093220945
:10B7B000B093230989859A85AB85BC85809324093C
:10B7C00090932509A0932609B09327090E94D48C51
:10B7D0008BE79BE00E9474C1C9C8843FA1E09A072F
:10B7E00011F40C948D66853F914009F09BC80E942E
:10B7F00017A0BCC88335E3E09E0711F40C941D67C5
:10B8000008F054C08C3022E0920711F40C94956635
:10B81000A0F4883F914009F085C881E08093D50766
:10B820000E94CB9B1092D5078111A0C80E943E2A8E
:10B8300081EB9BE00E94152A99C88835E2E09E07BB
:10B8400011F40C9499668B35924009F06BC8809185
:10B85000510683FF02C00C949D6680915206887148
:10B8600011F00C949D664091C8075091C9076091F2
:10B87000CA077091CB0782EC9BE00E942B2A409173
:10B88000CC075091CD076091CE077091CF078FEB19
:10B890009BE00E942B2A8CEB9BE00E94152A8BECEC
:10B8A0009BE00E94152A0E94412A60C8873E23E03F
:10B8B000920711F40C942E68B0F48C36B3E09B0719
:10B8C00009F496C2803A934009F02CC820917C0577
:10B8D00030917D0590917A0B926090937A0BC9011B
:10B8E0000E941BDA43C8883EF3E09F0711F40C94D2
:10B8F0007A68893E934009F015C80E94867E80913F
:10B900007A0B877F8B7F80937A0B8091700B8111EC
:10B910000C94B8680E9455260E94E68F6D3371051D
:10B920008105910520F081E69CE00E94FC698DE58F
:10B930009CE00E94FC6910911F138FEF80931F13EE
:10B9400089E49CE00E94152A10931F1385E49CE073
:10B950000E94FC690BC88EEF98E00E94A79202CB70
:10B9600080917F0590918005892B29F086EF98E0E2
:10B970000E94282C1ECB8EEE98E0FACF0E9446192A
:10B98000882399F185E40E945719882361F08091FA
:10B99000580590915905892B21F00E94081F8111AB
:10B9A00002C00E94017D0FE0E02E04E0F02E10E0C6
:10B9B000D7012D917D01215480915006909151061F
:10B9C000A0915206B091530604C0B695A7959795DD
:10B9D00087952A95D2F780FF03C0812F0E943B7D77
:10B9E0001F5F133029F70C94B65481E199E00E944F
:10B9F00074C10E945C7D0C94B65480917A0B84FFD4
:10BA000025C089E299E00E94152A80917A0B84FF73
:10BA100017C08FE393E10E94397A8BE1EFE3F3E102
:10BA2000DE01119601900D928A95E1F770E060E0D9
:10BA3000CE0101960E94ECDACE0101960E94852685
:10BA40008AE199E00E94152A0C94B6540E943E2A7D
:10BA50008AE399E00E94152A0C94B6540E9448D4B7
:10BA60000C94B6540E94813581110C94B654809187
:10BA70007A0B84FD02C00C94B6540E9439D4809194
:10BA80007A0B8F7E806480937A0B8FEF9FEF909379
:10BA90002702809326020E943E2A84E499E00E94B5
:10BAA000152A0C94B65480917C0590917D05FC017B
:10BAB0002191222331F02032D9F7DF0111971C9216
:10BAC000F7CF60E00E9413D90C94B6540E948135E0
:10BAD000882329F080917A0B8B7F80937A0B809159
:10BAE000C707882339F040E060E070E080E090E430
:10BAF0000E94EE200E948D900E9422C442E659E0EE
:10BB000069E679E084E00E94A8C461E08BEB99E0EB
:10BB10000E94AC2B0E949ACA685370458F4F9F4F6A
:10BB20006093DD077093DE078093DF079093E00753
:10BB30001092E1070C94B65480917A0B84FD02C0F8
:10BB40000C94B65483E50E94A519882311F40C9433
:10BB5000B6540E94BC1E0E94121E0C94B6548091D2
:10BB6000500690915106A0915206B091530612E0F2
:10BB7000B695A795979587951A95D1F780FF1CC024
:10BB80008CE799E00E94152A80918614882379F029
:10BB9000BE016F5F7F4F83E894E10E9469D3CE01BD
:10BBA00001960E94C1260E94412A0C94B65482E755
:10BBB00099E00E94152AF7CF0E948135811104C0B7
:10BBC0000E943235882319F1C090720BD090730B0C
:10BBD000E090740BF090750B8090760B9090770B43
:10BBE000A090780BB090790B8CE999E00E94152A0F
:10BBF000C501B4010E9449268FE20E940CC0C70112
:10BC0000B6010E9449260E94412A0C94B6548BE842
:10BC100099E00E94152A0C94B65480917C0590916D
:10BC20007D050E941BDA0C94B65480917A0B84FD3A
:10BC300002C00C94B6540E9423D480917C0590914C
:10BC40007D050E948ADA0C94B6540E9481358111D8
:10BC50000E94867E80917A0B84FD02C00C94B654BB
:10BC600060E080E50E94F61E182F682F80917C0509
:10BC700090917D050E9413D983E50E94A519882320
:10BC800021F00E94BC1E0E94121E0E94FDCB1111C9
:10BC90000C94B6540E946F350C94B6540E94E68FF3
:10BCA0006C8F7D8F8E8F9F8FBE016F5F7F4FCE0118
:10BCB0004C960E94E32340E061E0CE0101960E9491
:10BCC000D9910E943E2ABE016F5F7F4F8EEA99E0B4
:10BCD0000E940FDA0C94B6540E946F350C94B6543F
:10BCE0000E94A9900C94B65480E00E94B7330C9443
:10BCF000B65481E00E94B7330C94B6540E94763358
:10BD0000182F87FD09C081EC99E00E94152A812F28
:10BD10000E94D9A00E94412A98A990936105E196BA
:10BD20000FB6F894DEBF0FBECDBFDF91CF911F914C
:10BD30000F91FF90EF90DF90CF90BF90AF909F90CA
:10BD40008F907F906F905F904F903F902F900895CD
:10BD500060E080E50E94DD1E81110C94B6541092C3
:10BD600020120C94B6548EE40E94A5198823B9F0D1
:10BD70000E94BC1EE0915A02B2E6EB9FF001112432
:10BD8000E354FD4FE08127E6E202F0011124EE5773
:10BD9000FA4F60837183828393830C94B654E0914D
:10BDA0005A0282E6E89FF0011124E354FD4FE0813E
:10BDB00097E6E902F0011124EE57FA4F40815181D4
:10BDC0006281738184EC99E00E94112B0C94B6542B
:10BDD0008BEC99E0EECE10922809109236070C9465
:10BDE000B65441E070E060E080EE99E00E9481345A
:10BDF00083E50E94A519882311F40C94B6540E947F
:10BE0000CC1E90918309109283099230F9F09430FE
:10BE100009F1913011F00C94B654882399F08130D7
:10BE200011F00C94B65482E080935B0580915A0522
:10BE3000882311F40C94B654109220020E94A83367
:10BE40000C94B65490935B050C94B654109236073C
:10BE50000C94B65487E297E190932A0980932909BC
:10BE60000C94B65483E50E94A519882369F00E94BA
:10BE7000CC1E8D3320F4809301020C94B6548CE3D5
:10BE8000809301020C94B6540E943E2A1091010244
:10BE90008EEE99E00E94152A812F0E94A61E0E9414
:10BEA000412A0C94B65480E00E943F3D0C94B65455
:10BEB00081E00E943F3D0C94B654809163128F7DC7
:10BEC0008061809363120C94B654809163128F7ECC
:10BED0008062809363120C94B6540E9446198823A2
:10BEE00051F10E94867E85E40E94571981110E94BB
:10BEF000F97CAFE0EA2EA4E0FA2E10E0F7012191E0
:10BF00007F0121548091500690915106A0915206D4
:10BF1000B091530604C0B695A795979587952A9535
:10BF2000D2F780FF03C0812F0E94087D1F5F13306E
:10BF300029F70C94B6540E9448800C94B65483E5BB
:10BF40000E9457198823F1F00E949ACA60937D09D4
:10BF500070937E0980937F09909380090E94181F37
:10BF600020E030E04AE754E40E9446EC0E94EDF302
:10BF700060935C0570935D0580935E0590935F050B
:10BF80000C94B65460915C0570915D0580915E05DE
:10BF900090915F0528EE33E040E050E00E940BF204
:10BFA00069017A018DE09AE00E94152AC701B60165
:10BFB0000E94492688E09AE00E94152A0C94B65403
:10BFC0000E94181F4B015C0120E030E040EA51E480
:10BFD0000E94E1EB87FF3AC0A50194016091FB0943
:10BFE0007091FC098091FD099091FE090E9480F3F7
:10BFF0002B013C01AC019B0160910B0A70910C0A72
:10C0000080910D0A90910E0A0E9446EC60930B0AF3
:10C0100070930C0A80930D0A90930E0A6091B909EF
:10C020007091BA098091BB099091BC090E94E5EB1F
:10C03000A30192010E9446EC0E94EDF36093B909BE
:10C040007093BA098093BB099093BC098092FB0955
:10C050009092FC09A092FD09B092FE09C3C84091DC
:10C06000EF095091F0096091F1097091F20981E2B4
:10C070009AE00E942B2A4091F3095091F4096091B3
:10C08000F5097091F60987ED9BE00E942B2A4091FB
:10C09000F7095091F8096091F9097091FA0984ED56
:10C0A0009BE00E942B2A4091FB095091FC09609172
:10C0B000FD097091FE0981E49AE00E942B2A0E94FA
:10C0C000412A0C94B6540E94592A0C94B65480917B
:10C0D0007C0590917D05009751F0DC012C91222385
:10C0E00031F040E061E00E94D9910C94B6540E9476
:10C0F00022C40C94B654903521F4918190539A3017
:10C10000F8F0E0901F13833000F5882301F19FEFD2
:10C11000980F81E001C0880F9A95EAF780931F136A
:10C1200031110E943E2AFF2021F089E29AE00E940C
:10C13000152AC8010E943826E0921F130C94B654A9
:10C14000892F0EC9FF24F3940BC98E2DE7CF8FEFF3
:10C15000E5CF0E94FF8D0C94B65481E080931B09BB
:10C1600080931A090E942D8E0C94B65410921B09CC
:10C1700010921A090E942D8E0C94B6540E947633A8
:10C18000182F87FF02C00C94B6540091D40784E4A2
:10C190000E94A519F82E8823B1F00E94181F4B01A8
:10C1A0005C0120E030E0A9010E94E1EB8823A9F0C6
:10C1B00024E01202F0011124E053F84F80829182B2
:10C1C000A282B3820F2D602F83E50E94F61E80931A
:10C1D000D4070E9423810C94B65480E0F8CF80915C
:10C1E000500684FD4EC080915206887809F049C0FF
:10C1F00080915306837009F044C06091DB0970910F
:10C20000DC098091DD099091DE090E94E5EBAB012C
:10C21000BC0188E39AE00E942B2A6091DF097091AB
:10C22000E0098091E1099091E2090E94E5EBAB0100
:10C23000BC0187ED9BE00E942B2A6091E30970917D
:10C24000E4098091E5099091E6090E94E5EBAB01D4
:10C25000BC0184ED9BE00E942B2A6091E70970915C
:10C26000E8098091E9099091EA090E94E5EBAB01A8
:10C27000BC0181E49AE00E942B2A0E94412A0C947E
:10C28000B6540E94763387FF02C00C94B6540FE078
:10C2900014E07BEDE72E79E0F72ED8018D918D012A
:10C2A0000E94A519882359F00E94181F0E94EDF3DF
:10C2B000F70160837183828393830E94157EF4E08B
:10C2C000EF0EF11C24E00331120739F70C94B65439
:10C2D0008091500684FD3CC0809152068878C1F55B
:10C2E000809153068370A1F54091FF095091000A97
:10C2F0006091010A7091020A84E49AE00E942B2A5C
:10C300004091030A5091040A6091050A7091060A4F
:10C3100087ED9BE00E942B2A4091070A5091080A62
:10C320006091090A70910A0A84ED9BE00E942B2A11
:10C3300040910B0A50910C0A60910D0A70910E0AFF
:10C3400081E49AE00E942B2A0E94412A0C94B65460
:10C350000E94763387FF02C00C94B6546FE0E62E3D
:10C3600064E0F62E10E000E0D7018D917D010E947F
:10C37000A519882349F00E94181FF801E552F64FCD
:10C3800064A375A386A397A30C5F1F4F003111050B
:10C3900059F70C94B65483E50E94A519882391F0AF
:10C3A0000E94181F60930F0A7093100A8093110A5D
:10C3B0009093120A6093170A7093180A8093190ACF
:10C3C00090931A0A80E50E94A519882351F00E94D3
:10C3D000181F60930F0A7093100A8093110A9093AC
:10C3E000120A82E50E94A519882351F00E94181FA5
:10C3F0006093130A7093140A8093150A9093160A97
:10C4000084E50E94A519882311F40C94B6540E9467
:10C41000181F6093170A7093180A8093190A909353
:10C420001A0A0C94B6548091500690915106A0912E
:10C430005206B0915306892B8A2B8B2BB1F5609154
:10C44000EB097091EC098091ED099091EE090E9441
:10C45000E5EBAB01BC0182E69AE00E942B2A4091F9
:10C460001B0A50911C0A60911D0A70911E0A8FE5EB
:10C470009AE00E942B2A40911F0A5091200A609155
:10C48000210A7091220A8CE59AE00E942B2A4091A1
:10C49000A9095091AA096091AB097091AC0989E58D
:10C4A0009AE00E94922B0C94B65482E40E94A51943
:10C4B000882351F00E94AC1E6093EB097093EC0945
:10C4C0008093ED099093EE0983E50E94A5198823D6
:10C4D00051F00E94181F60931B0A70931C0A8093EE
:10C4E0001D0A90931E0A84E50E94A519882351F025
:10C4F0000E94181F60931F0A7093200A8093210ADC
:10C500009093220A8AE40E94A519882311F40C94BE
:10C51000B6540E94181F6B017C012AE037ED43E2FC
:10C520005CE30E94CBF487FD14C02AE939E949E9AC
:10C530005EE3C701B6010E94E1EB181654F0C09209
:10C54000A909D092AA09E092AB09F092AC090C9427
:10C55000B6540E943B2A8BE69AE00E94152A0C945E
:10C56000B654F80181918F010E94A519882341F0EA
:10C570000E94181FD7016D937D938D939C93139701
:10C58000B4E0EB0EF11CE4E002311E0751F70C940D
:10C59000F25683E50E945719882331F00E94E71E66
:10C5A000809335020C94B65410913502105D8CEADC
:10C5B0009AE00E94152A812F0E940CC080913502BA
:10C5C00065E37CE0811102C061E37CE088EA9AE0E7
:10C5D0000E94A32B8091370290913802A0913902DA
:10C5E000B0913A028C8F9D8FAE8FBF8F80913B02AE
:10C5F00090913C02A0913D02B0913E0288A399A384
:10C60000AAA3BBA380913F0290914002A091410256
:10C61000B09142028CA39DA3AEA3BFA3CE014C96C2
:10C620000E940D198091430290914402A09145020D
:10C63000B091460289839A83AB83BC838091470281
:10C6400090914802A0914902B0914A028D839E8345
:10C65000AF83B88780914B0290914C02A0914D021C
:10C66000B0914E0289879A87AB87BC87CE0101962D
:10C670000E940D19CCA0DDA0EEA0FFA048A059A0FB
:10C680006AA07BA08C8C9D8CAE8CBF8C80EA9AE0DB
:10C690000E94152AB501A40183E99AE00E942B2A81
:10C6A000B301A20187ED9BE00E942B2AB701A601EE
:10C6B00084ED9BE00E942B2A8EE99AE00E94152AC5
:10C6C000C984DA84EB84FC844D805E806F8078843A
:10C6D00089809A80AB80BC8086E99AE00E94152A06
:10C6E000B501A40183E99AE00E942B2AB301A201BB
:10C6F00087ED9BE00E942B2AB701A60184ED9BE009
:10C700000E942B2A0E94412A0C94B6548091500614
:10C7100090915106A0915206B0915306609111027A
:10C72000709112020097A105B10551F488EB9AE0CF
:10C730000E94AE3385EB9AE00E94152A0C94B65401
:10C740008C019D0141E136952795179507954A95EE
:10C75000D1F700FF08C02091060230910702309304
:10C76000120220931102B695A7959795879580FFA1
:10C7700004C0709307026093060283E50E94A51926
:10C78000882311F40C94B6540E94081F909312024F
:10C79000809311020C94B6540E943E2A85E40E94B4
:10C7A0000CC080E3810F0E94A41EE12FEE0FFF0B4F
:10C7B000E95EFD4F608171818CEB9AE00E94AE339F
:10C7C00085E20E94A41E0E94412A0C94B6548AE578
:10C7D0000E94A519882309F45CC00E94181F20E05C
:10C7E00030E040E050EC0E94E1EBC12CD12CE12C78
:10C7F00020ECF22E87FD13C00E94181F20E030E0CD
:10C8000040E050E40E94CBF4C12CD12CE12C90E408
:10C81000F92E181624F00E94181F6B017C0120913C
:10C82000F7093091F8094091F9095091FA09C701C7
:10C83000B6010E9446EC0E94E8F3CB010E94DFCAD9
:10C8400061E080E50E94F61E882341F1A701960170
:10C850006091C50B7091C60B8091C70B9091C80B6E
:10C860000E94A4F26093C50B7093C60B8093C70B14
:10C870009093C80B0E943E2A4091C50B5091C60B65
:10C880006091C70B7091C80B83ED9AE00E94922BC8
:10C8900005C083E50E94A51981119FCF80915206A2
:10C8A00087FD14C080915306837081F40E943E2A54
:10C8B0004091C50B5091C60B6091C70B7091C80B8E
:10C8C00084EC9AE00E94922B0C94B65482E50E946C
:10C8D00057198111EBCF0C94B6548091500683FD0B
:10C8E0003CC0809151068178C1F54091AF0B5091C9
:10C8F000B00B6091B10B7091B20B88EE9AE00E9480
:10C900002B2A21E732EB47E25EE36091B30B709193
:10C91000B40B8091B50B9091B60B0E9480F3AB01E4
:10C92000BC0185EE9AE00E942B2A21E732EB47E218
:10C930005EE36091B70B7091B80B8091B90B909149
:10C94000BA0B0E9446ECAB01BC0182EE9AE00E9459
:10C950002B2A0E94412A0C94B65480E50E94A51906
:10C96000882351F00E94181F6093AF0B7093B00B97
:10C970008093B10B9093B20B89E40E94A519882390
:10C9800081F00E94181F21E732EB47E25EE30E942C
:10C9900046EC6093B30B7093B40B8093B50B9093FC
:10C9A000B60B84E40E94A519882381F00E94181F09
:10C9B00021E732EB47E25EE30E9480F36093B70B1E
:10C9C0007093B80B8093B90B9093BA0B81E080936E
:10C9D0009E0B0C94B65481E00C94FE5A80E00C94AB
:10C9E000FE5A0E943E2AE0901D02F0901E028091A5
:10C9F000520705EF1AE0811102C001EF1AE08CE046
:10CA00009BE00E94152AC8010E94152A8BEF9AE02C
:10CA10000E94152AC7010E94A23388EF9AE00E9463
:10CA2000152A0E94412A0C94B6540E94492C0C9459
:10CA3000B6540E94867E0C94B65460E082E50E9453
:10CA4000F61E0E944B260E94D48C0C94B654809102
:10CA5000500687FD28C080915206867021F50E94FD
:10CA60003E2A8091200205E31CE0811102C001E30F
:10CA70001CE081E39BE00E94152AC8010E94152A50
:10CA80008091600505E31CE0811102C001E31CE018
:10CA90008FE19BE00E94152AC8010E94152A0E947E
:10CAA000412A0C94B65488E40E945719882321F037
:10CAB0000E94E71E80936005C0905006D0905106FA
:10CAC000E0905206F090530681E1F694E794D794F3
:10CAD000C7948A95D1F7F1E0CF22DD24EE24FF241C
:10CAE00083E50E945719182FCD28CE28CF2821F48E
:10CAF000882311F40C94B6540E94A833112311F426
:10CB00000C94B6540E94E71E809320020C94B654F5
:10CB10006FEF7FEF89E40E940B1F082F6FEF7FEF0D
:10CB20008AE40E940B1F182F8AE50E94A519D12CB8
:10CB3000811107C081E50E94A519D82E882309F428
:10CB400021C4C02E81E0800F863008F054C0912EA1
:10CB500081E0810F863008F04EC00E94181F2B0123
:10CB60003C01F02E07FDF12C07FF02C004E0C02EAF
:10CB7000812E17FD812C17FF02C014E0912EB5E025
:10CB80003B2ECF14A0F1E82C3F9C500111249E14A1
:10CB900060F10E2D10E020E030E0A901DD2069F009
:10CBA000F501E00FF11FEE0FFF1FEE0FFF1FED5914
:10CBB000F84F20813181428153810A0D1B1D000FE6
:10CBC000111F000F111F0D59184FC301B2010E9410
:10CBD000A4F2D8016D937D938D939C9313976E2D42
:10CBE0008F2D0E94929BE394D2CFF394CACF0E94E0
:10CBF00025290C94B6540E943B2A82E69BE00E94B1
:10CC0000152A0C94B6540E943B2A8BE99BE00E94A3
:10CC1000152A41E061E08BE89BE00E940E920C94A3
:10CC2000B65484E50E9457198823A1F01092D609C2
:10CC30001092D7091092D8091092D9091092D409EC
:10CC40008FEF0E944A2061E070E084E50E940B1F94
:10CC50008093D40983E50E94A519882321F00E94BE
:10CC6000081F0E944A208091500690915106A09181
:10CC70005206B091530662E0B695A79597958795B1
:10CC80006A95D1F780FF06C08091D509803210F4F3
:10CC90000E94C2DB80E50E94A519882331F00E9422
:10CCA000081F803210F40E94C2DB85E50E94A5199E
:10CCB000882311F40C94B6540E94081F803210F09F
:10CCC0000C94B65441E050E0082E02C0440F551FAA
:10CCD0000A94E2F740955095052E000C660B770BF1
:10CCE0000091D6091091D7092091D8093091D9091E
:10CCF00040235123622373234093D6095093D709CD
:10CD00006093D8097093D9099091D50989130C942F
:10CD1000B6541092D3090C94B6540E94E8950C9422
:10CD2000B6540E947A940C94B6540E94B1910C941B
:10CD3000B6540E943C500C94B6540E947633082F8F
:10CD400087FF02C00C94B65485E50E94A51988237C
:10CD500061F10E94181F4B015C01E02E002E000CB7
:10CD6000FF0820E030E0A9010E94CBF487FF04C057
:10CD7000B7FAB094B7F8B09420E030E048E453E458
:10CD8000C501B4010E94CBF4970153E0220F331F79
:10CD90005A95E1F72853384F1816D4F1D901149653
:10CDA0008D929D92AD92BC9217978CE40E94A5192A
:10CDB000882311F40C94B6540E94181F6B017C0157
:10CDC000002E000C110B20E030E0A9010E94CBF4F2
:10CDD00087FF04C0F7FAF094F7F8F09420E030E011
:10CDE00048E453E4C701B6010E94CBF4980143E044
:10CDF000220F331F4A95E1F72853384F181694F045
:10CE0000D901CD92DD92ED92FC9213970C94B65419
:10CE100080E090E0A8E4B3E4F90184839583A683DD
:10CE2000B783C3CF80E090E0A8E4B3E4F901808346
:10CE30009183A283B3830C94B6548091520687FDEC
:10CE400032C080915306837071F50091C90B109127
:10CE5000CA0BD8014D915D916D917C918AED9BE05B
:10CE60000E942B2AF801448155816681778187EDE4
:10CE70009BE00E942B2A4091C50B5091C60B6091FC
:10CE8000C70B7091C80B84ED9BE00E942B2A81EDAB
:10CE90009BE00E94152A8BEC9BE00E94152A0E94C1
:10CEA000412A0C94B6543090BD0B4090BE0B50906C
:10CEB000BF0B6090C00B7090C10B8090C20B209094
:10CEC000C30BF091C40BF8A7C090C50BD090C60B54
:10CED000E090C70BF090C80B88E50E94A519182FA9
:10CEE000882309F48AC00E94181F962EA72EB82EF8
:10CEF000092F20E030E04AEF53EC0E94CBF487FD8D
:10CF00000DC020E030E04AEF53E4692D7A2D8B2DDF
:10CF1000902F0E94E1EB18160CF071C06CE07EEFD0
:10CF20008FE19CE00E94AE3364EF71E08AE19CE007
:10CF30000E94AE3387E19CE00E94152A10E089E54B
:10CF40000E94A519882361F10E94181F962EA72E12
:10CF5000B82E092F20E030E04AEF53EC0E94CBF4CA
:10CF600087FD0DC020E030E04AEF53E4692D7A2DB3
:10CF70008B2D902F0E94E1EB18160CF044C06CE052
:10CF80007EEF85E09CE00E94AE3364EF71E080E0CC
:10CF90009CE00E94AE338DEF9BE00E94152A10E0CA
:10CFA0008AE50E94A519882399F10E94181F6B0138
:10CFB0007C0120E030E040EA51EC0E94CBF487FD98
:10CFC0000AC020E030E040EA51E4C701B6010E9407
:10CFD000E1EB1816ECF46CEE7FEF8BEE9BE00E9419
:10CFE000AE3364E170E086EE9BE00E94AE3383EEE8
:10CFF0009BE00E94152A0C94B65411E0A0CF392C66
:10D000002501602E9CCF792C8A2C2B2C08A7C8CF09
:10D01000112311F40C94B654832D942DA52DB62D07
:10D020008093BD0B9093BE0BA093BF0BB093C00B2E
:10D03000872D982DA22DB8A58093C10B9093C20B7C
:10D04000A093C30BB093C40BC092C50BD092C60B78
:10D05000E092C70BF092C80B0C94B65483E0809317
:10D060006B091092250A60E083E50E94F61E81118B
:10D070000C94B654E0915A0222E6E29FF00111248A
:10D08000E354FD4F80810E94212B0C94B654809173
:10D09000500690915106A0915206B0915306892BEB
:10D0A0008A2B8B2BC1F41091C707105D8CE39CE099
:10D0B0000E94152A812F0E940CC08091C70765E34A
:10D0C0007CE0811102C061E37CE088E39CE00E9487
:10D0D000A32B0C94B65483E50E945719882311F4AE
:10D0E0000C94B6540E94E71E8093C7070E948E35A9
:10D0F0000C94B6540E947326882311F40C94B654F1
:10D100008091500690915106A0915206B09153061D
:10D11000AC01BD0132E176956795579547953A95F3
:10D12000D1F740FF06C061E088EF0E94CA930C94DB
:10D13000B65422E0B695A795979587952A95D1F78D
:10D1400080FF12C00E94552680913707835082309D
:10D1500010F00C94B65460E083E00E9421C085E09A
:10D1600080936C090C94B6540E94EEDB0C94B65478
:10D170000E94B3D881110C94B6540C948A5C11119E
:10D1800007C011E000915306017001130C948755FC
:10D190008C2D8170012F81130C94875511E001E0D3
:10D1A0009924939482E50E94A519882309F4CEC09E
:10D1B0000E94181F2B013C0120E030E0A9010E94D1
:10D1C000E1EB8823A1F0FF24F39420912E0A309103
:10D1D0002F0A4091300A5091310AC301B2010E94D6
:10D1E000A4F240E0FF2019F020E00E948D8B112373
:10D1F00019F080E00E947A8E002319F081E00E94ED
:10D200007A8E992011F40C94965580915006909145
:10D210005106A0915206B091530667E0B695A795C6
:10D22000979587956A95D1F780FD8BC083E00E9422
:10D230004DA381110C94AB550E94868C80912E0ACF
:10D2400090912F0AA091300AB091310A8CA79DA726
:10D25000AEA7BFA78093460790934707A0934807C0
:10D26000B09349070091C90B1091CA0BD8012D91B9
:10D270003D914D915C9160E070E08AE793E40E94FB
:10D28000A3F22B013C0140923E0750923F0760926F
:10D29000400770924107F80124813581468157810A
:10D2A00060E070E08AE793E40E94A3F268A779A7A0
:10D2B0008AA79BA760934207709343078093440714
:10D2C0009093450727E137EB41ED58EB0E94CBF4F3
:10D2D00087FF02C00C948C5523E030E04AEF53E402
:10D2E00068A579A58AA59BA50E94E1EB181614F400
:10D2F0000C948C5527E137EB41ED58EBC301B2019B
:10D300000E94CBF487FF02C00C948C5523E030E0E0
:10D310004AEF53E4C301B2010E94E1EB181614F482
:10D320000C948C55A12CB12C6501ECA4FDA40EA588
:10D330001FA528A539A54AA55BA5C301B2010E9476
:10D34000CC8A82E00E947A8E0C949655F12E1111AF
:10D3500003C0F92C0111F02E4091D60741110DC0E8
:10D3600084E00E943389412C512C70EA672E70E4CE
:10D37000772E882309F429CF41E060E070E080EA4D
:10D3800090E430CF0E943B2A82E49BE00E94152A61
:10D390000C94B654882309F4F4CE00CFDF92EF92B8
:10D3A000FF920F931F93CF93DF93EC01E0908709D7
:10D3B000F09088098AE0D82E6AE070E0CE010E94E1
:10D3C000AAF58C01009711F0FC011082CE010E9499
:10D3D000C22481E00E944A540115110519F0E801A8
:10D3E000D992EACFC701DF91CF911F910F91FF90A2
:10D3F000EF90DF900C94C224CF92DF92EF92FF92D5
:10D400000F931F93CF93DF93CDB7DEB7C156D109EA
:10D410000FB6F894DEBF0FBECDBF8C01C090870958
:10D42000D09088096AE070E0C8010E94C9EA7C01D6
:10D43000801B910BE114F10419F4C8010E94EFEA7A
:10D440001982A2961FAEA297AC018036910514F006
:10D4500040E650E04F5F5F4FB801CE0101960E9459
:10D46000DBEACE0101960E94C22481E00E944A5468
:10D47000E114F10421F087010F5F1F4FD3CFC601E4
:10D480000E94C224CF59DF4F0FB6F894DEBF0FBE03
:10D49000CDBFDF91CF911F910F91FF90EF90DF9063
:10D4A000CF9008954F925F926F927F928F929F924A
:10D4B000AF92BF92CF92DF92EF92FF920F931F93A2
:10D4C000CF93DF93CDB7DEB7EE970FB6F894DEBFFC
:10D4D0000FBECDBF88E0E6E2FAE0DE019096019053
:10D4E0000D928A95E1F788E50E94A519882381F0BD
:10D4F0000E94181F2091710930917209409173099F
:10D50000509174090E94A3F268A379A38AA39BA3F4
:10D5100089E50E94A519882381F00E94181F209197
:10D5200075093091760940917709509178090E94E8
:10D53000A3F26CA37DA38EA39FA3CE0180960E942D
:10D54000BEC4882309F4DBC080E00E94E2260E946A
:10D55000858A81E89FE050DF61E085E40E94F61E45
:10D560002CA13DA14EA15FA12FAB38AF49AF5AAF5F
:10D5700048A059A06AA07BA0E12C082FC301B201EA
:10D580000E94F0C56B017C01AC019B010E9453F528
:10D59000811187C0209171093091720940917309FE
:10D5A00050917409C301B2010E94A4F24B015C01C5
:10D5B0002091750930917609409177095091780949
:10D5C0006FA978AD89AD9AAD0E94A4F26BAF7CAF24
:10D5D0008DAF9EAF4FE150E06AE77FE0CE0101964C
:10D5E0000E94DBEA8AAA9BAAACAABDAA82E08EAB03
:10D5F000BE016E5C7F4FCE0101960E94201E5C0131
:10D60000DC010D900020E9F7CD0101978A199B09F3
:10D610008E31910550F44FE150E0481B590B66E7FD
:10D620007FE08A0D9B1D0E94DBEA2BAD3CAD4DAD2A
:10D630005EAD2DA73EA74FA758AB82E089ABBE01D8
:10D64000635D7F4FC5010E94201E5C01C8A6D9A65C
:10D65000EAA6FBA683E08CA7D5010D900020E9F790
:10D66000CD0101978A199B098E31910550F44FE144
:10D6700050E0481B590B62E77FE08A0D9B1D0E941A
:10D68000DBEABE01685D7F4FC5010E94201ECE010E
:10D6900001960E94382640E060E0CE0101960E948B
:10D6A000D9910E946C8AE0902E0AF0902F0A009186
:10D6B000300A1091310AA12CB12C65012FA938AD87
:10D6C00049AD5AADC301B2010E94CC8A0E94D48CEC
:10D6D000EE960FB6F894DEBF0FBECDBFDF91CF91AF
:10D6E0001F910F91FF90EF90DF90CF90BF90AF9080
:10D6F0009F908F907F906F905F904F90089581E6FC
:10D700009FE00E94152A0E94412A81E69FE00E9424
:10D7100074C1DECF1F93CF93DF9380915A0292E6BC
:10D72000899FE0011124FE01E354FD4F208190E028
:10D73000283028F491E001C0990F2A95EAF710915A
:10D740001F1390931F138093A809C45ADD4F809133
:10D75000DA0980FF05C00E943E2ACE010E943826C9
:10D76000CE010E94C22480E00E944A5410931F13ED
:10D77000DF91CF911F910895DC01680F791F90E030
:10D7800080E02D91E92FFF27E227EE0FFF1FE557DD
:10D79000FA4D25913491982F8827822793276A176D
:10D7A0007B0779F708950F931F93CF93DF93CDB73E
:10D7B000DEB760970FB6F894DEBF0FBECDBF8C0109
:10D7C000DC01ED91FC910280F381E02DBE016F5FE1
:10D7D0007F4F1995882309F464C08981807CC9F53D
:10D7E0006F81637070E0762F6627770F770F8885DB
:10D7F000B4E08B9FC0011124682B792B8985829519
:10D80000869586958370682B6F5F7F4F90E080E0F0
:10D810002A852370220F3B8537FB332730F9232BD2
:10D820003E813F70230F3327331F2750310904C037
:10D83000660F771F881F991F2A95D2F760960FB63B
:10D84000F894DEBF0FBECDBFDF91CF911F910F9136
:10D850000895803419F568856695669570E090E0C6
:10D8600080E0CB01772766272A85622B098510E0A7
:10D87000102F0027012E000C220B330B602B712B75
:10D88000822B932B6F5F7F4F8F4F9F4F4AE0660F26
:10D89000771F881F991F4A95D1F7D0CF8BE0F801E9
:10D8A000848360E070E0CB01C9CF0895FC018281E0
:10D8B0000895CF93DF93C0919B0BD0919C0B81E097
:10D8C000CE31D105E4F020E030E040E05FE360914C
:10D8D000970B7091980B8091990B90919A0B0E94E5
:10D8E000A4F20E94E8F36C1B7D0B77FF03C07195D7
:10D8F0006195710981E0633071050CF080E0DF9182
:10D90000CF910895FC0190E1A8E8B8E001900D9254
:10D910009A95E1F708950F931F93209121022031EA
:10D9200048F0F4E09695879577956795FA95D1F745
:10D9300022952F70243048F0E2E0969587957795F0
:10D940006795EA95D1F726952695223020F0969591
:10D95000879577956795611528E072078105910590
:10D96000C8F081114BC023E0729FA00111244E54D6
:10D970005F4DFA0125913491FA013296E4916E9F40
:10D98000412D1124000C411DC901841B91091F91D7
:10D990000F910895613271058105910550F1605232
:10D9A0007109810991098B019C0183E036952795C6
:10D9B000179507958A95D1F7000F111F000F111FBA
:10D9C0000E54134EF80125913491F8013296459189
:10D9D00054916770649FC001659F900D112443E0CE
:10D9E000969587954A95E1F7A901481B590BCA01FD
:10D9F000CECFE2EBFCE185919491C9CF8EE190E02E
:10DA0000C6CF90916F0081E091FD02C080E0089543
:10DA100090916F009D7F90936F000895FC0170813D
:10DA2000472F50E0062E02C0559547950A94E2F71D
:10DA300040FF14C040913D0750E0062E02C05595AE
:10DA400047950A94E2F740FF09C021E030E001C0A9
:10DA5000220F6A95EAF72095272320830895DC0199
:10DA6000ED91FC911197208130E012968C91F90193
:10DA700002C0F595E7958A95E2F7CF018170089588
:10DA80008091590281110DC08091290990912A0934
:10DA9000892B39F481E090912B09911103C080E02A
:10DAA000089581E008959B01692F782F832F922F8D
:10DAB0000895CF93DF93FC019281992369F0C4818B
:10DAC000D581209749F0923051F0943071F0913027
:10DAD00019F4FB0180818883DF91CF910895FB01C8
:10DAE0008081918198278927F6CFFB016081718120
:10DAF00082819381D8DF6883EFCF9B01692F782FD4
:10DB0000832F922F0895089508951092AD0681E015
:10DB100008951092B00688EC90E090930D028093E7
:10DB20000C0281E008958FEF809310028AE090E06C
:10DB300090930B0280930A0281E00895E7E8F6E0F3
:10DB4000118210821382128281E00895CF93DF93B5
:10DB5000C0919B0BD0919C0B209729F16091970B62
:10DB60007091980B8091990B90919A0B0E94E8F319
:10DB70006E5F7F4F24976C177D07ACF47093FD07A1
:10DB80006093FC070E949ACA605C73468F4F9F4F58
:10DB90006093FE077093FF0780930008909301083D
:10DBA000DF91CF9108951092FE071092FF07109217
:10DBB000000810920108F4CFCF93DF93EC018D8120
:10DBC0000E94174F60E08B81DF91CF910C9474C954
:10DBD000AF92BF92DF92EF92FF920F931F93CF937A
:10DBE000DF9300D000D0CDB7DEB77C01D62E122F48
:10DBF000032FB42EA52EE0DF0E9449CB1E821D828A
:10DC00008D2D80648983AA82BB820C831D838E0143
:10DC10000F5F1F4FCE010696D801E0E02D91F0E096
:10DC2000EE0FFF1FE227EF58FB4DE491A817B9074D
:10DC3000A9F7EE0FE160EE83580186E0A80EB11C53
:10DC4000F80181918F010E940B4F0A151B05C1F746
:10DC5000FCE0DF1202C00E94104F10E00E94104F43
:10DC6000F701868387FF04C01F3F11F01F5FF6CFC7
:10DC700026960FB6F894DEBF0FBECDBFDF91CF91D1
:10DC80001F910F91FF90EF90DF90BF90AF9008959C
:10DC900061E0FC0183810E9474C98FEF0C940B4FEB
:10DCA0000F931F93CF938C0187DF0E9449CBC82F1E
:10DCB00081110AC082E1F8018483C801E9DF8C2F59
:10DCC000CF911F910F9108958DEF0E940B4F0E94ED
:10DCD00049CBC82FF2CF8F929F92AF92BF92CF9233
:10DCE000DF92EF92FF920F931F93CF93DF93EC019C
:10DCF0006A017B01590120E030E0A90167E368DF98
:10DD0000A501980167E1CE0163DF811125C08F81F4
:10DD1000833039F089E0CC0CDD1CEE1CFF1C8A95A9
:10DD2000D1F7A701960169E1CE0152DF11E0882306
:10DD300019F010E087E08C83CE01AADF812FDF91FC
:10DD4000CF911F910F91FF90EF90DF90CF90BF90F8
:10DD5000AF909F908F90089589E08C8310E0ECCF76
:10DD6000EF92FF920F931F93CF93DF93EC01E62E78
:10DD70008A0160E072E0CA01FFDCF82E892FEEBC58
:10DD8000F80198013E5F0DB407FEFDCF90819EBD66
:10DD90000DB407FEFDCF91819EBD3296E217F307C9
:10DDA00091F70DB407FEFDCF0E940B4F8F2D0E94FF
:10DDB0000B4F0E94104F8E838F71853061F083E18D
:10DDC0008C83CE0165DF80E0DF91CF911F910F91B1
:10DDD000FF90EF90089581E0F7CFEF92FF921F93AD
:10DDE000CF93DF93EC017B01E7DE0E9449CB182F34
:10DDF00081110BC085E18C83CE014ADF812FDF9139
:10DE0000CF911F91FF90EF900895A7016CEFCE0185
:10DE1000A7DF182FF1CF0F931F93CF93DF93EC0160
:10DE200089018F81833039F089E0440F551F661FC7
:10DE3000771F8A95D1F79A01AB0168E1CE01C8DE60
:10DE4000882321F086E08C8310E007C0A8016EEFE4
:10DE5000CE0186DF811109C011E0CE0119DF812FCB
:10DE6000DF91CF911F910F9108950E9449CB182FF8
:10DE7000811103C087E18C83F0CF20E030E0A9015D
:10DE80006DE0CE01A5DE811104C00E94104F8823F1
:10DE900019F386E1D8CF1F93CF93DF93EC018CDE8B
:10DEA00020E030E0A9016CE0CE0192DE11E0882391
:10DEB00019F010E083E08C83CE01EADE812FDF9140
:10DEC000CF911F9108951F93CF93DF93EC018F8122
:10DED000833039F089E0440F551F661F771F8A95FC
:10DEE000D1F79A01AB0162E1CE0172DE11E0882325
:10DEF00019F010E085E08C83CE01CADE812FDF911E
:10DF0000CF911F9108958F929F92AF92BF92CF921F
:10DF1000DF92FF920F931F93CF93DF93EC018B015E
:10DF20006A010E949ACA4B015C012CE2820E21E038
:10DF3000921EA11CB11C0E94104F8E838F3F99F43A
:10DF40000E949ACAA5019401261B370B480B590B56
:10DF5000DA01C901181619061A061B0664F381E1D5
:10DF60008C8310E028C08E3F09F03EC0C6010197A7
:10DF70002FEF2EBDF8014FEF0DB407FEFDCF2EB5EC
:10DF800021934EBD9F01201B310B28173907A0F3A9
:10DF90000DB407FEFDCF2EB5800F911FFC0120832D
:10DFA0000E94104FF82E0E94104FB82E809125022B
:10DFB000811110C011E0CE016BDE812FDF91CF9176
:10DFC0001F910F91FF90DF90CF90BF90AF909F90E7
:10DFD0008F900895B601C801CFDB3F2D2B2D8217FE
:10DFE000930741F38BE1BCCF8FE0BACF0F931F9320
:10DFF000CF93DF93EC018B01DFDD40E052E0B8010D
:10E00000CE01DF91CF911F910F917DCFAF92BF9243
:10E01000CF92DF92EF92FF920F931F93CF93DF93F4
:10E02000EC016A017B0159018F81833039F089E06D
:10E03000CC0CDD1CEE1CFF1C8A95D1F713E004E02C
:10E04000A701960161E1CE01C3DD882369F00C834D
:10E05000CE011EDE1150D1F020E030E0A9016CE0CD
:10E06000CE01B6DD1C82ECCF40E052E0B501CE011E
:10E070004ADF882369F3DF91CF911F910F91FF90C1
:10E08000EF90DF90CF90BF90AF90089580E0F3CFF6
:10E090008F929F92AF92BF92CF92DF92EF92FF92B8
:10E0A0000F931F93CF93DF93EC01162F1F821C82D7
:10E0B0004B830E949ACA6B017C0120EDC20E27E0BF
:10E0C000D21EE11CF11CA89561E08B810E9474C9ED
:10E0D0008B8190E0FC01E454F44D24918A58944DD6
:10E0E000FC018491882399F090E0880F991FFC012E
:10E0F000EF58FA4DA591B491FC01E45AF44D859185
:10E1000094918FB7F894EC912E2B2C938FBF209A7B
:10E11000289A219A2398229A81E00E94174F85E03D
:10E120008D830E94174F0AE08FEF0E940B4F015022
:10E13000D9F7A89520E030E0A90160E0CE0148DDE4
:10E140008E838130B1F00E949ACAA7019601261BE6
:10E15000370B480B590BDA01C901181619061A06B4
:10E160001B0644F381E08C83CE0192DD1A8280E0AD
:10E1700081C021E030E040E050E06BE3CE0128DDDB
:10E1800091E0813009F090E090932502A8952AEA69
:10E1900031E040E050E068E0CE011ADD853069F5FD
:10E1A00081E08F83A8958F81812C912C540182303E
:10E1B00029F4812C912CA12C80E4B82E20E030E0B1
:10E1C000A90167E3CE0104DDA501940169E2CE0156
:10E1D000FFDC8E83882369F10E949ACAA701960109
:10E1E000261B370B480B590BDA01C9011816190603
:10E1F0001A061B061CF38AE0B6CF04E00E94104FFB
:10E200008E830150D9F78A3A11F482E0CACF0E9476
:10E210009ACAA7019601261B370B480B590BDA0146
:10E22000C901181619061A061B060CF4B0CF82E0B5
:10E230009ACF8F818230B9F420E030E0A9016AE3FF
:10E24000CE01C6DC882311F088E08DCF0E94104FEC
:10E25000807C803C11F483E08F830E94104F0E94E9
:10E26000104F0E94104FCE0113DD81E08A831730DA
:10E2700070F41D83DF91CF911F910F91FF90EF906C
:10E28000DF90CF90BF90AF909F908F90089588E1DE
:10E290008C836DCF0F931F93CF93DF93EC018B0192
:10E2A00020E030E0A90169E093DC811109C040E180
:10E2B00050E0B801CE01DF91CF911F910F9123CE95
:10E2C00080E18C83CE01E4DC80E0DF91CF911F916F
:10E2D0000F910895CF93C82F94DB94E0C99F9001CC
:10E2E0001124F901E458F74F2857374FD9014D91C0
:10E2F0005D916D917C91408351836283738391E042
:10E3000090937B08882319F0CF910C94F829CF9132
:10E310000895CF93DF9300D0CDB7DEB780911B096E
:10E32000811105C080917009882309F482C0809111
:10E330001508789978C08160809315088091150838
:10E34000029973C0826080931508909100018091BA
:10E35000150893FD6CC08460809315088CEB9BE0DE
:10E360009A8389831B82CE01019679DB8823A1F0F1
:10E370008BEB9BE09A838983CE01019670DB811140
:10E380000BC08091150880FF07C080916E098160E5
:10E3900080936E0980E09EDF8CEB9BE09A838983FB
:10E3A00081E08B83CE0101965ADB8823A1F08BEBB1
:10E3B0009BE09A838983CE01019651DB81110BC0CA
:10E3C0008091150881FF07C080916E09826080935B
:10E3D0006E0981E07FDF8CEB9BE09A83898382E08A
:10E3E0008B83CE0101963BDB882319F18BEB9BE0FD
:10E3F0009A838983CE01019632DB81111AC0809104
:10E4000070098823B1F08091150882FF12C08091B5
:10E410006E09846080936E0982E00F900F900F90D8
:10E42000DF91CF9157CF8E7F87CF8D7F8CCF8B7F22
:10E4300093CF0F900F900F90DF91CF91089540915F
:10E44000D50721E0422761E070E00C9479C3409148
:10E45000D50721E042276CE070E00C9479C340912D
:10E46000D50721E0422762E070E00C9479C3409127
:10E47000D50721E0422761E070E00C9479C3409118
:10E48000D50721E0422768E070E00C9479C3409101
:10E49000D50721E042276CE070E00C9479C34091ED
:10E4A000D50721E0422764E070E00C9479C341E095
:10E4B00061E070E00C9479C341E062E070E00C949C
:10E4C00079C34091D50721E042270C9479C364E0D9
:10E4D00070E00C9433CA62E070E00C9433CA61E0DF
:10E4E00070E00C9433CA61E070E00C9433CA6CE0C5
:10E4F00070E00C9433CA0E94CD26882329F081E075
:10E50000809328080E94E22681E00895CF93C82FC7
:10E51000CB010E94152A63EF79E1CC2311F068EF5B
:10E5200079E182E09AE1CF910C94A32B80917A0B50
:10E5300083FD28C00E942435882331F18091720B1D
:10E540009091730BA091740BB091750B0097A1057E
:10E55000B105D1F0BC01CD016D597F4F8F4F9F4F59
:10E5600024E630E040E050E00E940BF26091760B30
:10E570007091770B8091780B9091790B0E940BF240
:10E58000822F089584E6089580E008957F928F9207
:10E590009F92AF92BF92CF92DF92EF92FF920F9332
:10E5A0001F93CF93DF93CDB7DEB7E2970FB6F89402
:10E5B000DEBF0FBECDBF6C01CE0101967C0110E025
:10E5C00000E04C0195E0A92EB12C25E0722EC80187
:10E5D000B5010E9476F2789EF001799EF00D11242B
:10E5E000E60FF71FEE0FFF1FEE0FFF1FED59F84F5D
:10E5F00020E030E04AE754E46081718182819381B8
:10E600000E9446EC0E94D7F4762767277627F70109
:10E61000619371937F010F5F1F4F09311105B9F6A7
:10E6200042E3B401F601808191810E94AF22E2961B
:10E630000FB6F894DEBF0FBECDBFDF91CF911F9113
:10E640000F91FF90EF90DF90CF90BF90AF909F9091
:10E650008F907F900895CF93DF931F921F92CDB735
:10E66000DEB77A83698342E0BE016F5F7F4F0E940D
:10E67000AF220F900F90DF91CF9108950F931F93CA
:10E68000CF93DF9300D01F921F92CDB7DEB7DC018E
:10E6900012969C911297992309F11496ED91FC9191
:10E6A00015973097D9F08D01923079F0943001F1BF
:10E6B0009130A1F420818D919C912D8341E0BE0188
:10E6C0006B5F7F4F0E94AF2209C0608170E07627A8
:10E6D00067277627FD0180819181BDDF0F900F9024
:10E6E0000F900F900F90DF91CF911F910F91089590
:10E6F000608170E090E080E0D6D9F801208131811E
:10E7000069837A838B839C8344E0BE016F5F7F4F74
:10E71000C901D8CF0F931F93CF93DF9300D01F92DF
:10E720001F92CDB7DEB7DC0112969C911297992308
:10E7300001F11496ED91FC9115973097D1F08D0170
:10E74000923079F09430F9F0913099F48D919C9158
:10E7500020812D8341E0BE016B5F7F4F0E94AF227D
:10E7600008C0608171817627672776278D919C91FB
:10E7700072DF0F900F900F900F900F90DF91CF915D
:10E780001F910F9108956081718190E080E08BD995
:10E79000F8012081318169837A838B839C8344E0F3
:10E7A000BE016F5F7F4FC901D9CF0F931F93CF93E6
:10E7B000DF9300D01F921F92CDB7DEB7DC01129617
:10E7C0009C9112979923B9F11496ED91FC911597AC
:10E7D000309789F18D019230D9F09430B1F19130B8
:10E7E00051F520E030E048EC52E460817181828193
:10E7F00093810E9446EC0E94D7F4F80180819181B8
:10E800006D8341E0BE016B5F7F4F0E94AF2213C05A
:10E8100020E030E048EC52E4608171818281938194
:10E820000E9446EC0E94D7F4762767277627F801E6
:10E830008081918110DF0F900F900F900F900F90BB
:10E84000DF91CF911F910F91089520E030E048ECC7
:10E8500052E460817181828193810E9446EC0E9422
:10E86000D7F421D9F8012081318169837A838B83A0
:10E870009C8344E0BE016F5F7F4FC901C6CF0F93F9
:10E880001F93CF93DF9300D01F921F92CDB7DEB7B7
:10E89000DC0112969C9112979923B9F11496ED918F
:10E8A000FC911597309789F18D019230D9F0943011
:10E8B000B1F1913051F520E030E040E251E4608167
:10E8C0007181828193810E9446EC0E94D7F4F80105
:10E8D000808191816D8341E0BE016B5F7F4F0E941B
:10E8E000AF2213C020E030E040E251E4608171814A
:10E8F000828193810E9446EC0E94D7F47627672795
:10E900007627F80180819181A6DE0F900F900F90FD
:10E910000F900F90DF91CF911F910F91089520E0FC
:10E9200030E040E251E460817181828193810E94F4
:10E9300046EC0E94D7F4B7D8F80120813181698371
:10E940007A838B839C8344E0BE016F5F7F4FC90154
:10E95000C6CF0F931F93CF93DF9300D01F921F92C8
:10E96000CDB7DEB7DC0112969C911297992301F185
:10E970001496ED91FC9115973097D1F08D0192305E
:10E9800079F09430F9F0913099F48D919C91208137
:10E990002D8341E0BE016B5F7F4F0E94AF2208C014
:10E9A000608171817627672776278D919C9153DE50
:10E9B0000F900F900F900F900F90DF91CF911F91BC
:10E9C0000F91089560817181072E000C880B990BBF
:10E9D0006AD8F8012081318169837A838B839C8393
:10E9E00044E0BE016F5F7F4FC901D7CF60911F0226
:10E9F00070E0762767277627FC01808191812BCEF6
:10EA0000CF93DF93EC010E945023682F70E07827AA
:10EA10006727762788819981DF91CF911CCEFC01F1
:10EA2000808191818115904491F48091201224E697
:10EA3000829FC001112481589F4F6FEF70E00E94A8
:10EA400076F276276727762780E090E404CE089553
:10EA5000FC019091B006992339F0913069F09F3F05
:10EA600071F461E070E002C062E070E07627672731
:10EA7000762780819181EFCD64E070E0F7CF089533
:10EA8000FC01909110029F3F34F019162CF462E0C3
:10EA900070E0913019F0089561E070E07627672703
:10EAA000762780819181D7CDDC011496ED91FC9180
:10EAB000309789F0E08170E060E0E43028F4F0E025
:10EAC000E057FB4F608170E0762767277627FC01CF
:10EAD00080819181C0CD0895FC0190912E0897709E
:10EAE00070E060E011F060E071E080819181B3CD71
:10EAF000FC01808191818E3FF0E39F0739F065EF43
:10EB000070E0813021E3920719F0089564E670E027
:10EB10007627672776279FCDFC0180819181893FE9
:10EB2000904351F46091170270911802762767277D
:10EB3000762789EF90E38FCD0895FC018081918144
:10EB4000873FF0E39F0721F08115904531F008954C
:10EB5000EDDC682F70E0853610F064E670E0762713
:10EB60006727762787EF90E376CD0F931F93CF9398
:10EB7000DF9300D01F92CDB7DEB72091B0062111F0
:10EB800027C08C0121E732EB47E25EE36091B70BCF
:10EB90007091B80B8091B90B9091BA0B0E9446EC22
:10EBA00020E030E048EC52E40E9446EC0E94D7F4AA
:10EBB0000E947D6DF8012081318169837A838B8386
:10EBC0009C8344E0BE016F5F7F4FC9010E94AF226A
:10EBD0000F900F900F900F90DF91CF911F910F9199
:10EBE00008950F931F93CF93DF9300D01F92CDB75B
:10EBF000DEB72091B006211127C08C0121E732EB4E
:10EC000047E25EE36091B30B7091B40B8091B50B5A
:10EC10009091B60B0E9480F320E030E048EC52E483
:10EC20000E9446EC0E94D7F40E947D6DF80120817D
:10EC3000318169837A838B839C8344E0BE016F5F5B
:10EC40007F4FC9010E94AF220F900F900F900F903D
:10EC5000DF91CF911F910F9108950F931F93CF9341
:10EC6000DF9300D01F92CDB7DEB72091B0062111FF
:10EC700021C08C0120E030E048EC52E46091AF0B01
:10EC80007091B00B8091B10B9091B20B0E9446EC49
:10EC90000E94D7F40E947D6DF80120813181698343
:10ECA0007A838B839C8344E0BE016F5F7F4FC901F1
:10ECB0000E94AF220F900F900F900F90DF91CF9195
:10ECC0001F910F910895EF920F93FC01428144230D
:10ECD00061F0648175816115710539F0E12C00E006
:10ECE00021E0808191810E94CB210F91EF900895C6
:10ECF000EF920F93EE24E39400E021E0FC014281C7
:10ED000062EA79E1808191810E94CB210F91EF909D
:10ED10000895EF920F93EE24E39400E021E0FC01CC
:10ED2000428160EA79E1808191810E94CB210F913B
:10ED3000EF900895EF920F93EE24E39400E021E02A
:10ED4000FC0142816EE979E1808191810E94CB21B1
:10ED50000F91EF900895EF920F93FC0142814423AD
:10ED600061F0648175816115710539F0E12C00E075
:10ED700021E0808191810E941D220F91EF900895E2
:10ED80008F929F92AF92BF92CF92DF92EF920F93AA
:10ED9000CF93DF93CDB7DEB75C018DB69EB6FC0195
:10EDA00022818DB79EB7821B91090FB6F8949EBF42
:10EDB0000FBE8DBFEDB7FEB731966F0191E09F9307
:10EDC00084EF8F939F938F939F938F9385E999E11E
:10EDD0009F938F931F922F93DF92EF930E943EEBAE
:10EDE000EE24E39400E021E0F5014281B601808148
:10EDF00091810E941D228DB79EB70C960FB6F89494
:10EE00009EBF0FBE8DBF0FB6F8949EBE0FBE8DBEC7
:10EE1000DF91CF910F91EF90DF90CF90BF90AF90A7
:10EE20009F908F900895CF93DF93EC0146E065E0CB
:10EE300082E10E94D14D70E060E088819981DF918C
:10EE4000CF9109CCCF93DF93EC0180919F0945E0EE
:10EE500065E0882369F08DE00E94FF4D61E070E07D
:10EE600076276727762788819981DF91CF91F3CB29
:10EE70008DE00E94D14D70E060E0F2CF82309105CC
:10EE800071F034F40097A1F042E0019749F0089541
:10EE90008330910559F045E0049711F0089543E05F
:10EEA000662341F065E082E00C94FF4D44E0F8CF2A
:10EEB00041E0F6CF65E082E00C94D14DEF920F93E4
:10EEC000CF93DF93EC0180910E0290910F0297FF98
:10EED00009C088E49CE2892BF1F4DF91CF910F9176
:10EEE000EF9008950E94C7D2882399F380913A0B3E
:10EEF00069E879E0882311F06AE37BE06115710528
:10EF000061F3EE24E39400E021E04A818881998155
:10EF10000E941D22E2CFEE24E39400E021E04A812A
:10EF200068E47CE2888199810E94CB21D6CFEF9260
:10EF30000F93CF93DF93EC0188819981853620E38D
:10EF40009207B9F160F4853220E39207B1F185347C
:10EF5000904371F0DF91CF910F91EF900895853834
:10EF600020E3920741F1853A9043A1F784E001C084
:10EF700081E02091AE063091AF06820F932F911D54
:10EF80000E94C7D28823D9F080913A0B69E879E0D2
:10EF9000882311F06AE37BE061157105D9F2EE2454
:10EFA000E39400E021E04A81888199810E941D223A
:10EFB000D1CF82E0DECF83E0DCCF80E0DACF88E41F
:10EFC0009CE2009739F2EE24E39400E021E04A81CC
:10EFD000BC01888199810E94CB21BCCFAF92BF92A6
:10EFE000CF92DF92EF92FF920F931F93CF93DF9315
:10EFF00000D000D000D01F92CDB7DEB76C01CE019B
:10F0000001967C0110E000E05C018091AE069091D9
:10F01000AF06800F911F0E94C7D2811126C0F70151
:10F020001182108260E0C80129DF0F5F1F4FF2E0FC
:10F03000EF0EF11C0530110541F74AE0B501F6016C
:10F04000808191810E94AF222A960FB6F894DEBF8C
:10F050000FBECDBFDF91CF911F910F91FF90EF9029
:10F06000DF90CF90BF90AF90089580917A0B85FD8F
:10F0700007C080E091E0F7019183808361E0D3CF06
:10F0800080E092E0F8CFEF92FF920F931F93CF931F
:10F09000DF937C0180917A0B46E065E086FD2EC00F
:10F0A00082E00E94FF4DC1E0D0E08091AE069091D9
:10F0B000AF06892B49F1C26047E065E082E00E941B
:10F0C000FF4D0091AE061091AF060B5F1F4F0E94DF
:10F0D00079D208171907F0F4C46048E065E082E0CF
:10F0E0000E94FF4D7C2F6D2FF70180819181DF9170
:10F0F000CF911F910F91FF90EF90ADCA82E00E94D7
:10F10000D14DD0E0C0E0D1CF47E065E082E00E9481
:10F11000D14DD7CF48E065E082E00E94D14DE2CFEB
:10F1200080917A0B86FD03C00E94D1CBF9CF10925B
:10F13000AF061092AE068FEF9FEF90930F02809371
:10F140000E0281E008958F929F92AF92BF92DF925C
:10F15000EF92FF920F931F93CF93DF9300D000D0D5
:10F1600000D01F92CDB7DEB7F82ED62E61111092C7
:10F17000380700E019E143E050E0B801CE01019604
:10F180000E94B5EA8A819B81009741F02981F2169D
:10F1900029F00D5F1F4F79F790E080E08C01011599
:10F1A000110509F456C0F80185919491009709F46E
:10F1B00050C0BE016F5F7F4F0E94C822882309F4B0
:10F1C00045C089859A85892B09F440C0D11003C0B8
:10F1D0008C8180FF3BC0EB8026E0E20E0E949ACA41
:10F1E0004B015C0138EE830E33E0931EA11CB11C71
:10F1F000F12C8091560690915506891B990B9C0124
:10F200002150310937FF02C02F5C3F4F2E151F04DC
:10F21000C0F40E949ACAA5019401261B370B480B23
:10F22000590BDA01C901181619061A061B0624F52E
:10F230000E94924D62E370E080E090E00E9400CA7C
:10F24000D8CFE985FA85CE01019619950E5F1F4F3B
:10F25000A6CF81E02A960FB6F894DEBF0FBECDBFD1
:10F26000DF91CF911F910F91FF90EF90DF90BF90B2
:10F27000AF909F908F90089580E0ECCF3F924F9297
:10F280005F926F927F928F929F92AF92BF92CF9236
:10F29000DF92EF92FF920F931F93CF93DF93CDB73F
:10F2A000DEB72C970FB6F894DEBF0FBECDBF5C0162
:10F2B000DC0159968D909C90F40181859285A385FF
:10F2C000B4859C01AD012F5F3F4F4F4F5F4F2987A2
:10F2D0003A874B875C87D50114964D905D906D9071
:10F2E0007C901797411451046104710409F459C0CA
:10F2F000BFEF4B1A5B0A6B0A7B0A312C7301620168
:10F300001D821E821F821886F40181859285A38545
:10F31000B4852D813E814F815885281739074A07CA
:10F320005B0708F056C089859A85AB85BC858C152E
:10F330009D05AE05BF0550F482E0C82ED12CE12C0E
:10F34000F12C92E0492E512C612C712C9E012F5FE3
:10F350003F4FB701A601C4010E94F6CC8823C9F132
:10F3600089819A81AB81BC81892B8A2B8B2B01F1FE
:10F37000260137019FEF491A590A690A790A2D8136
:10F380003E814F8158852F5F3F4F4F4F5F4F2D83F9
:10F390003E834F8358873FEFC31AD30AE30AF30A29
:10F3A000B3CF408051806280738033243394A6CFE2
:10F3B000C414D504E604F70411F70FEF1FEF2FEF85
:10F3C0003FE0B701A601C4010E9464CC782E8111F0
:10F3D0001AC0712C872D2C960FB6F894DEBF0FBE85
:10F3E000CDBFDF91CF911F910F91FF90EF90DF90F4
:10F3F000CF90BF90AF909F908F907F906F905F90D5
:10F400004F903F900895F501448155816681778141
:10F41000411551056105710539F097018601C40157
:10F420000E9464CC8823A9F2D5011496CD92DD9276
:10F43000ED92FC921797332051F0D701C601019647
:10F44000A11DB11DF40180839183A283B383F501D3
:10F4500085899689A789B08D892B8A2B8B2B09F0FA
:10F46000B9CFC58AD68AE78AF08E81818068818388
:10F47000B1CF40E050E0BA010C9431CEEF92FF9250
:10F480000F931F93CF93DF93CDB7DEB72C970FB6B3
:10F49000F894DEBF0FBECDBF8C017F936F935F9357
:10F4A0004F938BEE94E09F938F939E012F5F3F4F7E
:10F4B00079013F932F930E94D5F5F8010190002028
:10F4C000E9F7CF010197801B910B0FB6F894DEBFCF
:10F4D0000FBECDBF8431910548F445E150E0481B93
:10F4E000590BB701800F911F0E942AEBC8012C967F
:10F4F0000FB6F894DEBF0FBECDBFDF91CF911F9145
:10F500000F91FF90EF900895809124028F37C8F1FA
:10F510008F5790919D0B9093AB08992381F1A59AF9
:10F520009091F2079093AA089923A1F1759A8F5FA1
:10F53000809324028091A90891E089278093A908EB
:10F5400080912302980F85300CF090E0823009F40E
:10F550006EC014F58823B1F1813009F45DC0909339
:10F5600023020E9489718091D1099091D20900975C
:10F5700029F001979093D2098093D1090895A59815
:10F58000CFCF9091AB08891708F0A5989091AA0861
:10F59000891768F27598CBCF843009F460C00CF4F9
:10F5A00059C08530E1F62091A808211102C080934E
:10F5B000A8088091A80881508093A808882379F230
:10F5C00095E0CDCF809122028F5F80311CF4809333
:10F5D0002202C5CF109222028091E707811113C049
:10F5E0002091930B3091940B3093960B2093950BB5
:10F5F0002091E8073091E9073093EB072093EA0761
:10F6000081E08093E7071092940B1092930B109275
:10F61000E9071092E807A3CF10927B0081E4809362
:10F620007C0080917A00806480937A0098CF8091EA
:10F630007A0086FD27C04091780050917900209192
:10F64000930B3091940B240F351F3093940B209320
:10F65000930B85CF88E080937B0086E4E0CF809198
:10F660007A0086FD11C04091780050917900209178
:10F67000E8073091E907240F351F3093E9072093FD
:10F68000E8076DCF92E06BCF94E069CF0F930FB78F
:10F690000F9300916E000D7F00936E0078940F938E
:10F6A0000BB70F930CB70F921F922F933F934F936B
:10F6B0005F936F937F938F939F93AF93BF93EF93DA
:10F6C000FF93112421DFFF91EF91BF91AF919F91A3
:10F6D0008F917F916F915F914F913F912F911F90EB
:10F6E0000F900CBF0F910BBF0F910260F894009325
:10F6F0006E000F910FBF0F911895CF93DF93C3E961
:10F70000DBE0198618861092FB070E94A66D1A8608
:10F71000A598C8EED7E0198618860E94AD231A86F0
:10F720007598DF91CF9108958F929F92AF92BF927B
:10F73000CF92DF92EF92FF920F931F93CF93DF93BD
:10F74000B4E4A0E06A2F70E0AB014B0F511D55955A
:10F750004795411119C0E5E0F9E265917491072ED2
:10F76000000C880B990B0E94E7EBDF91CF911F9162
:10F770000F91FF90EF90DF90CF90BF90AF909F9050
:10F780008F900895B42FE0CFA41711F0B41303C0E5
:10F79000E1E1FAE2E2CF9A0121503109220F331F51
:10F7A000220F331FF901ED5FF64DE590F490F9015A
:10F7B000E95FF64DC591D4918E159F0518F3A42FDE
:10F7C000C817D90708F4BECFF901EB5FF64D0591D4
:10F7D0001491F901E75FF64DC590D4908E199F09F9
:10F7E000BC0190E080E00E94E5EB4B015C01B601BA
:10F7F000601B710B072E000C880B990B0E94E7EB26
:10F800009B01AC01C501B4010E9446EC4B015C01B7
:10F81000CE19DF09BE0190E080E00E94E5EB9B017C
:10F82000AC01C501B4010E9480F36B017C01B801F9
:10F83000110F880B990B0E94E7EB9B01AC01C701EC
:10F84000B6010E94A4F291CFCF92DF92EF92FF9285
:10F850006A017B010E94152AC701B601FF90EF9053
:10F86000DF90CF900C945BC1CF93DF93EC01488184
:10F8700059816A817B8182EB93E2E6DF4C815D8175
:10F880006E817F818AE69EE2DFDF488559856A8541
:10F890007B8586E69EE2DF91CF910C94112B0F932E
:10F8A0000FB70F9300916E000F930D7F00936E00C2
:10F8B00000916F000D7F00936F000F930BB70F93B4
:10F8C0000CB70F921F922F933F934F935F936F93B9
:10F8D0007F938F939F93AF93BF93EF93FF931124E5
:10F8E000DDD6FF91EF91BF91AF919F918F917F9165
:10F8F0006F915F914F913F912F911F900F900CBF8F
:10F900000F910BBF0F910260F89400936F000F915D
:10F9100000936E000F910FBF0F911895CF93DF9357
:10F9200000D0CDB7DEB700C000C08BEB9BE09A8360
:10F9300089831B82CE0101960E942F6D9091080150
:10F94000811101C09095917090930601811148C07A
:10F950008FEF80932F088BEB9BE09A83898381E064
:10F960008B83CE0101960E942F6D90910801811129
:10F9700001C09095987090930601811133C08FEF6C
:10F98000809330088BEB9BE09A83898382E08B83A2
:10F99000CE0101960E942F6D9091080181119095E2
:10F9A00090789093060181111FC08FEF80933108EA
:10F9B0008BEB9BE09A83898383E08B83CE01019656
:10F9C0000E942F6D882391F08D9A81E080933208F8
:10F9D00000C000C00F900F900F90DF91CF9108955D
:10F9E00081E0B7CF81E0CCCF81E0E0CF8D988FEF81
:10F9F000EDCF80912E08877F80932E088B9A81E02F
:10FA000008958B9880912E08886080932E08089521
:10FA100021E030E0082E02C0220F331F0A94E2F7E3
:10FA20002095309590912E08292320932E0881301F
:10FA300061F020F0823071F081E008958E9A80911B
:10FA40006F098E7F80936F09F7CF749A80916F0949
:10FA50008D7FF8CF80910801809580718093060199
:10FA600080916F098B7FEECF80E0D2DF81E0D0DF25
:10FA700082E0CEDFBECF8130B9F0A0F08230B1F0AD
:10FA800021E030E0082E01C0220F0A94EAF790919D
:10FA90002E08922B90932E08823019F481E08093E7
:10FAA000D60708958E98ECCF7498EACF909108010C
:10FAB000907190930601E4CF80E0DDDF81E0DBDF31
:10FAC00082E0D9DF9ECF4F925F926F927F928F92AA
:10FAD0009F92AF92BF92CF92DF92EF92FF92CF931D
:10FAE000DF9300D000D0CDB7DEB79E838D830E9418
:10FAF00012274B015C01AD81BE8118964D905D903F
:10FB00006D907C901B97AC019B01C301B2010E94D8
:10FB1000A3F26B017C018091A0099091A109A091B1
:10FB2000A209B091A30989839A83AB83BC8320E0A7
:10FB300030E0A901BC01CD010E94E1EB882349F02E
:10FB400020E030E0A901C701B6010E94E1EB1816E0
:10FB5000ECF0AD81BE811896CD92DD92ED92FC92D3
:10FB60001B9726960FB6F894DEBF0FBECDBFDF9170
:10FB7000CF91FF90EF90DF90CF90BF90AF909F908C
:10FB80008F907F906F905F904F90089529813A8178
:10FB90004B815C81C301B2010E94CBF487FFE1CFAE
:10FBA00020919B0930919C0940919D0950919E099B
:10FBB000C501B4010E9446EC9B01AC0160E070E01D
:10FBC00080E89FE30E94A3F29B01AC01C701B6014C
:10FBD0000E9480F3ED81FE81608771878287938721
:10FBE000C0CFCF93DF9380915207811119C0C0918C
:10FBF0001D02D0911E02219720E030E040E05FE33B
:10FC00006091970B7091980B8091990B90919A0B42
:10FC10000E94A4F20E94E8F321E06C177D070CF02B
:10FC200020E0822FDF91CF910895AF92BF92CF92C3
:10FC3000DF92EF92FF920F931F93CF93DF93CBED61
:10FC4000D9E00DEA19E08BEEA82E89E0B82EC12C80
:10FC5000D12C7601C39469917991899199910E94EF
:10FC6000E5EB288939894A895B890E9446EC0E9424
:10FC7000EDF3F80161937193819391938F01C6160F
:10FC8000D706E806F90610F46B017C01AC16BD0638
:10FC900011F76FEF7FEFCB01A70196010E940BF2E6
:10FCA0002093BD093093BE094093BF095093C0090A
:10FCB000DF91CF911F910F91FF90EF90DF90CF9048
:10FCC000BF90AF9008950F931F93CF93DF930FEEE4
:10FCD00019E0C1ECD9E0F8012191319141915191A4
:10FCE0008F0160E070E080E89FE30E9480F36993F9
:10FCF000799389939993F9E0C13DDF0761F70E94F9
:10FD000055C3DF91CF911F910F918FCF9091CD0B64
:10FD10008091CE0B981306C08091D1099091D209A1
:10FD2000892B21F080E00E946436F0CF08954F9235
:10FD30005F926F927F928F929F92AF92BF92CF927B
:10FD4000DF92EF92FF92CF93DF93EC0180E1FE010F
:10FD5000AFECBBE001900D928A95E1F72091FB0991
:10FD60003091FC094091FD095091FE096C857D851B
:10FD70008E859F850E9446EC0E94D7F46B017C0122
:10FD80002091F7093091F8094091F9095091FA0949
:10FD9000688579858A859B850E9446EC0E94D7F408
:10FDA0004B015C012091F3093091F4094091F50970
:10FDB0005091F6096C817D818E819F810E9446EC75
:10FDC0000E94D7F42B013C012091EF093091F009FA
:10FDD0004091F1095091F209688179818A819B8172
:10FDE0000E9446EC0E94D7F46093DF0B7093E00B07
:10FDF0008093E10B9093E20B4092E30B5092E40B63
:10FE00006092E50B7092E60B8092E70B9092E80B04
:10FE1000A092E90BB092EA0BC092EB0BD092EC0BE4
:10FE2000E092ED0BF092EE0B9091CD0B8091CE0B0A
:10FE3000981781F0DF91CF91FF90EF90DF90CF90F6
:10FE4000BF90AF909F908F907F906F905F904F90FA
:10FE50000C9418C35BDF0E94016DC82F8FED9BE0EF
:10FE60000E94826CCC2381F0DF91CF91FF90EF90C4
:10FE7000DF90CF90BF90AF909F908F907F906F90CA
:10FE80005F904F900C94F829DF91CF91FF90EF9005
:10FE9000DF90CF90BF90AF909F908F907F906F90AA
:10FEA0005F904F900895CF92DF92EF92FF92CF93A1
:10FEB000DF93C82F0E94016D94E0C99FE0011124D7
:10FEC000FE01E857F74FC080D180E280F3808111B6
:10FED0000E94F829CF53D64FC701B6010E94E7EB25
:10FEE000288139814A815B810E9446ECDF91CF9164
:10FEF000FF90EF90DF90CF9008958F929F92AF92F6
:10FF0000BF92CF92DF92EF92FF921F93CF93DF9336
:10FF1000CDB7DEB760970FB6F894DEBF0FBECDBF8A
:10FF2000182F80E0C0DF4B015C0180921608909290
:10FF30001708A0921808B092190881E0B4DF6B018D
:10FF40007C01C0921A08D0921B08E0921C08F09223
:10FF50001D0882E0A8DF60931E0870931F0880933D
:10FF60002008909321081D861E861F86188A898284
:10FF70009A82AB82BC82CD82DE82EF82F88669876C
:10FF80007A878B879C8783E08EDF6D877E878F875C
:10FF9000988B80919F09882319F0CE01019693DDFB
:10FFA0001E3FD9F480E1FE013196A6E2BAE001904D
:10FFB0000D928A95E1F760960FB6F894DEBF0FBEFA
:10FFC000CDBFDF91CF911F91FF90EF90DF90CF9049
:10FFD000BF90AF909F908F90089584E0189FF0019C
:10FFE0001124DF01AA5DB54F81E090E08C0F9D1FC9
:10FFF000E80FF91F40815181628173814D935D93B8
:020000021000EC
:100000006D937C931397D7CF0F931F93CF93DF9369
:1000100000D01F92CDB7DEB78C0180916F0982FFAF
:1000200033C082E040DF20E030E048E452E40E9448
:1000300046EC0E94E8F30E94E7EB2AE037ED43EA42
:100040005CE30E9446EC20E030E048EC52E40E9481
:1000500046EC0E94D7F40E947D6DF8012081318129
:1000600069837A838B839C8344E0BE016F5F7F4FFB
:10007000C9010E94AF220F900F900F900F90DF9157
:10008000CF911F910F91089560E070E0CB01CBCF2D
:100090009091CD0B8091CE0B981307C08091D10920
:1000A0009091D209892B09F4DFCC80E00E9464365C
:1000B000EFCFCF92DF92EF92FF92CF93DF93C82FD3
:1000C0000E94016D94E0C99FE0011124FE01E458F3
:1000D000F74FC080D180E280F38081110E94F8291F
:1000E000CF53D64FC701B6010E94E7EB2881398173
:1000F0004A815B810E9446ECDF91CF91FF90EF90A7
:10010000DF90CF9008958F929F92AF92BF92CF923F
:10011000DF92EF92FF92CF93DF9320919F092223EA
:1001200009F47FC0EC018090A0099090A109A090F3
:10013000A209B090A30920E030E0A901C501B401F3
:100140000E94E1EB882309F477C0C884D984EA844B
:10015000FB8420E030E0A901C701B6010E94E1EB79
:1001600018160CF069C0A5019401C701B6010E94E0
:10017000CBF487FF56C020919709309198094091A0
:10018000990950919A09C701B6010E94E1EB8823B1
:1001900021F1C0929709D0929809E0929909F092C2
:1001A0009A0920919B0930919C0940919D09509199
:1001B0009E09C701B6010E9446EC9B01AC0160E0BC
:1001C00070E080E89FE30E94A3F2609319027093AD
:1001D0001A0280931B0290931C02C0901902D090C7
:1001E0001A02E0901B02F0901C0220E030E0A9010E
:1001F000C701B6010E94E1EB882399F0CE010E946D
:100200001227A70196010E9446EC9B01AC0168856C
:1002100079858A859B850E94A4F2688779878A8779
:100220009B87DF91CF91FF90EF90DF90CF90BF90B1
:10023000AF909F908F900895C12CD12C80E8E82E2C
:100240008FE3F82EDBCFCF92DF92EF92FF92C09038
:10025000D007D090D107E090D207F090D3078091DB
:10026000D407882309F44FC020E030E0A901C7017A
:10027000B6010E94E1EB882309F445C020E030E09C
:1002800040E05FE3C701B6010E9446EC9B01AC0170
:100290000E9446EC2BED3FE049E450E40E9446EC1E
:1002A0009B01AC0160E070E080E89FE30E9480F376
:1002B0006B017C01C0924E07D0924F07E09250072D
:1002C000F09251076091170270911802072E000CEE
:1002D000880B990B0E94E7EB2AE037ED43E25CE3E1
:1002E0000E9446ECA70196010E9446EC60935502DD
:1002F000709356028093570290935802FF90EF90AC
:10030000DF90CF900895C12CD12C80E8E82E8FE3A8
:10031000F82ED0CF2F923F924F925F926F927F92A2
:100320008F929F92AF92BF92CF92DF92EF92FF9205
:100330000F931F93CF93DF93CDB7DEB766970FB6BA
:10034000F894DEBF0FBECDBF1C016A017B012801FE
:100350003901DC0155968D909D90AD90BC905897D9
:1003600020E030E0A901CB01B6010E94E1EB882337
:1003700009F44EC1A7019601C501B4010E9446ECE3
:100380000E94D7F4D62EE72EF82EC92EA301920193
:10039000C501B4010E9446EC0E94D7F4DD82EE82D2
:1003A000FF82C8862D813E814F81588520323105DC
:1003B0004105510548F420E2822E912CA12CB12C4C
:1003C0008D829E82AF82B88669837A838B839C8379
:1003D00029813A814B815C812032310541055105EB
:1003E00048F480E2882E912CA12CB12C89829A822B
:1003F000AB82BC82F101FE9680819181A281B381A2
:100400008097A105B10540F480E290E0A0E0B0E063
:1004100080839183A283B383D1019D968D909D901B
:10042000AD90BC90D0978B8A9C8AAD8ABE8AF10130
:10043000E65BFF4F60817181828193816115710557
:100440008105910509F4ECC00E94E7EB9B01AC012A
:1004500060E070E080E89FE30E9480F320E030E0FD
:1004600040E05FE30E9446EC6B017C01F101FE96E7
:1004700060817181828193810E94E5EB9B01AC01D7
:100480000E9446EC2B013C0169817A818B819C8121
:100490000E94E5EB9B01AC010E9446EC9B01AC0184
:1004A000C301B2010E94A3F2A70196010E9446EC8B
:1004B00069877A878B879C876D817E818F819885FC
:1004C0000E94E5EB9B01AC010E9446EC9B01AC0154
:1004D000C301B2010E94A3F2A70196010E9446EC5B
:1004E0002B013C010E946AF30E94E8F36B017C013E
:1004F00069857A858B859C850E946AF30E94E8F362
:1005000046015701860E971EA81EB91E2B893C89ED
:100510004D895E89281939094A095B0957FF32C09C
:100520006B897C898D899E890E94E5EBA3019201EC
:100530000E94A4F229853A854B855C850E94A3F22E
:1005400020E030E040E05FE30E9446EC0E94D7F4F8
:10055000C12CD12C760197FD0DC06B017C018B88DD
:100560009C88AD88BE888C149D04AE04BF0414F42E
:10057000750164016B897C898D899E896C197D095F
:100580008E099F09D101D196CD92DD92ED92FC9218
:10059000D4978B889C88AD88BE88861A970AA80A4B
:1005A000B90AD501C401F10185AB96ABA7ABB0AFD9
:1005B000EE5BFF4F8D809E80AF80B88480829182F9
:1005C000A282B38291012A5B3F4FD90189809A8030
:1005D000AB80BC808D929D92AD92BC921397669633
:1005E0000FB6F894DEBF0FBECDBFDF91CF911F9144
:1005F0000F91FF90EF90DF90CF90BF90AF909F90C2
:100600008F907F906F905F904F903F902F900895C4
:10061000F101EE5BFF4FD080E180F280C380B6CE67
:10062000C12CD12C760160E070E0CB01ABCF8F30D4
:1006300010F48F5F08958F500895CF93DF939091BA
:10064000CE0B8091CD0B891740F0891B41F4D0E08F
:10065000C0E0CE01DF91CF910895805FF6CF9091F9
:10066000CB0B992351F0833030F48FEF890F19F0C1
:100670008093CB0BECCF1092CB0BC091CE0B83E6CB
:10068000C89FE0011124C151D44F888180FDDFCF84
:100690008091CE0BCCDF8093CC0BDBCF2F923F929F
:1006A0004F925F926F927F928F929F92AF92BF9282
:1006B000CF92DF92EF92FF920F931F93CF93DF932E
:1006C00000D000D000D01F921F92CDB7DEB78FEFC1
:1006D0009FEF90938900809388002AE02D8310E09B
:1006E00000E08091790890917A08892B09F0B1C1D6
:1006F00080917B088823D9F08091A6099091A70961
:1007000010927B08892B09F4A4C11092A7091092BA
:10071000A6091092BC0B9091CD0B8091CE0B98172F
:1007200009F497C18091CE0B82DF8093CE0B80912C
:10073000A6099091A709892B09F48BC140916F08F4
:1007400050917008609171087091720880916B08E7
:1007500090916C08A0916D08B0916E0848175907E8
:100760006A077B0708F075C1C0902102D12CF12CDB
:10077000E12C841B950BA60BB70BC816D906EA060D
:10078000FB0610F4D701C601E82F840F951FA61FA2
:10079000B71F80936F0890937008A0937108B0936F
:1007A000720891E0C0903308D0903408E09035088A
:1007B000F0903608409147085091480860914908E8
:1007C00070914A0840903708509038086090390876
:1007D00070903A08440D551D661D771D80E077FD29
:1007E00005C04C195D096E097F0981E040934708F7
:1007F000509348086093490870934A0840914B0809
:1008000050914C0860914D0870914E0840903B0803
:1008100050903C0860903D0870903E08440D551D76
:10082000661D771D77FD05C082604C195D096E0954
:100830007F0940934B0850934C0860934D08709388
:100840004E0840914F0850915008609151087091A6
:10085000520840903F0850904008609041087090C6
:100860004208440D551D661D771D77FD05C0846047
:100870004C195D096E097F0940934F085093500849
:100880006093510870935208409153085091540856
:100890006091550870915608409043085090440864
:1008A0006090450870904608440D551D661D771DE3
:1008B00077FD05C088604C195D096E097F0940937A
:1008C000530850935408609355087093560891113B
:1008D00004C02091840030918500282F30E0482FFB
:1008E000417080FF1CC080912F08082E000C990BCE
:1008F000AA0BBB0BC0908808D0908908E0908A08AA
:10090000F0908B088C0D9D1DAE1DBF1D8093880837
:1009100090938908A0938A08B0938B088F9A21FB43
:10092000552750F95887198621FF21C0809130083A
:10093000082E000C990BAA0BBB0BC0908C08D09012
:100940008D08E0908E08F0908F088C0D9D1DAE1DD7
:10095000BF1D80938C0890938D08A0938E08B09350
:100960008F0880910801809584708093060122FB96
:10097000222420F8312C22FF21C080913108082E3A
:10098000000C990BAA0BBB0BC0909008D09091085B
:10099000E0909208F09093088C0D9D1DAE1DBF1D38
:1009A0008093900890939108A0939208B093930835
:1009B000809108018095807280930601F3E035955F
:1009C0002795FA95E1F721153105E1F0809132087C
:1009D000082E000C990BAA0BBB0BC0909408D0906A
:1009E0009508E0909608F09097088C0D9D1DAE1D1F
:1009F000BF1D8093940890939508A0939608B09398
:100A000097088C9A80918400909185008091840051
:100A10009091850041118F9888849984892829F0C4
:100A200080910801847080930601232829F0809129
:100A30000801807280930601232B09F08C98EE2325
:100A400021F08091840090918500E15090E009F0C0
:100A5000A9CEA0905302B0905402BF82AE82AB28C0
:100A600009F052C080908109909082099A8289820F
:100A70008114910409F43DC0F090060182E00E94C7
:100A80003B7D00C000C080910801181419040CF4CB
:100A9000809580788093060100C000C08091080195
:100AA000809580728093060100C0000082E090E093
:100AB0000197F0F78091080180728093060100C0D1
:100AC00000C080910801F7FC809580788093060132
:100AD00000C000C0A980BA808091810990918209EC
:100AE0001A141B040CF03AC2019790938209809368
:100AF00081090E94FE29882309F432C280ED97E023
:100B00009093540280935302789480917908909145
:100B10007A08892B09F08FC12091840030918500DB
:100B2000809121028230B0F040917708509178088E
:100B3000420F531F60917308709174086417750712
:100B400048F090E095958795809321021092760861
:100B500010927508319521953109309378082093CA
:100B600077081092740810927308E091A609F0912A
:100B7000A709309709F454C380916F0890917008C9
:100B8000A0917108B091720840916B0850916C0867
:100B900060916D0870916E0884179507A607B707D6
:100BA00008F4E1C11092A7091092A6091092BC0B9B
:100BB0009091CD0B8091CE0B981709F431C38091A1
:100BC000CE0B35DD8093CE0B60EDE62E67E0F62E82
:100BD0008091A6099091A709892B09F028C12DDDE4
:100BE0009093A7098093A609892B09F420C16091ED
:100BF000A6097091A7097B876A87DB018C9182FD2A
:100C0000E3C2FB01E15BFF4F80819181A281B3814F
:100C10008093141390931513A0931613B093171386
:100C200080E13496A5E6B2E101900D928A95E1F754
:100C300080E0EA85FB85458C568C678C70A091E03E
:100C4000411451046104710409F490E090FB80F9AF
:100C5000AA85BB859196CD90DD90ED90FC90949700
:100C600091E0C114D104E104F10409F490E090FB97
:100C700081F9EA85FB8545A156A167A170A591E0A0
:100C8000411551056105710509F490E090FB82F969
:100C90008093BC0BEA85FB8585A596A5A7A5B0A981
:100CA00080936B0890936C08A0936D08B0936E08C6
:100CB000882499245401881A990AAA0ABB0A8092A6
:100CC000470890924808A0924908B0924A0880923A
:100CD0004B0890924C08A0924D08B0924E0880921A
:100CE0004F0890925008A0925108B09252088092FA
:100CF000530890925408A0925508B092560881A4C7
:100D000092A4A3A4B4A4880C991CAA1CBB1C809216
:100D1000430890924408A0924508B0924608440CBB
:100D2000551C661C771C4092370850923808609218
:100D3000390870923A08CC0CDD1CEE1CFF1CC092E6
:100D40003B08D0923C08E0923D08F0923E08440FE8
:100D5000551F661F771F40933F08509340086093CC
:100D6000410870934208880F991FAA1FBB1F8093E8
:100D7000330890933408A0933508B0933608109246
:100D80006F0810927008109271081092720881A971
:100D900092A9A3A9B4A98093670890936808A09327
:100DA0006908B0936A0885A996A9A7A9B0AD8093F0
:100DB000570890935808A0935908B0935A089091F7
:100DC000BB0B85AD981721F08093BB0B0E948E7CE6
:100DD0000E9489711092760810927508E091A60918
:100DE000F091A709EE5BFF4F608171818281938151
:100DF00060935F0870936008809361089093620825
:100E00000E948B6C7C0196958795B0E0A0E0809362
:100E10005B0890935C08A0935D08B0935E08809394
:100E2000630890936408A0936508B0936608F092F5
:100E30007A08E09279088E809F80892871F48091E9
:100E4000790890917A088A3F910538F47AEFA72EB5
:100E5000B12CB0927A08A092790820915302309177
:100E600054028091790890917A082F3F320709F453
:100E7000EDC1AC01569547952417350708F0D5C14B
:100E8000509354024093530280365AEE950708F46B
:100E9000B7C160E67AEE2091530230915402A90165
:100EA0006217730708F4AB01841B950B90937A08C3
:100EB000809379082F3F320731F0241B350B309394
:100EC000540220935302040F151FF894809184005C
:100ED0009091850040967D8171507D83772321F02C
:100EE0000817190708F4FDCB409184005091850044
:100EF0002091770830917808240F351F30937808B7
:100F0000209377080817190708F07CC12091210267
:100F1000203138F4220F209321021092760810928B
:100F2000750890938900809388002B960FB6F894EB
:100F3000DEBF0FBECDBFDF91CF911F910F91FF900C
:100F4000EF90DF90CF90BF90AF909F908F907F9069
:100F50006F905F904F903F902F9008950196C5CD70
:100F60008FEF9FEFCDCD4091670850916808609159
:100F7000690870916A0884179507A607B70708F0F3
:100F80007DC02091630830916408409165085091BC
:100F9000660829833A834B835C8381AD92ADA3AD10
:100FA000B4ADBA01A901FF24499FE12C5A9F9001D9
:100FB0006A9F300D699F200D311D4A9FE00C211D55
:100FC0003F1D599FE00C211D3F1D689FE00C211D16
:100FD0003F1D589FE10C2F1D3F1DB49FEE0C201D9F
:100FE000311DB59F300D1124DF01AE5BBF4F8D91D8
:100FF0009D910D90BC91A02D820F931FA11DB11D3D
:1010000080935F0890936008A0936108B093620892
:10101000FE964081518162817381481759076A07A2
:101020007B0740F440935F08509360086093610829
:101030007093620860915F08709160088091610808
:10104000909162080E948B6C7C0189819A81AB81AE
:10105000BC818E0D9F1DA11DB11D809363089093CF
:101060006408A0936508B093660810925B0810921C
:101070005C0810925D0810925E08AACD4091570856
:10108000509158086091590870915A088417950733
:10109000A607B70708F46CC060915B0870915C0804
:1010A00080915D0890915E0869837A838B839C832D
:1010B00081AD92ADA3ADB4AD49815A816B817C8184
:1010C000FF24499FE12C5A9F90016A9F300D699F30
:1010D000200D311D4A9FE00C211D3F1D599FE00C42
:1010E000211D3F1D689FE00C211D3F1D589FE10CF5
:1010F0002F1D3F1DB49FEE0C201D311DB59F300DDF
:101100001124A90170E060E080915F08909160086F
:10111000A0916108B0916208EA5BFF4FC080D18066
:10112000E280F380481759076A077B0758F4841B4D
:10113000950BA60BB70BC816D906EA06FB0610F4EA
:101140006C017D01C701B6010E948B6C7C01898115
:101150009A81AB81BC818E0D9F1DA11DB11D809315
:101160005B0890935C08A0935D08B0935E0830CD57
:101170008091750890917608892B09F5FE96C080BC
:10118000D180E280F380C701B6010E948B6C9093FE
:1011900076088093750896958795B0E0A0E08093D7
:1011A0005B0890935C08A0935D08B0935E08C092C2
:1011B0005F08D0926008E0926108F0926208E090C7
:1011C0007508F090760804CDAA85BB858C9182FFC6
:1011D00004C0CD014D960E94826C1092A709109216
:1011E000A6091092BC0B9091CD0B8091CE0B981755
:1011F00009F4F5CC8091CE0B1ADA8093CE0BEFCCAC
:10120000BC0149CE8091730890917408841B950BA2
:10121000800F911F9093740880937308C80181CE4A
:1012200080EDE82E87E0F82EDACC8036AAEE9A0719
:1012300008F02FCEAC012817390708F4A901841B48
:10124000950B90937A088093790837CE8036BAEE62
:101250009B07B0F240E65AEE80569A4E90937A0879
:101260008093790830CECF93DF931F92CDB7DEB74E
:10127000898360E0CE0101960E940E6D61E0CE018F
:1012800001960E940E6D62E0CE0101960E940E6DE5
:1012900089810F90DF91CF9108954F925F926F9265
:1012A0007F928F929F92AF92BF92CF92DF92EF92F6
:1012B000FF92FC0140805180628073808480958021
:1012C000A680B780C084D184E284F38420E030E03B
:1012D000A901C301B2010E94E1EB811125C020E008
:1012E00030E0A901C501B4010E94E1EB81111CC0ED
:1012F00020E030E0A901C701B6010E94CBF487FFCE
:1013000004C0F7FAF094F7F8F094C701B601FF9023
:10131000EF90DF90CF90BF90AF909F908F907F9095
:101320006F905F904F900895A3019201C301B201A5
:101330000E9446EC2B013C01A5019401C501B401BA
:101340000E9446EC9B01AC01C301B2010E94A4F2D1
:101350004B015C01A7019601C701B6010E9446EC52
:101360009B01AC01C501B4010E94A4F2FF90EF9073
:10137000DF90CF90BF90AF909F908F907F906F90B5
:101380005F904F900C9411F58F929F92AF92BF9205
:10139000CF92DF92EF92FF92CF93DF9320913502AD
:1013A000222309F48EC0EC0180913D07E82E80FFD6
:1013B0002CC08090370290903802A0903902B090F3
:1013C0003A02288139814A815B81C501B4010E94BA
:1013D000CBF4181624F488829982AA82BB8280906A
:1013E000430290904402A0904502B09046022881AA
:1013F00039814A815B81C501B4010E94E1EB87FF1D
:1014000004C088829982AA82BB82E1FE2CC08090AF
:101410003B0290903C02A0903D02B0903E022C8195
:101420003D814E815F81C501B4010E94CBF4181645
:1014300024F48C829D82AE82BF828090470290907D
:101440004802A0904902B0904A022C813D814E8111
:101450005F81C501B4010E94E1EB87FF04C08C826B
:101460009D82AE82BF82E2FE2CC0C0903F02D0902F
:101470004002E0904102F0904202288539854A8579
:101480005B85C701B6010E94CBF4181624F4C88608
:10149000D986EA86FB86C0904B02D0904C02E09041
:1014A0004D02F0904E02288539854A855B85C7013B
:1014B000B6010E94E1EB87FF04C0C886D986EA86A0
:1014C000FB86DF91CF91FF90EF90DF90CF90BF90A0
:1014D000AF909F908F900895809124089091250857
:1014E000A0912608B09127088093130290931402CC
:1014F000A0931502B09316028091220890912308C0
:10150000909312028093110208958091130290919A
:101510001402A0911502B0911602809324089093B2
:101520002508A0932608B093270880911102909176
:101530001202909323088093220884E690E090930F
:101540001202809311020895CF93DF93CDB7DEB7D7
:101550002C970FB6F894DEBF0FBECDBFAB01BC0118
:1015600019821A821B821C821D821E821F8218868B
:1015700019861A861B861C869E012F5F3F4F86E2C6
:101580009AE00E94DBC22C960FB6F894DEBF0FBE25
:10159000CDBFDF91CF9108954F925F926F927F926E
:1015A000AF92BF92CF92DF92EF92FF920F931F9371
:1015B000CF93DF9300D000D000D01F92CDB7DEB71D
:1015C00069837A838B839C832D833E834F835887E3
:1015D0002701380120E030E0A901B501C6010E94D1
:1015E000E1EB811175C010914F02809150028A8702
:1015F00090915102998700915202A12CB12C80E860
:10160000C82E90E4D92EA301920160912E0A709108
:101610002F0A8091300A9091310A0E94E1EB87FFF6
:101620000BC040922E0A50922F0A6092300A70929C
:10163000310AB501C60188DF89819A81AB81BC81FD
:101640008093260A9093270AA093280AB093290A28
:101650008D819E81AF81B88580932A0A90932B0A51
:10166000A0932C0AB0932D0A612F7A858985902F3B
:101670006BDFA301920160912E0A70912F0A809175
:10168000300A9091310A0E94CBF418165CF4409213
:101690002E0A50922F0A6092300A7092310AB501D8
:1016A000C60152DF2A960FB6F894DEBF0FBECDBF3B
:1016B000DF91CF911F910F91FF90EF90DF90CF902E
:1016C000BF90AF907F906F905F904F900C94867E0C
:1016D0001A2DBA86C9860D2D96CFAF92BF92CF92A2
:1016E000DF92EF92FF920F931F937B018C015901C0
:1016F0006A01E6E2FAE02481358146815781608102
:1017000071818281938148DF1F910F91FF90EF904B
:10171000DF90CF90BF90AF9008958F929F92AF923D
:10172000BF92CF92DF92EF92FF92CF936B017C0139
:10173000C22F4423C9F08090C50B9090C60BA09097
:10174000C70BB090C80B20E030E0A901C501B4017F
:101750000E94E1EB87FF08C0A5019401C701B60113
:101760000E94A3F26B017C0120E030E04AEF53E4D9
:10177000C701B6010E94CBF4181634F4C12CD12C49
:101780008AEFE82E83E4F82E80902E0A90902F0A9C
:10179000A090300AB090310AC11108C0A70196018B
:1017A000C501B4010E94CBF41816C4F0A70196013C
:1017B000C501B4010E94E1EB882381F020E030E014
:1017C00040E850E4C701B601CF91FF90EF90DF9061
:1017D000CF90BF90AF909F908F907FCFCF91FF9091
:1017E000EF90DF90CF90BF90AF909F908F90089533
:1017F0008F929F92AF92BF92CF92DF92EF92FF9221
:10180000CF93DF934B015C0169017A010E94A833F9
:10181000C6E2DAE02091550230915602409157021B
:1018200050915802C501B4010E9480F32C853D857A
:101830004E855F850E94A4F26C877D878E879F8787
:10184000C701B60181DEDF91CF91FF90EF90DF906D
:10185000CF90BF90AF909F908F900C94867ECF9248
:10186000DF92EF92FF92C090320AD090330AE0905C
:10187000340AF090350A2091FB093091FC0940911F
:10188000FD095091FE09C701B6010E9446EC0E9475
:10189000D7F46093EB0B7093EC0B8093ED0B90936C
:1018A000EE0BC092DB0BD092DC0BE092DD0BF092E2
:1018B000DE0B9091CD0B8091CE0B981731F0FF90FD
:1018C000EF90DF90CF900C9418C30E94867E0E9408
:1018D000016D4091EB0B5091EC0B6091ED0B709111
:1018E000EE0B40939408509395086093960870937C
:1018F0009708882331F0FF90EF90DF90CF900C9401
:10190000F829FF90EF90DF90CF9008950C9455C385
:10191000AF92BF92CF92DF92EF92FF920F931F93FD
:10192000CF937B018C0159016A01E6E2FAE0248140
:1019300035814681578160817181828193812CDE5E
:10194000C0916E0910926E0982E00E947D7FDEDFF9
:10195000C2FBCC27C0F981E08C27CF911F910F915A
:10196000FF90EF90DF90CF90BF90AF9008950E94CE
:10197000016D9091CE0B9093CD0B9093CC0B94E690
:101980009093CB0B21ED33E03093D2092093D10912
:1019900081110E94F82981E080937B080E94867E55
:1019A0008EEF0E947D7FB2CFCF93DF93CDB7DEB7AE
:1019B0002C970FB6F894DEBF0FBECDBF0E94F2C1C8
:1019C0000E94016D9CE0E8E8F8E0DE0111960190CC
:1019D0000D929A95E1F781110E94F829CE010196A6
:1019E0000E94347C2C960FB6F894DEBF0FBECDBF9C
:1019F000DF91CF9108954F925F926F927F928F9275
:101A00009F92AF92BF92CF92DF92EF92FF92CF93CD
:101A1000DF9300D01F92CDB7DEB78091260A909158
:101A2000270AA091280AB091290A89839A83AB8357
:101A3000BC8340902A0A50902B0A60902C0A709028
:101A40002D0A80902E0A90902F0AA090300AB09014
:101A5000310AC090320AD090330AE090340AF090F4
:101A6000350A0E94157E81E080939E0B0E9423819F
:101A7000A7E3B2E090E080E0FC01E952F54E459129
:101A80005591659174914D935D936D937D93FC0198
:101A9000E553F54E459155916591749118964D9386
:101AA0005D936D937C931B9704968C30910521F781
:101AB00060912A0870912B0880912C0890912D0834
:101AC0000E94AFC30E9425290E94637E29813A812A
:101AD0004B815C816091260A7091270A8091280AC7
:101AE0009091290A0E94E1EB81112AC0A301920181
:101AF00060912A0A70912B0A80912C0A90912D0AEC
:101B00000E94E1EB81111CC0A501940160912E0A95
:101B100070912F0A8091300A9091310A0E94E1EB76
:101B200081110EC0A70196016091320A7091330AAB
:101B30008091340A9091350A0E94E1EB882399F054
:101B40000F900F900F900F90DF91CF91FF90EF903B
:101B5000DF90CF90BF90AF909F908F907F906F90CD
:101B60005F904F9021CF0F900F900F900F90DF91CB
:101B7000CF91FF90EF90DF90CF90BF90AF909F906C
:101B80008F907F906F905F904F9008950F931F9369
:101B9000CF93DF93EC0101E719E0F8012081318157
:101BA00042815381688179818A819B810E94A4F25C
:101BB000688379838A839B83F801248135814681F8
:101BC00057816C817D818E819F810E94A4F26C83FC
:101BD0007D838E839F83F8012085318542855385DF
:101BE000688579858A859B850E94A4F268877987B4
:101BF0008A879B87DF91CF911F910F9108951F9343
:101C0000CF93DF9380E29AE10E94152A8FB18095ED
:101C10006AE17AE181700E94867280B111E082FBF4
:101C2000882780F964E17AE181270E948672C0E00A
:101C3000D1E0888183FB882780F96EE07AE18127F3
:101C40000E948672888165E07AE185FB882780F9A9
:101C5000DF91CF911F910C94867280911B098111A5
:101C600004C080917009882331F062E070E080E068
:101C700090E00C9400350895AF92BF92CF92DF921E
:101C8000EF92FF920F931F93CF93C82F162F8823A5
:101C900039F020E041E060E070E080E291E43DDD79
:101CA00011111CC0E0902E0AF0902F0A0091300A0A
:101CB0001091310A20912A0A30912B0A40912C0A66
:101CC00050912D0A6091260A7091270A8091280A66
:101CD0009091290AA12CB12C65015EDCC09370099A
:101CE000CF911F910F91FF90EF90DF90CF90BF9019
:101CF000AF90B3CF4F925F926F927F928F929F92ED
:101D0000AF92BF92CF92DF92EF92FF920F931F9309
:101D1000CF93DF9300D01F921F92CDB7DEB78D8394
:101D2000C82ED12CF601E95AF34D8490082C000CF2
:101D30009908AA08BB087601EE0CFF1CEE0CFF1CEC
:101D4000823009F039C080917009811103C060E0D0
:101D500081E092DF07EC1AE1F80185919591A59158
:101D6000B49189839A83AB83BC83C501B4010E947B
:101D7000E7EB2B013C0120E030E0A90169817A8189
:101D80008B819C810E94E1EB8823B1F0F801859161
:101D90009591A591B4915C018D0120E030E040EA7D
:101DA00050E4BC01CD010E94E1EB87FF14C0A12CDF
:101DB000B12C00EA10E40FC0C501B4010E94E7EBAA
:101DC0002B013C01F701E154F54E85919591A591C8
:101DD000B4915C018D01A3019201B501C8010E947B
:101DE00046EC4B015C01F701ED54F54E65917591A0
:101DF0008591949120E030E040EC5FE30E9446EC56
:101E0000A30192010E9446ECAB01BC0100E010E08E
:101E100098018D810E94B0C720E030E0A901C50182
:101E2000B4010E94E1EB882309F440C08D8100E0F9
:101E300010E020E830E4823019F000E010E0980172
:101E4000B501A40170588D810E94B0C7A50194010D
:101E5000C501B4010E94A4F24B015C019D8100E028
:101E600010E020E030E49230E1F0F601E055F54E6C
:101E70006491611107C00E943E2A8EE89AE10E9497
:101E8000152A6AE070E090E080E00E94E5EB9B019B
:101E9000AC0160E070E088E492E40E9480F38B0182
:101EA0009C01B501A4018D810E94B0C781E090E042
:101EB0000D8002C0880F991F0A94E2F790916F0974
:101EC000982B90936F0990913D07892B80933D0744
:101ED000F701EE57F54E25913591459154918701C3
:101EE0000A5D154FF701E45EF64F608171818281D2
:101EF00093810E94A4F2D8016D937D938D939C935E
:101F00001397BD81B230D1F42091C50B3091C60B2F
:101F10004091C70B5091C80B60912E0A70912F0A07
:101F20008091300A9091310A0E94A3F260932E0AA8
:101F300070932F0A8093300A9093310AF701EF587B
:101F4000F64F1082118212821382E0DCF701E25C0C
:101F5000F84FD701AA5DB54F8D919D910D90BC9121
:101F6000A02D80839183A283B383ED81E230C1F4FD
:101F700080E00F900F900F900F900F90DF91CF9116
:101F80001F910F91FF90EF90DF90CF90BF90AF9097
:101F90009F908F907F906F905F904F900C944B2606
:101FA0000F900F900F900F900F90DF91CF911F9196
:101FB0000F91FF90EF90DF90CF90BF90AF909F90E8
:101FC0008F907F906F905F904F9008950F931F9325
:101FD00080919609813019F50E949ACA00910D08E6
:101FE00010910E0820910F0830911008601B710BA2
:101FF000820B930B28EE33E040E050E00E940BF29E
:102000006091390770913A0780913B0790913C07A6
:10201000620F731F841F951F1F910F910895609188
:102020001108709112088091130890911408D6CF6E
:10203000CF92DF92EF920F93CF93DF93CDB7DEB7BE
:1020400069970FB6F894DEBF0FBECDBF6C01BEDF3F
:102050006E8B7F8B888F998FBE016F5F7F4FCE0114
:1020600046960E94E323EE24E39400E021E0F6018B
:102070004281BE016F5F7F4F808191810E941D224E
:1020800069960FB6F894DEBF0FBECDBFDF91CF913A
:102090000F91EF90DF90CF900895109296091092D3
:1020A0000D0810920E0810920F081092100810924E
:1020B000110810921208109213081092140810922E
:1020C000390710923A0710923B0710923C07089587
:1020D00083E080936C09809196098130E1F0823031
:1020E000C1F474DF6093390770933A0780933B071C
:1020F00090933C0781E0809396090E949ACA60936E
:102100000D0870930E0880930F089093100881E0DB
:102110000895C3DFEFCF80E00895CF93C091960973
:1021200080E0C130A1F460E083E00E9421C0C09350
:10213000380782E0809396090E949ACA609311083A
:1021400070931208809313089093140881E0CF9144
:1021500008958091960981508230D0F4809137079C
:102160008350823038F460E083E00E9421C085E033
:1021700080936C09109296090E949ACA6093110884
:1021800070931208809313089093140881E00895C7
:1021900080E0089520919B0B30919C0B26353105F2
:1021A0003CF42091F0073091F1072630310524F0FE
:1021B000882339F00C946F35662319F0CADF0C942C
:1021C00022C40895AF92BF92CF92DF92EF92FF9216
:1021D0000F931F93CF93DF93EB01823009F45EC01E
:1021E000B0F5813009F450C0E884F9840A851B8574
:1021F00020E030E040E050E460912E0A70912F0A18
:102200008091300A9091310A0E94A4F25B016C0126
:1022100020E030E04AEF53E40E94CBF4181634F487
:10222000A12CB12CFAEFCF2EA3E4DA2E9501A60152
:10223000B701C8010E94CBF4181614F0750186018D
:1022400020E030E040EA50E4B701C80125C0833007
:1022500009F449C0843041F6E0902E0AF0902F0A2C
:102260000091300A1091310A2C813D814E815F81AD
:10227000688179818A819B81A12CB12CE8ECCE2EDA
:10228000E2E4DE2E89D957C0688579858A859B85E9
:1022900020E030E040EA50E420DADECF28853985BE
:1022A0004A855B8560912E0A70912F0A8091300AD1
:1022B0009091310A0E94A4F26B017C0120E030E091
:1022C0004AEF53E40E94E1EB87FD06C0C12CD12CFC
:1022D0001AEFE12E13E4F12E20E030E040EA50E462
:1022E000C701B601D9CF20E030E040E050E4609172
:1022F0002E0A70912F0A8091300A9091310A0E9423
:10230000A4F26B017C0120E030E04AEF53E40E942C
:10231000CBF41816DCF020E030E0A901C701B601CB
:102320000E94E1EB87FD19C020E030E040EA50E474
:10233000C701B601D2D9DF91CF911F910F91FF90C4
:10234000EF90DF90CF90BF90AF902ECBC12CD12CCF
:10235000BAEFEB2EB3E4FB2EE7CFC12CD12C7601E4
:10236000E3CF10922809109236070E948135882306
:10237000C9F00E94243590917A0B80FB97F99093D5
:102380007A0B61E08BEC99E10E94AC2BE2DE40EE2F
:1023900059E168EE79E185E00E94A8C482ED99E1F7
:1023A0000C9474C180917A0B84FFEBCF0E9423D4EC
:1023B000E8CF0F931F93CF93DF931F921F92CDB758
:1023C000DEB72091250A211118C08C014423E1F0C9
:1023D0000E94302C40E450E0B80182E292E10E9479
:1023E000DBEA8FE390E09A838983CE0101960E9415
:1023F00042C082E292E10E94A6CA0F900F90DF9144
:10240000CF911F910F9108950E94023140E450E056
:10241000B80182E292E10E942AEBE3CFFF920F9390
:102420001F93CF93DF93CDB7DEB7A1970FB6F89484
:10243000DEBF0FBECDBF8C01F42E67FF03C010922C
:10244000250A60E02091250A862F062E000C990BA4
:102450002817190609F03CF56093250AC801FF20EA
:1024600071F10E94302C19821F8E4FE150E0B801AB
:10247000CE010196FF2031F10E94DBEA40E450E0FA
:10248000BE016F5F7F4F82E292E10E942AEB8FE3F1
:1024900090E099A388A3CE0180960E9442C082E278
:1024A00092E10E94A6CAA1960FB6F894DEBF0FBEB5
:1024B000CDBFDF91CF911F910F91FF9008950E94A2
:1024C0000231D1CF0E942AEBD9CF853F910514F07C
:1024D00085EF90E090939C0B80939B0B1092FB07F1
:1024E0000C948B26CF92DF92EF92FF926B017C01CE
:1024F00020E030E0A9010E94E1EB87FD14C020E05C
:1025000030E045E753E4C701B6010E94CBF418164A
:1025100074F0C701B6010E94D7F4CB01FF90EF9091
:10252000DF90CF90D2CFC12CD12C7601F2CFC12C2D
:10253000D12C85E7E82E83E4F82EEBCFEDEDF7E024
:10254000108211821282138214820C948B26CF92F5
:10255000DF92EF92FF920F931F93CF93DF93CDB74C
:10256000DEB77C01CDB6DEB60E94EFEA01962DB74C
:102570003EB7281B390B0FB6F8943EBF0FBE2DBFD8
:102580000DB71EB70F5F1F4FB701C8010E94D4EAF5
:10259000C8010E9472220FB6F894DEBE0FBECDBEF7
:1025A000DF91CF911F910F91FF90EF90DF90CF902F
:1025B00008959091CD0B8091CE0B981312C00E947C
:1025C000406D81110FC00E94813581110BC00E94A6
:1025D0003235811107C080919609813011F00C9439
:1025E000643581E00895E5DF882351F00E9432359B
:1025F000811106C081E090919609923009F080E047
:1026000008950F931F93CF93DF938C01ECDF41E08C
:1026100061E08823D1F089EF0E94FF4DC1E0D0E056
:1026200080916D098823B9F0C26042E065E089EFCE
:102630000E94FF4D7C2F6D2FF80180819181DF91E9
:10264000CF911F910F910C942B7389EF0E94D14D64
:10265000D0E0C0E0E5CF42E065E089EF0E94D14DD7
:10266000E9CF0F931F93CF93DF938C01A2DF41E05B
:1026700061E08823C9F083E00E94FF4DC1E0D0E013
:10268000B2DF8823B9F0C26042E061E083E00E94DB
:10269000FF4D7C2F6D2FF80180819181DF91CF91CB
:1026A0001F910F910C942B7383E00E94D14DD0E0C9
:1026B000C0E0E6CF42E061E083E00E94D14DE9CF87
:1026C00078DF882311F081E008958DDF8111FBCF41
:1026D00095E090936C090895F3CFCF92DF92EF923B
:1026E000FF926B017C01463059F51092E20710927F
:1026F000E3071092E4071092E5071092E6070E94A4
:10270000AD2320E030E0A901C701B6010E94E1EB52
:1027100087FF1EC0C12CD12C7601C701B6010E94D3
:10272000D7F46436710514F064E670E07093F10735
:102730006093F007FF90EF90DF90CF900C94AD2363
:10274000FDDEC701B601FF90EF90DF90CF90CACEBB
:1027500020E030E048EC52E4C701B6010E94CBF41F
:102760001816DCF6C12CD12C88ECE82E82E4F82E69
:10277000D4CFEF920F93009751F0BC01EE24E39475
:1027800001E021E040E280E091E10E94CB210F9145
:10279000EF900895EF92FF921F93CF93DF9300D0B5
:1027A0001F92CDB7DEB7909137079A3F09F43EC02C
:1027B000993F79F4893F11F0809334026623B1F197
:1027C00090916D09992329F09091360791111092FB
:1027D0003607182F86EDE82E88E1F82E43E050E00A
:1027E000B701CE0101960E94B5EAEA81FB813097DC
:1027F00031F08981181324C019958823B9F061E05C
:10280000812F0E94A378882389F0109337071C82B8
:102810001B828AE5898381E08A831C8344E0BE01B0
:102820006F5F7F4F84E890E00E94AF220F900F907F
:102830000F900F90DF91CF911F91FF90EF9008952F
:1028400083E0E80EF11CE114F10441F6D8CF909139
:10285000CD0B8091CE0B98130AC00E94406D811160
:1028600006C02091CD0B9091CE0B81E0291380E022
:1028700008950E949ACA6C507E4F8F4F9F4F60936D
:10288000040870930508809306089093070808953C
:102890008F929F92AF92BF92EF920F934A015B018A
:1028A000009751F0EE24E39401E020E040E2BC0107
:1028B00080E090E30E94CB2181149104A104B10433
:1028C000A9F00E949ACA860E971EA81EB91E809271
:1028D000690B90926A0BA0926B0BB0926C0B0F91EC
:1028E000EF90BF90AF909F908F900895812C912C86
:1028F0005401EDCF1F93CF93DF93CDB7DEB72C9765
:102900000FB6F894DEBF0FBECDBFABEDB9E090E0DF
:1029100080E0FC01EE55F34E45915591659174911F
:102920004D935D936D937D93FC01EE56F34E45916F
:1029300055916591749150964D935D936D937C93F1
:102940005397FC01EE57F34E459155916591749163
:1029500090964D935D936D937C93939704968031FD
:102960009105B9F680E29EE4A0E0B0E08093EB0927
:102970009093EC09A093ED09B093EE0980E090E00C
:10298000A8E4B4E480930F0A9093100AA093110A6C
:10299000B093120A8093130A9093140AA093150A15
:1029A000B093160A8093170A9093180AA093190AF5
:1029B000B0931A0A10921B0A10921C0A10921D0A58
:1029C00010921E0A10921F0A1092200A1092210AD9
:1029D0001092220A84EF9DEFA4E5BCE38093A9093D
:1029E0009093AA09A093AB09B093AC0910921C096B
:1029F00010921D0910921E0910921F0910922009B1
:102A00001092210910922209109223091092240990
:102A1000109225091092260910922709109220027F
:102A20000E94A83380E090E0A0E2B1E480932A08FD
:102A300090932B08A0932C08B0932D0880E00E945F
:102A4000E2260E94A62982ED90E09093F4078093FD
:102A5000F3078AEF90E09093F6078093F5078DECEB
:102A60009CECACECBDE38093F7079093F807A09340
:102A7000F907B093FA071092FB078CE0E3E1F4E06A
:102A8000DE01119601900D928A95E1F789819A8174
:102A9000AB81BC818093BD0B9093BE0BA093BF0B09
:102AA000B093C00B8D819E81AF81B8858093C10B9F
:102AB0009093C20BA093C30BB093C40B89859A85E6
:102AC000AB85BC858093C50B9093C60BA093C70BB9
:102AD000B093C80B83E29BEDA7EAB1E48093AF0B00
:102AE0009093B00BA093B10BB093B20B84E299E238
:102AF000A3EFBDE38093B30B9093B40BA093B50BFE
:102B0000B093B60B86E493EDA7E6B4E48093B70BDD
:102B10009093B80BA093B90BB093BA0B11E010933C
:102B2000C7070E948E351092D40780E090E0A0EE97
:102B3000BFE38093D0079093D107A093D207B093BF
:102B4000D30710921B0910921A0987D880E090E0F1
:102B5000A8ECB2E48093CC079093CD07A093CE0766
:102B6000B093CF071092C8071092C9071092CA07F6
:102B70001092CB070E94FB8C80E69CE10E94302CD7
:102B80000E943E2A80E69CE10E94152A0E94412A6A
:102B900082E30E94E02284E60E94182380912908A3
:102BA000811106C01093290860E081E00E9421C0D5
:102BB00040E355E760E070E083E59CE12C960FB6BA
:102BC000F894DEBF0FBECDBFDF91CF911F9160CED5
:102BD000CF92DF92EF92FF920F931F93CF93DF93E9
:102BE000CDB7DEB7CC5AD1090FB6F894DEBF0FBE11
:102BF000CDBFCF55DF4F188219821A821B82C15A6E
:102C0000D04084E690E09093A5098093A4091092A7
:102C10006E0B10926D0B8091EF049091F004A091D7
:102C2000F104B091F204CB55DF4F88839983AA83D6
:102C3000BB83C55AD04064E070E0CE018B559F4FF6
:102C40000E9433CA8091A4099091A5090696909399
:102C5000A5098093A40910926E0B10926D0B81ED63
:102C600092E0C755DF4F99838883C95AD040CE017F
:102C700087559F4F0E946B7281E0C455DF4F888358
:102C8000CC5AD040CE0184559F4F0E946F7268E4A9
:102C900070E08BED99E00E9433CA80E1EFE1F4E04F
:102CA0008E010F5F1F4FD80101900D928A95E1F7B9
:102CB00060E170E0C8010E9433CA89EA99E00E948D
:102CC00067728CE199E00E94777280E292E00E9444
:102CD000737219821A821B821C82C8010E94677259
:102CE0007E018DE6E80EF11CF7011082118212823E
:102CF0001382C7010E9467728091A0099091A10977
:102D0000A091A209B091A30989839A83AB83BC8364
:102D1000C8010E94677268E070E083EF97E00E944C
:102D200033CACF55DF4F188219821A821B82C15ACB
:102D3000D04083E0C356DF4F8883CD59D040F701A0
:102D40008083CE018F559F4F0E946772CE018356BC
:102D50009F4F0E946F72C7010E946F7280E09CE0DB
:102D60009A838983C8010E946B723AE0D32EDA9469
:102D7000DD2031F0CE018F559F4F0E946772F7CF53
:102D80008DEB9BE00E947772CF55DF4F188219823E
:102D90001A821B82C15AD0402AE0D22EDA94DD205A
:102DA00031F0CE018F559F4F0E946772F7CF85E0BB
:102DB000D82EF701D082C356DF4FD882CD59D040EC
:102DC000C7010E946F72CE0183569F4F0E946F729F
:102DD00080E69CE69A838983C8010E946B7268E052
:102DE00070E08BE597E00E9433CA68E070E083E50D
:102DF00097E00E9433CA64E670E083E697E00E94A1
:102E000033CA1982CC24CA94F701C082C8010E9437
:102E10007372C7010E946F721982C8010E94737297
:102E20008091AF0B9091B00BA091B10BB091B20B10
:102E300089839A83AB83BC8321E732EB47E25EE36D
:102E40006091B30B7091B40B8091B50B9091B60B60
:102E50000E9480F36D837E838F83988721E732EB16
:102E600047E25EE36091B70B7091B80B8091B90BAC
:102E70009091BA0B0E9446EC69877A878B879C8772
:102E800080E090E0A0E8BFE38D879E87AF87B88B96
:102E9000198A1A8A1B8A1C8A64E170E0C8010E94A0
:102EA00033CA84E190E09A838983C8010E946B72DF
:102EB0008CE0EFE2F4E0D80101900D928A95E1F701
:102EC0006CE070E0C8010E9433CA8CE0EFE2F4E0ED
:102ED000D80101900D928A95E1F76CE070E0C8018D
:102EE0000E9433CA1982C8010E946F728FE78983DA
:102EF000C8010E946F72C982C8010E946F72EBE321
:102F0000F4E0D80101900D92DA94E1F765E070E009
:102F1000C8010E9433CA8091C707F70180831A82D3
:102F20001982C7010E947372C8010E946B7280E20D
:102F3000E0E4F4E0D80101900D928A95E1F760E2B7
:102F400070E0C8010E9433CAF7011082C7010E94D5
:102F5000737284ED97E00E94737280ED97E00E9497
:102F60006772CF55DF4F188219821A821B82C15AAD
:102F7000D040CE018F559F4F0E94677282E1F801C9
:102F800011928A95E9F762E170E0C8010E9433CAA4
:102F900084E2E0E6F4E0D80101900D928A95E1F731
:102FA00064E270E0C8010E9433CA90E1D92EF801B2
:102FB0008D2D11928A95E9F760E170E0C8010E94B9
:102FC00033CA1A82198262E070E0C8010E9433CAD3
:102FD000F8011192DA94E9F760E170E0C8010E940B
:102FE00033CA8CE6F80111928A95E9F76CE670E035
:102FF000C8010E9433CA68E070E088EC97E00E9444
:1030000033CA8CE0F70111928A95E9F7C555DF4F75
:103010001882CB5AD04080E090E0A0E4B0E4C356E0
:10302000DF4F88839983AA83BB83CD59D040C701E2
:103030000E947772CE0185559F4F0E946F72CE011C
:1030400083569F4F0E94677280E3F70111928A9521
:10305000E9F70E945023082F10911F0280919F09C9
:1030600081110E94CD2691E0F701908301831283A4
:10307000838360E370E0C7010E9433CA0091A40912
:103080001091A5090456110980916D0B90916E0B5A
:10309000F7019183808384E690E09093A509809363
:1030A000A40964E070E088E994E00E9433CA64E017
:1030B00070E084E994E00E9433CAC7010E946B72F9
:1030C0000E943E2A87E19BE10E94152AC8010E94C6
:1030D0007133F701C080D180F12CE12C8AE09BE1B3
:1030E0000E94152AC701B6010E94492687E09BE18C
:1030F0000E94152A013D124001F18BE997E20E94DE
:10310000152A88E59BE10E94152A40E355E760E017
:1031100070E083EE9AE1BCDB80E0C455DF4F0FB670
:10312000F894DEBF0FBECDBFDF91CF911F910F91FD
:10313000FF90EF90DF90CF90089587EF9AE10E9483
:1031400074C187EF9AE10E94302C81E0E6CF5F9254
:103150006F927F928F929F92AF92BF92CF92DF92A7
:10316000EF92FF920F931F93CF93DF9300D000D085
:1031700000D01F92CDB7DEB7EDB6FEB680910C0839
:1031800081111DC011E010930C088091290888233B
:10319000A1F0809137078A3F81F00E949ACA4B01C3
:1031A0005C0180916C09882341F110926C09909127
:1031B000370789131FC01093380710920C080FB6F9
:1031C000F894FEBE0FBEEDBE2A960FB6F894DEBF91
:1031D0000FBECDBFDF91CF911F910F91FF90EF9068
:1031E000DF90CF90BF90AF909F908F907F906F9027
:1031F0005F90089560E0CEDAE0CF809135078111CD
:1032000018C088EB9BE0A0E0B0E088199909AA09F2
:10321000BB09181619061A061B065CF01093350731
:103220000E946C23809137078111C7CF60E081E055
:10323000E2CF90913807809137074091080850916C
:10324000090860910A0870910B08481959096A0920
:103250007B09141615061606170694F024EF820E45
:1032600021E0921EA11CB11C8092080890920908CE
:10327000A0920A08B0920B08692F0E94A3789DCFF4
:103280009111ECCF893F09F072C080916D098823BC
:1032900009F465C080913607882309F464C08091E1
:1032A000690B90916A0BA0916B0BB0916C0B00971E
:1032B000A105B10509F077C0809104089091050837
:1032C000A0910608B09107080097A105B10509F083
:1032D0007BC0AA24A394909103088091B106209109
:1032E000B206821B8F7709F468CF913009F48FC042
:1032F00008F485C0923009F492C0933071F7809140
:10330000B1069091B206891B8F77909102088917B8
:1033100008F453CF0E942F4EC82E80910208DD245E
:10332000DA94D80E8DB69EB68150990BEDB7FEB7E4
:10333000E81BF90B0FB6F894FEBF0FBEEDBF0DB73B
:103340001EB70F5F1F4F3801DA94FFEFDF1609F445
:1033500071C00E942F4EF30181933F01F5CF77DAC0
:10336000882309F49CCF61E08091340244CF8E30F1
:1033700009F095CF6CDA882309F491CF60E083E0FF
:103380000E9421C00E94CD26882351F088EB99E14C
:1033900040E355E760E070E07BDA60E08DE02BCF42
:1033A00089EA99E1F5CF88199909AA09BB09181684
:1033B00019061A061B060CF47FCF40E050E0BA0154
:1033C00088E49CE265DAF9CE88199909AA09BB0953
:1033D000181619061A061B060CF47BCF38DA882358
:1033E00009F477CF1092040810920508109206088D
:1033F0001092070884EA99E10E945A3FDECE0E94AB
:103400002F4E8A3509F067CFA092030864CF0E943F
:103410002F4E853A69F482E0809303085CCF0E94C6
:103420002F4E8093020883508E3710F483E0F4CF40
:1034300080E0F2CFF3E8CF1619F01092030872C0C3
:10344000F80180819181982789279827B280BB0C49
:103450008F30910559F4F2E0BF1208C0F801838162
:1034600080933407848180933307E7CFBE016F5F79
:103470007F4F0E94C822882301F38F819885892B72
:10348000E1F20E949ACA60937D0970937E0980934D
:103490007F09909380095B80511008C0EF81F88507
:1034A00070E060E0CE0101961995C7CF8C8181FF55
:1034B0003FC0CDB6DEB6452D50E02DB73EB7241B3C
:1034C000350B0FB6F8943EBF0FBE2DBF8DB79EB71C
:1034D00001963C0170E060E00E9490F5D301F80194
:1034E000339690E080E02B2D30E08B1570F485153D
:1034F00060F441910196821793072CF44F3F19F421
:1035000050815F3F11F04D93F0CFEF81F885B3010B
:10351000CE0101961995109203080FB6F894DEBEFD
:103520000FBECDBE0FB6F8949EBE0FBE8DBED3CEDD
:10353000B51083CFB8016D5F7F4FEF81F885B2CFB3
:10354000ECE8F6E081E2DF011D928A95E9F78091CF
:103550003407803320F080913307813248F440E310
:1035600055E760E070E089E799E192D980E008953D
:1035700081E00895CF9380E00E94E22680916F0958
:103580008770C1E0873059F062D9C82F81110AC015
:1035900040E355E760E070E084E799E179D98C2F4A
:1035A000CF9108956CE08AE699E10E9440C98FE4CA
:1035B00099E10E945A3FC0E0F2CFCF9310928B0660
:1035C00046D9C82F811107C040E355E760E070E09D
:1035D00084E799E15DD98C2FCF910895EF92FF9206
:1035E0001F93CF93DF93CDB7DEB764970FB6F894F0
:1035F000DEBF0FBECDBF82E08093090228D9182F0D
:10360000811114C040E355E760E070E084E799E180
:103610003FD9812F64960FB6F894DEBF0FBECDBFA1
:10362000DF91CF911F91FF90EF90089580916F09E6
:1036300087708730A1F520E030E040E850E46091E9
:103640002E0A70912F0A8091300A9091310A0E94BF
:10365000E1EB87FF04C081E699E10E945A3F1F9287
:103660008AEF8F931F928F9388E599E19F938F93B1
:103670001F9284E18F93CE0101967C019F938F93DB
:103680000E943EEBC7010E94223F83E599E10E9420
:103690005A3F0FB6F894DEBF0FBECDBFBACF6BE076
:1036A0008AE699E10E9440C986E699E10E945A3F64
:1036B00010E0AFCFCF93809128080E94E226C7D8B0
:1036C000C82F81110AC040E355E760E070E084E74D
:1036D00099E1DED88C2FCF91089580916F09877082
:1036E0008730A9F420E030E040E251E460912E0AF6
:1036F00070912F0A8091300A9091310A0E94E1EB7B
:1037000087FFE8CF85E499E10E945A3FE3CF6AE062
:103710008AE699E10E9440C98BE499E10E945A3FF0
:10372000C0E0D8CF909137079E3031F09D3091F5B1
:1037300081E0809338070895962F990F990F960F7F
:10374000980FE1E0F0E0903110F4F0E0E0E0EE0FEF
:10375000FF1FE957F94F9F7021E030E002C0220FB0
:10376000331F9A95E2F740815181242B352B318309
:1037700020838430ECF26430DCF20E94CD2681118B
:10378000D7CF10928A06109289061092880610925E
:103790008706CECF08952F923F924F925F926F92FD
:1037A0007F928F929F92AF92BF92CF92DF92EF92D1
:1037B000FF920F931F93CF93DF93CDB7DEB7C95816
:1037C000D1090FB6F894DEBF0FBECDBFCDB6DEB6C1
:1037D00084E690E09093A5098093A40910926E0B63
:1037E00010926D0B41E064E070E08E010F5F1F4F9F
:1037F000C8010E9479C343E050E068E974E0C80161
:103800000E94BCF5892B09F052C041E064E070E0F1
:10381000CE018B589F4F0E9479C3E9968CAD9DAD28
:10382000AEADBFADE9978A3B9342A04AB64009F0DE
:10383000F4C3CE018F579F4F0E945C72ED961CAE71
:103840001DAE1EAE1FAEED9710926E0B10926D0B5B
:10385000CE0181589F4F0E945C72C158DF4F888112
:103860009981CF57D040813D924009F451C08BE9F6
:1038700097E20E94152A88E59BE10E94152A0E9482
:103880003E2A6091A4097091A509645671098DECD6
:103890009BE10E94AE3385EC9BE10E94152A81EDED
:1038A00092E00E9471330E94412A82E012C08C8112
:1038B000882319F08FE389831A820E943E2AB80177
:1038C00087E39BE10E94232A89E29BE10E94152A5B
:1038D00081E00FB6F894DEBE0FBECDBEC757DF4FF6
:1038E0000FB6F894DEBF0FBECDBFDF91CF911F9111
:1038F0000F91FF90EF90DF90CF90BF90AF909F908F
:103900008F907F906F905F904F903F902F90089591
:10391000CE018B579F4F0E945772ADB6BEB6CB57A4
:10392000DF4F6881C558D04070E06D5F7F4F660FF4
:10393000771F660F771F8DB79EB7861B970B0FB645
:10394000F8949EBF0FBE8DBFEDB7FEB73196CA5734
:10395000DF4FF983E883C658D040CF010E946172DF
:103960004091D50781E0482764E070E08BEE99E054
:103970000E9479C3CB57DF4F6881C558D04070E0B3
:103980006D5F7F4F660F771F660F771F8DB79EB7EE
:10399000861B970B0FB6F8949EBF0FBE8DBFEDB779
:1039A000FEB73196C857DF4FF983E883C858D04037
:1039B000CF010E946172CB57DF4F6881C558D0405C
:1039C00070E06D5F7F4F660F771F660F771F8DB7B3
:1039D0009EB7861B970B0FB6F8949EBF0FBE8DBF88
:1039E000EDB7FEB731964F01CF010E946172F090A2
:1039F000D507F11058C0CB57DF4F8881C558D0404C
:103A000090E00296ABEDB9E050E040E030E020E01D
:103A10006EEA7CE1821793070CF4DFC0CA57DF4FD0
:103A2000E881F981C658D040E40FF51F40805180ED
:103A3000628073804D925D926D927D9282179307A2
:103A40000CF4D1C0C857DF4FE881F981C858D04085
:103A5000E40FF51F20803180E280E38121016E2C8C
:103A60007E2E50964D925D926D927C925397821766
:103A700093070CF4C2C0F401E40FF51F20803180DD
:103A8000E280E38121016E2C7E2E90964D925D9214
:103A90006D927C9293972F5F3F4F4C5F5F4F243026
:103AA000310509F0B7CF8FE09AE00E944F7283E1B1
:103AB0009AE00E944F7287E19AE00E944F728BE178
:103AC0009AE00E944F728FE19AE00E944F72CE01FD
:103AD00087589F4F0E944F72CE0187589F4F0E9478
:103AE0004F72CE0187589F4F0E944F72CE01875868
:103AF0009F4F0E944F7289EA99E00E944F720FB661
:103B0000F894BEBE0FBEADBE8CE199E00E94477234
:103B1000CE0183589F4F0E941F72F11009C081E0AF
:103B2000EE969FADEE9719160CF080E08093200280
:103B30008091200281110E94A833CE0183599F4FAA
:103B40000E944F72C8010E944F728AE298E00E9460
:103B50004F724091D50781E0482768E070E083EF1D
:103B600097E00E9479C3CE0187589F4F0E944F7201
:103B7000CE0183589F4F0E945772CE0183599F4FA9
:103B80000E945772C8010E945C72EE96EFACEE97ED
:103B9000AE964FADAE9783EC2E2D2827F0E12F9FE8
:103BA00090011124842790E0982F88279295907F88
:103BB0008227932729813A818217930709F02DC222
:103BC000E49E7001112421E0E21AF10800F1CE0117
:103BD00087589F4F0E944F72F6CFFB01459055903A
:103BE0006590749027CFEEE9FCE145905590659083
:103BF00074901201E62CE72D31CFEEE8FCE1459000
:103C00005590659074901201E62CE72D3BCF8DEB1B
:103C10009BE00E9447725AE0F52EFA94CE01FF20F5
:103C200029F087589F4F0E944F72F7CF8C579F4FB4
:103C30000E945772CE018D579F4F0E945772CE013E
:103C400083589F4F0E945C72CC57DF4F8881C458C5
:103C5000D04033EC8327E0E18E9FC0011124CD5783
:103C6000DF4F2881C358D040232730E0322F22274E
:103C70003295307F82279327EF962EAD3FADEF9799
:103C80008217930709F0C9C1CE0183599F4F0E9443
:103C90003F72C8010E943F72CC57DF4F8881C458E1
:103CA000D040853009F07CC1CD57DF4F9881C35893
:103CB000D040953009F076C18091D507811102C0BE
:103CC0000E94E226B801CE0183599F4F0E943929F4
:103CD0004091D50781E0482764E670E083E697E0ED
:103CE0000E9479C3CE0183599F4F0E943772C80149
:103CF0000E941F72C8010E9437724091D50781E06F
:103D0000482764E170E0C8010E9479C3F090D507AC
:103D1000F1103AC089809A80AB80BC80A5019401E3
:103D2000C501B4010E9453F581112EC049845A8403
:103D30006B847C846D817E818F8198858092AF0BAE
:103D40009092B00BA092B10BB092B20B21E732EB84
:103D500047E25EE30E9446EC6093B30B7093B40BB2
:103D60008093B50B9093B60B21E732EB47E25EE30D
:103D7000C301B2010E9480F36093B70B7093B80B3C
:103D80008093B90B9093BA0BC8010E942F72C8019F
:103D90000E942772C8010E942772C8010E941F72E8
:103DA000C8010E941F72C8010E941F7285E0F801BD
:103DB00011928A95E9F741E04F2565E070E0C8016E
:103DC0000E9479C3CE0183599F4F0E943772C80168
:103DD0000E942F724091D507411105C0AE968FAD5C
:103DE000AE978093C707FF24F3944F2560E270E0FD
:103DF000C8010E9479C3CE0183599F4F0E94377238
:103E00004091D5074F2569E070E0C8010E9479C351
:103E10004091D50741110FC089818093D4078A81D1
:103E20009B81AC81BD818093D0079093D107A093F3
:103E3000D207B093D307FF24F3944F2562E170E0DB
:103E4000C8010E9479C34091D5074F2564E270E014
:103E5000C8010E9479C34091D5074F2560E170E009
:103E6000C8010E9479C34091D5074F2562E070E0F8
:103E7000C8010E9479C34091D5074F2560E170E0E9
:103E8000C8010E9479C34091D5074F256CE670E0C8
:103E9000C8010E9479C34091D5074F2568E070E0C2
:103EA00088EC97E00E9479C3C8010E944772CE0156
:103EB00083589F4F0E941F72CE0183599F4F0E94CB
:103EC0004F7280E3F80111928A95E9F74091D50786
:103ED0004F2560E370E0C8010E9479C38091D50747
:103EE00081111AC08A81FB801C810981011101C0E6
:103EF00082E30E94E022011102C084E6F82E8F2D99
:103F00000E941823002341F0812F11110E94CD2619
:103F1000809328080E94E2268091A4099091A50927
:103F20008533934009F0A3CC20916D0B30916E0B3B
:103F3000CF57DF4F88819981C158D0402817390762
:103F400009F045C08091D507811122C00E943E2A08
:103F500000916D0B10916E0B88E994E00E94C126D0
:103F60008CEF9BE10E94152A81ED92E00E94713353
:103F70008FEE9BE10E94152AC8010E94713389E2ED
:103F80000E940CC00E94412A85ED9BE10E94302CCA
:103F90008091D507811102C00E94FB8C80E099CCF2
:103FA0008630D8F5CD57DF4F9881C358D040963032
:103FB000A0F5899F70011124F1E0EF1AF10808F4CF
:103FC00091CECE0187589F4F0E944F72F5CF8BE95B
:103FD00097E20E94152ACF57DF4F08811981C158F7
:103FE000D04085E99BE10E94152AC8010E947133E7
:103FF00000916D0B10916E0B80E99BE10E94152AD8
:10400000C8010E94713380E89BE10E94152A80E775
:104010009BE10E94302C83E05CCC8BE997E20E940C
:10402000152A85EB9BE10E94152A84E052CCCF93A0
:10403000C1E0C093D507AFDB1092D50781111AC03C
:10404000AADB882359F040E355E760E070E089E19E
:104050009CE10E94489480E0CF91089580912908C6
:10406000811106C0C093290860E081E00E9421C050
:1040700081E0F2CF0E947A940E947A940E94E8959F
:1040800080E49CE10E9474C10E943E2A8CE29CE183
:104090000E94152AE0CFCF92DF92EF92FF920F930A
:1040A0001F93CF93DF93CDB7DEB7E8970FB6F894A1
:1040B000DEBF0FBECDBF6801790122E48F3F09F05A
:1040C00024E580E289831A828E010F5F1F4FF80179
:1040D00001900020E9F7CF010197801B910B8233FB
:1040E000910510F5F801E80FF91F20838133910540
:1040F00021F08C0F9D1FFC011282F801019000201D
:10410000E9F7CF010197801B910B8233910560F491
:104110002AE3F801E80FF91F20838133910521F08C
:104120008C0F9D1FFC0112824CAB5DAB6EAB7FAB65
:1041300082E088AFBE016C5C7F4FC8010E94B4C0B2
:10414000F80101900020E9F7CF010197801B910B46
:104150008233910550F443E350E0481B590B61E66C
:1041600074E2800F911F0E94DBEACCAADDAAEEAABE
:10417000FFAA82E088AFBE016C5C7F4FC8010E943D
:10418000B4C0C8010E94C12662E070E080E090E007
:104190000E9400CAE8960FB6F894DEBF0FBECDBFEE
:1041A000DF91CF911F910F91FF90EF90DF90CF9013
:1041B0000895DF92EF92FF920F931F93CF93DF93B7
:1041C000CDB7DEB7C157D1090FB6F894DEBF0FBE29
:1041D000CDBFF82E60919B0B70919C0B072E000CAD
:1041E000880B990B0E94E7EB8B019C014091970B88
:1041F0005091980B6091990B70919A0B80E84BDF6E
:104200006091F0077091F107072E000C880B990B55
:104210000E94E7EB8B019C014091EC075091ED0768
:104220006091EE077091EF078FEF35DF8FEFF81693
:1042300031F0FF2009F485C0F12CE12C03C0E0909F
:10424000F207F12C45E650E069E674E28E010F5F5B
:104250001F4FC8010E94DBEAFF92EF9281EE94E0CB
:104260009F938F937E01E6E6EE0EF11CFF92EF9294
:104270000E94D5F5F80101900020E9F7CF010197E0
:10428000801B910B0F900F900F900F900F900F903D
:104290008436910548F445E650E0481B590BB701B8
:1042A000800F911F0E942AEBD090F207F801019035
:1042B0000020E9F7CF010197801B910B843691050F
:1042C00050F445E650E0481B590B64E674E2800F59
:1042D000911F0E94DBEA1F92DF9281EE94E09F9390
:1042E0008F93FF92EF920E94D5F5F8010190002084
:1042F000E9F7CF010197801B910B0F900F900F9062
:104300000F900F900F908436910548F445E650E0E9
:10431000481B590BB701800F911F0E942AEBC8015F
:104320000E94C126CF58DF4F0FB6F894DEBF0FBEF4
:10433000CDBFDF91CF911F910F91FF90EF90DF9054
:104340000895E0909D0B7DCF2F923F924F925F9208
:104350006F927F928F929F92AF92BF92CF92DF9295
:10436000EF92FF920F931F93CF93DF93CDB7DEB7FA
:10437000AC970FB6F894DEBF0FBECDBF8BA76CA76E
:104380002091FB072AA71092FB0781E08093280960
:104390001B8E1C8E1D8E1E8E1AA21BA21CA21DA27D
:1043A0001EA23CE33FA38CE188A796E499A71E8A4E
:1043B0001F8AA0E8A88FBFEBB98F1A8EE1E0E9A3AE
:1043C000812C912C54019E012F5F3F4F1901809148
:1043D0002809882309F43CC181149104A104B10483
:1043E00061F0C818D908EA08FB0830E1C31637E2C3
:1043F000D306E104F10408F02BC160919B0B70918E
:104400009C0B072E000C880B990B0E94E7EB7B019D
:104410008C012E893F89488D598D0E94E1EB8823BC
:10442000B9F02091970B3091980B4091990B5091D6
:104430009A0B8CA5B7018111D4C0C8010E94E1EB91
:10444000881F8827881F8A8FEE8AFF8A088F198F16
:104450000E949ACA6B017C018AA19BA1ACA1BDA15B
:104460008C199D09AE09BF09181619061A061B06F4
:10447000A4F1D701C60188519C4FAF4FBF4F8AA30B
:104480009BA3ACA3BDA38BA594DE45E150E06DE6F4
:1044900074E2C1010E94DBEA1D8A81149104A10427
:1044A000B10409F4A9C0C501B401605F784D8F4F14
:1044B0009F4F6C197D098E099F0928EE33E040E07B
:1044C00050E00E940BF2BA01A901C1010E943E7A9C
:1044D000C1010E94C1260E94412A80E00E946436E8
:1044E0000E949ACA60937D0970937E0980937F0928
:1044F00090938009B091970BBF8FE091980BE8A340
:104500000091990B10919A0B2B2F3E2FA8016E89C9
:104510007F89888D998D0E94A3F22B013C0120E0B8
:1045200030E0A9010E94CBF487FF04C077FA7094B1
:1045300077F8709481149104A104B10409F07AC051
:1045400020E030E040E85FE3C301B2010E94E1EB0C
:1045500087FF10C0F9A1812C912C5401FF2331F069
:1045600085E0882E8DE0982EA12CB12C8C0C9D1C02
:10457000AE1CBF1C2A8D222391F18B8D9C8DAD8D9D
:10458000BE8D0097A105B10549F08C199D09AE09B2
:10459000BF09181619061A061B060CF12F8D38A133
:1045A000A8016EA17FA188A599A50E94A3F220E091
:1045B00030E040EC5FE30E94E1EB87FD49C0D701AA
:1045C000C601805A9541AF4FBF4F8B8F9C8FAD8FE7
:1045D000BE8F9F8D9EA3A8A1AFA308A719A719A25C
:1045E000F6CEC8010E94E1EB87FD32C0EE8AFF8A59
:1045F000088F198F1A8E2CCFD1010D900020E9F76A
:10460000CD010197821993098431910508F060CF9B
:10461000F101E80FF91FBFE3B0838331910509F47D
:1046200057CFE2E0F0E0EC0FFD1F8E0F9F1FDC0183
:104630001C924ECF20E030E040E450E4C301B201D0
:104640000E94CBF418160CF095CF4601570192CF7B
:1046500010912809112321F0109228090E9422C4E8
:10466000BAA5B093FB07812FAC960FB6F894DEBFC6
:104670000FBECDBFDF91CF911F910F91FF90EF90B3
:10468000DF90CF90BF90AF909F908F907F906F9072
:104690005F904F903F902F900895CF92DF92EF92CE
:1046A000FF920F931F93CF93DF93CDB7DEB7A797FA
:1046B0000FB6F894DEBF0FBECDBF182F0E9433890E
:1046C000812309F46BC04091F3045091F40460918C
:1046D000F5047091F60448A359A36AA37BA330E0C4
:1046E00020E0E0E090E0AC01022E02C05595479535
:1046F0000A94E2F740FF11C064E270E06C0F7D1F86
:104700006E0F711D40E250E04C0F5D1F420F531FB2
:10471000DA014C91DB014C93EF5F2F5F3F4F233069
:10472000310509F78E010C5D1F4FE00FF12FF11DD0
:10473000108219821F8E1F930F9384E7E82E8AE15F
:10474000F82EFF92EF921F928EE18F93CE01019689
:104750006C019F938F930E943EEB0E943E2AC601FC
:104760000E9438261F930F93FF92EF921F920E9490
:10477000C2CA0FB6F894DEBF0FBECDBF81E0A796C8
:104780000FB6F894DEBF0FBECDBFDF91CF911F9162
:104790000F91FF90EF90DF90CF90089580E0EFCFE2
:1047A000CF92DF92EF92FF921F93CF93DF93CDB71B
:1047B000DEB72C970FB6F894DEBF0FBECDBF182F13
:1047C0006B017A0180916B098330A8F08091980881
:1047D000811111C00E943B2AC6010E94152A87EC54
:1047E00093E20E94152A1F3FA1F583EC93E20E94F9
:1047F000152A0E94412A0E947D7BA89580919808E5
:10480000811135C081E08093980882E080936B0924
:104810000E947D7B87E041DF811111C08CE0E4E8DC
:10482000F4E0DE01119601900D928A95E1F7BE0148
:104830006F5F7F4F80E00E94E2900E94867E6CEB6B
:1048400073E21F3F11F060EC73E240E0C7010E9489
:10485000813417FDCECF85E40E940CC0612F012E5C
:10486000000C770B880B990B0E945BC1C2CF2C9672
:104870000FB6F894DEBF0FBECDBFDF91CF911F9171
:10488000FF90EF90DF90CF9008952F923F924F923C
:104890005F926F927F928F929F92AF92BF92CF92D0
:1048A000DF92EF92FF920F931F93CF93DF9300D08D
:1048B0001F921F92CDB7DEB71C0149835A836B83C9
:1048C0007C8328013901ED82860181E090E02E2D64
:1048D0002F3F11F090E080E025E0289FF001299F14
:1048E000F00D1124E352F84F8481882309F45EC04F
:1048F000F10114821582168217821086F1018481DB
:104900008230A1F0833009F482C08130B9F5298169
:104910003A814B815C8165817681878190850E9497
:10492000CBF418165CF182E0F101848329813A818D
:104930004B815C81F10165817681878190850E9440
:10494000A3F26B017C010E949ACA2B013C01A501D4
:104950009401C701B6010E94E1EB18160CF446C0A1
:104960009801A8EEB3E00E9453F2460E571E681E4F
:10497000791EF10140825182628273820F900F9002
:104980000F900F900F90DF91CF911F910F91FF909B
:10499000EF90DF90CF90BF90AF909F908F907F90DF
:1049A0006F905F904F903F902F900895A3019201D8
:1049B000F10165817681878190850E94E1EB8823F2
:1049C00009F49CCFF1014582568267827086FF24EC
:1049D000F39420E030E0A901C301B2010E94CBF4BE
:1049E00018160CF0F12CF101F48288CFF1018081CE
:1049F0009181A281B38184199509A609B709181676
:104A000019061A061B060CF4B9CF83E0848341E42F
:104A100054E261E574E28D810F900F900F900F903A
:104A20000F90DF91CF911F910F91FF90EF90DF904A
:104A3000CF90BF90AF909F908F907F906F905F903E
:104A40004F903F902F90ACCE45EE53E262EF73E271
:104A5000A7CECF93DF93A8958091950B9091960B5D
:104A60002091950B3091960B82179307A9F70E941E
:104A70004BC26093970B7093980B8093990B909314
:104A80009A0B8091EA079091EB072091EA07309109
:104A9000EB0782179307A9F70E94947B6093EC07BA
:104AA0007093ED078093EE079093EF07C091950BFD
:104AB000D091960B8091950B9091960BC817D907C2
:104AC000A9F780912E0290912F02C817D90710F4F0
:104AD00080E0BADF80919B0B90919C0B1816190611
:104AE0006CF480912C0290912D028C179D0730F46C
:104AF00042E254E26FE274E280E052DE8091EA0723
:104B00009091EB072091EA073091EB07821793070A
:104B1000A9F720912A0230912B028217930710F4F3
:104B20008FEF92DF8091F0079091F1071816190628
:104B3000D4F420912802309129028091EA079091C3
:104B4000EB074091EA075091EB0784179507A9F707
:104B50002817390740F442E254E26FE274E28FEF23
:104B6000DF91CF911DCEDF91CF9108954F925F924B
:104B70006F927F928F929F92AF92BF92CF92DF926D
:104B8000EF92FF920F931F93CF93DF93CDB7DEB7D2
:104B90002E970FB6F894DEBF0FBECDBF80916B0984
:104BA000811118C0A8952E960FB6F894DEBF0FBEDF
:104BB000CDBFDF91CF911F910F91FF90EF90DF90CC
:104BC000CF90BF90AF909F908F907F906F905F90AD
:104BD0004F9008958091A7088111E5CF81E08093DF
:104BE000A7088091E707811103C01092A708DBCFC7
:104BF00030DF1092E7070E949ACA2B013C016091B6
:104C0000320270913302072E000C880B990B0E9420
:104C1000E7EB9B01AC016091970B7091980B809131
:104C2000990B90919A0B0E94CBF4181614F480E023
:104C30000BDF8091E107811118C08091DD07909111
:104C4000DE07A091DF07B091E0070097A105B1054D
:104C500061F084199509A609B709181619061A06EC
:104C60001B061CF081E08093E10760919B0B709123
:104C70009C0B072E000C880B990B0E94E7EB8B0115
:104C80009C014091970B5091980B6091990B7091FA
:104C90009A0B812C912CE0E8AE2EE0E4BE2EF8E2D7
:104CA000CF2ED12CE12C81E89BE0EFDD8090970B9B
:104CB0009090980BA090990BB0909A0B6091300255
:104CC00070913102072E000C880B990B0E94E7EBC4
:104CD0009B01AC01C501B4010E94CBF418160CF085
:104CE00032C26091320270913302072E000C880BA1
:104CF000990B0E94E7EB9B01AC01C501B4010E9436
:104D0000E1EB87FF20C28091E10790919F0891110C
:104D100009C023E93BE030939E0820939D0891E071
:104D200090939F08882309F4CFC0C12CD12C760121
:104D3000C701B6010E94E8F37595679560939D0BD6
:104D40008091FE079091FF07A0910008B0910108A3
:104D50000097A105B105B9F084199509A609B7090D
:104D6000181619061A061B0674F0C501B4010E9434
:104D7000E8F32091FC073091FD07621773070CF4EC
:104D8000E4C10E94A66D20E030E04CED52E4609159
:104D9000EC077091ED078091EE079091EF070E946C
:104DA000CBF4181614F48FEF4FDE8091D907909151
:104DB000DA07A091DB07B091DC070097A105B105E8
:104DC000E9F084199509A609B709181619061A06F3
:104DD0001B06A4F06091EC077091ED078091EE073F
:104DE0009091EF070E94E8F32091D7073091D80700
:104DF000621773070CF4B0C10E94AD23809199082B
:104E000090919A08A0919B08B0919C0884199509EB
:104E1000A609B709181619061A061B060CF4E5CEE2
:104E2000D301C20188579C4EAF4FBF4F8093990862
:104E300090939A08A0939B08B0939C088091E607F2
:104E4000811118C08091E2079091E307A091E407D7
:104E5000B091E5070097A105B10561F084199509A6
:104E6000A609B709181619061A061B061CF081E0D8
:104E70008093E6076091F0077091F107072E000C10
:104E8000880B990B0E94E7EB8B019C014091EC078A
:104E90005091ED076091EE077091EF07812C912CF6
:104EA000A12C80E4B82E94E1C92ED12CEE24EA94F2
:104EB0008AE89BE0EADC8091E607882309F455C183
:104EC0001092F207759891CE80919D0890919E085E
:104ED0009E878D87DC0114968D919D910D90BC91DC
:104EE000A02D8D839E83AF83B887ED85FE85608579
:104EF0007185072E000C880B990B0E94E7EB6B0164
:104F00007C0120E030E0A9010E94E1EB882391F0D0
:104F10002D813E814F815885C701B6010E94A3F2C1
:104F20006B017C0120E030E040EA51EC0E94E1EBB3
:104F300087FF09C081E0AD85BE851B968C93C12C8F
:104F4000D12C7601D0C020E030E040EA51E4C70126
:104F5000B6010E94CBF418165CF481E0ED85FE8565
:104F60008387C12CD12C4FE7E42E43E4F42EBBC041
:104F7000AD85BE851B968C911B97882369F0FD013A
:104F8000148A158A168A178A58961D921D921D92A8
:104F90001C925B971B961C92ED85FE85248D358DAA
:104FA000468D578DC701B6010E9446EC69877A8706
:104FB0008B879C87AD85BE8550966D937D938D9331
:104FC0009C93539790962D913D914D915C91939721
:104FD000C701B6010E9446ECED85FE85248935891E
:104FE000468957890E94A4F26B017C0120E030E0E1
:104FF000A9010E94E1EB87FD9BC020E030E04FE774
:1050000053E4C701B6010E94CBF418160CF494C007
:10501000AD85BE855496CD92DD92ED92FC92579768
:1050200058968D919D910D90BC91A02D89839A8366
:10503000AB83BC832D813E814F815885ED85FE85F4
:1050400064857585868597850E94A3F2AD85BE85AA
:1050500094962D913D914D915C9197970E9446ECCD
:1050600029813A814B815C810E94A3F220ED3CECC6
:105070004CE45DE30E9446EC29813A814B815C81DE
:105080000E94A4F269837A838B839C83ED85FE85DD
:10509000608F718F828F938FA701960169857A85C2
:1050A0008B859C850E94A4F229813A814B815C8189
:1050B0000E94A4F220E030E0A9010E94A4F26B015A
:1050C0007C0120E030E0A9010E94E1EB87FD37CFB1
:1050D00020E030E04FE753E4C701B6010E94CBF473
:1050E00018160CF43ECF8D819E81AF81B885ED8579
:1050F000FE8584879587A687B78720E030E0A901E1
:10510000C701B6010E94E1EB87FD0FCE20E030E041
:105110004FE753E4C701B6010E94CBF418160CF018
:1051200007CEC12CD12C3FE7E32E33E4F32E00CE83
:10513000C12CD12C76016CCFC12CD12C5FE7E52E90
:1051400053E4F52E65CF60E0F9CD44E054E263E12D
:1051500074E280E025DB17CE44E054E263E174E2C0
:105160008FEF1EDB4BCE8FE733C0C090EC07D090A3
:10517000ED07E090EE07F090EF0720E030E040EA26
:1051800050E4C701B6010E94CBF487FD99CE20E020
:1051900030E04CED52E4C701B6010E94E1EB181675
:1051A0000CF48ECE6091F0077091F107072E000C81
:1051B000880B990B0E94E7EBA70196010E94A3F2CE
:1051C00020E030E0A9010E94CBF4181664F280E0E0
:1051D0008093F2070ACD2F923F924F925F926F9287
:1051E0007F928F929F92AF92BF92CF92DF92EF9277
:1051F000FF920F931F93CF93DF93CDB7DEB7C054C9
:10520000D1090FB6F894DEBF0FBECDBF8EE397E095
:105210000E94C4898091DA0983FD6EC02091320A10
:105220003091330A4091340A5091350A60914A070F
:1052300070914B0780914C0790914D070E94E1EBD4
:10524000882309F459C00E94F17D182F882331F07A
:105250000E943E2A89E59AE10E94152A2091320A8D
:105260003091330A4091340A5091350A60914A07CF
:1052700070914B0780914C0790914D070E94A3F2CB
:105280006B017C0120E030E0A9010E94CBF487FF94
:1052900004C0F7FAF094F7F8F09420915502309199
:1052A00056024091570250915802C701B6010E9420
:1052B00046EC20E030E048E453E40E94CBF41816BA
:1052C000CCF40E943E2A8AE39AE10E94152A80913A
:1052D0004A0790914B07A0914C07B0914D078093DE
:1052E000320A9093330AA093340AB093350A0E948D
:1052F0002F8C02C01111EBCF2AE037ED43E25CE3C3
:10530000609113027091140280911502909116021F
:105310000E9446EC6B017C016091110270911202B7
:10532000072E000C880B990B0E94E7EB9B01AC0148
:10533000C701B6010E9446EC6DAB7EAB8FAB98AF58
:1053400080919F09882311F1C0904607D0904707AC
:10535000E0904807F09049078090A0099090A1093B
:10536000A090A209B090A30920E030E0A901C501F6
:10537000B4010E94E1EB882309F442C0A501940125
:10538000C701B6010E94E1EB87FD3AC019821A827B
:105390001B821C821D821E821F82188619861A8615
:1053A0001B861C869E012F5F3F4F4DA95EA96FA9EA
:1053B00078AD8EE397E00E94DBC280E1EEE3F7E098
:1053C000A6E2BAE001900D928A95E1F7C05CDF4F4A
:1053D0000FB6F894DEBF0FBECDBFDF91CF911F9106
:1053E0000F91FF90EF90DF90CF90BF90AF909F9084
:1053F0008F907F906F905F904F903F902F90089587
:105400002091260A3091270A4091280A5091290AB2
:1054100060913E0770913F0780914007909141074E
:105420000E94A3F22B013C01498A5A8A6B8A7C8A2A
:1054300020912A0A30912B0A40912C0A50912D0A72
:10544000609142077091430780914407909145070E
:105450000E94A3F269AB7AAB8BAB9CAB6D8B7E8B5E
:105460008F8B988F20912E0A30912F0A4091300A0D
:105470005091310AC701B6010E94A3F269AF7AAF19
:105480008BAF9CAF698F7A8F8B8F9C8F2091320A64
:105490003091330A4091340A5091350A60914A079D
:1054A00070914B0780914C0790914D070E94A3F299
:1054B0004B015C018D8E9E8EAF8EB8A220E030E055
:1054C000A901C301B2010E94E1EB81110CC020E0EF
:1054D00030E0A90169A97AA98BA99CA90E94E1EBF6
:1054E000882309F453CFCE0141960E944D896B0168
:1054F0007C012DEB37E346E855E30E94E1EB87FFA3
:105500000FC020E030E0A901C501B4010E94CBF436
:105510007501640187FF04C0F7FAF094F7F8F0947E
:105520002DEB37E346E855E3C701B6010E94E1EBF6
:1055300087FD43CF20E030E040EA50E4C701B601E8
:105540000E9480F30E94EDF31B01672B19F42224C3
:105550002394312CB10190E080E00E94E5EB9B01A7
:10556000AC0160E070E080E89FE30E9480F36DA7EB
:105570007EA78FA798AB9B01AC01C301B2010E942B
:1055800046EC21966CAF7DAF8EAF9FAF21972DA5D6
:105590003EA54FA558A969A97AA98BA99CA90E94E3
:1055A00046EC69AB7AAB8BAB9CAB2DA53EA54FA56A
:1055B00058A969AD7AAD8BAD9CAD0E9446EC2B012C
:1055C0003C012DA53EA54FA558A9C501B4010E94D7
:1055D00046EC4B015C012DA53EA54FA558A9C7017E
:1055E000B6010E9446EC69A37AA38BA39CA31DA2DB
:1055F0001EA21FA218A619A61AA61BA61CA680E109
:10560000E6E2FAE08E010F5F1F4FD80101900D9284
:105610008A95E1F70E949ACA6B017C0128ECC20EC0
:10562000D11CE11CF11C81E0281A310809F45AC090
:105630000E949ACAA7019601261B370B480B590BEB
:1056400012161306140615060CF450C06B017C01EB
:10565000A8ECCA0ED11CE11CF11C80E00E9464364B
:1056600021962CAD3DAD4EAD5FAD219769817A811C
:105670008B819C810E94A4F269837A838B839C83B3
:1056800029A93AA94BA95CA96D817E818F81988552
:105690000E94A4F26D837E838F839887A301920179
:1056A00069857A858B859C850E94A4F269877A87B3
:1056B0008B879C87A50194016D857E858F85988950
:1056C0000E94A4F26D877E878F87988B9E012F5D45
:1056D0003F4F4DA95EA96FA978ADC8010E94DBC2FA
:1056E0008111A1CF9E012F5D3F4F5FCE3FDAB8CF32
:1056F0004F925F926F927F928F929F92AF92BF92E2
:10570000CF92DF92EF92FF92CF93DF936B017C01F8
:105710008090130290901402A0901502B09016028F
:10572000C0911102D091120284E690E0909312028F
:10573000809311024090550250905602609057029B
:105740007090580280E090E0A0E8BFE3809355029B
:1057500090935602A0935702B093580220E030E095
:10576000A901C7010E94E1EB882341F0C092130216
:10577000D0921402E0921502F09216022CDD4092B3
:105780005502509256026092570270925802D0937E
:105790001202C09311028092130290921402A092FE
:1057A0001502B0921602DF91CF91FF90EF90DF903B
:1057B000CF90BF90AF909F908F907F906F905F90B1
:1057C0004F900895FC01208180916D0B90916E0B9C
:1057D000922728E0AC01880F991F57FD07C0215080
:1057E000C9F790936E0B80936D0B0895F1E28F27AC
:1057F000F0E19F27F4CF3FB7F8948091A5149091E2
:10580000A614A091A714B091A81426B5A89B05C012
:105810002F3F19F00196A11DB11D3FBFBA2FA92F2F
:10582000982F8827BC01CD01620F711D811D911D2C
:1058300042E0660F771F881F991F4A95D1F7089598
:10584000FC01938591FD13C0987121E0903109F01E
:1058500020E080917A0B20FB85F980937A0B9031C0
:1058600041F08085873419F481858E3711F480E00A
:10587000089581E00895FC0120E03EE2DB014D91B6
:10588000BD01403249F0283011F430833196DB01FC
:1058900011974C91408331962F5F2B3079F710820E
:1058A0000895CF9380910917C1E08823C9F08091B2
:1058B0000A1790910B1740910117509102176091B0
:1058C000031770910417DC01ED91FC910288F389B4
:1058D000E02D21E035E11995C82F811104C0C0E009
:1058E0008C2FCF9108954091051750910617609124
:1058F0000717709108174115510561057105B9F039
:1059000080910A1790910B17DC01ED91FC910288B0
:10591000F389E02D21E035E11995882301F31092F8
:105920000517109206171092071710920817109279
:105930000917D6CFCF92DF92EF92FF92CF936B01F0
:105940007C01C42F8091011790910217A091031739
:10595000B09104178C159D05AE05BF0519F1A1DFA7
:10596000811107C080E0CF91FF90EF90DF90CF9042
:10597000089580910A1790910B17DC01ED91FC912D
:105980000088F189E02D21E035E1B701A6011995E4
:10599000882341F3C0920117D0920217E0920317B7
:1059A000F092041781E0CC23F1F280930917DBCF4A
:1059B0008F929F92AF92BF92CF92DF92EF92FF921F
:1059C000CF93DF9390930B1780930A1710922317AE
:1059D00082E090E0A0E0B0E080930C1790930D1768
:1059E000A0930E17B0930F17109209171092051776
:1059F0001092061710920717109208178FEF9FEF5B
:105A0000DC018093011790930217A0930317B093C2
:105A10000417662309F46EC040E060E070E0CB013B
:105A200089DF81110DC0C0E08C2FDF91CF91FF90F5
:105A3000EF90DF90CF90BF90AF909F908F900895A0
:105A40008091BF168F7779F78091CB169091CC1605
:105A5000A091CD16B091CE1684369105A105B10561
:105A600010F3C090C716D090C816E090C916F090F9
:105A7000CA16C114D104E104F104A9F240E0C7013F
:105A8000B60158DFC82F882371F280910C159091D0
:105A90000D158115924039F6A0911115AA2319F21E
:105AA00060910F15709110156115710509F4BBCF48
:105AB00020910E15222309F4B6CFA0931E17209330
:105AC000101790E080E030E0E1E0F0E0D82FAF0187
:105AD000082E02C0440F551F0A94E2F72417350719
:105AE00069F041E0480F01968930910579F74093BC
:105AF000191799CFC12CD12C7601C0CF80931917DB
:105B0000209117153091181550E040E0211531050E
:105B100041F420912515309126154091271550917B
:105B20002815209311173093121740931317509391
:105B3000141746015701860E971EA11CB11C8092B6
:105B40001F1790922017A0922117B0922217E09170
:105B50001215F0911315F0932517E0932417B0E078
:105B60000E9449F2DC01CB01880D991DAA1DBB1DC5
:105B70008093261790932717A0932817B09329177F
:105B800025E0EE0FFF1F2A95E1F7E150FE4FEF2FC2
:105B9000FF27E6958E0F9F1FA11DB11D80931A1739
:105BA00090931B17A0931C17B0931D17809014158A
:105BB00090901515B12CA12C8114910441F4809082
:105BC000211590902215A0902315B0902415C81A85
:105BD000D90AEA0AFB0AC80CD91CEA1CFB1C04C03F
:105BE000F694E794D794C794DA95D2F7C092151734
:105BF000D0921617E0921717F092181785EFC81673
:105C00008FE0D806E104F10420F48CE080932317A0
:105C10000ACF80E125EFC2162FEFD206E104F1048E
:105C200088F080912D1590912E15A0912F15B0918F
:105C300030158093261790932717A0932817B093B9
:105C4000291780E280932317EFCECF93DF93EC01E7
:105C5000462F41706C857D858E859F856BDE882300
:105C600051F0888920E2829FC00111248F5F9A4EF3
:105C7000DF91CF91089590E080E0FACFCF93DF934A
:105C8000EC018B81882339F1898187FF21C061E094
:105C9000CE01DBDFFC01892BF1F08081853ED9F05C
:105CA0008B81823040F489899A89AB89BC89848F41
:105CB000958FA68FB78F8D899E89938F828F8D89BF
:105CC0009E89AF89B88DB58BA48B89818F778983A5
:105CD000DF91CF91E6CD81E0888380E0DF91CF91A5
:105CE00008952F923F924F925F926F927F928F9280
:105CF0009F92AF92BF92CF92DF92EF92FF920F935B
:105D00001F93CF93DF93CDB7DEB7C55AD1090FB636
:105D1000F894DEBF0FBECDBF8C01EA964FAFEA9775
:105D2000252E362EE4967FAFE497E9963FAF2EAF4F
:105D3000E9972091EF093091F0094091F1095091D4
:105D4000F209DC016D917D918D919C910E9446EC50
:105D50000E94D7F4C756DF4F688379838A839B8379
:105D6000C959D0402091F3093091F4094091F509C7
:105D70005091F609F80164817581868197810E94AE
:105D800046EC0E94D7F4C356DF4F688379838A8339
:105D90009B83CD59D0402091F7093091F80940916B
:105DA000F9095091FA09D80118966D917D918D915C
:105DB0009C911B970E9446EC0E94D7F4CF55DF4F71
:105DC000688379838A839B83C15AD040D8011C960B
:105DD0002D913D914D915C911F972F962CAF3DAF2A
:105DE0004EAF5FAF2F972091FB093091FC09409196
:105DF000FD095091FE092F966CAD7DAD8EAD9FAD26
:105E00002F970E9446EC0E94D7F4C357DF4F688358
:105E100079838A839B83CD58D04080E1F801DE01ED
:105E2000D19601900D928A95E1F78091DA0983FD70
:105E300004C08091D3098823F1F0C357DF4F088154
:105E400019812A813B81CD58D0400093EB0B1093F0
:105E5000EC0B2093ED0B3093EE0B2F962CAD3DAD5C
:105E60004EAD5FAD2F972093DB0B3093DC0B40934F
:105E7000DD0B5093DE0B9091CE0B8091CD0B8917EB
:105E800038F0891B8F3031F480E00E946436F3CF04
:105E9000805FF7CF8091CD0B0E941783CB55DF4FEA
:105EA0008883C55AD0400091CD0B8091D109909143
:105EB000D209892B11F00C9400C08091DF0B9091D6
:105EC000E00BA091E10BB091E20BC756DF4F888049
:105ED0009980AA80BB80C959D040881A990AAA0A19
:105EE000BB0A8091E30B9091E40BA091E50BB0917C
:105EF000E60BC356DF4F288139814A815B81CD593A
:105F0000D040281B390B4A0B5B0B27962CAF3DAFBB
:105F10004EAF5FAF27978091E70B9091E80BA09170
:105F2000E90BB091EA0BCF55DF4F288139814A81C7
:105F30005B81C15AD040281B390B4A0B5B0B2B9657
:105F40002CAF3DAF4EAF5FAF2B978091EB0B909195
:105F5000EC0BA091ED0BB091EE0BC357DF4FC88057
:105F6000D980EA80FB80CD58D040C81AD90AEA0A05
:105F7000FB0A09F481C00E94F17D882339F1C357DF
:105F8000DF4F88819981AA81BB81CD58D040809311
:105F9000EB0B9093EC0BA093ED0BB093EE0B2F96C5
:105FA0002CAD3DAD4EAD5FAD2F972093DB0B309305
:105FB000DC0B4093DD0B5093DE0B0E943E2A87E4FE
:105FC0009EE20E94152AC12CD12C7601C701B60190
:105FD0000E94E7EB20915502309156024091570202
:105FE000509158020E9446EC2B013C0120E030E029
:105FF000A9010E94CBF487FF04C077FA709477F868
:10600000709420E030E048E453E46091FB09709123
:10601000FC098091FD099091FE090E9446ECA301C4
:1060200092010E94E1EB87FF27C0C357DF4F8881B1
:106030009981AA81BB81CD58D0408093EB0B90937E
:10604000EC0BA093ED0BB093EE0B2F962CAD3DAD6A
:106050004EAD5FAD2F972093DB0B3093DC0B40935D
:10606000DD0B5093DE0B0E943E2A88E29EE20E94E6
:10607000152AC12CD12C760110E081E018141904E6
:106080001A041B040CF080E080FB10F981E02796D5
:106090002CAD3DAD4EAD5FAD27971216130614061D
:1060A00015060CF080E080FB11F981E02B962CADF9
:1060B0003DAD4EAD5FAD2B971216130614061506B7
:1060C0000CF080E080FB12F981E01C141D041E041A
:1060D0001F040CF080E080FB13F9C701B6010E9499
:1060E000E7EB2091550230915602409157025091B2
:1060F00058020E9446EC6B017C0120E030E0A901CF
:106100000E94CBF487FF3CC4C701B6019058402FD2
:1061100050E02D965FAF4EAF2D9753E6059F90014F
:106120001124D901A151B44F6596BFAFAEAF6597A9
:106130000E94EDF3A3966CAF7DAF8EAF9FAFA39798
:106140006596EEADFFAD6597108215AF2B960CAD41
:106150001DAD2EAD3FAD2B976B960CAF1DAF2EAF87
:106160003FAF6B9737FF0DC0309520951095019587
:106170001F4F2F4F3F4F6B960CAF1DAF2EAF3FAF52
:106180006B9727962CAD3DAD4EAD5FAD27976396CF
:106190002CAF3DAF4EAF5FAF639757FF0DC050952B
:1061A0004095309521953F4F4F4F5F4F63962CAFF1
:1061B0003DAF4EAF5FAF639724013501B7FE07C017
:1061C000442455243201481859086A087B0865960A
:1061D000AEADBFAD65975D964D925D926D927C922E
:1061E000909763960CAD1DAD2EAD3FAD6397919624
:1061F0000D931D932D933C9394976B960CAD1DAD11
:106200002EAD3FAD6B9795960D931D932D933C93BB
:106210009897C501B4010E94E7EB2091C109309124
:10622000C2094091C3095091C4090E9446ECA79647
:106230006CAF7DAF8EAF9FAFA79727966CAD7DAD4E
:106240008EAD9FAD27970E94E7EB2091C509309155
:10625000C6094091C7095091C8090E9446ECAB9607
:106260006CAF7DAF8EAF9FAFAB972B966CAD7DAD16
:106270008EAD9FAD2B970E94E7EB2091C90930911D
:10628000CA094091CB095091CC090E9446ECE39693
:106290006CAF7DAF8EAF9FAFE397A7960CAD1DADF2
:1062A0002EAD3FADA79709A31AA32BA33CA3AB9692
:1062B0002CAD3DAD4EAD5FADAB972DA33EA34FA32F
:1062C00058A7DC01CB0189A79AA7ABA7BCA720914F
:1062D000CD093091CE094091CF095091D009C70125
:1062E000B6010E9446EC6F966CAF7DAF8EAF9FAF4C
:1062F0006F976DA77EA78FA798AB96E049165104BC
:10630000610471040CF046C363960CAD1DAD2EAD57
:106310003FAD639706301105210531050CF03AC3F6
:106320006B962CAD3DAD4EAD5FAD6B972630310514
:10633000410551050CF02EC320E030E0A9016F9615
:106340006CAD7DAD8EAD9FAD6F970E94CBF487FF96
:106350001AC36F968CAD9DADAEADBFAD6F97B05803
:1063600023E62D960EAD1FAD2D97209FF001219FA6
:10637000F00D1124E151F44F818B928BA38BB48BE0
:1063800083E62D960EAD1FAD2D97809FF001819F66
:10639000F00D1124E151F44FA3962CAD3DAD4EAD5F
:1063A0005FADA39721A732A743A754A7458D568D6C
:1063B000678D70A101A112A123A134A185A196A18D
:1063C000A7A1B0A580179107A207B30710F4D901C0
:1063D000C80184179507A607B70710F4DB01CA01A7
:1063E000A3960CAD1DAD2EAD3FADA39780179107C1
:1063F000A207B30710F4D901C80123E62D960EAD0C
:106400001FAD2D97209FF001219FF00D1124E15128
:10641000F44F85A796A7A7A7B0AB0697A105B1052E
:1064200010F40C94E3BFE25BFF4F80912012808355
:10643000452B462B472B19F080E00E943B7D83E6DD
:106440002D960EAD1FAD2D97809FF001819FF00D11
:106450001124E151F44F81A192A1A3A1B4A1892BF0
:106460008A2B8B2B19F081E00E943B7D83E62D96D1
:106470000EAD1FAD2D97809FF001819FF00D11246F
:10648000E151F44F85A196A1A7A1B0A5892B8A2B34
:106490008B2B19F082E00E943B7DA3962CAD3DAD85
:1064A0004EAD5FADA397232B242B252B11F40C9419
:1064B00002C00E94017DE0901B0AF0901C0A00912E
:1064C0001D0A10911E0A9701A801EA966FADEA977E
:1064D000722D832DE4969FADE4970E94E1EB87FD3A
:1064E00008C0EA96EFACEA97F22C032DE4961FADB4
:1064F000E49783E62D964EAD5FAD2D97849FF00116
:10650000859FF00D1124E151F44F81899289A3896F
:10651000B489ED968CAF9DAFAEAFBFAFED979C0148
:10652000AD0160E070E080E89FE30E9480F32B0102
:106530003C019701A8010E9446EC6B017C019091FF
:10654000CC0B8091CD0B891708F483C2891BE4968C
:106550008FAFE497A701960160E074E284E799E4C5
:106560000E9480F30E94D7F44B015C01E4968FAD4A
:10657000E49782508630A0F56091EB097091EC09A8
:106580008091ED099091EE09681979098A099B09B2
:1065900016161706180619061CF5660F771F881FB2
:1065A000991FE4960FADE497202F30E050E040E0D3
:1065B0000E942DF2CA01B9010E94E7EB0E94E8F3A4
:1065C000680D791D8A1D9B1D0E94E7EB9B01AC01A4
:1065D00060E074E284E799E40E9480F36B017C013F
:1065E000A7019601ED966CAD7DAD8EAD9FADED979B
:1065F0000E9446ECC358DF4F688379838A839B836C
:10660000CD57D04083E62D962EAD3FAD2D97829F7E
:106610008001839F100D11240151144FC358DF4F87
:1066200088819981AA81BB81CD57D040F8018183AF
:106630009283A383B48325A536A547A550A96B965D
:106640002CAF3DAF4EAF5FAF6B97CA01B9010E944F
:10665000E5EB63966CAF7DAF8EAF9FAF63979B0109
:10666000AC01C701B6010E9446EC0E946AF30E9489
:10667000EDF3CF57DF4F688379838A839B83C158BB
:10668000D040F801FE9660837183828393838E01EC
:106690000F5D1F4FAD961FAF0EAFAD970FEF19E017
:1066A000C757DF4F19830883C958D0408E01035D57
:1066B0001F4F23961FAF0EAF2397212C312C10E8CC
:1066C00024961FAF24970FE328960FAF2897AD9617
:1066D000AEADBFADAD972D913D914D915D91AD9614
:1066E000BFAFAEAFAD97C701B6010E9446EC4B01FC
:1066F0005C0120E030E0A9010E94CBF487FF04C0D8
:10670000B7FAB094B7F8B094C757DF4FA881B981F2
:10671000C958D0400D911D912D913D91C757DF4F24
:10672000B983A883C958D040CB57DF4F088319835A
:106730002A833B83C558D040A5019401CB57DF4F36
:10674000688179818A819B81C558D0400E94E1EBA4
:1067500087FF20C0A5019401CB57DF4F6881798165
:106760008A819B81C558D0400E9480F35B018C01D7
:10677000910124964FAD249728965FAD28970E94EB
:10678000E1EB87FF07C0150124960FAF24972896E9
:106790001FAF289723960EAD1FAD2397AD962EAD54
:1067A0003FADAD970217130709F091CFA7019601EE
:1067B0006F966CAD7DAD8EAD9FAD6F970E9446EC30
:1067C0006B017C0120E030E0A9010E94CBF487FF3F
:1067D00004C0F7FAF094F7F8F09480900B0A9090C8
:1067E0000C0AA0900D0AB0900E0AA7019601C501EF
:1067F000B4010E94E1EB87FF1AC0A7019601C50111
:10680000B4010E9480F37B018C01910124964FAD6D
:10681000249728965FAD28970E94E1EB87FF07C079
:10682000170124960FAF249728961FAF289720E0D2
:1068300030E040E85FE3B10124968FAD24972896BD
:106840009FAD28970E94E1EB87FF41C083E62D961C
:106850004EAD5FAD2D97849F8001859F100D112453
:106860000151144F78015EE3E50EF11CCF57DF4F65
:10687000688179818A819B81C158D0400E94E5EB73
:10688000910124964FAD249728965FAD28970E94DA
:1068900046EC0E94EDF3D7016D937D938D939C930D
:1068A0001397910124964FAD249728965FAD2897B2
:1068B000C358DF4F688179818A819B81CD57D04051
:1068C0000E9446ECF801618372838383948363960C
:1068D0002CAD3DAD4EAD5FAD6397C301B2010E94DB
:1068E00046EC27966CAF7DAF8EAF9FAF279783E6C0
:1068F0002D960EAD1FAD2D97809FF001819FF00D5D
:106900001124E151F44F27962CAD3DAD4EAD5FAD56
:106910002797258B368B478B508F858C968CA78C31
:10692000B0A081149104A104B10409F094C081A124
:1069300092A1A3A1B4A1892B8A2B8B2B09F08BC028
:1069400085A196A1A7A1B0A5892B8A2B8B2B09F035
:1069500082C02091130A3091140A4091150A509177
:10696000160A27966CAD7DAD8EAD9FAD27970E9420
:1069700046EC0E946AF30E94EDF36B017C016DC14D
:10698000C701B601C4CB6F968CAD9DADAEADBFADAA
:106990006F97E6CCE996AEADBFADE997CD90DD90AF
:1069A000ED90FC9020E030E0A901C701B6010E9403
:1069B000E1EB882389F083E62D960EAD1FAD2D9770
:1069C000809FF001819FF00D1124E151F44FC18AA5
:1069D000D28AE38AF48AD4CCA7962CAD3DAD4EADD5
:1069E0005FADA79729833A834B835C83AB968CADCD
:1069F0009DADAEADBFADAB978D839E83AF83B887A2
:106A0000E3960CAD1DAD2EAD3FADE39709871A8718
:106A10002B873C876F962CAD3DAD4EAD5FAD6F972C
:106A20002D873E874F87588BCE0101960E944D8956
:106A300023E62D960EAD1FAD2D97209FF001219FCF
:106A4000F00D1124E151F44F618B728B838B948B89
:106A500097CC805F7BCDA3968CAD9DADAEADBFAD29
:106A6000A397892B8A2B8B2B09F400C720910F0A3F
:106A70003091100A4091110A5091120A27966CAD7C
:106A80007DAD8EAD9FAD27970E9446EC0E946AF3C4
:106A90000E94EDF36B017C018091BD099091BE09CC
:106AA000A091BF09B091C0096596EEADFFAD6597A5
:106AB00001A112A123A134A12B960CAF1DAF2EAFC3
:106AC0003FAF2B9705A116A127A130A5AF960CAF1C
:106AD0001DAF2EAF3FAFAF9701A512A523A534A5DB
:106AE00067960CAF1DAF2EAF3FAF67976B960CAD9F
:106AF0001DAD2EAD3FAD6B9780179107A207B30771
:106B000008F4BDC681149104A104B104E1F06091C0
:106B1000AD097091AE098091AF099091B0096C15E3
:106B20007D058E059F0578F4A90198010E94FCF16E
:106B3000A50194010E940BF22C153D054E055F0541
:106B400010F469017A012B962CAD3DAD4EAD5FADD1
:106B50002B97232B242B252B21F16091B1097091C8
:106B6000B2098091B3099091B4096C157D058E0529
:106B70009F05B8F46B962CAD3DAD4EAD5FAD6B97F8
:106B80000E94FCF12B962CAD3DAD4EAD5FAD2B9729
:106B90000E940BF22C153D054E055F0510F46901AE
:106BA0007A01AF968CAD9DADAEADBFADAF97892BE1
:106BB0008A2B8B2B21F16091B5097091B6098091D8
:106BC000B7099091B8096C157D058E059F05B8F43D
:106BD0006B962CAD3DAD4EAD5FAD6B970E94FCF159
:106BE000AF962CAD3DAD4EAD5FADAF970E940BF2B1
:106BF0002C153D054E055F0510F469017A01679675
:106C00000CAD1DAD2EAD3FAD6797012B022B032BB5
:106C100021F16091B9097091BA098091BB099091F5
:106C2000BC096C157D058E059F05B8F46B962CADDF
:106C30003DAD4EAD5FAD6B970E94FCF167962CADFC
:106C40003DAD4EAD5FAD67970E940BF22C153D0533
:106C50004E055F0510F469017A0183E62D962EAD8D
:106C60003FAD2D97829F8001839F100D112401510C
:106C7000144FF801E65BFF4FC082D182E282F382BB
:106C8000C701B6010E94E5EB6B017C012DEB37E3F8
:106C900046E051E40E9446EC0E94EDF3D801D996FB
:106CA0006D937D938D939C93DC9727962CAD3DAD92
:106CB0004EAD5FAD2797C701B6010E9480F3639682
:106CC0006CAF7DAF8EAF9FAF6397F801618F728F0E
:106CD000838F948F20E030E040E05FE30E9446EC39
:106CE00027962CAD3DAD4EAD5FAD27970E9480F34A
:106CF00064966FAF649724967FAF249728968FAFE2
:106D0000289768969FAF6897D80111962D913D916D
:106D10004D915C911497C757DF4F288339834A837D
:106D20005B83C958D040CA01B9010E9446ECAC96B9
:106D30006FAFAC97EE967FAFEE97CF57DF4F88835C
:106D4000C158D040CB57DF4F9883C558D0409B01E6
:106D5000AC0164966FAD649724967FAD2497289616
:106D60008FAD289768969FAD68970E94CBF4181650
:106D7000E4F4AC960FADAC9764960FAF6497EE96C3
:106D80001FADEE9724961FAF2497CF57DF4F088192
:106D9000C158D04028960FAF2897CB57DF4F1881A6
:106DA000C558D04068961FAF6897A7962CAD3DADEB
:106DB0004EAD5FADA797298B3A8B4B8B5C8BAB9617
:106DC0008CAD9DADAEADBFADAB978D8B9E8BAF8BBC
:106DD000B88FE3960CAD1DAD2EAD3FADE397098F97
:106DE0001A8F2B8F3C8F6F962CAD3DAD4EAD5FADA6
:106DF0006F972D8F3E8F4F8F58A3A3968CAD9DAD6F
:106E0000AEADBFADA397892B8A2B8B2B09F44BC654
:106E10008E010F5E1F4F3E0191E2690E711CC12C65
:106E2000D12C7601D8018D909D90AD90BD908D01B3
:106E300020E030E0A901C501B4010E94E1EB882304
:106E400071F0A5019401C501B4010E9446EC9B01BB
:106E5000AC01C701B6010E94A4F26B017C0160166F
:106E6000710601F72DEB37E346E056E3C701B601A3
:106E70000E94CBF418160CF046C0C701B6010E9460
:106E800011F59B01AC0160E070E080E89FE30E9497
:106E900080F36B017C01AC019B01A7966CAD7DADCD
:106EA0008EAD9FADA7970E9446EC698B7A8B8B8B3A
:106EB0009C8BA7019601AB966CAD7DAD8EAD9FAD61
:106EC000AB970E9446EC6D8B7E8B8F8B988FA701C2
:106ED0009601E3966CAD7DAD8EAD9FADE3970E94BC
:106EE00046EC698F7A8F8B8F9C8FA70196016F96E6
:106EF0006CAD7DAD8EAD9FAD6F970E9446EC6D8FF2
:106F00007E8F8F8F98A3E4960FADE497002309F44A
:106F1000F1C62091321730913317409134175091B8
:106F20003517A3962CAF3DAF4EAF5FAFA3972DEBB8
:106F300037E346E855E3A3966CAD7DAD8EAD9FADCE
:106F4000A3970E94E1EB87FDD5C68090AB1490908B
:106F5000AC14A090AD14B090AE14C988DA88EB8858
:106F6000FC888091AF149091B014A091B114B091AD
:106F7000B2146F968CAF9DAFAEAFBFAF6F970D8958
:106F80001E892F89388DA7960CAF1DAF2EAF3FAF4E
:106F9000A7972091B3143091B4144091B514509137
:106FA000B614AB962CAF3DAF4EAF5FAFAB97898DAC
:106FB0009A8DAB8DBC8DE3968CAF9DAFAEAFBFAF5E
:106FC000E3970091B7141091B8142091B91430913F
:106FD000BA14E7960CAF1DAF2EAF3FAFE7972D8DDC
:106FE0003E8D4F8D58A1CF56DF4F288339834A837A
:106FF0005B83C159D040C501B4019058A7019601E7
:107000000E9446EC2B013C016F966CAD7DAD8EADC0
:107010009FAD6F979058A7962CAD3DAD4EAD5FAD2F
:10702000A7970E9446EC9B01AC01C301B2010E94EC
:10703000A4F22B013C01AB966CAD7DAD8EAD9FAD46
:10704000AB979058E3962CAD3DAD4EAD5FADE39759
:107050000E9446EC9B01AC01C301B2010E94A4F264
:107060002B013C01E7966CAD7DAD8EAD9FADE797F2
:107070009058CF56DF4F288139814A815B81C159B1
:10708000D0400E9446EC9B01AC01C301B2010E94BA
:10709000A4F22B013C012FEE3FEF4FE75FE30E948C
:1070A000CBF418160CF419C6A5019401C701B6015A
:1070B0000E94A3F2CB56DF4F688379838A839B8338
:1070C000C559D04069837A838B839C836F962CAD9E
:1070D0003DAD4EAD5FAD6F97A7966CAD7DAD8EADFE
:1070E0009FADA7970E94A3F2A7966CAF7DAF8EAF1E
:1070F0009FAFA7976D837E838F839887AB962CADC8
:107100003DAD4EAD5FADAB97E3966CAD7DAD8EAD55
:107110009FADE3970E94A3F2AB966CAF7DAF8EAFAD
:107120009FAFAB9769877A878B879C87E7962CAD53
:107130003DAD4EAD5FADE797CF56DF4F68817981AA
:107140008A819B81C159D0400E94A3F2E3966CAF23
:107150007DAF8EAF9FAFE3976D877E878F87988BCC
:107160008E010F5F1F4F6D961FAF0EAF6D97005FC3
:107170001F4F6D962EAC3FAC6D97C12CD12C760174
:10718000D1018D909D90AD90BD901D0120E030E02B
:10719000A901C501B4010E94E1EB882371F0A501AA
:1071A0009401C501B4010E9446EC9B01AC01C701EA
:1071B000B6010E94A4F26B017C010215130501F7D0
:1071C0002DEB37E346E056E3C701B6010E94CBF44E
:1071D00018160CF09CC0C701B6010E9411F59B0166
:1071E000AC0160E070E080E89FE30E9480F36B01F7
:1071F0007C01AC019B01CB56DF4F688179818A818C
:107200009B81C559D0400E9446EC69837A838B8369
:107210009C83A7019601A7966CAD7DAD8EAD9FAD09
:10722000A7970E9446EC6D837E838F839887A70182
:107230009601AB966CAD7DAD8EAD9FADAB970E94C8
:1072400046EC69877A878B879C87A7019601E3962E
:107250006CAD7DAD8EAD9FADE3970E9446EC6D8722
:107260007E878F87988B0BED19E06D96EEADFFADA5
:107270006D97C190D190E190F1906D96FFAFEEAF18
:107280006D9720E030E0A901C701B6010E94CBF460
:1072900087FF04C0F7FAF094F7F8F09426EA3BE988
:1072A00044EC5AE3C701B6010E94CBF418162CF542
:1072B000D8016D917D918D919C910E94E5EB4B01E0
:1072C0005C0163962CAD3DAD4EAD5FAD6397C701DC
:1072D000B6010E9446ECA50194010E94CBF4181659
:1072E00064F4A7019601C501B4010E9480F363967E
:1072F0006CAF7DAF8EAF9FAF63970C5F1F4F6D96E6
:10730000EEADFFAD6D972E163F0609F0AECFE996B4
:10731000AEADBFADE9971496CD90DD90ED90FC90A9
:10732000179720E030E0A901C701B6010E94E1EB08
:10733000882309F4E5C363962CAD3DAD4EAD5FAD3A
:107340006397C701B6010E9446EC1B018C01A3960E
:107350002CAD3DAD4EAD5FADA397CA01B9010E9402
:1073600046EC6B017C019B01AC01AC966FADAC9718
:10737000EE967FADEE97CF57DF4F8881C158D04052
:10738000CB57DF4F9881C558D0400E94E1EB87FF73
:1073900010C0AC96CFACAC97EE96DFACEE97CF5763
:1073A000DF4FE880C158D040CB57DF4FF880C55839
:1073B000D0409101A801B601C7010E94CBF4181674
:1073C00014F46101780180E1FE017196ABEAB4E149
:1073D00001900D928A95E1F764962FAD64972496FB
:1073E0003FAD249728964FAD289768965FAD689774
:1073F000B601C7010E94E1EB87FF0CC06496CFACD9
:1074000064972496DFAC24972896EFAC289768966B
:10741000FFAC689783E62D96EEADFFAD2D978E9F5E
:1074200080018F9F100D1124F801E151F44FC60126
:10743000D70185879687A787B08B64968FAD6497B1
:1074400024969FAD24972896AFAD28976896BFAD38
:10745000689785839683A783B08781879287A38760
:10746000B487DF01AE5BBF4F1D921D921D921C922F
:107470001397808181608083C757DF4F28813981CE
:107480004A815B81C958D04020933217309333171B
:107490004093341750933517C756DF4F8881998131
:1074A000AA81BB81C959D0408093DF0B9093E00B38
:1074B000A093E10BB093E20BC356DF4F28813981D3
:1074C0004A815B81CD59D0402093E30B3093E40B8C
:1074D0004093E50B5093E60BCF55DF4F88819981A0
:1074E000AA81BB81C15AD0408093E70B9093E80BEF
:1074F000A093E90BB093EA0BC357DF4F2881398182
:107500004A815B81CD58D0402093EB0B3093EC0B3C
:107510004093ED0B5093EE0BE15BFF4FA091A80958
:1075200034E0A39FD0011124AB5AB44F8D919D91AB
:107530000D90BC91A02D80839183A283B383809111
:10754000CF0B9091D00BA091D10BB091D20B89832E
:107550009A83AB83BC838091D30B9091D40BA09181
:10756000D50BB091D60B8D839E83AF83B887809166
:10757000D70B9091D80BA091D90BB091DA0B8987DA
:107580009A87AB87BC878091DB0B9091DC0BA09135
:10759000DD0BB091DE0B8D879E87AF87B88BCE0158
:1075A00001960E94C68DD801AE5BB34F80E1FE010B
:1075B000319601900D928A95E1F780E1FE01F196F6
:1075C000AFECBBE001900D928A95E1F79091CD0B65
:1075D0008091CE0B981303C084E68093CB0BCB55E0
:1075E000DF4F0881C55AD0400093CD0BE996AEAD70
:1075F000BFADE9971896FC90189719960C911997BA
:107600001A961C911A971B96EC9064962FAD64976E
:1076100024963FAD249728964FAD289768965FAD86
:1076200068976F2D702F812F9E2D0E94CBF4181616
:1076300064F46496FFAE649724960FAF249728965F
:107640001FAF28976896EFAE68971091CD0B112366
:1076500009F45DC31150D090CC0BF12CE12C03E662
:107660001D1509F4BBC0612E712C069DF001079D0C
:10767000F00D1124E151F44F808182FD71C3E114BA
:10768000F10421F0F701808180FFA8C0069DF00180
:10769000079DF00D1124E151F44F2580368047807D
:1076A000508425852C962FAF2C9736856C963FAF4E
:1076B0006C978784408960964FAF6097482D60969D
:1076C0005FAD6097C201B1010E94E1EB882309F42C
:1076D00085C0E114F10409F41CC3D7011596CC90C0
:1076E00015971696BC9016971796AC901797189604
:1076F000FC90069DC001079D900D1124FC01E151F5
:10770000F44FA196FFAFEEAFA197618D728D838D7F
:10771000948D90589B01AC010E94A4F2A196AEAD4D
:10772000BFADA19751962D913D914D915C9154978C
:107730000E9446EC9B01AC016C2D7B2D8A2D9F2D68
:107740000E94A3F2962EA72EB82EC92E262F372FD1
:10775000482F592F2C966FAD2C976C967FAD6C9758
:10776000882D60969FAD60970E94E1EB87FDDEC299
:10777000292D3A2D4B2D5C2DC201B1010E94E1EB68
:10778000882361F1069DF001079DF00D1124E15160
:10779000F44F8081816080832091A6093091A709F0
:1077A0008091A6099091A7098217930709F0C9C291
:1077B000109FC0011124FC01E151F44F7F01069D8F
:1077C000C001079D900D1124E217F30709F0BBC219
:1077D000FC01E151F44F80818E7F8083C090CE0BFD
:1077E000B091CD0BA896BFAFA897B12C6C961FAEE9
:1077F0006C97212C312CF12CE12CA896EFADA89799
:10780000EC1509F4BDC38C2C912CF3E6CF9EC0017E
:1078100011248C010151144F2D961FAF0EAF2D97DF
:10782000D8018C9182FDA7C38C9180FF16C0E11412
:10783000F10409F0A6C219966D917D918D919C91EC
:107840001C97F80165837683878390870E9411F5E2
:10785000B62E6C967FAF6C971C018C2D0E941783FF
:10786000C82E2D96EEACFFAC2D97C7CF2091170AEE
:107870003091180A4091190A50911A0AFFC88114D0
:107880009104A104B10409F43FC06091AD09709165
:10789000AE098091AF099091B0096C157D058E05F8
:1078A0009F0590F50E94E5EB63962CAD3DAD4EAD86
:1078B0005FAD63970E9446EC6B966CAF7DAF8EAF69
:1078C0009FAF6B97C501B4010E94E5EB9B01AC0132
:1078D0006B966CAD7DAD8EAD9FAD6B970E9480F3C6
:1078E0004B015C01C701B6010E94E5EB9B01AC01B5
:1078F000C501B4010E94E1EB87FF06C0C501B401D8
:107900000E94EDF36B017C012B962CAD3DAD4EAD8D
:107910005FAD2B97232B242B252BD9F16091B10937
:107920007091B2098091B3099091B4096C157D05ED
:107930008E059F0570F50E94E5EB63962CAD3DAD7D
:107940004EAD5FAD63970E9446EC4B015C012B96F8
:107950006CAD7DAD8EAD9FAD2B970E94E5EB9B018D
:10796000AC01C501B4010E9480F34B015C01C70169
:10797000B6010E94E5EB9B01AC01C501B4010E9478
:10798000E1EB87FF06C0C501B4010E94EDF36B0176
:107990007C01AF968CAD9DADAEADBFADAF97892BE1
:1079A0008A2B8B2BD9F16091B5097091B609809122
:1079B000B7099091B8096C157D058E059F0570F586
:1079C0000E94E5EB63962CAD3DAD4EAD5FAD639788
:1079D0000E9446EC4B015C01AF966CAD7DAD8EAD67
:1079E0009FADAF970E94E5EB9B01AC01C501B401CF
:1079F0000E9480F34B015C01C701B6010E94E5EBD8
:107A00009B01AC01C501B4010E94E1EB87FF06C0F8
:107A1000C501B4010E94EDF36B017C0167960CADCA
:107A20001DAD2EAD3FAD6797012B022B032B09F443
:107A300014C96091B9097091BA098091BB099091FC
:107A4000BC096C157D058E059F0508F006C90E94CE
:107A5000E5EB63962CAD3DAD4EAD5FAD63970E94F7
:107A600046EC4B015C0167966CAD7DAD8EAD9FAD74
:107A700067970E94E5EB9B01AC01C501B4010E9430
:107A800080F34B015C01C701B6010E94E5EB9B014D
:107A9000AC01C501B4010E94E1EB87FFDEC8C5015E
:107AA000B4010C94BBB4A3019201A7966CAD7DAD5B
:107AB0008EAD9FADA7970E9446EC698B7A8B8B8B1E
:107AC0009C8BA3019201AB966CAD7DAD8EAD9FAD4D
:107AD000AB970E9446EC6D8B7E8B8F8B988FA301AA
:107AE0009201E3966CAD7DAD8EAD9FADE3970E94A4
:107AF00046EC698F7A8F8B8F9C8FA3019201F7C917
:107B00002FEE3FEF4FE75FEBC301B2010E94E1EBC5
:107B100087FF08C05FEE452E55245A945FE7652E17
:107B20005FEB752EA301920160E070E080E89FE3B7
:107B30000E94A3F220E030E040E05FE30E9446ECC8
:107B40000E9411F56B017C012091A9093091AA09CD
:107B50004091AB095091AC0963966CAD7DAD8EAD93
:107B60009FAD63970E9446ECA70196010E9446ECE8
:107B70004B015C01A701960160E070E080E89FE3A3
:107B80000E94A3F29B01AC01C501B4010E9480F3E5
:107B90001B018C0120E030E040E85FE3ED966CAD26
:107BA0007DAD8EAD9FADED970E94E1EB87FFCFCB12
:107BB00023EF34E045E35FEBC301B2010E94E1EB48
:107BC00087FFC5CB20E030E0A901C301B2010E94CC
:107BD000E1EBC12CD12C40E8E42E4FEBF42E87FDD5
:107BE00006C0C12CD12C30E8E32E3FE3F32EA701D1
:107BF0009601C301B2010E9446EC4B015C0129E5EC
:107C000039ED40E053E30E94E1EB87FD63C0A5013D
:107C1000940160E070E080E89FE30E94A3F220E01E
:107C200030E040E057E40E9446EC0E94EDF3CB01C7
:107C30000E9491F20197880F991F880F991FFC01EC
:107C4000E851F24D2591359145915491FC01E8554B
:107C5000F24D4590559065907490C501B4010E9415
:107C600046ECA30192010E94A4F24B015C0120E0CA
:107C700030E0A901C701B6010E94CBF4181654F4F4
:107C8000A50194016BED7FE089E490E40E94A3F2EA
:107C90004B015C0163962CAD3DAD4EAD5FAD63977E
:107CA000ED966CAD7DAD8EAD9FADED970E9446EC2F
:107CB000A50194010E9480F36B017C019B01AC0142
:107CC000B101C8010E94CBF418160CF040CB16018C
:107CD00087013DCB90E080E0AECF64962FAC6497F7
:107CE00024963FAC249728960FAD289768961FAD31
:107CF00068972DCB6496CFAC64972496DFAC24971D
:107D00002896EFAC28976896FFAC68975CCB1FE08D
:107D1000A2CC6496CFAC64972496BFAC24972896E7
:107D2000AFAC28976896FFAC6897E3CC2C969FACD5
:107D30002C976C96AFAC6C97B82C6096CFAC6097D4
:107D400021CD9C012DCD8151944F492D5A2D6B2D64
:107D50007C2DDC0115964D935D936D937C93189764
:107D6000112369F011508D2DD090CC0BD81609F449
:107D700077CC811709F432CD0E941783F5CF1FE02D
:107D8000F2CFD7018C9181608C938091A60990915C
:107D9000A7092091A6093091A7092817390789F565
:107DA000B3E6B89DF001B99DF00D1124E151F44FF7
:107DB000A184D28403851485E816F90621F58A2D5D
:107DC0009D2DD80185839683A783B087EE5BFF4FF7
:107DD00080819181A281B381892B8A2B8B2B61F4C5
:107DE000D701AA5BBF4F8D919D910D90BC91A02DA5
:107DF00080839183A283B383D7018C918E7F8C93F0
:107E00002CCDC901C6CF45805680678070842A2D4D
:107E10003D2DA801C301B2010E94E1EB882309F4C2
:107E200087C0D70115962D913D914D915C91189782
:107E300063962CAF3DAF4EAF5FAF6397C301B20106
:107E40000E94CBF418160CF063C0F701618D728D9F
:107E5000838D948D90589B01AC010E94A4F2D701B0
:107E600051962D913D914D915C9154970E9446EC15
:107E70009B01AC0163966CAD7DAD8EAD9FAD6397FC
:107E80000E94A3F260966FAF6097A0967FAFA09715
:107E9000E8968FAFE897A4969FAFA4979B01AC019B
:107EA000C301B2010E94CBF4181694F52A2D3D2D82
:107EB000A80160966FAD6097A0967FADA097E896F9
:107EC0008FADE897A4969FADA4970E94E1EB87FD44
:107ED0000CC06096AFAC6097A096DFACA097E89618
:107EE0000FADE897A4961FADA497B3E6B89DF00137
:107EF000B99DF00D1124E151F44F8A2D9D2DD8012B
:107F000085839683A783B08785879687A787B08B5D
:107F100003E6089DF001099DF00D1124E151F44F95
:107F200085819681A781B08581879287A387B48751
:107F300013E6189DF001199DF00D1124E151F44F45
:107F400065817681878190850E9411F54B01A82E6D
:107F5000D92E8B01282F392F4B2D6C965FAD6C9746
:107F6000B101C7010E948A81B82C6C969FAE6C97B4
:107F70002A2C3D2C41CF2D96FFAEEEAE2D976DCC29
:107F8000E114F10401F1F701808180FF1CC06496C7
:107F90006FAD649724967FAD249728968FAD289770
:107FA00068969FAD68970E9411F58B019C014B2D3F
:107FB0006C965FAD6C97B101C7010E948A81D701B1
:107FC0008C918E7F8C930E94F82981E0CB55DF4FF6
:107FD0000FB6F894DEBF0FBECDBFDF91CF911F91DA
:107FE0000F91FF90EF90DF90CF90BF90AF909F9058
:107FF0008F907F906F905F904F903F902F9008955B
:1080000080E0E4CFE0901F0AF090200A0091210A5E
:108010001091220A0C9463B290911F1390FF06C036
:108020009091C00095FFFCCF8093C60090911F13E4
:1080300091FF06C09091C80095FFFCCF8093CE00C1
:108040000895CF93DF9300D01F92CDB7DEB76111B3
:1080500004C06091E403662371F01C821B82898353
:1080600081E08A836B8344E0BE016F5F7F4F80EACB
:1080700090E00E94AF220F900F900F900F90DF9131
:10808000CF91089582E292E1FC0101900020E9F78E
:10809000CF0182569241813C9F4760F4E2E2F2E1D7
:1080A0008FE390E027AD207C203839F08E5D9D4E27
:1080B000FC01108282E292E10895019731978F3F8F
:1080C000980781F7F7CF1F93CF93DF93FC012081AF
:1080D0002B3309F447C020915902243008F042C0E4
:1080E000C42FD62FBC0180915B0212E6819FC00194
:1080F0001124845A9D4F0E94B5F520915B02822F76
:1081000090E0189FF001199FF00D1124DF01A45495
:10811000BD4FDC93E354FD4FC083880F991F880F38
:10812000991FFC01EB5AF44F8091650B9091660BFF
:10813000A091670BB091680B80839183A283B38376
:108140002F5F243060F420935B02809159028F5F8F
:108150008093590281E0DF91CF911F910895109291
:108160005B02F3CF80E0F7CFEF92FF920F931F9364
:10817000CF93DF93CDB7DEB764970FB6F894DEBF29
:108180000FBECDBF7C01FB01608171818281938133
:108190008E010F5F1F4F22E041E00E940DE7F701C3
:1081A00001900020E9F79F01215031092E193F0964
:1081B0002233310550F443E350E0421B530BBC0122
:1081C000C701820F931F0E942AEBC70164960FB666
:1081D000F894DEBF0FBECDBFDF91CF911F910F91FD
:1081E000FF90EF9008958F929F92AF92BF92EF927F
:1081F000FF921F93CF93DF93CDB7DEB7A0970FB653
:10820000F894DEBF0FBECDBF6115710581059105E4
:1082100089F120E04AE0842E912CA12CB12C11E0B0
:10822000120FEE24E394F12CEC0EFD1EE20EF11C75
:1082300027FDFA94A50194010E940BF2F7016083D7
:10824000B901CA01212F611571058105910539F721
:10825000115008F1E1E0F0E0EC0FFD1FE10FF11D1E
:1082600017FDFA95908187E39A3008F480E3890F2F
:10827000D3DEEECF80E3A0960FB6F894DEBF0FBE3C
:10828000CDBFDF91CF911F91FF90EF90BF90AF9046
:108290009F908F90C1CEA0960FB6F894DEBF0FBE10
:1082A000CDBFDF91CF911F91FF90EF90BF90AF9026
:1082B0009F908F900895CF92DF92EF92FF926B0183
:1082C0007C01F7FE0AC0F094E094D094C094C11CE5
:1082D000D11CE11CF11C8DE29FDEC701B601FF90AD
:1082E000EF90DF90CF907FCF41E060E00C94D99188
:1082F00080911F1380FF04C09091B80A9093B90A2F
:1083000081FF04C08091360A8093370A08958F92C6
:108310009F92AF92BF92CF92DF92EF92FF92CF9354
:108320006B017C01B42E20E030E0A9010E94E1EB5A
:1083300087FF06C08DE270DEF7FAF094F7F8F0944C
:10834000C0E060E070E080E09FE3CB1541F02DECF1
:108350003CEC4CEC5DE30E9446ECCF5FF6CFA7010E
:1083600096010E94A4F26B017C010E94EDF34B0187
:108370005C0139DFCC2361F1C501B4010E94E5EB5A
:108380009B01AC01C701B6010E94A3F26B017C0105
:108390008EE242DEC150E0F020E030E040E251E405
:1083A000C701B6010E9446EC6B017C010E94EDF30F
:1083B0004B015C0118DFC501B4010E94E5EB9B0194
:1083C000AC01C701B6010E94A3F26B017C01E2CFB0
:1083D000CF91FF90EF90DF90CF90BF90AF909F90A4
:1083E0008F900895CF93DF93CDB7DEB760970FB628
:1083F000F894DEBF0FBECDBFE6E2FAE08081918146
:10840000A281B38189839A83AB83BC838481958164
:10841000A681B7818D839E83AF83B8878085918540
:10842000A285B38589879A87AB87BC878485958524
:10843000A685B7858D879E87AF87B88BCE010196BD
:108440000E94C68D49815A816B817C818EE69EE2B5
:108450000E942B2A4D815E816F8178858AE69EE29B
:108460000E942B2A49855A856B857C8586E69EE28B
:108470000E942B2A4D855E856F85788982E69EE273
:108480000E942B2A60960FB6F894DEBF0FBECDBFB8
:10849000DF91CF9108958F929F92AF92BF92CF922A
:1084A000DF92EF92FF920F931F93CF93DF93B4E489
:1084B000A0E06A2F70E0AB014B0F511D5595479519
:1084C000411119C0E5E0F9E265917491072E000CA5
:1084D000880B990B0E94E7EBDF91CF911F910F91D1
:1084E000FF90EF90DF90CF90BF90AF909F908F90D4
:1084F0000895B42FE0CF4A1711F0B41303C0E1E19F
:10850000FAE2E2CF9A0121503109220F331F220FE4
:10851000331FF901ED5FF64DE590F490F901E95F45
:10852000F64DC591D4918E159F0518F3A42FC81749
:10853000D90708F4BECFF901EB5FF64D0591149110
:10854000F901E75FF64DC590D4908E199F09BC01E3
:1085500090E080E00E94E5EB4B015C01B601601BFE
:10856000710B072E000C880B990B0E94E7EB9B0107
:10857000AC01C501B4010E9446EC4B015C01CE196F
:10858000DF09BE0190E080E00E94E5EB9B01AC01B9
:10859000C501B4010E9480F36B017C01B801110F89
:1085A000880B990B0E94E7EB9B01AC01C701B60158
:1085B0000E94A4F291CFCF92DF92EF92FF920F939D
:1085C0001F93CF93DF93CDB7DEB760970FB6F894C4
:1085D000DEBF0FBECDBFFC016A017B01890190E1C6
:1085E000DE01119601900D929A95E1F7CE01019668
:1085F0000E9483808091D1099091D209892BB1F496
:108600009801B701A601CE0101960E9471AE609655
:108610000FB6F894DEBF0FBECDBFDF91CF911F9193
:108620000F91FF90EF90DF90CF90089580E0EFCF13
:10863000CF93DF939091CE0B8091CD0B891738F0BB
:10864000891B8F3031F480E00E946436F3CF805F65
:10865000F7CF8091CD0B0E941783A091CD0B93E6AD
:10866000A99FD0011124FD01E151F44FEF011992AE
:108670009A95E9F7908194609083A45FB34F90E15D
:10868000EFEDFBE001900D929A95E1F72091CD0B73
:108690009091CE0B291303C094E69093CB0B80935B
:1086A000CD0BDF91CF910C94F829CF93DF93CDB709
:1086B000DEB760970FB6F894DEBF0FBECDBF80E186
:1086C000E6E2FAE0DE01119601900D928A95E1F75B
:1086D000CE0101960E948380CE0101960E94977E72
:1086E00060960FB6F894DEBF0FBECDBFDF91CF917D
:1086F0000895DF92EF92FF920F931F93CF93DF9332
:108700001F92CDB7DEB78C01D42E7C01E60EF71E8A
:108710008091A4099091A5090E94E6F18983DD204A
:1087200011F0F8018083CE0101960E94E2AB8091A6
:10873000A4099091A50901969093A5098093A40995
:108740000F5F1F4F0E151F0519F780E00F90DF9187
:10875000CF911F910F91FF90EF90DF900895CF92EE
:10876000DF92EF92FF92CF936B017C01AC019B01F2
:108770006091A0097091A1098091A2099091A3092B
:108780000E94E1EB882309F457C0C0919F0980E063
:108790000E94E22620E030E0A901C701B6010E9454
:1087A000CBF418161CF0C12CD12C7601C092A00974
:1087B000D092A109E092A209F092A3092DEB37E330
:1087C00046E855EBC701B6010E94CBF487FD0AC00D
:1087D0002DEB37E346E855E3C701B6010E94E1EB14
:1087E000181634F5A701960160E070E080E89FE379
:1087F0000E9480F360939B0970939C0980939D096C
:1088000090939E0980EF9FEFA9E7B4EC80939709BE
:1088100090939809A0939909B0939A09CC2361F099
:1088200081E0CF91FF90EF90DF90CF900C94E22603
:1088300060E070E0CB01DECFCF91FF90EF90DF9052
:10884000CF9008950E94643581111BC00E9481352C
:10885000882369F080913A0B811106C089E899E07C
:1088600040E061E00C94D9918AE39BE0F9CF8091DC
:108870009609813049F080E69DE241E06FEF0C946B
:108880000E9281E89DE2F9CF85E79DE2F6CFCF9386
:10889000E0915A024E2F50E092E6E99FF001112438
:1088A000E354FD4F20812830D8F4C0911F1381E09C
:1088B00001C0880F2A95EAF780931F13949FF00157
:1088C000959FF00D1124E454FD4F8081811106C065
:1088D0008DE59DE20E94152A0E94412AC0931F1334
:1088E000CF91089581508A3090F5E82F880FFF0BC3
:1088F0008827E258FB438F4F0C9489F288C48FC4B9
:1089000092C495C48CC498C4A4C49BC49EC4A1C47E
:1089100089E29DE20C94A7928BE19DE2FBCF87E078
:108920009DE2F8CF84EF9CE2F5CF87EE9CE2F2CF98
:108930008AED9CE2EFCF8CEC9CE2ECCF8CEB9CE2DE
:10894000E9CF8FEA9CE2E6CF8FE99CE2E3CF08957E
:10895000CF93DF939091830991110DC0EA0140E01C
:108960000E94032C209719F0CE010E94DF2BDF918B
:10897000CF910C94FB2BDF91CF9108954F925F9292
:108980006F927F928F929F92AF92BF92CF92DF921F
:10899000EF92FF92CF93DF9300D000D01F921F92EF
:1089A000CDB7DEB7DC011496CD90DD90ED90FC9054
:1089B00017978D909D90AD90BC90E091C90BF09170
:1089C000CA0BFE83ED8384819581A681B78189835B
:1089D0009A83AB83BC839C01AD01C701B6010E94A1
:1089E000A3F22B013C01AD81BE818D919D910D9033
:1089F000BC91A02D8D839E83AF83B88727E137EB91
:108A000041ED58EBC301B2010E94CBF487FDD1C008
:108A100023E030E04AEF53E4C301B2010E94E1EBEE
:108A200018160CF4C6C02D813E814F815885C501B2
:108A3000B4010E94A3F22B013C0127E137EB41ED89
:108A400058EB0E94CBF487FDB4C023E030E04AEF3E
:108A500053E4C301B2010E94E1EB18160CF4A9C063
:108A600020E030E0A9016D817E818F8198850E9490
:108A7000A4F22B013C0120E030E040E251E40E94EE
:108A8000E1EB87FF06C0412C512C30E2632E31E42C
:108A9000732E27E137EB41ED58E3C301B2010E9489
:108AA000A3F29B01AC01C501B4010E94CBF487FD88
:108AB00080C020E030E04AEF53E46D817E818F81F9
:108AC00098850E94A4F22B013C0120E030E045EFA4
:108AD00053E40E94CBF4181634F4412C512C25EFAA
:108AE000622E23E4722E27E137EB41ED58E3C301F8
:108AF000B2010E94A4F29B01AC01C501B4010E9425
:108B0000E1EB18160CF455C020E030E0A9016981B2
:108B10007A818B819C810E94A4F24B015C0120E050
:108B200030E040E251E40E94E1EB87FF06C0812C77
:108B3000912C90E2A92E91E4B92E27E137EB41ED7B
:108B400058E3C501B4010E94A3F29B01AC01C70127
:108B5000B6010E94CBF487FD2CC020E030E04AEF44
:108B600053E469817A818B819C810E94A4F24B013C
:108B70005C0120E030E045EF53E40E94CBF418168E
:108B800034F4812C912C85EFA82E83E4B82E27E1B4
:108B900037EB41ED58E3C501B4010E94A4F29B01FB
:108BA000AC01B1E0B983C701B6010E94E1EB181630
:108BB0000CF41982898128960FB6F894DEBF0FBE97
:108BC000CDBFDF91CF91FF90EF90DF90CF90BF901E
:108BD000AF909F908F907F906F905F904F9008958F
:108BE0002F923F924F925F926F927F928F929F92BD
:108BF000AF92BF92CF92DF92EF92FF920F931F93AB
:108C0000CF93DF93CDB7DEB768970FB6F894DEBF8A
:108C10000FBECDBF6D877E878F87988B298B3A8B50
:108C20004B8B5C8B302E2E2C40902E0A50902F0AAE
:108C30006090300A7090310A20E030E040EA50E461
:108C4000C301B2010E94CBF4181634F0412C512C10
:108C500040EA642E40E4742E8D859E85AF85B889E8
:108C600089839A83AB83BC8389899A89AB89BC89C0
:108C70008D839E83AF83B88749865A866B867C86B0
:108C8000CE0101967BDE882309F45FC10091C90BF8
:108C90001091CA0BD8012D913D914D915C916D853C
:108CA0007E858F8598890E94A3F26D8B7E8B8F8B3A
:108CB000988F69837A838B839C83F8012481358123
:108CC0004681578169897A898B899C890E94A3F2A0
:108CD0009B01AC012D833E834F835887A0904F02A8
:108CE000B0905002C0905102D090520283017201A4
:108CF0006D897E898F89988D0E94CC8A80917009B8
:108D0000811104C060E081E00E943C8EC090C50BE0
:108D1000D090C60BE090C70BF090C80B46015701EE
:108D2000B7FAB094B7F8B09400916F0910E01595B8
:108D300007951595079520E030E0A901C701B60118
:108D40000E94E1EB87FFCAC0B82DA92DFA2DEB2DAB
:108D500020E030E040E751E46B2F7A2F8F2F9E2FD9
:108D60000E94A4F22B013C0120912E0A30912F0A7F
:108D70004091300A5091310A0E94E1EB87FF12C006
:108D800020E030E040E850E4C301B2010E94888C4A
:108D9000811108C020E041E060E070E080EA90E4EA
:108DA0000E948D8B20E030E040E050E4C501B4012A
:108DB0000E94A3F22B013C01009510950170112730
:108DC0008AE0809FB001819F700D1124072E000C56
:108DD000880B990B0E94E7EB9B01AC01C301B20128
:108DE0000E94A3F220E030E040E050E40E94888C32
:108DF000182F40902E0A50902F0A6090300A7090E1
:108E0000310AA701960160E070E080E490E40E94DE
:108E1000A3F2A30192010E94E1EB87FF9DC0412CC8
:108E2000512C20EC622E2FE7722E2091C50B309131
:108E3000C60B4091C70B5091C80BC301B2010E94F1
:108E4000A4F26B017C01AC019B010E9453F58111DE
:108E500055C0F1E03F1678F082E0831508F043C07A
:108E600093E0391208C020E041E060E070E080EA61
:108E700090E40E948D8BA2E0A21508F04BC02091D7
:108E800071093091720940917309509174096D858F
:108E90007E858F8598890E94A4F2AB01BC0184E68F
:108EA0009CE20E942B2A209175093091760940910D
:108EB00077095091780969897A898B899C890E9400
:108EC000A4F2AB01BC018FE59CE20E942B2AB70102
:108ED000A6018AE59CE20E94922B1CC0B0E0A0E0B3
:108EE000F0E0E0E035CF80E00E944B26882319F2C5
:108EF000C12CD12C90ECE92E9FE7F92E80E00E9446
:108F00004B268CE79CE2F0D90E943B2A8CE69CE23F
:108F10000E94152AC701B60168960FB6F894DEBF05
:108F20000FBECDBFDF91CF911F910F91FF90EF90BA
:108F3000DF90CF90BF90AF909F908F907F906F9079
:108F40005F904F903F902F900895C12CD12C80ECD2
:108F5000E82E8FE7F82EDECF112309F466CF5FCF1E
:108F60006F927F928F929F92AF92BF92CF92DF9239
:108F7000EF92FF920F931F93CF93DF93CDB7DEB79E
:108F80006C970FB6F894DEBF0FBECDBF782E4A01A6
:108F90005B016801790120E030E0A901C701B80157
:108FA0000E94E1EB811111C0772019F081E0781265
:108FB00091C060E070E88BE395E420E030E040E7AA
:108FC00052E40E9480F36B017C01072D10E0F80150
:108FD000E95AF34DE491772473941E160CF4712C26
:108FE0006624639420E030E0A901C501B4010E9429
:108FF000CBF418160CF0612C80E00E94537F69833B
:109000007A838B839C8381E00E94537F6D837E8370
:109010008F83988782E00E94537F69877A878B8746
:109020009C8783E00E94537F6D877E878F87988B14
:10903000000F111F000F111FE1E0F0E0EC0FFD1F0A
:109040000E0F1F1FF8011082118212821382CE01AF
:1090500001960E94977EF80180829182A282B3825B
:10906000198A1A8A1B8A1C8A1D8A1E8A1F8A188ED0
:10907000198E1A8E1B8E1C8E8091D1099091D20967
:10908000892B49F49E012F5E3F4FB701A601CE0107
:1090900001960E9471AE0E94867E761431F0809116
:1090A0006E098823E1F010926E096C960FB6F89461
:1090B000DEBF0FBECDBFDF91CF911F910F91FF900B
:1090C000EF90DF90CF90BF90AF909F908F907F9068
:1090D0006F90089560E070E080E793E46ECF40E029
:1090E00070E060E089E49CE20E9481347F928F927C
:1090F0009F92AF92BF92CF92DF92EF92FF920F9327
:109100001F93CF93DF93762E872E982EA92EC42FF0
:1091100080913502882309F47FC080913602811145
:109120007BC0413009F456C0423009F464C0F0906D
:1091300037020091380210913902D0913A02B09072
:109140004302C0904402D0904502E09046022F2D89
:10915000302F412F5D2F672D782D892D9A2D0E945C
:10916000E1EB87FD12C02B2D3C2D4D2D5E2D672D83
:10917000782D892D9A2D0E94CBF4FB2C8601DE2DB3
:1091800018161CF0F72C8401DA2D84E0C89FA0018A
:109190001124FA01EA5DF54F8F2D902FA12FBD2FDD
:1091A00080839183A283B3834D545B4FFA01608126
:1091B000718182819381DF91CF911F910F91FF90F7
:1091C000EF90DF90CF90BF90AF909F908F907F9067
:1091D0000C94A48AF0903B0200913C0210913D0255
:1091E000D0913E02B0904702C0904802D090490210
:1091F000E0904A02ACCFF0903F0200914002109103
:109200004102D0914202B0904B02C0904C02D090EB
:109210004D02E0904E029BCFB12C80E5C82E93EC1E
:10922000D92E27E4E22EF12C00E513ECD7EC8FCFFA
:10923000CF92DF92EF92FF922091C9093091CA0933
:109240004091CB095091CC090E9480F36B017C01C5
:1092500020E030E0A9010E94CBF4181664F4C701A5
:10926000B6010E946AF30E94E8F3CB01FF90EF90F1
:10927000DF90CF900895C701B6010E9419F4F3CF93
:10928000CF92DF92EF920F93CF936C01C62F88E4B9
:109290009CE20E94B993EE24E39401E021E040E2D5
:1092A000B60180E291E10E94CB2121E040E268E436
:1092B0007CE280E491E10E94CB2121E040E268E47D
:1092C0007CE280E691E10E94CB21C93F11F0C0937E
:1092D000340210926D0989EF80936C09CF910F9140
:1092E000EF90DF90CF900895282F30E0F901EE5FE6
:1092F000F34D9491F901E454F44D44912A58344DBE
:10930000F9012491222309F435C0992311F19150D8
:109310009231F8F4E92FF0E08827EE56F6438F4FAC
:109320000C9489F2C3C9C7C9A4C9BBC9BFC9A9C91B
:10933000CAC9D0C9D4C9DAC9DEC9E2C9E8C9ECC909
:10934000A9C9F0C9F6C9FAC9809180008F778093C6
:109350008000E22FF0E0EE0FFF1FE45AF44DA591DC
:10936000B4918FB7F894EC91611148C040954E23A9
:109370004C938FBF0895809180008F7DE8CF8091BE
:109380008000877FE4CF84B58F7784BDE2CF84B53A
:109390008F7DFBCF8091B0008F778093B000D9CFC5
:1093A0008091B0008F7DF9CF809190008F7780936E
:1093B0009000CFCF809190008F7DF9CF8091900069
:1093C000877FF5CF8091A0008F778093A000C1CFD9
:1093D0008091A0008F7DF9CF8091A000877FF5CF8D
:1093E000809120018F7780932001B3CF809120015D
:1093F0008F7DF9CF80912001877FF5CF4E2BB8CF9D
:109400008F929F92AF92BF92CF92DF92EF92FF9294
:109410006B017C010E94FBAB4B015C01C114D104C8
:10942000E104F104B9F00E94FBAB681979098A09DB
:109430009B09683E73408105910580F321E0C21AC3
:10944000D108E108F10888EE880E83E0981EA11C7F
:10945000B11CE4CFFF90EF90DF90CF90BF90AF9022
:109460009F908F9008959F92AF92BF92CF92DF927C
:10947000EF92FF920F931F93CF93DF931F92CDB77D
:10948000DEB78C016C01C60ED71EF12CE12CC01684
:10949000D10609F44DC0A090A409B090A509F80127
:1094A00091908F019982C5010E94E6F1981691F181
:1094B000692DC5010E94EEF1FFEFEF1AFF0AC70107
:1094C0008F779927892BF9F062E070E080E090E0D7
:1094D00097DFC5010E94E6F199818917D9F00E94B2
:1094E0003E2A8EE89DE20E94152A81E00F90DF91CE
:1094F000CF911F910F91FF90EF90DF90CF90BF9091
:10950000AF909F90089562E070E080E090E00E944C
:109510000035DFCFCE0101960E94E2AB8091A40915
:109520009091A50901969093A5098093A409AFCFC6
:1095300080E0DCCF2FB7F8946091A1147091A21451
:109540008091A3149091A4142FBF0895EF920F93CC
:10955000EE24E39401E020E040E2BC0180E090E3EF
:109560000E941D22E7DF605D7A488F4F9F4F609316
:10957000690B70936A0B80936B0B90936C0B0F913C
:10958000EF900895CF93DF93CDB7DEB78091250A92
:10959000811112C09E01275F3F4F4F8158856FE3B5
:1095A00070E082E292E10E94A9EB82E292E10E94E5
:1095B000023182E292E1CADFDF91CF910895CF9329
:1095C000DF93EC0184E00E94338981112FC08091E8
:1095D000A9149091AA148C0F9D1F9093AA148093A4
:1095E000A9148091810990918209C80FD91FD09345
:1095F0008209C09381099EDF60937D0970937E0983
:1096000080937F09909380090E94FE29882371F03E
:109610008091530290915402019641F410925402A9
:1096200010925302DF91CF910C94F829DF91CF91E2
:109630000895CF92DF92EF92FF92CF93DF93EC01E8
:10964000BC01990F880B990B0E94E7EB2091C90987
:109650003091CA094091CB095091CC090E9446EC47
:109660006B017C01CE01ABDFCDEBDBE0A701960106
:10967000688579858A859B850E94A4F268877987A9
:109680008A879B87DF91CF91FF90EF90DF90CF90FB
:109690000895CF92DF92EF92FF924CDF6B017C0135
:1096A00028E5C20E22E0D21EE11CF11C0E94104FE0
:1096B0008F3FA1F03FDFA7019601261B370B480B18
:1096C000590BDA01C901181619061A061B0674F39C
:1096D00080E0FF90EF90DF90CF90089581E0F9CF88
:1096E0001F920F920FB60F9211242F933F938F93D7
:1096F0009F93AF93BF938091A1149091A214A091D6
:10970000A314B091A4143091A01423E0230F2D379B
:1097100058F50196A11DB11D2093A0148093A114AA
:109720009093A214A093A314B093A4148091A514B1
:109730009091A614A091A714B091A8140196A11D10
:10974000B11D8093A5149093A614A093A714B09371
:10975000A814BF91AF919F918F913F912F910F903E
:109760000FBE0F901F90189526E8230F0296A11D9B
:10977000B11DD2CF8BE1EFE3F3E1AAE5B3E10190B4
:109780000D928A95E1F780917A0B806480937A0B31
:1097900010926F0B8FEF9FEF90932702809326021A
:1097A000089580916F0B8823F1F02FEF3FEF3093F6
:1097B000270220932602815080936F0BEFE3F3E1A1
:1097C000882351F08150990B2BE1289FF001299FAC
:1097D000F00D1124EB58FC4E8BE1AAE5B3E10190AA
:1097E0000D928A95E1F780916F0B811105C09091E0
:1097F0007A0B906490937A0B089580917A0B84FF92
:1098000004C08460877F80937A0B0895CF92DF92A3
:10981000EF92FF920F931F93CF93DF93CDB7DEB7F5
:10982000EDB6FEB6DC010D900020E9F79D01281B86
:10983000390B285F3F4FEDB7FEB7E21BF30B0FB6B6
:10984000F894FEBF0FBEEDBF0DB71EB70F5F1F4FE1
:109850009F938F9388EF97E29F938F931F930F931C
:109860000E947AEB6801F4E0CF0ED11C0F900F90AC
:109870000F900F900F900F90D6018D916D0188235E
:1098800049F0082E000C990B0E9472F5F6013197F1
:109890008083F2CF63EF77E2C8010E94BEEA40E422
:1098A00050E0B8018BE299E00E942AEB0FB6F894E1
:1098B000FEBE0FBEEDBEDF91CF911F910F91FF90C5
:1098C000EF90DF90CF9008954F925F926F927F92CA
:1098D0008F929F92AF92BF92CF92DF92EF92FF92C0
:1098E0000F931F93CF93DF93EC0142305105610535
:1098F000710590F480E0DF91CF911F910F91FF905F
:10990000EF90DF90CF90BF90AF909F908F907F901F
:109910006F905F904F90089589859A85AB85BC853F
:109920000196A11DB11D84179507A607B70710F36F
:109930008F898031C9F5852E962EA72EBB248B8961
:109940009C89AD89BE89880E991EAA1EBB1E28015E
:1099500039016A017B0141E0C501B4010E949AAC62
:10996000882341F29F89903181F5DD24EE24FF2484
:10997000F601EE0FFF1FEF5FFA4E118300839A8905
:10998000923008F4B8CF4D815E816F817885840E66
:10999000951EA61EB71E8092051790920617A092DC
:1099A0000717B0920817A7CF803209F0A3CF8B8991
:1099B0009C89AD89BE894A015B01E7E0B694A79412
:1099C00097948794EA95D1F7BECFE894C7F8DD2441
:1099D000EE24FF24F601EE0FFF1FEE0FFF1FEF5FD7
:1099E000FA4E4082518262827382C9CFCF92DF9257
:1099F000EF92FF920F931F93CF93DF93FC0181852A
:109A00009285A385B4850196A11DB11D8417950784
:109A1000A607B70750F480E0DF91CF911F910F9117
:109A2000FF90EF90DF90CF90089587898031A9F55E
:109A3000BB27A72F962F852FC388D488E588F68863
:109A40008C0D9D1DAE1DBF1DE9016A017B018F01BB
:109A500040910117509102176091031770910417FC
:109A600084179507A607B70749F5F801878980315C
:109A700069F5B701A601552766277727440F551FBB
:109A80004F5F5A4EFA0180819181B0E0A0E0888357
:109A90009983AA83BB8381E0BFCF803209F0BBCF1B
:109AA000C388D488E588F688DB01CA01C7E0B6958B
:109AB000A79597958795CA95D1F7C2CF40E0BC018D
:109AC000CD010E949AAC8111D0CFA5CFB701A601DC
:109AD0004F77552766277727440F551F440F551F8B
:109AE0004F5F5A4EFA0180819181A281B381BF708C
:109AF000CECF4F925F926F927F92AF92BF92CF92F2
:109B0000DF92EF92FF920F931F93CF93DF9300D0DA
:109B10001F92CDB7DEB78C0149835A836B837C8358
:109B20005901C12CD12C7601412C82E0582E612C98
:109B3000712C49815A816B817C819E012F5F3F4F3F
:109B4000C80154DF882319F1F8018585A30192012A
:109B500004C0220F331F441F551F8A95D2F7DA0124
:109B6000C901C80ED91EEA1EFB1E49815A816B81AC
:109B70007C8187898031F1F481E0483F5F4F610546
:109B80007105B8F2F501C082D182E282F3820F90B2
:109B90000F900F900F90DF91CF911F910F91FF9039
:109BA000EF90DF90CF90BF90AF907F906F905F90DD
:109BB0004F90089581E0483F5F4F6F4F7F4008F41A
:109BC000B8CFE0CF0F931F93CF93DF93FC01238196
:109BD000222331F080E0DF91CF911F910F91089502
:109BE0008B01EC01FB018789803139F582E08B83A1
:109BF0001D8A1E8A1F8A188E808D918DB0E0A0E08C
:109C000025E0880F991FAA1FBB1F2A95D1F7898BC2
:109C10009A8BAB8BBC8B1A8F098F81E08983188656
:109C200019861A861B861C821D821E821F82188A34
:109C30001C861D861E861F86CECF803259F683E095
:109C40008B83428D538D648D758D4D8B5E8B6F8BA9
:109C5000788F9E012F5E3F4FC8014BDF8111DBCF14
:109C6000B9CF8F929F92AF92BF92CF92DF92EF9235
:109C7000FF920F931F93CF93DF93EC018B818111A0
:109C80000EC080E0DF91CF911F910F91FF90EF9078
:109C9000DF90CF90BF90AF909F908F9008950989EB
:109CA0001A892B893C89041715072607370748F3BB
:109CB0004A015B01823031F488869986AA86BB8688
:109CC00081E0E0CF81149104A104B10449F4188625
:109CD00019861A861B861C821D821E821F82F0CF67
:109CE000088519852A853B85E98DFA8D858590E063
:109CF0000996B901A8014150510961097109082E5D
:109D000004C076956795579547950A94D2F77501E3
:109D10006401E1E0CE1AD108E108F10804C0F6942C
:109D2000E794D794C7948A95D2F7C416D506E60669
:109D3000F70620F0012B022B032B09F58D899E8954
:109D4000AF89B88D8C839D83AE83BF838E010C5FFA
:109D50001F4FC114D104E104F10409F4ADCF4C81CB
:109D60005D816E817F819801898D9A8D3FDE91E0C2
:109D7000C91AD108E108F1088111EBCF82CFC41ACA
:109D8000D50AE60AF70AE2CF8F929F92AF92BF926E
:109D9000CF92DF92EF92FF920F931F93CF93DF93B7
:109DA00000D01F92CDB7DEB7FC018381813091F0E6
:109DB00080E00F900F900F900F90DF91CF911F9147
:109DC0000F91FF90EF90DF90CF90BF90AF909F905A
:109DD0008F900895818181FFEBCF81899289A3893A
:109DE000B489892B8A2B8B2B09F45CC07F0140E05E
:109DF00050E0BA01CF0135DF8823D1F2F701C18CE1
:109E0000D28C85889688A788B08C82E090E0A0E00C
:109E1000B0E0F60180839183A283B3839E012F5F1C
:109E20003F4FB501A401C601E1DD882309F4C0CF8D
:109E300000E010E09801B501A401C60145DD8823CA
:109E400009F4B6CF89809A80AB80BC80F6018789FF
:109E50008031F9F4F8EF8F16FFEF9F06A104B104EB
:109E6000E8F2F701158A168A178A108E118A128A6B
:109E7000138A148A818180688183C7010E943EAE63
:109E8000882309F495CF40E050E0BA01C701E9DE2C
:109E900090CF88EF88168FEF9806A8068FE0B80657
:109EA00000F7BCCF81E085CF2F923F924F925F9217
:109EB0006F927F928F929F92AF92BF92CF92DF92DA
:109EC000EF92FF920F931F93CF93DF9300D01F92D7
:109ED000CDB7DEB78C014B011A01DC0113968C91D2
:109EE0001397813009F0CEC011968C9181FFCAC0C2
:109EF00082FDB5C06101D80118964D915D916D91BB
:109F00007C911B97C114D10409F419C159968D9104
:109F10009C915A97FC0174802FEF270D2A013B0179
:109F200039E076946794579447943A95D1F7722E16
:109F300074207A01F1E0FF22711020C0E114F104D5
:109F4000E9F414964D915D916D917C9117974115AF
:109F500051056105710509F09BC055968D919D9144
:109F60000D90BC91A02D0097A105B10509F0A8C0E6
:109F7000C8010E943E79882309F484C0A12C82E0A4
:109F8000B82EAE18BF08CA14DB0408F45601D80175
:109F900059964D915C915A9714968D919D910D9083
:109FA000BC91A02D0297A109B109FA01258504C031
:109FB000880F991FAA1FBB1F2A95D2F74685578580
:109FC00060897189840F951FA61FB71F9C01AD0181
:109FD000270D311D411D511D29013A01A11432E007
:109FE000B30609F07BC08091011790910217A091F0
:109FF0000317B0910417481659066A067B0669F4E0
:10A00000109209178FEF9FEFDC0180930117909357
:10A010000217A0930317B093041780910A17909129
:10A020000B17DC01ED91FC910288F389E02D94017E
:10A03000B301A2011995882329F1F8018085918542
:10A04000A285B3858A0D9B1DA11DB11D80879187B7
:10A05000A287B3878A0C9B1CCA18DB084CCFF80177
:10A06000418952896389748980859185A285B385E8
:10A07000481759076A077B0709F43CCFC801F1DD8F
:10A08000811138CF81E0D8018C938FEF9FEF6DC0A5
:10A090009E012F5F3F4FAADC8823A1F389819A811B
:10A0A000AB81BC81F801218D328DF90127892031E6
:10A0B00069F4883FFFEF9F07A105B10508F058CF6D
:10A0C000F80184839583A683B78358CF883F2FEF09
:10A0D0009207A2072FE0B20798F34ACFE114F104E8
:10A0E00031F5F801408551856285738581899289B2
:10A0F000A389B489481759076A077B07C0F00E94F3
:10A1000051AC882309F4BECF81E0809309174092B7
:10A110000117509202176092031770920417A5015D
:10A12000B401C7018F5F9A4E0E9487F586CF41E048
:10A13000C301B2010E949AAC8111F1CFA3CFF80103
:10A1400081899289A389B48984179507A607B707DF
:10A1500038F48181418B528B638B748B806881834F
:10A16000F801818183FD18C0C1010F900F900F90FD
:10A170000F90DF91CF911F910F91FF90EF90DF90A3
:10A18000CF90BF90AF909F908F907F906F905F9097
:10A190004F903F902F900895C8010E943EAE8111CC
:10A1A000E3CF70CF2F923F924F925F926F927F9248
:10A1B0008F929F92AF92BF92CF92DF92EF92FF92D7
:10A1C0000F931F93CF93DF93EC014B017A018B81A7
:10A1D000811115C08FEF9FEFDF91CF911F910F91EC
:10A1E000FF90EF90DF90CF90BF90AF909F908F90B7
:10A1F0007F906F905F904F903F902F90089589814E
:10A2000080FFE8CF89899A89AB89BC8948855985BF
:10A210006A857B85841B950BA60BB70BA70170E0A5
:10A2200060E084179507A607B70708F47C0167016B
:10A230001E0124E0220E311CC114D10409F4A8C06F
:10A24000488559856A857B855A0181E0B822898DC8
:10A250009A8D2A013B0129E076946794579447949C
:10A260002A95D1F72B81FC01223081F5628D738D07
:10A27000848D958D640D751D861D971D00E012E07F
:10A280000A191B09C016D10608F486010115E2E07F
:10A290001E0771F440900117509002176090031749
:10A2A00070900417641575058605970509F04DC073
:10A2B00040E00E949AAC882309F48CCFB5016F5F0F
:10A2C0007A4EA801C4010E9487F551C01481115033
:10A2D0001421A114B10471F411110CC0452B462BAB
:10A2E000472B51F58D899E89AF89B88D8C839D83CD
:10A2F000AE83BF83E98DFA8D4C805D806E807F8058
:10A3000022E0421A510861087108858504C0440C96
:10A31000551C661C771C8A95D2F786859785A0897F
:10A32000B189480E591E6A1E7B1EC301B201610F1E
:10A33000711D811D911DA2CF4C815D816E817F8138
:10A34000910154DB8111D6CF45CFA0910A17B0916E
:10A350000B17ED91FC9111970088F189E02D940184
:10A36000AB01BC01CD011995882309F433CF800ED0
:10A37000911E88859985AA85BB85800F911FA11D97
:10A38000B11D88879987AA87BB87C01AD10A54CF85
:10A39000C70122CFBF92CF92DF92EF92FF920F932D
:10A3A0001F93CF93DF93EB01FC012381223008F44C
:10A3B0009CC040855185628573854F7155276627FE
:10A3C0007727452B462B472B09F08FC08C01109225
:10A3D0003B0B10923A0BC12CDD24DA947E01FBE09A
:10A3E000EF0EF11C8DE0B82E40E250E0BE01C80136
:10A3F000D9DE8032910581F021E0892B09F420E03B
:10A40000822F8195DF91CF911F910F91FF90EF9057
:10A41000DF90CF90BF9008952881222309F467C070
:10A42000253E11F02E3229F410923B0B10923A0B7C
:10A43000DBCF3B853F733F3009F042C04A8D5B8DD7
:10A44000452B61F52F713FEF320F323038F58D8596
:10A45000213041F1C81229C02150330BB29EC001F6
:10A46000B39E900D1124DC01A65CB44FFE0120E0E8
:10A470002B30F0F0468157814F3F510519F010F015
:10A480004FE550E04D932F5F32962D3089F72881AC
:10A4900026FF04C0FC01E95BF44F10822B8523FDED
:10A4A000A3CFB0CFC82ED12CD7CFDD24D394D4CF17
:10A4B000253018F044815581DFCF41815281DCCFB6
:10A4C000D1100EC0FE0120E020FB279527F9319125
:10A4D000230FEE16FF06C1F7C21601F3DD24D39455
:10A4E00010923B0B10923A0BD9CF8FEF8BCF80E0BD
:10A4F00089CF0F931F93CF93DF93CDB7DEB7EB9741
:10A500000FB6F894DEBF0FBECDBF80917A0B84FFEB
:10A510003BC0809126029091270297FF26C08BE1D5
:10A52000EAE5F3E1DE01919601900D928A95E1F75B
:10A53000CE0181960E94397A10E000E0BE016F5F83
:10A540007F4FCE01819626DF18163CF4CE0101968E
:10A550000E9420AC080F111DF1CF10932702009329
:10A560002602CE0181960E94852680912602909136
:10A570002702EB960FB6F894DEBF0FBECDBFDF917A
:10A58000CF911F910F91089590E080E0F2CFEF926C
:10A59000FF920F931F93CF93DF93CDB7DEB7EB9767
:10A5A0000FB6F894DEBF0FBECDBF8C01A2DF9801BD
:10A5B0002F5F3F4F82179307B0F19BDF01977C011C
:10A5C000E01AF10A8AE593E10E94397A8BE1EAE523
:10A5D000F3E1DE01919601900D928A95E1F710E08A
:10A5E00000E0BE016F5F7F4FCE018196D3DE18166B
:10A5F00084F4CE0101960E9420AC882391F3E016EA
:10A60000F106F9F4BE016F5F7F4F89E899E00E947F
:10A610003BACCE0181960E948526A89581E0909161
:10A620008909911101C080E0EB960FB6F894DEBF66
:10A630000FBECDBFDF91CF911F910F91FF90EF9093
:10A6400008950F5F1F4FCDCF0F931F93CF93DF93CD
:10A65000CDB7DEB7EB970FB6F894DEBF0FBECDBF18
:10A660008C018AE593E10E94397A8BE1EAE5F3E116
:10A67000DE01919601900D928A95E1F7BE016F5F20
:10A680007F4FCE01819686DE1816A4F4CE01019686
:10A690000E9420AC882391F3BE016F5F7F4F89E851
:10A6A00099E00E943BAC69E879E0C8010E9497F507
:10A6B000892B21F7CE0181960E948526EB960FB655
:10A6C000F894DEBF0FBECDBFDF91CF911F910F91E8
:10A6D0000895CF93DF93EB01FC012381211104C086
:10A6E00080E0DF91CF9108952250223028F48FE24C
:10A6F0008883198281E0F5CF60E00E9425AE009743
:10A7000079F3DC0160E080E09EE22D91203299F047
:10A71000883031F49E01260F311DF90190836F5F5F
:10A720009E01260F311DAD0141505109FA014081B2
:10A73000F90140836F5F8F5F8B3039F7FE01E60FC1
:10A74000F11D1082D7CFCF93DF93EC01CB01E881CD
:10A75000F98160817181BDDF28813981D901ED9155
:10A76000FC91AA81BB818C919081992359F0893603
:10A77000C8F4CF010196F901918380838C918F5F9A
:10A780008C93EACF893670F48FE28083E881F98177
:10A7900080819181019691838083EA81FB81808110
:10A7A0008F5F8083DF91CF9108950F931F93CF9395
:10A7B000DF9300D000D01F92CDB7DEB79C012F5F92
:10A7C0003F4F3F832E832FE2FC01208381E08D8366
:10A7D000CE0106969A83898301979C838B8310E030
:10A7E0000BE180916F0B181750F4109FB0011124EA
:10A7F0006B587C4ECE010196A6DF1F5FF2CF8D8194
:10A800008B3550F463E874E1CE0101969CDF8E81B4
:10A810009F8101979F838E83EE81FF81108227960F
:10A820000FB6F894DEBF0FBECDBFDF91CF911F9161
:10A830000F910895CF93DF93EC010E943EAE1B82EF
:10A84000DF91CF91089583E894E10E943EAE83E8C2
:10A8500094E1F0DF80917A0B8D7F8E7F80937A0B6D
:10A860001092760B1092770B1092780B1092790B56
:10A8700008951092AC0880917A0B8F7780937A0BB1
:10A880000E942435882319F083E894E1D3CF0895FA
:10A8900080917A0B8F7E80937A0B8FEF9FEF90934E
:10A8A00027028093260280914213882319F08FE3B8
:10A8B00093E1C0DF45E360E08AE297E10E944870DF
:10A8C00081110CC00E943E2A87EE97E20E94152A51
:10A8D00080917A0B84FF2FC00C94BACB61E08AE29E
:10A8E00097E10E94D8AC81110EC060E08AE297E146
:10A8F0000E94D8AC811107C08BE997E20E94152A0B
:10A9000083ED97E2E3CF6CE077E18FE393E15AD9EF
:10A91000811107C08BE997E20E94152A82EC97E229
:10A92000D5CF80917A0B806180937A0B0E943E2A6A
:10A9300086EB97E2CBCF80916B09882331F041E021
:10A9400061E084EA97E20C940E9208952F923F9270
:10A950004F925F926F927F928F929F92AF92BF922F
:10A96000CF92DF92EF92FF920F931F93CF93DF93DB
:10A97000CDB7DEB7C454D1090FB6F894DEBF0FBE11
:10A98000CDBF7C014B015A01222E19821C821C8EE4
:10A990001F8E6115710511F410E0B2C1DC01139630
:10A9A0008C918111F9CFFA0180818B018F32C9F42A
:10A9B000DB0113968C9113978250823058F0599690
:10A9C0006D917C91CE014C96FDD88E01045E1F4F97
:10A9D000882311F3C5015C010196F50120812F3216
:10A9E000D1F39E012F5F3F4F6901290130E2332EE1
:10A9F0002496CFAE24972596DFAE25973E013CE105
:10AA0000630E711C22963FAE229721963FAE21978E
:10AA10003FAE3EAE3DAE3CAE3BAE3AAE39AE38AEEA
:10AA20003FAA950190E047E0D9018D91882361F11B
:10AA30008F3251F18E3239F44A3009F4ADCF98E0BB
:10AA40004AE09D01F1CFEBE8F7E22491222321F0C7
:10AA500031968213FACFA0CF491708F49DCF8132E7
:10AA600008F49ACF8F3709F497CF3FE9380F3A317E
:10AA700008F420EEE7E3F0E0EC0FFD1FE90FF11D15
:10AA8000820F80839F5FDDCF8FA9803209F484CF4E
:10AA90005901D9018C912F5F3F4F8F32C9F3882321
:10AAA000A1F00815190511F0C801C4DE24969FAD68
:10AAB000249725968FAD25974C145D0411F4962D9F
:10AAC000872D8601C92ED82E9DCFF801818D928DBC
:10AAD000D7015A969C938E935997C8010E94397A50
:10AAE000C12CF80180859185A285B3854189528961
:10AAF0006389748984179507A607B70708F055C0BE
:10AB000025E0B695A795979587952A95D1F7F82FC3
:10AB1000FF70DF2ED80113968C91823008F43CCF61
:10AB200023961FAE239741E050E0BE016E5B7F4F3E
:10AB3000C80138DB019709F02FCFF8018085918596
:10AB4000A285B3854F96A11DB11D80879187A287ED
:10AB5000B387F0E2DF9EB00111246F5F7A4E61157A
:10AB6000710509F419CFDB018C91882341F0853EF2
:10AB700009F04DC0CC2029F0CC24C394B2CFC11031
:10AB80000EC08091011790910217A0910317B09108
:10AB90000417F70184879587A687B787D08ADB01DA
:10ABA0008C918111E9CFCC24C394822D827482349C
:10ABB00009F0F2CECC2009F4C6C0F701D08861E0DC
:10ABC000C7010E9425AE009709F4E6CE20E2DC0121
:10ABD0001D922A95E9F72BE0FE01F796DC01019022
:10ABE0000D922A95E1F721E238E2FC01318B208BAE
:10ABF00040E058E057874687338B228B318F208F78
:10AC0000578B468B0E9451AC81110AC0C5CE4BE0D8
:10AC100050E0CE01C7960E947AF5892B09F061CFEA
:10AC20002D2D30E0F901B5E0EE0FFF1FBA95E1F7E9
:10AC3000DF01AF5FBA4E1B968C91817121F0822D9E
:10AC4000827109F01FC1D70159968D919C915A9735
:10AC500040910117509102176091031770910417EA
:10AC60001C964D935D936D937C931F975096DC9249
:10AC70005097EF5FFA4E84889588B12CA12C54012F
:10AC80009924882455968D929D92AD92BC925897A6
:10AC9000428D538D70E060E0482959296A297B294B
:10ACA00055964D935D936D937C935897A5E0220F35
:10ACB000331FAA95E1F7D901AF5FBA4E1B962C91CD
:10ACC000287109F0D1C0848D958DA68DB78DF701BF
:10ACD000818B928BA38BB48B81E08383822D8F70C9
:10ACE000F7018183148215821682178210861186DD
:10ACF0001286138611E024FE03C0C70145D8182F21
:10AD0000CE014C960E948526CE0101960E94852692
:10AD1000812FCC5BDF4F0FB6F894DEBF0FBECDBFE7
:10AD2000DF91CF911F910F91FF90EF90DF90CF9027
:10AD3000BF90AF909F908F907F906F905F904F905B
:10AD40003F902F900895D80113968C9113978230DD
:10AD500009F422CE51968D919D910D90BC91A02D1C
:10AD6000803E9F4FAF41B10508F016CEC8010E944A
:10AD70003E79882309F410CE0E9451AC882309F44F
:10AD80000BCED8015996ED91FC915A9714968D905F
:10AD90009D90AD90BC901797B2E08B1A9108A108D6
:10ADA000B108858504C0880C991CAA1CBB1C8A9517
:10ADB000D2F786859785A089B189880E991EAA1E2B
:10ADC000BB1E81E0809309178092011790920217B1
:10ADD000A0920317B0920417E1E0F5E180E092E061
:10ADE000DF019C011D9221503040E1F7DD24D39416
:10ADF000D8015996ED91FC918481D816C0F48091C8
:10AE00000A1790910B17DC01ED91FC910288F389F0
:10AE1000E02D21E035E1B501A4014D0D511D611D6D
:10AE2000711D1995882309F4B7CDD394E1CF2585F9
:10AE300080E092E0A0E0B0E004C0880F991FAA1F54
:10AE4000BB1F2A95D2F7F801418952896389748919
:10AE5000840F951FA61FB71F818B928BA38BB48B7A
:10AE600081E095E1D12CB2CE203161F497012F5EC3
:10AE70003F4F0E9479CD882329F084E0D7011396B3
:10AE80008C932CCFD70113961C9286CDCF9321E0C3
:10AE90004EEA54E06FE373E184E293E157DDC82F9B
:10AEA000882319F084E293E1C5DC8C2FCF910895BB
:10AEB000EF92FF921F93CF93DF93C82F7B011091E6
:10AEC0001F138FEF80931F130E943E2AC130C1F0E1
:10AED000C0EED8E284EF98E20E94152ACE010E94CB
:10AEE000152AB7018CEE98E20E94232A0E94412A7B
:10AEF00010931F13DF91CF911F91FF90EF90089552
:10AF0000C6EED8E2E7CFBC0182E098E20E94232A95
:10AF10008FEF97E20C94152A2F923F924F925F92F7
:10AF20006F927F928F929F92AF92BF92CF92DF9259
:10AF3000EF92FF920F931F93CF93DF931F921F9275
:10AF4000CDB7DEB7382E7B012DB73EB73A832983C4
:10AF50008091F914811107C01092DE141092E1144F
:10AF600081E08093F9148091D614811107C010926A
:10AF7000BB141092BE1481E08093D614DA018C9138
:10AF80008F3209F080C08FE393E1F70191838083D2
:10AF90004F5F5F4F311010926F0BF701408051806F
:10AFA0008A012EEDC22E24E1D22E3BE1232E011583
:10AFB0001105A9F16DB67EB66FE270E0C8010E947E
:10AFC000AAF55C010817190728F5AC01401B510BC5
:10AFD00055274F5F5F4F2DB73EB7241B350B0FB67C
:10AFE000F8943EBF0FBE2DBF8DB79EB701964C01A2
:10AFF000B8010E942AEBC6011DDCD7016D917C913E
:10B0000021E0A401C601A2DC811143C0C4017BDFA1
:10B0100010E000E00FB6F8947EBE0FBE6DBE332088
:10B02000A9F0D701ED91FC918BE1AAE5B3E1019084
:10B030000D928A95E1F791E080916F0B811190E07C
:10B0400080917A0B90FB86F980937A0BC801E98195
:10B05000FA810FB6F894FEBF0FBEEDBF0F900F90B0
:10B06000DF91CF911F910F91FF90EF90DF90CF90E4
:10B07000BF90AF909F908F907F906F905F904F9018
:10B080003F902F9008958AE593E1D7018D939C938B
:10B0900084CFF701808191814816590609F0CADBF7
:10B0A000D701CD92DC92332099F0A0916F0BAA309A
:10B0B00078F481E08A0F80936F0B2A9ED0011124CF
:10B0C000AB58BC4EF601822D01900D928A95E1F7A6
:10B0D000BEEDCB16B4E1DB0669F49BEBC92E94E11F
:10B0E000D92E85010F5F1F4F0FB6F8947EBE0FBE9D
:10B0F0006DBE5DCF8EEDC82E84E1D82EF2CF1F93AA
:10B10000CF93DF93CDB7DEB76D970FB6F894DEBF60
:10B110000FBECDBF1D8E1C8EAC01BE01645E7F4F85
:10B1200080E0FADE10E0009799F019821C826C8DA5
:10B130007D8D21E0AC01CE01019608DC182F88231B
:10B1400019F0CE01019676DBCE0101960E9485268C
:10B15000812F6D960FB6F894DEBF0FBECDBFDF9185
:10B16000CF911F910895EF92FF921F93CF93DF939A
:10B1700000D000D000D01F92CDB7DEB780917A0BFF
:10B1800084FF86DB80917A0B84FF3BC00E9473268C
:10B19000811137C08091700B90E08F969F938F93B1
:10B1A00089EF98E29F938F93CE0101967C019F9344
:10B1B0008F930E947AEB80917A0B0F900F900F90F3
:10B1C0000F900F900F9084FF1CC0C70198DF182FBD
:10B1D0008823B9F00E94BACBC7010E9406CC8091A7
:10B1E000700B8F5F8093700B812F2A960FB6F894A7
:10B1F000DEBF0FBECDBFDF91CF911F91FF90EF90CB
:10B2000008951092700B10E0EFCF0E943E2A6091DB
:10B210008709709188098AE49DE20E94232A87E4C5
:10B220009DE20C94152A8F929F92AF92BF92EF925B
:10B23000FF920F931F93CF93DF931F921F92CDB76F
:10B24000DEB77C0180917A0B84FD03C0C7015BDE11
:10B2500069C0613009F479C008F471C0623009F442
:10B26000D5C080917A0B877F8B7F80937A0B01DB2F
:10B27000A701BE016F5F7F4F81E04EDE8C0100971A
:10B2800029F369817A8121E0AC0183E894E15EDBF6
:10B29000882309F4C2C08091941490919514A091D0
:10B2A0009614B09197148093720B9093730BA093A4
:10B2B000740BB093750B1092760B1092770B109263
:10B2C000780B1092790BF0901F138FEF80931F1360
:10B2D000B8018DE298E20E94232A8090720B909030
:10B2E000730BA090740BB090750B85E298E20E94EE
:10B2F000152AC501B4010E9449260E94412A86E10F
:10B3000098E20E94152AF0921F13C8019DD98091DE
:10B310003A0B882311F00AE31BE040E060E0C8012B
:10B320000E94D9910F900F90DF91CF911F910F91B3
:10B33000FF90EF90BF90AF909F908F900895B701CE
:10B3400082E0B6DD1092710B8CCF0E942435811102
:10B3500004C0B70181E0ACDD84CF8091710B8823FC
:10B3600099F00E943B2A86E898E20E94152A81E023
:10B3700090E00E94A2330E94412A40E070E060E029
:10B3800085E798E20E94813481EB98E00EDAE09143
:10B39000710B84E0E89FF0011124E355F74F809191
:10B3A000760B9091770BA091780BB091790B8083FD
:10B3B0009183A283B3830E943E2AB7018CE598E271
:10B3C0000E94232A6091710B89E6689FB0011124C5
:10B3D0006F54774F81E598E20E94232A8090760B84
:10B3E0009090770BA090780BB090790B8BE498E25B
:10B3F0000E94152AC501B4010E9449260E94412AD3
:10B400008091710B8F5F8093710B2BCF0E943E2A2E
:10B410008BE398E20E94152A24CFC80118CFCF935E
:10B42000DF93EB010E94152ACE010E94C126DF9115
:10B43000CF910C94412AEF92FF920F931F93CF93D9
:10B44000DF931F921F92CDB7DEB720917A0B24FFB6
:10B4500031C07C01BC0182E02BDD1092710B809128
:10B460007A0B877F8B7F80937A0B03DAA701BE016B
:10B470006F5F7F4F80E050DD8C01C7010115110522
:10B4800019F169817A8126E5A80183E894E15EDA01
:10B490008823C9F080917A0B816080937A0BC80170
:10B4A000D3D8B8018EEC98E2BADF40E060E0C80182
:10B4B0000E94D9910F900F90DF91CF911F910F9122
:10B4C000FF90EF900895C8011EDDF4CFCF939091C7
:10B4D0007A0B94FF1DC090912713911119C02AE592
:10B4E000811121E0C82F4EEA54E06FE373E184E25A
:10B4F00093E12CDA811104C08EEA94E0CF9103CD60
:10B50000C11106C06EEA74E08EEC98E2CF9187CF4D
:10B51000CF910895FF920F931F93CF93DF93CDB7F1
:10B52000DEB76D970FB6F894DEBF0FBECDBF20918A
:10B530007A0B24FF27C0AC01BE01645E7F4F80E020
:10B54000EBDC8C010097F1F06C8D7D8D19821C82F3
:10B5500022E0AC01CE010196F9D981111FC0F12C76
:10B56000CE0101960E948526B801FF2061F180EC92
:10B5700098E255DF1092760B1092770B1092780BB1
:10B580001092790B6D960FB6F894DEBF0FBECDBF4B
:10B59000DF91CF911F910F91FF900895CE010196F9
:10B5A0000E94C4CE8823D9F261E0CE0101960E94A8
:10B5B00025AE0097A1F225EEFC0120831C820E949B
:10B5C00051ACF82ECDCF88EA98E20E94232A85EA72
:10B5D00098E20E94152AD6CF2F923F924F925F9207
:10B5E0006F927F928F929F92AF92BF92CF92DF9293
:10B5F000EF92FF920F931F93CF93DF93CDB7DEB7F8
:10B60000C655D1090FB6F894DEBF0FBECDBF5C01A1
:10B610007B016DB67EB6BE016F5F7F4FC5010E9494
:10B62000CAD118160CF068C08C858871803109F079
:10B6300082C08DB69EB610E000E0E114F10439F04E
:10B64000F70101900020E9F78F010E191F09C801C9
:10B650000D962DB73EB7281B390B0FB6F8943EBF99
:10B660000FBE2DBF8DB79EB701966C01080F191F35
:10B67000E114F10439F0B7010E94B5F58FE2F80149
:10B6800031978083BE016F5F7F4FC8010E943BAC42
:10B690001CAE1FAE21E0A801B501CE01CC9656D953
:10B6A0008823D9F08BE1FE01FC96DE019196019092
:10B6B0000D928A95E1F7B601CE0181968DDFCE011C
:10B6C00081960E948526CE01CC960E9485260FB6D3
:10B6D000F8949EBE0FBE8DBE9ECF0E943E2AB8013A
:10B6E0008BE89CE29CDECE01CC960E9485260FB6AC
:10B6F000F8949EBE0FBE8DBE0FB6F8947EBE0FBEF0
:10B700006DBECA5ADF4F0FB6F894DEBF0FBECDBF75
:10B71000DF91CF911F910F91FF90EF90DF90CF902D
:10B72000BF90AF909F908F907F906F905F904F9061
:10B730003F902F900895CE0101960E9420AC88235F
:10B7400009F469CFE114F10431F0C7010E94C12668
:10B750008FE20E940CC02D8C3E8C4F8C58A0BE01F5
:10B760006F5F7F4F89E899E00E943BAC0E94C12641
:10B7700080E20E940CC0C201B1010E9449260E94D1
:10B78000412A49CF0F931F9341E050E0082E02C099
:10B79000440F551F0A94E2F7052E000C660B770B39
:10B7A0000091D6091091D7092091D8093091D90973
:10B7B000402B512B622B732B4093D6095093D70902
:10B7C0006093D8097093D9099091D509891303C062
:10B7D00081E08093D3091F910F9108952F923F929A
:10B7E0004F925F926F927F928F929F92AF92BF9291
:10B7F000CF92DF92EF92FF920F931F93CF93DF933D
:10B80000CDB7DEB7CB5AD1090FB6F894DEBF0FBE65
:10B81000CDBF209165123091661240916712509110
:10B820006812CC55DF4F288339834A835B83C45A1F
:10B83000D0408091691290916A12A0916B12B091E0
:10B840006C12C855DF4F88839983AA83BB83C85A7B
:10B85000D040B0906D12A0906E1230906F12209078
:10B8600070122091711230917212409173125091A6
:10B870007412C056DF4F288339834A835B83C05AD2
:10B88000D0408091141390911513A0911613B0918C
:10B890001713C656DF4F88839983AA83BB83CA597F
:10B8A000D04080911D1381FF05C09091DA09986006
:10B8B0009093DA0982FB882780F980935207809160
:10B8C0007A0B87FDF8C281E296E00E94FC69009144
:10B8D000A4121091A5120115110599F080917A0B0F
:10B8E00087FDE9C26BE176E0CE0101960E94071E5A
:10B8F000B801CE0101960E941820CE0101960E9447
:10B90000CE690091A2121091A312043B110514F408
:10B9100004EB10E080917A0B87FDCDC265E176E003
:10B92000CE0101960E94071EB801CE0101960E9429
:10B930001820CE0101960E94CE6980917A0B87FD76
:10B94000BAC220917B1230917C1240917D125091AD
:10B950007E126B2D7A2D832D922D0E94A4F24B0125
:10B960008C018DE096E00E94FC6980911D136401BA
:10B97000780180FD04C0CB2CDA2CE32CF22C8091D2
:10B980007A0B87FD98C2C601D701C057DF4F888365
:10B990009983AA83BB83C059D04033E0732ECC5621
:10B9A000DF4F7882C459D04066E076E0CE01019640
:10B9B0000E94071EBE0160577F4FCE0101960E9474
:10B9C000791ECE0101960E94CE699401A801B601AC
:10B9D000C7010E94E1EB87FF26C080917A0B87FDAB
:10B9E0006AC2C401D801C557DF4F88839983AA83EF
:10B9F000BB83CB58D040C157DF4F7882CF58D0405F
:10BA00006EEF75E0CE0101960E94071EBE016557DC
:10BA10007F4FCE0101960E94791ECE0101960E94B1
:10BA2000CE696401780180917A0B87FD44C286EF6C
:10BA300095E00E94FC6987E080936F0980933D0741
:10BA400080917A0B87FD37C24090A7125090A812C0
:10BA50006090A9127090AA1280911D1383FB882711
:10BA600080F9C256DF4F8883CE59D040C156DF4F90
:10BA70001882CF59D040C256DF4F88809980CE5966
:10BA8000D04090E3890E911C60EF75E08E010F5F4E
:10BA90001F4FC8010E94071EB401C8010E94182050
:10BAA000EB964CAE5DAE6EAE7FAEEB9721E0EC96C2
:10BAB0002FAFEC976AE50E94F21DBE0169587F4FD7
:10BAC0000E94791EC8010E94CE6980917A0B87FD81
:10BAD000F2C1C601D701CA57DF4F88839983AA8371
:10BAE000BB83C658D04023E0F22EC657DF4FF88202
:10BAF000CA58D04069EE75E0C8010E94071EBE0119
:10BB00006A577F4FC8010E94791EC8010E94CE6902
:10BB100080911D1384FF27C080917A0B87FDCBC1D4
:10BB200080919E1290919F12A091A012B091A112AB
:10BB3000CB56DF4F88839983AA83BB83C559D040F6
:10BB4000C756DF4FF882C959D04063EE75E0C8018F
:10BB50000E94071EBE016B567F4FC8010E94791ECE
:10BB6000C8010E94CE69E090A212F090A3128091C9
:10BB70007A0B87FB882780F9E114F10471F08111B9
:10BB80009AC16DED75E0C8010E94071EB701C8019A
:10BB90000E941820C8010E94CE69E090A612F12CE4
:10BBA00080917A0B87FB882780F9E114F10441F139
:10BBB000811181C167ED75E0C8010E94071E1F92C7
:10BBC0001F9284EE94E09F938F936E01A2E6CA0EBB
:10BBD000D11CDF92CF920E94D5F5B601C8010E9418
:10BBE0005F1E63E50E94F21DB7010E941820C80184
:10BBF0000E94CE690F900F900F900F900F900F90B2
:10BC000080917A0B87FD57C16EEC75E0C8010E94E8
:10BC1000071ECC55DF4F288139814A815B81C45A88
:10BC2000D040E6962CAF3DAF4EAF5FAFE69793E0C6
:10BC3000F92EE796FFAEE797BE016E587F4FC80119
:10BC40000E94791EC855DF4F288139814A815B8166
:10BC5000C85AD040E1962CAF3DAF4EAF5FAFE197F1
:10BC6000E296FFAEE29769E50E94F21DBE016359BC
:10BC70007F4F0E94791EC8010E94CE6980917A0B85
:10BC800087FD19C18B2D9A2DA32DB22DCF57DF4FD4
:10BC900088839983AA83BB83C158D040CB57DF4F99
:10BCA000F882C558D04066EC75E0C8010E94071EB6
:10BCB000BE016F577F4FC8010E94791EC8010E94C4
:10BCC000CE6980917A0B87FDF6C0E0907512D09016
:10BCD000761262EC75E0C8010E94071EDF92EF92B7
:10BCE00084EE94E09F938F936E0132E6C30ED11CD5
:10BCF000DF92CF920E94D5F5B601C8010E945F1E67
:10BD0000C8010E94CE698091771290917812909329
:10BD10001202809311026091791270917A1280E080
:10BD20000E94B11980917A0B0F900F900F900F9095
:10BD30000F900F9087FDBFC0C056DF4F888199815B
:10BD4000AA81BB81C05AD040C458DF4F88839983F1
:10BD5000AA83BB83CC57D040C058DF4FF882C0586D
:10BD6000D0406BEB75E0C8010E94071EBE0164580D
:10BD70007F4FC8010E94791EC8010E94CE6987E0EA
:10BD8000EFE7F2E1A3EDB9E001900D928A95E1F7BA
:10BD90008091D5090E944A208CE0E6E8F2E1ACE10E
:10BDA000B9E001900D928A95E1F78CE0E2E9F2E1C9
:10BDB000A1E7B9E001900D928A95E1F780911C13FB
:10BDC0008093631281E08093C7070E948E35809133
:10BDD0007A0B87FD70C041E650E066EB75E0C80164
:10BDE0000E94DBEAD8010D900020E9F7CD01019710
:10BDF000801B910B8036910550F441E650E0481BC2
:10BE0000590B6BEA72E1800F911F0E942AEBC80167
:10BE10000E94CE6980917A0B87FD4DC090901813D7
:10BE20008090191370901A1360901B1361EB75E0EA
:10BE3000C8010E94071EC356DF4FB881CD59D040BC
:10BE4000BF93C456DF4FE881CC59D040EF93C5561D
:10BE5000DF4FF881CB59D040FF93C656DF4F288182
:10BE6000CA59D0402F9387EEE82E84E0F82EFF9237
:10BE7000EF92DF92CF920E94D5F5B601C8010E94E1
:10BE80005F1E64E50E94F21D5C016F927F928F92AB
:10BE90009F92FF92EF92DF92CF920E94D5F5B6016A
:10BEA000C5010E945F1EC8010E94CE690FB6F894BA
:10BEB000DEBF0FBECDBFC555DF4F0FB6F894DEBF56
:10BEC0000FBECDBFDF91CF911F910F91FF90EF90EB
:10BED000DF90CF90BF90AF909F908F907F906F90AA
:10BEE0005F904F903F902F900895CF93DF9384E21F
:10BEF00093E10E94852683E894E10E948526C3E8A9
:10BF0000D4E16B97CE010E94852683E1C537D8071F
:10BF1000C1F78AE593E10E9485268FE393E1DF91E3
:10BF2000CF910C94852680917A0B847E8B7F8093B1
:10BF30007A0B1092760B1092770B1092780B10926E
:10BF4000790B1092720B1092730B1092740B10926B
:10BF5000750B1092710B1092700B10926F0BE5E73E
:10BF6000F3E18EE091E0DF019C011D922150304011
:10BF7000E1F780910A018E7F80930A0180910B0185
:10BF8000809581708093090110923F1310924213A3
:10BF900010925A1310925D1383E894E11082138279
:10BFA0007B968E179F07D1F787EC94E090932B1721
:10BFB00080932A1710922C1789E180932E171092E4
:10BFC000311710922317109283141092861481E077
:10BFD00080939E0B10929F0B1092A00B1092A10BBE
:10BFE0001092A20B1092A30B1092A40B1092A50B0F
:10BFF0001092A60B1092A70B1092A80B1092A90BEF
:10C000001092AA0B1092AB0B1092AC0B1092AD0BCE
:10C010001092AE0B1092AF0B1092B00B1092B10BAE
:10C020001092B20B1092B30B1092B40B1092B50B8E
:10C030001092B60B1092B70B1092B80B1092B90B6E
:10C040001092BA0B1092810B1092820B1092830BFC
:10C050001092840B1092850B10928A0B10928B0B0E
:10C0600010928C0B10928D0B10928E0B8FEF809391
:10C07000800B1092BC0B1092BB0B8DEB9BE090934E
:10C08000CA0B8093C90B1092EB0B1092EC0B109221
:10C09000ED0B1092EE0B1092E70B1092E80B109242
:10C0A000E90B1092EA0B1092E30B1092E40B109242
:10C0B000E50B1092E60B1092DF0B1092E00B109242
:10C0C000E10B1092E20B1092DB0B1092DC0B109242
:10C0D000DD0B1092DE0B1092D70B1092D80B109242
:10C0E000D90B1092DA0B1092D30B1092D40B109242
:10C0F000D50B1092D60B1092CF0B1092D00B109242
:10C10000D10B1092D20B109232171092331710925B
:10C110003417109235171092CE0B1092CD0B10924F
:10C12000CC0B1092CB0BEFEEFBE015AEED59FF4FB1
:10C1300032E1EF31F307C9F710921F128DE08093BF
:10C140002112109222121092611280E08E7F8D7F58
:10C150008B7F877F80936312109224131092271392
:10C1600010927F12109280121092811210928212FD
:10C1700010928312109284121092851283E08093A1
:10C180001F1387E397E1909321138093201386E395
:10C1900097E190932313809322130895CF93DF9315
:10C1A000CDB7DEB7EB970FB6F894DEBF0FBECDBFAD
:10C1B000789484B5826084BD84B5816084BD85B582
:10C1C000826085BD85B5816085BD80916E0081608E
:10C1D00080936E0010928100809181008260809334
:10C1E0008100809181008160809381008091800036
:10C1F0008160809380008091B10084608093B10061
:10C200008091B00081608093B00080919100826045
:10C210008093910080919100816080939100809142
:10C2200090008160809390008091A1008260809353
:10C23000A1008091A10081608093A1008091A00065
:10C2400081608093A0008091210182608093210110
:10C250008091210181608093210180912001816082
:10C260008093200180917A00846080937A0080918D
:10C270007A00826080937A0080917A008160809356
:10C280007A0080917A00806880937A001092C100D1
:10C2900020913E172FA314BE1092C0008091C000C1
:10C2A00082608093C0001092C50087E08093C40034
:10C2B0008091C10080618093C1008091C10088603D
:10C2C0008093C1008091C10080688093C1000E946A
:10C2D0009ACA6B017C0138EEC30E33E0D31EE11C19
:10C2E000F11C87E397E10E949F35882309F4CAC0B7
:10C2F0001092C8008091C80082608093C80010929C
:10C30000CD0080E18093CC008091C9008061809352
:10C31000C9008091C90088608093C9008091C900DC
:10C3200080688093C9000E949ACA6B017C0148EE24
:10C33000C40E43E0D41EE11CF11C86E397E10E9489
:10C340009F35882309F4AEC088EE9AE20E94152A30
:10C3500080919C0490919D04A0919E04B0919F04B3
:10C3600089A39AA3ABA3BCA3AE014F5D5F4F5BABA8
:10C370004AABCE0185969EA38DA3412C74E2572E25
:10C3800074EF672E712CEAA9FBA96191FBABEAABB4
:10C39000CE0101960E94A1358A89811126C1898921
:10C3A000882309F422C1FF85FDA70FEF10E0F230CA
:10C3B00011F00FEF1FEF29813A813DAB2CAB4B8180
:10C3C0005C815CA74BA78EE0E0EAF4E0DE015396C7
:10C3D00001900D928A95E1F7980150E040E06BE002
:10C3E000220F331F441F551F6A95D1F7C301B201B5
:10C3F0000E940BF219016FEF261A360A8DA58230C2
:10C4000009F060C091E098AFE3E0E9AFAE014D5EA6
:10C410005F4F5FAB4EAB51E058A761E06EA719AA22
:10C420008FEF90E098AB8FA7EEA9FFA9A190B190F4
:10C43000FFABEEABC501B0E0A0E0FDA5F23009F422
:10C4400046C080329105A105B10509F49CC0803831
:10C450009105A105B10509F496C09501A8EEB3E0D8
:10C460000E9453F29B01AC01C301B2010E940BF286
:10C47000C901019736952795009759F5882483942B
:10C48000912C2CC00E949ACAA7019601261B370B3B
:10C49000480B590BDA01C901181619061A061B06B2
:10C4A0008CF326CF0E949ACAA7019601261B370B50
:10C4B000480B590BDA01C901181619061A061B0692
:10C4C0008CF342CFFAE0F8AF2EE029AF9FCF98016E
:10C4D000C80148018017910708F44C012115310566
:10C4E00009F4A1C13AA729A70217130710F41AA744
:10C4F00009A794012F5F3F4FD5010E9453F29B0182
:10C50000AC01C301B2010E940BF269013BAF2AAF3B
:10C510009501A9A5BAA50E9453F29B01AC01220F77
:10C52000331F441F551FC301B2010E940BF2F901D2
:10C5300069EE261663E0360608F47AC1B10188EE8A
:10C5400093E0DB01A81BB90B8AAD9BAD893E9340FC
:10C5500008F472C1B60188EE93E0681B790BE93EDE
:10C56000F34008F46DC1C901E8EEF3E08E1B9F0BA8
:10C570006A177B0720F48617970708F065C18A17AA
:10C580009B0708F469C158A55F5F58A7583009F0A8
:10C590004BCFECA9FDA980818C7F9EA59370892B40
:10C5A0008083EBA5FCA52081FEA58F2F90E09595BB
:10C5B000879595958795A3E0880F991FAA95E1F730
:10C5C000277E822BEBA5FCA580838081887FF9A93B
:10C5D0008F2BEBA5FCA58083FDA5F23031F0ED8516
:10C5E000FE852FA538A9318320834DA15EA18AA99C
:10C5F0009BA94817590709F0C6CE809101018F7D8C
:10C6000080930101809102018095807280930001E6
:10C610000E94A833809107018D7F8093070180914C
:10C62000080180958270809306019FA190FF04C04D
:10C630008FED9AE20E94152AEFA1E1FF04C08EEC73
:10C640009AE20E94152AFFA1F2FF04C08CEB9AE245
:10C650000E94152A2FA123FF04C08BEA9AE20E94B0
:10C66000152A3FA135FF04C08AE99AE20E94152AE3
:10C6700085E89AE20E94152A0E943E2A81E59AE204
:10C680000E94152A0E943E2A89E39AE20E94152AF6
:10C690000E943E2A8091381790913917BE016F5F32
:10C6A0007F4F009709F4E2C0681B790B8AE29AE297
:10C6B0000E94AE3383E19AE20E94152A80E396E05D
:10C6C0000E9471330E94412A0E947E230E9422C44C
:10C6D0000E9448D480919E14811107C00E9417A027
:10C6E000882319F081E080939E1420911C093091D9
:10C6F0001D0940911E0950911F096091260A7091F1
:10C70000270A8091280A9091290A0E94A4F2609336
:10C71000260A7093270A8093280A9093290A209169
:10C7200020093091210940912209509123096091FB
:10C730002A0A70912B0A80912C0A90912D0A0E944E
:10C74000A4F260932A0A70932B0A80932C0A909388
:10C750002D0A2091240930912509409126095091F4
:10C76000270960912E0A70912F0A8091300A9091CA
:10C77000310A0E94A4F260932E0A70932F0A8093CC
:10C78000300A9093310A0E94868C9D9AA5986D9AE2
:10C79000759880911F12811101C06B9A87ED80936B
:10C7A0007A0010927E0010927D0080917E0082605F
:10C7B00080937E0080917D00806480937D0080E87E
:10C7C00087BD80916E00826080936E00E1E1FAE2A5
:10C7D000C590D49045E0C416D1041CF4E5E0CE2EFB
:10C7E000D12CD0923102C09230020D2C000CEE08F8
:10C7F000FF0800912C0210912D02C8010E944BC22B
:10C800004B015C01C701B601E2D79B01AC01C50138
:10C81000B401D7D787FF2DC00051110910932D0205
:10C8200000932C02E6CF21E030E03AA729A761CEA1
:10C83000C10168EE73E085CEC60168EE73E08DCE6F
:10C84000F90188EE93E092CE160199AD9EA7E8A576
:10C85000E9AB98AA8FA697CE1901F8ADFEA728A537
:10C8600029AB49A55AA558AB4FA78DCE6E5377413A
:10C870001DCFE5E0F9E2C590D49051E0C51AD1088A
:10C8800065E0C61661E0D60624F074E0C72EDD240C
:10C89000D394D0923302C09232020D2C000CEE08D9
:10C8A000FF0800912E0210912F02C8010E944BC276
:10C8B0004B015C01C701B6018AD79B01AC01C501E0
:10C8C000B4010E94CBF418163CF4005F1F4F109384
:10C8D0002F0200932E02E5CF809128029091290229
:10C8E0000E94947B20E030E040EA50E46AD787FF62
:10C8F0000AC08091280290912902409790932902C2
:10C9000080932802E9CF80912A0290912B020E9405
:10C91000947B20E030E04CED52E40E94CBF41816FA
:10C9200054F480912A0290912B02409690932B020E
:10C9300080932A02E8CF0E944D908098889A0A98A6
:10C94000129A80910101877F8093010180910201F9
:10C95000809588708093000110921B0910921A092B
:10C960000E942D8E80910701816080930701809144
:10C970000701886080930701809107018068809398
:10C980000701859A869A8E9A6C9A749A809107010B
:10C990008061809307018091080180958071809368
:10C9A0000601839A8B9A879A8F988E9A80916F0945
:10C9B0008E7F80936F0980910701846080930701C7
:10C9C00080910801847080930601749A80916F09A8
:10C9D0008D7F80936F0980910701806280930701AA
:10C9E00080910801807280930601809108018095F2
:10C9F00080718093060180916F098B7F80936F090E
:10CA0000849A8C988B9A809180008C7F8093800090
:10CA100080918100877E8860809381008091800072
:10CA20008F738093800080918100887F82608093E3
:10CA3000810080E090E490938900809388001092B8
:10CA40008500109284000E94F82978940E948E7CC0
:10CA5000109270090E942D8E88E198E20FB6F8942A
:10CA6000A895809360000FBE909360000E94FF2BFA
:10CA700083E080936B092DE0322E3AE0432E4FEE97
:10CA8000842E4AE2942E53E0552E69E2662E6BE224
:10CA9000762E80E00E94643680917A0B87FF1EC05C
:10CAA0001092700B877F8B7F80937A0B0E9439D412
:10CAB00010925B0210925A02109259020E94B78C97
:10CAC0000E94A9900E947D7B10922012109228094A
:10CAD0000E94552690922A098092290980916B091B
:10CAE000EDB6FEB610E000E0843009F441C0ADB60A
:10CAF000BEB66091290970912A0910E000E0611525
:10CB0000710509F067C080912B09882309F401C1E0
:10CB1000EBE2F9E08F010B521940F190FF2019F080
:10CB20002AE0F212F7CF0115110559F0F801E55D81
:10CB3000F64F10828BE299E00E94C22480E00E94AE
:10CB40004A5481E0F11001C080E0800F982FE92F56
:10CB5000F0E0E55DF64F2081E92FE81BF0E0E55DB0
:10CB6000F64F2083222309F470C09F5FF0CF8C0121
:10CB7000F801EB50F54DE491C8010196EE2311F058
:10CB8000EA30A9F7EDB7FEB7E81BF90B0FB6F8943A
:10CB9000FEBF0FBEEDBF2DB73EB72F5F3F4F690100
:10CBA000A80165EF7AE2C901E0D4F601E00FF11FB8
:10CBB00010824FEF61E0C6010E9463C00FB6F89487
:10CBC000FEBE0FBEEDBE882309F491CF50926B09D3
:10CBD0008ECF8601FB01E00FF11F249068013FEF2B
:10CBE000C31AD30A222019F04AE02412F2CF8DB7DB
:10CBF0009EB78C199D090FB6F8949EBF0FBE8DBFCE
:10CC0000EDB7FEB731967F01A801CF01AED4F70191
:10CC1000E00FF11F1082222009F478C080912909C9
:10CC200090912A09C80ED91ED0922A09C0922909CA
:10CC3000012B31F0C7010E94C22480E00E944A54B7
:10CC40000FB6F894BEBE0FBEADBE90916E09809136
:10CC50009F14981709F41DCF80916E0980939F143B
:10CC600080916E09882309F414CF0E943E2A8DE436
:10CC70009BE20E94152A80916E0910E280FF0AC093
:10CC800080E00E945980AB01BC0189E49BE20E94D4
:10CC90002B2A18E580916E0900E281FF0AC081E02D
:10CCA0000E945980AB01BC0185E49BE20E942B2AC3
:10CCB00009E580916E0982FFADC082E00E94598033
:10CCC000AB01BC0181E49BE20E942B2A9AE5F92E7C
:10CCD0000E94412A1F9280E28F931F92FF921F921F
:10CCE0000F931F921F937F926F9282E39BE29F9319
:10CCF0008F931F920E94C2CA2DB73EB7235F3F4F4A
:10CD00000FB6F8943EBF0FBE2DBFC3CED12CC12CA1
:10CD10008BCF80915902882309F497CF80917A0BA9
:10CD200080FF63C000915A0232E6039F8001112404
:10CD3000045A1D4F65E27BE2C80172D4009731F0BE
:10CD4000FC01838180538A3008F048C0F8010190CB
:10CD50000020E9F731977F01E01AF10A109283145D
:10CD60006EE470E0C8010E94AAF56C01009739F5E5
:10CD7000F1E0EF1AF108F801EE0DFF1D3182428259
:10CD80001382F80101900020E9F73197AF01401BB1
:10CD9000510BB80183E894E10E9454CF8091831431
:10CDA000882331F00E943B2A8BEF9AE20E94152AD9
:10CDB00080917A0B81FD19C00E9447C418C060E2BF
:10CDC00070E00E94AAF58C010F5F1F4F6AE270E0CD
:10CDD000C6010E94AAF5FC013197D0CF0E9423D44E
:10CDE00082E19BE20E94152AE7CF0E948A6B809124
:10CDF0005902882309F429CF90915A029F5F9430F9
:10CE000030F490935A028150809359021ECF1092B1
:10CE10005A02F9CF80E2F82E5BCFEF920F931F9367
:10CE2000CF93DF93E80134E047FD34E1042E000C9A
:10CE3000550B57FF03C0519541955109E32E022F21
:10CE4000242FAE017BD7CE01DF91CF911F910F919F
:10CE5000EF9008958F929F92AF92BF92CF92DF9200
:10CE6000EF92FF920F931F93CF93DF935C017B01AF
:10CE70006115710519F0DB018D939C9385010F5F9E
:10CE80001F4FF501D0818D2F90E067D36C01892B66
:10CE9000A9F5DD32A9F50F5F1F4FD5011196DC9181
:10CEA000C1E05801F1E0AF1AB10843E050E068E397
:10CEB00071E0C5019DD3892B61F5680182E0C80E40
:10CEC000D11C45E050E063E371E0C60191D3892BAA
:10CED00021F4680197E0C90ED11CE114F10419F0A6
:10CEE000D701CD92DC9260E070E080E89FEFC11145
:10CEF000FAC060E070E080E89FE7F5C05801BECF5F
:10CF0000DB3229F485010E5F1F4FF501D181C0E0AE
:10CF1000C8CF43E050E060E371E0C50169D3892BDD
:10CF2000E9F0F80110E000E020E030E0A9015F0145
:10CF3000B0ED8B2E8D0E89E08815C8F19C2E68947B
:10CF400091F88C2F8870C2FF16C0811102C00F5F4C
:10CF50001F4F3196D501DC91C92DE9CFE114F104C1
:10CF600029F00E5F1F4FF7011183008360E070E02E
:10CF700080EC9FE7B8C0882311F001501109A5E0AB
:10CF8000B0E00E9449F29B01AC01220F331F441F05
:10CF9000551F280D311D411D511D283999E93907AB
:10CFA000490799E15907A8F2C6609C2ED2CFAEEF8F
:10CFB0008A1206C0C3FD3CC09C2E689493F8C9CF6A
:10CFC000DF7DD534A9F580818D3239F4C061DF0170
:10CFD0001296818162E070E006C0DF018B32C1F3FE
:10CFE000119661E070E080535D01A61AB70A8A309D
:10CFF000F8F4E0E8CE16ECE0DE065CF4B601660F6D
:10D00000771F660F771FC60ED71ECC0CDD1CC80E0F
:10D01000D11C5D01FFEFAF1ABF0A8C9180538A309B
:10D0200098F1C4FF03C0D194C194D1080C0D1D1D0B
:10D03000C1FF09C0E114F10431F081E0A81AB10880
:10D04000D701AD92BC92CA01B901BFD3C370C3303E
:10D0500009F490584B015C0120E030E0A901B1D304
:10D06000882309F43EC0C7E6D1E017FF05C011953B
:10D0700001951109CFE4D1E06E01B8E1CB1AD108D6
:10D0800080E2E82EF12C0EC0D501B3CFFE01259130
:10D090003591459154910E191F09C501B401F6D37C
:10D0A0004B015C01D501C4010E151F057CF72497C7
:10D0B000F594E794CC16DD06A9F78A2F880F8B2FFD
:10D0C000881F8F3F41F020E030E0A901C501B40185
:10D0D00078D3811106C082E290E090933D1780934F
:10D0E0003C17C501B401DF91CF911F910F91FF90C3
:10D0F000EF90DF90CF90BF90AF909F908F9008956A
:10D100003F924F925F926F927F928F929F92AF92D7
:10D11000BF92CF92DF92EF92FF920F931F93CF9324
:10D12000DF935C016B017A016115710519F0FB0158
:10D1300091838083E114F10451F0C7010297839732
:10D1400030F040E030E020E090E06AC05E01E501B0
:10D150002196F5011081812F90E0FFD1892BB1F745
:10D160001D3201F52196F501118101E0E114F10470
:10D1700009F4E6C0F0E1EF16F10409F088C01033BD
:10D1800059F488818F7D883509F07CC019812296F9
:10D190000260F0E1EF2EF12C812C912CA12C88E083
:10D1A000B82E92C01B3221F4E5012296F5011181BF
:10D1B00000E0DCCFEAE0EE16F10409F4C7C0F0E1CC
:10D1C000EF16F10409F073C0E7CF78E0E72EF12CF9
:10D1D000812C912CA12C60E1B62E76C021E0ADC04F
:10D1E000302F3170C114D10431F0222371F1219715
:10D1F000F601D183C08327FF2EC060E070E080E09D
:10D2000090E8311104C06FEF7FEF8FEF9FE722E2CC
:10D2100030E030933D1720933C17462F372F282FAF
:10D22000642F732F822FDF91CF911F910F91FF9069
:10D23000EF90DF90CF90BF90AF909F908F907F90B6
:10D240006F905F904F903F90089501FF04C0229728
:10D25000F601D183C083332341F09095809570957A
:10D2600061957F4F8F4F9F4FD8CF97FFD6CF82E2E8
:10D2700090E090933D1780933C176FEF7FEF8FEF17
:10D280009FE7CBCF10E3E114F10409F49ECF28E02F
:10D29000E216F10409F49CCF0CF08CCF812C912C78
:10D2A000A12CE0E4BE2E82E0E816F10469F060E013
:10D2B00070E080E090E897010F2C000C440B550BB8
:10D2C0000E940BF249015A0120E060E070E0CB01BE
:10D2D00027010F2C000C66087708FE0150ED352E53
:10D2E000310E39E0331570F43FEB310F49EC342E39
:10D2F0003A3138F03FE9310F3A3108F071CF39EA6D
:10D30000332E310E3E141F040CF06ACF27FD15C0DA
:10D3100086169706A806B90678F0A30192010E9426
:10D32000FCF1630D711D811D911D61307105810539
:10D3300020E8920708F452CF2FEF21961081CDCF2D
:10D34000103309F41ECF2AE0E22EF12C9CEC892E3A
:10D35000982CA82C9CE0B92EB7CF3F924F925F92A9
:10D360006F927F928F929F92AF92BF92CF92DF92F5
:10D37000EF92FF920F931F93CF93DF935C016B01AA
:10D380007A016115710519F0FB0191838083E11425
:10D39000F10449F0C7010297839728F060E070E03C
:10D3A000CB0199C05E01E5012196F5011081812F25
:10D3B00090E0D3D0892BB1F71D3209F05BC02196E4
:10D3C000F501118101E0E114F10409F4B9C0F0E1C3
:10D3D000EF16F10409F09AC0103341F488818F7D73
:10D3E000883509F08EC0198122960260E0E1EE2EA8
:10D3F000F12C88248A94982CA82CFFE0BF2E20E0E2
:10D4000060E070E0CB0127010F2C000C6608770864
:10D41000FE0150ED352E310E39E0331568F43FEB47
:10D42000310F49EC342E3A3130F03FE9310F3A31C7
:10D43000A8F539EA332E310E3E141F047CF52F3F38
:10D44000B1F086169706A806B90630F1A30192013D
:10D45000D3D7232D30E050E040E0620F731F841FCC
:10D46000951F6217730784079507B0F021E0219696
:10D470001081CECF1B3221F4E5012296F5011181F6
:10D4800000E0A1CF78E0E72EF12C88248A94982C34
:10D49000A82C6FE1B62EB3CF2FEFE9CFC114D10482
:10D4A00031F0222351F12197F601D183C08300FF8F
:10D4B00007C090958095709561957F4F8F4F9F4FD6
:10D4C0002F3F49F482E290E090933D1780933C1700
:10D4D0006FEF7FEFCB01DF91CF911F910F91FF9005
:10D4E000EF90DF90CF90BF90AF909F908F907F9004
:10D4F0006F905F904F903F90089501FFD8CF229793
:10D50000D3CF10E3E114F10409F4BCCF3AE0E31601
:10D51000F104E1F080E1E816F10409F467CFE8E0F6
:10D52000EE16F10409F4B1CF6FEF7FEFCB01970155
:10D530000F2C000C440B550B6ED749015A015FCFDD
:10D54000103309F44BCF9AE0E92EF12C89E9882EAB
:10D55000982CA82C89E1B82E52CF91113FC6803269
:10D5600019F089508550D0F70895FB01DC0102C005
:10D5700005900D9241505040D8F70895FB01DC0111
:10D580000D900020E9F7119705900D920020E1F72A
:10D590000895FC010590061621F00020D9F7C0017E
:10D5A00008953197CF010895FB01DC0105900D929C
:10D5B0000020E1F70895DC01FB014150504058F094
:10D5C00049F005900D920020C1F7E61BF70B31974B
:10D5D000CF0108951C9205900020E9F7F6CFFC01D9
:10D5E00005900020E9F7809590958E0F9F1F089574
:10D5F000FB01DC014150504088F08D9181341CF0DA
:10D600008B350CF4805E659161341CF06B350CF445
:10D61000605E861B611171F3990B0895881BFCCF26
:10D62000FB0155915523A9F0BF01DC014D91451730
:10D630004111E1F759F4CD010590002049F04D91D9
:10D6400040154111C9F3FB014111EFCF81E090E09A
:10D6500001970895DC01FB014150504058F049F01A
:10D6600001900D920020C1F7E61BF70B3197CF0117
:10D6700008951C9201900020E9F7F6CF0F931F93B5
:10D68000CF93DF93CDB7DEB72E970FB6F894DEBFFA
:10D690000FBECDBF0E891F89888D998D2EE02C83FA
:10D6A0001A83098397FF02C080E090E801979E8368
:10D6B0008D83AE01445E5F4F6A8D7B8DCE010196F6
:10D6C00048D14D815E8157FD0AC02F8138854217B0
:10D6D00053070CF49A01020F131FF80110822E96C3
:10D6E0000FB6F894DEBF0FBECDBFDF91CF911F9173
:10D6F0000F9108950F931F93CF93DF93CDB7DEB7AC
:10D700002E970FB6F894DEBF0FBECDBF0E891F89CE
:10D710008EE08C831A8309838FEF9FE79E838D832E
:10D72000AE01465E5F4F688D798DCE01019611D1B5
:10D730002F813885020F131FF80110822E960FB625
:10D74000F894DEBF0FBECDBFDF91CF911F910F9137
:10D7500008950F931F93CF93DF93CDB7DEB72E9726
:10D760000FB6F894DEBF0FBECDBF8C01FA018EE07C
:10D770008C831A83098377FF02C060E070E86150F0
:10D7800071097E836D83A901BF01CE010196E1D0AD
:10D790004D815E8157FD0AC02F813885421753079E
:10D7A0000CF49A01020F131FF80110822E960FB687
:10D7B000F894DEBF0FBECDBFDF91CF911F910F91C7
:10D7C000089540D008F481E00895E89409C097FBDB
:10D7D0003EF490958095709561957F4F8F4F9F4F48
:10D7E0009923A9F0F92F96E9BB279395F69587958C
:10D7F00077956795B795F111F8CFFAF4BB0F11F44F
:10D8000060FF1BC06F5F7F4F8F4F9F4F16C08823F5
:10D8100011F096E911C0772321F09EE8872F762F2B
:10D8200005C0662371F096E8862F70E060E02AF06C
:10D830009A95660F771F881FDAF7880F9695879558
:10D8400097F90895990F0008550FAA0BE0E8FEEF2D
:10D8500016161706E807F907C0F012161306E407B4
:10D86000F50798F0621B730B840B950B39F40A26AD
:10D8700061F0232B242B252B21F408950A2609F48B
:10D88000A140A6958FEF811D811D08950BD064C521
:10D8900055D528F05AD518F0952309F046C54BC543
:10D8A00011248EC56AD5A0F3959FD1F3950F50E052
:10D8B000551F629FF001729FBB27F00DB11D639F42
:10D8C000AA27F00DB11DAA1F649F6627B00DA11DE8
:10D8D000661F829F2227B00DA11D621F739FB00D8E
:10D8E000A11D621F839FA00D611D221F749F3327FE
:10D8F000A00D611D231F849F600D211D822F762F97
:10D900006A2F11249F5750408AF0E1F088234AF093
:10D91000EE0FFF1FBB1F661F771F881F91505040DF
:10D92000A9F79E3F510570F000C54AC55F3FECF373
:10D93000983EDCF3869577956795B795F795E795CB
:10D940009F5FC1F7FE2B880F911D9695879597F9DC
:10D9500008952F923F924F925F926F927F928F9293
:10D960009F92AF92BF92CF92DF92EF92FF920F936E
:10D970001F93CF93DF9300D000D000D01F921F924F
:10D98000CDB7DEB77C013B018A01FC01178216820C
:10D99000838181FFD0C1CE0101965C01F7019381A3
:10D9A000F30193FD859193FF81913F01882309F451
:10D9B00049C1853239F493FD859193FF81913F01EF
:10D9C000853221F4B70190E022D4E8CF912C212CAC
:10D9D000312CFFE1F31538F08B3211F190F48032E5
:10D9E00009F1833229F137FC3CC020ED280F2A30A1
:10D9F00050F536FE20C08AE0989E200D1124922E0C
:10DA000006C08D3291F0803371F7689430F8F301DD
:10DA100093FD859193FF81913F018111DACF21C060
:10DA2000689431F8689432F8F2CF689433F8EFCF05
:10DA3000689434F8ECCFEAE02E9E200D1124222EBB
:10DA4000689435F8E4CF8E3229F436FCFBC0689434
:10DA500036F8DDCF8C3619F4689437F8D8CF88368D
:10DA6000B1F2982F9F7D95549330D8F0833691F181
:10DA70008337B1F1833509F05EC02801F2E04F0E23
:10DA8000511CF801C080D180692D70E036FC02C0C5
:10DA90006FEF7FEFC601A5D34C01689437F8820180
:10DAA0000AC00C5F1F4FFFE3F98388248394912CF5
:10DAB0006501E89437F833FE2AC0522C8114910492
:10DAC00059F5552009F46ACFB70180E290E09FD361
:10DAD0005A94F7CFF801808189830E5F1F4FE5CFFD
:10DAE0002801F2E04F0E511CF801C080D180692D51
:10DAF00070E036FC02C06FEF7FEFC6017DD34C01B2
:10DB00008201D7CFB70180E290E081D32A94281414
:10DB1000190409F0B8F7D1CFF60137FC859137FE2B
:10DB200081916F01B70190E072D351105A94F1E0E6
:10DB30008F1A9108C3CF843619F0893609F073C063
:10DB4000F80137FE67C060817181828193810C5F2B
:10DB50001F4FF32DFF763F2E97FF09C090958095BC
:10DB6000709561957F4F8F4F9F4F689437F82AE0EB
:10DB700030E0A5017CD3C82ECA188C2C432C36FE6D
:10DB80000CC0E89440F8C91440F434FE05C032FCDF
:10DB900003C0F32DFE7E4F2E892C44FEA6C0FE014D
:10DBA000EC0DF11D8081803309F098C0242D297E71
:10DBB000422E842D8870582E43FCA5C040FE9FC085
:10DBC0009C2C821418F42C0C922C981844FEA1C0A2
:10DBD000B70180E390E01BD342FE08C088E790E0E5
:10DBE00041FE02C088E590E0B70111D3C91408F4E2
:10DBF0009CC0CA94D12C9FEFC91AD90ACA0CDB1C4D
:10DC0000F60182916F01B70190E001D3AC14BD041D
:10DC1000B9F757CF60817181072E000C880B990BE3
:10DC20000E5F1F4F96CFD32CE894D4F82AE030E053
:10DC30008537E1F1232D297FD22E8F36A9F1F0F41B
:10DC4000883551F1F701868197812B960FB6F894AC
:10DC5000DEBF0FBECDBFDF91CF911F910F91FF901F
:10DC6000EF90DF90CF90BF90AF909F908F907F907C
:10DC70006F905F904F903F902F900895803749F0BC
:10DC8000883701F7D4FE02C06894D2F820E130E072
:10DC90000DC06894D4F8F6CF34FE03C0822F86609E
:10DCA000D82E20E132E002C028E030E0F801D7FEB3
:10DCB0000EC060817181828193810C5F1F4FA5012D
:10DCC000D6D2C82ECA183D2CE89437F856CF6081BA
:10DCD000718190E080E00E5F1F4FF1CF42FC02C0E7
:10DCE000839467CF8394839464CF842D867809F4DA
:10DCF00060CFF6CFB70180E290E089D2839482149E
:10DD0000C8F3512C63CF522C5818821408F45ECFFC
:10DD1000F8CF842D867809F469CF8BE241FE80E24A
:10DD200047FC8DE2B70190E060CFB70180E390E05F
:10DD30006ED29A945BCF8FEF9FEF87CF8F929F9297
:10DD4000AF92BF92CF92DF92EF92FF920F931F9309
:10DD5000CF93DF9300D000D000D0CDB7DEB76A01FB
:10DD6000F22EB02E102FFBE3AF2EA01608F41BE30B
:10DD70001F5F012F27E0AE014F5F5F4F57D1BC01FE
:10DD80008981982F9970913009F44EC09BE2E1FC93
:10DD900004C09E2D9170E0FC49C05E2D5071E82FAB
:10DDA000E87083FF55C084E0911101C083E0EF2D3E
:10DDB000E81B8F1508F0E0E0D6018E2F20E25523F6
:10DDC000C9F1992329F0D6019C93C60101966C01F3
:10DDD00096012D5F3F4FE2FE33C08EE4D6018C9357
:10DDE00091E411969C93119712968C93D9018E2FE2
:10DDF00090E281112AC0E20FF32FF11D10828EEF05
:10DE00009FEF29960FB6F894DEBF0FBECDBFDF910E
:10DE1000CF911F910F91FF90EF90DF90CF90BF9027
:10DE2000AF909F908F9008959DE2B7CF90E2B5CFCD
:10DE30002D9381508111FCCFCE0ED11CE0E0C1CFDB
:10DE40008EE6D6018C9391E6CCCF9D938150D1CFB5
:10DE5000482F447082FF3DC084E0911101C083E0EF
:10DE60008F1510F4EF2DE81BD6018E2F20E25523DD
:10DE700009F1992329F0D6019C93C60101966C0102
:10DE800096012D5F3F4FE2FE1BC089E4D6018C93C3
:10DE90008EE411968C93119786E412968C93D90197
:10DEA0008E2F90E2882309F4A6CF9D938150FACF5C
:10DEB0002D9381508111FCCFCE0ED11CE0E0D9CF43
:10DEC00089E6D6018C938EE611968C93119786E69F
:10DED000E4CF9B0177FF02C030E020E0A1E0B0E09A
:10DEE000911102C0B0E0A0E0F9013196AE0FBF1F62
:10DEF0008B2C912CBB2009F461C05401EFEFAE1ABA
:10DF0000BE0AAA0DBB1DFA161B0619F014F04F2D00
:10DF10004A1B511188C0E3FC59C07601A42FB0E21E
:10DF2000A1114FC0C40ED11C992309F45BC040E07D
:10DF3000D6011196F60190836D01552309F448C06E
:10DF4000012F060F9A81582F507184FF03C091331F
:10DF500009F4015010160CF047C0093008F008E031
:10DF6000EEE2FE2E5B01A01AB10885019194819426
:10DF700091082F3F320729F4D601FC92F601319621
:10DF80006F016217730794F1021713077CF5DB0129
:10DF9000A21BB30BAA24A394B12CAC0EBD1EAA0DD8
:10DFA000BB1D11968C9121503109D601119628156F
:10DFB0003905F4F0F60180836D01DBCFB12CA12C83
:10DFC000A0CFF701B1937F01A150AACF9111B0CF9B
:10DFD000D601942F50E302C05D9391509111FCCF74
:10DFE000C40ED11C40E0ACCF01E0BACF80E3DBCF60
:10DFF0006217730731F4963388F4953311F455237F
:10E0000069F0F6018083FD01842F90E2811108C040
:10E01000A40FB11D1C9290E080E0F3CE81E3F1CF1C
:10E0200091938150F3CF911183CF8ACF283008F09C
:10E0300027E03327DA01990F311D87FD91600096A3
:10E040006105710539F432602E5F3D9330E32A9506
:10E05000E1F708959F3F30F080387105610509F0C0
:10E060003C5F3C5F3D93913008F08068911DDF93E9
:10E07000CF931F930F93FF92EF92192F987F96954E
:10E08000E92F96959695E90FFF27EB53FE4F9927B9
:10E090003327EE24FF24A701E70105900894079495
:10E0A00028F4360FE71EF81E491F511D660F771F13
:10E0B000881F991F0694A1F70590079428F4E70E8E
:10E0C000F81E491F561FC11D770F881F991F661F15
:10E0D0000694A1F70590079428F4F80E491F561FDF
:10E0E000C71FD11D880F991F661F771F0694A1F7C0
:10E0F0000590079420F4490F561FC71FD81F990F8A
:10E10000661F771F881F0694A9F7849110951770D2
:10E1100041F0D695C79557954795F794E7941A958A
:10E12000C1F7EBE6F1E06894159015913591659192
:10E13000959105907FE27395E118F10A430B560B18
:10E14000C90BD009C0F7E10CF11E431F561FC91FB0
:10E15000D01D7EF4703311F48A95E6CFE894015017
:10E1600030F0080F0AF40027021708F4202F239537
:10E17000022F7A3328F079E37D932A95E9F710C0CE
:10E180007D932A9589F60694979567953795179507
:10E190001794E118F10A430B560BC90BD00998F0FC
:10E1A00023957E9173957A3308F070E37C93201366
:10E1B000B8F77E9170617D9330F0839571E37D9324
:10E1C00070E32A95E1F71124EF90FF900F911F91D2
:10E1D000CF91DF91992787FD9095089599278827FA
:10E1E0000895FC010590615070400110D8F78095AA
:10E1F00090958E0F9F1F0895FC0161507040019013
:10E200000110D8F7809590958E0F9F1F08950F935A
:10E210001F93CF93DF93182F092FEB018B8181FD83
:10E2200009C01FEF0FEF812F902FDF91CF911F912A
:10E230000F91089582FF14C02E813F818C819D81B2
:10E24000281739073CF4E881F981CF0101969983B9
:10E25000888310838E819F8101969F838E83E3CF75
:10E26000E885F985812F1995892BA1F3DACFFA0179
:10E27000AA27283051F1203181F1E8946F936E7F05
:10E280006E5F7F4F8F4F9F4FAF4FB1E03ED0B4E0F6
:10E290003CD0670F781F891F9A1FA11D680F791F37
:10E2A0008A1F911DA11D6A0F711D811D911DA11D48
:10E2B00020D009F468943F912AE0269F1124301958
:10E2C000305D3193DEF6CF010895462F4770405DF3
:10E2D0004193B3E00FD0C9F7F6CF462F4F70405DA2
:10E2E0004A3318F0495D31FD4052419302D0A9F7FD
:10E2F000EACFB4E0A6959795879577956795BA95F7
:10E30000C9F700976105710508959B01AC010A2EBC
:10E3100006945795479537952795BA95C9F7620F93
:10E32000731F841F951FA01D089597F99F6780E8AC
:10E3300070E060E008959FEF80EC089500240A9457
:10E340001616170618060906089500240A941216D0
:10E350001306140605060895092E0394000C11F403
:10E36000882352F0BB0F40F4BF2B11F460FF04C0B0
:10E370006F5F7F4F8F4F9F4F089557FD9058440F09
:10E38000551F59F05F3F71F04795880F97FB991F14
:10E3900061F09F3F79F087950895121613061406D1
:10E3A000551FF2CF4695F1DF08C01616170618065E
:10E3B000991FF1CF86957105610508940895E89439
:10E3C000BB2766277727CB0197F90895F999FECFE8
:10E3D00092BD81BDF89A992780B50895262FF999A5
:10E3E000FECF1FBA92BD81BD20BD0FB6F894FA9A38
:10E3F000F99A0FBE01960895DB018F939F9349D040
:10E40000BF91AF91A29F800D911DA39F900DB29FD0
:10E41000900D11240895A1E21A2EAA1BBB1BFD0129
:10E420000DC0AA1FBB1FEE1FFF1FA217B307E407F3
:10E43000F50720F0A21BB30BE40BF50B661F771F4B
:10E44000881F991F1A9469F760957095809590952B
:10E450009B01AC01BD01CF010895052E97FB16F479
:10E4600000940FD057FD05D0D6DF07FC02D046F44C
:10E4700008C050954095309521953F4F4F4F5F4FC5
:10E48000089590958095709561957F4F8F4F9F4F20
:10E49000089509D0A59F900DB49F900DA49F800D65
:10E4A000911D11240895A29FB001B39FC001A39FA5
:10E4B000700D811D1124911DB29F700D811D1124BD
:10E4C000911D0895AA1BBB1B51E107C0AA1FBB1FCA
:10E4D000A617B70710F0A61BB70B881F991F5A95F0
:10E4E000A9F780959095BC01CD01089597FB072E63
:10E4F00016F4009406D077FD08D0E4DF07FC05D0C1
:10E500003EF4909581959F4F0895709561957F4F4A
:10E510000895EE0FFF1F881F8BBF0790F691E02D27
:10E520001994AA27992329F4A85F982B11F480E164
:10E530000895903118F4AD5F9295A395990FE8F77F
:10E540008A2F992708955058BB27AA270ED004CFA9
:10E55000F5DE30F0FADE20F031F49F3F11F41EF4C6
:10E56000EACE0EF4E095E7FBE0CEE92F06DF80F37C
:10E57000BA17620773078407950718F071F49EF5C0
:10E580001ECF0EF4E0950B2EBA2FA02D0B01B90172
:10E5900090010C01CA01A0011124FF27591B99F019
:10E5A000593F50F4503E68F11A16F040A22F232F25
:10E5B000342F4427585FF3CF469537952795A79575
:10E5C000F0405395C9F77EF41F16BA0B620B730B1C
:10E5D000840BBAF09150A1F0FF0FBB1F661F771F8D
:10E5E000881FC2F70EC0BA0F621F731F841F48F442
:10E5F000879577956795B795F7959E3F08F0B3CFC8
:10E600009395880F08F09927EE0F979587950895B1
:10E6100095DE58F080E891E009F49EEF96DE28F050
:10E6200040E851E059F45EEF09C085CEC8CEE92F2D
:10E63000E078A3DE68F3092E052AC1F32617370711
:10E640004807590738F00E2E07F8E02569F0E02555
:10E65000E0640AC0EF6307F8009407FADB01B90130
:10E660009D01DC01CA01AD01EF9359D075DE0AD0DE
:10E670005F91552331F02BED3FE049E450FD49EC2B
:10E6800063CF0895DF93DD27B92FBF7740E85FE3BD
:10E690001616170648075B0710F4D92F81D19F93F0
:10E6A0008F937F936F93FBD1E4EEF0E0FED054DEC6
:10E6B0002F913F914F915F91F5D8DD2349F090580C
:10E6C000A2EA2AED3FE049EC5FE3D0785D274DDF19
:10E6D000DF9142CE49D180F09F3740F491110EF482
:10E6E0006FCE60E070E080E89FE3089526F01B168F
:10E6F000611D711D811DB0C0CAC0FED0E39523C14C
:10E700000CD02ACE22DE40F019DE30F021F45F3F3B
:10E7100019F00BCE511154CE0ECE2FDE98F3992363
:10E72000C9F35523B1F3951B550BBB27AA276217D5
:10E730007307840738F09F5F5F4F220F331F441F1A
:10E74000AA1FA9F333D00E2E3AF0E0E830D0915052
:10E750005040E695001CCAF729D0FE2F27D0660F3F
:10E76000771F881FBB1F261737074807AB07B0E87E
:10E7700009F0BB0B802DBF01FF2793585F4F2AF094
:10E780009E3F510568F0D1CD1BCE5F3FECF3983E24
:10E79000DCF3869577956795B795F7959F5FC9F7F1
:10E7A000880F911D9695879597F90895E1E0660F7A
:10E7B000771F881FBB1F621773078407BA0720F0F3
:10E7C000621B730B840BBA0BEE1F88F7E09508955C
:10E7D00004D06894B111F4CD0895D7DD88F09F5727
:10E7E00090F0B92F9927B751A0F0D1F0660F771F9D
:10E7F000881F991F1AF0BA95C9F712C0B13081F07D
:10E80000DEDDB1E00895DBCD672F782F8827B85F74
:10E8100039F0B93FCCF3869577956795B395D9F7DD
:10E820003EF490958095709561957F4F8F4F9F4FE7
:10E8300008959AD080F09F3740F491110EF0C0CD2A
:10E8400060E070E080E89FEB089526F41B16611DE0
:10E85000711D811D01C01BC0882371F4772321F035
:10E860009850872B762F07C0662311F499270DC087
:10E870009051862B70E060E02AF09A95660F771F22
:10E88000881FDAF7880F9695879597F908959F3F27
:10E8900031F0915020F4879577956795B795880F5B
:10E8A000911D9695879597F90895DF93CF931F93C0
:10E8B0000F93FF92EF92DF927B018C01689406C068
:10E8C000DA2EEF010E9452ECFE01E894A591259109
:10E8D000359145915591A6F3EF0147DEFE01970171
:10E8E000A801DA9471F7DF90EF90FF900F911F91DC
:10E8F000CF91DF9108951FCD48DDE8F3E894E0E083
:10E90000BB279F57F0F02AED3FE049EC06C0EE0F21
:10E91000BB0F661F771F881F28F0B23A6207730784
:10E92000840728F0B25A620B730B840BE3959A9517
:10E9300072F7803830F49A95BB0F661F771F881FD7
:10E94000D2F79048A6CFEF93E0FF06C0A2EA2AEDE7
:10E950003FE049EC5FEB09DEFFDC0F90039401FC24
:10E960009058E1E1F1E0ABC010DDA0F0BEE7B917CF
:10E9700088F4BB279F3860F41616B11D672F782FD7
:10E980008827985FF7CF869577956795B11D939502
:10E990009639C8F308950E9422EC08F48FEF089589
:10E9A0009B01AC0160E070E080E89FE3A9CEEDDC64
:10E9B00058F19E5758F19851A0F0E9F0983020F5A1
:10E9C000092E9927660F771F881F991F0A94D1F780
:10E9D00012C0062E672F782F8827985F11F4000C3D
:10E9E00007C0993FB4F38695779567959395D9F7C6
:10E9F000611D711D811D3EF4909580957095619506
:10EA00007F4F8F4F9F4F08956894DACCD8CC9F9357
:10EA100073DF0F9007FCEE5F96CF11F40EF48BCCF2
:10EA200036CFB3DCD0F39923D9F3CEF39F57550BF0
:10EA300087FF3ED00024A0E640EA9001805856951A
:10EA4000979528F4805C660F771F881F20F02617A3
:10EA50003707480730F4621B730B840B20293129D8
:10EA60004A2BA69517940794202531254A2758F755
:10EA7000660F771F881F20F026173707480730F4E6
:10EA8000620B730B840B200D311D411DA09581F786
:10EA9000B901842F9158880F9695879508959B0109
:10EAA000AC010C9446EC0E9422EC880B990B089563
:10EAB00091505040660F771F881FD2F708959F939B
:10EAC0008F937F936F93FF93EF939B01AC010E9411
:10EAD00046ECEF91FF91E9DE2F913F914F915F91CD
:10EAE0000C9446EC9111089581548A5108F4805E8B
:10EAF000855A0895FB01DC0104C08D9101908019B5
:10EB000021F441505040C8F7881B990B0895FB0130
:10EB1000DC0102C001900D9241505040D8F7089599
:10EB2000DC0101C06D9341505040E0F70895FB01B6
:10EB3000DC018D9181341CF08B350CF4805E619189
:10EB400061341CF06B350CF4605E861B611189F337
:10EB5000990B0895FC018191861721F08823D9F73C
:10EB6000992708953197CF010895FB01DC010190A9
:10EB70000D920020E1F70895FB01DC014150504067
:10EB800030F08D910190801919F40020B9F7881B9D
:10EB9000990B0895FC0181E090E00190061609F4BC
:10EBA000CF010020D1F7019708950F931F93CF93C2
:10EBB000DF93CDB7DEB72E970FB6F894DEBF0FBE4A
:10EBC000CDBF0E891F8986E08C831A8309838FEF5E
:10EBD0009FE79E838D83AE01465E5F4F688D798D82
:10EBE000CE0101960E94A9EC2F813885020F131FD8
:10EBF000F80110822E960FB6F894DEBF0FBECDBF7F
:10EC0000DF91CF911F910F91089517E1CAE3D7E1EA
:10EC100000E005C0802FFE017CDC2196011DCB3376
:0CEC2000D10780E00807B1F7F894FFCF9F
:10EC2C00FF05C0D40100640005020A00C800FFFF04
:10EC3C00FF64005555854264000000803FAA0064C3
:10EC4C000101FF060101FFFFFF3F0000FF3F000035
:10EC5C000000FF3F01010000000000000000000068
:10EC6C000000000000FA430000FA430000FA4300E1
:10EC7C00000543FFFF0000803F0000000000000083
:10EC8C000000000000000000000000000000000078
:10EC9C000000000000000000000000000000000068
:10ECAC000000000000000000000000000000000058
:10ECBC000000000000000000000000000000000048
:10ECCC000000000000000000000000000000000038
:10ECDC0000000000000000000000000000FF000029
:10ECEC000000000000000000000000000000000018
:10ECFC000000000000000000000000000000000008
:10ED0C0000000000000000000000000000000000F7
:10ED1C0000000000000000000000000000000000E7
:10ED2C0000000000000000000000000000000000D7
:10ED3C00000000000000000000000000000000FFC8
:10ED4C0000000000000000000000000000000000B7
:10ED5C0000000000000000000000000000000000A7
:10ED6C000000000000000000000000000000000097
:10ED7C000000000000000000000000000000000087
:10ED8C000000000000000000000000000000000077
:10ED9C000000000000000000000000000000000067
:10EDAC0000FF000000000000000000000000000058
:10EDBC000000000000000000000000000000000047
:10EDCC000000000000000000000000000000000037
:10EDDC000000000000000000000000000000000027
:10EDEC000000000000000000000000000000000017
:10EDFC000000000000000000000000000000000007
:10EE0C00000000FFFF440000000000470048000025
:10EE1C0000000000010101000020410000F543004A
:10EE2C0000A041000020410000F5430000A0415823
:10EE3C00595A450000D841000040403333B3BF005D
:10EE4C0000204100002041CDCCCC3E0000A0400071
:10EE5C0000C07F0000C07F0000C07FFF003C0001AD
:10EE6C0000004040000034420000000000000000A0
:10EE7C0000000000000050410000000000000041B4
:10EE8C006400000064000000030000006400000047
:10EE9C0064000000030000000300000003000000F9
:10EEAC001E000000000020410000F5430000A041BE
:10EEBC0001020408BA23A006563930000A05062EB2
:10EECC0001000800200040008000000100042F50C9
:10EEDC004C520000004842000048420000804000B4
:10EEEC000000400000000048704A71636FF66F4BE1
:10EEFC006F6B6EED6E506E06700B6FD36B566C5560
:10EF0C006C256400257500256C7500256C64004526
:08EF1C0052520058595A00003E
:00000001FF
