:100000000C9419180C9459180C9459180C945918EC
:100010000C9459180C9459180C9459180C9459189C
:100020000C9459180C9459180C9459180C9459188C
:100030000C9459180C9459180C9459180C9459187C
:100040000C9459180C94527C0C9459180C9459180F
:100050000C9459180C94497B0C9459180C94E9CCC5
:100060000C9459180C94E9500C94D5500C945918D0
:100070000C9459180C9459180C9459180C9459183C
:100080000C9459180C9459180C9459180C9459182C
:100090000C94AB500C94DF500C9459180C945918D4
:1000A0000C9459180C9459180C9459180C9459180C
:1000B0000C9459180C9459180C9459180C945918FC
:1000C0000C9459180C9459180C9459180C9481508C
:1000D0000C944B500C9459180C9459180C945918B2
:1000E0000C945918084AD73B3BCE016E84BCBFFD27
:1000F000C12F3D6C74319ABD56833DDA3D00C77FF8
:1001000011BED9E4BB4C3E916BAAAABE0000008090
:100110003F05A84CCDB2D44EB93836A9020C50B91F
:10012000918688083CA6AAAA2ABE000000803F004B
:100130004E414E494E495459494E46CDCCCC3D0ACC
:10014000D7233C17B7D13877CC2B329595E6241FAF
:10015000B14F0A000020410000C84200401C462068
:10016000BCBE4CCA1B0E5AAEC59D7400407A10F33B
:100170005A00A0724E18090010A5D4E80000E876D5
:1001800048170000E40B54020000CA9A3B0000002C
:10019000E1F505000080969800000040420F000045
:1001A00000A08601000000102700000000E8030006
:1001B0000000006400000000000A000000000001D0
:1001C00000000000002C76D888DC674F0823DFC1D0
:1001D000DFAE59E1B1B796E5E3E453C63AE651998B
:1001E0007696E8E6C28426EB898C9B62ED407C6FB4
:1001F000FCEFBC9C9F40F2BAA56FA5F490055A2A6B
:10020000F75C936B6CF9676DC11BFCE0E40D47FE76
:10021000F520E6B500D0ED902E030094357705006B
:1002200080841E080000204E0A000000C80C3333F2
:1002300033330F986E12831141EF8D2114893BE601
:100240005516CFFEE6DB18D1844B381BF77C1D908A
:100250001DA4BBE424203284725E228100C9F124F3
:10026000ECA1E53D27434F4D4D554E49434154497F
:100270004F4E0044525952554E004552524F525320
:1002800000494E464F004543484F00627567666916
:10029000782D322E312E780057616E68616F2044C0
:1002A00039204D4B320053544F505045442E2000BE
:1002B0005072696E7465722073746F70706564201B
:1002C00064756520746F206572726F72732E20469C
:1002D000697820746865206572726F7220616E643F
:1002E00020757365204D39393920746F207265731C
:1002F000746172742E202854656D70657261747516
:1003000072652069732072657365742E205365745D
:1003100020697420616674657220726573746172FD
:1003200074696E67290A004E6F20436865636B73BA
:10033000756D2077697468206C696E65206E756DC7
:100340006265722C204C617374204C696E653A2092
:10035000004E6F20436865636B73756D2077697419
:1003600068206C696E65206E756D6265722C204C1C
:10037000617374204C696E653A2000636865636B35
:1003800073756D206D69736D617463682C204C61A9
:100390007374204C696E653A20004C696E65204E7E
:1003A000756D626572206973206E6F74204C617385
:1003B00074204C696E65204E756D6265722B312C10
:1003C000204C617374204C696E653A20004D3131C8
:1003D000300053657269616C2073746174757320A9
:1003E0006D69736D617463680A00534420726561BE
:1003F00064206572726F720A00746F6F206D75638E
:100400006820696E6163746976652074696D652022
:100410002D2063757272656E7420636F6D6D616EF1
:10042000643A20002121204B494C4C2063617573B4
:1004300065642062792000627573793A2070617575
:1004400073656420666F7220696E7075740A00624D
:100450007573793A2070617573656420666F7220D8
:10046000757365720A00627573793A2070726F63F2
:10047000657373696E670A00534420436172642098
:1004800072656164206572726F72004D3130303078
:100490005300506F776572204F7574616765004631
:1004A000696C616D656E742072756E6F7574204530
:1004B0002564004D363030002066696C616D656ED4
:1004C000745F72756E6F7574200066696C616D651E
:1004D0006E745F72756E6F757420540046696C613E
:1004E0006D656E7452756E6F7574205400506C6536
:1004F00061736520526573657400706F7765726F04
:100500006666004B494C4C45442E20005072696E83
:100510007465722068616C7465642E206B696C6C04
:1005200028292063616C6C6564210A006563686F2B
:100530003A004572726F723A0042696C696E656189
:1005400072204C6576656C696E6720477269643A03
:100550000A005072696E74204F626A002F2F616327
:1005600074696F6E3A006E6F74696669636174696D
:100570006F6E20006E6F74696669636174696F6E77
:10058000200070726F6D70745F00626567696E0045
:10059000656E640073686F7700627574746F6E00C7
:1005A000486F74656E6420746F6F20636F6C640AAB
:1005B000004D323453004D323320004739322E394A
:1005C0004500473146004731463630305A00473102
:1005D000463330303058004D31303650004D3130D8
:1005E0003953004D32303044004739322E395A00E9
:1005F0004D34323053004732385230585900473169
:10060000463630305A004739322E395A004739328F
:100610002E394530004D31303953004D313930538A
:10062000004D3432305330004F46460A0046616474
:1006300065204865696768742000426564204C65E0
:1006400076656C696E6720004661696C656420742C
:100650006F20656E61626C6520426564204C657632
:10066000656C696E670A00496E76616C6964206D1D
:100670006573682E0A0050726F62696E6720506F52
:10068000696E740025532025692F2569002E0A0004
:100690002F0050726F62696E67206D6573682070FD
:1006A0006F696E742000202844525952554E29001B
:1006B000473239204175746F20426564204C65765D
:1006C000656C696E67003F20284C2C522C462C42EA
:1006D00029206F7574206F6620626F756E64732EAB
:1006E0000A0020756E6974732F6D696E290A003FC8
:1006F00046656564726174652028532920746F6FA4
:10070000206C6F772E20285573696E6720003F2874
:1007100056296572626F7365206C6576656C206919
:100720006D706C61757369626C652028302D342999
:100730002E0A00426164205A2076616C75650A00B9
:100740004E6F2062696C696E6561722067726964C0
:100750000A0020440020204D323030205300202851
:1007600044697361626C6564293A0046696C616D25
:10077000656E742073657474696E67730020204D14
:100780003230312058004D617820416363656C65DB
:10079000726174696F6E2028756E6974732F73327D
:1007A000290020204D3230332058004D61782066DA
:1007B00065656472617465732028756E6974732F42
:1007C00073290020520020204D3230342050004147
:1007D0006363656C65726174696F6E2028756E69FC
:1007E00074732F7332292028503C7072696E742DF7
:1007F000616363656C3E20523C7265747261637420
:100800002D616363656C3E20543C74726176656C47
:100810002D616363656C3E29002054002053002045
:10082000204D323035204200416476616E6365644C
:100830002028423C6D696E5F7365676D656E745FFD
:1008400074696D655F75733E20533C6D696E5F66BC
:10085000656564726174653E20543C6D696E5F74B9
:10086000726176656C5F66656564726174653E2071
:10087000583C6D61785F6A65726B3E20593C6D61D2
:10088000785F6A65726B3E205A3C6D61785F6A657D
:10089000726B3E20453C6D61785F6A65726B3E29E4
:1008A0000020440020490020204D333031205000EA
:1008B000486F74656E6420504944007061757365BB
:1008C0006400486561642063616E6E6F74206265C8
:1008D000207061726B656400506175736500496ECC
:1008E000736572742066696C616D656E7420616EEB
:1008F0006420707265737320627574746F6E0A0081
:1009000052656865617420446F6E65005265686564
:100910006174696E672E2E2E0052656865617400E1
:100920004865617465722054696D656F7574005017
:100930007265737320627574746F6E20746F2068B3
:10094000656174206E6F7A7A6C650A004E6F7A7AF0
:100950006C65205061726B65640044697361626C00
:100960006552756E6F75740050757267654D6F7264
:100970006500506175736564004C6F616420466961
:100980006C616D656E742054004C6F616420466923
:100990006C616D656E7400496E7365727420666972
:1009A0006C616D656E7420616E6420707265737326
:1009B00020627574746F6E0A00726573756D65647C
:1009C00000526573756D696E6700203B002055000D
:1009D00020204D363033204C0046696C616D656EC9
:1009E00074206C6F61642F756E6C6F616400203BC6
:1009F000200020204D343133205300506F77657232
:100A00002D6C6F7373207265636F76657279002049
:100A1000496E76616C69642065787472756465727C
:100A20002000536C6565702E2E2E005B505D617248
:100A30006B696E67207374796C652028302E2E34B4
:100A4000292E003F496E76616C696420005A20505F
:100A5000726F62652050617374204265640A005AA7
:100A60002050726F6265205061737420426564008B
:100A7000473238004D65736820706F696E74206F5F
:100A80007574206F662072616E67650A0062656723
:100A9000696E00436F6E74696E7565004D3020534A
:100AA000746F70004D312053746F7000436C696334
:100AB0006B20746F20526573756D652E2E2E004E5F
:100AC0006F204D6F76652E00456E642066696C65FB
:100AD000206C6973740A00426567696E2066696CF0
:100AE00065206C6973740A004E6F206D65646961DE
:100AF0000A00534420636172642072656C656173FF
:100B000065640A00526573756D696E672053440011
:100B1000526573756D6500506175736520534400AF
:100B2000286E6F2066696C65290043757272656E68
:100B3000742066696C653A20004E6F74205344201F
:100B40007072696E74696E670A005344207072692E
:100B50006E74696E67206279746520005072696EE8
:100B6000742074696D653A20007061757365006F5B
:100B70006B004C696E653A20006F666600860281E4
:100B8000027A027302650244454255473A004D31EC
:100B900031322053687574646F776E004D31313394
:100BA00020530057616E68616F204439204D4B32ED
:100BB000204F46462E0020732E0A00496E61637452
:100BC00069766974792074696D656F757420004366
:100BD0004F4E4649475F4558504F5254004D45418E
:100BE000545041434B00434F4F4C45525F54454D89
:100BF0005045524154555245004348414D4245529B
:100C00005F54454D50455241545552450045505F43
:100C10004241425953544550004241425953544570
:100C20005050494E470041524353004D4F54494F95
:100C30004E5F4D4F44455300544845524D414C5F23
:100C400050524F54454354494F4E00455854454E19
:100C50004445445F4D323000435553544F4D5F4639
:100C600049524D574152455F55504C4F4144004CFD
:100C7000464E5F5752495445004C4F4E475F4649D8
:100C80004C454E414D45004155544F5245504F52F1
:100C9000545F53445F5354415455530053445F577A
:100CA0005249544500524550454154004D554C540D
:100CB000495F564F4C554D45005344434152440003
:100CC00050524F4D50545F535550504F525400485E
:100CD0004F53545F414354494F4E5F434F4D4D4135
:100CE0004E445300454D455247454E43595F504190
:100CF0005253455200434153455F4C494748545F66
:100D00004252494748544E45535300544F47474C6D
:100D1000455F4C494748545300534F46545741523E
:100D2000455F504F574552004255494C445F50452E
:100D30005243454E54004C4556454C494E475F443E
:100D4000415441005A5F50524F42450052554E4F58
:100D50005554004155544F4C4556454C005052494E
:100D60004E545F4A4F420050524F47524553530032
:100D70004155544F5245504F52545F54454D5000C9
:100D80004155544F5245504F52545F504F530056A7
:100D90004F4C554D455452494300454550524F4DD7
:100DA0000042494E4152595F46494C455F545241B9
:100DB0004E534645520053455249414C5F584F4EA1
:100DC0005F584F4646004649524D574152455F4E87
:100DD000414D453A4D61726C696E20627567666976
:100DE000782D322E312E7820285365702031342012
:100DF000323032362032323A32313A3535292053C8
:100E00004F555243455F434F44455F55524C3A67F7
:100E100069746875622E636F6D2F4D61726C696EB7
:100E20004669726D776172652F4D61726C696E20D3
:100E300050524F544F434F4C5F56455253494F4EBB
:100E40003A312E30204D414348494E455F54595068
:100E5000453A57616E68616F204439204D4B32200E
:100E60004B494E454D41544943533A436172746571
:100E70007369616E2045585452554445525F434F43
:100E8000554E543A3120555549443A6365646532AC
:100E90006132662D343161322D343734382D396268
:100EA00031322D6335356336326633363766660048
:100EB0002F2F005741524E494E4721204C6F77202B
:100EC0005A204A65726B206D6179206C65616420DF
:100ED000746F20756E77616E7465642070617573D0
:100EE00065732E0A002058003B200020204D6178B9
:100EF0003A2000200020204D696E3A2000203B203F
:100F00000020204D323131205300250A0046523A4C
:100F10000020466C6F773A200050726F6265204F58
:100F20006666736574205A0050726F6265204F6662
:100F300066736574205A0064697300656E00432906
:100F40000061626C656420286D696E2074656D7047
:100F50002000436F6C64206578747275646573203B
:100F60006172652000203B20486F73742068616EB9
:100F7000646C696E67200046696C616D656E7420F3
:100F800072756E6F757420004D34323120696E6356
:100F90006F727265637420706172616D65746572E1
:100FA0002075736167650A004D65736820706F690D
:100FB0006E74206F7574206F662072616E67650AAB
:100FC000004F666673657473204170706C69656468
:100FD000004D494E2F4D415820546F6F204661728D
:100FE00000546F6F206661722066726F6D204D49EC
:100FF0004E2F4D41580A00454550524F4D204F4B02
:101000000A00290A0020746F20003F5A206F75746F
:10101000206F662072616E6765202800290A002013
:10102000746F20003F59206F7574206F66207261C5
:101030006E6765202800290A0020746F20003F5841
:10104000206F7574206F662072616E6765202800BE
:101050004D383400446F6E65207072696E74696E2D
:10106000672066696C650A004D3737004D333100E3
:1010700020204D323036205800486F6D65206F6655
:1010800066736574004361703A0047322F4733201E
:1010900062616420706172616D65746572730A00CB
:1010A0005A2050726F6265205061737420426564EB
:1010B00000205A3A0020593A0042656420583A000C
:1010C0004732384F00203B0020204D383531205822
:1010D000005A2D50726F6265204F6666736574000A
:1010E000220A00656E7175657565696E672022005C
:1010F0006F6B0A00526573656E643A200025697350
:101100000025696D20256973002569682025696DB2
:101110002025697300256964202569682025696D8B
:10112000202569730025697920256964202569686F
:101130002025696D2025697300436F6F6C696E67A8
:101140002E2E2E004531202553002046002042003F
:1011500020204D3130342053004175746F20546588
:101160006D7020436F6E74726F6C0020573A0042AE
:10117000656420436F6F6C696E672E2E2E0042658A
:10118000642048656174696E672E2E2E00236465A5
:1011900066696E652044454641554C545F00504990
:1011A000442074756E696E6720646F6E65004175CA
:1011B000746F74756E65206661696C656421205476
:1011C000696D656F75742E004175746F74756E6509
:1011D000206661696C6564212054656D706572617B
:1011E0007475726520746F6F20686967682E00419E
:1011F00075746F74756E65206661696C6564212015
:101200004261642065787472756465722E0050497D
:1012100044204175746F74756E65004B4420004B1B
:101220004920004B5020005049442074756E696E6F
:101230006720646F6E65002066696E697368656417
:10124000212050757420746865206C617374204B84
:10125000702C204B6920616E64204B6420636F6E9C
:101260007374616E74732066726F6D2062656C6F4B
:101270007720696E746F20436F6E6669677572615F
:1012800074696F6E2E680A00504944204175746F6E
:1012900074756E6500206661696C656421207469EF
:1012A0006D656F75740A00504944204175746F7400
:1012B000756E65004175746F74756E652066616941
:1012C0006C6564212054696D656F75742E0020660D
:1012D00061696C6564212054656D70657261747517
:1012E000726520746F6F20686967680A005049440E
:1012F000204175746F74756E6500504944204379C0
:10130000636C65730025532025692F256900204BE8
:10131000643A2000204B693A2000204B703A2000AC
:1013200020436C617373696320504944200A002094
:1013300054753A2000204B753A2000206D61783AB0
:101340002000206D696E3A200020643A200020625F
:101350006961733A200048656174696E672E2E2EAC
:10136000002073746172740A0050494420417574FE
:101370006F74756E65004175746F74756E65206667
:1013800061696C6564212054656D70657261747566
:10139000726520746F6F20686967682E002066612F
:1013A000696C6564212054656D7065726174757235
:1013B0006520746F6F20686967680A00504944208F
:1013C0004175746F74756E650050494420417574A1
:1013D0006F74756E65003F28432979636C657320CF
:1013E0006E6F7420706C61757369626C6520283E45
:1013F0003D33292E0A00206661696C656421204214
:101400006164206865617465722069640A005049EE
:1014100044204175746F74756E65000020020000F1
:1014200000841E0000012002000000841E00000253
:101430002002000000841E0000032002000000843F
:101440001E000004200200000030510000052002B0
:10145000000000481E0000062000000000251E00BD
:1014600000072002000000F21D000008200200001A
:1014700000061E0000092002000000413700000A9B
:101480002002000000F01800000B2002000000BE47
:101490001A00000E2002000000BC1D00000F2002F8
:1014A000000000A21D0000102002000000145200E5
:1014B00000112002000000E751000012200200008D
:1014C00000E7510000142002000000BF5100001589
:1014D0002002000000E21D00001620020000007142
:1014E0001D0000172002000000351D00001820021A
:1014F000000000E8180000192002000000271C006E
:10150000001A20000000008D4200001B2000000097
:1015100000E62700001C2002000000DC1800001D6F
:101520002002000000C91800001E2002000000C9AF
:101530001C00001F20020000006242000020200268
:10154000000000F81B0000212002000000F81B0032
:1015500000222002000000F81B00002320020000EF
:1015600000B71B0000242002000000C11800002565
:101570002000000000AC1B00002620000000004BF3
:1015800041000027200200000051420000282002F4
:10159000000000B91800002920020000009A18007D
:1015A000002A2002000000741B00002B2000000015
:1015B00000EF4100002C2002000000DB4100002D64
:1015C0002002000000B94100002E2002000000644B
:1015D0001B00002F200000000094180000203002A3
:1015E0000000000000E7752530200000000000909A
:1015F0007545302000000000009075653020000027
:10160000000000907585302000000000009075A556
:10161000302000000000009075C53002000000007E
:10162000003C76C6302000000000005775E630020E
:101630000100000000E580E8300F0100000000F923
:1016400090F7300201000000006D73BE310200000F
:101650000000001394F8300201110200007972F9C1
:10166000300201000000005C73FC300201D2070070
:10167000000F72FD300201D60700007972FE3002C1
:1016800000000000004873FF300201960B00000FBD
:1016900072003102019A0B000079720131020000E0
:1016A000000000487305310201000000003C730691
:1016B000310201C40B0000A57107310200090200CC
:1016C00000247308310201000000001B750931027B
:1016D0000000000000F57322310200770600005A76
:1016E0007123310200790600005A71243102000092
:1016F0000000001073253102000A0200005A712612
:10170000310201250A00000F7227310201290A0067
:10171000000F72283102012D0A00000F72293102D8
:10172000007B06000024732A310200000000000C38
:10173000752B31020000000000F8722C3102000C01
:101740000200005A712D31040100000000C0732F07
:1017500031040100000000857331310401000000F4
:1017600000C07033311800980200005A744B3118D1
:101770000000000000B774633110008B0200005AB3
:10178000747331020000000000F26E743102000038
:10179000000000F36E753118000000000091748D98
:1017A000311800000000008074A53118000000000E
:1017B000006F74BD31020000000000E3930040029E
:1017C0000100006618DF72014020027C06581BA24F
:1017D00074214002000802C86E0E7122400200000F
:1017E00000E923D0722340020000002124C67200C9
:1017F000500200000000006D730150000000005B0B
:10180000180000000000000000000000004E6F748F
:1018100020616C6C6F776564207768696C652069FE
:10182000646C65004E6F7420616C6C6F776564202A
:10183000647572696E67207072696E74004E6F20F5
:101840005344204361726420446574656374656425
:101850000043616E6E6F7420656E746572207375DF
:10186000626469723A20004E6F2066696C6520736D
:10187000656C6563746564004D323500526573753F
:101880006D6500554920506175736500726573750B
:101890006D65004D323400436F6F6C696E672E2E9C
:1018A0002E004D3530300047323900486F6D696E7B
:1018B000672072657175697265640054656D706545
:1018C00072617475726520746F6F206C6F7700475A
:1018D00032385A0047323858590047323858595A26
:1018E00000486F6D696E672E2E2E00457865637512
:1018F00074696E6720636F6D6D616E642E2E2E00AD
:101900004D353030004D353032004D3530300050DF
:101910004944206175746F74756E696E672E2E2E42
:10192000004D3330334325644525645325645531D8
:1019300000426564205049442064697361626C65AB
:1019400064004D313030304300496E76616C69641B
:10195000207265636F766572792064617461004DF1
:1019600031303030004275737900BD3100003331C1
:101970004B3163317331743175318D31A5310000D4
:1019800023400000224000002B312C3121402D311A
:101990002F31313100002A31000001400000263192
:1019A0002731283129310000FF3000312431253121
:1019B0000000223123310000FF300031FC30FD30C7
:1019C000083109310000FF300031FC30FD300000EB
:1019D0000631073100000531000000400000FF30F3
:1019E00000310131FC30FD30FE300000FF300031AD
:1019F000FC30FD300000FF300031FC30FD30E630BF
:101A0000E830005000000031FD300040F830F9307F
:101A100006310000FF300031FC30FD30E630E830A8
:101A2000F730BE310000203025304530653085303C
:101A3000A530C530C6300000FF300031FC30FD302D
:101A40000000028976034294044E940A6C9C0B00B9
:101A50009C0CCC9B0D85700E0D6F0F026F10EF9BD1
:101A600011B29B13F86E16F46E00000001381A02D2
:101A7000261A03141A04061A05F61906EC1907DECD
:101A80001908DA1909D6190BD0190CC6190DB8198D
:101A90000EB2190FA819109E19119A19129619133E
:101AA0008819148419158019166E19F96A1900001D
:101AB0000047305A3130004732380047323800474B
:101AC000305A300047305825645925640047305A51
:101AD000340047323800486F6D696E672E2E2E0035
:101AE00042757379004457494E204755492F4F534B
:101AF00020757064617465207265717569726564C2
:101B0000002564782564782564002D002D002D00C3
:101B10004D3530300050726F62696E6720666169C2
:101B20006C65640050726F62696E672073756363E1
:101B300065737366756C0063616E63656C005072EB
:101B4000696E742041626F72746564004469736DDC
:101B50006973730055492041626F72746564006F48
:101B600070656E00545249474745524544003A203B
:101B70000066696C616D656E74007A5F6D696E00F8
:101B8000795F6D696E00785F6D696E005265706F88
:101B90007274696E6720656E6473746F70207374FD
:101BA000617475730A0020746F6F206C6F6E67200C
:101BB000657874727573696F6E2070726576656E84
:101BC0007465640A0020636F6C64206578747275B4
:101BD00073696F6E2070726576656E7465640A0055
:101BE000486F6D652025732046697273740000008C
:101BF000000000000000000000005761726E696E76
:101C0000673A20486F6D696E672042756D70204499
:101C1000697669736F72203C20310A00020202006B
:101C2000009643000096430000C8430000A0400017
:101C300000A04000000040000096430000964300D2
:101C400000C8430000000000000000000000004544
:101C50004550524F4D207772697465206661696CFA
:101C600065640053657474696E67732053746F7292
:101C7000656400290A002062797465733B206372F1
:101C800063200053657474696E67732053746F72B8
:101C90006564202800204D61726C696E3D563930B4
:101CA000290A00454550524F4D2076657273696F81
:101CB0006E206D69736D61746368202845455052CC
:101CC0004F4D3D00454550524F4D20646174617346
:101CD000697A65206572726F722E0A004572723AD7
:101CE00020454550524F4D20435243002028636108
:101CF0006C63756C6174656429210A0020213D20A4
:101D000000454550524F4D20435243206D69736D3D
:101D100061746368202D202873746F7265642920B4
:101D200000454550524F4D20436F72727570740AD2
:101D3000002053697A653A2000496E6465783A203C
:101D40000053746F7265642073657474696E677391
:101D500020726574726965766564002062797465C5
:101D6000733B2063726320002073746F726564207C
:101D700073657474696E67732072657472696576D1
:101D80006564202800454550524F4D2072656164BE
:101D9000206661696C656400454550524F4D20498D
:101DA0006E697469616C697A65640A0045455052D0
:101DB0004F4D20496E697469616C697A65640045AC
:101DC0004550524F4D2072657365740048617264CE
:101DD000636F6465642044656661756C7420536547
:101DE0007474696E6773204C6F61646564000000F1
:101DF0009643000096430000A0400000C841000048
:101E0000A2420000A2420040C8439A99BC42F40199
:101E10000000F401000064000000F401000020282C
:101E20006D6D2900203B204C6576656C696E6720DE
:101E30000020204D3432302053004175746F204211
:101E40006564204C6576656C696E67004F46460098
:101E50004F4E00203B2053656E736F722000202090
:101E60004D34313220530046696C616D656E7420CB
:101E700072756E6F75742073656E736F7200204A91
:101E8000002020473239205720490020204D31348E
:101E9000392043203B20556E69747320696E2043BE
:101EA000656C736975730A0054656D706572617451
:101EB00075726520556E6974730020204732312099
:101EC0003B004C696E65617220556E697473002425
:101ED000F4D43050C38D20C3A24117828B701112ED
:101EE0007A900D826CDA0AA861E108C7586607612A
:101EF0005142061F4B5E05C145A6041B4112040951
:101F00003D9703723931034136DB0266339202D4C6
:101F1000305302812E1D02642CEE01762AC501B1D8
:101F200028A101102781018F2564012B244A01E19A
:101F3000223401AD2120018D200C01811FFC008580
:101F40001EED00981DDF00B91CD200E71BC7002062
:101F50001BBB00651AB200B319A9000A19A0006AD8
:101F6000189800D217920040178A00B616840032E3
:101F7000167E00B41579003B157400C7146F005825
:101F8000146A00EE1366008813620026135E00C810
:101F9000125B006D12570016125500C111510070EE
:101FA000114E0022114C00D61049008D10460047FA
:101FB00010450002104200C00F4000800F3E00425A
:101FC0000F3C00060F3A00CC0E3900930E37005C30
:101FD0000E3500270E3400F30D3200C10D31009094
:101FE0000D2F00610D2F00320D2D00050D2C00D995
:101FF0000C2A00AF0C2A00850C28005D0C28003547
:102000000C27000E0C2500E90B2500C40B2400A0B2
:102010000B23007D0B22005B0B21003A0B210019E2
:102020000B2000F90A1F00DA0A1F00BB0A1E009DE0
:102030000A1D00800A1C00640A1C00480A1C002CAF
:102040000A1B00110A1A00F7091A00DD091900C459
:10205000091900AB091800930918007B09170064DF
:102060000917004D09170036091600200915000B45
:10207000091500F6081500E1081500CC081400B891
:10208000081400A4081300910813007E0813006BC5
:1020900008120059081200470812003508120023E0
:1020A0000811001208110001081000F1071100E0EA
:1020B000071000D0071000C0070F00B1071000A1E3
:1020C000070F0092070F0083070F0074070E0066CA
:1020D000070E0058070E004A070E003C070E002EA0
:1020E000070D0021070D0014070D0007070D00FA6A
:1020F000060D00ED060C00E1060D00D4060C00C82C
:10210000060C00BC060C00B0060B00A5060C0099DE
:10211000060B008E060B0083060B0078060B006D85
:10212000060B0062060B0057060A004D060A004324
:10213000060B0038060A002E060A00240609001BBA
:10214000060A0011060A0007060900FE050A00F447
:10215000050900EB050900E2050900D9050900D0D1
:10216000050900C7050800BF050900B6050900AD4F
:10217000050800A50508009D050800950509008CC7
:10218000050800840508007C050700750508006D3A
:10219000050800650507005E050800560507004FA5
:1021A000050800470507004005070039050700320C
:1021B0000507002B050700240507001D050700166D
:1021C0000507000F0506000905070002050600FCCB
:1021D000040700F5040600EF040700E8040600E227
:1021E000040600DC040600D6040600D0040700C97B
:1021F000040500C4040600BE040600B8040600B2CC
:10220000040600AC040600A6040500A10406009B19
:1022100004050096040600900405008B0406008562
:10222000040500800405007B0405007604060070A8
:102230000405006B04050066040500610405005CEC
:1022400004050057040500520405004D040500482C
:10225000040400440405003F0405003A0404003669
:10226000040500310405002C0404002804050023A3
:102270000404001F0405001A0404001604040012DC
:102280000405000D04040009040400050404000111
:10229000040500FC030400F8030400F4030400F048
:1022A000030400EC030400E8030400E4030400E07A
:1022B000030400DC030400D8030400D4030300D1AA
:1022C000030400CD030400C9030400C50304000097
:1022D00000000000000000000000000000000000FE
:1022E00000000000000000D1036D6403570D034798
:1022F000C6023B8B023259022B2E0225090221E82D
:10230000011CCC011AB201179B011487011374013F
:102310001163010F54010E46010D39010D2C010B03
:1023200021010A17010A0D0109040108FC0008F443
:102330000007ED0007E60007DF0006D90006D3001E
:1023400005CE0006C80005C30004BF0005BA00049E
:10235000B60004B20004AE0004AA0004A60003A361
:1023600000049F00039C0003990003960003930060
:10237000029100038E00028C000389000287000393
:102380008400028200028000027E00027C00027A49
:1023900000027800027600017500027300027100ED
:1023A000017000026E00016D00026B00016A000204
:1023B00068000167000265000164000163000162BA
:1023C00000026000015F00015E00015D00015C0031
:1023D000015B00015A00015900015800015700013A
:1023E00056000155000154000153000152000151F3
:1023F00000005100015000014F00014E00014D004E
:10240000004D00014C00014B00014A00004A000150
:10241000490001480000480001470001460000460D
:102420000001450000450001440001430000430055
:102430000142000042000141000041000140000053
:102440004000013F00003F00013E00003E00013D12
:1024500000003D00013C00003C00013B00003B004F
:10246000013A00003A00013900003900003900014A
:10247000380000380001370000370000370001360F
:102480000000360000360001350000350001340040
:102490000034000034000133000033000033000139
:1024A0003200003200003200013100003100003102
:1024B00000003100013000003000003000012F002A
:1024C000002F00002F00002F00012E00002E000022
:1024D0002E00012D00002D00002D00002D00012CEC
:1024E00000002C00002C00002C00012B00002B0011
:1024F000002B00002B00012A00002A00002A000007
:102500002A00002A000129000029000029000029D2
:1025100000012800002800002800002800002800F2
:1025200001270000270000270000270000270001E6
:1025300026000026000026000026000026000026B7
:1025400000012500002500002500002500002500D1
:1025500000250001240000240000240000240000C5
:102560002400002400012300002300002300002396
:1025700000002300002300012200002200002200AE
:1025800000220000220000220000220001210000A1
:102590002100002100002100002100002100002175
:1025A000000120000020000020000020000020008A
:1025B000002000002000002000011F00001F00007C
:1025C0001F00001F00001F00001F00001F00002050
:1025D000436F756E7420583A0042656400453100BF
:1025E000626564002C2073797374656D2073746F59
:1025F0007070656421204865617465725F49443A72
:1026000020004572723A204D415854454D50004DBE
:10261000415854454D50207472696767657265640E
:102620000048656174696E67204661696C65640085
:1026300048656174696E67206661696C6564004510
:1026400072723A204D494E54454D50004D494E54FA
:10265000454D502074726967676572656400202F6C
:10266000002042403A0020403A0020573A0000093A
:10267000121B242D363F48415A536C657E77191042
:102680000B023D342F265158434A757C676E323B0E
:102690002029161F040D7A7368615E574C452B2262
:1026A00039300F061D14636A7178474E555C646DAE
:1026B000767F4049525B2C253E3708011A137D7402
:1026C0006F6659504B42353C272E1118030A565F4E
:1026D000444D727B60691E170C053A3328214F4622
:1026E0005D546B627970070E151C232A31384148FE
:1026F000535A656C777E09001B122D243F365851C2
:102700004A437C756E671019020B343D262F737A8D
:102710006168575E454C3B3229201F160D046A63E1
:1027200078714E475C55222B3039060F141D252C2D
:10273000373E0108131A6D647F7649405B523C3581
:102740002E2718110A03747D666F5059424B171ECD
:10275000050C333A21285F564D447B7269600E07A1
:102760001C152A233831464F545D626B7079000086
:102770002100240027002A002D0030003300010131
:102780000000040107010A0100002110422063300B
:102790008440A550C660E770088129914AA16BB1B9
:1027A0008CC1ADD1CEE1EFF1311210027332522261
:1027B000B5529442F772D662399318837BB35AA309
:1027C000BDD39CC3FFF3DEE3622443342004011431
:1027D000E664C774A44485546AA54BB52885099559
:1027E000EEE5CFF5ACC58DD5533672261116300601
:1027F000D776F6669556B4465BB77AA719973887A9
:10280000DFF7FEE79DD7BCC7C448E5588668A778C0
:102810004008611802282338CCC9EDD98EE9AFF9F8
:10282000488969990AA92BB9F55AD44AB77A966AA0
:10283000711A500A333A122AFDDBDCCBBFFB9EEB48
:10284000799B588B3BBB1AABA66C877CE44CC55C70
:10285000222C033C600C411CAEED8FFDECCDCDDD98
:102860002AAD0BBD688D499D977EB66ED55EF44E40
:10287000133E322E511E700E9FFFBEEFDDDFFCCFE8
:102880001BBF3AAF599F788F8891A981CAB1EBA13C
:102890000CD12DC14EF16FE18010A100C230E320B8
:1028A0000450254046706760B9839893FBA3DAB360
:1028B0003DC31CD37FE35EF3B1029012F322D23208
:1028C0003542145277625672EAB5CBA5A895898530
:1028D0006EF54FE52CD50DC5E234C324A014810458
:1028E0006674476424540544DBA7FAB79987B89700
:1028F0005FE77EF71DC73CD7D326F2369106B016A8
:1029000057667676154634564CD96DC90EF92FE9BF
:10291000C899E9898AB9ABA94458654806782768F7
:10292000C018E1088238A3287DCB5CDB3FEB1EFB9F
:10293000F98BD89BBBAB9ABB754A545A376A167A47
:10294000F10AD01AB32A923A2EFD0FED6CDD4DCD6F
:10295000AABD8BADE89DC98D267C076C645C454C97
:10296000A23C832CE01CC10C1FEF3EFF5DCF7CDF3F
:102970009BAFBABFD98FF89F176E367E554E745EE7
:10298000932EB23ED10EF01E7C3C3E5E2B3D3F2F7F
:102990005B5D3B2C2A225C005761726E696E673A60
:1029A000005344204361726420496E69742046617B
:1029B000696C0053442063617264206F6B0A006F7E
:1029C00070656E526F6F74206661696C65640A0091
:1029D000766F6C756D652E696E6974206661696CC1
:1029E00065640A004E6F20534420636172640A00DC
:1029F0000A4D3234004D3233202573002E0A006F09
:102A000070656E206661696C65642C2046696C6532
:102A10003A200046696C652073656C656374656473
:102A20000A002053697A653A200046696C65206F78
:102A300070656E65643A2000454E442053554252FD
:102A40004F5554494E450A002220706F73002220D2
:102A5000706172656E743A2200535542524F55545C
:102A6000494E452043414C4C207461726765743A6D
:102A7000220053756263616C6C204F766572666CE0
:102A80006F77004578636565646564206D617820C3
:102A9000535542524F5554494E45206465707468F1
:102AA0003A002E0A0044656C6574696F6E20666199
:102AB000696C65642C2046696C653A200046696C37
:102AC000652064656C657465643A00577269746961
:102AD0006E6720746F2066696C653A2000667265C7
:102AE000736800646F696E67002066696C653A20E0
:102AF000004E6F7720002F6175746F25632E67007D
:102B00002001400130013B014001360160013101EB
:102B100070012C0190012701B0012201C0011D01AB
:102B2000F00118011002130130020E0160020901C8
:102B300090020401C002FF000003FA004003F50008
:102B40008003F000D003EB002004E6007004E100F5
:102B5000E004DC004005D700C005D2004006CD00EF
:102B6000D006C8008007C3003008BE00F008B900D6
:102B7000C009B400B00AAF00B00BAA00D00CA50089
:102B8000000EA000500F9B00C01096005012910044
:102B900000148C00C0158700B0178200B0197D00AA
:102BA000D01B7800001E730040206E009022690048
:102BB000F024640040275F0090295A00E02B550064
:102BC000102E500020304B0010324600E033410000
:102BD00090353C001037370070383200A0392D0096
:102BE000B03A2800A03B2300603C1E00103D1900B5
:102BF000903D1400103E0F00703E0A00C03E0500DC
:102C0000003F0000403FFBFF803FF6FFC03FF1FF69
:102C10002020506C616E6E65724275666665724208
:102C2000797465733A20002046726565204D656DA4
:102C30006F72793A200020436F6D70696C65643A59
:102C40002053657020313420323032360A00204C57
:102C500061737420557064617465643A2032303257
:102C6000362D30392D3038207C20417574686F72D4
:102C70003A2053796C3231202B20436C61756465A6
:102C80000A004D61726C696E206275676669782D05
:102C9000322E312E780A0020536F66747761726588
:102CA0002052657365740A00205761746368646F0D
:102CB000672052657365740A002042726F776E2038
:102CC0006F75742052657365740A002045787465C9
:102CD000726E616C2052657365740A00506F77657F
:102CE0007255700A0073746172740A004732385862
:102CF00059004D31303031006572726F7220777239
:102D00006974696E6720746F2066696C650A004497
:102D10006F6E6520736176696E672066696C652EDB
:102D20000A004D323900456E6473746F707300256C
:102D30005320256320256320256320256300205A26
:102D40003A0020593A0020583A00656E6473746F57
:102D50007073206869743A20000000220025002862
:102D6000002B002E00310034000201000005010894
:102D7000010B010505050507050808080802020200
:102D8000020A0A0808040404040101010101010106
:102D9000010303030303030303040707070C0C0CDD
:102DA0000C0C0C0C0C0202020206060606060606B5
:102DB000060B0B0B0B0B0B0B0B0102102020080852
:102DC000102040102040800201020108040201018D
:102DD0000204081020408080402010080402018076
:102DE00004020180402010080402010804020101CD
:102DF00002040810204080010204081020408000D6
:102E0000000A0B02090C0D0E080703040100000064
:102E100000000000000000000000000000000000B2
:102E2000000000000000000000000012111000006F
:102E30000000000000000000000000000000000092
:102E4000000000000000486F6D696E6720466169F0
:102E50006C656400FFFFFF205A3A200020793A2079
:102E60000042656420583A200050726F62696E67B4
:102E7000204661696C65640A0050726F62696E6712
:102E8000204661696C65640043616E6E6F74206FEB
:102E900070656E20737562646972200052455355E7
:102EA0004D45204F5054494F4E533A004865617488
:102EB000696E672E2E2E000000436C69636B2074D0
:102EC0006F2068656174000000526573756D696EEE
:102ED000672E2E2E00000050757267696E672E2EC9
:102EE0002E0000004C6F6164696E672E2E2E00006C
:102EF00000496E7365727420616E6420436C69636F
:102F00006B000000436C69636B20746F20636F6E0D
:102F100074696E7565000000456A656374696E6763
:102F20002E2E2E000000506C65617365207761695C
:102F3000742E2E2E0000005061726B696E672E2E6B
:102F40002E000000220A00556E6B6E6F776E2063B4
:102F50006F6D6D616E643A2022006F6B0057616E79
:102F600068616F204439204D4B322052656164798D
:102F70002E005072696E74696E672E2E2E0050728C
:102F8000696E742050617573656400204500205A95
:102F90000020590020204D393220580053746570AC
:102FA000732070657220756E6974004572726F725D
:102FB0002077726974696E6720746F20454550529E
:102FC0004F4D210A0020746F6F206C6F6E67206573
:102FD0007874727573696F6E2070726576656E7441
:102FE00065640A0020636F6C642065787472757381
:102FF000696F6E2070726576656E7465640A005440
:103000004845524D414C2052554E4157415900546C
:103010006865726D616C2052756E61776179002010
:10302000453A00205A3A0020593A00583A0087DFC2
:1030300069DF11241FBECFEFD1E2DEBFCDBF00E0BC
:103040000CBF84B780933D1714BE0FB6F894A895B3
:1030500080916000886180936000109260000FBED4
:1030600014E0A0E0B2E0EEE2FCEE01E00BBF02C033
:1030700007900D92A83EB107D9F727E1A8EEB4E07A
:1030800001C01D92AD33B207E1F718E1C8E1D8E104
:1030900000E006C021970109802FFE010E949DF2E9
:1030A000C731D10780E00807A9F70E94E2E00C943D
:1030B00006F60C94000080919D068F5F80939D061C
:1030C0008A3018F080EF809355090895CF93FC0162
:1030D000808191818115904429F5FB01C1816C2F7C
:1030E00070E090E080E00E94F9EB20E030E048ECF6
:1030F00052E40E94CCF418160CF4C4E62C2F30E0F5
:10310000AFEFB0E00E9467F224E630E040E050E02C
:103110000E9441F22F3F310519F010F02FEF30E0FF
:1031200020931F12CF9108951092260781E080937B
:1031300028070895FB0181818F3F19F0882381F0D2
:1031400008952CE330E030930D0220930C0280931D
:10315000A00685E08093080281E080932807089507
:1031600088EC90E090930D0280930C021092A006E0
:10317000F0CFFB018181811103C086E18093550965
:103180000895FB01818180937B0681E0809328076D
:103190000895FB0180819181982789279827893C90
:1031A000910510F088EC90E090930B0280930A0256
:1031B00081E0809328070895FB01818191E0980FB9
:1031C000923028F48093100281E0809328070895BC
:1031D000FB0181818093090281E080932807089593
:1031E000CF92DF92EF92FF92CF93DF93FB01C081EA
:1031F000D181DC27CD27DC27BE010D2E000C880BEA
:10320000990B0E94FBEB6B017C0120E030E040E277
:1032100051E40E94F5EB87FD0DC020E030E04AEF5D
:1032200053E4C701B6010E94CCF418162CF4C4EF85
:10323000D1E002C0CAE0D0E0D0931202C0931102E4
:1032400081E080932807DF91CF91FF90EF90DF908E
:10325000CF900895CF93DF93C091D607D091D70731
:1032600081E0CE31D105E4F020E030E040E05FE3E2
:103270006091D2077091D3078091D4079091D507C0
:103280000E94A6F20E94EAF36C1B7D0B77FF03C03D
:1032900071956195710981E0633071050CF080E0F2
:1032A000DF91CF91089587FD26C0811111C08091D3
:1032B000B70A2091B80A8217F1F0E22FF0E0E95442
:1032C000F54F828190E02F5F2F772093B80A089501
:1032D000813089F48091350A2091360A821759F09D
:1032E000E22FF0E0EB5CF54F828190E02F5F2F77CB
:1032F0002093360A08958FEF9FEF0895CF93DF93C1
:10330000DB01F9019C919130C1F0943080F0945030
:103310009C938830D1F480819181009771F001975E
:1033200091838083480F591FEA01188206C08C35AB
:1033300039F49C5F9C93943041F4DF91CF910895D0
:103340008B3339F781E08C93F8CF20813181B9013B
:103350006F5F7F4F71836083420F531FEA01888341
:10336000808191818F3591056CF7E7CF0F931F9383
:1033700081E00091750B1091760B2091770B3091C5
:10338000780B4091710B5091720B6091730B70919F
:10339000740B041715072607370708F480E01F9100
:1033A0000F91089520916212833021F425FD0CC005
:1033B00024FD0CC030E0A90102C0559547958A95BF
:1033C000E2F7CA018170089581E0089580E00895D0
:1033D0000F931F93CF93DF93EC010AE519E0F801F7
:1033E0002081318142815381688179818A819B81E9
:1033F0000E94A6F2688379838A839B83F8012481E3
:103400003581468157816C817D818E819F810E94AB
:10341000A6F26C837D838E839F83F801208531859E
:1034200042855385688579858A859B850E94A6F2A9
:10343000688779878A879B87DF91CF911F910F914A
:1034400008958091400684FD0BC08091420687FD5F
:1034500007C090914306937081E019F480E00895CD
:1034600081E008952FEB280F2A3108F047C0E22FA2
:10347000F0E08091400690914106A0914206B09103
:10348000430604C0B695A795979587952A95D2F7D8
:1034900080FD02C081700895EE5AFA4FE081EE235C
:1034A00041F18091700990917109E80FF92FF11D98
:1034B000808190ED980F9A3030F08E3251F48181F6
:1034C00080538A3098F4F0934905E093480581E0F1
:1034D00008958D3211F08B3249F4818190ED980F6F
:1034E0009A3088F38E3211F48281EACFF0E0E0E086
:1034F000EACF1092490510924805E9CF80E008957F
:10350000B1DF882341F081E02091480530914905E1
:10351000232B09F480E008950F931F93CF93DF933B
:10352000C82FD0E0FE01EE0FFF1FE95EFD4F718353
:103530006083CC0FDD1FCC0FDD1F8E010B5A1D4F9A
:10354000072E000C880B990B0E94FBEB2AE037ED4D
:1035500043E25CE30E945AECC25CD84F2881398177
:103560004A815B810E945AECF801608371838283F7
:103570009383DF91CF911F910F910895FC0180817A
:1035800091818B30904259F4FB01608171817627E3
:103590006727762780E0C0DF81E0809328070895C1
:1035A0008091420781110EC020911D0230911E02B0
:1035B0002150310981E040919A0B50919B0B4217A9
:1035C00053070CF080E0089591E0909344069091A9
:1035D000D10095FD0CC09091D00095FF08C080935C
:1035E000D6008091D00080648093D000089520910F
:1035F00045062F5F2F720FB607FC27C09091460635
:10360000921328C09091D00095FF1EC0909146065D
:1036100040914506941306C09091D1009F7D9093F0
:10362000D10012C0E92FF0E0EB5BF94F32819F5FD0
:103630009F723093D600909346063091D00030644C
:103640003093D000491741F3D9CF90914606921399
:1036500001C0FBCFE0914506F0E0EB5BF94F8283C0
:10366000209345068091D10080628093D100089517
:103670000F931F93CF93DF93EC01162F042F8AE54E
:10368000A3DF85EAA1DF83E0800F9EDF812F9CDF2F
:103690008D2F9ADF8C2FDF91CF911F910F9194CFB7
:1036A00040E355E760E070E085E699E10C942A95E7
:1036B000FC014281442339F084819581009719F0FF
:1036C00050E00C9488F50895CF93FB01C181C1307F
:1036D00031F40E94D593811104C0C0932807CF9183
:1036E00008950E949292F9CFCF93DF93EB010E944D
:1036F000099581110AC040E355E760E070E085E676
:1037000099E1DF91CF910C942A958881998198272E
:10371000892798272091A0062F3F29F02223A9F07E
:10372000DF91CF9108958A36910514F089E690E0F3
:103730008530910514F485E090E090930D0280931C
:103740000C0281E080932807EBCF833221E09207BF
:103750007CF382E291E0ECCFECE7F6E081E2DF017E
:103760001D928A95E9F781E0809328070895CF9309
:10377000FB0180917B06813029F050F1823019F1F4
:10378000CF91089560E070E080E89FE321812230CE
:1037900069F118F5222319F09058213089F7C0E01B
:1037A00024E0C29FF0011124EB5DF54F20813181AF
:1037B000428153810E94A6F24C2F0E94FAC881E0F8
:1037C00080932807DDCF6DEC7CEC8CEC9DE3DECFA5
:1037D00060E070E080E291E4D9CF243021F028F05D
:1037E0009058253069F6C2E0DBCF9058C1E0D8CFC1
:1037F000CF93DF93EC01FB0160817181762767270E
:103800007627072E000C880B990B0E94FBEB20E01B
:1038100030E040E251E40E9482F328813981213274
:10382000F0E23F0749F0223240E2340771F02032E3
:10383000304241F440E001C041E00E94FAC881E01A
:1038400080932807DF91CF91089542E0F6CF8F92C1
:103850009F92AF92BF92CF92DF92EF92FF92CF935F
:10386000DF93809158098770873091F040E355E7E6
:1038700060E070E08BEA98E1DF91CF91FF90EF90EC
:10388000DF90CF90BF90AF909F908F900C942A952F
:10389000EB010E940995811107C040E355E760E004
:1038A00070E085E699E1E8CF8981833009F454C05E
:1038B000B8F4813009F466C0C12CD12C60EFE62E3B
:1038C00061E4F62E823009F45AC0DF91CF91FF9067
:1038D000EF90DF90CF90BF90AF909F908F90089522
:1038E000843009F446C0C12CD12C97E8E92E93E42A
:1038F000F92E812C912C20EFA22E21E4B22E8530BE
:1039000021F720E030E040E850E460912D0A70910A
:103910002E0A80912F0A9091300A0E94A6F242E06E
:103920000E94FAC840E0C501B4010E94FAC841E013
:10393000C701B6010E94FAC842E060E070E0CB0126
:10394000DF91CF91FF90EF90DF90CF90BF90AF903D
:103950009F908F900C94FAC8C12CD12C40EFE42E8C
:1039600041E4F42E812C912C57E8A52E53E4B52E7A
:10397000C8CFC12CD12C37E8E32E33E4F32E460117
:103980005701BFCFC12CD12C86E1E82E83E4F82E5D
:10399000F6CFCF93DF93EB010E94099581110AC006
:1039A00040E355E760E070E085E699E1DF91CF9173
:1039B0000C942A95809110028F5F8230E0F420E011
:1039C00030E04AE253E46091960B7091970B80913E
:1039D000980B9091990B0E94F5EB87FF07C040E38D
:1039E00055E760E070E08BEB98E1E0CF89818823B8
:1039F00029F0813039F1DF91CF91089560910A0269
:103A000070910B0290E080E00E94F9EB9B01AC0109
:103A10006091310A7091320A8091330A9091340A90
:103A20000E94A5F26093310A7093320A8093330AA0
:103A30009093340A60E070E080E090E4DF91CF91F1
:103A40000C94858B60910A0270910B0290E080E0EB
:103A50000E94F9EB2091310A3091320A4091330AE9
:103A60005091340A0E94A6F2DDCFCF93DF93EB0191
:103A70000E94099581110AC040E355E760E070E0BB
:103A800085E699E1DF91CF910C942A9589819091F7
:103A90000902923029F09330C1F0DF91CF9108955F
:103AA000882371F06DEC7CEC8CEC9DEB0E949CC942
:103AB0000E9477CC0E941B9581E080932807EDCF70
:103AC0006DEC7CEC8CEC9DE3F1CF882329F06AE06F
:103AD00077ED83E29CEBEACF6AE077ED83E29CE34B
:103AE000E5CFCF93DF93EB010E940995811103C0CD
:103AF000DF91CF91D5CD68817981762767277627A9
:103B0000072E000C880B990B0E94FBEB20E030E0A5
:103B100048EC52E40E9482F32091C40B3091C50B13
:103B20004091C60B5091C70B0E94A5F20E949CC900
:103B30000E9477CC0E941B9581E080932807DF913B
:103B4000CF910895FB018181882319F0813079F0AC
:103B500008956AE077ED83E29CE30E949CC90E948D
:103B600077CC0E941B9581E08093280708956AE036
:103B700077ED83E29CEBF1CFFB01608171817627C9
:103B800067277627072E000C880B990B0E94FBEB0A
:103B900020E030E048EC52E40E9482F32091C40B14
:103BA0003091C50B4091C60B5091C70B0E94A5F2F6
:103BB0000E949CC90E9477CC0E941B9581E0809353
:103BC00028070895FB018181813031F0823039F07E
:103BD00081E08093280708950E945E7DF9CF0E94BE
:103BE000367DF6CFCF93FB01C181C13051F40E94E5
:103BF000BB93811108C00E94D593811104C0C0936A
:103C00002807CF910895CF910C949292CF93FB0106
:103C1000C181C13031F40E94BB93811104C0C093B3
:103C20002807CF9108954CE758E163E878E184E0F4
:103C30000E942CC58EE79FE20E94C1C188E798E1EF
:103C40009093130980931209ECCF80910E0290910A
:103C50000F0297FF08C040E355E760E070E087E699
:103C600098E10C942A950E94B8D3882381F0809122
:103C7000790B85FD0CC00E940995811101C010CD02
:103C800082E799E00E947FCD83E0809355090895F3
:103C9000CF93DF93FB0181818130D1F040F08230FE
:103CA00019F181E080932807DF91CF9108958091E9
:103CB000790B86FDF9CF10929F0610929E068FEF2A
:103CC0009FEF90930F0280930E020E944ACDE9CF9E
:103CD00080919E0690919F06009731F301979093F3
:103CE0009F0680939E06DDCFC0919E06D0919F06D1
:103CF00026960E946BD38C179D07B0F280919E068A
:103D000090919F060196EBCF1F93CF93DF93EC0129
:103D1000FB011181888199818130904289F48091E1
:103D2000790B84FD0BC040E355E760E070E08DE364
:103D300098E1DF91CF911F910C942A950E9433CD89
:103D4000888199818230904279F40E94BB938823C4
:103D500039F040E355E760E070E084E298E1E9CFB4
:103D60000E94D5938111F5CF88819981833090424B
:103D700031F010935509DF91CF911F9108950E9462
:103D8000BB938111F6CF0E94D5938111F2CF40E30E
:103D900055E760E070E08DE098E1CBCFFC01019049
:103DA0000020E9F79F0121503109281B390B2F33DF
:103DB000310540F4FC01E20FF31F60832E3331051F
:103DC00009F011820895CF93DF93EC0140E450E0B5
:103DD0000E94EFEACE01DF91CF910895AB01BC01C3
:103DE0004093750B5093760B6093770B7093780B21
:103DF00082E894E10C94DDCDEF92FF920F931F9334
:103E0000CF93DF93CDB7DEB764970FB6F894DEBFDC
:103E10000FBECDBF7C01FB016081718182819381E6
:103E20008E010F5F1F4F248141E00E9421E7F701BF
:103E300001900020E9F79F01215031092E193F0917
:103E40002E31310550F44FE150E0421B530BBC01C1
:103E5000C701820F931F0E943EEBC70164960FB605
:103E6000F894DEBF0FBECDBFDF91CF911F910F91B0
:103E7000FF90EF900895CF93DF93EC01FC01019048
:103E80000020E9F7CF0101978C1B9D0B8F33910523
:103E900040F440E450E0481B590B8C0F9D1F0E94DA
:103EA0003EEBCE01DF91CF910895EF92FF920F93F9
:103EB0001F93CF93DF93CDB7DEB764970FB6F89417
:103EC000DEBF0FBECDBF7C01FB01608171818281AD
:103ED00093818E010F5F1F4F248141E00E9421E7F3
:103EE000BC01C701C8DF64960FB6F894DEBF0FBEF1
:103EF000CDBFDF91CF911F910F91FF90EF9008956B
:103F00000C9459C08091480590914905009731F073
:103F10004AE050E070E060E00C94C1E960E070E0DD
:103F2000CB0108958091480590914905009731F0A3
:103F30004AE050E070E060E00C9494E860E070E0EB
:103F4000CB010895EFDF97FD0AC0ECDF6F3F7105ED
:103F50008105910509F02CF4E5DF862F089580E0B6
:103F600008958FEF0895CF93C62FCADA882311F0F2
:103F7000CF91E8CF8C2FCF910895809148059091F3
:103F80004905892B39F0DEDF91E0811101C090E015
:103F9000892F089591E0FCCFCF93DF93C82FD62FC0
:103FA000AFDA882319F0DF91CF91E7CF8C2F5ADA5F
:103FB000811101C08D2FDF91CF910895B3DFCB0127
:103FC0000895CF93DF93EB019BDA882319F0DF91FB
:103FD000CF91F4CFCE01DF91CF9108950F931F932E
:103FE000CF938091480590914905009709F1FC0114
:103FF0008F01C1912C2F2F7DA1F0C53431F0C53632
:1040000021F0C83511F0C83799F7F801108270E037
:1040100060E00E943EE7F801C083CF911F910F91AD
:10402000089570E060E0CF911F910F910C943EE7EE
:1040300060E070E0CB01F1CFCF92DF92EF92FF9280
:104040006A017B015DDA882329F0FF90EF90DF9011
:10405000CF90C4CFC701B601FF90EF90DF90CF9013
:1040600008954F925F926F927F92AF92BF92CF92DC
:10407000DF92EF92FF920F931F93CF93DF938FE026
:10408000A82E84E0B82E05E21AE0CEE2D7E09AE549
:10409000C92E99E0D92EF12CF50181915F0130DA1A
:1040A000882321F08091C809882351F0F80180818C
:1040B0009181A281B38188839983AA83BB8315C030
:1040C0008DDF2B013C018F2D6DD9882309F463C04E
:1040D000F8012081318142815381C301B2010E94E4
:1040E000A6F2688379838A839B83F3940C5F1F4FC6
:1040F0002496F4E0CF0ED11C83E0F812CDCF85E4F6
:10410000FFD9882309F451C069DF6B017C0183E08A
:1041100049D9882371F02091310A3091320A4091B7
:10412000330A5091340AC701B6010E94A6F26B010E
:104130007C01C0923A07D0923B07E0923C07F09294
:104140003D0740E050E0BA0186E476DF20E030E051
:10415000A9010E94CCF418167CF440DF20E030E086
:1041600040E752E40E9482F36093130270931402BA
:104170008093150290931602DF91CF911F910F91BA
:10418000FF90EF90DF90CF90BF90AF907F906F90B7
:104190005F904F900895F6012081318142815381D3
:1041A000C301B2010E94A5F29CCF8091310A909187
:1041B000320AA091330AB091340A80933A0790935F
:1041C0003B07A0933C07B0933D07BBCF80915409B8
:1041D000833018F046DF0C9422A90895EF92FF92E5
:1041E0000F931F93CF93DF93CDB7DEB72C970FB606
:1041F000F894DEBF0FBECDBF7C017F936F9381ED3E
:1042000094E09F938F938E010F5F1F4F1F930F9327
:104210000E94D6F5B801C7012EDE0F900F900F90C7
:104220000F900F900F902C960FB6F894DEBF0FBE34
:10423000CDBFDF91CF911F910F91FF90EF90089527
:10424000EF92FF920F931F93CF93DF93CDB7DEB71B
:10425000A4970FB6F894DEBF0FBECDBFF82E8093A3
:10426000CA098FE18F1508F489C08091C909F81631
:1042700024F081E08F0D8093C90981E090E00F2C3C
:1042800002C0880F991F0A94E2F7092E000CAA0BAE
:10429000BB0B4091CB095091CC096091CD09709135
:1042A000CE0984239523A623B72321E0892B8A2BCB
:1042B0008B2B09F420E02093C809F7FC62C04FE182
:1042C00050E062E575E08E010F5F1F4FC8010E944C
:1042D000EFEAF80101900020E9F7CF010197801B78
:1042E000910B8E31910560F420E2F801E80FF91F7F
:1042F00020838D31910521F08C0F9D1FFC011282CE
:104300008F2D0F2C000C990B9F93FF9281ED94E061
:104310009F938F937E01F0E2EF0EF11CFF92EF92DC
:104320000E94D6F5F80101900020E9F7CF0101972E
:10433000801B910B0F900F900F900F900F900F908C
:104340008E31910548F44FE150E0481B590BB701FD
:10435000800F911F0E943EEB40E060E0C8010E9488
:10436000BA92A4960FB6F894DEBF0FBECDBFDF9110
:10437000CF911F910F91FF90EF9008951092C8096F
:104380009CCF0E94A6C4EDCFCF92DF92EF92FF9216
:10439000CF936B017C01C42F809163128F5F09F46E
:1043A000CEC0809363128091631280931D1320E02E
:1043B00030E040E752E46091130270911402809162
:1043C0001502909116020E945AEC0E94EFF370932E
:1043D0007512609374128091110290911202909361
:1043E0007712809376128091170290911802909321
:1043F000791280937812C0927A12D0927B12E09256
:104400007C12F0927D1280911C13C0FB80F9809386
:104410001C1387E0E8ECF9E0AEE7B2E101900D9201
:104420008A95E1F78CE0E5E0F9E0A5E8B2E10190DA
:104430000D928A95E1F78CE0EAE5F9E0A1E9B2E1B5
:1044400001900D928A95E1F78091600790911C137D
:1044500080FB94F990931C13882381F080915C0772
:1044600090915D07A0915E07B0915F0780939D12C8
:1044700090939E12A0939F12B093A01280919A0BDA
:1044800090919B0B9093A2128093A1128091D607DA
:104490009091D7079093A4128093A31280911F123A
:1044A0008093A51280911C139091880990FB83F949
:1044B00080931C138091890990918A09A0918B099E
:1044C000B0918C098093A6129093A712A093A81282
:1044D000B093A9120E94C79060931713709318139A
:1044E0008093191390931A138091621280931B1377
:1044F0009091CF0980911C1393FB81F99091420711
:1045000090FB82F980931C1380E00E9457DA40E010
:1045100050E0BA0183E293E10E94DDCD4BEB50E025
:1045200063E672E183E293E10E9403CF83E293E1C9
:10453000CF91FF90EF90DF90CF900C94DBD281E091
:1045400030CFAF92BF92CF92DF92EF920F931F9333
:10455000CF935B01C42F122F62E88AD8C5010E9455
:1045600003EB6C018C2F90E0C816D90620F5C1141E
:10457000D10431F1CC19112379F0011110C010E0F0
:1045800000E00C151D05E1F0F501E00FF11F84912D
:104590001BD80F5F1F4FF5CF10E0011107C08C191A
:1045A0009D09969587951C2F181BC82FC15030F078
:1045B00080E20AD8FBCF6C01C0E0E1CFC12FDFCF92
:1045C00010E2E11001C010E0C15020F0812F0E94E4
:1045D000E41AFACFCF911F910F91EF90DF90CF9017
:1045E000BF90AF900895AF92BF92CF92DF92EF92BB
:1045F0000F931F93CF935B01C42F122F62E838D81B
:10460000F50101900020E9F731976F01CA18DB0826
:104610008C2F90E0C816D90618F5C114D10429F1E1
:10462000CC19112369F001110EC0CA0CDB1CCA148D
:10463000DB04D9F0F50181915F010E94E41AF7CF04
:1046400010E0011107C08C199D09969587951C2FC4
:10465000181BC82FC15038F080E20E94E41AFACF2C
:104660006C01C0E0E2CFC12FE0CF10E2E11001C049
:1046700010E0C15020F0812F0E94E41AFACFCF91B0
:104680001F910F91EF90DF90CF90BF90AF90089562
:10469000EF920F93CF93DF93EC0185E49EE20E94AB
:1046A0009B94209749F0EE24E39401E021E040E25E
:1046B000BE0180E291E197DF85E49EE2009781F000
:1046C000EE24E39401E021E040E2BC0180E491E1CA
:1046D00038DF21E040E265E47EE280E691E131DF0F
:1046E00060E083E00E946EC080912707893F11F04F
:1046F0008093340281E08093560989EF80935509B5
:10470000DF91CF910F91EF900895FF920F931F9338
:10471000CF93DF93F62E072F142F62E80E94381BE9
:10472000CF2DD02F115020F089910E94E41AFACF9A
:10473000DF91CF911F910F91FF9008952BE134E10C
:10474000F901459154914115510571F048175907E8
:1047500041F4CB014AE050E0B9010E94C9EA81E08E
:104760000895265F3F4F61F780E00895CF93DF9370
:104770001F921F92CDB7DEB7853608F084E6682F0A
:1047800070E090E080E00E94FBEB20E030E04FE73B
:1047900053E40E945AEC20E030E048EC52E40E94DE
:1047A00082F320E030E0A9010E94A6F20E94D8F432
:1047B0006093E4031A821982698342E0BE016F5F4D
:1047C0007F4F81EA90E0A1DF0F900F90DF91CF91B2
:1047D0000895FB018181CADF0C941B95CF93DF9371
:1047E0001F921F92CDB7DEB7853608F084E680931E
:1047F0001F02682F70E090E080E00E94F9EB20E05B
:1048000030E04EEB52E40E945AEC20E030E048ECFD
:1048100052E40E9482F320E030E040EA50E40E943B
:10482000A6F20E94D8F469836A8342E0BE016F5FFA
:104830007F4F82E890E069DF0F900F90DF91CF917A
:104840000895FB018181CADF0C941B956091E403FC
:1048500070E090E080E00E94F9EB20E030E048EC6E
:1048600052E40E945AEC20E030E04FE753E40E940B
:1048700082F320E030E0A9010E94A6F20E94D8F461
:10488000862F089580912407882321F080912307A3
:10489000811109C041E063E88FE090E00E94381B7D
:1048A00081E00C94E41A08951092D0008091D00019
:1048B00082608093D0001092D50080E18093D40074
:1048C0008091D10080618093D1008091D100886077
:1048D0008093D1008091D10080688093D100809135
:1048E000D1008F7D8093D10010924406CBDF809160
:1048F0002507882321F081E080932807089561E04F
:1049000080E00C94AC94CF93DF93C091D607D09104
:10491000D707209729F16091D2077091D307809132
:10492000D4079091D5070E94EAF36E5F7F4F2497DA
:104930006C177D07ACF47093C8076093C7070E949B
:104940001ECB605679478E4F9F4F6093C907709377
:10495000CA078093CB079093CC07DF91CF9108953E
:104960001092C9071092CA071092CB071092CC0779
:10497000F4CF2F923F924F925F926F927F928F92DD
:104980009F92AF92BF92CF92DF92EF92FF920F93DE
:104990001F93CF93DF93D62FC72FFC018080918088
:1049A000A280B380C501B40120E831E541E050E0C8
:1049B0000E941FF2C9016DE671E00E9476F26B0160
:1049C0007C01C501B40120E13EE040E050E00E94DE
:1049D0001FF2CA01B90128E130E040E050E00E9436
:1049E0001FF2362E272E062F172F8CE3482E512C20
:1049F000612C712CC501B401A30192010E941FF228
:104A0000B62EA72ECA01B901A30192010E941FF27E
:104A1000CB01C114D10479F1AF92BF927F936F9310
:104A20002F923F92FF92EF92DF92CF9285E291E137
:104A30009F938F93CF93DF930E948EEB8DB79EB79A
:104A40000E960FB6F8949EBF0FBE8DBF8D2F9C2F74
:104A5000DF91CF911F910F91FF90EF90DF90CF905A
:104A6000BF90AF909F908F907F906F905F904F908E
:104A70003F902F900895E114F104C9F0AF92BF92D6
:104A80007F936F932F923F92FF92EF9285E191E196
:104A90009F938F93CF93DF930E948EEBEDB7FEB77A
:104AA0003C960FB6F894FEBF0FBEEDBFCFCF012BE3
:104AB000B9F0AF92BF927F936F932F923F9289E0AC
:104AC00091E19F938F93CF93DF930E948EEB8DB7ED
:104AD0009EB70A960FB6F8949EBF0FBE8DBFB6CF95
:104AE000892BA9F0AF92BF927F936F9381E091E100
:104AF0009F938F93CF93DF930E948EEBEDB7FEB71A
:104B000038960FB6F894FEBF0FBEEDBF9FCFAF92A1
:104B1000BF928DEF90E19F938F93CF93DF930E948D
:104B20008EEB0F900F900F900F900F900F908ECFF5
:104B30008F929F92AF92BF92CF92DF92EF92FF92AD
:104B40000F931F93CF93DF9310926D0510926C0516
:104B50002FE3209371051092700510926F0510924B
:104B60006E05109240061092410610924206109275
:104B700043069C01F90190812F5F3F4F9032D1F3A2
:104B80009E34C9F4818190ED980F9A3020F08D32D7
:104B900011F08B3281F432969F012F5F3F4F80815D
:104BA00080538A3008F44CC09F012F5F3F4F8081B3
:104BB000803209F447C0F0937109E09370098F01C6
:104BC0000F5F1F4FC0816AE270E0C8010E94ABF521
:104BD000009731F0FC01319780818032E1F311823E
:104BE000CD3421F0C43511F0C734E9F4D8018C91EB
:104BF0000F5F1F4F8032D1F380538A30A0F4C093EF
:104C0000710530E020E06AE0FD0131968C9180531F
:104C10002A3999E13907D0F03093700520936F0558
:104C20008FE380937105DF91CF911F910F91FF90DA
:104C3000EF90DF90CF90BF90AF909F908F900895AE
:104C4000F901AACFF901B0CFDF01DECF293999E10F
:104C5000390711F4863000F7629FA001639F500D61
:104C600011249A01280F311D808190ED980F9A3000
:104C700058F33093700520936F058E3261F41296CD
:104C800090E04AE0FD011196808150ED580F5A30B6
:104C9000C0F090936E05DF0131968C918032D9F38C
:104CA000CD34F9F42E31310539F088F4273131054E
:104CB00019F02C313105A9F4B0936D05A0936C0562
:104CC000B2CF949F800D112490ED980FDBCF253744
:104CD000310538F02737310578F3203AE3E03E0715
:104CE00059F3D091700940E050E0BA0110E000E0C3
:104CF000C12CD12C7601C394FD0131968C9188236F
:104D000009F47FC08132E1F4CD34D1F42032310591
:104D1000B9F4409340065093410660934206709365
:104D20004306F0936D05E0936C0563E270E0CF01FC
:104D30000E94ABF5009709F476CFFC01108273CF87
:104D400081548A3108F058C0DF019D91903291F072
:104D5000A0EDA90FAA30E8F09E3271F49181905332
:104D60009A30B8F00115110519F48F01015011099D
:104D700090E013C0FD01E8CF9D3211F09B3291F716
:104D80009181A0EDA90FAA3020F09E3259F79281AF
:104D9000E6CF9E2F9D1B309759F3A82FB0E0460118
:104DA000570104C0880C991CAA1CBB1C8A95D2F719
:104DB000482959296A297B29AE5ABA4F9C93808188
:104DC0008154DF018A3108F497CFDF018191882374
:104DD00009F492CF90ED980F9A30B8F393ED980FB5
:104DE000923098F38B3289F3CD010196EC91E03249
:104DF00009F082CFDC01F8CF0115110501F78D0113
:104E0000DECF10936D0500936C05409340065093E0
:104E10004106609342067093430605CFCF93DF931C
:104E2000EC018991882319F00E9459C0FACF8DE0D6
:104E30000E9459C08AE0DF91CF910C9459C00C9424
:104E400040C190915909992321F0682F80E00E9478
:104E50001D8F80E00895682F70E090E080E00C9452
:104E6000A8C11F93CF93DF931BEBC3E6D2E1FE01F2
:104E7000812F11928A95E9F70E94F8D6882359F07C
:104E8000FE0111921A95E9F78EE994E0DF91CF9136
:104E90001F910C947BDADF91CF911F91089580913F
:104EA0006312882361F090911D13891308C08091CB
:104EB000790B84FF04C08AEA92E10C9470D880E0F8
:104EC0000895FC01238121110C94DBD20895CF9326
:104ED000DF93C0919A0BD0919B0B209729F16091A1
:104EE000960B7091970B8091980B9091990B0E9463
:104EF000EAF36E5F7F4F26976C177D07ACF47093D3
:104F0000E3076093E2070E941ECB60547B428E4F02
:104F10009F4F6093E4077093E5078093E6079093B3
:104F2000E707DF91CF9108951092E4071092E5070B
:104F30001092E6071092E707F4CFCF93DF93EC01CE
:104F40008991882319F00E9459C0FACFDF91CF913F
:104F50000895682F70E090E080E00C9440C1CF93FA
:104F6000C1E020E030E0A90160914B0770914C074F
:104F700080914D0790914E070E94F5EB811101C081
:104F8000C0E08C2FCF910895CF93C82F882319F0BC
:104F9000E6DF8823C9F0809188098C17A9F00E9468
:104FA000677F85E29AE00E9464818091880991E0A0
:104FB000892780938809882321F085E29AE00E945E
:104FC000447ECF910C94678DCF9108950E940995EE
:104FD000811102C00C94501B80E0D6DF0E941B950B
:104FE00081E08093280708954F925F926F927F929D
:104FF0008F929F92AF92BF92CF92DF92EF92FF92E9
:105000000F931F93CF93DF93EC01209143073091CF
:1050100044074091450750914607688179818A810C
:105020009B810E94A5F26B017C0120914707309182
:1050300048074091490750914A076C817D818E81D4
:105040009F810E94A5F24B015C01A701960160912E
:1050500030057091310580913205909133050E94A1
:10506000F5EB882309F45AC0C0923005D09231057F
:10507000E0923205F0923305209128053091290500
:1050800040912A0550912B05C701B6010E945AECA8
:105090002B013C010E941BF46B017C0120E030E0FD
:1050A000A9010E94F5EB87FD7AC020E030E040E8DE
:1050B00050E4C701B6010E94CCF4181634F4C12C98
:1050C000D12CC0E8EC2EC0E4FC2EA7019601C30150
:1050D000B2010E94A5F22B013C0120E030E0A901C1
:1050E0000E94F5EB87FD5FC040922005509221059C
:1050F0006092220570922305C701B6010E94EAF36F
:1051000060931E05062E000C770B6F5F7F4F643097
:10511000710514F064E070E060931C05D0911A05ED
:1051200010911E05A501940160913405709135051B
:1051300080913605909137050E94F5EB81113CC0B6
:10514000D11394C0209102053091030540910405CC
:1051500050910505609120057091210580912205EF
:10516000909123050E945AEC209106053091070585
:1051700040910805509109050E94A6F2DF91CF9158
:105180001F910F91FF90EF90DF90CF90BF90AF9065
:105190009F908F907F906F905F904F900895C12C5B
:1051A000D12C760192CF10922005109221051092F9
:1051B000220510922305A0CF8092340590923505E8
:1051C000A0923605B092370520912C0530912D051F
:1051D00040912E0550912F05C501B4010E945AEC53
:1051E0004B015C010E941BF46B017C0120E030E06C
:1051F000A9010E94F5EB87FDFDC020E030E040E80A
:1052000050E4C701B6010E94CCF4181634F4C12C46
:10521000D12CB0E8EB2EB0E4FB2EA7019601C5011E
:10522000B4010E94A5F24B015C0120E030E0A9012D
:105230000E94F5EB87FDE2C080922405909225053F
:10524000A0922605B0922705C701B6010E94EAF395
:1052500060931F05062E000C770B6F5F7F4F643045
:10526000710514F064E070E060931D05C0911F05A6
:10527000D11305C080911B058C1709F470C0809173
:105280001E0590911F0590931B0580931A050C2E07
:10529000000CDD0B25E01203C0011124FC01EC0F12
:1052A000FD1FEE0FFF1FEE0FFF1FEF59F84F20817C
:1052B0003181428153812093160530931705409325
:1052C00018055093190500911D05002E000C110BB7
:1052D000FC01E00FF11FEE0FFF1FEE0FFF1FEF5954
:1052E000F84F60817181828193810E94A5F2609361
:1052F0001205709313058093140590931505209162
:105300001C0535E02303F0011124CE0FDF1FCC0F65
:10531000DD1FCC0FDD1FCF59D84F288139814A813D
:105320005B8120930E0530930F0540931005509339
:105330001105E00FF11FEE0FFF1FEE0FFF1FEF59DA
:10534000F84F60817181828193810E94A5F2609300
:105350000A0570930B0580930C0590930D058090C2
:10536000240590902505A0902605B0902705209152
:105370001205309113054091140550911505C50192
:10538000B4010E945AEC2091160530911705409106
:105390001805509119050E94A6F26B017C01C0927C
:1053A0000605D0920705E0920805F09209052091C4
:1053B0000A0530910B0540910C0550910D05C50172
:1053C000B4010E945AEC20910E0530910F054091D6
:1053D0001005509111050E94A6F2A70196010E94A6
:1053E000A5F26093020570930305809304059093E2
:1053F0000505A8CEC12CD12C76010FCF1092240523
:105400001092250510922605109227051DCFE0E386
:10541000F5E080EF9FEFA9E7B4EC84839583A68342
:10542000B78380839183A283B383EAE1F5E08DE9BA
:105430008183808308958F929F92AF92BF92CF9283
:10544000DF92EF92FF92FC0198E0ABE4B7E00190AD
:105450000D929A95E1F788E0FB01A3E4B7E0019093
:105460000D928A95E1F7C0904B07D0904C07E090E1
:105470004D07F0904E0720E030E0A901C701B601CA
:105480000E94F5EB8823E1F1A701960160E070E04E
:1054900080E89FE30E9482F36B017C0180904F07BC
:1054A00090905007A0905107B090520720E030E054
:1054B000A901C501B4010E94F5EB882329F1A501DA
:1054C000940160E070E080E89FE30E9482F3C09264
:1054D0002805D0922905E0922A05F0922B056093C9
:1054E0002C0570932D0580932E0590932F05FF902A
:1054F000EF90DF90CF90BF90AF909F908F900895E6
:10550000C12CD12C7601CACF60E070E0CB01DFCF97
:105510008F929F92AF92BF92EF92FF920F931F9341
:10552000CF93DF93109247071092480710924907D4
:1055300010924A07109243071092440710924507B1
:105540001092460710924F07109250071092510781
:105550001092520710924B0710924C0710924D0771
:1055600010924E0701E617E0C0E0812C912C80ECF0
:10557000A82E8FE7B82E7801D0E0F70181929192A2
:10558000A192B1927F016D2F8C2F0E94A49CDF5FAE
:10559000D53099F7CF5F0C5E1F4FC53061F7DF91B3
:1055A000CF911F910F91FF90EF90BF90AF909F9080
:1055B0008F900895EFE6F0E0808182608083089507
:1055C00080916A0990916B09892B79F480916A091D
:1055D00090916B09892B49F420916A0930916B09EC
:1055E00081E0232B19F480E0089581E00895CF93A2
:1055F000DF93EC01FE0184912196882319F00E942B
:10560000801FF8CFDF91CF910895CF93DF93EB0107
:10561000EEDFCE01DF91CF9190CCCF92DF92EF926F
:10562000FF926A017B01E3DF42E0C701B601FF9010
:10563000EF90DF90CF900C94D4C182E395E0D7CF68
:105640008CE295E0D4CF8AE00C94801FCF93DF9357
:1056500061ED70E10E94FCC3C091C80BD091C90BF1
:10566000488159816A817B8188EC90E1D6DF4C8149
:105670005D816E817F8181E99FE2CFDF4091C40B24
:105680005091C50B6091C60B7091C70B8EE89FE2DD
:10569000C4DF85EC90E1ABDF8EE19EE1A8DFDF9116
:1056A000CF91D1CF0F931F93CF938C01C62F85E855
:1056B00090E19DDFC8019BDF8AE30E9459C080E32F
:1056C0008C0F0E94801FCF911F910F91BCCFCF9262
:1056D000DF92EF92FF926A017B0189DFC701B60179
:1056E0000E94A8C1FF90EF90DF90CF90ACCF0F93B6
:1056F0001F93CF93883038F5082F082E000C110B1C
:10570000C0911E1391E001C0990F8A95EAF790931A
:105710001E130E94C5C187E6809FF001819FF00D96
:105720001124EE58FA4F40815181628173814F5F9D
:105730005F4F6F4F7F4F84EF90E1C9DF80EF90E1C3
:1057400056DFC0931E13CF911F910F910895EF92D2
:10575000FF920F931F93CF93DF937C01C62F062FE9
:10576000062E000C110B80E0683028F481E001C0A7
:10577000880F6A95EAF7D0911E1380931E135DDFA0
:1057800087E6809FF001819FF00D1124EE58FA4FBB
:105790004081518162817381C70199DF8C2F0E9402
:1057A00053190196D9F78C2FA2DF87E6809FF0016D
:1057B000819FF00D1124EE58FA4F15821482D09378
:1057C0001E13DF91CF911F910F91FF90EF900895DD
:1057D0000F931F93CF93811111C0C42F8B0130DF22
:1057E00088EE9EE004DFC80102DFCC2339F08AE3B3
:1057F0000E94801FCF911F910F9125CFCF911F91B4
:105800000F910895CF93C82F41E069ED79E0E0DF73
:10581000C11101C015DF40915407509155076091A7
:1058200056077091570780ED99E0F7DE40915807D1
:105830005091590760915A0770915B078DEC99E080
:10584000ECDE8AEC99E0D3DE8EE19EE1D0DECF91F2
:10585000FACECF93C82F41E060EB78E0B9DFC111F9
:1058600001C0EEDE4091AE0B5091AF0B6091B00BDA
:105870007091B10B87EA98E0D0DE21E732EB47E286
:105880005EE36091B20B7091B30B8091B40B909179
:10589000B50B0E9482F3AB01BC0184EA98E0BDDE47
:1058A00021E732EB47E25EE36091B60B7091B70BF4
:1058B0008091B80B9091B90B0E945AECAB01BC01DE
:1058C00081EA98E0AADECF91BECECF92DF92EF922E
:1058D000FF926A017B018BDE42E0C701B6010E94A4
:1058E000D4C1FF90EF90DF90CF90ADCECF93DF93F8
:1058F00069E770E10E94FCC3C5E0D9E048815981A5
:105900006A817B8180E790E188DE4C815D816E81D8
:105910007F8181E99FE281DE488559856A857B85A3
:105920008EE89FE2DF91CF91D0CFCF93DF9368E2F3
:1059300078E00E94FCC36091E0097091E1098091D8
:10594000E2099091E3090E94F9EBAB01BC018FE100
:1059500098E063DE4091100A5091110A6091120A9A
:105960007091130A8CE198E058DE4091140A50912E
:10597000150A6091160A7091170A89E198E04DDEC8
:10598000C2E9D9E0488159816A817B8185EE9EE038
:1059900044DE4C815D816E817F8181E99FE23DDE45
:1059A000488559856A857B858EE89FE236DE4C8581
:1059B0005D856E857F858BE89FE2DF91CF9185CFF6
:1059C000CF93DF936FEC77E00E94FCC3C0EDD9E08A
:1059D0004CA95DA96EA97FA986EC97E01EDE48ADB3
:1059E00059AD6AAD7BAD83EC97E017DE4CAD5DAD94
:1059F0006EAD7FAD89E198E0DF91CF9166CFCF9317
:105A0000DF936BEA77E00E94FCC3C0EDD9E04CA1C4
:105A10005DA16EA17FA182EA97E0FFDD48A559A5AF
:105A20006AA57BA581E99FE2F8DD4CA55DA56EA581
:105A30007FA58EE89FE2F1DD48A959A96AA97BA953
:105A40008BE89FE2EADDDF91CF91FDCDCF93DF932D
:105A500066E877E00E94FCC3C0EDD9E068817981F7
:105A60008A819B810E94F9EBAB01BC018DE797E035
:105A7000D4DD6C817D818E819F810E94F9EBAB0129
:105A8000BC0181E99FE2C9DD688579858A859B85AE
:105A90000E94F9EBAB01BC018EE89FE2BEDD6C8594
:105AA0007D858E859F850E94F9EBAB01BC018BE85B
:105AB0009FE2B3DDDF91CF91C6CDCF93811110C0AE
:105AC000BFDD88EE9EE093DD8BE697E090DD809170
:105AD0006007811103C08EE597E089DDB4DDB0DD9C
:105AE000C091600785E597E082DD8C2FB4D94091A5
:105AF0005C0750915D0760915E0770915F0782E5DA
:105B000097E0CF91E2CECF93DF93EB0170DDCE0132
:105B10006EDDDF91CF9197CDCF936BEF79E00E944F
:105B2000FCC3C0915307C05D82EF99E060DD8C2F0C
:105B30000E9459C0809153076CE47EE1882311F0E4
:105B400060E57EE18EEE99E0CF91DDCF0F931F935C
:105B5000CF93DF938C01D62FC0911E138FEF8093CC
:105B60001E138CE595E043DDC80141DDD1116BDDED
:105B7000C0931E13DF91CF911F910F9108950F9342
:105B80001F93CF93DF938C01D62FC0911E138FEFFD
:105B900080931E1360E082E895E0D8DFC80127DD1E
:105BA000D11151DDC0931E13DF91CF911F910F9141
:105BB0000895EF92FF921F93CF93DF937C0160E0F3
:105BC00089E995E0DCDFCEE1D3E118818FEF8883AE
:105BD00080E20E94801FC7010ADD35DD1883DF9156
:105BE000CF911F91FF90EF90089561E084E995E0D7
:105BF000C6CF61E080E995E0C2CF0F931F93CF93AA
:105C0000DF93D82F8B01C42FF4DFD0936C0960E0B1
:105C10008AE895E0B4DFD0911E138FEF80931E13B6
:105C200080E20E94801FC801E2DCCC2319F08C2F97
:105C30000E94801F08DDD0931E13DF91CF911F912A
:105C40000F91089540E0BC0182E0D7DF83E99AE03C
:105C5000B0DFCBCFEF92FF921F93CF93DF937C0106
:105C6000CEE1D3E118818FEF888360E084E795E08F
:105C70006DDFC701BCDCE7DC1883DF91CF911F919A
:105C8000FF90EF9008952F923F924F925F926F9204
:105C90007F928F929F92AF92BF92CF92DF92EF92BC
:105CA000FF920F931F93CF93DF93CDB7DEB7C85406
:105CB000D1090FB6F894DEBF0FBECDBF70E060E033
:105CC00085E40E94E11F811125C065E070E083E456
:105CD0000E94E11F8C0103970CF047C086ED93E111
:105CE000C85BDF4F0FB6F894DEBF0FBECDBFDF91AC
:105CF000CF911F910F91FF90EF90DF90CF90BF90C9
:105D0000AF909F908F907F906F905F904F903F905B
:105D10002F906DCC8EE094E16ADC86EF93E167DC36
:105D200040E355E760E070E08FEE91E10E942A9534
:105D300060E083E0C85BDF4F0FB6F894DEBF0FBEB4
:105D4000CDBFDF91CF911F910F91FF90EF90DF902A
:105D5000CF90BF90AF909F908F907F906F905F900B
:105D60004F903F902F900C946EC083E50E94801A54
:105D7000882309F459C00E94DE1F9E838D8360E052
:105D800085E50E94CC1F8FAF89EC93E10E94C1C1D1
:105D90000AA7033074F10E941ECB6F87788B898B22
:105DA0009A8B40E355E760E070E08EE092E10E945C
:105DB0002A9560E083E00E946EC04D805E8023E201
:105DC000421621E05206ACF18CEB93E110DC8DE938
:105DD00093E10DDC40E355E760E070E088EC91E191
:105DE0000E942A9560E083E00E946EC086E793E1FE
:105DF00031DFC85BDF4F0FB6F894DEBF0FBECDBFFB
:105E0000DF91CF911F910F91FF90EF90DF90CF9096
:105E1000BF90AF909F908F907F906F905F904F90CA
:105E20003F902F900C94A6C424EB30E03E832D834A
:105E3000A6CF4D805E80B201550C880B990B0E9455
:105E4000FBEB6B8B7C8B8D8B9E8B2F8538894989E7
:105E50005A8920543B424E4F5F4F29AF3AAF4BAF68
:105E60005CAF89E693E1C3DB81E693E1C0DB0E948E
:105E7000807B8FE780939C0B86E593E10E94C1C1F4
:105E800081E0809311098F849888A988BA8888AAAC
:105E900099AAAAAABBAA1AA21BA21CA21DA21EA250
:105EA0001FA218A619A619861A861B861C86FFE74C
:105EB000CF2ED12CE12CF12C198230E43F8B4CE118
:105EC000488F56E4598F1A8E1B8E1C8E1D8EAFE79D
:105ED0004A2E512C612C712C4E8E5F8E68A279A2B5
:105EE0001CAA1DAA1EAA1FAA18AE1CA61DA61EA685
:105EF0001FA621E02BA71E861D86212C312C00E039
:105F000010E04AA4042C000C55085EAE4DAE8D8105
:105F10009E814E962C01990F6608770824964CAE08
:105F20005DAE6EAE7FAE24972D813E812E5131093C
:105F30002901052C000C6608770828964CAE5DAE4A
:105F40006EAE7FAE289780911109882391F10E944F
:105F50001ECB6D837E838F8398875090CD072996C3
:105F60005FAE2997511028C00E94B99924966CAD54
:105F70007DAD8EAD9FAD24970E94FBEB9101A801F2
:105F80000E94F5EB87FF9DC08DEE92E130DB8EEC39
:105F900092E12DDB40E355E760E070E088EC91E1B1
:105FA0000E942A9560E083E00E946EC086E793E13C
:105FB00051DE0E94807BA2C10E9464A51092CD0791
:105FC0000E94B9992090960B3090970B0091980BF6
:105FD0001091990B2A8D3B8D4C8D5D8DB101C801BF
:105FE0000E94CCF4181624F42A8E3B8E0C8F1D8F41
:105FF00029813F89488D598DB101C8010E94F5EB77
:1060000087FF04C029823F8A088F198F6BA49101F2
:10601000A8016B897C898D899E89662009F47DC1E0
:106020000E94F5EB87FFA2CF4D815E816F8178855D
:10603000481959096A097B09483B2BE05207610559
:10604000710508F493CFD701C6014E8C5F8C68A010
:1060500079A084199509A609B709B595A7959795CB
:10606000879580939C0B4CA75DA76EA77FA75B8845
:106070005A8E6C886B8E7D887C8E4E884D8E4D80BE
:106080005E806F8078844F86588A698A7A8A1BA6D8
:106090006DCF5BEEC52ED12CE12CF12CA7C134E1E4
:1060A000432E512C612C712C44E1C42ED12CE12CB7
:1060B000F12CA8C126013701CE8CDF8CE8A0F9A015
:1060C0005CC288A999A9AAA9BBA94D805E806F80EE
:1060D000788484199509A609B709181619061A06AD
:1060E0001B060CF446C080E00E94F3A1ACDAA301C9
:1060F00092012053384F4F4F5F4F28AB39AB4AAB1B
:106100005BAB4CA8411080C02DA93EA94FA958AD4A
:10611000B101C8010E94CCF418160CF05BC020E05D
:1061200030E040E050E4B101C8010E94A6F26DAB3E
:106130007EAB8FAB98AF2D813E814F815885205427
:106140003B424E4F5F4F29AF3AAF4BAF5CAF20E0C1
:1061500030E040E051E46B897C898D899E890E9402
:10616000A5F29101A8010E94F5EB881F8827881FDE
:106170008CAB8F859889A989BA8988169906AA0651
:10618000BB0610F4D501C4014D805E806F80788419
:10619000481A590A6A0A7B0AD301C20181389F440E
:1061A000A241B10508F445C040E355E760E070E066
:1061B0008EEA91E10E942A9560E083E00E946EC021
:1061C00084EB92E147DD87EA92E111DA85E992E119
:1061D0000EDAEFCE89AD9AADABADBCAD4D805E8031
:1061E0006F80788484199509A609B70941E256E2BF
:1061F00060E376E2181619061A061B060CF4B9CFEE
:1062000080E00E94EAA4B5CF28966CAD7DAD8EAD3E
:106210009FAD28970E94FBEB9B01AC01B101C80127
:106220000E94F5EB87FFA5CF4FEF5FE26FE070E3D1
:10623000E7CF4DAC5EAC6D847E84461457040CF001
:1062400082CE88E892E1D3D987E392E1D0D987E280
:1062500092E100DD8DE891E1CAD949855A856B85C7
:106260007C8583E292E131DB8DE891E1C0D94EA1DA
:106270005FA168A579A58FE192E127DB8DE891E127
:10628000B6D94AA15BA16CA17DA18BE192E11DDB96
:106290007FAC772099F149845A846B847C84409246
:1062A000AE0B5092AF0B6092B00B7092B10B21E726
:1062B00032EB47E25EE36EA17FA188A599A50E941B
:1062C0005AEC6093B20B7093B30B8093B40B909322
:1062D000B50B21E732EB47E25EE36AA17BA18CA11B
:1062E0009DA10E9482F36093B60B7093B70B8093CD
:1062F000B80B9093B90B81E080939D0B109211091C
:1063000040E355E760E070E08EE991E10E942A9554
:1063100060E083E00E946EC06CCD0E94CCF4181641
:106320000CF024CE4D805E806F8078842F85388974
:1063300049895A89421A530A640A750A38EB431686
:106340003BE053066104710408F410CE4D855E8570
:10635000452B09F4AFCE6CA57DA58EA59FA5640D38
:10636000751D861D971D0E94FBEB4B015C0120E013
:1063700030E0A9010E94F5EB882311F16CA57DA501
:106380008EA59FA564197509860997090E94FBEBE4
:106390002B013C016E8D7F8D88A199A10E94FBEBA2
:1063A0009B01AC01C301B2010E945AECA50194010A
:1063B0000E9482F30E94D8F4C60ED71EE81EF91E72
:1063C00054E1C516D104E104F1040CF468CE8CEE5E
:1063D000C816D104E104F1040CF05BCE26013701AC
:1063E00090E8C916D104E104F10464F026013701F4
:1063F0002EEF30E040E050E02C193D094E095F09D6
:1064000069017A01B301A2018EE493E10E94277C25
:10641000B701A60189E493E10E94277C49815F8945
:10642000688D798D82E493E1F8D84A8D5B8D6C8D0F
:106430007D8D8BE393E1F1D84D855E854330510529
:106440000CF49BC029813F89488D598D6A8D7B8DC5
:106450008C8D9D8D0E94A5F269837A838B839C83AA
:106460002FE632E143E85AE30E94CCF418160CF010
:1064700084C0C701B6010E94FBEB20E030E040E899
:1064800050E40E945AEC69877A878B879C872BEDB2
:106490003FE049E450E469817A818B819C810E94CC
:1064A0005AEC20E030E040E05FE30E945AEC9B01B0
:1064B000AC0169857A858B859C850E9482F369830E
:1064C0007A838B839C832FE632E143E85AE3C5014C
:1064D000B4010E945AEC4B015C012AE939E949E117
:1064E0005FE369817A818B819C810E945AEC698784
:1064F0007A878B879C879B01AC010E94A6F2A5013D
:1065000094010E9482F36EA37FA388A799A729858F
:106510003A854B855C85C501B4010E945AEC20E0A8
:1065200030E040E05EE30E945AEC6AA37BA38CA3B8
:106530009DA349815A816B817C8185E393E16DD86C
:10654000B501A4018FE293E1C0D980E293E14FD875
:1065500049855A856B857C858AE193E15ED84EA199
:106560005FA168A579A584E193E157D84AA15BA111
:106570006CA17DA18EE093E1A8D9D701C601840D5D
:10658000951DA61DB71DB595A795979587958093E1
:106590009C0B5EAD5F938AA58F939E859F93AD857F
:1065A000AF932AEF32E13F932F9385E093E19F93DE
:1065B0008F931F920E9446CB2D853E852F5F3F4FC4
:1065C0003E872D870FB6F894DEBF0FBECDBF5B8927
:1065D00059838C898F8B9D89988FAE89A98FCE8E98
:1065E000DF8EE8A2F9A2730162018D809E80AF80E8
:1065F000B88429964FAC29974BA6B8CCEF92FF925E
:106600001F93CF93DF937C01CEE1D3E118818FEF0D
:10661000888360E086E695E099DAC7010E940E273C
:106620001883DF91CF911F91FF90EF900895AF9263
:10663000BF92CF92DF92EF92FF920F931F93CF936F
:10664000DF93EC0189E395E00E94F72A209711F48B
:10665000C1E6D7E010E007E0015021F080E20E949F
:10666000801FFACF812F0E94A9271F5F153099F74D
:106670000E94232B10E080E20E94801F812F0E9445
:10668000A9275E0105E080E20E94801FF501C0801D
:10669000D180E280F380A7019601C701B6010E9474
:1066A00054F5882351F180E20E94801F8DE30E94FF
:1066B000801F8DE30E94801F8DE30E94801F8DE369
:1066C0000E94801F8DE30E94801F0150F4E1AF0EF5
:1066D000B11C0111D8CF0E94232B1F5F24961530C7
:1066E00051F6DF91CF911F910F91FF90EF90DF90C6
:1066F000CF90BF90AF900C94232B20E030E0A90105
:10670000C701B6010E94CCF487FD03C08BE20E9452
:10671000801F43E0C701B6010E94D4C1D6CF2F929B
:106720003F924F925F926F927F928F929F92AF9221
:10673000BF92CF92DF92EF92FF920F931F93CF936E
:10674000DF93CDB7DEB769970FB6F894DEBF0FBE03
:10675000CDBF83E50E94321A89833090880988234F
:1067600019F00E94BD1F382E8091250A9091260AAB
:10677000A091270AB091280A8C8B9D8BAE8BBF8B82
:106780008091290A90912A0AA0912B0AB0912C0A93
:10679000888B998BAA8BBB8B80912D0A90912E0AA6
:1067A000A0912F0AB091300A8C879D87AE87BF8752
:1067B0009981992329F0311003C080E00E94C427F9
:1067C0008091400690914106A0914206B091430607
:1067D00025E1B695A795979587952A95D1F74C0110
:1067E0005D01E1E08E229924AA24BB240E94AF27F8
:1067F000882309F4C6C083E40E94321A882309F46E
:10680000A8C00E94EE1F2B013C0181E697E09B830C
:106810008A839D838C83B5E0B983188E10E008ECE1
:10682000E2ECE9871E82212CF8ECFF8322E4288722
:106830008C819D819B878A8795E0998FAA85BB85EE
:10684000CD90DD90ED90FD90BB87AA872E81322DF3
:106850004F815885C701B6010E94F5EB87FF04C040
:10686000CE822D2CEF82F886288D312F402F59852E
:10687000C701B6010E94CCF4181624F4C88E1D2D51
:106880000E2DF986B98DB150B98FB111D7CFE981ED
:10689000E150E9838C819D8144969D838C83E11135
:1068A000C7CF288D312F402F59856E81722D8F8152
:1068B00098850E94A6F220E030E040E05FE30E946D
:1068C0005AECA30192010E94A6F22B013C012DEB90
:1068D00037E346E855EB0E94CCF487FD0AC02DEB68
:1068E00037E346E855E3C301B2010E94F5EB181601
:1068F00084F580E00E94C42710E0AA81BB81BD839B
:10690000AC8300E0EC81FD81619171918191919165
:10691000FD83EC837F01F4E0EF1AF108A3019201FB
:106920000E94A5F2D7016D937D938D939C9313974D
:10693000602F812F0E94A49C0F5F053019F71F5F05
:10694000EA81FB817496FB83EA831530B1F60E94DD
:10695000072A89288A288B2839F00E94AF278823A4
:1069600019F090E080E063DE8AE50E94321A882305
:1069700021F00E94EE1F0E9433C4832D0E94C42781
:106980000CC0311004C089288A288B2869F30E9422
:10699000202B87E696E00E94F72A332051F0809161
:1069A0008809811106C00E941D2B88E496E00E9490
:1069B000F72A0E94202B809188096CE47EE18823CD
:1069C00011F060E57EE18AE396E09DD80E94202BDD
:1069D0008DE296E00E94F72AC0908909D0908A093A
:1069E000E0908B09F0908C0920E030E0A901C7010C
:1069F000B6010E94CCF418160CF055C042E0C70155
:106A0000B6010E94D4C18DE00E9459C08AE00E9464
:106A100059C02C893D894E895F896091250A709102
:106A2000260A8091270A9091280A0E94F5EB81118D
:106A300020C0288939894A895B896091290A709127
:106A40002A0A80912B0A90912C0A0E94F5EB811161
:106A500010C020912D0A30912E0A40912F0A50919A
:106A6000300A6C857D858E859F850E94F5EB882395
:106A7000F9F069960FB6F894DEBF0FBECDBFDF9177
:106A8000CF911F910F91FF90EF90DF90CF90BF902B
:106A9000AF909F908F907F906F905F904F903F90BE
:106AA0002F900C94B58D88E296E00E94F72AB1CF22
:106AB00069960FB6F894DEBF0FBECDBFDF91CF91C0
:106AC0001F910F91FF90EF90DF90CF90BF90AF900C
:106AD0009F908F907F906F905F904F903F902F90FE
:106AE0000895BC0190E080E00C9440C10F931F9387
:106AF000CF9384E50E94801AC0E08823F1F00E94C1
:106B0000A21FC82F1816CCF40E94202B00916F05ED
:106B1000109170058DE40E9459C0C801E2DF8FE03A
:106B20009AE00E94F72A6C2FCC0F770B880B990BF9
:106B30000E94A8C10E94232BCFEF8C2FCF911F91D1
:106B40000F910895BC01990F880B990B0C94A8C163
:106B500010924A0585E0809301050895CF93DF9355
:106B6000EB010E94F72ACE01DF91CF91EBCFCF93BB
:106B7000DF9369E571E10E94FCC3C9EDD7E068814C
:106B8000798180E591E1EADF6A817B818DE491E1A1
:106B9000E5DF4C815D816E817F818AE491E1DF9147
:106BA000CF910C94652CFF920F931F93CF93DF939B
:106BB000811113C0409140065091410660914206F8
:106BC00070914306452B462B472B39F481E0DF912A
:106BD000CF911F910F91FF90CACF9091CF0993FD54
:106BE0008EC0C82F83DF082F87FD89C083E50E94F0
:106BF000801AD82F882331F10E94DE1F0E9446930D
:106C000061E08C2F0E94AB9160919A0B70919B0B6D
:106C1000072E000C880B990B0E94FBEB2091960B22
:106C20003091970B4091980B5091990B0E94CCF4A6
:106C300018160CF44EC089E391E1DD2309F44BC032
:106C40001D2F03C0C1113FC010E083E50E94801AD0
:106C5000882331F00E94DE1F9093DA078093D907D2
:106C600082E40E94801A882331F00E94DE1F9093F4
:106C7000DC078093DB0786E40E94321A8823D9F16F
:106C80000E94EE1F6093DD077093DE078093DF079D
:106C90009093E007FF24F39420E030E0A9010E94E4
:106CA000F5EB811101C0F12CF092E107CC2339F111
:106CB000112329F16D2F802FDF91CF911F910F911B
:106CC000FF900C94BEA282E50E94801A811194CF9D
:106CD000BBCF86E593E19F938F9384E491E19F93EB
:106CE0008F931F920E9446CB0F900F900F900F90A2
:106CF0000F9011E0AACF60E070E0CB01C3CFDF912D
:106D0000CF911F910F91FF9008958C01EB01F42E0C
:106D10000E94807B0115110509F46FC00E94202B91
:106D2000C8010E94F72A0E94232B209711F4C5E482
:106D3000DEE28091000580FD33C081608093000514
:106D4000C8010E949B94209751F0EE24E39401E047
:106D500021E040E2BE0180E291E10E94A12285E4AF
:106D60009EE2009751F0EE24E39401E021E040E23E
:106D7000BC0180E491E10E94A122EE24E39401E0B1
:106D800021E040E26DEE74E080E691E10E94A122F4
:106D900068EC83E00E946EC061E08AEF0E94AC94D0
:106DA0000E941D2B8CE095E00E94F72A61E08AEF9B
:106DB00094E00E94A62D89EE93E0019739F000C07F
:106DC0000000EEE5F9E03197F0F7F7CFF89489EE9F
:106DD00093E0019739F000C00000E6EEF3E0319750
:106DE000F0F7F7CF0E94807BFF2021F00E94367DD4
:106DF000A895FECF0E94FB7CFBCF209711F4C5E441
:106E0000DEE203E015E095CFCF92DF92EF92FF92A2
:106E10006B017C0183E3C816D104E104F10470F036
:106E200082E3C81AD108E108F10862E370E080E06B
:106E300090E00E9484CA0E94F1A5ECCFC701B60180
:106E40000E9484CAFF90EF90DF90CF900C94F1A540
:106E50009091790B94FB882780F994FF06C081E01C
:106E600090918514911101C080E00895F1DF88238D
:106E700039F08091790B82FB882780F991E089278E
:106E80000895CF93FB01C181C13031F40E94D593A5
:106E9000811104C0C0932807CF9108950E940995DD
:106EA000811103C0CF910C94501B0E94A6C4DEDF59
:106EB000882331F083E998E19093130980931209B4
:106EC00061E08CE898E10E94A62DCF910C94499145
:106ED00080919508811105C080917F09823009F069
:106EE000C5CF81E00895F4DF81110DC01092CB0968
:106EF0001092CC091092CD091092CE091092C909B6
:106F00008FEF0E9420210C9449919091790B92FB74
:106F1000882780F992FF05C097FB882780F991E0C8
:106F20008927089580915307811102C00C9431275D
:106F3000ECDF882339F040E060E070E080E090E42E
:106F40000C94C421089581E00895CF93DF93EC0160
:106F5000E62F660FFF0BE150F24DE491E250E13174
:106F600008F0B0C0F0E08827E754F84C8F4F0C943D
:106F70009DF2CA376238623862386238F437D637E1
:106F800018381638F6373C383A381A3862386038CC
:106F90005E383E3882E1E5EEF3E0DE0101900D92CD
:106FA0008A95E1F7CE01DF91CF91089581E020EB42
:106FB00030E03983288321EB30E03B832A831D8234
:106FC0001C8223EB30E03F832E8324EB30E03987B3
:106FD00028871B861A861D861C8692E09E878F87CF
:106FE00081E0888B198ADECF80E0E1CF81E08F5F7E
:106FF00020E930E03983288321E930E03B832A838C
:1070000022E930E03D832C8328E930E03F832E8362
:107010002AE930E0398728872CE930E03B872A8746
:1070200026E930E03D872C8793E0D8CF80E0DFCFA2
:1070300080E0DECF81E08F5F20EA30E03983288373
:1070400021EA30E03B832A8322EA30E03D832C832F
:1070500028EA30E03F832E832AEA30E03987288708
:107060002CEA30E03B872A8726EA30E03D872C87F0
:1070700094E0B4CF80E0DFCF80E0DECF81E08F5FAF
:1070800020E231E03983288321E231E03B832A8307
:1070900022E231E03D832C8328E231E03F832E83DE
:1070A0002AE231E0398728872CE231E03B872A87C2
:1070B00026E231E03D872C8795E090CF80E0DFCF5E
:1070C00080E0DECF82E1FE0111928A95E9F76ACF76
:1070D0002F923F924F925F926F927F928F929F92E8
:1070E000AF92BF92CF92DF92EF92FF920F931F93D6
:1070F000CF93DF93CDB7DEB767970FB6F894DEBFB7
:107100000FBECDBF782E8091590227E6E22E66246D
:107110006394843008F43AC60E941ECB6B017C0154
:10712000711005C080919508882309F433C2C0927C
:107130006609D0926709E0926809F092690981E0D6
:1071400040914C0550914D0560914E0570914F0551
:10715000411551056105710509F41EC200916609CA
:10716000109167092091680930916909460157011A
:10717000801A910AA20AB30A95018401041715071F
:107180002607370708F408C20E941D2B00917009DA
:107190001091710984E294E00E94F72AB80189EF06
:1071A00093E00E94052B0E94232B40E070E060E0FA
:1071B00090E080E02DC18091350A9091360AF3C5A8
:1071C000AF2CB12C8A3019F08D3009F022C1EA9C25
:1071D000F001EB9CF00D1124EE58FA4FDF01AA5993
:1071E000BF4F1C9284819581DF01A80FB91F1696AD
:1071F0001C92892B19F40E94F1A5F3C5FE9CC001D5
:1072000011249C0128583A4F690115821482890182
:10721000F8018191803209F452C08E3409F0C8C05F
:107220000115110509F4C4C06DEC73E0C8010E949A
:1072300024EB4C01892B41F06EE470E0C801049608
:107240000E94ABF5009709F4C8014AE050E070E0F5
:1072500060E001960E9494E81B012C01EA9CF00179
:10726000EB9CF00D1124EE58FA4F80819181A281A0
:10727000B381AC01BD014F5F5F4F6F4F7F4F24164D
:10728000350646065706E9F08928D9F4AC01BD0158
:107290004150510961097109241635064606570601
:1072A00034F082159305A405B5050CF09AC56F2D31
:1072B0008AE993E00E94A72BF12C20E06AC58F0198
:1072C000A7CF6AE270E0C8010E94CBF59C0100974D
:1072D00009F1982F901B912C992339F09150F801C6
:1072E000E90FF11D80819826F7CF4AE050E070E069
:1072F00060E0C90101960E9494E8292D30E050E039
:1073000040E0621773078407950741F06F2D8BE704
:1073100093E0D0CF6F2D81E593E0CCCFEA9CF001D4
:10732000EB9CF00D1124EE58FA4F208231824282FC
:10733000538280915409813039F567E470E0C801C7
:107340000E94ABF5009701F14AE050E070E060E088
:1073500001960E9494E86430710581059105A0F4BE
:10736000B0901E13862D0F2C01C0880F0A94EAF7E7
:1073700080931E1380EB92E00E94F72A86EA92E047
:107380000E94C1C1B0921E13F80180818D3479F53D
:107390008381823391F1883301F1803341F581811A
:1073A000843329F58281813311F50E94988D1FC0A5
:1073B0008091790B80FFBDCF62E27DE2C8010E941F
:1073C00024EB009731F0FC01838180538A3008F070
:1073D000B0CF6F2D87E293E06DCF8281803339F497
:1073E0008181813321F410921109109226074F2DCB
:1073F00060E0C6010E94B0C0F4C482818133B9F755
:1074000081818133A1F741E070E060E08EE89BE08C
:107410007CDCFE9CB00111249B012A583A4FAB0141
:1074200048585A4F68527A4F0E947E19DAC44091E8
:107430005B02242F30E00A3061F00D3051F08823D8
:1074400009F49AC089819A81009719F001969A836C
:1074500089831092F10489819A81F29EF001F39E52
:10746000F00D1124E75AFD4FDF01A80FB91F139645
:107470001C92892B61F50E94F1A50E94B619882300
:1074800009F4C9C482E894E10E94DBD28091700BB8
:10749000882309F467C081508093700B8D9DC001D3
:1074A000112462E08656974F0E9404D9E091700B38
:1074B00024E0E29FF0011124EA56F74F60817181C8
:1074C000828193810E94EE1E0E9476CDA4C41A820E
:1074D000198283818D3479F48481823361F48581CA
:1074E000853349F4868180538A3028F08091790B66
:1074F0008B7F8093790BF29EF001F39EF00D1124A7
:10750000E454FD4FC0824F9DF0011124E354FD4F20
:107510006082220F331F220F331FF901EC5AF44F00
:107520008091640B9091650BA091660BB091670BF5
:1075300080839183A283B3834F5F443080F4409370
:107540005B02809159028F5F809359028092640B95
:107550009092650BA092660BB092670B8ECF109243
:107560005B02EFCF0E94FAD28091790B8860809302
:10757000790BE09254094FC44F9DA0011124445A45
:107580005D4F9E012F5F3F4F61EF74E0802F0E949F
:107590007E1941C480E0D4CD2091CC0B9091CD0BCD
:1075A000291741F0C0926609D0926709E0926809F4
:1075B000F092690940910202509103026091040225
:1075C00070910502452B462B472B21F02917A9F175
:1075D0001092FA048091F6049091F704A091F804B7
:1075E000B091F9048C199D09AE09BF091816190646
:1075F0001A061B060CF4D5C12091CC0B8091CD0B43
:1076000090912012281709F449C0E091CD0B23E690
:10761000E29FF0011124E45CF34F8081891709F4A3
:107620007AC0809320120E941ECB00911F1210E09E
:1076300001151105B1F560E026C18111C9CF0E9485
:107640001ECB00916609109167092091680930915D
:107650006909601B710B820B930B00910202109160
:10766000030220910402309105026017710782071E
:10767000930708F4ADCF8091FA048111ABCF81E07C
:107680008093FA0480E00E940A7D81E00E940A7DD6
:1076900082E00E940A7D0E94FB7C9CCF80911F1299
:1076A000BDCF61E00F3F110509F4EDC065E0CE01EB
:1076B00001964BDC8989882309F4E0C0E981FA81CD
:1076C0009F85888991119DC0608190E023E030E022
:1076D000A901481B590B440F551F042E01C0220F4E
:1076E0000A94EAF72095262362E070E001C0660F55
:1076F0004A95EAF7262B2083FC013396EE0FFF1FF5
:1077000081E090E08C0F9D1FE80FF91F0190F08140
:10771000E02D118300838091E107882309F434C1AF
:10772000A090D907B090DA07C501029720919A0B73
:1077300030919B0B281739070CF426C19090CD0B84
:10774000612C712C812C1F8A8091CC0B891509F436
:107750009EC0892D90E023E6289FF001299FF00D1F
:107760001124E251F44F458D568D678D70A1452B44
:10777000462B472B81F441A152A163A174A1452B53
:10778000462B472B41F445A156A167A170A5452B77
:10779000462B472B89F133E6389F8001399F100D26
:1077A00011240251144FF80161A572A583A594A577
:1077B0000E94F9EB1B012C01F80165A576A587A5B0
:1077C00090A90E94F9EB9B01AC01C201B1010E949A
:1077D00082F3F80121813281438154810E945AEC65
:1077E0002B018C019301482D5F890E94CCF418165F
:1077F0001CF43201802E1F8B892D0E94F883982E55
:10780000A3CF2A89211187CFAFEFB0E0923029F0C2
:10781000AD85BE850D90BC91A02D608190E023E0E8
:1078200030E0A901481B590B440F551F042E01C01D
:10783000220F0A94EAF72095262362E070E001C047
:10784000660F4A95EAF7262B20830396880F991F27
:10785000E1E0F0E0EC0FFD1F8E0F9F1FFC01A08008
:10786000B18098010E9467F22FEF30E040E050E0D5
:107870000E941FF2F501318320834DCF61E00F3765
:10788000110508F4D8CE85E00E94F8C944CFB301B1
:10789000882D9F890E94EAF3072E000C880B990B14
:1078A0000E94FBEB2091DD073091DE074091DF075E
:1078B0005091E0070E945AEC2B013C01B501BB0C32
:1078C000880B990B0E94FBEB9B01AC01C301B20139
:1078D0000E94A6F23B014C016091DB077091DC072E
:1078E000072E000C880B990B0E94FBEB5B018C01AF
:1078F0009B01AC01B301C4010E94CCF4181614F032
:10790000530184014090F2045090F3046090F40419
:107910007090F5049501A801C301B2010E94CCF456
:107920001816D4F420E037ED43EA5CE3B501C80152
:107930000E945AEC4B015C0128E431EE4AE75FE318
:10794000C301B2010E945AEC9B01AC01C501B40114
:107950000E94A6F25B018C01C501D8018093F2045C
:107960009093F304A093F404B093F504B501C80117
:107970000E94EAF36232F1E07F0714F062E271E004
:1079800070939B0B60939A0B24E6C20ED11CE11CF2
:10799000F11CC092F604D092F704E092F804F09241
:1079A000F9040E94F1A580915409882309F4C1C10A
:1079B00080912002882309F476C080914A058111C4
:1079C00072C010919508111108C080917F09813013
:1079D00021F09BDA882309F4C0C08091010587FD5E
:1079E00003C08150809301058091000185FF03C091
:1079F00085E0809301058091010587FF54C001E077
:107A000000934A0585E08093010511114AC01F9239
:107A10001F928FE994E09F938F931F9285E18F933C
:107A2000CE0101967C019F938F930E9452EBC70178
:107A30000E942ACB60E083E00E946EC040E36CEDC0
:107A400074E081E00E94FD2D0E94F52D10915005FB
:107A500060E010270FB6F894DEBF0FBECDBF8BEBF2
:107A600098E061F48AEC94E00E94A62D80E30E94E5
:107A7000801F0E94232B60E089E69BE00E94A62DD8
:107A800088EB94E00E94F72A80E30E94801F0E9406
:107A9000232B112331F083EB94E09093130980930F
:107AA00012090E94677F31DA882309F456C0809159
:107AB0005307882309F44FC08091060181FD4BC014
:107AC0008091FF048F5F8093FF04833008F445C0EA
:107AD00080902D0A90902E0AA0902F0AB090300A24
:107AE00020E030E040E050E4C501B4010E94A6F27D
:107AF0006B017C0120E030E847EC53E40E94F5EB99
:107B000087FD07C0C12C80E8D82E87ECE82E83E4DF
:107B1000F82EA5019401C701B6010E94A5F26B01E0
:107B20007C0120E030E0A9010E94F5EB87FF03C053
:107B3000C12CD12C7601E9D9882329F040E0C70176
:107B4000B6010E94C4210E94807B40E070E060E0AA
:107B500082E994E05DCC1092FF0480910901809548
:107B6000817010910002181709F467C0012F1F3FA0
:107B700009F400E0809300028823F1F064EF71E0E3
:107B800080E090E041D90E9409D38091790B84FD77
:107B900015C0101314C040E355E760E070E088E7BB
:107BA00094E00E942A9580912707823019F481E0A1
:107BB00080935509012F10C000E0EBCF01E017FDC5
:107BC00009C080912707101774F5813019F482E0FD
:107BD000809355090E945424002379F117FF2DC08A
:107BE0008091790B84FF19C00E94F8D6882379F020
:107BF00081E00E9457DA4BEB50E063E672E183E2EA
:107C000093E10E9482D083E293E10E94DBD20E9442
:107C10004F2781110CC00E94312781E080936F0BA8
:107C20000E94A4D80AC08230A9F681E0D1CF8BE8A7
:107C300094E090931309809312090E941ECB6B016C
:107C40007C0110910102112321F1809151058823BB
:107C500001F14091FB045091FC046091FD0470918E
:107C6000FE044C195D096E097F09141615061606E7
:107C700017060CF100911E139FEF90931E13833093
:107C800009F47FC00CF06EC081300CF073C000931B
:107C90001E13212F30E0A8EEB3E00E9467F2C60E5B
:107CA000D71EE81EF91EC092FB04D092FC04E0929D
:107CB000FD04F092FE040E94B99980917E0B882306
:107CC000C1F10E941ECB6B017C0180917A0B9091D7
:107CD0007B0BA0917C0BB0917D0B8C199D09AE099B
:107CE000BF09181619061A061B061CF120917E0BF7
:107CF00030E0A8EEB3E00E9467F2C60ED71EE81E81
:107D0000F91EC0927A0BD0927B0BE0927C0BF09222
:107D10007D0B10911E1380917F0B80931E13809119
:107D20001109811104C00E94F3A10E94232B10931A
:107D30001E1367960FB6F894DEBF0FBECDBFDF915E
:107D4000CF911F910F91FF90EF90DF90CF90BF9058
:107D5000AF909F908F907F906F905F904F903F90EB
:107D60002F900895843009F092CF0E94202B87E352
:107D700094E004C00E94202B86E694E00E94F72A3B
:107D800086CF0E94202B8FE494E0F8CF20E080E0A3
:107D9000F82E80915902843050F5F1100CCA809170
:107DA000B70A9091B80A891B8F7790E0892BD1F0A0
:107DB0008F2D0E94531997FF03CA10911E13862D11
:107DC0000F2C01C0880F0A94EAF780931E130E94BB
:107DD0001D2B82ED93E00E94F72A0E94C5C11093EB
:107DE0001E1321E081E0F812D3CF2111CFCF8DD81F
:107DF000882309F491C98091790B83FD8DC91A827A
:107E0000198202E6F02E84E0E82E99E6D92ECC24E1
:107E1000C39466246A9480915902843008F07CC926
:107E20000E94B619811178C91E8A41E050E0BE0156
:107E30006A5E7F4F82E894E10E9482D00E8910E052
:107E4000019711F00FEF1FEF80908A1490908B1420
:107E5000A0908C14B0908D148092750B9092760B3C
:107E6000A092770BB092780B0E94B6190F3F1007C3
:107E700009F0DDCA8111DBCA0E941D2B8AEE93E056
:107E80000E94F72AC8CF2F923F924F925F926F9233
:107E90007F928F929F92AF92BF92CF92DF92EF929A
:107EA000FF920F931F93CF93DF93CDB7DEB7AA97BF
:107EB0000FB6F894DEBF0FBECDBF9091CF0993FDF2
:107EC00067C1182F83E50E94801A89A3882309F4CB
:107ED00058C10E94DE1F893691050CF072C1909343
:107EE000D7078093D6070E9483246091D6077091AC
:107EF000D707072E000C880B990B0E94FBEB2091F3
:107F0000D2073091D3074091D4075091D5070E94F2
:107F1000CCF418160CF058C18EE791E10E94C1C153
:107F200001E0612F6027812F0E94AB91112309F49A
:107F30002FC1009311091B8E1C8E1D8E1E8E1AA23E
:107F40001BA21CA21DA21FA22CE328A73CE139A75B
:107F500086E48AA71E8A1F8A90E8988FAFEBA98FC4
:107F60001A8EB1E0BEA3812C912C5401FE013196F2
:107F70001F016091D6077091D707072E000C880B60
:107F8000990B0E94FBEB7B018C012E893F89488D68
:107F9000598D0E94F5EB8823B9F02091D2073091DA
:107FA000D3074091D4075091D507F9A1B701C80173
:107FB000F1110DC10E94F5EB881F8827881F8A8F59
:107FC000EE8AFF8A088F198F0E941ECB6B017C01FD
:107FD0008AA19BA1ACA1BDA18C199D09AE09BF09C5
:107FE000181619061A061B06ACF1D701C6018851EE
:107FF0009C4FAF4FBF4F8AA39BA3ACA3BDA380E010
:108000000E94F3A145E150E06BE671E1C1010E94DD
:10801000EFEA1D8A81149104A104B10409F4EAC0B5
:10802000C501B401605F784D8F4F9F4F6C197D097A
:108030008E099F0928EE33E040E050E00E941FF2D5
:10804000BA01A901C1010E94417AC1010E949D2784
:108050000E94232B80E03CD80E941ECB60936609CF
:10806000709367098093680990936909B091D2076A
:10807000BF8FE091D307E8A30091D4071091D507F3
:108080002B2F3E2FA8016E897F89888D998D0E94A4
:10809000A5F22B013C0120E030E0A9010E94CCF4C4
:1080A00087FF04C077FA709477F870948114910474
:1080B000A104B10409F0BCC020E030E040E85FE377
:1080C000C301B2010E94F5EB87FF10C0FEA1812C15
:1080D000912C5401FF2331F085E0882E8DE0982EFD
:1080E000A12CB12C8C0C9D1CAE1CBF1C2A8D2223F4
:1080F00091F18B8D9C8DAD8DBE8D0097A105B10545
:1081000049F08C199D09AE09BF09181619061A06FF
:108110001B060CF12F8D38A1A8016FA178A589A5A8
:108120009AA50E94A5F220E030E040E85FE30E94BB
:10813000F5EB87FD50C0D701C601805A9541AF4F7E
:10814000BF4F8B8F9C8FAD8FBE8F9F8D9FA3A8A19C
:10815000A8A709A71AA7809111098823E1F1811422
:108160009104A104B10459F0C818D908EA08FB0821
:10817000B0E1CB16B7E2DB06E104F10460F51EA224
:10818000F8CE112329F082E50E94801A8111A1CE38
:10819000AA960FB6F894DEBF0FBECDBFDF91CF9188
:1081A0001F910F91FF90EF90DF90CF90BF90AF9015
:1081B0009F908F907F906F905F904F903F902F9007
:1081C000089589E690E08BCE8FE691E1A7CE0E94DC
:1081D000F5EB87FF09C0809111098823C9F210923D
:1081E00011090E94A6C4D4CFEE8AFF8A088F198F86
:1081F0001A8EEACED1010D900020E9F7CD0101974A
:10820000821993098431910508F01FCFF101E80F1D
:10821000F91FBFE3B0838331910509F416CFE2E083
:10822000F0E0EC0FFD1F8E0F9F1FDC011C920DCFA5
:1082300020E030E040E450E4C301B2010E94CCF4FD
:1082400018160CF053CF4601570150CFCF93DF9350
:10825000EC0188818823E1F08A30D1F08D30C1F0C3
:108260004FEF61E0CE010E94B0C0882369F00E9408
:10827000202BBE0183EE90E10E94052B80EE90E161
:10828000DF91CF910C94F72A80E00E946838E1CF0B
:10829000DF91CF91089580917C06882371F00E9430
:1082A0000995811102C00C94501B61E18BEE98E19D
:1082B0000E94C4C98CE796E0C9CF08955F926F927F
:1082C0007F928F929F92AF92BF92CF92DF92EF9266
:1082D000FF920F931F93CF93DF93CDB7DEB77C014F
:1082E0006DB67EB610E000E08DB69EB6F701E00FE9
:1082F000F11F549068018FEFC81AD80A552019F061
:108300009AE059121FC08DB79EB78C199D090FB600
:10831000F8949EBF0FBE8DBF01965C01A801B70106
:108320000E94C9EAF501E00FF11F1082C5018EDF3E
:10833000552051F0EC0CFD1C0FB6F8949EBE0FBEFC
:108340008DBED2CF8601D2CF0FB6F8947EBE0FBEBF
:108350006DBEDF91CF911F910F91FF90EF90DF9055
:10836000CF90BF90AF909F908F907F906F905F90D5
:108370000895FB0181818130E9F40E940995811102
:1083800008C040E355E760E070E085E699E10C94B1
:108390002A950E944F27811107C040E355E760E00E
:1083A00070E089E499E1F3CF83E0809355098FE58C
:1083B00099E184CF0895CF93FB01C181C13069F465
:1083C0000E940995811103C0CF910C94501BC0935A
:1083D000550982E499E1CF9171CFCF9108950F9320
:1083E0001F93CF93DF93CDB7DEB768970FB6F8949E
:1083F000DEBF0FBECDBF0E940995811109C040E3C9
:1084000055E760E070E085E699E10E942A9506C094
:108410008091A0068F3F69F0882391F068960FB68F
:10842000F894DEBF0FBECDBFDF91CF911F910F91AA
:10843000089540E355E760E070E081E399E1E5CF1E
:1084400080910D028F9380910C028F931F921F9247
:10845000809108028B3008F18AE01F928F9381E2AD
:1084600099E19F938F931F9288E18F938E010F5F05
:108470001F4F1F930F930E9452EB63E18FE099E12E
:108480000E94C4C9C801E2DE8AE099E117DF0FB695
:10849000F894DEBF0FBECDBFC1CF8330F0F683E0CE
:1084A000DCCFFB018181813061F40E94099581114B
:1084B00002C00C94501B85E099E100DF80E099E157
:1084C000FDCE0895CF93DF93EB010E9409958111B2
:1084D0000AC040E355E760E070E085E699E1DF918E
:1084E000CF910C942A95C9816091270781EE98E17C
:1084F0000E94C4C9C13059F028F0C23059F0DF9150
:10850000CF9108958AED98E1DF91CF91D7CE84ED98
:1085100098E1FACF8FEC98E1F7CF809158098770F6
:10852000873041F040E355E760E070E08BEA98E186
:108530000C942A950E940995811102C00C94501B3D
:108540008EE08093550987EA98E1B8DE82EA98E1E7
:10855000B5CE2F923F924F925F926F927F928F9201
:108560009F92AF92BF92CF92DF92EF92FF920F93C2
:108570001F93CF93DF93CDB7DEB7C557D1090FB6A1
:10858000F894DEBF0FBECDBF90915409933008F42C
:108590001DC1182F0E94312082E50E94801A882375
:1085A00009F43CC10E94EE1F2B013C0120E030E0A9
:1085B000A9010E94F5EB882309F402C18090250AE5
:1085C0009090260AA090270AB090280A2091290AA4
:1085D00030912A0A40912B0A50912C0A2D8F3E8F00
:1085E0004F8F58A3C0902E07D0902F07E0903007F0
:1085F000F09031078091320790913307A0913407B2
:10860000B091350789A39AA3ABA3BCA3A701960198
:10861000C501B4010E94F5EB81110DC029A13AA159
:108620004BA15CA16D8D7E8D8F8D98A10E94F5EB85
:10863000882309F4C5C0A5019401C701B6010E94B1
:10864000A5F220E030E040E05FE30E945AEC6B01CD
:108650007C012D8D3E8D4F8D58A169A17AA18BA1F2
:108660009CA10E94A5F220E030E040E05FE30E9480
:108670005AEC6D8F7E8F8F8F98A320E030E0A90198
:10868000C301B2010E94F5EB881F8827881F1817C5
:1086900009F4B6C020E030E040E85FEB29A33AA33C
:1086A0004BA35CA3A7019601C701B6010E945AEC37
:1086B0004B015C012D8D3E8D4F8D58A1CA01B90132
:1086C0000E945AEC9B01AC01C501B4010E94A6F2C4
:1086D0000E9412F54B015C01AC019B01C301B20188
:1086E0000E94A5F269A77AA78BA79CA7A501940170
:1086F000C301B2010E94A6F29B01AC0169A57AA553
:108700008BA59CA50E945AEC2B013C0120E030E097
:10871000A9010E94CCF487FD7CC0C301B2010E9474
:1087200012F569A77AA78BA79CA76D8D7E8D8F8D7B
:1087300098A19058A50194010E9482F329A13AA121
:108740004BA15CA10E945AEC29A53AA54BA55CA5BA
:108750000E945AECA70196010E94A6F22B013C014F
:10876000A5019401C701B6010E9482F329A13AA193
:108770004BA15CA10E945AEC29A53AA54BA55CA58A
:108780000E945AEC2D8D3E8D4F8D58A10E94A6F26D
:108790006D8F7E8F8F8F98A320E030E0A901C301F9
:1087A000B2010E94F5EB8111F0C420E030E0A90194
:1087B0006D8D7E8D8F8D98A10E94F5EB8111E5C4A2
:1087C0000E941D2B8AE890E10E94F72ACB58DF4FC8
:1087D0000FB6F894DEBF0FBECDBFDF91CF911F91D2
:1087E0000F91FF90EF90DF90CF90BF90AF909F9050
:1087F0008F907F906F905F904F903F902F90089553
:1088000080E090E0A0E8BFE389A39AA3ABA3BCA358
:1088100049CF19A61AA61BA61CA687CF89E40E94D9
:10882000801A412C512C3201882321F00E94EE1F26
:108830002B013C018AE40E94801A882309F497C422
:108840000E94EE1FA5CF2DA13EA14FA158A569A161
:108850007AA18BA19CA10E945AEC6B017C012DA5F1
:108860003EA54FA558A969A57AA58BA59CA50E94F0
:108870005AEC9B01AC01C701B6010E94A6F26B0144
:108880007C012DA53EA54FA558A969A17AA18BA170
:108890009CA10E945AEC4B015C012DA13EA14FA16D
:1088A00058A569A57AA58BA59CA50E945AEC9B01A9
:1088B000AC01C501B4010E94A5F2A70196010E9476
:1088C00019F36B017C0120E030E0A9010E94F5EB77
:1088D000882309F4B7C020E030E0A901C701B60140
:1088E0000E94F5EB87FFB9C082E090E0812B8130D8
:1088F000910509F4B5C0029709F4BDC020E030E04D
:10890000A901C701B6010E94CCF44601570187FFB7
:1089100004C0B7FAB094B7F8B0942BED3FE049EC3F
:1089200050E4C501B4010E9482F320E030E040E948
:1089300052E40E945AEC0E946CF30E94EFF31B0178
:1089400080912D0A90912E0AA0912F0AB091300AA1
:1089500062968CAF9DAFAEAFBFAF62972091310AE8
:108960003091320A4091330A5091340A66962CAF06
:108970003DAF4EAF5FAF66979C01AD01609136078A
:108980007091370780913807909139070E94A5F2BE
:108990006DA77EA78FA798AB66962CAD3DAD4EAD6B
:1089A0005FAD669760913A0770913B0780913C07F5
:1089B00090913D070E94A5F22B013C01A501940175
:1089C0002E966CAD7DAD8EAD9FAD2E970E945AEC6C
:1089D00069AB7AAB8BAB9CAB27E137EB41ED58E34E
:1089E0000E94F5EB87FF50C02DEB37E346E855EBCF
:1089F0006DA57EA58FA598A90E94CCF487FD44C0E3
:108A00002DEB37E346E855E36DA57EA58FA598A924
:108A10000E94F5EB1816C4F12DEB37E346E855EB51
:108A2000C301B2010E94CCF487FD0AC02DEB37E3ED
:108A300046E855E3C301B2010E94F5EB181614F4A1
:108A40000E94E6200E941ECB60936609709367091E
:108A50008093680990936909B9CE90E080E046CF91
:108A60002BED3FE049EC50E4C701B6010E94A5F2AE
:108A70006B017C0143CF2BED3FE049EC50E4C70193
:108A8000B6010E94A6F2F4CF2AE037ED43E25CE3A0
:108A90006091130270911402809115029091160258
:108AA0000E945AEC4B015C0160911102709112021C
:108AB000072E000C880B990B0E94FBEB9B01AC016D
:108AC000C501B4010E945AEC6BAF7CAF8DAF9EAF75
:108AD00069A97AA98BA99CA90E941BF4162F872E3D
:108AE000982EA92EB10190E080E00E94F9EB1B01C5
:108AF000082F9DA39B01482F592F612F782D892D79
:108B00009A2D0E94CCF4181624F4212E382C092D0D
:108B1000ADA29101402F5DA169A97AA98BA99CA959
:108B20000E9482F34B015C0120E030E040E85FE30B
:108B30000E94CCF418160CF09AC269A97AA98BA9E4
:108B40009CA90E946CF30E94EFF37EAB6DAB198A77
:108B50001A8A1B8A1C8A1D8A1E8A1F8A188E198EE1
:108B60001A8E1B8E1C8E4DA95EA94230510508F449
:108B700054C2BA0190E080E00E94F9EB23966CAFFA
:108B80007DAF8EAF9FAF23979B01AC01C701B601AC
:108B90000E9482F36FAB78AF89AF9AAF9B01AC01B3
:108BA0000E945AEC6B017C01AC019B016FA978AD6E
:108BB00089AD9AAD0E945AEC20E030E040EC50E4E0
:108BC0000E9482F39B01AC016FA978AD89AD9AAD8B
:108BD0000E94A5F2A6966CAF7DAF8EAF9FAFA69711
:108BE00020E030E040E05FE3C701B6010E945AECAC
:108BF0009B01AC0160E070E080E89FE30E94A5F279
:108C0000AA966CAF7DAF8EAF9FAFAA9723962CAD7F
:108C10003DAD4EAD5FAD23976DA57EA58FA598A9FF
:108C20000E9482F3E2966CAF7DAF8EAF9FAFE2976A
:108C300023962CAD3DAD4EAD5FAD2397C301B20180
:108C40000E9482F3E6966CAF7DAF8EAF9FAFE69742
:108C500062968CAD9DADAEADBFAD629789879A87A8
:108C6000AB87BC8766962CAD3DAD4EAD5FAD6697CC
:108C70002D873E874F87588B0E941ECB9B01AC01EE
:108C800028533F4F4F4F5F4FAE962CAF3DAF4EAF87
:108C90005FAFAE970091D0091091D1092091D20910
:108CA0003091D3096091D4097091D5098091D6098A
:108CB0009091D709061717072807390710F4C9013B
:108CC000B8010E94F9EB6A966CAF7DAF8EAF9FAF93
:108CD0006A97E090F809F090F9090091FA0910916B
:108CE000FB09A090F409B090F509C090F609D09066
:108CF000F7099501A601B701C8010E94CCF4181626
:108D000014F4750186012BAD3CAD4DAD5EADCA01CD
:108D1000B9010E945AEC6DA37DA71C016A962CAD87
:108D20003DAD4EAD5FAD6A972E966CAD7DAD8EAD0F
:108D30009FAD2E970E945AEC5B016C019701A80130
:108D4000B701C8010E945AEC7B018C019501A60174
:108D50006DA17DA5C1010E94CCF418161CF4ADA232
:108D6000BDA616012DA13DA5A101B701C8010E9414
:108D7000F5EB87FF03C0EDA2FDA6180149A05AA09C
:108D80006BA07CA039E126963FAF269741E050E0EA
:108D900025965FAF4EAF25970E94F1A50E941ECB8E
:108DA000AE960CAD1DAD2EAD3FADAE97061B170BAD
:108DB000280B390B10161106120613067CF09B01C6
:108DC000AC0128533F4F4F4F5F4FAE962CAF3DAF96
:108DD0004EAF5FAFAE9780E00E94683826963FADF9
:108DE0002697315026963FAF269725964EAD5FAD1C
:108DF0002597BA0190E080E00E94F9EB2A966CAFCB
:108E00007DAF8EAF9FAF2A9726965FAD26975523ED
:108E100009F45AC19201A301A6966CAD7DAD8EAD49
:108E20009FADA6970E945AEC6B017C0129A53AA53B
:108E30004BA55CA5AA966CAD7DAD8EAD9FADAA97F6
:108E40000E945AEC9B01AC01C701B6010E94A6F238
:108E50007B018C019201A301AA966CAD7DAD8EAD14
:108E60009FADAA970E945AEC4B015C0129A53AA537
:108E70004BA55CA5A6966CAD7DAD8EAD9FADA697BE
:108E80000E945AEC9B01AC01C501B4010E94A5F2FD
:108E90002B013C01C701D80189A79AA7ABA7BCA7A2
:108EA0009201A3016E966CAD7DAD8EAD9FAD6E97B8
:108EB0000E94A6F269837A838B839C8329A53AA5B5
:108EC0004BA55CA5A2966CAD7DAD8EAD9FADA29776
:108ED0000E94A6F26D837E838F8398872A962CAD9D
:108EE0003DAD4EAD5FAD2A97E2966CAD7DAD8EADDA
:108EF0009FADE2970E945AEC62962CAD3DAD4EAD0F
:108F00005FAD62970E94A6F269877A878B879C87FC
:108F10002A962CAD3DAD4EAD5FAD2A97E6966CAD71
:108F20007DAD8EAD9FADE6970E945AEC66962CAD56
:108F30003DAD4EAD5FAD66970E94A6F26D877E8710
:108F40008F87988BCE0101960E94A58A23962CAD1F
:108F50003DAD4EAD5FAD239769A97AA98BA99CA9B8
:108F60000E9482F32A962CAD3DAD4EAD5FAD2A979F
:108F70000E945AEC9B01AC0169A97AA98BA99CA912
:108F80000E94A5F26B017C016A962CAD3DAD4EAD01
:108F90005FAD6A97CA01B9010E94A6F29B01AC01BC
:108FA000C701B6010E945AEC7B018C012DA13DA5A1
:108FB000A1010E94CCF418161CF4EDA0FDA48101BF
:108FC000C701D801898F9A8FAB8FBC8F9E012F5E0E
:108FD0003F4F4BAD5CAD6DAD7EADCE0101960E94B5
:108FE00028C38823D1F02E962CAD3DAD4EAD5FAD9C
:108FF0002E972D8B3E8B4F8B588F25964EAD5FADA8
:1090000025974F5F5F4F25965FAF4EAF25978DA990
:109010009EA98417950709F0BFCE80E1EEE2F7E044
:10902000DE01119601900D928A95E1F7CE0101962D
:109030000E94A58A1D8A1E8A1F8A188E198E1A8E72
:109040001B8E1C8E9E012F5E3F4F4BAD5CAD6DADF8
:109050007EADCE0101960E9428C380E1EEE2F7E0EA
:10906000A5E2BAE001900D928A95E1F7EBCC2DECE8
:109070003CEC4CEC5DE3C501B4010E94F5EB87FFCD
:109080001FC02DEC3CEC4CEC5DE369A97AA98BA9DF
:109090009CA90E9482F30E941BF44B015C0120E01A
:1090A00030E040E85FE30E94F5EB87FF06C0812CCB
:1090B000912C80E8A82E8FE3B82EC501B40143CDD2
:1090C000B101802F9DA13FCD2A962CAD3DAD4EAD77
:1090D0005FAD2A976FA978AD89AD9AAD0E945AEC21
:1090E0004B015C010E947FF36B017C01C501B4015F
:1090F0000E9408F54B015C01A701960169A17AA1C4
:109100008BA19CA10E945AEC2B013C012D8D3E8D20
:109110004F8D58A1C501B4010E945AEC9B01AC01CE
:10912000C301B2010E94A6F22B013C01A5019401EA
:1091300069A17AA18BA19CA10E945AEC4B015C0110
:109140002D8D3E8D4F8D58A1C701B6010E945AEC5E
:109150009B01AC01C501B4010E94A5F269A77AA7E1
:109160008BA79CA789E126968FAF269799CE20E002
:1091700030E0A901C301B2010E94F5EB882309F494
:109180001FCB1D8E1E8E1F8E18A2A3019201505858
:1091900029A33AA34BA35CA38D8D9E8DAF8DB8A15F
:1091A000B05889A79AA7ABA7BCA7A3019201C30196
:1091B000B2010E945AEC6B017C012D8D3E8D4F8DCA
:1091C00058A1CA01B9010E945AEC9B01AC01C70128
:1091D000B6010E94A6F20E9412F52E966CAF7DAFEA
:1091E0008EAF9FAF2E978090250A9090260AA09070
:1091F000270AB090280AA3019201C501B4010E9478
:10920000A6F26E966CAF7DAF8EAF9FAF6E9720913A
:10921000290A30912A0A40912B0A50912C0A29AB35
:109220003AAB4BAB5CAB2D8D3E8D4F8D58A169A9F0
:109230007AA98BA99CA90E94A6F2A2966CAF7DAFD9
:109240008EAF9FAFA29740902E0750902F0760904F
:109250003007709031076E962CAD3DAD4EAD5FADD1
:109260006E97C301B2010E94A5F26DA37EA38FA3E6
:1092700098A7C0903207D0903307E0903407F09061
:109280003507A2962CAD3DAD4EAD5FADA297C7019F
:10929000B6010E94A5F26DA77EA78FA798ABA30188
:1092A0009201C501B4010E94A5F24B015C012DEBB6
:1092B00037E346E855EB0E94CCF487FDC4CA2DEB9A
:1092C00037E346E855E3C501B4010E94F5EB1816F3
:1092D0000CF4B9CAA701960169A97AA98BA99CA91E
:1092E0000E94A5F26B017C012DEB37E346E855EBBC
:1092F0000E94CCF487FDA7CA2DEB37E346E855E37F
:10930000C701B6010E94F5EB18160CF49CCA28E4BC
:10931000222E312C3BED832E3FE0932E39ECA32EF1
:1093200030E4B32E9BEDC92E9FE0D92E99ECE92EA7
:1093300090ECF92E111104CB7501640101CB2F9231
:109340003F924F925F926F927F928F929F92AF92D5
:10935000BF92CF92DF92EF92FF920F931F93CF9322
:10936000DF93CDB7DEB7CA59D1090FB6F894DEBF87
:109370000FBECDBF80918809888B80914006909167
:109380004106A0914206B0914306AC01BD0116E131
:1093900076956795579547951A95D1F740FF00C187
:1093A0000E94AF27811107C00E941D2B80E497E027
:1093B0000E94F72A0FC18AE50E94801A882339F19A
:1093C0000E94EE1F20916209309163094091640967
:1093D000509165090E94A5F26B017C0120E030E00C
:1093E00040E251ECC701B6010E94CCF487FD0AC0EF
:1093F00020E030E040E251E4C701B6010E94F5EB05
:10940000181674F40E941D2B83E397E0D1CFC0900F
:109410002D0AD0902E0AE0902F0AF090300ADECF6D
:1094200040E050E060EC7FE788E50E941C2020913E
:109430005A0930915B0940915C0950915D090E9485
:10944000A5F22B013C0140E050E060EC7FE789E5AC
:109450000E941C2020915E0930915F0940916009B3
:10946000509161090E94A5F24B015C016FEF89E404
:109470000E94B31F182F6FEF8AE40E94B31F082FBA
:10948000A3019201C301B2010E9454F5811156C09B
:10949000A5019401C501B4010E9454F581114EC08B
:1094A000209143073091440740914507509146076A
:1094B000C301B2010E94A5F220914B0730914C07E5
:1094C00040914D0750914E070E9482F320E030E01A
:1094D00040E05FE30E94A6F20E94EAF3162F20917B
:1094E0004707309148074091490750914A07C50105
:1094F000B4010E94A5F220914F073091500740918E
:109500005107509152070E9482F320E030E040E082
:109510005FE30E94A6F20E94EAF3062F812F012E3C
:10952000000C990B97FD34C00597A4F5802F002EF1
:10953000000C990B97FD30C0059784F5153008F0A5
:1095400049C0053008F046C080E00E94C42725E0ED
:109550001202F0011124E00FF11D07FDFA95EE0F44
:10956000FF1FEE0FFF1FEF59F84FC082D182E2823A
:10957000F3820E94072A602F812F0E94A49C888971
:10958000882341F181E00E94C4270E94B58D22C04A
:1095900010E0CCCF14E0CACF00E0D0CF04E0CECFB3
:1095A00079E0B695A795979587957A95D1F780FD3F
:1095B0000CC070E060E086E50E94E11F9A83898319
:1095C000059710F18EE097E0F3CE80E00E94C4276B
:1095D0000E94882AC656DF4F0FB6F894DEBF0FBE32
:1095E000CDBFDF91CF911F910F91FF90EF90DF9052
:1095F000CF90BF90AF909F908F907F906F905F9033
:109600004F903F902F90089560E084E40E94CC1F1B
:109610008F8740E050E0BA018AE50E941C206BA7CA
:109620007CA78DA79EA740E050E06AEF75E483E534
:109630000E941C206B017C0120E030E040E752E4F6
:109640000E94F5EB87FF12C040E050E060E772E453
:109650008FEE96E00E940D2B82EE96E00E94F72A94
:10966000C12CD12C60E7E62E62E4F62E20E030E03B
:1096700040E752E4C701B6010E9482F360934F02B3
:109680007093500280935102909352020091C80B44
:109690001091C90BF801C080D180E280F38020E0F6
:1096A00030E0A901C701B6010E94A6F2C956DF4FFA
:1096B0006883C759D040C856DF4F7883C859D04017
:1096C000C756DF4F8883C959D040C656DF4F9883AD
:1096D000CA59D04020E030E048EC51E40E94F5EB5C
:1096E00087FF16C0C956DF4F1882C759D040C856E9
:1096F000DF4F1882C859D040F8ECC756DF4FF883C7
:10970000C959D04021E4C656DF4F2883CA59D040FA
:1097100020E030E046E953E4C701B6010E94A6F21A
:10972000CD56DF4F6883C359D040672ECC56DF4FEC
:109730008883C459D040CB56DF4F9883C559D04059
:1097400020E030E041E953E40E94CCF4181694F490
:10975000CD56DF4F1882C359D040612C81E9CC56D9
:10976000DF4F8883C459D04093E4CB56DF4F9883B2
:10977000C559D040F80184809580A680B78020E04C
:1097800030E0A901C501B4010E94A6F27B018C0161
:1097900020E030E040E251E40E94F5EB87FF04C096
:1097A000E12CF12C00E211E420E030E046E953E442
:1097B000C501B4010E94A6F2B62EC72ED82ECA56F5
:1097C000DF4F9883C659D04020E030E041E953E4B0
:1097D0000E94CCF4181654F4B12CC12C51E9D52EAA
:1097E000F3E4CA56DF4FF883C659D04088E40E949C
:1097F000321A882309F457C20E94EE1F0E94EAF32E
:109800001B0177FF02C06F5F7F4F7595679571955C
:10981000619571096A567F4F072E000C880B990BD2
:109820000E94FBEB762E872E982EA92E9701A80179
:109830000E94CCF4181624F4E72CF82C092D1A2DCC
:10984000C956DF4F2881C759D040C856DF4F3881ED
:10985000C859D040C756DF4F4881C959D040C65675
:10986000DF4F5881CA59D040672D782D892D9A2D08
:109870000E94CCF41816A4F0C956DF4F7880C7595F
:10988000D040C856DF4F8880C859D040C756DF4FF8
:109890009880C959D040C656DF4FA880CA59D040D9
:1098A000872D982DA92DBA2D8B8B9C8BAD8BBE8BC4
:1098B000C701D8018F8B988FA98FBA8FB101330C54
:1098C000880B990B0E94FBEB1B012C01AC019B0147
:1098D000B701C8010E94A6F27B018C012B2D3C2D03
:1098E0004D2DCA56DF4F5881C659D0400E94F5EB26
:1098F00087FF08C0BE2CCF2CD02ECA56DF4F18834E
:10990000C659D040A2019101672D782D892D9A2D3D
:109910000E94A6F27B018C01CD56DF4F2881C359EE
:10992000D040362DCC56DF4F4881C459D040CB565D
:10993000DF4F5881C559D0400E94F5EB87FF10C01A
:10994000CD56DF4FE882C359D0406F2CCC56DF4F45
:109950000883C459D040CB56DF4F1883C559D04037
:10996000CD56DF4F8881C359D040962DCC56DF4F5E
:10997000A881C459D040CB56DF4FB881C559D040DB
:109980008B8F9C8FAD8FBE8F8B2D9C2DAD2DCA568E
:10999000DF4FB881C659D0408F8F98A3A9A3BAA32F
:1099A000CE0143960E9442C5882309F4CBC1CE0163
:1099B0004B960E9442C5D82E882309F4C3C12F8933
:1099C000388D498D5A8D6F8D78A189A19AA10E94F9
:1099D000A5F220E030E040E85EE30E945AEC4B0143
:1099E0005C012B893C894D895E896B8D7C8D8D8DC9
:1099F0009E8D0E94A5F220E030E040E85EE30E94E8
:109A00005AEC6BA37CA38DA39EA38FA298A6A9A6B4
:109A1000BAA689819A81181619066CF480EB96E033
:109A20000E94F72A8F85882321F086EA96E00E941B
:109A3000F72A0E94232B0E94677F0E94668B80E09A
:109A40000E94C42780915909811104C060E081E01F
:109A50000E941D8F8F85811146C020914B07309148
:109A60004C0740914D0750914E076BA17CA18DA1F1
:109A70009EA10E94F5EB811130C020914F073091DB
:109A8000500740915107509152076FA178A589A5C1
:109A90009AA50E94F5EB811120C0209143073091D7
:109AA000440740914507509146076B897C898D8911
:109AB0009E890E94F5EB811110C0209147073091DB
:109AC00048074091490750914A076F89788D898DE1
:109AD0009A8D0E94F5EB882331F080E00E94C42724
:109AE0000E94882A188A60E085E40E94CC1F88239F
:109AF00009F42BC121E0CD56DF4F2883C359D04054
:109B00001B861C861D861E861A8A26E7A22E26E044
:109B1000B22E34E8832E36E0932E0A8905300CF0FD
:109B200022C16B857C858D859E859B01AC010E9441
:109B300054F5811118C1CC24C39495E0392ED1106D
:109B400005C0CC24CA9433243A9484E091E0D92609
:109B5000102F110F110F100F1F5F898B09896A8950
:109B6000031509F4FCC0062E000C770B880B990B2B
:109B70000E94FBEB2FA138A549A55AA50E945AECDB
:109B80002F89388D498D5A8D0E94A6F22B013C01F8
:109B9000602F000F770B880B990B0E94FBEB2BA11A
:109BA0003CA14DA15EA10E945AEC2B893C894D89B4
:109BB0005E890E94A6F26B837C838D839E834F8295
:109BC000588669867A8689819A81892B91F082E903
:109BD00096E00E94F72A812F0E94A92780E996E04B
:109BE0000E94F72A89E10E94A9278DE896E00E9449
:109BF000F72A1F92E9E1EF931F921F93BF92AF9252
:109C00009F928F921F920E9446CB2F813885498563
:109C10005A856B817C818D819E81E980CD56DF4F95
:109C20000881C359D0400E9474C62B013C014B8669
:109C30005C866D867E860FB6F894DEBF0FBECDBF04
:109C4000AC019B010E9454F5811186C009892A88C4
:109C500025E0020370011124E20CF11C27FCFA94A8
:109C6000EE0CFF1CEE0CFF1C81E090E08C0F9D1FA2
:109C7000E80EF91EA30192016BA57CA58DA59EA5FA
:109C80000E94A6F2F70166A777A780AB91AB622D81
:109C9000802F0E94A49C188A81E00E9468381F5F70
:109CA00089898C0D5ACFA701B80186E40E941C2037
:109CB0001B012C01C956DF4F4881C759D040C856F7
:109CC000DF4F5881C859D040C756DF4F6881C95906
:109CD000D040C656DF4F7881CA59D0408CE40E94EC
:109CE0001C206B8B7C8B8D8B9E8B2F8A388E498EA4
:109CF0005A8E4B2D5C2D6D2DCA56DF4F7881C6597B
:109D0000D04082E40E941C206B017C01CD56DF4FC5
:109D10004881C359D040562DCC56DF4F6881C45975
:109D2000D040CB56DF4F7881C559D04082E50E94A4
:109D30001C206B8F7C8F8D8F9E8FCF8ED8A2E9A237
:109D4000FAA22ECE86EC96E033CB83E0CD56DF4FE1
:109D50008883C359D040D4CE88890E94C4278A8979
:109D60008F5F8A8BDACE0E94A6C480E00E942127F2
:109D7000882359F088890E94C42780E090E0A0ECF5
:109D8000BFE78B879C87AD87BE876B857C858D857C
:109D90009E859B01AC010E9454F5811110C08F85F6
:109DA000882381F0CE018F960E9417338F858823F8
:109DB00019F08889882319F081E00E94C4270E9445
:109DC0004D8BE3CBBE016D5E7F4FCE0183960E942B
:109DD0001B2A84E6FE01BF96A1E6B7E001900D9232
:109DE0008A95E1F70E94072A90E080E0DDCFCF93CB
:109DF000DF93C82FD62F8091CF0983FD0AC00E9420
:109E0000D01A882331F080911D0290911E020E9489
:109E100046936D2F8AE00E94F6C4CC2331F061E0B6
:109E200080E0DF91CF910C94BEA28091420791E037
:109E3000892780931109809111098823F1F020E08E
:109E400030E040E05FE36091960B7091970B80915A
:109E5000980B9091990B0E94A6F20E94EAF3209130
:109E60009A0B30919B0B621B730B77FF03C07195AC
:109E7000619571096230710544F410921109809165
:109E8000CF0983FF06C081E00FC080E00E946838E0
:109E9000D2CF0E94D01A8823B1F30E94202B80EAEF
:109EA00095E00E94F72A80E0DF91CF910895CF924C
:109EB000DF92EF92FF92CF93DF936B017C01D42F5F
:109EC000C091510583E08093510581E0809326077E
:109ED000C114D104E104F10431F00E941ECBC60E7E
:109EE000D71EE81EF91E809126078823C1F0C114F1
:109EF000D104E104F10421F48D2F0E946838F3CFDE
:109F00000E941ECBA7019601261B370B480B590B4D
:109F1000DA01C901181619061A061B066CF310920D
:109F20002607C0935105DF91CF91FF90EF90DF900E
:109F3000CF900895809144068823D1F10FB607FC95
:109F40002DC09091450680914606981304C08091DB
:109F5000D00086FD2DC08091D00085FF1EC080916D
:109F6000460620914506821306C08091D1008F7D60
:109F70008093D10012C0E82FF0E0EB5BF94F9281A3
:109F80008F5F8F729093D600809346069091D00099
:109F900090649093D000281741F3D3CF9091450659
:109FA00080914606981303C08091D00086FFF6CFBB
:109FB0000895CF93DF9300D000D01F921F92CDB7AA
:109FC000DEB7FE01339696E0DF011D929A95E9F720
:109FD0009AE5998395EA9A838C834D836E8348E052
:109FE000BE016F5F7F4F80EB90E00E948523A2DF70
:109FF00062E370E080E090E00E9484CA28960FB689
:10A00000F894DEBF0FBECDBFDF91CF910895CF93FF
:10A01000DF9300D000D01F921F92CDB7DEB7FE01B4
:10A02000339696E0DF011D929A95E9F79AE59983B8
:10A0300095EA9A8391E098878C834D836E8348E0FC
:10A04000BE016F5F7F4F80EB90E00E94852372DF3F
:10A0500062E370E080E090E00E9484CA28960FB628
:10A06000F894DEBF0FBECDBFDF91CF9108958091F0
:10A07000A1069091A2062FEF3FEF981751F0E92F1C
:10A08000F0E0EF55F94F228130E09F5F9F7790938A
:10A09000A206C90108951F920F920FB60F921124C4
:10A0A0000BB60F922F938F939F93EF93FF93809113
:10A0B000460620914506821306C08091D1008F7D0F
:10A0C0008093D10012C0E82FF0E0EB5BF94F928152
:10A0D0008F5F8F729093D600809346069091D00048
:10A0E00090649093D000281741F3FF91EF919F91D6
:10A0F0008F912F910F900BBE0F900FBE0F901F905E
:10A1000018951F920F920FB60F9211240BB60F9253
:10A110002F938F939F93EF93FF939091D60020916D
:10A12000A206E091A10681E08E0F8F77281729F013
:10A13000F0E0EF55F94F9283E82FE093A106FF91ED
:10A14000EF919F918F912F910F900BBE0F900FBEAB
:10A150000F901F9018951F920F920FB60F92112417
:10A160000BB60F922F938F939F93EF93FF93909142
:10A17000CE002091360AE091350A81E08E0F8F776C
:10A18000281729F0F0E0EB5CF54F9283E82FE0937D
:10A19000350AFF91EF919F918F912F910F900BBEF8
:10A1A0000F900FBE0F901F9018951F920F920FB631
:10A1B0000F9211240F900FBE0F901F9018951F92B1
:10A1C0000F920FB60F9211240F900FBE0F901F9099
:10A1D00018951F920F920FB60F9211240BB60F9283
:10A1E0002F938F939F93EF93FF939091C6002091AD
:10A1F000B80AE091B70A81E08E0F8F77281729F00F
:10A20000F0E0E954F54F9283E82FE093B70AFF910D
:10A21000EF919F918F912F910F900BBE0F900FBEDA
:10A220000F901F9018958EBD0DB407FEFDCF0895B9
:10A230008FEF8EBD0DB407FEFDCF8EB508959091C2
:10A2400064009B7F90936400982F906A96959CBDC4
:10A2500080FD03C091E0863009F490E09DBD089533
:10A260000F931F93CF93DF93CDB7DEB76B970FB6E6
:10A27000F894DEBF0FBECDBFFB01018110E08091DD
:10A280009E0690919F06800F911F0E94B8D388234D
:10A2900009F457C08091790B85FF66C010929F0624
:10A2A00010929E068FEF9FEF90930F0280930E0205
:10A2B0008091390B02E719E0882311F009E31BE0D4
:10A2C00019821C8280915C136EE373E1882311F084
:10A2D00069E573E121E0A801CE0101960E9458D4FE
:10A2E0008823D1F18BE1FE013196A9E5B3E101901C
:10A2F0000D928A95E1F78091790B8F7B8093790B92
:10A30000A0916E0BAA3080F481E08A0F80936E0BCF
:10A310008BE18A9FD0011124AC58BC4EE9E5F3E1F2
:10A3200001900D928A95E1F78FEF9FEF90932702AE
:10A3300080932602CE0101960E94612781E08093DE
:10A3400028076B960FB6F894DEBF0FBECDBFDF9126
:10A35000CF911F910F9108950E94202BB80181E5A4
:10A3600098E10E9400DAE6CF80919E0690919F06C8
:10A37000080F191F10930F0200930E02DFCFFB018D
:10A3800081818F3F91F0882341F08E3FF9F446E0C0
:10A3900060E070E0CB010E944F940E94809360E0E7
:10A3A00070E0CB010E94549306C046E060E070E08C
:10A3B000CB010E944F9440E355E760E070E087E9ED
:10A3C00098E10E942A9581E0809328070895CF9311
:10A3D000DF93FB01C081D181DC27CD27DC27FC0185
:10A3E000808191818131F0E29F0731F0823190428A
:10A3F00081F0DF91CF910895BE01DD0F880B990B9D
:10A400000E94FBEB46E00E944F9481E08093280776
:10A41000F0CF0E948093BE01DD0F880B990B0E9444
:10A42000FBEB0E945493F1CFFB018181823091F0CC
:10A43000833019F18130E9F40E94809360E070E08C
:10A4400088E493E40E94549346E060E070E080E783
:10A4500092E40DC00E94809360E070E080E793E496
:10A460000E94549346E060E070E080EA92E40E942B
:10A470004F9481E08093280708950E94809360E0C4
:10A4800070E080E793E4DECF2F923F924F925F928D
:10A490006F927F928F929F92AF92BF92CF92DF92F4
:10A4A000EF92FF920F931F93CF93DF93CDB7DEB759
:10A4B00062970FB6F894DEBF0FBECDBF0E9476350F
:10A4C00087FDD2C386E29FE20E94899385E40E94C1
:10A4D000801A812C912CA12C30E4B32E882379F0A2
:10A4E0000E94EE1F4B015C0120E030E0A9010E94B8
:10A4F000CCF487FF04C0B7FAB094B7F8B0948CE0FE
:10A50000E7EFF3E0DE01119601900D928A95E1F7F5
:10A5100088E50E94801A882351F040E050E0BA019B
:10A5200088E50E941C2069837A838B839C8389E55C
:10A530000E94801A882351F040E050E0BA0189E57A
:10A540000E941C206D837E838F8398878AE50E94FA
:10A55000801A882351F040E050E0BA018AE50E9459
:10A560001C2069877A878B879C87C0905807D0907A
:10A570005907E0905A07F0905B0785E50E94801A22
:10A58000882321F00E94EE1F6B017C0120E030E067
:10A59000A901C701B6010E94CCF487FF04C0F7FAF5
:10A5A000F094F7F8F0946AE070E082E40E94E11F12
:10A5B00080919508811158C361E08BEB98E00E946F
:10A5C000A62D4CE45BE168ED78E085E00E942CC5A7
:10A5D0001091950881E0810F809395080E9485373E
:10A5E0008E87882341F08091790B8B7F8093790B44
:10A5F0001E5F109395080E946E9180E1E5E2FAE0FB
:10A60000A8E3B5E001900D928A95E1F787E00E94FA
:10A61000148A8D87811157C129852F878A85888B58
:10A620002B85298B8C858A8B20902D0A30902E0AC1
:10A6300040902F0A5090300A20E030E040E251E490
:10A64000C201B1010E94A6F23B018C0120E030E082
:10A6500048EC53E40E94CCF4181624F4612C712CBD
:10A6600008EC13E49301A8016F85788989899A8998
:10A670000E94CCF4181624F46F84788809891A890A
:10A68000A2019101B301C8010E94A5F22E852223E7
:10A6900051F020915307222331F041E02D85211103
:10A6A00040E00E94C4210E94677F20E030E0A901C1
:10A6B000C501B4010E94F5EB882369F00E94D27EA7
:10A6C000811109C0C501B401905820E030E040E795
:10A6D00052E40E94D98C8D858111DFC2BE016F5F6B
:10A6E0007F4F0E94C39120E030E0A901C701B6016D
:10A6F0000E94F5EB882309F451C062E080E077DB2B
:10A70000882309F44BC088E19FE20E94899320E0EE
:10A7100030E040E752E460E070E080E591EC0E94B8
:10A72000D98C68E873E180E090E00E94043720E073
:10A7300030E048EC51E460E070E088EA91E40E9487
:10A74000D98C8090080A9090090AA0900A0AB090CB
:10A750000B0A80E090E0A8ECB1E48093080A9093A3
:10A76000090AA0930A0AB0930B0AC701B6019058D0
:10A7700020E030E040E251E40E94D98C8092080A47
:10A780009092090AA0920A0AB0920B0A0E94FB7CDE
:10A7900064E670E080E090E00E9404370E94FB7C59
:10A7A00064E670E080E090E00E94043760E083E0BF
:10A7B0000E94F6C40E94202B8EED98E00E94F72A9A
:10A7C0000E941ECB685370458F4F9F4F6093180AAD
:10A7D0007093190A80931A0A90931B0A10921C0A0C
:10A7E0001091510583E0809351058CE499E00E941B
:10A7F000222E8CE499E00E94899381E080932607C1
:10A8000080912607882309F463C080911C0A88235D
:10A8100009F455C089EB9EE20E9489930E94202B87
:10A820008FE299E00E94F72A40E060E279E082E05E
:10A830000E94FD2D89E199E00E94D92D0E94F52DFD
:10A8400080E299E00E94899341E060E070E0CB01F2
:10A850002EDB40E06CE079E085E00E94FD2D0E9457
:10A86000F52D8CE099E00E94C1C10E94809360E0C8
:10A8700080E0BDDA60E083E00E94F6C40E94202BF5
:10A880008EED98E00E94F72A0E941ECB6853704517
:10A890008F4F9F4F6093180A7093190A80931A0A7A
:10A8A00090931B0A10921C0A80E099E00E94222ECD
:10A8B00080E099E00E94899381E08093260781E0FF
:10A8C0000E9468389DCF60E070E080E090E4DECECA
:10A8D0001093510570E060E082E50E94E11F8C0159
:10A8E000C0905407D0905507E0905607F090570756
:10A8F0008CE40E94801A882321F00E94EE1F6B01D5
:10A900007C0120E030E0A901C701B6010E94CCF42F
:10A9100087FF04C0F7FAF094F7F8F0948091950857
:10A92000882309F4A1C1B0901C0A0E9480938091F1
:10A930009A0B90919B0B801791071CF4C8010E9401
:10A94000469360E080E053DA882309F4A5C0BB2079
:10A9500061F181EF9EE20E9489930E94202B87E99A
:10A9600099E00E94F72AB090510583E08093510549
:10A9700081E08093260789E899E00E94899340E36B
:10A9800069E779E082E00E94FD2D83E99AE00E9468
:10A99000D92D0E94F52D80912607882321F081E092
:10A9A0000E946838F8CFB092510584EE9EE20E9472
:10A9B000899320E030E0A901C701B6010E94F5EBC0
:10A9C000882321F18090080A9090090AA0900A0A31
:10A9D000B0900B0A80E090E0A8ECB1E48093080A04
:10A9E0009093090AA0930A0AB0930B0A20E030E082
:10A9F00040EC50E4C701B6010E94D98C8092080A4D
:10AA00009092090AA0920A0AB0920B0A23E0D22E71
:10AA100087ED9EE20E94899320E030E040E450E41C
:10AA200060E070E088E492E40E94D98C80914A054D
:10AA30009AE5E92E99E0F92E811104C083E9E82E08
:10AA40008AE0F82E40E062E779E081E00E94FD2D87
:10AA500088E699E00E94D92DC7010E94D92D0E9455
:10AA6000F52DF0905105D0925105109226071092C5
:10AA70004B058CE99EE20E94899380914B058111E0
:10AA800004C081E00E946838F8CFF092510581300F
:10AA900009F4BECF0E94F92D101611063CF4C8012E
:10AAA0000E94469360E080E00E94BEA289EC9EE294
:10AAB0000E94899360E081E09AD920E030E040E78D
:10AAC00052E460E070E080E090EC0E94D98C87E076
:10AAD0000E94148A81115CC08091310A9091320ADF
:10AAE000A091330AB091340A40912D0A50912E0A58
:10AAF00060912F0A7091300A00913C0510913D053C
:10AB000020913E0530913F05C0903805D090390521
:10AB1000E0903A05F0903B05C0922E07D0922F07A7
:10AB2000E0923007F0923107009332071093330719
:10AB300020933407309335074093360750933707F7
:10AB4000609338077093390780933A0790933B07D7
:10AB5000A0933C07B0933D0760E070E088EC92E47E
:10AB60000E94AFAB8091400590914105A0914205B4
:10AB7000B09143058093360790933707A093380729
:10AB8000B093390760E070E080EA90E40E94AFABD8
:10AB900020E030E040E752E460E070E080E090E4E4
:10ABA0000E94D98CC0904405D0904505E0904605A0
:10ABB000F090470520E030E0A901C701B6010E94EE
:10ABC000F5EB87FF08C020E030E040E752E4C70122
:10ABD000B6010E94D98C8091440590914505A091C1
:10ABE0004605B09147058093310A9093320AA093AD
:10ABF000330AB093340A80933A0790933B07A093AB
:10AC00003C07B0933D070E94108D61E089EB99E00D
:10AC10000E94A62D809195088150809395084CE460
:10AC20005BE161EC79E085E00E942CC580917F09B1
:10AC3000823011F40E94499180919508882381F017
:10AC40008150809395080E9476CD80915307882388
:10AC500039F040E060E070E080E090E40E94C421C0
:10AC60000E94A8350E94A6C462960FB6F894DEBF73
:10AC70000FBECDBFDF91CF911F910F91FF90EF904D
:10AC8000DF90CF90BF90AF909F908F907F906F900C
:10AC90005F904F903F902F90089582EC98E00E9433
:10ACA000C1C121CD2F923F924F925F926F927F92BE
:10ACB0008F929F92AF92BF92CF92DF92EF92FF92CC
:10ACC0000F931F93CF93DF93CDB7DEB7E1970FB606
:10ACD000F894DEBF0FBECDBF89AB2091510528ABE4
:10ACE00011E010935105809171058D3409F4F4C27F
:10ACF000843509F443C08734E9F420916F0530911D
:10AD000070052B31310509F481C0B8F424303105C8
:10AD100058F42230310580F181E02230310509F00C
:10AD200080E00E94A9422AC02430310579F1253102
:10AD3000310521F10E94F6D821C02A32310509F4EB
:10AD400046C160F42D31310509F40FC108F481C00A
:10AD50002E31310579F70E94D86B10C02B353105A3
:10AD600009F413C22C35310509F413C22A35310513
:10AD700009F71092621202C00E94E62089A981118F
:10AD80000C94E9600E94CBC40C94E96080E50E94B9
:10AD9000801AC12CD12C7601882321F00E94821FB9
:10ADA0006B017C0183E50E94801A882361F00E9478
:10ADB000EE1F20E030E04AE754E40E945AEC0E9483
:10ADC000EFF36B017C010E94677FC114D104E104A1
:10ADD000F104A1F280912112811104C082E29AE073
:10ADE0000E94C1C10E941ECB4B015C010E941ECB80
:10ADF000681979098A099B096C157D058E059F05DF
:10AE000008F0BCCF80E00E946838F0CF87E00E9455
:10AE100067A48111B3CF70E060E080E50E94E11F7C
:10AE20008530910578F49CE0E3E0F4E0DE011196D2
:10AE300001900D929A95E1F7BE016F5F7F4F0E94DE
:10AE4000C3919CCF6BE27AE083E49AE00E94832D69
:10AE500095CF87E00E94148A811111C0809140062D
:10AE600090914106A0914206B09143061EE0B6952E
:10AE7000A795979587951A95D1F780FD7FCF0E946A
:10AE8000677F0E941ECB6093660970936709809369
:10AE90006809909369091092360280E00E94C427E5
:10AEA0000E94668B81E0809304090E940E8FC090FF
:10AEB0004006D0904106E0904206F0904306F9E14A
:10AEC000F694E794D794C794FA95D1F7C0FE0DC0D5
:10AED00081E00E94148A182F82E00E94148A1111C6
:10AEE0000C94506B11E0811101C010E0809140067C
:10AEF00090914106A0914206B0914306E7E1B695D4
:10AF0000A79597958795EA95D1F780FF02C00C9495
:10AF1000456A112311F40C94486A012F10E08C2D1E
:10AF20008170982E0C94586A8FE59AE00E94C1C1F6
:10AF30000E94202B8DE49AE00E94F72A0E94678DE0
:10AF40008091030980930409992041F021E040E0B9
:10AF500060E070E080E890E40E946E8C0E944D8B6F
:10AF60000E94B58D0BCF982EE9CF0E941ECB609327
:10AF700066097093670980936809909369098091C5
:10AF8000880981111DC08091400690914106A091D1
:10AF90004206B09143065DE0B695A79597958795D3
:10AFA0005A95D1F780FF04C080E79AE00E94826B37
:10AFB00087E00E9467A48111E1CE0E949F49DECE06
:10AFC00060E08FE40E94CC1F8823E9F2D7CE809105
:10AFD0005409833008F4D2CE89E40E94801AE82E06
:10AFE00000E0882319F00E94DE1F082F8AE40E94E7
:10AFF000801AF82E10E0882319F00E94DE1F182F07
:10B00000EE2011F0053020F4FF2039F0153028F043
:10B0100084E79AE00E94F72AB1CE80E1E5E2FAE007
:10B02000AEE2B7E001900D928A95E1F7EE2011F1C2
:10B03000602F70E090E080E00E94FBEB20914B07D6
:10B0400030914C0740914D0750914E070E945AECA9
:10B05000209143073091440740914507509146079E
:10B060000E94A6F260932E0770932F0780933007FB
:10B0700090933107FF2011F1612F70E090E080E0A4
:10B080000E94FBEB20914F073091500740915107F0
:10B09000509152070E945AEC20914707309148077F
:10B0A0004091490750914A070E94A6F260933207E7
:10B0B000709333078093340790933507809140064F
:10B0C00090914106A0914206B09143064FE0B6959B
:10B0D000A795979587954A95D1F780FF38C0EE20C0
:10B0E000D1F0E091C80BF091C90B208131814281F0
:10B0F000538160912E0770912F07809130079091B6
:10B1000031070E94A5F260932E0770932F0780935A
:10B11000300790933107FF20D1F0E091C80BF091F8
:10B12000C90B248135814681578160913207709126
:10B13000330780913407909135070E94A5F2609300
:10B14000320770933307809334079093350740E0BC
:10B1500050E0BA0186E40E941C206B017C0120E0D3
:10B1600030E0A9010E94CCF418165CF420E030E035
:10B1700040E752E4C701B6010E9482F30E94AFABE0
:10B18000FDCD60E070E0CB01F9CF8FE080936212DB
:10B19000F5CD80916E05882381F1893009F0EECDDF
:10B1A0002FE0A22E24E0B22E35E2C32E3AE0D32EB9
:10B1B000E12C10E000E0D5018D915D010E94801A24
:10B1C000F82E882361F0033011F0E82EF12E0E9452
:10B1D000EE1FF60160837183828393831F2D0F5FBF
:10B1E000F4E0CF0ED11C043031F7EE2009F464C036
:10B1F0000E94678D0E94B58DC1CD8FE094E099A724
:10B2000088A78AE5682E89E0782E95E2492E9AE093
:10B21000592E10E000E0A8A5B9A58D91B9A7A8A75F
:10B220000E94801A382E8823E9F10E94EE1F6B01DC
:10B230007C01033049F0F301208131814281538147
:10B240000E94A5F26B017C01D2012D913D914D919F
:10B250005C91C701B6010E94A5F24B015C012DEB88
:10B2600037E346E855EB0E94CCF487FD0AC02DEB8E
:10B2700037E346E855E3C501B4010E94F5EB181623
:10B280008CF40330F9F0A5019401F3016081718120
:10B29000828193810E94A6F2D3016D937D938D9359
:10B2A0009C9313970F5FB4E06B0E711CE4E04E0E9D
:10B2B000511C043009F0AFCF112309F49BCF0E9439
:10B2C000108D98CFC092310AD092320AE092330AA0
:10B2D000F092340A132DE6CF80916F05909170059E
:10B2E0008837910511F40C94B56308F0B1C281352B
:10B2F000910511F40C94306208F03EC1893191053A
:10B3000009F46AC608F0E4C08431910509F4FBC56C
:10B3100008F085C08131910509F4B6C508F058C020
:10B32000029708F007CD80E50E94801AC12CD12C2D
:10B330007601882321F00E94821F6B017C0183E546
:10B340000E94801A882361F00E94EE1F20E030E006
:10B350004AE754E40E945AEC0E94EFF36B017C012F
:10B360000E94677F80916C0590916D05009709F4AC
:10B3700078C50E94482300916C0510916D05011558
:10B38000110509F473C50E94F92D82E080936C09C0
:10B3900060E08DE89AE00E94BF2DB0901E138FEF01
:10B3A00080931E1380E20E94801FC8010E949D2787
:10B3B0000E94232BB0921E1383E99AE00E94D92D9C
:10B3C0000E94F52D40E0C701B6010E94574FD6CC30
:10B3D000429709F0AFCC83E50E94801A882311F4CC
:10B3E0000C9456620E941ECB6093660970936709A5
:10B3F00080936809909369090E94EE1F20E030E075
:10B400004AE754E40E945AEC0E94EFF36093020270
:10B41000709303028093040290930502AFCC8631AF
:10B42000910509F4A5C508F49FC58731910509F474
:10B43000C0C5489709F07ECC0E94809361E080E00F
:10B440000E94BEA283E50E94801A882321F00E94F8
:10B45000921F0E94EE1E84E50E94801A8823A9F0A4
:10B460000E94921F6B017C010E942E91C0922907BD
:10B47000D0922A07E0922B07F0922C07CD28CE28F5
:10B48000CF2819F081E080937F090E942837882314
:10B4900081F00E9476CD0E9473378AEA92E10E9481
:10B4A00096D21092640B1092650B1092660B10925C
:10B4B000670B61E08CE898E10E94A62D4CE45BE10B
:10B4C00064E07BE085E00E942CC50E94A6C456CCB7
:10B4D0008E31910509F42FC698F48B31910509F44A
:10B4E000C4C508F4AFC58C31910509F41CC64D974D
:10B4F00009F020CC8091790B8E7F8093790B3ECC24
:10B500008B34910509F445C660F58F31910509F436
:10B5100022C6809709F00ECC0E94853781110E94C7
:10B52000677F8091790B84FF29CC60E080E50E94E1
:10B53000CC1F182F682F80916C0590916D050E948B
:10B5400004D983E50E94801A882321F00E94921F6B
:10B550000E94EE1E0E9476CD111110CC0E9473370E
:10B560000DCC8C34910509F418C68D34910509F081
:10B57000E1CB0E948A9102CC8C36910509F4DFC69A
:10B5800008F054C08C35910509F4E0C788F583357F
:10B59000910509F483C708F479C78435910509F446
:10B5A0001ACF8535910509F0C5CB83E50E94321A83
:10B5B000882309F4ADC70E941ECB6093660970937F
:10B5C000670980936809909369090E94EE1F20E043
:10B5D00030E04AE754E40E945AEC0E94EFF3609393
:10B5E0004C0570934D0580934E0590934F05C6CB47
:10B5F0008936910509F4DFC540F48836910509F0D4
:10B6000099CB80E00E94D335B9CB8A36910509F4F5
:10B61000FCC58B36910509F08DCB60E080E50E947A
:10B62000B31F8111ABCB10921F12A8CB81379105AC
:10B6300009F4C9C6A8F48E36910509F408C608F4C1
:10B64000B5C58F36910509F437C68037910509F0E5
:10B6500071CB41E070E060E08EE89BE00E948536AF
:10B660008537910511F40C94506308F0E6C08237D9
:10B67000910511F40C9446638337910509F05ACB78
:10B6800086EC9DE00E94F72A0E94232BE0915A024B
:10B6900022E6E29FF0011124E354FD4F108160E0A7
:10B6A00086EB9DE00E94522B60E081EA9DE00E94C3
:10B6B000522B61E08AE99DE00E94522B61E08FE805
:10B6C0009DE00E94522B60E080E89DE00E94522B9A
:10B6D00061E080E79DE00E94522B60E087E69DE0FC
:10B6E0000E94522B61E08DE59DE00E94522B61E0AB
:10B6F00083E59DE00E94522B61E08CE49DE00E9476
:10B70000522B61E084E49DE00E94522B61E086E3CD
:10B710009DE00E94522B60E088E29DE00E94522B47
:10B7200060E089E19DE00E94522B60E08BE09DE0AB
:10B730000E94522B60E085EF9CE00E94522B60E05B
:10B7400084EE9CE00E94522B61E08FEC9CE00E9412
:10B75000522B61E080EC9CE00E94522B61E089EB6F
:10B760009CE00E94522B60E08CEA9CE00E94522BED
:10B7700060E085EA9CE00E94522B61E08CE99CE04D
:10B780000E94522B60E087E89CE00E94522B60E010
:10B7900089E79CE00E94522B60E08FE69CE00E94CB
:10B7A000522B60E088E59CE00E94522B60E08BE425
:10B7B0009CE00E94522B61E088E39CE00E94522BA7
:10B7C00060E08BE29CE00E94522B61E086E29CE00C
:10B7D0000E94522B61E089E19CE00E94522B60E0C4
:10B7E0008DE09CE00E94522B60E089EF9BE00E947C
:10B7F000522B60E086EE9BE00E94522B17FD4EC755
:10B8000060E080911F1390912013112341F01130BB
:10B8100009F044C761E080912113909122130E94A6
:10B82000B3DB682F61708DED9BE00E94522B60E0CE
:10B830008FEC9BE00E94522BA1CA8637910509F438
:10B8400043C78737910509F075CA0E94E08E96CAF2
:10B850008A39F1E09F0709F478C508F011C18E3CE0
:10B86000910511F40C94316508F056C0883C91059F
:10B8700009F483C7E0F48C38910509F4C5C558F480
:10B880008937910509F056CA1092040910920309EC
:10B890000E940E8F73CA8B39910509F4BAC58E3B8D
:10B8A000910509F047CA81E00E94433F67CA8B3C7B
:10B8B000910509F4C7C7B0F4893C910509F03ACA6B
:10B8C0008091400684FD97C780914206887809F0F0
:10B8D00092C780914306837009F08DC781E00E9472
:10B8E000262D4CCA8C3C910509F4E0C78D3C91058E
:10B8F00009F020CA8091400690914106A09142062D
:10B90000B0914306892B8A2B8B2B11F00C94AB64DE
:10B9100081E00E94952C32CA8D32A1E09A0711F481
:10B920000C94AC6608F085C08C3D910511F40C9424
:10B93000126680F4833D910509F0FCC983E50E94FD
:10B94000321A882311F40C9460650E94BD1F809305
:10B95000350214CA8D3D910511F40C94586682325B
:10B96000914009F0E7C98AE50E94801A882311F402
:10B970000C9487660E94EE1F20E030E040E050EC1F
:10B980000E94F5EBC12CD12CE12C20ECF22E87FD8E
:10B9900013C00E94EE1F20E030E040E050E40E941F
:10B9A000CCF4C12CD12CE12C90E4F92E181624F003
:10B9B0000E94EE1F6B017C012091EC093091ED0992
:10B9C0004091EE095091EF09C701B6010E945AEC6F
:10B9D0000E94EAF3CB010E943DCC61E080E50E9429
:10B9E000CC1F882311F40C948D66A70196016091F9
:10B9F000C40B7091C50B8091C60B9091C70B0E9430
:10BA0000A6F26093C40B7093C50B8093C60B909302
:10BA1000C70B0E94202B4091C40B5091C50B609125
:10BA2000C60B7091C70B88E29FE00E94652C0C94B6
:10BA30008D668039F1E09F0711F40C94406768F43B
:10BA40008E32A1E09A0711F40C94F7668F32914080
:10BA500009F070C90E94432E91C98139E1E09E0727
:10BA600011F40C9444678239914009F063C960E095
:10BA700082E50E94CC1F0E9421270E94B58D7EC9BD
:10BA8000873F21E0920711F40C944E6808F051C1F1
:10BA90008C3AB1E09B0711F40C949B6708F0B8C096
:10BAA0008D39F1E09F0711F40C94E06998F58C3919
:10BAB000914009F03FC98091400687FF02C00C9475
:10BAC000536780914206867011F00C9453670E9470
:10BAD000202B8091200200E51EE1811102C00CE4C0
:10BAE0001EE187E79FE00E94F72AC8010E94F72A1B
:10BAF0008091500500E51EE1811102C00CE41EE1B9
:10BB000085E69FE00E94F72AC8010E94F72A0E945A
:10BB1000232B34C9843AB1E09B0711F40C94886755
:10BB2000853A914009F006C96FEF7FEF89E40E94E2
:10BB3000E11F082F6FEF7FEF8AE40E94E11F182FAB
:10BB40008AE50E94801AD12C811108C081E50E94EB
:10BB5000801AD82E882311F40C94486BC02E81E0F3
:10BB6000800F863010F00C949367912E81E0810F46
:10BB7000863010F00C9493670E94EE1F2B013C015D
:10BB8000F02E07FDF12C07FF02C004E0C02E812E2D
:10BB900017FD812C17FF02C014E0912EB5E03B2E5B
:10BBA000CF1410F40C948F67E82C3F9C50011124A3
:10BBB0009E1410F40C948C670E2D10E020E030E001
:10BBC000A901DD2069F0F501E00FF11FEE0FFF1F65
:10BBD000EE0FFF1FEF59F84F2081318142815381D1
:10BBE0000A0D1B1D000F111F000F111F0F59184FB9
:10BBF000C301B2010E94A6F2D8016D937D938D938B
:10BC00009C9313976E2D8F2D0E94A49CE394D0CF0C
:10BC1000843FF1E09F0711F40C94466808F07CC063
:10BC2000863E914009F086C884E50E94321A882336
:10BC3000A1F01092CB091092CC091092CD0910926C
:10BC4000CE091092C9098FEF0E94202161E070E0B7
:10BC500084E50E94E11F8093C90983E50E94801A50
:10BC6000882321F00E94DE1F0E942021809140063F
:10BC700090914106A0914206B091430662E0B695CC
:10BC8000A795979587956A95D1F780FF06C0809113
:10BC9000CA09803210F40E94B6DB80E50E94801A47
:10BCA000882331F00E94DE1F803210F40E94B6DB40
:10BCB00085E50E94801A882309F460C80E94DE1F6F
:10BCC000803208F05BC841E050E0082E02C0440F0B
:10BCD000551F0A94E2F740955095052E000C660B0F
:10BCE000770B0091CB091091CC092091CD093091AF
:10BCF000CE0940235123622373234093CB095093F1
:10BD0000CC096093CD097093CE099091CA0989132B
:10BD100035C81092C80932C8853FB1E09B0711F4BD
:10BD20000C944A68863F914009F004C80E945C95D3
:10BD300025C88335F3E09F0711F40C94DF68C0F544
:10BD40008C30A2E09A0711F40C945768A8F4883F4D
:10BD5000914011F00C949A5681E08093C5070E949F
:10BD6000DD9C1092C507811109C80E94202B87EF26
:10BD70009FE00E94F72A02C88835F2E09F0711F47D
:10BD80000C945B688B35924011F00C949A5680911C
:10BD9000410683FF02C00C945F688091420688715F
:10BDA00011F00C945F6881E00E94022C0C94BE5646
:10BDB000873EA3E09A0711F40C94C769C0F48C364F
:10BDC000E3E09E0709F4C5C2803A934011F00C9459
:10BDD0009A5620916C0530916D059091790B926087
:10BDE0009093790BC9010E940CDA0C94BE56883EE0
:10BDF00023E0920711F40C94006A893E934011F0FD
:10BE00000C949A560E94677F8091790B877F8B7F75
:10BE10008093790B80916F0B81110C943E6A0E9484
:10BE200031270E94C7906D3371058105910520F07F
:10BE30008CE690E10E94826B88E690E10E94826B22
:10BE400010911E138FEF80931E1384E590E10E94E2
:10BE5000F72A10931E1380E590E10E94826B0C94E8
:10BE6000BE568CEA9AE00E94899385CA80916F053C
:10BE700090917005892B29F084EA9AE00E94222E85
:10BE8000A1CA8CE99AE0FACF0E94211A882399F17D
:10BE900085E40E94321A882361F0809148059091D0
:10BEA0004905892B21F00E94DE1F811102C00E94EA
:10BEB000037D0FE0E02E04E0F02E10E0F701219169
:10BEC0007F0121548091400690914106A091420645
:10BED000B091430604C0B695A795979587952A9586
:10BEE000D2F780FF03C0812F0E943D7D1F5F13307A
:10BEF00029F70C94BE568FEB9AE00E94C1C10E94B4
:10BF00005E7D0C94BE568091790B84FF25C087ED31
:10BF10009AE00E94F72A8091790B84FF17C08EE384
:10BF200093E10E9467D38BE1EEE3F3E1DE0111962A
:10BF300001900D928A95E1F770E060E0CE010196E4
:10BF40000E94DDDACE0101960E94612788EC9AE01A
:10BF50000E94F72A0C94BE560E94202B88EE9AE08D
:10BF60000E94F72A0C94BE560E9409D30C94BE5628
:10BF70000E94853781110C94BE568091790B84FD07
:10BF800002C00C94BE560E94FAD28091790B8F7E2B
:10BF900080648093790B8FEF9FEF909327028093BB
:10BFA00026020E94202B82EF9AE00E94F72A0C942E
:10BFB000BE5680916C0590916D05FC012191222364
:10BFC00031F02032D9F7DF0111971C92F7CF60E0F2
:10BFD0000E9404D90C94BE560E948537882329F00C
:10BFE0008091790B8B7F8093790B80915307882305
:10BFF00039F040E060E070E080E090E40E94C4210D
:10C000000E946E910E94A6C440E15BE067E17BE084
:10C0100084E00E942CC561E089E69BE00E94A62D89
:10C020000E941ECB685370458F4F9F4F6093180A34
:10C030007093190A80931A0A90931B0A10921C0A93
:10C040000C94BE568091790B84FD02C00C94BE56B0
:10C0500083E50E94801A882311F40C94BE560E9436
:10C06000921F0E94EE1E0C94BE5680914006909145
:10C070004106A0914206B091430612E0B695A795FD
:10C08000979587951A95D1F780FF1CC08AE29BE0AF
:10C090000E94F72A80918514882379F0BE016F5F92
:10C0A0007F4F82E894E10E942AD2CE0101960E943D
:10C0B0009D270E94232B0C94BE5680E29BE00E9499
:10C0C000F72AF7CF0E948537811104C00E943637C6
:10C0D000882319F1C090710BD090720BE090730B14
:10C0E000F090740B8090750B9090760BA090770B6E
:10C0F000B090780B8AE49BE00E94F72AC501B40156
:10C100000E941F278FE20E9459C0C701B6010E94FA
:10C110001F270E94232B0C94BE5689E39BE00E94AC
:10C12000F72A0C94BE5680916C0590916D050E9483
:10C130000CDA0C94BE568091790B84FD02C00C94ED
:10C14000BE560E94E4D280916C0590916D050E94CC
:10C150007BDA0C94BE560E94C7906C8F7D8F8E8FB9
:10C160009F8FBE016F5F7F4FCE014C960E94B92416
:10C1700040E061E0CE0101960E94BA920E94202B1D
:10C18000BE016F5F7F4F8CE59BE00E9400DA0C944C
:10C19000BE560E9473370C94BE560E946E9161E0A9
:10C1A00089E69BE00E94A62D0C94BE5681E00E9479
:10C1B000D3350C94BE560E947635182F87FD09C0E2
:10C1C0008FE69BE00E94F72A812F0E94F3A10E9434
:10C1D000232B98A990935105E1960FB6F894DEBFF2
:10C1E0000FBECDBFDF91CF911F910F91FF90EF90C8
:10C1F000DF90CF90BF90AF909F908F907F906F9087
:10C200005F904F903F902F90089560E080E50E94EE
:10C21000B31F81110C94BE568091400660911F128D
:10C22000062F80FD02C00FEF10E083E50E94801A08
:10C23000882349F00E94821F8B016F3F710519F01E
:10C2400010F00FEF10E000931F120C94BE568EE416
:10C250000E94801A8823B9F00E94921FE0915A022E
:10C2600022E6E29FF0011124E354FD4FE081A7E6AE
:10C27000EA02F0011124EE58FA4F60837183828341
:10C2800093830C94BE56E0915A02B2E6EB9FF00104
:10C290001124E354FD4FE08127E6E202F00111246E
:10C2A000EE58FA4F408151816281738182E79BE0B1
:10C2B0000E94672B0C94BE5683E50E94801A882347
:10C2C00021F00E94A21F8093CF090E94202B87E8B3
:10C2D0009BE00E94F72A8091CF09882369F1BDE78E
:10C2E000EB2EBBE0FB2E10E000E020E0F701C59054
:10C2F000D490C114D104B9F08091CF0990E0002E00
:10C3000002C0959587950A94E2F780FF0CC0BB2484
:10C31000B394B20E222319F08CE20E94801FC60152
:10C320000E94F72A2B2D0F5F1F4F82E0E80EF11CB1
:10C3300005301105D9F6BDCE89E79BE0C0CE10923D
:10C340001109109226070C94BE560E94988D0C94E9
:10C35000BE5683E50E94801A882311F40C94BE56C1
:10C360000E94A21F90916C0910926C099230F9F012
:10C37000943009F1913011F00C94BE56882399F055
:10C38000813011F00C94BE5682E080934B05809171
:10C390004A05882311F40C94BE56109220020E9484
:10C3A000A8350C94BE5690934B050C94BE56109233
:10C3B00026070C94BE5683E998E190931309809365
:10C3C00012090C94BE5683E50E94801A882369F0F6
:10C3D0000E94A21F8D3320F4809301020C94BE565C
:10C3E0008CE3809301020C94BE560E94202B109186
:10C3F00001028CE99BE00E94F72A812F0E94A92765
:10C400000E94232B0C94BE5680E00E94433F0C9464
:10C41000BE5683E50E94801A882311F40C94BE5600
:10C420000E94A21F182F8C3308F08CE380937E0BA0
:10C430000E941ECB6B017C01212F30E0A8EEB3E0FF
:10C440000E9467F2C60ED71EE81EF91EC0927A0B34
:10C45000D0927B0BE0927C0BF0927D0B0C94BE563D
:10C460000E94298110921F120E94807B0E948A9153
:10C470000E94312768EE73E080E090E00E9404376C
:10C4800083EA9BE00E94C1C10C94BE568091621267
:10C490008F7D8061809362120C94BE5680916212EF
:10C4A0008F7E8062809362120C94BE560E94211A85
:10C4B000882351F10E94677F85E40E94321A81111E
:10C4C0000E94FB7CAFE0EA2EA4E0FA2E10E0D70138
:10C4D0002D917D0121548091400690914106A091BB
:10C4E0004206B091430604C0B695A79597958795E7
:10C4F0002A95D2F780FF03C0812F0E940A7D1F5F1B
:10C50000133029F70C94BE560E9429810C94BE5614
:10C5100060914C0570914D0580914E0590914F05AD
:10C5200028EE33E040E050E00E941FF269017A01FA
:10C530008BEB9BE00E94F72AC701B6010E941F27E0
:10C5400086EB9BE00E94F72A0C94BE560E9476353B
:10C5500087FF02C00C94BE568091400684FD09C03E
:10C560008091420687FD05C080914306837009F4DF
:10C5700088C0EFE0CE2EE4E0DE2EF0EDEF2EF9E005
:10C58000FF2E10E0F60181916F010E94801A88232E
:10C5900059F0133099F00E94EE1FD70154966D9315
:10C5A0007D938D939C9357971F5FB4E0EB0EF11C26
:10C5B000143041F70E94447F0C94BE560E94EE1F37
:10C5C0004B015C0120E030E040EA51E40E94F5EBD1
:10C5D00087FF4EC0A50194016091F0097091F109A7
:10C5E0008091F2099091F3090E9482F32B013C01A2
:10C5F000AC019B0160919E0970919F098091A009F7
:10C600009091A1090E945AEC60939E0970939F0932
:10C610008093A0099093A109A30192016091000A5F
:10C620007091010A8091020A9091030A0E945AECCB
:10C630006093000A7093010A8093020A9093030AA0
:10C640006091AE097091AF098091B0099091B109E4
:10C650000E94F9EBA30192010E945AEC0E94EFF3B1
:10C660006093AE097093AF098093B0099093B109BC
:10C670008092F0099092F109A092F209B092F30928
:10C6800093CF81E00E9408C40C94BE560E943FC222
:10C690008EED9BE00E94377C0C94BE5680E0C1C8B2
:10C6A00080916C0590916D05009751F0DC012C9103
:10C6B000222331F040E061E00E94BA920C94BE5611
:10C6C0000E94A6C40C94BE5600916C0510916D0595
:10C6D00024E08FEFF12C30E02150F9F0F801908147
:10C6E000492F4B7F413499F441814133B1F4913466
:10C6F000A9F1953409F431E0A8014E5F5F4F8A013A
:10C700004F5F5F4FF80190819032C9F3E5CF9035CC
:10C7100021F4918190539A30F8F0E0901E13833009
:10C7200000F5882301F19FEF980F81E001C0880F89
:10C730009A95EAF780931E1331110E94202BFF2057
:10C7400021F080EB9EE00E94F72AC8010E940E278C
:10C75000E0921E130C94BE56892FCECFFF24F39483
:10C76000CBCF8E2DE7CF8FEFE5CF10930409109339
:10C7700003090E940E8F0C94BE568091400683FDE3
:10C7800009C0809142068C7029F481E00E945D2DE1
:10C790000C94BE560E947635182F87FF02C00C9469
:10C7A000BE560091600784E40E94801AF82E882308
:10C7B000B1F00E94EE1F4B015C0120E030E0A901C6
:10C7C0000E94F5EB8823A9F024E01202F001112465
:10C7D000E45AF84F80829182A282B3820F2D602F9B
:10C7E00083E50E94CC1F809360070E9404820C9412
:10C7F000BE5680E0F8CF0E94763587FF02C00C94C9
:10C80000BE560FE014E070EDE72E79E0F72ED80168
:10C810008D918D010E94801A882359F00E94EE1F8D
:10C820000E94EFF3F70160837183828393830E94F8
:10C83000F67EF4E0EF0EF11C24E00331120739F725
:10C840000C94BE568091400684FD0DC08091420636
:10C85000887849F480914306837029F481E00E942E
:10C86000FF2C0C94BE560E94763587FF02C00C94B4
:10C87000BE566FE0E62E64E0F62E10E000E0D70131
:10C880008D917D010E94801A882349F00E94EE1F3D
:10C89000F801E053F64F64A375A386A397A30C5F3A
:10C8A0001F4F0031110559F70C94BE568091410677
:10C8B00087FD09C0809142068E7029F481E00E94B4
:10C8C000E02C0C94BE5683E50E94801A882391F0D8
:10C8D0000E94EE1F6093040A7093050A8093060A73
:10C8E0009093070A60930C0A70930D0A80930E0AC6
:10C8F00090930F0A80E50E94801A882351F00E94CD
:10C90000EE1F6093040A7093050A8093060A9093C1
:10C91000070A82E50E94801A882351F00E94EE1FC8
:10C920006093080A7093090A80930A0A90930B0A8D
:10C9300084E50E94801A882311F40C94BE560E944C
:10C94000EE1F60930C0A70930D0A80930E0A909369
:10C950000F0A0C94BE5682E40E94801A882351F07C
:10C960000E94821F6093E0097093E1098093E209BD
:10C970009093E30983E50E94801A882351F00E9476
:10C98000EE1F6093100A7093110A8093120A90931D
:10C99000130A84E50E94801A882351F00E94EE1F3A
:10C9A0006093140A7093150A8093160A9093170ADD
:10C9B00088E50E94801A882351F00E94EE1F609340
:10C9C000920970939309809394099093950989E54E
:10C9D0000E94801A882351F00E94EE1F60939609EE
:10C9E0007093970980939809909399098AE50E941A
:10C9F000801A182F882351F00E94EE1F60939A0925
:10CA000070939B0980939C0990939D0985E40E94F3
:10CA1000801A882351F00E94EE1F60939E09709344
:10CA20009F098093A0099093A109112311F40C94FC
:10CA3000BE562DEC3CEC4CEC5DE360919A09709194
:10CA40009B0980919C0990919D090E94F5EB181615
:10CA500014F40C94BE5683EB9EE00E94F72A0C94CB
:10CA6000BE568091400690914106A0914206B09139
:10CA700043060FE014E055E0E52E59E0F52E892B32
:10CA80008A2B8B2B29F481E00E94762C0C94BE56C5
:10CA9000F80181918F010E94801A882341F00E9441
:10CAA000EE1FD7016D937D938D939C931397B4E004
:10CAB000EB0EF11CE4E002311E0751F70C94FA581A
:10CAC00010913502105D81E09FE00E94F72A812FCE
:10CAD0000E9459C08091350260E57EE1811102C05B
:10CAE0006CE47EE18DEF9EE00E94832D8091370201
:10CAF00090913802A0913902B0913A028C8F9D8FAB
:10CB0000AE8FBF8F80913B0290913C02A0913D027D
:10CB1000B0913E0288A399A3AAA3BBA380913F0230
:10CB200090914002A0914102B09142028CA39DA33A
:10CB3000AEA3BFA3CE014C960E94E8198091430298
:10CB400090914402A0914502B091460289839A8354
:10CB5000AB83BC838091470290914802A091490227
:10CB6000B0914A028D839E83AF83B88780914B0238
:10CB700090914C02A0914D02B0914E0289879A8704
:10CB8000AB87BC87CE0101960E94E819CCA0DDA03E
:10CB9000EEA0FFA048A059A06AA07BA08C8C9D8C21
:10CBA000AE8CBF8C85EF9EE00E94F72AB501A401F0
:10CBB00085EE9EE00E940D2BB301A20181E99FE268
:10CBC0000E940D2BB701A6018EE89FE20E940D2B5B
:10CBD00083EF9EE00E94F72AC984DA84EB84FC8408
:10CBE0004D805E806F80788489809A80AB80BC8025
:10CBF0008BEE9EE00E94F72AB501A40185EE9EE02F
:10CC00000E940D2BB301A20181E99FE20E940D2B2E
:10CC1000B701A6018EE89FE20E940D2B0E94232BF4
:10CC20000C94BE568091400690914106A091420618
:10CC3000B091430660911102709112020097A10514
:10CC4000B10551F48DE09FE00E94AE358AE09FE08F
:10CC50000E94F72A0C94BE568C019D0141E1369545
:10CC60002795179507954A95D1F700FF08C02091A1
:10CC70000602309107023093120220931102B695FA
:10CC8000A7959795879580FF04C0709307026093DE
:10CC9000060283E50E94801A882311F40C94BE5684
:10CCA0000E94DE1F90931202809311020C94BE56D4
:10CCB0000E947635182F87FF02C00C94BE5683E57C
:10CCC0000E94801A882341F00E94DE1FBC01812F40
:10CCD0000E948C1A0C94BE560E94202B85E40E9460
:10CCE00059C080E3810F0E94801FE12FEE0FFF0BE0
:10CCF000E95EFD4F6081718181E19FE00E94AE3568
:10CD000085E20E94801F0E94232B0C94BE5683E56F
:10CD10000E94801A81110C94BA5C8091420687FDB2
:10CD200014C080914306837081F40E94202B4091AF
:10CD3000C40B5091C50B6091C60B7091C70B89E174
:10CD40009FE00E94652C0C94BE5682E50E94321A28
:10CD50008111EBCF0C94BE568091400683FD09C033
:10CD600080914106817829F481E00E94292C0C945D
:10CD7000BE5680E50E94801A882351F00E94EE1F63
:10CD80006093AE0B7093AF0B8093B00B9093B10B8D
:10CD900089E40E94801A882381F00E94EE1F21E717
:10CDA00032EB47E25EE30E945AEC6093B20B709361
:10CDB000B30B8093B40B9093B50B84E40E94801A5C
:10CDC000882381F00E94EE1F21E732EB47E25EE309
:10CDD0000E9482F36093B60B7093B70B8093B80BED
:10CDE0009093B90B81E080939D0B0C94BE5683E524
:10CDF0000E94321A182F882331F00E94DE1F909370
:10CE00001E0280931D0280E50E94321A811102C029
:10CE1000112391F020911D0230911E02232B41F02D
:10CE2000882341F00E94BD1F809342070C94BE5698
:10CE300081E0FACF80E0F8CF0E94202BE0901D0225
:10CE4000F0901E02809142070BE31FE0811102C0A7
:10CE500007E31FE082E59FE00E94F72AC8010E94D5
:10CE6000F72A81E49FE00E94F72AC7010E94A235B9
:10CE70008EE39FE00E94F72A0E94232B0C94BE565B
:10CE80000E94677F0C94BE5660E082E50E94CC1F32
:10CE90009091590991110C94FA58682F81E00E94E1
:10CEA0001D8F0C94FA5888E40E94321A882321F0CE
:10CEB0000E94BD1F80935005C0904006D09041064F
:10CEC000E0904206F090430681E1F694E794D7940F
:10CED000C7948A95D1F7F1E0CF22DD24EE24FF2418
:10CEE00083E50E94321A182FCD28CE28CF2821F4AE
:10CEF000882311F40C94BE560E94A835112311F416
:10CF00000C94BE560E94BD1F809320020C94BE5606
:10CF10000E948F330C94BE56F3940C94D05D0E9403
:10CF2000072A0C94BE560E941D2B88EA9FE00E949F
:10CF3000F72A0C94BE5687E00E9467A481110C94D6
:10CF4000BE567EEEC72E7BE1D72EE5E22E2EEAE01E
:10CF50003E2E8E010F5F1F4FF12CE12CF6016591E3
:10CF6000759185919491F10181909190A190B190EA
:10CF70001F01A50194010E94A5F22B013C01D801DB
:10CF80004D925D926D927C92139720E030E040EAE2
:10CF900051EC0E94CCF487FD0AC020E030E040EA6A
:10CFA00051E4C301B2010E94F5EB18167CF4F701BD
:10CFB000EC5AF14DE4911E164CF4B7FAB094B7F860
:10CFC000B094F80180829182A282B382D8018D90C0
:10CFD0009D90AD90BC9020E030E040EA51ECC5015E
:10CFE000B4010E94CCF487FD43C020E030E040EA69
:10CFF00051E4C501B4010E94F5EB1816CCF1BFEF66
:10D00000EB1AFB0AE4E0CE0ED11C0C5F1F4FF3E0DD
:10D01000EF16F10409F0A2CF89819A81AB81BC811E
:10D020008093050990930609A0930709B093080916
:10D030008D819E81AF81B8858093090990930A09FB
:10D04000A0930B09B0930C0989859A85AB85BC85A3
:10D0500080930D0990930E09A0930F09B0931009C6
:10D060000E94B58D81EC9FE00E94C1C10C94BE5618
:10D070000E941D2B81EE9FE00E94F72A41E061E0B3
:10D0800081ED9FE00E94EF920C94BE560E94F496B0
:10D090000C94BE560E942CA10C94BE5661E083E510
:10D0A0000E94CC1F81270E94657D0C94BE560E9471
:10D0B00092920C94BE560E9444520C94BE560E940A
:10D0C0007635082F87FF02C00C94BE5685E50E9476
:10D0D000801A882361F10E94EE1F4B015C01E02E53
:10D0E000002E000CFF0820E030E0A9010E94CCF4E3
:10D0F00087FF04C0B7FAB094B7F8B09420E030E0EE
:10D1000048E453E4C501B4010E94CCF4970153E014
:10D11000220F331F5A95E1F72C5A384F1816D4F1C5
:10D12000D90114968D929D92AD92BC9217978CE482
:10D130000E94801A882311F40C94BE560E94EE1FA0
:10D140006B017C01002E000C110B20E030E0A901E6
:10D150000E94CCF487FF04C0F7FAF094F7F8F0943B
:10D1600020E030E048E453E4C701B6010E94CCF46B
:10D17000980143E0220F331F4A95E1F72C5A384FAC
:10D18000181694F0D901CD92DD92ED92FC9213978E
:10D190000C94BE5680E090E0A8E4B3E4F9018483E7
:10D1A0009583A683B783C3CF80E090E0A8E4B3E47F
:10D1B000F90180839183A283B3830C94BE5680913E
:10D1C000420687FD09C080914306837029F481E0FF
:10D1D0000E94262B0C94BE563090BC0B4090BD0B89
:10D1E0005090BE0B6090BF0B7090C00B8090C10B35
:10D1F0002090C20BF091C30BF8A7C090C40BD09045
:10D20000C50BE090C60BF090C70B88E50E94801A12
:10D21000182F882309F48AC00E94EE1F962EA72E8D
:10D22000B82E092F20E030E046E953EC0E94CCF400
:10D2300087FD0DC020E030E046E953E4692D7A2DEA
:10D240008B2D902F0E94F5EB18160CF071C064ED39
:10D250007EEF8EE390E10E94AE356CE271E089E3EF
:10D2600090E10E94AE3586E390E10E94F72A10E03B
:10D2700089E50E94801A882361F10E94EE1F962E94
:10D28000A72EB82E092F20E030E046E953EC0E948B
:10D29000CCF487FD0DC020E030E046E953E4692D71
:10D2A0007A2D8B2D902F0E94F5EB18160CF044C0B0
:10D2B00064ED7EEF84E290E10E94AE356CE271E0B5
:10D2C0008FE190E10E94AE358CE190E10E94F72A57
:10D2D00010E08AE50E94801A882399F10E94EE1FCF
:10D2E0006B017C0120E030E040EA51EC0E94CCF47C
:10D2F00087FD0AC020E030E040EA51E4C701B601F2
:10D300000E94F5EB1816ECF46CEE7FEF8AE090E1EA
:10D310000E94AE3564E170E085E090E10E94AE3598
:10D3200082E090E10E94F72A0C94BE5611E0A0CF53
:10D33000392C2501602E9CCF792C8A2C2B2C08A708
:10D34000C8CF112311F40C94BE56832D942DA52D16
:10D35000B62D8093BC0B9093BD0BA093BE0BB093E6
:10D36000BF0B872D982DA22DB8A58093C00B90934D
:10D37000C10BA093C20BB093C30BC092C40BD0924D
:10D38000C50BE092C60BF092C70B0C94BE5683E01F
:10D39000809354091092240A60E083E50E94CC1F18
:10D3A00081110C94BE56E0915A0222E6E29FF001F0
:10D3B0001124E354FD4F80810E94772B0C94BE56BC
:10D3C0008091400690914106A0914206B09143069B
:10D3D000892B8A2B8B2B29F481E00E948C2D0C94B5
:10D3E000BE5683E50E94321A882311F40C94BE566F
:10D3F0000E94BD1F809353070E9492370C94BE5623
:10D400000E944F27882311F40C94BE568091400649
:10D4100090914106A0914206B0914306AC01BD0136
:10D4200032E176956795579547953A95D1F740FF44
:10D4300006C061E088EF0E94AC940C94BE5622E0D6
:10D44000B695A795979587952A95D1F780FF12C035
:10D450000E943127809127078350823010F00C946E
:10D46000BE5660E083E00E946EC085E0809355095F
:10D470000C94BE560E94E2DB0C94BE560E94A4D8C7
:10D4800081110C94BE560C940F5F111107C011E06E
:10D4900000914306017001130C948F578C2D8170FD
:10D4A000012F81130C948F5711E001E0992493947C
:10D4B00082E50E94801A882309F4CEC00E94EE1FE4
:10D4C0002B013C0120E030E0A9010E94F5EB88230C
:10D4D000A1F0FF24F39420912D0A30912E0A40915F
:10D4E0002F0A5091300AC301B2010E94A6F240E017
:10D4F000FF2019F020E00E946E8C112319F080E0CB
:10D500000E945B8F002319F081E00E945B8F9920BD
:10D5100011F40C949E578091400690914106A09181
:10D520004206B091430667E0B695A7959795879513
:10D530006A95D1F780FD8BC083E00E9467A48111BA
:10D540000C94B3570E94678D80912D0A90912E0AFA
:10D55000A0912F0AB091300A8CA79DA7AEA7BFA7B4
:10D560008093360790933707A0933807B093390715
:10D570000091C80B1091C90BD8012D913D914D918F
:10D580005C9160E070E086E193E40E94A5F22B01DB
:10D590003C0140922E0750922F0760923007709204
:10D5A0003107F801248135814681578160E070E0C0
:10D5B00086E193E40E94A5F268A779A78AA79BA7B2
:10D5C0006093320770933307809334079093350745
:10D5D00027E137EB41ED58EB0E94CCF487FF02C006
:10D5E0000C94945723E030E046E953E468A579A50C
:10D5F0008AA59BA50E94F5EB181614F40C94945779
:10D6000027E137EB41ED58EBC301B2010E94CCF4A6
:10D6100087FF02C00C94945723E030E046E953E4BE
:10D62000C301B2010E94F5EB181614F40C94945740
:10D63000A12CB12C6501ECA4FDA40EA51FA528A565
:10D6400039A54AA55BA5C301B2010E94AD8B82E05A
:10D650000E945B8F0C949E57F12E111103C0F92C80
:10D660000111F02E4091C60741110DC084E00E94C7
:10D67000148A412C512C70E8672E70E4772E882391
:10D6800009F429CF41E060E070E080E890E430CF19
:10D690000E941D2B88E89FE00E94F72A0C94BE563A
:10D6A000882309F4F4CE00CFDF92EF92FF920F931C
:10D6B0001F93CF93DF93EC01E0907009F090710914
:10D6C0008AE0D82E6AE070E0CE010E94ABF58C01B2
:10D6D000009711F0FC011082CE010E94982581E094
:10D6E0000E9452560115110519F0E801D992EACFAE
:10D6F000C701DF91CF911F910F91FF90EF90DF90C5
:10D700000C949825CF92DF92EF92FF920F931F9384
:10D71000CF93DF93CDB7DEB7C156D1090FB6F894DA
:10D72000DEBF0FBECDBF8C01C0907009D0907109D3
:10D730006AE070E0C8010E94DDEA7C01801B910B69
:10D74000E114F10419F4C8010E9403EB1982A296B6
:10D750001FAEA297AC018036910514F040E650E070
:10D760004F5F5F4FB801CE0101960E94EFEACE01F4
:10D7700001960E94982581E00E945256E114F1041E
:10D7800021F087010F5F1F4FD3CFC6010E9498255C
:10D79000CF59DF4F0FB6F894DEBF0FBECDBFDF917C
:10D7A000CF911F910F91FF90EF90DF90CF90089550
:10D7B0004F925F926F927F928F929F92AF92BF92A1
:10D7C000CF92DF92EF92FF920F931F93CF93DF934D
:10D7D000CDB7DEB7EE970FB6F894DEBF0FBECDBF64
:10D7E00088E0E5E2FAE0DE01909601900D928A95DC
:10D7F000E1F788E50E94801A882381F00E94EE1FDD
:10D8000020915A0930915B0940915C0950915D0962
:10D810000E94A5F268A379A38AA39BA389E50E942D
:10D82000801A882381F00E94EE1F20915E093091BA
:10D830005F0940916009509161090E94A5F26CA3B3
:10D840007DA38EA39FA3CE0180960E9442C588230C
:10D8500009F4DBC080E00E94C4270E94668B80EC44
:10D8600090E150DF61E085E40E94CC1F2CA13DA136
:10D870004EA15FA12FAB38AF49AF5AAF48A059A016
:10D880006AA07BA0E12C082FC301B2010E9474C6DC
:10D890006B017C01AC019B010E9454F5811187C092
:10D8A00020915A0930915B0940915C0950915D09C2
:10D8B000C301B2010E94A6F24B015C0120915E09F6
:10D8C00030915F0940916009509161096FA978AD6D
:10D8D00089AD9AAD0E94A6F26BAF7CAF8DAF9EAFC3
:10D8E0004FE150E069EB70E1CE0101960E94EFEA52
:10D8F0008AAA9BAAACAABDAA82E08EABBE016E5CCE
:10D900007F4FCE0101960E94FC1E5C01DC010D9050
:10D910000020E9F7CD0101978A199B098E31910505
:10D9200050F44FE150E0481B590B65EB70E18A0D54
:10D930009B1D0E94EFEA2BAD3CAD4DAD5EAD2DA71A
:10D940003EA74FA758AB82E089ABBE01635D7F4F16
:10D95000C5010E94FC1E5C01C8A6D9A6EAA6FBA6CA
:10D9600083E08CA7D5010D900020E9F7CD01019748
:10D970008A199B098E31910550F44FE150E0481B04
:10D98000590B61EB70E18A0D9B1D0E94EFEABE010D
:10D99000685D7F4FC5010E94FC1ECE0101960E946A
:10D9A0000E2740E060E0CE0101960E94BA920E94EC
:10D9B0004D8BE0902D0AF0902E0A00912F0A1091C5
:10D9C000300AA12CB12C65012FA938AD49AD5AAD53
:10D9D000C301B2010E94AD8B0E94B58DEE960FB6C9
:10D9E000F894DEBF0FBECDBFDF91CF911F910F9195
:10D9F000FF90EF90DF90CF90BF90AF909F908F906F
:10DA00007F906F905F904F90089580EA90E10E9420
:10DA1000F72A0E94232B80EA90E10E94C1C1DECF49
:10DA20001F93CF93DF9380915A0292E6899FE00182
:10DA30001124FE01E354FD4F208190E0283028F4AA
:10DA400091E001C0990F2A95EAF710911E13909367
:10DA50001E1380939109C45ADD4F8091CF0980FF36
:10DA600005C00E94202BCE010E940E27CE010E94ED
:10DA7000982580E00E94525610931E13DF91CF919B
:10DA80001F9108950F931F93CF93DF93CDB7DEB708
:10DA900060970FB6F894DEBF0FBECDBF8C01DC01DE
:10DAA000ED91FC910280F381E02DBE016F5F7F4F0D
:10DAB0001995882309F464C08981807CC9F56F8138
:10DAC000637070E0762F6627770F770F8885B4E054
:10DAD0008B9FC0011124682B792B898582958695AF
:10DAE00086958370682B6F5F7F4F90E080E02A857A
:10DAF0002370220F3B8537FB332730F9232B3E81E0
:10DB00003F70230F3327331F2750310904C0660F9E
:10DB1000771F881F991F2A95D2F760960FB6F89441
:10DB2000DEBF0FBECDBFDF91CF911F910F91089542
:10DB3000803419F568856695669570E090E080E020
:10DB4000CB01772766272A85622B098510E0102FE5
:10DB50000027012E000C220B330B602B712B822B24
:10DB6000932B6F5F7F4F8F4F9F4F4AE0660F771F5A
:10DB7000881F991F4A95D1F7D0CF8BE0F801848395
:10DB800060E070E0CB01C9CF0895FC018281089567
:10DB9000CF93DF93C0919A0BD0919B0B81E0CE3154
:10DBA000D105E4F020E030E040E05FE36091960BC7
:10DBB0007091970B8091980B9091990B0E94A6F20F
:10DBC0000E94EAF36C1B7D0B77FF03C07195619592
:10DBD000710981E0653071050CF080E0DF91CF9133
:10DBE0000895FC0190E1A1E7B8E001900D929A95AB
:10DBF000E1F708950F931F9320912102203148F0FF
:10DC0000F4E09695879577956795FA95D1F72295E3
:10DC10002F70243048F0E2E09695879577956795C8
:10DC2000EA95D1F726952695223020F0969587958E
:10DC300077956795611528E0720781059105C8F011
:10DC400081114BC023E0729FA001112441535D4D0F
:10DC5000FA0125913491FA013296E4916E9F412D9B
:10DC60001124000C411DC901841B91091F910F91C2
:10DC70000895613271058105910550F16052710975
:10DC8000810991098B019C0183E0369527951795B1
:10DC900007958A95D1F7000F111F000F111F01532F
:10DCA000114EF80125913491F80132964591549125
:10DCB0006770649FC001659F900D112443E09695A5
:10DCC00087954A95E1F7A901481B590BCA01CECFA8
:10DCD000EFECFEE185919491C9CF8EE190E0C6CF43
:10DCE00090916F0081E091FD02C080E008959091D5
:10DCF0006F009D7F90936F000895FC017081472F06
:10DD000050E0062E02C0559547950A94E2F740FF71
:10DD100014C040912D0750E0062E02C0559547953E
:10DD20000A94E2F740FF09C021E030E001C0220F71
:10DD30006A95EAF72095272320830895DC01ED9169
:10DD4000FC911197208130E012968C91F90102C06C
:10DD5000F595E7958A95E2F7CF0181700895809156
:10DD6000590281110DC08091120990911309892BDC
:10DD700039F481E090911409911103C080E0089575
:10DD800081E008959B01692F782F832F922F0895AA
:10DD9000CF93DF93FC019281992369F0C481D581EF
:10DDA000209749F0923051F0943071F0913019F48D
:10DDB000FB0180818883DF91CF910895FB018081F1
:10DDC000918198278927F6CFFB016081718182813B
:10DDD0009381D8DF6883EFCF9B01692F782F832F42
:10DDE000922F08950895089510929D0681E0089558
:10DDF0001092A00688EC90E090930D0280930C02A4
:10DE000081E008958FEF809310028AE090E0909374
:10DE10000B0280930A0281E00895E7E7F6E01182A1
:10DE200010821382128281E00895CF93DF93C09114
:10DE30009A0BD0919B0B209729F16091960B7091D2
:10DE4000970B8091980B9091990B0E94EAF36E5F6B
:10DE50007F4F26976C177D07ACF47093E3076093B0
:10DE6000E2070E941ECB60547B428E4F9F4F60930F
:10DE7000E4077093E5078093E6079093E707DF9147
:10DE8000CF9108951092E4071092E5071092E607EB
:10DE90001092E707F4CFCF93C82F22DF94E0C99FF9
:10DEA00090011124F901EB59F74F2F58374FD90141
:10DEB0004D915D916D917C91408351836283738319
:10DEC00091E090936408882319F0CF910C94DA2A9A
:10DED000CF910895CF93DF9300D0CDB7DEB7809177
:10DEE000FE0778998DC081608093FE078091FE07C0
:10DEF000029988C082608093FE0790910001809112
:10DF0000FE0793FD81C084608093FE078091FE0729
:10DF10009091FD07981709F479C092E09093FC075F
:10DF20008093FD0780910409811105C080915909F2
:10DF3000882309F478C08BEB9BE09A8389831B824A
:10DF4000CE010196FBDE8823A1F08AEB9BE09A8349
:10DF50008983CE010196F2DE81110BC08091FB070F
:10DF600080FF07C08091570981608093570980E046
:10DF700092DF8BEB9BE09A83898381E08B83CE01D8
:10DF80000196DCDE8823A1F08AEB9BE09A838983EB
:10DF9000CE010196D3DE81110BC08091FB0781FF7A
:10DFA00007C08091570982608093570981E073DF31
:10DFB0008BEB9BE09A83898382E08B83CE01019671
:10DFC000BDDE882381F18AEB9BE09A838983CE01B1
:10DFD0000196B4DE811127C080915909882319F177
:10DFE0008091FB0782FF1FC0809157098460809356
:10DFF000570982E00F900F900F90DF91CF914BCF98
:10E000008E7F72CF8D7F77CF8B7F7ECF8091FC0705
:10E01000882309F487CF81508093FC07811182CF38
:10E020009093FB077FCF0F900F900F90DF91CF91D0
:10E0300008954091C50721E0422761E070E00C940B
:10E04000C6C34091C50721E042276CE070E00C9404
:10E05000C6C34091C50721E0422762E070E00C94FE
:10E06000C6C34091C50721E0422761E070E00C94EF
:10E07000C6C34091C50721E0422768E070E00C94D8
:10E08000C6C34091C50721E042276CE070E00C94C4
:10E09000C6C34091C50721E0422764E070E00C94BC
:10E0A000C6C341E061E070E00C94C6C341E062E0A9
:10E0B00070E00C94C6C34091C50721E042270C9440
:10E0C000C6C364E070E00C94B7CA62E070E00C94E0
:10E0D000B7CA61E070E00C94B7CA61E070E00C94DC
:10E0E000B7CA6CE070E00C94B7CACF93C82FCB01CD
:10E0F0000E94F72A6FE57BE1CC2311F064E67BE117
:10E100008EE69BE1CF910C94832D0E94AF2788234C
:10E1100029F081E0809311080E94C42781E00895CE
:10E120008091790B83FD28C00E942837882331F124
:10E130008091710B9091720BA091730BB091740B45
:10E140000097A105B105D1F0BC01CD016D597F4FFC
:10E150008F4F9F4F24E630E040E050E00E941FF2D6
:10E160006091750B7091760B8091770B9091780B85
:10E170000E941FF2822F089584E6089580E008959A
:10E180000F931F93CF93DF9300D01F92CDB7DEB7CD
:10E190002091A006211126C08C0121E732EB47E235
:10E1A0005EE36091B60B7091B70B8091B80B9091C4
:10E1B000B90B0E945AEC20E030E048EC52E40E9497
:10E1C0005AEC0E94D8F408DEF8012081318169837D
:10E1D0007A838B839C8344E0BE016F5F7F4FC901CC
:10E1E0000E9485230F900F900F900F90DF91CF9199
:10E1F0001F910F910895CF93DF931F921F92CDB778
:10E20000DEB77A83698342E0BE016F5F7F4F0E9471
:10E2100085230F900F90DF91CF9108950F931F9357
:10E22000CF93DF9300D01F921F92CDB7DEB7DC01F2
:10E2300012969C911297992309F11496ED91FC91F5
:10E2400015973097D9F08D01923079F0943001F123
:10E250009130A1F420818D919C912D8341E0BE01EC
:10E260006B5F7F4F0E94852309C0608170E0762735
:10E2700067277627FD0180819181BDDF0F900F9088
:10E280000F900F900F90DF91CF911F910F910895F4
:10E29000608170E090E080E075DDF80120813181DF
:10E2A00069837A838B839C8344E0BE016F5F7F4FD9
:10E2B000C901D8CF0F931F93CF93DF9300D01F9244
:10E2C0001F92CDB7DEB7DC0112969C91129799236D
:10E2D00001F11496ED91FC9115973097D1F08D01D5
:10E2E000923079F09430F9F0913099F48D919C91BD
:10E2F00020812D8341E0BE016B5F7F4F0E9485230B
:10E3000008C0608171817627672776278D919C915F
:10E3100072DF0F900F900F900F900F90DF91CF91C1
:10E320001F910F9108956081718190E080E02ADD56
:10E33000F8012081318169837A838B839C8344E057
:10E34000BE016F5F7F4FC901D9CF0F931F93CF934A
:10E35000DF9300D01F921F92CDB7DEB7DC0112967B
:10E360009C9112979923B9F11496ED91FC91159710
:10E37000309789F18D019230D9F09430B1F191301C
:10E3800051F520E030E048EC52E4608171818281F7
:10E3900093810E945AEC0E94D8F4F8018081918107
:10E3A0006D8341E0BE016B5F7F4F0E94852313C0E8
:10E3B00020E030E048EC52E46081718182819381F9
:10E3C0000E945AEC0E94D8F4762767277627F80136
:10E3D0008081918110DF0F900F900F900F900F9020
:10E3E000DF91CF911F910F91089520E030E048EC2C
:10E3F00052E460817181828193810E945AEC0E9473
:10E40000D8F4C0DCF8012081318169837A838B8361
:10E410009C8344E0BE016F5F7F4FC901C6CF0F935D
:10E420001F93CF93DF9300D01F921F92CDB7DEB71B
:10E43000DC0112969C9112979923B9F11496ED91F3
:10E44000FC911597309789F18D019230D9F0943075
:10E45000B1F1913051F520E030E040E251E46081CB
:10E460007181828193810E945AEC0E94D8F4F80154
:10E47000808191816D8341E0BE016B5F7F4F0E947F
:10E48000852313C020E030E040E251E460817181D7
:10E49000828193810E945AEC0E94D8F476276727E4
:10E4A0007627F80180819181A6DE0F900F900F9062
:10E4B0000F900F90DF91CF911F910F91089520E061
:10E4C00030E040E251E460817181828193810E9459
:10E4D0005AEC0E94D8F456DCF8012081318169831E
:10E4E0007A838B839C8344E0BE016F5F7F4FC901B9
:10E4F000C6CF0F931F93CF93DF9300D01F921F922D
:10E50000CDB7DEB7DC0112969C911297992301F1E9
:10E510001496ED91FC9115973097D1F08D019230C2
:10E5200079F09430F9F0913099F48D919C9120819B
:10E530002D8341E0BE016B5F7F4F0E94852308C0A1
:10E54000608171817627672776278D919C9153DEB4
:10E550000F900F900F900F900F90DF91CF911F9120
:10E560000F91089560817181072E000C880B990B23
:10E5700009DCF8012081318169837A838B839C8354
:10E5800044E0BE016F5F7F4FC901D7CF60911F028A
:10E5900070E0762767277627FC01808191812BCE5A
:10E5A000CF93DF93EC010E942624682F70E0782738
:10E5B0006727762788819981DF91CF911CCEFC0156
:10E5C000808191818115904491F480911F1224E6FD
:10E5D000829FC001112481589F4F6FEF70E00E940D
:10E5E0008AF276276727762780E090E404CE0895A4
:10E5F000FC019091A006992339F0913069F09F3F7A
:10E6000071F461E070E002C062E070E07627672795
:10E61000762780819181EFCD64E070E0F7CF089597
:10E62000FC01909110029F3F34F019162CF462E027
:10E6300070E0913019F0089561E070E07627672767
:10E64000762780819181D7CDDC011496ED91FC91E4
:10E65000309789F0E08170E060E0E43028F4F0E089
:10E66000E058FB4F608170E0762767277627FC0132
:10E6700080819181C0CD0895FC0190911708977019
:10E6800070E060E011F060E071E080819181B3CDD5
:10E69000FC01808191818E3FF0E39F0739F062E2B7
:10E6A00071E0813021E3920719F0089569E670E086
:10E6B0007627672776279FCDFC0180819181893F4E
:10E6C000904351F4609117027091180276276727E2
:10E6D000762789EF90E38FCD0895FC0180819181A9
:10E6E000873FF0E39F0721F08115904531F00895B1
:10E6F00017DD682F70E0853610F064E670E076274D
:10E700006727762787EF90E376CD0F931F93CF93FC
:10E71000DF9300D01F92CDB7DEB72091A006211164
:10E7200026C08C0121E732EB47E25EE36091B20B39
:10E730007091B30B8091B40B9091B50B0E9482F352
:10E7400020E030E048EC52E40E945AEC0E94D8F4F9
:10E7500043DBF8012081318169837A838B839C8339
:10E7600044E0BE016F5F7F4FC9010E9485230F9077
:10E770000F900F900F90DF91CF911F910F910895FF
:10E780000F931F93CF93DF9300D01F92CDB7DEB7C7
:10E790002091A006211120C08C0120E030E048EC3F
:10E7A00052E46091AE0B7091AF0B8091B00B9091E1
:10E7B000B10B0E945AEC0E94D8F40EDBF8012081C4
:10E7C000318169837A838B839C8344E0BE016F5FD0
:10E7D0007F4FC9010E9485230F900F900F900F90DB
:10E7E000DF91CF911F910F9108957F928F929F9209
:10E7F000AF92BF92CF92DF92EF92FF920F931F934F
:10E80000CF93DF93CDB7DEB7E2970FB6F894DEBFB4
:10E810000FBECDBF6C01CE0101967C0110E000E07F
:10E820004C0195E0A92EB12C25E0722EC801B5014E
:10E830000E948AF2789EF001799EF00D1124E60F75
:10E84000F71FEE0FFF1FEE0FFF1FEF59F84F20E0ED
:10E8500030E04AE754E460817181828193810E94B3
:10E860005AEC0E94D8F4762767277627F701619340
:10E8700071937F010F5F1F4F09311105B9F642E314
:10E88000B401F601808191810E948523E2960FB642
:10E89000F894DEBF0FBECDBFDF91CF911F910F91D6
:10E8A000FF90EF90DF90CF90BF90AF909F908F90B0
:10E8B0007F900895EF920F93FC014281442361F011
:10E8C000648175816115710539F0E12C00E021E06A
:10E8D000808191810E94A1220F91EF900895EF9283
:10E8E0000F93EE24E39400E021E0FC0142816EE00E
:10E8F0007BE1808191810E94A1220F91EF90089588
:10E90000EF920F93EE24E39400E021E0FC014281BA
:10E910006CE07BE1808191810E94A1220F91EF90B8
:10E920000895EF920F93EE24E39400E021E0FC01C0
:10E9300042816AE07BE1808191810E94A1220F9156
:10E94000EF900895EF920F93FC014281442361F010
:10E95000648175816115710539F0E12C00E021E0D9
:10E96000808191810E94F3220F91EF9008958F9200
:10E970009F92AF92BF92CF92DF92EF920F93CF937D
:10E98000DF93CDB7DEB75C018DB69EB6FC019281F8
:10E990002DB73EB7291B31090FB6F8943EBF0FBE05
:10E9A0002DBFEDB7FEB731966F0181E08F9320E95F
:10E9B0002F938F932CE22F938F932F9321E03BE1A2
:10E9C0003F932F931F929F93DF92EF930E9452EBFE
:10E9D000EE24E39400E021E0F5014281B60180815C
:10E9E00091810E94F3222DB73EB7245F3F4F0FB6AF
:10E9F000F8943EBF0FBE2DBF0FB6F8949EBE0FBE5B
:10EA00008DBEDF91CF910F91EF90DF90CF90BF90AF
:10EA1000AF909F908F900895CF93DF93EC0146E0E5
:10EA200065E082E10E94D94F70E060E088819981C1
:10EA3000DF91CF91E0CBCF93DF93EC0180918809F8
:10EA400045E065E0882369F08DE00E94075061E0B1
:10EA500070E076276727762788819981DF91CF91AB
:10EA6000CACB8DE00E94D94F70E060E0F2CF8230D7
:10EA7000910571F034F40097A1F042E0019749F05C
:10EA800008958330910559F045E0049711F00895F9
:10EA900043E0662341F065E082E00C94075044E0D7
:10EAA000F8CF41E0F6CF65E082E00C94D94FEF92C9
:10EAB0000F93CF93DF93EC0180910E0290910F02A0
:10EAC00097FF09C085E49EE2892BF1F4DF91CF9195
:10EAD0000F91EF9008950E94B8D3882399F3809105
:10EAE000390B62E779E0882311F069E37BE0611577
:10EAF000710561F3EE24E39400E021E04A8188810E
:10EB000099810E94F322E2CFEE24E39400E021E019
:10EB10004A8165E47EE2888199810E94A122D6CF54
:10EB2000EF920F93CF93DF93EC0188819981853623
:10EB300020E39207B9F160F4853220E39207B1F146
:10EB40008534904371F0DF91CF910F91EF9008954C
:10EB5000853820E3920741F1853A9043A1F784E09C
:10EB600001C081E020919E0630919F06820F932F75
:10EB7000911D0E94B8D38823D9F08091390B62E7A8
:10EB800079E0882311F069E37BE061157105D9F222
:10EB9000EE24E39400E021E04A81888199810E947B
:10EBA000F322D1CF82E0DECF83E0DCCF80E0DACF8A
:10EBB00085E49EE2009739F2EE24E39400E021E040
:10EBC0004A81BC01888199810E94A122BCCFAF9269
:10EBD000BF92CF92DF92EF92FF920F931F93CF934A
:10EBE000DF9300D000D000D01F92CDB7DEB76C010C
:10EBF000CE0101967C0110E000E05C0180919E0650
:10EC000090919F06800F911F0E94B8D3811126C05A
:10EC1000F7011182108260E0C80129DF0F5F1F4FEA
:10EC2000F2E0EF0EF11C0530110541F74AE0B501A5
:10EC3000F601808191810E9485232A960FB6F8946F
:10EC4000DEBF0FBECDBFDF91CF911F910F91FF901F
:10EC5000EF90DF90CF90BF90AF9008958091790BA7
:10EC600085FD07C080E091E0F7019183808361E03A
:10EC7000D3CF80E092E0F8CFEF92FF920F931F93F3
:10EC8000CF93DF937C018091790B46E065E086FDB0
:10EC90002EC082E00E940750C1E0D0E080919E0625
:10ECA00090919F06892B49F1C26047E065E082E0C0
:10ECB0000E94075000919E0610919F060B5F1F4F08
:10ECC0000E946BD308171907F0F4C46048E065E0B0
:10ECD00082E00E9407507C2F6D2FF7018081918187
:10ECE000DF91CF911F910F91FF90EF9084CA82E046
:10ECF0000E94D94FD0E0C0E0D1CF47E065E082E08C
:10ED00000E94D94FD7CF48E065E082E00E94D94FFA
:10ED1000E2CF8091790B86FD03C00E944ACDF9CFE6
:10ED200010929F0610929E068FEF9FEF90930F0216
:10ED300080930E0281E008958F929F92AF92BF92CE
:10ED4000DF92EF92FF920F931F93CF93DF9300D048
:10ED500000D000D01F92CDB7DEB7F82ED62E6111AD
:10ED6000109228070CE61AE143E050E0B801CE010A
:10ED700001960E94C9EA8A819B81009741F029810E
:10ED8000F21629F00D5F1F4F79F790E080E08C01BB
:10ED90000115110509F456C0F80185919491009769
:10EDA00009F450C0BE016F5F7F4F0E949E238823ED
:10EDB00009F445C089859A85892B09F440C0D11092
:10EDC00003C08C8180FF3BC0EB8026E0E20E0E94F6
:10EDD0001ECB4B015C0138EE830E33E0931EA11C69
:10EDE000B11CF12C8091460690914506891B990B28
:10EDF0009C012150310937FF02C02F5C3F4F2E1577
:10EE00001F04C0F40E941ECBA5019401261B370BE2
:10EE1000480B590BDA01C901181619061A061B0608
:10EE200024F50E949A4F62E370E080E090E00E9437
:10EE300084CAD8CFE985FA85CE01019619950E5F6F
:10EE40001F4FA6CF81E02A960FB6F894DEBF0FBE03
:10EE5000CDBFDF91CF911F910F91FF90EF90DF9089
:10EE6000BF90AF909F908F90089580E0ECCFDC0131
:10EE7000680F791F90E080E02D91E92FFF27E227AE
:10EE8000EE0FFF1FE857F84D25913491982F8827F2
:10EE9000822793276A177B0779F70895CF93DF932B
:10EEA000EC018D810E941F5160E08B81DF91CF9139
:10EEB0000C94F8C961E0FC0183810E94F8C98FEFCE
:10EEC0000C941351EF92FF921F93CF93DF93EC01B9
:10EED0007B01E4DF0E94A7CC182F81110BC085E1D4
:10EEE0008C83CE01E7DF812FDF91CF911F91FF90BF
:10EEF000EF900895A7016CEFCE010E940AD7182F5A
:10EF0000F0CF8F929F92AF92BF92CF92DF92FF92FB
:10EF10000F931F93CF93DF93EC018B016A010E9443
:10EF20001ECB4B015C012CE2820E21E0921EA11C43
:10EF3000B11C0E9418518E838F3F99F40E941ECB02
:10EF4000A5019401261B370B480B590BDA01C901A7
:10EF5000181619061A061B0664F381E18C8310E06B
:10EF600028C08E3F09F03EC0C60101972FEF2EBD8D
:10EF7000F8014FEF0DB407FEFDCF2EB521934EBD26
:10EF80009F01201B310B28173907A0F30DB407FE92
:10EF9000FDCF2EB5800F911FFC0120830E941851D8
:10EFA000F82E0E941851B82E80912502811110C0B0
:10EFB00011E0CE017FDF812FDF91CF911F910F9163
:10EFC000FF90DF90CF90BF90AF909F908F9008956B
:10EFD000B601C8014CDF3F2D2B2D8217930741F35B
:10EFE0008BE1BCCF8FE0BACF0F931F93CF93DF930A
:10EFF000EC018B0153DF40E052E0B801CE01DF911C
:10F00000CF911F910F917DCFAF92BF92DF92EF9280
:10F01000FF920F931F93CF93DF9300D000D0CDB713
:10F02000DEB77C01D62E122F032FB42EA52E36DF8D
:10F030000E94A7CC1E821D828D2D80648983AA82A6
:10F04000BB820C831D838E010F5F1F4FCE0106967E
:10F05000D801E0E02D91F0E0EE0FFF1FE227E2592A
:10F06000F94DE491A817B907A9F7EE0FE160EE8317
:10F07000580186E0A80EB11CF80181918F010E9411
:10F0800013510A151B05C1F7FCE0DF1202C00E94F4
:10F09000185110E00E941851F701868387FF04C0C1
:10F0A0001F3F11F01F5FF6CF26960FB6F894DEBF14
:10F0B0000FBECDBFDF91CF911F910F91FF90EF90C9
:10F0C000DF90BF90AF9008950F931F93CF93DF937E
:10F0D000EC0189018F81833039F089E0440F551F9D
:10F0E000661F771F8A95D1F79A01AB0168E1CE01BF
:10F0F0008BDF882321F086E08C8310E008C0A80114
:10F100006EEFCE010E940AD7811109C011E0CE0135
:10F11000D1DE812FDF91CF911F910F9108950E9431
:10F12000A7CC182F811103C087E18C83F0CF20E09A
:10F1300030E0A9016DE0CE0167DF811104C00E94BB
:10F140001851882319F386E1D7CF1F93CF93DF930C
:10F15000EC01A4DE20E030E0A9016CE0CE0154DF38
:10F1600011E0882319F010E083E08C83CE01A2DE49
:10F17000812FDF91CF911F9108951F93CF93DF933C
:10F18000EC018F81833039F089E0440F551F661FF1
:10F19000771F8A95D1F79A01AB0162E1CE0134DF86
:10F1A00011E0882319F010E085E08C83CE0182DE27
:10F1B000812FDF91CF911F910895AF92BF92CF928F
:10F1C000DF92EF92FF920F931F93CF93DF93EC01A7
:10F1D0006A017B0159018F81833039F089E0CC0CC1
:10F1E000DD1CEE1CFF1C8A95D1F713E004E0A7019B
:10F1F000960161E1CE0108DF882369F00C83CE011E
:10F2000059DE1150D1F020E030E0A9016CE0CE01D0
:10F21000FBDE1C82ECCF40E052E0B501CE0171DE96
:10F22000882369F3DF91CF911F910F91FF90EF90A9
:10F23000DF90CF90BF90AF90089580E0F3CF8F9292
:10F240009F92AF92BF92CF92DF92EF92FF920F9375
:10F250001F93CF93DF93EC01162F1F821C824B83E9
:10F260000E941ECB6B017C0120EDC20E27E0D21E56
:10F27000E11CF11CA89561E08B810E94F8C98B818B
:10F2800090E0FC01E754F24D24918D58924DFC0121
:10F290008491882399F090E0880F991FFC01E2592E
:10F2A000F84DA591B491FC01E75AF24D85919491E6
:10F2B0008FB7F894EC912E2B2C938FBF209A289A1D
:10F2C000219A2398229A81E00E941F5185E08D8324
:10F2D0000E941F510AE08FEF0E9413510150D9F78D
:10F2E000A89520E030E0A90160E0CE018DDE8E839C
:10F2F0008130B1F00E941ECBA7019601261B370B6F
:10F30000480B590BDA01C901181619061A061B0613
:10F3100044F381E08C83CE01CDDD1A8280E081C090
:10F3200021E030E040E050E06BE3CE016DDE91E0A3
:10F33000813009F090E090932502A8952AEA31E007
:10F3400040E050E068E0CE015FDE853069F581E0A5
:10F350008F83A8958F81812C912C5401823029F4C0
:10F36000812C912CA12C80E4B82E20E030E0A90162
:10F3700067E3CE0149DEA501940169E2CE0144DED6
:10F380008E83882369F10E941ECBA7019601261B5C
:10F39000370B480B590BDA01C901181619061A0662
:10F3A0001B061CF38AE0B6CF04E00E9418518E833E
:10F3B0000150D9F78A3A11F482E0CACF0E941ECBDD
:10F3C000A7019601261B370B480B590BDA01C9011F
:10F3D000181619061A061B060CF4B0CF82E09ACF55
:10F3E0008F818230B9F420E030E0A9016AE3CE01D8
:10F3F0000BDE882311F088E08DCF0E941851807CAD
:10F40000803C11F483E08F830E9418510E941851B0
:10F410000E941851CE014EDD81E08A83173070F4CE
:10F420001D83DF91CF911F910F91FF90EF90DF909F
:10F43000CF90BF90AF909F908F90089588E18C837C
:10F440006DCF0F931F93CF93DF93EC018B0120E0DF
:10F4500030E0A90169E0D8DD811109C040E150E048
:10F46000B801CE01DF91CF911F910F914ACD80E17C
:10F470008C83CE011FDD80E0DF91CF911F910F9132
:10F480000895EF92FF920F931F93CF93DF93CDB721
:10F49000DEB72C970FB6F894DEBF0FBECDBF8C0140
:10F4A0007F936F935F934F938BED94E09F938F9334
:10F4B0009E012F5F3F4F79013F932F930E94D6F516
:10F4C000F80101900020E9F7CF010197801B910B13
:10F4D0000FB6F894DEBF0FBECDBF8431910548F45E
:10F4E00045E150E0481B590BB701800F911F0E9466
:10F4F0003EEBC8012C960FB6F894DEBF0FBECDBF11
:10F50000DF91CF911F910F91FF90EF90089580911F
:10F5100024028F37C8F18F5790919C0B90939408D9
:10F52000992381F1A59A9091D807909393089923F4
:10F53000A1F1759A8F5F809324028091920891E0E7
:10F5400089278093920880912302980F85300CF0D0
:10F5500090E0823009F46EC014F58823B1F1813057
:10F5600009F45DC0909323020E946A6F8091C609DE
:10F570009091C709009729F001979093C70980934C
:10F58000C6090895A598CFCF90919408891708F0DF
:10F59000A59890919308891768F27598CBCF84301D
:10F5A00009F460C00CF459C08530E1F6209191084F
:10F5B000211102C08093910880919108815080931D
:10F5C0009108882379F295E0CDCF809122028F5F58
:10F5D00080311CF480932202C5CF109222028091C8
:10F5E000CD07811113C02091920B3091930B309372
:10F5F000950B2093940B2091CE073091CF07309339
:10F60000D1072093D00781E08093CD071092930B10
:10F610001092920B1092CF071092CE07A3CF1092A8
:10F620007B0081E480937C0080917A0080648093E9
:10F630007A0098CF80917A0086FD27C040917800AB
:10F64000509179002091920B3091930B240F351F2C
:10F650003093930B2093920B85CF88E080937B00AF
:10F6600086E4E0CF80917A0086FD11C04091780059
:10F67000509179002091CE073091CF07240F351F8C
:10F680003093CF072093CE076DCF92E06BCF94E0FD
:10F6900069CF0F930FB70F9300916E000D7F00930A
:10F6A0006E0078940F930BB70F930CB70F921F92C5
:10F6B0002F933F934F935F936F937F938F939F937A
:10F6C000AF93BF93EF93FF93112421DFFF91EF914D
:10F6D000BF91AF919F918F917F916F915F914F916A
:10F6E0003F912F911F900F900CBF0F910BBF0F9167
:10F6F0000260F89400936E000F910FBF0F91189560
:10F70000CF93DF93C2E9DBE0198618861092E107F8
:10F710000E94156F1A86A598CEECD7E01986188638
:10F720000E9483241A867598DF91CF9108958F9255
:10F730009F92AF92BF92CF92DF92EF92FF920F9380
:10F740001F93CF93DF93B4E4A0E06A2F70E0AB0186
:10F750004B0F511D55954795411119C0E2E0FBE251
:10F7600065917491072E000C880B990B0E94FBEB9E
:10F77000DF91CF911F910F91FF90EF90DF90CF908D
:10F78000BF90AF909F908F900895B42FE0CFA417B3
:10F7900011F0B41303C0EEE0FCE2E2CF9A01215075
:10F7A0003109220F331F220F331FF901E050F54DAD
:10F7B000E590F490F901EC5FF44DC591D4918E156C
:10F7C0009F0518F3A42FC817D90708F4BECFF90175
:10F7D000EE5FF44D05911491F901EA5FF44DC59087
:10F7E000D4908E199F09BC0190E080E00E94F9EB53
:10F7F0004B015C01B601601B710B072E000C880BDE
:10F80000990B0E94FBEB9B01AC01C501B4010E9466
:10F810005AEC4B015C01CE19DF09BE0190E080E09B
:10F820000E94F9EB9B01AC01C501B4010E9482F377
:10F830006B017C01B801110F880B990B0E94FBEB47
:10F840009B01AC01C701B6010E94A6F291CFCF92F5
:10F85000DF92EF92FF926A017B010E94F72AC701B3
:10F86000B601FF90EF90DF90CF900C94A8C1CF939A
:10F87000DF93EC01488159816A817B818FEC95E2AD
:10F88000E6DF4C815D816E817F8187E290E3DFDF7F
:10F89000488559856A857B8583E290E3DF91CF9126
:10F8A0000C94672B0F930FB70F9300916E000F937B
:10F8B0000D7F00936E0000916F000D7F00936F002D
:10F8C0000F930BB70F930CB70F921F922F933F9389
:10F8D0004F935F936F937F938F939F93AF93BF9358
:10F8E000EF93FF931124BBD7FF91EF91BF91AF919D
:10F8F0009F918F917F916F915F914F913F912F9148
:10F900001F900F900CBF0F910BBF0F910260F894E6
:10F9100000936F000F9100936E000F910FBF0F9136
:10F920001895CF93DF9300D0CDB7DEB700C000C0ED
:10F930008AEB9BE09A8389831B82CE0101960E9409
:10F940009E6E90910801811101C0909591709093E5
:10F950000601811147C08FEF809318088AEB9BE066
:10F960009A83898381E08B83CE0101960E949E6EEB
:10F9700090910801811190959870909306018111E2
:10F9800033C08FEF809319088AEB9BE09A838983B9
:10F9900082E08B83CE0101960E949E6E90910801B9
:10F9A0008111909590789093060181111FC08FEF7F
:10F9B00080931A088AEB9BE09A83898383E08B8388
:10F9C000CE0101960E949E6E882391F08D9A81E06F
:10F9D00080931B0800C000C00F900F900F90DF9124
:10F9E000CF91089581E0B8CF81E0CCCF81E0E0CF26
:10F9F0008D988FEFEDCF80911708877F8093170840
:10FA00008B9A81E008958B98809117088860809385
:10FA10001708089521E030E0082E02C0220F331F9E
:10FA20000A94E2F7209530959091170829232093A6
:10FA30001708813061F020F0823071F081E0089584
:10FA40008E9A809158098E7F80935809F7CF749AC7
:10FA5000809158098D7FF8CF809108018095807141
:10FA600080930601809158098B7FEECF80E0D2DF32
:10FA700081E0D0DF82E0CEDFBECF8130B9F0A0F0F0
:10FA80008230B1F021E030E0082E01C0220F0A944C
:10FA9000EAF790911708922B90931708823019F487
:10FAA00081E08093C60708958E98ECCF7498EACFD2
:10FAB00090910801907190930601E4CF80E0DDDF22
:10FAC00081E0DBDF82E0D9DF9ECF8F929F92AF9201
:10FAD000BF92CF92DF92EF92FF920F931F93CF933B
:10FAE000DF93C82F41E062EC7EE10E94E82BC11158
:10FAF00002C00E94202B8AEB9EE10E94F72A8EE131
:10FB00009EE10E94F72A0E94232B8C2F0E94B7357A
:10FB100041E068EA7EE18C2F0E94E82BC11102C00F
:10FB20000E94202B8BE89EE10E94F72A8C2F0E94D6
:10FB30005D2D8C2F0E9408C48C2F0E94FF2C8C2FCF
:10FB40000E94262D8C2F0E94E02C8C2F0E94952C39
:10FB50008C2F0E94762C6AE37EE18C2F0E94FCC3DE
:10FB6000D09188090CE41EE1DD2311F000E51EE1CF
:10FB7000C0908909D0908A09E0908B09F0908C0997
:10FB800081E39EE10E94F72A8D2F0E942B278EE8A9
:10FB90009FE20E94F72A42E0C701B6010E94D4C149
:10FBA00084E29EE10E94F72AC8010E94F72A0E947F
:10FBB000232B0E94AF278823A9F181E6E82E87E056
:10FBC000F82ED0E0670110E0C11102C00E94202B86
:10FBD000F60180809180A280B38081E89EE10E943E
:10FBE000F72A812F0E94A9278EE79EE10E94F72A1B
:10FBF0008D2F0E94A9278EE89FE20E94F72A45E0F8
:10FC0000C501B4010E94D4C10E94232B1F5FF4E1FF
:10FC1000CF0ED11C1530C1F6DF5F84E0E80EF11C79
:10FC2000D53081F68C2F0E94292C8C2F0E948C2D90
:10FC30008C2F0E94262B8C2F0E94022C67E67EE1DF
:10FC40008C2F0E94FCC3C09120028EE59EE10E9491
:10FC5000F72A8C2F0E942B27809120026CE47EE1F2
:10FC6000882311F060E57EE183E59EE1DF91CF918D
:10FC70001F910F91FF90EF90DF90CF90BF90AF90CA
:10FC80009F908F900C94832D4F925F926F927F92F2
:10FC90008F929F92AF92BF92CF92DF92EF92FF929C
:10FCA000CF93DF9300D000D0CDB7DEB79E838D8396
:10FCB0000E94F4274B015C01AD81BE8118964D90E6
:10FCC0005D906D907C901B97AC019B01C301B201CC
:10FCD0000E94A5F26B017C018091890990918A09AB
:10FCE000A0918B09B0918C0989839A83AB83BC83E3
:10FCF00020E030E0A901BC01CD010E94F5EB882392
:10FD000049F020E030E0A901C701B6010E94F5EBFF
:10FD10001816ECF0AD81BE811896CD92DD92ED9271
:10FD2000FC921B9726960FB6F894DEBF0FBECDBF90
:10FD3000DF91CF91FF90EF90DF90CF90BF90AF9089
:10FD40009F908F907F906F905F904F900895298142
:10FD50003A814B815C81C301B2010E94CCF487FFE0
:10FD6000E1CF209184093091850940918609509115
:10FD70008709C501B4010E945AEC9B01AC0160E007
:10FD800070E080E89FE30E94A5F29B01AC01C701EF
:10FD9000B6010E9482F3ED81FE81608771878287C0
:10FDA0009387C0CFCF93DF9380914207811119C011
:10FDB000C0911D02D0911E02219720E030E040E06A
:10FDC0005FE36091960B7091970B8091980B9091E7
:10FDD000990B0E94A6F20E94EAF321E06C177D07BE
:10FDE0000CF020E0822FDF91CF910895AF92BF9267
:10FDF000CF92DF92EF92FF920F931F93CF93DF93F7
:10FE0000C0EDD9E002EA19E080EEA82E89E0B82E14
:10FE1000C12CD12C7601C3946991799189919991E2
:10FE20000E94F9EB288939894A895B890E945AEC3A
:10FE30000E94EFF3F80161937193819391938F0185
:10FE4000C616D706E806F90610F46B017C01AC165D
:10FE5000BD0611F76FEF7FEFCB01A70196010E945E
:10FE60001FF22093B2093093B3094093B409509321
:10FE7000B509DF91CF911F910F91FF90EF90DF9027
:10FE8000CF90BF90AF9008950F931F93CF93DF93C0
:10FE900004EE19E0C6EBD9E0F801219131914191CE
:10FEA00051918F0160E070E080E89FE30E9482F34F
:10FEB0006993799389939993F9E0C63CDF0761F7D9
:10FEC0000E94A2C3DF91CF911F910F918FCF90918C
:10FED000CC0B8091CD0B981306C08091C6099091F0
:10FEE000C709892B21F080E00E946838F0CF08957F
:10FEF0004F925F926F927F928F929F92AF92BF923A
:10FF0000CF92DF92EF92FF92CF93DF93EC0180E1EB
:10FF1000FE01AEECBBE001900D928A95E1F72091D5
:10FF2000F0093091F1094091F2095091F3096C8583
:10FF30007D858E859F850E945AEC0E94D8F46B01C6
:10FF40007C012091EC093091ED094091EE0950912E
:10FF5000EF09688579858A859B850E945AEC0E9405
:10FF6000D8F44B015C012091E8093091E9094091F6
:10FF7000EA095091EB096C817D818E819F810E94FD
:10FF80005AEC0E94D8F42B013C012091E4093091F5
:10FF9000E5094091E6095091E709688179818A81F4
:10FFA0009B810E945AEC0E94D8F46093DE0B709300
:10FFB000DF0B8093E00B9093E10B4092E20B5092A9
:10FFC000E30B6092E40B7092E50B8092E60B90924B
:10FFD000E70BA092E80BB092E90BC092EA0BD0922B
:10FFE000EB0BE092EC0BF092ED0B9091CC0B80912F
:10FFF000CD0B981781F0DF91CF91FF90EF90DF90BC
:020000021000EC
:10000000CF90BF90AF909F908F907F906F905F90B8
:100010004F900C9465C35BDF0E94706EC82F8EED0D
:100020009BE00E94F16DCC2381F0DF91CF91FF9096
:10003000EF90DF90CF90BF90AF909F908F907F9088
:100040006F905F904F900C94DA2ADF91CF91FF90E0
:10005000EF90DF90CF90BF90AF909F908F907F9068
:100060006F905F904F900895CF92DF92EF92FF9242
:10007000CF93DF93C82F0E94706E94E0C99FE00178
:100080001124FE01EF58F74FC080D180E280F38049
:1000900081110E94DA2ACA54D64FC701B6010E94C4
:1000A000FBEB288139814A815B810E945AECDF9108
:1000B000CF91FF90EF90DF90CF9008958F929F9215
:1000C000AF92BF92CF92DF92EF92FF921F93CF93A6
:1000D000DF93CDB7DEB760970FB6F894DEBF0FBEE3
:1000E000CDBF182F80E0C0DF4B015C018092FF077D
:1000F00090920008A0920108B092020881E0B4DF5B
:100100006B017C01C0920308D0920408E0920508BC
:10011000F092060882E0A8DF609307087093080851
:100120008093090890930A081D861E861F86188AE8
:1001300089829A82AB82BC82CD82DE82EF82F8868F
:1001400069877A878B879C8783E08EDF6D877E87C0
:100150008F87988B80918809882319F0CE010196AA
:1001600093DD1E3FD9F480E1FE013196A5E2BAE0AD
:1001700001900D928A95E1F760960FB6F894DEBF74
:100180000FBECDBFDF91CF911F91FF90EF90DF9019
:10019000CF90BF90AF909F908F90089584E0189F6C
:1001A000F0011124DF01AB5DB54F81E090E08C0FD1
:1001B0009D1FE80FF91F40815181628173814D932A
:1001C0005D936D937C931397D7CF0F931F93CF932A
:1001D000DF9300D01F92CDB7DEB78C018091580914
:1001E00082FF33C082E040DF20E030E048E452E4A8
:1001F0000E945AEC0E94EAF30E94FBEB2AE037EDE2
:1002000043EA5CE30E945AEC20E030E048EC52E420
:100210000E945AEC0E94D8F40E94EC6EF8012081F2
:10022000318169837A838B839C8344E0BE016F5F55
:100230007F4FC9010E9485230F900F900F900F9060
:10024000DF91CF911F910F91089560E070E0CB0195
:10025000CBCF9091CC0B8091CD0B981307C08091A0
:10026000C6099091C709892B09F400CC80E00E944F
:100270006838EFCFCF92DF92EF92FF92CF93DF9368
:10028000C82F0E94706E94E0C99FE0011124FE0106
:10029000EB59F74FC080D180E280F38081110E943A
:1002A000DA2ACA54D64FC701B6010E94FBEB288157
:1002B00039814A815B810E945AECDF91CF91FF9096
:1002C000EF90DF90CF9008958F929F92AF92BF9260
:1002D000CF92DF92EF92FF92CF93DF932091880924
:1002E000222309F47FC0EC018090890990908A094B
:1002F000A0908B09B0908C0920E030E0A901C501E5
:10030000B4010E94F5EB882309F477C0C884D9842E
:10031000EA84FB8420E030E0A901C701B6010E9415
:10032000F5EB18160CF069C0A5019401C701B601E0
:100330000E94CCF487FF56C020918009309181093A
:100340004091820950918309C701B6010E94F5EBE3
:10035000882321F1C0928009D0928109E09282091C
:10036000F092830920918409309185094091860992
:1003700050918709C701B6010E945AEC9B01AC015C
:1003800060E070E080E89FE30E94A5F260931902AC
:1003900070931A0280931B0290931C02C090190262
:1003A000D0901A02E0901B02F0901C0220E030E096
:1003B000A901C701B6010E94F5EB882399F0CE018F
:1003C0000E94F427A70196010E945AEC9B01AC0100
:1003D000688579858A859B850E94A6F268877987DA
:1003E0008A879B87DF91CF91FF90EF90DF90CF902E
:1003F000BF90AF909F908F900895C12CD12C80E832
:10040000E82E8FE3F82EDBCFCF92DF92EF92FF92B0
:10041000C0905C07D0905D07E0905E07F0905F07AA
:1004200080916007882309F44FC020E030E0A901E3
:10043000C701B6010E94F5EB882309F445C020E00E
:1004400030E040E05FE3C701B6010E945AEC9B0137
:10045000AC010E945AEC2BED3FE049E450E40E94CD
:100460005AEC9B01AC0160E070E080E89FE30E94E1
:1004700082F36B017C01C0923E07D0923F07E0926D
:100480004007F09241076091170270911802072E01
:10049000000C880B990B0E94FBEB2AE037ED43E23E
:1004A0005CE30E945AECA70196010E945AEC60930B
:1004B0005502709356028093570290935802FF9012
:1004C000EF90DF90CF900895C12CD12C80E8E82EDA
:1004D0008FE3F82ED0CF2F923F924F925F926F9280
:1004E0007F928F929F92AF92BF92CF92DF92EF92C4
:1004F000FF920F931F93CF93DF93CDB7DEB766972D
:100500000FB6F894DEBF0FBECDBF1C016A017B01A0
:1005100028013901DC0155968D909D90AD90BC90DD
:10052000589720E030E0A901CB01B6010E94F5EB1D
:10053000882309F44EC1A7019601C501B4010E94A8
:100540005AEC0E94D8F4D62EE72EF82EC92EA3011D
:100550009201C501B4010E945AEC0E94D8F4DD82D8
:10056000EE82FF82C8862D813E814F8158852032E0
:1005700031054105510548F420E2822E912CA12C31
:10058000B12C8D829E82AF82B88669837A838B83F9
:100590009C8329813A814B815C8120323105410560
:1005A000510548F480E2882E912CA12CB12C89822F
:1005B0009A82AB82BC82F101FE9680819181A281F8
:1005C000B3818097A105B10540F480E290E0A0E0FE
:1005D000B0E080839183A283B383D1019D968D90F7
:1005E0009D90AD90BC90D0978B8A9C8AAD8ABE8A34
:1005F000F101E65BFF4F608171818281938161151A
:1006000071058105910509F4ECC00E94FBEB9B018B
:10061000AC0160E070E080E89FE30E9482F320E09C
:1006200030E040E05FE30E945AEC6B017C01F10195
:10063000FE9660817181828193810E94F9EB9B011A
:10064000AC010E945AEC2B013C0169817A818B81BB
:100650009C810E94F9EB9B01AC010E945AEC9B012A
:10066000AC01C301B2010E94A5F2A70196010E944C
:100670005AEC69877A878B879C876D817E818F8111
:1006800098850E94F9EB9B01AC010E945AEC9B01FA
:10069000AC01C301B2010E94A5F2A70196010E941C
:1006A0005AEC2B013C010E946CF30E94EAF36B01AF
:1006B0007C0169857A858B859C850E946CF30E94FC
:1006C000EAF346015701860E971EA81EB91E2B8914
:1006D0003C894D895E89281939094A095B0957FF08
:1006E00032C06B897C898D899E890E94F9EBA301B8
:1006F00092010E94A6F229853A854B855C850E946D
:10070000A5F220E030E040E05FE30E945AEC0E9456
:10071000D8F4C12CD12C760197FD0DC06B017C0162
:100720008B889C88AD88BE888C149D04AE04BF0461
:1007300014F4750164016B897C898D899E896C191B
:100740007D098E099F09D101D196CD92DD92ED925E
:10075000FC92D4978B889C88AD88BE88861A970AAD
:10076000A80AB90AD501C401F10185AB96ABA7ABC4
:10077000B0AFEE5BFF4F8D809E80AF80B8848082EB
:100780009182A282B38291012A5B3F4FD901898075
:100790009A80AB80BC808D929D92AD92BC92139753
:1007A00066960FB6F894DEBF0FBECDBFDF91CF9136
:1007B0001F910F91FF90EF90DF90CF90BF90AF907F
:1007C0009F908F907F906F905F904F903F902F9071
:1007D0000895F101EE5BFF4FD080E180F280C3808D
:1007E000B6CEC12CD12C760160E070E0CB01ABCF4E
:1007F0008F3010F48F5F08958F500895CF93DF935B
:100800009091CD0B8091CC0B891740F0891B41F45E
:10081000D0E0C0E0CE01DF91CF910895805FF6CFA8
:100820009091CA0B992351F0833030F48FEF890FE8
:1008300019F08093CA0BECCF1092CA0BC091CD0B6C
:1008400083E6C89FE0011124C251D44F888180FD06
:10085000DFCF8091CD0BCCDF8093CB0BDBCF2F9202
:100860003F924F925F926F927F928F929F92AF9240
:10087000BF92CF92DF92EF92FF920F931F93CF938D
:10088000DF9300D000D000D01F921F92CDB7DEB70B
:100890008FEF9FEF90938900809388002AE02D834B
:1008A00010E000E08091620890916308892B09F0C4
:1008B000B1C1809164088823D9F080918F0990910B
:1008C000900910926408892B09F4A4C11092900930
:1008D00010928F091092BB0B9091CC0B8091CD0B95
:1008E000981709F497C18091CD0B82DF8093CD0BCF
:1008F00080918F0990919009892B09F48BC14091C7
:1009000058085091590860915A0870915B0880917D
:10091000540890915508A0915608B091570848176F
:1009200059076A077B0708F075C1C0902102D12CD6
:10093000F12CE12C841B950BA60BB70BC816D9061E
:10094000EA06FB0610F4D701C601E82F840F951FB5
:10095000A61FB71F8093580890935908A0935A0870
:10096000B0935B0891E0C0901C08D0901D08E09007
:100970001E08F0901F084091300850913108609196
:100980003208709133084090200850902108609000
:10099000220870902308440D551D661D771D80E0C8
:1009A00077FD05C04C195D096E097F0981E0409310
:1009B00030085093310860933208709333084091A7
:1009C000340850913508609136087091370840908E
:1009D0002408509025086090260870902708440D40
:1009E000551D661D771D77FD05C082604C195D0998
:1009F0006E097F0940933408509335086093360898
:100A000070933708409138085091390860913A083E
:100A100070913B08409028085090290860902A085F
:100A200070902B08440D551D661D771D77FD05C080
:100A300084604C195D096E097F0940933808509312
:100A4000390860933A0870933B0840913C085091F4
:100A50003D0860913E0870913F0840902C085090EE
:100A60002D0860902E0870902F08440D551D661DAE
:100A7000771D77FD05C088604C195D096E097F09F7
:100A800040933C0850933D0860933E0870933F08A4
:100A9000911104C02091840030918500282F30E00E
:100AA000482F417080FF1CC080911808082E000C50
:100AB000990BAA0BBB0BC0907108D0907208E09004
:100AC0007308F09074088C0D9D1DAE1DBF1D8093A2
:100AD000710890937208A0937308B09374088F9A6A
:100AE00021FB552750F95887198621FF21C0809195
:100AF0001908082E000C990BAA0BBB0BC0907508A7
:100B0000D0907608E0907708F09078088C0D9D1DC5
:100B1000AE1DBF1D8093750890937608A09377084B
:100B2000B0937808809108018095847080930601C5
:100B300022FB222420F8312C22FF21C080911A08A8
:100B4000082E000C990BAA0BBB0BC0907908D09013
:100B50007A08E0907B08F0907C088C0D9D1DAE1DFE
:100B6000BF1D8093790890937A08A0937B08B09377
:100B70007C08809108018095807280930601F3E0E3
:100B800035952795FA95E1F721153105E1F080912A
:100B90001B08082E000C990BAA0BBB0BC0907D08FC
:100BA000D0907E08E0907F08F09080088C0D9D1D0D
:100BB000AE1DBF1D80937D0890937E08A0937F0893
:100BC000B09380088C9A80918400909185008091E8
:100BD00084009091850041118F9888849984892898
:100BE00029F080910801847080930601232829F060
:100BF00080910801807280930601232B09F08C9864
:100C0000EE2321F08091840090918500E15090E0E6
:100C100009F0A9CEA0905302B0905402BF82AE82D8
:100C2000AB2809F052C080906A0990906B099A82B3
:100C300089828114910409F43DC0F090060182E09C
:100C40000E943D7D00C000C0809108011814190465
:100C50000CF4809580788093060100C000C08091DC
:100C60000801809580728093060100C0000082E038
:100C700090E00197F0F7809108018072809306015F
:100C800000C000C080910801F7FC809580788093B7
:100C9000060100C000C0A980BA8080916A099091C5
:100CA0006B091A141B040CF03AC2019790936B095C
:100CB00080936A090E94E02A882309F432C280EDF9
:100CC00097E0909354028093530278948091620845
:100CD00090916308892B09F08FC120918400309195
:100CE0008500809121028230B0F0409160085091DF
:100CF0006108420F531F60915C0870915D08641792
:100D0000750748F090E095958795809321021092A1
:100D10005F0810925E083195219531093093610882
:100D20002093600810925D0810925C08E0918F0992
:100D3000F0919009309709F454C38091580890912C
:100D40005908A0915A08B0915B08409154085091FD
:100D50005508609156087091570884179507A607A3
:100D6000B70708F4E1C11092900910928F09109210
:100D7000BB0B9091CC0B8091CD0B981709F431C32C
:100D80008091CD0B35DD8093CD0B60EDE62E67E0D5
:100D9000F62E80918F0990919009892B09F028C136
:100DA0002DDD9093900980938F09892B09F420C140
:100DB00060918F09709190097B876A87DB018C9124
:100DC00082FDE3C2FB01E15BFF4F80819181A28143
:100DD000B3818093131390931413A0931513B093BE
:100DE000161380E13496A4E6B2E101900D928A9543
:100DF000E1F780E0EA85FB85458C568C678C70A016
:100E000091E0411451046104710409F490E090FBF5
:100E100080F9AA85BB859196CD90DD90ED90FC90F0
:100E2000949791E0C114D104E104F10409F490E035
:100E300090FB81F9EA85FB8545A156A167A170A5C4
:100E400091E0411551056105710509F490E090FBB1
:100E500082F98093BB0BEA85FB8585A596A5A7A59E
:100E6000B0A98093540890935508A0935608B09366
:100E70005708882499245401881A990AAA0ABB0A97
:100E80008092300890923108A0923208B0923308D4
:100E90008092340890923508A0923608B0923708B4
:100EA0008092380890923908A0923A08B0923B0894
:100EB00080923C0890923D08A0923E08B0923F0874
:100EC00081A492A4A3A4B4A4880C991CAA1CBB1C42
:100ED00080922C0890922D08A0922E08B0922F0894
:100EE000440C551C661C771C409220085092210827
:100EF0006092220870922308CC0CDD1CEE1CFF1CB3
:100F0000C0922408D0922508E0922608F092270883
:100F1000440F551F661F771F4093280850932908D8
:100F200060932A0870932B08880F991FAA1FBB1F74
:100F300080931C0890931D08A0931E08B0931F086F
:100F4000109258081092590810925A0810925B0893
:100F500081A992A9A3A9B4A980935008909351089C
:100F6000A0935208B093530885A996A9A7A9B0AD3C
:100F70008093400890934108A0934208B09343089F
:100F80009091BA0B85AD981721F08093BA0B0E940F
:100F9000917C0E946A6F10925F0810925E08E09147
:100FA0008F09F0919009EE5BFF4F60817181828122
:100FB0009381609348087093490880934A089093FE
:100FC0004B080E94FA6D7C0196958795B0E0A0E0F1
:100FD0008093440890934508A0934608B09347082F
:100FE00080934C0890934D08A0934E08B0934F08FF
:100FF000F0926308E09262088E809F80892871F4E5
:1010000080916208909163088A3F910538F47AEFE5
:10101000A72EB12CB0926308A092620820915302CF
:101020003091540280916208909163082F3F3207FB
:1010300009F4EDC1AC01569547952417350708F022
:10104000D5C1509354024093530280365AEE95070F
:1010500008F4B7C160E67AEE209153023091540251
:10106000A9016217730708F4AB01841B950B9093D9
:101070006308809362082F3F320731F0241B350B41
:101080003093540220935302040F151FF89480915B
:1010900084009091850040967D8171507D837723F7
:1010A00021F00817190708F4FDCB409184005091F6
:1010B00085002091600830916108240F351F30931E
:1010C0006108209360080817190708F07CC1209177
:1010D0002102203138F4220F2093210210925F0860
:1010E00010925E0890938900809388002B960FB62B
:1010F000F894DEBF0FBECDBFDF91CF911F910F914E
:10110000FF90EF90DF90CF90BF90AF909F908F9027
:101110007F906F905F904F903F902F900895019631
:10112000C5CD8FEF9FEFCDCD409150085091510824
:10113000609152087091530884179507A607B70766
:1011400008F07DC020914C0830914D0840914E0828
:1011500050914F0829833A834B835C8381AD92ADD4
:10116000A3ADB4ADBA01A901FF24499FE12C5A9F58
:1011700090016A9F300D699F200D311D4A9FE00C40
:10118000211D3F1D599FE00C211D3F1D689FE00C54
:10119000211D3F1D589FE10C2F1D3F1DB49FEE0CDC
:1011A000201D311DB59F300D1124DF01AE5BBF4FF7
:1011B0008D919D910D90BC91A02D820F931FA11D2B
:1011C000B11D8093480890934908A0934A08B093B2
:1011D0004B08FE96408151816281738148175907FF
:1011E0006A077B0740F4409348085093490860938E
:1011F0004A0870934B0860914808709149088091A3
:101200004A0890914B080E94FA6D7C0189819A816D
:10121000AB81BC818E0D9F1DA11DB11D80934C081B
:1012200090934D08A0934E08B0934F081092440835
:10123000109245081092460810924708AACD409196
:10124000400850914108609142087091430884170A
:101250009507A607B70708F46CC060914408709121
:101260004508809146089091470869837A838B836B
:101270009C8381AD92ADA3ADB4AD49815A816B81A0
:101280007C81FF24499FE12C5A9F90016A9F300D79
:10129000699F200D311D4A9FE00C211D3F1D599F64
:1012A000E00C211D3F1D689FE00C211D3F1D589F34
:1012B000E10C2F1D3F1DB49FEE0C201D311DB59F6D
:1012C000300D1124A90170E060E0809148089091F0
:1012D0004908A0914A08B0914B08EA5BFF4FC080D3
:1012E000D180E280F380481759076A077B0758F4DA
:1012F000841B950BA60BB70BC816D906EA06FB068E
:1013000010F46C017D01C701B6010E94FA6D7C01E9
:1013100089819A81AB81BC818E0D9F1DA11DB11D5C
:101320008093440890934508A0934608B0934708DB
:1013300030CD80915E0890915F08892B09F5FE966B
:10134000C080D180E280F380C701B6010E94FA6DAF
:1013500090935F0880935E0896958795B0E0A0E033
:101360008093440890934508A0934608B09347089B
:10137000C0924808D0924908E0924A08F0924B087F
:10138000E0905E08F0905F0804CDAA85BB858C9143
:1013900082FF04C0CD014D960E94F16D109290091C
:1013A00010928F091092BB0B9091CC0B8091CD0BBA
:1013B000981709F4F5CC8091CD0B1ADA8093CD0BF8
:1013C000EFCCBC0149CE80915C0890915D08841BF4
:1013D000950B800F911F90935D0880935C08C80166
:1013E00081CE80EDE82E87E0F82EDACC8036AAEEAA
:1013F0009A0708F02FCEAC012817390708F4A90185
:10140000841B950B909363088093620837CE8036D7
:10141000BAEE9B07B0F240E65AEE80569A4E909391
:1014200063088093620830CECF93DF931F92CDB7CD
:10143000DEB7898360E0CE0101960E947D6E61E097
:10144000CE0101960E947D6E62E0CE0101960E945F
:101450007D6E89810F90DF91CF9108954F925F92B9
:101460006F927F928F929F92AF92BF92CF92DF92B4
:10147000EF92FF92FC0140805180628073808480F3
:101480009580A680B780C084D184E284F38420E074
:1014900030E0A901C301B2010E94F5EB811125C022
:1014A00020E030E0A901C501B4010E94F5EB8111F3
:1014B0001CC020E030E0A901C701B6010E94CCF4B5
:1014C00087FF04C0F7FAF094F7F8F094C701B6016B
:1014D000FF90EF90DF90CF90BF90AF909F908F9054
:1014E0007F906F905F904F900895A3019201C30188
:1014F000B2010E945AEC2B013C01A5019401C501E7
:10150000B4010E945AEC9B01AC01C301B2010E94DC
:10151000A6F24B015C01A7019601C701B6010E942A
:101520005AEC9B01AC01C501B4010E94A6F2FF90E8
:10153000EF90DF90CF90BF90AF909F908F907F9073
:101540006F905F904F900C9412F58F929F92AF9294
:10155000BF92CF92DF92EF92FF92CF93DF932091D1
:101560003502222309F48EC0EC0180912D07E82E6C
:1015700080FF2CC08090370290903802A0903902F2
:10158000B0903A02288139814A815B81C501B4015A
:101590000E94CCF4181624F488829982AA82BB8215
:1015A0008090430290904402A0904502B090460281
:1015B000288139814A815B81C501B4010E94F5EB24
:1015C00087FF04C088829982AA82BB82E1FE2CC078
:1015D00080903B0290903C02A0903D02B0903E0271
:1015E0002C813D814E815F81C501B4010E94CCF404
:1015F000181624F48C829D82AE82BF8280904702AE
:1016000090904802A0904902B0904A022C813D81FE
:101610004E815F81C501B4010E94F5EB87FF04C0D4
:101620008C829D82AE82BF82E2FE2CC0C0903F02BF
:10163000D0904002E0904102F09042022885398526
:101640004A855B85C701B6010E94CCF4181624F4C4
:10165000C886D986EA86FB86C0904B02D0904C02A1
:10166000E0904D02F0904E02288539854A855B85D1
:10167000C701B6010E94F5EB87FF04C0C886D98672
:10168000EA86FB86DF91CF91FF90EF90DF90CF90BD
:10169000BF90AF909F908F90089580910D0890918A
:1016A0000E08A0910F08B091100880931302909338
:1016B0001402A0931502B093160280910B0890912A
:1016C0000C089093120280931102089580911302E6
:1016D00090911402A0911502B091160280930D080A
:1016E00090930E08A0930F08B093100880911102F8
:1016F0009091120290930C0880930B0884E690E07E
:1017000090931202809311020895CF93DF93CDB787
:10171000DEB72C970FB6F894DEBF0FBECDBFAB017E
:10172000BC0119821A821B821C821D821E821F82AA
:10173000188619861A861B861C869E012F5F3F4FCE
:1017400085E29AE00E9428C32C960FB6F894DEBF7B
:101750000FBECDBFDF91CF9108954F925F926F92F0
:101760007F92AF92BF92CF92DF92EF92FF920F9350
:101770001F93CF93DF9300D000D000D01F92CDB73E
:10178000DEB769837A838B839C832D833E834F836B
:1017900058872701380120E030E0A901B501C601D2
:1017A0000E94F5EB811175C010914F02809150029B
:1017B0008A8790915102998700915202A12CB12CF5
:1017C00080E2C82E92E4D92EA301920160912D0AE5
:1017D00070912E0A80912F0A9091300A0E94F5EBA9
:1017E00087FF0BC040922D0A50922E0A60922F0A5A
:1017F0007092300AB501C60188DF89819A81AB8178
:10180000BC818093250A9093260AA093270AB0935F
:10181000280A8D819E81AF81B8858093290A909393
:101820002A0AA0932B0AB0932C0A612F7A85898506
:10183000902F6BDFA301920160912D0A70912E0A07
:1018400080912F0A9091300A0E94CCF418165CF413
:1018500040922D0A50922E0A60922F0A7092300AFE
:10186000B501C60152DF2A960FB6F894DEBF0FBE4F
:10187000CDBFDF91CF911F910F91FF90EF90DF903F
:10188000CF90BF90AF907F906F905F904F900C94EF
:10189000677F1A2DBA86C9860D2D96CFAF92BF925B
:1018A000CF92DF92EF92FF920F931F937B018C01F7
:1018B00059016A01E5E2FAE02481358146815781C8
:1018C000608171818281938148DF1F910F91FF9028
:1018D000EF90DF90CF90BF90AF9008958F929F923E
:1018E000AF92BF92CF92DF92EF92FF92CF936B01B4
:1018F0007C01C22F4423C9F08090C40B9090C50B8B
:10190000A090C60BB090C70B20E030E0A901C50144
:10191000B4010E94F5EB87FF08C0A5019401C7013F
:10192000B6010E94A5F26B017C0120E030E048EC9A
:1019300053E4C701B6010E94CCF4181634F4C12C4C
:10194000D12C88ECE82E83E4F82E80902D0A90901C
:101950002E0AA0902F0AB090300AC11108C0A7012A
:101960009601C501B4010E94CCF41816C4F0A70179
:101970009601C501B4010E94F5EB882381F020E0B7
:1019800030E040E252E4C701B601CF91FF90EF9002
:10199000DF90CF90BF90AF909F908F907FCFCF91EF
:1019A000FF90EF90DF90CF90BF90AF909F908F907F
:1019B00008958F929F92AF92BF92CF92DF92EF9253
:1019C000FF92CF93DF934B015C0169017A010E9482
:1019D000A835C5E2DAE020915502309156024091D7
:1019E000570250915802C501B4010E9482F32C8520
:1019F0003D854E855F850E94A6F26C877D878E8728
:101A00009F87C701B60181DEDF91CF91FF90EF90F4
:101A1000DF90CF90BF90AF909F908F900C94677F96
:101A2000CF92DF92EF92FF92C090310AD090320AAB
:101A3000E090330AF090340A2091F0093091F109D6
:101A40004091F2095091F309C701B6010E945AEC86
:101A50000E94D8F46093EA0B7093EB0B8093EC0B2D
:101A60009093ED0BC092DA0BD092DB0BE092DC0B83
:101A7000F092DD0B9091CC0B8091CD0B981731F04B
:101A8000FF90EF90DF90CF900C9465C30E94677F2A
:101A90000E94706E4091EA0B5091EB0B6091EC0B41
:101AA0007091ED0B40937D0850937E0860937F0802
:101AB00070938008882331F0FF90EF90DF90CF90F3
:101AC0000C94DA2AFF90EF90DF90CF9008950C9459
:101AD000A2C3AF92BF92CF92DF92EF92FF920F9389
:101AE0001F93CF937B018C0159016A01E5E2FAE073
:101AF0002481358146815781608171818281938102
:101B00002CDEC09157091092570982E00E945E8036
:101B1000DEDFC2FBCC27C0F981E08C27CF911F917B
:101B20000F91FF90EF90DF90CF90BF90AF9008950E
:101B30000E94706E9091CD0B9093CC0B9093CB0B39
:101B400094E69093CA0B21ED33E03093C7092093BC
:101B5000C60981110E94DA2A81E0809364080E94FC
:101B6000677F8EEF0E945E80B2CFCF93DF93CDB7B9
:101B7000DEB72C970FB6F894DEBF0FBECDBF0E9424
:101B80003FC20E94706E9CE0E1E7F8E0DE01119632
:101B900001900D929A95E1F781110E94DA2ACE0107
:101BA00001960E94377C2C960FB6F894DEBF0FBECC
:101BB000CDBFDF91CF9108954F925F926F927F9248
:101BC0008F929F92AF92BF92CF92DF92EF92FF924D
:101BD000CF93DF9300D01F92CDB7DEB78091250A57
:101BE0009091260AA091270AB091280A89839A83A6
:101BF000AB83BC834090290A50902A0A60902B0A3C
:101C000070902C0A80902D0A90902E0AA0902F0A96
:101C1000B090300AC090310AD090320AE090330A76
:101C2000F090340A0E94F67E81E080939D0B0E9422
:101C30000482A7E3B2E090E080E0FC01ED5BF34EAC
:101C400045915591659174914D935D936D937D93FD
:101C5000FC01E95CF34E459155916591749118969C
:101C60004D935D936D937C931B9704968C309105F7
:101C700021F76091130870911408809115089091D4
:101C800016080E9433C40E94072A0E94447F2981BB
:101C90003A814B815C816091250A7091260A80917E
:101CA000270A9091280A0E94F5EB81112AC0A3010E
:101CB00092016091290A70912A0A80912B0A9091D1
:101CC0002C0A0E94F5EB81111CC0A50194016091C2
:101CD0002D0A70912E0A80912F0A9091300A0E944D
:101CE000F5EB81110EC0A70196016091310A709148
:101CF000320A8091330A9091340A0E94F5EB8823CE
:101D000099F00F900F900F900F90DF91CF91FF906F
:101D1000EF90DF90CF90BF90AF909F908F907F908B
:101D20006F905F904F9021CF0F900F900F900F907A
:101D3000DF91CF91FF90EF90DF90CF90BF90AF9069
:101D40009F908F907F906F905F904F9008950F932A
:101D50001F93CF93DF93EC010AE519E0F80120818E
:101D6000318142815381688179818A819B810E947E
:101D7000A6F2688379838A839B83F8012481358165
:101D8000468157816C817D818E819F810E94A6F260
:101D90006C837D838E839F83F80120853185428506
:101DA0005385688579858A859B850E94A6F2688718
:101DB00079878A879B87DF91CF911F910F91089533
:101DC0001F93CF93DF938CE89BE10E94F72A8FB19A
:101DD000809566E87BE181700E94757080B111E0AA
:101DE00082FB882780F960E87BE181270E9475707B
:101DF000C0E0D1E0888183FB882780F96AE77BE136
:101E000081270E947570888161E77BE185FB8827C7
:101E100080F9DF91CF911F910C9475708091040926
:101E2000811104C080915909882331F062E070E08B
:101E300080E090E00C9404370895AF92BF92CF9267
:101E4000DF92EF92FF920F931F93CF93C82F162F1D
:101E5000882339F020E041E060E070E080E890E421
:101E60003DDD11111CC0E0902D0AF0902E0A00916A
:101E70002F0A1091300A2091290A30912A0A4091A4
:101E80002B0A50912C0A6091250A7091260A8091A4
:101E9000270A9091280AA12CB12C65015EDCC09321
:101EA0005909CF911F910F91FF90EF90DF90CF9044
:101EB000BF90AF90B3CF4F925F926F927F928F920D
:101EC0009F92AF92BF92CF92DF92EF92FF920F93C9
:101ED0001F93CF93DF9300D01F921F92CDB7DEB731
:101EE0008D83C82ED12CF601EC5AF14D8490082C2C
:101EF000000C9908AA08BB087601EE0CFF1CEE0C3A
:101F0000FF1C823009F039C080915909811103C04A
:101F100060E081E092DF03E31CE1F8018591959197
:101F2000A591B49189839A83AB83BC83C501B40125
:101F30000E94FBEB2B013C0120E030E0A90169810C
:101F40007A818B819C810E94F5EB8823B1F0F801A6
:101F500085919591A591B4915C018D0120E030E0CF
:101F600040E850E4BC01CD010E94F5EB87FF14C0AE
:101F7000A12CB12C00E810E40FC0C501B4010E94EF
:101F8000FBEB2B013C01F701E55DF34E859195914B
:101F9000A591B4915C018D01A3019201B501C80125
:101FA0000E945AEC4B015C01F701E15EF34E659132
:101FB00075918591949120E030E040EC5FE30E94C0
:101FC0005AECA30192010E945AECAB01BC0100E063
:101FD00010E098018D810E9434C820E030E0A90112
:101FE000C501B4010E94F5EB882309F440C08D813E
:101FF00000E010E020E232E4823019F000E010E06E
:102000009801B501A40170588D810E9434C8A501C2
:102010009401C501B4010E94A6F24B015C019D81AF
:1020200000E010E020EA31E49230E1F0F601E45EF5
:10203000F34E6491611107C00E94202B8AEF9BE14F
:102040000E94F72A6AE070E090E080E00E94F9EBDD
:102050009B01AC0160E070E080E792E40E9482F3B3
:102060008B019C01B501A4018D810E9434C881E0DF
:1020700090E00D8002C0880F991F0A94E2F79091BA
:102080005809982B9093580990912D07892B80938C
:102090002D07F701E251F44E259135914591549168
:1020A00087010B5D154FF701EB5FF64F6081718182
:1020B000828193810E94A6F2D8016D937D938D93C6
:1020C0009C931397BD81B230D1F42091C40B309111
:1020D000C50B4091C60B5091C70B60912D0A7091B2
:1020E0002E0A80912F0A9091300A0E94A5F26093E7
:1020F0002D0A70932E0A80932F0A9093300AF701CD
:10210000E65AF64F1082118212821382E0DCF70148
:10211000E25DF84FD701AB5DB54F8D919D910D906C
:10212000BC91A02D80839183A283B383ED81E230A3
:10213000C1F480E00F900F900F900F900F90DF91FF
:10214000CF911F910F91FF90EF90DF90CF90BF90B4
:10215000AF909F908F907F906F905F904F900C9476
:1021600021270F900F900F900F900F90DF91CF913C
:102170001F910F91FF90EF90DF90CF90BF90AF90A5
:102180009F908F907F906F905F904F9008950F93E6
:102190001F9380917F09813019F50E941ECB009119
:1021A000F3071091F4072091F5073091F607601BB3
:1021B000710B820B930B28EE33E040E050E00E945D
:1021C0001FF26091290770912A0780912B07909147
:1021D0002C07620F731F841F951F1F910F91089585
:1021E0006091F7077091F8078091F9079091FA07CD
:1021F000D6CFCF92DF92EF920F93CF93DF93CDB7ED
:10220000DEB769970FB6F894DEBF0FBECDBF6C0185
:10221000BEDF6E8B7F8B888F998FBE016F5F7F4F84
:10222000CE0146960E94B924EE24E39400E021E01A
:10223000F6014281BE016F5F7F4F808191810E94D4
:10224000F32269960FB6F894DEBF0FBECDBFDF91C3
:10225000CF910F91EF90DF90CF90089510927F096A
:102260001092F3071092F4071092F5071092F607F8
:102270001092F7071092F8071092F9071092FA07D8
:102280001092290710922A0710922B0710922C0700
:10229000089583E08093550980917F098130E1F0B2
:1022A0008230C1F474DF6093290770932A0780930A
:1022B0002B0790932C0781E080937F090E941ECB0F
:1022C0006093F3077093F4078093F5079093F607F4
:1022D00081E00895C3DFEFCF80E00895CF93C091F0
:1022E0007F0980E0C130A1F460E083E00E946EC00D
:1022F000C093280782E080937F090E941ECB6093E1
:10230000F7077093F8078093F9079093FA0781E035
:10231000CF91089580917F0981508230D0F48091CF
:1023200027078350823038F460E083E00E946EC05B
:1023300085E08093550910927F090E941ECB60931F
:10234000F7077093F8078093F9079093FA0781E0F5
:10235000089580E0089520919A0B30919B0B2635CB
:1023600031053CF42091D6073091D707263031054E
:1023700024F0882339F00C947337662319F0CADFF0
:102380000C94A6C40895AF92BF92CF92DF92EF92C1
:10239000FF920F931F93CF93DF93EB01823009F4E9
:1023A0005EC0B0F5813009F450C0E884F9840A8534
:1023B0001B8520E030E040E251E460912D0A7091ED
:1023C0002E0A80912F0A9091300A0E94A6F25B019A
:1023D0006C0120E030E048EC53E40E94CCF4181685
:1023E00034F4A12CB12CF8ECCF2EA3E4DA2E950115
:1023F000A601B701C8010E94CCF4181614F07501AB
:10240000860120E030E040EA50E4B701C80125C071
:10241000833009F449C0843041F6E0902D0AF090F1
:102420002E0A00912F0A1091300A2C813D814E8195
:102430005F81688179818A819B81A12CB12CE8EC34
:10244000CE2EE2E4DE2E89D957C0688579858A854B
:102450009B8520E030E040EA50E420DADECF28859A
:1024600039854A855B8560912D0A70912E0A80918D
:102470002F0A9091300A0E94A6F26B017C0120E0A5
:1024800030E048EC53E40E94F5EB87FD06C0C12C18
:10249000D12C18ECE12E13E4F12E20E030E040EADC
:1024A00050E4C701B601D9CF20E030E040E251E46A
:1024B00060912D0A70912E0A80912F0A9091300A16
:1024C0000E94A6F26B017C0120E030E048EC53E46E
:1024D0000E94CCF41816DCF020E030E0A901C7011E
:1024E000B6010E94F5EB87FD19C020E030E040EA1C
:1024F00050E4C701B601D2D9DF91CF911F910F915E
:10250000FF90EF90DF90CF90BF90AF902ECBC12C7B
:10251000D12CB8ECEB2EB3E4FB2EE7CFC12CD12CA1
:102520007601E3CF10921109109226070E94853799
:102530008823C9F00E9428379091790B80FB97F986
:102540009093790B61E087E39BE10E94A62DE2DE88
:102550004CE45BE164E57BE185E00E942CC58EE301
:102560009BE10C94C1C18091790B84FFEBCF0E9459
:10257000E4D2E8CF0F931F93CF93DF931F921F9264
:10258000CDB7DEB72091240A211118C08C01442355
:10259000E1F00E942A2E40E450E0B80181E292E18D
:1025A0000E94EFEA8FE390E09A838983CE0101963F
:1025B0000E948FC081E292E10E942ACB0F900F907F
:1025C000DF91CF911F910F9108950E94FE3240E458
:1025D00050E0B80181E292E10E943EEBE3CFFF922E
:1025E0000F931F93CF93DF93CDB7DEB7A1970FB6AD
:1025F000F894DEBF0FBECDBF8C01F42E67FF03C081
:102600001092240A60E02091240A862F062E000CE6
:10261000990B2817190609F03CF56093240AC801A4
:10262000FF2071F10E942A2E19821F8E4FE150E087
:10263000B801CE010196FF2031F10E94EFEA40E49B
:1026400050E0BE016F5F7F4F81E292E10E943EEB5E
:102650008FE390E099A388A3CE0180960E948FC05B
:1026600081E292E10E942ACBA1960FB6F894DEBFD8
:102670000FBECDBFDF91CF911F910F91FF900895B5
:102680000E94FE32D1CF0E943EEBD9CF823221E0B0
:10269000920714F082E291E090939B0B80939A0B47
:1026A0001092E1070C946727CF92DF92EF92FF928E
:1026B0006B017C0120E030E0A9010E94F5EB87FD71
:1026C00014C020E030E041E953E4C701B6010E94A4
:1026D000CCF4181674F0C701B6010E94D8F4CB01EF
:1026E000FF90EF90DF90CF90D1CFC12CD12C76010D
:1026F000F2CFC12CD12C81E9E82E83E4F82EEBCF68
:10270000E8E1FAE0108211821282138214820C94A2
:102710006727CF92DF92EF92FF920F931F93CF9391
:10272000DF93CDB7DEB77C01CDB6DEB60E9403EBFA
:1027300001962DB73EB7281B390B0FB6F8943EBF54
:102740000FBE2DBF0DB71EB70F5F1F4FB701C801DA
:102750000E94E8EAC8010E9448230FB6F894DEBE42
:102760000FBECDBEDF91CF911F910F91FF90EF90E3
:10277000DF90CF9008959091CC0B8091CD0B981362
:1027800012C00E94AF6E81110FC00E948537811167
:102790000BC00E943637811107C080917F098130BC
:1027A00011F00C94683781E00895E5DF882351F03B
:1027B0000E943637811106C081E090917F099230E6
:1027C00009F080E008950F931F93CF93DF938C015E
:1027D000ECDF41E061E08823D1F089EF0E940750EF
:1027E000C1E0D0E0809156098823B9F0C26042E090
:1027F00065E089EF0E9407507C2F6D2FF8018081E2
:102800009181DF91CF911F910F910C94FB7089EF13
:102810000E94D94FD0E0C0E0E5CF42E065E089EF0B
:102820000E94D94FE9CF0F931F93CF93DF938C0171
:10283000A2DF41E061E08823C9F083E00E940750F5
:10284000C1E0D0E0B2DF8823B9F0C26042E061E0CD
:1028500083E00E9407507C2F6D2FF80180819181C9
:10286000DF91CF911F910F910C94FB7083E00E9438
:10287000D94FD0E0C0E0E6CF42E061E083E00E94C3
:10288000D94FE9CF78DF882311F081E008958DDFFB
:102890008111FBCF95E0909355090895F3CFCF9226
:1028A000DF92EF92FF926B017C01463059F5109256
:1028B0001D0A10921E0A10921F0A1092200A1092EE
:1028C000210A0E94832420E030E0A901C701B6015B
:1028D0000E94F5EB87FF1EC0C12CD12C7601C701E9
:1028E000B6010E94D8F46936710514F069E670E00B
:1028F0007093D7076093D607FF90EF90DF90CF904B
:102900000C948324FDDEC701B601FF90EF90DF90A9
:10291000CF90CACE20E030E042ED52E4C701B601CC
:102920000E94CCF41816DCF6C12CD12C82EDE82ED6
:1029300082E4F82ED4CFEF920F93009751F0BC01B0
:10294000EE24E39401E021E040E280E091E10E9486
:10295000A1220F91EF900895EF92FF921F93CF93D2
:10296000DF9300D01F92CDB7DEB7909127079A3F33
:1029700009F43EC0993F79F4893F11F08093340205
:102980006623B1F190915609992329F09091260779
:10299000911110922607182F82E4E82E8AE1F82E72
:1029A00043E050E0B701CE0101960E94C9EAEA81F6
:1029B000FB81309731F08981181324C01995882341
:1029C000B9F061E0812F0E949C76882389F01093F2
:1029D00027071C821B828AE5898381E08A831C8306
:1029E00044E0BE016F5F7F4F84E890E00E94852342
:1029F0000F900F900F900F90DF91CF911F91FF904C
:102A0000EF90089583E0E80EF11CE114F10441F623
:102A1000D8CF9091CC0B8091CD0B98130AC00E9417
:102A2000AF6E811106C02091CC0B9091CD0B81E04F
:102A3000291380E008950E941ECB6C507E4F8F4F6B
:102A40009F4F6093EA077093EB078093EC07909396
:102A5000ED0708958F929F92AF92BF92EF920F93DE
:102A60004A015B01009751F0EE24E39401E020E07D
:102A700040E2BC0180E090E30E94A1228114910415
:102A8000A104B104A9F00E941ECB860E971EA81EB9
:102A9000B91E8092680B9092690BA0926A0BB0925B
:102AA0006B0B0F91EF90BF90AF909F908F90089518
:102AB000812C912C5401EDCFCF92DF92EF92FF92B7
:102AC0001F93CF93DF93CDB7DEB72C970FB6F89453
:102AD000DEBF0FBECDBFA0EDB9E090E080E0FC010D
:102AE000E25FF14E45915591659174914D935D93DF
:102AF0006D937D93FC01E250F24E459155916591A5
:102B0000749150964D935D936D937C935397FC0114
:102B1000E251F24E459155916591749190964D9385
:102B20005D936D937C939397049680319105B9F6EC
:102B300080E29EE4A0E0B0E08093E0099093E10998
:102B4000A093E209B093E30980E090E0AAEFB3E438
:102B50008093040A9093050AA093060AB093070A8B
:102B600040E050E068E474E44093080A5093090A96
:102B700060930A0A70930B0A80930C0A90930D0AD3
:102B8000A0930E0AB0930F0A1092100A1092110A25
:102B90001092120A1092130A1092140A1092150A37
:102BA0001092160A1092170AC12CD12C80E2E82E3E
:102BB00081E4F82EC0929209D0929309E092940990
:102BC000F0929509C0929609D0929709E0929809DF
:102BD000F09299098DEC9CECACECBEE380939A09E1
:102BE00090939B09A0939C09B0939D0980E090E08D
:102BF000A0E8BFE380939E0990939F09A093A0094A
:102C0000B093A109109205091092060910920709C4
:102C1000109208091092090910920A0910920B09E2
:102C200010920C0910920D0910920E0910920F09C2
:102C300010921009109220020E94A835C092130829
:102C4000D0921408E0921508F092160880E00E94D5
:102C5000C4270E94882A82ED90E09093DA0780933F
:102C6000D9078AEF90E09093DC078093DB078DEC27
:102C70009CECACECBDE38093DD079093DE07A09362
:102C8000DF07B093E0071092E1078CE0E3E1F4E0A6
:102C9000DE01119601900D928A95E1F789819A8162
:102CA000AB81BC818093BC0B9093BD0BA093BE0BFA
:102CB000B093BF0B8D819E81AF81B8858093C00B8F
:102CC0009093C10BA093C20BB093C30B89859A85D7
:102CD000AB85BC858093C40B9093C50BA093C60BAA
:102CE000B093C70B87ED93EAA5E0B2E48093AE0BF7
:102CF0009093AF0BA093B00BB093B10B80EC93E823
:102D0000A6E7BEE38093B20B9093B30BA093B40BF2
:102D1000B093B50B8CE597E7A0E9B4E48093B60BCC
:102D20009093B70BA093B80BB093B90B11E010932D
:102D300053070E9492371092600780E090E0A0EE67
:102D4000BFE380935C0790935D07A0935E07B09309
:102D50005F07109204091092030960D880E090E0A8
:102D6000A8ECB2E48093580790935907A0935A07B0
:102D7000B0935B07109254071092550710925607B4
:102D8000109257070E94DC8D8CEC9DE10E942A2E48
:102D90000E94202B8CEC9DE10E94F72A0E94232B9D
:102DA00082E30E94B62384E60E94EE2380911208FB
:102DB000811106C01093120860E081E00E946EC08D
:102DC00040E355E760E070E08FEB9DE12C960FB695
:102DD000F894DEBF0FBECDBFDF91CF911F91FF9062
:102DE000EF90DF90CF9036CECF92DF92EF92FF92AE
:102DF0000F931F93CF93DF93CDB7DEB7CC5AD10992
:102E00000FB6F894DEBF0FBECDBFCF55DF4F18828F
:102E100019821A821B82C15AD04084E690E09093B6
:102E20008E0980938D0910926D0B10926C0B80911E
:102E3000DF049091E004A091E104B091E204CB554D
:102E4000DF4F88839983AA83BB83C55AD04064E04F
:102E500070E0CE018B559F4F0E94B7CA80918D09BB
:102E600090918E09069690938E0980938D09109209
:102E70006D0B10926C0B81ED92E0C755DF4F99837B
:102E80008883C95AD040CE0187559F4F0E946570F4
:102E900081E0C455DF4F8883CC5AD040CE018455A1
:102EA0009F4F0E94697068E470E080ED99E00E9495
:102EB000B7CA60E170E082E999E00E94B7CA8AE08F
:102EC00097EDA3EABCE3CF55DF4F88839983AA83AC
:102ED000BB83C15AD040CE018F559F4F0E94617075
:102EE00085E099E00E94717080E292E00E946D702E
:102EF00019821A821B821C828E010F5F1F4FC8012C
:102F00000E9461707E018DE6E80EF11CF7011082CF
:102F1000118212821382C7010E9461708091890917
:102F200090918A09A0918B09B0918C0989839A8329
:102F3000AB83BC83C8010E94617068E070E089EDDA
:102F400097E00E94B7CACF55DF4F188219821A82C4
:102F50001B82C15AD04083E0C356DF4F8883CD59CE
:102F6000D040F7018083CE018F559F4F0E94617042
:102F7000CE0183569F4F0E946970C7010E946970FD
:102F800080E09CE09A838983C8010E9465703AE0E2
:102F9000D32EDA94DD2031F0CE018F559F4F0E9461
:102FA0006170F7CF8CEB9BE00E947170CF55DF4FC3
:102FB000188219821A821B82C15AD0402AE0D22E6E
:102FC000DA94DD2031F0CE018F559F4F0E94617061
:102FD000F7CF85E0D82EF701D082C356DF4FD882D5
:102FE000CD59D040C7010E946970CE0183569F4FD2
:102FF0000E94697080E69CE69A838983C8010E94DA
:10300000657068E070E08BE497E00E94B7CA68E002
:1030100070E083E497E00E94B7CA64E670E081E65E
:1030200097E00E94B7CA1982CC24CA94F701C082E3
:10303000C8010E946D70C7010E9469701982C801A1
:103040000E946D708091AE0B9091AF0BA091B00B70
:10305000B091B10B89839A83AB83BC8321E732EBB8
:1030600047E25EE36091B20B7091B30B8091B40BB9
:103070009091B50B0E9482F36D837E838F83988736
:1030800021E732EB47E25EE36091B60B7091B70B3C
:103090008091B80B9091B90B0E945AEC69877A879E
:1030A0008B879C8780E090E0A0E8BFE38D879E87B8
:1030B000AF87B88B198A1A8A1B8A1C8A64E170E070
:1030C000C8010E94B7CA84E190E09A838983C8014D
:1030D0000E9465708CE0EFE1F4E0D80101900D9260
:1030E0008A95E1F76CE070E0C8010E94B7CA8CE0F5
:1030F000EFE1F4E0D80101900D928A95E1F76CE0E0
:1031000070E0C8010E94B7CA1982C8010E946970A4
:103110008FE78983C8010E946970C982C8010E9433
:103120006970EBE2F4E0D80101900D92DA94E1F7D6
:1031300065E070E0C8010E94B7CA80915307F701AB
:1031400080831A821982C7010E946D70C8010E9493
:10315000657080E2E0E3F4E0D80101900D928A9579
:10316000E1F760E270E0C8010E94B7CAF70110827F
:10317000C7010E946D7080E697E00E946D708CE53B
:1031800097E00E946170CF55DF4F188219821A8232
:103190001B82C15AD040CE018F559F4F0E94617053
:1031A00082E1F80111928A95E9F762E170E0C801C5
:1031B0000E94B7CA84E2E0E5F4E0D80101900D92E4
:1031C0008A95E1F764E270E0C8010E94B7CA90E115
:1031D000D92EF8018D2D11928A95E9F760E170E002
:1031E000C8010E94B7CA1A82198262E070E0C80161
:1031F0000E94B7CAF8011192DA94E9F760E170E031
:10320000C8010E94B7CA8CE6F80111928A95E9F7C5
:103210006CE670E0C8010E94B7CA68E070E084E51F
:1032200097E00E94B7CA8CE0F70111928A95E9F7FE
:10323000C555DF4F1882CB5AD04080E090E0A0E423
:10324000B0E4C356DF4F88839983AA83BB83CD59EB
:10325000D040C7010E947170CE0185559F4F0E94DA
:103260006970CE0183569F4F0E94617080E3F70121
:1032700011928A95E9F70E942624082F10911F02C7
:103280008091880981110E94AF2791E0F701908316
:1032900001831283838360E370E0C7010E94B7CA91
:1032A00000918D0910918E090456110980916C0BC3
:1032B00090916D0BF7019183808384E690E0909369
:1032C0008E0980938D0964E070E088E894E00E94A4
:1032D000B7CA64E070E084E894E00E94B7CAC7010E
:1032E0000E9465700E94202B83E89CE10E94F72ACF
:1032F000C8010E947135F701C080D180F12CE12C0A
:1033000086E79CE10E94F72AC701B6010E941F27A9
:1033100083E79CE10E94F72A013D124001F188E910
:1033200099E20E94F72A84EC9CE10E94F72A40E38C
:1033300055E760E070E08FE49CE18CDB80E0C455F1
:10334000DF4F0FB6F894DEBF0FBECDBFDF91CF9138
:103350001F910F91FF90EF90DF90CF90089583E63B
:103360009CE10E94C1C183E69CE10E942A2E81E07B
:10337000E6CF5F926F927F928F929F92AF92BF92B1
:10338000CF92DF92EF92FF920F931F93CF93DF9331
:1033900000D000D000D01F92CDB7DEB7EDB6FEB69C
:1033A0008091F20781111DC011E01093F207809106
:1033B00012088823A1F0809127078A3F81F00E949C
:1033C0001ECB4B015C0180915509882341F110927D
:1033D00055099091270789131FC010932807109251
:1033E000F2070FB6F894FEBE0FBEEDBE2A960FB6DA
:1033F000F894DEBF0FBECDBFDF91CF911F910F912B
:10340000FF90EF90DF90CF90BF90AF909F908F9004
:103410007F906F905F90089560E09EDAE0CF80919A
:103420002507811118C088EB9BE0A0E0B0E0881967
:103430009909AA09BB09181619061A061B065CF099
:10344000109325070E944224809127078111C7CF3E
:1034500060E081E0E2CF90912807809127074091BA
:10346000EE075091EF076091F0077091F10748194E
:1034700059096A097B09141615061606170694F0F1
:1034800024EF820E21E0921EA11CB11C8092EE0757
:103490009092EF07A092F007B092F107692F0E9477
:1034A0009C769DCF9111ECCF893F09F072C080913D
:1034B0005609882309F465C080912607882309F4FA
:1034C00064C08091680B9091690BA0916A0BB091D8
:1034D0006B0B0097A105B10509F077C08091EA0751
:1034E0009091EB07A091EC07B091ED070097A10533
:1034F000B10509F07BC0AA24A3949091E9078091BB
:10350000A1062091A206821B8F7709F468CF913023
:1035100009F48FC008F485C0923009F492C093304A
:1035200071F78091A1069091A206891B8F779091E7
:10353000E807891708F453CF0E943750C82E8091AE
:10354000E807DD24DA94D80E8DB69EB68150990B2B
:10355000EDB7FEB7E81BF90B0FB6F894FEBF0FBE30
:10356000EDBF0DB71EB70F5F1F4F3801DA94FFEFA5
:10357000DF1609F471C00E943750F30181933F01B7
:10358000F5CF47DA882309F49CCF61E080913402BB
:1035900044CF8E3009F095CF3CDA882309F491CFDF
:1035A00060E083E00E946EC00E94AF27882351F044
:1035B00084E29BE140E355E760E070E04BDA60E0D5
:1035C0008DE02BCF85E19BE1F5CF88199909AA09F8
:1035D000BB09181619061A061B060CF47FCF40E02B
:1035E00050E0BA0185E49EE235DAF9CE88199909EE
:1035F000AA09BB09181619061A061B060CF47BCF7C
:1036000008DA882309F477CF1092EA071092EB07C3
:103610001092EC071092ED0780E19BE10E945E4161
:10362000DECE0E9437508A3509F067CFA092E907B5
:1036300064CF0E943750853A69F482E08093E907AD
:103640005CCF0E9437508093E80783508E3710F488
:1036500083E0F4CF80E0F2CFF3E8CF1619F01092B8
:10366000E90772C0F80180819181982789279827FE
:10367000B280BB0C8F30910559F4F2E0BF1208C044
:10368000F801838180932407848180932307E7CF07
:10369000BE016F5F7F4F0E949E23882301F38F81BD
:1036A0009885892BE1F20E941ECB60936609709386
:1036B000670980936809909369095B80511008C07D
:1036C000EF81F88570E060E0CE0101961995C7CFD3
:1036D0008C8181FF3FC0CDB6DEB6452D50E02DB7C1
:1036E0003EB7241B350B0FB6F8943EBF0FBE2DBF5F
:1036F0008DB79EB701963C0170E060E00E9491F5A5
:10370000D301F801339690E080E02B2D30E08B154B
:1037100070F4851560F441910196821793072CF49B
:103720004F3F19F450815F3F11F04D93F0CFEF817F
:10373000F885B301CE01019619951092E9070FB6ED
:10374000F894DEBE0FBECDBE0FB6F8949EBE0FBE7F
:103750008DBED3CEB51083CFB8016D5F7F4FEF81A3
:10376000F885B2CFECE7F6E081E2DF011D928A95A1
:10377000E9F780912407803320F08091230781327C
:1037800048F440E355E760E070E085EE9AE162D9E5
:1037900080E0089581E00895CF9380E00E94C427DF
:1037A000809158098770C1E0873059F032D9C82F0D
:1037B00081110AC040E355E760E070E080EE9AE1D5
:1037C00049D98C2FCF9108956CE086ED9AE10E9443
:1037D000C4C98BEB9AE10E945E41C0E0F2CFCF9367
:1037E00010927B0616D9C82F811107C040E355E718
:1037F00060E070E080EE9AE12DD98C2FCF91089592
:10380000EF92FF921F93CF93DF93CDB7DEB764970C
:103810000FB6F894DEBF0FBECDBF82E080930902E1
:10382000F8D8182F811114C040E355E760E070E02C
:1038300080EE9AE10FD9812F64960FB6F894DEBF1F
:103840000FBECDBFDF91CF911F91FF90EF900895F4
:103850008091580987708730A1F520E030E040E87A
:1038600050E460912D0A70912E0A80912F0A909158
:10387000300A0E94F5EB87FF04C08DEC9AE10E94AC
:103880005E411F9286E98F931F928F9384EC9AE199
:103890009F938F931F9284E18F93CE0101967C01B9
:1038A0009F938F930E9452EBC7010E9426418FEB9A
:1038B0009AE10E945E410FB6F894DEBF0FBECDBF05
:1038C000BACF6BE086ED9AE10E94C4C982ED9AE11D
:1038D0000E945E4110E0AFCFCF93809111080E940B
:1038E000C42797D8C82F81110AC040E355E760E08C
:1038F00070E080EE9AE1AED88C2FCF910895809140
:10390000580987708730A9F420E030E040E251E4A4
:1039100060912D0A70912E0A80912F0A9091300AA1
:103920000E94F5EB87FFE8CF81EB9AE10E945E41B0
:10393000E3CF6AE086ED9AE10E94C4C987EB9AE181
:103940000E945E41C0E0D8CF909127079E3031F0B1
:103950009D3091F581E0809328070895962F990F67
:10396000990F960F980FE1E0F0E0903110F4F0E03D
:10397000E0E0EE0FFF1FE958F94F9F7021E030E0C3
:1039800002C0220F331F9A95E2F740815181242B08
:10399000352B318320838430ECF26430DCF20E94DA
:1039A000AF278111D7CF10927A0610927906109224
:1039B000780610927706CECF08952F923F924F92BD
:1039C0005F926F927F928F929F92AF92BF92CF92AF
:1039D000DF92EF92FF920F931F93CF93DF93CDB7B8
:1039E000DEB7C958D1090FB6F894DEBF0FBECDBF00
:1039F000CDB6DEB684E690E090938E0980938D0973
:103A000010926D0B10926C0B41E064E070E08E013F
:103A10000F5F1F4FC8010E94C6C343E050E068E833
:103A200074E0C8010E94BDF5892B09F052C041E045
:103A300064E070E0CE0187589F4F0E94C6C3ED96A8
:103A40008CAD9DADAEADBFADED97833B9146AD4F17
:103A5000B44309F0F7C3CE018F579F4F0E945670B1
:103A6000E9961CAE1DAE1EAE1FAEE99710926D0B0F
:103A700010926C0BCE0181589F4F0E945670C15816
:103A8000DF4F88819981CF57D040813D924009F422
:103A90005DC088E999E20E94F72A84EC9CE10E94CB
:103AA000F72A0E94202B60918D0970918E0964562F
:103AB000710989E39DE10E94AE3581E39DE10E9499
:103AC000F72A81ED92E00E9471350E94232B12E0CB
:103AD00012C08C81882319F08FE389831A820E9497
:103AE000202BB80183EA9CE10E94052B85E99CE12B
:103AF0000E94F72A11E08091C507811107C08091CB
:103B00005409833018F080E00E94657D812F0FB644
:103B1000F894DEBE0FBECDBEC757DF4F0FB6F89488
:103B2000DEBF0FBECDBFDF91CF911F910F91FF90F0
:103B3000EF90DF90CF90BF90AF909F908F907F904D
:103B40006F905F904F903F902F900895CE018B57CC
:103B50009F4F0E945170ADB6BEB6CB57DF4F688104
:103B6000C558D04070E06D5F7F4F660F771F660FBE
:103B7000771F8DB79EB7861B970B0FB6F8949EBF25
:103B80000FBE8DBFEDB7FEB73196CA57DF4FF98331
:103B9000E883C658D040CF010E945B704091C507B2
:103BA00081E0482764E070E080EE99E00E94C6C39F
:103BB000CB57DF4F6881C558D04070E06D5F7F4FB5
:103BC000660F771F660F771F8DB79EB7861B970B03
:103BD0000FB6F8949EBF0FBE8DBFEDB7FEB73196FE
:103BE000C857DF4FF983E883C858D040CF010E94FF
:103BF0005B70CB57DF4F6881C558D04070E06D5F78
:103C00007F4F660F771F660F771F8DB79EB7861B96
:103C1000970B0FB6F8949EBF0FBE8DBFEDB7FEB7E2
:103C200031964F01CF010E945B70F090C507F110F3
:103C300058C0CB57DF4F8881C558D04090E00296DE
:103C4000A0EDB9E070E060E030E020E04AE15EE144
:103C5000821793070CF4D6C0CA57DF4FE881F98169
:103C6000C658D040E60FF71F4080518062807380B5
:103C70004D925D926D927D92821793070CF4C8C0AD
:103C8000C857DF4FE881F981C858D040E60FF71FC9
:103C900020803180E280E38121016E2C7E2E5096BF
:103CA0004D925D926D927C925397821793070CF41C
:103CB000B9C0F401E60FF71F20803180E280E38174
:103CC00021016E2C7E2E90964D925D926D927C928B
:103CD00093972F5F3F4F6C5F7F4F2430310509F082
:103CE000B7CF84E09AE00E94497088E09AE00E9491
:103CF00049708CE09AE00E94497080E19AE00E944D
:103D0000497084E19AE00E94497041E04F2560E1EA
:103D100070E082E999E00E94C6C3CE018B589F4FA4
:103D20000E9449700FB6F894BEBE0FBEADBE85E0CE
:103D300099E00E944170CE0183589F4F0E941970F4
:103D40008091C507811109C081E0EE969FADEE9785
:103D500019160CF080E080932002809120028111DE
:103D60000E94A835CE0183599F4F0E944970C80117
:103D70000E94497083E198E00E9449704091C50714
:103D800081E0482768E070E089ED97E00E94C6C3B3
:103D9000CE018B589F4F0E944970CE0183589F4F90
:103DA0000E945170CE0183599F4F0E945170C801EB
:103DB0000E945670EE96EFACEE97AE964FADAE9772
:103DC00083EC2E2D2827F0E12F9F900111248427CA
:103DD00090E0982F88279295907F822793272981BA
:103DE0003A818217930709F02DC2E49E70011124D5
:103DF00021E0E21AF10800F1CE018B589F4F0E949A
:103E00004970F6CFFA01459055906590749030CF87
:103E1000EAE0FEE145905590659074901201E62C21
:103E2000E72D3ACFEAEFFDE145905590659074900B
:103E30001201E62CE72D44CF8CEB9BE00E944170F1
:103E40005AE0F52EFA94CE01FF2029F08B589F4FAF
:103E50000E944970F7CF8C579F4F0E945170CE013E
:103E60008D579F4F0E945170CE0183589F4F0E94E3
:103E70005670CC57DF4F8881C458D04033EC83272D
:103E8000E0E18E9FC0011124CD57DF4F2881C35838
:103E9000D040232730E0322F22273295307F8227EF
:103EA0009327EF962EAD3FADEF978217930709F05A
:103EB000C9C1CE0183599F4F0E943970C8010E9429
:103EC0003970CC57DF4F8881C458D040853009F015
:103ED0007CC1CD57DF4F9881C358D040953009F051
:103EE00076C18091C507811102C00E94C427B80124
:103EF000CE0183599F4F0E941B2A4091C50781E044
:103F0000482764E670E081E697E00E94C6C3CE01D0
:103F100083599F4F0E943170C8010E941970C801D7
:103F20000E9431704091C50781E0482764E170E04C
:103F3000C8010E94C6C3F090C507F1103AC089803D
:103F40009A80AB80BC80A5019401C501B4010E9498
:103F500054F581112EC049845A846B847C846D8110
:103F60007E818F8198858092AE0B9092AF0BA0924C
:103F7000B00BB092B10B21E732EB47E25EE30E9457
:103F80005AEC6093B20B7093B30B8093B40B909385
:103F9000B50B21E732EB47E25EE3C301B2010E94B9
:103FA00082F36093B60B7093B70B8093B80B90932A
:103FB000B90BC8010E942970C8010E942170C80174
:103FC0000E942170C8010E941970C8010E941970D6
:103FD000C8010E94197085E0F80111928A95E9F7ED
:103FE00041E04F2565E070E0C8010E94C6C3CE01E4
:103FF00083599F4F0E943170C8010E9429704091DF
:10400000C507411105C0AE968FADAE97809353079B
:10401000FF24F3944F2560E270E0C8010E94C6C3FC
:10402000CE0183599F4F0E9431704091C5074F25A3
:1040300069E070E0C8010E94C6C34091C507411104
:104040000FC08981809360078A819B81AC81BD818B
:1040500080935C0790935D07A0935E07B0935F0722
:10406000FF24F3944F2562E170E0C8010E94C6C3AB
:104070004091C5074F2564E270E0C8010E94C6C3A5
:104080004091C5074F2560E170E0C8010E94C6C39A
:104090004091C5074F2562E070E0C8010E94C6C389
:1040A0004091C5074F2560E170E0C8010E94C6C37A
:1040B0004091C5074F256CE670E0C8010E94C6C359
:1040C0004091C5074F2568E070E084E597E00E94C5
:1040D000C6C3C8010E944170CE0183589F4F0E9401
:1040E0001970CE0183599F4F0E94497080E3F801F7
:1040F00011928A95E9F74091C5074F2560E370E07A
:10410000C8010E94C6C38091C50781111AC08A8167
:10411000FB801C810981011101C082E30E94B6234A
:10412000011102C084E6F82E8F2D0E94EE23002399
:1041300041F0812F11110E94AF27809311080E9436
:10414000C42780918D0990918E098533934009F0A1
:10415000A0CC20916C0B30916D0BCF57DF4F888135
:104160009981C158D0402817390709F045C080917E
:10417000C507811122C00E94202B00916C0B109169
:104180006D0B88E894E00E949D2788E69DE10E94DF
:10419000F72A81ED92E00E9471358BE59DE10E9446
:1041A000F72AC8010E94713589E20E9459C00E9415
:1041B000232B81E49DE10E942A2E8091C507811165
:1041C00002C00E94DC8D10E096CC8630D8F5CD5729
:1041D000DF4F9881C358D0409630A0F5899F700179
:1041E0001124F1E0EF1AF10808F491CECE018B58BA
:1041F0009F4F0E944970F5CF88E999E20E94F72A03
:10420000CF57DF4F08811981C158D04081E09DE12F
:104210000E94F72AC8010E94713500916C0B109121
:104220006D0B8CEF9CE10E94F72AC8010E9471354A
:104230008CEE9CE10E94F72A8CED9CE10E942A2ED4
:1042400013E059CC88E999E20E94F72A81E29DE1C6
:104250000E94F72A14E04FCCCF93C1E0C093C5076A
:10426000ACDB1092C50781111AC0A7DB882359F077
:1042700040E355E760E070E085E89DE10E942A9503
:1042800080E0CF91089580911208811106C0C093FB
:10429000120860E081E00E946EC081E0F2CF0E94CF
:1042A0005C950E945C950E94F496882319F080E04A
:1042B0000E94657D8CEA9DE10E94C1C10E94202B75
:1042C00088E99DE10E94F72ADBCFCF92DF92EF923F
:1042D000FF920F931F93CF93DF93CDB7DEB7E8978D
:1042E0000FB6F894DEBF0FBECDBF6801790122E49E
:1042F0008F3F09F024E580E289831A828E010F5FE7
:104300001F4FF80101900020E9F7CF010197801BB2
:10431000910B8233910510F5F801E80FF91F208306
:104320008133910521F08C0F9D1FFC011282F80151
:1043300001900020E9F7CF010197801B910B823398
:10434000910560F42AE3F801E80FF91F2083813317
:10435000910521F08C0F9D1FFC0112824CAB5DABCF
:104360006EAB7FAB82E088AFBE016C5C7F4FC80153
:104370000E9401C1F80101900020E9F7CF010197E7
:10438000801B910B8233910550F443E350E0481BAE
:10439000590B6EE576E2800F911F0E94EFEACCAADE
:1043A000DDAAEEAAFFAA82E088AFBE016C5C7F4F57
:1043B000C8010E9401C1C8010E949D2762E070E00F
:1043C00080E090E00E9484CAE8960FB6F894DEBFC1
:1043D0000FBECDBFDF91CF911F910F91FF90EF9056
:1043E000DF90CF900895DF92EF92FF920F931F938B
:1043F000CF93DF93CDB7DEB7C157D1090FB6F8948D
:10440000DEBF0FBECDBFF82E60919A0B70919B0B53
:10441000072E000C880B990B0E94FBEB8B019C0173
:104420004091960B5091970B6091980B7091990B5E
:1044300080E84BDF6091D6077091D707072E000CFC
:10444000880B990B0E94FBEB8B019C014091D207DA
:104450005091D3076091D4077091D5078FEF35DF66
:104460008FEFF81631F0FF2009F485C0F12CE12C14
:1044700003C0E090D807F12C45E650E066E676E20E
:104480008E010F5F1F4FC8010E94EFEAFF92EF926B
:1044900081ED94E09F938F937E01E6E6EE0EF11C92
:1044A000FF92EF920E94D6F5F80101900020E9F703
:1044B000CF010197801B910B0F900F900F900F90E1
:1044C0000F900F908436910548F445E650E0481B64
:1044D000590BB701800F911F0E943EEBD090D80777
:1044E000F80101900020E9F7CF010197801B910BA3
:1044F0008436910550F445E650E0481B590B61E6BF
:1045000076E2800F911F0E94EFEA1F92DF9281ED09
:1045100094E09F938F93FF92EF920E94D6F5F8015B
:1045200001900020E9F7CF010197801B910B0F90BC
:104530000F900F900F900F900F908436910548F4D4
:1045400045E650E0481B590BB701800F911F0E94B0
:104550003EEBC8010E949D27CF58DF4F0FB6F8945D
:10456000DEBF0FBECDBFDF91CF911F910F91FF90A6
:10457000EF90DF900895E0909C0B7DCF2F923F92BB
:104580004F925F926F927F928F929F92AF92BF9263
:10459000CF92DF92EF92FF920F931F93CF93DF930F
:1045A000CDB7DEB7AC970FB6F894DEBF0FBECDBF68
:1045B0008BA76CA72091E1072AA71092E10781E061
:1045C000809311091B8E1C8E1D8E1E8E1AA21BA29B
:1045D0001CA21DA21EA23CE33FA38CE188A796E487
:1045E00099A71E8A1F8AA0E8A88FBFEBB98F1A8EE1
:1045F000E1E0E9A3812C912C54019E012F5F3F4FF4
:10460000190180911109882309F43CC18114910496
:10461000A104B10461F0C818D908EA08FB0830E128
:10462000C31637E2D306E104F10408F02BC1609110
:104630009A0B70919B0B072E000C880B990B0E9414
:10464000FBEB7B018C012E893F89488D598D0E949F
:10465000F5EB8823B9F02091960B3091970B4091A0
:10466000980B5091990B8CA5B7018111D4C0C8014A
:104670000E94F5EB881F8827881F8A8FEE8AFF8AA1
:10468000088F198F0E941ECB6B017C018AA19BA110
:10469000ACA1BDA18C199D09AE09BF091816190658
:1046A0001A061B06A4F1D701C60188519C4FAF4FD3
:1046B000BF4F8AA39BA3ACA3BDA38BA594DE45E10A
:1046C00050E06AE676E2C1010E94EFEA1D8A811499
:1046D0009104A104B10409F4A9C0C501B401605F4B
:1046E000784D8F4F9F4F6C197D098E099F0928EED9
:1046F00033E040E050E00E941FF2BA01A901C1017D
:104700000E94417AC1010E949D270E94232B80E0D4
:104710000E9468380E941ECB6093660970936709F7
:104720008093680990936909B091960BBF8FE091CF
:10473000970BE8A30091980B1091990B2B2F3E2F0C
:10474000A8016E897F89888D998D0E94A5F22B0121
:104750003C0120E030E0A9010E94CCF487FF04C0B6
:1047600077FA709477F8709481149104A104B104DD
:1047700009F07AC020E030E040E85FE3C301B20115
:104780000E94F5EB87FF10C0F9A1812C912C5401F8
:10479000FF2331F085E0882E8DE0982EA12CB12CDE
:1047A0008C0C9D1CAE1CBF1C2A8D222391F18B8D7D
:1047B0009C8DAD8DBE8D0097A105B10549F08C197A
:1047C0009D09AE09BF09181619061A061B060CF139
:1047D0002F8D38A1A8016EA17FA188A599A50E945F
:1047E000A5F220E030E040EC5FE30E94F5EB87FDAE
:1047F00049C0D701C601805A9541AF4FBF4F8B8F3B
:104800009C8FAD8FBE8F9F8D9EA3A8A1AFA308A73D
:1048100019A719A2F6CEC8010E94F5EB87FD32C098
:10482000EE8AFF8A088F198F1A8E2CCFD1010D9036
:104830000020E9F7CD010197821993098431910590
:1048400008F060CFF101E80FF91FBFE3B0838331B7
:10485000910509F457CFE2E0F0E0EC0FFD1F8E0F59
:104860009F1FDC011C924ECF20E030E040EA50E474
:10487000C301B2010E94CCF418160CF095CF46018A
:10488000570192CF10911109112321F010921109B3
:104890000E94A6C4BAA5B093E107812FAC960FB6CB
:1048A000F894DEBF0FBECDBFDF91CF911F910F9166
:1048B000FF90EF90DF90CF90BF90AF909F908F9040
:1048C0007F906F905F904F903F902F900895CF9280
:1048D000DF92EF92FF920F931F93CF93DF93CDB7A9
:1048E000DEB7A7970FB6F894DEBF0FBECDBF182F67
:1048F0000E94148A812309F46BC04091E304509113
:10490000E4046091E5047091E60448A359A36AA306
:104910007BA330E020E0E0E090E0AC01022E02C09A
:10492000559547950A94E2F740FF11C064E270E0A4
:104930006C0F7D1F6E0F711D40E250E04C0F5D1F2C
:10494000420F531FDA014C91DB014C93EF5F2F5F55
:104950003F4F2330310509F78E010C5D1F4FE00FEB
:10496000F12FF11D108219821F8E1F930F9380EE7D
:10497000E82E8BE1F82EFF92EF921F928EE18F933B
:10498000CE0101966C019F938F930E9452EB0E947F
:10499000202BC6010E940E271F930F93FF92EF92C8
:1049A0001F920E9446CB0FB6F894DEBF0FBECDBF5C
:1049B00081E0A7960FB6F894DEBF0FBECDBFDF91A2
:1049C000CF911F910F91FF90EF90DF90CF900895BE
:1049D00080E0EFCFCF92DF92EF92FF921F93CF93C1
:1049E000DF93CDB7DEB72C970FB6F894DEBF0FBEBE
:1049F000CDBF182F6B017A01809154098330A8F044
:104A000080918108811111C00E941D2BC6010E9456
:104A1000F72A84EE95E20E94F72A1F3FA1F580EE67
:104A200095E20E94F72A0E94232B0E94807BA89582
:104A300080918108811135C081E08093810882E0F6
:104A4000809354090E94807B87E041DF811111C06F
:104A50008CE0E4E7F4E0DE01119601900D928A9576
:104A6000E1F7BE016F5F7F4F80E00E94C3910E941B
:104A7000677F69ED75E21F3F11F06DED75E240E073
:104A8000C7010E94853617FDCECF85E40E9459C02C
:104A9000612F012E000C770B880B990B0E94A8C187
:104AA000C2CF2C960FB6F894DEBF0FBECDBFDF91FC
:104AB000CF911F91FF90EF90DF90CF90089542E04B
:104AC00056E26FE076E286CFCF93DF93A895809190
:104AD000940B9091950B2091940B3091950B82172C
:104AE0009307A9F70E9498C26093960B7093970B57
:104AF0008093980B9093990B8091D0079091D10758
:104B00002091D0073091D10782179307A9F70E940F
:104B1000977B6093D2077093D3078093D4079093C9
:104B2000D507C091940BD091950B8091940B9091E7
:104B3000950BC817D907A9F780912E0290912F02E3
:104B4000C817D90710F480E0BADF80919A0B9091D2
:104B50009B0B181619066CF480912C0290912D0273
:104B60008C179D0730F44FE356E26CE476E280E068
:104B700031DF8091D0079091D1072091D0073091FB
:104B8000D10782179307A9F720912A0230912B02AF
:104B90008217930710F48FEF92DF8091D6079091E0
:104BA000D70718161906D4F420912802309129024B
:104BB0008091D0079091D1074091D0075091D107B3
:104BC00084179507A9F72817390740F44FE356E2F1
:104BD0006CE476E28FEFDF91CF91FCCEDF91CF9145
:104BE00008954F925F926F927F928F929F92AF92B1
:104BF000BF92CF92DF92EF92FF920F931F93CF93CA
:104C0000DF93CDB7DEB72E970FB6F894DEBF0FBE99
:104C1000CDBF80915409811118C0A8952E960FB66A
:104C2000F894DEBF0FBECDBFDF91CF911F910F91E2
:104C3000FF90EF90DF90CF90BF90AF909F908F90BC
:104C40007F906F905F904F900895809190088111B0
:104C5000E5CF81E0809390088091CD07811103C05A
:104C600010929008DBCF30DF1092CD070E941ECB50
:104C70002B013C016091320270913302072E000C2F
:104C8000880B990B0E94FBEB9B01AC016091960B8A
:104C90007091970B8091980B9091990B0E94CCF496
:104CA000181614F480E00BDF80911C0A811118C0E3
:104CB0008091180A9091190AA0911A0AB0911B0AC2
:104CC0000097A105B10561F084199509A609B709F6
:104CD000181619061A061B061CF081E080931C0AA0
:104CE00060919A0B70919B0B072E000C880B990B0F
:104CF0000E94FBEB8B019C014091960B5091970B0E
:104D00006091980B7091990BA12CB12CE0E8CE2EFC
:104D1000E0E4DE2EE12C80E89BE00E9463CB8090F3
:104D2000960B9090970BA090980BB090990B609178
:104D3000300270913102072E000C880B990B0E94F3
:104D4000FBEB9B01AC01C501B4010E94CCF4181629
:104D50000CF030C26091320270913302072E000CC9
:104D6000880B990B0E94FBEB9B01AC01C501B401C0
:104D70000E94F5EB87FF1EC280911C0A9091880863
:104D8000911109C022E93BE03093870820938608FF
:104D900091E090938808882309F4CDC0C12CD12CD0
:104DA0007601C701B6010E94EAF375956795609395
:104DB0009C0B8091E4079091E507A091E607B091E4
:104DC000E7070097A105B105B9F084199509A6096F
:104DD000B709181619061A061B0674F0C501B401A6
:104DE0000E94EAF32091E2073091E307621773070C
:104DF0000CF4E2C10E94156F20E030E046EE52E470
:104E00006091D2077091D3078091D4079091D50714
:104E10000E94CCF4181614F48FEF51DE8091C9076C
:104E20009091CA07A091CB07B091CC070097A1053C
:104E3000B105E9F084199509A609B70918161906EC
:104E40001A061B06A4F06091D2077091D3078091D7
:104E5000D4079091D5070E94EAF32091C7073091BB
:104E6000C807621773070CF4AEC10E9483248091B7
:104E7000820890918308A0918408B09185088419D4
:104E80009509A609B709181619061A061B060CF487
:104E9000E7CED301C20188579C4EAF4FBF4F8093DE
:104EA000820890938308A0938408B093850880912A
:104EB000210A811118C080911D0A90911E0AA091AB
:104EC0001F0AB091200A0097A105B10561F084196D
:104ED0009509A609B709181619061A061B061CF02B
:104EE00081E08093210A6091D6077091D707072E41
:104EF000000C880B990B0E94FBEB8B019C014091ED
:104F0000D2075091D3076091D4077091D507A12C97
:104F1000B12CC12C80E4D82EEE24EA9489E89BE0E1
:104F20000E9463CB8091210A882309F455C1109215
:104F3000D807759895CE80918608909187089E87AE
:104F40008D87DC0114968D919D910D90BC91A02DC3
:104F50008D839E83AF83B887ED85FE8560857185DF
:104F6000072E000C880B990B0E94FBEB6B017C0158
:104F700020E030E0A9010E94F5EB882391F02D811B
:104F80003E814F815885C701B6010E94A5F26B0191
:104F90007C0120E030E040EA51EC0E94F5EB87FF15
:104FA00009C081E0AD85BE851B968C93C12CD12CA8
:104FB0007601D0C020E030E040EA51E4C701B601FC
:104FC0000E94CCF418165CF481E0ED85FE858387A1
:104FD000C12CD12C3FE7E32E33E4F32EBBC0AD85CB
:104FE000BE851B968C911B97882369F0FD01148A5E
:104FF000158A168A178A58961D921D921D921C9228
:105000005B971B961C92ED85FE85248D358D468D14
:10501000578DC701B6010E945AEC69877A878B8742
:105020009C87AD85BE8550966D937D938D939C93A3
:10503000539790962D913D914D915C919397C70117
:10504000B6010E945AECED85FE8524893589468992
:1050500057890E94A6F26B017C0120E030E0A90193
:105060000E94F5EB87FD9BC020E030E04FE753E462
:10507000C701B6010E94CCF418160CF494C0AD859B
:10508000BE855496CD92DD92ED92FC92579758963C
:105090008D919D910D90BC91A02D89839A83AB83B6
:1050A000BC832D813E814F815885ED85FE856485C9
:1050B0007585868597850E94A5F2AD85BE859496F7
:1050C0002D913D914D915C9197970E945AEC2981C9
:1050D0003A814B815C810E94A5F220ED3CEC4CE4CE
:1050E0005DE30E945AEC29813A814B815C810E94E8
:1050F000A6F269837A838B839C83ED85FE85608F1E
:10510000718F828F938FA701960169857A858B8530
:105110009C850E94A6F229813A814B815C810E9484
:10512000A6F220E030E0A9010E94A6F26B017C010A
:1051300020E030E0A9010E94F5EB87FD37CF20E0A9
:1051400030E04FE753E4C701B6010E94CCF41816D3
:105150000CF43ECF8D819E81AF81B885ED85FE85B3
:1051600084879587A687B78720E030E0A901C7012B
:10517000B6010E94F5EB87FD11CE20E030E04FE74D
:1051800053E4C701B6010E94CCF418160CF009CE06
:10519000C12CD12C2FE7E22E23E4F22E02CEC12C1B
:1051A000D12C76016CCFC12CD12C4FE7E42E43E4F7
:1051B000F42E65CF60E0FBCD41E256E260E376E29B
:1051C00080E008DC19CE41E256E260E376E28FEF40
:1051D00001DC4DCE8FE733C0C090D207D090D3070B
:1051E000E090D407F090D50720E030E040EA50E4AA
:1051F000C701B6010E94CCF487FD99CE20E030E0D3
:1052000046EE52E4C701B6010E94F5EB18160CF405
:105210008ECE6091D6077091D707072E000C880BB1
:10522000990B0E94FBEBA70196010E94A5F220E0DA
:1052300030E0A9010E94CCF4181664F280E080935B
:10524000D8070ECD2F923F924F925F926F927F922E
:105250008F929F92AF92BF92CF92DF92EF92FF9286
:105260000F931F93CF93DF93CDB7DEB7C054D1090F
:105270000FB6F894DEBF0FBECDBF8EE297E00E945E
:10528000A58A8091CF0983FD6EC02091310A3091AB
:10529000320A4091330A5091340A60913A07709172
:1052A0003B0780913C0790913D070E94F5EB8823D6
:1052B00009F459C00E94D27E182F882331F00E9431
:1052C000202B85EC9BE10E94F72A2091310A309136
:1052D000320A4091330A5091340A60913A07709132
:1052E0003B0780913C0790913D070E94A5F26B011E
:1052F0007C0120E030E0A9010E94CCF487FF04C0CB
:10530000F7FAF094F7F8F094209155023091560294
:105310004091570250915802C701B6010E945AECC1
:1053200020E030E048E453E40E94CCF41816CCF4BA
:105330000E94202B86EA9BE10E94F72A80913A077F
:1053400090913B07A0913C07B0913D078093310AB3
:105350009093320AA093330AB093340A0E94108DBE
:1053600002C01111EBCF2AE037ED43E25CE360911C
:1053700013027091140280911502909116020E94FE
:105380005AEC6B017C016091110270911202072EA0
:10539000000C880B990B0E94FBEB9B01AC01C70131
:1053A000B6010E945AEC6DAB7EAB8FAB98AF80918B
:1053B0008809882311F1C0903607D0903707E09014
:1053C0003807F09039078090890990908A09A09059
:1053D0008B09B0908C0920E030E0A901C501B4012F
:1053E0000E94F5EB882309F442C0A5019401C7018E
:1053F000B6010E94F5EB87FD3AC019821A821B8222
:105400001C821D821E821F82188619861A861B86A0
:105410001C869E012F5F3F4F4DA95EA96FA978ADF5
:105420008EE297E00E9428C380E1EEE2F7E0A5E279
:10543000BAE001900D928A95E1F7C05CDF4F0FB69C
:10544000F894DEBF0FBECDBFDF91CF911F910F91BA
:10545000FF90EF90DF90CF90BF90AF909F908F9094
:105460007F906F905F904F903F902F900895209184
:10547000250A3091260A4091270A5091280A609106
:105480002E0770912F0780913007909131070E946D
:10549000A5F22B013C01498A5A8A6B8A7C8A2091A9
:1054A000290A30912A0A40912B0A50912C0A6091C6
:1054B00032077091330780913407909135070E942D
:1054C000A5F269AB7AAB8BAB9CAB6D8B7E8B8F8B74
:1054D000988F20912D0A30912E0A40912F0A5091D9
:1054E000300AC701B6010E94A5F269AF7AAF8BAF4F
:1054F0009CAF698F7A8F8B8F9C8F2091310A30916E
:10550000320A4091330A5091340A60913A077091FF
:105510003B0780913C0790913D070E94A5F24B010B
:105520005C018D8E9E8EAF8EB8A220E030E0A90186
:10553000C301B2010E94F5EB81110CC020E030E004
:10554000A90169A97AA98BA99CA90E94F5EB8823D6
:1055500009F453CFCE0141960E942E8A6B017C0143
:105560002DEB37E346E855E30E94F5EB87FF0FC0CC
:1055700020E030E0A901C501B4010E94CCF475011E
:10558000640187FF04C0F7FAF094F7F8F0942DEB6C
:1055900037E346E855E3C701B6010E94F5EB87FD06
:1055A00043CF20E030E040EA50E4C701B6010E945A
:1055B00082F30E94EFF31B01672B19F4222423943A
:1055C000312CB10190E080E00E94F9EB9B01AC012D
:1055D00060E070E080E89FE30E9482F36DA77EA701
:1055E0008FA798AB9B01AC01C301B2010E945AEC9A
:1055F00021966CAF7DAF8EAF9FAF21972DA53EA5B5
:105600004FA558A969A97AA98BA99CA90E945AEC0F
:1056100069AB7AAB8BAB9CAB2DA53EA54FA558A92A
:1056200069AD7AAD8BAD9CAD0E945AEC2B013C016B
:105630002DA53EA54FA558A9C501B4010E945AEC5D
:105640004B015C012DA53EA54FA558A9C701B60188
:105650000E945AEC69A37AA38BA39CA31DA21EA24D
:105660001FA218A619A61AA61BA61CA680E1E5E291
:10567000FAE08E010F5F1F4FD80101900D928A95BD
:10568000E1F70E941ECB6B017C0128ECC20ED11CFD
:10569000E11CF11C81E0281A310809F45AC00E946B
:1056A0001ECBA7019601261B370B480B590B121670
:1056B0001306140615060CF450C06B017C01A8EC0F
:1056C000CA0ED11CE11CF11C80E00E9468382196B2
:1056D0002CAD3DAD4EAD5FAD219769817A818B8157
:1056E0009C810E94A6F269837A838B839C8329A97B
:1056F0003AA94BA95CA96D817E818F8198850E9412
:10570000A6F26D837E838F839887A30192016985BA
:105710007A858B859C850E94A6F269877A878B871C
:105720009C87A50194016D857E858F8598890E944F
:10573000A6F26D877E878F87988B9E012F5D3F4FE6
:105740004DA95EA96FA978ADC8010E9428C3811137
:10575000A1CF9E012F5D3F4F5FCE43DAB8CF4F926E
:105760005F926F927F928F929F92AF92BF92CF92F1
:10577000DF92EF92FF92CF93DF936B017C018090D9
:10578000130290901402A0901502B0901602C091DE
:105790001102D091120284E690E09093120280935D
:1057A000110240905502509056026090570270903E
:1057B000580280E090E0A0E8BFE380935502909308
:1057C0005602A0935702B093580220E030E0A9019E
:1057D000C7010E94F5EB882341F0C0921302D092DA
:1057E0001402E0921502F09216022CDD409255024E
:1057F000509256026092570270925802D093120251
:10580000C09311028092130290921402A09215028A
:10581000B0921602DF91CF91FF90EF90DF90CF9082
:10582000BF90AF909F908F907F906F905F904F90C0
:105830000895FC01208180916C0B90916D0B922753
:1058400028E0AC01880F991F57FD07C02150C9F708
:1058500090936D0B80936C0B0895F1E28F27F0E12C
:105860009F27F4CF3FB7F8948091A4149091A5148A
:10587000A091A614B091A71426B5A89B05C02F3FF0
:1058800019F00196A11DB11D3FBFBA2FA92F982F66
:105890008827BC01CD01620F711D811D911D42E061
:1058A000660F771F881F991F4A95D1F70895FC014D
:1058B000938591FD13C0987121E0903109F020E0AB
:1058C0008091790B20FB85F98093790B903141F021
:1058D0008085873419F481858E3711F480E008952E
:1058E00081E00895FC0120E03EE2DB014D91BD0125
:1058F000403249F0283011F430833196DB011197A2
:105900004C91408331962F5F2B3079F710820895A8
:10591000CF938091F816C1E08823C9F08091F916E1
:105920009091FA164091F0165091F1166091F2168E
:105930007091F316DC01ED91FC910288F389E02D62
:1059400020EF34E11995C82F811104C0C0E08C2FDD
:10595000CF9108954091F4165091F5166091F61686
:105960007091F7164115510561057105B9F08091E7
:10597000F9169091FA16DC01ED91FC910288F389F9
:10598000E02D20EF34E11995882301F31092F416ED
:105990001092F5161092F6161092F7161092F8164D
:1059A000D6CFCF92DF92EF92FF92CF936B017C0123
:1059B000C42F8091F0169091F116A091F216B0913B
:1059C000F3168C159D05AE05BF0519F1A1DF8111F8
:1059D00007C080E0CF91FF90EF90DF90CF900895C7
:1059E0008091F9169091FA16DC01ED91FC910088F6
:1059F000F189E02D20EF34E1B701A6011995882344
:105A000041F3C092F016D092F116E092F216F092A5
:105A1000F31681E0CC23F1F28093F816DBCF8F925E
:105A20009F92AF92BF92CF92DF92EF92FF92CF936D
:105A3000DF939093FA168093F9161092121782E072
:105A400090E0A0E0B0E08093FB169093FC16A0934A
:105A5000FD16B093FE161092F8161092F4161092DE
:105A6000F5161092F6161092F7168FEF9FEFDC01E5
:105A70008093F0169093F116A093F216B093F3165C
:105A8000662309F46EC040E060E070E0CB0189DF7E
:105A900081110DC0C0E08C2FDF91CF91FF90EF906E
:105AA000DF90CF90BF90AF909F908F90089580919E
:105AB000AE168F7779F78091BA169091BB16A091A8
:105AC000BC16B091BD1684369105A105B10510F341
:105AD000C090B616D090B716E090B816F090B916F0
:105AE000C114D104E104F104A9F240E0C701B601F8
:105AF00058DFC82F882371F28091FB149091FC1419
:105B00008115924039F6A0910015AA2319F26091EF
:105B1000FE147091FF146115710509F4BBCF20913B
:105B2000FD14222309F4B6CFA0930D172093FF167E
:105B300090E080E030E0E1E0F0E0D82FAF01082E07
:105B400002C0440F551F0A94E2F72417350769F085
:105B500041E0480F01968930910579F74093081785
:105B600099CFC12CD12C7601C0CF809308172091FA
:105B700006153091071550E040E02115310541F43C
:105B80002091141530911515409116155091171547
:105B90002093001730930117409302175093031777
:105BA00046015701860E971EA11CB11C80920E174C
:105BB00090920F17A0921017B0921117E091011553
:105BC000F0910215F0931417E0931317B0E00E94C0
:105BD0005DF2DC01CB01880D991DAA1DBB1D8093D0
:105BE000151790931617A0931717B093181725E061
:105BF000EE0FFF1F2A95E1F7E150FE4FEF2FFF2731
:105C0000E6958E0F9F1FA11DB11D809309179093DC
:105C10000A17A0930B17B0930C1780900315909060
:105C20000415B12CA12C8114910441F4809010151D
:105C300090901115A0901215B0901315C81AD90A9A
:105C4000EA0AFB0AC80CD91CEA1CFB1C04C0F69427
:105C5000E794D794C794DA95D2F7C0920417D092FC
:105C60000517E0920617F092071785EFC8168FE028
:105C7000D806E104F10420F48CE0809312170ACFD7
:105C800080E125EFC2162FEFD206E104F10488F07F
:105C900080911C1590911D15A0911E15B0911F1596
:105CA0008093151790931617A0931717B093181792
:105CB00080E280931217EFCE4F925F926F927F92A5
:105CC0008F929F92AF92BF92CF92DF92EF92FF920C
:105CD0000F931F93CF93DF93EC0142305105610581
:105CE000710590F480E0DF91CF911F910F91FF90AB
:105CF000EF90DF90CF90BF90AF909F908F907F906C
:105D00006F905F904F90089589859A85AB85BC858B
:105D10000196A11DB11D84179507A607B70710F3BB
:105D20008F898031C1F5852E962EA72EBB248B89B5
:105D30009C89AD89BE89880E991EAA1EBB1E2801AA
:105D400039016A017B0141E0C501B4012ADE8823E3
:105D500049F29F89903181F5DD24EE24FF24F6017C
:105D6000EE0FFF1FE051FB4E118300839A899230A2
:105D700008F4B9CF4D815E816F817885840E951EC0
:105D8000A61EB71E8092F4169092F516A092F616F3
:105D9000B092F716A8CF803209F0A4CF8B899C89E6
:105DA000AD89BE894A015B01E7E0B694A794979458
:105DB0008794EA95D1F7BFCFE894C7F8DD24EE24A5
:105DC000FF24F601EE0FFF1FEE0FFF1FE051FB4E09
:105DD0004082518262827382C9CFCF92DF92EF926A
:105DE000FF920F931F93CF93DF93FC0181859285E0
:105DF000A385B4850196A11DB11D84179507A6073B
:105E0000B70750F480E0DF91CF911F910F91FF9081
:105E1000EF90DF90CF90089587898031A9F5BB2757
:105E2000A72F962F852FC388D488E588F6888C0DF8
:105E30009D1DAE1DBF1DE9016A017B018F014091CF
:105E4000F0165091F1166091F2167091F3168417C6
:105E50009507A607B70749F5F8018789803161F5ED
:105E6000B701A601552766277727440F551F4051D4
:105E70005B4EFA0180819181B0E0A0E08883998334
:105E8000AA83BB8381E0BFCF803209F0BBCFC38838
:105E9000D488E588F688DB01CA01C7E0B695A795E6
:105EA00097958795CA95D1F7C2CF40E0BC01CD0147
:105EB00078DD8111D1CFA6CFB701A6014F77552745
:105EC00066277727440F551F440F551F40515B4EDF
:105ED000FA0180819181A281B381BF70CFCF4F92AF
:105EE0005F926F927F92AF92BF92CF92DF92EF92CA
:105EF000FF920F931F93CF93DF9300D01F92CDB7E4
:105F0000DEB78C0149835A836B837C835901C12C92
:105F1000D12C7601412C82E0582E612C712C4981C4
:105F20005A816B817C819E012F5F3F4FC80155DFF5
:105F3000882319F1F8018585A301920104C0220F7D
:105F4000331F441F551F8A95D2F7DA01C901C80EC5
:105F5000D91EEA1EFB1E49815A816B817C8187898B
:105F60008031F1F481E0483F5F4F61057105B8F27F
:105F7000F501C082D182E282F3820F900F900F90E0
:105F80000F90DF91CF911F910F91FF90EF90DF90D5
:105F9000CF90BF90AF907F906F905F904F9008959B
:105FA00081E0483F5F4F6F4F7F4008F4B8CFE0CFAC
:105FB0000F931F93CF93DF93FC012381222331F0B2
:105FC00080E0DF91CF911F910F9108958B01EC013B
:105FD000FB018789803139F582E08B831D8A1E8A17
:105FE0001F8A188E808D918DB0E0A0E025E0880F8B
:105FF000991FAA1FBB1F2A95D1F7898B9A8BAB8B50
:10600000BC8B1A8F098F81E08983188619861A86BE
:106010001B861C821D821E821F82188A1C861D867A
:106020001E861F86CECF803259F683E08B83428D49
:10603000538D648D758D4D8B5E8B6F8B788F9E012C
:106040002F5E3F4FC8014BDF8111DBCFB9CFCF931C
:10605000DF93EC01462F41706C857D858E859F8591
:10606000A0DC882351F0888920E2829FC00111249E
:1060700080519B4EDF91CF91089590E080E0FACF60
:10608000CF93DF93EC018B81882339F1898187FFDE
:1060900021C061E0CE01DBDFFC01892BF1F08081C2
:1060A000853ED9F08B81823040F489899A89AB8909
:1060B000BC89848F958FA68FB78F8D899E89938F8A
:1060C000828F8D899E89AF89B88DB58BA48B89818C
:1060D0008F778983DF91CF911BCC81E0888380E02B
:1060E000DF91CF9108953F924F925F926F927F928E
:1060F0008F929F92AF92BF92CF92DF92EF92FF92D8
:106100000F931F93CF93DF93CDB7DEB72C970FB6C6
:10611000F894DEBF0FBECDBF5C01DC0159968D90B7
:106120009C90F40181859285A385B4859C01AD0185
:106130002F5F3F4F4F4F5F4F29873A874B875C87D1
:10614000D50114964D905D906D907C9017974114F9
:1061500051046104710409F458C0BFEF4B1A5B0A83
:106160006B0A7B0A312C730162011D821E821F8221
:106170001886F40181859285A385B4852D813E81A1
:106180004F815885281739074A075B0708F054C024
:1061900089859A85AB85BC858C159D05AE05BF05A7
:1061A00050F482E0C82ED12CE12CF12C92E0492E43
:1061B000512C612C712C9E012F5F3F4FB701A6011E
:1061C000C4010BDE8823C1F189819A81AB81BC8136
:1061D000892B8A2B8B2B01F1260137019FEF491A5E
:1061E000590A690A790A2D813E814F8158852F5FAE
:1061F0003F4F4F4F5F4F2D833E834F8358873FEF75
:10620000C31AD30AE30AF30AB4CF408051806280F4
:10621000738033243394A7CFC414D504E604F70461
:1062200011F70FEF1FEF2FEF3FE0B701A601C401F9
:1062300043DD782E81111AC0712C872D2C960FB654
:10624000F894DEBF0FBECDBFDF91CF911F910F91AC
:10625000FF90EF90DF90CF90BF90AF909F908F9086
:106260007F906F905F904F903F900895F50144812B
:10627000558166817781411551056105710531F0C0
:1062800097018601C40118DD8823B1F2D501149667
:10629000CD92DD92ED92FC921797332051F0D70109
:1062A000C6010196A11DB11DF40180839183A283D3
:1062B000B383F50185899689A789B08D892B8A2BAF
:1062C0008B2B09F0BACFC58AD68AE78AF08E8181F6
:1062D00080688183B2CF8F929F92AF92BF92CF920C
:1062E000DF92EF92FF920F931F93CF93DF93EC0116
:1062F0006A017B01590120E030E0A90167E30E94B7
:106300000478A501980167E1CE010E94047881110B
:1063100027C08F81833039F089E0CC0CDD1CEE1C66
:10632000FF1C8A95D1F7A701960169E1CE010E9471
:10633000047811E0882319F010E087E08C83CE0107
:106340000E945A77812FDF91CF911F910F91FF907B
:10635000EF90DF90CF90BF90AF909F908F90089577
:1063600089E08C8310E0EBCF2F923F924F925F92A7
:106370006F927F928F929F92AF92BF92CF92DF9255
:10638000EF92FF920F931F93CF93DF93CDB7DEB7BA
:10639000C859D1090FB6F894DEBF0FBECDBF8C012E
:1063A000E0964FAFE097252E362EE2967FAFE2972C
:1063B000C258DF4F39832883CE57D0402091E4095B
:1063C0003091E5094091E6095091E709DC016D91B2
:1063D0007D918D919C910E945AEC0E94D8F4C457F3
:1063E000DF4F688379838A839B83CC58D040209188
:1063F000E8093091E9094091EA095091EB09F80167
:1064000064817581868197810E945AEC0E94D8F43C
:10641000C057DF4F688379838A839B83C059D040FC
:106420002091EC093091ED094091EE095091EF096E
:10643000D80118966D917D918D919C911B970E942A
:106440005AEC0E94D8F4CC56DF4F688379838A8354
:106450009B83C459D040D8011C962D913D914D91FC
:106460005C911F97A3962CAF3DAF4EAF5FAFA39744
:106470002091F0093091F1094091F2095091F3090E
:10648000A3966CAD7DAD8EAD9FADA3970E945AECE7
:106490000E94D8F4C058DF4F688379838A839B8336
:1064A000C058D04080E1F801DE01AF5BBF4F0190E2
:1064B0000D928A95E1F78091CF0983FD04C0809108
:1064C000C8098823F1F0C058DF4F088119812A815B
:1064D0003B81C058D0400093EA0B1093EB0B209304
:1064E000EC0B3093ED0BA3962CAD3DAD4EAD5FADF7
:1064F000A3972093DA0B3093DB0B4093DC0B509384
:10650000DD0B9091CD0B8091CC0B891738F0891B56
:106510008F3031F480E00E946838F3CF805FF7CF8E
:106520008091CC0B0E94F883C856DF4F8883C859EE
:10653000D0400091CC0B8091C6099091C709892B5E
:1065400011F00C944DC08091DE0B9091DF0BA09167
:10655000E00BB091E10BC457DF4F88809980AA808F
:10656000BB80CC58D040881A990AAA0ABB0A8091ED
:10657000E20B9091E30BA091E40BB091E50BC057B7
:10658000DF4F288139814A815B81C059D040281B67
:10659000390B4A0B5B0B67962CAF3DAF4EAF5FAF2D
:1065A00067978091E60B9091E70BA091E80BB09173
:1065B000E90BCC56DF4F288139814A815B81C45970
:1065C000D040281B390B4A0B5B0B6B962CAF3DAFB1
:1065D0004EAF5FAF6B978091EA0B9091EB0BA09160
:1065E000EC0BB091ED0BC058DF4FC880D980EA802A
:1065F000FB80C058D040C81AD90AEA0AFB0A09F43D
:1066000081C00E94D27E882339F1C058DF4F888133
:106610009981AA81BB81C058D0408093EA0B9093A6
:10662000EB0BA093EC0BB093ED0BA3962CAD3DAD13
:106630004EAD5FADA3972093DA0B3093DB0B409305
:10664000DC0B5093DD0B0E94202B84EE9FE20E9416
:10665000F72AC12CD12C7601C701B6010E94FBEBB1
:1066600020915502309156024091570250915802A4
:106670000E945AEC2B013C0120E030E0A9010E946D
:10668000CCF487FF04C077FA709477F8709420E018
:1066900030E048E453E46091F0097091F109809191
:1066A000F2099091F3090E945AECA30192010E9411
:1066B000F5EB87FF27C0C058DF4F88819981AA81F9
:1066C000BB81C058D0408093EA0B9093EB0BA09312
:1066D000EC0BB093ED0BA3962CAD3DAD4EAD5FAD85
:1066E000A3972093DA0B3093DB0B4093DC0B509392
:1066F000DD0B0E94202B85EC9FE20E94F72AC12C23
:10670000D12C760110E081E0181419041A041B043E
:106710000CF080E080FB10F981E067962CAD3DAD78
:106720004EAD5FAD679712161306140615060CF0F2
:1067300080E080FB11F981E06B962CAD3DAD4EAD54
:106740005FAD6B9712161306140615060CF080E069
:1067500080FB12F981E01C141D041E041F040CF0C0
:1067600080E080FB13F9C701B6010E94FBEB20918A
:1067700055023091560240915702509158020E94A2
:106780005AEC6B017C0120E030E0A9010E94CCF4BE
:1067900087FF66C4C701B6019058402F50E0A1960C
:1067A0005FAF4EAFA19753E6059F90011124D90129
:1067B000A251B44FA996BFAFAEAFA9970E94EFF315
:1067C000AF966CAF7DAF8EAF9FAFAF97A996EEAD92
:1067D000FFADA997108215AF6B964CAC5DAC6EAC5B
:1067E0007FAC6B9777FE08C070946094509440948F
:1067F000411C511C611C711C67960CAD1DAD2EAD6A
:106800003FAD6797A7960CAF1DAF2EAF3FAFA797D1
:1068100037FF0DC030952095109501951F4F2F4FD4
:106820003F4FA7960CAF1DAF2EAF3FAFA7976F9608
:106830008CAE9DAEAEAEBFAE6F97B7FE0DC0222739
:106840003327A901281939094A095B096F962CAF2A
:106850003DAF4EAF5FAF6F976F968CAD9DADAEAD58
:10686000BFAD6F97A996EEADFFADA997858F968FB7
:10687000A78FB0A3A7960CAD1DAD2EAD3FADA797CA
:1068800001A312A323A334A345A256A267A270A614
:10689000C501B4010E94FBEB2091B6093091B70904
:1068A0004091B8095091B9090E945AECEA966CAF30
:1068B0007DAF8EAF9FAFEA9767966CAD7DAD8EAD25
:1068C0009FAD67970E94FBEB2091BA093091BB09FD
:1068D0004091BC095091BD090E945AEC67966CAF7B
:1068E0007DAF8EAF9FAF67976B966CAD7DAD8EAD74
:1068F0009FAD6B970E94FBEB2091BE093091BF09C1
:106900004091C0095091C1090E945AEC4B015C01B1
:10691000EA960CAD1DAD2EAD3FADEA9709AB1AABB3
:106920002BAB3CAB67962CAD3DAD4EAD5FAD6797E5
:106930002DAB3EAB4FAB58AF89AE9AAEABAEBCAE53
:106940002091C2093091C3094091C4095091C509F1
:10695000C701B6010E945AECE6966CAF7DAF8EAFD0
:106960009FAFE69721966CAF7DAF8EAF9FAF21971B
:106970006F968CAD9DADAEADBFAD6F970697A1057F
:10698000B1050CF077C3A7960CAD1DAD2EAD3FAD94
:10699000A79706301105210531050CF06BC316E0F1
:1069A00041165104610471040CF064C320E030E02E
:1069B000A901E6966CAD7DAD8EAD9FADE6970E94C8
:1069C000CCF487FF50C3E6968CAD9DADAEADBFADA8
:1069D000E697B05823E6A1960EAD1FADA197209F74
:1069E000F001219FF00D1124E251F44F818B928B25
:1069F000A38BB48B83E6A1960EAD1FADA197809FAC
:106A0000F001819FF00D1124E251F44FAF962CADAF
:106A10003DAD4EAD5FADAF9721A732A743A754A7B9
:106A2000458D568D678D70A101A112A123A134A1BE
:106A300085A196A1A7A1B0A580179107A207B307CA
:106A400010F4D901C80184179507A607B70710F4F9
:106A5000DB01CA01AF960CAD1DAD2EAD3FADAF97BA
:106A600080179107A207B30710F4D901C80123E6E4
:106A7000A1960EAD1FADA197209FF001219FF00DB3
:106A80001124E251F44F85A796A7A7A7B0AB0697AC
:106A9000A105B10510F40C9430C0E25BFF4F80916A
:106AA0001F128083452B462B472B19F080E00E9454
:106AB0003D7D83E6A1960EAD1FADA197809FF001AD
:106AC000819FF00D1124E251F44F81A192A1A3A165
:106AD000B4A1892B8A2B8B2B19F081E00E943D7D7C
:106AE00083E6A1960EAD1FADA197809FF001819F17
:106AF000F00D1124E251F44F85A196A1A7A1B0A5F4
:106B0000892B8A2B8B2B19F082E00E943D7DAF965A
:106B10002CAD3DAD4EAD5FADAF97232B242B252B78
:106B200011F40C944FC00E94037DE090100AF09085
:106B3000110A0091120A1091130A9701A801E09618
:106B40006FADE097722D832DE2969FADE2970E9484
:106B5000F5EB87FD08C0E096EFACE097F22C032D33
:106B6000E2961FADE29783E6A1964EAD5FADA19789
:106B7000849FF001859FF00D1124E251F44F81882C
:106B80009288A388B488A501940160E070E080E851
:106B90009FE30E9482F3EA966CAF7DAF8EAF9FAF0A
:106BA000EA979701A8010E945AEC6B017C01909131
:106BB000CB0B8091CC0B891708F4B7C2891BE296E6
:106BC0008FAFE297A701960160E074E284E799E451
:106BD0000E9482F30E94D8F42B013C01E2968FAD13
:106BE000E29782508630A0F56091E0097091E1094A
:106BF0008091E2099091E309641975098609970962
:106C000016161706180619061CF5660F771F881F3B
:106C1000991FE2960FADE297202F30E050E040E060
:106C20000E9441F2CA01B9010E94FBEB0E94EAF303
:106C3000640D751D861D971D0E94FBEB9B01AC0129
:106C400060E074E284E799E40E9482F36B017C01C6
:106C5000A7019601C501B4010E945AECEE966CAFF3
:106C60007DAF8EAF9FAFEE9783E6A1962EAD3FAD81
:106C7000A197829F8001839F100D11240251144F10
:106C8000EE968CAD9DADAEADBFADEE97F8018183B4
:106C90009283A383B48325A536A547A550A9A796BB
:106CA0002CAF3DAF4EAF5FAFA797CA01B9010E94AD
:106CB000F9EB6F966CAF7DAF8EAF9FAF6F979B0177
:106CC000AC01C701B6010E945AEC0E946CF30E940D
:106CD000EFF3CC57DF4F688379838A839B83C45853
:106CE000D040F801FE9660837183828393838E0186
:106CF0000F5C1F4FE1961FAF0EAFE19700511109D6
:106D0000C657DF4F19830883CA58D04004EF19E0F3
:106D1000C857DF4F19830883C858D0408E01035CE1
:106D20001F4F63961FAF0EAF6397212C312C10E8D5
:106D300064961FAF64970FE368960FAF6897E1966C
:106D4000AEADBFADE1972D913D914D915D91E19635
:106D5000BFAFAEAFE197C701B6010E945AEC4B013D
:106D60005C01C657DF4FE881F981CA58D040819253
:106D70009192A192B192C657DF4FF983E883CA5826
:106D8000D04020E030E0A9010E94CCF487FF04C08D
:106D9000B7FAB094B7F8B094C857DF4FA881B9815B
:106DA000C858D0404D905D906D907D90C857DF4F92
:106DB000B983A883C858D040A5019401C301B2018A
:106DC0000E94F5EB87FF1AC0A5019401C301B2012F
:106DD0000E9482F35B018C01910164964FAD649730
:106DE00068965FAD68970E94F5EB87FF07C01501B5
:106DF00064960FAF649768961FAF689763960EAD61
:106E00001FAD6397E1962EAD3FADE19702171307D3
:106E100009F095CFA7019601E6966CAD7DAD8EADDC
:106E20009FADE6970E945AEC6B017C01CDA6DEA6D1
:106E3000EFA6F8AA20E030E0A9010E94CCF44601B8
:106E4000570187FF04C0B7FAB094B7F8B0944090E8
:106E5000000A5090010A6090020A7090030AA5018E
:106E60009401C301B2010E94F5EB87FF1AC0A5018E
:106E70009401C301B2010E9482F35B018C01910174
:106E800064964FAD649768965FAD68970E94F5EB86
:106E900087FF07C0150164960FAF649768961FAF10
:106EA000689720E030E040E85FE3B10164968FAD81
:106EB000649768969FAD68970E94F5EB87FF81C045
:106EC000910164964FAD649768965FAD689769A12C
:106ED0007AA18BA19CA10E945AEC69A37AA38BA3EF
:106EE0009CA3910164964FAD649768965FAD6897D7
:106EF0006DA17EA18FA198A50E945AEC6DA37EA3DF
:106F00008FA398A7910164964FAD649768965FAD83
:106F1000689769A57AA58BA59CA50E945AEC69A7DC
:106F20007AA78BA79CA7910164964FAD649768964A
:106F30005FAD6897C701B6010E945AEC6DA77EA7A6
:106F40008FA798AB83E6A1964EAD5FADA197849FC6
:106F50008001859F100D11240251144F78015EE3CA
:106F6000E50EF11CCC57DF4F688179818A819B81C6
:106F7000C458D0400E94F9EB910164964FAD6497DC
:106F800068965FAD68970E945AEC0E94EFF3D701B4
:106F90006D937D938D939C931397910164964FAD60
:106FA000649768965FAD6897EE966CAD7DAD8EADDB
:106FB0009FADEE970E945AECF80161837283838340
:106FC00094836F962CAD3DAD4EAD5FAD6F97EA9655
:106FD0006CAD7DAD8EAD9FADEA970E945AEC2B0152
:106FE0003C0183E6A1960EAD1FADA197809FF001F5
:106FF000819FF00D1124E251F44F458A568A678A29
:10700000708E858C968CA78CB0A081149104A104FD
:10701000B10409F08CC081A192A1A3A1B4A1892BD4
:107020008A2B8B2B09F083C085A196A1A7A1B0A5BF
:10703000892B8A2B8B2B09F07AC02091080A30917A
:10704000090A40910A0A50910B0AC301B2010E9439
:107050005AEC0E946CF30E94EFF36B017C0165C156
:10706000C701B6019ACBE6968CAD9DADAEADBFAD76
:10707000E697B0CCC258DF4FA881B981CE57D04037
:10708000CD90DD90ED90FC9020E030E0A901C701AB
:10709000B6010E94F5EB882389F083E6A1960EAD38
:1070A0001FADA197809FF001819FF00D1124E25147
:1070B000F44FC18AD28AE38AF48A9CCCEA962CAD3A
:1070C0003DAD4EAD5FADEA9729833A834B835C8338
:1070D00067968CAD9DADAEADBFAD67978D839E833A
:1070E000AF83B88789869A86AB86BC86E6960CAD58
:1070F0001DAD2EAD3FADE6970D871E872F87388BD0
:10710000CE0101960E942E8A23E6A1960EAD1FADF8
:10711000A197209FF001219FF00D1124E251F44F1F
:10712000618B728B838B948B65CC805F47CDAF96E0
:107130002CAD3DAD4EAD5FADAF97232B242B252B52
:1071400009F40CC22091040A3091050A4091060A04
:107150005091070AC301B2010E945AEC0E946CF3DD
:107160000E94EFF36B017C018091B2099091B30909
:10717000A091B409B091B509A996EEADFFADA9975C
:1071800001A112A123A134A167960CAF1DAF2EAFB0
:107190003FAF679705A116A127A130A56B960CAF4D
:1071A0001DAF2EAF3FAF6B9701A512A523A534A548
:1071B000AB960CAF1DAF2EAF3FAFAB97A7960CAD04
:1071C0001DAD2EAD3FADA79780179107A207B3075E
:1071D00008F4CDC181149104A104B104E1F06091DF
:1071E000A2097091A3098091A4099091A5096C1539
:1071F0007D058E059F0578F4A90198010E9410F283
:10720000A50194010E941FF22C153D054E055F0556
:1072100010F469017A0167962CAD3DAD4EAD5FADBE
:107220006797232B242B252B21F16091A6097091C0
:10723000A7098091A8099091A9096C157D058E0573
:107240009F05B8F4A7962CAD3DAD4EAD5FADA797A9
:107250000E9410F267962CAD3DAD4EAD5FAD6797C5
:107260000E941FF22C153D054E055F0510F46901C3
:107270007A016B968CAD9DADAEADBFAD6B97892B92
:107280008A2B8B2B21F16091AA097091AB09809117
:10729000AC099091AD096C157D058E059F05B8F47C
:1072A000A7962CAD3DAD4EAD5FADA7970E9410F2F5
:1072B0006B962CAD3DAD4EAD5FAD6B970E941FF24E
:1072C0002C153D054E055F0510F469017A01AB965A
:1072D0000CAD1DAD2EAD3FADAB97012B022B032B9B
:1072E00021F16091AE097091AF098091B009909140
:1072F000B1096C157D058E059F05B8F4A7962CADD8
:107300003DAD4EAD5FADA7970E9410F2AB962CAD90
:107310003DAD4EAD5FADAB970E941FF22C153D0504
:107320004E055F0510F469017A0183E6A1962EAD42
:107330003FADA197829F8001839F100D11240251C0
:10734000144FF801E65BFF4FC082D182E282F382E4
:10735000C701B6010E94F9EB6B017C012DEB37E30D
:1073600046E051E40E945AEC0E94EFF3D801D9960E
:107370006D937D938D939C93DC97A3019201C7013C
:10738000B6010E9482F3F801618F728F838F948F10
:1073900020E030E040E05FE30E945AECA30192015C
:1073A0000E9482F36B017C01D8011196BC91A496D6
:1073B000BFAFA497F801F2816C96FFAF6C97D8012C
:1073C0001396BC91AC96BFAFAC97F801F481E096F0
:1073D000FFAFE097A4962FADA4976C963FAD6C9746
:1073E0004B2F5F2FA4966FADA4976C967FAD6C97D3
:1073F0008B2F9F2F0E945AEC64966FAF649768960C
:107400007FAF6897A8968FAFA897E3969FAFE39753
:107410009B01AC01B601C7010E94CCF4181664F0C0
:107420006496CFAE64976896DFAE6897A896EFAE85
:10743000A897E396FFAEE39780E1FE01B196DE01E7
:10744000519601900D928A95E1F7E2960FADE29781
:10745000002309F470C02090211710912217E296A2
:107460001FAFE29700912317E7960FAFE797309091
:1074700024172DEB37E346E855E3622D712F802F5B
:10748000932D0E94F5EB87FD56C0222D312F402F02
:10749000532DA4966FADA4976C967FAD6C97AC9668
:1074A0008FADAC97E0969FADE0970E94F5EB87FF1C
:1074B00071C1222D312F402F532DA4966FADA4976B
:1074C0006C967FAD6C97AC968FADAC97E0969FAD08
:1074D000E0970E9482F32B013C0195E2292E97E16F
:1074E000392E8E010F5E1F4F25E3E22E27E1F22E8B
:1074F000D1012D913D914D915D911D01F80181903A
:107500009190A190B1908F016F01F4E0CF1AD10852
:10751000C301B2010E945AEC9B01AC01C501B40148
:107520000E94A5F2D6016D937D938D939C93139742
:10753000E214F304E9F6A4962FACA4976C960FAD71
:107540006C97E2960FAFE297AC961FADAC97E796BB
:107550001FAFE797E0963FACE09764C120910C0A1B
:1075600030910D0A40910E0A50910F0AF3CD81140B
:107570009104A104B10409F43FC06091A209709183
:10758000A3098091A4099091A5096C157D058E052C
:107590009F0590F50E94F9EB6F962CAD3DAD4EAD79
:1075A0005FAD6F970E945AECE6966CAF7DAF8EAFE1
:1075B0009FAFE697C501B4010E94F9EB9B01AC01B6
:1075C000E6966CAD7DAD8EAD9FADE6970E9482F3E1
:1075D0004B015C01C701B6010E94F9EB9B01AC01B4
:1075E000C501B4010E94F5EB87FF06C0C501B401D7
:1075F0000E94EFF36B017C0167962CAD3DAD4EAD63
:107600005FAD6797232B242B252BD9F16091A60919
:107610007091A7098091A8099091A9096C157D0521
:107620008E059F0570F50E94F9EB6F962CAD3DAD70
:107630004EAD5FAD6F970E945AEC4B015C016796AF
:107640006CAD7DAD8EAD9FAD67970E94F9EB9B0150
:10765000AC01C501B4010E9482F34B015C01C7017A
:10766000B6010E94F9EB9B01AC01C501B4010E9477
:10767000F5EB87FF06C0C501B4010E94EFF36B0173
:107680007C016B968CAD9DADAEADBFAD6B97892B7C
:107690008A2B8B2BD9F16091AA097091AB0980914B
:1076A000AC099091AD096C157D058E059F0570F5AF
:1076B0000E94F9EB6F962CAD3DAD4EAD5FAD6F976F
:1076C0000E945AEC4B015C016B966CAD7DAD8EADAA
:1076D0009FAD6B970E94F9EB9B01AC01C501B40112
:1076E0000E9482F34B015C01C701B6010E94F9EBD5
:1076F0009B01AC01C501B4010E94F5EB87FF06C0F8
:10770000C501B4010E94EFF36B017C01AB960CAD97
:107710001DAD2EAD3FADAB97012B022B032B09F412
:1077200004CE6091AE097091AF098091B00990913B
:10773000B1096C157D058E059F0508F0F6CD0E94F8
:10774000F9EB6F962CAD3DAD4EAD5FAD6F970E94DE
:107750005AEC4B015C01AB966CAD7DAD8EAD9FAD2F
:10776000AB970E94F9EB9B01AC01C501B4010E94EB
:1077700082F34B015C01C701B6010E94F9EB9B014A
:10778000AC01C501B4010E94F5EB87FFCECDC50168
:10779000B40161CCA4962FADA4976C963FAD6C97C5
:1077A000AC964FADAC97E0965FADE097622DE29658
:1077B0007FADE297E7968FADE797932D0E9482F316
:1077C0004B015C012E01B1E14B0E511C05E217E1AA
:1077D0003E01E1E26E0E711CD2012D913D914D9161
:1077E0005D912D01F801C190D190E190F1908F0150
:1077F000CD010497EC969FAF8EAFEC97C501B40115
:107800000E945AECA70196010E94A5F2EC96AEAD3B
:10781000BFADEC976D937D938D939C9313976414F8
:107820007504D1F68E010F5E1F4F22E939E0EC9608
:107830003FAF2EAFEC97AE014F5D5F4F63965FAFEA
:107840004EAF6397812C912C80E8A82E8FE3B82E41
:10785000D801CD90DD90ED90FD908D0120E030E0DD
:10786000A901C701B6010E94CCF487FF04C0F7FA52
:10787000F094F7F8F094EC96EEADFFADEC974190F4
:10788000519061907190EC96FFAFEEAFEC97A5012F
:107890009401C701B6010E945AEC9B01AC01C301DF
:1078A000B2010E94F5EB87FF08C0A7019601C30152
:1078B000B2010E9482F34B015C0163962EAD3FAD95
:1078C00063972017310721F6A5019401622DE296F6
:1078D0007FADE297E7968FADE797932D0E945AEC24
:1078E0009B01AC010E945AEC6B017C0164962FADA8
:1078F000649768963FAD6897A8964FADA897E396B2
:107900005FADE3970E94F5EB87FF0CC06496CFACA8
:1079100064976896DFAC6897A896EFACA897E39653
:10792000FFACE39783E6A1964EAD5FADA197849F30
:107930008001859F100D1124C8018251944FA6012A
:10794000B701DC011D964D935D936D937C93509729
:1079500064964FAD649768965FAD6897A8966FADD3
:10796000A897E3967FADE397FC0145835683678331
:10797000708719964D935D936D937C931C97EE5B86
:10798000FF4F1082118212821382FC01208121603C
:10799000208320E1FE01B196A5E2B7E101900D92AE
:1079A0002A95E1F7A4964FADA4976C965FAD6C97BE
:1079B000AC966FADAC97E0967FADE0974093211702
:1079C000509322176093231770932417C457DF4FE7
:1079D000288139814A815B81CC58D0402093DE0BCD
:1079E0003093DF0B4093E00B5093E10BC057DF4F18
:1079F000288139814A815B81C059D0402093E20BB4
:107A00003093E30B4093E40B5093E50BCC56DF4FE0
:107A1000288139814A815B81C459D0402093E60B8B
:107A20003093E70B4093E80B5093E90BC058DF4FBE
:107A3000288139814A815B81C058D0402093EA0B6C
:107A40003093EB0B4093EC0B5093ED0B815B9F4F0E
:107A5000E091910934E0E39FF0011124EC5AF44FD6
:107A60004081518162817381DC014D935D936D93FF
:107A70007C9313978091CE0B9091CF0BA091D00B5C
:107A8000B091D10B89839A83AB83BC838091D20B55
:107A90009091D30BA091D40BB091D50B8D839E8385
:107AA000AF83B8878091D60B9091D70BA091D80B5C
:107AB000B091D90B89879A87AB87BC878091DA0B05
:107AC0009091DB0BA091DC0BB091DD0B8D879E8735
:107AD000AF87B88BCE0101960E94A78ED801AF5B0D
:107AE000B34F80E1FE01319601900D928A95E1F746
:107AF00080E1FE01EF5BFF4FAEECBBE001900D9229
:107B00008A95E1F79091CC0B8091CD0B981303C02F
:107B100084E68093CA0BC856DF4F0881C859D0400D
:107B20000093CC0BC258DF4FA881B981CE57D0400B
:107B30001896FC90189719960C9119971A961C9103
:107B40001A971B96EC9064962FAD649768963FAD9C
:107B50006897A8964FADA897E3965FADE3976F2D12
:107B6000702F812F9E2D0E94CCF4181664F4649619
:107B7000FFAE649768960FAF6897A8961FAFA89757
:107B8000E396EFAEE3971091CC0B112309F40CC1EF
:107B90001150D090CB0BF12CE12C03E61D1509F40C
:107BA000BBC0612E712C069DF001079DF00D1124C4
:107BB000E251F44F808182FD20C1E114F10421F0F3
:107BC000F701808180FFA8C0069DF001079DF00DA0
:107BD0001124E251F44F258036804780508425855A
:107BE000A0962FAFA0973685A4963FAFA497878421
:107BF00040896C964FAF6C97482D6C965FAD6C9733
:107C0000C201B1010E94F5EB882309F485C0E1149B
:107C1000F10409F4CBC0D7011596CC9015971696B0
:107C2000BC9016971796AC9017971896FC90069DE7
:107C3000C001079D900D1124FC01E251F44FAD9657
:107C4000FFAFEEAFAD97618D728D838D948D90589F
:107C50009B01AC010E94A6F2AD96AEADBFADAD9753
:107C600051962D913D914D915C9154970E945AEC03
:107C70009B01AC016C2D7B2D8A2D9F2D0E94A5F2BE
:107C8000962EA72EB82EC92E262F372F482F592FC4
:107C9000A0966FADA097A4967FADA497882D6C9603
:107CA0009FAD6C970E94F5EB87FD8DC0292D3A2D75
:107CB0004B2D5C2DC201B1010E94F5EB882361F1CF
:107CC000069DF001079DF00D1124E251F44F8081D3
:107CD0008160808320918F093091900980918F0974
:107CE000909190098217930709F078C0109FC00106
:107CF0001124FC01E251F44F7F01069DC001079D54
:107D0000900D1124E217F30709F06AC0FC01E2515B
:107D1000F44F80818E7F8083C090CD0BB091CC0BCF
:107D2000E796BFAFE797B12CA4961FAEA497212C7E
:107D3000312CF12CE12CE796EFADE797EC1509F427
:107D40006CC18C2C912CF3E6CF9EC00111248C01C8
:107D50000251144FA1961FAF0EAFA197D8018C917D
:107D600082FD56C18C9180FF16C0E114F10409F028
:107D700055C019966D917D918D919C911C97F8013C
:107D800065837683878390870E9412F5B62EA4962A
:107D90007FAFA4971C018C2D0E94F883C82EA1965A
:107DA000EEACFFACA197C7CF1FE0F3CE6496CFAC8B
:107DB00064976896BFAC6897A896AFACA897E3960F
:107DC000FFACE39734CFA0969FACA097A496AFAC3E
:107DD000A497B82C6C96CFAC6C9772CF9C017ECFD9
:107DE0008251944F492D5A2D6B2D7C2DDC01159617
:107DF0004D935D936D937C931897112369F0115007
:107E00008D2DD090CB0BD81609F4C8CE811709F46C
:107E100083CF0E94F883F5CF1FE0F2CFD7018C917A
:107E200081608C9380918F099091900920918F09A6
:107E3000309190092817390789F5B3E6B89DF0010C
:107E4000B99DF00D1124E251F44FA184D284038531
:107E50001485E816F90621F58A2D9D2DD801858314
:107E60009683A783B087EE5BFF4F80819181A281CB
:107E7000B381892B8A2B8B2B61F4D701AA5BBF4F6F
:107E80008D919D910D90BC91A02D80839183A283B3
:107E9000B383D7018C918E7F8C937DCFC901C6CFE0
:107EA00045805680678070842A2D3D2DA801C3012E
:107EB000B2010E94F5EB882309F487C0D70115961B
:107EC0002D913D914D915C9118976F962CAF3DAFE0
:107ED0004EAF5FAF6F97C301B2010E94CCF418168A
:107EE0000CF063C0F701618D728D838D948D905875
:107EF0009B01AC010E94A6F2D70151962D913D91B4
:107F00004D915C9154970E945AEC9B01AC016F9685
:107F10006CAD7DAD8EAD9FAD6F970E94A5F26C9656
:107F20006FAF6C97AC967FAFAC97E0968FAFE09752
:107F3000E2969FAFE2979B01AC01C301B2010E94A0
:107F4000CCF4181694F52A2D3D2DA8016C966FAD32
:107F50006C97AC967FADAC97E0968FADE097E296CC
:107F60009FADE2970E94F5EB87FD0CC06C96AFAC1D
:107F70006C97AC96DFACAC97E0960FADE097E296CD
:107F80001FADE297B3E6B89DF001B99DF00D112445
:107F9000E251F44F8A2D9D2DD80185839683A783C6
:107FA000B08785879687A787B08B03E6089DF00189
:107FB000099DF00D1124E251F44F85819681A7812E
:107FC000B08581879287A387B48713E6189DF00157
:107FD000199DF00D1124E251F44F6581768187815E
:107FE00090850E9412F54B01A82ED92E8B01282FC7
:107FF000392F4B2DA4965FADA497B101C7010E9404
:108000006B82B82CA4969FAEA4972A2C3D2C41CF0E
:10801000A196FFAEEEAEA197BECEE114F10401F140
:10802000F701808180FF1CC064966FAD64976896ED
:108030007FAD6897A8968FADA897E3969FADE3971D
:108040000E9412F58B019C014B2DA4965FADA49765
:10805000B101C7010E946B82D7018C918E7F8C93F6
:108060000E94DA2A81E0C856DF4F0FB6F894DEBFCF
:108070000FBECDBFDF91CF911F910F91FF90EF9079
:10808000DF90CF90BF90AF909F908F907F906F9038
:108090005F904F903F902F90089580E0E4CFE09064
:1080A000140AF090150A0091160A1091170A0C9400
:1080B0009DB590911E1390FF06C09091C00095FF52
:1080C000FCCF8093C60090911E1391FF06C0909143
:1080D000C80095FFFCCF8093CE000895CF93DF9327
:1080E00000D01F92CDB7DEB7611104C06091E403E8
:1080F000662371F01C821B82898381E08A836B83F3
:1081000044E0BE016F5F7F4F80EA90E00E948523CC
:108110000F900F900F900F90DF91CF91089581E213
:1081200092E1FC0101900020E9F7CF0181569241D4
:10813000813C9F4760F4E1E2F2E18FE390E027ADFC
:10814000207C203839F08F5D9D4EFC01108281E249
:1081500092E10895019731978F3F980781F7F7CF04
:108160001F93CF93DF93FC0120812B3309F447C089
:1081700020915902243008F042C0C42FD62FBC01F0
:1081800080915B0212E6819FC0011124845A9D4FA9
:108190000E94B6F520915B02822F90E0189FF001BB
:1081A000199FF00D1124DF01A454BD4FDC93E3545B
:1081B000FD4FC083880F991F880F991FFC01EC5A4F
:1081C000F44F8091640B9091650BA091660BB09178
:1081D000670B80839183A283B3832F5F243060F485
:1081E00020935B02809159028F5F8093590281E056
:1081F000DF91CF911F91089510925B02F3CF80E041
:10820000F7CFEF92FF920F931F93CF93DF93CDB7EA
:10821000DEB764970FB6F894DEBF0FBECDBF7C010A
:10822000FB0160817181828193818E010F5F1F4FFD
:1082300022E041E00E9421E7F70101900020E9F7E8
:108240009F01215031092E193F092233310550F485
:1082500043E350E0421B530BBC01C701820F931F45
:108260000E943EEBC70164960FB6F894DEBF0FBEC6
:10827000CDBFDF91CF911F910F91FF90EF900895A7
:108280008F929F92AF92BF92EF92FF921F93CF93E4
:10829000DF93CDB7DEB7A0970FB6F894DEBF0FBE61
:1082A000CDBF611571058105910589F120E04AE096
:1082B000842E912CA12CB12C11E0120FEE24E3940A
:1082C000F12CEC0EFD1EE20EF11C27FDFA94A50127
:1082D00094010E941FF2F7016083B901CA01212FA6
:1082E000611571058105910539F7115008F1E1E03B
:1082F000F0E0EC0FFD1FE10FF11D17FDFA959081E5
:1083000087E39A3008F480E3890FD3DEEECF80E371
:10831000A0960FB6F894DEBF0FBECDBFDF91CF9110
:108320001F91FF90EF90BF90AF909F908F90C1CE24
:10833000A0960FB6F894DEBF0FBECDBFDF91CF91F0
:108340001F91FF90EF90BF90AF909F908F900895F6
:10835000CF92DF92EF92FF926B017C01F7FE0AC091
:10836000F094E094D094C094C11CD11CE11CF11C89
:108370008DE29FDEC701B601FF90EF90DF90CF90B6
:108380007FCF41E060E00C94BA9280911E1380FF91
:1083900004C09091B70A9093B80A81FF04C08091FD
:1083A000350A8093360A08958F929F92AF92BF92BA
:1083B000CF92DF92EF92FF92CF936B017C01B42EAC
:1083C00020E030E0A9010E94F5EB87FF06C08DE2B6
:1083D00070DEF7FAF094F7F8F094C0E060E070E037
:1083E00080E09FE3CB1541F02DEC3CEC4CEC5DE3E1
:1083F0000E945AECCF5FF6CFA70196010E94A6F229
:108400006B017C010E94EFF34B015C0139DFCC234F
:1084100061F1C501B4010E94F9EB9B01AC01C701F8
:10842000B6010E94A5F26B017C018EE242DEC150D2
:10843000E0F020E030E040E251E4C701B6010E94E4
:108440005AEC6B017C010E94EFF34B015C0118DFD9
:10845000C501B4010E94F9EB9B01AC01C701B60153
:108460000E94A5F26B017C01E2CFCF91FF90EF90CB
:10847000DF90CF90BF90AF909F908F900895CF9353
:10848000DF93CDB7DEB760970FB6F894DEBF0FBEAF
:10849000CDBFE5E2FAE080819181A281B381898339
:1084A0009A83AB83BC8384819581A681B7818D83B8
:1084B0009E83AF83B88780859185A285B3858987A0
:1084C0009A87AB87BC8784859585A685B7858D8778
:1084D0009E87AF87B88BCE0101960E94A78E4981F7
:1084E0005A816B817C818BE290E30E940D2B4D8140
:1084F0005E816F81788587E290E30E940D2B49852C
:108500005A856B857C8583E290E30E940D2B4D8517
:108510005E856F8578898FE190E30E940D2B6096D0
:108520000FB6F894DEBF0FBECDBFDF91CF91089597
:108530008F929F92AF92BF92CF92DF92EF92FF9273
:108540000F931F93CF93DF93B4E4A0E06A2F70E002
:10855000AB014B0F511D55954795411119C0E2E0F4
:10856000FBE265917491072E000C880B990B0E9419
:10857000FBEBDF91CF911F910F91FF90EF90DF9078
:10858000CF90BF90AF909F908F900895B42FE0CF81
:108590004A1711F0B41303C0EEE0FCE2E2CF9A01F7
:1085A00021503109220F331F220F331FF901E050F0
:1085B000F54DE590F490F901EC5FF44DC591D4913F
:1085C0008E159F0518F3A42FC817D90708F4BECF3E
:1085D000F901EE5FF44D05911491F901EA5FF44D54
:1085E000C590D4908E199F09BC0190E080E00E9454
:1085F000F9EB4B015C01B601601B710B072E000CFF
:10860000880B990B0E94FBEB9B01AC01C501B401E7
:108610000E945AEC4B015C01CE19DF09BE0190E0CB
:1086200080E00E94F9EB9B01AC01C501B4010E94FE
:1086300082F36B017C01B801110F880B990B0E942A
:10864000FBEB9B01AC01C701B6010E94A6F291CFE2
:10865000CF92DF92EF92FF920F931F93CF93DF930E
:10866000CDB7DEB760970FB6F894DEBF0FBECDBFB3
:10867000FC016A017B01890190E1DE011196019004
:108680000D929A95E1F7CE0101960E946481809146
:10869000C6099091C709892BB1F49801B701A601C9
:1086A000CE0101960E94B4B160960FB6F894DEBF79
:1086B0000FBECDBFDF91CF911F910F91FF90EF9033
:1086C000DF90CF90089580E0EFCFCF93DF9390912C
:1086D000CD0B8091CC0B891738F0891B8F3031F48A
:1086E00080E00E946838F3CF805FF7CF8091CC0B99
:1086F0000E94F883A091CC0B93E6A99FD00111248E
:10870000FD01E251F44FEF0119929A95E9F790813A
:1087100094609083A55FB34F90E1EEEDFBE0019094
:108720000D929A95E1F72091CC0B9091CD0B2913E6
:1087300003C094E69093CA0B8093CC0BDF91CF914A
:108740000C94DA2ACF93DF93CDB7DEB760970FB6DC
:10875000F894DEBF0FBECDBF80E1E5E2FAE0DE01B6
:10876000119601900D928A95E1F7CE0101960E9433
:108770006481CE0101960E94787F60960FB6F894CE
:10878000DEBF0FBECDBFDF91CF910895DF92EF9294
:10879000FF920F931F93CF93DF931F92CDB7DEB756
:1087A0008C01D42E7C01E60EF71E80918D099091EC
:1087B0008E090E94FAF18983DD2011F0F80180838F
:1087C000CE0101960E9419AC80918D0990918E097D
:1087D000019690938E0980938D090F5F1F4F0E15A0
:1087E0001F0519F780E00F90DF91CF911F910F9136
:1087F000FF90EF90DF900895CF93C82F41E00E9443
:10880000E82BC11103C0CF910C94202BCF91089578
:10881000CF93DF936CE97FE2EFDFC0EDD9E04C89C5
:108820005D896E897F8984E99FE20E940D2B488DC6
:10883000598D6A8D7B8D81E99FE20E940D2B4C8DB5
:108840005D8D6E8D7F8D8EE89FE20E940D2B48A17D
:1088500059A16AA17BA18BE89FE20E940D2BDF91B9
:10886000CF910C94232BCF92DF92EF92FF92CF9374
:108870006B017C01AC019B016091890970918A09AF
:1088800080918B0990918C090E94F5EB882309F463
:1088900057C0C091880980E00E94C42720E030E0E2
:1088A000A901C701B6010E94CCF418161CF0C12C16
:1088B000D12C7601C0928909D0928A09E0928B0965
:1088C000F0928C092DEB37E346E855EBC701B60172
:1088D0000E94CCF487FD0AC02DEB37E346E855E350
:1088E000C701B6010E94F5EB181634F5A7019601F1
:1088F00060E070E080E89FE30E9482F36093840967
:1089000070938509809386099093870980EF9FEF84
:10891000A9E7B4EC8093800990938109A093820920
:10892000B0938309CC2361F081E0CF91FF90EF9069
:10893000DF90CF900C94C42760E070E0CB01DECFD5
:10894000CF91FF90EF90DF90CF9008950E9468370D
:1089500081111BC00E948537882369F08091390BF3
:10896000811106C082E799E040E061E00C94BA9280
:1089700089E39BE0F9CF80917F09813049F08DE553
:108980009FE241E06FEF0C94EF928EE79FE2F9CF08
:1089900082E79FE2F6CFCF93E0915A024E2F50E04C
:1089A00092E6E99FF0011124E354FD4F2081283025
:1089B000D8F4C0911E1381E001C0880F2A95EAF710
:1089C00080931E13949FF001959FF00D1124E454A1
:1089D000FD4F8081811106C08AE59FE20E94F72A3F
:1089E0000E94232BC0931E13CF91089581508A308B
:1089F00090F5E82F880FFF0B8827EE5FFA438F4F23
:108A00000C949DF20CC513C516C519C510C51CC51F
:108A100028C51FC522C525C586E29FE20C9489930F
:108A200088E19FE2FBCF84E09FE2F8CF81EF9EE2F6
:108A3000F5CF84EE9EE2F2CF87ED9EE2EFCF89EC98
:108A40009EE2ECCF89EB9EE2E9CF8CEA9EE2E6CF94
:108A50008CE99EE2E3CF0895CF93DF9390916C0968
:108A600091110DC0EA0140E00E94FD2D209719F000
:108A7000CE010E94D92DDF91CF910C94F52DDF917D
:108A8000CF9108954F925F926F927F928F929F92B3
:108A9000AF92BF92CF92DF92EF92FF92CF93DF938C
:108AA00000D000D01F921F92CDB7DEB7DC01149624
:108AB000CD90DD90ED90FC9017978D909D90AD90AE
:108AC000BC90E091C80BF091C90BFE83ED838481CB
:108AD0009581A681B78189839A83AB83BC839C01EE
:108AE000AD01C701B6010E94A5F22B013C01AD8189
:108AF000BE818D919D910D90BC91A02D8D839E8303
:108B0000AF83B88727E137EB41ED58EBC301B201E2
:108B10000E94CCF487FDD1C023E030E046E953E465
:108B2000C301B2010E94F5EB18160CF4C6C02D81EA
:108B30003E814F815885C501B4010E94A5F22B01E9
:108B40003C0127E137EB41ED58EB0E94CCF487FD67
:108B5000B4C023E030E046E953E4C301B2010E940F
:108B6000F5EB18160CF4A9C020E030E0A9016D81E6
:108B70007E818F8198850E94A6F22B013C0120E026
:108B800030E048EC51E40E94F5EB87FF06C0412C31
:108B9000512C38EC632E31E4732E27E137EB41ED95
:108BA00058E3C301B2010E94A5F29B01AC01C501CB
:108BB000B4010E94CCF487FD80C020E030E046E99B
:108BC00053E46D817E818F8198850E94A6F22B01EE
:108BD0003C0120E030E041E953E40E94CCF4181657
:108BE00034F4412C512C21E9622E23E4722E27E12A
:108BF00037EB41ED58E3C301B2010E94A6F29B019D
:108C0000AC01C501B4010E94F5EB18160CF455C077
:108C100020E030E0A90169817A818B819C810E94EA
:108C2000A6F24B015C0120E030E040E251E40E94FA
:108C3000F5EB87FF06C0812C912C90E2A92E91E4E0
:108C4000B92E27E137EB41ED58E3C501B4010E948D
:108C5000A5F29B01AC01C701B6010E94CCF487FDCF
:108C60002CC020E030E046E953E469817A818B81B1
:108C70009C810E94A6F24B015C0120E030E041E9BA
:108C800053E40E94CCF4181634F4812C912C81E921
:108C9000A82E83E4B82E27E137EB41ED58E3C50158
:108CA000B4010E94A6F29B01AC01B1E0B983C701F7
:108CB000B6010E94F5EB18160CF4198289812896EA
:108CC0000FB6F894DEBF0FBECDBFDF91CF91FF90FE
:108CD000EF90DF90CF90BF90AF909F908F907F905C
:108CE0006F905F904F9008952F923F924F925F92B6
:108CF0006F927F928F929F92AF92BF92CF92DF92AC
:108D0000EF92FF920F931F93CF93DF93CDB7DEB710
:108D100068970FB6F894DEBF0FBECDBF6D877E8714
:108D20008F87988B298B3A8B4B8B5C8B302E2E2C1C
:108D300040902D0A50902E0A60902F0A7090300AB1
:108D400020E030E040E850E4C301B2010E94CCF4DE
:108D5000181634F0412C512C40E8642E40E4742E57
:108D60008D859E85AF85B88989839A83AB83BC83C3
:108D700089899A89AB89BC898D839E83AF83B887A3
:108D800049865A866B867C86CE0101967BDE8823D7
:108D900009F45FC10091C80B1091C90BD8012D9146
:108DA0003D914D915C916D857E858F8598890E945E
:108DB000A5F26D8B7E8B8F8B988F69837A838B83E3
:108DC0009C83F801248135814681578169897A899C
:108DD0008B899C890E94A5F29B01AC012D833E8367
:108DE0004F835887A0904F02B0905002C09051021C
:108DF000D0905202830172016D897E898F89988D8E
:108E00000E94AD8B80915909811104C060E081E01E
:108E10000E941D8FC090C40BD090C50BE090C60B74
:108E2000F090C70B46015701B7FAB094B7F8B09469
:108E30000091580910E0159507951595079520E0C4
:108E400030E0A901C701B6010E94F5EB87FFCAC057
:108E5000B82DA92DFA2DEB2D20E030E040E151E4B2
:108E60006B2F7A2F8F2F9E2F0E94A6F22B013C0191
:108E700020912D0A30912E0A40912F0A5091300AEC
:108E80000E94F5EB87FF12C020E030E040E252E4A0
:108E9000C301B2010E94698D811108C020E041E048
:108EA00060E070E080E890E40E946E8C20E030E0AA
:108EB00040E050E4C501B4010E94A5F22B013C0141
:108EC00000951095017011278AE0809FB001819F65
:108ED000700D1124072E000C880B990B0E94FBEBE0
:108EE0009B01AC01C301B2010E94A5F220E030E079
:108EF00040EA51E40E94698D182F40902D0A50904D
:108F00002E0A60902F0A7090300AA701960160E047
:108F100070E080E490E40E94A5F2A30192010E9417
:108F2000F5EB87FF9DC0412C512C20EC622E2FE7E2
:108F3000722E2091C40B3091C50B4091C60B5091FD
:108F4000C70BC301B2010E94A6F26B017C01AC0108
:108F50009B010E9454F5811155C0F1E03F1678F055
:108F600082E0831508F043C093E0391208C020E086
:108F700041E060E070E080E890E40E946E8CA2E046
:108F8000A21508F04BC020915A0930915B0940911D
:108F90005C0950915D096D857E858F8598890E9459
:108FA000A6F2AB01BC0181E69EE20E940D2B20914E
:108FB0005E0930915F0940916009509161096989AA
:108FC0007A898B899C890E94A6F2AB01BC018CE551
:108FD0009EE20E940D2BB701A60187E59EE20E944A
:108FE000652C1CC0B0E0A0E0F0E0E0E035CF80E010
:108FF0000E942127882319F2C12CD12C90ECE92E54
:109000009FE7F92E80E00E94212789E79EE2B9D9E7
:109010000E941D2B89E69EE20E94F72AC701B60135
:1090200068960FB6F894DEBF0FBECDBFDF91CF912B
:109030001F910F91FF90EF90DF90CF90BF90AF9076
:109040009F908F907F906F905F904F903F902F9068
:109050000895C12CD12C80ECE82E8FE7F82EDECFBE
:10906000112309F466CF5FCF6F927F928F929F9208
:10907000AF92BF92CF92DF92EF92FF920F931F9326
:10908000CF93DF93CDB7DEB76C970FB6F894DEBF02
:109090000FBECDBF782E4A015B016801790120E047
:1090A00030E0A901C701B8010E94F5EB811111C0A0
:1090B000772019F081E0781291C060E070E081E6DD
:1090C00095E420E030E040E752E40E9482F36B0137
:1090D0007C01072D10E0F801EC5AF14DE491772462
:1090E00073941E160CF4712C6624639420E030E017
:1090F000A901C501B4010E94CCF418160CF0612C32
:1091000080E00E94348069837A838B839C8381E032
:109110000E9434806D837E838F83988782E00E94D3
:10912000348069877A878B879C8783E00E943480AC
:109130006D877E878F87988B000F111F000F111F7F
:10914000E1E0F0E0EC0FFD1F0E0F1F1FF801108291
:10915000118212821382CE0101960E94787FF8015B
:1091600080829182A282B382198A1A8A1B8A1C8AFF
:109170001D8A1E8A1F8A188E198E1A8E1B8E1C8EAF
:109180008091C6099091C709892B49F49E012F5EF1
:109190003F4FB701A601CE0101960E94B4B10E94D3
:1091A000677F761431F0809157098823E1F010929F
:1091B00057096C960FB6F894DEBF0FBECDBFDF9196
:1091C000CF911F910F91FF90EF90DF90CF90BF90C4
:1091D000AF909F908F907F906F90089560E070E0C7
:1091E00086E195E46ECF40E070E060E086E49EE2C8
:1091F0000E9485367F928F929F92AF92BF92CF92BC
:10920000DF92EF92FF920F931F93CF93DF93762E0F
:10921000872E982EA92EC42F80913502882309F419
:109220007FC08091360281117BC0413009F456C065
:10923000423009F464C0F090370200913802109176
:109240003902D0913A02B0904302C0904402D090CB
:109250004502E09046022F2D302F412F5D2F672DC4
:10926000782D892D9A2D0E94F5EB87FD12C02B2DAC
:109270003C2D4D2D5E2D672D782D892D9A2D0E9428
:10928000CCF4FB2C8601DE2D18161CF0F72C840183
:10929000DA2D84E0C89FA0011124FA01EB5DF54F9F
:1092A0008F2D902FA12FBD2F80839183A283B38315
:1092B0004D555B4FFA016081718182819381DF910D
:1092C000CF911F910F91FF90EF90DF90CF90BF90C3
:1092D000AF909F908F907F900C94858BF0903B0285
:1092E00000913C0210913D02D0913E02B0904702A5
:1092F000C0904802D0904902E0904A02ACCFF09072
:109300003F020091400210914102D0914202B09080
:109310004B02C0904C02D0904D02E0904E029BCF89
:10932000B12C80E5C82E93ECD92E27E4E22EF12C47
:1093300000E513ECD7EC8FCFCF92DF92EF92FF9244
:109340002091BE093091BF094091C0095091C109D7
:109350000E9482F36B017C0120E030E0A9010E94B1
:10936000CCF4181664F4C701B6010E946CF30E9495
:10937000EAF3CB01FF90EF90DF90CF900895C70103
:10938000B6010E941BF4F3CFCF92DF92EF920F93BE
:10939000CF936C01C62F85E49EE20E949B94EE243D
:1093A000E39401E021E040E2B60180E291E10E9415
:1093B000A12221E040E265E47EE280E491E10E94A6
:1093C000A12221E040E265E47EE280E691E10E9494
:1093D000A122C93F11F0C09334021092560989EFBF
:1093E00080935509CF910F91EF90DF90CF90089522
:1093F000282F30E0F901E150F24D9491F901E75442
:10940000F24D44912D58324DF9012491222309F453
:1094100035C0992311F191509231F8F4E92FF0E021
:109420008827EA5EF5438F4F0C949DF247CA4BCADA
:1094300028CA3FCA43CA2DCA4ECA54CA58CA5ECAAD
:1094400062CA66CA6CCA70CA2DCA74CA7ACA7ECA8F
:10945000809180008F7780938000E22FF0E0EE0F04
:10946000FF1FE75AF24DA591B4918FB7F894EC9194
:10947000611148C040954E234C938FBF0895809151
:1094800080008F7DE8CF80918000877FE4CF84B516
:109490008F7784BDE2CF84B58F7DFBCF8091B00004
:1094A0008F778093B000D9CF8091B0008F7DF9CFB6
:1094B000809190008F7780939000CFCF8091900023
:1094C0008F7DF9CF80919000877FF5CF8091A000AC
:1094D0008F778093A000C1CF8091A0008F7DF9CFBE
:1094E0008091A000877FF5CF809120018F778093B6
:1094F0002001B3CF809120018F7DF9CF8091200191
:10950000877FF5CF4E2BB8CF8F929F92AF92BF92AD
:10951000CF92DF92EF92FF926B017C010E9432ACFE
:109520004B015C01C114D104E104F104B9F00E94C3
:1095300032AC681979098A099B09683E7340810534
:10954000910580F321E0C21AD108E108F10888EE04
:10955000880E83E0981EA11CB11CE4CFFF90EF9011
:10956000DF90CF90BF90AF909F908F9008959F9283
:10957000AF92BF92CF92DF92EF92FF920F931F9321
:10958000CF93DF931F92CDB7DEB78C016C01C60E6F
:10959000D71EF12CE12CC016D10609F44DC0A090C5
:1095A0008D09B0908E09F80191908F019982C501C3
:1095B0000E94FAF1981691F1692DC5010E9402F2FC
:1095C000FFEFEF1AFF0AC7018F779927892BF9F070
:1095D00062E070E080E090E097DFC5010E94FAF160
:1095E00099818917D9F00E94202B8BEA9FE20E9473
:1095F000F72A81E00F90DF91CF911F910F91FF909B
:10960000EF90DF90CF90BF90AF909F90089562E071
:1096100070E080E090E00E940437DFCFCE01019639
:109620000E9419AC80918D0990918E0901969093BA
:109630008E0980938D09AFCF80E0DCCF2FB7F894EF
:109640006091A0147091A1148091A2149091A31420
:109650002FBF0895EF920F93EE24E39401E020E0F2
:1096600040E2BC0180E090E30E94F322E7DF605D0E
:109670007A488F4F9F4F6093680B7093690B80936C
:109680006A0B90936B0B0F91EF900895CF93DF933C
:10969000CDB7DEB78091240A811112C09E01275FE9
:1096A0003F4F4F8158856FE370E081E292E10E9465
:1096B000BDEB81E292E10E94FE3281E292E1CADFDB
:1096C000DF91CF9108954F925F926F927F92AF9208
:1096D000BF92CF92DF92EF920F931F93CF93DF93BE
:1096E00000D000D0CDB7DEB79E838D8349835A83E7
:1096F0006B837C832801390181E090E02FEFE21633
:1097000011F090E080E025E0289FF001299FF00D06
:109710001124E85EF54F8481882309F460C0ED814F
:10972000FE8114821582168217821086ED81FE81D9
:1097300084818230A9F0833009F485C08130D9F565
:1097400029813A814B815C81658176818781908511
:109750000E94CCF418167CF182E0ED81FE818483B6
:1097600029813A814B815C81ED81FE816581768121
:10977000878190850E94A5F269837A838B839C837D
:109780005DDF2B013C01A601950169817A818B8106
:109790009C810E94F5EB18160CF443C0F0EC4F0EC0
:1097A000F4ED5F1EF1E06F1E711CED81FE814082C1
:1097B00051826282738226960FB6F894DEBF0FBE86
:1097C000CDBFDF91CF911F910F91EF90DF90CF90A0
:1097D000BF90AF907F906F905F904F900895A301DE
:1097E0009201ED81FE8165817681878190850E945D
:1097F000F5EB882309F49ACFED81FE8145825682EC
:109800006782708611E020E030E0A901C301B20157
:109810000E94CCF418160CF010E0ED81FE81148348
:1098200085CFED81FE8180819181A281B3818419F0
:109830009509A609B709181619061A061B060CF48D
:10984000BACF83E084834FEF5FE26FE070E38E2D49
:1098500026960FB6F894DEBF0FBECDBFDF91CF9135
:109860001F910F91EF90DF90CF90BF90AF907F90BE
:109870006F905F904F900C94EAA4CF93DF93EC012C
:1098800084E00E94148A81112FC08091A8149091C5
:10989000A9148C0F9D1F9093A9148093A8148091F4
:1098A0006A0990916B09C80FD91FD0936B09C093B7
:1098B0006A09C4DE6093660970936709809368093A
:1098C000909369090E94E02A882371F080915302E5
:1098D00090915402019641F4109254021092530256
:1098E000DF91CF910C94DA2ADF91CF910895CF9236
:1098F000DF92EF92FF92CF93DF93EC01BC01990FBF
:10990000880B990B0E94FBEB2091BE093091BF0997
:109910004091C0095091C1090E945AEC6B017C0131
:10992000CE01ABDFCCEBDBE0A70196016885798542
:109930008A859B850E94A6F2688779878A879B879C
:10994000DF91CF91FF90EF90DF90CF900895CF926D
:10995000DF92EF92FF9272DE6B017C0128E5C20E6E
:1099600022E0D21EE11CF11C0E9418518F3FA1F091
:1099700065DEA7019601261B370B480B590BDA0150
:10998000C901181619061A061B0674F380E0FF9029
:10999000EF90DF90CF90089581E0F9CF0F931F9360
:1099A000CF938C010E944E77D2DFC82F81110BC05C
:1099B00082E1F8018483C8010E945A778C2FCF91ED
:1099C0001F910F9108958DEF0E941351C0DFC82F92
:1099D000F2CF1F920F920FB60F9211242F933F9345
:1099E0008F939F93AF93BF938091A0149091A114F4
:1099F000A091A214B091A31430919F1423E0230FDF
:109A00002D3758F50196A11DB11D20939F14809309
:109A1000A0149093A114A093A214B093A3148091C6
:109A2000A4149091A514A091A614B091A714019626
:109A3000A11DB11D8093A4149093A514A093A61406
:109A4000B093A714BF91AF919F918F913F912F91A8
:109A50000F900FBE0F901F90189526E8230F0296C7
:109A6000A11DB11DD2CF8BE1EEE3F3E1A9E5B3E196
:109A700001900D928A95E1F78091790B8064809333
:109A8000790B10926E0B8FEF9FEF909327028093CC
:109A90002602089580916E0B8823F1F02FEF3FEF9F
:109AA0003093270220932602815080936E0BEEE3C1
:109AB000F3E1882351F08150990B2BE1289FF001AD
:109AC000299FF00D1124EC58FC4E8BE1A9E5B3E180
:109AD00001900D928A95E1F780916E0B811105C07E
:109AE0009091790B90649093790B08958091790B04
:109AF00084FF04C08460877F8093790B0895CF92A0
:109B0000DF92EF92FF920F931F93CF93DF93CDB726
:109B1000DEB7EDB6FEB6DC010D900020E9F79D0141
:109B2000281B390B285F3F4FEDB7FEB7E21BF30B45
:109B30000FB6F894FEBF0FBEEDBF0DB71EB70F5F97
:109B40001F4F9F938F9385EF99E29F938F931F935E
:109B50000F930E948EEB6801F4E0CF0ED11C0F90A2
:109B60000F900F900F900F900F90D6018D916D0177
:109B7000882349F0082E000C990B0E9473F5F6011A
:109B800031978083F2CF60EF79E2C8010E94D2EA78
:109B900040E450E0B80184E199E00E943EEB0FB64A
:109BA000F894FEBE0FBEEDBEDF91CF911F910F91D5
:109BB000FF90EF90DF90CF9008958F929F92AF9299
:109BC000BF92CF92DF92EF92FF920F931F93CF93AA
:109BD000DF93EC018B8181110EC080E0DF91CF918A
:109BE0001F910F91FF90EF90DF90CF90BF90AF90BB
:109BF0009F908F90089509891A892B893C890417B1
:109C000015072607370748F34A015B01823031F414
:109C100088869986AA86BB8681E0E0CF811491046C
:109C2000A104B10449F4188619861A861B861C8281
:109C30001D821E821F82F0CF088519852A853B85EB
:109C4000E98DFA8D858590E00996B901A80141500A
:109C5000510961097109082E04C0769567955795D9
:109C600047950A94D2F775016401E1E0CE1AD10854
:109C7000E108F10804C0F694E794D794C7948A9554
:109C8000D2F7C416D506E606F70620F0012B022B04
:109C9000032B11F58D899E89AF89B88D8C839D83A7
:109CA000AE83BF838E010C5F1F4FC114D104E1044A
:109CB000F10409F4ADCF4C815D816E817F81980103
:109CC000898D9A8D0E94EDAE91E0C91AD108E10804
:109CD000F1088111EACF81CFC41AD50AE60AF70A42
:109CE000E1CF8F929F92AF92BF92CF92DF92EF928D
:109CF000FF920F931F93CF93DF9300D01F92CDB7A6
:109D0000DEB7FC018381813091F080E00F900F90ED
:109D10000F900F90DF91CF911F910F91FF90EF90D7
:109D2000DF90CF90BF90AF909F908F9008958181EA
:109D300081FFEBCF81899289A389B489892B8A2BF2
:109D40008B2B09F45EC07F0140E050E0BA01CF01E7
:109D500034DF8823D1F2F701C18CD28C85889688B4
:109D6000A788B08C82E090E0A0E0B0E0F6018083AC
:109D70009183A283B3839E012F5F3F4FB501A4015E
:109D8000C6010E94EDAE882309F4BFCF00E010E0C9
:109D90009801B501A401C6010E945CAE882309F4B4
:109DA000B4CF89809A80AB80BC80F60187898031EE
:109DB000F9F4F8EF8F16FFEF9F06A104B104D8F273
:109DC000F701158A168A178A108E118A128A138A49
:109DD000148A818180688183C7010E9440B08823F2
:109DE00009F493CF40E050E0BA01C701E6DE8ECF20
:109DF00088EF88168FEF9806A8068FE0B80600F760
:109E0000BACF81E083CF2F923F924F925F926F92B1
:109E10007F928F929F92AF92BF92CF92DF92EF92FA
:109E2000FF920F931F93CF93DF9300D01F92CDB774
:109E3000DEB78C014B011A01DC0113968C9113974C
:109E4000813009F0CEC011968C9181FFCAC082FD8D
:109E5000B5C06101D80118964D915D916D917C91CD
:109E60001B97C114D10409F41AC159968D919C9184
:109E70005A97FC0174802FEF270D2A013B0139E02E
:109E800076946794579447943A95D1F7722E74203C
:109E90007A01F1E0FF22711020C0E114F104E9F42D
:109EA00014964D915D916D917C91179741155105D7
:109EB0006105710509F09BC055968D919D910D909E
:109EC000BC91A02D0097A105B10509F0A9C0C8015A
:109ED0000E9473B0882309F484C0A12C82E0B82EBC
:109EE000AE18BF08CA14DB0408F45601D80159960D
:109EF0004D915C915A9714968D919D910D90BC91C6
:109F0000A02D0297A109B109FA01258504C0880F87
:109F1000991FAA1FBB1F2A95D2F7468557856089CE
:109F20007189840F951FA61FB71F9C01AD01270DD6
:109F3000311D411D511D29013A01A11432E0B30622
:109F400009F07CC08091F0169091F116A091F21664
:109F5000B091F316481659066A067B0669F410920A
:109F6000F8168FEF9FEFDC018093F0169093F116B7
:109F7000A093F216B093F3168091F9169091FA1609
:109F8000DC01ED91FC910288F389E02D9401B3018D
:109F9000A2011995882329F1F80180859185A28570
:109FA000B3858A0D9B1DA11DB11D80879187A28756
:109FB000B3878A0C9B1CCA18DB084CCFF801418977
:109FC00052896389748980859185A285B3854817F4
:109FD00059076A077B0709F43CCFC801EEDD811100
:109FE00038CF81E0D8018C938FEF9FEF6EC09E0138
:109FF0002F5F3F4F0E94EDAE882399F389819A81AC
:10A00000AB81BC81F801218D328DF9012789203186
:10A0100069F4883FFFEF9F07A105B10508F057CF0E
:10A02000F80184839583A683B78357CF883F2FEFAA
:10A030009207A2072FE0B20798F349CFE114F10489
:10A0400031F5F80140855185628573858189928952
:10A05000A389B489481759076A077B07C0F00E9493
:10A0600088AC882309F4BDCF81E08093F816409234
:10A07000F0165092F1166092F2167092F316A50146
:10A08000B401C70180519B4E0E9488F585CF41E005
:10A09000C301B2010E94D1AC8111F1CFA2CFF8016E
:10A0A00081899289A389B48984179507A607B70780
:10A0B00038F48181418B528B638B748B80688183F0
:10A0C000F801818183FD18C0C1010F900F900F909E
:10A0D0000F90DF91CF911F910F91FF90EF90DF9044
:10A0E000CF90BF90AF909F908F907F906F905F9038
:10A0F0004F903F902F900895C8010E9440B0811169
:10A10000E3CF6FCF2F923F924F925F926F927F92E9
:10A110008F929F92AF92BF92CF92DF92EF92FF9277
:10A120000F931F93CF93DF93EC014B017A018B8147
:10A13000811115C08FEF9FEFDF91CF911F910F918C
:10A14000FF90EF90DF90CF90BF90AF909F908F9057
:10A150007F906F905F904F903F902F9008958981EE
:10A1600080FFE8CF89899A89AB89BC894885598560
:10A170006A857B85841B950BA60BB70BA70170E046
:10A1800060E084179507A607B70708F47C0167010C
:10A190001E0124E0220E311CC114D10409F4A9C00F
:10A1A000488559856A857B855A0181E0B822898D69
:10A1B0009A8D2A013B0129E076946794579447943D
:10A1C0002A95D1F72B81FC01223081F5628D738DA8
:10A1D000848D958D640D751D861D971D00E012E020
:10A1E0000A191B09C016D10608F486010115E2E020
:10A1F0001E0771F44090F0165090F1166090F21620
:10A200007090F316641575058605970509F04EC024
:10A2100040E00E94D1AC882309F48CCFB501605195
:10A220007B4EA801C4010E9488F552C014811150D0
:10A230001421A114B10471F411110CC0452B462B4B
:10A24000472B51F58D899E89AF89B88D8C839D836D
:10A25000AE83BF83E98DFA8D4C805D806E807F80F8
:10A2600022E0421A510861087108858504C0440C37
:10A27000551C661C771C8A95D2F786859785A08920
:10A28000B189480E591E6A1E7B1EC301B201610FBF
:10A29000711D811D911DA2CF4C815D816E817F81D9
:10A2A00091010E94EDAE8111D5CF44CFA091F91656
:10A2B000B091FA16ED91FC9111970088F189E02D8B
:10A2C0009401AB01BC01CD011995882309F432CF6B
:10A2D000800E911E88859985AA85BB85800F911F68
:10A2E000A11DB11D88879987AA87BB87C01AD10A8B
:10A2F00053CFC70121CFBF92CF92DF92EF92FF924F
:10A300000F931F93CF93DF93EB01FC012381223046
:10A3100008F49CC040855185628573854F7155272F
:10A3200066277727452B462B472B09F08FC08C01DA
:10A3300010923A0B1092390BC12CDD24DA947E0175
:10A34000FBE0EF0EF11C8DE0B82E40E250E0BE01C4
:10A35000C801D8DE8032910581F021E0892B09F413
:10A3600020E0822F8195DF91CF911F910F91FF9077
:10A37000EF90DF90CF90BF9008952881222309F4B9
:10A3800067C0253E11F02E3229F410923A0B10923C
:10A39000390BDBCF3B853F733F3009F042C04A8D1C
:10A3A0005B8D452B61F52F713FEF320F323038F561
:10A3B0008D85213041F1C81229C02150330BB29E46
:10A3C000C001B39E900D1124DC01A75CB44FFE01C7
:10A3D00020E02B30F0F0468157814F3F510519F0B6
:10A3E00010F04FE550E04D932F5F32962D3089F7F6
:10A3F000288126FF04C0FC01EA5BF44F10822B8504
:10A4000023FDA3CFB0CFC82ED12CD7CFDD24D3943A
:10A41000D4CF253018F044815581DFCF418152815E
:10A42000DCCFD1100EC0FE0120E020FB279527F9DC
:10A430003191230FEE16FF06C1F7C21601F3DD249A
:10A44000D39410923A0B1092390BD9CF8FEF8BCF58
:10A4500080E089CFCF93DF93EB01FC0123812111B1
:10A4600004C080E0DF91CF9108952250223028F47B
:10A470008FE28883198281E0F5CF60E00E9427B0E7
:10A48000009779F3DC0160E080E09EE22D912032BC
:10A4900099F0883031F49E01260F311DF901908327
:10A4A0006F5F9E01260F311DAD0141505109FA0128
:10A4B0004081F90140836F5F8F5F8B3039F7FE0178
:10A4C000E60FF11D1082D7CFCF93DF93EC01CB01C4
:10A4D000E881F98160817181BDDF28813981D901ED
:10A4E000ED91FC91AA81BB818C919081992359F0C7
:10A4F0008936C8F4CF010196F901918380838C914C
:10A500008F5F8C93EACF893670F48FE28083E88185
:10A51000F98180819181019691838083EA81FB8119
:10A5200080818F5F8083DF91CF9108950F931F9378
:10A53000CF93DF9300D000D01F92CDB7DEB79C0140
:10A540002F5F3F4F3F832E832FE2FC01208381E06A
:10A550008D83CE0106969A83898301979C838B8392
:10A5600010E00BE180916E0B181750F4109FB001B2
:10A5700011246C587C4ECE010196A6DF1F5FF2CFEE
:10A580008D818B3550F462E874E1CE0101969CDF39
:10A590008E819F8101979F838E83EE81FF81108240
:10A5A00027960FB6F894DEBF0FBECDBFDF91CF91D7
:10A5B0001F910F910895CF93DF93EC010E9440B05B
:10A5C0001B82DF91CF91089582E894E10E9440B010
:10A5D00082E894E1F0DF8091790B8D7F8E7F80930C
:10A5E000790B1092750B1092760B1092770B1092DC
:10A5F000780B0895109295088091790B8F7780934E
:10A60000790B0E942837882319F082E894E1D3CF90
:10A6100008958091790B8F7E8093790B8FEF9FEF58
:10A62000909327028093260280914113882319F08A
:10A630008EE393E1C0DF45E360E089E197E10E94AA
:10A640001F7981110BC00E94202B84EE99E20E9499
:10A65000F72A8091790B84FF2FC005CA61E089E158
:10A6600097E10E940FAD81110EC060E089E197E192
:10A670000E940FAD811107C088E999E20E94F72A74
:10A6800080ED99E2E4CF6BEF76E18EE393E10E94F7
:10A69000D8AF811107C088E999E20E94F72A8FEBB1
:10A6A00099E2D5CF8091790B80618093790B0E94DC
:10A6B000202B83EB99E2CBCF80915409882331F092
:10A6C00041E061E081EA99E20C94EF92089540E064
:10A6D00050E0BA0172CA0F931F93CF93DF93CDB7A7
:10A6E000DEB7EB970FB6F894DEBF0FBECDBF8091FB
:10A6F000790B84FF3AC0809126029091270297FF40
:10A7000025C08BE1E9E5F3E1DE01919601900D9220
:10A710008A95E1F7CE018196DADF10E000E0BE0114
:10A720006F5F7F4FCE018196E6DD18163CF4CE01B7
:10A7300001960E9457AC080F111DF1CF109327020C
:10A7400000932602CE0181960E9461278091260205
:10A7500090912702EB960FB6F894DEBF0FBECDBFE7
:10A76000DF91CF911F910F91089590E080E0F2CF9B
:10A77000EF92FF920F931F93CF93DF93CDB7DEB786
:10A78000EB970FB6F894DEBF0FBECDBF8C01A3DFF1
:10A7900098012F5F3F4F82179307A8F19CDF019725
:10A7A0007C01E01AF10A89E593E191DF8BE1E9E5AB
:10A7B000F3E1DE01919601900D928A95E1F710E0A8
:10A7C00000E0BE016F5F7F4FCE01819694DD1816C9
:10A7D00084F4CE0101960E9457AC882391F3E016D1
:10A7E000F106F9F4BE016F5F7F4F82E799E00E94A6
:10A7F00072ACCE0181960E946127A89581E090916C
:10A800007209911101C080E0EB960FB6F894DEBF9B
:10A810000FBECDBFDF91CF911F910F91FF90EF90B1
:10A8200008950F5F1F4FCDCF0F931F93CF93DF93EB
:10A83000CDB7DEB7EB970FB6F894DEBF0FBECDBF36
:10A840008C0189E593E143DF8BE1E9E5F3E1DE018A
:10A85000919601900D928A95E1F7BE016F5F7F4F4F
:10A86000CE01819648DD1816A4F4CE0101960E940F
:10A8700057AC882391F3BE016F5F7F4F82E799E069
:10A880000E9472AC62E779E0C8010E9498F5892BBA
:10A8900021F7CE0181960E946127EB960FB6F894BE
:10A8A000DEBF0FBECDBFDF91CF911F910F910895F5
:10A8B0002F923F924F925F926F927F928F929F92D0
:10A8C000AF92BF92CF92DF92EF92FF920F931F93BE
:10A8D000CF93DF93CDB7DEB7C454D1090FB6F89448
:10A8E000DEBF0FBECDBF7C014B015A01222E198263
:10A8F0001C821C8E1F8E6115710511F410E0B2C10F
:10A90000DC0113968C918111F9CFFA0180818B01C2
:10A910008F32D1F4DB0113968C91139782508230E1
:10A9200060F059966D917C91CE014C960E94D8AF03
:10A930008E01045E1F4F882309F3C5015C01019657
:10A94000F50120812F32D1F39E012F5F3F4F690126
:10A95000290130E2332E2496CFAE24972596DFAE20
:10A9600025973E013CE1630E711C22963FAE229773
:10A9700021963FAE21973FAE3EAE3DAE3CAE3BAEE4
:10A980003AAE39AE38AE3FAA950190E047E0D90122
:10A990008D91882361F18F3251F18E3239F44A3032
:10A9A00009F4ACCF98E04AE09D01F1CFE8E8F9E284
:10A9B0002491222321F031968213FACF9FCF491799
:10A9C00008F49CCF813208F499CF8F3709F496CFE1
:10A9D0003FE9380F3A3108F420EEE7E3F0E0EC0FFE
:10A9E000FD1FE90FF11D820F80839F5FDDCF8FA9CF
:10A9F000803209F483CF5901D9018C912F5F3F4FE9
:10AA00008F32C9F38823A1F00815190511F0C80188
:10AA1000D2DD24969FAD249725968FAD25974C14B3
:10AA20005D0411F4962D872D8601C92ED82E9DCF59
:10AA3000F801818D928DD7015A969C938E935997E8
:10AA4000C80145DEC12CF80180859185A285B385BA
:10AA5000418952896389748984179507A607B707C6
:10AA600008F055C025E0B695A795979587952A9546
:10AA7000D1F7F82FFF70DF2ED80113968C9182301A
:10AA800008F43CCF23961FAE239741E050E0BE016F
:10AA90006E5B7F4FC80136DB019709F02FCFF801BD
:10AAA00080859185A285B3854F96A11DB11D8087B4
:10AAB0009187A287B387F0E2DF9EB0011124605135
:10AAC0007B4E6115710509F419CFDB018C91882348
:10AAD00041F0853E09F04DC0CC2029F0CC24C39430
:10AAE000B2CFC1100EC08091F0169091F116A091D6
:10AAF000F216B091F316F70184879587A687B7877A
:10AB0000D08ADB018C918111E9CFCC24C394822DB2
:10AB10008274823409F0F2CECC2009F4C6C0F70169
:10AB2000D08861E0C7010E9427B0009709F4E6CE03
:10AB300020E2DC011D922A95E9F72BE0FE01F79651
:10AB4000DC0101900D922A95E1F721E238E2FC0147
:10AB5000318B208B40E058E057874687338B228B20
:10AB6000318F208F578B468B0E9488AC81110AC091
:10AB7000C5CE4BE050E0CE01C7960E947BF5892BF5
:10AB800009F061CF2D2D30E0F901B5E0EE0FFF1F88
:10AB9000BA95E1F7DF01A051BB4E1B968C918171F4
:10ABA00021F0822D827109F01FC1D70159968D9134
:10ABB0009C915A974091F0165091F1166091F216BF
:10ABC0007091F3161C964D935D936D937C931F9734
:10ABD0005096DC925097E051FB4E84889588B12CBA
:10ABE000A12C54019924882455968D929D92AD9262
:10ABF000BC925897428D538D70E060E048295929E6
:10AC00006A297B2955964D935D936D937C93589754
:10AC1000A5E0220F331FAA95E1F7D901A051BB4E41
:10AC20001B962C91287109F0D1C0848D958DA68D2D
:10AC3000B78DF701818B928BA38BB48B81E08383DB
:10AC4000822D8F70F70181831482158216821782FC
:10AC5000108611861286138611E024FE03C0C701F8
:10AC600040D8182FCE014C960E946127CE01019644
:10AC70000E946127812FCC5BDF4F0FB6F894DEBFB7
:10AC80000FBECDBFDF91CF911F910F91FF90EF903D
:10AC9000DF90CF90BF90AF909F908F907F906F90FC
:10ACA0005F904F903F902F900895D80113968C910C
:10ACB0001397823009F422CE51968D919D910D907B
:10ACC000BC91A02D803E9F4FAF41B10508F016CE3C
:10ACD000C8010E9473B0882309F410CE0E9488AC8A
:10ACE000882309F40BCED8015996ED91FC915A971F
:10ACF00014968D909D90AD90BC901797B2E08B1AF2
:10AD00009108A108B108858504C0880C991CAA1C6B
:10AD1000BB1C8A95D2F786859785A089B189880E54
:10AD2000991EAA1EBB1E81E08093F8168092F01631
:10AD30009092F116A092F216B092F316E0EFF4E1C1
:10AD400080E092E0DF019C011D9221503040E1F74C
:10AD5000DD24D394D8015996ED91FC918481D816C5
:10AD6000C0F48091F9169091FA16DC01ED91FC91F6
:10AD70000288F389E02D20EF34E1B501A4014D0DE7
:10AD8000511D611D711D1995882309F4B7CDD39408
:10AD9000E1CF258580E092E0A0E0B0E004C0880F1C
:10ADA000991FAA1FBB1F2A95D2F7F8014189528922
:10ADB00063897489840F951FA61FB71F818B928B9F
:10ADC000A38BB48B80EF94E1D12CB2CE203161F40F
:10ADD00097012F5E3F4F0E946FAF882329F084E0D8
:10ADE000D70113968C932CCFD70113961C9286CD46
:10ADF000CF9321E04EE954E06EE373E183E293E107
:10AE000057DDC82F882319F083E293E1D4DB8C2F20
:10AE1000CF910895EF92FF920F931F93CF93DF93FB
:10AE2000EC01E62E8A0160E072E0CA010E943777E9
:10AE3000F82E892FEEBCF80198013E5F0DB407FE95
:10AE4000FDCF90819EBD0DB407FEFDCF91819EBDCB
:10AE50003296E217F30791F70DB407FEFDCF0E947B
:10AE600013518F2D0E9413510E9418518E838F71A0
:10AE7000853069F083E18C83CE010E945A7780E0AF
:10AE8000DF91CF911F910F91FF90EF90089581E096
:10AE9000F7CFEF92FF921F93CF93DF93C82F7B01E1
:10AEA00010911E138FEF80931E130E94202BC13030
:10AEB000C1F0CDEDDAE281EF9AE20E94F72ACE01ED
:10AEC0000E94F72AB70189EE9AE20E94052B0E94A0
:10AED000232B10931E13DF91CF911F91FF90EF90C2
:10AEE0000895C3EEDAE2E7CFBC018FEF99E20E944A
:10AEF000052B8CEF99E20C94F72A2F923F924F92F8
:10AF00005F926F927F928F929F92AF92BF92CF92F9
:10AF1000DF92EF92FF920F931F93CF93DF931F92D5
:10AF20001F92CDB7DEB7382E7B012DB73EB73A83DF
:10AF300029838091E814811107C01092CD141092DA
:10AF4000D01481E08093E8148091C514811107C06A
:10AF50001092AA141092AD1481E08093C514DA0106
:10AF60008C918F3209F080C08EE393E1F7019183D9
:10AF700080834F5F5F4F311010926E0BF70140805E
:10AF800051808A012DECC22E24E1D22E3BE1232EEA
:10AF900001151105A9F16DB67EB66FE270E0C8012A
:10AFA0000E94ABF55C010817190728F5AC01401B9E
:10AFB000510B55274F5F5F4F2DB73EB7241B350B05
:10AFC0000FB6F8943EBF0FBE2DBF8DB79EB701964A
:10AFD0004C01B8010E943EEBC601EDDAD7016D913C
:10AFE0007C9121E0A401C60163DC811143C0C4014E
:10AFF0007BDF10E000E00FB6F8947EBE0FBE6DBEA2
:10B000003320A9F0D701ED91FC918BE1A9E5B3E1E3
:10B0100001900D928A95E1F791E080916E0B81117C
:10B0200090E08091790B90FB86F98093790BC801B1
:10B03000E981FA810FB6F894FEBF0FBEEDBF0F9005
:10B040000F90DF91CF911F910F91FF90EF90DF90C4
:10B05000CF90BF90AF909F908F907F906F905F90B8
:10B060004F903F902F90089589E593E1D7018D93FC
:10B070009C9384CFF701808191814816590609F08D
:10B080009ADAD701CD92DC92332099F0A0916E0B21
:10B09000AA3078F481E08A0F80936E0B2A9ED0014B
:10B0A0001124AC58BC4EF601822D01900D928A9568
:10B0B000E1F7BDECCB16B4E1DB0669F49AEAC92EE0
:10B0C00094E1D92E85010F5F1F4F0FB6F8947EBE15
:10B0D0000FBE6DBE5DCF8DECC82E84E1D82EF2CFB1
:10B0E0001F93CF93DF93CDB7DEB76D970FB6F8946C
:10B0F000DEBF0FBECDBF1D8E1C8EAC01BE01645ED7
:10B100007F4F80E0FADE10E0009799F019821C82F0
:10B110006C8D7D8D21E0AC01CE010196C9DB182F2D
:10B12000882319F0CE01019646DACE0101960E94DD
:10B130006127812F6D960FB6F894DEBF0FBECDBF8D
:10B14000DF91CF911F910895EF92FF921F93CF93BC
:10B15000DF9300D000D000D01F92CDB7DEB7809132
:10B16000790B84FF56DA8091790B84FF3BC00E94F3
:10B170004F27811137C080916F0B90E08F969F937E
:10B180008F9386EF9AE29F938F93CE0101967C0175
:10B190009F938F930E948EEB8091790B0F900F906D
:10B1A0000F900F900F900F9084FF1CC0C70198DF85
:10B1B000182F8823B9F00E9433CDC7010E947FCD9C
:10B1C00080916F0B8F5F80936F0B812F2A960FB644
:10B1D000F894DEBF0FBECDBFDF91CF911F91FF90DE
:10B1E000EF90089510926F0B10E0EFCF0E94202B8C
:10B1F000609170097091710987E49FE20E94052BAC
:10B2000084E49FE20C94F72A8F929F92AF92BF92B0
:10B21000EF92FF920F931F93CF93DF931F921F9292
:10B22000CDB7DEB77C018091790B84FD03C0C701E7
:10B230005BDE69C0613009F479C008F471C0623026
:10B2400009F4D5C08091790B877F8B7F8093790B30
:10B25000D1D9A701BE016F5F7F4F81E04EDE8C0127
:10B26000009729F369817A8121E0AC0182E894E1B9
:10B270001FDB882309F4C2C0809193149091941429
:10B28000A0919514B09196148093710B9093720BCA
:10B29000A093730BB093740B1092750B1092760BF6
:10B2A0001092770B1092780BF0901E138FEF809313
:10B2B0001E13B8018AE29AE20E94052B8090710B5E
:10B2C0009090720BA090730BB090740B82E29AE294
:10B2D0000E94F72AC501B4010E941F270E94232B58
:10B2E00083E19AE20E94F72AF0921E13C8019CDAC9
:10B2F0008091390B882311F009E31BE040E060E006
:10B30000C8010E94BA920F900F90DF91CF911F91C8
:10B310000F91FF90EF90BF90AF909F908F90089506
:10B32000B70182E0B6DD1092700B8CCF0E942837F7
:10B33000811104C0B70181E0ACDD84CF8091700B36
:10B34000882399F00E941D2B83E89AE20E94F72A35
:10B3500081E090E00E94A2350E94232B40E070E043
:10B3600060E082E79AE20E9485368AE998E0DED8BA
:10B37000E091700B84E0E89FF0011124EA56F74F4A
:10B380008091750B9091760BA091770BB091780B13
:10B3900080839183A283B3830E94202BB70189E528
:10B3A0009AE20E94052B6091700B89E6689FB001BC
:10B3B00011246656774F8EE49AE20E94052B809006
:10B3C000750B9090760BA090770BB090780B88E47B
:10B3D0009AE20E94F72AC501B4010E941F270E9429
:10B3E000232B8091700B8F5F8093700B2BCF0E946B
:10B3F000202B88E39AE20E94F72A24CFC80118CFB5
:10B40000CF93DF93EB010E94F72ACE010E949D2784
:10B41000DF91CF910C94232BEF92FF920F931F9308
:10B42000CF93DF931F921F92CDB7DEB72091790B98
:10B4300024FF31C07C01BC0182E02BDD1092700B37
:10B440008091790B877F8B7F8093790BD3D8A7016D
:10B45000BE016F5F7F4F80E050DD8C01C701011599
:10B46000110519F169817A8126E5A80182E894E144
:10B470001FDA8823C9F08091790B81608093790B62
:10B48000C801D2D9B8018BEC9AE2BADF40E060E0A3
:10B49000C8010E94BA920F900F90DF91CF911F9137
:10B4A0000F91FF90EF900895C8011EDDF4CFCF9368
:10B4B0009091790B94FF1DC090912613911119C0A2
:10B4C0002AE5811121E0C82F4EE954E06EE373E1D3
:10B4D00083E293E1EDD9811104C08EE994E0CF912C
:10B4E00003CDC11106C06EE974E08BEC9AE2CF91F6
:10B4F00087CFCF910895FF920F931F93CF93DF9340
:10B50000CDB7DEB76D970FB6F894DEBF0FBECDBFD7
:10B510002091790B24FF27C0AC01BE01645E7F4FF0
:10B5200080E0EBDC8C010097F1F06C8D7D8D198251
:10B530001C8222E0AC01CE010196BAD981111FC054
:10B54000F12CCE0101960E946127B801FF2061F124
:10B550008DEB9AE255DF1092750B1092760B1092DC
:10B56000770B1092780B6D960FB6F894DEBF0FBE76
:10B57000CDBFDF91CF911F910F91FF900895CE0124
:10B5800001960E9471CE8823D9F261E0CE01019626
:10B590000E9427B00097A1F225EEFC0120831C82B7
:10B5A0000E9488ACF82ECDCF85EA9AE20E94052B46
:10B5B00082EA9AE20E94F72AD6CF2F923F924F92C8
:10B5C0005F926F927F928F929F92AF92BF92CF9233
:10B5D000DF92EF92FF920F931F93CF93DF93CDB73C
:10B5E000DEB7C655D1090FB6F894DEBF0FBECDBF8A
:10B5F0005C017B016DB67EB6BE016F5F7F4FC501FA
:10B600000E947BD118160CF068C08C85887180313F
:10B6100009F082C08DB69EB610E000E0E114F1049E
:10B6200039F0F70101900020E9F78F010E191F0989
:10B63000C8010D962DB73EB7281B390B0FB6F894ED
:10B640003EBF0FBE2DBF8DB79EB701966C01080F90
:10B65000191FE114F10439F0B7010E94B6F58FE229
:10B66000F80131978083BE016F5F7F4FC8010E9450
:10B6700072AC1CAE1FAE21E0A801B501CE01CC9684
:10B6800017D98823D9F08BE1FE01FC96DE01919653
:10B6900001900D928A95E1F7B601CE0181968DDF7A
:10B6A000CE0181960E946127CE01CC960E9461272F
:10B6B0000FB6F8949EBE0FBE8DBE9ECF0E94202B6B
:10B6C000B80188E89EE29CDECE01CC960E946127FC
:10B6D0000FB6F8949EBE0FBE8DBE0FB6F8947EBE18
:10B6E0000FBE6DBECA5ADF4F0FB6F894DEBF0FBE55
:10B6F000CDBFDF91CF911F910F91FF90EF90DF9021
:10B70000CF90BF90AF909F908F907F906F905F9001
:10B710004F903F902F900895CE0101960E9457AC14
:10B72000882309F469CFE114F10431F0C7010E94C4
:10B730009D278FE20E9459C02D8C3E8C4F8C58A0C3
:10B74000BE016F5F7F4F82E799E00E9472AC0E945A
:10B750009D2780E20E9459C0C201B1010E941F27AB
:10B760000E94232B49CF90E080E008950F931F9310
:10B7700041E050E0082E02C0440F551F0A94E2F742
:10B78000052E000C660B770B0091CB091091CC09AC
:10B790002091CD093091CE09402B512B622B732B78
:10B7A0004093CB095093CC096093CD097093CE0997
:10B7B0009091CA09891303C081E08093C8091F9141
:10B7C0000F9108952F923F924F925F926F927F92C6
:10B7D0008F929F92AF92BF92CF92DF92EF92FF92A1
:10B7E0000F931F93CF93DF93CDB7DEB7CB5AD10919
:10B7F0000FB6F894DEBF0FBECDBF2091641230911A
:10B8000065124091661250916712CC55DF4F288324
:10B8100039834A835B83C45AD040809168129091E7
:10B820006912A0916A12B0916B12C855DF4F8883DC
:10B830009983AA83BB83C85AD040B0906C12A09061
:10B840006D1230906E1220906F1220917012309114
:10B8500071124091721250917312C056DF4F2883BB
:10B8600039834A835B83C05AD040809113139091EF
:10B870001413A0911513B0911613C656DF4F888389
:10B880009983AA83BB83CA59D04080911C1381FF3E
:10B8900005C09091CF0998609093CF0982FB8827CB
:10B8A00080F9809342078091790B87FDF8C281E28D
:10B8B00096E00E94826B0091A3121091A4120115D0
:10B8C000110599F08091790B87FDE9C26BE176E073
:10B8D000CE0101960E94E31EB801CE0101960E949E
:10B8E000EE20CE0101960E94546B0091A11210919E
:10B8F000A212043B110514F404EB10E08091790BC3
:10B9000087FDCDC265E176E0CE0101960E94E31E7F
:10B91000B801CE0101960E94EE20CE0101960E9450
:10B92000546B8091790B87FDBAC220917A123091C5
:10B930007B1240917C1250917D126B2D7A2D832DBC
:10B94000922D0E94A6F24B018C018DE096E00E94A0
:10B95000826B80911C136401780180FD04C0CB2CA4
:10B96000DA2CE32CF22C8091790B87FD98C2C6016A
:10B97000D701C057DF4F88839983AA83BB83C059FF
:10B98000D04033E0732ECC56DF4F7882C459D0407C
:10B9900066E076E0CE0101960E94E31EBE0160578C
:10B9A0007F4FCE0101960E94551FCE0101960E9445
:10B9B000546B9401A801B601C7010E94F5EB87FF03
:10B9C00026C08091790B87FD6AC2C401D801C55792
:10B9D000DF4F88839983AA83BB83CB58D040C1575C
:10B9E000DF4F7882CF58D0406EEF75E0CE010196E0
:10B9F0000E94E31EBE0165577F4FCE0101960E9453
:10BA0000551FCE0101960E94546B6401780180910C
:10BA1000790B87FD44C286EF95E00E94826B87E038
:10BA20008093580980932D078091790B87FD37C249
:10BA30004090A6125090A7126090A8127090A91280
:10BA400080911C1383FB882780F9C256DF4F8883BF
:10BA5000CE59D040C156DF4F1882CF59D040C25680
:10BA6000DF4F88809980CE59D04090E3890E911C99
:10BA700060EF75E08E010F5F1F4FC8010E94E31E4B
:10BA8000B401C8010E94EE20EB964CAE5DAE6EAEE6
:10BA90007FAEEB9721E0EC962FAFEC976AE50E9422
:10BAA000CE1EBE0169587F4F0E94551FC8010E94DB
:10BAB000546B8091790B87FDF2C1C601D701CA573B
:10BAC000DF4F88839983AA83BB83C658D04023E085
:10BAD000F22EC657DF4FF882CA58D04069EE75E0A3
:10BAE000C8010E94E31EBE016A577F4FC8010E9431
:10BAF000551FC8010E94546B80911C1384FF27C0FE
:10BB00008091790B87FDCBC180919D1290919E12FF
:10BB1000A0919F12B091A012CB56DF4F88839983DA
:10BB2000AA83BB83C559D040C756DF4FF882C95995
:10BB3000D04063EE75E0C8010E94E31EBE016B5663
:10BB40007F4FC8010E94551FC8010E94546BE090AE
:10BB5000A112F090A2128091790B87FB882780F9BF
:10BB6000E114F10471F081119AC16DED75E0C80125
:10BB70000E94E31EB701C8010E94EE20C8010E9486
:10BB8000546BE090A512F12C8091790B87FB8827EC
:10BB900080F9E114F10441F1811181C167ED75E093
:10BBA000C8010E94E31E1F921F9284ED94E09F93B0
:10BBB0008F936E01A2E6CA0ED11CDF92CF920E9433
:10BBC000D6F5B601C8010E943B1F63E50E94CE1E58
:10BBD000B7010E94EE20C8010E94546B0F900F9095
:10BBE0000F900F900F900F908091790B87FD57C1A8
:10BBF0006EEC75E0C8010E94E31ECC55DF4F288132
:10BC000039814A815B81C45AD040E6962CAF3DAF62
:10BC10004EAF5FAFE69793E0F92EE796FFAEE7975A
:10BC2000BE016E587F4FC8010E94551FC855DF4F97
:10BC3000288139814A815B81C85AD040E1962CAF76
:10BC40003DAF4EAF5FAFE197E296FFAEE29769E599
:10BC50000E94CE1EBE0163597F4F0E94551FC8012E
:10BC60000E94546B8091790B87FD19C18B2D9A2D01
:10BC7000A32DB22DCF57DF4F88839983AA83BB832F
:10BC8000C158D040CB57DF4FF882C558D04066EC42
:10BC900075E0C8010E94E31EBE016F577F4FC801C7
:10BCA0000E94551FC8010E94546B8091790B87FD3B
:10BCB000F6C0E0907412D090751262EC75E0C80185
:10BCC0000E94E31EDF92EF9284ED94E09F938F93A6
:10BCD0006E0132E6C30ED11CDF92CF920E94D6F5E0
:10BCE000B601C8010E943B1FC8010E94546B80919D
:10BCF00076129091771290931202809311026091C4
:10BD000078127091791280E00E948C1A8091790BE0
:10BD10000F900F900F900F900F900F9087FDBFC066
:10BD2000C056DF4F88819981AA81BB81C05AD0401B
:10BD3000C458DF4F88839983AA83BB83CC57D040F4
:10BD4000C058DF4FF882C058D0406BEB75E0C80197
:10BD50000E94E31EBE0164587F4FC8010E94551F18
:10BD6000C8010E94546B87E0EEE7F2E1A8ECB9E06D
:10BD700001900D928A95E1F78091CA090E942021D5
:10BD80008CE0E5E8F2E1A5E0B9E001900D928A953A
:10BD9000E1F78CE0E1E9F2E1AAE5B9E001900D926A
:10BDA0008A95E1F780911B138093621281E0809362
:10BDB00053070E9492378091790B87FD70C041E64E
:10BDC00050E066EB75E0C8010E94EFEAD8010D90E3
:10BDD0000020E9F7CD010197801B910B803691057A
:10BDE00050F441E650E0481B590B6AEA72E1800FBB
:10BDF000911F0E943EEBC8010E94546B8091790B09
:10BE000087FD4DC0909017138090181370901913F0
:10BE100060901A1361EB75E0C8010E94E31EC356DF
:10BE2000DF4FB881CD59D040BF93C456DF4FE88172
:10BE3000CC59D040EF93C556DF4FF881CB59D04055
:10BE4000FF93C656DF4F2881CA59D0402F9387ED04
:10BE5000E82E84E0F82EFF92EF92DF92CF920E94BC
:10BE6000D6F5B601C8010E943B1F64E50E94CE1EB4
:10BE70005C016F927F928F929F92FF92EF92DF927E
:10BE8000CF920E94D6F5B601C5010E943B1FC801A2
:10BE90000E94546B0FB6F894DEBF0FBECDBFC555E0
:10BEA000DF4F0FB6F894DEBF0FBECDBFDF91CF914D
:10BEB0001F910F91FF90EF90DF90CF90BF90AF90C8
:10BEC0009F908F907F906F905F904F903F902F90BA
:10BED0000895CF93DF9383E293E10E94612782E884
:10BEE00094E10E946127C2E8D4E16B97CE010E94E1
:10BEF000612783E1C437D807C1F789E593E10E9440
:10BF000061278EE393E1DF91CF910C9461278091BB
:10BF1000790B847E8B7F8093790B1092750B109236
:10BF2000760B1092770B1092780B1092710B109287
:10BF3000720B1092730B1092740B1092700B109284
:10BF40006F0B10926E0BE4E7F3E18EE091E0DF01FE
:10BF50009C011D9221503040E1F780910A018E7FB3
:10BF600080930A0180910B01809581708093090173
:10BF700010923E13109241131092591310925C13B9
:10BF800082E894E1108213827B968E179F07D1F787
:10BF900087EB94E090931A178093191710921B1750
:10BFA00089E180931D17109220171092121710929A
:10BFB00082141092851481E080939D0B10929E0B49
:10BFC00010929F0B1092A00B1092A10B1092A20B3B
:10BFD0001092A30B1092A40B1092A50B1092A60B1B
:10BFE0001092A70B1092A80B1092A90B1092AA0BFB
:10BFF0001092AB0B1092AC0B1092AD0B1092AE0BDB
:10C000001092AF0B1092B00B1092B10B1092B20BBA
:10C010001092B30B1092B40B1092B50B1092B60B9A
:10C020001092B70B1092B80B1092B90B1092800BB4
:10C030001092810B1092820B1092830B1092840B42
:10C040001092890B10928A0B10928B0B10928C0B12
:10C0500010928D0B8FEF80937F0B1092BB0B109281
:10C06000BA0B8CEB9BE09093C90B8093C80B10929A
:10C07000EA0B1092EB0B1092EC0B1092ED0B10925E
:10C08000E60B1092E70B1092E80B1092E90B10925E
:10C09000E20B1092E30B1092E40B1092E50B10925E
:10C0A000DE0B1092DF0B1092E00B1092E10B10925E
:10C0B000DA0B1092DB0B1092DC0B1092DD0B10925E
:10C0C000D60B1092D70B1092D80B1092D90B10925E
:10C0D000D20B1092D30B1092D40B1092D50B10925E
:10C0E000CE0B1092CF0B1092D00B1092D10B10925E
:10C0F0003117109232171092331710923417109292
:10C100002D1710922E1710922F1710923017109291
:10C11000291710922A1710922B1710922C17109291
:10C120002517109226171092271710922817109291
:10C130002117109222171092231710922417109291
:10C14000CD0B1092CC0B1092CB0B1092CA0BEEEED3
:10C15000FBE015AEED59FF4F32E1EE31F307C9F7C1
:10C1600010921E128DE080932012109221121092D4
:10C17000601280E08E7F8D7F8B7F877F809362123D
:10C18000109223131092261310927E1210927F1297
:10C1900010928012109281121092821210928312C9
:10C1A0001092841283E080931E1386E397E19093AC
:10C1B000201380931F1385E397E1909322138093BC
:10C1C00021130895CF93DF93CDB7DEB7EB970FB66A
:10C1D000F894DEBF0FBECDBF789484B5826084BD75
:10C1E00084B5816084BD85B5826085BD85B581607B
:10C1F00085BD80916E00816080936E0010928100F9
:10C2000080918100826080938100809181008160B3
:10C210008093810080918000816080938000809174
:10C22000B10084608093B1008091B0008160809300
:10C23000B000809191008260809391008091910084
:10C240008160809391008091900081608093900044
:10C250008091A10082608093A1008091A100816003
:10C260008093A1008091A00081608093A0008091C4
:10C27000210182608093210180912101816080935E
:10C2800021018091200181608093200180917A00BA
:10C29000846080937A0080917A00826080937A0033
:10C2A00080917A00816080937A0080917A00806822
:10C2B00080937A001092C10020913D172FA314BEE5
:10C2C0001092C0008091C00082608093C0001092E4
:10C2D000C50087E08093C4008091C1008061809395
:10C2E000C1008091C10088608093C1008091C1002D
:10C2F00080688093C1000E941ECB6B017C0138EEE8
:10C30000C30E33E0D31EE11CF11C86E397E10E94CB
:10C31000A337882309F4CAC01092C8008091C800CE
:10C3200082608093C8001092CD0080E18093CC00A1
:10C330008091C90080618093C9008091C9008860A4
:10C340008093C9008091C90080688093C9000E94D1
:10C350001ECB6B017C0148EEC40E43E0D41EE11CF1
:10C36000F11C85E397E10E94A337882309F4AEC04E
:10C3700085EE9CE20E94F72A80918C0490918D04B6
:10C38000A0918E04B0918F0489A39AA3ABA3BCA300
:10C39000AE014F5D5F4F5BAB4AABCE0185969EA36E
:10C3A0008DA3412C74E2572E74EF672E712CEAA9ED
:10C3B000FBA96191FBABEAABCE0101960E94A537C8
:10C3C0008A89811126C18989882309F422C1FF85C0
:10C3D000FDA70FEF10E0F23011F00FEF1FEF2981F2
:10C3E0003A813DAB2CAB4B815C815CA74BA78EE0C7
:10C3F000E0E9F4E0DE01539601900D928A95E1F7B1
:10C40000980150E040E06BE0220F331F441F551F9E
:10C410006A95D1F7C301B2010E941FF219016FEFB3
:10C42000261A360A8DA5823009F060C091E098AFD7
:10C43000E3E0E9AFAE014D5E5F4F5FAB4EAB51E065
:10C4400058A761E06EA719AA8FEF90E098AB8FA76D
:10C45000EEA9FFA9A190B190FFABEEABC501B0E092
:10C46000A0E0FDA5F23009F446C080329105A10597
:10C47000B10509F49CC080389105A105B10509F406
:10C4800096C09501A8EEB3E00E9467F29B01AC0153
:10C49000C301B2010E941FF2C90101973695279589
:10C4A000009759F588248394912C2CC00E941ECBB0
:10C4B000A7019601261B370B480B590BDA01C9015E
:10C4C000181619061A061B068CF326CF0E941ECBDF
:10C4D000A7019601261B370B480B590BDA01C9013E
:10C4E000181619061A061B068CF342CFFAE0F8AFAD
:10C4F0002EE029AF9FCF9801C8014801801791070E
:10C5000008F44C012115310509F4A1C13AA729A766
:10C510000217130710F41AA709A794012F5F3F4FC2
:10C52000D5010E9467F29B01AC01C301B2010E94D8
:10C530001FF269013BAF2AAF9501A9A5BAA50E94D8
:10C5400067F29B01AC01220F331F441F551FC3012B
:10C55000B2010E941FF2F90169EE261663E0360669
:10C5600008F47AC1B10188EE93E0DB01A81BB90B96
:10C570008AAD9BAD893E934008F472C1B60188EE46
:10C5800093E0681B790BE93EF34008F46DC1C901E3
:10C59000E8EEF3E08E1B9F0B6A177B0720F48617EB
:10C5A000970708F065C18A179B0708F469C158A569
:10C5B0005F5F58A7583009F04BCFECA9FDA98081E7
:10C5C0008C7F9EA59370892B8083EBA5FCA5208191
:10C5D000FEA58F2F90E09595879595958795A3E07B
:10C5E000880F991FAA95E1F7277E822BEBA5FCA562
:10C5F00080838081887FF9A98F2BEBA5FCA58083A0
:10C60000FDA5F23031F0ED85FE852FA538A93183E7
:10C6100020834DA15EA18AA99BA94817590709F05B
:10C62000C6CE809101018F7D80930101809102012E
:10C6300080958072809300010E94A8358091070147
:10C640008D7F80930701809108018095827080938F
:10C6500006019FA190FF04C08CED9CE20E94F72A86
:10C66000EFA1E1FF04C08BEC9CE20E94F72AFFA13E
:10C67000F2FF04C089EB9CE20E94F72A2FA123FF5E
:10C6800004C088EA9CE20E94F72A3FA135FF04C05B
:10C6900087E99CE20E94F72A82E89CE20E94F72A3E
:10C6A0000E94202B8EE49CE20E94F72A0E94202BFD
:10C6B00086E39CE20E94F72A0E94202B8091371784
:10C6C00090913817BE016F5F7F4F009709F4E2C069
:10C6D000681B790B87E29CE20E94AE3580E19CE208
:10C6E0000E94F72A80E396E00E9471350E94232B76
:10C6F0000E9454240E94A6C40E9409D380919D14D4
:10C70000811107C00E942CA1882319F081E0809339
:10C710009D14209105093091060940910709509117
:10C7200008096091250A7091260A8091270A909144
:10C73000280A0E94A6F26093250A7093260A809325
:10C74000270A9093280A2091090930910A094091FB
:10C750000B0950910C096091290A70912A0A809165
:10C760002B0A90912C0A0E94A6F26093290A7093DA
:10C770002A0A80932B0A90932C0A20910D0930915C
:10C780000E0940910F095091100960912D0A709186
:10C790002E0A80912F0A9091300A0E94A6F260938F
:10C7A0002D0A70932E0A80932F0A9093300A0E94CC
:10C7B000678D9D9AA5986D9A759880911E1281112A
:10C7C00001C06B9A87ED80937A0010927E001092E0
:10C7D0007D0080917E00826080937E0080917D004C
:10C7E000806480937D0080E887BD80916E008260C8
:10C7F00080936E00EEE0FCE2C590D49045E0C41654
:10C80000D1041CF4E5E0CE2ED12CD0923102C0929E
:10C8100030020D2C000CEE08FF0800912C02109144
:10C820002D02C8010E9498C24B015C01C701B601EC
:10C83000E2D79B01AC01C501B401D7D787FF2DC05A
:10C840000051110910932D0200932C02E6CF21E034
:10C8500030E03AA729A761CEC10168EE73E085CE2A
:10C86000C60168EE73E08DCEF90188EE93E092CEBA
:10C87000160199AD9EA7E8A5E9AB98AA8FA697CE19
:10C880001901F8ADFEA728A529AB49A55AA558ABB3
:10C890004FA78DCE6D5377411DCFE2E0FBE2C590EF
:10C8A000D49051E0C51AD10862E3C61661E0D606FD
:10C8B00024F071E3C72EDD24D394D0923302C092CA
:10C8C00032020D2C000CEE08FF0800912E02109190
:10C8D0002F02C8010E9498C24B015C01C701B6013A
:10C8E0008AD79B01AC01C501B4010E94CCF4181693
:10C8F0003CF4005F1F4F10932F0200932E02E5CFF0
:10C9000080912802909129020E94977B20E030E0DC
:10C9100040EA50E46AD787FF0AC0809128029091CC
:10C92000290240979093290280932802E9CF8091B1
:10C930002A0290912B020E94977B20E030E046EE85
:10C9400052E40E94CCF4181654F480912A0290917B
:10C950002B02409690932B0280932A02E8CF0E94EC
:10C960002E918098889A0A98129A80910101877F67
:10C97000809301018091020180958870809300016D
:10C9800010920409109203090E940E8F80910701F2
:10C99000816080930701809107018860809307017F
:10C9A00080910701806880930701859A869A8E9A04
:10C9B0006C9A749A8091070180618093070180913D
:10C9C00008018095807180930601839A8B9A879ADB
:10C9D0008F988E9A809158098E7F80935809809104
:10C9E000070184608093070180910801847080931F
:10C9F0000601749A809158098D7F8093580980911F
:10CA00000701806280930701809108018072809302
:10CA100006018091080180958071809306018091C4
:10CA200058098B7F80935809849A8C988B9A8091AF
:10CA300080008C7F8093800080918100877E886059
:10CA400080938100809180008F738093800080911B
:10CA50008100887F82608093810080E090E49093E1
:10CA600089008093880010928500109284000E94B3
:10CA7000DA2A78940E94917C109259090E940E8FB4
:10CA800088E198E20FB6F894A895809360000FBEF5
:10CA9000909360000E94F92D83E0809354092DE06B
:10CAA000322E3AE0432E4CEE842E4CE2942E53E08C
:10CAB000552E66E2662E6DE2762E80E00E94683882
:10CAC0008091790B87FF1EC010926F0B877F8B7F41
:10CAD0008093790B0E94FAD210925B0210925A0254
:10CAE000109259020E94988D0E948A910E94807B28
:10CAF00010921F12109211090E943127909213096F
:10CB00008092120980915409EDB6FEB610E000E063
:10CB1000843009F441C0ADB6BEB66091120970917F
:10CB2000130910E000E06115710509F067C08091FC
:10CB30001409882309F401C1E4E1F9E08F010451EB
:10CB40001940F190FF2019F02AE0F212F7CF0115F9
:10CB5000110559F0F801EC5EF64F108284E199E07E
:10CB60000E94982580E00E94525681E0F11001C099
:10CB700080E0800F982FE92FF0E0EC5EF64F2081E7
:10CB8000E92FE81BF0E0EC5EF64F2083222309F446
:10CB900070C09F5FF0CF8C01F801EE50F34DE4912F
:10CBA000C8010196EE2311F0EA30A9F7EDB7FEB700
:10CBB000E81BF90B0FB6F894FEBF0FBEEDBF2DB703
:10CBC0003EB72F5F3F4F6901A80162EF7CE2C901C8
:10CBD000E0D4F601E00FF11F10824FEF61E0C601D3
:10CBE0000E94B0C00FB6F894FEBE0FBEEDBE882303
:10CBF00009F491CF509254098ECF8601FB01E00FCA
:10CC0000F11F249068013FEFC31AD30A222019F0C4
:10CC10004AE02412F2CF8DB79EB78C199D090FB64A
:10CC2000F8949EBF0FBE8DBFEDB7FEB731967F0162
:10CC3000A801CF01AED4F701E00FF11F108222202E
:10CC400009F478C08091120990911309C80ED91E79
:10CC5000D0921309C0921209012B31F0C7010E9432
:10CC6000982580E00E9452560FB6F894BEBE0FBEC3
:10CC7000ADBE9091570980919E14981709F41DCF6D
:10CC80008091570980939E1480915709882309F455
:10CC900014CF0E94202B8AE49DE20E94F72A809103
:10CCA000570910E280FF0AC080E00E943A81AB0180
:10CCB000BC0186E49DE20E940D2B18E58091570986
:10CCC00000E281FF0AC081E00E943A81AB01BC0111
:10CCD00082E49DE20E940D2B09E58091570982FFB5
:10CCE000ADC082E00E943A81AB01BC018EE39DE2BF
:10CCF0000E940D2B9AE5F92E0E94232B1F9280E2B1
:10CD00008F931F92FF921F920F931F921F937F92F8
:10CD10006F928FE29DE29F938F931F920E9446CB6A
:10CD20002DB73EB7235F3F4F0FB6F8943EBF0FBEFF
:10CD30002DBFC3CED12CC12C8BCF8091590288231B
:10CD400009F497CF8091790B80FF63C000915A025C
:10CD500032E6039F80011124045A1D4F62E27DE2F6
:10CD6000C80172D4009731F0FC01838180538A306E
:10CD700008F048C0F80101900020E9F731977F01E1
:10CD8000E01AF10A109282146EE470E0C8010E9469
:10CD9000ABF56C01009739F5F1E0EF1AF108F801F5
:10CDA000EE0DFF1D318242821382F80101900020B6
:10CDB000E9F73197AF01401B510BB80182E894E1CC
:10CDC0000E9403CF80918214882331F00E941D2B92
:10CDD00088EF9CE20E94F72A8091790B81FD19C0AF
:10CDE0000E94CBC418C060E270E00E94ABF58C01D9
:10CDF0000F5F1F4F6AE270E0C6010E94ABF5FC01B5
:10CE00003197D0CF0E94E4D28FE09DE20E94F72AB2
:10CE1000E7CF0E94106D80915902882309F429CF31
:10CE200090915A029F5F943030F490935A0281504F
:10CE3000809359021ECF10925A02F9CF80E2F82E49
:10CE40005BCFEF920F931F93CF93DF93E80134E012
:10CE500047FD34E1042E000C550B57FF03C05195DC
:10CE600041955109E32E022F242FAE017BD7CE012D
:10CE7000DF91CF911F910F91EF9008958F929F9224
:10CE8000AF92BF92CF92DF92EF92FF920F931F93D8
:10CE9000CF93DF935C017B016115710519F0DB0114
:10CEA0008D939C9385010F5F1F4FF501D0818D2FCE
:10CEB00090E067D36C01892BA9F5DD32A9F50F5FEE
:10CEC0001F4FD5011196DC91C1E05801F1E0AF1A76
:10CED000B10843E050E068E371E0C5019DD3892BC0
:10CEE00061F5680182E0C80ED11C45E050E063E3C3
:10CEF00071E0C60191D3892B21F4680197E0C90E36
:10CF0000D11CE114F10419F0D701CD92DC9260E05C
:10CF100070E080E89FEFC111FAC060E070E080E847
:10CF20009FE7F5C05801BECFDB3229F485010E5FC3
:10CF30001F4FF501D181C0E0C8CF43E050E060E36E
:10CF400071E0C50169D3892BE9F0F80110E000E038
:10CF500020E030E0A9015F01B0ED8B2E8D0E89E05D
:10CF60008815C8F19C2E689491F88C2F8870C2FFA8
:10CF700016C0811102C00F5F1F4F3196D501DC91A1
:10CF8000C92DE9CFE114F10429F00E5F1F4FF7011D
:10CF90001183008360E070E080EC9FE7B8C08823D5
:10CFA00011F001501109A5E0B0E00E945DF29B0173
:10CFB000AC01220F331F441F551F280D311D411D89
:10CFC000511D283999E93907490799E15907A8F20C
:10CFD000C6609C2ED2CFAEEF8A1206C0C3FD3CC005
:10CFE0009C2E689493F8C9CFDF7DD534A9F5808154
:10CFF0008D3239F4C061DF011296818162E070E008
:10D0000006C0DF018B32C1F3119661E070E08053FE
:10D010005D01A61AB70A8A30F8F4E0E8CE16ECE013
:10D02000DE065CF4B601660F771F660F771FC60E2B
:10D03000D71ECC0CDD1CC80ED11C5D01FFEFAF1A52
:10D04000BF0A8C9180538A3098F1C4FF03C0D194F9
:10D05000C194D1080C0D1D1DC1FF09C0E114F104DC
:10D0600031F081E0A81AB108D701AD92BC92CA0193
:10D07000B901BFD3C370C33009F490584B015C01B0
:10D0800020E030E0A901B1D3882309F43EC0C7E60F
:10D09000D1E017FF05C0119501951109CFE4D1E04A
:10D0A0006E01B8E1CB1AD10880E2E82EF12C0EC057
:10D0B000D501B3CFFE0125913591459154910E19BB
:10D0C0001F09C501B401F6D34B015C01D501C401B0
:10D0D0000E151F057CF72497F594E794CC16DD0612
:10D0E000A9F78A2F880F8B2F881F8F3F41F020E0F0
:10D0F00030E0A901C501B40178D3811106C082E2F4
:10D1000090E090933C1780933B17C501B401DF91E9
:10D11000CF911F910F91FF90EF90DF90CF90BF9034
:10D12000AF909F908F9008953F924F925F926F9231
:10D130007F928F929F92AF92BF92CF92DF92EF92A7
:10D14000FF920F931F93CF93DF935C016B017A01E2
:10D150006115710519F0FB0191838083E114F104DD
:10D1600051F0C7010297839730F040E030E020E0B3
:10D1700090E06AC05E01E5012196F5011081812FE2
:10D1800090E0FFD1892BB1F71D3201F52196F50111
:10D19000118101E0E114F10409F4E6C0F0E1EF16B9
:10D1A000F10409F088C0103359F488818F7D8835E7
:10D1B00009F07CC0198122960260F0E1EF2EF12C7B
:10D1C000812C912CA12C88E0B82E92C01B3221F426
:10D1D000E5012296F501118100E0DCCFEAE0EE16D0
:10D1E000F10409F4C7C0F0E1EF16F10409F073C0CF
:10D1F000E7CF78E0E72EF12C812C912CA12C60E177
:10D20000B62E76C021E0ADC0302F3170C114D104EC
:10D2100031F0222371F12197F601D183C08327FFDA
:10D220002EC060E070E080E090E8311104C06FEF44
:10D230007FEF8FEF9FE722E230E030933C1720939F
:10D240003B17462F372F282F642F732F822FDF9104
:10D25000CF911F910F91FF90EF90DF90CF90BF90F3
:10D26000AF909F908F907F906F905F904F903F9086
:10D27000089501FF04C02297F601D183C0833323B0
:10D2800041F090958095709561957F4F8F4F9F4F9E
:10D29000D8CF97FFD6CF82E290E090933C1780934F
:10D2A0003B176FEF7FEF8FEF9FE7CBCF10E3E114DA
:10D2B000F10409F49ECF28E0E216F10409F49CCFB2
:10D2C0000CF08CCF812C912CA12CE0E4BE2E82E0BE
:10D2D000E816F10469F060E070E080E090E8970102
:10D2E0000F2C000C440B550B0E941FF249015A01F0
:10D2F00020E060E070E0CB0127010F2C000C6608F5
:10D300007708FE0150ED352E310E39E0331570F4FB
:10D310003FEB310F49EC342E3A3138F03FE9310F11
:10D320003A3108F071CF39EA332E310E3E141F0422
:10D330000CF06ACF27FD15C086169706A806B90619
:10D3400078F0A30192010E9410F2630D711D811DFE
:10D35000911D61307105810520E8920708F452CFD4
:10D360002FEF21961081CDCF103309F41ECF2AE084
:10D37000E22EF12C9CEC892E982CA82C9CE0B92E46
:10D38000B7CF3F924F925F926F927F928F929F9210
:10D39000AF92BF92CF92DF92EF92FF920F931F93C3
:10D3A000CF93DF935C016B017A016115710519F070
:10D3B000FB0191838083E114F10449F0C7010297D6
:10D3C000839728F060E070E0CB0199C05E01E50131
:10D3D0002196F5011081812F90E0D3D0892BB1F7F0
:10D3E0001D3209F05BC02196F501118101E0E114C5
:10D3F000F10409F4B9C0F0E1EF16F10409F09AC0A4
:10D40000103341F488818F7D883509F08EC01981F1
:10D4100022960260E0E1EE2EF12C88248A94982C6A
:10D42000A82CFFE0BF2E20E060E070E0CB012701D8
:10D430000F2C000C66087708FE0150ED352E310EDA
:10D4400039E0331568F43FEB310F49EC342E3A31B3
:10D4500030F03FE9310F3A31A8F539EA332E310E79
:10D460003E141F047CF52F3FB1F086169706A806E0
:10D47000B90630F1A3019201D3D7232D30E050E05B
:10D4800040E0620F731F841F951F621773078407A4
:10D490009507B0F021E021961081CECF1B3221F408
:10D4A000E5012296F501118100E0A1CF78E0E72E99
:10D4B000F12C88248A94982CA82C6FE1B62EB3CF37
:10D4C0002FEFE9CFC114D10431F0222351F121977C
:10D4D000F601D183C08300FF07C0909580957095B9
:10D4E00061957F4F8F4F9F4F2F3F49F482E290E02D
:10D4F00090933C1780933B176FEF7FEFCB01DF9149
:10D50000CF911F910F91FF90EF90DF90CF90BF9040
:10D51000AF909F908F907F906F905F904F903F90D3
:10D52000089501FFD8CF2297D3CF10E3E114F1047F
:10D5300009F4BCCF3AE0E316F104E1F080E1E8162B
:10D54000F10409F467CFE8E0EE16F10409F4B1CF75
:10D550006FEF7FEFCB0197010F2C000C440B550BA5
:10D560006ED749015A015FCF103309F44BCF9AE0CF
:10D57000E92EF12C89E9882E982CA82C89E1B82E67
:10D5800052CF91113FC6803219F089508550D0F7A3
:10D590000895FB01DC0102C005900D9241505040FE
:10D5A000D8F70895FB01DC010D900020E9F71197F1
:10D5B00005900D920020E1F70895FC0105900616F4
:10D5C00021F00020D9F7C00108953197CF010895C7
:10D5D000FB01DC0105900D920020E1F70895DC01CC
:10D5E000FB014150504058F049F005900D92002049
:10D5F000C1F7E61BF70B3197CF0108951C920590F8
:10D600000020E9F7F6CFFC0105900020E9F78095AE
:10D6100090958E0F9F1F0895FB01DC0141505040F3
:10D6200088F08D9181341CF08B350CF4805E65910F
:10D6300061341CF06B350CF4605E861B611171F374
:10D64000990B0895881BFCCFFB0155915523A9F038
:10D65000BF01DC014D9145174111E1F759F4CD01AE
:10D660000590002049F04D9140154111C9F3FB018F
:10D670004111EFCF81E090E001970895DC01FB01BB
:10D680004150504058F049F001900D920020C1F7F0
:10D69000E61BF70B3197CF0108951C9201900020F3
:10D6A000E9F7F6CF0F931F93CF93DF93CDB7DEB794
:10D6B0002E970FB6F894DEBF0FBECDBF0E891F891F
:10D6C000888D998D2EE02C831A83098397FF02C0E1
:10D6D00080E090E801979E838D83AE01445E5F4FAA
:10D6E0006A8D7B8DCE01019648D14D815E8157FDBB
:10D6F0000AC02F813885421753070CF49A01020F94
:10D70000131FF80110822E960FB6F894DEBF0FBEDD
:10D71000CDBFDF91CF911F910F9108950F931F936C
:10D72000CF93DF93CDB7DEB72E970FB6F894DEBF59
:10D730000FBECDBF0E891F898EE08C831A830983AB
:10D740008FEF9FE79E838D83AE01465E5F4F688DAE
:10D75000798DCE01019611D12F813885020F131FCB
:10D76000F80110822E960FB6F894DEBF0FBECDBF23
:10D77000DF91CF911F910F9108950F931F93CF9336
:10D78000DF93CDB7DEB72E970FB6F894DEBF0FBE8E
:10D79000CDBF8C01FA018EE08C831A83098377FF59
:10D7A00002C060E070E8615071097E836D83A90159
:10D7B000BF01CE010196E1D04D815E8157FD0AC0C7
:10D7C0002F813885421753070CF49A01020F131F5B
:10D7D000F80110822E960FB6F894DEBF0FBECDBFB3
:10D7E000DF91CF911F910F91089540D008F481E00F
:10D7F0000895E89409C097FB3EF490958095709544
:10D8000061957F4F8F4F9F4F9923A9F0F92F96E98C
:10D81000BB279395F695879577956795B795F11101
:10D82000F8CFFAF4BB0F11F460FF1BC06F5F7F4F9E
:10D830008F4F9F4F16C0882311F096E911C07723B0
:10D8400021F09EE8872F762F05C0662371F096E8B9
:10D85000862F70E060E02AF09A95660F771F881F88
:10D86000DAF7880F9695879597F90895990F00082C
:10D87000550FAA0BE0E8FEEF16161706E807F907A2
:10D88000C0F012161306E407F50798F0621B730B3D
:10D89000840B950B39F40A2661F0232B242B252BBE
:10D8A00021F408950A2609F4A140A6958FEF811D61
:10D8B000811D08950BD064C555D528F05AD518F0B0
:10D8C000952309F046C54BC511248EC56AD5A0F332
:10D8D000959FD1F3950F50E0551F629FF001729F05
:10D8E000BB27F00DB11D639FAA27F00DB11DAA1F24
:10D8F000649F6627B00DA11D661F829F2227B00D71
:10D90000A11D621F739FB00DA11D621F839FA00DFB
:10D91000611D221F749F3327A00D611D231F849F4B
:10D92000600D211D822F762F6A2F11249F575040A2
:10D930008AF0E1F088234AF0EE0FFF1FBB1F661F3D
:10D94000771F881F91505040A9F79E3F510570F0F6
:10D9500000C54AC55F3FECF3983EDCF386957795AA
:10D960006795B795F795E7959F5FC1F7FE2B880FF1
:10D97000911D9695879597F908952F923F924F9212
:10D980005F926F927F928F929F92AF92BF92CF924F
:10D99000DF92EF92FF920F931F93CF93DF9300D00C
:10D9A00000D000D01F921F92CDB7DEB77C013B01A3
:10D9B0008A01FC0117821682838181FFD0C1CE01CA
:10D9C00001965C01F7019381F30193FD859193FF2B
:10D9D00081913F01882309F449C1853239F493FDCF
:10D9E000859193FF81913F01853221F4B70190E049
:10D9F00022D4E8CF912C212C312CFFE1F31538F003
:10DA00008B3211F190F4803209F1833229F137FC25
:10DA10003CC020ED280F2A3050F536FE20C08AE0A9
:10DA2000989E200D1124922E06C08D3291F08033E5
:10DA300071F7689430F8F30193FD859193FF81911C
:10DA40003F018111DACF21C0689431F8689432F82F
:10DA5000F2CF689433F8EFCF689434F8ECCFEAE073
:10DA60002E9E200D1124222E689435F8E4CF8E329C
:10DA700029F436FCFBC0689436F8DDCF8C3619F4F7
:10DA8000689437F8D8CF8836B1F2982F9F7D955497
:10DA90009330D8F0833691F18337B1F1833509F0B3
:10DAA0005EC02801F2E04F0E511CF801C080D18009
:10DAB000692D70E036FC02C06FEF7FEFC601A5D381
:10DAC0004C01689437F882010AC00C5F1F4FFFE3D6
:10DAD000F98388248394912C6501E89437F833FE08
:10DAE0002AC0522C8114910459F5552009F46ACFAB
:10DAF000B70180E290E09FD35A94F7CFF80180817C
:10DB000089830E5F1F4FE5CF2801F2E04F0E511CB5
:10DB1000F801C080D180692D70E036FC02C06FEF43
:10DB20007FEFC6017DD34C018201D7CFB70180E2E0
:10DB300090E081D32A942814190409F0B8F7D1CFC2
:10DB4000F60137FC859137FE81916F01B70190E0B6
:10DB500072D351105A94F1E08F1A9108C3CF8436D2
:10DB600019F0893609F073C0F80137FE67C060818B
:10DB70007181828193810C5F1F4FF32DFF763F2EC1
:10DB800097FF09C090958095709561957F4F8F4F55
:10DB90009F4F689437F82AE030E0A5017CD3C82E67
:10DBA000CA188C2C432C36FE0CC0E89440F8C914DB
:10DBB00040F434FE05C032FC03C0F32DFE7E4F2E30
:10DBC000892C44FEA6C0FE01EC0DF11D808180333E
:10DBD00009F098C0242D297E422E842D8870582E5D
:10DBE00043FCA5C040FE9FC09C2C821418F42C0C52
:10DBF000922C981844FEA1C0B70180E390E01BD39B
:10DC000042FE08C088E790E041FE02C088E590E04F
:10DC1000B70111D3C91408F49CC0CA94D12C9FEF4A
:10DC2000C91AD90ACA0CDB1CF60182916F01B7012F
:10DC300090E001D3AC14BD04B9F757CF6081718176
:10DC4000072E000C880B990B0E5F1F4F96CFD32C1D
:10DC5000E894D4F82AE030E08537E1F1232D297FDC
:10DC6000D22E8F36A9F1F0F4883551F1F701868173
:10DC700097812B960FB6F894DEBF0FBECDBFDF9114
:10DC8000CF911F910F91FF90EF90DF90CF90BF90B9
:10DC9000AF909F908F907F906F905F904F903F904C
:10DCA0002F900895803749F0883701F7D4FE02C0DD
:10DCB0006894D2F820E130E00DC06894D4F8F6CF33
:10DCC00034FE03C0822F8660D82E20E132E002C0ED
:10DCD00028E030E0F801D7FE0EC0608171818281BA
:10DCE00093810C5F1F4FA501D6D2C82ECA183D2CB8
:10DCF000E89437F856CF6081718190E080E00E5F44
:10DD00001F4FF1CF42FC02C0839467CF839483946A
:10DD100064CF842D867809F460CFF6CFB70180E216
:10DD200090E089D283948214C8F3512C63CF522C93
:10DD30005818821408F45ECFF8CF842D867809F441
:10DD400069CF8BE241FE80E247FC8DE2B70190E0B3
:10DD500060CFB70180E390E06ED29A945BCF8FEFF3
:10DD60009FEF87CF8F929F92AF92BF92CF92DF9219
:10DD7000EF92FF920F931F93CF93DF9300D000D0C9
:10DD800000D0CDB7DEB76A01F22EB02E102FFBE324
:10DD9000AF2EA01608F41BE31F5F012F27E0AE0192
:10DDA0004F5F5F4F57D1BC018981982F9970913097
:10DDB00009F44EC09BE2E1FC04C09E2D9170E0FC92
:10DDC00049C05E2D5071E82FE87083FF55C084E094
:10DDD000911101C083E0EF2DE81B8F1508F0E0E002
:10DDE000D6018E2F20E25523C9F1992329F0D601BF
:10DDF0009C93C60101966C0196012D5F3F4FE2FE98
:10DE000033C08EE4D6018C9391E411969C931197C4
:10DE100012968C93D9018E2F90E281112AC0E20FC5
:10DE2000F32FF11D10828EEF9FEF29960FB6F89415
:10DE3000DEBF0FBECDBFDF91CF911F910F91FF903D
:10DE4000EF90DF90CF90BF90AF909F908F9008950C
:10DE50009DE2B7CF90E2B5CF2D9381508111FCCFD9
:10DE6000CE0ED11CE0E0C1CF8EE6D6018C9391E6B8
:10DE7000CCCF9D938150D1CF482F447082FF3DC0BD
:10DE800084E0911101C083E08F1510F4EF2DE81BA1
:10DE9000D6018E2F20E2552309F1992329F0D601CE
:10DEA0009C93C60101966C0196012D5F3F4FE2FEE7
:10DEB0001BC089E4D6018C938EE411968C93119744
:10DEC00086E412968C93D9018E2F90E2882309F470
:10DED000A6CF9D938150FACF2D9381508111FCCF15
:10DEE000CE0ED11CE0E0D9CF89E6D6018C938EE628
:10DEF00011968C93119786E6E4CF9B0177FF02C0C1
:10DF000030E020E0A1E0B0E0911102C0B0E0A0E07C
:10DF1000F9013196AE0FBF1F8B2C912CBB2009F459
:10DF200061C05401EFEFAE1ABE0AAA0DBB1DFA166E
:10DF30001B0619F014F04F2D4A1B511188C0E3FC49
:10DF400059C07601A42FB0E2A1114FC0C40ED11C5C
:10DF5000992309F45BC040E0D6011196F601908345
:10DF60006D01552309F448C0012F060F9A81582FDF
:10DF7000507184FF03C0913309F4015010160CF066
:10DF800047C0093008F008E0EEE2FE2E5B01A01A5F
:10DF9000B10885019194819491082F3F320729F4AB
:10DFA000D601FC92F60131966F016217730794F166
:10DFB000021713077CF5DB01A21BB30BAA24A39461
:10DFC000B12CAC0EBD1EAA0DBB1D11968C9121501B
:10DFD0003109D601119628153905F4F0F601808330
:10DFE0006D01DBCFB12CA12CA0CFF701B1937F0144
:10DFF000A150AACF9111B0CFD601942F50E302C007
:10E000005D9391509111FCCFC40ED11C40E0ACCF78
:10E0100001E0BACF80E3DBCF6217730731F49633A8
:10E0200088F4953311F4552369F0F6018083FD01DE
:10E03000842F90E2811108C0A40FB11D1C9290E0C2
:10E0400080E0F3CE81E3F1CF91938150F3CF911132
:10E0500083CF8ACF283008F027E03327DA01990FE1
:10E06000311D87FD916000966105710539F43260BC
:10E070002E5F3D9330E32A95E1F708959F3F30F0FE
:10E0800080387105610509F03C5F3C5F3D9391303C
:10E0900008F08068911DDF93CF931F930F93FF9239
:10E0A000EF92192F987F9695E92F96959695E90FFF
:10E0B000FF27EB53FE4F99273327EE24FF24A701B8
:10E0C000E70105900894079428F4360FE71EF81E20
:10E0D000491F511D660F771F881F991F0694A1F7CE
:10E0E0000590079428F4E70EF81E491F561FC11D1E
:10E0F000770F881F991F661F0694A1F70590079454
:10E1000028F4F80E491F561FC71FD11D880F991FED
:10E11000661F771F0694A1F70590079420F4490F16
:10E12000561FC71FD81F990F661F771F881F069499
:10E13000A9F784911095177041F0D695C79557951A
:10E140004795F794E7941A95C1F7EBE6F1E06894E8
:10E150001590159135916591959105907FE2739594
:10E16000E118F10A430B560BC90BD009C0F7E10CBB
:10E17000F11E431F561FC91FD01D7EF4703311F4CA
:10E180008A95E6CFE894015030F0080F0AF4002792
:10E19000021708F4202F2395022F7A3328F079E311
:10E1A0007D932A95E9F710C07D932A9589F6069408
:10E1B00097956795379517951794E118F10A430BD2
:10E1C000560BC90BD00998F023957E9173957A333D
:10E1D00008F070E37C932013B8F77E9170617D9313
:10E1E00030F0839571E37D9370E32A95E1F7112474
:10E1F000EF90FF900F911F91CF91DF91992787FDAD
:10E2000090950895992788270895FC0105906150FD
:10E2100070400110D8F7809590958E0F9F1F08953C
:10E22000FC016150704001900110D8F780959095E5
:10E230008E0F9F1F08950F931F93CF93DF93182F77
:10E24000092FEB018B8181FD09C01FEF0FEF812F9B
:10E25000902FDF91CF911F910F91089582FF14C0ED
:10E260002E813F818C819D81281739073CF4E881FC
:10E27000F981CF0101969983888310838E819F81D4
:10E2800001969F838E83E3CFE885F985812F1995C9
:10E29000892BA1F3DACFFA01AA27283051F12031D6
:10E2A00081F1E8946F936E7F6E5F7F4F8F4F9F4F2A
:10E2B000AF4FB1E03ED0B4E03CD0670F781F891F6C
:10E2C0009A1FA11D680F791F8A1F911DA11D6A0F3A
:10E2D000711D811D911DA11D20D009F468943F91ED
:10E2E0002AE0269F11243019305D3193DEF6CF01EC
:10E2F0000895462F4770405D4193B3E00FD0C9F7B2
:10E30000F6CF462F4F70405D4A3318F0495D31FD1E
:10E310004052419302D0A9F7EACFB4E0A695979571
:10E32000879577956795BA95C9F700976105710547
:10E3300008959B01AC010A2E069457954795379591
:10E340002795BA95C9F7620F731F841F951FA01DEB
:10E35000089597F99F6780E870E060E008959FEF67
:10E3600080EC089500240A9416161706180609066C
:10E37000089500240A94121613061406050608953B
:10E38000092E0394000C11F4882352F0BB0F40F4C3
:10E39000BF2B11F460FF04C06F5F7F4F8F4F9F4F03
:10E3A000089557FD9058440F551F59F05F3F71F085
:10E3B0004795880F97FB991F61F09F3F79F08795EC
:10E3C0000895121613061406551FF2CF4695F1DF75
:10E3D00008C0161617061806991FF1CF8695710505
:10E3E000610508940895E894BB2766277727CB0139
:10E3F00097F90895F999FECF92BD81BDF89A9927B2
:10E4000080B50895262FF999FECF1FBA92BD81BD20
:10E4100020BD0FB6F894FA9AF99A0FBE01960895A6
:10E42000DB018F939F9349D0BF91AF91A29F800D45
:10E43000911DA39F900DB29F900D11240895A1E20C
:10E440001A2EAA1BBB1BFD010DC0AA1FBB1FEE1F6E
:10E45000FF1FA217B307E407F50720F0A21BB30BB9
:10E46000E40BF50B661F771F881F991F1A9469F735
:10E4700060957095809590959B01AC01BD01CF0191
:10E480000895052E97FB16F400940FD057FD05D084
:10E49000D6DF07FC02D046F408C050954095309571
:10E4A00021953F4F4F4F5F4F089590958095709500
:10E4B00061957F4F8F4F9F4F089509D0A59F900D75
:10E4C000B49F900DA49F800D911D11240895A29FCB
:10E4D000B001B39FC001A39F700D811D1124911D38
:10E4E000B29F700D811D1124911D0895AA1BBB1BA5
:10E4F00051E107C0AA1FBB1FA617B70710F0A61B44
:10E50000B70B881F991F5A95A9F780959095BC0164
:10E51000CD01089597FB072E16F4009406D077FDE1
:10E5200008D0E4DF07FC05D03EF4909581959F4F1D
:10E530000895709561957F4F0895EE0FFF1F881F16
:10E540008BBF0790F691E02D19945058BB27AA274E
:10E550000ED016CF07DF30F00CDF20F031F49F3FF4
:10E5600011F41EF4FCCE0EF4E095E7FBF2CEE92F99
:10E5700018DF80F3BA17620773078407950718F04E
:10E5800071F49EF530CF0EF4E0950B2EBA2FA02D2E
:10E590000B01B90190010C01CA01A0011124FF2750
:10E5A000591B99F0593F50F4503E68F11A16F0404B
:10E5B000A22F232F342F4427585FF3CF469537954A
:10E5C0002795A795F0405395C9F77EF41F16BA0B0F
:10E5D000620B730B840BBAF09150A1F0FF0FBB1FBD
:10E5E000661F771F881FC2F70EC0BA0F621F731F06
:10E5F000841F48F4879577956795B795F7959E3F63
:10E6000008F0B3CF9395880F08F09927EE0F9795F0
:10E6100087950895A7DE58F080E891E009F49EEF11
:10E62000A8DE28F040E851E059F45EEF09C097CE2B
:10E63000DACEE92FE078B5DE68F3092E052AC1F3BA
:10E64000261737074807590738F00E2E07F8E02538
:10E6500069F0E025E0640AC0EF6307F8009407FA68
:10E66000DB01B9019D01DC01CA01AD01EF9359D075
:10E6700087DE0AD05F91552331F02BED3FE049E46E
:10E6800050FD49EC63CF0895DF93DD27B92FBF77A5
:10E6900040E85FE31616170648075B0710F4D92F0A
:10E6A00080D19F938F937F936F93FAD1E4EEF0E044
:10E6B000FED066DE2F913F914F915F9107D9DD2308
:10E6C00049F09058A2EA2AED3FE049EC5FE3D078A8
:10E6D0005D274DDFDF9154CE48D180F09F3740F465
:10E6E00091110EF481CE60E070E080E89FE3089520
:10E6F00026F01B16611D711D811DB0C0CAC0FDD062
:10E70000E39522C10CD03CCE34DE40F02BDE30F05D
:10E7100021F45F3F19F01DCE511166CE20CE41DEAF
:10E7200098F39923C9F35523B1F3951B550BBB27D8
:10E73000AA2762177307840738F09F5F5F4F220F85
:10E74000331F441FAA1FA9F333D00E2E3AF0E0E87E
:10E7500030D091505040E695001CCAF729D0FE2FCA
:10E7600027D0660F771F881FBB1F2617370748075C
:10E77000AB07B0E809F0BB0B802DBF01FF27935812
:10E780005F4F2AF09E3F510568F0E3CD2DCE5F3FED
:10E79000ECF3983EDCF3869577956795B795F795FA
:10E7A0009F5FC9F7880F911D9695879597F90895F2
:10E7B000E1E0660F771F881FBB1F6217730784078E
:10E7C000BA0720F0621B730B840BBA0BEE1F88F79D
:10E7D000E095089504D06894B11106CE0895E9DD5E
:10E7E00088F09F5790F0B92F9927B751A0F0D1F03A
:10E7F000660F771F881F991F1AF0BA95C9F712C0C4
:10E80000B13081F0F0DDB1E00895EDCD672F782FC4
:10E810008827B85F39F0B93FCCF38695779567952F
:10E82000B395D9F73EF490958095709561957F4F9B
:10E830008F4F9F4F089599D080F09F3740F49111EA
:10E840000EF0D2CD60E070E080E89FEB089526F4F2
:10E850001B16611D711D811D01C01BC0882371F431
:10E86000772321F09850872B762F07C0662311F469
:10E8700099270DC09051862B70E060E02AF09A95A0
:10E88000660F771F881FDAF7880F9695879597F997
:10E8900008959F3F31F0915020F4879577956795C3
:10E8A000B795880F911D9695879597F90895DF93F1
:10E8B000CF931F930F93FF92EF92DF927B018C0116
:10E8C000689405C0DA2EEF0101D8FE01E894A59105
:10E8D0002591359145915591AEF3EF0148DEFE014A
:10E8E0009701A801DA9479F7DF90EF90FF900F91EC
:10E8F0001F91CF91DF91089532CD5BDDE8F3E8946D
:10E90000E0E0BB279F57F0F02AED3FE049EC06C05E
:10E91000EE0FBB0F661F771F881F28F0B23A620701
:10E920007307840728F0B25A620B730B840BE395CC
:10E930009A9572F7803830F49A95BB0F661F771F4F
:10E94000881FD2F79048A7CFEF93E0FF06C0A2EA56
:10E950002AED3FE049EC5FEB0ADE12DD0F900394F5
:10E9600001FC9058E1E1F1E0ABC023DDA0F0BEE78F
:10E97000B91788F4BB279F3860F41616B11D672FAE
:10E98000782F8827985FF7CF869577956795B11D83
:10E9900093959639C8F308950E9436EC08F48FEFEA
:10E9A00008959B01AC0160E070E080E89FE3AACE8F
:10E9B00000DD58F19E5758F19851A0F0E9F09830D9
:10E9C00020F5092E9927660F771F881F991F0A9433
:10E9D000D1F712C0062E672F782F8827985F11F481
:10E9E000000C07C0993FB4F386957795679593958A
:10E9F000D9F7611D711D811D3EF49095809570952C
:10EA000061957F4F8F4F9F4F08956894EDCCEBCC6D
:10EA10009F9373DF0F9007FCEE5F96CF11F40EF417
:10EA20009ECC37CFC6DCD0F39923D9F3CEF39F57D2
:10EA3000550B87FF3ED00024A0E640EA90018058A5
:10EA40005695979528F4805C660F771F881F20F0F5
:10EA500026173707480730F4621B730B840B2029F5
:10EA600031294A2BA69517940794202531254A274A
:10EA700058F7660F771F881F20F0261737074807BB
:10EA800030F4620B730B840B200D311D411DA095DA
:10EA900081F7B901842F9158880F9695879508952D
:10EAA0009B01AC010C945AEC0E9436EC880B990B3C
:10EAB000089591505040660F771F881FD2F7089530
:10EAC0009F938F937F936F93FF93EF939B01AC0181
:10EAD0000E945AECEF91FF91EADE2F913F914F9106
:10EAE0005F910C945AEC9111089581548A5108F465
:10EAF000805E855A0895FB01DC0104C08D91019070
:10EB0000801921F441505040C8F7881B990B089593
:10EB1000FB01DC0102C001900D9241505040D8F73A
:10EB20000895DC0101C06D9341505040E0F7089515
:10EB3000FB01DC018D9181341CF08B350CF4805E7F
:10EB4000619161341CF06B350CF4605E861B6111C1
:10EB500089F3990B0895FC018191861721F0882390
:10EB6000D9F7992708953197CF010895FB01DC016A
:10EB700001900D920020E1F70895FB01DC01415066
:10EB8000504030F08D910190801919F40020B9F7B0
:10EB9000881B990B0895FC0181E090E00190061616
:10EBA00009F4CF010020D1F7019708950F931F9327
:10EBB000CF93DF93CDB7DEB72E970FB6F894DEBFB5
:10EBC0000FBECDBF0E891F8986E08C831A8309830F
:10EBD0008FEF9FE79E838D83AE01465E5F4F688D0A
:10EBE000798DCE0101960E94BDEC2F813885020FF0
:10EBF000131FF80110822E960FB6F894DEBF0FBED9
:10EC0000CDBFDF91CF911F910F91089518E1C8E119
:10EC1000D8E100E005C0802FFE018FDC2196011DA8
:0EEC2000C931D10780E00807B1F7F894FFCFA3
:10EC2E00FF05C0D40100640005020A00C800FFFF02
:10EC3E00FF64005555854264000000803FAA0064C1
:10EC4E000101FF060101FFFFFF3F0000FF3F000033
:10EC5E000000FF3F01010000000000000000000066
:10EC6E0000000000009643000096430000C8435584
:10EC7E00550543FFFF0000803F000000000000002C
:10EC8E000000000000000000000000000000000076
:10EC9E000000000000000000000000000000000066
:10ECAE000000000000000000000000000000000056
:10ECBE000000000000000000000000000000000046
:10ECCE000000000000000000000000000000000036
:10ECDE0000000000000000000000000000FF000027
:10ECEE000000000000000000000000000000000016
:10ECFE000000000000000000000000000000000006
:10ED0E0000000000000000000000000000000000F5
:10ED1E0000000000000000000000000000000000E5
:10ED2E0000000000000000000000000000000000D5
:10ED3E00000000000000000000000000000000FFC6
:10ED4E0000000000000000000000000000000000B5
:10ED5E0000000000000000000000000000000000A5
:10ED6E000000000000000000000000000000000095
:10ED7E000000000000000000000000000000000085
:10ED8E000000000000000000000000000000000075
:10ED9E000000000000000000000000000000000065
:10EDAE0000FF000000000000000000000000000056
:10EDBE000000000000000000000000000000000045
:10EDCE000000000000000000000000000000000035
:10EDDE000000000000000000000000000000000025
:10EDEE000000000000000000000000000000000015
:10EDFE000000000000000000000000000000000005
:10EE0E00000000FFFF440000000000470048000023
:10EE1E0000000000010101000040400000404000E1
:10EE2E00000000000040400000404000000000587C
:10EE3E00595A4500007041000000003333B3BF0043
:10EE4E0000C07F0000C07F0000C07FFF003C0001BB
:10EE5E0000004040000034420000000000000000AE
:10EE6E0000000000000050410000000000000041C2
:10EE7E006400000064000000030000006400000055
:10EE8E006400000003000000030000000300000007
:10EE9E001E00000000004040000040400000000046
:10EEAE0001020408B361FD34563930000A05062EFE
:10EEBE0001000800200040008000000100042F50D7
:10EECE004C520000004842000048420000804000C2
:10EEDE00000040000000001F79217ABD78F477A56C
:10EEEE00786BB16277CECCDD786478426DC56DC437
:10EEFE006D256400257500256C7500256C64004534
:08EF0E0052520058595A00004C
:00000001FF
