:100000000C94A5180C94E5180C94E5180C94E518BC
:100010000C94E5180C94E5180C94E5180C94E5186C
:100020000C94E5180C94E5180C94E5180C94E5185C
:100030000C94E5180C94E5180C94E5180C94E5184C
:100040000C94E5180C9405810C94E5180C94E518B3
:100050000C94E5180C94FC7F0C94E5180C94DECFFE
:100060000C94E5180C944A540C9436540C94E518EE
:100070000C94E5180C94E5180C94E5180C94E5180C
:100080000C94CD520C94E5180C94E5180C94E518DA
:100090000C940C540C9440540C94E5180C94E518F2
:1000A0000C94E5180C94E5180C949F520C94E518E8
:1000B0000C94E5180C94E5180C94E5180C94E518CC
:1000C0000C94E5180C94E5180C94E5180C94E25384
:1000D0000C94AC530C94E5180C94E5180C94E518AA
:1000E0000C94E518084AD73B3BCE016E84BCBFFD9B
:1000F000C12F3D6C74319ABD56833DDA3D00C77FF8
:1001000011BED9E4BB4C3E916BAAAABE0000008090
:100110003F05A84CCDB2D44EB93836A9020C50B91F
:10012000918688083CA6AAAA2ABE000000803F004B
:100130004E414E494E495459494E46CDCCCC3D0ACC
:10014000D7233C17B7D13877CC2B329595E6241FAF
:10015000B14F0A000020410000C84200401C462068
:10016000BCBE4CCA1B0E5AAEC59D7400407A10F33B
:100170005A00A0724E18090010A5D4E80000E876D5
:1001800048170000E40B54020000CA9A3B0000002C
:10019000E1F505000080969800000040420F000045
:1001A00000A08601000000102700000000E8030006
:1001B0000000006400000000000A000000000001D0
:1001C00000000000002C76D888DC674F0823DFC1D0
:1001D000DFAE59E1B1B796E5E3E453C63AE651998B
:1001E0007696E8E6C28426EB898C9B62ED407C6FB4
:1001F000FCEFBC9C9F40F2BAA56FA5F490055A2A6B
:10020000F75C936B6CF9676DC11BFCE0E40D47FE76
:10021000F520E6B500D0ED902E030094357705006B
:1002200080841E080000204E0A000000C80C3333F2
:1002300033330F986E12831141EF8D2114893BE601
:100240005516CFFEE6DB18D1844B381BF77C1D908A
:100250001DA4BBE424203284725E228100C9F124F3
:10026000ECA1E53D27434F4D4D554E49434154497F
:100270004F4E0044525952554E004552524F525320
:1002800000494E464F004543484F00322E312E78EC
:100290002D44392076322E302E330057616E68613E
:1002A0006F204439204D4B32203430300053544FAE
:1002B000505045442E20005072696E746572207350
:1002C000746F707065642064756520746F2065724A
:1002D000726F72732E20466978207468652065728B
:1002E000726F7220616E6420757365204D393939E3
:1002F00020746F20726573746172742E20285465A7
:100300006D706572617475726520697320726573B2
:1003100065742E205365742069742061667465725B
:100320002072657374617274696E67290A004E6F7A
:1003300020436865636B73756D2077697468206C02
:10034000696E65206E756D6265722C204C617374E8
:10035000204C696E653A20004E6F20436865636BE0
:1003600073756D2077697468206C696E65206E7591
:100370006D6265722C204C617374204C696E653A15
:100380002000636865636B73756D206D69736D61C3
:100390007463682C204C617374204C696E653A203C
:1003A000004C696E65204E756D6265722069732020
:1003B0006E6F74204C617374204C696E65204E75AD
:1003C0006D6265722B312C204C617374204C696E08
:1003D000653A20004D3131300053657269616C20FF
:1003E000737461747573206D69736D617463680AE9
:1003F0000053442072656164206572726F720A0056
:10040000746F6F206D75636820696E6163746976BF
:10041000652074696D65202D2063757272656E7438
:1004200020636F6D6D616E643A20002121204B497D
:100430004C4C20636175736564206279200062759D
:1004400073793A2070617573656420666F722069F4
:100450006E7075740A00627573793A2070617573F5
:10046000656420666F7220757365720A0062757329
:10047000793A2070726F63657373696E670A00530F
:100480004420436172642072656164206572726FFA
:1004900072004D313030305300506F776572204F0D
:1004A00075746167650046696C616D656E74207274
:1004B000756E6F757420452564004D363030002010
:1004C00066696C616D656E745F72756E6F757420B0
:1004D0000066696C616D656E745F72756E6F7574C0
:1004E00020540046696C616D656E7452756E6F754F
:1004F00074205400506C6561736520526573657497
:1005000000706F7765726F6666004B494C4C4544CE
:100510002E20005072696E7465722068616C74657B
:10052000642E206B696C6C28292063616C6C656497
:10053000210A006563686F3A004572726F723A0073
:1005400042696C696E656172204C6576656C696E96
:100550006720477269643A0A005072696E74204FCE
:10056000626A002F2F616374696F6E3A006E6F7458
:10057000696669636174696F6E20006E6F74696685
:1005800069636174696F6E200070726F6D70745F63
:1005900000626567696E00656E640073686F77005E
:1005A000627574746F6E00486F74656E6420746F4A
:1005B0006F20636F6C640A004D323453004D323348
:1005C00020004739322E3945004731460047314631
:1005D0003630305A004731463330303058004D31D4
:1005E000303650004D31303953004D3230304400F8
:1005F0004739322E395A004D3432305300473238A1
:1006000052305859004731463630305A0047393257
:100610002E395A004739322E394530004D313039A4
:1006200053004D31393053004D3432305330004F88
:1006300046460A004661646520486569676874201B
:1006400000426564204C6576656C696E67200046E3
:1006500061696C656420746F20656E61626C6520F1
:10066000426564204C6576656C696E670A00496E68
:1006700076616C6964206D6573682E0A0050726F34
:1006800062696E6720506F696E740025532025697A
:100690002F2569002E0A002F0050726F62696E6765
:1006A000206D65736820706F696E74200020284487
:1006B000525952554E2900473239204175746F20E6
:1006C000426564204C6576656C696E67003F202842
:1006D0004C2C522C462C4229206F7574206F6620BA
:1006E000626F756E64732E0A0020756E6974732FC5
:1006F0006D696E290A003F46656564726174652004
:1007000028532920746F6F206C6F772E2028557323
:10071000696E6720003F2856296572626F736520F5
:100720006C6576656C20696D706C61757369626C5F
:10073000652028302D34292E0A00426164205A2079
:1007400076616C75650A004E6F2062696C696E6532
:10075000617220677269640A0020440020204D32D3
:100760003030205300202844697361626C6564292D
:100770003A0046696C616D656E74207365747469C6
:100780006E67730020204D3230312058004D617863
:1007900020416363656C65726174696F6E202875B2
:1007A0006E6974732F7332290020204D323033204C
:1007B00058004D61782066656564726174657320C8
:1007C00028756E6974732F73290020520020204D04
:1007D000323034205000416363656C657261746926
:1007E0006F6E2028756E6974732F7332292028501C
:1007F0003C7072696E742D616363656C3E20523C7F
:10080000726574726163742D616363656C3E20541C
:100810003C74726176656C2D616363656C3E290082
:1008200020540020530020204D323035204200411A
:100830006476616E6365642028423C6D696E5F7307
:1008400065676D656E745F74696D655F75733E2075
:10085000533C6D696E5F66656564726174653E20C8
:10086000543C6D696E5F74726176656C5F66656538
:1008700064726174653E20583C6D61785F6A657290
:100880006B3E20593C6D61785F6A65726B3E205A01
:100890003C6D61785F6A65726B3E20453C6D6178A6
:1008A0005F6A65726B3E29002044002049002020C9
:1008B0004D333031205000486F74656E64205049CC
:1008C000440070617573656400486561642063610C
:1008D0006E6E6F74206265207061726B656400508B
:1008E0006175736500496E736572742066696C6129
:1008F0006D656E7420616E64207072657373206222
:100900007574746F6E0A0052656865617420446F77
:100910006E6500526568656174696E672E2E2E00E3
:100920005265686561740048656174657220546938
:100930006D656F75740050726573732062757474A1
:100940006F6E20746F2068656174206E6F7A7A6CA8
:10095000650A004E6F7A7A6C65205061726B65642F
:100960000044697361626C6552756E6F75740050F6
:10097000757267654D6F72650050617573656400CF
:100980004C6F61642046696C616D656E7420540023
:100990004C6F61642046696C616D656E7400496ED0
:1009A000736572742066696C616D656E7420616E2A
:1009B0006420707265737320627574746F6E0A00C0
:1009C000726573756D656400526573756D696E67E8
:1009D00000203B0020550020204D363033204C00B5
:1009E00046696C616D656E74206C6F61642F756E05
:1009F0006C6F616400203B200020204D3431332097
:100A00005300506F7765722D6C6F7373207265633E
:100A10006F766572790020496E76616C6964206535
:100A2000787472756465722000536C6565702E2E43
:100A30002E005B505D61726B696E67207374796C18
:100A4000652028302E2E34292E003F496E76616CA9
:100A5000696420005A2050726F626520506173747F
:100A6000204265640A005A2050726F62652050610E
:100A700073742042656400473238004D6573682006
:100A8000706F696E74206F7574206F662072616E6E
:100A900067650A00626567696E00436F6E74696E10
:100AA0007565004D302053746F70004D31205374C4
:100AB0006F7000436C69636B20746F2052657375AF
:100AC0006D652E2E2E004E6F204D6F76652E0045E3
:100AD0006E642066696C65206C6973740A004265F7
:100AE00067696E2066696C65206C6973740A004ED4
:100AF0006F206D656469610A00534420636172640C
:100B00002072656C65617365640A00526573756D6A
:100B1000696E6720534400526573756D65005061BE
:100B200075736520534400286E6F2066696C6529D3
:100B30000043757272656E742066696C653A2000B8
:100B40004E6F74205344207072696E74696E670A28
:100B5000005344207072696E74696E672062797404
:100B60006520005072696E742074696D653A2000CA
:100B70007061757365006F6B004C696E653A20009B
:100B80006F666600860281027A027302650244453E
:100B90004255473A004D3131322053687574646FC5
:100BA000776E004D31313320530057616E68616FAD
:100BB000204439204D4B3220343030204F46462ED1
:100BC0000020732E0A00496E616374697669747936
:100BD0002074696D656F757420002F2F0057415286
:100BE0004E494E4721204C6F77205A204A65726B40
:100BF000206D6179206C65616420746F20756E775B
:100C0000616E746564207061757365732E0A0020CF
:100C100058003B200020204D61783A200020002021
:100C2000204D696E3A2000203B200020204D3231BB
:100C300031205300250A0046523A0020466C6F7757
:100C40003A20003A200020536572766F2000206F12
:100C50007574206F662072616E67650A0053657255
:100C6000766F200050726F6265204F666673657400
:100C7000205A0050726F6265204F6666736574205B
:100C80005A0064697300656E0043290061626C65F7
:100C90006420286D696E2074656D702000436F6C50
:100CA00064206578747275646573206172652000D4
:100CB000203B20486F73742068616E646C696E67B6
:100CC000200046696C616D656E742072756E6F757B
:100CD0007420004D34323120696E636F7272656327
:100CE0007420706172616D657465722075736167DF
:100CF000650A004D65736820706F696E74206F75AA
:100D000074206F662072616E67650A004F666673B5
:100D1000657473204170706C696564004D494E2F95
:100D20004D415820546F6F2046617200546F6F2000
:100D30006661722066726F6D204D494E2F4D41588D
:100D40000A00454550524F4D204F4B0A00290A00DA
:100D500020746F20003F5A206F7574206F662072D8
:100D6000616E6765202800290A0020746F20003F0B
:100D700059206F7574206F662072616E6765202838
:100D800000290A0020746F20003F58206F757420DE
:100D90006F662072616E67652028004D383400440C
:100DA0006F6E65207072696E74696E672066696C1B
:100DB000650A004D3737004D33310020204D323069
:100DC00036205800486F6D65206F66667365740045
:100DD0004361703A00434F4E4649475F4558504F74
:100DE0005254004D4541545041434B00434F4F4CEA
:100DF00045525F54454D504552415455524500436C
:100E000048414D4245525F54454D5045524154551D
:100E100052450045505F42414259535445500042AB
:100E20004142595354455050494E47004152435353
:100E3000004D4F54494F4E5F4D4F44455300544869
:100E400045524D414C5F50524F54454354494F4ECB
:100E500000455854454E4445445F4D32300043559B
:100E600053544F4D5F4649524D574152455F55507F
:100E70004C4F4144004C464E5F5752495445004C3C
:100E80004F4E475F46494C454E414D4500415554F4
:100E90004F5245504F52545F53445F535441545541
:100EA000530053445F575249544500524550454101
:100EB00054004D554C54495F564F4C554D450053C9
:100EC00044434152440050524F4D50545F5355508B
:100ED000504F525400484F53545F414354494F4E72
:100EE0005F434F4D4D414E445300454D455247459C
:100EF0004E43595F50415253455200434153455F61
:100F00004C494748545F4252494748544E45535311
:100F100000544F47474C455F4C4947485453005392
:100F20004F4654574152455F504F57455200425526
:100F3000494C445F50455243454E54004C4556453C
:100F40004C494E475F44415441005A5F50524F4212
:100F5000450052554E4F5554004155544F4C45563F
:100F6000454C005052494E545F4A4F420050524F38
:100F70004752455353004155544F5245504F5254D8
:100F80005F54454D50004155544F5245504F5254B7
:100F90005F504F5300564F4C554D455452494300F6
:100FA000454550524F4D0042494E4152595F4649C6
:100FB0004C455F5452414E534645520053455249A9
:100FC000414C5F584F4E5F584F4646004649524D80
:100FD000574152455F4E414D453A4D61726C696EC5
:100FE000206275676669782D322E312E782044395B
:100FF0002076322E302E3320285365702031352054
:10100000323032362031313A33393A3235292053B1
:101010004F555243455F434F44455F55524C3A67E5
:1010200069746875622E636F6D2F4C652D53796CF2
:1010300032312F57414E48414F2D4475706C6963D2
:1010400061746F722D392050524F544F434F4C5F93
:1010500056455253494F4E3A312E30204D41434868
:10106000494E455F545950453A57616E68616F204B
:101070004439204D4B3220343030204B494E454DC1
:1010800041544943533A43617274657369616E20F8
:1010900045585452554445525F434F554E543A318A
:1010A00020555549443A63656465326132662D3492
:1010B0003161322D343734382D396231322D633578
:1010C000356336326633363766660047322F47332C
:1010D0002062616420706172616D65746572730A6B
:1010E000005A2050726F626520506173742042650F
:1010F0006400205A3A0020593A0042656420583A68
:10110000004732384F00203B0020204D3835312039
:1011100058005A2D50726F6265204F666673657471
:1011200000220A00656E7175657565696E6720221B
:10113000006F6B0A00526573656E643A2000256982
:10114000730025696D20256973002569682025696C
:101150006D2025697300256964202569682025694B
:101160006D2025697300256979202569642025692A
:10117000682025696D2025697300436F6F6C696E67
:10118000672E2E2E00453120255300204600204298
:101190000020204D3130342053004175746F2054AD
:1011A000656D7020436F6E74726F6C0020573A004B
:1011B00042656420436F6F6C696E672E2E2E00426D
:1011C00065642048656174696E672E2E2E00236465
:1011D0006566696E652044454641554C545F005034
:1011E00049442074756E696E6720646F6E650041B6
:1011F00075746F74756E65206661696C6564212015
:1012000054696D656F75742E004175746F74756ED9
:1012100065206661696C6564212054656D70657236
:10122000617475726520746F6F20686967682E003D
:101230004175746F74756E65206661696C656421B3
:10124000204261642065787472756465722E005066
:101250004944204175746F74756E65004B442000DD
:101260004B4920004B5020005049442074756E6952
:101270006E6720646F6E65002066696E69736865CD
:1012800064212050757420746865206C617374202B
:101290004B702C204B6920616E64204B6420636F7F
:1012A0006E7374616E74732066726F6D2062656C0C
:1012B0006F7720696E746F20436F6E666967757211
:1012C0006174696F6E2E680A00504944204175743C
:1012D0006F74756E6500206661696C6564212074A9
:1012E000696D656F75740A00504944204175746FCB
:1012F00074756E65004175746F74756E65206661F6
:10130000696C6564212054696D656F75742E0020C9
:101310006661696C6564212054656D7065726174E5
:1013200075726520746F6F20686967680A0050499C
:1013300044204175746F74756E65005049442043B4
:1013400079636C65730025532025692F256900207A
:101350004B643A2000204B693A2000204B703A2021
:101360000020436C617373696320504944200A0074
:101370002054753A2000204B753A2000206D61788A
:101380003A2000206D696E3A200020643A20002047
:10139000626961733A200048656174696E672E2E38
:1013A0002E002073746172740A0050494420417504
:1013B000746F74756E65004175746F74756E652019
:1013C0006661696C6564212054656D706572617435
:1013D00075726520746F6F20686967682E002066DB
:1013E00061696C6564212054656D70657261747506
:1013F000726520746F6F20686967680A00504944FD
:10140000204175746F74756E6500504944204175B4
:10141000746F74756E65003F28432979636C65733A
:10142000206E6F7420706C61757369626C65202822
:101430003E3D33292E0A00206661696C65642120D7
:10144000426164206865617465722069640A0050B5
:101450004944204175746F74756E65000020020068
:101460000000761F0000012002000000761F00002F
:10147000022002000000761F00000320020000008E
:10148000761F000004200200000091540000052097
:10149000020000003A1F0000062000000000171F95
:1014A0000000072002000000E41E000008200200E7
:1014B0000000F81E00000920020000007D39000035
:1014C0000A2002000000741900000B200200000036
:1014D000451B00000E2002000000AE1E00000F2081
:1014E00002000000941E000010200200000075554C
:1014F00000001120020000004855000012200200E8
:101500000000485500001420020000002055000093
:10151000152002000000D41E00001620020000006A
:10152000631E00001720020000002E1E000018207D
:10153000020000006C190000192002000000201DAC
:1015400000001A20000000008E4300001B20000055
:101550000000662900001C20020000006019000045
:101560001D20020000004D1900001E200200000096
:10157000C21D00001F20020000006943000020205F
:1015800002000000F11C0000212002000000F11CFC
:101590000000222002000000F11C000023200200B5
:1015A0000000B01C000024200200000045190000CB
:1015B000252000000000A51C0000262000000000DF
:1015C0003E4200002720020000005843000028206F
:1015D00002000000444300002920020000002619F8
:1015E00000002A20020000006D1C00002B200000DB
:1015F0000000E24200002C2002000000CE42000069
:101600002D2002000000AC4200002E20020000004D
:101610005D1C00002F200000000020190000203079
:101620000200000000002B7C25302000000000009C
:10163000D47B4530200000000000D47B65302000C2
:1016400000000000D47B8530200000000000D47B27
:10165000A530200000000000D47BC530020000004F
:101660000000807CC6302000000000009B7BE6303C
:101670000201000000009885E8300F010000000022
:101680000E96F730020100000000AB79BE31020077
:10169000000000005199F830020111020000B778F3
:1016A000F9300201000000009A79FC300201CE07F7
:1016B00000004D78FD300201D2070000B778FE30FF
:1016C0000200000000008679FF300201900D00004A
:1016D0004D7800310201940D0000B778013102000D
:1016E00000000000867905310201000000007A79CF
:1016F000063102010A0E0000E377073102000902F9
:101700000000627908310201000000005F7B0931AE
:101710000200000000003B7A22310200690600004E
:101720009877233102006B0600009877243102007D
:10173000000000004E79253102000A02000098776F
:1017400026310201180A00004D78273102011C0AD7
:1017500000004D7828310201200A00004D7829311F
:1017600002006D06000062792A31020000000000CC
:10177000507B2B3102000000000036792C31020032
:101780000C02000098772D3104010000000004775E
:101790002F31040100000000FF7931310401000005
:1017A0000000C379333118009B020000A07A4B314E
:1017B000180000000000FD7A633110008B02000069
:1017C000A07A7331020000000000C471743102007D
:1017D00000000000C5717531180000000000D77AC4
:1017E0008D31180000000000C67AA53118000000F5
:1017F0000000B57ABD3102000000000021990040D0
:1018000002010000F2181D79014020026E06511CF1
:10181000E87A2140020008029A714C7722400200C7
:10182000000069250E79234002000000A1250479FB
:101830000050020000000000AB79015000000000E1
:10184000E7180000000000000000000000004E6FDC
:101850007420616C6C6F776564207768696C6520B3
:1018600069646C65004E6F7420616C6C6F776564A1
:1018700020647572696E67207072696E74004E6FB5
:101880002053442043617264204465746563746529
:10189000640043616E6E6F7420656E7465722073B0
:1018A00075626469723A20004E6F2066696C65202B
:1018B00073656C6563746564004D32350052657301
:1018C000756D6500554920506175736500726573CB
:1018D000756D65004D323400436F6F6C696E672E15
:1018E0002E2E004D3530300047323900486F6D697B
:1018F0006E672072657175697265640054656D70FC
:101900006572617475726520746F6F206C6F7700FB
:101910004732385A004732385859004732385859F8
:101920005A00486F6D696E672E2E2E0045786563EC
:101930007574696E6720636F6D6D616E642E2E2EF7
:10194000004D353030004D353032004D3939390ACF
:101950004D323830503053313630004D3530300054
:10196000504944206175746F74756E696E672E2ED0
:101970002E004D333033432564452564532564558B
:101980003100426564205049442064697361626C8F
:101990006564004D313030304300496E76616C69CA
:1019A00064207265636F766572792064617461008A
:1019B0004D31303030004275737900BD3100003355
:1019C000314B3163317331743175318D31A5310053
:1019D0000023400000224000002B312C3121402DFB
:1019E000312F31313100002A310000014000002642
:1019F000312731283129310000FF300031243125D1
:101A0000310000223123310000FF300031FC30FD75
:101A100030083109310000FF300031FC30FD30006A
:101A2000000631073100000531000000400000FFD2
:101A30003000310131FC30FD30FE300000FF30005D
:101A400031FC30FD300000FF300031FC30FD30E66D
:101A500030E830005000000031FD300040F830F92F
:101A60003006310000FF300031FC30FD30E630E858
:101A700030F730BE310000203025304530653085EC
:101A800030A530C530C6300000FF300031FC30FDDD
:101A900030000002CD7C038099048C990AACA10B24
:101AA00040A10C0CA10DC9760EDF710FD471102F5F
:101AB000A111F2A013CA7116C67100000001891AA3
:101AC00002771A03651A04571A05471A063D1A07C2
:101AD0002F1A082B1A09271A0B211A0C171A0D098D
:101AE0001A0E031A0FF91910EF1911EB1912E71951
:101AF00013D91914D51915D11916BF19F9BB190025
:101B0000000047305A313000473238004732380041
:101B100047305A3000473058256459256400473013
:101B20005A340047323800486F6D696E672E2E2E8A
:101B30000042757379004457494E204755492F4F4D
:101B40005320757064617465207265717569726582
:101B500064002564782564782564002D002D002D0F
:101B6000004D3530300050726F62696E67206661DB
:101B7000696C65640050726F62696E67207375638B
:101B80006365737366756C0063616E63656C0050AA
:101B900072696E742041626F727465640044697387
:101BA0006D6973730055492041626F7274656400FA
:101BB0006F70656E00545249474745524544003A9C
:101BC000200066696C616D656E74007A5F6D696E88
:101BD00000795F6D696E00785F6D696E00526570A7
:101BE0006F7274696E6720656E6473746F702073B2
:101BF00074617475730A0020746F6F206C6F6E6768
:101C000020657874727573696F6E20707265766581
:101C10006E7465640A0020636F6C6420657874726A
:101C20007573696F6E2070726576656E7465640A8F
:101C300000486F6D6520257320466972737400003B
:101C400000000000000000000000005761726E6993
:101C50006E673A20486F6D696E672042756D70201F
:101C600044697669736F72203C20310A00020202D7
:101C70000000C8430000C8430000C8430000A04063
:101C80000000A0400000004053544F505045442EE7
:101C900020005072696E7465722073746F70706585
:101CA000642064756520746F206572726F72732E84
:101CB0002046697820746865206572726F722061B1
:101CC0006E6420757365204D39393920746F207228
:101CD0006573746172742E202854656D706572612D
:101CE000747572652069732072657365742E205354
:101CF00065742069742061667465722072657374FE
:101D0000617274696E67290A00206572726F7220B1
:101D10002D20726573746172742077697468204D28
:101D20003939390A00424C546F756368002121200B
:101D300053544F502063616C6C656420626563612D
:101D4000757365206F6620000000C8430000C8431B
:101D50000000C84300000000000000000000000078
:101D6000454550524F4D2077726974652066616910
:101D70006C65640053657474696E67732053746F87
:101D800072656400290A002062797465733B2063E0
:101D90007263200053657474696E67732053746FA7
:101DA000726564202800204D61726C696E3D563961
:101DB00030290A00454550524F4D207665727369AF
:101DC0006F6E206D69736D6174636820284545509E
:101DD000524F4D3D00454550524F4D206461746156
:101DE00073697A65206572726F722E0A004572728D
:101DF0003A20454550524F4D20435243002028631E
:101E0000616C63756C6174656429210A0020213D51
:101E10002000454550524F4D20435243206D697379
:101E20006D61746368202D202873746F7265642956
:101E30002000454550524F4D20436F7272757074AB
:101E40000A002053697A653A2000496E6465783A41
:101E5000200053746F7265642073657474696E67D3
:101E600073207265747269657665640020627974A6
:101E700065733B2063726320002073746F72656426
:101E80002073657474696E67732072657472696516
:101E9000766564202800454550524F4D207265619B
:101EA00064206661696C656400454550524F4D2061
:101EB000496E697469616C697A65640A00454550C8
:101EC000524F4D20496E697469616C697A6564008E
:101ED000454550524F4D20726573657400486172DC
:101EE00064636F6465642044656661756C74205337
:101EF000657474696E6773204C6F6164656400007B
:101F0000009643000096430000A0400000C84166D0
:101F100066A0426666A0426626C8439A99BC42B84B
:101F20000B0000B80B000064000000B80B0000209C
:101F3000286D6D2900203B204C6576656C696E67C5
:101F4000200020204D3432302053004175746F2022
:101F5000426564204C6576656C696E67004F464645
:101F6000004F4E00203B2053656E736F722000209F
:101F7000204D34313220530046696C616D656E74BA
:101F80002072756E6F75742073656E736F720020AA
:101F90004A002020473239205720490020204D3167
:101FA00034392043203B20556E69747320696E20BC
:101FB00043656C736975730A0054656D7065726171
:101FC0007475726520556E69747300202047323134
:101FD000203B004C696E65617220556E6974730018
:101FE00024F4D43050C38D20C3A24117828B7011CA
:101FF000127A900D826CDA0AA861E108C758660768
:10200000615142061F4B5E05C145A6041B411204E7
:10201000093D9703723931034136DB026633920280
:10202000D4305302812E1D02642CEE01762AC501A4
:10203000B128A101102781018F2564012B244A01B9
:10204000E1223401AD2120018D200C01811FFC0013
:10205000851EED00981DDF00B91CD200E71BC700EC
:10206000201BBB00651AB200B319A9000A19A00011
:102070006A189800D217920040178A00B61684009A
:1020800032167E00B41579003B157400C7146F003A
:1020900058146A00EE1366008813620026135E006F
:1020A000C8125B006D12570016125500C111510085
:1020B00070114E0022114C00D61049008D104600C0
:1020C0004710450002104200C00F4000800F3E0044
:1020D000420F3C00060F3A00CC0E3900930E370039
:1020E0005C0E3500270E3400F30D3200C10D3100B7
:1020F000900D2F00610D2F00320D2D00050D2C00CD
:10210000D90C2A00AF0C2A00850C28005D0C280091
:10211000350C27000E0C2500E90B2500C40B24000C
:10212000A00B23007D0B22005B0B21003A0B21004A
:10213000190B2000F90A1F00DA0A1F00BB0A1E0053
:102140009D0A1D00800A1C00640A1C00480A1C002D
:102150002C0A1B00110A1A00F7091A00DD091900E0
:10216000C4091900AB091800930918007B0917006E
:10217000640917004D0917003609160020091500DB
:102180000B091500F6081500E1081500CC0814002D
:10219000B8081400A4081300910813007E08130067
:1021A0006B08120059081200470812003508120087
:1021B000230811001208110001081000F107110096
:1021C000E0071000D0071000C0070F00B107100093
:1021D000A1070F0092070F0083070F0074070E007E
:1021E00066070E0058070E004A070E003C070E0057
:1021F0002E070D0021070D0014070D0007070D0025
:10220000FA060D00ED060C00E1060D00D4060C00E8
:10221000C8060C00BC060C00B0060B00A5060C009E
:1022200099060B008E060B0083060B0078060B0048
:102230006D060B0062060B0057060A004D060A00E9
:1022400043060B0038060A002E060A002406090081
:102250001B060A0011060A0007060900FE050A000F
:10226000F4050900EB050900E2050900D90509009C
:10227000D0050900C7050800BF050900B60509001B
:10228000AD050800A50508009D0508009505090095
:102290008C050800840508007C050700750508000A
:1022A0006D050800650507005E0508005605070076
:1022B0004F050800470507004005070039050700DE
:1022C000320507002B050700240507001D05070040
:1022D000160507000F0506000905070002050600A0
:1022E000FC040700F5040600EF040700E8040600FC
:1022F000E2040600DC040600D6040600D004070051
:10230000C9040500C4040600BE040600B8040600A3
:10231000B2040600AC040600A6040500A1040600F1
:102320009B04050096040600900405008B0406003B
:1023300085040500800405007B0405007604060082
:10234000700405006B0405006604050061040500C7
:102350005C04050057040500520405004D04050007
:1023600048040400440405003F0405003A04040046
:1023700036040500310405002C040400280405007F
:10238000230404001F0405001A04040016040400BA
:10239000120405000D0404000904040005040400EF
:1023A00001040500FC030400F8030400F403040026
:1023B000F0030400EC030400E8030400E403040059
:1023C000E0030400DC030400D8030400D40303008A
:1023D000D1030400CD030400C9030400C5030400B5
:1023E00000000000000000000000000000000000ED
:1023F0000000000000000000D1036D6403570D03CE
:1024000047C6023B8B023259022B2E0225090221BC
:10241000E8011CCC011AB201179B01148701137447
:10242000011163010F54010E46010D39010D2C01FC
:102430000B21010A17010A0D0109040108FC00081B
:10244000F40007ED0007E60007DF0006D90006D319
:102450000005CE0006C80005C30004BF0005BA0091
:1024600004B60004B20004AE0004AA0004A60003EF
:10247000A300049F00039C000399000396000393AC
:1024800000029100038E00028C0003890002870085
:10249000038400028200028000027E00027C0002AF
:1024A0007A00027800027600017500027300027162
:1024B00000017000026E00016D00026B00016A00F5
:1024C0000268000167000265000164000163000109
:1024D0006200026000015F00015E00015D00015CBE
:1024E00000015B00015A000159000158000157002A
:1024F0000156000155000154000153000152000132
:102500005100005100015000014F00014E00014DEB
:1025100000004D00014C00014B00014A00004A0040
:102520000149000148000048000147000146000041
:1025300046000145000045000144000143000043FE
:102540000001420000420001410000410001400042
:10255000004000013F00003F00013E00003E00013E
:102560003D00003D00013C00003C00013B00003B01
:1025700000013A00003A000139000039000039003A
:102580000138000038000137000037000037000133
:1025900036000036000036000135000035000134F9
:1025A0000000340000340001330000330000330029
:1025B0000132000032000032000131000031000021
:1025C0003100003100013000003000003000012FE8
:1025D00000002F00002F00002F00012E00002E0011
:1025E000002E00012D00002D00002D00002D000107
:1025F0002C00002C00002C00002C00012B00002BD4
:1026000000002B00002B00012A00002A00002A00F5
:10261000002A00002A0001290000290000290000EA
:1026200029000128000028000028000028000028B8
:1026300000012700002700002700002700002700D6
:1026400001260000260000260000260000260000CB
:10265000260001250000250000250000250000259A
:1026600000002500012400002400002400002400B4
:1026700000240000240001230000230000230000A8
:10268000230000230000230001220000220000227A
:102690000000220000220000220000220001210090
:1026A0000021000021000021000021000021000085
:1026B0002100012000002000002000002000002058
:1026C00000002000002000002000011F00001F006B
:1026D000001F00001F00001F00001F00001F00005F
:1026E00020436F756E7420583A004265640045318E
:1026F00000626564002C2073797374656D207374B7
:102700006F7070656421204865617465725F49442B
:102710003A20004572723A204D415854454D5000C0
:102720004D415854454D5020747269676765726514
:10273000640048656174696E67204661696C656410
:102740000048656174696E67206661696C65640044
:102750004572723A204D494E54454D50004D494EF8
:1027600054454D5020747269676765726564005402
:102770004845524D414C2052554E41574159005405
:102780006865726D616C2052756E617761790020A9
:102790002F002042403A0020403A0020573A0000E3
:1027A00009121B242D363F48415A536C657E771918
:1027B000100B023D342F265158434A757C676E3208
:1027C0003B2029161F040D7A7368615E574C452B18
:1027D0002239300F061D14636A7178474E555C64C8
:1027E0006D767F4049525B2C253E3708011A137DD8
:1027F000746F6659504B42353C272E1118030A5608
:102800005F444D727B60691E170C053A3328214FD7
:10281000465D546B627970070E151C232A313841CE
:1028200048535A656C777E09001B122D243F365899
:10283000514A437C756E671019020B343D262F7385
:102840007A6168575E454C3B3229201F160D046A99
:102850006378714E475C55222B3039060F141D25C5
:102860002C373E0108131A6D647F7649405B523C59
:10287000352E2718110A03747D666F5059424B1785
:102880001E050C333A21285F564D447B7269600E59
:10289000071C152A233831464F545D626B7079004E
:1028A000002110422063308440A550C660E77008C4
:1028B0008129914AA16BB18CC1ADD1CEE1EFF1314B
:1028C00012100273325222B5529442F772D6623914
:1028D0009318837BB35AA3BDD39CC3FFF3DEE3629B
:1028E00024433420040114E664C774A44485546A64
:1028F000A54BB528850995EEE5CFF5ACC58DD5532B
:1029000036722611163006D776F6669556B4465BB3
:10291000B77AA719973887DFF7FEE79DD7BCC7C4FA
:1029200048E5588668A7784008611802282338CC03
:10293000C9EDD98EE9AFF9488969990AA92BB9F58A
:102940005AD44AB77A966A711A500A333A122AFD53
:10295000DBDCCBBFFB9EEB799B588B3BBB1AABA65A
:102960006C877CE44CC55C222C033C600C411CAEA3
:10297000ED8FFDECCDCDDD2AAD0BBD688D499D976A
:102980007EB66ED55EF44E133E322E511E700E9FF3
:10299000FFBEEFDDDFFCCF1BBF3AAF599F788F88BA
:1029A00091A981CAB1EBA10CD12DC14EF16FE1808B
:1029B00010A100C230E3200450254046706760B982
:1029C000839893FBA3DAB33DC31CD37FE35EF3B1DB
:1029D000029012F322D2323542145277625672EAD2
:1029E000B5CBA5A89589856EF54FE52CD50DC5E22B
:1029F00034C324A01481046674476424540544DB62
:102A0000A7FAB79987B8975FE77EF71DC73CD7D37A
:102A100026F2369106B01657667676154634564C31
:102A2000D96DC90EF92FE9C899E9898AB9ABA944CA
:102A300058654806782768C018E1088238A3287DC1
:102A4000CB5CDB3FEB1EFBF98BD89BBBAB9ABB751A
:102A50004A545A376A167AF10AD01AB32A923A2E91
:102A6000FD0FED6CDD4DCDAABD8BADE89DC98D266A
:102A70007C076C645C454CA23C832CE01CC10C1FA1
:102A8000EF3EFF5DCF7CDF9BAFBABFD98FF89F17BA
:102A90006E367E554E745E932EB23ED10EF01E7C85
:102AA0003C3E5E2B3D3F2F5B5D3B2C2A225C00575A
:102AB00061726E696E673A0053442043617264200C
:102AC000496E6974204661696C00534420636172E9
:102AD00064206F6B0A006F70656E526F6F742066B2
:102AE00061696C65640A00766F6C756D652E696E40
:102AF0006974206661696C65640A004E6F205344F6
:102B000020636172640A000A4D3234004D32332072
:102B10002573002E0A006F70656E206661696C6512
:102B2000642C2046696C653A200046696C65207308
:102B3000656C65637465640A002053697A653A20A0
:102B40000046696C65206F70656E65643A200045CB
:102B50004E4420535542524F5554494E450A002287
:102B600020706F73002220706172656E743A2200CB
:102B7000535542524F5554494E452043414C4C20E9
:102B80007461726765743A220053756263616C6C9C
:102B9000204F766572666C6F770045786365656473
:102BA0006564206D617820535542524F5554494E0B
:102BB000452064657074683A002E0A0044656C65AF
:102BC00074696F6E206661696C65642C2046696C5F
:102BD000653A200046696C652064656C65746564BF
:102BE0003A0057726974696E6720746F2066696C69
:102BF000653A2000667265736800646F696E6700ED
:102C00002066696C653A20004E6F7720002F617551
:102C1000746F25632E67002001400130013B0140A5
:102C20000136016001310170012C0190012701B0D2
:102C3000012201C0011D01F0011801100213013031
:102C4000020E016002090190020401C002FF0000AF
:102C500003FA004003F5008003F000D003EB0020EE
:102C600004E6007004E100E004DC004005D700C089
:102C700005D2004006CD00D006C8008007C3003052
:102C800008BE00F008B900C009B400B00AAF00B037
:102C90000BAA00D00CA500000EA000500F9B00C096
:102CA0001096005012910000148C00C0158700B0DF
:102CB000178200B0197D00D01B7800001E73004001
:102CC000206E0090226900F024640040275F00908D
:102CD000295A00E02B5500102E500020304B0010D8
:102CE000324600E033410090353C00103737007029
:102CF000383200A0392D00B03A2800A03B230060F4
:102D00003C1E00103D1900903D1400103E0F007055
:102D10003E0A00C03E0500003F0000403FFBFF8030
:102D20003FF6FFC03FF1FF2020506C616E6E657270
:102D300042756666657242797465733A2000204672
:102D4000726565204D656D6F72793A200020436F82
:102D50006D70696C65643A2053657020313520329E
:102D60003032360A00204C617374205570646174EF
:102D700065643A20323032362D30392D3038207C9F
:102D800020417574686F723A2053796C3231202B70
:102D900020436C617564650A004D61726C696E2038
:102DA000322E312E782D44392076322E302E330AB1
:102DB0000020536F66747761726520526573657485
:102DC0000A00205761746368646F672052657365F9
:102DD000740A002042726F776E206F7574205265FE
:102DE0007365740A002045787465726E616C2052B8
:102DF000657365740A00506F77657255700A0073C9
:102E0000746172740A004732385859004D313030BD
:102E100031006572726F722077726974696E672013
:102E2000746F2066696C650A00446F6E652073617B
:102E300076696E672066696C652E0A004D3239002E
:102E4000456E6473746F70730025532025632025CD
:102E50006320256320256300205A3A0020593A0058
:102E600020583A00656E6473746F707320686974DB
:102E70003A200000000A0B02090C0D0E080703049B
:102E80000100000000000000000000000000000041
:102E90000000000000000000000000000000001220
:102EA0001110000000000000000000000000000001
:102EB00000000000000000000000486F6D696E67B0
:102EC000204661696C656400FFFFFF205A3A2000CC
:102ED00020793A200042656420583A200050726FF1
:102EE00062696E67204661696C65640A0050726FA2
:102EF00062696E67204661696C65640043616E6E4D
:102F00006F74206F70656E20737562646972200043
:102F1000524553554D45204F5054494F4E533A005A
:102F200048656174696E672E2E2E000000436C693F
:102F3000636B20746F2068656174000000526573D4
:102F4000756D696E672E2E2E0000005075726769D0
:102F50006E672E2E2E0000004C6F6164696E672E26
:102F60002E2E000000496E7365727420616E64201D
:102F7000436C69636B000000436C69636B20746F82
:102F800020636F6E74696E7565000000456A656345
:102F900074696E672E2E2E000000506C656173659B
:102FA00020776169742E2E2E0000005061726B69CB
:102FB0006E672E2E2E000000220A00556E6B6E6F7B
:102FC000776E20636F6D6D616E643A2022006F6BC7
:102FD0000057616E68616F204439204D4B322034B8
:102FE00030302052656164792E005072696E7469C8
:102FF0006E672E2E2E005072696E742050617573AC
:10300000656400204500205A0020590020204D39D9
:103010003220580053746570732070657220756E8D
:1030200069740000002200250028002B002E0031CA
:1030300000340002010000050108010B010000211D
:1030400000240027002A002D003000330001010079
:1030500000040107010A0105050505070508080820
:1030600008020202020A0A08080404040401010119
:103070000101010101030303030303030304070721
:10308000070C0C0C0C0C0C0C0C02020202060606BF
:1030900006060606060B0B0B0B0B0B0B0B010210A7
:1030A0002020080810204010204080020102010862
:1030B0000402010102040810204080804020100812
:1030C000040201800402018040201008040201086B
:1030D00004020101020408102040800102040810CB
:1030E0002040804572726F722077726974696E67D2
:1030F00020746F20454550524F4D210A0020746FB7
:103100006F206C6F6E6720657874727573696F6E6F
:103110002070726576656E7465640A0020636F6C5A
:103120006420657874727573696F6E20707265764D
:10313000656E7465640A0020453A00205A3A002002
:10314000593A00583A00FDE2DFE211241FBECFEFEA
:10315000D1E2DEBFCDBF00E00CBF84B780937E1705
:1031600014BE0FB6F894A895809160008861809392
:103170006000109260000FBE14E0A0E0B2E0E8E052
:10318000F5EF01E00BBF02C007900D92A83DB1071B
:10319000D9F727E1A8EDB4E001C01D92AE37B20720
:1031A000E1F718E1C4EAD8E100E006C0219701097F
:1031B000802FFE010E9409F7C33AD10780E008077B
:1031C000A9F70E9472E40C9473FA0C9400008091A9
:1031D0008F068F5F80938F068A3018F080EF809380
:1031E00052090895CF93FC0180819181811590440B
:1031F00029F5FB01C1816C2F70E090E080E00E9416
:1032000059F020E030E048EC52E40E9439F91816F9
:103210000CF4C4E62C2F30E0AFEFB0E00E94C7F60C
:1032200024E630E040E050E00E94A1F62F3F310557
:1032300019F010F02FEF30E020936714CF9108952C
:103240001092180781E080931A070895FB0181818D
:103250008F3F19F0882381F008952CE330E03093FC
:103260000D0220930C028093920685E08093080261
:1032700081E080931A07089588EC90E090930D0206
:1032800080930C0210929206F0CFFB018181809313
:103290006D0681E080931A070895FB01808191817A
:1032A000982789279827893C910510F088EC90E0B1
:1032B00090930B0280930A0281E080931A0708958D
:1032C000FB01818191E0980F923028F480931002E5
:1032D00081E080931A070895FB01818180930902A0
:1032E00081E080931A070895CF92DF92EF92FF92C8
:1032F000CF93DF93FB01C081D181DC27CD27DC2771
:10330000BE010D2E000C880B990B0E945BF06B0127
:103310007C0120E030E040E251E40E9455F087FD5E
:103320000DC020E030E04AEF53E4C701B6010E942F
:1033300039F918162CF4C4EFD1E002C0CAE0D0E08D
:10334000D0931202C093110281E080931A07DF919B
:10335000CF91FF90EF90DF90CF900895CF93DF93C0
:10336000C091D207D091D30781E0CE31D105E4F0EE
:1033700020E030E040E05FE36091CE077091CF073E
:103380008091D0079091D1070E9412F70E9456F8C1
:103390006C1B7D0B77FF03C071956195710981E00E
:1033A000633071050CF080E0DF91CF91089587FDC7
:1033B00026C0811111C08091AA0A2091AB0A821700
:1033C000F1F0E22FF0E0E655F54F828190E02F5FBB
:1033D0002F772093AB0A0895813089F48091280AD1
:1033E0002091290A821759F0E22FF0E0E85DF54FAD
:1033F000828190E02F5F2F772093290A08958FEF25
:103400009FEF0895CF93DF93DB01F9019C919130F9
:10341000C1F0943080F094509C938830D1F4808136
:103420009181009771F0019791838083480F591F14
:10343000EA01188206C08C3539F49C5F9C93943065
:1034400041F4DF91CF9108958B3339F781E08C936C
:10345000F8CF20813181B9016F5F7F4F7183608325
:10346000420F531FEA018883808191818F35910536
:103470006CF7E7CF0F931F9381E000916F0D1091D0
:10348000700D2091710D3091720D40916B0D509126
:103490006C0D60916D0D70916E0D04171507260768
:1034A000370708F480E01F910F91089590E080E0C5
:1034B00008952091AA14833021F425FD0CC024FD29
:1034C0000CC030E0A90102C0559547958A95E2F7F6
:1034D000CA018170089581E0089580E008950F93F6
:1034E0001F93CF93DF93EC0107E519E0F8012081EA
:1034F000318142815381688179818A819B810E94D7
:1035000012F7688379838A839B83F801248135814C
:10351000468157816C817D818E819F810E9412F747
:103520006C837D838E839F83F8012085318542855E
:103530005385688579858A859B850E9412F76887FF
:1035400079878A879B87DF91CF911F910F9108958B
:103550008091320684FD0BC08091340687FD07C040
:1035600090913506937081E019F480E0089581E030
:1035700008952FEB280F2A3108F047C0E22FF0E022
:103580008091320690913306A0913406B0913506B1
:1035900004C0B695A795979587952A95D2F780FD93
:1035A00002C081700895EC5BFA4FE081EE2341F197
:1035B00080916D0990916E09E80FF92FF11D8081BE
:1035C00090ED980F9A3030F08E3251F48181805313
:1035D0008A3098F4F0933B05E0933A0581E0089532
:1035E0008D3211F08B3249F4818190ED980F9A3031
:1035F00088F38E3211F48281EACFF0E0E0E0EACF86
:1036000010923B0510923A05E9CF80E00895B1DFB2
:10361000882341F081E020913A0530913B05232B2E
:1036200009F480E008950F931F93CF93DF93C82F81
:10363000D0E0FE01EE0FFF1FE95EFD4F7183608356
:10364000CC0FDD1FCC0FDD1F8E010B5A1D4F072E37
:10365000000C880B990B0E945BF02AE037ED43E2E7
:103660005CE30E94BAF0C05DD84F288139814A815D
:103670005B810E94BAF0F801608371838283938337
:10368000DF91CF911F910F910895FC01808191816D
:103690008B30904259F4FB01608171817627672756
:1036A000762780E0C0DF81E080931A07089580913B
:1036B000340781110EC020911D0230911E0221504D
:1036C000310981E04091940D5091950D42175307B7
:1036D0000CF080E008958F929F92AF92BF92CF92AC
:1036E000DF92EF92FF92FC01828158E5C52E52E0F5
:1036F000D52EC81AD10887FDD394CC0CDD1CCC0C78
:10370000DD1C0D2C000CEE08FF08818178E8872E67
:10371000912C881A910887FD9394880C991C880C29
:10372000991C092C000CAA08BB0880818F3FD1F19D
:1037300090E0FC01EE0FFF1FE80FF91FEA54F24F73
:103740008181928133E0880F991F3A95E1F7B0E0CB
:10375000A0E044E0B595A795979587954A95D1F750
:1037600002969C012F5F3F4F032E000C440B550B1C
:10377000281939094A095B09A4EBB0E00E94BDF69B
:10378000A7019601281939094A095B090E94A1F687
:10379000C901FF90EF90DF90CF90BF90AF909F90C6
:1037A0008F90089590E080E0DCCF91E09093360612
:1037B0009091D10095FD0CC09091D00095FF08C06C
:1037C0008093D6008091D00080648093D0000895CB
:1037D000209137062F5F2F720FB607FC27C09091FC
:1037E0003806921328C09091D00095FF1EC090918A
:1037F000380640913706941306C09091D1009F7D02
:103800009093D10012C0E92FF0E0E95CF94F3281CA
:103810009F5F9F723093D600909338063091D0000E
:1038200030643093D000491741F3D9CF90913806D6
:10383000921301C0FBCFE0913706F0E0E95CF94F4D
:103840008283209337068091D10080628093D100DB
:1038500008950F931F93CF93DF93EC01162F042F3E
:103860008AE5A3DF85EAA1DF83E0800F9EDF812F59
:103870009CDF8D2F9ADF8C2FDF91CF911F910F91BD
:1038800094CF40E355E760E070E086EB99E10C945B
:10389000689A40E355E760E070E086EB99E10C94AC
:1038A000689AFC014281442339F084819581009714
:1038B00019F050E00C94F5F90895CF93FB01C18104
:1038C000C13031F40E941399811104C0C0931A07CA
:1038D000CF9108950E94D097F9CFCF93DF93EB015A
:1038E0000E94479A81110AC040E355E760E070E00A
:1038F00086EB99E1DF91CF910C94689A8881998148
:10390000982789279827209192062F3F29F0222374
:10391000A9F0DF91CF9108958437910514F083E7E2
:1039200090E08530910514F485E090E090930D02CD
:1039300080930C0281E080931A07EBCF833221E061
:1039400092077CF382E291E0ECCFEEE6F6E081E2D2
:10395000DF011D928A95E9F781E080931A070895A7
:10396000CF93FB0180916D06813029F050F18230B8
:1039700019F1CF91089560E070E080E89FE3218124
:10398000223069F118F5222319F09058213089F777
:10399000C0E024E0C29FF0011124E85EF54F2081D1
:1039A0003181428153810E9412F74C2F0E94E4CC56
:1039B00081E080931A07DDCF6DEC7CEC8CEC9DE30D
:1039C000DECF60E070E080E291E4D9CF243021F0D6
:1039D00028F09058253069F6C2E0DBCF9058C1E05E
:1039E000D8CFCF93DF93EC01FB0160817181762703
:1039F00067277627072E000C880B990B0E945BF037
:103A000020E030E040E251E40E94EEF72881398165
:103A10002132F0E23F0749F0223240E2340771F0F0
:103A20002032304241F440E001C041E00E94E4CC49
:103A300081E080931A07DF91CF91089542E0F6CF9D
:103A40008F929F92AF92BF92CF92DF92EF92FF92AE
:103A5000CF93DF93809155098770873091F040E3D1
:103A600055E760E070E08CEE98E1DF91CF91FF9038
:103A7000EF90DF90CF90BF90AF909F908F900C947D
:103A8000689AEB010E94479A811107C040E355E70D
:103A900060E070E086EB99E1E8CF8981833009F43A
:103AA00054C0B8F4813009F466C0C12CD12C60EF49
:103AB000E62E61E4F62E823009F45AC0DF91CF91F0
:103AC000FF90EF90DF90CF90BF90AF909F908F903E
:103AD0000895843009F446C0C12CD12C99EBE92E0D
:103AE00093E4F92E812C912C20EFA22E21E4B22E0A
:103AF000853021F720E030E040E850E46091200A72
:103B00007091210A8091220A9091230A0E9412F753
:103B100042E00E94E4CC40E0C501B4010E94E4CC44
:103B200041E0C701B6010E94E4CC42E060E070E0F1
:103B3000CB01DF91CF91FF90EF90DF90CF90BF90BE
:103B4000AF909F908F900C94E4CCC12CD12C40EF7F
:103B5000E42E41E4F42E812C912C59EBA52E53E454
:103B6000B52EC8CFC12CD12C39EBE32E33E4F32E84
:103B700046015701BFCFC12CD12C88E4E82E83E445
:103B8000F82EF6CFCF93DF93EB010E94479A811175
:103B90000AC040E355E760E070E086EB99E1DF9111
:103BA000CF910C94689A809110028F5F8230E0F47C
:103BB00020E030E04AE253E46091900D7091910D65
:103BC0008091920D9091930D0E9455F087FF07C050
:103BD00040E355E760E070E08CEF98E1E0CF898149
:103BE000882329F0813039F1DF91CF9108956091D8
:103BF0000A0270910B0290E080E00E9459F09B0154
:103C0000AC016091240A7091250A8091260A909156
:103C1000270A0E9411F76093240A7093250A809363
:103C2000260A9093270A60E070E080E090E4DF913C
:103C3000CF910C94389060910A0270910B0290E041
:103C400080E00E9459F02091240A3091250A409189
:103C5000260A5091270A0E9412F7DDCFCF93DF93F7
:103C6000EB010E94479A811103C0DF91CF9111CEE1
:103C7000898190910902923029F09330C1F0DF914F
:103C8000CF910895882371F06DEC7CEC8CEC9DEB6A
:103C90000E9486CD0E9487CF0E94599A81E080932E
:103CA0001A07EDCF6DEC7CEC8CEC9DE3F1CF882313
:103CB00029F06AE077ED83E29CEBEACF6AE077EDEA
:103CC00083E29CE3E5CFCF93DF93EB010E94479A19
:103CD000811103C0DF91CF91D4CD6881798176279E
:103CE00067277627072E000C880B990B0E945BF044
:103CF00020E030E048EC52E40E94EEF720910A0EFA
:103D000030910B0E40910C0E50910D0E0E9411F748
:103D10000E9486CD0E9487CF0E94599A81E08093AD
:103D20001A07DF91CF910895FB018181882319F053
:103D3000813079F008956AE077ED83E29CE30E9498
:103D400086CD0E9487CF0E94599A81E080931A07FE
:103D500008956AE077ED83E29CEBF1CFFB0160818F
:103D60007181762767277627072E000C880B990B21
:103D70000E945BF020E030E048EC52E40E94EEF755
:103D800020910A0E30910B0E40910C0E50910D0EA9
:103D90000E9411F70E9486CD0E9487CF0E94599AF7
:103DA00081E080931A070895FB018181813031F011
:103DB000823039F081E080931A0708950E941182C1
:103DC000F9CF0E94E981F6CFCF93FB01C181C130C9
:103DD00051F40E94F998811108C00E941399811131
:103DE00004C0C0931A07CF910895CF910C94D09737
:103DF000CF93FB01C181C13031F40E94F998811148
:103E000004C0C0931A07CF9108954DEB58E164ECBC
:103E100078E184E00E9408C986EF9FE20E947EC597
:103E200089EB98E19093100980930F09ECCF809172
:103E30000E0290910F0297FF08C040E355E760E043
:103E400070E088EA98E10C94689A0E9414DA88235A
:103E500081F08091730D85FD0CC00E94479A8111FD
:103E600001C00FCD8FE699E00E94DFD083E0809300
:103E700052090895CF93DF93FB0181818130D1F006
:103E800040F0823019F181E080931A07DF91CF91E1
:103E900008958091730D86FDF9CF109291061092CE
:103EA00090068FEF9FEF90930F0280930E020E9477
:103EB00053D0E9CF8091900690919106009731F30D
:103EC00001979093910680939006DDCFC091900664
:103ED000D091910626960E94C6D98C179D07B0F204
:103EE00080919006909191060196EBCF1F93CF930E
:103EF000DF93EC01FB01118188819981813090422F
:103F000089F48091730D84FD0BC040E355E760E0B8
:103F100070E08EE798E1DF91CF911F910C94689A41
:103F20000E943CD0888199818230904279F40E942D
:103F3000F998882339F040E355E760E070E085E6C2
:103F400098E1E9CF0E9413998111F5CF8881998179
:103F50008330904231F010935209DF91CF911F913D
:103F600008950E94F9988111F6CF0E94139981114A
:103F7000F2CF40E355E760E070E08EE498E1CBCF0C
:103F8000FC0101900020E9F79F0121503109281B15
:103F9000390B2F33310540F4FC01E20FF31F60832E
:103FA0002E33310509F011820895CF93DF93EC0190
:103FB00040E450E00E944FEFCE01DF91CF91089591
:103FC000AB01BC0140936F0D5093700D6093710D68
:103FD0007093720D8AEC96E10C94D7D4EF92FF9215
:103FE0000F931F93CF93DF93CDB7DEB764970FB6D0
:103FF000F894DEBF0FBECDBF7C01FB0160817181F3
:10400000828193818E010F5F1F4F248141E00E94C6
:1040100081EBF70101900020E9F79F012150310960
:104020002E193F092E31310550F44FE150E0421B6B
:10403000530BBC01C701820F931F0E949EEFC70163
:1040400064960FB6F894DEBF0FBECDBFDF91CF915F
:104050001F910F91FF90EF900895CF93DF93EC01A4
:10406000FC0101900020E9F7CF0101978C1B9D0B0B
:104070008F33910540F440E450E0481B590B8C0FFE
:104080009D1F0E949EEFCE01DF91CF910895EF9288
:10409000FF920F931F93CF93DF93CDB7DEB7649753
:1040A0000FB6F894DEBF0FBECDBF7C01FB0160816F
:1040B0007181828193818E010F5F1F4F248141E0C6
:1040C0000E9481EBBC01C701C8DF64960FB6F8946B
:1040D000DEBF0FBECDBFDF91CF911F910F91FF903B
:1040E000EF9008950C9416C480913A0590913B0589
:1040F000009731F04AE050E070E060E00C9421EE6F
:1041000060E070E0CB01089580913A0590913B0505
:10411000009731F04AE050E070E060E00C94F4EC7D
:1041200060E070E0CB010895EFDF97FD0AC0ECDF9F
:104130006F3F71058105910509F02CF4E5DF862FAD
:10414000089580E008958FEF0895CF93C62F5FDA2A
:10415000882311F0CF91E8CF8C2FCF9108958091D3
:104160003A0590913B05892B39F0DEDF91E0811112
:1041700001C090E0892F089591E0FCCFCF93DF93A9
:10418000C82FD62F44DA882319F0DF91CF91E7CFDB
:104190008C2FEFD9811101C08D2FDF91CF91089520
:1041A000B3DFCB010895CF93DF93EB0130DA88239F
:1041B00019F0DF91CF91F4CFCE01DF91CF91089527
:1041C0000F931F93CF9380913A0590913B050097F1
:1041D00009F1FC018F01C1912C2F2F7DA1F0C53475
:1041E00031F0C53621F0C83511F0C83799F7F8011C
:1041F000108270E060E00E949EEBF801C083CF91D6
:104200001F910F91089570E060E0CF911F910F9181
:104210000C949EEB60E070E0CB01F1CFCF92DF9287
:10422000EF92FF926A017B01F2D9882329F0FF9077
:10423000EF90DF90CF90C4CFC701B601FF90EF9011
:10424000DF90CF9008954F925F926F927F92AF92DE
:10425000BF92CF92DF92EF92FF920F931F93CF9373
:10426000DF938DEFA82E83E0B82E08E11AE0C0E2BC
:10427000D7E097E5C92E99E0D92EF12CF50181916F
:104280005F01C5D9882321F08091C509882351F0A9
:10429000F80180819181A281B38188839983AA8367
:1042A000BB8315C08DDF2B013C018F2D02D98823E4
:1042B00009F463C0F8012081318142815381C30137
:1042C000B2010E9412F7688379838A839B83F394F7
:1042D0000C5F1F4F2496F4E0CF0ED11C83E0F81240
:1042E000CDCF85E494D9882309F451C069DF6B01EF
:1042F0007C0183E0DED8882371F02091240A30917C
:10430000250A4091260A5091270AC701B6010E944A
:1043100012F76B017C01C0922C07D0922D07E0921E
:104320002E07F0922F0740E050E0BA0186E476DFD6
:1043300020E030E0A9010E9439F918167CF440DF32
:1043400020E030E040E752E40E94EEF76093130271
:10435000709314028093150290931602DF91CF910F
:104360001F910F91FF90EF90DF90CF90BF90AF9093
:104370007F906F905F904F900895F601208131817A
:1043800042815381C301B2010E9411F79CCF8091F9
:10439000240A9091250AA091260AB091270A8093B9
:1043A0002C0790932D07A0932E07B0932F07BBCF18
:1043B00080915109833018F046DF0C94D8B10895EC
:1043C000EF92FF920F931F93CF93DF93CDB7DEB79A
:1043D0002C970FB6F894DEBF0FBECDBF7C017F9344
:1043E0006F9381EC94E09F938F938E010F5F1F4F2B
:1043F0001F930F930E9443FAB801C7012EDE0F905E
:104400000F900F900F900F900F902C960FB6F8947E
:10441000DEBF0FBECDBFDF91CF911F910F91FF90F7
:10442000EF900895EF92FF920F931F93CF93DF9336
:10443000CDB7DEB7A4970FB6F894DEBF0FBECDBFE1
:10444000F82E8093C7098FE18F1508F489C08091F9
:10445000C609F81624F081E08F0D8093C60981E02B
:1044600090E00F2C02C0880F991F0A94E2F7092EE2
:10447000000CAA0BBB0B4091C8095091C90960916F
:10448000CA097091CB0984239523A623B72321E081
:10449000892B8A2B8B2B09F420E02093C509F7FC8C
:1044A00062C04FE150E069E575E08E010F5F1F4F7C
:1044B000C8010E944FEFF80101900020E9F7CF01F9
:1044C0000197801B910B8E31910560F420E2F80179
:1044D000E80FF91F20838D31910521F08C0F9D1F6E
:1044E000FC0112828F2D0F2C000C990B9F93FF92D1
:1044F00081EC94E09F938F937E01F0E2EF0EF11C2C
:10450000FF92EF920E9443FAF80101900020E9F730
:10451000CF010197801B910B0F900F900F900F9080
:104520000F900F908E31910548F44FE150E0481BF9
:10453000590BB701800F911F0E949EEF40E060E091
:10454000C8010E94F897A4960FB6F894DEBF0FBE7C
:10455000CDBFDF91CF911F910F91FF90EF90089504
:104560001092C5099CCF0E9482C8EDCFCF92DF92F6
:10457000EF92FF92CF936B017C01C42F8091AB141B
:104580008F5F09F4CEC08093AB148091AB148093FD
:10459000651520E030E040E752E46091130270912D
:1045A000140280911502909116020E94BAF00E94A6
:1045B0005BF87093BD146093BC14809111029091CC
:1045C00012029093BF148093BE14809117029091B1
:1045D00018029093C1148093C014C092C214D09258
:1045E000C314E092C414F092C51480916415C0FB0A
:1045F00080F98093641587E0E5ECF9E0A6ECB4E17E
:1046000001900D928A95E1F78CE0E2E0F9E0ADECE3
:10461000B4E101900D928A95E1F78CE0E7E5F9E0CD
:10462000A9EDB4E101900D928A95E1F780915207CE
:104630009091641580FB94F990936415882381F020
:1046400080914E0790914F07A0915007B09151076C
:104650008093E5149093E614A093E714B093E814C4
:104660008091940D9091950D9093EA148093E914A4
:104670008091D2079091D3079093EC148093EB1420
:10468000809167148093ED14809164159091850951
:1046900090FB83F980936415809186099091870936
:1046A000A0918809B09189098093EE149093EF143A
:1046B000A093F014B093F1140E94DC9560935F1501
:1046C0007093601580936115909362158091AA1480
:1046D000809363159091CC098091641593FB81F9C7
:1046E0009091340790FB82F98093641580E00E94DA
:1046F000CEDD40E050E0BA018BE695E10E94D7D4D0
:104700004BEB50E06BEA74E18BE695E10E94F9D542
:104710008BE695E1CF91FF90EF90DF90CF900C94D6
:104720007B7D81E030CFAF92BF92CF92DF92EF924C
:10473000FF920F931F93CF935C016B018A018F51FE
:104740009B4F7C01DC01CC91C7FF3DC0FB01118276
:104750001082CF5FD701CC93CC300CF053C08CE0EB
:104760008A9DF0018B9DF00D1124CF018C0F911DBE
:10477000C7FD9A952091FE0D2817190609F00CF433
:1047800041C0F60120813181FC01EE0FFF1FE80FCF
:10479000F91FEA54F24F81819281820F931FD80151
:1047A00011969C938E93808187FF3DC061E08F7747
:1047B000CF911F910F91FF90EF90DF90CF90BF901E
:1047C000AF900C94E2CD8CE08A9DF0018B9DF00DB2
:1047D0001124CF018C0F911DC7FD9A952091FE0DDC
:1047E0002817190609F00CF4B4CFFC01EE0FFF1FD7
:1047F000E80FF91FEA54F24F808160E08F770E9442
:10480000E2CDA7CFF6018081918104968034FCE946
:104810009F0710F480E49CE9D80111969C938E9335
:104820008FEFF7018083CF911F910F91FF90EF9051
:10483000DF90CF90BF90AF900895AF92BF92CF928C
:10484000DF92EF920F931F93CF935B01C42F122F30
:1048500062E80E94291CC5010E9463EF6C018C2F45
:1048600090E0C816D90630F5C114D10441F1CC1935
:10487000112381F0011111C010E000E00C151D059D
:10488000F1F0F501E00FF11F84910E94D51B0F5F3D
:104890001F4FF4CF10E0011107C08C199D099695A8
:1048A00087951C2F181BC82FC15038F080E20E943A
:1048B000D51BFACF6C01C0E0DFCFC12FDDCF10E2F6
:1048C000E11001C010E0C15020F0812F0E94D51BE3
:1048D000FACFCF911F910F91EF90DF90CF90BF90C3
:1048E000AF900895AF92BF92CF92DF92EF920F9365
:1048F0001F93CF935B01C42F122F62E80E94291CE3
:10490000F50101900020E9F731976F01CA18DB0823
:104910008C2F90E0C816D90618F5C114D10429F1DE
:10492000CC19112369F001110EC0CA0CDB1CCA148A
:10493000DB04D9F0F50181915F010E94D51BF7CF0F
:1049400010E0011107C08C199D09969587951C2FC1
:10495000181BC82FC15038F080E20E94D51BFACF37
:104960006C01C0E0E2CFC12FE0CF10E2E11001C046
:1049700010E0C15020F0812F0E94D51BFACFCF91BB
:104980001F910F91EF90DF90CF90BF90AF9008955F
:10499000EF920F93CF93DF93EC0189EB9EE20E949D
:1049A000D999209749F0EE24E39401E021E040E218
:1049B000BE0180E291E196DF89EB9EE2009781F0F3
:1049C000EE24E39401E021E040E2BC0180E491E1C7
:1049D00034DF21E040E269EB7EE280E691E12DDF09
:1049E00060E083E00E942BC480911907893F11F099
:1049F0008093340281E08093530989EF80935209B8
:104A0000DF91CF910F91EF900895FF920F931F9335
:104A1000CF93DF93F62E072F142F62E80E94291CF4
:104A2000CF2DD02F115020F089910E94D51BFACFA5
:104A3000DF91CF911F910F91FF9008952CE534E104
:104A4000F901459154914115510571F048175907E5
:104A500041F4CB014AE050E0B9010E9429EF81E026
:104A60000895265F3F4F61F780E00895CF93DF936D
:104A70001F921F92CDB7DEB7853608F084E6682F07
:104A800070E090E080E00E945BF020E030E04FE7D3
:104A900053E40E94BAF020E030E048EC52E40E9477
:104AA000EEF720E030E0A9010E9412F70E9445F9DC
:104AB0006093E4031A821982698342E0BE016F5F4A
:104AC0007F4F81EA90E0A1DF0F900F90DF91CF91AF
:104AD0000895FB018181CADF0C94599ACF93DF932B
:104AE0001F921F92CDB7DEB7853608F084E680931B
:104AF0001F02682F70E090E080E00E9459F020E0F3
:104B000030E04EEB52E40E94BAF020E030E048EC96
:104B100052E40E94EEF720E030E040EA50E40E94C8
:104B200012F70E9445F969836A8342E0BE016F5F14
:104B30007F4F82E890E069DF0F900F90DF91CF9177
:104B40000895FB018181CADF0C94599A6091E403B6
:104B500070E090E080E00E9459F020E030E048EC06
:104B600052E40E94BAF020E030E04FE753E40E94A4
:104B7000EEF720E030E0A9010E9412F70E9445F90B
:104B8000862F089580911607882321F080911507BC
:104B9000811109C041E063E88FE090E00E94291C88
:104BA00081E00C94D51B08951092D0008091D00024
:104BB00082608093D0001092D50080E18093D40071
:104BC0008091D10080618093D1008091D100886074
:104BD0008093D1008091D10080688093D100809132
:104BE000D1008F7D8093D10010923606CBDF80916B
:104BF0001707882321F081E080931A07089561E068
:104C000080E00C94EA99CF93DF93C091D207D091C2
:104C1000D307209729F16091CE077091CF0780913B
:104C2000D0079091D1070E9456F86E5F7F4F24976E
:104C30006C177D07ACF47093BA076093B9070E94B4
:104C400008CF605679478E4F9F4F6093BB07709394
:104C5000BC078093BD079093BE07DF91CF91089565
:104C60001092BB071092BC071092BD071092BE07AE
:104C7000F4CF2F923F924F925F926F927F928F92DA
:104C80009F92AF92BF92CF92DF92EF92FF920F93DB
:104C90001F93CF93DF93D62FC72FFC018080918085
:104CA000A280B380C501B40120E831E541E050E0C5
:104CB0000E947FF6C9016DE671E00E94E2F66B0189
:104CC0007C01C501B40120E13EE040E050E00E94DB
:104CD0007FF6CA01B90128E130E040E050E00E94CF
:104CE0007FF6362E272E062F172F8CE3482E512CB9
:104CF000612C712CC501B401A30192010E947FF6C1
:104D0000B62EA72ECA01B901A30192010E947FF617
:104D1000CB01C114D10479F1AF92BF927F936F930D
:104D20002F923F92FF92EF92DF92CF9286E691E12F
:104D30009F938F93CF93DF930E94EEEF8DB79EB733
:104D40000E960FB6F8949EBF0FBE8DBF8D2F9C2F71
:104D5000DF91CF911F910F91FF90EF90DF90CF9057
:104D6000BF90AF909F908F907F906F905F904F908B
:104D70003F902F900895E114F104C9F0AF92BF92D3
:104D80007F936F932F923F92FF92EF9286E591E18E
:104D90009F938F93CF93DF930E94EEEFEDB7FEB713
:104DA0003C960FB6F894FEBF0FBEEDBFCFCF012BE0
:104DB000B9F0AF92BF927F936F932F923F928AE4A4
:104DC00091E19F938F93CF93DF930E94EEEF8DB786
:104DD0009EB70A960FB6F8949EBF0FBE8DBFB6CF92
:104DE000892BA9F0AF92BF927F936F9382E491E1F8
:104DF0009F938F93CF93DF930E94EEEFEDB7FEB7B3
:104E000038960FB6F894FEBF0FBEEDBF9FCFAF929E
:104E1000BF928EE391E19F938F93CF93DF930E9494
:104E2000EEEF0F900F900F900F900F900F908ECF8E
:104E30008F929F92AF92BF92CF92DF92EF92FF92AA
:104E40000F931F93CF93DF9310925F0510925E052F
:104E50002FE3209363051092620510926105109272
:104E600060051092320610923306109234061092AA
:104E700035069C01F90190812F5F3F4F9032D1F3AD
:104E80009E34C9F4818190ED980F9A3020F08D32D4
:104E900011F08B3281F432969F012F5F3F4F80815A
:104EA00080538A3008F44CC09F012F5F3F4F8081B0
:104EB000803209F447C0F0936E09E0936D098F01C9
:104EC0000F5F1F4FC0816AE270E0C8010E9418FAAC
:104ED000009731F0FC01319780818032E1F311823B
:104EE000CD3421F0C43511F0C734E9F4D8018C91E8
:104EF0000F5F1F4F8032D1F380538A30A0F4C093EC
:104F0000630530E020E06AE0FD0131968C9180532A
:104F10002A3999E13907D0F0309362052093610571
:104F20008FE380936305DF91CF911F910F91FF90E5
:104F3000EF90DF90CF90BF90AF909F908F900895AB
:104F4000F901AACFF901B0CFDF01DECF293999E10C
:104F5000390711F4863000F7629FA001639F500D5E
:104F600011249A01280F311D808190ED980F9A30FD
:104F700058F330936205209361058E3261F41296E6
:104F800090E04AE0FD011196808150ED580F5A30B3
:104F9000C0F090936005DF0131968C918032D9F397
:104FA000CD34F9F42E31310539F088F4273131054B
:104FB00019F02C313105A9F4B0935F05A0935E057B
:104FC000B2CF949F800D112490ED980FDBCF253741
:104FD000310538F02737310578F3203AE3E03E0712
:104FE00059F3D0916D0940E050E0BA0110E000E0C3
:104FF000C12CD12C7601C394FD0131968C9188236C
:1050000009F47FC08132E1F4CD34D1F4203231058E
:10501000B9F440933206509333066093340670938C
:105020003506F0935F05E0935E0563E270E0CF0123
:105030000E9418FA009709F476CFFC01108273CF12
:1050400081548A3108F058C0DF019D91903291F06F
:10505000A0EDA90FAA30E8F09E3271F4918190532F
:105060009A30B8F00115110519F48F01015011099A
:1050700090E013C0FD01E8CF9D3211F09B3291F713
:105080009181A0EDA90FAA3020F09E3259F79281AC
:10509000E6CF9E2F9D1B309759F3A82FB0E0460115
:1050A000570104C0880C991CAA1CBB1C8A95D2F716
:1050B000482959296A297B29AC5BBA4F9C93808186
:1050C0008154DF018A3108F497CFDF018191882371
:1050D00009F492CF90ED980F9A30B8F393ED980FB2
:1050E000923098F38B3289F3CD010196EC91E03246
:1050F00009F082CFDC01F8CF0115110501F78D0110
:10510000DECF10935F0500935E0540933206509307
:105110003306609334067093350605CFCF93DF9343
:10512000EC018991882319F00E9416C4FACF8DE012
:105130000E9416C48AE0DF91CF910C9416C40C949F
:10514000FDC490915609992321F0682F80E00E94B8
:10515000009480E00895682F70E090E080E00C9467
:1051600065C51F93CF93DF931BEBCBEAD4E1FE0120
:10517000812F11928A95E9F70E9428D0882359F04F
:10518000FE0111921A95E9F78EE894E0DF91CF9134
:105190001F910C94F3DDDF91CF911F9108958091C1
:1051A000AB14882361F090916515891308C0809134
:1051B000730D84FF04C082EF94E10C94E0DB80E087
:1051C0000895FC01238121110C947B7D0895CF93D8
:1051D000DF93C091940DD091950D209729F16091A6
:1051E000900D7091910D8091920D9091930D0E9470
:1051F00056F86E5F7F4F26976C177D07ACF470935F
:10520000DF076093DE070E9408CF60547B428E4F19
:105210009F4F6093E0077093E1078093E2079093BC
:10522000E307DF91CF9108951092E0071092E10714
:105230001092E2071092E307F4CFCF93DF93EC01D3
:105240008991882319F00E9416C4FACFDF91CF917B
:105250000895682F70E090E080E00C94FDC4CF9337
:10526000C1E020E030E0A90160913D0770913E0768
:1052700080913F07909140070E9455F0811101C035
:10528000C0E08C2FCF910895CF93C82F882319F0B9
:10529000E6DF8823C9F0809185098C17A9F00E9468
:1052A0001A8488E19AE00E9417868091850991E02E
:1052B000892780938509882321F088E19AE00E945C
:1052C000F782CF910C941A92CF9108950E94479A39
:1052D000811102C00C94411C80E0D6DF0E94599AD3
:1052E00081E080931A0708954F925F926F927F92A8
:1052F0008F929F92AF92BF92CF92DF92EF92FF92E6
:105300000F931F93CF93DF93EC01209135073091DA
:1053100036074091370750913807688179818A8133
:105320009B810E9411F76B017C012091390730911C
:105330003A0740913B0750913C076C817D818E81FB
:105340009F810E9411F74B015C01A70196016091BA
:1053500022057091230580912405909125050E94D6
:1053600055F0882309F45AC0C0922205D092230533
:10537000E0922405F092250520911A0530911B0535
:1053800040911C0550911D05C701B6010E94BAF05D
:105390002B013C010E9487F86B017C0120E030E08A
:1053A000A9010E9455F087FD7AC020E030E040E876
:1053B00050E4C701B6010E9439F9181634F4C12C23
:1053C000D12CC0E8EC2EC0E4FC2EA7019601C3014D
:1053D000B2010E9411F72B013C0120E030E0A9014D
:1053E0000E9455F087FD5FC0409212055092130550
:1053F0006092140570921505C701B6010E9456F817
:1054000060931005062E000C770B6F5F7F4F6430A2
:10541000710514F064E070E060930E05D0910C0506
:1054200010911005A5019401609126057091270542
:1054300080912805909129050E9455F081113CC06A
:10544000D11394C02091F4043091F5044091F604F6
:105450005091F70460911205709113058091140525
:10546000909115050E94BAF02091F8043091F9044A
:105470004091FA045091FB040E9412F7DF91CF9102
:105480001F910F91FF90EF90DF90CF90BF90AF9062
:105490009F908F907F906F905F904F900895C12C58
:1054A000D12C760192CF1092120510921305109212
:1054B000140510921505A0CF80922605909227051D
:1054C000A0922805B092290520911E0530911F0554
:1054D0004091200550912105C501B4010E94BAF008
:1054E0004B015C010E9487F86B017C0120E030E0F9
:1054F000A9010E9455F087FDFDC020E030E040E8A2
:1055000050E4C701B6010E9439F9181634F4C12CD1
:10551000D12CB0E8EB2EB0E4FB2EA7019601C5011B
:10552000B4010E9411F74B015C0120E030E0A901B9
:105530000E9455F087FDE2C08092160590921705F3
:10554000A0921805B0921905C701B6010E9456F83D
:1055500060931105062E000C770B6F5F7F4F643050
:10556000710514F064E070E060930F05C0911105BF
:10557000D11305C080910D058C1709F470C080917E
:1055800010059091110590930D0580930C050C2E3C
:10559000000CDD0B25E01203C0011124FC01EC0F0F
:1055A000FD1FEE0FFF1FEE0FFF1FED5AF84F20817A
:1055B000318142815381209308053093090540933E
:1055C0000A0550930B0500910F05002E000C110BDE
:1055D000FC01E00FF11FEE0FFF1FEE0FFF1FED5A52
:1055E000F84F60817181828193810E9411F76093ED
:1055F0000405709305058093060590930705209197
:105600000E0535E02303F0011124CE0FDF1FCC0F70
:10561000DD1FCC0FDD1FCD5AD84F288139814A813B
:105620005B81209300053093010540930205509360
:105630000305E00FF11FEE0FFF1FEE0FFF1FED5AE6
:10564000F84F60817181828193810E9411F760938C
:10565000FC047093FD048093FE049093FF048090FB
:10566000160590901705A0901805B0901905209187
:105670000405309105054091060550910705C501C7
:10568000B4010E94BAF020910805309109054091BB
:105690000A0550910B050E9412F76B017C01C09224
:1056A000F804D092F904E092FA04F092FB042091FD
:1056B000FC043091FD044091FE045091FF04C501AB
:1056C000B4010E94BAF0209100053091010540918B
:1056D0000205509103050E9412F7A70196010E944E
:1056E00011F76093F4047093F5048093F60490939B
:1056F000F704A8CEC12CD12C76010FCF109216053D
:105700001092170510921805109219051DCFE2E2AC
:10571000F5E080EF9FEFA9E7B4EC84839583A6833F
:10572000B78380839183A283B383ECE0F5E08DE9B6
:105730008183808308958F929F92AF92BF92CF9280
:10574000DF92EF92FF92FC0198E0ADE3B7E00190A9
:105750000D929A95E1F788E0FB01A5E3B7E001908F
:105760000D928A95E1F7C0903D07D0903E07E090FA
:105770003F07F090400720E030E0A901C701B601E3
:105780000E9455F08823E1F1A701960160E070E0E6
:1057900080E89FE30E94EEF76B017C018090410757
:1057A00090904207A0904307B090440720E030E07B
:1057B000A901C501B4010E9455F0882329F1A50172
:1057C000940160E070E080E89FE30E94EEF7C092F1
:1057D0001A05D0921B05E0921C05F0921D056093FE
:1057E0001E0570931F058093200590932105FF905F
:1057F000EF90DF90CF90BF90AF909F908F900895E3
:10580000C12CD12C7601CACF60E070E0CB01DFCF94
:105810008F929F92AF92BF92EF92FF920F931F933E
:10582000CF93DF931092390710923A0710923B07FB
:1058300010923C07109235071092360710923707E6
:1058400010923807109241071092420710924307B6
:105850001092440710923D0710923E0710923F07A6
:105860001092400703E517E0C0E0812C912C80ECFA
:10587000A82E8FE7B82E7801D0E0F701819291929F
:10588000A192B1927F016D2F8C2F0E94E4A1DF5F66
:10589000D53099F7CF5F0C5E1F4FC53061F7DF91B0
:1058A000CF911F910F91FF90EF90BF90AF909F907D
:1058B0008F900895EFE6F0E0808182608083089504
:1058C0008091670990916809892B79F48091670923
:1058D00090916809892B49F42091670930916809F2
:1058E00081E0232B19F480E0089581E00895CF939F
:1058F000DF93EC01FE0184912196882319F00E9428
:105900007220F8CFDF91CF910895CF93DF93EB0111
:10591000EEDFCE01DF91CF9190CCCF92DF92EF926C
:10592000FF926A017B01E3DF42E0C701B601FF900D
:10593000EF90DF90CF900C9491C589E395E0D7CF9D
:1059400083E395E0D4CF8AE00C947220CF93DF9369
:1059500062E171E10E94D8C7C0910E0ED0910F0E86
:10596000488159816A817B8189E091E1D6DF4C8150
:105970005D816E817F8189E090E3CFDF40910A0EE7
:1059800050910B0E60910C0E70910D0E86E090E31D
:10599000C4DF86E091E1ABDF8FE29FE1A8DFDF911A
:1059A000CF91D1CF0F931F93CF938C01C62F80ED52
:1059B0009DE09DDFC8019BDF8AE30E9416C480E35F
:1059C0008C0F0E947220CF911F910F91BCCFCF936B
:1059D0008CEC9FE08CDFB7DFE0915A0282E6E89F13
:1059E000F0011124E354FD4FC08160E08CEB9FE097
:1059F000D9DF60E087EA9FE0D5DF61E080EA9FE0E1
:105A0000D1DF61E085E99FE0CDDF60E086E89FE0DF
:105A1000C9DF61E086E79FE0C5DF60E08DE69FE0DB
:105A2000C1DF61E083E69FE0BDDF61E089E59FE0E3
:105A3000B9DF61E082E59FE0B5DF61E08AE49FE0E5
:105A4000B1DF61E08CE39FE0ADDF60E08EE29FE0DC
:105A5000A9DF60E08FE19FE0A5DF60E081E19FE0EA
:105A6000A1DF60E08BEF9EE09DDF60E08AEE9EE0CC
:105A700099DF61E085ED9EE095DF61E086EC9EE0D8
:105A800091DF61E08FEB9EE08DDF60E082EB9EE0D6
:105A900089DF60E08BEA9EE085DF61E082EA9EE0DC
:105AA00081DF60E08DE89EE07DDF60E08FE79EE0D3
:105AB00079DF60E085E79EE075DF60E08EE59EE0DF
:105AC00071DF60E081E59EE06DDF61E08EE39EE0E6
:105AD00069DF60E081E39EE065DF61E08CE29EE0EB
:105AE00061DF61E08FE19EE05DDF60E083E19EE0E9
:105AF00059DF60E08FEF9DE055DF60E08CEE9DE0C8
:105B000051DFC7FD1AC060E080916715909168155C
:105B1000CC2339F0C13089F461E08091691590910E
:105B20006A150E94561A682F617083EE9DE03ADF75
:105B300060E085ED9DE0CF9135CF80E0F4CFCF924E
:105B4000DF92EF92FF926A017B01D1DEC701B601BD
:105B50000E9465C5FF90EF90DF90CF90F4CE0F9339
:105B60001F93CF93883038F5082F082E000C110BA7
:105B7000C091661591E001C0990F8A95EAF790935C
:105B800066150E9482C587E6809FF001819FF00D17
:105B90001124EC59FA4F40815181628173814F5F2A
:105BA0005F4F6F4F7F4F85E391E1C9DF81E391E163
:105BB0009EDEC0936615CF911F910F910895EF92CD
:105BC000FF920F931F93CF93DF937C01C62F062F75
:105BD000062E000C110B80E0683028F481E001C033
:105BE000880F6A95EAF7D091661580936615A5DE51
:105BF00087E6809FF001819FF00D1124EC59FA4F48
:105C00004081518162817381C70199DF8C2F0E948D
:105C1000D7190196D9F78C2FA2DF87E6809FF00174
:105C2000819FF00D1124EC59FA4F15821482D09304
:105C30006615DF91CF911F910F91FF90EF9008951E
:105C40000F931F93CF93811111C0C42F8B0178DE66
:105C500082E19CE04CDEC8014ADECC2339F08AE3C5
:105C60000E947220CF911F910F916DCECF911F9105
:105C70000F910895CF93C82F41E060EE79E0E0DF07
:105C8000C11101C05DDE4091460750914707609108
:105C900048077091490787ED99E03FDE40914A0738
:105CA00050914B0760914C0770914D0784ED99E03E
:105CB00034DE81ED99E01BDE8FE29FE118DECF91AB
:105CC00042CECF93C82F41E067EB78E0B9DFC11136
:105CD00001C036DE4091A80D5091A90D6091AA0D2A
:105CE0007091AB0D8EEA98E018DE21E732EB47E2C7
:105CF0005EE36091AC0D7091AD0D8091AE0D909111
:105D0000AF0D0E94EEF7AB01BC018BEA98E005DE17
:105D100021E732EB47E25EE36091B00D7091B10D87
:105D20008091B20D9091B30D0E94BAF0AB01BC010D
:105D300088EA98E0F2DDCF9106CECF92DF92EF9223
:105D4000FF926A017B01D3DD42E0C701B6010E94E8
:105D500091C5FF90EF90DF90CF90F5CDCF93DF937B
:105D600064EC7DE00E94D8C7C2E0D9E04881598147
:105D70006A817B818BEB9DE0D0DD4C815D816E8102
:105D80007F8189E090E3C9DD488559856A857B85F7
:105D900086E090E3DF91CF91D0CFCF93DF936FE296
:105DA00078E00E94D8C76091DD097091DE0980918A
:105DB000DF099091E0090E9459F0AB01BC0186E235
:105DC00098E0ABDD40910D0A50910E0A60910F0AE8
:105DD0007091100A83E298E0A0DD4091110A509181
:105DE000120A6091130A7091140A80E298E095DD1E
:105DF000CFE8D9E0488159816A817B818FE09CE0BE
:105E00008CDD4C815D816E817F8189E090E385DD51
:105E1000488559856A857B8586E090E37EDD4C85E3
:105E20005D856E857F8583E090E3DF91CF9185CF9F
:105E3000CF93DF9366ED77E00E94D8C7CDECD9E031
:105E40004CA95DA96EA97FA98DEC97E066DD48ADF0
:105E500059AD6AAD7BAD8AEC97E05FDD4CAD5DADD1
:105E60006EAD7FAD80E298E0DF91CF9166CFCF93AA
:105E7000DF9362EB77E00E94D8C7CDECD9E04CA16C
:105E80005DA16EA17FA189EA97E047DD48A559A5EC
:105E90006AA57BA589E090E340DD4CA55DA56EA5D4
:105EA0007FA586E090E339DD48A959A96AA97BA9B5
:105EB00083E090E332DDDF91CF9145CDCF93DF9347
:105EC0006DE877E00E94D8C7CDECD9E06881798190
:105ED0008A819B810E9459F0AB01BC0184E897E064
:105EE0001CDD6C817D818E819F810E9459F0AB0108
:105EF000BC0189E090E311DD688579858A859B8501
:105F00000E9459F0AB01BC0186E090E306DD6C8590
:105F10007D858E859F850E9459F0AB01BC0183E091
:105F200090E3FBDCDF91CF910ECDCF93811110C0B8
:105F300007DD82E19CE0DBDC82E797E0D8DC809142
:105F40005207811103C085E697E0D1DCFCDCF8DC68
:105F5000C09152078CE597E0CADC8C2FFCD84091A9
:105F60004E0750914F07609150077091510789E596
:105F700097E0CF91E2CECF93DF93EB01B8DCCE0177
:105F8000B6DCDF91CF91DFCCCF9362E07AE00E9464
:105F9000D8C7C0914507C05D89EF99E0A8DC8C2F78
:105FA0000E9416C4809145076DE57FE1882311F0BA
:105FB00061E67FE185EF99E0CF91DDCF0F931F93ED
:105FC000CF93DF938C01D62FC09166158FEF80930E
:105FD000661583E695E08BDCC80189DCD111B3DC62
:105FE000C0936615DF91CF911F910F9108950F9384
:105FF0001F93CF93DF938C01D62FC09166158FEF3F
:106000008093661560E089E895E0D8DFC8016FDC11
:10601000D11199DCC0936615DF91CF911F910F913B
:106020000895EF92FF921F93CF93DF937C0160E07E
:1060300080EA95E0DCDFC6E6D5E118818FEF888342
:1060400080E20E947220C70152DC7DDC1883DF9160
:10605000CF911F91FF90EF90089561E08BE995E05B
:10606000C6CF61E087E995E0C2CF0F931F93CF932E
:10607000DF93D82F8B01C42FF4DFD093690960E040
:1060800081E995E0B4DFD09166158FEF80936615B6
:1060900080E20E947220C8012ADCCC2319F08C2FE8
:1060A0000E94722050DCD0936615DF91CF911F9132
:1060B0000F91089540E0BC0182E0D7DF8AE99AE0C1
:1060C000B0DFCBCFEF92FF921F93CF93DF937C0192
:1060D000C6E6D5E118818FEF888360E08BE795E015
:1060E0006DDFC70104DC2FDC1883DF91CF911F9196
:1060F000FF90EF9008952F923F924F925F926F9290
:106100007F928F929F92AF92BF92CF92DF92EF9247
:10611000FF920F931F93CF93DF93CDB7DEB7C85491
:10612000D1090FB6F894DEBF0FBECDBF70E060E0BE
:1061300085E40E94D320811125C065E070E083E4EE
:106140000E94D3208C0103970CF047C087E194E1B3
:10615000C85BDF4F0FB6F894DEBF0FBECDBFDF9137
:10616000CF911F910F91FF90EF90DF90CF90BF9054
:10617000AF909F908F907F906F905F904F903F90E7
:106180002F90B5CB8FE494E1B2DB87E394E1AFDBF2
:1061900040E355E760E070E080E392E10E94689A96
:1061A00060E083E0C85BDF4F0FB6F894DEBF0FBE40
:1061B000CDBFDF91CF911F910F91FF90EF90DF90B6
:1061C000CF90BF90AF909F908F907F906F905F9097
:1061D0004F903F902F900C942BC483E50E94071B97
:1061E000882309F459C00E94D0209E838D8360E0EB
:1061F00085E50E94BE208FAF8AE094E10E947EC5B3
:106200000AA7033074F10E9408CF6F87788B898BBF
:106210009A8B40E355E760E070E08FE492E10E94E2
:10622000689A60E083E00E942BC44D805E8023E288
:10623000421621E05206ACF18DEF93E158DB8EED72
:1062400093E155DB40E355E760E070E089E092E1DF
:106250000E94689A60E083E00E942BC487EB93E180
:1062600031DFC85BDF4F0FB6F894DEBF0FBECDBF86
:10627000DF91CF911F910F91FF90EF90DF90CF9022
:10628000BF90AF909F908F907F906F905F904F9056
:106290003F902F900C9482C824EB30E03E832D83F6
:1062A000A6CF4D805E80B201550C880B990B0E94E1
:1062B0005BF06B8B7C8B8D8B9E8B2F85388949890E
:1062C0005A8920543B424E4F5F4F29AF3AAF4BAFF4
:1062D0005CAF8AEA93E10BDB82EA93E108DB0E9480
:1062E00033808FE78093960D87E993E10E947EC506
:1062F00081E080930E098F849888A988BA8888AA3B
:1063000099AAAAAABBAA1AA21BA21CA21DA21EA2DB
:106310001FA218A619A619861A861B861C86FFE7D7
:10632000CF2ED12CE12CF12C198230E43F8B4CE1A3
:10633000488F56E4598F1A8E1B8E1C8E1D8EAFE728
:106340004A2E512C612C712C4E8E5F8E68A279A240
:106350001CAA1DAA1EAA1FAA18AE1CA61DA61EA610
:106360001FA621E02BA71E861D86212C312C00E0C4
:1063700010E04AA4042C000C55085EAE4DAE8D8191
:106380009E814E962C01990F6608770824964CAE94
:106390005DAE6EAE7FAE24972D813E812E513109C8
:1063A0002901052C000C6608770828964CAE5DAED6
:1063B0006EAE7FAE289780910E09882391F10E94DE
:1063C00008CF6D837E838F8398875090C907299665
:1063D0005FAE2997511028C00E94F99E24966CAD9B
:1063E0007DAD8EAD9FAD24970E945BF09101A80119
:1063F0000E9455F087FF9DC08EE293E178DA8FE02E
:1064000093E175DA40E355E760E070E089E092E1FE
:106410000E94689A60E083E00E942BC487EB93E1BE
:1064200051DE0E943380A2C10E9416AE1092C907AD
:106430000E94F99E2090900D3090910D0091920D48
:106440001091930D2A8D3B8D4C8D5D8DB101C8014E
:106450000E9439F9181624F42A8E3B8E0C8F1D8F5A
:1064600029813F89488D598DB101C8010E9455F09D
:1064700087FF04C029823F8A088F198F6BA491017E
:10648000A8016B897C898D899E89662009F47DC16C
:106490000E9455F087FFA2CF4D815E816F81788584
:1064A000481959096A097B09483B2BE052076105E5
:1064B000710508F493CFD701C6014E8C5F8C68A09C
:1064C00079A084199509A609B709B595A795979557
:1064D00087958093960D4CA75DA76EA77FA75B88D5
:1064E0005A8E6C886B8E7D887C8E4E884D8E4D804A
:1064F0005E806F8078844F86588A698A7A8A1BA664
:106500006DCF5BEEC52ED12CE12CF12CA7C134E16F
:10651000432E512C612C712C44E1C42ED12CE12C42
:10652000F12CA8C126013701CE8CDF8CE8A0F9A0A0
:1065300060C288A999A9AAA9BBA94D805E806F8075
:10654000788484199509A609B709181619061A0638
:106550001B060CF446C080E00E9422A7F4D9A301D8
:1065600092012053384F4F4F5F4F28AB39AB4AABA6
:106570005BAB4CA8411080C02DA93EA94FA958ADD6
:10658000B101C8010E9439F918160CF05BC020E077
:1065900030E040E050E4B101C8010E9412F76DAB59
:1065A0007EAB8FAB98AF2D813E814F8158852054B3
:1065B0003B424E4F5F4F29AF3AAF4BAF5CAF20E04D
:1065C00030E040E051E46B897C898D899E890E948E
:1065D00011F79101A8010E9455F0881F8827881F94
:1065E0008CAB8F859889A989BA8988169906AA06DD
:1065F000BB0610F4D501C4014D805E806F807884A5
:10660000481A590A6A0A7B0AD301C20181389F4499
:10661000A241B10508F445C040E355E760E070E0F1
:106620008FEE91E10E94689A60E083E00E942BC4A3
:1066300085EF92E147DD88EE92E159D986ED92E14E
:1066400056D9EFCE89AD9AADABADBCAD4D805E8075
:106650006F80788484199509A609B70942E357E247
:1066600061E477E2181619061A061B060CF4B9CF76
:1066700080E00E94BDACB5CF28966CAD7DAD8EADEF
:106680009FAD28970E945BF09B01AC01B101C8014E
:106690000E9455F087FFA5CF4FE657E26FE777E2FC
:1066A000E7CF4DAC5EAC6D847E84461457040CF08D
:1066B00082CE89EC92E11BD988E792E118D988E66D
:1066C00092E100DD8EEC91E112D949855A856B8506
:1066D0007C8584E692E131DB8EEC91E108D94EA114
:1066E0005FA168A579A580E692E127DB8EEC91E1B8
:1066F000FED84AA15BA16CA17DA18CE592E11DDBD6
:106700007FAC772099F149845A846B847C844092D1
:10671000A80D5092A90D6092AA0D7092AB0D21E7C1
:1067200032EB47E25EE36EA17FA188A599A50E94A6
:10673000BAF06093AC0D7093AD0D8093AE0D909355
:10674000AF0D21E732EB47E25EE36AA17BA18CA1AA
:106750009DA10E94EEF76093B00D7093B10D8093F0
:10676000B20D9093B30D81E08093970D10920E09B6
:1067700040E355E760E070E08FED91E10E94689A98
:1067800060E083E00E942BC46CCD0E9439F918169A
:106790000CF024CE4D805E806F8078842F85388900
:1067A00049895A89421A530A640A750A38EB431612
:1067B0003BE053066104710408F410CE4D855E85FC
:1067C000452B09F4AFCE6CA57DA58EA59FA5640DC4
:1067D000751D861D971D0E945BF04B015C0120E03A
:1067E00030E0A9010E9455F0882311F16CA57DA528
:1067F0008EA59FA564197509860997090E945BF00B
:106800002B013C016E8D7F8D88A199A10E945BF0C8
:106810009B01AC01C301B2010E94BAF0A501940131
:106820000E94EEF70E9445F9C60ED71EE81EF91E1B
:1068300054E1C516D104E104F1040CF468CE8CEEE9
:10684000C816D104E104F1040CF05BCE2601370137
:1068500090E8C916D104E104F10464F0260137017F
:106860002EEF30E040E050E02C193D094E095F0961
:1068700069017A01B301A2018FE893E10E94DA80F5
:10688000B701A6018AE893E10E94DA8049815F8915
:10689000688D798D83E893E140D84A8D5B8D6C8D4E
:1068A0007D8D8CE793E139D84D855E854330510568
:1068B0000CF49FC029813F89488D598D6A8D7B8D4D
:1068C0008C8D9D8D0E9411F769837A838B839C83C5
:1068D0002FE632E143E85AE30E9439F918160CF02A
:1068E00088C0C701B6010E945BF020E030E040E8BC
:1068F00050E40E94BAF069877A878B879C872BEDDA
:106900003FE049E450E469817A818B819C810E9457
:10691000BAF020E030E040E05FE30E94BAF09B0173
:10692000AC0169857A858B859C850E94EEF7698329
:106930007A838B839C832FE632E143E85AE3C501D7
:10694000B4010E94BAF04B015C012AE939E949E13E
:106950005FE369817A818B819C810E94BAF06987AB
:106960007A878B879C879B01AC010E9412F7A50157
:1069700094010E94EEF76EA37FA388A799A72985AB
:106980003A854B855C85C501B4010E94BAF020E0D0
:1069900030E040E05EE30E94BAF06AA37BA38CA3E0
:1069A0009DA349815A816B817C8186E793E10E9496
:1069B0008D2CB501A40180E793E1BFD981E693E175
:1069C0000E94772C49855A856B857C858BE593E100
:1069D0000E948D2C4EA15FA168A579A585E593E164
:1069E0000E948D2C4AA15BA16CA17DA18FE493E153
:1069F000A4D9D701C601840D951DA61DB71DB59557
:106A0000A795979587958093960D5EAD5F938AA520
:106A10008F939E859F93AD85AF932BE333E13F9397
:106A20002F9386E493E19F938F931F920E9430CF20
:106A30002D853E852F5F3F4F3E872D870FB6F894FB
:106A4000DEBF0FBECDBF5B8959838C898F8B9D893B
:106A5000988FAE89A98FCE8EDF8EE8A2F9A273013E
:106A600062018D809E80AF80B88429964FAC2997B3
:106A70004BA6B4CCEF92FF921F93CF93DF937C0190
:106A8000C6E6D5E118818FEF888360E08DE695E05A
:106A900095DAC7010E948E281883DF91CF911F914C
:106AA000FF90EF900895AF92BF92CF92DF92EF9256
:106AB000FF920F931F93CF93DF93EC0180E495E057
:106AC0000E94772C209711F4C3E5D7E010E007E08F
:106AD000015021F080E20E947220FACF812F0E94A3
:106AE00029291F5F153099F70E94A32C10E080E23E
:106AF0000E947220812F0E9429295E0105E080E218
:106B00000E947220F501C080D180E280F380A7014D
:106B10009601C701B6010E94C1F9882351F180E2B4
:106B20000E9472208DE30E9472208DE30E947220E9
:106B30008DE30E9472208DE30E9472208DE30E94FB
:106B400072200150F4E1AF0EB11C0111D8CF0E94A8
:106B5000A32C1F5F2496153051F6DF91CF911F9122
:106B60000F91FF90EF90DF90CF90BF90AF900C947B
:106B7000A32C20E030E0A901C701B6010E9439F939
:106B800087FD03C08BE20E94722043E0C701B6017B
:106B90000E9491C5D6CF2F923F924F925F926F92F3
:106BA0007F928F929F92AF92BF92CF92DF92EF929D
:106BB000FF920F931F93CF93DF93CDB7DEB7699703
:106BC0000FB6F894DEBF0FBECDBF83E50E94B91AA1
:106BD000898330908509882319F00E94AF20382ED0
:106BE0008091180A9091190AA0911A0AB0911B0A73
:106BF0008C8B9D8BAE8BBF8B80911C0A90911D0A54
:106C0000A0911E0AB0911F0A888B998BAA8BBB8B0F
:106C10008091200A9091210AA091220AB091230A22
:106C20008C879D87AE87BF879981992329F0311082
:106C300003C080E00E94442980913206909133067F
:106C4000A0913406B091350625E1B695A7959795A4
:106C500087952A95D1F74C015D01E1E08E229924B8
:106C6000AA24BB240E942F29882309F4C6C083E4E8
:106C70000E94B91A882309F4A8C00E94E0202B01C1
:106C80003C0183E597E09B838A839D838C83B5E0F9
:106C9000B983188E10E008ECE2ECE9871E82212C03
:106CA000F8ECFF8322E428878C819D819B878A876B
:106CB00095E0998FAA85BB85CD90DD90ED90FD90F4
:106CC000BB87AA872E81322D4F815885C701B60117
:106CD0000E9455F087FF04C0CE822D2CEF82F886EB
:106CE000288D312F402F5985C701B6010E9439F9EF
:106CF000181624F4C88E1D2D0E2DF986B98DB150AD
:106D0000B98FB111D7CFE981E150E9838C819D81A1
:106D100044969D838C83E111C7CF288D312F402F5E
:106D200059856E81722D8F8198850E9412F720E01F
:106D300030E040E05FE30E94BAF0A30192010E94BC
:106D400012F72B013C012DEB37E346E855EB0E948F
:106D500039F987FD0AC02DEB37E346E855E3C30157
:106D6000B2010E9455F0181684F580E00E94442973
:106D700010E0AA81BB81BD83AC8300E0EC81FD8182
:106D80006191719181919191FD83EC837F01F4E098
:106D9000EF1AF108A30192010E9411F7D7016D9338
:106DA0007D938D939C931397602F812F0E94E4A174
:106DB0000F5F053019F71F5FEA81FB817496FB8333
:106DC000EA831530B1F60E94872B89288A288B2800
:106DD00039F00E942F29882319F090E080E063DECB
:106DE0008AE50E94B91A882321F00E94E0200E94BF
:106DF0000FC8832D0E9444290CC0311004C089287B
:106E00008A288B2869F30E94A02C8EE696E00E94C7
:106E1000772C332051F080918509811106C00E94A2
:106E20009D2C8FE496E00E94772C0E94A02C8091EC
:106E300085096DE57FE1882311F061E67FE181E45A
:106E400096E099D80E94A02C84E396E00E94772CCB
:106E5000C0908609D0908709E0908809F090890950
:106E600020E030E0A901C701B6010E9439F91816E7
:106E70000CF055C042E0C701B6010E9491C58DE0FB
:106E80000E9416C48AE00E9416C42C893D894E894E
:106E90005F896091180A7091190A80911A0A90917D
:106EA0001B0A0E9455F0811120C0288939894A891E
:106EB0005B8960911C0A70911D0A80911E0A909155
:106EC0001F0A0E9455F0811110C02091200A3091B4
:106ED000210A4091220A5091230A6C857D858E8576
:106EE0009F850E9455F08823F9F069960FB6F894B3
:106EF000DEBF0FBECDBFDF91CF911F910F91FF90ED
:106F0000EF90DF90CF90BF90AF909F908F907F9049
:106F10006F905F904F903F902F900C9475928FE2FE
:106F200096E00E94772CB1CF69960FB6F894DEBF39
:106F30000FBECDBFDF91CF911F910F91FF90EF90CA
:106F4000DF90CF90BF90AF909F908F907F906F9089
:106F50005F904F903F902F900895BC0190E080E0AB
:106F60000C94FDC40F931F93CF9384E50E94071BDD
:106F7000C0E08823F1F00E949420C82F1816CCF4AA
:106F80000E94A02C00916105109162058DE40E9481
:106F900016C4C801E2DF86E19AE00E94772C6C2FCC
:106FA000CC0F770B880B990B0E9465C50E94A32C10
:106FB000CFEF8C2FCF911F910F910895BC01990FA6
:106FC000880B990B0C9465C510923C0585E0809365
:106FD000F3040895CF93DF93EB010E94772CCE0149
:106FE000DF91CF91EBCFCF93DF936AE971E10E94FC
:106FF000D8C7C5EDD7E06881798181E991E1EADF01
:107000006A817B818EE891E1E5DF4C815D816E8153
:107010007F818BE891E1DF91CF910C949D2EFF92BF
:107020000F931F93CF93DF93811113C040913206CA
:10703000509133066091340670913506452B462BEE
:10704000472B39F481E0DF91CF911F910F91FF9091
:10705000CACF9091CC0993FD8EC0C82F83DF082F33
:1070600087FD89C083E50E94071BD82F882331F153
:107070000E94D0200E94849861E08C2F0E94C096CC
:107080006091940D7091950D072E000C880B990B53
:107090000E945BF02091900D3091910D4091920DE6
:1070A0005091930D0E9439F918160CF44EC08AE7DE
:1070B00091E1DD2309F44BC01D2F03C0C1113FC076
:1070C00010E083E50E94071B882331F00E94D02046
:1070D0009093D6078093D50782E40E94071B8823EC
:1070E00031F00E94D0209093D8078093D70786E490
:1070F0000E94B91A8823D9F10E94E0206093D90731
:107100007093DA078093DB079093DC07FF24F394F6
:1071100020E030E0A9010E9455F0811101C0F12C5E
:10712000F092DD07CC2339F1112329F16D2F802F47
:10713000DF91CF911F910F91FF900C94EDA782E505
:107140000E94071B811194CFBBCF87E993E19F93E6
:107150008F9385E891E19F938F931F920E9430CF88
:107160000F900F900F900F900F9011E0AACF60E05A
:1071700070E0CB01C3CFDF91CF911F910F91FF90B2
:1071800008958C01EB01F42E0E9433800115110546
:1071900009F46FC00E94A02CC8010E94772C0E94A5
:1071A000A32C209711F4C9EBDEE28091F20480FD5C
:1071B00033C081608093F204C8010E94D99920975E
:1071C00051F0EE24E39401E021E040E2BE0180E2D0
:1071D00091E10E941D2489EB9EE2009751F0EE247C
:1071E000E39401E021E040E2BC0180E491E10E94EF
:1071F0001D24EE24E39401E021E040E264EF74E01A
:1072000080E691E10E941D2468EC83E00E942BC47B
:1072100061E08AEF0E94EA990E949D2C83E195E04B
:107220000E94772C61E081E095E00E94DE2F89EEDC
:1072300093E0019739F000C00000EEE5F9E03197E6
:10724000F0F7F7CFF89489EE93E0019739F000C09A
:107250000000E6EEF3E03197F0F7F7CF0E943380BD
:10726000FF2021F00E94E981A895FECF0E94AE8107
:10727000FBCF209711F4C9EBDEE20AE015E095CFD1
:10728000CF92DF92EF92FF926B017C0183E3C816ED
:10729000D104E104F10470F082E3C81AD108E108D6
:1072A000F10862E370E080E090E00E946ECE0E9400
:1072B000A3AEECCFC701B6010E946ECEFF90EF9057
:1072C000DF90CF900C94A3AE9091730D94FB882720
:1072D00080F994FF06C081E09091CD16911101C014
:1072E00080E00895F1DF882339F08091730D82FBEF
:1072F000882780F991E089270895CF93FB01C18108
:10730000C13031F40E941399811104C0C0931A074F
:10731000CF9108950E94479A811103C0CF910C9498
:10732000411C0E9482C8DEDF882331F084ED98E1A1
:107330009093100980930F0961E08DEC98E10E9411
:10734000DE2FCF910C945E9680919108811105C03B
:1073500080917C09823009F0C5CF81E00895F4DF87
:1073600081110DC01092C8091092C9091092CA0962
:107370001092CB091092C6098FEF0E9412220C9432
:107380005E969091730D92FB882780F992FF05C05D
:1073900097FB882780F991E0892708958091450718
:1073A000811102C00C94B128ECDF882339F040E051
:1073B00060E070E080E090E40C94B62208952F9293
:1073C0003F924F925F926F927F928F929F92AF9275
:1073D000BF92CF92DF92EF92FF920F931F93CF93C2
:1073E000DF93CDB7DEB767970FB6F894DEBF0FBE59
:1073F000CDBF782E8091590257E6E52E662463941E
:10740000843008F4B6C50E9408CF6B017C0171106E
:1074100005C080919108882309F433C2C0926309A2
:10742000D0926409E0926509F092660981E040918A
:107430003E0550913F056091400570914105411511
:1074400051056105710509F41EC20091630910918F
:107450006409209165093091660946015701801A37
:10746000910AA20AB30A9501840104171507260799
:10747000370708F408C20E949D2C00916D091091F5
:107480006E098BE294E00E94772CB80180E094E0D2
:107490000E94852C0E94A32C40E070E060E090E008
:1074A00080E02DC18091280A9091290A6FC5AF2CE8
:1074B000B12C8A3019F08D3009F022C1EA9CF0011C
:1074C000EB9CF00D1124EC59FA4FDF01AA59BF4F84
:1074D0001C9284819581DF01A80FB91F16961C921A
:1074E000892B19F40E94A3AE6FC5FE9CC001112424
:1074F0009C0126593A4F6901158214828901F801CD
:107500008191803209F452C08E3409F0C8C001154F
:10751000110509F4C4C064ED73E0C8010E9484EF52
:107520004C01892B41F06EE470E0C80104960E9482
:1075300018FA009709F4C8014AE050E070E060E0F2
:1075400001960E94F4EC1B012C01EA9CF001EB9CDB
:10755000F00D1124EC59FA4F80819181A281B38101
:10756000AC01BD014F5F5F4F6F4F7F4F2416350653
:1075700046065706E9F08928D9F4AC01BD0141500F
:10758000510961097109241635064606570634F07B
:1075900082159305A405B5050CF016C56F2D81EA7B
:1075A00093E00E94DF2DF12C20E0E6C48F01A7CFED
:1075B0006AE270E0C8010E9438FA9C01009709F164
:1075C000982F901B912C992339F09150F801E90FD5
:1075D000F11D80819826F7CF4AE050E070E060E02E
:1075E000C90101960E94F4EC292D30E050E040E002
:1075F000621773078407950741F06F2D82E893E0C7
:10760000D0CF6F2D88E593E0CCCFEA9CF001EB9CC6
:10761000F00D1124EC59FA4F2082318242825382BC
:1076200080915109813039F567E470E0C8010E940A
:1076300018FA009701F14AE050E070E060E001962E
:107640000E94F4EC6430710581059105A0F4B090BE
:107650006615862D0F2C01C0880F0A94EAF78093D7
:10766000661587EB92E00E94772C8DEA92E00E94EB
:107670007EC5B0926615F80180818D3479F58381DD
:10768000823391F1883301F1803341F58181843374
:1076900029F58281813311F50E9458921FC0809193
:1076A000730D80FFBDCF6CE37EE2C8010E9484EFC2
:1076B000009731F0FC01838180538A3008F0B0CF0D
:1076C0006F2D8EE293E06DCF8281803339F481811A
:1076D000813321F410920E09109218074F2D60E0AB
:1076E000C6010E946DC470C482818133B9F7818163
:1076F0008133A1F741E070E060E085E99BE041DD86
:10770000FE9CB00111249B0128593A4FAB01465908
:107710005A4F66537A4F0E94021A56C440915B0238
:10772000242F30E00A3061F00D3051F0882309F445
:107730009AC089819A81009719F001969A8389836A
:107740001092E30489819A81F29EF001F39EF00D7C
:107750001124E75AFD4FDF01A80FB91F13961C92A1
:10776000892B61F50E94A3AE0E943A1A882309F47E
:1077700045C48AEC96E10E947B7D80916A0D882346
:1077800009F467C0815080936A0D8D9DC00111245A
:1077900062E08A56974F0E9476DCE0916A0D24E001
:1077A000E29FF0011124EE56F74F608171818281D2
:1077B00093810E94E01F0E94D6D020C41A821982B1
:1077C00083818D3479F48481823361F485818533BA
:1077D00049F4868180538A3028F08091730D8B7F25
:1077E0008093730DF29EF001F39EF00D1124E4548A
:1077F000FD4FC0824F9DF0011124E354FD4F608284
:10780000220F331F220F331FF901E95BF44F8091E0
:10781000570B9091580BA091590BB0915A0B808344
:107820009183A283B3834F5F443080F440935B0223
:10783000809159028F5F809359028092570B9092EA
:10784000580BA092590BB0925A0B8ECF10925B023C
:10785000EFCF0E94C6D08091730D88608093730D26
:10786000E0925109CBC34F9DA0011124445A5D4FB2
:107870009E012F5F3F4F63EE74E0802F0E94021A3B
:10788000BDC380E0D4CD2091120E9091130E291724
:1078900041F0C0926309D0926409E0926509F092C8
:1078A00066094091020250910302609104027091B6
:1078B0000502452B462B472B29F0291709F4A6C0B2
:1078C0001092EC048091E8049091E904A091EA04FC
:1078D000B091EB048C199D09AE09BF091816190661
:1078E0001A061B060CF450C12091120E8091130E43
:1078F00090916814281709F4BAC0E091130E23E69A
:10790000E29FF0011124EE57F14F8081891741F079
:10791000809368140E9408CF809167148093651447
:107920008091DD07882309F422C1A090D507B0908B
:10793000D607C50102972091940D3091950D281717
:1079400039070CF414C19090130E612C712C812C0A
:107950001F8A8091120E891509F48CC0892D90E040
:1079600033E6389FF001399FF00D1124EC5CF14FA4
:10797000458D568D678D70A1452B462B472B81F485
:1079800041A152A163A174A1452B462B472B41F481
:1079900045A156A167A170A5452B462B472B89F120
:1079A000E3E6E89F8001E99F100D11240C5C114F64
:1079B000F80161A572A583A594A50E9459F01B0149
:1079C0002C01F80165A576A587A590A90E9459F01C
:1079D0009B01AC01C201B1010E94EEF7F8012181C7
:1079E0003281438154810E94BAF02B018C019301B2
:1079F000482D5F890E9439F918161CF43201802E37
:107A00001F8B892D0E94AB88982EA3CF811158CF50
:107A10000E9408CF009163091091640920916509C3
:107A200030916609601B710B820B930B009102026F
:107A30001091030220910402309105026017710732
:107A40008207930708F43CCF8091EC0481113ACF70
:107A500081E08093EC0480E00E94BD8181E00E947F
:107A6000BD8182E00E94BD810E94AE812BCF8091BA
:107A700067144CCFB301882D9F890E9456F8072EBA
:107A8000000C880B990B0E945BF02091D907309174
:107A9000DA074091DB075091DC070E94BAF02B0116
:107AA0003C01B501BB0C880B990B0E945BF09B015C
:107AB000AC01C301B2010E9412F73B014C0160917D
:107AC000D7077091D807072E000C880B990B0E94DE
:107AD0005BF05B018C019B01AC01B301C4010E940E
:107AE00039F9181614F0530184014090E4045090C1
:107AF000E5046090E6047090E7049501A801C301D5
:107B0000B2010E9439F91816D4F420E037ED43EAA7
:107B10005CE3B501C8010E94BAF04B015C0128E4A6
:107B200031EE4AE75FE3C301B2010E94BAF09B0164
:107B3000AC01C501B4010E9412F75B018C01C501C3
:107B4000D8018093E4049093E504A093E604B093F5
:107B5000E704B501C8010E9456F86232F1E07F07E0
:107B600014F062E271E07093950D6093940D24E639
:107B7000C20ED11CE11CF11CC092E804D092E904B1
:107B8000E092EA04F092EB040E94A3AE80915109C6
:107B9000882309F4C1C180912002882309F476C0AA
:107BA00080913C05811172C010919108111108C09B
:107BB00080917C09813021F0E4DB882309F4C0C086
:107BC0008091F30487FD03C081508093F30480917A
:107BD000000185FF03C085E08093F3048091F304E6
:107BE00087FF54C001E000933C0585E08093F304D7
:107BF00011114AC01F921F9286EA94E09F938F93BF
:107C00001F9285E18F93CE0101967C019F938F9304
:107C10000E94B2EFC7010E9414CF60E083E00E948F
:107C20002BC440E363EE74E081E00E9435300E9493
:107C30002D301091420560E010270FB6F894DEBF9A
:107C40000FBECDBF82EC98E061F481ED94E00E941C
:107C5000DE2F80E30E9472200E94A32C60E080E768
:107C60009BE00E94DE2F8FEB94E00E94772C80E354
:107C70000E9472200E94A32C112331F08AEB94E021
:107C80009093100980930F090E941A847ADB88234D
:107C900009F456C080914507882309F44FC08091AC
:107CA000060181FD4BC08091F1048F5F8093F10448
:107CB000833008F445C08090200A9090210AA0905B
:107CC000220AB090230A20E030E040E050E4C501F1
:107CD000B4010E9412F76B017C0120E030E847EC10
:107CE00053E40E9455F087FD07C0C12C80E8D82ED0
:107CF00087ECE82E83E4F82EA5019401C701B601B4
:107D00000E9411F76B017C0120E030E0A9010E9484
:107D100055F087FF03C0C12CD12C760132DB8823BC
:107D200029F040E0C701B6010E94B6220E943380CC
:107D300040E070E060E089E994E0E1CC1092F10469
:107D4000809109018095817010910002181709F443
:107D500067C0012F1F3F09F400E0809300028823D1
:107D6000F1F064EF71E080E090E08ADA0E9469D976
:107D70008091730D84FD15C0101314C040E355E7C6
:107D800060E070E08FE794E00E94689A80911907A4
:107D9000823019F481E080935209012F10C000E075
:107DA000EBCF01E017FD09C080911907101774F59A
:107DB000813019F482E0809352090E94D425002377
:107DC00079F117FF2DC08091730D84FF19C00E94B7
:107DD00028D0882379F081E00E94CEDD4BEB50E083
:107DE0006BEA74E18BE695E10E9474D78BE695E12E
:107DF0000E947B7D0E94CF2881110CC00E94B12877
:107E000081E08093690D0E9416DC0AC08230A9F6D9
:107E100081E0D1CF82E994E09093100980930F091B
:107E20000E9408CF6B017C0110910102112321F106
:107E300080914305882301F14091ED045091EE04B7
:107E40006091EF047091F0044C195D096E097F098F
:107E500014161506160617060CF1009166159FEF0D
:107E600090936615833009F47FC00CF06EC08130AA
:107E70000CF073C000936615212F30E0A8EEB3E03C
:107E80000E94C7F6C60ED71EE81EF91EC092ED046A
:107E9000D092EE04E092EF04F092F0040E94F99E7A
:107EA0008091780D8823C1F10E9408CF6B017C017D
:107EB0008091740D9091750DA091760DB091770D14
:107EC0008C199D09AE09BF09181619061A061B065A
:107ED0001CF12091780D30E0A8EEB3E00E94C7F6C7
:107EE000C60ED71EE81EF91EC092740DD092750DF5
:107EF000E092760DF092770D109166158091790DD4
:107F00008093661580910E09811104C00E9422A7FA
:107F10000E94A32C1093661567960FB6F894DEBFE7
:107F20000FBECDBFDF91CF911F910F91FF90EF90CA
:107F3000DF90CF90BF90AF909F908F907F906F9089
:107F40005F904F903F902F900895843009F092CF2A
:107F50000E94A02C8EE394E004C00E94A02C8DE629
:107F600094E00E94772C86CF0E94A02C86E594E0B6
:107F7000F8CF20E080E0F82E80915902843050F54F
:107F8000F11090CA8091AA0A9091AB0A891B8F7751
:107F900090E0892BD1F08F2D0E94D71997FF87CAC7
:107FA00010916615862D0F2C01C0880F0A94EAF7F0
:107FB000809366150E949D2C89ED93E00E94772C9A
:107FC0000E9482C51093661521E081E0F812D3CF9C
:107FD0002111CFCFD6D9882309F415CA8091730D0A
:107FE00083FD11CA1A82198222E6F22E34E0E32EB2
:107FF00049E6D42ECC24C39466246A948091590215
:10800000843008F000CA0E943A1A8111FCC91E8A05
:1080100041E050E0BE016A5E7F4F8AEC96E10E942B
:1080200074D70E8910E0019711F00FEF1FEF8090C9
:10803000D2169090D316A090D416B090D5168092F8
:108040006F0D9092700DA092710DB092720D0E9402
:108050003A1A0F3F100709F061CB81115FCB0E94E4
:108060009D2C81EF93E00E94772CC8CF2F923F92F6
:108070004F925F926F927F928F929F92AF92BF9238
:10808000CF92DF92EF92FF920F931F93CF93DF93E4
:10809000CDB7DEB7AA970FB6F894DEBF0FBECDBF3F
:1080A0009091CC0993FD67C1182F83E50E94071BAF
:1080B00089A3882309F458C10E94D02083379105F1
:1080C0000CF072C19093D3078093D2070E940326CD
:1080D0006091D2077091D307072E000C880B990B83
:1080E0000E945BF02091CE073091CF074091D007DE
:1080F0005091D1070E9439F918160CF058C18FEB36
:1081000091E10E947EC501E0612F6027812F0E94CE
:10811000C096112309F42FC100930E091B8E1C8EEB
:108120001D8E1E8E1AA21BA21CA21DA21FA22CE332
:1081300028A73CE139A786E48AA71E8A1F8A90E80F
:10814000988FAFEBA98F1A8EB1E0BEA3812C912C32
:108150005401FE0131961F016091D2077091D3073F
:10816000072E000C880B990B0E945BF07B018C01A1
:108170002E893F89488D598D0E9455F08823B9F08A
:108180002091CE073091CF074091D0075091D10771
:10819000F9A1B701C801F1110DC10E9455F0881F66
:1081A0008827881F8A8FEE8AFF8A088F198F0E947E
:1081B00008CF6B017C018AA19BA1ACA1BDA18C1948
:1081C0009D09AE09BF09181619061A061B06ACF15F
:1081D000D701C60188519C4FAF4FBF4F8AA39BA3C5
:1081E000ACA3BDA380E00E9422A745E150E06CEA69
:1081F00071E1C1010E944FEF1D8A81149104A10415
:10820000B10409F4EAC0C501B401605F784D8F4F35
:108210009F4F6C197D098E099F0928EE33E040E0DD
:1082200050E00E947FF6BA01A901C1010E94D77EE9
:10823000C1010E941D290E94A32C80E0C0D80E9489
:1082400008CF6093630970936409809365099093E4
:108250006609B091CE07BF8FE091CF07E8A30091E8
:10826000D0071091D1072B2F3E2FA8016E897F894F
:10827000888D998D0E9411F72B013C0120E030E0A0
:10828000A9010E9439F987FF04C077FA709477F842
:10829000709481149104A104B10409F0BCC020E0E1
:1082A00030E040E85FE3C301B2010E9455F087FF70
:1082B00010C0FEA1812C912C5401FF2331F085E0E8
:1082C000882E8DE0982EA12CB12C8C0C9D1CAE1C00
:1082D000BF1C2A8D222391F18B8D9C8DAD8DBE8D7F
:1082E0000097A105B10549F08C199D09AE09BF0998
:1082F000181619061A061B060CF12F8D38A1A801B5
:108300006FA178A589A59AA50E9411F720E030E019
:1083100040E85FE30E9455F087FD50C0D701C601D9
:10832000805A9541AF4FBF4F8B8F9C8FAD8FBE8FC3
:108330009F8D9FA3A8A1A8A709A71AA780910E099E
:108340008823E1F181149104A104B10459F0C81803
:10835000D908EA08FB08B0E1CB16B7E2DB06E10476
:10836000F10460F51EA2F8CE112329F082E50E94E7
:10837000071B8111A1CEAA960FB6F894DEBF0FBEDF
:10838000CDBFDF91CF911F910F91FF90EF90DF90C4
:10839000CF90BF90AF909F908F907F906F905F90A5
:1083A0004F903F902F90089583E790E08BCE80EB25
:1083B00091E1A7CE0E9455F087FF09C080910E0978
:1083C0008823C9F210920E090E9482C8D4CFEE8A87
:1083D000FF8A088F198F1A8EEACED1010D900020E6
:1083E000E9F7CD010197821993098431910508F0CD
:1083F0001FCFF101E80FF91FBFE3B083833191056F
:1084000009F416CFE2E0F0E0EC0FFD1F8E0F9F1F86
:10841000DC011C920DCF20E030E040E450E4C301C9
:10842000B2010E9439F918160CF053CF46015701DA
:1084300050CFCF93DF93EC0188818823E1F08A301D
:10844000D1F08D30C1F04FEF61E0CE010E946DC4DC
:10845000882369F00E94A02CBE0184E291E10E9471
:10846000852C81E291E1DF91CF910C94772C80E013
:108470000E94DF39E1CFDF91CF91089580916E06A0
:10848000882371F00E94479A811102C00C94411C0C
:1084900061E18CE299E10E94AECD8EE696E0C9CF13
:1084A00008955F926F927F928F929F92AF92BF9248
:1084B000CF92DF92EF92FF920F931F93CF93DF93B0
:1084C000CDB7DEB77C016DB67EB610E000E08DB6AC
:1084D0009EB6F701E00FF11F549068018FEFC81AA4
:1084E000D80A552019F09AE059121FC08DB79EB7CF
:1084F0008C199D090FB6F8949EBF0FBE8DBF0196D3
:108500005C01A801B7010E9429EFF501E00FF11FFE
:108510001082C5018EDF552051F0EC0CFD1C0FB60A
:10852000F8949EBE0FBE8DBED2CF8601D2CF0FB6BD
:10853000F8947EBE0FBE6DBEDF91CF911F910F915B
:10854000FF90EF90DF90CF90BF90AF909F908F9073
:108550007F906F905F900895FB0181818130E9F4F5
:108560000E94479A811108C040E355E760E070E03F
:1085700086EB99E10C94689A0E94CF28811107C07C
:1085800040E355E760E070E08AE999E1F3CF83E0EA
:108590008093520980EB99E184CF0895CF93FB013A
:1085A000C181C13069F40E94479A811103C0CF9103
:1085B0000C94411CC093520983E999E1CF9171CF8A
:1085C000CF9108950F931F93CF93DF93CDB7DEB76D
:1085D00068970FB6F894DEBF0FBECDBF0E94479AD2
:1085E000811109C040E355E760E070E086EB99E156
:1085F0000E94689A06C0809192068F3F69F0882396
:1086000091F068960FB6F894DEBF0FBECDBFDF9134
:10861000CF911F910F91089540E355E760E070E01E
:1086200082E899E1E5CF80910D028F9380910C0251
:108630008F931F921F92809108028B3008F18AE07D
:108640001F928F9382E799E19F938F931F9288E106
:108650008F938E010F5F1F4F1F930F930E94B2EFF6
:1086600063E180E699E10E94AECDC801E2DE8BE5D0
:1086700099E117DF0FB6F894DEBF0FBECDBFC1CFB3
:108680008330F0F683E0DCCFFB018181882319F091
:10869000813051F008950E94479A811102C00C94D4
:1086A000491C8BE499E1FDCE86E18093520908953F
:1086B000FB018181813061F40E94479A811102C0DF
:1086C0000C94411C86E499E1ECDE81E499E1E9CE69
:1086D0000895CF93DF93EB010E94479A811104C064
:1086E000DF91CF910C94491CC9816091190782E2F6
:1086F00099E10E94AECDC13059F028F0C23059F056
:10870000DF91CF9108958BE199E1DF91CF91C9CEAF
:1087100085E199E1FACF80E199E1F7CF80915509A0
:108720008770873041F040E355E760E070E08CEE01
:1087300098E10C94689A0E94479A811102C00C94A7
:10874000411C8EE08093520988EE98E1AADE83EE08
:1087500098E1A7CE2F923F924F925F926F927F92B5
:108760008F929F92AF92BF92CF92DF92EF92FF9241
:108770000F931F93CF93DF93CDB7DEB7C557D109C2
:108780000FB6F894DEBF0FBECDBF90915109933064
:1087900008F41DC1182F0E94232182E50E94071BA7
:1087A000882309F43CC10E94E0202B013C0120E019
:1087B00030E0A9010E9455F0882309F402C180909D
:1087C000180A9090190AA0901A0AB0901B0A2091DA
:1087D0001C0A30911D0A40911E0A50911F0A2D8FCC
:1087E0003E8F4F8F58A3C0902007D0902107E09074
:1087F0002207F09023078091240790912507A091EC
:108800002607B091270789A39AA3ABA3BCA3A7010E
:108810009601C501B4010E9455F081110DC029A136
:108820003AA14BA15CA16D8D7E8D8F8D98A10E9488
:1088300055F0882309F4C5C0A5019401C701B6010C
:108840000E9411F720E030E040E05FE30E94BAF0C0
:108850006B017C012D8D3E8D4F8D58A169A17AA1B0
:108860008BA19CA10E9411F720E030E040E05FE383
:108870000E94BAF06D8F7E8F8F8F98A320E030E03A
:10888000A901C301B2010E9455F0881F8827881FE3
:10889000181709F4B6C020E030E040E85FEB29A3E8
:1088A0003AA34BA35CA3A7019601C701B6010E949E
:1088B000BAF04B015C012D8D3E8D4F8D58A1CA0140
:1088C000B9010E94BAF09B01AC01C501B4010E943C
:1088D00012F70E947FF94B015C01AC019B01C301BF
:1088E000B2010E9411F769A77AA78BA79CA7A501DF
:1088F0009401C301B2010E9412F79B01AC0169A56A
:108900007AA58BA59CA50E94BAF02B013C0120E022
:1089100030E0A9010E9439F987FD7CC0C301B20192
:108920000E947FF969A77AA78BA79CA76D8D7E8D82
:108930008F8D98A19058A50194010E94EEF729A16E
:108940003AA14BA15CA10E94BAF029A53AA54BA57A
:108950005CA50E94BAF0A70196010E9412F72B01B4
:108960003C01A5019401C701B6010E94EEF729A1BF
:108970003AA14BA15CA10E94BAF029A53AA54BA54A
:108980005CA50E94BAF02D8D3E8D4F8D58A10E949E
:1089900012F76D8F7E8F8F8F98A320E030E0A901B2
:1089A000C301B2010E9455F08111F0C420E030E013
:1089B000A9016D8D7E8D8F8D98A10E9455F081113A
:1089C000E5C40E949D2C8BEC90E10E94772CCB5843
:1089D000DF4F0FB6F894DEBF0FBECDBFDF91CF9152
:1089E0001F910F91FF90EF90DF90CF90BF90AF90CD
:1089F0009F908F907F906F905F904F903F902F90BF
:108A0000089580E090E0A0E8BFE389A39AA3ABA318
:108A1000BCA349CF19A61AA61BA61CA687CF89E41A
:108A20000E94071B412C512C3201882321F00E9407
:108A3000E0202B013C018AE40E94071B882309F4F3
:108A400097C40E94E020A5CF2DA13EA14FA158A51B
:108A500069A17AA18BA19CA10E94BAF06B017C0153
:108A60002DA53EA54FA558A969A57AA58BA59CA5BE
:108A70000E94BAF09B01AC01C701B6010E9412F737
:108A80006B017C012DA53EA54FA558A969A17AA12E
:108A90008BA19CA10E94BAF04B015C012DA13EA1CB
:108AA0004FA158A569A57AA58BA59CA50E94BAF0EF
:108AB0009B01AC01C501B4010E9411F7A701960109
:108AC0000E9485F76B017C0120E030E0A9010E9443
:108AD00055F0882309F4B7C020E030E0A901C701B0
:108AE000B6010E9455F087FFB9C082E090E0812B6B
:108AF0008130910509F4B5C0029709F4BDC020E0AA
:108B000030E0A901C701B6010E9439F946015701B9
:108B100087FF04C0B7FAB094B7F8B0942BED3FE0EC
:108B200049EC50E4C501B4010E94EEF720E030E0CA
:108B300040E952E40E94BAF00E94D8F70E945BF824
:108B40001B018091200A9091210AA091220AB091E4
:108B5000230A62968CAF9DAFAEAFBFAF62972091F4
:108B6000240A3091250A4091260A5091270A6696D8
:108B70002CAF3DAF4EAF5FAF66979C01AD016091EA
:108B800028077091290780912A0790912B070E944E
:108B900011F76DA77EA78FA798AB66962CAD3DAD5C
:108BA0004EAD5FAD669760912C0770912D07809157
:108BB0002E0790912F070E9411F72B013C01A50170
:108BC00094012E966CAD7DAD8EAD9FAD2E970E941B
:108BD000BAF069AB7AAB8BAB9CAB27E137EB41EDDD
:108BE00058E30E9455F087FF50C02DEB37E346E86D
:108BF00055EB6DA57EA58FA598A90E9439F987FD33
:108C000044C02DEB37E346E855E36DA57EA58FA55F
:108C100098A90E9455F01816C4F12DEB37E346E8E9
:108C200055EBC301B2010E9439F987FD0AC02DEB53
:108C300037E346E855E3C301B2010E9455F0181628
:108C400014F40E94D8210E9408CF609363097093A6
:108C500064098093650990936609B9CE90E080E03D
:108C600046CF2BED3FE049EC50E4C701B6010E942E
:108C700011F76B017C0143CF2BED3FE049EC50E451
:108C8000C701B6010E9412F7F4CF2AE037ED43E2A4
:108C90005CE360911302709114028091150290912F
:108CA00016020E94BAF04B015C01609111027091B2
:108CB0001202072E000C880B990B0E945BF09B019F
:108CC000AC01C501B4010E94BAF06BAF7CAF8DAFAF
:108CD0009EAF69A97AA98BA99CA90E9487F8162F33
:108CE000872E982EA92EB10190E080E00E9459F0C5
:108CF0001B01082F9DA39B01482F592F612F782D11
:108D0000892D9A2D0E9439F9181624F4212E382C19
:108D1000092DADA29101402F5DA169A97AA98BA966
:108D20009CA90E94EEF74B015C0120E030E040E896
:108D30005FE30E9439F918160CF09AC269A97AA962
:108D40008BA99CA90E94D8F70E945BF87EAB6DAB03
:108D5000198A1A8A1B8A1C8A1D8A1E8A1F8A188EE3
:108D6000198E1A8E1B8E1C8E4DA95EA9423051059C
:108D700008F454C2BA0190E080E00E9459F02396B2
:108D80006CAF7DAF8EAF9FAF23979B01AC01C70146
:108D9000B6010E94EEF76FAB78AF89AF9AAF9B0137
:108DA000AC010E94BAF06B017C01AC019B016FA980
:108DB00078AD89AD9AAD0E94BAF020E030E040EC89
:108DC00050E40E94EEF79B01AC016FA978AD89AD2C
:108DD0009AAD0E9411F7A6966CAF7DAF8EAF9FAF94
:108DE000A69720E030E040E05FE3C701B6010E94B3
:108DF000BAF09B01AC0160E070E080E89FE30E9464
:108E000011F7AA966CAF7DAF8EAF9FAFAA9723964E
:108E10002CAD3DAD4EAD5FAD23976DA57EA58FA565
:108E200098A90E94EEF7E2966CAF7DAF8EAF9FAF30
:108E3000E29723962CAD3DAD4EAD5FAD2397C301B8
:108E4000B2010E94EEF7E6966CAF7DAF8EAF9FAF9A
:108E5000E69762968CAD9DADAEADBFAD629789874A
:108E60009A87AB87BC8766962CAD3DAD4EAD5FADA6
:108E700066972D873E874F87588B0E9408CF9B01AE
:108E8000AC0128533F4F4F4F5F4FAE962CAF3DAFD5
:108E90004EAF5FAFAE970091CD091091CE092091F2
:108EA000CF093091D0096091D1097091D209809198
:108EB000D3099091D409061717072807390710F42A
:108EC000C901B8010E9459F06A966CAF7DAF8EAFB0
:108ED0009FAF6A97E090F509F090F6090091F709C5
:108EE0001091F809A090F109B090F209C090F3092F
:108EF000D090F4099501A601B701C8010E9439F983
:108F0000181614F4750186012BAD3CAD4DAD5EAD68
:108F1000CA01B9010E94BAF06DA37DA71C016A962F
:108F20002CAD3DAD4EAD5FAD6A972E966CAD7DAD6F
:108F30008EAD9FAD2E970E94BAF05B016C01970138
:108F4000A801B701C8010E94BAF07B018C0195010C
:108F5000A6016DA17DA5C1010E9439F918161CF466
:108F6000ADA2BDA616012DA13DA5A101B701C80165
:108F70000E9455F087FF03C0EDA2FDA6180149A08D
:108F80005AA06BA07CA039E126963FAF269741E01E
:108F900050E025965FAF4EAF25970E94A3AE0E948A
:108FA00008CFAE960CAD1DAD2EAD3FADAE97061BF6
:108FB000170B280B390B10161106120613067CF03E
:108FC0009B01AC0128533F4F4F4F5F4FAE962CAFE4
:108FD0003DAF4EAF5FAFAE9780E00E94DF3926967F
:108FE0003FAD2697315026963FAF269725964EAD3A
:108FF0005FAD2597BA0190E080E00E9459F02A9673
:109000006CAF7DAF8EAF9FAF2A9726965FAD269748
:10901000552309F45AC19201A301A6966CAD7DAD0A
:109020008EAD9FADA6970E94BAF06B017C0129A579
:109030003AA54BA55CA5AA966CAD7DAD8EAD9FAD56
:10904000AA970E94BAF09B01AC01C701B6010E9429
:1090500012F77B018C019201A301AA966CAD7DAD44
:109060008EAD9FADAA970E94BAF04B015C0129A575
:109070003AA54BA55CA5A6966CAD7DAD8EAD9FAD1A
:10908000A6970E94BAF09B01AC01C501B4010E94F1
:1090900011F72B013C01C701D80189A79AA7ABA7FB
:1090A000BCA79201A3016E966CAD7DAD8EAD9FAD58
:1090B0006E970E9412F769837A838B839C8329A51C
:1090C0003AA54BA55CA5A2966CAD7DAD8EAD9FADCE
:1090D000A2970E9412F76D837E838F8398872A96CA
:1090E0002CAD3DAD4EAD5FAD2A97E2966CAD7DAD3A
:1090F0008EAD9FADE2970E94BAF062962CAD3DAD69
:109100004EAD5FAD62970E9412F769877A878B87B1
:109110009C872A962CAD3DAD4EAD5FAD2A97E69665
:109120006CAD7DAD8EAD9FADE6970E94BAF06696B0
:109130002CAD3DAD4EAD5FAD66970E9412F76D87C9
:109140007E878F87988BCE0101960E94588F239639
:109150002CAD3DAD4EAD5FAD239769A97AA98BA922
:109160009CA90E94EEF72A962CAD3DAD4EAD5FADA9
:109170002A970E94BAF09B01AC0169A97AA98BA930
:109180009CA90E9411F76B017C016A962CAD3DAD44
:109190004EAD5FAD6A97CA01B9010E9412F79B01FB
:1091A000AC01C701B6010E94BAF07B018C012DA170
:1091B0003DA5A1010E9439F918161CF4EDA0FDA4EB
:1091C0008101C701D801898F9A8FAB8FBC8F9E0117
:1091D0002F5E3F4F4BAD5CAD6DAD7EADCE010196C8
:1091E0000E94E5C68823D1F02E962CAD3DAD4EAD44
:1091F0005FAD2E972D8B3E8B4F8B588F25964EADA6
:109200005FAD25974F5F5F4F25965FAF4EAF2597B8
:109210008DA99EA98417950709F0BFCE80E1E0E2F1
:10922000F7E0DE01119601900D928A95E1F7CE01EB
:1092300001960E94588F1D8A1E8A1F8A188E198EC9
:109240001A8E1B8E1C8E9E012F5E3F4F4BAD5CAD68
:109250006DAD7EADCE0101960E94E5C680E1E0E2F3
:10926000F7E0A8E1BAE001900D928A95E1F7EBCC26
:109270002DEC3CEC4CEC5DE3C501B4010E9455F0D3
:1092800087FF1FC02DEC3CEC4CEC5DE369A97AA98B
:109290008BA99CA90E94EEF70E9487F84B015C0104
:1092A00020E030E040E85FE30E9455F087FF06C011
:1092B000812C912C80E8A82E8FE3B82EC501B40133
:1092C00043CDB101802F9DA13FCD2A962CAD3DAD60
:1092D0004EAD5FAD2A976FA978AD89AD9AAD0E946A
:1092E000BAF04B015C010E94EBF76B017C01C501F8
:1092F000B4010E9475F94B015C01A701960169A1B7
:109300007AA18BA19CA10E94BAF02B013C012D8D6A
:109310003E8D4F8D58A1C501B4010E94BAF09B014A
:10932000AC01C301B2010E9412F72B013C01A5015F
:10933000940169A17AA18BA19CA10E94BAF04B0172
:109340005C012D8D3E8D4F8D58A1C701B6010E9445
:10935000BAF09B01AC01C501B4010E9411F769A7E5
:109360007AA78BA79CA789E126968FAF269799CEDF
:1093700020E030E0A901C301B2010E9455F088232A
:1093800009F41FCB1D8E1E8E1F8E18A2A301920101
:10939000505829A33AA34BA35CA38D8D9E8DAF8D0E
:1093A000B8A1B05889A79AA7ABA7BCA7A3019201FF
:1093B000C301B2010E94BAF06B017C012D8D3E8D7C
:1093C0004F8D58A1CA01B9010E94BAF09B01AC01AE
:1093D000C701B6010E9412F70E947FF92E966CAF6A
:1093E0007DAF8EAF9FAF2E978090180A9090190A8C
:1093F000A0901A0AB0901B0AA3019201C501B40102
:109400000E9412F76E966CAF7DAF8EAF9FAF6E97D6
:1094100020911C0A30911D0A40911E0A50911F0A8A
:1094200029AB3AAB4BAB5CAB2D8D3E8D4F8D58A12C
:1094300069A97AA98BA99CA90E9412F7A2966CAF80
:109440007DAF8EAF9FAFA29740902007509021072D
:1094500060902207709023076E962CAD3DAD4EAD07
:109460005FAD6E97C301B2010E9411F76DA37EA399
:109470008FA398A7C0902407D0902507E0902607D7
:10948000F0902707A2962CAD3DAD4EAD5FADA297F3
:10949000C701B6010E9411F76DA77EA78FA798ABF1
:1094A000A3019201C501B4010E9411F74B015C01B7
:1094B0002DEB37E346E855EB0E9439F987FDC4CA26
:1094C0002DEB37E346E855E3C501B4010E9455F0A2
:1094D00018160CF4B9CAA701960169A97AA98BA933
:1094E0009CA90E9411F76B017C012DEB37E346E844
:1094F00055EB0E9439F987FDA7CA2DEB37E346E803
:1095000055E3C701B6010E9455F018160CF49CCA29
:1095100028E4222E312C3BED832E3FE0932E39ECB4
:10952000A32E30E4B32E9BEDC92E9FE0D92E99ECEB
:10953000E92E90ECF92E111104CB7501640101CBD9
:109540002F923F924F925F926F927F928F929F9253
:10955000AF92BF92CF92DF92EF92FF920F931F9341
:10956000CF93DF93CDB7DEB7CA59D1090FB6F894C0
:10957000DEBF0FBECDBF80918509888B80913206FA
:1095800090913306A0913406B0913506AC01BD012F
:1095900016E176956795579547951A95D1F740FF4F
:1095A00000C10E942F29811107C00E949D2C87E4D1
:1095B00097E00E94772C0FC18AE50E94071B882341
:1095C00039F10E94E02020915F09309160094091BB
:1095D0006109509162090E9411F76B017C0120E042
:1095E00030E040E251ECC701B6010E9439F987FD35
:1095F0000AC020E030E040E251E4C701B6010E9419
:1096000055F0181674F40E949D2C8AE397E0D1CF90
:10961000C090200AD090210AE090220AF090230AFC
:10962000DECF40E050E060EC7FE788E50E940E214D
:1096300020915709309158094091590950915A0980
:109640000E9411F72B013C0140E050E060EC7FE705
:1096500089E50E940E2120915B0930915C094091BF
:109660005D0950915E090E9411F74B015C016FEF9B
:1096700089E40E94A520182F6FEF8AE40E94A5209C
:10968000082FA3019201C301B2010E94C1F9811107
:1096900056C0A5019401C501B4010E94C1F9811110
:1096A0004EC02091350730913607409137075091D1
:1096B0003807C301B2010E9411F720913D07309194
:1096C0003E0740913F07509140070E94EEF720E08F
:1096D00030E040E05FE30E9412F70E9456F8162F38
:1096E0002091390730913A0740913B0750913C0750
:1096F000C501B4010E9411F7209141073091420742
:1097000040914307509144070E94EEF720E030E07B
:1097100040E05FE30E9412F70E9456F8062F812F67
:10972000012E000C990B97FD34C00597A4F5802FEE
:10973000002E000C990B97FD30C0059784F515306D
:1097400008F049C0053008F046C080E00E94442976
:1097500025E01202F0011124E00FF11D07FDFA953A
:10976000EE0FFF1FEE0FFF1FED5AF84FC082D182A0
:10977000E282F3820E94872B602F812F0E94E4A156
:109780008889882341F181E00E9444290E947592D2
:1097900022C010E0CCCF14E0CACF00E0D0CF04E06C
:1097A000CECF79E0B695A795979587957A95D1F71D
:1097B00080FD0CC070E060E086E50E94D3209A83B3
:1097C0008983059710F185E197E0F3CE80E00E9450
:1097D00044290E94082CC656DF4F0FB6F894DEBF0E
:1097E0000FBECDBFDF91CF911F910F91FF90EF90F2
:1097F000DF90CF90BF90AF909F908F907F906F90B1
:109800005F904F903F902F90089560E084E40E9415
:10981000BE208F8740E050E0BA018AE50E940E2109
:109820006BA77CA78DA79EA740E050E06AEF75E488
:1098300083E50E940E216B017C0120E030E040E7CF
:1098400052E40E9455F087FF12C040E050E060E70C
:1098500072E486EF96E00E948D2C89EE96E00E94DD
:10986000772CC12CD12C60E7E62E62E4F62E20E0A6
:1098700030E040E752E4C701B6010E94EEF7609382
:109880004F027093500280935102909352020091C4
:109890000E0E10910F0EF801C080D180E280F3808F
:1098A00020E030E0A901C701B6010E9412F7C956B5
:1098B000DF4F6883C759D040C856DF4F7883C859F7
:1098C000D040C756DF4F8883C959D040C656DF4FB6
:1098D0009883CA59D04020E030E04CE052E40E9426
:1098E00055F087FF16C0C956DF4F1882C759D040C0
:1098F000C856DF4F1882C859D040FCE0C756DF4F2A
:10990000F883C959D04022E4C656DF4F2883CA598C
:10991000D04020E030E048EC53E4C701B6010E949B
:1099200012F7CD56DF4F6883C359D040672ECC560F
:10993000DF4F8883C459D040CB56DF4F9883C55939
:10994000D04020E030E043EC53E40E9439F918168F
:1099500094F4CD56DF4F1882C359D040612C83EC6C
:10996000CC56DF4F8883C459D04093E4CB56DF4FA9
:109970009883C559D040F80184809580A680B7802F
:1099800020E030E0A901C501B4010E9412F77B017B
:109990008C0120E030E040E251E40E9455F087FF66
:1099A00004C0E12CF12C00E211E420E030E048ECAE
:1099B00053E4C501B4010E9412F7B62EC72ED82E6B
:1099C000CA56DF4F9883C659D04020E030E043ECC0
:1099D00053E40E9439F9181654F4B12CC12C53ECFD
:1099E000D52EF3E4CA56DF4FF883C659D04088E439
:1099F0000E94B91A882309F457C20E94E0200E94ED
:109A000056F81B0177FF02C06F5F7F4F7595679512
:109A100071956195710968537F4F072E000C880B73
:109A2000990B0E945BF0762E872E982EA92E970117
:109A3000A8010E9439F9181624F4E72CF82C092DF6
:109A40001A2DC956DF4F2881C759D040C856DF4F5D
:109A50003881C859D040C756DF4F4881C959D040D6
:109A6000C656DF4F5881CA59D040672D782D892DB1
:109A70009A2D0E9439F91816A4F0C956DF4F788044
:109A8000C759D040C856DF4F8880C859D040C75604
:109A9000DF4F9880C959D040C656DF4FA880CA59B9
:109AA000D040872D982DA92DBA2D8B8B9C8BAD8BFB
:109AB000BE8BC701D8018F8B988FA98FBA8FB10148
:109AC000330C880B990B0E945BF01B012C01AC013D
:109AD0009B01B701C8010E9412F77B018C012B2D5D
:109AE0003C2D4D2DCA56DF4F5881C659D0400E949B
:109AF00055F087FF08C0BE2CCF2CD02ECA56DF4FA2
:109B00001883C659D040A2019101672D782D892D67
:109B10009A2D0E9412F77B018C01CD56DF4F2881D0
:109B2000C359D040362DCC56DF4F4881C459D04060
:109B3000CB56DF4F5881C559D0400E9455F087FF62
:109B400010C0CD56DF4FE882C359D0406F2CCC56A1
:109B5000DF4F0883C459D040CB56DF4F1883C55917
:109B6000D040CD56DF4F8881C359D040962DCC567A
:109B7000DF4FA881C459D040CB56DF4FB881C559BB
:109B8000D0408B8F9C8FAD8FBE8F8B2D9C2DAD2D9C
:109B9000CA56DF4FB881C659D0408F8F98A3A9A36A
:109BA000BAA3CE0143960E941EC9882309F4CBC1F3
:109BB000CE014B960E941EC9D82E882309F4C3C13A
:109BC0002F89388D498D5A8D6F8D78A189A19AA1E1
:109BD0000E9411F720E030E040E85EE30E94BAF016
:109BE0004B015C012B893C894D895E896B8D7C8D95
:109BF0008D8D9E8D0E9411F720E030E040E85EE3FD
:109C00000E94BAF06BA37CA38DA39EA38FA298A6FB
:109C1000A9A6BAA689819A81181619066CF487EB51
:109C200096E00E94772C8F85882321F08DEA96E0BC
:109C30000E94772C0E94A32C0E941A840E941990E3
:109C400080E00E94442920E041E060E070E080E88C
:109C500090E40E9421918F85811146C020913D079B
:109C600030913E0740913F07509140076BA17CA186
:109C70008DA19EA10E9455F0811130C02091410715
:109C80003091420740914307509144076FA178A556
:109C900089A59AA50E9455F0811120C02091350711
:109CA0003091360740913707509138076B897C898E
:109CB0008D899E890E9455F0811110C0209139072D
:109CC00030913A0740913B0750913C076F89788D5E
:109CD000898D9A8D0E9455F0882331F080E00E9492
:109CE00044290E94082C188A60E085E40E94BE2066
:109CF000882309F42BC121E0CD56DF4F2883C359B7
:109D0000D0401B861C861D861E861A8A2DE7A22E31
:109D100026E0B22E3BE8832E36E0932E0A890530EA
:109D20000CF022C16B857C858D859E859B01AC01E5
:109D30000E94C1F9811118C1CC24C39495E0392E39
:109D4000D11005C0CC24CA9433243A9484E091E025
:109D5000D926102F110F110F100F1F5F898B098942
:109D60006A89031509F4FCC0062E000C770B880BDA
:109D7000990B0E945BF02FA138A549A55AA50E9416
:109D8000BAF02F89388D498D5A8D0E9412F72B0118
:109D90003C01602F000F770B880B990B0E945BF042
:109DA0002BA13CA14DA15EA10E94BAF02B893C8958
:109DB0004D895E890E9412F76B837C838D839E831D
:109DC0004F82588669867A8689819A81892B91F09B
:109DD00089E996E00E94772C812F0E94292987E942
:109DE00096E00E94772C89E10E94292984E996E077
:109DF0000E94772C1F92E9E1EF931F921F93BF926D
:109E0000AF929F928F921F920E9430CF2F81388500
:109E100049855A856B817C818D819E81E980CD56F3
:109E2000DF4F0881C359D0400E9450CA2B013C012A
:109E30004B865C866D867E860FB6F894DEBF0FBEBD
:109E4000CDBFAC019B010E94C1F9811186C0098977
:109E50002A8825E0020370011124E20CF11C27FC82
:109E6000FA94EE0CFF1CEE0CFF1C81E090E08C0FCE
:109E70009D1FE80EF91EA30192016BA57CA58DA57F
:109E80009EA50E9412F7F70166A777A780AB91AB5A
:109E9000622D802F0E94E4A1188A81E00E94DF39A0
:109EA0001F5F89898C0D5ACFA701B80186E40E94F3
:109EB0000E211B012C01C956DF4F4881C759D040E4
:109EC000C856DF4F5881C859D040C756DF4F688108
:109ED000C959D040C656DF4F7881CA59D0408CE46A
:109EE0000E940E216B8B7C8B8D8B9E8B2F8A388EE4
:109EF000498E5A8E4B2D5C2D6D2DCA56DF4F7881C1
:109F0000C659D04082E40E940E216B017C01CD56DF
:109F1000DF4F4881C359D040562DCC56DF4F688162
:109F2000C459D040CB56DF4F7881C559D04082E527
:109F30000E940E216B8F7C8F8D8F9E8FCF8ED8A22B
:109F4000E9A2FAA22ECE8DEC96E033CB83E0CD567B
:109F5000DF4F8883C359D040D4CE88890E944429DA
:109F60008A898F5F8A8BDACE0E9482C880E00E9445
:109F7000A128882359F088890E94442980E090E034
:109F8000A0ECBFE78B879C87AD87BE876B857C8500
:109F90008D859E859B01AC010E94C1F9811110C085
:109FA0008F85882381F0CE018F960E9453358F854F
:109FB000882319F08889882319F081E00E944429B8
:109FC0000E940090E3CBBE016D5E7F4FCE01839671
:109FD0000E949B2B84E6FE01BF96A3E5B7E00190AB
:109FE0000D928A95E1F70E94872B90E080E0DDCF0B
:109FF000CF93C82F8091CC0983FD0AC00E94571BC4
:10A00000882331F080911D0290911E020E94849855
:10A0100080E29FE20E94C798CC2329F061E080E0B3
:10A02000CF910C94EDA78091340791E0892780931C
:10A030000E0980910E098823F1F020E030E040E025
:10A040005FE36091900D7091910D8091920D9091D0
:10A05000930D0E9412F70E9456F82091940D3091B2
:10A06000950D621B730B77FF03C0719561957109A4
:10A070006230710544F410920E098091CC0983FF7F
:10A0800006C081E00FC080E00E94DF39D2CF0E947D
:10A09000571B8823B1F30E94A02C87EA95E00E9409
:10A0A000772C80E0CF910895CF92DF92EF92FF92CC
:10A0B000CF93DF936B017C01D42FC091430583E0E4
:10A0C0008093430581E080931807C114D104E10413
:10A0D000F10431F00E9408CFC60ED71EE81EF91E0B
:10A0E000809118078823C1F0C114D104E104F10460
:10A0F00021F48D2F0E94DF39F3CF0E9408CFA701F2
:10A100009601261B370B480B590BDA01C9011816AB
:10A1100019061A061B066CF310921807C093430524
:10A12000DF91CF91FF90EF90DF90CF90089581E085
:10A130000895DC01EC918E2F90E0FC01EE0FFF1FE3
:10A14000E80FF91FEA54F24F80818F7780830895DA
:10A15000009719F0019789F008951092900082E01D
:10A16000809391001092950010929400C19A809172
:10A17000710082608093710008951092A00082E0C7
:10A180008093A1001092A5001092A40089BB809337
:10A19000720008957F928F929F92AF92BF92CF925A
:10A1A000DF92EF92FF920F931F93CF93DF936C0197
:10A1B000EB01FC018081883108F0C4C090E0FC0113
:10A1C000EE0FFF1FE80FF91FEA54F24F80818F77DF
:10A1D0000E94B9C7F6011182128280812CE0622FA1
:10A1E0000E94D6F6829FB001112430E020E0AB013E
:10A1F000420F531FFA01EE0FFF1FE40FF51FEA5441
:10A20000F24F908197FD07C02F5F3F4F2C303105F3
:10A2100071F790E09DDFF6017080E72CF12C87014B
:10A22000000F111FF801EE0DFF1DEA54F24F80815F
:10A230008068808377FC86C0C032F2E0DF070CF0D4
:10A2400040C0F601828128E532E0281B310987FDF4
:10A250003395220F331F220F331F032E000C440BA4
:10A26000550B818178E8872E912C881A910887FDFB
:10A270009394880C991C880C991C092C000CAA0832
:10A28000BB0860E070E0CB01D7FD0AC0BE01C53B52
:10A29000D10514F064EB70E0072E000C880B990BCD
:10A2A000281939094A095B090E9470F624EB30E04D
:10A2B00040E050E00E94A1F6820E931EA41EB51E3F
:10A2C000E401F7E1F71558F1F6012281318188E8C0
:10A2D00090E0831B910937FD9395880F991F880F94
:10A2E000991FC817D90774F088E592E0821B91097D
:10A2F00027FD9395880F991F880F991FC817D907B5
:10A300000CF4CE012FB7F8940E0D1F1DF801EA547E
:10A31000F24F0297880F991F928381832FBF62E3C8
:10A3200070E080E090E0DF91CF911F910F91FF905E
:10A33000EF90DF90CF90BF90AF909F908F907F90E5
:10A340000C944039DF91CF911F910F91FF90EF90C6
:10A35000DF90CF90BF90AF909F908F907F900895A7
:10A360000F931F93CF93C82F8B018FEF9DE00E9417
:10A370006B1BC817B1F06C2F70E08FEF9DE00ADF08
:10A38000F80160817181828193816737F1E07F07F5
:10A390008105910520F467E771E080E090E00E947C
:10A3A00040398091000183FB882780F9CF911F916C
:10A3B0000F910895CF93DF9300D01F92CDB7DEB7F2
:10A3C0008EEE92E0A0E0B0E089839A83AB83BC83F9
:10A3D000BE016F5F7F4F8AE5C3DF0F900F900F9034
:10A3E0000F90DF91CF910895CF93DF9300D01F920C
:10A3F000CDB7DEB78EEE92E0A0E0B0E089839A831D
:10A40000AB83BC83BE016F5F7F4F8AE0A9DF0F90F3
:10A410000F900F900F90DF91CF910895CF93DF931E
:10A4200000D01F92CDB7DEB784EF91E0A0E0B0E09E
:10A4300089839A83AB83BC83BE016F5F7F4F80EAC1
:10A440008FDF0F900F900F900F90DF91CF910895B5
:10A45000CF92DF92EF92FF921F93CF93DF9300D0C2
:10A460001F92CDB7DEB78EEEC82E82E0D82EE12C3B
:10A47000F12CC982DA82EB82FC82BE016F5F7F4FD2
:10A480008AE56EDF81110EC010E0812F0F900F90D2
:10A490000F900F90DF91CF911F91FF90EF90DF9081
:10A4A000CF900895BBDFC982DA82EB82FC82BE01C5
:10A4B0006F5F7F4F8AE554DF182F882329F30E94AE
:10A4C000D896E3CFCF92DF92EF92FF921F93CF9374
:10A4D000DF9300D01F92CDB7DEB78EEEC82E82E09C
:10A4E000D82EE12CF12CC982DA82EB82FC82BE01EB
:10A4F0006F5F7F4F8AE034DF81110EC010E0812F43
:10A500000F900F900F900F90DF91CF911F91FF90C0
:10A51000EF90DF90CF90089581DF4CDF65DF4ADF59
:10A52000C982DA82EB82FC82BE016F5F7F4F8AE0D4
:10A5300017DF182F882311F30E94D896E0CF1F92BF
:10A540000F920FB60F9211240BB60F922F933F93D9
:10A550004F935F936F937F938F939F93AF93BF932B
:10A56000EF93FF9348EA50E064EA70E081E090E006
:10A570000E949323FF91EF91BF91AF919F918F9193
:10A580007F916F915F914F913F912F910F900BBEF3
:10A590000F900FBE0F901F9018951F920F920FB63D
:10A5A0000F9211240BB60F922F933F934F935F930B
:10A5B0006F937F938F939F93AF93BF93EF93FF938B
:10A5C00048E950E064E970E090E080E00E94932365
:10A5D000FF91EF91BF91AF919F918F917F916F917B
:10A5E0005F914F913F912F910F900BBE0F900FBE37
:10A5F0000F901F901895809136068823D1F10FB6E1
:10A6000007FC2DC09091370680913806981304C03E
:10A610008091D00086FD2DC08091D00085FF1EC0A6
:10A620008091380620913706821306C08091D100B0
:10A630008F7D8093D10012C0E82FF0E0E95CF94FE4
:10A6400092818F5F8F729093D6008093380690919D
:10A65000D00090649093D000281741F3D3CF90910D
:10A66000370680913806981303C08091D00086FF8A
:10A67000F6CF0895CF93DF9300D000D01F921F92A2
:10A68000CDB7DEB7FE01339696E0DF011D929A95B5
:10A69000E9F79AE5998395EA9A838C834D836E83D3
:10A6A00048E0BE016F5F7F4F80EB90E00E94052580
:10A6B000A2DF62E370E080E090E00E946ECE289618
:10A6C0000FB6F894DEBF0FBECDBFDF91CF910895D6
:10A6D000CF93DF9300D000D01F921F92CDB7DEB78B
:10A6E000FE01339696E0DF011D929A95E9F79AE50F
:10A6F000998395EA9A8391E098878C834D836E8342
:10A7000048E0BE016F5F7F4F80EB90E00E9405251F
:10A7100072DF62E370E080E090E00E946ECE2896E7
:10A720000FB6F894DEBF0FBECDBFDF91CF91089575
:10A7300080919306909194062FEF3FEF981751F078
:10A74000E92FF0E0ED56F94F228130E09F5F9F77CF
:10A7500090939406C90108951F920F920FB60F921D
:10A7600011240BB60F922F938F939F93EF93FF9328
:10A770008091380620913706821306C08091D1005F
:10A780008F7D8093D10012C0E82FF0E0E95CF94F93
:10A7900092818F5F8F729093D6008093380690914C
:10A7A000D00090649093D000281741F3FF91EF916F
:10A7B0009F918F912F910F900BBE0F900FBE0F9016
:10A7C0001F9018951F920F920FB60F9211240BB67F
:10A7D0000F922F938F939F93EF93FF939091D600B7
:10A7E00020919406E091930681E08E0F8F772817D1
:10A7F00029F0F0E0ED56F94F9283E82FE0939306AD
:10A80000FF91EF919F918F912F910F900BBE0F9021
:10A810000FBE0F901F9018951F920F920FB60F92B8
:10A8200011240BB60F922F938F939F93EF93FF9367
:10A830009091CE002091290AE091280A81E08E0FA4
:10A840008F77281729F0F0E0E85DF54F9283E82F25
:10A85000E093280AFF91EF919F918F912F910F9094
:10A860000BBE0F900FBE0F901F9018951F920F9266
:10A870000FB60F9211240F900FBE0F901F901895D6
:10A880001F920F920FB60F9211240F900FBE0F90D0
:10A890001F9018951F920F920FB60F9211240BB6AE
:10A8A0000F922F938F939F93EF93FF939091C600F6
:10A8B0002091AB0AE091AA0A81E08E0F8F772817CA
:10A8C00029F0F0E0E655F54F9283E82FE093AA0ACD
:10A8D000FF91EF919F918F912F910F900BBE0F9051
:10A8E0000FBE0F901F9018958EBD0DB407FEFDCFC3
:10A8F00008958FEF8EBD0DB407FEFDCF8EB5089580
:10A90000909164009B7F90936400982F906A969535
:10A910009CBD80FD03C091E0863009F490E09DBDB0
:10A9200008950F931F93CF93DF93CDB7DEB76B9747
:10A930000FB6F894DEBF0FBECDBFFB01018110E062
:10A940008091900690919106800F911F0E9414DAD9
:10A95000882309F457C08091730D85FF66C010925B
:10A960009106109290068FEF9FEF90930F028093C5
:10A970000E0280912C0B0FE619E0882311F00CE2F7
:10A980001BE019821C828091A41566E875E188237A
:10A9900011F061EA75E121E0A801CE0101960E9463
:10A9A00096A98823D1F18BE1FE013196A1EAB5E1A8
:10A9B00001900D928A95E1F78091730D8F7B8093C2
:10A9C000730DA091680DAA3080F481E08A0F809306
:10A9D000680D8BE18A9FD0011124A454BA4EE1EA9C
:10A9E000F5E101900D928A95E1F78FEF9FEF90933B
:10A9F000270280932602CE0101960E94E12881E081
:10AA000080931A076B960FB6F894DEBF0FBECDBFCA
:10AA1000DF91CF911F910F9108950E94A02CB80152
:10AA200082E998E10E9475DDE6CF809190069091D1
:10AA30009106080F191F10930F0200930E02DFCF2B
:10AA4000FB0181818F3F91F0882341F08E3FF9F423
:10AA500046E060E070E0CB010E948D990E94BE98B4
:10AA600060E070E0CB010E94929806C046E060E092
:10AA700070E0CB010E948D9940E355E760E070E003
:10AA800088ED98E10E94689A81E080931A07089502
:10AA9000CF93DF93FB01C081D181DC27CD27DC2759
:10AAA000FC01808191818131F0E29F0731F0823198
:10AAB000904281F0DF91CF910895BE01DD0F880BA8
:10AAC000990B0E945BF046E00E948D9981E0809393
:10AAD0001A07F0CF0E94BE98BE01DD0F880B990BBC
:10AAE0000E945BF00E949298F1CFFB01818182303D
:10AAF00091F0833019F18130E9F40E94BE9860E052
:10AB000070E088E493E40E94929846E060E070E090
:10AB100080E792E40DC00E94BE9860E070E080E79C
:10AB200093E40E94929846E060E070E080EA92E44C
:10AB30000E948D9981E080931A0708950E94BE9823
:10AB400060E070E080E793E4DECF2F923F924F9277
:10AB50005F926F927F928F929F92AF92BF92CF92AD
:10AB6000DF92EF92FF920F931F93CF93DF93CDB7B6
:10AB7000DEB762970FB6F894DEBF0FBECDBF0E945E
:10AB8000B23787FDD4C38AE99FE20E94C79885E463
:10AB90000E94071B812C912CA12C30E4B32E88231A
:10ABA00079F00E94E0204B015C0120E030E0A90137
:10ABB0000E9439F987FF04C0B7FAB094B7F8B0948F
:10ABC0008CE0E5EEF3E0DE01119601900D928A959E
:10ABD000E1F788E50E94071B882351F040E050E030
:10ABE000BA0188E50E940E2169837A838B839C8356
:10ABF00089E50E94071B882351F040E050E0BA012C
:10AC000089E50E940E216D837E838F8398878AE574
:10AC10000E94071B882351F040E050E0BA018AE50A
:10AC20000E940E2169877A878B879C87C0904A078C
:10AC3000D0904B07E0904C07F0904D0785E50E94BF
:10AC4000071B882321F00E94E0206B017C0120E09B
:10AC500030E0A901C701B6010E9439F987FF04C09D
:10AC6000F7FAF094F7F8F0946AE070E082E40E945A
:10AC7000D3208091910881115AC361E082EC98E061
:10AC80000E94DE2F4DE95BE16FED78E085E00E94E8
:10AC900008C91091910881E0810F809391080E946A
:10ACA000C1398E87882341F08091730D8B7F80930B
:10ACB000730D1E5F109391080E94839680E1E8E176
:10ACC000FAE0AAE2B5E001900D928A95E1F787E0FB
:10ACD0000E94C78E8D87811157C129852F878A854C
:10ACE000888B2B85298B8C858A8B2090200A30902D
:10ACF000210A4090220A5090230A20E030E040E2EE
:10AD000051E4C201B1010E9412F73B018C0120E025
:10AD100030E048EC53E40E9439F9181624F4612C11
:10AD2000712C08EC13E49301A8016F857889898957
:10AD30009A890E9439F9181624F46F847888098951
:10AD40001A89A2019101B301C8010E9411F72E8551
:10AD5000222351F020914507222331F041E02D8537
:10AD6000211140E00E94B6220E941A8420E030E0C7
:10AD7000A901C501B4010E9455F0882369F00E9421
:10AD80008583811109C0C501B401905820E030E0ED
:10AD900040E752E40E948C918D858111E1C2BE0191
:10ADA0006F5F7F4F0E94019720E030E0A901C7014B
:10ADB000B6010E9455F0882309F451C062E080E09A
:10ADC00017D9882309F44BC08CE89FE20E94C798EA
:10ADD00020E030E040E752E460E070E080E591EC94
:10ADE0000E948C9168E873E180E090E00E94403915
:10ADF00020E030E048EC51E460E070E088EA91E463
:10AE00000E948C918090050A9090060AA090070AF3
:10AE1000B090080A80E090E0A8ECB1E48093050AC5
:10AE20009093060AA093070AB093080AC701B601D7
:10AE3000905820E030E040E251E40E948C918092F2
:10AE4000050A9092060AA092070AB092080A0E9488
:10AE5000AE8164E670E080E090E00E9440390E949C
:10AE6000AE8164E670E080E090E00E94403960E0EE
:10AE700083E00E94D2C80E94A02C85EE98E00E9438
:10AE8000772C0E9408CF685370458F4F9F4F609377
:10AE9000BF077093C0078093C1079093C2071092B9
:10AEA000C3071091430583E08093430583E599E050
:10AEB0000E945A3083E599E00E94C79881E0809310
:10AEC000180780911807882309F463C08091C3078D
:10AED000882309F455C08DE29FE20E94C7980E9422
:10AEE000A02C86E399E00E94772C40E067E279E0AD
:10AEF00082E00E94353080E299E00E9411300E9489
:10AF00002D3087E299E00E94C79841E060E070E050
:10AF1000CB01CAD840E063E179E085E00E9435309A
:10AF20000E942D3083E199E00E947EC50E94BE9868
:10AF300060E080E05DD860E083E00E94D2C80E94BB
:10AF4000A02C85EE98E00E94772C0E9408CF6853D1
:10AF500070458F4F9F4F6093BF077093C0078093DA
:10AF6000C1079093C2071092C30787E099E00E943F
:10AF70005A3087E099E00E94C79881E080931807D3
:10AF800081E00E94DF399DCF60E070E080E090E4D6
:10AF9000DECE1093430570E060E082E50E94D3208E
:10AFA0008C01C0904607D0904707E0904807F0908A
:10AFB00049078CE40E94071B882321F00E94E020AF
:10AFC0006B017C0120E030E0A901C701B6010E94BD
:10AFD00039F987FF04C0F7FAF094F7F8F0948091FC
:10AFE0009108882309F4A3C1B090C3070E94BE98BA
:10AFF0008091940D9091950D801791071CF4C801D4
:10B000000E94849860E080E00E94F84F882309F451
:10B01000A5C0BB2061F185E69FE20E94C7980E940F
:10B02000A02C8EE999E00E94772CB090430583E034
:10B030008093430581E08093180780E999E00E949E
:10B04000C79840E360E879E082E00E9435308AE901
:10B050009AE00E9411300E942D30809118078823B9
:10B0600021F081E00E94DF39F8CFB092430588E5F6
:10B070009FE20E94C79820E030E0A901C701B60115
:10B080000E9455F0882321F18090050A9090060ACD
:10B09000A090070AB090080A80E090E0A8ECB1E424
:10B0A0008093050A9093060AA093070AB093080AB2
:10B0B00020E030E040EC50E4C701B6010E948C91E2
:10B0C0008092050A9092060AA092070AB092080A96
:10B0D00023E0D22E8BE49FE20E94C79820E030E06C
:10B0E00040E450E460E070E088E492E40E948C91D7
:10B0F00080913C0591E6E92E99E0F92E811104C07A
:10B100008AE9E82E8AE0F82E40E069E779E081E0FC
:10B110000E9435308FE699E00E941130C7010E94ED
:10B1200011300E942D30F0904305D09243051092CB
:10B13000180710923D0580E19FE20E94C798809118
:10B140003D05811104C081E00E94DF39F8CFF09203
:10B150004305813009F4BECF0E943130101611062C
:10B160003CF4C8010E94849860E080E00E94EDA752
:10B170008DE39FE20E94C79860E081E00E94F84F53
:10B1800020E030E040E752E460E070E080E090ECE6
:10B190000E948C9187E00E94C78E81115CC08091D3
:10B1A000240A9091250AA091260AB091270A40917D
:10B1B000200A5091210A6091220A7091230A00917D
:10B1C0002E0510912F052091300530913105C0904A
:10B1D0002A05D0902B05E0902C05F0902D05C0920B
:10B1E0002007D0922107E0922207F09223070093D4
:10B1F00024071093250720932607309327074093B1
:10B2000028075093290760932A0770932B07809390
:10B210002C0790932D07A0932E07B0932F0760E083
:10B2200070E088EC92E40E9465B4809132059091C0
:10B230003305A0913405B09135058093280790938C
:10B240002907A0932A07B0932B0760E070E080EAFB
:10B2500090E40E9465B420E030E040E752E460E012
:10B2600070E080E090E40E948C91C0903605D09010
:10B270003705E0903805F090390520E030E0A9016D
:10B28000C701B6010E9455F087FF08C020E030E0FA
:10B2900040E752E4C701B6010E948C9180913605C7
:10B2A00090913705A0913805B09139058093240A13
:10B2B0009093250AA093260AB093270A80932C071F
:10B2C00090932D07A0932E07B0932F070E94C39150
:10B2D00061E080EC99E00E94DE2F8091910881501E
:10B2E000809391084DE95BE168EC79E085E00E948C
:10B2F00008C980917C09823011F40E945E96809189
:10B300009108882381F08150809391080E94D6D0C3
:10B3100080914507882339F040E060E070E080E0EC
:10B3200090E40E94B6220E94E4370E9482C862968E
:10B330000FB6F894DEBF0FBECDBFDF91CF911F9146
:10B340000F91FF90EF90DF90CF90BF90AF909F90C4
:10B350008F907F906F905F904F903F902F900895C7
:10B3600089EC98E00E947EC51FCD2F923F924F92AC
:10B370005F926F927F928F929F92AF92BF92CF9285
:10B38000DF92EF92FF920F931F93CF93DF93CDB78E
:10B39000DEB7E1970FB6F894DEBF0FBECDBF89AB25
:10B3A0002091430528AB11E010934305809163057C
:10B3B0008D3409F4FCC2843509F443C08734E9F4C0
:10B3C00020916105309162052B31310509F481C06E
:10B3D000B8F42430310558F42230310580F181E091
:10B3E0002230310509F080E00E94AA432AC02430AF
:10B3F000310579F12531310521F10E9468DC21C048
:10B400002A32310509F44EC160F42D31310509F4B9
:10B4100017C108F481C02E31310579F70E94936E6F
:10B4200010C02B35310509F41BC22C35310509F448
:10B430001BC22A35310509F71092AA1402C00E94D6
:10B44000D82189A981110C94A6620E94A7C80C94E6
:10B45000A66280E50E94071BC12CD12C76018823AF
:10B4600021F00E9474206B017C0183E50E94071B80
:10B47000882361F00E94E02020E030E04AE754E4B5
:10B480000E94BAF00E945BF86B017C010E941A8452
:10B49000C114D104E104F104A1F280916914811175
:10B4A00004C089E29AE00E947EC50E9408CF4B0149
:10B4B0005C010E9408CF681979098A099B096C15FB
:10B4C0007D058E059F0508F0BCCF80E00E94DF3926
:10B4D000F0CF87E00E943AAC8111B3CF70E060E01A
:10B4E00080E50E94D3208530910578F49CE0E1EF5F
:10B4F000F3E0DE01119601900D929A95E1F7BE01FD
:10B500006F5F7F4F0E9401979CCF62E37AE08AE4ED
:10B510009AE00E94BB2F95CF87E00E94C78E8111D1
:10B5200011C08091320690913306A0913406B091FB
:10B5300035061EE0B695A795979587951A95D1F78C
:10B5400080FD7FCF0E941A840E9408CF6093630918
:10B55000709364098093650990936609109236028E
:10B5600080E00E9444290E94199081E080930009A4
:10B570000E94F193C0903206D0903306E0903406DA
:10B58000F0903506F9E1F694E794D794C794FA95CC
:10B59000D1F7C0FE0DC081E00E94C78E182F82E057
:10B5A0000E94C78E11110C940B6E11E0811101C025
:10B5B00010E08091320690913306A0913406B0914C
:10B5C0003506E7E1B695A79597958795EA95D1F762
:10B5D00080FF02C00C94FF6C112311F40C94026DD7
:10B5E000012F10E08C2D8170982E0C94126D41E08B
:10B5F00060E070E080E890E40C94FC6D86E69AE0F0
:10B600000E947EC50E94A02C84E59AE00E94772CBF
:10B610000E941A928091FF0880930009992049F0B6
:10B620004091560921E060E070E080E890E40E94DB
:10B6300021910E9400900E94759203CF982EE8CF2E
:10B640000E9408CF60936309709364098093650931
:10B65000909366098091850981111DC08091320601
:10B6600090913306A0913406B09135065DE0B69511
:10B67000A795979587955A95D1F780FF04C087E7DE
:10B680009AE00E943D6E87E00E943AAC8111D9CECB
:10B690000E94A04AD6CE60E08FE40E94BE2088239C
:10B6A000E9F2CFCE80915109833008F4CACE89E403
:10B6B0000E94071BE82E00E0882319F00E94D0208A
:10B6C000082F8AE40E94071BF82E10E0882319F047
:10B6D0000E94D020182FEE2011F0053020F4FF201A
:10B6E00039F0153028F08BE79AE00E94772CA9CE2C
:10B6F00080E1E8E1FAE0A0E2B7E001900D928A95DE
:10B70000E1F7EE2011F1602F70E090E080E00E9400
:10B710005BF020913D0730913E0740913F075091EB
:10B7200040070E94BAF020913507309136074091CA
:10B730003707509138070E9412F7609320077093E3
:10B7400021078093220790932307FF2011F1612F97
:10B7500070E090E080E00E945BF020914107309122
:10B76000420740914307509144070E94BAF020914C
:10B77000390730913A0740913B0750913C070E94AE
:10B7800012F7609324077093250780932607909300
:10B7900027078091320690913306A0913406B0912C
:10B7A00035064FE0B695A795979587954A95D1F7B9
:10B7B00080FF38C0EE20D1F0E0910E0EF0910F0E18
:10B7C000208131814281538160912007709121074E
:10B7D00080912207909123070E9411F76093200720
:10B7E000709321078093220790932307FF20D1F0C5
:10B7F000E0910E0EF0910F0E248135814681578124
:10B800006091240770912507809126079091270762
:10B810000E9411F7609324077093250780932607F1
:10B820009093270740E050E0BA0186E40E940E2181
:10B830006B017C0120E030E0A9010E9439F9181663
:10B840005CF420E030E040E752E4C701B6010E941A
:10B85000EEF70E9465B4F5CD60E070E0CB01F9CF62
:10B860008FE08093AA14EDCD80916005882381F14B
:10B87000893009F0E6CD2DEFA22E23E0B22E38E17B
:10B88000C32E3AE0D32EE12C10E000E0D5018D91DB
:10B890005D010E94071BF82E882361F0033011F030
:10B8A000E82EF12E0E94E020F601608371838283EE
:10B8B00093831F2D0F5FF4E0CF0ED11C043031F7BE
:10B8C000EE2009F464C00E941A920E947592B9CDCC
:10B8D0008DEF93E099A788A787E5682E89E0782EF9
:10B8E00098E1492E9AE0592E10E000E0A8A5B9A5EC
:10B8F0008D91B9A7A8A70E94071B382E8823E9F1CC
:10B900000E94E0206B017C01033049F0F3012081AB
:10B910003181428153810E9411F76B017C01D20178
:10B920002D913D914D915C91C701B6010E9411F797
:10B930004B015C012DEB37E346E855EB0E9439F9EA
:10B9400087FD0AC02DEB37E346E855E3C501B40196
:10B950000E9455F018168CF40330F9F0A5019401FB
:10B96000F30160817181828193810E9412F7D3017A
:10B970006D937D938D939C9313970F5FB4E06B0E43
:10B98000711CE4E04E0E511C043009F0AFCF1123BE
:10B9900009F49BCF0E94C39198CFC092240AD09201
:10B9A000250AE092260AF092270A132DE6CF80910D
:10B9B0006105909162058837910511F40C946E65CC
:10B9C00008F0D2C18135910509F403C708F03DC1E3
:10B9D0008931910509F4C3C408F0E3C084319105AD
:10B9E00009F45CC408F084C08131910509F419C4DC
:10B9F00008F058C0029708F000CD80E50E94071BB0
:10BA0000C12CD12C7601882321F00E9474206B0177
:10BA10007C0183E50E94071B882361F00E94E020DF
:10BA200020E030E04AE754E40E94BAF00E945BF85C
:10BA30006B017C010E941A8480915E0590915F05E4
:10BA4000009709F4DBC30E94C82400915E051091A1
:10BA50005F050115110509F4D6C30E94313082E05B
:10BA60008093690960E084E99AE00E94F72FB09022
:10BA700066158FEF8093661580E20E947220C801E0
:10BA80000E941D290E94A32CB09266158AE99AE0B3
:10BA90000E9411300E942D3040E0C701B6010E9483
:10BAA0005450CFCC429709F0A8CC83E50E94071BE5
:10BAB000882309F4B4C60E9408CF60936309709389
:10BAC000640980936509909366090E94E02020E054
:10BAD00030E04AE754E40E94BAF00E945BF86093B9
:10BAE0000202709303028093040290930502A9CC92
:10BAF0008631910509F404C408F4FFC38731910528
:10BB000009F41BC4489709F078CC0E94BE9861E004
:10BB100080E00E94EDA783E50E94071B882321F0A7
:10BB20000E9484200E94E01F84E50E94071B882356
:10BB3000A9F00E9484206B017C010E944396C09270
:10BB40001B07D0921C07E0921D07F0921E07CD281C
:10BB5000CE28CF2819F081E080937C090E946439B7
:10BB6000882381F00E94D6D00E94AF3982EF94E101
:10BB70000E947FD01092570B1092580B1092590BC5
:10BB800010925A0B61E08DEC98E10E94DE2F4DE996
:10BB90005BE16BE07BE085E00E9408C90E9482C8FF
:10BBA00050CC8E31910509F483C498F48B31910502
:10BBB00009F419C408F408C48C31910509F470C45F
:10BBC0004D9709F01ACC8091730D8E7F8093730D81
:10BBD00038CC8B34910509F499C460F58F31910507
:10BBE00009F476C4809709F008CC0E94C13981110C
:10BBF0000E941A848091730D84FF23CC60E080E55D
:10BC00000E94BE20182F682F80915E0590915F05DD
:10BC10000E9476DC83E50E94071B882321F00E94A6
:10BC200084200E94E01F0E94D6D011110ACC0E94ED
:10BC3000AF3907CC8C34910509F46CC48D3491056F
:10BC400009F0DBCB0E949F96FCCB8C36910509F462
:10BC500033C508F054C08C35910509F430C688F519
:10BC60008335910509F4D3C508F4C9C58435910518
:10BC700009F41BCF8535910509F0BFCB83E50E9400
:10BC8000B91A882309F4FDC50E9408CF609363099F
:10BC90007093640980936509909366090E94E0207F
:10BCA00020E030E04AE754E40E94BAF00E945BF8DA
:10BCB00060933E0570933F05809340059093410546
:10BCC000C0CB8936910509F433C440F48836910518
:10BCD00009F093CB80E00E940F38B3CB8A369105F0
:10BCE00009F450C48B36910509F087CB60E080E5FC
:10BCF0000E94A5208111A5CB10926714A2CB813799
:10BD0000910509F419C5A8F48E36910509F45CC4AF
:10BD100008F409C48F36910509F48BC48037910566
:10BD200009F06BCB41E070E060E085E99BE00E94A8
:10BD3000C1388537910509F46AC658F482379105F0
:10BD400009F45DC68337910509F057CB0E94E72CB3
:10BD500078CB8637910509F46EC68737910509F0CF
:10BD60004CCB0E94A0936DCB8239F1E09F0711F478
:10BD70000C946F6908F0F0C08E3C910511F40C949E
:10BD8000EB6608F055C0883C910509F4AFC6E0F4B5
:10BD90008C38910509F4F1C458F48937910509F0FC
:10BDA0002CCB109200091092FF080E94F19349CB0E
:10BDB0008B39910509F4E6C48E3B910509F01DCB42
:10BDC00081E00E9436403DCB8B3C910509F4F4C6DE
:10BDD000B0F4893C910509F010CB8091320684FDC6
:10BDE000C3C680913406887809F0BEC680913506B6
:10BDF000837009F0B9C681E00E945E2F22CB8C3C93
:10BE0000910509F40DC78D3C910509F0F6CA8091A2
:10BE1000320690913306A0913406B0913506892BF5
:10BE20008A2B8B2B09F051C781E00E94CD2E09CBC4
:10BE30008232A1E09A0711F40C946C6808F03EC0BD
:10BE40008C3D910511F40C94CC6778F4833D9105F9
:10BE500009F0D3CA83E50E94B91A882309F4EAC716
:10BE60000E94AF2080933502ECCA8D3D910511F4FC
:10BE70000C9412688831914009F0BFCA80E50E9495
:10BE8000071B882309F4DDCA0E94D0208C01892B6E
:10BE900011F00C945F6883E50E94071B882311F45E
:10BEA0000C9447680E94D02097FF02C00C94416810
:10BEB000BC018FEF9DE00E94CA50C3CA8F32F1E0EF
:10BEC0009F0711F40C94676980F58D32A1E09A0701
:10BED00011F40C94F2688E32914009F08ECA83E519
:10BEE0000E94B91A182F882331F00E94D020909315
:10BEF0001E0280931D0280E50E94B91A811104C0C0
:10BF0000112311F40C94436920911D0230911E02FB
:10BF1000232B11F40C943D69882311F40C9440698F
:10BF20000E94AF20809334078CCA8039E1E09E07DD
:10BF300011F40C946B698139914009F05ECA60E09C
:10BF400082E50E94BE20909156099111BECC682FC7
:10BF500081E00E940094B9CC873F21E0920711F460
:10BF60000C94086B08F0B9C0853AB1E09B0711F456
:10BF70000C94DA69D8F48C39F1E09F0711F40C9431
:10BF8000796938F48A39914009F037CA0E94589289
:10BF900058CA8D39B1E09B0711F40C949A6C843A1D
:10BFA000914009F02ACA0E94CB354BCA843FF1E088
:10BFB0009F0711F40C94006B08F082C08C3AA1E04A
:10BFC0009A0711F40C94556A863E914009F015CAFF
:10BFD00084E50E94B91A8823A1F01092C809109232
:10BFE000C9091092CA091092CB091092C6098FEFA5
:10BFF0000E94122261E070E084E50E94D3208093C9
:10C00000C60983E50E94071B882321F00E94D020E7
:10C010000E9412228091320690913306A09134063C
:10C02000B091350662E0B695A795979587956A9584
:10C03000D1F780FF06C08091C709803210F40E94BA
:10C040002CDF80E50E94071B882331F00E94D0205E
:10C05000803210F40E942CDF85E50E94071B8823A4
:10C0600009F4EFC90E94D020803208F0EAC941E00B
:10C0700050E0082E02C0440F551F0A94E2F7409585
:10C080005095052E000C660B770B0091C809109196
:10C09000C9092091CA093091CB0940235123622359
:10C0A00073234093C8095093C9096093CA097093D8
:10C0B000CB099091C7098913C4C91092C509C1C998
:10C0C000853FE1E09E0711F40C94046B863F91409C
:10C0D00009F093C90E949A9AB4C9833523E0920764
:10C0E00011F40C94996BA8F58C30B2E09B0711F415
:10C0F0000C94116BA0F4883F914009F07EC981E057
:10C100008093B7070E941DA21092B707811199C9A9
:10C110000E94A02C82E49DE00E94772C92C9883571
:10C1200022E0920711F40C94156B8B35924009F0C4
:10C1300064C98091330683FF02C00C94196B80910F
:10C140003406887111F00C94196B81E00E943A2E2C
:10C1500078C9873EB3E09B0711F40C94816CB0F46E
:10C160008C36F3E09F0709F4ADC2803A934009F0A2
:10C1700044C920915E0530915F059091730D9260E6
:10C180009093730DC9010E9481DD5BC9883EA3E0D5
:10C190009A0711F40C94BA6C893E934009F02DC9AA
:10C1A0000E941A848091730D877F8B7F8093730D1B
:10C1B0008091690D81110C94F86C0E94B1280E9445
:10C1C000DC956D3371058105910520F087EB9DE0CD
:10C1D0000E943D6E83EB9DE00E943D6E10916615BE
:10C1E0008FEF809366158FE99DE00E94772C109366
:10C1F00066158BE99DE00E943D6E23C983EB9AE0B2
:10C200000E94C79822CC8091610590916205892B8C
:10C2100029F08BEA9AE00E945A303ECC83EA9AE0F9
:10C22000FACF0E94A81A882391F185E40E94B91AD6
:10C23000882361F080913A0590913B05892B21F08C
:10C240000E94D020811102C00E94B6810DEFE02E25
:10C2500003E0F02E10E0F70121917F01215480913D
:10C26000320690913306A0913406B091350604C091
:10C27000B695A795979587952A95D2F780FF03C025
:10C28000812F0E94F0811F5F133029F7DAC886ECF6
:10C290009AE00E947EC50E941182D3C88091730DDE
:10C2A00084FF24C08EED9AE00E94772C8091730D5C
:10C2B00084FF17C086E895E10E94D27E8BE1E6E814
:10C2C000F5E1DE01119601900D928A95E1F770E09B
:10C2D00060E0CE0101960E9456DECE0101960E94DA
:10C2E000E1288FEC9AE00E94772CABC80E94A02C2A
:10C2F0008FEE9AE00E94772CA4C80E9469D9A1C849
:10C300000E94C13981119DC88091730D84FF99C825
:10C310000E94C6D08091730D8F7E80648093730DD0
:10C320008FEF9FEF90932702809326020E94A02C0C
:10C3300089EF9AE00E94772C84C880915E059091E5
:10C340005F05FC012191222331F02032D9F7DF0172
:10C3500011971C92F7CF60E00E9476DC72C80E94B1
:10C36000C139882329F08091730D8B7F8093730DE1
:10C3700080914507882339F040E060E070E080E07C
:10C3800090E40E94B6220E9483960E9482C847E1F0
:10C390005BE06EE17BE084E00E9408C961E080E739
:10C3A0009BE00E94DE2F0E9408CF685370458F4F9C
:10C3B0009F4F6093BF077093C0078093C10790930E
:10C3C000C2071092C3073DC88091730D84FF39C81E
:10C3D00083E50E94071B882309F433C80E94842048
:10C3E0000E94E01F2EC88091320690913306A091E2
:10C3F0003406B091350612E0B695A79597958795C6
:10C400001A95D1F780FF1BC081E39BE00E94772C37
:10C410008091CD16882371F0BE016F5F7F4F8AEC4B
:10C4200096E10E949E7DCE0101960E941D290E94E8
:10C43000A32C07C887E29BE00E94772CF8CF0E94CC
:10C44000C139811104C00E947239882319F1C0904A
:10C450006B0DD0906C0DE0906D0DF0906E0D809096
:10C460006F0D9090700DA090710DB090720D81E5E0
:10C470009BE00E94772CC501B4010E949F288FE2A7
:10C480000E9416C4C701B6010E949F280E94A32CD7
:10C490000C94215A80E49BE00E94772C0C94215A42
:10C4A00080915E0590915F050E9481DD0C94215A78
:10C4B0008091730D84FD02C00C94215A0E94C1D456
:10C4C00080915E0590915F050E94F3DD0C94215AE6
:10C4D0000E94DC956C8F7D8F8E8F9F8FBE016F5F6A
:10C4E0007F4FCE014C960E94392640E061E0CE019C
:10C4F00001960E94F8970E94A02CBE016F5F7F4FAB
:10C5000083E69BE00E9475DD0C94215A0E94AF39AE
:10C510000C94215A0E94839661E080E79BE00E9480
:10C52000DE2F0C94215A81E00E940F380C94215A7E
:10C530000E94B237182F87FD09C086E79BE00E9452
:10C54000772C812F0E9422A70E94A32C98A9909358
:10C550004305E1960FB6F894DEBF0FBECDBFDF9165
:10C56000CF911F910F91FF90EF90DF90CF90BF90F0
:10C57000AF909F908F907F906F905F904F903F9083
:10C580002F90089560E080E50E94A52081110C9411
:10C59000215A8091320660916714062F80FD02C0F7
:10C5A0000FEF10E083E50E94071B882349F00E94EB
:10C5B00074208B016F3F710519F010F00FEF10E040
:10C5C000009367140C94215A8EE40E94071B882361
:10C5D000B9F00E948420E0915A0222E6E29FF00125
:10C5E0001124E354FD4FE081A7E6EA02F001112493
:10C5F000EC59FA4F60837183828393830C94215AA0
:10C60000E0915A02B2E6EB9FF0011124E354FD4F92
:10C61000E08127E6E202F0011124EC59FA4F408153
:10C6200051816281738189E79BE00E949F2D0C9468
:10C63000215A83E50E94071B882321F00E94942041
:10C640008093CC090E94A02C8EE89BE00E94772C5E
:10C650008091CC09882369F1B4E8EB2EBBE0FB2E76
:10C6600010E000E020E0F701C590D490C114D1049F
:10C67000B9F08091CC0990E0002E02C09595879585
:10C680000A94E2F780FF0CC0BB24B394B20E2223BD
:10C6900019F08CE20E947220C6010E94772C2B2D8B
:10C6A0000F5F1F4F82E0E80EF11C05301105D9F62F
:10C6B000BECE80E89BE0C0CE10920E091092180703
:10C6C0000C94215A83E50E94071B882311F40C94D3
:10C6D000215A0E9494209091690910926909923020
:10C6E000F9F0943009F1913011F00C94215A88231B
:10C6F00099F0813011F00C94215A82E080933D052D
:10C7000080913C05882311F40C94215A1092200248
:10C710000E94E4370C94215A90933D050C94215AC1
:10C72000109218070C94215A84ED98E19093100907
:10C7300080930F090C94215A83E50E94071B8823DC
:10C7400069F00E9494208D3320F4809301020C94B0
:10C75000215A8CE3809301020C94215A0E94A02C50
:10C760001091010283EA9BE00E94772C812F0E94A6
:10C7700029290E94A32C0C94215A80E00E94364063
:10C780000C94215A83E50E94071B882311F40C9412
:10C79000215A0E949420182F8C3308F08CE3809348
:10C7A000780D0E9408CF6B017C01212F30E0A8EEAC
:10C7B000B3E00E94C7F6C60ED71EE81EF91EC0924F
:10C7C000740DD092750DE092760DF092770D0C9469
:10C7D000215A0E94DC85109267140E9433800E94C7
:10C7E0009F960E94B12868EE73E080E090E00E947E
:10C7F00040398AEA9BE00E947EC50C94215A8091C0
:10C80000AA148F7D80618093AA140C94215A809180
:10C81000AA148F7E80628093AA140C94215A0E94DD
:10C82000A81A882351F10E941A8485E40E94B91A3B
:10C8300081110E94AE81ADEFEA2EA3E0FA2E10E046
:10C84000D7012D917D0121548091320690913306BC
:10C85000A0913406B091350604C0B695A79597957A
:10C8600087952A95D2F780FF03C0812F0E94BD8152
:10C870001F5F133029F70C94215A0E94DC850C9419
:10C88000215A60913E0570913F058091400590913D
:10C89000410528EE33E040E050E00E947FF6690158
:10C8A0007A0186EC9BE00E94772CC701B6010E94BA
:10C8B0009F2881EC9BE00E94772C0C94215A0E94C7
:10C8C000B23787FF02C00C94215A8091320684FD52
:10C8D00009C08091340687FD05C0809135068370BC
:10C8E00009F488C0EDEFCE2EE3E0DE2EFDECEF2E56
:10C8F000F9E0FF2E10E0F60181916F010E94071B05
:10C90000882359F0133099F00E94E020D701549603
:10C910006D937D938D939C9357971F5FB4E0EB0EBF
:10C92000F11C143041F70E94F7830C94215A0E94A5
:10C93000E0204B015C0120E030E040EA51E40E943D
:10C9400055F087FF4EC0A50194016091ED097091EB
:10C95000EE098091EF099091F0090E94EEF72B010A
:10C960003C01AC019B0160919B0970919C098091F5
:10C970009D0990919E090E94BAF060939B09709363
:10C980009C0980939D0990939E09A3019201609157
:10C99000FD097091FE098091FF099091000A0E94A3
:10C9A000BAF06093FD097093FE098093FF0990939C
:10C9B000000A6091AB097091AC098091AD0990912A
:10C9C000AE090E9459F0A30192010E94BAF00E94A0
:10C9D0005BF86093AB097093AC098093AD099093B9
:10C9E000AE098092ED099092EE09A092EF09B09203
:10C9F000F00993CF81E00E94E4C70C94215A0E9471
:10CA0000FCC584E29EE00E94EA800C94215A809149
:10CA10005E0590915F05009751F0FC012081222373
:10CA200031F040E061E00E94F8970C94215A0E9496
:10CA300082C80C94215A00915E0510915F0524E094
:10CA40008FEFF12C30E0215009F1D8019C91492F52
:10CA50004B7F4134A1F411964C914133B9F4913498
:10CA6000B1F1953409F431E0A8014E5F5F4F8A01BE
:10CA70004F5F5F4FD8019C919032C9F3E4CF90355E
:10CA800029F4F801918190539A30F8F0E0906615FE
:10CA9000833000F5882301F19FEF980F81E001C0FA
:10CAA000880F9A95EAF78093661531110E94A02CA1
:10CAB000FF2021F08AED9BE00E94772CC8010E94A4
:10CAC0008E28E09266150C94215A892FCDCFFF2431
:10CAD000F394CACF8E2DE7CF8FEFE5CF10930009E7
:10CAE0001093FF080E94F1930C94215A8091320612
:10CAF00083FD09C0809134068C7029F481E00E9486
:10CB0000952F0C94215A0E94B237182F87FF02C02C
:10CB10000C94215A0091520784E40E94071BF82EBE
:10CB20008823B1F00E94E0204B015C0120E030E05E
:10CB3000A9010E9455F08823A9F0B4E01B02F0017E
:10CB40001124E25BF84F80829182A282B3820F2D82
:10CB5000602F83E50E94BE20809352070E94B78613
:10CB60000C94215A80E0F8CF0E94B23787FF02C0B0
:10CB70000C94215A0DEF13E07DECE72E79E0F72EAF
:10CB8000F80181918F010E94071B882361F00E94A8
:10CB9000E0200E945BF8D7016D937D938D939C9369
:10CBA00013970E94A983B4E0EB0EF11CE4E001307E
:10CBB0001E0731F70C94215A8091320684FD0DC076
:10CBC00080913406887849F480913506837029F481
:10CBD00081E00E94372F0C94215A0E94B23787FFC0
:10CBE00002C00C94215A6DEFE62E63E0F62E10E0A1
:10CBF00000E0D7018D917D010E94071B882349F039
:10CC00000E94E020F801E353F64F64A375A386A3C6
:10CC100097A30C5F1F4F0031110559F70C94215A4F
:10CC20008091330687FD09C0809134068E7029F407
:10CC300081E00E94182F0C94215A83E50E94071B63
:10CC4000882391F00E94E0206093010A7093020A09
:10CC50008093030A9093040A6093090A70930A0A66
:10CC600080930B0A90930C0A80E50E94071B88238F
:10CC700051F00E94E0206093010A7093020A8093B1
:10CC8000030A9093040A82E50E94071B882351F04F
:10CC90000E94E0206093050A7093060A8093070AB9
:10CCA0009093080A84E50E94071B882311F40C94D2
:10CCB000215A0E94E0206093090A70930A0A809327
:10CCC0000B0A90930C0A0C94215A82E40E94071BD1
:10CCD000882351F00E9474206093DD097093DE096F
:10CCE0008093DF099093E00983E50E94071B882366
:10CCF00051F00E94E02060930D0A70930E0A809319
:10CD00000F0A9093100A84E50E94071B882351F0B4
:10CD10000E94E0206093110A7093120A8093130A14
:10CD20009093140A88E50E94071B882351F00E9403
:10CD3000E02060938F0970939009809391099093FC
:10CD4000920989E50E94071B882351F00E94E02088
:10CD50006093930970939409809395099093960931
:10CD60008AE50E94071B182F882351F00E94E020BB
:10CD700060939709709398098093990990939A0901
:10CD800085E40E94071B882351F00E94E0206093F5
:10CD90009B0970939C0980939D0990939E09112390
:10CDA00011F40C94215A2DEC3CEC4CEC5DE36091B9
:10CDB0009709709198098091990990919A090E9418
:10CDC00055F0181614F40C94215A8DED9BE00E9436
:10CDD000772C0C94215A8091320690913306A091C1
:10CDE0003406B09135060DEF13E052E0E52E59E020
:10CDF000F52E892B8A2B8B2B29F481E00E94AE2EF5
:10CE00000C94215AF80181918F010E94071B8823FD
:10CE100041F00E94E020D7016D937D938D939C9308
:10CE20001397B4E0EB0EF11CE4E000301E0751F75D
:10CE30000C94655C10913502105D8BE29CE00E94C1
:10CE4000772C812F0E9416C48091350261E67FE124
:10CE5000811102C06DE57FE187E29CE00E94BB2F5B
:10CE60008091370290913802A0913902B0913A0234
:10CE70008C8F9D8FAE8FBF8F80913B0290913C0233
:10CE8000A0913D02B0913E0288A399A3AAA3BBA39F
:10CE900080913F0290914002A0914102B0914202E4
:10CEA0008CA39DA3AEA3BFA3CE014C960E946F1A84
:10CEB0008091430290914402A0914502B0914602B4
:10CEC00089839A83AB83BC83809147029091480207
:10CED000A0914902B0914A028D839E83AF83B887A7
:10CEE00080914B0290914C02A0914D02B0914E0264
:10CEF00089879A87AB87BC87CE0101960E946F1AFB
:10CF0000CCA0DDA0EEA0FFA048A059A06AA07BA005
:10CF10008C8C9D8CAE8CBF8C8FE19CE00E94772C1A
:10CF2000B501A4018FE09CE00E948D2CB301A20109
:10CF300089E090E30E948D2CB701A60186E090E382
:10CF40000E948D2C8DE19CE00E94772CC984DA84AC
:10CF5000EB84FC844D805E806F80788489809A8029
:10CF6000AB80BC8085E19CE00E94772CB501A401D8
:10CF70008FE09CE00E948D2CB301A20189E090E338
:10CF80000E948D2CB701A60186E090E30E948D2CB3
:10CF90000E94A32C0C94215A809132069091330662
:10CFA000A0913406B0913506609111027091120281
:10CFB0000097A105B10551F487E39CE00E94EA3790
:10CFC00084E39CE00E94772C0C94215A8C019D01F3
:10CFD00041E136952795179507954A95D1F700FFBA
:10CFE00008C020910602309107023093120220936C
:10CFF0001102B695A7959795879580FF04C0709309
:10D0000007026093060283E50E94071B882311F440
:10D010000C94215A0E94D020909312028093110206
:10D020000C94215A0E94B237182F87FF02C00C942B
:10D03000215A83E50E94071B882341F00E94D020DB
:10D04000BC01812F0E94131B0C94215A0E94A02C1A
:10D0500085E40E9416C480E3810F0E947220E12FB4
:10D06000EE0FFF0BE95EFD4F608171818BE39CE069
:10D070000E94EA3785E20E9472200E94A32C0C9441
:10D08000215A8FEF9DE00E9499500C94215A0E94E2
:10D09000A02C70E060E086E49CE00E94EA378FEF0D
:10D0A0009DE00E946B1B8C0183E49CE00E94772C26
:10D0B000C8010E94DE370E94A32C0C94215A0E94C2
:10D0C0009D2CB8018DE59CE00E94EA378EE49CE03F
:10D0D0000E94772C0C94215A8AE50E94071B882312
:10D0E00009F45CC00E94E02020E030E040E050EC19
:10D0F0000E9455F0C12CD12CE12C20ECF22E87FDA2
:10D1000013C00E94E02020E030E040E050E40E94A4
:10D1100039F9C12CD12CE12C90E4F92E181624F009
:10D120000E94E0206B017C012091E9093091EA091D
:10D130004091EB095091EC09C701B6010E94BAF089
:10D140000E9456F8CB010E944DCF61E080E50E941D
:10D15000BE20882341F1A701960160910A0E7091CB
:10D160000B0E80910C0E90910D0E0E9412F76093A1
:10D170000A0E70930B0E80930C0E90930D0E0E946E
:10D18000A02C40910A0E50910B0E60910C0E7091E4
:10D190000D0E83E79CE00E949D2E05C083E50E9452
:10D1A000071B81119FCF8091340687FD14C08091A9
:10D1B0003506837081F40E94A02C40910A0E509194
:10D1C0000B0E60910C0E70910D0E84E69CE00E9497
:10D1D0009D2E0C94215A82E50E94B91A8111EBCF41
:10D1E0000C94215A8091320683FD09C08091330648
:10D1F000817829F481E00E94612E0C94215A80E507
:10D200000E94071B882351F00E94E0206093A80D24
:10D210007093A90D8093AA0D9093AB0D89E40E94A1
:10D22000071B882381F00E94E02021E732EB47E2D0
:10D230005EE30E94BAF06093AC0D7093AD0D8093E5
:10D24000AE0D9093AF0D84E40E94071B882381F0FC
:10D250000E94E02021E732EB47E25EE30E94EEF716
:10D260006093B00D7093B10D8093B20D9093B30D98
:10D2700081E08093970D0C94215A81E00C94925F89
:10D2800080E00C94925F0E94A02CE0901D02F09030
:10D290001E028091340706E81CE0811102C002E8FA
:10D2A0001CE08DE99CE00E94772CC8010E94772C3D
:10D2B0008CE89CE00E94772CC7010E94DE3789E849
:10D2C0009CE00E94772C0E94A32C0C94215A0E946F
:10D2D0007B300C94215A0E941A840C94215A60E0ED
:10D2E00082E50E94BE200E94A1280E9475920C94A3
:10D2F000215A8091320687FD28C0809134068670BD
:10D3000021F50E94A02C8091200201E61FE18111ED
:10D3100002C00DE51FE182EC9CE00E94772CC80161
:10D320000E94772C8091420501E61FE1811102C025
:10D330000DE51FE180EB9CE00E94772CC8010E9464
:10D34000772C0E94A32C0C94215A88E40E94B91ACD
:10D35000882321F00E94AF2080934205C0903206BE
:10D36000D0903306E0903406F090350681E1F694D3
:10D37000E794D794C7948A95D1F7F1E0CF22DD24C2
:10D38000EE24FF2483E50E94B91A182FCD28CE2859
:10D39000CF2821F4882311F40C94215A0E94E437F9
:10D3A000112311F40C94215A0E94AF208093200283
:10D3B0000C94215A6FEF7FEF89E40E94D320082F4D
:10D3C0006FEF7FEF8AE40E94D320182F8AE50E9436
:10D3D000071BD12C811107C081E50E94071BD82EA5
:10D3E000882309F410C4C02E81E0800F863008F035
:10D3F00054C0912E81E0810F863008F04EC00E940B
:10D40000E0202B013C01F02E07FDF12C07FF02C0AC
:10D4100004E0C02E812E17FD812C17FF02C014E0FE
:10D42000912EB5E03B2ECF14A0F1E82C3F9C50018B
:10D4300011249E1460F10E2D10E020E030E0A901CF
:10D44000DD2069F0F501E00FF11FEE0FFF1FEE0F79
:10D45000FF1FED5AF84F20813181428153810A0D1F
:10D460001B1D000F111F000F111F0D5A184FC30174
:10D47000B2010E9412F7D8016D937D938D939C9316
:10D4800013976E2D8F2D0E94E4A1E394D2CFF394D5
:10D49000CACF0E94872B0C94215A0E949D2C83EFA7
:10D4A0009CE00E94772C0C94215A87E00E943AACB1
:10D4B00081110C94215A7FE3C72E7CE1D72EE8E13D
:10D4C0002E2EEAE03E2E8E010F5F1F4FF12CE12C35
:10D4D000F6016591759185919491F10181909190FA
:10D4E000A190B1901F01A50194010E9411F72B0199
:10D4F0003C01D8014D925D926D927C92139720E091
:10D5000030E040EA51EC0E9439F987FD0AC020E082
:10D5100030E040EA51E4C301B2010E9455F0181610
:10D520007CF4F701E853F14DE4911E164CF4B7FA80
:10D53000B094B7F8B094F80180829182A282B3824D
:10D54000D8018D909D90AD90BC9020E030E040EAF5
:10D5500051ECC501B4010E9439F987FD43C020E0B8
:10D5600030E040EA51E4C501B4010E9455F01816BC
:10D57000CCF1BFEFEB1AFB0AE4E0CE0ED11C0C5F3E
:10D580001F4FF3E0EF16F10409F0A2CF89819A81D1
:10D59000AB81BC818093020990930309A093040995
:10D5A000B09305098D819E81AF81B885809306096E
:10D5B00090930709A0930809B093090989859A8572
:10D5C000AB85BC8580930A0990930B09A0930C0945
:10D5D000B0930D090E9475928CE09DE00E947EC57B
:10D5E0000C94215A0E949D2C8CE29DE00E94772C85
:10D5F00041E061E08CE19DE00E942D980C94215A5D
:10D600000E94329C0C94215A0E945BA60C94215AD1
:10D6100061E083E50E94BE2081270E9418820C945D
:10D62000215A0E94D0970C94215A0E94A5550C941F
:10D63000215A0E94B237082F87FF02C00C94215A4A
:10D6400085E50E94071B882361F10E94E0204B01C1
:10D650005C01E02E002E000CFF0820E030E0A90164
:10D660000E9439F987FF04C0B7FAB094B7F8B094B4
:10D6700020E030E048E453E4C501B4010E9439F9E8
:10D68000970153E0220F331F5A95E1F72A5B384F79
:10D690001816D4F1D90114968D929D92AD92BC9238
:10D6A00017978CE40E94071B882311F40C94215ACD
:10D6B0000E94E0206B017C01002E000C110B20E089
:10D6C00030E0A9010E9439F987FF04C0F7FAF0940D
:10D6D000F7F8F09420E030E048E453E4C701B601E5
:10D6E0000E9439F9980143E0220F331F4A95E1F770
:10D6F0002A5B384F181694F0D901CD92DD92ED9245
:10D70000FC9213970C94215A80E090E0A8E4B3E4D3
:10D71000F90184839583A683B783C3CF80E090E02B
:10D72000A8E4B3E4F90180839183A283B3830C94CA
:10D73000215A8091340687FD09C080913506837097
:10D7400029F481E00E94A62C0C94215A3090020EFC
:10D750004090030E5090040E6090050E7090060EDF
:10D760008090070E2090080EF091090EF8A7C09047
:10D770000A0ED0900B0EE0900C0EF0900D0E88E586
:10D780000E94071B182F882309F48AC00E94E020FA
:10D79000962EA72EB82E092F20E030E048EC53EC4F
:10D7A0000E9439F987FD0DC020E030E048EC53E4D9
:10D7B000692D7A2D8B2D902F0E9455F018160CF0A4
:10D7C00071C060E77EEF89E89DE00E94EA3760E97A
:10D7D00071E084E89DE00E94EA3781E89DE00E94C4
:10D7E000772C10E089E50E94071B882361F10E94D5
:10D7F000E020962EA72EB82E092F20E030E048EC2E
:10D8000053EC0E9439F987FD0DC020E030E048EC70
:10D8100053E4692D7A2D8B2D902F0E9455F0181608
:10D820000CF044C060E77EEF8FE69DE00E94EA378F
:10D8300060E971E08AE69DE00E94EA3787E69DE0B4
:10D840000E94772C10E08AE50E94071B882399F13B
:10D850000E94E0206B017C0120E030E040EA51ECC6
:10D860000E9439F987FD0AC020E030E040EA51E427
:10D87000C701B6010E9455F01816ECF46CEE7FEF6C
:10D8800085E59DE00E94EA3764E170E080E59DE077
:10D890000E94EA378DE49DE00E94772C0C94215A77
:10D8A00011E0A0CF392C2501602E9CCF792C8A2C39
:10D8B0002B2C08A7C8CF112311F40C94215A832DC7
:10D8C000942DA52DB62D8093020E9093030EA09358
:10D8D000040EB093050E872D982DA22DB8A5809328
:10D8E000060E9093070EA093080EB093090EC092F7
:10D8F0000A0ED0920B0EE0920C0EF0920D0E0C94CC
:10D90000215A83E0809351091092170A60E083E561
:10D910000E94BE2081110C94215AE0915A0222E605
:10D92000E29FF0011124E354FD4F80810E94AF2D4E
:10D930000C94215A8091320690913306A0913406BE
:10D94000B0913506892B8A2B8B2B29F481E00E941C
:10D95000C42F0C94215A83E50E94B91A882311F42C
:10D960000C94215A0E94AF20809345070E94CE3923
:10D970000C94215A0E94CF28882311F40C94215A28
:10D980008091320690913306A0913406B09135060D
:10D99000AC01BD0132E176956795579547953A956B
:10D9A000D1F740FF06C061E088EF0E94EA990C942D
:10D9B000215A22E0B695A795979587952A95D1F794
:10D9C00080FF12C00E94B1288091190783508230D5
:10D9D00010F00C94215A60E083E00E942BC485E093
:10D9E000809352090C94215A0E9458DF0C94215ABA
:10D9F0000E9416DC81110C94215A0C94DD601111E7
:10DA000007C011E000913506017001130C94F25A21
:10DA10008C2D8170012F81130C94F25A11E001E0DA
:10DA20009924939482E50E94071B882309F4C0C0BF
:10DA30000E94E0202B013C0120E030E0A9010E947F
:10DA400055F0FF24F3948111CAC00E940E520E9427
:10DA5000DA51112319F080E00E946394002319F039
:10DA600081E00E946394992011F40C94085B8091EA
:10DA7000320690913306A0913406B091350667E0E6
:10DA8000B695A795979587956A95D1F780FD8BC038
:10DA900083E00E943AAC81110C941E5B0E941A92A2
:10DAA0008091200A9091210AA091220AB091230A24
:10DAB0008CA79DA7AEA7BFA780932807909329079F
:10DAC000A0932A07B0932B0700910E0E10910F0E12
:10DAD000D8012D913D914D915C9160E070E088E41A
:10DAE00093E40E9411F72B013C01409220075092D1
:10DAF00021076092220770922307F8012481358163
:10DB00004681578160E070E088E493E40E9411F759
:10DB100068A779A78AA79BA7609324077093250716
:10DB2000809326079093270727E137EB41ED58EBC9
:10DB30000E9439F987FF02C00C94FE5A23E030E0BE
:10DB400048EC53E468A579A58AA59BA50E9455F0E9
:10DB5000181614F40C94FE5A27E137EB41ED58EBFC
:10DB6000C301B2010E9439F987FF02C00C94FE5A2A
:10DB700023E030E048EC53E4C301B2010E9455F0C9
:10DB8000181614F40C94FE5AA12CB12C6501ECA4C7
:10DB9000FDA40EA51FA528A539A54AA55BA5C3010F
:10DBA000B2010E94609082E00E9463940C94085B32
:10DBB000F12E111103C0F92C0111F02E4091B8077C
:10DBC00041110C94F85A84E00E94C78E81110C9484
:10DBD000F75A412C512C70E8672E70E4772E209173
:10DBE000200A3091210A4091220A5091230AC30150
:10DBF000B2010E9412F740E0FF2009F42ACF20E092
:10DC00000E94219122CF0E949D2C83ED9CE00E94D6
:10DC1000772C0C94215A882309F4F3CEFFCEDF929F
:10DC2000EF92FF920F931F93CF93DF93EC01E0905D
:10DC30006D09F0906E098AE0D82E6AE070E0CE019E
:10DC40000E9418FA8C01009711F0FC011082CE019D
:10DC50000E94182781E00E94B5590115110519F09D
:10DC6000E801D992EACFC701DF91CF911F910F91BF
:10DC7000FF90EF90DF900C941827CF92DF92EF92F5
:10DC8000FF920F931F93CF93DF93CDB7DEB7C156AB
:10DC9000D1090FB6F894DEBF0FBECDBF8C01C09086
:10DCA0006D09D0906E096AE070E0C8010E943DEFF6
:10DCB0007C01801B910BE114F10419F4C8010E944E
:10DCC00063EF1982A2961FAEA297AC018036910530
:10DCD00014F040E650E04F5F5F4FB801CE0101966F
:10DCE0000E944FEFCE0101960E94182781E00E940A
:10DCF000B559E114F10421F087010F5F1F4FD3CF15
:10DD0000C6010E941827CF59DF4F0FB6F894DEBF27
:10DD10000FBECDBFDF91CF911F910F91FF90EF907C
:10DD2000DF90CF9008954F925F926F927F928F9283
:10DD30009F92AF92BF92CF92DF92EF92FF920F939A
:10DD40001F93CF93DF93CDB7DEB7EE970FB6F8945E
:10DD5000DEBF0FBECDBF88E0E8E1FAE0DE019096BD
:10DD600001900D928A95E1F788E50E94071B8823B0
:10DD700081F00E94E020209157093091580940918C
:10DD8000590950915A090E9411F768A379A38AA3EF
:10DD90009BA389E50E94071B882381F00E94E02055
:10DDA00020915B0930915C0940915D0950915E09B9
:10DDB0000E9411F76CA37DA38EA39FA3CE01809632
:10DDC0000E941EC9882309F4DBC080E00E94442918
:10DDD0000E94199081E091E150DF61E085E40E94AA
:10DDE000BE202CA13DA14EA15FA12FAB38AF49AF02
:10DDF0005AAF48A059A06AA07BA0E12C082FC3010C
:10DE0000B2010E9450CA6B017C01AC019B010E94CF
:10DE1000C1F9811187C0209157093091580940916B
:10DE2000590950915A09C301B2010E9412F74B01DE
:10DE30005C0120915B0930915C0940915D09509132
:10DE40005E096FA978AD89AD9AAD0E9412F76BAFEC
:10DE50007CAF8DAF9EAF4FE150E06AEF70E1CE0135
:10DE600001960E944FEF8AAA9BAAACAABDAA82E0A3
:10DE70008EABBE016E5C7F4FCE0101960E94EE1FFD
:10DE80005C01DC010D900020E9F7CD0101978A19B2
:10DE90009B098E31910550F44FE150E0481B590B1E
:10DEA00066EF70E18A0D9B1D0E944FEF2BAD3CADDC
:10DEB0004DAD5EAD2DA73EA74FA758AB82E089AB15
:10DEC000BE01635D7F4FC5010E94EE1F5C01C8A6C5
:10DED000D9A6EAA6FBA683E08CA7D5010D90002069
:10DEE000E9F7CD0101978A199B098E31910550F40C
:10DEF0004FE150E0481B590B62EF70E18A0D9B1D0A
:10DF00000E944FEFBE01685D7F4FC5010E94EE1F6A
:10DF1000CE0101960E948E2840E060E0CE0101967D
:10DF20000E94F8970E940090E090200AF090210A49
:10DF30000091220A1091230AA12CB12C65012FA96E
:10DF400038AD49AD5AADC301B2010E9460900E9444
:10DF50007592EE960FB6F894DEBF0FBECDBFDF917F
:10DF6000CF911F910F91FF90EF90DF90CF90BF90D6
:10DF7000AF909F908F907F906F905F904F9008959B
:10DF800081EE90E10E94772C0E94A32C81EE90E11B
:10DF90000E947EC5DECF1F93CF93DF9380915A02FC
:10DFA00092E6899FE0011124FE01E354FD4F208198
:10DFB00090E0283028F491E001C0990F2A95EAF703
:10DFC000109166159093661580938E09C45ADD4FA3
:10DFD0008091CC0980FF05C00E94A02CCE010E9438
:10DFE0008E28CE010E94182780E00E94B559109318
:10DFF0006615DF91CF911F910895DC01680F791F9D
:10E0000090E080E02D91E92FFF27E227EE0FFF1F20
:10E01000E156F74D25913491982F88278227932731
:10E020006A177B0779F708950F931F93CF93DF93B8
:10E03000CDB7DEB760970FB6F894DEBF0FBECDBF89
:10E040008C01DC01ED91FC910280F381E02DBE0199
:10E050006F5F7F4F1995882309F464C08981807CA4
:10E06000C9F56F81637070E0762F6627770F770FA1
:10E070008885B4E08B9FC0011124682B792B89859A
:10E080008295869586958370682B6F5F7F4F90E0B1
:10E0900080E02A852370220F3B8537FB332730F938
:10E0A000232B3E813F70230F3327331F2750310925
:10E0B00004C0660F771F881F991F2A95D2F76096B4
:10E0C0000FB6F894DEBF0FBECDBFDF91CF911F9189
:10E0D0000F910895803419F568856695669570E00E
:10E0E00090E080E0CB01772766272A85622B09859F
:10E0F00010E0102F0027012E000C220B330B602B99
:10E10000712B822B932B6F5F7F4F8F4F9F4F4AE076
:10E11000660F771F881F991F4A95D1F7D0CF8BE0E4
:10E12000F801848360E070E0CB01C9CF0895FC0161
:10E1300082810895CF93DF93C091940DD091950D76
:10E1400081E0CE31D105E4F020E030E040E05FE353
:10E150006091900D7091910D8091920D9091930D21
:10E160000E9412F70E9456F86C1B7D0B77FF03C0CC
:10E1700071956195710981E0653071050CF080E061
:10E18000DF91CF910895FC0190E1ADE6B8E00190F8
:10E190000D929A95E1F708950F931F932091210214
:10E1A000203148F0F4E09695879577956795FA9534
:10E1B000D1F722952F70243048F0E2E096958795AC
:10E1C00077956795EA95D1F726952695223020F028
:10E1D0009695879577956795611528E07207810573
:10E1E0009105C8F081114BC023E0729FA00111245A
:10E1F00040525C4DFA0125913491FA013296E49136
:10E200006E9F412D1124000C411DC901841B9109F1
:10E210001F910F910895613271058105910550F1AB
:10E2200060527109810991098B019C0183E0369547
:10E230002795179507958A95D1F7000F111F000FA5
:10E24000111F0052104EF80125913491F8013296B9
:10E25000459154916770649FC001659F900D112492
:10E2600043E0969587954A95E1F7A901481B590B1C
:10E27000CA01CECFE0EEFFE185919491C9CF8EE146
:10E2800090E0C6CF90916F0081E091FD02C080E0E8
:10E29000089590916F009D7F90936F000895FC0109
:10E2A0007081472F50E0062E02C0559547950A947D
:10E2B000E2F740FF14C040911F0750E0062E02C055
:10E2C000559547950A94E2F740FF09C021E030E0F8
:10E2D00001C0220F6A95EAF720952723208308952D
:10E2E000DC01ED91FC911197208130E012968C9128
:10E2F000F90102C0F595E7958A95E2F7CF018170A3
:10E3000008958091590281110DC080910F0990915B
:10E310001009892B39F481E090911109911103C002
:10E3200080E0089581E008959B01692F782F832F65
:10E33000922F0895CF93DF93FC019281992369F086
:10E34000C481D581209749F0923051F0943071F01A
:10E35000913019F4FB0180818883DF91CF9108957A
:10E36000FB018081918198278927F6CFFB0160818D
:10E37000718182819381D8DF6883EFCF9B01692F00
:10E38000782F832F922F08950895089510928F0665
:10E3900081E008951092920688EC90E090930D022F
:10E3A00080930C0281E008958FEF809310028AE041
:10E3B00090E090930B0280930A0281E00895E9E6D1
:10E3C000F6E0118210821382128281E00895CF93C9
:10E3D000DF93C091940DD091950D209729F1609114
:10E3E000900D7091910D8091920D9091930D0E94DE
:10E3F00056F86E5F7F4F26976C177D07ACF47093CD
:10E40000DF076093DE070E9408CF60547B428E4F87
:10E410009F4F6093E0077093E1078093E20790932A
:10E42000E307DF91CF9108951092E0071092E10782
:10E430001092E2071092E307F4CFCF93DF93EC0141
:10E440008D810E94805460E08B81DF91CF910C948C
:10E45000E2CDAF92BF92DF92EF92FF920F931F93A4
:10E46000CF93DF9300D000D0CDB7DEB77C01D62E9E
:10E47000122F032FB42EA52EE0DF0E94B7CF1E82ED
:10E480001D828D2D80648983AA82BB820C831D83AB
:10E490008E010F5F1F4FCE010696D801E0E02D914F
:10E4A000F0E0EE0FFF1FE227E156F84DE491A817C8
:10E4B000B907A9F7EE0FE160EE83580186E0A80ED8
:10E4C000B11CF80181918F010E9474540A151B053B
:10E4D000C1F7FCE0DF1202C00E94795410E00E94F4
:10E4E0007954F701868387FF04C01F3F11F01F5F37
:10E4F000F6CF26960FB6F894DEBF0FBECDBFDF91E4
:10E50000CF911F910F91FF90EF90DF90BF90AF9050
:10E51000089561E0FC0183810E94E2CD8FEF0C94AD
:10E5200074540F931F93CF938C0187DF0E94B7CF52
:10E53000C82F81110AC082E1F8018483C801E9DF94
:10E540008C2FCF911F910F9108958DEF0E947454DD
:10E550000E94B7CFC82FF2CF8F929F92AF92BF92F7
:10E56000CF92DF92EF92FF920F931F93CF93DF939F
:10E57000EC016A017B01590120E030E0A90167E369
:10E5800068DFA501980167E1CE0163DF811125C035
:10E590008F81833039F089E0CC0CDD1CEE1CFF1C30
:10E5A0008A95D1F7A701960169E1CE0152DF11E00A
:10E5B000882319F010E087E08C83CE01AADF812F39
:10E5C000DF91CF911F910F91FF90EF90DF90CF904F
:10E5D000BF90AF909F908F90089589E08C8310E05A
:10E5E000ECCFEF92FF920F931F93CF93DF93EC0149
:10E5F000E62E8A0160E072E0CA01FFDCF82E892F66
:10E60000EEBCF80198013E5F0DB407FEFDCF90818E
:10E610009EBD0DB407FEFDCF91819EBD3296E217DF
:10E62000F30791F70DB407FEFDCF0E9474548F2DB0
:10E630000E9474540E9479548E838F71853061F0EA
:10E6400083E18C83CE0165DF80E0DF91CF911F9164
:10E650000F91FF90EF90089581E0F7CFEF92FF9236
:10E660001F93CF93DF93EC017B01E7DE0E94B7CFCE
:10E67000182F81110BC085E18C83CE014ADF812FD9
:10E68000DF91CF911F91FF90EF900895A7016CEF5C
:10E69000CE01A7DF182FF1CF0F931F93CF93DF93F6
:10E6A000EC0189018F81833039F089E0440F551FD7
:10E6B000661F771F8A95D1F79A01AB0168E1CE01F9
:10E6C000C8DE882321F086E08C8310E007C0A80113
:10E6D0006EEFCE0186DF811109C011E0CE0119DF96
:10E6E000812FDF91CF911F910F9108950E94B7CF95
:10E6F000182F811103C087E18C83F0CF20E030E038
:10E70000A9016DE0CE01A5DE811104C00E947954FB
:10E71000882319F386E1D8CF1F93CF93DF93EC01C1
:10E720008CDE20E030E0A9016CE0CE0192DE11E049
:10E73000882319F010E083E08C83CE01EADE812F7C
:10E74000DF91CF911F9108951F93CF93DF93EC0139
:10E750008F81833039F089E0440F551F661F771F82
:10E760008A95D1F79A01AB0162E1CE0172DE11E028
:10E77000882319F010E085E08C83CE01CADE812F5A
:10E78000DF91CF911F9108958F929F92AF92BF9288
:10E79000CF92DF92FF920F931F93CF93DF93EC0101
:10E7A0008B016A010E9408CF4B015C012CE2820EB2
:10E7B00021E0921EA11CB11C0E9479548E838F3FD0
:10E7C00099F40E9408CFA5019401261B370B480B32
:10E7D000590BDA01C901181619061A061B0664F34B
:10E7E00081E18C8310E028C08E3F09F03EC0C60155
:10E7F00001972FEF2EBDF8014FEF0DB407FEFDCFAF
:10E800002EB521934EBD9F01201B310B28173907D0
:10E81000A0F30DB407FEFDCF2EB5800F911FFC01B4
:10E8200020830E947954F82E0E947954B82E80914A
:10E830002502811110C011E0CE016BDE812FDF9126
:10E84000CF911F910F91FF90DF90CF90BF90AF902D
:10E850009F908F900895B601C801CFDB3F2D2B2DDF
:10E860008217930741F38BE1BCCF8FE0BACF0F93B0
:10E870001F93CF93DF93EC018B01DFDD40E052E08B
:10E88000B801CE01DF91CF911F910F917DCFAF9253
:10E89000BF92CF92DF92EF92FF920F931F93CF938D
:10E8A000DF93EC016A017B0159018F81833039F0DC
:10E8B00089E0CC0CDD1CEE1CFF1C8A95D1F713E01F
:10E8C00004E0A701960161E1CE01C3DD882369F070
:10E8D0000C83CE011EDE1150D1F020E030E0A90102
:10E8E0006CE0CE01B6DD1C82ECCF40E052E0B50119
:10E8F000CE014ADF882369F3DF91CF911F910F91F9
:10E90000FF90EF90DF90CF90BF90AF90089580E0A0
:10E91000F3CF8F929F92AF92BF92CF92DF92EF92FE
:10E92000FF920F931F93CF93DF93EC01062F1F826B
:10E930001C824B830E9408CF6B017C0120EDC20E2C
:10E9400027E0D21EE11CF11CA89561E08B810E949A
:10E95000E2CD8B810E94B9C7209A289A219A2398E8
:10E96000229A81E00E94805485E08D830E94805429
:10E970001AE08FEF0E9474541150D9F7A89520E047
:10E9800030E0A90160E0CE0164DD8E838130B1F01A
:10E990000E9408CFA7019601261B370B480B590B85
:10E9A000DA01C901181619061A061B0644F381E09C
:10E9B0008C83CE01AEDD1A8280E081C021E030E0A0
:10E9C00040E050E06BE3CE0144DD91E0813009F09E
:10E9D00090E090932502A8952AEA31E040E050E0CB
:10E9E00068E0CE0136DD853069F581E08F83A8953A
:10E9F0008F81812C912C5401823029F4812C912C0F
:10EA0000A12C80E4B82E20E030E0A90167E3CE011C
:10EA100020DDA501940169E2CE011BDD8E838823F0
:10EA200069F10E9408CFA7019601261B370B480BFE
:10EA3000590BDA01C901181619061A061B061CF330
:10EA40008AE0B6CF14E00E9479548E831150D9F732
:10EA50008A3A11F482E0CACF0E9408CFA70196013A
:10EA6000261B370B480B590BDA01C901181619067A
:10EA70001A061B060CF4B0CF82E09ACF8F81823049
:10EA8000B9F420E030E0A9016AE3CE01E2DC88239A
:10EA900011F088E08DCF0E947954807C803C11F485
:10EAA00083E08F830E9479540E9479540E947954A4
:10EAB000CE012FDD81E08A83073070F40D83DF9172
:10EAC000CF911F910F91FF90EF90DF90CF90BF906B
:10EAD000AF909F908F90089588E18C836DCF0F93B6
:10EAE0001F93CF93DF93EC018B0120E030E0A9016D
:10EAF00069E0AFDC811109C040E150E0B801CE010E
:10EB0000DF91CF911F910F913FCE80E18C83CE0199
:10EB100000DD80E0DF91CF911F910F910895CF9399
:10EB2000C82FB0DB94E0C99F90011124F901EF597F
:10EB3000F74F2359374FD9014D915D916D917C91DC
:10EB4000408351836283738391E0909360088823AC
:10EB500019F0CF910C945A2CCF910895CF93DF9355
:10EB600000D0CDB7DEB78091FA0778998DC081606B
:10EB70008093FA078091FA07029988C08260809397
:10EB8000FA07909100018091FA0793FF81C0846099
:10EB90008093FA078091FA079091F907981709F482
:10EBA00079C092E09093F8078093F907809100096B
:10EBB000811105C080915609882309F478C085EB3E
:10EBC0009DE09A8389831B82CE01019689DB88238D
:10EBD000A1F084EB9DE09A838983CE01019680DBCE
:10EBE00081110BC08091F70780FF07C08091540905
:10EBF00081608093540980E092DF85EB9DE09A83E9
:10EC0000898381E08B83CE0101966ADB8823A1F0A2
:10EC100084EB9DE09A838983CE01019661DB8111AB
:10EC20000BC08091F70781FF07C080915409826073
:10EC30008093540981E073DF85EB9DE09A8389839B
:10EC400082E08B83CE0101964BDB882381F184EB3C
:10EC50009DE09A838983CE01019642DB811127C012
:10EC600080915609882319F18091F70782FF1FC010
:10EC70008091540984608093540982E00F900F9032
:10EC80000F90DF91CF914BCF8E7F72CF8D7F77CF5B
:10EC90008B7F7ECF8091F807882309F487CF81503E
:10ECA0008093F807811182CF9093F7077FCF0F9061
:10ECB0000F900F90DF91CF9108954091B70721E019
:10ECC000422761E070E00C9483C74091B70721E0D0
:10ECD00042276CE070E00C9483C74091B70721E0B5
:10ECE000422762E070E00C9483C74091B70721E0AF
:10ECF000422761E070E00C9483C74091B70721E0A0
:10ED0000422768E070E00C9483C74091B70721E088
:10ED100042276CE070E00C9483C74091B70721E074
:10ED2000422764E070E00C9483C741E061E070E04A
:10ED30000C9483C741E062E070E00C9483C740917B
:10ED4000B70721E042270C9483C764E070E00C947D
:10ED5000A1CE62E070E00C94A1CE61E070E00C9472
:10ED6000A1CE61E070E00C94A1CE6CE070E00C9458
:10ED7000A1CECF93C82FCB010E94772C60EB7BE113
:10ED8000CC2311F065EB7BE18FEB9BE1CF910C94F1
:10ED9000BB2F0E942F29882329F081E080930D0842
:10EDA0000E94442981E008958091730D83FD28C05D
:10EDB0000E946439882331F180916B0D90916C0D24
:10EDC000A0916D0DB0916E0D0097A105B105D1F028
:10EDD000BC01CD016D597F4F8F4F9F4F24E630E02E
:10EDE00040E050E00E947FF660916F0D7091700DD1
:10EDF0008091710D9091720D0E947FF6822F08957F
:10EE000084E6089580E008950F931F93CF93DF93D6
:10EE100000D01F92CDB7DEB720919206211120C0FD
:10EE20008C0120E030E048EC52E46091A80D709134
:10EE3000A90D8091AA0D9091AB0D0E94BAF00E948D
:10EE400045F99CDAF8012081318169837A838B83CB
:10EE50009C8344E0BE016F5F7F4FC9010E9405257E
:10EE60000F900F900F900F90DF91CF911F910F9106
:10EE70000895CF93DF931F921F92CDB7DEB77A83A9
:10EE8000698342E0BE016F5F7F4F0E9405250F90AE
:10EE90000F90DF91CF9108950F931F93CF93DF933E
:10EEA00000D01F921F92CDB7DEB7DC0112969C9165
:10EEB0001297992309F11496ED91FC9115973097CB
:10EEC000D9F08D01923079F0943001F19130A1F4B4
:10EED00020818D919C912D8341E0BE016B5F7F4F1E
:10EEE0000E94052509C0608170E076276727762794
:10EEF000FD0180819181BDDF0F900F900F900F90E9
:10EF00000F90DF91CF911F910F910895608170E074
:10EF100090E080E009DAF8012081318169837A8309
:10EF20008B839C8344E0BE016F5F7F4FC901D8CFC4
:10EF30000F931F93CF93DF9300D01F921F92CDB7F3
:10EF4000DEB7DC0112969C911297992301F1149679
:10EF5000ED91FC9115973097D1F08D01923079F0B9
:10EF60009430F9F0913099F48D919C9120812D830A
:10EF700041E0BE016B5F7F4F0E94052508C06081A4
:10EF800071817627672776278D919C9172DF0F908C
:10EF90000F900F900F900F90DF91CF911F910F91D5
:10EFA00008956081718190E080E0BED9F8012081F0
:10EFB000318169837A838B839C8344E0BE016F5FD8
:10EFC0007F4FC901D9CF0F931F93CF93DF9300D009
:10EFD0001F921F92CDB7DEB7DC0112969C9112975B
:10EFE0009923B9F11496ED91FC911597309789F119
:10EFF0008D019230D9F09430B1F1913051F520E08B
:10F0000030E048EC52E460817181828193810E94FA
:10F01000BAF00E9445F9F801808191816D8341E049
:10F02000BE016B5F7F4F0E94052513C020E030E0DA
:10F0300048EC52E460817181828193810E94BAF030
:10F040000E9445F9762767277627F801808191810C
:10F0500010DF0F900F900F900F900F90DF91CF91D6
:10F060001F910F91089520E030E048EC52E4608158
:10F070007181828193810E94BAF00E9445F954D92E
:10F08000F8012081318169837A838B839C8344E0FA
:10F09000BE016F5F7F4FC901C6CF0F931F93CF9300
:10F0A000DF9300D01F921F92CDB7DEB7DC0112961E
:10F0B0009C9112979923B9F11496ED91FC911597B3
:10F0C000309789F18D019230D9F09430B1F19130BF
:10F0D00051F520E030E040E251E4608171818281AD
:10F0E00093810E94BAF00E9445F9F80180819181D4
:10F0F0006D8341E0BE016B5F7F4F0E94052513C009
:10F1000020E030E040E251E46081718182819381AE
:10F110000E94BAF00E9445F9762767277627F80102
:10F1200080819181A6DE0F900F900F900F900F902D
:10F13000DF91CF911F910F91089520E030E040E2E0
:10F1400051E460817181828193810E94BAF00E94B2
:10F1500045F9EAD8F8012081318169837A838B836C
:10F160009C8344E0BE016F5F7F4FC901C6CF0F9300
:10F170001F93CF93DF9300D01F921F92CDB7DEB7BE
:10F18000DC0112969C911297992301F11496ED914E
:10F19000FC9115973097D1F08D01923079F0943031
:10F1A000F9F0913099F48D919C9120812D8341E06B
:10F1B000BE016B5F7F4F0E94052508C06081718191
:10F1C0007627672776278D919C9153DE0F900F90BD
:10F1D0000F900F900F90DF91CF911F910F91089595
:10F1E00060817181072E000C880B990B9DD8F80166
:10F1F0002081318169837A838B839C8344E0BE01C3
:10F200006F5F7F4FC901D7CF60911F0270E07627F3
:10F2100067277627FC01808191812BCECF93DF93E6
:10F22000EC010E94A625682F70E0782767277627D3
:10F2300088819981DF91CF911CCEFC0180819181E1
:10F240008115904491F48091671424E6829FC00157
:10F25000112481589F4F6FEF70E00E94F6F67627D9
:10F260006727762780E090E404CE0895FC01909112
:10F270009206992339F0913069F09F3F71F461E073
:10F2800070E002C062E070E0762767277627808111
:10F290009181EFCD64E070E0F7CF0895FC0190918B
:10F2A00010029F3F34F019162CF462E070E09130A8
:10F2B00019F0089561E070E076276727762780814E
:10F2C0009181D7CDDC011496ED91FC91309789F0B6
:10F2D000E08170E060E0E43028F4F0E0E259FB4FB8
:10F2E000608170E0762767277627FC018081918115
:10F2F000C0CD0895FC0190911308977070E060E014
:10F3000011F060E071E080819181B3CDFC018081DA
:10F3100091818E3FF0E39F0739F062E271E0813026
:10F3200021E3920719F0089563E770E076276727D5
:10F3300076279FCDFC0180819181893F904351F4D4
:10F34000609117027091180276276727762789EF58
:10F3500090E38FCD0895FC0180819181873FF0E398
:10F360009F0721F08115904531F008951DDD682F2C
:10F3700070E0853610F064E670E076276727762720
:10F3800087EF90E376CD0F931F93CF93DF9300D059
:10F390001F92CDB7DEB720919206211127C08C01B4
:10F3A00021E732EB47E25EE36091B00D7091B10D61
:10F3B0008091B20D9091B30D0E94BAF020E030E040
:10F3C00048EC52E40E94BAF00E9445F90E94BE71D6
:10F3D000F8012081318169837A838B839C8344E0A7
:10F3E000BE016F5F7F4FC9010E9405250F900F90EE
:10F3F0000F900F90DF91CF911F910F9108950F9370
:10F400001F93CF93DF9300D01F92CDB7DEB720912B
:10F410009206211127C08C0121E732EB47E25EE31F
:10F420006091AC0D7091AD0D8091AE0D9091AF0DCE
:10F430000E94EEF720E030E048EC52E40E94BAF07F
:10F440000E9445F90E94BE71F801208131816983D3
:10F450007A838B839C8344E0BE016F5F7F4FC90139
:10F460000E9405250F900F900F900F90DF91CF9184
:10F470001F910F9108957F928F929F92AF92BF92AA
:10F48000CF92DF92EF92FF920F931F93CF93DF9370
:10F49000CDB7DEB7E2970FB6F894DEBF0FBECDBF93
:10F4A0006C01CE0101967C0110E000E04C0195E07A
:10F4B000A92EB12C25E0722EC801B5010E94F6F6E6
:10F4C000789EF001799EF00D1124E60FF71FEE0FE4
:10F4D000FF1FEE0FFF1FED5AF84F20E030E04AE724
:10F4E00054E460817181828193810E94BAF00E940C
:10F4F00045F9762767277627F701619371937F0196
:10F500000F5F1F4F09311105B9F642E3B401F6014F
:10F51000808191810E940525E2960FB6F894DEBFA6
:10F520000FBECDBFDF91CF911F910F91FF90EF9054
:10F53000DF90CF90BF90AF909F908F907F90089575
:10F54000EF920F93FC014281442361F06481758145
:10F550006115710539F0E12C00E021E08081918195
:10F560000E941D240F91EF900895EF920F93EE24C7
:10F57000E39400E021E0FC0142816FE57BE18081C2
:10F5800091810E941D240F91EF900895EF920F93A7
:10F59000EE24E39400E021E0FC0142816DE57BE193
:10F5A000808191810E941D240F91EF900895EF9228
:10F5B0000F93EE24E39400E021E0FC0142816BE52F
:10F5C0007BE1808191810E941D240F91EF9008952D
:10F5D000EF920F93FC014281442361F064817581B5
:10F5E0006115710539F0E12C00E021E08081918105
:10F5F0000E9472240F91EF9008958F929F92AF9284
:10F60000BF92CF92DF92EF920F93CF93DF93CDB75C
:10F61000DEB75C018DB69EB6FC0122818DB79EB728
:10F62000821B91090FB6F8949EBF0FBE8DBFEDB738
:10F63000FEB731966F0191E09F9380E98F939F937E
:10F640008F939F938F9382E59BE19F938F931F925C
:10F650002F93DF92EF930E94B2EFEE24E39400E049
:10F6600021E0F5014281B601808191810E947224DE
:10F670008DB79EB70C960FB6F8949EBF0FBE8DBF88
:10F680000FB6F8949EBE0FBE8DBEDF91CF910F9145
:10F69000EF90DF90CF90BF90AF909F908F900895A4
:10F6A000CF93DF93EC0146E065E082E10E9468536E
:10F6B00060E071E088819981DF91CF91DACBCF93BF
:10F6C000DF93EC018091850945E065E0882369F0CE
:10F6D0008DE00E94685361E070E076276727762707
:10F6E00088819981DF91CF91C4CB8DE00E943A53FC
:10F6F00070E060E0F2CF8230910571F034F4009751
:10F70000A1F042E0019749F008958330910559F046
:10F7100045E0049711F0089543E0662341F065E069
:10F7200082E00C94685344E0F8CF41E0F6CF65E006
:10F7300082E00C943A53EF920F93CF93DF93EC0156
:10F7400080910E0290910F0297FF09C089EB9EE213
:10F75000892BF1F4DF91CF910F91EF9008950E94E2
:10F7600014DA882399F380912C0B6FE679E08823D3
:10F7700011F06CE27BE06115710561F3EE24E39416
:10F7800000E021E04A81888199810E947224E2CFC1
:10F79000EE24E39400E021E04A8169EB7EE2888177
:10F7A00099810E941D24D6CFEF920F93CF93DF93C0
:10F7B000EC0188819981853620E39207B9F160F4E4
:10F7C000853220E39207B1F18534904371F0DF91E7
:10F7D000CF910F91EF900895853820E3920741F182
:10F7E000853A9043A1F784E001C081E02091900622
:10F7F00030919106820F932F911D0E9414DA882375
:10F80000D9F080912C0B6FE679E0882311F06CE23F
:10F810007BE061157105D9F2EE24E39400E021E06C
:10F820004A81888199810E947224D1CF82E0DECF03
:10F8300083E0DCCF80E0DACF89EB9EE2009739F2FB
:10F84000EE24E39400E021E04A81BC0188819981A3
:10F850000E941D24BCCFAF92BF92CF92DF92EF9255
:10F86000FF920F931F93CF93DF9300D000D000D06F
:10F870001F92CDB7DEB76C01CE0101967C0110E07E
:10F8800000E05C018091900690919106800F911F9D
:10F890000E9414DA811126C0F7011182108260E003
:10F8A000C80129DF0F5F1F4FF2E0EF0EF11C05309A
:10F8B000110541F74AE0B501F601808191810E946E
:10F8C00005252A960FB6F894DEBF0FBECDBFDF9197
:10F8D000CF911F910F91FF90EF90DF90CF90BF904D
:10F8E000AF9008958091730D85FD07C080E091E091
:10F8F000F7019183808361E0D3CF80E092E0F8CF7D
:10F90000EF92FF920F931F93CF93DF937C0180912F
:10F91000730D46E065E086FD2EC082E00E946853CC
:10F92000C1E0D0E08091900690919106892B49F139
:10F93000C26047E065E082E00E9468530091900653
:10F94000109191060B5F1F4F0E94C6D90817190727
:10F95000F0F4C46048E065E082E00E9468537C2FC8
:10F960006D2FF70180819181DF91CF911F910F91D0
:10F97000FF90EF907ECA82E00E943A53D0E0C0E050
:10F98000D1CF47E065E082E00E943A53D7CF48E00C
:10F9900065E082E00E943A53E2CF8091730D86FDCC
:10F9A00003C00E9453D0F9CF109291061092900696
:10F9B0008FEF9FEF90930F0280930E0281E00895E6
:10F9C0008F929F92AF92BF92DF92EF92FF920F932E
:10F9D0001F93CF93DF9300D000D000D01F92CDB7FC
:10F9E000DEB7F82ED62E611110921A070DEB1AE130
:10F9F00043E050E0B801CE0101960E9429EF8A81D0
:10FA00009B81009741F02981F21629F00D5F1F4F6D
:10FA100079F790E080E08C010115110509F456C0DA
:10FA2000F80185919491009709F450C0BE016F5F71
:10FA30007F4F0E941E25882309F445C089859A8539
:10FA4000892B09F440C0D11003C08C8180FF3BC0DA
:10FA5000EB8026E0E20E0E9408CF4B015C0138EEFD
:10FA6000830E33E0931EA11CB11CF12C809138064B
:10FA700090913706891B990B9C012150310937FF62
:10FA800002C02F5C3F4F2E151F04C0F40E9408CF08
:10FA9000A5019401261B370B480B590BDA01C9014C
:10FAA000181619061A061B0624F50E94FB5262E37B
:10FAB00070E080E090E00E946ECED8CFE985FA85B4
:10FAC000CE01019619950E5F1F4FA6CF81E02A96B1
:10FAD0000FB6F894DEBF0FBECDBFDF91CF911F915F
:10FAE0000F91FF90EF90DF90BF90AF909F908F901D
:10FAF000089580E0ECCFCF93DF93EC010E948DD48A
:10FB00001B82DF91CF910895CF93DF93EC01462FB5
:10FB100041706C857D858E859F850E9486D1882366
:10FB200051F0888920E2829FC0011124855A944FA8
:10FB3000DF91CF91089590E080E0FACFCF93DF93EB
:10FB4000EB01FC012381211104C080E0DF91CF9102
:10FB500008952250223028F48FE28883198281E0B0
:10FB6000F5CF60E0D1DF009781F3DC0160E080E059
:10FB70009EE22D91203299F0883031F49E01260FBB
:10FB8000311DF90190836F5F9E01260F311DAD017C
:10FB900041505109FA014081F90140836F5F8F5F45
:10FBA0008B3039F7FE01E60FF11D1082D8CF3F925E
:10FBB0004F925F926F927F928F929F92AF92BF927D
:10FBC000CF92DF92EF92FF920F931F93CF93DF9329
:10FBD000CDB7DEB72C970FB6F894DEBF0FBECDBF02
:10FBE0005C01DC0159968D909C90F4018185928591
:10FBF000A385B4859C01AD012F5F3F4F4F4F5F4FF1
:10FC000029873A874B875C87D50114964D905D9084
:10FC10006D907C901797411451046104710409F4AC
:10FC200059C0BFEF4B1A5B0A6B0A7B0A312C730178
:10FC300062011D821E821F821886F40181859285D1
:10FC4000A385B4852D813E814F81588528173907BA
:10FC50004A075B0708F056C089859A85AB85BC8545
:10FC60008C159D05AE05BF0550F482E0C82ED12C41
:10FC7000E12CF12C92E0492E512C612C712C9E012B
:10FC80002F5F3F4FB701A601C4010E94A2D3882372
:10FC9000C9F189819A81AB81BC81892B8A2B8B2BFD
:10FCA00001F1260137019FEF491A590A690A790AB9
:10FCB0002D813E814F8158852F5F3F4F4F4F5F4FC2
:10FCC0002D833E834F8358873FEFC31AD30AE30A3D
:10FCD000F30AB3CF40805180628073803324339421
:10FCE000A6CFC414D504E604F70411F70FEF1FEFF5
:10FCF0002FEF3FE0B701A601C4010E9411D3782E77
:10FD000081111AC0712C872D2C960FB6F894DEBF86
:10FD10000FBECDBFDF91CF911F910F91FF90EF905C
:10FD2000DF90CF90BF90AF909F908F907F906F901B
:10FD30005F904F903F900895F50144815581668111
:10FD40007781411551056105710539F097018601EB
:10FD5000C4010E9411D38823A9F2D5011496CD9233
:10FD6000DD92ED92FC921797332051F0D701C60136
:10FD70000196A11DB11DF40180839183A283B383F9
:10FD8000F50185899689A789B08D892B8A2B8B2BC4
:10FD900009F0B9CFC58AD68AE78AF08E818180685A
:10FDA0008183B1CF40E050E0BA010C94D7D4EF92F8
:10FDB000FF920F931F93CF93DF93CDB7DEB72C97AE
:10FDC0000FB6F894DEBF0FBECDBF8C017F936F934B
:10FDD0005F934F938BEC94E09F938F939E012F5FE3
:10FDE0003F4F79013F932F930E9443FAF80101900E
:10FDF0000020E9F7CF010197801B910B0FB6F89413
:10FE0000DEBF0FBECDBF8431910548F445E150E01F
:10FE1000481B590BB701800F911F0E949EEFC8012C
:10FE20002C960FB6F894DEBF0FBECDBFDF91CF91F9
:10FE30001F910F91FF90EF900895809124028F37CA
:10FE400008F44CC08F579091960D90939008992389
:10FE500009F440C0A59A9091D40790938F089923F4
:10FE6000D9F1759A9091641491110BC02091651489
:10FE700030E03595279520936614232B09F440C074
:10FE8000739A8F5F8093240280918E0891E0892776
:10FE900080938E0880912302980F85300CF090E0BB
:10FEA000823009F47AC074F5882309F441C08130A6
:10FEB00009F468C0909323020E94AE758091C30933
:10FEC0009091C409009729F001979093C4098093F9
:10FED000C3090895A598BFCF7598C4CF9091900895
:10FEE000891708F0A59890918F08891708F07598E0
:10FEF000909164149111C5CF90916614891708F2FE
:10FF00007398BFCF843009F460C00CF459C08530B9
:10FF100089F620918D08211102C080938D0880916F
:10FF20008D08815080938D08882321F295E0C2CFFF
:10FF3000809122028F5F80311CF480932202BACF1D
:10FF4000109222028091C907811113C020918C0D5B
:10FF500030918D0D30938F0D20938E0D2091CA0717
:10FF60003091CB073093CD072093CC0781E080936D
:10FF7000C90710928D0D10928C0D1092CB07109224
:10FF8000CA0798CF10927B0081E480937C00809117
:10FF90007A00806480937A008DCF80917A0086FD0C
:10FFA00027C0409178005091790020918C0D3091BC
:10FFB0008D0D240F351F30938D0D20938C0D7ACF2E
:10FFC00088E080937B0086E4E0CF80917A0086FD14
:10FFD00011C040917800509179002091CA0730916A
:10FFE000CB07240F351F3093CB072093CA0762CF6E
:10FFF00092E060CF94E05ECF0F930FB70F93009124
:020000021000EC
:100000006E000D7F00936E0078940F930BB70F93E3
:100010000CB70F921F922F933F934F935F936F9361
:100020007F938F939F93AF93BF93EF93FF9311248D
:1000300004DFFF91EF91BF91AF919F918F917F91DD
:100040006F915F914F913F912F911F900F900CBF37
:100050000F910BBF0F910260F89400936E000F9107
:100060000FBF0F911895CF93DF93CCE8DDE0198691
:1000700018861092DD070E94E7711A86A598CAECCF
:10008000D7E0198618860E9403261A867598DF9194
:10009000CF9108958F929F92AF92BF92CF92DF92AD
:1000A000EF92FF920F931F93CF93DF93B4E4A0E0FE
:1000B0006A2F70E0AB014B0F511D559547954111CB
:1000C00019C0E9E1FCE265917491072E000C880BE0
:1000D000990B0E945BF0DF91CF911F910F91FF90E0
:1000E000EF90DF90CF90BF90AF909F908F9008954A
:1000F000B42FE0CFA41711F0B41303C0E5E2FDE282
:10010000E2CF9A0121503109220F331F220F331FF2
:10011000F901E95EF34DE590F490F901E55EF34DE8
:10012000C591D4918E159F0518F3A42FC817D90730
:1001300008F4BECFF901E75EF34D05911491F90182
:10014000E35EF34DC590D4908E199F09BC0190E0F9
:1001500080E00E9459F04B015C01B601601B710BFD
:10016000072E000C880B990B0E945BF09B01AC01E1
:10017000C501B4010E94BAF04B015C01CE19DF0940
:10018000BE0190E080E00E9459F09B01AC01C501E6
:10019000B4010E94EEF76B017C01B801110F880BCE
:1001A000990B0E945BF09B01AC01C701B6010E9454
:1001B00012F791CFCF92DF92EF92FF926A017B010B
:1001C0000E94772CC701B601FF90EF90DF90CF908F
:1001D0000C9465C5CF93DF93EC01488159816A8106
:1001E0007B8180EE96E2E6DF4C815D816E817F81CE
:1001F0008FE391E3DFDF488559856A857B858BE353
:1002000091E3DF91CF910C949F2D0F930FB70F9334
:1002100000916E000F930D7F00936E0000916F00B0
:100220000D7F00936F000F930BB70F930CB70F92D6
:100230001F922F933F934F935F936F937F938F936F
:100240009F93AF93BF93EF93FF931124BBD7FF917D
:10025000EF91BF91AF919F918F917F916F915F913E
:100260004F913F912F911F900F900CBF0F910BBF9B
:100270000F910260F89400936F000F9100936E004D
:100280000F910FBF0F911895CF93DF9300D0CDB78B
:10029000DEB700C000C084EB9DE09A8389831B8297
:1002A000CE0101960E94707190910801811101C0E8
:1002B0009095917090930601811147C08FEF8093C4
:1002C000140884EB9DE09A83898381E08B83CE01BF
:1002D00001960E947071909108018111909598701B
:1002E00090930601811133C08FEF8093150884EB42
:1002F0009DE09A83898382E08B83CE0101960E94E0
:1003000070719091080181119095907890930601F9
:1003100081111FC08FEF8093160884EB9DE09A83B4
:10032000898383E08B83CE0101960E9470718823BC
:1003300091F08D9881E08093170800C000C00F9065
:100340000F900F90DF91CF91089581E0B8CF81E0B9
:10035000CCCF81E0E0CF8D9A8FEFEDCF8091130865
:10036000877F809313088B9A81E008958B98809102
:100370001308886080931308089521E030E0082E68
:1003800002C0220F331F0A94E2F720953095909116
:100390001308292320931308813061F020F0823064
:1003A00071F081E008958E9A809155098E7F809337
:1003B0005509F7CF749A809155098D7FF8CF8091B8
:1003C00008018095807180930601809155098B7F8B
:1003D000EECF80E0D2DF81E0D0DF82E0CEDFBECFA3
:1003E0008130B9F0A0F08230B1F021E030E0082E89
:1003F00001C0220F0A94EAF790911308922B909370
:100400001308823019F481E08093B80708958E981C
:10041000ECCF7498EACF9091080190719093060107
:10042000E4CF80E0DDDF81E0DBDF82E0D9DF9ECF5B
:100430008F929F92AF92BF92CF92DF92EF92FF92F4
:100440000F931F93CF93DF93C82F41E063ED7FE1BC
:100450000E94202EC11102C00E94A02C8BEC9FE1B3
:100460000E94772C8FE29FE10E94772C0E94A32CA0
:100470008C2F0E94F33741E069EB7FE18C2F0E94C3
:10048000202EC11102C00E94A02C8CE99FE10E9485
:10049000772C8C2F0E94952F8C2F0E94E4C78C2FD5
:1004A0000E94372F8C2F0E945E2F8C2F0E94182FB6
:1004B0008C2F0E94CD2E8C2F0E94AE2E6BE47FE1FC
:1004C0008C2F0E94D8C7D09185090DE51FE1DD234F
:1004D00011F001E61FE1C0908609D0908709E090F5
:1004E0008809F090890982E49FE10E94772C8D2F82
:1004F0000E94AB2886E090E30E94772C42E0C7017F
:10050000B6010E9491C585E39FE10E94772CC80146
:100510000E94772C0E94A32C0E942F298823A9F1E6
:1005200083E5E82E87E0F82ED0E0670110E0C111E6
:1005300002C00E94A02CF60180809180A280B3802E
:1005400082E99FE10E94772C812F0E9429298FE860
:100550009FE10E94772C8D2F0E94292986E090E34D
:100560000E94772C45E0C501B4010E9491C50E940C
:10057000A32C1F5FF4E1CF0ED11C1530C1F6DF5F55
:1005800084E0E80EF11CD53081F68C2F0E94612E9C
:100590008C2F0E94C42F8C2F0E94A62C8C2F0E947F
:1005A0003A2E68E77FE18C2F0E94D8C7C0912002C5
:1005B0008FE69FE10E94772C8C2F0E94AB288091C0
:1005C00020026DE57FE1882311F061E67FE184E69A
:1005D0009FE1DF91CF911F910F91FF90EF90DF90FE
:1005E000CF90BF90AF909F908F900C94BB2F4F9265
:1005F0005F926F927F928F929F92AF92BF92CF92B3
:10060000DF92EF92FF92CF93DF9300D000D0CDB76F
:10061000DEB79E838D830E9474294B015C01AD81FE
:10062000BE8118964D905D906D907C901B97AC01AB
:100630009B01C301B2010E9411F76B017C01809103
:10064000860990918709A0918809B09189098983C9
:100650009A83AB83BC8320E030E0A901BC01CD01CB
:100660000E9455F0882349F020E030E0A901C7013D
:10067000B6010E9455F01816ECF0AD81BE811896B7
:10068000CD92DD92ED92FC921B9726960FB6F894D0
:10069000DEBF0FBECDBFDF91CF91FF90EF90DF9017
:1006A000CF90BF90AF909F908F907F906F905F9012
:1006B0004F90089529813A814B815C81C301B20139
:1006C0000E9439F987FFE1CF209181093091820999
:1006D0004091830950918409C501B4010E94BAF088
:1006E0009B01AC0160E070E080E89FE30E9411F79D
:1006F0009B01AC01C701B6010E94EEF7ED81FE81BE
:100700006087718782879387C0CFCF93DF93809173
:100710003407811119C0C0911D02D0911E0221978A
:1007200020E030E040E05FE36091900D7091910D2A
:100730008091920D9091930D0E9412F70E9456F8AD
:1007400021E06C177D070CF020E0822FDF91CF9124
:100750000895AF92BF92CF92DF92EF92FF920F93E4
:100760001F93CF93DF93CDECD9E00FE919E08DED26
:10077000A82E89E0B82EC12CD12C7601C3946991A2
:100780007991899199910E9459F0288939894A89EA
:100790005B890E94BAF00E945BF8F8016193719343
:1007A000819391938F01C616D706E806F90610F4D7
:1007B0006B017C01AC16BD0611F76FEF7FEFCB012B
:1007C000A70196010E947FF62093AF093093B009EC
:1007D0004093B1095093B209DF91CF911F910F91CE
:1007E000FF90EF90DF90CF90BF90AF9008950F9360
:1007F0001F93CF93DF9301EE19E0C3EBD9E0F8012B
:1008000021913191419151918F0160E070E080E838
:100810009FE30E94EEF76993799389939993F9E0A6
:10082000C33CDF0761F70E945FC7DF91CF911F9143
:100830000F918FCF9091120E8091130E981306C0D6
:100840008091C3099091C409892B21F080E00E9416
:10085000DF39F0CF08954F925F926F927F928F921F
:100860009F92AF92BF92CF92DF92EF92FF92CF937F
:10087000DF93EC0180E1FE01A4E1BEE001900D9266
:100880008A95E1F72091ED093091EE094091EF0949
:100890005091F0096C857D858E859F850E94BAF008
:1008A0000E9445F96B017C012091E9093091EA0928
:1008B0004091EB095091EC09688579858A859B8583
:1008C0000E94BAF00E9445F94B015C012091E509B4
:1008D0003091E6094091E7095091E8096C817D81EA
:1008E0008E819F810E94BAF00E9445F92B013C0144
:1008F0002091E1093091E2094091E3095091E40926
:10090000688179818A819B810E94BAF00E9445F9B1
:100910006093240E7093250E8093260E9093270EDD
:100920004092280E5092290E60922A0E70922B0E41
:1009300080922C0E90922D0EA0922E0EB0922F0E21
:10094000C092300ED092310EE092320EF092330E01
:100950009091120E8091130E981781F0DF91CF9134
:10096000FF90EF90DF90CF90BF90AF909F908F90CF
:100970007F906F905F904F900C9422C75BDF0E9436
:100980004271C82F84E29EE00E94C370CC2381F0A4
:10099000DF91CF91FF90EF90DF90CF90BF90AF901D
:1009A0009F908F907F906F905F904F900C945A2CF7
:1009B000DF91CF91FF90EF90DF90CF90BF90AF90FD
:1009C0009F908F907F906F905F904F900895CF92FF
:1009D000DF92EF92FF92CF93DF93C82F0E94427174
:1009E00094E0C99FE0011124FE01E359F74FC08054
:1009F000D180E280F38081110E945A2CCD54D64FD1
:100A0000C701B6010E945BF0288139814A815B8170
:100A10000E94BAF0DF91CF91FF90EF90DF90CF90DE
:100A200008958F929F92AF92BF92CF92DF92EF92F2
:100A3000FF921F93CF93DF93CDB7DEB760970FB6CA
:100A4000F894DEBF0FBECDBF182F80E0C0DF4B0192
:100A50005C018092FB079092FC07A092FD07B09288
:100A6000FE0781E0B4DF6B017C01C092FF07D092EA
:100A70000008E0920108F092020882E0A8DF60938B
:100A800003087093040880930508909306081D8658
:100A90001E861F86188A89829A82AB82BC82CD828A
:100AA000DE82EF82F88669877A878B879C8783E06E
:100AB0008EDF6D877E878F87988B8091850988234D
:100AC00019F0CE01019693DD1E3FD9F480E1FE01BD
:100AD0003196A8E1BAE001900D928A95E1F760960F
:100AE0000FB6F894DEBF0FBECDBFDF91CF911F913F
:100AF000FF90EF90DF90CF90BF90AF909F908F903E
:100B0000089584E0189FF0011124DF01A85EB54F1D
:100B100081E090E08C0F9D1FE80FF91F408151810B
:100B2000628173814D935D936D937C931397D7CFBF
:100B30000F931F93CF93DF9300D01F92CDB7DEB7F3
:100B40008C018091550982FF33C082E040DF20E0B4
:100B500030E048E452E40E94BAF00E9456F80E9445
:100B60005BF02AE037ED43EA5CE30E94BAF020E054
:100B700030E048EC52E40E94BAF00E9445F90E942D
:100B8000BE71F8012081318169837A838B839C83D4
:100B900044E0BE016F5F7F4FC9010E9405250F90A1
:100BA0000F900F900F90DF91CF911F910F910895AB
:100BB00060E070E0CB01CBCF9091120E8091130ECC
:100BC000981307C08091C3099091C409892B09F437
:100BD00000CC80E00E94DF39EFCFCF92DF92EF921E
:100BE000FF92CF93DF93C82F0E94427194E0C99F78
:100BF000E0011124FE01EF59F74FC080D180E2805F
:100C0000F38081110E945A2CCD54D64FC701B601F2
:100C10000E945BF0288139814A815B810E94BAF091
:100C2000DF91CF91FF90EF90DF90CF9008958F925A
:100C30009F92AF92BF92CF92DF92EF92FF92CF93AB
:100C4000DF9320918509222309F47FC0EC01809075
:100C5000860990908709A0908809B090890920E0C2
:100C600030E0A901C501B4010E9455F0882309F4C0
:100C700077C0C884D984EA84FB8420E030E0A901ED
:100C8000C701B6010E9455F018160CF069C0A50105
:100C90009401C701B6010E9439F987FF56C020911F
:100CA0007D0930917E0940917F0950918009C701EB
:100CB000B6010E9455F0882321F1C0927D09D0929F
:100CC0007E09E0927F09F09280092091810930919C
:100CD00082094091830950918409C701B6010E949D
:100CE000BAF09B01AC0160E070E080E89FE30E94F5
:100CF00011F76093190270931A0280931B0290936C
:100D00001C02C0901902D0901A02E0901B02F090D1
:100D10001C0220E030E0A901C701B6010E9455F095
:100D2000882399F0CE010E947429A70196010E94A0
:100D3000BAF09B01AC01688579858A859B850E9404
:100D400012F7688779878A879B87DF91CF91FF9019
:100D5000EF90DF90CF90BF90AF909F908F900895CD
:100D6000C12CD12C80E8E82E8FE3F82EDBCFCF9278
:100D7000DF92EF92FF92C0904E07D0904F07E09025
:100D80005007F090510780915207882309F44FC013
:100D900020E030E0A901C701B6010E9455F0882388
:100DA00009F445C020E030E040E05FE3C701B60150
:100DB0000E94BAF09B01AC010E94BAF02BED3FE01B
:100DC00049E450E40E94BAF09B01AC0160E070E09D
:100DD00080E89FE30E94EEF76B017C01C092300730
:100DE000D0923107E0923207F092330760911702F8
:100DF00070911802072E000C880B990B0E945BF073
:100E00002AE037ED43E25CE30E94BAF0A7019601C5
:100E10000E94BAF060935502709356028093570275
:100E200090935802FF90EF90DF90CF900895C12CDF
:100E3000D12C80E8E82E8FE3F82ED0CF2F923F926E
:100E40004F925F926F927F928F929F92AF92BF92DA
:100E5000CF92DF92EF92FF920F931F93CF93DF9386
:100E6000CDB7DEB766970FB6F894DEBF0FBECDBF25
:100E70001C016A017B0128013901DC0155968D9026
:100E80009D90AD90BC90589720E030E0A901CB0137
:100E9000B6010E9455F0882309F44EC1A7019601BE
:100EA000C501B4010E94BAF00E9445F9D62EE72E82
:100EB000F82EC92EA3019201C501B4010E94BAF017
:100EC0000E9445F9DD82EE82FF82C8862D813E8137
:100ED0004F815885203231054105510548F420E203
:100EE000822E912CA12CB12C8D829E82AF82B8864D
:100EF00069837A838B839C8329813A814B815C81CE
:100F0000203231054105510548F480E2882E912CAC
:100F1000A12CB12C89829A82AB82BC82F101FE960F
:100F200080819181A281B3818097A105B10540F4B0
:100F300080E290E0A0E0B0E080839183A283B3835D
:100F4000D1019D968D909D90AD90BC90D0978B8A4D
:100F50009C8AAD8ABE8AF101E65BFF4F6081718198
:100F600082819381611571058105910509F4ECC0B9
:100F70000E945BF09B01AC0160E070E080E89FE3C1
:100F80000E94EEF720E030E040E05FE30E94BAF01C
:100F90006B017C01F101FE966081718182819381F8
:100FA0000E9459F09B01AC010E94BAF02B013C0158
:100FB00069817A818B819C810E9459F09B01AC01EF
:100FC0000E94BAF09B01AC01C301B2010E9411F76B
:100FD000A70196010E94BAF069877A878B879C8760
:100FE0006D817E818F8198850E9459F09B01AC01B3
:100FF0000E94BAF09B01AC01C301B2010E9411F73B
:10100000A70196010E94BAF02B013C010E94D8F77B
:101010000E9456F86B017C0169857A858B859C85D9
:101020000E94D8F70E9456F846015701860E971E77
:10103000A81EB91E2B893C894D895E89281939095A
:101040004A095B0957FF32C06B897C898D899E896B
:101050000E9459F0A30192010E9412F729853A8556
:101060004B855C850E9411F720E030E040E05FE3B3
:101070000E94BAF00E9445F9C12CD12C760197FD4F
:101080000DC06B017C018B889C88AD88BE888C1458
:101090009D04AE04BF0414F4750164016B897C895E
:1010A0008D899E896C197D098E099F09D101D19680
:1010B000CD92DD92ED92FC92D4978B889C88AD887E
:1010C000BE88861A970AA80AB90AD501C401F10197
:1010D00085AB96ABA7ABB0AFEE5BFF4F8D809E802C
:1010E000AF80B88480829182A282B38291012A5B10
:1010F0003F4FD90189809A80AB80BC808D929D92B0
:10110000AD92BC92139766960FB6F894DEBF0FBEF1
:10111000CDBFDF91CF911F910F91FF90EF90DF90A6
:10112000CF90BF90AF909F908F907F906F905F9087
:101130004F903F902F900895F101EE5BFF4FD080CC
:10114000E180F280C380B6CEC12CD12C760160E064
:1011500070E0CB01ABCF8F3010F48F5F08958F50CC
:101160000895CF93DF939091130E8091120E8917FB
:1011700040F0891B41F4D0E0C0E0CE01DF91CF9177
:101180000895805FF6CF9091100E992351F083302F
:1011900030F48FEF890F19F08093100EECCF10927E
:1011A000100EC091130E83E6C89FE0011124CC5CA1
:1011B000D14F888180FDDFCF8091130ECCDF8093EB
:1011C000110EDBCF2F923F924F925F926F927F92E0
:1011D0008F929F92AF92BF92CF92DF92EF92FF9247
:1011E0000F931F93CF93DF9300D000D000D01F92B6
:1011F0001F92CDB7DEB78FEF9FEF9093890080935A
:1012000088002AE02D8310E000E080915E08909134
:101210005F08892B09F0B1C1809160088823D9F05B
:1012200080918C0990918D0910926008892B09F4A6
:10123000A4C110928D0910928C091092B50D909155
:10124000120E8091130E981709F497C18091130E16
:1012500082DF8093130E80918C0990918D09892BE8
:1012600009F48BC14091540850915508609156087B
:10127000709157088091500890915108A0915208A0
:10128000B0915308481759076A077B0708F075C1E2
:10129000C0902102D12CF12CE12C841B950BA60BC4
:1012A000B70BC816D906EA06FB0610F4D701C6012B
:1012B000E82F840F951FA61FB71F809354089093A3
:1012C0005508A0935608B093570891E0C0901808AD
:1012D000D0901908E0901A08F0901B0840912C0853
:1012E00050912D0860912E0870912F0840901C0895
:1012F00050901D0860901E0870901F08440D551DE9
:10130000661D771D80E077FD05C04C195D096E09EB
:101310007F0981E040932C0850932D0860932E089C
:1013200070932F0840913008509131086091320835
:101330007091330840902008509021086090220856
:1013400070902308440D551D661D771D77FD05C05F
:1013500082604C195D096E097F09409330085093F3
:1013600031086093320870933308409134085091EB
:1013700035086091360870913708409024085090E5
:1013800025086090260870902708440D551D661D9D
:10139000771D77FD05C084604C195D096E097F09D2
:1013A000409334085093350860933608709337089B
:1013B000409138085091390860913A0870913B0883
:1013C000409028085090290860902A0870902B08B7
:1013D000440D551D661D771D77FD05C088604C19AD
:1013E0005D096E097F09409338085093390860936E
:1013F0003A0870933B08911104C020918400309109
:101400008500282F30E0482F417080FF1CC080915C
:101410001408082E000C990BAA0BBB0BC0906D088A
:10142000D0906E08E0906F08F09070088C0D9D1DB4
:10143000AE1DBF1D80936D0890936E08A0936F083A
:10144000B09370088F9A21FB552750F95887198659
:1014500021FF21C080911508082E000C990BAA0BC2
:10146000BB0BC0907108D0907208E0907308F090A8
:1014700074088C0D9D1DAE1DBF1D80937108909347
:101480007208A0937308B093740880910801809546
:1014900084708093060122FB222420F8312C22FF45
:1014A00021C080911608082E000C990BAA0BBB0BCB
:1014B000C0907508D0907608E0907708F090780892
:1014C0008C0D9D1DAE1DBF1D8093750890937608F1
:1014D000A0937708B0937808809108018095807276
:1014E00080930601F3E035952795FA95E1F72115EC
:1014F0003105E1F080911708082E000C990BAA0B1A
:10150000BB0BC0907908D0907A08E0907B08F090EF
:101510007C088C0D9D1DAE1DBF1D80937908909396
:101520007A08A0937B08B0937C088C9A8091840001
:1015300090918500809184009091850041118F9851
:1015400088849984892829F0809108018470809387
:101550000601232829F080910801807280930601FA
:10156000232B09F08C98EE2321F080918400909138
:101570008500E15090E009F0A9CEA0905302B09010
:101580005402BF82AE82AB2809F052C08090670936
:10159000909068099A8289828114910409F43DC06F
:1015A000F090060182E00E94F08100C000C08091AE
:1015B0000801181419040CF48095807880930601B2
:1015C00000C000C080910801809580728093060160
:1015D00000C0000082E090E00197F0F780910801E0
:1015E00080728093060100C000C080910801F7FC62
:1015F000809580788093060100C000C0A980BA80E1
:1016000080916709909168091A141B040CF03AC282
:10161000019790936809809367090E94602C882342
:1016200009F432C280ED97E0909354028093530204
:10163000789480915E0890915F08892B09F08FC1A2
:101640002091840030918500809121028230B0F099
:1016500040915C0850915D08420F531F60915808FB
:10166000709159086417750748F090E09595879533
:101670008093210210925B0810925A0831952195AF
:10168000310930935D0820935C081092590810923C
:101690005808E0918C09F0918D09309709F454C3F2
:1016A0008091540890915508A0915608B091570820
:1016B0004091500850915108609152087091530820
:1016C00084179507A607B70708F4E1C110928D09A2
:1016D00010928C091092B50D9091120E8091130EFC
:1016E000981709F431C38091130E35DD8093130EE2
:1016F00060EDE62E67E0F62E80918C0990918D09C1
:10170000892B09F028C12DDD90938D0980938C09D8
:10171000892B09F420C160918C0970918D097B8718
:101720006A87DB018C9182FDE3C2FB01E15BFF4F25
:1017300080819181A281B38180935B1590935C1528
:10174000A0935D15B0935E1580E13496ACEAB4E1E8
:1017500001900D928A95E1F780E0EA85FB85458C42
:10176000568C678C70A091E041145104610471049F
:1017700009F490E090FB80F9AA85BB859196CD9005
:10178000DD90ED90FC90949791E0C114D104E104B8
:10179000F10409F490E090FB81F9EA85FB8545A10D
:1017A00056A167A170A591E041155105610571052C
:1017B00009F490E090FB82F98093B50DEA85FB85F2
:1017C00085A596A5A7A5B0A9809350089093510828
:1017D000A0935208B0935308882499245401881A7E
:1017E000990AAA0ABB0A80922C0890922D08A0920E
:1017F0002E08B0922F088092300890923108A09263
:101800003208B09233088092340890923508A09242
:101810003608B09237088092380890923908A09222
:101820003A08B0923B0881A492A4A3A4B4A4880C63
:10183000991CAA1CBB1C8092280890922908A0928F
:101840002A08B0922B08440C551C661C771C409249
:101850001C0850921D0860921E0870921F08CC0C44
:10186000DD1CEE1CFF1CC0922008D0922108E092E3
:101870002208F0922308440F551F661F771F4093DC
:101880002408509325086093260870932708880F32
:10189000991FAA1FBB1F8093180890931908A09343
:1018A0001A08B0931B081092540810925508109211
:1018B00056081092570881A992A9A3A9B4A98093A8
:1018C0004C0890934D08A0934E08B0934F0885A9FB
:1018D00096A9A7A9B0AD80933C0890933D08A0932A
:1018E0003E08B0933F089091B40D85AD981721F054
:1018F0008093B40D0E9444810E94AE7510925B08E3
:1019000010925A08E0918C09F0918D09EE5BFF4F1F
:10191000608171818281938160934408709345084E
:1019200080934608909347080E94CC707C0196955E
:101930008795B0E0A0E08093400890934108A09381
:101940004208B09343088093480890934908A093B5
:101950004A08B0934B08F0925F08E0925E088E80D0
:101960009F80892871F480915E0890915F088A3F7A
:10197000910538F47AEFA72EB12CB0925F08A092AF
:101980005E08209153023091540280915E0890913C
:101990005F082F3F320709F4EDC1AC01569547951A
:1019A0002417350708F0D5C15093540240935302D1
:1019B00080365AEE950708F4B7C160E67AEE2091BA
:1019C000530230915402A9016217730708F4AB0166
:1019D000841B950B90935F0880935E082F3F32071E
:1019E00031F0241B350B3093540220935302040F23
:1019F000151FF894809184009091850040967D8118
:101A000071507D83772321F00817190708F4FDCB67
:101A1000409184005091850020915C0830915D08D0
:101A2000240F351F30935D0820935C0808171907B1
:101A300008F07CC120912102203138F4220F20933C
:101A4000210210925B0810925A08909389008093AB
:101A500088002B960FB6F894DEBF0FBECDBFDF9186
:101A6000CF911F910F91FF90EF90DF90CF90BF909B
:101A7000AF909F908F907F906F905F904F903F902E
:101A80002F9008950196C5CD8FEF9FEFCDCD40915A
:101A90004C0850914D0860914E0870914F08841782
:101AA0009507A607B70708F07DC020914808309138
:101AB000490840914A0850914B0829833A834B8347
:101AC0005C8381AD92ADA3ADB4ADBA01A901FF2491
:101AD000499FE12C5A9F90016A9F300D699F200D0C
:101AE000311D4A9FE00C211D3F1D599FE00C211D17
:101AF0003F1D689FE00C211D3F1D589FE10C2F1DCD
:101B00003F1DB49FEE0C201D311DB59F300D1124DB
:101B1000DF01AE5BBF4F8D919D910D90BC91A02DCB
:101B2000820F931FA11DB11D809344089093450817
:101B3000A0934608B0934708FE9640815181628188
:101B40007381481759076A077B0740F4409344089C
:101B50005093450860934608709347086091440885
:101B60007091450880914608909147080E94CC707A
:101B70007C0189819A81AB81BC818E0D9F1DA11D45
:101B8000B11D8093480890934908A0934A08B093E8
:101B90004B0810924008109241081092420810928F
:101BA0004308AACD40913C0850913D0860913E0801
:101BB00070913F0884179507A607B70708F46CC013
:101BC00060914008709141088091420890914308CB
:101BD00069837A838B839C8381AD92ADA3ADB4ADD1
:101BE00049815A816B817C81FF24499FE12C5A9F56
:101BF00090016A9F300D699F200D311D4A9FE00CB6
:101C0000211D3F1D599FE00C211D3F1D689FE00CC9
:101C1000211D3F1D589FE10C2F1D3F1DB49FEE0C51
:101C2000201D311DB59F300D1124A90170E060E029
:101C30008091440890914508A0914608B0914708CA
:101C4000EA5BFF4FC080D180E280F38048175907DC
:101C50006A077B0758F4841B950BA60BB70BC816B5
:101C6000D906EA06FB0610F46C017D01C701B60136
:101C70000E94CC707C0189819A81AB81BC818E0DE0
:101C80009F1DA11DB11D8093400890934108A09312
:101C90004208B093430830CD80915A0890915B0878
:101CA000892B09F5FE96C080D180E280F380C701C0
:101CB000B6010E94CC7090935B0880935A08969569
:101CC0008795B0E0A0E08093400890934108A093EE
:101CD0004208B0934308C0924408D0924508E0926D
:101CE0004608F0924708E0905A08F0905B0804CD4F
:101CF000AA85BB858C9182FF04C0CD014D960E94C0
:101D0000C37010928D0910928C091092B50D9091AC
:101D1000120E8091130E981709F4F5CC8091130ED2
:101D20001ADA8093130EEFCCBC0149CE809158088B
:101D300090915908841B950B800F911F909359081F
:101D400080935808C80181CE80EDE82E87E0F82EF8
:101D5000DACC8036AAEE9A0708F02FCEAC0128170D
:101D6000390708F4A901841B950B90935F088093B1
:101D70005E0837CE8036BAEE9B07B0F240E65AEEE8
:101D800080569A4E90935F0880935E0830CECF9332
:101D9000DF931F92CDB7DEB7898360E0CE01019655
:101DA0000E944F7161E0CE0101960E944F7162E086
:101DB000CE0101960E944F7189810F90DF91CF91E2
:101DC00008954F925F926F927F928F929F92AF92FF
:101DD000BF92CF92DF92EF92FF92FC014080518040
:101DE0006280738084809580A680B780C084D1840F
:101DF000E284F38420E030E0A901C301B2010E9433
:101E000055F0811125C020E030E0A901C501B401E1
:101E10000E9455F081111CC020E030E0A901C701EB
:101E2000B6010E9439F987FF04C0F7FAF094F7F879
:101E3000F094C701B601FF90EF90DF90CF90BF9074
:101E4000AF909F908F907F906F905F904F9008958C
:101E5000A3019201C301B2010E94BAF02B013C011F
:101E6000A5019401C501B4010E94BAF09B01AC0127
:101E7000C301B2010E9412F74B015C01A701960158
:101E8000C701B6010E94BAF09B01AC01C501B401C3
:101E90000E9412F7FF90EF90DF90CF90BF90AF902D
:101EA0009F908F907F906F905F904F900C947FF9F0
:101EB0008F929F92AF92BF92CF92DF92EF92FF925A
:101EC000CF93DF9320913502222309F48EC0EC01D9
:101ED00080911F07E82E80FF2CC0809037029090E1
:101EE0003802A0903902B0903A02288139814A81A3
:101EF0005B81C501B4010E9439F9181624F4888267
:101F00009982AA82BB828090430290904402A09062
:101F10004502B0904602288139814A815B81C50122
:101F2000B4010E9455F087FF04C088829982AA827A
:101F3000BB82E1FE2CC080903B0290903C02A090BE
:101F40003D02B0903E022C813D814E815F81C501F2
:101F5000B4010E9439F9181624F48C829D82AE8255
:101F6000BF828090470290904802A0904902B090B2
:101F70004A022C813D814E815F81C501B4010E94DE
:101F800055F087FF04C08C829D82AE82BF82E2FE44
:101F90002CC0C0903F02D0904002E0904102F090EF
:101FA0004202288539854A855B85C701B6010E94B2
:101FB00039F9181624F4C886D986EA86FB86C090BB
:101FC0004B02D0904C02E0904D02F0904E022885DA
:101FD00039854A855B85C701B6010E9455F087FFA8
:101FE00004C0C886D986EA86FB86DF91CF91FF9030
:101FF000EF90DF90CF90BF90AF909F908F9008951B
:102000008091090890910A08A0910B08B0910C08E2
:102010008093130290931402A0931502B0931602BA
:102020008091070890910808909312028093110202
:1020300008958091130290911402A0911502B0911D
:1020400016028093090890930A08A0930B08B09396
:102050000C088091110290911202909308088093CD
:10206000070884E690E0909312028093110208958D
:10207000CF93DF93CDB7DEB72C970FB6F894DEBFC2
:102080000FBECDBFAB01BC0119821A821B821C821C
:102090001D821E821F82188619861A861B861C8640
:1020A0009E012F5F3F4F88E19AE00E94E5C62C9683
:1020B0000FB6F894DEBF0FBECDBFDF91CF9108956C
:1020C0004F925F926F927F92AF92BF92CF92DF92C8
:1020D000EF92FF920F931F93CF93DF9300D000D026
:1020E00000D01F92CDB7DEB769837A838B839C8340
:1020F0002D833E834F8358872701380120E030E04D
:10210000A901B501C6010E9455F0811175C0109159
:102110004F02809150028A879091510299870091D5
:102120005202A12CB12C80E2C82E92E4D92EA30138
:1021300092016091200A7091210A8091220A909167
:10214000230A0E9455F087FF0BC04092200A50924C
:10215000210A6092220A7092230AB501C60188DF23
:1021600089819A81AB81BC818093180A9093190A66
:10217000A0931A0AB0931B0A8D819E81AF81B88506
:1021800080931C0A90931D0AA0931E0AB0931F0A05
:10219000612F7A858985902F6BDFA3019201609171
:1021A000200A7091210A8091220A9091230A0E94AC
:1021B00039F918165CF44092200A5092210A609274
:1021C000220A7092230AB501C60152DF2A960FB681
:1021D000F894DEBF0FBECDBFDF91CF911F910F915D
:1021E000FF90EF90DF90CF90BF90AF907F906F9077
:1021F0005F904F900C941A841A2DBA86C9860D2DC3
:1022000096CFAF92BF92CF92DF92EF92FF920F9351
:102210001F937B018C0159016A01E8E1FAE02481F6
:10222000358146815781608171818281938148DF48
:102230001F910F91FF90EF90DF90CF90BF90AF90E4
:1022400008958F929F92AF92BF92CF92DF92EF92BA
:10225000FF92CF936B017C01C22F4423C9F0809081
:102260000A0E90900B0EA0900C0EB0900D0E20E078
:1022700030E0A901C501B4010E9455F087FF08C0F4
:10228000A5019401C701B6010E9411F76B017C0101
:1022900020E030E048EC53E4C701B6010E9439F970
:1022A000181634F4C12CD12C88ECE82E83E4F82ED7
:1022B0008090200A9090210AA090220AB090230AD0
:1022C000C11108C0A7019601C501B4010E9439F9E6
:1022D0001816C4F0A7019601C501B4010E9455F07B
:1022E000882381F020E030E040E252E4C701B601EB
:1022F000CF91FF90EF90DF90CF90BF90AF909F90E5
:102300008F907FCFCF91FF90EF90DF90CF90BF90D5
:10231000AF909F908F9008958F929F92AF92BF92AF
:10232000CF92DF92EF92FF92CF93DF934B015C014C
:1023300069017A010E94E437C8E1DAE02091550290
:10234000309156024091570250915802C501B40194
:102350000E94EEF72C853D854E855F850E9412F721
:102360006C877D878E879F87C701B60181DEDF91ED
:10237000CF91FF90EF90DF90CF90BF90AF909F9064
:102380008F900C941A84CF92DF92EF92FF92C090BC
:10239000240AD090250AE090260AF090270A20917E
:1023A000ED093091EE094091EF095091F009C70114
:1023B000B6010E94BAF00E9445F96093300E709306
:1023C000310E8093320E9093330EC092200ED09235
:1023D000210EE092220EF092230E9091120E809127
:1023E000130E981731F0FF90EF90DF90CF900C9480
:1023F00022C70E941A840E9442714091300E50916F
:10240000310E6091320E7091330E409379085093E3
:102410007A0860937B0870937C08882331F0FF90E2
:10242000EF90DF90CF900C945A2CFF90EF90DF90BC
:10243000CF9008950C945FC7AF92BF92CF92DF9276
:10244000EF92FF920F931F93CF937B018C01590161
:102450006A0120911C0A30911D0A40911E0A509178
:102460001F0A6091180A7091190A80911A0A9091B6
:102470001B0A26DE80915409C82FC47082FD13C048
:102480001092540982E00E941185D4DF81E0C111CD
:1024900080E0CF911F910F91FF90EF90DF90CF9050
:1024A000BF90AF9008950E942852882349F3F1CF3E
:1024B0000E9442719091130E9093120E9093110E00
:1024C00094E69093100E21ED33E03093C4092093ED
:1024D000C30981110E945A2C81E0809360080E94F8
:1024E0001A848EEF0E941185A5CFCF93DF93CDB7CD
:1024F000DEB72C970FB6F894DEBF0FBECDBF0E949B
:10250000FCC50E9442719CE0EDE6F8E0DE01119608
:1025100001900D929A95E1F781110E945A2CCE01FB
:1025200001960E94EA802C960FB6F894DEBF0FBE8B
:10253000CDBFDF91CF9108954F925F926F927F92BE
:102540008F929F92AF92BF92CF92DF92EF92FF92C3
:10255000CF93DF9300D01F92CDB7DEB78091180ADA
:102560009091190AA0911A0AB0911B0A89839A8343
:10257000AB83BC8340901C0A50901D0A60901E0AD9
:1025800070901F0A8090200A9090210AA090220A41
:10259000B090230AC090240AD090250AE090260A21
:1025A000F090270A0E94A98381E08093970D0E94F2
:1025B000B786A7E3B2E090E080E0FC01EC5AF24E6F
:1025C00045915591659174914D935D936D937D9374
:1025D000FC01E85BF24E4591559165917491189616
:1025E0004D935D936D937C931B9704968C3091056E
:1025F00021F760910F087091100880911108909157
:1026000012080E940FC80E94872B0E94F78329811D
:102610003A814B815C816091180A7091190A80910E
:102620001A0A90911B0A0E9455F081112AC0A30139
:10263000920160911C0A70911D0A80911E0A90916E
:102640001F0A0E9455F081111CC0A50194016091E0
:10265000200A7091210A8091220A9091230A0E94F7
:1026600055F081110EC0A70196016091240A709166
:10267000250A8091260A9091270A0E9455F0882306
:1026800099F00F900F900F900F90DF91CF91FF90E6
:10269000EF90DF90CF90BF90AF909F908F907F9002
:1026A0006F905F904F9021CF0F900F900F900F90F1
:1026B000DF91CF91FF90EF90DF90CF90BF90AF90E0
:1026C0009F908F907F906F905F904F9008950F93A1
:1026D0001F93CF93DF93EC0107E519E0F801208108
:1026E000318142815381688179818A819B810E94F5
:1026F00012F7688379838A839B83F801248135816B
:10270000468157816C817D818E819F810E9412F765
:102710006C837D838E839F83F8012085318542857C
:102720005385688579858A859B850E9412F768871D
:1027300079878A879B87DF91CF911F910F910895A9
:10274000CF93DF9300D01F92CDB7DEB787E791E03C
:10275000A0E0B0E089839A83AB83BC83BE016F5F46
:102760007F4F8CE30E94B0518DED9BE10E94772C4E
:102770008FB1809567ED7BE181700E94B97680B161
:1027800082FB882780F961ED7BE191E089270E9437
:10279000B976809100016BEC7BE183FB882780F99F
:1027A0000E94B9768091000162EC7BE185FB88276D
:1027B00080F90E94B9768091000183FD09C00E94D2
:1027C000F4510F900F900F900F90DF91CF910895DB
:1027D0000E94DA510F900F900F900F90DF91CF91E0
:1027E000089580910009811104C0809156098823C1
:1027F00031F062E070E080E090E00C9440390895A0
:102800004F925F926F927F92AF92BF92CF92DF9280
:10281000EF92FF920F931F93CF93DF9300D01F92FD
:102820001F92CDB7DEB78D83162F20E041E060E028
:1028300070E080E890E405DD4090180A5090190A95
:1028400060901A0A70901B0A80911C0A90911D0AD0
:10285000A0911E0AB0911F0A89839A83AB83BC831F
:102860009D81992369F10E946252111112C0E0907A
:10287000200AF090210A0091220A1091230AA12C2B
:10288000B12C650129813A814B815C81C301B20180
:1028900017DCAD81A09356090F900F900F900F9009
:1028A0000F90DF91CF911F910F91FF90EF90DF90EC
:1028B000CF90BF90AF907F906F905F904F9091CFEF
:1028C0000E942852D2CF4F925F926F927F928F9246
:1028D0009F92AF92BF92CF92DF92EF92FF920F93AF
:1028E0001F93CF93C82FE82EF12CF701E853F14D39
:1028F000D490823009F03BC080915609811103C009
:1029000060E081E07DDF0E946252811117C104E81E
:102910001CE1F80145905590659074906D2D0D2C3B
:10292000000C770B880B990B0E945BF04B015C014C
:1029300020E030E0A901C301B2010E9455F08823D4
:10294000B1F0F80185919591A591B4916C018D013B
:1029500020E030E040E850E4BC01CD010E9455F099
:1029600087FF1BC0C12CD12C00E810E416C06D2DD0
:10297000DD0C770B880B990B0E945BF04B015C011F
:10298000F701EE0FFF1FEE0FFF1FE458F34E859186
:102990009591A591B4916C018D01A5019401B601A9
:1029A000C8010E94BAF02B013C016701CC0CDD1C70
:1029B000CC0CDD1CF601E059F34E659175918591C3
:1029C000949120E030E040EC5FE30E94BAF0A50172
:1029D00094010E94BAF0AB01BC0100E010E0980144
:1029E0008C2F0E941ECC20E030E0A901C301B2016F
:1029F0000E9455F0882341F100E010E09801C230B8
:102A000031F40E94285200E010E020E232E4B301E9
:102A1000A20170588C2F0E941ECCC23009F489C0CC
:102A2000A3019201C301B2010E9412F74B015C01A4
:102A3000C23009F094C000E010E020EA31E4B501B2
:102A4000A4018C2F0E941ECCC23011F40E94285287
:102A500081E090E00C2E01C0880F0A94EAF7909173
:102A60005509982B9093550990911F07892B8093B6
:102A70001F07F601E15CF34E259135914591549184
:102A80008601085E154FF601EE5FF64F6081718199
:102A9000828193810E9412F7F8016083718382839F
:102AA0009383C230D1F420910A0E30910B0E4091E5
:102AB0000C0E50910D0E6091200A7091210A8091A8
:102AC000220A9091230A0E9411F76093200A7093C2
:102AD000210A8093220A9093230AF601E95AF64FBD
:102AE0001082118212821382A5DCF601E05EF84F9B
:102AF000D601A85EB54F8D919D910D90BC91A02DF2
:102B000080839183A283B383C23009F045C080E003
:102B1000CF911F910F91FF90EF90DF90CF90BF90DA
:102B2000AF909F908F907F906F905F904F900C949C
:102B3000A1280E946252882309F472CFCF911F917D
:102B40000F91FF90EF90DF90CF90BF90AF909F904C
:102B50008F907F906F905F904F900C942852F70168
:102B6000E359F34E6491611107C00E94A02C8BE4DD
:102B70009CE10E94772C6AE070E090E080E00E9487
:102B800059F09B01AC0160E070E080E792E40E94A4
:102B9000EEF78B019C0153CFCF911F910F91FF90C6
:102BA000EF90DF90CF90BF90AF909F908F907F90ED
:102BB0006F905F904F9008950F931F9380917C09C1
:102BC000813019F50E9408CF0091EF071091F007AE
:102BD0002091F1073091F207601B710B820B930B70
:102BE00028EE33E040E050E00E947FF660911B0742
:102BF00070911C0780911D0790911E07620F731F33
:102C0000841F951F1F910F9108956091F307709194
:102C1000F4078091F5079091F607D6CFCF92DF9217
:102C2000EF920F93CF93DF93CDB7DEB769970FB6CF
:102C3000F894DEBF0FBECDBF6C01BEDF6E8B7F8B05
:102C4000888F998FBE016F5F7F4FCE0146960E949D
:102C50003926EE24E39400E021E0F6014281BE0132
:102C60006F5F7F4F808191810E94722469960FB6B9
:102C7000F894DEBF0FBECDBFDF91CF910F91EF90E3
:102C8000DF90CF90089510927C091092EF07109278
:102C9000F0071092F1071092F2071092F3071092CA
:102CA000F4071092F5071092F60710921B07109286
:102CB0001C0710921D0710921E07089583E0809351
:102CC000520980917C098130E1F08230C1F474DFD7
:102CD00060931B0770931C0780931D0790931E073A
:102CE00081E080937C090E9408CF6093EF07709386
:102CF000F0078093F1079093F20781E00895C3DF16
:102D0000EFCF80E00895CF93C0917C0980E0C1307F
:102D1000A1F460E083E00E942BC4C0931A0782E014
:102D200080937C090E9408CF6093F3077093F407A7
:102D30008093F5079093F60781E0CF9108958091F5
:102D40007C0981508230D0F4809119078350823001
:102D500038F460E083E00E942BC485E08093520940
:102D600010927C090E9408CF6093F3077093F407D8
:102D70008093F5079093F60781E0089580E0089529
:102D80002091940D3091950D263531053CF420911C
:102D9000D2073091D3072630310524F0882339F04B
:102DA0000C94AF39662319F0CADF0C9482C80895D9
:102DB0000E949D2C8DE29DE10E94772C85E29DE191
:102DC0000E94772C89E09DE10E94772C0E9433803D
:102DD000B6DF80915109813099F00E949D2C82E9E3
:102DE0009CE10E94772C88E89CE10E947EC56EE5FC
:102DF00071E080E090E00E94403981E080935109C9
:102E00000895AF92BF92CF92DF92EF92FF920F930D
:102E10001F93CF93DF93EB01823009F45EC0B0F5CE
:102E2000813009F450C0E884F9840A851B8520E0CC
:102E300030E040E251E46091200A7091210A8091D3
:102E4000220A9091230A0E9412F75B016C0120E094
:102E500030E048EC53E40E9439F9181634F4A12C00
:102E6000B12CF8ECCF2EA3E4DA2E9501A601B70120
:102E7000C8010E9439F9181614F07501860120E086
:102E800030E040EA50E4B701C80125C0833009F4BE
:102E900049C0843041F6E090200AF090210A009168
:102EA000220A1091230A2C813D814E815F81688125
:102EB00079818A819B81A12CB12CE8ECCE2EE2E4B1
:102EC000DE2EFED857C0688579858A859B8520E0EF
:102ED00030E040EA50E495D9DECF288539854A852F
:102EE0005B856091200A7091210A8091220A90915D
:102EF000230A0E9412F76B017C0120E030E048ECCD
:102F000053E40E9455F087FD06C0C12CD12C18EC6B
:102F1000E12E13E4F12E20E030E040EA50E4C70156
:102F2000B601D9CF20E030E040E251E46091200AC0
:102F30007091210A8091220A9091230A0E9412F72F
:102F40006B017C0120E030E048EC53E40E9439F949
:102F50001816DCF020E030E0A901C701B6010E949C
:102F600055F087FD19C020E030E040EA50E4C70189
:102F7000B60147D9DF91CF911F910F91FF90EF904C
:102F8000DF90CF90BF90AF90B0CAC12CD12CB8ECDD
:102F9000EB2EB3E4FB2EE7CFC12CD12C7601E3CF8F
:102FA00010920E09109218070E94C1398823C9F0A7
:102FB0000E9464399091730D80FB97F99093730D83
:102FC00061E088E89BE10E94DE2FB9DE4DE95BE11C
:102FD00065EA7BE185E00E9408C98FE89BE10C94DB
:102FE0007EC58091730D84FFEBCF0E94C1D4E8CFE2
:102FF0000F931F93CF93DF931F921F92CDB7DEB72E
:103000002091170A211118C08C014423E1F00E947D
:10301000623040E450E0B80189E694E10E944FEF4D
:103020008FE390E09A838983CE0101960E944CC47D
:1030300089E694E10E9414CF0F900F90DF91CF9119
:103040001F910F9108950E943A3540E450E0B80175
:1030500089E694E10E949EEFE3CFFF920F931F93C6
:10306000CF93DF93CDB7DEB7A1970FB6F894DEBF4D
:103070000FBECDBF8C01F42E67FF03C01092170A5C
:1030800060E02091170A862F062E000C990B281756
:10309000190609F03CF56093170AC801FF2071F189
:1030A0000E94623019821F8E4FE150E0B801CE01BC
:1030B0000196FF2031F10E944FEF40E450E0BE0145
:1030C0006F5F7F4F89E694E10E949EEF8FE390E06F
:1030D00099A388A3CE0180960E944CC489E694E10E
:1030E0000E9414CFA1960FB6F894DEBF0FBECDBFDD
:1030F000DF91CF911F910F91FF9008950E943A3573
:10310000D1CF0E949EEFD9CF823221E0920714F0F6
:1031100082E291E09093950D8093940D1092DD07DB
:103120000C94E728CF92DF92EF92FF926B017C0123
:1031300020E030E0A9010E9455F087FD14C020E096
:1031400030E041E953E4C701B6010E9439F918168D
:1031500074F0C701B6010E9445F9CB01FF90EF90D2
:10316000DF90CF90D1CFC12CD12C7601F2CFC12CE2
:10317000D12C81E9E82E83E4F82EEBCFEFEBF7E0DA
:10318000108211821282138214820C94E728CF924B
:10319000DF92EF92FF920F931F93CF93DF93CDB700
:1031A000DEB77C01CDB6DEB60E9463EF01962DB787
:1031B0003EB7281B390B0FB6F8943EBF0FBE2DBF8C
:1031C0000DB71EB70F5F1F4FB701C8010E9448EF30
:1031D000C8010E94C8240FB6F894DEBE0FBECDBE53
:1031E000DF91CF911F910F91FF90EF90DF90CF90E3
:1031F00008959091120E8091130E981312C00E94A0
:10320000817181110FC00E94C13981110BC00E94D0
:103210007239811107C080917C09813011F00C94C2
:10322000A43981E00895E5DF882351F00E947239C6
:10323000811106C081E090917C09923009F080E014
:1032400008950F931F93CF93DF938C01ECDF41E040
:1032500061E08823D1F089EF0E946853C1E0D0E09B
:10326000809153098823B9F0C26042E065E089EF9C
:103270000E9468537C2F6D2FF80180819181DF912E
:10328000CF911F910F910C94397789EF0E943A5397
:10329000D0E0C0E0E5CF42E065E089EF0E943A531C
:1032A000E9CF0F931F93CF93DF938C01A2DF41E00F
:1032B00061E08823C9F083E00E946853C1E0D0E058
:1032C000B2DF8823B9F0C26042E061E083E00E948F
:1032D00068537C2F6D2FF80180819181DF91CF9110
:1032E0001F910F910C94397783E00E943A53D0E0FC
:1032F000C0E0E6CF42E061E083E00E943A53E9CFCC
:1033000078DF882311F081E008958DDF8111FBCFF4
:1033100095E0909352090895F3CFCF92DF92EF9208
:10332000FF926B017C01463059F51092C407109250
:10333000C5071092C6071092C7071092C8070E94CF
:10334000032620E030E0A901C701B6010E9455F034
:1033500087FF1EC0C12CD12C7601C701B6010E9487
:1033600045F96337710514F063E770E07093D30794
:103370006093D207FF90EF90DF90CF900C940326DC
:10338000FDDEC701B601FF90EF90DF90CF90CACE6F
:1033900020E030E046EE52E4C701B6010E9439F960
:1033A0001816DCF6C12CD12C86EEE82E82E4F82E1D
:1033B000D4CFEF920F93009751F0BC01EE24E39429
:1033C00001E021E040E280E091E10E941D240F91A4
:1033D000EF900895EF92FF921F93CF93DF9300D069
:1033E0001F92CDB7DEB7909119079A3F09F43EC0FE
:1033F000993F79F4893F11F0809334026623B1F14B
:1034000090915309992329F09091180791111092E6
:103410001807182F83E9E82E8AE1F82E43E050E0E0
:10342000B701CE0101960E9429EFEA81FB81309716
:1034300031F08981181324C019958823B9F061E00F
:10344000812F0E94E07C882389F0109319071C8249
:103450001B828AE5898381E08A831C8344E0BE0164
:103460006F5F7F4F84E890E00E9405250F900F90DA
:103470000F900F90DF91CF911F91FF90EF900895E3
:1034800083E0E80EF11CE114F10441F6D8CF9091ED
:10349000120E8091130E98130AC00E94817181113F
:1034A00006C02091120E9091130E81E0291380E046
:1034B00008950E9408CF6C507E4F8F4F9F4F6093AE
:1034C000E6077093E7078093E8079093E90708956C
:1034D0008F929F92AF92BF92EF920F934A015B013E
:1034E000009751F0EE24E39401E020E040E2BC01BB
:1034F00080E090E30E941D2481149104A104B10492
:10350000A9F00E9408CF860E971EA81EB91E8092B1
:10351000620D9092630DA092640DB092650D0F91B3
:10352000EF90BF90AF909F908F900895812C912C39
:103530005401EDCFCF92DF92EF92FF921F93CF9382
:10354000DF93CDB7DEB72C970FB6F894DEBF0FBE72
:10355000CDBFADECB9E090E080E0FC01E15EF04E63
:1035600045915591659174914D935D936D937D93C4
:10357000FC01E15FF04E4591559165917491509633
:103580004D935D936D937C935397FC01E150F14E05
:10359000459155916591749190964D935D936D937E
:1035A0007C939397049680319105B9F680E29EE46E
:1035B000A0E0B0E08093DD099093DE09A093DF09DD
:1035C000B093E00980E090E0A8E4B4E48093010ABD
:1035D0009093020AA093030AB093040A8093050A09
:1035E0009093060AA093070AB093080A80E090E03F
:1035F000AAE7B4E48093090A90930A0AA0930B0AFD
:10360000B0930C0A10920D0A10920E0A10920F0A33
:103610001092100A1092110A1092120A1092130AB4
:103620001092140AC12CD12C80E2E82E81E4F82EED
:10363000C0928F09D0929009E0929109F09292097C
:10364000C0929309D0929409E0929509F09296095C
:103650008DEC9CECACECBEE38093970990939809B9
:10366000A0939909B0939A0980E090E0A0E8BFE3A5
:1036700080939B0990939C09A0939D09B0939E0908
:103680001092020910920309109204091092050980
:103690001092060910920709109208091092090960
:1036A00010920A0910920B0910920C0910920D0940
:1036B000109220020E94E437C0920F08D0921008A6
:1036C000E0921108F092120880E00E9444290E94C2
:1036D000082C82ED90E09093D6078093D5078AEF6F
:1036E00090E09093D8078093D7078DEC9CECACECDE
:1036F000BDE38093D9079093DA07A093DB07B093DB
:10370000DC071092DD078CE0E1E0F4E0DE011196C9
:1037100001900D928A95E1F789819A81AB81BC81F4
:103720008093020E9093030EA093040EB093050EA7
:103730008D819E81AF81B8858093060E9093070E90
:10374000A093080EB093090E89859A85AB85BC8538
:1037500080930A0E90930B0EA0930C0EB0930D0E57
:1037600087ED93EAA5E0B2E48093A80D9093A90DAC
:10377000A093AA0DB093AB0D80EC93E8A6E7BEE34F
:103780008093AC0D9093AD0DA093AE0DB093AF0DA3
:103790008CE597E7A0E9B4E48093B00D9093B10D68
:1037A000A093B20DB093B30D11E0109345070E94A2
:1037B000CE391092520780E090E0A0EEBFE38093F4
:1037C0004E0790934F07A0935007B0935107109264
:1037D00000091092FF0805D880E090E0A8ECB2E460
:1037E00080934A0790934B07A0934C07B0934D07E3
:1037F0001092460710924707109248071092490707
:103800000E949C928DED9EE10E9462300E94A02C4D
:103810008DED9EE10E94772C0E94A32C82E30E94F2
:10382000362584E60E946E2580910E08811106C01F
:1038300010930E0860E081E00E942BC440E355E73E
:1038400060E070E080ED9EE12C960FB6F894DEBF4C
:103850000FBECDBFDF91CF911F91FF90EF90DF9012
:10386000CF9036CECF92DF92EF92FF920F931F93BD
:10387000CF93DF93CDB7DEB7CC5AD1090FB6F8940A
:10388000DEBF0FBECDBFCF55DF4F188219821A821F
:103890001B82C15AD04084E690E090938B098093BC
:1038A0008A091092670D1092660D8091CF04909155
:1038B000D004A091D104B091D204CB55DF4F8883BE
:1038C0009983AA83BB83C55AD04064E070E0CE01DF
:1038D0008B559F4F0E94A1CE80918A0990918B09B0
:1038E000029690938B0980938A091092670D10922B
:1038F000660D81ED92E0C755DF4F99838883C95AE1
:10390000D040CE0187559F4F0E94A97681E0C455D3
:10391000DF4F8883CC5AD040CE0184559F4F0E9400
:10392000AD7668E470E08DEC99E00E94A1CE60E194
:1039300070E08FE899E00E94A1CE8AE097EDA3EABB
:10394000BCE3CF55DF4F88839983AA83BB83C15AD9
:10395000D040CE018F559F4F0E94A57682E099E01E
:103960000E94B57680E292E00E94B17619821A82B6
:103970001B821C828E010F5F1F4FC8010E94A5761B
:103980007E018DE6E80EF11CF70110821182128291
:103990001382C7010E94A5768091860990918709BC
:1039A000A0918809B091890989839A83AB83BC83EC
:1039B000C8010E94A57668E070E085ED97E00E945E
:1039C000A1CECF55DF4F188219821A821B82C15AAD
:1039D000D04083E0C356DF4F8883CD59D040F701F4
:1039E0008083CE018F559F4F0E94A576CE018356CE
:1039F0009F4F0E94AD76C7010E94AD7680E09CE0AB
:103A00009A838983C8010E94A9763AE0D32EDA947A
:103A1000DD2031F0CE018F559F4F0E94A576F7CF64
:103A200082E09EE00E94B576CF55DF4F1882198262
:103A30001A821B82C15AD0402AE0D22EDA94DD20AD
:103A400031F0CE018F559F4F0E94A576F7CF85E0CC
:103A5000D82EF701D082C356DF4FD882CD59D0403F
:103A6000C7010E94AD76CE0183569F4F0E94AD766E
:103A700080E69CE69A838983C8010E94A97668E063
:103A800070E08DE397E00E94A1CE68E070E085E3EE
:103A900097E00E94A1CE64E670E083E597E00E9483
:103AA000A1CE1982CC24CA94F701C082C8010E9419
:103AB000B176C7010E94AD7664E070E082E794E0E1
:103AC0000E94A1CE809101098983C8010E94B1762C
:103AD0008091A80D9091A90DA091AA0DB091AB0D68
:103AE00089839A83AB83BC8321E732EB47E25EE3B1
:103AF0006091AC0D7091AD0D8091AE0D9091AF0DB8
:103B00000E94EEF76D837E838F83988721E732EBE7
:103B100047E25EE36091B00D7091B10D8091B20DFE
:103B20009091B30D0E94BAF069877A878B879C8742
:103B300080E090E0A0E8BFE38D879E87AF87B88BD9
:103B4000198A1A8A1B8A1C8A64E170E0C8010E94E3
:103B5000A1CE84E190E09A838983C8010E94A9766E
:103B60008CE0EDE0F4E0D80101900D928A95E1F748
:103B70006CE070E0C8010E94A1CE8CE0EDE0F4E0C2
:103B8000D80101900D928A95E1F76CE070E0C801D0
:103B90000E94A1CE1982C8010E94AD768FE7898369
:103BA000C8010E94AD76C982C8010E94AD76E9E1E4
:103BB000F4E0D80101900D92DA94E1F765E070E04D
:103BC000C8010E94A1CE80914507F70180831A8227
:103BD0001982C7010E94B176C8010E94A97680E2CD
:103BE000EEE1F4E0D80101900D928A95E1F760E2F0
:103BF00070E0C8010E94A1CEF7011082C7010E94A7
:103C0000B17682E597E00E94B1768EE497E00E945B
:103C1000A576CF55DF4F188219821A821B82C15AAE
:103C2000D040CE018F559F4F0E94A57682E1F801CA
:103C300011928A95E9F762E170E0C8010E94A1CE75
:103C400084E2EEE3F4E0D80101900D928A95E1F769
:103C500064E270E0C8010E94A1CE90E1D92EF80183
:103C60008D2D11928A95E9F760E170E0C8010E94FC
:103C7000A1CE1A82198262E070E0C8010E94A1CE32
:103C8000F8011192DA94E9F760E170E0C8010E944E
:103C9000A1CE8CE6F80111928A95E9F76CE670E006
:103CA000C8010E94A1CE68E070E086E497E00E941F
:103CB000A1CE8CE0F70111928A95E9F7C555DF4F47
:103CC0001882CB5AD04080E090E0A0E4B0E4C35624
:103CD000DF4F88839983AA83BB83CD59D040C70126
:103CE0000E94B576CE0185559F4F0E94AD76CE01DC
:103CF00083569F4F0E94A57680E3F70111928A9523
:103D0000E9F70E94A625082F10911F0280918509CE
:103D100081110E942F2991E0F70190830183128382
:103D2000838360E370E0C7010E94A1CE00918A09FD
:103D300010918B09045611098091660D9091670DC1
:103D4000F7019183808384E690E090938B098093C0
:103D50008A0964E070E086E794E00E94A1CEC70182
:103D60000E94A9760E94A02C84E99DE10E94772CF4
:103D7000C8010E94AD37F701C080D180F12CE12C41
:103D800087E89DE10E94772CC701B6010E949F2819
:103D900084E89DE10E94772C013D124001F18FEAF9
:103DA0009AE20E94772C85ED9DE10E94772C40E3FA
:103DB00055E760E070E080E69DE18ADB80E0C45575
:103DC000DF4F0FB6F894DEBF0FBECDBFDF91CF91AE
:103DD0001F910F91FF90EF90DF90CF90089584E7AF
:103DE0009DE10E947EC584E79DE10E94623081E0F2
:103DF000E6CF5F926F927F928F929F92AF92BF9227
:103E0000CF92DF92EF92FF920F931F93CF93DF93A6
:103E100000D000D000D01F92CDB7DEB7EDB6FEB611
:103E20008091EE0781111DC011E01093EE07809183
:103E30000E088823A1F0809119078A3F81F00E9423
:103E400008CF4B015C0180915209882341F1109207
:103E500052099091190789131FC010931A071092E5
:103E6000EE070FB6F894FEBE0FBEEDBE2A960FB653
:103E7000F894DEBF0FBECDBFDF91CF911F910F91A0
:103E8000FF90EF90DF90CF90BF90AF909F908F907A
:103E90007F906F905F90089560E09CDAE0CF809112
:103EA0001707811118C088EB9BE0A0E0B0E08819EB
:103EB0009909AA09BB09181619061A061B065CF00F
:103EC000109317070E94C225809119078111C7CF4F
:103ED00060E081E0E2CF90911A078091190740914C
:103EE000EA075091EB076091EC077091ED074819D4
:103EF00059096A097B09141615061606170694F067
:103F000024EF820E21E0921EA11CB11C8092EA07D0
:103F10009092EB07A092EC07B092ED07692F0E94F8
:103F2000E07C9DCF9111ECCF893F09F072C0809168
:103F30005309882309F465C080911807882309F480
:103F400064C08091620D9091630DA091640DB09159
:103F5000650D0097A105B10509F077C08091E607CE
:103F60009091E707A091E807B091E9070097A105B4
:103F7000B10509F07BC0AA24A3949091E507809134
:103F8000930620919406821B8F7709F468CF9130B5
:103F900009F48FC008F485C0923009F492C09330C0
:103FA00071F78091930690919406891B8F77909179
:103FB000E407891708F453CF0E949853C82E8091C4
:103FC000E407DD24DA94D80E8DB69EB68150990BA5
:103FD000EDB7FEB7E81BF90B0FB6F894FEBF0FBEA6
:103FE000EDBF0DB71EB70F5F1F4F3801DA94FFEF1B
:103FF000DF1609F471C00E949853F30181933F01C9
:10400000F5CF45DA882309F49CCF61E08091340232
:1040100044CF8E3009F095CF3ADA882309F491CF56
:1040200060E083E00E942BC40E942F29882351F076
:1040300085E79BE140E355E760E070E049DA60E046
:104040008DE02BCF86E69BE1F5CF88199909AA0967
:10405000BB09181619061A061B060CF47FCF40E0A0
:1040600050E0BA0189EB9EE233DAF9CE881999095A
:10407000AA09BB09181619061A061B060CF47BCFF1
:1040800006DA882309F477CF1092E6071092E70743
:104090001092E8071092E90781E69BE10E945142E5
:1040A000DECE0E9498538A3509F067CFA092E507CB
:1040B00064CF0E949853853A69F482E08093E507C3
:1040C0005CCF0E9498538093E40783508E3710F49E
:1040D00083E0F4CF80E0F2CFF3E8CF1619F010922E
:1040E000E50772C0F8018081918198278927982778
:1040F000B280BB0C8F30910559F4F2E0BF1208C0BA
:10410000F801838180931607848180931507E7CF98
:10411000BE016F5F7F4F0E941E25882301F38F81B0
:104120009885892BE1F20E9408CF60936309709310
:10413000640980936509909366095B80511008C0FB
:10414000EF81F88570E060E0CE0101961995C7CF48
:104150008C8181FF3FC0CDB6DEB6452D50E02DB736
:104160003EB7241B350B0FB6F8943EBF0FBE2DBFD4
:104170008DB79EB701963C0170E060E00E94FEF9A9
:10418000D301F801339690E080E02B2D30E08B15C1
:1041900070F4851560F441910196821793072CF411
:1041A0004F3F19F450815F3F11F04D93F0CFEF81F5
:1041B000F885B301CE01019619951092E5070FB667
:1041C000F894DEBE0FBECDBE0FB6F8949EBE0FBEF5
:1041D0008DBED3CEB51083CFB8016D5F7F4FEF8119
:1041E000F885B2CFEEE6F6E081E2DF011D928A9516
:1041F000E9F780911607803320F08091150781320E
:1042000048F440E355E760E070E086E39BE160D965
:1042100080E0089581E00895CF9380E00E944429D2
:10422000809155098770C1E0873059F030D9C82F87
:1042300081110AC040E355E760E070E081E39BE153
:1042400047D98C2FCF9108956CE087E29BE10E94C3
:10425000AECD8CE09BE10E945142C0E0F2CFCF9303
:1042600010926D0614D9C82F811107C040E355E79D
:1042700060E070E081E39BE12BD98C2FCF91089512
:10428000EF92FF921F93CF93DF93CDB7DEB7649782
:104290000FB6F894DEBF0FBECDBF82E08093090257
:1042A000F6D8182F811114C040E355E760E070E0A4
:1042B00081E39BE10DD9812F64960FB6F894DEBFA0
:1042C0000FBECDBFDF91CF911F91FF90EF9008956A
:1042D0008091550987708730A1F520E030E040E8F3
:1042E00050E46091200A7091210A8091220A9091F5
:1042F000230A0E9455F087FF04C08EE19BE10E94D3
:1043000051421F9288EC8F931F928F9385E19BE11E
:104310009F938F931F9284E18F93CE0101967C012E
:104320009F938F930E94B2EFC7010E94194280E1D0
:104330009BE10E9451420FB6F894DEBF0FBECDBF85
:10434000BACF6BE087E29BE10E94AECD83E29BE1B6
:104350000E94514210E0AFCFCF9380910D080E9490
:10436000442995D8C82F81110AC040E355E760E081
:1043700070E081E39BE1ACD88C2FCF9108958091C0
:10438000550987708730A9F420E030E040E251E41D
:104390006091200A7091210A8091220A9091230A4B
:1043A0000E9455F087FFE8CF82E09BE10E945142D6
:1043B000E3CF6AE087E29BE10E94AECD88E09BE11B
:1043C0000E945142C0E0D8CF909119079E3031F041
:1043D0009D3091F581E080931A070895962F990FEB
:1043E000990F960F980FE1E0F0E0903110F4F0E0B3
:1043F000E0E0EE0FFF1FE759F94F9F7021E030E03A
:1044000002C0220F331F9A95E2F740815181242B7D
:10441000352B318320838430ECF26430DCF20E944F
:104420002F298111D7CF10926C0610926B06109233
:104430006A0610926906CECF08952F923F924F924E
:104440005F926F927F928F929F92AF92BF92CF9224
:10445000DF92EF92FF920F931F93CF93DF93CDB72D
:10446000DEB7C558D1090FB6F894DEBF0FBECDBF79
:10447000CDB6DEB684E690E090938B0980938A09EE
:104480001092670D1092660D41E064E070E08E01BD
:104490000F5F1F4FC8010E9483C743E050E066E7EB
:1044A00074E0C8010E942AFA892BE1F5CE018358F5
:1044B0009F4F0E949A76E9961CAE1DAE1EAE1FAEAF
:1044C000E9971092670D1092660DCE0185589F4FA7
:1044D0000E949A76ED968EAD9FADED97813D92400C
:1044E00009F45DC08FEA9AE20E94772C85ED9DE188
:1044F0000E94772C0E94A02C60918A0970918B09F0
:10450000645671098AE49EE10E94EA3782E49EE1E2
:104510000E94772C81ED92E00E94AD370E94A32C7F
:1045200012E012C08C81882319F08FE389831A82EC
:104530000E94A02CB80184EB9DE10E94852C86EAA4
:104540009DE10E94772C11E08091B707811107C08F
:1045500080915109833018F080E00E941882812FE9
:104560000FB6F894DEBE0FBECDBECB57DF4F0FB6F1
:10457000F894DEBF0FBECDBFDF91CF911F910F9199
:10458000FF90EF90DF90CF90BF90AF909F908F9073
:104590007F906F905F904F903F902F900895CE0145
:1045A0008F579F4F0E949576ADB6BEB6CF57DF4F5F
:1045B0006881C158D04070E06D5F7F4F660F771FF4
:1045C000660F771F8DB79EB7861B970B0FB6F894B3
:1045D0009EBF0FBE8DBFEDB7FEB73196CE57DF4FF2
:1045E000F983E883C258D040CF010E949F76409162
:1045F000B70781E0482764E070E08DED99E00E9404
:1046000083C7CF57DF4F6881C158D04070E06D5FDE
:104610007F4F660F771F660F771F8DB79EB7861B7C
:10462000970B0FB6F8949EBF0FBE8DBFEDB7FEB7C8
:104630003196CC57DF4FF983E883C458D040CF017F
:104640000E949F76CF57DF4F6881C158D04070E0FD
:104650006D5F7F4F660F771F660F771F8DB79EB711
:10466000861B970B0FB6F8949EBF0FBE8DBFEDB79C
:10467000FEB731964F01CF010E949F76F090B707A9
:10468000F11058C0CF57DF4F8881C158D04090E01B
:104690000296ADECB9E070E060E030E020E04BE283
:1046A0005FE1821793070CF4D6C0CE57DF4FE88145
:1046B000F981C258D040E60FF71F408051806280D8
:1046C00073804D925D926D927D92821793070CF4E8
:1046D000C8C0CC57DF4FE881F981C458D040E60FFD
:1046E000F71F20803180E280E38121016E2C7E2E35
:1046F00050964D925D926D927C92539782179307DC
:104700000CF4B9C0F401E60FF71F20803180E2807D
:10471000E38121016E2C7E2E90964D925D926D92DA
:104720007C9293972F5F3F4F6C5F7F4F2430310512
:1047300009F0B7CF81E09AE00E948D7685E09AE09B
:104740000E948D7689E09AE00E948D768DE09AE055
:104750000E948D7681E19AE00E948D7641E04F259E
:1047600060E170E08FE899E00E9483C7CE018B582A
:104770009F4F0E948D760FB6F894BEBE0FBEADBEA1
:1047800082E099E00E948576CE0187589F4F0E9473
:104790005D768091B707811109C081E0EA969FADEF
:1047A000EA9719160CF080E0809320028091200295
:1047B00081110E94E437CE0183599F4F0E948D766C
:1047C000C8010E948D768FE098E00E948D7640911E
:1047D000B70781E0482768E070E085ED97E00E9428
:1047E00083C7CE018B589F4F0E948D76CE0187588C
:1047F0009F4F0E949576CE0183599F4F0E949576D8
:10480000C8010E949A76EA96EFACEA97AE964FAD51
:10481000AE9783EC2E2D2827F0E12F9F90011124D5
:10482000842790E0982F88279295907F822793275E
:1048300029813A818217930709F033C2E49E7001FF
:10484000112421E0E21AF10800F1CE018B589F4FAC
:104850000E948D76F6CFFA01459055906590749040
:1048600030CFEBE1FFE145905590659074901201D7
:10487000E62CE72D3ACFEBE0FFE1459055906590AF
:1048800074901201E62CE72D44CF82E09EE00E9456
:1048900085765AE0F52EFA94CE01FF2029F08B5848
:1048A0009F4F0E948D76F7CF80589F4F0E9495763C
:1048B000CE0181589F4F0E949576CE0187589F4F19
:1048C0000E949A76C058DF4F8881C058D04033ECA0
:1048D0008327E0E18E9FC0011124C158DF4F28815A
:1048E000CF57D040232730E0322F22273295307F18
:1048F00082279327EB962EAD3FADEB978217930758
:1049000009F0CFC1CE0183599F4F0E947D76C80127
:104910000E947D76C058DF4F8881C058D0408530D6
:1049200009F084C1C158DF4F9881CF57D0409530EE
:1049300009F07EC18091B707811102C00E9444290D
:10494000B801CE0183599F4F0E949B2B4091B7071E
:1049500081E0482764E670E083E597E00E9483C722
:10496000CE0183599F4F0E947576C8010E945D76E3
:104970004091B707FF24F3944F2564E070E0C8012D
:104980000E9483C781E099E00E9475764091B70745
:104990004F2564E170E0C8010E9483C7F090B7071B
:1049A000F1103AC089809A80AB80BC80A501940147
:1049B000C501B4010E94C1F981112EC049845A84F5
:1049C0006B847C846D817E818F8198858092A80D17
:1049D0009092A90DA092AA0DB092AB0D21E732EBF7
:1049E00047E25EE30E94BAF06093AC0D7093AD0DA8
:1049F0008093AE0D9093AF0D21E732EB47E25EE37B
:104A0000C301B2010E94EEF76093B00D7093B10D37
:104A10008093B20D9093B30DC8010E946D76C801CA
:104A20000E946576C8010E946576C8010E945D7685
:104A3000C8010E945D76C8010E945D7685E0F8019C
:104A400011928A95E9F741E04F2565E070E0C801D1
:104A50000E9483C7CE0183599F4F0E947576C8017B
:104A60000E946D764091B707411105C0AE968FAD9B
:104A7000AE9780934507FF24F3944F2560E270E0E2
:104A8000C8010E9483C7CE0183599F4F0E9475764B
:104A90004091B7074F2569E070E0C8010E9483C7C5
:104AA0004091B70741110FC08981809352078A81D5
:104AB0009B81AC81BD8180934E0790934F07A0935B
:104AC0005007B0935107FF24F3944F2562E170E043
:104AD000C8010E9483C74091B7074F2564E270E088
:104AE000C8010E9483C74091B7074F2560E170E07D
:104AF000C8010E9483C74091B7074F2562E070E06C
:104B0000C8010E9483C74091B7074F2560E170E05C
:104B1000C8010E9483C74091B7074F256CE670E03B
:104B2000C8010E9483C74091B7074F2568E070E035
:104B300086E497E00E9483C7C8010E948576CE0173
:104B400087589F4F0E945D76CE0183599F4F0E94E8
:104B50008D7680E3F80111928A95E9F74091B707C5
:104B60004F2560E370E0C8010E9483C78091B707BA
:104B700081111AC08A81FB801C810981011101C049
:104B800082E30E943625011102C084E6F82E8F2DA3
:104B90000E946E25002341F0812F11110E942F29C0
:104BA00080930D080E94442980918A0990918B0975
:104BB0008533934009F096CC2091660D3091670DB6
:104BC000EF968EAD9FADEF972817390709F045C0D6
:104BD0008091B707811122C00E94A02C0091660D20
:104BE0001091670D86E794E00E941D2989E79EE1F8
:104BF0000E94772C81ED92E00E94AD378CE69EE119
:104C00000E94772CC8010E94AD3789E20E9416C429
:104C10000E94A32C82E59EE10E9462308091B7073A
:104C2000811102C00E949C9210E08ECC8630C8F5A3
:104C3000C158DF4F9881CF57D040963090F5899F6B
:104C400070011124F1E0EF1AF10808F489CECE01C9
:104C50008B589F4F0E948D76F5CF8FEA9AE20E9483
:104C6000772CEF960EAD1FADEF9782E19EE10E948B
:104C7000772CC8010E94AD370091660D1091670D29
:104C80008DE09EE10E94772CC8010E94AD378DEF28
:104C90009DE10E94772C8DEE9DE10E94623013E031
:104CA00053CC8FEA9AE20E94772C82E39EE10E9425
:104CB000772C14E049CCCF93C1E0C093B707BDDB9C
:104CC0001092B70781111AC0B8DB882359F040E36E
:104CD00055E760E070E086E99EE10E94689A80E016
:104CE000CF91089580910E08811106C0C0930E08DF
:104CF00060E081E00E942BC481E0F2CF0E949A9A8A
:104D00000E949A9A0E94329C882319F080E00E94A7
:104D100018828DEB9EE10E947EC50E94A02C89EA3C
:104D20009EE10E94772CDBCFCF92DF92EF92FF9231
:104D30000F931F93CF93DF93CDB7DEB7E8970FB6EE
:104D4000F894DEBF0FBECDBF6801790122E48F3F2A
:104D500009F024E580E289831A828E010F5F1F4FDC
:104D6000F80101900020E9F7CF010197801B910B1A
:104D70008233910510F5F801E80FF91F2083813384
:104D8000910521F08C0F9D1FFC011282F80101900A
:104D90000020E9F7CF010197801B910B8233910529
:104DA00060F42AE3F801E80FF91F208381339105AD
:104DB00021F08C0F9D1FFC0112824CAB5DAB6EABE2
:104DC0007FAB82E088AFBE016C5C7F4FC8010E9460
:104DD000BEC4F80101900020E9F7CF010197801BC4
:104DE000910B8233910550F443E350E0481B590B7B
:104DF0006FE877E2800F911F0E944FEFCCAADDAAE7
:104E0000EEAAFFAA82E088AFBE016C5C7F4FC801AA
:104E10000E94BEC4C8010E941D2962E070E080E0CB
:104E200090E00E946ECEE8960FB6F894DEBF0FBEFB
:104E3000CDBFDF91CF911F910F91FF90EF90DF9049
:104E4000CF900895DF92EF92FF920F931F93CF932D
:104E5000DF93CDB7DEB7C157D1090FB6F894DEBFE7
:104E60000FBECDBFF82E6091940D7091950D072E59
:104E7000000C880B990B0E945BF08B019C01409108
:104E8000900D5091910D6091920D7091930D80E86D
:104E90004BDF6091D2077091D307072E000C880B6F
:104EA000990B0E945BF08B019C014091CE075091C1
:104EB000CF076091D0077091D1078FEF35DF8FEF6B
:104EC000F81631F0FF2009F485C0F12CE12C03C065
:104ED000E090D407F12C45E650E067E977E28E01D7
:104EE0000F5F1F4FC8010E944FEFFF92EF9281ECBE
:104EF00094E09F938F937E01E6E6EE0EF11CFF9205
:104F0000EF920E9443FAF80101900020E9F7CF01E7
:104F10000197801B910B0F900F900F900F900F90A7
:104F20000F908436910548F445E650E0481B590B34
:104F3000B701800F911F0E949EEFD090D407F80117
:104F400001900020E9F7CF010197801B910B843677
:104F5000910550F445E650E0481B590B62E977E2B1
:104F6000800F911F0E944FEF1F92DF9281EC94E01F
:104F70009F938F93FF92EF920E9443FAF801019062
:104F80000020E9F7CF010197801B910B0F900F9044
:104F90000F900F900F900F908436910548F445E6DE
:104FA00050E0481B590BB701800F911F0E949EEFE4
:104FB000C8010E941D29CF58DF4F0FB6F894DEBFFD
:104FC0000FBECDBFDF91CF911F910F91FF90EF905A
:104FD000DF900895E090960D7DCF2F923F924F92F3
:104FE0005F926F927F928F929F92AF92BF92CF9279
:104FF000DF92EF92FF920F931F93CF93DF93CDB782
:10500000DEB7AC970FB6F894DEBF0FBECDBF8BA74F
:105010006CA72091DD072AA71092DD0781E080931D
:105020000E091B8E1C8E1D8E1E8E1AA21BA21CA288
:105030001DA21EA23CE33FA38CE188A796E499A79A
:105040001E8A1F8AA0E8A88FBFEBB98F1A8EE1E0F5
:10505000E9A3812C912C54019E012F5F3F4F190130
:1050600080910E09882309F43CC181149104A104A4
:10507000B10461F0C818D908EA08FB0830E1C3168A
:1050800037E2D306E104F10408F02BC16091940DDE
:105090007091950D072E000C880B990B0E945BF008
:1050A0007B018C012E893F89488D598D0E9455F0D6
:1050B0008823B9F02091900D3091910D4091920D7F
:1050C0005091930D8CA5B7018111D4C0C8010E94E5
:1050D00055F0881F8827881F8A8FEE8AFF8A088FDD
:1050E000198F0E9408CF6B017C018AA19BA1ACA102
:1050F000BDA18C199D09AE09BF09181619061A061B
:105100001B06A4F1D701C60188519C4FAF4FBF4F7A
:105110008AA39BA3ACA3BDA38BA594DE45E150E07D
:105120006BE977E2C1010E944FEF1D8A811491045F
:10513000A104B10409F4A9C0C501B401605F784DB0
:105140008F4F9F4F6C197D098E099F0928EE33E020
:1051500040E050E00E947FF6BA01A901C1010E941F
:10516000D77EC1010E941D290E94A32C80E00E94CD
:10517000DF390E9408CF60936309709364098093BC
:10518000650990936609B091900DBF8FE091910DE4
:10519000E8A30091920D1091930D2B2F3E2FA801A3
:1051A0006E897F89888D998D0E9411F72B013C01B2
:1051B00020E030E0A9010E9439F987FF04C077FAA6
:1051C000709477F8709481149104A104B10409F0EB
:1051D0007AC020E030E040E85FE3C301B2010E9402
:1051E00055F087FF10C0F9A1812C912C5401FF23A9
:1051F00031F085E0882E8DE0982EA12CB12C8C0CFE
:105200009D1CAE1CBF1C2A8D222391F18B8D9C8D81
:10521000AD8DBE8D0097A105B10549F08C199D0992
:10522000AE09BF09181619061A061B060CF12F8DB8
:1052300038A1A8016EA17FA188A599A50E9411F7A8
:1052400020E030E040EC5FE30E9455F087FD49C06C
:10525000D701C601805A9541AF4FBF4F8B8F9C8FAE
:10526000AD8FBE8F9F8D9EA3A8A1AFA308A719A73E
:1052700019A2F6CEC8010E9455F087FD32C0EE8A11
:10528000FF8A088F198F1A8E2CCFD1010D90002024
:10529000E9F7CD010197821993098431910508F04E
:1052A00060CFF101E80FF91FBFE3B08383319105AF
:1052B00009F457CFE2E0F0E0EC0FFD1F8E0F9F1FC7
:1052C000DC011C924ECF20E030E040EA50E4C30104
:1052D000B2010E9439F918160CF095CF460157011A
:1052E00092CF10910E09112321F010920E090E9405
:1052F00082C8BAA5B093DD07812FAC960FB6F8949B
:10530000DEBF0FBECDBFDF91CF911F910F91FF90F8
:10531000EF90DF90CF90BF90AF909F908F907F9055
:105320006F905F904F903F902F9008952F923F92F3
:105330004F925F926F927F928F929F92AF92BF92A5
:10534000CF92DF92EF92FF920F931F93CF93DF9351
:10535000CDB7DEB7C454D1090FB6F894DEBF0FBE87
:10536000CDBF7C014B015A01222E19821C821C8E5A
:105370001F8E6115710511F410E0B6C1DC011396A2
:105380008C918111F9CFFA0180818B018F32D1F498
:10539000DB0113968C9113978250823060F05996FE
:1053A0006D917C91CE014C960E941AD98E01045EBB
:1053B0001F4F882309F3C5015C010196F501208187
:1053C0002F32D1F39E012F5F3F4F6901290130E257
:1053D000332E2496CFAE24972596DFAE25973E0137
:1053E0003CE1630E711C22963FAE229721963FAEA0
:1053F00021973FAE3EAE3DAE3CAE3BAE3AAE39AE8F
:1054000038AE3FAA950190E047E0D9018D918823FD
:1054100061F18F3251F18E3239F44A3009F4ACCF58
:1054200098E04AE09D01F1CFEFE9FAE224912223CE
:1054300021F031968213FACF9FCF491708F49CCF01
:10544000813208F499CF8F3709F496CF3FE9380FAE
:105450003A3108F420EEE7E3F0E0EC0FFD1FE90F2E
:10546000F11D820F80839F5FDDCF8FA9803209F409
:1054700083CF5901D9018C912F5F3F4F8F32C9F3F0
:105480008823A9F00815190519F0C8010E947B7D31
:1054900024969FAD249725968FAD25974C145D04D7
:1054A00011F4962D872D8601C92ED82E9CCFF80198
:1054B000818D928DD7015A969C938E935997C801EE
:1054C0000E94D27EC12CF80180859185A285B3858A
:1054D000418952896389748984179507A607B7079C
:1054E00008F056C025E0B695A795979587952A951B
:1054F000D1F7F82FFF70DF2ED80113968C918230F0
:1055000008F43ACF23961FAE239741E050E0BE0146
:105510006E5B7F4FC8010E9474D7019709F02CCFB2
:10552000F80180859185A285B3854F96A11DB11D97
:1055300080879187A287B387F0E2DF9EB0011124B4
:10554000655A744F6115710509F416CFDB018C9112
:10555000882341F0853E09F04DC0CC2029F0CC24B1
:10556000C394B1CFC1100EC080915B0D90915C0DC2
:10557000A0915D0DB0915E0DF70184879587A68798
:10558000B787D08ADB018C918111E9CFCC24C394F9
:10559000822D8274823409F0EFCECC2009F4C7C08A
:1055A000F701D08861E0C7010E94847D009709F46B
:1055B000E3CE20E2DC011D922A95E9F72BE0FE0103
:1055C000F796DC0101900D922A95E1F721E238E28D
:1055D000FC01318B208B40E058E057874687338BA6
:1055E000228B318F208F578B468B0E943DD18111AA
:1055F0000AC0C2CE4BE050E0CE01C7960E94E8F947
:10560000892B09F060CF2D2D30E0F901B5E0EE0FC8
:10561000FF1FBA95E1F7DF01A55AB44F1B968C9195
:10562000817121F0822D827109F020C1D701599634
:105630008D919C915A9740915B0D50915C0D6091BA
:105640005D0D70915E0D1C964D935D936D937C93F3
:105650001F975096DC925097E55AF44F84889588AE
:10566000B12CA12C54019924882455968D929D9299
:10567000AD92BC925897428D538D70E060E04829FE
:1056800059296A297B2955964D935D936D937C9397
:105690005897A5E0220F331FAA95E1F7D901A55A23
:1056A000B44F1B962C91287109F0D2C0848D958D32
:1056B000A68DB78DF701818B928BA38BB48B81E084
:1056C0008383822D8F70F701818314821582168265
:1056D0001782108611861286138611E024FE04C0FC
:1056E000C7010E946AD5182FCE014C960E94E1286E
:1056F000CE0101960E94E128812FCC5BDF4F0FB6CF
:10570000F894DEBF0FBECDBFDF91CF911F910F91F7
:10571000FF90EF90DF90CF90BF90AF909F908F90D1
:105720007F906F905F904F903F902F900895D80199
:1057300013968C911397823009F41ECE51968D9159
:105740009D910D90BC91A02D803E9F4FAF41B10522
:1057500008F012CEC8010E94D77D882309F40CCE30
:105760000E943DD1882309F407CED8015996ED91C6
:10577000FC915A9714968D909D90AD90BC90179780
:10578000B2E08B1A9108A108B108858504C0880C85
:10579000991CAA1CBB1C8A95D2F786859785A0897F
:1057A000B189880E991EAA1EBB1E81E080935F0DF1
:1057B00080925B0D90925C0DA0925D0DB0925E0D9B
:1057C000EBE5FBE080E092E0DF019C011D922150BF
:1057D0003040E1F7DD24D394D8015996ED91FC9146
:1057E0008481D816C0F48091600D9091610DDC0128
:1057F000ED91FC910288F389E02D2BE53BE0B501AA
:10580000A4014D0D511D611D711D1995882309F4C9
:10581000B3CDD394E1CF258580E092E0A0E0B0E065
:1058200004C0880F991FAA1FBB1F2A95D2F7F80141
:105830004189528963897489840F951FA61FB71FF8
:10584000818B928BA38BB48B8BE59BE0D12CB1CE5B
:10585000203161F497012F5E3F4F0E9424D48823AA
:1058600029F084E0D70113968C932BCFD7011396A0
:105870001C9282CDCF92DF92EF92FF920F931F93F3
:10588000CF93DF93CDB7DEB7A7970FB6F894DEBFFF
:105890000FBECDBF182F0E94C78E812309F46BC0A5
:1058A0004091D3045091D4046091D5047091D604F2
:1058B00048A359A36AA37BA330E020E0E0E090E096
:1058C000AC01022E02C0559547950A94E2F740FFBD
:1058D00011C064E270E06C0F7D1F6E0F711D40E21D
:1058E00050E04C0F5D1F420F531FDA014C91DB015A
:1058F0004C93EF5F2F5F3F4F2330310509F78E0147
:105900000C5D1F4FE00FF12FF11D108219821F8EC9
:105910001F930F9381E3E82E8CE1F82EFF92EF9214
:105920001F928EE18F93CE0101966C019F938F930E
:105930000E94B2EF0E94A02CC6010E948E281F93E5
:105940000F93FF92EF921F920E9430CF0FB6F89400
:10595000DEBF0FBECDBF81E0A7960FB6F894DEBFC5
:105960000FBECDBFDF91CF911F910F91FF90EF90B0
:10597000DF90CF90089580E0EFCFCF92DF92EF924B
:10598000FF921F93CF93DF93CDB7DEB72C970FB65F
:10599000F894DEBF0FBECDBF182F6B017A01809146
:1059A00051098330A8F080917D08811111C00E94B7
:1059B0009D2CC6010E94772C85EF96E20E94772CE1
:1059C0001F3FA1F581EF96E20E94772C0E94A32C45
:1059D0000E943380A89580917D08811135C081E0B7
:1059E00080937D0882E0809351090E94338087E094
:1059F00041DF811111C08CE0E2E6F4E0DE01119696
:105A000001900D928A95E1F7BE016F5F7F4F80E0B4
:105A10000E9401970E941A846AEE76E21F3F11F0FD
:105A20006EEE76E240E0C7010E94C13817FDCECF8E
:105A300085E40E9416C4612F012E000C770B880BA1
:105A4000990B0E9465C5C2CF2C960FB6F894DEBFA5
:105A50000FBECDBFDF91CF911F91FF90EF90DF90F0
:105A6000CF9008952F923F924F925F926F927F92C4
:105A70008F929F92AF92BF92CF92DF92EF92FF925E
:105A80000F931F93CF93DF9300D01F921F92CDB738
:105A9000DEB71C0149835A836B837C83280139015B
:105AA000ED82860181E090E02E2D2F3F11F090E0F5
:105AB00080E025E0289FF001299FF00D1124E1549A
:105AC000F84F8481882309F45EC0F10114821582A5
:105AD000168217821086F10184818230A1F0833012
:105AE00009F482C08130B9F529813A814B815C810A
:105AF00065817681878190850E9439F918165CF15D
:105B000082E0F101848329813A814B815C81F1013A
:105B100065817681878190850E9411F76B017C01F8
:105B20000E9408CF2B013C01A5019401C701B601D9
:105B30000E9455F018160CF446C09801A8EEB3E088
:105B40000E94C7F6460E571E681E791EF10140825C
:105B50005182628273820F900F900F900F900F907E
:105B6000DF91CF911F910F91FF90EF90DF90CF9039
:105B7000BF90AF909F908F907F906F905F904F906D
:105B80003F902F900895A3019201F10165817681E4
:105B9000878190850E9455F0882309F49CCFF101FC
:105BA0004582568267827086FF24F39420E030E0BD
:105BB000A901C301B2010E9439F918160CF0F12CA9
:105BC000F101F48288CFF10180819181A281B381BA
:105BD00084199509A609B709181619061A061B068D
:105BE0000CF4B9CF83E084834FE657E26FE777E2A6
:105BF0008D810F900F900F900F900F90DF91CF91AC
:105C00001F910F91FF90EF90DF90CF90BF90AF90DA
:105C10009F908F907F906F905F904F903F902F90CC
:105C2000ACCE43E157E260E277E2A7CECF93DF93B9
:105C3000A89580918E0D90918F0D20918E0D3091B1
:105C40008F0D82179307A9F70E9455C66093900D98
:105C50007093910D8093920D9093930D8091CC074A
:105C60009091CD072091CC073091CD0782179307F3
:105C7000A9F70E944A806093CE077093CF07809364
:105C8000D0079093D107C0918E0DD0918F0D809148
:105C90008E0D90918F0DC817D907A9F780912E020C
:105CA00090912F02C817D90710F480E0BADF8091D5
:105CB000940D9091950D181619066CF480912C0294
:105CC00090912D028C179D0730F440E557E26DE569
:105CD00077E280E052DE8091CC079091CD07209151
:105CE000CC073091CD0782179307A9F720912A029C
:105CF00030912B028217930710F48FEF92DF80917F
:105D0000D2079091D30718161906D4F420912802CF
:105D1000309129028091CC079091CD074091CC071A
:105D20005091CD0784179507A9F72817390740F434
:105D300040E557E26DE577E28FEFDF91CF911DCE21
:105D4000DF91CF9108954F925F926F927F928F92E1
:105D50009F92AF92BF92CF92DF92EF92FF920F93FA
:105D60001F93CF93DF93CDB7DEB72E970FB6F8947E
:105D7000DEBF0FBECDBF80915109811118C0A8951B
:105D80002E960FB6F894DEBF0FBECDBFDF91CF9138
:105D90001F910F91FF90EF90DF90CF90BF90AF9049
:105DA0009F908F907F906F905F904F90089580911B
:105DB0008C088111E5CF81E080938C088091C90720
:105DC000811103C010928C08DBCF30DF1092C9071D
:105DD0000E9408CF2B013C01609132027091330286
:105DE000072E000C880B990B0E945BF09B01AC0105
:105DF0006091900D7091910D8091920D9091930D05
:105E00000E9439F9181614F480E00BDF8091C30763
:105E1000811118C08091BF079091C007A091C10760
:105E2000B091C2070097A105B10561F084199509E9
:105E3000A609B709181619061A061B061CF081E0F8
:105E40008093C3076091940D7091950D072E000CFF
:105E5000880B990B0E945BF08B019C014091900D87
:105E60005091910D6091920D7091930D812C912C18
:105E7000E0E8AE2EE0E4BE2EF8E2CF2ED12CE12CED
:105E80008AE79DE0EFDD8090900D9090910DA090BD
:105E9000920DB090930D6091300270913102072EF7
:105EA000000C880B990B0E945BF09B01AC01C501B3
:105EB000B4010E9439F918160CF032C26091320216
:105EC00070913302072E000C880B990B0E945BF037
:105ED0009B01AC01C501B4010E9455F087FF20C2AF
:105EE0008091C30790918408911109C02CE83DE08E
:105EF000309383082093820891E09093840888234C
:105F000009F4CFC0C12CD12C7601C701B6010E9483
:105F100056F8759567956093960D8091E00790917E
:105F2000E107A091E207B091E3070097A105B10551
:105F3000B9F084199509A609B709181619061A06A1
:105F40001B0674F0C501B4010E9456F82091DE07CB
:105F50003091DF07621773070CF4E4C10E94E77108
:105F600020E030E04AEF52E46091CE077091CF0715
:105F70008091D0079091D1070E9439F9181614F436
:105F80008FEF4FDE8091BB079091BC07A091BD07BA
:105F9000B091BE070097A105B105E9F084199509F4
:105FA000A609B709181619061A061B06A4F060916F
:105FB000CE077091CF078091D0079091D1070E94B2
:105FC00056F82091B9073091BA07621773070CF49D
:105FD000B0C10E94032680917E0890917F08A09115
:105FE0008008B091810884199509A609B709181687
:105FF00019061A061B060CF4E5CED301C201885718
:106000009C4EAF4FBF4F80937E0890937F08A09324
:106010008008B09381088091C807811118C08091D1
:10602000C4079091C507A091C607B091C707009714
:10603000A105B10561F084199509A609B7091816DB
:1060400019061A061B061CF081E08093C8076091B0
:10605000D2077091D307072E000C880B990B0E9472
:106060005BF08B019C014091CE075091CF0760916E
:10607000D0077091D107812C912CA12C80E4B82EEF
:1060800098E7C92ED12CEE24EA9483E89DE0EADC5F
:106090008091C807882309F455C11092D4077598D8
:1060A00091CE80918208909183089E878D87DC0134
:1060B00014968D919D910D90BC91A02D8D839E8302
:1060C000AF83B887ED85FE8560857185072E000C4E
:1060D000880B990B0E945BF06B017C0120E030E0A3
:1060E000A9010E9455F0882391F02D813E814F81B6
:1060F0005885C701B6010E9411F76B017C0120E0B1
:1061000030E040EA51EC0E9455F087FF09C081E081
:10611000AD85BE851B968C93C12CD12C7601D0C049
:1061200020E030E040EA51E4C701B6010E9439F9AD
:1061300018165CF481E0ED85FE858387C12CD12C97
:106140004FE7E42E43E4F42EBBC0AD85BE851B961D
:106150008C911B97882369F0FD01148A158A168A91
:10616000178A58961D921D921D921C925B971B9642
:106170001C92ED85FE85248D358D468D578DC7018A
:10618000B6010E94BAF069877A878B879C87AD85B4
:10619000BE8550966D937D938D939C935397909667
:1061A0002D913D914D915C919397C701B6010E944D
:1061B000BAF0ED85FE8524893589468957890E9484
:1061C00012F76B017C0120E030E0A9010E9455F03C
:1061D00087FD9BC020E030E04FE753E4C701B601E4
:1061E0000E9439F918160CF494C0AD85BE855496FA
:1061F000CD92DD92ED92FC92579758968D919D919C
:106200000D90BC91A02D89839A83AB83BC832D8193
:106210003E814F815885ED85FE856485758586852F
:1062200097850E9411F7AD85BE8594962D913D917D
:106230004D915C9197970E94BAF029813A814B81E8
:106240005C810E9411F720ED3CEC4CE45DE30E9480
:10625000BAF029813A814B815C810E9412F76983EF
:106260007A838B839C83ED85FE85608F718F828F0F
:10627000938FA701960169857A858B859C850E94FD
:1062800012F729813A814B815C810E9412F720E04C
:1062900030E0A9010E9412F76B017C0120E030E0A0
:1062A000A9010E9455F087FD37CF20E030E04FE78D
:1062B00053E4C701B6010E9439F918160CF43ECF19
:1062C0008D819E81AF81B885ED85FE858487958718
:1062D000A687B78720E030E0A901C701B6010E9478
:1062E00055F087FD0FCE20E030E04FE753E4C701C3
:1062F000B6010E9439F918160CF007CEC12CD12C2A
:106300003FE7E32E33E4F32E00CEC12CD12C7601EF
:106310006CCFC12CD12C5FE7E52E53E4F52E65CF71
:1063200060E0F9CD42E357E261E477E280E025DB0B
:1063300017CE42E357E261E477E28FEF1EDB4BCEEC
:106340008FE733C0C090CE07D090CF07E090D00742
:10635000F090D10720E030E040EA50E4C701B601F8
:106360000E9439F987FD99CE20E030E04AEF52E4EF
:10637000C701B6010E9455F018160CF48ECE60913C
:10638000D2077091D307072E000C880B990B0E943F
:106390005BF0A70196010E9411F720E030E0A9010F
:1063A0000E9439F9181664F280E08093D4070ACD70
:1063B0002F923F924F925F926F927F928F929F9215
:1063C000AF92BF92CF92DF92EF92FF920F931F9303
:1063D000CF93DF93CDB7DEB7C054D1090FB6F89491
:1063E000DEBF0FBECDBF80E297E00E94588F809144
:1063F000CC0983FD6EC02091240A3091250A40917A
:10640000260A5091270A60912C0770912D078091E0
:106410002E0790912F070E9455F0882309F459C048
:106420000E948583182F882331F00E94A02C86E1DA
:106430009CE10E94772C2091240A3091250A4091FA
:10644000260A5091270A60912C0770912D078091A0
:106450002E0790912F070E9411F76B017C0120E01D
:1064600030E0A9010E9439F987FF04C0F7FAF094DF
:10647000F7F8F0942091550230915602409157025E
:1064800050915802C701B6010E94BAF020E030E0F6
:1064900048E453E40E9439F91816CCF40E94A02C69
:1064A00087EF9BE10E94772C80912C0790912D071C
:1064B000A0912E07B0912F078093240A9093250A6C
:1064C000A093260AB093270A0E94C39102C011111B
:1064D000EBCF2AE037ED43E25CE360911302709169
:1064E000140280911502909116020E94BAF06B017D
:1064F0007C016091110270911202072E000C880B32
:10650000990B0E945BF09B01AC01C701B6010E9490
:10651000BAF06DAB7EAB8FAB98AF809185098823C5
:1065200011F1C0902807D0902907E0902A07F09039
:106530002B078090860990908709A0908809B090D9
:10654000890920E030E0A901C501B4010E9455F09D
:10655000882309F442C0A5019401C701B6010E9435
:1065600055F087FD3AC019821A821B821C821D8257
:106570001E821F82188619861A861B861C869E011B
:106580002F5F3F4F4DA95EA96FA978AD80E297E0DC
:106590000E94E5C680E1E0E2F7E0A8E1BAE0019000
:1065A0000D928A95E1F7C05CDF4F0FB6F894DEBF1D
:1065B0000FBECDBFDF91CF911F910F91FF90EF9054
:1065C000DF90CF90BF90AF909F908F907F906F9013
:1065D0005F904F903F902F9008952091180A30912E
:1065E000190A40911A0A50911B0A60912007709174
:1065F000210780912207909123070E9411F72B0118
:106600003C01498A5A8A6B8A7C8A20911C0A309103
:106610001D0A40911E0A50911F0A60912407709133
:10662000250780912607909127070E9411F769ABF3
:106630007AAB8BAB9CAB6D8B7E8B8F8B988F2091C5
:10664000200A3091210A4091220A5091230AC70161
:10665000B6010E9411F769AF7AAF8BAF9CAF698F1B
:106660007A8F8B8F9C8F2091240A3091250A40913C
:10667000260A5091270A60912C0770912D0780916E
:106680002E0790912F070E9411F74B015C018D8E10
:106690009E8EAF8EB8A220E030E0A901C301B20106
:1066A0000E9455F081110CC020E030E0A90169A9D9
:1066B0007AA98BA99CA90E9455F0882309F453CF8D
:1066C000CE0141960E94E18E6B017C012DEB37E3F8
:1066D00046E855E30E9455F087FF0FC020E030E008
:1066E000A901C501B4010E9439F97501640187FF50
:1066F00004C0F7FAF094F7F8F0942DEB37E346E88E
:1067000055E3C701B6010E9455F087FD43CF20E055
:1067100030E040EA50E4C701B6010E94EEF70E9463
:106720005BF81B01672B19F422242394312CB1014F
:1067300090E080E00E9459F09B01AC0160E070E0C5
:1067400080E89FE30E94EEF76DA77EA78FA798AB26
:106750009B01AC01C301B2010E94BAF021966CAF5B
:106760007DAF8EAF9FAF21972DA53EA54FA558A910
:1067700069A97AA98BA99CA90E94BAF069AB7AABE6
:106780008BAB9CAB2DA53EA54FA558A969AD7AADA5
:106790008BAD9CAD0E94BAF02B013C012DA53EA50E
:1067A0004FA558A9C501B4010E94BAF04B015C0184
:1067B0002DA53EA54FA558A9C701B6010E94BAF064
:1067C00069A37AA38BA39CA31DA21EA21FA218A635
:1067D00019A61AA61BA61CA680E1E8E1FAE08E0124
:1067E0000F5F1F4FD80101900D928A95E1F70E942B
:1067F00008CF6B017C0128ECC20ED11CE11CF11CFE
:1068000081E0281A310809F45AC00E9408CFA70174
:106810009601261B370B480B590B1216130614064C
:1068200015060CF450C06B017C01A8ECCA0ED11CFB
:10683000E11CF11C80E00E94DF3921962CAD3DADBA
:106840004EAD5FAD219769817A818B819C810E94D9
:1068500012F769837A838B839C8329A93AA94BA970
:106860005CA96D817E818F8198850E9412F76D836E
:106870007E838F839887A301920169857A858B85B2
:106880009C850E9412F769877A878B879C87A50170
:1068900094016D857E858F8598890E9412F76D879A
:1068A0007E878F87988B9E012F5D3F4F4DA95EA9F4
:1068B0006FA978ADC8010E94E5C68111A1CF9E01E4
:1068C0002F5D3F4F5FCE3FDAB8CF4F925F926F920E
:1068D0007F928F929F92AF92BF92CF92DF92EF9270
:1068E000FF92CF93DF936B017C0180901302909015
:1068F0001402A0901502B0901602C0911102D0911E
:10690000120284E690E0909312028093110240906C
:10691000550250905602609057027090580280E0E5
:1069200090E0A0E8BFE38093550290935602A093B5
:106930005702B093580220E030E0A901C7010E943D
:1069400055F0882341F0C0921302D0921402E092D5
:106950001502F09216022CDD40925502509256021A
:106960006092570270925802D0931202C0931102A3
:106970008092130290921402A0921502B092160215
:10698000DF91CF91FF90EF90DF90CF90BF90AF90CD
:106990009F908F907F906F905F904F900895FC0133
:1069A00020818091660D9091670D922728E0AC01BF
:1069B000880F991F57FD07C02150C9F79093670DA5
:1069C0008093660D0895F1E28F27F0E19F27F4CFC1
:1069D0003FB7F8948091EC169091ED16A091EE16C9
:1069E000B091EF1626B5A89B05C02F3F19F0019670
:1069F000A11DB11D3FBFBA2FA92F982F8827BC0119
:106A0000CD01620F711D811D911D42E0660F771F40
:106A1000881F991F4A95D1F70895FC01938591FD30
:106A200013C0987121E0903109F020E08091730D3E
:106A300020FB85F98093730D903141F08085873478
:106A400019F481858E3711F480E0089581E008956E
:106A5000FC0120E03EE2DB014D91BD01403249F0F6
:106A6000283011F430833196DB0111974C9140832B
:106A700031962F5F2B3079F710820895CF93DF93F3
:106A8000EC01CB01E881F981608171810E949E7DDA
:106A900028813981D901ED91FC91AA81BB818C912A
:106AA0009081992359F08936C8F4CF010196F901F4
:106AB000918380838C918F5F8C93EACF893670F4B9
:106AC0008FE28083E881F9818081918101969183B1
:106AD0008083EA81FB8180818F5F8083DF91CF910A
:106AE00008952F923F924F925F926F927F928F9272
:106AF0009F92AF92BF92CF92DF92EF92FF920F934D
:106B00001F93CF93DF93CDB7DEB7C859D1090FB626
:106B1000F894DEBF0FBECDBF8C01E0964FAFE0977B
:106B2000252E362EE2967FAFE297C258DF4F39838B
:106B30002883CE57D0402091E1093091E20940915D
:106B4000E3095091E409DC016D917D918D919C9157
:106B50000E94BAF00E9445F9C457DF4F68837983D9
:106B60008A839B83CC58D0402091E5093091E60977
:106B70004091E7095091E809F801648175818681A7
:106B800097810E94BAF00E9445F9C057DF4F688391
:106B900079838A839B83C059D0402091E909309141
:106BA000EA094091EB095091EC09D80118966D91D2
:106BB0007D918D919C911B970E94BAF00E9445F99E
:106BC000CC56DF4F688379838A839B83C459D04036
:106BD000D8011C962D913D914D915C911F97A396E4
:106BE0002CAF3DAF4EAF5FAFA3972091ED09309131
:106BF000EE094091EF095091F009A3966CAD7DAD7F
:106C00008EAD9FADA3970E94BAF00E9445F9C0587F
:106C1000DF4F688379838A839B83C058D04080E1AB
:106C2000F801DE01AF5BBF4F01900D928A95E1F74D
:106C30008091CC0983FD04C08091C5098823F1F0BF
:106C4000C058DF4F088119812A813B81C058D0404C
:106C50000093300E1093310E2093320E3093330E8A
:106C6000A3962CAD3DAD4EAD5FADA3972093200E06
:106C70003093210E4093220E5093230E9091130EC9
:106C80008091120E891738F0891B8F3031F480E023
:106C90000E94DF39F3CF805FF7CF8091120E0E9400
:106CA000AB88C856DF4F8883C859D0400091120E78
:106CB0008091C3099091C409892B11F00C940AC4E6
:106CC0008091240E9091250EA091260EB091270E52
:106CD000C457DF4F88809980AA80BB80CC58D040B1
:106CE000881A990AAA0ABB0A8091280E9091290E47
:106CF000A0912A0EB0912B0EC057DF4F2881398109
:106D00004A815B81C059D040281B390B4A0B5B0B71
:106D100067962CAF3DAF4EAF5FAF679780912C0E5B
:106D200090912D0EA0912E0EB0912F0ECC56DF4FCC
:106D3000288139814A815B81C459D040281B390B95
:106D40004A0B5B0B6B962CAF3DAF4EAF5FAF6B97B3
:106D50008091300E9091310EA091320EB091330E91
:106D6000C058DF4FC880D980EA80FB80C058D0402F
:106D7000C81AD90AEA0AFB0A09F481C00E9485836D
:106D8000882339F1C058DF4F88819981AA81BB815E
:106D9000C058D0408093300E9093310EA093320EA5
:106DA000B093330EA3962CAD3DAD4EAD5FADA39722
:106DB0002093200E3093210E4093220E5093230EE9
:106DC0000E94A02C8CE191E30E94772CC12CD12C45
:106DD0007601C701B6010E945BF020915502309107
:106DE000560240915702509158020E94BAF02B016E
:106DF0003C0120E030E0A9010E9439F987FF04C07E
:106E000077FA709477F8709420E030E048E453E427
:106E10006091ED097091EE098091EF099091F00970
:106E20000E94BAF0A30192010E9455F087FF27C08B
:106E3000C058DF4F88819981AA81BB81C058D0405A
:106E40008093300E9093310EA093320EB093330E98
:106E5000A3962CAD3DAD4EAD5FADA3972093200E14
:106E60003093210E4093220E5093230E0E94A02CAB
:106E70008DEF90E30E94772CC12CD12C760110E08D
:106E800081E0181419041A041B040CF080E080FB44
:106E900010F981E067962CAD3DAD4EAD5FAD6797C3
:106EA00012161306140615060CF080E080FB11F98B
:106EB00081E06B962CAD3DAD4EAD5FAD6B9712167C
:106EC0001306140615060CF080E080FB12F981E031
:106ED0001C141D041E041F040CF080E080FB13F939
:106EE000C701B6010E945BF0209155023091560215
:106EF00040915702509158020E94BAF06B017C01F8
:106F000020E030E0A9010E9439F987FF66C4C7017B
:106F1000B6019058402F50E0A1965FAF4EAFA197B9
:106F200053E6059F90011124D901AC5CB14FA9969D
:106F3000BFAFAEAFA9970E945BF8AF966CAF7DAFC5
:106F40008EAF9FAFAF97A996EEADFFADA997108218
:106F500015AF6B964CAC5DAC6EAC7FAC6B9777FEAF
:106F600008C07094609450944094411C511C611C62
:106F7000711C67960CAD1DAD2EAD3FAD6797A79602
:106F80000CAF1DAF2EAF3FAFA79737FF0DC03095A9
:106F90002095109501951F4F2F4F3F4FA7960CAF8F
:106FA0001DAF2EAF3FAFA7976F968CAE9DAEAEAE26
:106FB000BFAE6F97B7FE0DC022273327A90128194E
:106FC00039094A095B096F962CAF3DAF4EAF5FAFF1
:106FD0006F976F968CAD9DADAEADBFAD6F97A99617
:106FE000EEADFFADA997858F968FA78FB0A3A7961B
:106FF0000CAD1DAD2EAD3FADA79701A312A323A3EA
:1070000034A345A256A267A270A6C501B4010E948E
:107010005BF02091B3093091B4094091B5095091CA
:10702000B6090E94BAF0EA966CAF7DAF8EAF9FAF03
:10703000EA9767966CAD7DAD8EAD9FAD67970E9468
:107040005BF02091B7093091B8094091B90950918E
:10705000BA090E94BAF067966CAF7DAF8EAF9FAF52
:1070600067976B966CAD7DAD8EAD9FAD6B970E94B3
:107070005BF02091BB093091BC094091BD09509152
:10708000BE090E94BAF04B015C01EA960CAD1DAD41
:107090002EAD3FADEA9709AB1AAB2BAB3CAB679675
:1070A0002CAD3DAD4EAD5FAD67972DAB3EAB4FAB5D
:1070B00058AF89AE9AAEABAEBCAE2091BF0930914D
:1070C000C0094091C1095091C209C701B6010E948F
:1070D000BAF0E6966CAF7DAF8EAF9FAFE697219684
:1070E0006CAF7DAF8EAF9FAF21976F968CAD9DAD8E
:1070F000AEADBFAD6F970697A105B1050CF077C394
:10710000A7960CAD1DAD2EAD3FADA797063011056E
:10711000210531050CF06BC316E0411651046104E2
:1071200071040CF064C320E030E0A901E6966CAD78
:107130007DAD8EAD9FADE6970E9439F987FF50C3B4
:10714000E6968CAD9DADAEADBFADE697B05823E6EB
:10715000A1960EAD1FADA197209FF001219FF00DCC
:107160001124EC5CF14F818B928BA38BB48B83E663
:10717000A1960EAD1FADA197809FF001819FF00DEC
:107180001124EC5CF14FAF962CAD3DAD4EAD5FAD33
:10719000AF9721A732A743A754A7458D568D678D7A
:1071A00070A101A112A123A134A185A196A1A7A13B
:1071B000B0A580179107A207B30710F4D901C80141
:1071C00084179507A607B70710F4DB01CA01AF962D
:1071D0000CAD1DAD2EAD3FADAF9780179107A20747
:1071E000B30710F4D901C80123E6A1960EAD1FAD77
:1071F000A197209FF001219FF00D1124EC5CF14F2D
:1072000085A796A7A7A7B0AB0697A105B10510F46F
:107210000C94EDC3E25BFF4F809167148083452B94
:10722000462B472B19F080E00E94F08183E6A1965F
:107230000EAD1FADA197809FF001819FF00D11242D
:10724000EC5CF14F81A192A1A3A1B4A1892B8A2B5F
:107250008B2B19F081E00E94F08183E6A1960EADA0
:107260001FADA197809FF001819FF00D1124EC5C70
:10727000F14F85A196A1A7A1B0A5892B8A2B8B2BB5
:1072800019F082E00E94F081AF962CAD3DAD4EAD7D
:107290005FADAF97232B242B252B11F40C940CC43A
:1072A0000E94B681E0900D0AF0900E0A00910F0A3C
:1072B0001091100A9701A801E0966FADE097722D2A
:1072C000832DE2969FADE2970E9455F087FD08C09E
:1072D000E096EFACE097F22C032DE2961FADE2971B
:1072E00083E6A1964EAD5FADA197849FF001859F87
:1072F000F00D1124EC5CF14F81889288A388B4884A
:10730000A501940160E070E080E89FE30E94EEF741
:10731000EA966CAF7DAF8EAF9FAFEA979701A80159
:107320000E94BAF06B017C019091110E8091120EB7
:10733000891708F4B7C2891BE2968FAFE297A701BD
:10734000960160E074E284E799E40E94EEF70E94FF
:1073500045F92B013C01E2968FADE29782508630D1
:10736000A0F56091DD097091DE098091DF099091AF
:10737000E009641975098609970916161706180693
:1073800019061CF5660F771F881F991FE2960FAD2F
:10739000E297202F30E050E040E00E94A1F6CA01C1
:1073A000B9010E945BF00E9456F8640D751D861DA0
:1073B000971D0E945BF09B01AC0160E074E284E7E2
:1073C00099E40E94EEF76B017C01A7019601C501CB
:1073D000B4010E94BAF0EE966CAF7DAF8EAF9FAF56
:1073E000EE9783E6A1962EAD3FADA197829F8001D7
:1073F000839F100D11240C5C114FEE968CAD9DAD4A
:10740000AEADBFADEE97F80181839283A383B483C1
:1074100025A536A547A550A9A7962CAF3DAF4EAFE1
:107420005FAFA797CA01B9010E9459F06F966CAF80
:107430007DAF8EAF9FAF6F979B01AC01C701B601C7
:107440000E94BAF00E94D8F70E945BF8CC57DF4F39
:10745000688379838A839B83C458D040F801FE9661
:1074600060837183828393838E010F5C1F4FE1964B
:107470001FAF0EAFE19700511109C657DF4F1983B7
:107480000883CA58D04001EF19E0C857DF4F19836D
:107490000883C858D0408E01035C1F4F63961FAF0E
:1074A0000EAF6397212C312C10E864961FAF6497C0
:1074B0000FE368960FAF6897E196AEADBFADE19769
:1074C0002D913D914D915D91E196BFAFAEAFE197AA
:1074D000C701B6010E94BAF04B015C01C657DF4FED
:1074E000E881F981CA58D04081929192A192B192DB
:1074F000C657DF4FF983E883CA58D04020E030E018
:10750000A9010E9439F987FF04C0B7FAB094B7F80F
:10751000B094C857DF4FA881B981C858D0404D906A
:107520005D906D907D90C857DF4FB983A883C85890
:10753000D040A5019401C301B2010E9455F087FF1C
:107540001AC0A5019401C301B2010E94EEF75B01CC
:107550008C01910164964FAD649768965FAD689712
:107560000E9455F087FF07C0150164960FAF64971E
:1075700068961FAF689763960EAD1FAD6397E1964F
:107580002EAD3FADE1970217130709F095CFA70184
:107590009601E6966CAD7DAD8EAD9FADE6970E94EF
:1075A000BAF06B017C01CDA6DEA6EFA6F8AA20E01A
:1075B00030E0A9010E9439F94601570187FF04C054
:1075C000B7FAB094B7F8B0944090FD095090FE0916
:1075D0006090FF097090000AA5019401C301B201F7
:1075E0000E9455F087FF1AC0A5019401C301B201A2
:1075F0000E94EEF75B018C01910164964FAD649798
:1076000068965FAD68970E9455F087FF07C0150127
:1076100064960FAF649768961FAF689720E030E0DC
:1076200040E85FE3B10164968FAD649768969FADC3
:1076300068970E9455F087FF81C0910164964FAD15
:10764000649768965FAD689769A17AA18BA19CA1A8
:107650000E94BAF069A37AA38BA39CA391016496BC
:107660004FAD649768965FAD68976DA17EA18FA1BD
:1076700098A50E94BAF06DA37EA38FA398A791014D
:1076800064964FAD649768965FAD689769A57AA5D3
:107690008BA59CA50E94BAF069A77AA78BA79CA787
:1076A000910164964FAD649768965FAD6897C70186
:1076B000B6010E94BAF06DA77EA78FA798AB83E6AC
:1076C000A1964EAD5FADA197849F8001859F100D5F
:1076D00011240C5C114F78015EE3E50EF11CCC57D0
:1076E000DF4F688179818A819B81C458D0400E9494
:1076F00059F0910164964FAD649768965FAD6897B5
:107700000E94BAF00E945BF8D7016D937D938D9330
:107710009C931397910164964FAD649768965FAD03
:107720006897EE966CAD7DAD8EAD9FADEE970E94E5
:10773000BAF0F80161837283838394836F962CADD2
:107740003DAD4EAD5FAD6F97EA966CAD7DAD8EAD44
:107750009FADEA970E94BAF02B013C0183E6A19607
:107760000EAD1FADA197809FF001819FF00D1124F8
:10777000EC5CF14F458A568A678A708E858C968CB0
:10778000A78CB0A081149104A104B10409F08CC0AD
:1077900081A192A1A3A1B4A1892B8A2B8B2B09F0E3
:1077A00083C085A196A1A7A1B0A5892B8A2B8B2B7D
:1077B00009F07AC02091050A3091060A4091070A23
:1077C0005091080AC301B2010E94BAF00E94D8F792
:1077D0000E945BF86B017C0165C1C701B6019ACBC1
:1077E000E6968CAD9DADAEADBFADE697B0CCC258C0
:1077F000DF4FA881B981CE57D040CD90DD90ED907C
:10780000FC9020E030E0A901C701B6010E9455F0CC
:10781000882389F083E6A1960EAD1FADA197809FC6
:10782000F001819FF00D1124EC5CF14FC18AD28AE6
:10783000E38AF48A9CCCEA962CAD3DAD4EAD5FADAB
:10784000EA9729833A834B835C8367968CAD9DAD21
:10785000AEADBFAD67978D839E83AF83B8878986B2
:107860009A86AB86BC86E6960CAD1DAD2EAD3FADBF
:10787000E6970D871E872F87388BCE0101960E94D1
:10788000E18E23E6A1960EAD1FADA197209FF001DA
:10789000219FF00D1124EC5CF14F618B728B838B77
:1078A000948B65CC805F47CDAF962CAD3DAD4EAD92
:1078B0005FADAF97232B242B252B09F40CC220910D
:1078C000010A3091020A4091030A5091040AC3014F
:1078D000B2010E94BAF00E94D8F70E945BF86B01D7
:1078E0007C018091AF099091B009A091B109B0914C
:1078F000B209A996EEADFFADA99701A112A123A1EE
:1079000034A167960CAF1DAF2EAF3FAF679705A1AF
:1079100016A127A130A56B960CAF1DAF2EAF3FAFC0
:107920006B9701A512A523A534A5AB960CAF1DAF8F
:107930002EAF3FAFAB97A7960CAD1DAD2EAD3FADB3
:10794000A79780179107A207B30708F4CDC1811448
:107950009104A104B104E1F060919F097091A00924
:107960008091A1099091A2096C157D058E059F0556
:1079700078F4A90198010E9470F6A50194010E9473
:107980007FF62C153D054E055F0510F469017A015F
:1079900067962CAD3DAD4EAD5FAD6797232B242B85
:1079A000252B21F16091A3097091A4098091A5096B
:1079B0009091A6096C157D058E059F05B8F4A796D4
:1079C0002CAD3DAD4EAD5FADA7970E9470F66796AA
:1079D0002CAD3DAD4EAD5FAD67970E947FF62C1587
:1079E0003D054E055F0510F469017A016B968CAD7B
:1079F0009DADAEADBFAD6B97892B8A2B8B2B21F143
:107A00006091A7097091A8098091A9099091AA098C
:107A10006C157D058E059F05B8F4A7962CAD3DAD80
:107A20004EAD5FADA7970E9470F66B962CAD3DAD45
:107A30004EAD5FAD6B970E947FF62C153D054E0550
:107A40005F0510F469017A01AB960CAD1DAD2EAD4A
:107A50003FADAB97012B022B032B21F16091AB09BA
:107A60007091AC098091AD099091AE096C157D05BE
:107A70008E059F05B8F4A7962CAD3DAD4EAD5FAD1C
:107A8000A7970E9470F6AB962CAD3DAD4EAD5FADA5
:107A9000AB970E947FF62C153D054E055F0510F44F
:107AA00069017A0183E6A1962EAD3FADA197829F31
:107AB0008001839F100D11240C5C114FF801E65BCF
:107AC000FF4FC082D182E282F382C701B6010E94D9
:107AD00059F06B017C012DEB37E346E051E40E9445
:107AE000BAF00E945BF8D801D9966D937D938D937F
:107AF0009C93DC97A3019201C701B6010E94EEF7A7
:107B0000F801618F728F838F948F20E030E040E026
:107B10005FE30E94BAF0A30192010E94EEF76B01AD
:107B20007C01D8011196BC91A496BFAFA497F8012F
:107B3000F2816C96FFAF6C97D8011396BC91AC960E
:107B4000BFAFAC97F801F481E096FFAFE097A49641
:107B50002FADA4976C963FAD6C974B2F5F2FA496DB
:107B60006FADA4976C967FAD6C978B2F9F2F0E9463
:107B7000BAF064966FAF649768967FAF6897A896DF
:107B80008FAFA897E3969FAFE3979B01AC01B60137
:107B9000C7010E9439F9181664F06496CFAE649755
:107BA0006896DFAE6897A896EFAEA897E396FFAE0B
:107BB000E39780E1FE01B196DE01519601900D92AE
:107BC0008A95E1F7E2960FADE297002309F470C0C1
:107BD0002090621710916317E2961FAFE297009111
:107BE0006417E7960FAFE797309065172DEB37E3F3
:107BF00046E855E3622D712F802F932D0E9455F09A
:107C000087FD56C0222D312F402F532DA4966FADE6
:107C1000A4976C967FAD6C97AC968FADAC97E096C1
:107C20009FADE0970E9455F087FF71C1222D312F43
:107C3000402F532DA4966FADA4976C967FAD6C9793
:107C4000AC968FADAC97E0969FADE0970E94EEF7B3
:107C50002B013C0196E6292E97E1392E8E010F5E0D
:107C60001F4F26E7E22E27E1F22ED1012D913D9103
:107C70004D915D911D01F80181909190A190B1907D
:107C80008F016F01F4E0CF1AD108C301B2010E9445
:107C9000BAF09B01AC01C501B4010E9411F7D601F5
:107CA0006D937D938D939C931397E214F304E9F6FF
:107CB000A4962FACA4976C960FAD6C97E2960FAF7D
:107CC000E297AC961FADAC97E7961FAFE797E096AB
:107CD0003FACE09764C12091090A30910A0A4091B3
:107CE0000B0A50910C0AF3CD81149104A104B10444
:107CF00009F43FC060919F097091A0098091A1098A
:107D00009091A2096C157D058E059F0590F50E9446
:107D100059F06F962CAD3DAD4EAD5FAD6F970E94A3
:107D2000BAF0E6966CAF7DAF8EAF9FAFE697C50118
:107D3000B4010E9459F09B01AC01E6966CAD7DAD9B
:107D40008EAD9FADE6970E94EEF74B015C01C70137
:107D5000B6010E9459F09B01AC01C501B4010E941B
:107D600055F087FF06C0C501B4010E945BF86B01A6
:107D70007C0167962CAD3DAD4EAD5FAD6797232B73
:107D8000242B252BD9F16091A3097091A40980912E
:107D9000A5099091A6096C157D058E059F0570F5C6
:107DA0000E9459F06F962CAD3DAD4EAD5FAD6F9713
:107DB0000E94BAF04B015C0167966CAD7DAD8EAD53
:107DC0009FAD67970E9459F09B01AC01C501B401BA
:107DD0000E94EEF74B015C01C701B6010E9459F009
:107DE0009B01AC01C501B4010E9455F087FF06C09C
:107DF000C501B4010E945BF86B017C016B968CADF0
:107E00009DADAEADBFAD6B97892B8A2B8B2BD9F176
:107E10006091A7097091A8098091A9099091AA0978
:107E20006C157D058E059F0570F50E9459F06F96C3
:107E30002CAD3DAD4EAD5FAD6F970E94BAF04B01DA
:107E40005C016B966CAD7DAD8EAD9FAD6B970E9466
:107E500059F09B01AC01C501B4010E94EEF74B0142
:107E60005C01C701B6010E9459F09B01AC01C5013C
:107E7000B4010E9455F087FF06C0C501B4010E94FD
:107E80005BF86B017C01AB960CAD1DAD2EAD3FAD2B
:107E9000AB97012B022B032B09F404CE6091AB09A5
:107EA0007091AC098091AD099091AE096C157D057A
:107EB0008E059F0508F0F6CD0E9459F06F962CAD07
:107EC0003DAD4EAD5FAD6F970E94BAF04B015C01C6
:107ED000AB966CAD7DAD8EAD9FADAB970E9459F06A
:107EE0009B01AC01C501B4010E94EEF74B015C019E
:107EF000C701B6010E9459F09B01AC01C501B40154
:107F00000E9455F087FFCECDC501B40161CCA49687
:107F10002FADA4976C963FAD6C97AC964FADAC97D8
:107F2000E0965FADE097622DE2967FADE297E7962F
:107F30008FADE797932D0E94EEF74B015C012E0168
:107F4000B1E14B0E511C06E617E13E01E1E26E0E77
:107F5000711CD2012D913D914D915D912D01F80142
:107F6000C190D190E190F1908F01CD010497EC96F2
:107F70009FAF8EAFEC97C501B4010E94BAF0A70184
:107F800096010E9411F7EC96AEADBFADEC976D93E4
:107F90007D938D939C93139764147504D1F68E0191
:107FA0000F5E1F4F2FE839E0EC963FAF2EAFEC97F6
:107FB000AE014F5D5F4F63965FAF4EAF6397812C0D
:107FC000912C80E8A82E8FE3B82ED801CD90DD90BB
:107FD000ED90FD908D0120E030E0A901C701B601D0
:107FE0000E9439F987FF04C0F7FAF094F7F8F0948B
:107FF000EC96EEADFFADEC97419051906190719091
:10800000EC96FFAFEEAFEC97A5019401C701B60166
:108010000E94BAF09B01AC01C301B2010E9455F06D
:1080200087FF08C0A7019601C301B2010E94EEF7C5
:108030004B015C0163962EAD3FAD6397201731076E
:1080400021F6A5019401622DE2967FADE297E796B5
:108050008FADE797932D0E94BAF09B01AC010E946F
:10806000BAF06B017C0164962FAD649768963FADC2
:108070006897A8964FADA897E3965FADE3970E94E7
:1080800055F087FF0CC06496CFAC64976896DFAC60
:108090006897A896EFACA897E396FFACE39783E6C2
:1080A000A1964EAD5FADA197849F8001859F100D75
:1080B0001124C8018C5C914FA601B701DC011D960B
:1080C0004D935D936D937C93509764964FAD6497F9
:1080D00068965FAD6897A8966FADA897E3967FAD59
:1080E000E397FC01458356836783708719964D9308
:1080F0005D936D937C931C97EE5BFF4F1082118212
:1081000012821382FC0120812160208320E1FE0184
:10811000B196A6E6B7E101900D922A95E1F7A496F3
:108120004FADA4976C965FAD6C97AC966FADAC9766
:10813000E0967FADE097409362175093631760938A
:10814000641770936517C457DF4F288139814A81BE
:108150005B81CC58D0402093240E3093250E409361
:10816000260E5093270EC057DF4F288139814A8150
:108170005B81C059D0402093280E3093290E409344
:108180002A0E50932B0ECC56DF4F288139814A811D
:108190005B81C459D04020932C0E30932D0E409318
:1081A0002E0E50932F0EC058DF4F288139814A81FF
:1081B0005B81C058D0402093300E3093310E4093F5
:1081C000320E5093330E815B9F4FE0918E0934E065
:1081D000E39FF0011124E95BF44F408151816281FA
:1081E0007381DC014D935D936D937C931397809124
:1081F000140E9091150EA091160EB091170E898352
:108200009A83AB83BC838091180E9091190EA09134
:108210001A0EB0911B0E8D839E83AF83B887809119
:108220001C0E90911D0EA0911E0EB0911F0E8987FD
:108230009A87AB87BC878091200E9091210EA091E8
:10824000220EB091230E8D879E87AF87B88BCE010B
:1082500001960E946793D801A957B14F80E1FE01B2
:10826000319601900D928A95E1F780E1FE01EF5B76
:10827000FF4FA4E1BEE001900D928A95E1F7909145
:10828000120E8091130E981303C084E68093100E93
:10829000C856DF4F0881C859D0400093120EC2580B
:1082A000DF4FA881B981CE57D0401896FC9018971F
:1082B00019960C9119971A961C911A971B96EC9087
:1082C00064962FAD649768963FAD6897A8964FADBA
:1082D000A897E3965FADE3976F2D702F812F9E2DAA
:1082E0000E9439F9181664F46496FFAE6497689694
:1082F0000FAF6897A8961FAFA897E396EFAEE397E6
:108300001091120E112309F40CC11150D090110ECE
:10831000F12CE12C03E61D1509F4BBC0612E712C74
:10832000069DF001079DF00D1124EC5CF14F80815A
:1083300082FD20C1E114F10421F0F701808180FF6A
:10834000A8C0069DF001079DF00D1124EC5CF14FD3
:1083500025803680478050842585A0962FAFA09732
:108360003685A4963FAFA497878440896C964FAF1B
:108370006C97482D6C965FAD6C97C201B1010E945D
:1083800055F0882309F485C0E114F10409F4CBC049
:10839000D7011596CC9015971696BC901697179600
:1083A000AC9017971896FC90069DC001079D900D04
:1083B0001124FC01EC5CF14FAD96FFAFEEAFAD9731
:1083C000618D728D838D948D90589B01AC010E94BC
:1083D00012F7AD96AEADBFADAD9751962D913D91D3
:1083E0004D915C9154970E94BAF09B01AC016C2DA9
:1083F0007B2D8A2D9F2D0E9411F7962EA72EB82E29
:10840000C92E262F372F482F592FA0966FADA09732
:10841000A4967FADA497882D6C969FAD6C970E9413
:1084200055F087FD8DC0292D3A2D4B2D5C2DC201B5
:10843000B1010E9455F0882361F1069DF001079D6E
:10844000F00D1124EC5CF14F8081816080832091DC
:108450008C0930918D0980918C0990918D0982173A
:10846000930709F078C0109FC0011124FC01EC5C57
:10847000F14F7F01069DC001079D900D1124E21769
:10848000F30709F06AC0FC01EC5CF14F80818E7F3C
:108490008083C090130EB091120EE796BFAFE7979E
:1084A000B12CA4961FAEA497212C312CF12CE12CD9
:1084B000E796EFADE797EC1509F46CC18C2C912C85
:1084C000F3E6CF9EC00111248C010C5C114FA196E4
:1084D0001FAF0EAFA197D8018C9182FD56C18C9130
:1084E00080FF16C0E114F10409F055C019966D9192
:1084F0007D918D919C911C97F8016583768387838C
:1085000090870E947FF9B62EA4967FAFA4971C0196
:108510008C2D0E94AB88C82EA196EEACFFACA19723
:10852000C7CF1FE0F3CE6496CFAC64976896BFAC1C
:108530006897A896AFACA897E396FFACE39734CFC3
:10854000A0969FACA097A496AFACA497B82C6C96BD
:10855000CFAC6C9772CF9C017ECF8C5C914F492D34
:108560005A2D6B2D7C2DDC0115964D935D936D93EB
:108570007C931897112369F011508D2DD090110E16
:10858000D81609F4C8CE811709F483CF0E94AB88AE
:10859000F5CF1FE0F2CFD7018C9181608C93809151
:1085A0008C0990918D0920918C0930918D092817A3
:1085B000390789F5B3E6B89DF001B99DF00D112496
:1085C000EC5CF14FA184D28403851485E816F9068A
:1085D00021F58A2D9D2DD80185839683A783B087A9
:1085E000EE5BFF4F80819181A281B381892B8A2B21
:1085F0008B2B61F4D701AA5BBF4F8D919D910D909C
:10860000BC91A02D80839183A283B383D7018C91E9
:108610008E7F8C937DCFC901C6CF45805680678001
:1086200070842A2D3D2DA801C301B2010E9455F08E
:10863000882309F487C0D70115962D913D914D915E
:108640005C9118976F962CAF3DAF4EAF5FAF6F97B1
:10865000C301B2010E9439F918160CF063C0F7018A
:10866000618D728D838D948D90589B01AC010E9419
:1086700012F7D70151962D913D914D915C915497F0
:108680000E94BAF09B01AC016F966CAD7DAD8EADD2
:108690009FAD6F970E9411F76C966FAF6C97AC9679
:1086A0007FAFAC97E0968FAFE097E2969FAFE297EF
:1086B0009B01AC01C301B2010E9439F9181694F56F
:1086C0002A2D3D2DA8016C966FAD6C97AC967FADB1
:1086D000AC97E0968FADE097E2969FADE2970E944F
:1086E00055F087FD0CC06C96AFAC6C97AC96DFACC8
:1086F000AC97E0960FADE097E2961FADE297B3E638
:10870000B89DF001B99DF00D1124EC5CF14F8A2D5C
:108710009D2DD80185839683A783B087858796870B
:10872000A787B08B03E6089DF001099DF00D112489
:10873000EC5CF14F85819681A781B0858187928716
:10874000A387B48713E6189DF001199DF00D11243D
:10875000EC5CF14F65817681878190850E947FF97D
:108760004B01A82ED92E8B01282F392F4B2DA496E3
:108770005FADA497B101C7010E941E87B82CA496D3
:108780009FAEA4972A2C3D2C41CFA196FFAEEEAE12
:10879000A197BECEE114F10401F1F701808180FFC1
:1087A0001CC064966FAD649768967FAD6897A89675
:1087B0008FADA897E3969FADE3970E947FF98B0159
:1087C0009C014B2DA4965FADA497B101C7010E94F7
:1087D0001E87D7018C918E7F8C930E945A2C81E04A
:1087E000C856DF4F0FB6F894DEBF0FBECDBFDF9186
:1087F000CF911F910F91FF90EF90DF90CF90BF909E
:10880000AF909F908F907F906F905F904F903F9030
:108810002F90089580E0E4CFE090110AF090120AC2
:108820000091130A1091140A0C945AB9909166158C
:1088300090FF06C09091C00095FFFCCF8093C600CA
:108840009091661591FF06C09091C80095FFFCCFEE
:108850008093CE000895CF93DF9300D01F92CDB7C1
:10886000DEB7611104C06091E403662371F01C82DD
:108870001B82898381E08A836B8344E0BE016F5F42
:108880007F4F80EA90E00E9405250F900F900F9097
:108890000F90DF91CF91089589E694E1FC0101905A
:1088A0000020E9F7CF01895A9441813C9F4760F449
:1088B000E9E6F4E18FE390E027AD207C203839F041
:1088C00087599B4EFC01108289E694E10895019737
:1088D00031978F3F980781F7F7CF1F93CF93DF939F
:1088E000FC0120812B3309F447C020915902243028
:1088F00008F042C0C42FD62FBC0180915B0212E663
:10890000819FC0011124845A9D4F0E9423FA209117
:108910005B02822F90E0189FF001199FF00D112447
:10892000DF01A454BD4FDC93E354FD4FC083880F97
:10893000991F880F991FFC01E95BF44F8091570B39
:108940009091580BA091590BB0915A0B8083918351
:10895000A283B3832F5F243060F420935B02809165
:1089600059028F5F8093590281E0DF91CF911F916F
:10897000089510925B02F3CF80E0F7CFEF92FF9261
:108980000F931F93CF93DF93CDB7DEB764970FB6E6
:10899000F894DEBF0FBECDBF7C01FB016081718109
:1089A000828193818E010F5F1F4F22E041E00E9480
:1089B00081EBF70101900020E9F79F012150310977
:1089C0002E193F092233310550F443E350E0421B96
:1089D000530BBC01C701820F931F0E949EEFC7017A
:1089E00064960FB6F894DEBF0FBECDBFDF91CF9176
:1089F0001F910F91FF90EF9008958F929F92AF92E9
:108A0000BF92EF92FF921F93CF93DF93CDB7DEB764
:108A1000A0970FB6F894DEBF0FBECDBF61157105EC
:108A20008105910589F120E04AE0842E912CA12C4A
:108A3000B12C11E0120FEE24E394F12CEC0EFD1E8C
:108A4000E20EF11C27FDFA94A50194010E947FF625
:108A5000F7016083B901CA01212F611571058105F4
:108A6000910539F7115008F1E1E0F0E0EC0FFD1F3E
:108A7000E10FF11D17FDFA95908187E39A3008F414
:108A800080E3890FD3DEEECF80E3A0960FB6F89493
:108A9000DEBF0FBECDBFDF91CF911F91FF90EF9052
:108AA000BF90AF909F908F90C1CEA0960FB6F894D4
:108AB000DEBF0FBECDBFDF91CF911F91FF90EF9032
:108AC000BF90AF909F908F900895CF92DF92EF92DA
:108AD000FF926B017C01F7FE0AC0F094E094D09401
:108AE000C094C11CD11CE11CF11C8DE29FDEC701AA
:108AF000B601FF90EF90DF90CF907FCF41E060E034
:108B00000C94F8978091661580FF04C09091AA0A92
:108B10009093AB0A81FF04C08091280A8093290AB0
:108B200008958F929F92AF92BF92CF92DF92EF9271
:108B3000FF92CF936B017C01B42E20E030E0A901BD
:108B40000E9455F087FF06C08DE270DEF7FAF094C0
:108B5000F7F8F094C0E060E070E080E09FE3CB15B0
:108B600041F02DEC3CEC4CEC5DE30E94BAF0CF5FA1
:108B7000F6CFA70196010E9412F76B017C010E94BB
:108B80005BF84B015C0139DFCC2361F1C501B40115
:108B90000E9459F09B01AC01C701B6010E9411F778
:108BA0006B017C018EE242DEC150E0F020E030E05B
:108BB00040E251E4C701B6010E94BAF06B017C01AA
:108BC0000E945BF84B015C0118DFC501B4010E94F3
:108BD00059F09B01AC01C701B6010E9411F76B016E
:108BE0007C01E2CFCF91FF90EF90DF90CF90BF90CC
:108BF000AF909F908F900895CF93DF93CDB7DEB75E
:108C000060970FB6F894DEBF0FBECDBFE8E1FAE083
:108C100080819181A281B38189839A83AB83BC8354
:108C200084819581A681B7818D839E83AF83B88728
:108C300080859185A285B38589879A87AB87BC8714
:108C400084859585A685B7858D879E87AF87B88BE8
:108C5000CE0101960E94679349815A816B817C8184
:108C600083E491E30E948D2C4D815E816F81788534
:108C70008FE391E30E948D2C49855A856B857C8515
:108C80008BE391E30E948D2C4D855E856F857889FD
:108C900087E391E30E948D2C60960FB6F894DEBFB7
:108CA0000FBECDBFDF91CF9108958F929F92AF926B
:108CB000BF92CF92DF92EF92FF920F931F93CF93C9
:108CC000DF93B4E4A0E06A2F70E0AB014B0F511DBD
:108CD00055954795411119C0E9E1FCE26591749100
:108CE000072E000C880B990B0E945BF0DF91CF914F
:108CF0001F910F91FF90EF90DF90CF90BF90AF90BA
:108D00009F908F900895B42FE0CF4A1711F0B413BD
:108D100003C0E5E2FDE2E2CF9A0121503109220FC2
:108D2000331F220F331FF901E95EF34DE590F490F4
:108D3000F901E55EF34DC591D4918E159F0518F3A9
:108D4000A42FC817D90708F4BECFF901E75EF34D89
:108D500005911491F901E35EF34DC590D4908E19FD
:108D60009F09BC0190E080E00E9459F04B015C013A
:108D7000B601601B710B072E000C880B990B0E942B
:108D80005BF09B01AC01C501B4010E94BAF04B013C
:108D90005C01CE19DF09BE0190E080E00E9459F02D
:108DA0009B01AC01C501B4010E94EEF76B017C018F
:108DB000B801110F880B990B0E945BF09B01AC016D
:108DC000C701B6010E9412F791CFCF92DF92EF92C6
:108DD000FF920F931F93CF93DF93CDB7DEB76097CA
:108DE0000FB6F894DEBF0FBECDBFFC016A017B0158
:108DF000890190E1DE01119601900D929A95E1F7BB
:108E0000CE0101960E9417868091C3099091C409F2
:108E1000892BB1F49801B701A601CE0101960E94F9
:108E200071B560960FB6F894DEBF0FBECDBFDF916F
:108E3000CF911F910F91FF90EF90DF90CF90089509
:108E400080E0EFCFCF93DF939091130E8091120EBD
:108E5000891738F0891B8F3031F480E00E94DF39A8
:108E6000F3CF805FF7CF8091120E0E94AB88A09164
:108E7000120E93E6A99FD0011124FD01EC5CF14F85
:108E8000EF0119929A95E9F7908194609083AF5A17
:108E9000B14F90E1E4E2FEE001900D929A95E1F786
:108EA0002091120E9091130E291303C094E6909313
:108EB000100E8093120EDF91CF910C945A2CCF9309
:108EC000DF93CDB7DEB760970FB6F894DEBF0FBE65
:108ED000CDBF80E1E8E1FAE0DE01119601900D924C
:108EE0008A95E1F7CE0101960E941786CE01019680
:108EF0000E942B8460960FB6F894DEBF0FBECDBFE4
:108F0000DF91CF910895DF92EF92FF920F931F931D
:108F1000CF93DF931F92CDB7DEB78C01D42E7C01A7
:108F2000E60EF71E80918A0990918B090E945AF6ED
:108F30008983DD2011F0F8018083CE0101960E9423
:108F4000CFB480918A0990918B09019690938B09F7
:108F500080938A090F5F1F4F0E151F0519F780E0D8
:108F60000F90DF91CF911F910F91FF90EF90DF90C5
:108F7000089590E0FC01E356FF4C2491895A9F4CE0
:108F8000FC018491882399F090E0880F991FFC01DF
:108F9000E35CFF4CA591B491FC01ED5DFF4C859124
:108FA00094918FB7F894EC91E22BEC938FBF0895D6
:108FB000CF93C82F41E00E94202EC11103C0CF9152
:108FC0000C94A02CCF910895CF93DF9364E170E3CC
:108FD000EFDFCDECD9E04C895D896E897F898CE02B
:108FE00090E30E948D2C488D598D6A8D7B8D89E090
:108FF00090E30E948D2C4C8D5D8D6E8D7F8D86E073
:1090000090E30E948D2C48A159A16AA17BA183E025
:1090100090E30E948D2CDF91CF910C94A32CCF92E2
:10902000DF92EF92FF92CF936B017C01AC019B0129
:1090300060918609709187098091880990918909CA
:109040000E9455F0882309F457C0C091850980E03B
:109050000E94442920E030E0A901C701B6010E9426
:1090600039F918161CF0C12CD12C7601C092860952
:10907000D0928709E0928809F09289092DEB37E3B5
:1090800046E855EBC701B6010E9439F987FD0AC0D1
:109090002DEB37E346E855E3C701B6010E9455F0D2
:1090A000181634F5A701960160E070E080E89FE3B0
:1090B0000E94EEF76093810970938209809383097F
:1090C0009093840980EF9FEFA9E7B4EC80937D092A
:1090D00090937E09A0937F09B0938009CC2361F01F
:1090E00081E0CF91FF90EF90DF90CF900C944429D6
:1090F00060E070E0CB01DECFCF91FF90EF90DF908A
:10910000CF9008950E94A43981111BC00E94C139DB
:10911000882369F080912C0B811106C08FE699E0BD
:1091200040E061E00C94F8978CE29BE0F9CF8091ED
:109130007C09813049F081ED9FE241E06FEF0C94B2
:109140002D9886EF9FE2F9CF8AEE9FE2F6CFCF937C
:10915000E0915A024E2F50E092E6E99FF00111246F
:10916000E354FD4F20812830D8F4C091661581E08A
:1091700001C0880F2A95EAF780936615949FF00145
:10918000959FF00D1124E454FD4F8081811106C09C
:109190008EEC9FE20E94772C0E94A32CC093661550
:1091A000CF91089581508A3090F5E82F880FFF0BFA
:1091B0008827E252F7438F4F0C9409F7E8C8EFC8AD
:1091C000F2C8F5C8ECC8F8C804C9FBC8FEC801C994
:1091D0008AE99FE20C94C7988CE89FE2FBCF88E76E
:1091E0009FE2F8CF85E69FE2F5CF88E59FE2F2CFD8
:1091F0008BE49FE2EFCF8DE39FE2ECCF8DE29FE225
:10920000E9CF80E29FE2E6CF80E19FE2E3CF0895DD
:10921000CF93DF939091690991110DC0EA0140E06D
:109220000E943530209719F0CE010E941130DF9155
:10923000CF910C942D30DF91CF9108954F925F9292
:109240006F927F928F929F92AF92BF92CF92DF9256
:10925000EF92FF92CF93DF9300D000D01F921F9226
:10926000CDB7DEB7DC011496CD90DD90ED90FC908B
:1092700017978D909D90AD90BC90E0910E0EF0915F
:109280000F0EFE83ED8384819581A681B78189834A
:109290009A83AB83BC839C01AD01C701B6010E94D8
:1092A00011F72B013C01AD81BE818D919D910D90F7
:1092B000BC91A02D8D839E83AF83B88727E137EBC8
:1092C00041ED58EBC301B2010E9439F987FDD1C0CD
:1092D00023E030E048EC53E4C301B2010E9455F0B2
:1092E00018160CF4C6C02D813E814F815885C501EA
:1092F000B4010E9411F72B013C0127E137EB41ED4E
:1093000058EB0E9439F987FDB4C023E030E048EC07
:1093100053E4C301B2010E9455F018160CF4A9C021
:1093200020E030E0A9016D817E818F8198850E94C7
:1093300012F72B013C0120E030E04CE052E40E94A7
:1093400055F087FF06C0412C512C3CE0632E32E4DF
:10935000732E27E137EB41ED58E3C301B2010E94C0
:1093600011F79B01AC01C501B4010E9439F987FDD9
:1093700080C020E030E048EC53E46D817E818F8135
:1093800098850E9412F72B013C0120E030E043EC6D
:1093900053E40E9439F9181634F4412C512C23EC73
:1093A000622E23E4722E27E137EB41ED58E3C3012F
:1093B000B2010E9412F79B01AC01C501B4010E94E9
:1093C00055F018160CF455C020E030E0A901698171
:1093D0007A818B819C810E9412F74B015C0120E015
:1093E00030E040E251E40E9455F087FF06C0812C36
:1093F000912C90E2A92E91E4B92E27E137EB41EDB3
:1094000058E3C501B4010E9411F79B01AC01C701EB
:10941000B6010E9439F987FD2CC020E030E048EC0D
:1094200053E469817A818B819C810E9412F74B0100
:109430005C0120E030E043EC53E40E9439F9181657
:1094400034F4812C912C83ECA82E83E4B82E27E1F0
:1094500037EB41ED58E3C501B4010E9412F79B01BF
:10946000AC01B1E0B983C701B6010E9455F01816EE
:109470000CF41982898128960FB6F894DEBF0FBECE
:10948000CDBFDF91CF91FF90EF90DF90CF90BF9055
:10949000AF909F908F907F906F905F904F900895C6
:1094A0002F923F924F925F926F927F928F929F92F4
:1094B000AF92BF92CF92DF92EF92FF920F931F93E2
:1094C000CF93DF93CDB7DEB76A970FB6F894DEBFC0
:1094D0000FBECDBF6D877E878F87988B298B3A8B88
:1094E0004B8B5C8B0D8BEA8E4090200A5090210AAA
:1094F0006090220A7090230A20E030E040E850E4B7
:10950000C301B2010E9439F9181634F0412C512CD4
:1095100040E8642E40E4742E8D859E85AF85B88921
:1095200089839A83AB83BC8389899A89AB89BC89F7
:109530008D839E83AF83B88749865A866B867C86E7
:10954000CE0101967BDE882309F46DC1E0900E0EFA
:10955000F0900F0ED7012D913D914D915C916D854D
:109560007E858F8598890E9411F76E8B7F8B888FFF
:10957000998F69837A838B839C83F701248135815A
:109580004681578169897A898B899C890E9411F764
:109590009B01AC012D833E834F835887A0904F02DF
:1095A000B0905002C0905102D090520283017201DB
:1095B0006E897F89888D998D0E94609080910001CD
:1095C00083FD0E940E5280915609811104C060E013
:1095D00081E00E940094C0900A0ED0900B0EE090A3
:1095E0000C0EF0900D0E46015701B7FAB094B7F883
:1095F000B09480915509282E312C359427943594B8
:10960000279420E030E0A901C701B6010E9455F07F
:1096100087FFD2C0B82DA92DFA2DEB2D20E030E028
:1096200040E151E46B2F7A2F8F2F9E2F0E9412F76B
:109630002B013C012091200A3091210A4091220AFD
:109640005091230A0E9455F087FF16C00E94625273
:10965000811112C020E030E040E252E4C301B201C7
:109660000E941C92811108C020E041E060E070E09F
:1096700080E890E40E9421910E946252182F81118B
:1096800028C020E030E040E050E4C501B4010E9471
:1096900011F72B013C01C1018095909581709927AC
:1096A0002AE0289FB001299F700D1124072E000C7D
:1096B000880B990B0E945BF09B01AC01C301B201C6
:1096C0000E9411F720E030E040EA51E40E941C9231
:1096D000182F4090200A5090210A6090220A709022
:1096E000230AA701960160E070E080E490E40E9404
:1096F00011F7A30192010E9455F087FF9BC0412CF6
:10970000512C20EC622E2FE7722E20910A0E309100
:109710000B0E40910C0E50910D0EC301B2010E9430
:1097200012F76B017C01AC019B010E94C1F9811110
:1097300053C0FD89F13068F0F33008F442C0F330D3
:1097400041F420E041E060E070E080E890E40E94B5
:1097500021918A8D833008F44BC0209157093091B4
:1097600058094091590950915A096D857E858F8518
:1097700098890E9412F7AB01BC0185ED9EE20E9420
:109780008D2C20915B0930915C0940915D095091CD
:109790005E0969897A898B899C890E9412F7AB01DD
:1097A000BC0180ED9EE20E948D2CB701A6018BECDE
:1097B0009EE20E949D2E1CC0B0E0A0E0F0E0E0E040
:1097C0002DCF80E00E94A128882319F2C12CD12C32
:1097D00090ECE92E9FE7F92E80E00E94A1288DEE03
:1097E0009EE28CD90E949D2C8DED9EE20E94772CEA
:1097F000C701B6016A960FB6F894DEBF0FBECDBFA3
:10980000DF91CF911F910F91FF90EF90DF90CF905C
:10981000BF90AF909F908F907F906F905F904F9090
:109820003F902F900895C12CD12C80ECE82E8FE72B
:10983000F82EDECF112309F468CF61CF6F927F92AB
:109840008F929F92AF92BF92CF92DF92EF92FF9250
:109850000F931F93CF93DF93CDB7DEB76C970FB6FF
:10986000F894DEBF0FBECDBF782E4A015B016801C0
:10987000790120E030E0A901C701B8010E9455F04C
:10988000811111C0772019F081E0781291C060E059
:1098900070E081E695E420E030E040E752E40E9489
:1098A000EEF76B017C01072D10E0F801E853F14D54
:1098B000E491772473941E160CF4712C662463943F
:1098C00020E030E0A901C501B4010E9439F9181661
:1098D0000CF0612C80E00E94E78469837A838B839B
:1098E0009C8381E00E94E7846D837E838F839887C9
:1098F00082E00E94E78469877A878B879C8783E070
:109900000E94E7846D877E878F87988B000F111FD9
:10991000000F111FE1E0F0E0EC0FFD1F0E0F1F1F05
:10992000F8011082118212821382CE0101960E94E8
:109930002B84F80180829182A282B382198A1A8ACA
:109940001B8A1C8A1D8A1E8A1F8A188E198E1A8EDF
:109950001B8E1C8E8091C3099091C409892B49F4F8
:109960009E012F5E3F4FB701A601CE0101960E94D6
:1099700071B50E941A84761431F0809154098823BD
:10998000E1F0109254096C960FB6F894DEBF0FBE4A
:10999000CDBFDF91CF911F910F91FF90EF90DF909E
:1099A000CF90BF90AF909F908F907F906F900895D1
:1099B00060E070E086E195E46ECF40E070E060E04A
:1099C0008AEB9EE20E94C1387F928F929F92AF9263
:1099D000BF92CF92DF92EF92FF920F931F93CF939C
:1099E000DF93762E872E982EA92EC42F80913502D4
:1099F000882309F47FC08091360281117BC04130F9
:109A000009F456C0423009F464C0F0903702009166
:109A1000380210913902D0913A02B0904302C090BE
:109A20004402D0904502E09046022F2D302F412F66
:109A30005D2F672D782D892D9A2D0E9455F087FD79
:109A400012C02B2D3C2D4D2D5E2D672D782D892D8F
:109A50009A2D0E9439F9FB2C8601DE2D18161CF078
:109A6000F72C8401DA2D84E0C89FA0011124FA01AB
:109A7000E85EF54F8F2D902FA12FBD2F808391830E
:109A8000A283B3834D565B4FFA016081718182815D
:109A90009381DF91CF911F910F91FF90EF90DF9015
:109AA000CF90BF90AF909F908F907F900C94389004
:109AB000F0903B0200913C0210913D02D0913E0299
:109AC000B0904702C0904802D0904902E0904A020C
:109AD000ACCFF0903F020091400210914102D09132
:109AE0004202B0904B02C0904C02D0904D02E090E8
:109AF0004E029BCFB12C80E5C82E93ECD92E27E4E3
:109B0000E22EF12C00E513ECD7EC8FCFCF92DF9251
:109B1000EF92FF922091BB093091BC094091BD09A1
:109B20005091BE090E94EEF76B017C0120E030E00D
:109B3000A9010E9439F9181664F4C701B6010E9400
:109B4000D8F70E9456F8CB01FF90EF90DF90CF90AE
:109B50000895C701B6010E9487F8F3CFCF92DF9234
:109B6000EF920F93CF936C01C62F89EB9EE20E9478
:109B7000D999EE24E39401E021E040E2B60180E2CD
:109B800091E10E941D2421E040E269EB7EE280E445
:109B900091E10E941D2421E040E269EB7EE280E633
:109BA00091E10E941D24C93F11F0C093340210922C
:109BB000530989EF80935209CF910F91EF90DF9075
:109BC000CF900895282F30E0F901ED58F14D949190
:109BD000F901E356FF4C4491295A3F4CF901249175
:109BE000222309F435C0992311F191509231F8F4F0
:109BF000E92FF0E08827E050F2438F4F0C9409F7EB
:109C000031CE35CE12CE29CE2DCE17CE38CE3ECE89
:109C100042CE48CE4CCE50CE56CE5ACE17CE5ECE89
:109C200064CE68CE809180008F7780938000E22F91
:109C3000F0E0EE0FFF1FED5DFF4CA591B4918FB7E3
:109C4000F894EC91611148C040954E234C938FBF1E
:109C50000895809180008F7DE8CF80918000877F7C
:109C6000E4CF84B58F7784BDE2CF84B58F7DFBCF01
:109C70008091B0008F778093B000D9CF8091B000F1
:109C80008F7DF9CF809190008F7780939000CFCF18
:109C9000809190008F7DF9CF80919000877FF5CFE4
:109CA0008091A0008F778093A000C1CF8091A00009
:109CB0008F7DF9CF8091A000877FF5CF8091200123
:109CC0008F7780932001B3CF809120018F7DF9CFD2
:109CD00080912001877FF5CF4E2BB8CF8F929F9236
:109CE000AF92BF92CF92DF92EF92FF926B017C0115
:109CF0000E94E8B44B015C01C114D104E104F104F9
:109D0000B9F00E94E8B4681979098A099B09683E8C
:109D100073408105910580F321E0C21AD108E10862
:109D2000F10888EE880E83E0981EA11CB11CE4CFD8
:109D3000FF90EF90DF90CF90BF90AF909F908F906B
:109D400008959F92AF92BF92CF92DF92EF92FF92CF
:109D50000F931F93CF93DF931F92CDB7DEB78C0184
:109D60006C01C60ED71EF12CE12CC016D10609F4E9
:109D70004DC0A0908A09B0908B09F80191908F0195
:109D80009982C5010E945AF6981691F1692DC50174
:109D90000E9462F6FFEFEF1AFF0AC7018F7799273B
:109DA000892BF9F062E070E080E090E097DFC50178
:109DB0000E945AF699818917D9F00E94A02C83EE4F
:109DC00090E30E94772C81E00F90DF91CF911F915B
:109DD0000F91FF90EF90DF90CF90BF90AF909F904A
:109DE000089562E070E080E090E00E944039DFCFAB
:109DF000CE0101960E94CFB480918A0990918B097F
:109E0000019690938B0980938A09AFCF80E0DCCFD5
:109E10002FB7F8946091E8167091E9168091EA16D0
:109E20009091EB162FBF0895EF920F93EE24E394D9
:109E300001E020E040E2BC0180E090E30E94722457
:109E4000E7DF605D7A488F4F9F4F6093620D70939C
:109E5000630D8093640D9093650D0F91EF900895BD
:109E6000CF93DF93CDB7DEB78091170A811112C06F
:109E70009E01275F3F4F4F8158856FE370E089E671
:109E800094E10E941DF089E694E10E943A3589E64A
:109E900094E1CADFDF91CF910895CF93DF93EC0176
:109EA00084E00E94C78E81112FC08091F01690919E
:109EB000F1168C0F9D1F9093F1168093F0168091F0
:109EC000670990916809C80FD91FD0936809C0939A
:109ED00067099EDF60936309709364098093650945
:109EE000909366090E94602C882371F08091530240
:109EF00090915402019641F4109254021092530230
:109F0000DF91CF910C945A2CDF91CF910895CF928D
:109F1000DF92EF92FF92CF93DF93EC01BC01990F98
:109F2000880B990B0E945BF02091BB093091BC0912
:109F30004091BD095091BE090E94BAF06B017C01AD
:109F4000CE01ABDFC2E0DEE0A7019601688579852E
:109F50008A859B850E9412F7688779878A879B8705
:109F6000DF91CF91FF90EF90DF90CF900895CF9247
:109F7000DF92EF92FF924CDF6B017C0128E5C20E6D
:109F800022E0D21EE11CF11C0E9479548F3FA1F007
:109F90003FDFA7019601261B370B480B590BDA014F
:109FA000C901181619061A061B0674F380E0FF9003
:109FB000EF90DF90CF90089581E0F9CF1F920F923C
:109FC0000FB60F9211242F933F938F939F93AF93CC
:109FD000BF938091E8169091E916A091EA16B0918E
:109FE000EB163091E71623E0230F2D3758F5019635
:109FF000A11DB11D2093E7168093E8169093E916F2
:10A00000A093EA16B093EB168091EC169091ED16A2
:10A01000A091EE16B091EF160196A11DB11D80938F
:10A02000EC169093ED16A093EE16B093EF16BF9139
:10A03000AF919F918F913F912F910F900FBE0F90F5
:10A040001F90189526E8230F0296A11DB11DD2CFAF
:10A05000CF9321E04EE854E066E875E18BE695E1A8
:10A060000E9496A9C82F882321F08BE695E10E94D3
:10A070007B7D8C2FCF9108958BE1E6E8F5E1A1EA95
:10A08000B5E101900D928A95E1F78091730D80649E
:10A090008093730D1092680D8FEF9FEF90932702BE
:10A0A0008093260208958091680D8823F1F02FEFA8
:10A0B0003FEF309327022093260281508093680D52
:10A0C000E6E8F5E1882351F08150990B2BE1289FB8
:10A0D000F001299FF00D1124E454FA4E8BE1A1EA1E
:10A0E000B5E101900D928A95E1F78091680D81119B
:10A0F00005C09091730D90649093730D08950F9324
:10A100001F93CF93DF9300D000D01F92CDB7DEB75F
:10A110009C012F5F3F4F3F832E832FE2FC01208362
:10A1200081E08D83CE0106969A83898301979C8373
:10A130008B8310E00BE18091680D181758F4109F85
:10A14000B001112464547A4ECE0101960E943EB5AE
:10A150001F5FF1CF8D818B3558F46AEC76E1CE012B
:10A1600001960E943EB58E819F8101979F838E83C9
:10A17000EE81FF81108227960FB6F894DEBF0FBEE6
:10A18000CDBFDF91CF911F910F910895109291084B
:10A190008091730D8F778093730D0E9464398823AB
:10A1A00021F08AEC96E10C947B7D08958091730DEB
:10A1B00084FF04C08460877F8093730D0895CF92DD
:10A1C000DF92EF92FF920F931F93CF93DF93CDB760
:10A1D000DEB7EDB6FEB6DC010D900020E9F79D017B
:10A1E000281B390B285F3F4FEDB7FEB7E21BF30B7F
:10A1F0000FB6F894FEBF0FBEEDBF0DB71EB70F5FD1
:10A200001F4F9F938F938CE09BE29F938F931F939D
:10A210000F930E94EEEF6801F4E0CF0ED11C0F9077
:10A220000F900F900F900F900F90D6018D916D01B0
:10A23000882349F0082E000C990B0E94E0F9F601E2
:10A2400031978083F2CF67E07BE2C8010E9432EF52
:10A2500040E450E0B80181E199E00E949EEF0FB622
:10A26000F894FEBE0FBEEDBEDF91CF911F910F910E
:10A27000FF90EF90DF90CF900895CF9380915F0D86
:10A28000C1E08823C9F08091600D9091610D4091EB
:10A290005B0D50915C0D60915D0D70915E0DDC0168
:10A2A000ED91FC910288F389E02D2BE53BE01995B7
:10A2B000C82F811104C0C0E08C2FCF910895409128
:10A2C00038175091391760913A1770913B17411523
:10A2D000510561057105B9F08091600D9091610D96
:10A2E000DC01ED91FC910288F389E02D2BE53BE048
:10A2F0001995882301F3109238171092391710928C
:10A300003A1710923B1710925F0DD6CFCF92DF9283
:10A31000EF92FF92CF936B017C01C42F80915B0D74
:10A3200090915C0DA0915D0DB0915E0D8C159D0519
:10A33000AE05BF0519F1A1DF811107C080E0CF9103
:10A34000FF90EF90DF90CF9008958091600D9091F5
:10A35000610DDC01ED91FC910088F189E02D2BE588
:10A360003BE0B701A6011995882341F3C0925B0D2C
:10A37000D0925C0DE0925D0DF0925E0D81E0CC23F9
:10A38000F1F280935F0DDBCF8F929F92AF92BF92DD
:10A39000CF92DF92EF92FF92CF93DF939093610D74
:10A3A0008093600D1092531782E090E0A0E0B0E03F
:10A3B00080933C1790933D17A0933E17B0933F179F
:10A3C00010925F0D109238171092391710923A17A9
:10A3D00010923B178FEF9FEFDC0180935B0D909302
:10A3E0005C0DA0935D0DB0935E0D662309F46EC005
:10A3F00040E060E070E0CB0189DF81110DC0C0E07A
:10A400008C2FDF91CF91FF90EF90DF90CF90BF9096
:10A41000AF909F908F9008958091190D8F7779F765
:10A420008091250D9091260DA091270DB091280DBA
:10A4300084369105A105B10510F3C090210DD0908F
:10A44000220DE090230DF090240DC114D104E104FD
:10A45000F104A9F240E0C701B60158DFC82F8823F4
:10A4600071F28091660B9091670B8115924039F6DD
:10A47000A0916B0BAA2319F26091690B70916A0B82
:10A480006115710509F4BBCF2091680B222309F4F3
:10A49000B6CFA0934E172093401790E080E030E0B5
:10A4A000E1E0F0E0D82FAF01082E02C0440F551FA5
:10A4B0000A94E2F72417350769F041E0480F019646
:10A4C0008930910579F74093491799CFC12CD12C48
:10A4D0007601C0CF809349172091710B3091720B98
:10A4E00050E040E02115310541F420917F0B30917F
:10A4F000800B4091810B5091820B20934117309338
:10A500004217409343175093441746015701860E54
:10A51000971EA11CB11C80924F1790925017A092C9
:10A520005117B0925217E0916C0BF0916D0BF093B4
:10A530005517E0935417B0E00E94BDF6DC01CB0143
:10A54000880D991DAA1DBB1D809356179093571710
:10A55000A0935817B093591725E0EE0FFF1F2A95C7
:10A56000E1F7E150FE4FEF2FFF27E6958E0F9F1F7B
:10A57000A11DB11D80934A1790934B17A0934C17C0
:10A58000B0934D1780906E0B90906F0BB12CA12C57
:10A590008114910441F480907B0B90907C0BA090EF
:10A5A0007D0BB0907E0BC81AD90AEA0AFB0AC80CC8
:10A5B000D91CEA1CFB1C04C0F694E794D794C794FA
:10A5C000DA95D2F7C0924517D0924617E092471716
:10A5D000F092481785EFC8168FE0D806E104F10421
:10A5E00020F48CE0809353170ACF80E125EFC21648
:10A5F0002FEFD206E104F10488F08091870B90914F
:10A60000880BA091890BB0918A0B80935617909379
:10A610005717A0935817B093591780E28093531798
:10A62000EFCE4F925F926F927F928F929F92AF92F6
:10A63000BF92CF92DF92EF92FF920F931F93CF932F
:10A64000DF93EC01423051056105710590F480E023
:10A65000DF91CF911F910F91FF90EF90DF90CF90FE
:10A66000BF90AF909F908F907F906F905F904F9032
:10A67000089589859A85AB85BC850196A11DB11D7C
:10A6800084179507A607B70710F38F898031C1F5A6
:10A69000852E962EA72EBB248B899C89AD89BE89D9
:10A6A000880E991EAA1EBB1E280139016A017B0172
:10A6B00041E0C501B4012ADE882349F29F89903127
:10A6C00081F5DD24EE24FF24F601EE0FFF1FE55A8D
:10A6D000F44F118300839A89923008F4B9CF4D81E9
:10A6E0005E816F817885840E951EA61EB71E8092AE
:10A6F000381790923917A0923A17B0923B17A8CF0B
:10A70000803209F0A4CF8B899C89AD89BE894A012A
:10A710005B01E7E0B694A79497948794EA95D1F704
:10A72000BFCFE894C7F8DD24EE24FF24F601EE0F36
:10A73000FF1FEE0FFF1FE55AF44F408251826282E5
:10A740007382C9CFCF92DF92EF92FF920F931F9344
:10A75000CF93DF93FC0181859285A385B485019613
:10A76000A11DB11D84179507A607B70750F480E017
:10A77000DF91CF911F910F91FF90EF90DF90CF90DD
:10A78000089587898031A9F5BB27A72F962F852F9C
:10A79000C388D488E588F6888C0D9D1DAE1DBF1D2D
:10A7A000E9016A017B018F0140915B0D50915C0DC5
:10A7B00060915D0D70915E0D84179507A607B70730
:10A7C00049F5F8018789803161F5B701A601552760
:10A7D00066277727440F551F455A544FFA01808149
:10A7E0009181B0E0A0E088839983AA83BB8381E054
:10A7F000BFCF803209F0BBCFC388D488E588F68804
:10A80000DB01CA01C7E0B695A79597958795CA95CC
:10A81000D1F7C2CF40E0BC01CD0178DD8111D1CFAD
:10A82000A6CFB701A6014F77552766277727440F94
:10A83000551F440F551F455A544FFA01808191818D
:10A84000A281B381BF70CFCF4F925F926F927F9200
:10A85000AF92BF92CF92DF92EF92FF920F931F932E
:10A86000CF93DF9300D01F92CDB7DEB78C01498321
:10A870005A836B837C835901C12CD12C7601412CE6
:10A8800082E0582E612C712C49815A816B817C8128
:10A890009E012F5F3F4FC80155DF882319F1F80152
:10A8A0008585A301920104C0220F331F441F551F49
:10A8B0008A95D2F7DA01C901C80ED91EEA1EFB1E1D
:10A8C00049815A816B817C8187898031F1F481E0F3
:10A8D000483F5F4F61057105B8F2F501C082D18232
:10A8E000E282F3820F900F900F900F90DF91CF9143
:10A8F0001F910F91FF90EF90DF90CF90BF90AF909E
:10A900007F906F905F904F90089581E0483F5F4F38
:10A910006F4F7F4008F4B8CFE0CFCF93DF93EC01C7
:10A920008B81882341F1898187FF22C061E0CE01BC
:10A930000E94847DFC01892BF1F08081853ED9F055
:10A940008B81823040F489899A89AB89BC89848F54
:10A95000958FA68FB78F8D899E89938F828F8D89D2
:10A960009E89AF89B88DB58BA48B89818F778983B8
:10A97000DF91CF9182CC81E0888380E0DF91CF911D
:10A9800008958AEC96E1C9DF8AEC96E10E947B7D0E
:10A990008091730D8D7F8E7F8093730D10926F0D5C
:10A9A0001092700D1092710D1092720D08958F9289
:10A9B0009F92AF92BF92CF92DF92EF92FF920F934E
:10A9C0001F93CF93DF93EC018B8181110EC080E048
:10A9D000DF91CF911F910F91FF90EF90DF90CF907B
:10A9E000BF90AF909F908F90089509891A892B8905
:10A9F0003C89041715072607370748F34A015B010E
:10AA0000823031F488869986AA86BB8681E0E0CFC1
:10AA100081149104A104B10449F4188619861A8698
:10AA20001B861C821D821E821F82F0CF088519851D
:10AA30002A853B85E98DFA8D858590E00996B901D7
:10AA4000A8014150510961097109082E04C0769589
:10AA50006795579547950A94D2F775016401E1E02F
:10AA6000CE1AD108E108F10804C0F694E794D7940F
:10AA7000C7948A95D2F7C416D506E606F70620F0E5
:10AA8000012B022B032B09F58D899E89AF89B88D87
:10AA90008C839D83AE83BF838E010C5F1F4FC114D7
:10AAA000D104E104F10409F4ADCF4C815D816E81E4
:10AAB0007F819801898D9A8D45DE91E0C91AD10870
:10AAC000E108F1088111EBCF82CFC41AD50AE60A5A
:10AAD000F70AE2CF8F929F92AF92BF92CF92DF920E
:10AAE000EF92FF920F931F93CF93DF9300D01F92AB
:10AAF000CDB7DEB7FC018381813091F080E00F900B
:10AB00000F900F900F90DF91CF911F910F91FF90B9
:10AB1000EF90DF90CF90BF90AF909F908F9008956F
:10AB2000818181FFEBCF81899289A389B489892BA7
:10AB30008A2B8B2B09F45BC07F0140E050E0BA0107
:10AB4000CF0135DF8823D1F2F701C18CD28C858803
:10AB50009688A788B08C82E090E0A0E0B0E0F60193
:10AB600080839183A283B3839E012F5F3F4FB50102
:10AB7000A401C601E7DD882309F4C0CF00E010E09E
:10AB80009801B501A401C6014CDD882309F4B6CFB4
:10AB900089809A80AB80BC80F60187898031F1F48E
:10ABA000F8EF8F16FFEF9F06A104B104E8F2F7015A
:10ABB000158A168A178A108E118A128A138A148AA5
:10ABC000818180688183C701A8DE882309F496CF3C
:10ABD00040E050E0BA01C701EADE91CF88EF881665
:10ABE0008FEF9806A8068FE0B80608F7BDCF81E082
:10ABF00086CF2F923F924F925F926F927F928F9269
:10AC00009F92AF92BF92CF92DF92EF92FF920F93FB
:10AC10001F93CF93DF9300D01F92CDB7DEB78C0187
:10AC20004B011A01DC0113968C911397813009F0C6
:10AC3000CEC011968C9181FFCAC082FDB5C0610162
:10AC4000D80118964D915D916D917C911B97C1141F
:10AC5000D10409F417C159968D919C915A97FC0122
:10AC600074802FEF270D2A013B0139E07694679419
:10AC7000579447943A95D1F7722E74207A01F1E0F7
:10AC8000FF22711020C0E114F104E9F414964D91F3
:10AC90005D916D917C911797411551056105710585
:10ACA00009F09BC055968D919D910D90BC91A02D62
:10ACB0000097A105B10509F0A8C0C8010E94D77D81
:10ACC000882309F484C0A12C82E0B82EAE18BF08F6
:10ACD000CA14DB0408F45601D80159964D915C91D1
:10ACE0005A9714968D919D910D90BC91A02D02972D
:10ACF000A109B109FA01258504C0880F991FAA1F6F
:10AD0000BB1F2A95D2F74685578560897189840FC4
:10AD1000951FA61FB71F9C01AD01270D311D411DB9
:10AD2000511D29013A01A11432E0B30609F07BC09C
:10AD300080915B0D90915C0DA0915D0DB0915E0DC9
:10AD4000481659066A067B0669F410925F0D8FEF6C
:10AD50009FEFDC0180935B0D90935C0DA0935D0DE4
:10AD6000B0935E0D8091600D9091610DDC01ED91CD
:10AD7000FC910288F389E02D9401B301A201199599
:10AD8000882329F1F80180859185A285B3858A0DF4
:10AD90009B1DA11DB11D80879187A287B3878A0C57
:10ADA0009B1CCA18DB084CCFF80141895289638982
:10ADB000748980859185A285B385481759076A07EC
:10ADC0007B0709F43CCFC801F2DD811138CF81E067
:10ADD000D8018C938FEF9FEF6BC09E012F5F3F4F89
:10ADE000B1DC8823A1F389819A81AB81BC81F80110
:10ADF000218D328DF9012789203169F4883FFFEFD9
:10AE00009F07A105B10508F058CFF8018483958309
:10AE1000A683B78358CF883F2FEF9207A2072FE072
:10AE2000B20798F34ACFE114F10429F5F8014085FF
:10AE300051856285738581899289A389B489481770
:10AE400059076A077B07B8F018DA882309F4BFCFDF
:10AE500081E080935F0D40925B0D50925C0D60929B
:10AE60005D0D70925E0DA501B401C701855A944F26
:10AE70000E94F5F987CF41E0C301B20147DA8111A1
:10AE8000F2CFA5CFF80181899289A389B48984176B
:10AE90009507A607B70738F48181418B528B638BE6
:10AEA000748B80688183F801818183FD18C0C101A2
:10AEB0000F900F900F900F90DF91CF911F910F91F6
:10AEC000FF90EF90DF90CF90BF90AF909F908F90CA
:10AED0007F906F905F904F903F902F900895C801A2
:10AEE0001CDD8111E4CF73CF2F923F924F925F927E
:10AEF0006F927F928F929F92AF92BF92CF92DF928A
:10AF0000EF92FF920F931F93CF93DF93EC014B01CE
:10AF10007A018B81811115C08FEF9FEFDF91CF9167
:10AF20001F910F91FF90EF90DF90CF90BF90AF9067
:10AF30009F908F907F906F905F904F903F902F9059
:10AF40000895898180FFE8CF89899A89AB89BC8976
:10AF5000488559856A857B85841B950BA60BB70BA5
:10AF6000A70170E060E084179507A607B70708F40B
:10AF70007C0167011E0124E0220E311CC114D104A2
:10AF800009F4A7C0488559856A857B855A0181E007
:10AF9000B822898D9A8D2A013B0129E07694679425
:10AFA000579447942A95D1F72B81FC01223079F5EB
:10AFB000628D738D848D958D640D751D861D971D15
:10AFC00000E012E00A191B09C016D10608F4860138
:10AFD0000115E2E01E0771F440905B0D50905C0D8E
:10AFE00060905D0D70905E0D641575058605970582
:10AFF00009F04CC040E08AD9882309F48DCFB5010F
:10B00000655A744FA801C4010E94F5F951C014811A
:10B0100011501421A114B10471F411110CC0452B6D
:10B02000462B472B51F58D899E89AF89B88D8C832E
:10B030009D83AE83BF83E98DFA8D4C805D806E80E9
:10B040007F8022E0421A510861087108858504C09A
:10B05000440C551C661C771C8A95D2F7868597850B
:10B06000A089B189480E591E6A1E7B1EC301B20118
:10B07000610F711D811D911DA3CF4C815D816E817A
:10B080007F8191015FDB8111D6CF46CFA091600D0A
:10B09000B091610DED91FC9111970088F189E02D3F
:10B0A0009401AB01BC01CD011995882309F434CF7B
:10B0B000800E911E88859985AA85BB85800F911F7A
:10B0C000A11DB11D88879987AA87BB87C01AD10A9D
:10B0D00055CFC70123CFBF92CF92DF92EF92FF925D
:10B0E0000F931F93CF93DF93EB01FC012381223059
:10B0F00008F49CC040855185628573854F71552742
:10B1000066277727452B462B472B09F08FC08C01EC
:10B1100010922D0B10922C0BC12CDD24DA947E01A1
:10B12000FBE0EF0EF11C8DE0B82E40E250E0BE01D6
:10B13000C801DADE8032910581F021E0892B09F423
:10B1400020E0822F8195DF91CF911F910F91FF9089
:10B15000EF90DF90CF90BF9008952881222309F4CB
:10B1600067C0253E11F02E3229F410922D0B10925B
:10B170002C0BDBCF3B853F733F3009F042C04A8D3B
:10B180005B8D452B61F52F713FEF320F323038F573
:10B190008D85213041F1C81229C02150330BB29E58
:10B1A000C001B39E900D1124DC01A45DB44FFE01DB
:10B1B00020E02B30F0F0468157814F3F510519F0C8
:10B1C00010F04FE550E04D932F5F32962D3089F708
:10B1D000288126FF04C0FC01E75CF44F10822B8518
:10B1E00023FDA3CFB0CFC82ED12CD7CFDD24D3944D
:10B1F000D4CF253018F044815581DFCF4181528171
:10B20000DCCFD1100EC0FE0120E020FB279527F9EE
:10B210003191230FEE16FF06C1F7C21601F3DD24AC
:10B22000D39410922D0B10922C0BD9CF8FEF8BCF84
:10B2300080E089CF0F931F93CF93DF93FC0123818D
:10B24000222331F080E0DF91CF911F910F9108957B
:10B250008B01EC01FB018789803139F582E08B831A
:10B260001D8A1E8A1F8A188E808D918DB0E0A0E005
:10B2700025E0880F991FAA1FBB1F2A95D1F7898B3C
:10B280009A8BAB8BBC8B1A8F098F81E089831886D0
:10B2900019861A861B861C821D821E821F82188AAE
:10B2A0001C861D861E861F86CECF803259F683E00F
:10B2B0008B83428D538D648D758D4D8B5E8B6F8B23
:10B2C000788F9E012F5E3F4FC801BEDA8111DBCF20
:10B2D000B9CF8091730D8F7E8093730D8FEF9FEFA9
:10B2E000909327028093260280918915882321F06C
:10B2F00086E895E10E947B7D45E360E08AE597E181
:10B300000E94897481110CC00E94A02C8BEF9AE2DC
:10B310000E94772C8091730D84FF2DC00C943CD03B
:10B3200061E08AE597E130D881110DC060E08AE5DF
:10B3300097E12AD8811107C08FEA9AE20E94772C00
:10B3400087EE9AE2E5CF6CE377E186E895E172DF7C
:10B35000811107C08FEA9AE20E94772C86ED9AE26B
:10B36000D7CF8091730D80618093730D0E94A02CC4
:10B370008AEC9AE2CDCF80915109882331F041E0E7
:10B3800061E088EB9AE20C942D9808950F931F9337
:10B39000CF93DF93CDB7DEB7EB970FB6F894DEBF50
:10B3A0000FBECDBF8091730D84FF3BC080912602FC
:10B3B0009091270297FF26C08BE1E1EAF5E1DE01DB
:10B3C000919601900D928A95E1F7CE0181960E94A7
:10B3D000D27E10E000E0BE016F5F7F4FCE0181960C
:10B3E0007ADE18163CF4CE0101960E940DB5080FC6
:10B3F000111DF1CF1093270200932602CE018196F2
:10B400000E94E1288091260290912702EB960FB6C8
:10B41000F894DEBF0FBECDBFDF91CF911F910F918A
:10B42000089590E080E0F2CFEF92FF920F931F9388
:10B43000CF93DF93CDB7DEB7EB970FB6F894DEBFAF
:10B440000FBECDBF8C01A2DF98012F5F3F4F821747
:10B450009307B0F19BDF01977C01E01AF10A81EAC2
:10B4600095E10E94D27E8BE1E1EAF5E1DE01919661
:10B4700001900D928A95E1F710E000E0BE016F5F48
:10B480007F4FCE01819627DE181684F4CE010196F7
:10B490000E940DB5882391F3E016F106F9F4BE0180
:10B4A0006F5F7F4F8FE699E00E9428B5CE018196AD
:10B4B0000E94E128A89581E090916F09911101C047
:10B4C00080E0EB960FB6F894DEBF0FBECDBFDF91E4
:10B4D000CF911F910F91FF90EF9008950F5F1F4F35
:10B4E000CDCF0F931F93CF93DF93CDB7DEB7EB97FD
:10B4F0000FB6F894DEBF0FBECDBF8C0181EA95E197
:10B500000E94D27E8BE1E1EAF5E1DE0191960190A5
:10B510000D928A95E1F7BE016F5F7F4FCE01819654
:10B52000DADD1816A4F4CE0101960E940DB5882329
:10B5300091F3BE016F5F7F4F8FE699E00E9428B5BF
:10B540006FE679E0C8010E9405FA892B21F7CE0148
:10B5500081960E94E128EB960FB6F894DEBF0FBEED
:10B56000CDBFDF91CF911F910F910895EF92FF9280
:10B570001F93CF93DF93C82F7B01109166158FEF38
:10B58000809366150E94A02CC130C1F0C4EFDBE2AD
:10B5900088E09CE20E94772CCE010E94772CB701B4
:10B5A00080E09CE20E94852C0E94A32C10936615DB
:10B5B000DF91CF911F91FF90EF900895CAEFDBE2EA
:10B5C000E7CFBC0186E19BE20E94852C83E19BE2F0
:10B5D0000C94772C2F923F924F925F926F927F92B2
:10B5E0008F929F92AF92BF92CF92DF92EF92FF9293
:10B5F0000F931F93CF93DF931F921F92CDB7DEB7A8
:10B60000382E7B012DB73EB73A83298380913017BE
:10B61000811107C0109215171092181781E08093BE
:10B62000301780910D17811107C01092F2161092F9
:10B63000F51681E080930D17DA018C918F3209F0B5
:10B6400082C086E895E1F701918380834F5F5F4F69
:10B6500031101092680DF701408051808A0125E178
:10B66000C22E27E1D22E3BE1232E01151105B9F19F
:10B670006DB67EB66FE270E0C8010E9418FA5C01F8
:10B680000817190738F5AC01401B510B55274F5FC0
:10B690005F4F2DB73EB7241B350B0FB6F8943EBF56
:10B6A0000FBE2DBF8DB79EB701964C01B8010E9409
:10B6B0009EEFC6010E947B7DD7016D917C9121E0B8
:10B6C000A401C6010E9496A9811143C0C40179DF7B
:10B6D00010E000E00FB6F8947EBE0FBE6DBE3320C2
:10B6E000A9F0D701ED91FC918BE1A1EAB5E10190C0
:10B6F0000D928A95E1F791E08091680D811190E0BB
:10B700008091730D90FB86F98093730DC801E981D8
:10B71000FA810FB6F894FEBF0FBEEDBF0F900F90E9
:10B72000DF91CF911F910F91FF90EF90DF90CF901D
:10B73000BF90AF909F908F907F906F905F904F9051
:10B740003F902F90089581EA95E1D7018D939C93C6
:10B7500082CFF701808191814816590611F00E942D
:10B760007B7DD701CD92DC92332099F0A091680DBA
:10B77000AA3078F481E08A0F8093680D2A9ED00168
:10B780001124A454BA4EF601822D01900D928A958F
:10B79000E1F7B5E1CB16B7E1DB0669F492EFC92E0C
:10B7A00096E1D92E85010F5F1F4F0FB6F8947EBE2C
:10B7B0000FBE6DBE5ACF85E1C82E87E1D82EF2CFDD
:10B7C0001F93CF93DF93CDB7DEB76D970FB6F89485
:10B7D000DEBF0FBECDBF1D8E1C8EAC01BE01645EF0
:10B7E0007F4F80E0F7DE10E00097A9F019821C82FD
:10B7F0006C8D7D8D21E0AC01CE0101960E9496A951
:10B80000182F882321F0CE0101960E947B7DCE0166
:10B8100001960E94E128812F6D960FB6F894DEBF45
:10B820000FBECDBFDF91CF911F910895EF92FF9290
:10B830001F93CF93DF9300D000D000D01F92CDB7DD
:10B84000DEB78091730D84FF44DD8091730D84FF1A
:10B850003BC00E94CF28811137C08091690D90E0D4
:10B860008F969F938F938DE09CE29F938F93CE0151
:10B8700001967C019F938F930E94EEEF8091730D50
:10B880000F900F900F900F900F900F9084FF1CC09F
:10B89000C70196DF182F8823B9F00E943CD0C7015A
:10B8A0000E94DFD08091690D8F5F8093690D812F99
:10B8B0002A960FB6F894DEBF0FBECDBFDF91CF91B1
:10B8C0001F91FF90EF9008951092690D10E0EFCF57
:10B8D0000E94A02C60916D0970916E098BEB9FE224
:10B8E0000E94852C88EB9FE20C94772C8F929F927C
:10B8F000AF92BF92EF92FF920F931F93CF93DF937C
:10B900001F921F92CDB7DEB77C018091730D84FD2D
:10B9100003C0C70156DE6BC0613009F47BC008F478
:10B9200073C0623009F4D8C08091730D877F8B7F1C
:10B930008093730D0E94C6D0A701BE016F5F7F4F39
:10B9400081E048DE8C01009721F369817A8121E052
:10B95000AC018AEC96E10E9496A9882309F4C3C041
:10B960008091DB169091DC16A091DD16B091DE1669
:10B9700080936B0D90936C0DA0936D0DB0936E0D35
:10B9800010926F0D1092700D1092710D1092720D39
:10B99000F09066158FEF80936615B80181E49BE205
:10B9A0000E94852C80906B0D90906C0DA0906D0D79
:10B9B000B0906E0D89E39BE20E94772CC501B40123
:10B9C0000E949F280E94A32C8AE29BE20E94772C6F
:10B9D000F0926615C80185DD80912C0B882311F04B
:10B9E0000CE21BE040E060E0C8010E94F8970F9075
:10B9F0000F90DF91CF911F910F91FF90EF90BF902B
:10BA0000AF909F908F900895B70182E0AFDD1092C4
:10BA10006A0D8ACF0E946439811104C0B70181E0A8
:10BA2000A5DD82CF80916A0D882399F00E949D2C1C
:10BA30008AE99BE20E94772C81E090E00E94DE3749
:10BA40000E94A32C40E070E060E089E89BE20E9445
:10BA5000C13886E998E00E947FD0E0916A0D84E0C9
:10BA6000E89FF0011124EE56F74F80916F0D9091F1
:10BA7000700DA091710DB091720D80839183A2839E
:10BA8000B3830E94A02CB70180E79BE20E94852C23
:10BA900060916A0D89E6689FB00111246A56774F5C
:10BAA00085E69BE20E94852C80906F0D9090700D32
:10BAB000A090710DB090720D8FE59BE20E94772CE3
:10BAC000C501B4010E949F280E94A32C80916A0D99
:10BAD0008F5F80936A0D28CF0E94A02C8FE49BE299
:10BAE0000E94772C21CFC80115CFCF93DF93EB01B4
:10BAF0000E94772CCE010E941D29DF91CF910C94DA
:10BB0000A32CEF92FF920F931F93CF93DF931F927B
:10BB10001F92CDB7DEB72091730D24FF33C07C0197
:10BB2000BC0182E023DD10926A0D8091730D877F46
:10BB30008B7F8093730D0E94C6D0A701BE016F5FFB
:10BB40007F4F80E047DD8C01C7010115110521F110
:10BB500069817A8126E5A8018AEC96E10E9496A97E
:10BB60008823C9F08091730D81608093730DC801A3
:10BB7000B8DCB80182EE9BE2B8DF40E060E0C801CB
:10BB80000E94F8970F900F90DF91CF911F910F9126
:10BB9000FF90EF900895C80114DDF4CFCF939091FA
:10BBA000730D94FF1EC090916E1591111AC02AE575
:10BBB000811121E0C82F4EE854E066E875E18BE67C
:10BBC00095E10E9496A9811104C08EE894E0CF917E
:10BBD000F8CCC11106C06EE874E082EE9BE2CF9112
:10BBE00084CFCF910895FF920F931F93CF93DF934C
:10BBF000CDB7DEB76D970FB6F894DEBF0FBECDBFE1
:10BC00002091730D24FF28C0AC01BE01645E7F4FFC
:10BC100080E0E0DC8C010097F9F06C8D7D8D19825D
:10BC20001C8222E0AC01CE0101960E9496A98111EE
:10BC30001FC0F12CCE0101960E94E128B801FF201F
:10BC400061F184ED9BE251DF10926F0D1092700D47
:10BC50001092710D1092720D6D960FB6F894DEBFB2
:10BC60000FBECDBFDF91CF911F910F91FF9008952F
:10BC7000CE0101960E946AD58823D9F261E0CE01F7
:10BC800001960E94847D0097A1F225EEFC0120839D
:10BC90001C820E943DD1F82ECDCF8CEB9BE20E94FE
:10BCA000852C89EB9BE20E94772CD6CF2F923F9276
:10BCB0004F925F926F927F928F929F92AF92BF92BC
:10BCC000CF92DF92EF92FF920F931F93CF93DF9368
:10BCD000CDB7DEB7C655D1090FB6F894DEBF0FBE9B
:10BCE000CDBF5C017B016DB67EB6BE016F5F7F4F3D
:10BCF000C501F1D918160CF069C08C8588718031A6
:10BD000009F083C08DB69EB610E000E0E114F104A6
:10BD100039F0F70101900020E9F78F010E191F0992
:10BD2000C8010D962DB73EB7281B390B0FB6F894F6
:10BD30003EBF0FBE2DBF8DB79EB701966C01080F99
:10BD4000191FE114F10439F0B7010E9423FA8FE2C0
:10BD5000F80131978083BE016F5F7F4FC8010E9459
:10BD600028B51CAE1FAE21E0A801B501CE01CC96CE
:10BD70000E9496A98823D9F08BE1FE01FC96DE0192
:10BD8000919601900D928A95E1F7B601CE018196C8
:10BD90008DDFCE0181960E94E128CE01CC960E94D3
:10BDA000E1280FB6F8949EBE0FBE8DBE9ECF0E94B6
:10BDB000A02CB8018CEF9EE298DECE01CC960E94BA
:10BDC000E1280FB6F8949EBE0FBE8DBE0FB6F89454
:10BDD0007EBE0FBE6DBECA5ADF4F0FB6F894DEBFEF
:10BDE0000FBECDBFDF91CF911F910F91FF90EF90CC
:10BDF000DF90CF90BF90AF909F908F907F906F908B
:10BE00005F904F903F902F900895CE0101960E9431
:10BE10000DB5882309F469CFE114F10431F0C701AD
:10BE20000E941D298FE20E9416C42D8C3E8C4F8CDF
:10BE300058A0BE016F5F7F4F8FE699E00E9428B542
:10BE40000E941D2980E20E9416C4C201B1010E9415
:10BE50009F280E94A32C49CF0F931F9341E050E0ED
:10BE6000082E02C0440F551F0A94E2F7052E000C5D
:10BE7000660B770B0091C8091091C9092091CA0976
:10BE80003091CB09402B512B622B732B4093C80967
:10BE90005093C9096093CA097093CB099091C7095F
:10BEA000891303C081E08093C5091F910F91089504
:10BEB0002F923F924F925F926F927F928F929F92BA
:10BEC000AF92BF92CF92DF92EF92FF920F931F93A8
:10BED000CF93DF93CDB7DEB7CB5AD1090FB6F89425
:10BEE000DEBF0FBECDBF2091AC143091AD14409198
:10BEF000AE145091AF14CC55DF4F288339834A8359
:10BF00005B83C45AD0408091B0149091B114A09139
:10BF1000B214B091B314C855DF4F88839983AA83B4
:10BF2000BB83C85AD040B090B414A090B5143090E0
:10BF3000B6142090B7142091B8143091B9144091E0
:10BF4000BA145091BB14C056DF4F288339834A83FB
:10BF50005B83C05AD04080915B1590915C15A09195
:10BF60005D15B0915E15C656DF4F88839983AA830D
:10BF7000BB83CA59D0408091641581FF05C0909160
:10BF8000CC0998609093CC0982FB882780F9809334
:10BF900034078091730D87FDF8C288E296E00E9415
:10BFA0003D6E0091EB141091EC140115110599F000
:10BFB0008091730D87FDE9C262E276E0CE010196C1
:10BFC0000E94D51FB801CE0101960E94E021CE014A
:10BFD00001960E940F6E0091E9141091EA14043B3F
:10BFE000110514F404EB10E08091730D87FDCDC2B0
:10BFF0006CE176E0CE0101960E94D51FB801CE011A
:10C0000001960E94E021CE0101960E940F6E809160
:10C01000730D87FDBAC22091C2143091C3144091B0
:10C02000C4145091C5146B2D7A2D832D922D0E942E
:10C0300012F74B018C0184E196E00E943D6E8091E5
:10C0400064156401780180FD04C0CB2CDA2CE32C4C
:10C05000F22C8091730D87FD98C2C601D701C0579D
:10C06000DF4F88839983AA83BB83C059D04033E0D4
:10C07000732ECC56DF4F7882C459D0406DE076E005
:10C08000CE0101960E94D51FBE0160577F4FCE01A1
:10C0900001960E944720CE0101960E940F6E9401E6
:10C0A000A801B601C7010E9455F087FF26C0809104
:10C0B000730D87FD6AC2C401D801C557DF4F88835D
:10C0C0009983AA83BB83CB58D040C157DF4F788276
:10C0D000CF58D04065E076E0CE0101960E94D51F92
:10C0E000BE0165577F4FCE0101960E944720CE01C9
:10C0F00001960E940F6E640178018091730D87FD97
:10C1000044C28DEF95E00E943D6E87E08093550913
:10C1100080931F078091730D87FD37C24090EE1406
:10C120005090EF146090F0147090F11480916415A9
:10C1300083FB882780F9C256DF4F8883CE59D040D1
:10C14000C156DF4F1882CF59D040C256DF4F88808A
:10C150009980CE59D04090E3890E911C67EF75E02D
:10C160008E010F5F1F4FC8010E94D51FB401C80187
:10C170000E94E021EB964CAE5DAE6EAE7FAEEB97CB
:10C1800021E0EC962FAFEC976AE50E94C01FBE013C
:10C1900069587F4F0E944720C8010E940F6E80910E
:10C1A000730D87FDF2C1C601D701CA57DF4F8883DF
:10C1B0009983AA83BB83C658D04023E0F22EC6578A
:10C1C000DF4FF882CA58D04060EF75E0C8010E9486
:10C1D000D51FBE016A577F4FC8010E944720C80182
:10C1E0000E940F6E8091641584FF27C08091730DAB
:10C1F00087FDCBC18091E5149091E614A091E714DE
:10C20000B091E814CB56DF4F88839983AA83BB8310
:10C21000C559D040C756DF4FF882C959D0406AEEA1
:10C2200075E0C8010E94D51FBE016B567F4FC80143
:10C230000E944720C8010E940F6EE090E914F09020
:10C24000EA148091730D87FB882780F9E114F104CB
:10C2500071F081119AC164EE75E0C8010E94D51F8A
:10C26000B701C8010E94E021C8010E940F6EE09052
:10C27000ED14F12C8091730D87FB882780F9E11470
:10C28000F10441F1811181C16EED75E0C8010E9498
:10C29000D51F1F921F9284EC94E09F938F936E01A1
:10C2A000A2E6CA0ED11CDF92CF920E9443FAB601D9
:10C2B000C8010E942D2063E50E94C01FB7010E94A3
:10C2C000E021C8010E940F6E0F900F900F900F9009
:10C2D0000F900F908091730D87FD57C165ED75E04C
:10C2E000C8010E94D51FCC55DF4F288139814A8172
:10C2F0005B81C45AD040E6962CAF3DAF4EAF5FAFE6
:10C30000E69793E0F92EE796FFAEE797BE016E58E9
:10C310007F4FC8010E944720C855DF4F28813981CF
:10C320004A815B81C85AD040E1962CAF3DAF4EAFF9
:10C330005FAFE197E296FFAEE29769E50E94C01F0A
:10C34000BE0163597F4F0E944720C8010E940F6EB3
:10C350008091730D87FD19C18B2D9A2DA32DB22DC0
:10C36000CF57DF4F88839983AA83BB83C158D040BE
:10C37000CB57DF4FF882C558D0406DEC75E0C8014F
:10C380000E94D51FBE016F577F4FC8010E944720F2
:10C39000C8010E940F6E8091730D87FDF6C0E0907A
:10C3A000BC14D090BD1469EC75E0C8010E94D51F83
:10C3B000DF92EF9284EC94E09F938F936E0132E6CC
:10C3C000C30ED11CDF92CF920E9443FAB601C8017E
:10C3D0000E942D20C8010E940F6E8091BE14909182
:10C3E000BF1490931202809311026091C014709157
:10C3F000C11480E00E94131B8091730D0F900F9069
:10C400000F900F900F900F9087FDBFC0C056DF4F69
:10C4100088819981AA81BB81C05AD040C458DF4F1E
:10C4200088839983AA83BB83CC57D040C058DF4F01
:10C43000F882C058D04062EC75E0C8010E94D51F58
:10C44000BE0164587F4FC8010E944720C8010E9466
:10C450000F6E87E0E6ECF4E1A5ECB9E001900D92F7
:10C460008A95E1F78091C7090E9412228CE0EDECD9
:10C47000F4E1A2E0B9E001900D928A95E1F78CE039
:10C48000E9EDF4E1A7E5B9E001900D928A95E1F7B5
:10C49000809163158093AA1481E0809345070E94E0
:10C4A000CE398091730D87FD70C041E650E06DEB91
:10C4B00075E0C8010E944FEFD8010D900020E9F708
:10C4C000CD010197801B910B8036910550F441E618
:10C4D00050E0481B590B62EF74E1800F911F0E94DE
:10C4E0009EEFC8010E940F6E8091730D87FD4DC0B5
:10C4F00090905F1580906015709061156090621546
:10C5000068EB75E0C8010E94D51FC356DF4FB881A4
:10C51000CD59D040BF93C456DF4FE881CC59D040AD
:10C52000EF93C556DF4FF881CB59D040FF93C656E5
:10C53000DF4F2881CA59D0402F9387ECE82E84E042
:10C54000F82EFF92EF92DF92CF920E9443FAB6014B
:10C55000C8010E942D2064E50E94C01F5C016F92FB
:10C560007F928F929F92FF92EF92DF92CF920E94E2
:10C5700043FAB601C5010E942D20C8010E940F6E2A
:10C580000FB6F894DEBF0FBECDBFC555DF4F0FB657
:10C59000F894DEBF0FBECDBFDF91CF911F910F91F9
:10C5A000FF90EF90DF90CF90BF90AF909F908F90D3
:10C5B0007F906F905F904F903F902F900895CF9312
:10C5C000DF938BE695E10E94E1288AEC96E10E94D8
:10C5D000E128CAECD6E16B97CE010E94E12885E103
:10C5E000CC3BD807C1F781EA95E10E94E12886E8B3
:10C5F00095E1DF91CF910C94E1288091730D847EB9
:10C600008B7F8093730D10926F0D1092700D1092AE
:10C61000710D1092720D10926B0D10926C0D1092A4
:10C620006D0D10926E0D10926A0D1092690D1092A0
:10C63000680DECEBF5E18EE091E0DF019C011D92CD
:10C6400021503040E1F780910A018E7F80930A01EA
:10C6500080910B018095817080930901109286155D
:10C66000109289151092A1151092A41510821382B0
:10C670007B9636E1EA3CF307C9F787EA94E09093AA
:10C680005B1780935A1710925C1789E180935E17AD
:10C6900010926117109253171092CA161092CD166D
:10C6A00081E08093970D1092980D1092990D109241
:10C6B0009A0D10929B0D10929C0D10929D0D109250
:10C6C0009E0D10929F0D1092A00D1092A10D109230
:10C6D000A20D1092A30D1092A40D1092A50D109210
:10C6E000A60D1092A70D1092A80D1092A90D1092F0
:10C6F000AA0D1092AB0D1092AC0D1092AD0D1092D0
:10C70000AE0D1092AF0D1092B00D1092B10D1092AF
:10C71000B20D1092B30D10927A0D10927B0D109203
:10C720007C0D10927D0D10927E0D1092830D109253
:10C73000840D1092850D1092860D1092870D9FEF3B
:10C740009093790D1092B50D1092B40D8091FE0D5D
:10C75000883108F0C4C091E0980F9093FE0D80934B
:10C76000FF0D90E0FC01EE0FFF1FE80FF91FEA54E8
:10C77000F24F88EB9BE09283818382E09EE090936E
:10C780000F0E80930E0E1092300E1092310E1092FA
:10C79000320E1092330E10922C0E10922D0E10921B
:10C7A0002E0E10922F0E1092280E1092290E10921B
:10C7B0002A0E10922B0E1092240E1092250E10921B
:10C7C000260E1092270E1092200E1092210E10921B
:10C7D000220E1092230E10921C0E10921D0E10921B
:10C7E0001E0E10921F0E1092180E1092190E10921B
:10C7F0001A0E10921B0E1092140E1092150E10921B
:10C80000160E1092170E1092721710927317109244
:10C8100074171092751710926E1710926F1710926E
:10C8200070171092711710926A1710926B1710926E
:10C830006C1710926D17109266171092671710926E
:10C84000681710926917109262171092631710926E
:10C850006417109265171092130E1092120E109218
:10C86000110E1092100EE4E3FEE084E694E115AEA2
:10C87000ED59FF4F8E179F07D1F7109264148DE08A
:10C8800080936814109269141092A81480E08E7F2F
:10C890008D7F8B7F877F8093AA1410926B151092E7
:10C8A0006E151092C6141092C7141092C8141092EC
:10C8B000C9141092CA141092CB141092CC1483E0B5
:10C8C0008093661587E797E19093681580936715C5
:10C8D00086E797E190936A15809369150895909380
:10C8E000FF0D4BCFCF93DF93CDB7DEB7AB970FB62E
:10C8F000F894DEBF0FBECDBF789484B5826084BD4E
:10C9000084B5816084BD85B5826085BD85B5816053
:10C9100085BD80916E00816080936E0010928100D1
:10C92000809181008260809381008091810081608C
:10C93000809381008091800081608093800080914D
:10C94000B10084608093B1008091B00081608093D9
:10C95000B00080919100826080939100809191005D
:10C96000816080939100809190008160809390001D
:10C970008091A10082608093A1008091A1008160DC
:10C980008093A1008091A00081608093A00080919D
:10C990002101826080932101809121018160809337
:10C9A00021018091200181608093200180917A0093
:10C9B000846080937A0080917A00826080937A000C
:10C9C00080917A00816080937A0080917A008068FB
:10C9D00080937A001092C10030907E1714BE10929E
:10C9E000C0008091C00082608093C0001092C5009A
:10C9F00087E08093C4008091C10080618093C10072
:10CA00008091C10088608093C1008091C1008068DE
:10CA10008093C1000E9408CF6B017C0128EEC20EFA
:10CA200023E0D21EE11CF11C87E797E10E9497509A
:10CA3000882309F47CC01092C8008091C8008260ED
:10CA40008093C8001092CD0080E18093CC0080914B
:10CA5000C90080618093C9008091C900886080937B
:10CA6000C9008091C90080688093C9000E9408CFE6
:10CA70006B017C0138EEC30E33E0D31EE11CF11CC8
:10CA800086E797E10E949750882309F460C08FEFF2
:10CA90009DE20E94772C80910101806180930101C9
:10CAA0008091020180718093000180917A049091BD
:10CAB0007B04A0917C04B0917D048F87988BA98B17
:10CAC000BA8BAE01415F5F4F5DA34CA3CE0143968D
:10CAD0009C8B8B8BC12C14E2D12E14EFE12EF12C08
:10CAE000ACA1BDA1ED91BDA3ACA30E2E000CFF0B1C
:10CAF000ED58F14DE491E250E13108F06DC1F0E004
:10CB00008827EA57FA418F4F0C9409F7ECE6ECE6D8
:10CB1000ECE6ECE6ECE6B7E5B7E525E625E625E646
:10CB200037E637E637E6ECE646E646E646E60E94B6
:10CB300008CFA7019601261B370B480B590BDA01CA
:10CB4000C901181619061A061B068CF374CF0E9429
:10CB500008CFA7019601261B370B480B590BDA01AA
:10CB6000C901181619061A061B068CF390CFB2E0FD
:10CB7000BF8B1F8E1E8EE1EBF0E0FE8BED8B20EB6A
:10CB800030E03B8F2A8F66246A94712C8EE0EEE7AA
:10CB9000F4E0DE01119601900D928A95E1F7930180
:10CBA00050E040E0FBE0220F331F441F551FFA9571
:10CBB000D1F7C701B6010E947FF62901FFEF4F1A96
:10CBC0005F0A2F89223009F070C031E038A743E0B6
:10CBD00049A7CE0101969FA38EA391E09C8FA1E06F
:10CBE000AD8F1BA2EFEFF0E0F98FE88FAEA1BFA1F0
:10CBF0000D911D91BFA3AEA3C801B0E0A0E0EF89E5
:10CC0000E23009F457C080329105A105B10509F45D
:10CC1000B0C080389105A105B10509F4AAC09801FA
:10CC2000A8EEB3E00E94C7F69B01AC01C701B601B4
:10CC30000E947FF6C9010197369527950097E1F587
:10CC400041E050E059A348A33EC033E03F8B46E9A2
:10CC500050E05F8F4E8F81E990E09E8B8D8BA0E935
:10CC6000B0E0BB8FAA8F66246A94762C8FCFB4E095
:10CC7000BF8BE6EAF0E0FF8FEE8F21EA30E03E8BDB
:10CC80002D8B40EA50E05B8F4A8FEDCF55E05F8BF4
:10CC900086E291E09F8F8E8FA1E2B1E0BE8BAD8BDB
:10CCA000E0E2F1E0FB8FEA8FDECF5AE058A76EE0BA
:10CCB00069A78FCF9301C30179A268A28615970552
:10CCC00010F499A388A32115310509F4A3C16AA220
:10CCD000272C2615370510F42AA3232E28A139A1C5
:10CCE0002F5F3F4FD8010E94C7F69B01AC01C701DF
:10CCF000B6010E947FF649013BA72AA79801AAA185
:10CD0000B22D0E94C7F69B01AC01220F331F441FB6
:10CD1000551FC701B6010E947FF6D90169EE46167C
:10CD200063E0560608F47AC1B20188EE93E0FB0195
:10CD3000E81BF90B8AA59BA5893E934008F472C1B4
:10CD4000B40188EE93E0681B790BA93EB34008F468
:10CD50006DC1C901A8EEB3E08A1B9B0B6E177F075C
:10CD600020F48617970708F065C18E179F0708F40F
:10CD70006BC14C8D4F5F4C8F483009F037CFAA8D77
:10CD8000BB8D8C918C7F9D8D9370892B8C93ED89BD
:10CD9000FE892081FD8D8F2F90E095958795959543
:10CDA000879563E0880F991F6A95E1F7277E822BAC
:10CDB000AD89BE898C938C91887FBBA18B2BED892B
:10CDC000FE898083FF89F23039F0E88DF98DAE8DD0
:10CDD000BF8D1196FC93EE932B893C894CA15DA1EC
:10CDE0002417350709F07CCE809101018F7D809357
:10CDF00001018091020180958072809300010E9460
:10CE0000E437809107018D7F8093070180910801AD
:10CE1000809582708093060130FE04C086EF9DE20B
:10CE20000E94772C31FE04C085EE9DE20E94772C93
:10CE300032FE04C083ED9DE20E94772C33FE04C0D5
:10CE400082EC9DE20E94772C35FE04C081EB9DE2CE
:10CE50000E94772C89E99DE20E94772C0E94A02CE9
:10CE600085E69DE20E94772C0E94A02C8DE49DE235
:10CE70000E94772C0E94A02C8091781790917917AE
:10CE80008E010F5F1F4FB801009709F4E6C0681BC1
:10CE9000790B8EE39DE20E94EA3787E29DE20E94D1
:10CEA000772C80E396E00E94AD370E94A32C0E946D
:10CEB000D4250E9482C80E9469D98091E51681110B
:10CEC00007C00E945BA6882319F081E08093E516D5
:10CED00020910209309103094091040950910509FC
:10CEE0006091180A7091190A80911A0A90911B0A90
:10CEF0000E9412F76093180A7093190A80931A0A15
:10CF000090931B0A20910609309107094091080966
:10CF10005091090960911C0A70911D0A80911E0AA6
:10CF200090911F0A0E9412F760931C0A70931D0AC9
:10CF300080931E0A90931F0A20910A0930910B09D1
:10CF400040910C0950910D096091200A7091210ABD
:10CF50008091220A9091230A0E9412F76093200A7E
:10CF60007093210A8093220A9093230A0E941A92B6
:10CF70009D9AA5986D9A759880916414811102C04C
:10CF80006B9A739A87ED80937A0010927E001092CC
:10CF90007D0080917E00826080937E0080917D0084
:10CFA000806480937D0080E887BD80916E00826000
:10CFB00080936E00E5E2FDE2C590D49055E0C51681
:10CFC000D1041CF445E0C42ED12CD0923102C09281
:10CFD00030020D2C000CEE08FF08A0902C02B0903F
:10CFE0002D02C5010E9455C62B013C01C701B601A7
:10CFF0000E945BF09B01AC01C301B2010E9455F09D
:10D0000087FF2EC060E1A61AB108B0922D02A0924F
:10D010002C02E3CF51E05AA3212C60CEC20168EE6E
:10D0200073E085CEC40168EE73E08DCED90188EE41
:10D0300093E092CE240199A59D8FAC8DABA3E8A17E
:10D04000F9A1F98FE88F95CE2901F8A5FD8F2C8DD8
:10D050002BA33AA1388F298E8CCE6E57774119CFEA
:10D06000E9E1FCE2C590D49081E0C81AD10892E3CE
:10D07000C91691E0D90624F031E3C32EDD24D39400
:10D08000D0923302C09232020D2C000CEE08FF0841
:10D09000A0902E02B0902F02C5010E9455C62B0110
:10D0A0003C01C701B6010E945BF09B01AC01C301CA
:10D0B000B2010E9439F9181644F4A0E1AA0EB11C7D
:10D0C000B0922F02A0922E02E3CF8091280290917D
:10D0D00029020E944A8020E030E040EA50E4E5D78F
:10D0E00087FF0AC08091280290912902409790936F
:10D0F000290280932802E9CF80912A0290912B0285
:10D100000E944A8020E030E04AEF52E40E9439F960
:10D11000181654F480912A0290912B024096909315
:10D120002B0280932A02E8CF0E9443968098889A27
:10D130000A98129A80910101877F80930101809162
:10D14000020180958870809300011092000910926E
:10D15000FF080E94F193809107018160809307018D
:10D1600080910701886080930701809107018068A2
:10D1700080930701859A869A8E9A6C9A749A809108
:10D18000070180618093070180910801809580717B
:10D1900080930601839A8B9A879A8F988E9A8091B2
:10D1A00055098E7F80935509809107018460809393
:10D1B000070180910801847080930601749A809120
:10D1C00055098D7F80935509809107018062809376
:10D1D0000701809108018072809306018091080107
:10D1E0008095807180930601809155098B7F809393
:10D1F0005509849A8C988B9A809180008C7F8093BB
:10D20000800080918100877E88608093810080917A
:10D2100080008F738093800080918100887F82607E
:10D220008093810080E090E490938900809388004F
:10D2300010928500109284000E945A2C78940E94CB
:10D2400044818091FF0D883108F041C090E0FC01DD
:10D25000EE0FFF1FE80FF91FEA54F24F808180782C
:10D260008760808387E00E94B9C71092000E1092F9
:10D27000010E8091FF0D2CE0622F0E94D6F690E007
:10D28000829FB001112430E020E0AB01420F531F18
:10D29000FA01EE0FFF1FE40FF51FEA54F24F408131
:10D2A00047FD07C02F5F3F4F2C30310571F70E94BB
:10D2B000A850E091FF0D8E2F90E0FC01EE0FFF1FB4
:10D2C000E80FF91FEA54F24F8081806880838FEF66
:10D2D0009DE00E9499506AE570E08FEF9DE00E940A
:10D2E000CA50109256090E94F1930E940E520E9459
:10D2F000DA5180910109882319F10E94F45176E9ED
:10D30000C72ED12CE12CF12CC982DA82EB82FC826F
:10D31000B80186E90E94B051C982DA82EB82FC82B0
:10D32000B80182E80E94B051C982DA82EB82FC82A5
:10D33000B80186E90E94B0510E94DA5110920109A9
:10D3400088E198E20FB6F894A895809360000FBE2C
:10D35000909360000E94313083E0809351092DE06A
:10D36000322E3AE0432E46E0842E4EE2942E53E0D5
:10D37000552E60E4662E6EE2762E80E00E94DF3944
:10D380008091730D87FF1EC01092690D877F8B7F80
:10D390008093730D0E94C6D010925B0210925A02C5
:10D3A000109259020E9458920E949F960E943380C8
:10D3B0001092671410920E090E94B12890921009E1
:10D3C00080920F0980915109EDB6FEB610E000E0A1
:10D3D000843009F441C0ADB6BEB660910F097091BA
:10D3E000100910E000E06115710509F067C0809137
:10D3F0001109882309F400C1E1E1F9E08F0101512D
:10D400001940F190FF2019F0BAE0FB12F7CF011597
:10D41000110559F0F801EF5EF64F108281E199E0B5
:10D420000E94182780E00E94B55981E0F11001C0E8
:10D4300080E0800F982FE92FF0E0EF5EF64F20811B
:10D44000E92FE81BF0E0EF5EF64F2083222309F47A
:10D4500070C09F5FF0CF8C01F801E45FF14DE49163
:10D46000C8010196EE2311F0EA30A9F7EDB7FEB737
:10D47000E81BF90B0FB6F894FEBF0FBEEDBF2DB73A
:10D480003EB72F5F3F4F6901A8016CE07EE2C90102
:10D49000E0D4F601E00FF11F10824FEF61E0C6010A
:10D4A0000E946DC40FB6F894FEBE0FBEEDBE882379
:10D4B00009F491CF509251098ECF8601FB01E00F04
:10D4C000F11F249068013FEFC31AD30A222019F0FC
:10D4D0004AE02412F2CF8DB79EB78C199D090FB682
:10D4E000F8949EBF0FBE8DBFADB7BEB711967D013C
:10D4F000A801CD01AED4F701E00FF11F1082222068
:10D5000009F477C080910F0990911009C80ED91EB7
:10D51000D0921009C0920F09012B31F0C7010E946F
:10D52000182780E00E94B5590FB6F894BEBE0FBE12
:10D53000ADBE909154098091E616981709F41DCF5D
:10D54000809154098093E61680915409882309F448
:10D5500014CF0E94A02C84E69EE20E94772C80913A
:10D56000540910E280FF0AC080E00E94ED85AB0103
:10D57000BC0180E69EE20E948D2C18E58091540942
:10D5800000E281FF0AC081E00E94ED85AB01BC0191
:10D590008CE59EE20E948D2C09E58091540982FF62
:10D5A000ADC082E00E94ED85AB01BC0188E59EE242
:10D5B0000E948D2C9AE5F92E0E94A32C1F9280E2E6
:10D5C0008F931F92FF921F920F931F921F937F9230
:10D5D0006F9289E49EE29F938F931F920E9430CFB7
:10D5E000EDB7FEB73D960FB6F894FEBF0FBEEDBF88
:10D5F000C4CED12CC12C8CCF80915902882309F440
:10D6000098CF8091730D80FF64C000915A02E2E6CA
:10D610000E9F80011124045A1D4F6CE37EE2C80165
:10D6200073D4009739F0DC0113968C9180538A30C3
:10D6300008F048C0F80101900020E9F731977F0118
:10D64000E01AF10A1092CA166EE470E0C8010E9456
:10D6500018FA6C01009739F5B1E0EB1AF108F801FE
:10D66000EE0DFF1D318242821382F80101900020ED
:10D67000E9F73197AF01401B510BB8018AEC96E1F5
:10D680000E94F9D58091CA16882331F00E949D2C02
:10D6900082E19EE20E94772C8091730D81FD19C07A
:10D6A0000E94A7C818C060E270E00E9418FA8C01BE
:10D6B0000F5F1F4F6AE270E0C6010E9418FAFC017A
:10D6C0003197D0CF0E94C1D489E29EE20E94772C8C
:10D6D000E7CF0E94CB6F80915902882309F429CFAC
:10D6E00090915A029F5F943030F490935A02815087
:10D6F000809359021ECF10925A02F9CF80E2F82E81
:10D700005BCFEF920F931F93CF93DF93E80134E049
:10D7100047FD34E1042E000C550B57FF03C0519513
:10D7200041955109E32E022F242FAE017BD7CE0164
:10D73000DF91CF911F910F91EF9008958F929F925B
:10D74000AF92BF92CF92DF92EF92FF920F931F930F
:10D75000CF93DF935C017B016115710519F0DB014B
:10D760008D939C9385010F5F1F4FF501D0818D2F05
:10D7700090E067D36C01892BA9F5DD32A9F50F5F25
:10D780001F4FD5011196DC91C1E05801F1E0AF1AAD
:10D79000B10843E050E068E371E0C5019DD3892BF7
:10D7A00061F5680182E0C80ED11C45E050E063E3FA
:10D7B00071E0C60191D3892B21F4680197E0C90E6D
:10D7C000D11CE114F10419F0D701CD92DC9260E094
:10D7D00070E080E89FEFC111FAC060E070E080E87F
:10D7E0009FE7F5C05801BECFDB3229F485010E5FFB
:10D7F0001F4FF501D181C0E0C8CF43E050E060E3A6
:10D8000071E0C50169D3892BE9F0F80110E000E06F
:10D8100020E030E0A9015F01B0ED8B2E8D0E89E094
:10D820008815C8F19C2E689491F88C2F8870C2FFDF
:10D8300016C0811102C00F5F1F4F3196D501DC91D8
:10D84000C92DE9CFE114F10429F00E5F1F4FF70154
:10D850001183008360E070E080EC9FE7B8C088230C
:10D8600011F001501109A5E0B0E00E94BDF69B0146
:10D87000AC01220F331F441F551F280D311D411DC0
:10D88000511D283999E93907490799E15907A8F243
:10D89000C6609C2ED2CFAEEF8A1206C0C3FD3CC03C
:10D8A0009C2E689493F8C9CFDF7DD534A9F580818B
:10D8B0008D3239F4C061DF011296818162E070E03F
:10D8C00006C0DF018B32C1F3119661E070E0805336
:10D8D0005D01A61AB70A8A30F8F4E0E8CE16ECE04B
:10D8E000DE065CF4B601660F771F660F771FC60E63
:10D8F000D71ECC0CDD1CC80ED11C5D01FFEFAF1A8A
:10D90000BF0A8C9180538A3098F1C4FF03C0D19430
:10D91000C194D1080C0D1D1DC1FF09C0E114F10413
:10D9200031F081E0A81AB108D701AD92BC92CA01CA
:10D93000B901BFD3C370C33009F490584B015C01E7
:10D9400020E030E0A901B1D3882309F43EC0C7E646
:10D95000D1E017FF05C0119501951109CFE4D1E081
:10D960006E01B8E1CB1AD10880E2E82EF12C0EC08E
:10D97000D501B3CFFE0125913591459154910E19F2
:10D980001F09C501B401F6D34B015C01D501C401E7
:10D990000E151F057CF72497F594E794CC16DD0649
:10D9A000A9F78A2F880F8B2F881F8F3F41F020E027
:10D9B00030E0A901C501B40178D3811106C082E22B
:10D9C00090E090937D1780937C17C501B401DF919F
:10D9D000CF911F910F91FF90EF90DF90CF90BF906C
:10D9E000AF909F908F9008953F924F925F926F9269
:10D9F0007F928F929F92AF92BF92CF92DF92EF92DF
:10DA0000FF920F931F93CF93DF935C016B017A0119
:10DA10006115710519F0FB0191838083E114F10414
:10DA200051F0C7010297839730F040E030E020E0EA
:10DA300090E06AC05E01E5012196F5011081812F19
:10DA400090E0FFD1892BB1F71D3201F52196F50148
:10DA5000118101E0E114F10409F4E6C0F0E1EF16F0
:10DA6000F10409F088C0103359F488818F7D88351E
:10DA700009F07CC0198122960260F0E1EF2EF12CB2
:10DA8000812C912CA12C88E0B82E92C01B3221F45D
:10DA9000E5012296F501118100E0DCCFEAE0EE1607
:10DAA000F10409F4C7C0F0E1EF16F10409F073C006
:10DAB000E7CF78E0E72EF12C812C912CA12C60E1AE
:10DAC000B62E76C021E0ADC0302F3170C114D10424
:10DAD00031F0222371F12197F601D183C08327FF12
:10DAE0002EC060E070E080E090E8311104C06FEF7C
:10DAF0007FEF8FEF9FE722E230E030937D17209396
:10DB00007C17462F372F282F642F732F822FDF91FA
:10DB1000CF911F910F91FF90EF90DF90CF90BF902A
:10DB2000AF909F908F907F906F905F904F903F90BD
:10DB3000089501FF04C02297F601D183C0833323E7
:10DB400041F090958095709561957F4F8F4F9F4FD5
:10DB5000D8CF97FFD6CF82E290E090937D17809345
:10DB60007C176FEF7FEF8FEF9FE7CBCF10E3E114D0
:10DB7000F10409F49ECF28E0E216F10409F49CCFE9
:10DB80000CF08CCF812C912CA12CE0E4BE2E82E0F5
:10DB9000E816F10469F060E070E080E090E8970139
:10DBA0000F2C000C440B550B0E947FF649015A01C3
:10DBB00020E060E070E0CB0127010F2C000C66082C
:10DBC0007708FE0150ED352E310E39E0331570F433
:10DBD0003FEB310F49EC342E3A3138F03FE9310F49
:10DBE0003A3108F071CF39EA332E310E3E141F045A
:10DBF0000CF06ACF27FD15C086169706A806B90651
:10DC000078F0A30192010E9470F6630D711D811DD1
:10DC1000911D61307105810520E8920708F452CF0B
:10DC20002FEF21961081CDCF103309F41ECF2AE0BB
:10DC3000E22EF12C9CEC892E982CA82C9CE0B92E7D
:10DC4000B7CF3F924F925F926F927F928F929F9247
:10DC5000AF92BF92CF92DF92EF92FF920F931F93FA
:10DC6000CF93DF935C016B017A016115710519F0A7
:10DC7000FB0191838083E114F10449F0C70102970D
:10DC8000839728F060E070E0CB0199C05E01E50168
:10DC90002196F5011081812F90E0D3D0892BB1F727
:10DCA0001D3209F05BC02196F501118101E0E114FC
:10DCB000F10409F4B9C0F0E1EF16F10409F09AC0DB
:10DCC000103341F488818F7D883509F08EC0198129
:10DCD00022960260E0E1EE2EF12C88248A94982CA2
:10DCE000A82CFFE0BF2E20E060E070E0CB01270110
:10DCF0000F2C000C66087708FE0150ED352E310E12
:10DD000039E0331568F43FEB310F49EC342E3A31EA
:10DD100030F03FE9310F3A31A8F539EA332E310EB0
:10DD20003E141F047CF52F3FB1F086169706A80617
:10DD3000B90630F1A3019201D3D7232D30E050E092
:10DD400040E0620F731F841F951F621773078407DB
:10DD50009507B0F021E021961081CECF1B3221F43F
:10DD6000E5012296F501118100E0A1CF78E0E72ED0
:10DD7000F12C88248A94982CA82C6FE1B62EB3CF6E
:10DD80002FEFE9CFC114D10431F0222351F12197B3
:10DD9000F601D183C08300FF07C0909580957095F0
:10DDA00061957F4F8F4F9F4F2F3F49F482E290E064
:10DDB00090937D1780937C176FEF7FEFCB01DF91FE
:10DDC000CF911F910F91FF90EF90DF90CF90BF9078
:10DDD000AF909F908F907F906F905F904F903F900B
:10DDE000089501FFD8CF2297D3CF10E3E114F104B7
:10DDF00009F4BCCF3AE0E316F104E1F080E1E81663
:10DE0000F10409F467CFE8E0EE16F10409F4B1CFAC
:10DE10006FEF7FEFCB0197010F2C000C440B550BDC
:10DE20006ED749015A015FCF103309F44BCF9AE006
:10DE3000E92EF12C89E9882E982CA82C89E1B82E9E
:10DE400052CF91113FC6803219F089508550D0F7DA
:10DE50000895FB01DC0102C005900D924150504035
:10DE6000D8F70895FB01DC010D900020E9F7119728
:10DE700005900D920020E1F70895FC01059006162B
:10DE800021F00020D9F7C00108953197CF010895FE
:10DE9000FB01DC0105900D920020E1F70895DC0103
:10DEA000FB014150504058F049F005900D92002080
:10DEB000C1F7E61BF70B3197CF0108951C9205902F
:10DEC0000020E9F7F6CFFC0105900020E9F78095E6
:10DED00090958E0F9F1F0895FB01DC01415050402B
:10DEE00088F08D9181341CF08B350CF4805E659147
:10DEF00061341CF06B350CF4605E861B611171F3AC
:10DF0000990B0895881BFCCFFB0155915523A9F06F
:10DF1000BF01DC014D9145174111E1F759F4CD01E5
:10DF20000590002049F04D9140154111C9F3FB01C6
:10DF30004111EFCF81E090E001970895DC01FB01F2
:10DF40004150504058F049F001900D920020C1F727
:10DF5000E61BF70B3197CF0108951C92019000202A
:10DF6000E9F7F6CF0F931F93CF93DF93CDB7DEB7CB
:10DF70002E970FB6F894DEBF0FBECDBF0E891F8956
:10DF8000888D998D2EE02C831A83098397FF02C018
:10DF900080E090E801979E838D83AE01445E5F4FE1
:10DFA0006A8D7B8DCE01019648D14D815E8157FDF2
:10DFB0000AC02F813885421753070CF49A01020FCB
:10DFC000131FF80110822E960FB6F894DEBF0FBE15
:10DFD000CDBFDF91CF911F910F9108950F931F93A4
:10DFE000CF93DF93CDB7DEB72E970FB6F894DEBF91
:10DFF0000FBECDBF0E891F898EE08C831A830983E3
:10E000008FEF9FE79E838D83AE01465E5F4F688DE5
:10E01000798DCE01019611D12F813885020F131F02
:10E02000F80110822E960FB6F894DEBF0FBECDBF5A
:10E03000DF91CF911F910F9108950F931F93CF936D
:10E04000DF93CDB7DEB72E970FB6F894DEBF0FBEC5
:10E05000CDBF8C01FA018EE08C831A83098377FF90
:10E0600002C060E070E8615071097E836D83A90190
:10E07000BF01CE010196E1D04D815E8157FD0AC0FE
:10E080002F813885421753070CF49A01020F131F92
:10E09000F80110822E960FB6F894DEBF0FBECDBFEA
:10E0A000DF91CF911F910F91089540D008F481E046
:10E0B0000895E89409C097FB3EF49095809570957B
:10E0C00061957F4F8F4F9F4F9923A9F0F92F96E9C4
:10E0D000BB279395F695879577956795B795F11139
:10E0E000F8CFFAF4BB0F11F460FF1BC06F5F7F4FD6
:10E0F0008F4F9F4F16C0882311F096E911C07723E8
:10E1000021F09EE8872F762F05C0662371F096E8F0
:10E11000862F70E060E02AF09A95660F771F881FBF
:10E12000DAF7880F9695879597F90895990F000863
:10E13000550FAA0BE0E8FEEF16161706E807F907D9
:10E14000C0F012161306E407F50798F0621B730B74
:10E15000840B950B39F40A2661F0232B242B252BF5
:10E1600021F408950A2609F4A140A6958FEF811D98
:10E17000811D08950BD064C555D528F05AD518F0E7
:10E18000952309F046C54BC511248EC56AD5A0F369
:10E19000959FD1F3950F50E0551F629FF001729F3C
:10E1A000BB27F00DB11D639FAA27F00DB11DAA1F5B
:10E1B000649F6627B00DA11D661F829F2227B00DA8
:10E1C000A11D621F739FB00DA11D621F839FA00D33
:10E1D000611D221F749F3327A00D611D231F849F83
:10E1E000600D211D822F762F6A2F11249F575040DA
:10E1F0008AF0E1F088234AF0EE0FFF1FBB1F661F75
:10E20000771F881F91505040A9F79E3F510570F02D
:10E2100000C54AC55F3FECF3983EDCF386957795E1
:10E220006795B795F795E7959F5FC1F7FE2B880F28
:10E23000911D9695879597F908952F923F924F9249
:10E240005F926F927F928F929F92AF92BF92CF9286
:10E25000DF92EF92FF920F931F93CF93DF9300D043
:10E2600000D000D01F921F92CDB7DEB77C013B01DA
:10E270008A01FC0117821682838181FFD0C1CE0101
:10E2800001965C01F7019381F30193FD859193FF62
:10E2900081913F01882309F449C1853239F493FD06
:10E2A000859193FF81913F01853221F4B70190E080
:10E2B00022D4E8CF912C212C312CFFE1F31538F03A
:10E2C0008B3211F190F4803209F1833229F137FC5D
:10E2D0003CC020ED280F2A3050F536FE20C08AE0E1
:10E2E000989E200D1124922E06C08D3291F080331D
:10E2F00071F7689430F8F30193FD859193FF819154
:10E300003F018111DACF21C0689431F8689432F866
:10E31000F2CF689433F8EFCF689434F8ECCFEAE0AA
:10E320002E9E200D1124222E689435F8E4CF8E32D3
:10E3300029F436FCFBC0689436F8DDCF8C3619F42E
:10E34000689437F8D8CF8836B1F2982F9F7D9554CE
:10E350009330D8F0833691F18337B1F1833509F0EA
:10E360005EC02801F2E04F0E511CF801C080D18040
:10E37000692D70E036FC02C06FEF7FEFC601A5D3B8
:10E380004C01689437F882010AC00C5F1F4FFFE30D
:10E39000F98388248394912C6501E89437F833FE3F
:10E3A0002AC0522C8114910459F5552009F46ACFE2
:10E3B000B70180E290E09FD35A94F7CFF8018081B3
:10E3C00089830E5F1F4FE5CF2801F2E04F0E511CED
:10E3D000F801C080D180692D70E036FC02C06FEF7B
:10E3E0007FEFC6017DD34C018201D7CFB70180E218
:10E3F00090E081D32A942814190409F0B8F7D1CFFA
:10E40000F60137FC859137FE81916F01B70190E0ED
:10E4100072D351105A94F1E08F1A9108C3CF843609
:10E4200019F0893609F073C0F80137FE67C06081C2
:10E430007181828193810C5F1F4FF32DFF763F2EF8
:10E4400097FF09C090958095709561957F4F8F4F8C
:10E450009F4F689437F82AE030E0A5017CD3C82E9E
:10E46000CA188C2C432C36FE0CC0E89440F8C91412
:10E4700040F434FE05C032FC03C0F32DFE7E4F2E67
:10E48000892C44FEA6C0FE01EC0DF11D8081803375
:10E4900009F098C0242D297E422E842D8870582E94
:10E4A00043FCA5C040FE9FC09C2C821418F42C0C89
:10E4B000922C981844FEA1C0B70180E390E01BD3D2
:10E4C00042FE08C088E790E041FE02C088E590E087
:10E4D000B70111D3C91408F49CC0CA94D12C9FEF82
:10E4E000C91AD90ACA0CDB1CF60182916F01B70167
:10E4F00090E001D3AC14BD04B9F757CF60817181AE
:10E50000072E000C880B990B0E5F1F4F96CFD32C54
:10E51000E894D4F82AE030E08537E1F1232D297F13
:10E52000D22E8F36A9F1F0F4883551F1F7018681AA
:10E5300097812B960FB6F894DEBF0FBECDBFDF914B
:10E54000CF911F910F91FF90EF90DF90CF90BF90F0
:10E55000AF909F908F907F906F905F904F903F9083
:10E560002F900895803749F0883701F7D4FE02C014
:10E570006894D2F820E130E00DC06894D4F8F6CF6A
:10E5800034FE03C0822F8660D82E20E132E002C024
:10E5900028E030E0F801D7FE0EC0608171818281F1
:10E5A00093810C5F1F4FA501D6D2C82ECA183D2CEF
:10E5B000E89437F856CF6081718190E080E00E5F7B
:10E5C0001F4FF1CF42FC02C0839467CF83948394A2
:10E5D00064CF842D867809F460CFF6CFB70180E24E
:10E5E00090E089D283948214C8F3512C63CF522CCB
:10E5F0005818821408F45ECFF8CF842D867809F479
:10E6000069CF8BE241FE80E247FC8DE2B70190E0EA
:10E6100060CFB70180E390E06ED29A945BCF8FEF2A
:10E620009FEF87CF8F929F92AF92BF92CF92DF9250
:10E63000EF92FF920F931F93CF93DF9300D000D000
:10E6400000D0CDB7DEB76A01F22EB02E102FFBE35B
:10E65000AF2EA01608F41BE31F5F012F27E0AE01C9
:10E660004F5F5F4F57D1BC018981982F99709130CE
:10E6700009F44EC09BE2E1FC04C09E2D9170E0FCC9
:10E6800049C05E2D5071E82FE87083FF55C084E0CB
:10E69000911101C083E0EF2DE81B8F1508F0E0E039
:10E6A000D6018E2F20E25523C9F1992329F0D601F6
:10E6B0009C93C60101966C0196012D5F3F4FE2FECF
:10E6C00033C08EE4D6018C9391E411969C931197FC
:10E6D00012968C93D9018E2F90E281112AC0E20FFD
:10E6E000F32FF11D10828EEF9FEF29960FB6F8944D
:10E6F000DEBF0FBECDBFDF91CF911F910F91FF9075
:10E70000EF90DF90CF90BF90AF909F908F90089543
:10E710009DE2B7CF90E2B5CF2D9381508111FCCF10
:10E72000CE0ED11CE0E0C1CF8EE6D6018C9391E6EF
:10E73000CCCF9D938150D1CF482F447082FF3DC0F4
:10E7400084E0911101C083E08F1510F4EF2DE81BD8
:10E75000D6018E2F20E2552309F1992329F0D60105
:10E760009C93C60101966C0196012D5F3F4FE2FE1E
:10E770001BC089E4D6018C938EE411968C9311977B
:10E7800086E412968C93D9018E2F90E2882309F4A7
:10E79000A6CF9D938150FACF2D9381508111FCCF4C
:10E7A000CE0ED11CE0E0D9CF89E6D6018C938EE65F
:10E7B00011968C93119786E6E4CF9B0177FF02C0F8
:10E7C00030E020E0A1E0B0E0911102C0B0E0A0E0B4
:10E7D000F9013196AE0FBF1F8B2C912CBB2009F491
:10E7E00061C05401EFEFAE1ABE0AAA0DBB1DFA16A6
:10E7F0001B0619F014F04F2D4A1B511188C0E3FC81
:10E8000059C07601A42FB0E2A1114FC0C40ED11C93
:10E81000992309F45BC040E0D6011196F60190837C
:10E820006D01552309F448C0012F060F9A81582F16
:10E83000507184FF03C0913309F4015010160CF09D
:10E8400047C0093008F008E0EEE2FE2E5B01A01A96
:10E85000B10885019194819491082F3F320729F4E2
:10E86000D601FC92F60131966F016217730794F19D
:10E87000021713077CF5DB01A21BB30BAA24A39498
:10E88000B12CAC0EBD1EAA0DBB1D11968C91215052
:10E890003109D601119628153905F4F0F601808367
:10E8A0006D01DBCFB12CA12CA0CFF701B1937F017B
:10E8B000A150AACF9111B0CFD601942F50E302C03E
:10E8C0005D9391509111FCCFC40ED11C40E0ACCFB0
:10E8D00001E0BACF80E3DBCF6217730731F49633E0
:10E8E00088F4953311F4552369F0F6018083FD0116
:10E8F000842F90E2811108C0A40FB11D1C9290E0FA
:10E9000080E0F3CE81E3F1CF91938150F3CF911169
:10E9100083CF8ACF283008F027E03327DA01990F18
:10E92000311D87FD916000966105710539F43260F3
:10E930002E5F3D9330E32A95E1F708959F3F30F035
:10E9400080387105610509F03C5F3C5F3D93913073
:10E9500008F08068911DDF93CF931F930F93FF9270
:10E96000EF92192F987F9695E92F96959695E90F36
:10E97000FF27EB53FE4F99273327EE24FF24A701EF
:10E98000E70105900894079428F4360FE71EF81E57
:10E99000491F511D660F771F881F991F0694A1F705
:10E9A0000590079428F4E70EF81E491F561FC11D55
:10E9B000770F881F991F661F0694A1F7059007948B
:10E9C00028F4F80E491F561FC71FD11D880F991F25
:10E9D000661F771F0694A1F70590079420F4490F4E
:10E9E000561FC71FD81F990F661F771F881F0694D1
:10E9F000A9F784911095177041F0D695C795579552
:10EA00004795F794E7941A95C1F7EBE6F1E068941F
:10EA10001590159135916591959105907FE27395CB
:10EA2000E118F10A430B560BC90BD009C0F7E10CF2
:10EA3000F11E431F561FC91FD01D7EF4703311F401
:10EA40008A95E6CFE894015030F0080F0AF40027C9
:10EA5000021708F4202F2395022F7A3328F079E348
:10EA60007D932A95E9F710C07D932A9589F606943F
:10EA700097956795379517951794E118F10A430B09
:10EA8000560BC90BD00998F023957E9173957A3374
:10EA900008F070E37C932013B8F77E9170617D934A
:10EAA00030F0839571E37D9370E32A95E1F71124AB
:10EAB000EF90FF900F911F91CF91DF91992787FDE4
:10EAC00090950895992788270895FC010590615035
:10EAD00070400110D8F7809590958E0F9F1F089574
:10EAE000FC016150704001900110D8F7809590951D
:10EAF0008E0F9F1F08950F931F93CF93DF93182FAF
:10EB0000092FEB018B8181FD09C01FEF0FEF812FD2
:10EB1000902FDF91CF911F910F91089582FF14C024
:10EB20002E813F818C819D81281739073CF4E88133
:10EB3000F981CF0101969983888310838E819F810B
:10EB400001969F838E83E3CFE885F985812F199500
:10EB5000892BA1F3DACFFA01AA27283051F120310D
:10EB600081F1E8946F936E7F6E5F7F4F8F4F9F4F61
:10EB7000AF4FB1E03ED0B4E03CD0670F781F891FA3
:10EB80009A1FA11D680F791F8A1F911DA11D6A0F71
:10EB9000711D811D911DA11D20D009F468943F9124
:10EBA0002AE0269F11243019305D3193DEF6CF0123
:10EBB0000895462F4770405D4193B3E00FD0C9F7E9
:10EBC000F6CF462F4F70405D4A3318F0495D31FD56
:10EBD0004052419302D0A9F7EACFB4E0A6959795A9
:10EBE000879577956795BA95C9F70097610571057F
:10EBF00008959B01AC010A2E0694579547953795C9
:10EC00002795BA95C9F7620F731F841F951FA01D22
:10EC1000089597F99F6780E870E060E008959FEF9E
:10EC200080EC089500240A941616170618060906A3
:10EC3000089500240A941216130614060506089572
:10EC4000092E0394000C11F4882352F0BB0F40F4FA
:10EC5000BF2B11F460FF04C06F5F7F4F8F4F9F4F3A
:10EC6000089557FD9058440F551F59F05F3F71F0BC
:10EC70004795880F97FB991F61F09F3F79F0879523
:10EC80000895121613061406551FF2CF4695F1DFAC
:10EC900008C0161617061806991FF1CF869571053C
:10ECA000610508940895E894BB2766277727CB0170
:10ECB00097F90895F999FECF92BD81BDF89A9927E9
:10ECC00080B50895262FF999FECF1FBA92BD81BD58
:10ECD00020BD0FB6F894FA9AF99A0FBE01960895DE
:10ECE000DB018F939F9349D0BF91AF91A29F800D7D
:10ECF000911DA39F900DB29F900D11240895A1E244
:10ED00001A2EAA1BBB1BFD010DC0AA1FBB1FEE1FA5
:10ED1000FF1FA217B307E407F50720F0A21BB30BF0
:10ED2000E40BF50B661F771F881F991F1A9469F76C
:10ED300060957095809590959B01AC01BD01CF01C8
:10ED40000895052E97FB16F400940FD057FD05D0BB
:10ED5000D6DF07FC02D046F408C0509540953095A8
:10ED600021953F4F4F4F5F4F089590958095709537
:10ED700061957F4F8F4F9F4F089509D0A59F900DAC
:10ED8000B49F900DA49F800D911D11240895A29F02
:10ED9000B001B39FC001A39F700D811D1124911D6F
:10EDA000B29F700D811D1124911D0895991B79E06A
:10EDB00004C0991F961708F0961B881F7A95C9F70B
:10EDC00080950895AA1BBB1B51E107C0AA1FBB1F5A
:10EDD000A617B70710F0A61BB70B881F991F5A95E7
:10EDE000A9F780959095BC01CD01089597FB072E5A
:10EDF00016F4009406D077FD08D0E4DF07FC05D0B8
:10EE00003EF4909581959F4F0895709561957F4F41
:10EE10000895EE0FFF1F881F8BBF0790F691E02D1E
:10EE200019945058BB27AA270ED00ACFFBDE30F02A
:10EE300000DF20F031F49F3F11F41EF4F0CE0EF409
:10EE4000E095E7FBE6CEE92F0CDF80F3BA17620707
:10EE500073078407950718F071F49EF524CF0EF41C
:10EE6000E0950B2EBA2FA02D0B01B90190010C01DA
:10EE7000CA01A0011124FF27591B99F0593F50F4F2
:10EE8000503E68F11A16F040A22F232F342F44274A
:10EE9000585FF3CF469537952795A795F040539542
:10EEA000C9F77EF41F16BA0B620B730B840BBAF012
:10EEB0009150A1F0FF0FBB1F661F771F881FC2F77D
:10EEC0000EC0BA0F621F731F841F48F48795779591
:10EED0006795B795F7959E3F08F0B3CF9395880F48
:10EEE00008F09927EE0F9795879508959BDE58F0C7
:10EEF00080E891E009F49EEF9CDE28F040E851E0C4
:10EF000059F45EEF09C08BCECECEE92FE078A9DEB2
:10EF100068F3092E052AC1F3261737074807590752
:10EF200038F00E2E07F8E02569F0E025E0640AC00D
:10EF3000EF6307F8009407FADB01B9019D01DC01DA
:10EF4000CA01AD01EF9359D07BDE0AD05F91552302
:10EF500031F02BED3FE049E450FD49EC63CF0895DB
:10EF6000DF93DD27B92FBF7740E85FE3161617065A
:10EF700048075B0710F4D92F81D19F938F937F931C
:10EF80006F93FBD1E4EEF0E0FED05ADE2F913F917B
:10EF90004F915F91FBD8DD2349F09058A2EA2AED0A
:10EFA0003FE049EC5FE3D0785D274DDFDF9148CE4D
:10EFB00049D180F09F3740F491110EF475CE60E096
:10EFC00070E080E89FE3089526F01B16611D711D17
:10EFD000811DB0C0CAC0FED0E39523C10CD030CE95
:10EFE00028DE40F01FDE30F021F45F3F19F011CE33
:10EFF00051115ACE14CE35DE98F39923C9F3552317
:10F00000B1F3951B550BBB27AA276217730784071B
:10F0100038F09F5F5F4F220F331F441FAA1FA9F3D1
:10F0200033D00E2E3AF0E0E830D091505040E695C3
:10F03000001CCAF729D0FE2F27D0660F771F881F24
:10F04000BB1F261737074807AB07B0E809F0BB0B13
:10F05000802DBF01FF2793585F4F2AF09E3F510537
:10F0600068F0D7CD21CE5F3FECF3983EDCF3869578
:10F0700077956795B795F7959F5FC9F7880F911DAD
:10F080009695879597F90895E1E0660F771F881F99
:10F09000BB1F621773078407BA0720F0621B730B4C
:10F0A000840BBA0BEE1F88F7E095089504D068949E
:10F0B000B111FACD0895DDDD88F09F5790F0B92F9A
:10F0C0009927B751A0F0D1F0660F771F881F991FBD
:10F0D0001AF0BA95C9F712C0B13081F0E4DDB1E0A1
:10F0E0000895E1CD672F782F8827B85F39F0B93FB1
:10F0F000CCF3869577956795B395D9F73EF49095BF
:10F100008095709561957F4F8F4F9F4F08959AD04E
:10F1100080F09F3740F491110EF0C6CD60E070E0B2
:10F1200080E89FEB089526F41B16611D711D811D5B
:10F1300001C01BC0882371F4772321F09850872BDE
:10F14000762F07C0662311F499270DC09051862BA6
:10F1500070E060E02AF09A95660F771F881FDAF753
:10F16000880F9695879597F908959F3F31F09150B4
:10F1700020F4879577956795B795880F911D96959B
:10F18000879597F90895DF93CF931F930F93FF927D
:10F19000EF92DF927B018C01689406C0DA2EEF01BA
:10F1A0000E94C6F0FE01E894A59125913591459104
:10F1B0005591A6F3EF0147DEFE019701A801DA940D
:10F1C00071F7DF90EF90FF900F911F91CF91DF913A
:10F1D000089525CD4EDDE8F3E894E0E0BB279F5786
:10F1E000F0F02AED3FE049EC06C0EE0FBB0F661FC2
:10F1F000771F881F28F0B23A62077307840728F048
:10F20000B25A620B730B840BE3959A9572F78038B0
:10F2100030F49A95BB0F661F771F881FD2F790486E
:10F22000A6CFEF93E0FF06C0A2EA2AED3FE049EC4B
:10F230005FEB09DE05DD0F90039401FC9058E1E1DE
:10F24000F1E0ABC016DDA0F0BEE7B91788F4BB272C
:10F250009F3860F41616B11D672F782F8827985FA6
:10F26000F7CF869577956795B11D93959639C8F335
:10F2700008950E9496F008F48FEF08959B01AC0169
:10F2800060E070E080E89FE3A9CEF3DC58F19E5780
:10F2900058F19851A0F0E9F0983020F5092E9927FF
:10F2A000660F771F881F991F0A94D1F712C0062E88
:10F2B000672F782F8827985F11F4000C07C0993FBB
:10F2C000B4F38695779567959395D9F7611D711D70
:10F2D000811D3EF490958095709561957F4F8F4F7D
:10F2E0009F4F08956894E0CCDECC9F9373DF0F901E
:10F2F00007FCEE5F96CF11F40EF491CC36CFB9DC5B
:10F30000D0F39923D9F3CEF39F57550B87FF3ED007
:10F310000024A0E640EA900180585695979528F47D
:10F32000805C660F771F881F20F026173707480775
:10F3300030F4621B730B840B202931294A2BA695CC
:10F3400017940794202531254A2758F7660F771F11
:10F35000881F20F026173707480730F4620B730B1D
:10F36000840B200D311D411DA09581F7B901842F1B
:10F370009158880F9695879508959B01AC010C9440
:10F38000BAF00E9496F0880B990B08959150504066
:10F39000660F771F881FD2F708959F938F937F93EF
:10F3A0006F93FF93EF939B01AC010E94BAF0EF9132
:10F3B000FF91E9DE2F913F914F915F910C94BAF04C
:10F3C0009111089581548A5108F4805E855A0895F8
:10F3D000FB01DC0104C08D910190801921F44150A2
:10F3E0005040C8F7881B990B0895FB01DC0102C04F
:10F3F00001900D9241505040D8F70895DC0101C0B2
:10F400006D9341505040E0F70895FB01DC018D9170
:10F4100081341CF08B350CF4805E619161341CF0FA
:10F420006B350CF4605E861B611189F3990B0895AE
:10F43000FC018191861721F08823D9F79927089537
:10F440003197CF010895FB01DC0101900D9200205E
:10F45000E1F70895FB01DC014150504030F08D91FF
:10F460000190801919F40020B9F7881B990B0895B1
:10F47000FC0181E090E00190061609F4CF01002024
:10F48000D1F7019708950F931F93CF93DF93CDB7D3
:10F49000DEB72E970FB6F894DEBF0FBECDBF0E8934
:10F4A0001F8986E08C831A8309838FEF9FE79E83F1
:10F4B0008D83AE01465E5F4F688D798DCE010196DA
:10F4C0000E941DF12F813885020F131FF801108251
:10F4D0002E960FB6F894DEBF0FBECDBFDF91CF9151
:10F4E0001F910F91089518E1C4EAD8E100E005C02A
:10F4F000802FFE018EDC2196011DC53AD10780E0E8
:08F500000807B1F7F894FFCFF2
:10F50800FF05C0D40100640005020A00C800FFFF1F
:10F51800FF64005555854264000000803FAA0064DE
:10F528000101FF060101FFFFFF3F0000FF3F000050
:10F538000000FF3F01010000000000000000000083
:10F548000000000000C8430000C8430000C843553D
:10F55800550543FFFF0000803F0000000000000049
:10F568000000000000000000000000000000000093
:10F578000000000000000000000000000000000083
:10F588000000000000000000000000000000000073
:10F598000000000000000000000000000000000063
:10F5A8000000000000000000000000000000000053
:10F5B80000000000000000000000000000FF000044
:10F5C8000000000000000000000000000000000033
:10F5D8000000000000000000000000000000000023
:10F5E8000000000000000000000000000000000013
:10F5F8000000000000000000000000000000000003
:10F6080000000000000000000000000000000000F2
:10F61800000000000000000000000000000000FFE3
:10F6280000000000000000000000000000000000D2
:10F6380000000000000000000000000000000000C2
:10F6480000000000000000000000000000000000B2
:10F6580000000000000000000000000000000000A2
:10F668000000000000000000000000000000000092
:10F678000000000000000000000000000000000082
:10F6880000FF000000000000000000000000000073
:10F698000000000000000000000000000000000062
:10F6A8000000000000000000000000000000000052
:10F6B8000000000000000000000000000000000042
:10F6C8000000000000000000000000000000000032
:10F6D8000000000000000000000000000000000022
:10F6E800000000FFFF000040400000404000000014
:10F6F8000000004040000040400000000058595AF7
:10F70800450000C841000000006666A6BF0000C0B2
:10F718007F0000C07F0000C07FFF003C00010000A8
:10F7280040400000344200000000000000000000DB
:10F73800000000005041000000000000004164008B
:10F748000000640000000300000064000000640082
:10F7580000000300000003000000030000001E007A
:10F76800000000004040000040400000000001028E
:10F7780004080A005A00563930000A05062E01000E
:10F7880008002000400080000001000400002F5005
:10F798004C520000004842000048420000804000EF
:10F7A8000000400000000089746F75A47337748CE2
:10F7B80073AC722E73917247744C73147097709671
:10F7C80070256400257500256C7500256C6400455E
:08F7D80052520058595A00007A
:00000001FF
