:100000000C9408190C9448190C9448190C9448192C
:100010000C9448190C9448190C9448190C944819DC
:100020000C9448190C9448190C9448190C944819CC
:100030000C9448190C9448190C9448190C944819BC
:100040000C9448190C948C810C9448190C94481900
:100050000C9448190C9483800C9448190C949FD2EA
:100060000C9448190C94C44E0C94B04E0C9448193E
:100070000C9448190C9448190C9448190C9448197C
:100080000C94464C0C9448190C9448190C9448193B
:100090000C94864E0C94BA4E0C9448190C94481942
:1000A0000C9448190C9448190C94184C0C94481949
:1000B0000C9448190C9448190C9448190C9448193C
:1000C0000C9448190C9448190C9448190C945C4EE3
:1000D0000C94264E0C9448190C9448190C94481909
:1000E0000C944819084AD73B3BCE016E84BCBFFD37
:1000F000C12F3D6C74319ABD56833DDA3D00C77FF8
:1001000011BED9E4BB4C3E916BAAAABE0000008090
:100110003F05A84CCDB2D44EB93836A9020C50B91F
:10012000918688083CA6AAAA2ABE000000803F004B
:100130004E414E494E495459494E46CDCCCC3D0ACC
:10014000D7233C17B7D13877CC2B329595E6241FAF
:10015000B14F0A000020410000C84200401C462068
:10016000BCBE4CCA1B0E5AAEC59D7400407A10F33B
:100170005A00A0724E18090010A5D4E80000E876D5
:1001800048170000E40B54020000CA9A3B0000002C
:10019000E1F505000080969800000040420F000045
:1001A00000A08601000000102700000000E8030006
:1001B0000000006400000000000A000000000001D0
:1001C00000000000002C76D888DC674F0823DFC1D0
:1001D000DFAE59E1B1B796E5E3E453C63AE651998B
:1001E0007696E8E6C28426EB898C9B62ED407C6FB4
:1001F000FCEFBC9C9F40F2BAA56FA5F490055A2A6B
:10020000F75C936B6CF9676DC11BFCE0E40D47FE76
:10021000F520E6B500D0ED902E030094357705006B
:1002200080841E080000204E0A000000C80C3333F2
:1002300033330F986E12831141EF8D2114893BE601
:100240005516CFFEE6DB18D1844B381BF77C1D908A
:100250001DA4BBE424203284725E228100C9F124F3
:10026000ECA1E53D27434F4D4D554E49434154497F
:100270004F4E0044525952554E004552524F525320
:1002800000494E464F004543484F00322E312E78EC
:10029000202876322E312E31290057616E68616F29
:1002A000204439204D4B32203330300053544F50CE
:1002B0005045442E20005072696E7465722073742C
:1002C0006F707065642064756520746F206572724C
:1002D0006F72732E2046697820746865206572728B
:1002E0006F7220616E6420757365204D3939392035
:1002F000746F20726573746172742E202854656D5A
:1003000070657261747572652069732072657365BA
:10031000742E2053657420697420616674657220A0
:1003200072657374617274696E67290A004E6F207A
:10033000436865636B73756D2077697468206C69B9
:100340006E65206E756D6265722C204C6173742031
:100350004C696E653A20004E6F20436865636B738D
:10036000756D2077697468206C696E65206E756D97
:100370006265722C204C617374204C696E653A2062
:1003800000636865636B73756D206D69736D61746F
:1003900063682C204C617374204C696E653A2000B0
:1003A0004C696E65204E756D626572206973206EB2
:1003B0006F74204C617374204C696E65204E756DAE
:1003C0006265722B312C204C617374204C696E6510
:1003D0003A20004D3131300053657269616C2073F1
:1003E0007461747573206D69736D617463680A005C
:1003F00053442072656164206572726F720A0074E2
:100400006F6F206D75636820696E616374697665CE
:100410002074696D65202D2063757272656E74207D
:10042000636F6D6D616E643A20002121204B494C51
:100430004C20636175736564206279200062757376
:10044000793A2070617573656420666F7220696EF9
:100450007075740A00627573793A207061757365FE
:100460006420666F7220757365720A006275737915
:100470003A2070726F63657373696E670A00534444
:1004800020436172642072656164206572726F72CC
:10049000004D31303030530046696C616D656E74CB
:1004A0002072756E6F757420452564004D363030AE
:1004B000002066696C616D656E745F72756E6F7534
:1004C00074200066696C616D656E745F72756E6F25
:1004D000757420540046696C616D656E7452756E5A
:1004E0006F7574205400506C65617365205265739C
:1004F000657400706F7765726F6666004B494C4C8F
:1005000045442E20005072696E7465722068616CDB
:100510007465642E206B696C6C28292063616C6C97
:100520006564210A006563686F3A004572726F72F4
:100530003A0042696C696E656172204C6576656C43
:10054000696E6720477269643A0A005072696E7476
:10055000204F626A002F2F616374696F6E3A006EDC
:100560006F74696669636174696F6E20006E6F7481
:10057000696669636174696F6E200070726F6D7077
:10058000745F00626567696E00656E640073686F12
:100590007700627574746F6E00486F74656E6420C6
:1005A000746F6F20636F6C640A004D323453004DDA
:1005B000323320004739322E394500473146004753
:1005C00031463630305A00473146333030305800EB
:1005D0004D31303650004D31303953004D323030CE
:1005E00044004739322E395A004D343230530047D7
:1005F000323852305859004731463630305A004769
:1006000039322E395A004739322E394530004D31B2
:10061000303953004D31393053004D34323053307E
:10062000004F46460A004661646520486569676870
:10063000742000426564204C6576656C696E6720A5
:10064000004661696C656420746F20656E61626C40
:100650006520426564204C6576656C696E670A00AA
:10066000496E76616C6964206D6573682E0A004777
:1006700031205A31302046313230300A473120584B
:100680003135302059313530204636303030005049
:10069000726F62696E6720506F696E740025532017
:1006A00025692F2569002E0A002F0050726F62699C
:1006B0006E67206D65736820706F696E742000200E
:1006C0002844525952554E290047323920417574F9
:1006D0006F20426564204C6576656C696E67003FEB
:1006E00020284C2C522C462C4229206F7574206FE8
:1006F0006620626F756E64732E0A0020756E6974D1
:10070000732F6D696E290A003F46656564726174D6
:10071000652028532920746F6F206C6F772E202856
:100720005573696E6720003F2856296572626F73A2
:1007300065206C6576656C20696D706C6175736998
:10074000626C652028302D34292E0A004261642015
:100750005A2076616C75650A004E6F2062696C697B
:100760006E65617220677269640A0020440020206F
:100770004D323030205300202844697361626C652B
:1007800064293A0046696C616D656E742073657406
:1007900074696E67730020204D3230312058004D4F
:1007A000617820416363656C65726174696F6E2066
:1007B00028756E6974732F7332290020204D3230F2
:1007C000332058004D6178206665656472617465F8
:1007D000732028756E6974732F73290020520020CE
:1007E000204D323034205000416363656C65726186
:1007F00074696F6E2028756E6974732F73322920A7
:1008000028503C7072696E742D616363656C3E2084
:10081000523C726574726163742D616363656C3EF2
:1008200020543C74726176656C2D616363656C3E27
:10083000290020540020530020204D323035204222
:1008400000416476616E6365642028423C6D696E88
:100850005F7365676D656E745F74696D655F7573F1
:100860003E20533C6D696E5F6665656472617465B8
:100870003E20543C6D696E5F74726176656C5F6694
:10088000656564726174653E20583C6D61785F6A8D
:1008900065726B3E20593C6D61785F6A65726B3E94
:1008A000205A3C6D61785F6A65726B3E20453C6DF5
:1008B00061785F6A65726B3E290020440020490020
:1008C00020204D333031205000486F74656E642015
:1008D0005049440070617573656400486561642027
:1008E00063616E6E6F74206265207061726B656407
:1008F00000506175736500496E7365727420666996
:100900006C616D656E7420616E64207072657373C6
:1009100020627574746F6E0A005265686561742098
:10092000446F6E6500526568656174696E672E2E4E
:100930002E005265686561740048656174657220B7
:1009400054696D656F7574005072657373206275BC
:1009500074746F6E20746F2068656174206E6F7A96
:100960007A6C650A004E6F7A7A6C65205061726B02
:1009700065640044697361626C6552756E6F75746D
:100980000050757267654D6F7265005061757365D3
:1009900064004C6F61642046696C616D656E742003
:1009A00054004C6F61642046696C616D656E740023
:1009B000496E736572742066696C616D656E742032
:1009C000616E6420707265737320627574746F6EEB
:1009D0000A00726573756D656400526573756D69A3
:1009E0006E6700203B0020550020204D363033201C
:1009F0004C0046696C616D656E74206C6F61642F8C
:100A0000756E6C6F616400203B200020204D3431F6
:100A100033205300506F7765722D6C6F73732072A3
:100A200065636F766572790020496E76616C6964E2
:100A30002065787472756465722000536C6565700A
:100A40002E2E2E005B505D61726B696E6720737491
:100A5000796C652028302E2E34292E003F496E7681
:100A6000616C696420005A2050726F626520506189
:100A70007374204265640A005A2050726F626520C8
:100A8000506173742042656400473238004D6573CD
:100A90006820706F696E74206F7574206F662072A5
:100AA000616E67650A00626567696E00436F6E7408
:100AB000696E7565004D302053746F70004D3120A4
:100AC00053746F7000436C69636B20746F205265C0
:100AD00073756D652E2E2E004E6F204D6F76652E30
:100AE00000456E642066696C65206C6973740A0049
:100AF000426567696E2066696C65206C6973740A6B
:100B0000004E6F206D656469610A00534420636183
:100B100072642072656C65617365640A0052657366
:100B2000756D696E6720534400526573756D65007D
:100B3000506175736520534400286E6F2066696CA0
:100B400065290043757272656E742066696C653A3A
:100B500020004E6F74205344207072696E74696E69
:100B6000670A005344207072696E74696E67206270
:100B700079746520005072696E742074696D653AED
:100B800020007061757365006F6B004C696E653A8B
:100B900020006F666600860281027A027302650297
:100BA00044454255473A004D3131322053687574FF
:100BB000646F776E004D31313320530057616E689A
:100BC000616F204439204D4B3220333030204F4666
:100BD000462E0020732E0A00496E6163746976699F
:100BE00074792074696D656F757420002F2F00571C
:100BF00041524E494E4721204C6F77205A204A657A
:100C0000726B206D6179206C65616420746F207552
:100C10006E77616E746564207061757365732E0AFA
:100C2000002058003B200020204D61783A20002011
:100C30000020204D696E3A2000203B200020204DEE
:100C4000323131205300250A0046523A0020466CCA
:100C50006F773A20003A200020536572766F2000AB
:100C6000206F7574206F662072616E67650A00538D
:100C70006572766F200050726F6265204F666673F2
:100C80006574205A0050726F6265204F6666736506
:100C900074205A0064697300656E00432900616224
:100CA0006C656420286D696E2074656D702000434A
:100CB0006F6C642065787472756465732061726509
:100CC0002000203B20486F73742068616E646C695B
:100CD0006E6720006D6D00203B204D6F74696F6E54
:100CE0002064697374616E636520006D6D00203B44
:100CF0002044697374616E6365200046696C616DA0
:100D0000656E742072756E6F757420004D343231CB
:100D100020696E636F727265637420706172616DB9
:100D2000657465722075736167650A004D65736847
:100D300020706F696E74206F7574206F6620726109
:100D40006E67650A004F6666736574732041707044
:100D50006C696564004D494E2F4D415820546F6FAA
:100D60002046617200546F6F206661722066726F58
:100D70006D204D494E2F4D41580A00454550524F68
:100D80004D204F4B0A00290A0020746F20003F5A63
:100D9000206F7574206F662072616E676520280071
:100DA000290A0020746F20003F59206F7574206F4E
:100DB000662072616E6765202800290A0020746F22
:100DC00020003F58206F7574206F662072616E6737
:100DD000652028004D383400446F6E6520707269BC
:100DE0006E74696E672066696C650A004D3737005E
:100DF0004D33310020204D323036205800486F6D81
:100E000065206F6666736574004361703A00434FF6
:100E10004E4649475F4558504F5254004D45415446
:100E20005041434B00434F4F4C45525F54454D504A
:100E300045524154555245004348414D4245525F49
:100E400054454D50455241545552450045505F421E
:100E50004142595354455000424142595354455020
:100E600050494E470041524353004D4F54494F4E55
:100E70005F4D4F44455300544845524D414C5F50DF
:100E8000524F54454354494F4E00455854454E44E3
:100E900045445F4D323000435553544F4D5F4649F2
:100EA000524D574152455F55504C4F4144004C46BE
:100EB0004E5F5752495445004C4F4E475F46494C90
:100EC000454E414D45004155544F5245504F5254A7
:100ED0005F53445F5354415455530053445F57523A
:100EE00049544500524550454154004D554C5449D4
:100EF0005F564F4C554D45005344434152440050BA
:100F0000524F4D50545F535550504F525400484F1C
:100F100053545F414354494F4E5F434F4D4D414EF3
:100F2000445300454D455247454E43595F50415249
:100F300053455200434153455F4C494748545F4233
:100F400052494748544E45535300544F47474C4528
:100F50005F4C494748545300534F465457415245FC
:100F60005F504F574552004255494C445F504552DF
:100F700043454E54004C4556454C494E475F44410D
:100F80005441005A5F50524F42450052554E4F5502
:100F900054004155544F4C4556454C005052494E13
:100FA000545F4A4F420050524F47524553530041FD
:100FB00055544F5245504F52545F54454D50004187
:100FC00055544F5245504F52545F504F5300564F57
:100FD0004C554D455452494300454550524F4D00E4
:100FE00042494E4152595F46494C455F5452414E29
:100FF000534645520053455249414C5F584F4E5F4E
:10100000584F4646004649524D574152455F4E4162
:101010004D453A4D61726C696E20627567666978FC
:101020002D322E312E782044392076322E312E3139
:10103000202853657020323120323032362030364D
:101040003A31393A35312920534F555243455F43A0
:101050004F44455F55524C3A6769746875622E6318
:101060006F6D2F4C652D53796C32312F57414E489F
:10107000414F2D4475706C696361746F722D392016
:1010800050524F544F434F4C5F56455253494F4E69
:101090003A312E30204D414348494E455F54595016
:1010A000453A57616E68616F204439204D4B3220BC
:1010B000333030204B494E454D41544943533A4318
:1010C000617274657369616E204558545255444588
:1010D000525F434F554E543A3120555549443A6377
:1010E000656465326132662D343161322D343734B6
:1010F000382D396231322D633535633632663336F9
:101100003766660047322F47332062616420706182
:1011100072616D65746572730A005A2050726F6255
:101120006520506173742042656400205A3A0020A3
:10113000593A0042656420583A004732384F00203F
:101140003B0020204D3835312058005A2D50726F09
:101150006265204F666673657400220A00656E71D1
:1011600075657565696E672022006F6B0A005265B0
:1011700073656E643A20002569730025696D20252A
:101180006973002569682025696D2025697300252C
:101190006964202569682025696D2025697300250B
:1011A000697920256964202569682025696D2025D5
:1011B000697300436F6F6C696E672E2E2E00453188
:1011C0002025530020460020420020204D3130349D
:1011D0002053004175746F2054656D7020436F6E0D
:1011E00074726F6C0020573A0042656420436F6F41
:1011F0006C696E672E2E2E0042656420486561740E
:10120000696E672E2E2E0023646566696E65204424
:10121000454641554C545F005049442074756E69F1
:101220006E6720646F6E65004175746F74756E65CE
:10123000206661696C6564212054696D656F757401
:101240002E004175746F74756E65206661696C65FA
:1012500064212054656D70657261747572652074C7
:101260006F6F20686967682E004175746F74756EC2
:1012700065206661696C656421204261642065783F
:101280007472756465722E00504944204175746F04
:1012900074756E65004B4420004B4920004B502074
:1012A000005049442074756E696E6720646F6E65E6
:1012B000002066696E69736865642120507574202A
:1012C000746865206C617374204B702C204B69200E
:1012D000616E64204B6420636F6E7374616E74730F
:1012E0002066726F6D2062656C6F7720696E746F17
:1012F00020436F6E66696775726174696F6E2E68E0
:101300000A00504944204175746F74756E65002061
:101310006661696C6564212074696D656F75740A16
:1013200000504944204175746F74756E65004175B5
:10133000746F74756E65206661696C6564212054F4
:10134000696D656F75742E00206661696C65642136
:101350002054656D706572617475726520746F6F6D
:1013600020686967680A00504944204175746F74A9
:10137000756E6500504944204379636C65730025A0
:10138000532025692F256900204B643A2000204B0B
:10139000693A2000204B703A200020436C6173733F
:1013A000696320504944200A002054753A200020E7
:1013B0004B753A2000206D61783A2000206D696EEF
:1013C0003A200020643A200020626961733A2000CC
:1013D00048656174696E672E2E2E002073746172E9
:1013E000740A00504944204175746F74756E65002D
:1013F0004175746F74756E65206661696C656421F2
:101400002054656D706572617475726520746F6FBC
:1014100020686967682E00206661696C6564212018
:1014200054656D706572617475726520746F6F209C
:10143000686967680A00504944204175746F747583
:101440006E6500504944204175746F74756E650077
:101450003F28432979636C6573206E6F7420706C2C
:1014600061757369626C6520283E3D33292E0A0040
:10147000206661696C656421204261642068656151
:101480007465722069640A00504944204175746F84
:1014900074756E6500002002000000441F0000010A
:1014A0002002000000441F0000022002000000444F
:1014B0001F0000032002000000441F00000420025F
:1014C0000000000B4F0000052002000000081F0074
:1014D00000062000000000E81E00000720020000B7
:1014E00000831E0000082002000000971E00000973
:1014F00020020000002F3700000A2002000000D761
:101500001900000B2002000000A81B00000E2002A2
:10151000000000171E00000F2002000000FD1D004B
:1015200000102002000000EB4F000011200200001C
:1015300000BE4F0000122002000000BE4F00001449
:1015400020020000009A4F000015200200000073E6
:101550001E0000162002000000B61E000017200228
:101560000000003D1E0000182002000000CF1900FE
:1015700000192002000000FF1C00001A20000000DB
:1015800000634200001B2000000000C02600001C79
:101590002002000000C31900001D2002000000B05E
:1015A0001900001E2002000000991D00001F2002EB
:1015B0000000003E420000202002000000D01C007D
:1015C00000212002000000D01C00002220020000A8
:1015D00000D01C00002320020000008F1C0000240B
:1015E0002002000000A8190000252000000000844F
:1015F0001C000026200000000023410000272002DC
:101600000000002D420000282002000000194200C6
:1016100000292002000000891900002A2002000091
:1016200000501C00002B2000000000BF4100002CD7
:101630002002000000AB4100002D200200000091BC
:101640004100002E2002000000401C00002F20005E
:101650000000008319000030200200000055350012
:10166000003220000000003E1C000020300200007C
:10167000000000B27C2530200000000000617C45A5
:1016800030200000000000617C6530200000000078
:1016900000617C8530200000000000617CA53020C6
:1016A0000000000000617CC530020000000000075F
:1016B0007DC6302000000000002E7CE630020100D4
:1016C000000000F888C031200020070000807BE87F
:1016D000300F0100000000889BF73002010000007D
:1016E000006278BE31020000000000CC9EF830029B
:1016F0000113020000E679F93002010000000051F8
:1017000078FC300201F70700007B79FD300201FB15
:10171000070000E679FE300200000000003D78FF7F
:10172000300201E90D00007B7900310201ED0D006E
:1017300000E67901310200000000003D7805310229
:101740000100000000317806310201630E00001133
:1017500079073102000902000019780831020100FE
:10176000000000F27B0931020000000000E27A2252
:10177000310200F1060000C67823310200F30600B2
:1017800000C67824310200000000000578253102EF
:10179000000A020000C67826310201410A00007BDF
:1017A0007927310201450A00007B7928310201497D
:1017B0000A00007B7929310200F506000019782A19
:1017C00031020000000000E37B2B3102000000002A
:1017D00000ED772C3102000C020000C6782D310498
:1017E0000100000000AC7A2F3104010000000070FD
:1017F0007A3131040100000000347A333118009A44
:10180000020000477B4B31180000000000927B6310
:101810003110008B020000477B7331020000000092
:1018200000DE717431020000000000DF71753118B4
:101830000000000000737B8D31180000000000667E
:101840007BA531180000000000597BBD310200006B
:101850000000009C9EBF31020000000000C777001E
:1018600040020100005519747701402002F806017A
:1018700072807B214002000802B4717A7822400213
:10188000000000694D6577234002000000A14D5B18
:101890007725400201000037359777244002010088
:1018A00000381C8D770050020000000000627801B3
:1018B00050000000004A1900000000000000000075
:1018C0000000004E6F7420616C6C6F776564207748
:1018D00068696C652069646C65004E6F7420616C8A
:1018E0006C6F77656420647572696E6720707269C9
:1018F0006E74004E6F20534420436172642044652F
:101900007465637465640043616E6E6F7420656E08
:10191000746572207375626469723A20004E6F209C
:1019200066696C652073656C6563746564004D322F
:101930003500526573756D650055492050617573AA
:101940006500726573756D65004D323400436F6FCD
:101950006C696E672E2E2E004D35303000473239BF
:1019600000486F6D696E6720726571756972656494
:101970000054656D706572617475726520746F6F67
:10198000206C6F77004732385A0047323858590078
:1019900047323858595A00486F6D696E672E2E2E9F
:1019A00000457865637574696E6720636F6D6D615E
:1019B0006E642E2E2E004D353030004D3530320005
:1019C0004D3939390A4D32383050305331363000C4
:1019D0004D35303000504944206175746F74756E18
:1019E000696E672E2E2E004D333033432564452516
:1019F0006453256455310042656420504944206495
:101A0000697361626C6564004D3130303043004968
:101A10006E76616C6964207265636F766572792099
:101A200064617461004D3130303000BF31254000B9
:101A300000BD31000033314B316331733174317586
:101A4000318D31A531000023400000224000002BE1
:101A5000312C3121402D312F31313100002A31001C
:101A6000000140000026312731283129310000FFD4
:101A7000300031243125310000223123310000FFB4
:101A8000300031FC30FD30083109310000FF3000FA
:101A900031FC30FD30000006310731000005310017
:101AA0000000400000FF3000310131FC30FD30FE0D
:101AB000300000FF300031FC30FD300000FF30000E
:101AC00031FC30FD30E630E8300050BE31C031002E
:101AD000000031FD300040F830F93006310000FFE1
:101AE000300031FC30FD30E630E830F730BE31C038
:101AF00031000020302530453065308530A530C5B7
:101B000030C630000033312440FF300031FC30FD5E
:101B100030000042757379004D3530300050726FDF
:101B200062696E67206661696C65640050726F62FD
:101B3000696E67207375636365737366756C000205
:101B4000547D03029F040E9F0A6EA00BE59F0C4E6E
:101B5000A00D06770EF9710FEE7110D79F11EF7679
:101B600013E47116E07100000001051B02F31A0373
:101B7000DF1A04D11A05BD1A06B31A07A51A08A15F
:101B80001A099D1A0B971A0C8D1A0D7F1A0E791AC5
:101B90000F6F1A10651A11611A125D1A134F1A1479
:101BA0004B1A15471A16351AF9311A172B1A000055
:101BB0000047305A3130004732380047323800474A
:101BC000305A300047305825645925640047305A50
:101BD000340047323800486F6D696E672E2E2E0034
:101BE00042757379004457494E204755492F4F534A
:101BF00020757064617465207265717569726564C1
:101C0000002564782564782564002D002D002D00C2
:101C100063616E63656C005072696E742041626F1F
:101C200072746564004469736D697373005549206B
:101C300041626F7274656400555342006F70656E47
:101C400000545249474745524544003A20006669CE
:101C50006C616D656E74007A5F6D696E00795F6DA1
:101C6000696E00785F6D696E005265706F7274699D
:101C70006E6720656E6473746F7020737461747521
:101C8000730A0020746F6F206C6F6E672065787424
:101C9000727573696F6E2070726576656E746564B7
:101CA0000A0020636F6C6420657874727573696FC5
:101CB0006E2070726576656E7465640A00486F6D9B
:101CC00065202573204669727374000000000000CF
:101CD000000000000000005761726E696E673A20D4
:101CE000486F6D696E672042756D70204469766932
:101CF000736F72203C20310A0002020200009643FA
:101D0000000096430000C8430000A0400000A0402F
:101D10000000004053544F505045442E2000507254
:101D2000696E7465722073746F7070656420647579
:101D30006520746F206572726F72732E2046697809
:101D400020746865206572726F7220616E64207500
:101D50007365204D39393920746F20726573746151
:101D600072742E202854656D706572617475726589
:101D70002069732072657365742E20536574206921
:101D8000742061667465722072657374617274691F
:101D90006E67290A00206572726F72202D207265AD
:101DA00073746172742077697468204D3939390A07
:101DB00000424C546F7563680021212053544F50EA
:101DC0002063616C6C656420626563617573652076
:101DD0006F66200000009643000096430000C84351
:101DE00000000000000000000000000045455052C7
:101DF0004F4D207772697465206661696C65640077
:101E000053657474696E67732053746F72656400F0
:101E1000290A002062797465733B20637263200095
:101E200053657474696E67732053746F72656420B0
:101E30002800204D61726C696E3D563930290A00C8
:101E4000454550524F4D2076657273696F6E206D17
:101E500069736D617463682028454550524F4D3D4C
:101E600000454550524F4D206461746173697A6535
:101E7000206572726F722E0A004572723A204545D3
:101E800050524F4D2043524300202863616C6375CC
:101E90006C6174656429210A0020213D20004545BC
:101EA00050524F4D20435243206D69736D617463EE
:101EB00068202D202873746F7265642920004545C1
:101EC00050524F4D20436F72727570740A00205348
:101ED000697A653A2000496E6465783A2000537447
:101EE0006F7265642073657474696E6773207265C0
:101EF00074726965766564002062797465733B204D
:101F000063726320002073746F726564207365745C
:101F100074696E6773207265747269657665642092
:101F20002800454550524F4D20726561642066611E
:101F3000696C656400454550524F4D20496E697487
:101F400069616C697A65640A00454550524F4D20BD
:101F5000496E697469616C697A65640045455052DF
:101F60004F4D2072657365740048617264636F64DD
:101F700065642044656661756C742053657474698A
:101F80006E6773204C6F61646564000000964300C7
:101F90000096430000A0400000C8416666A042666B
:101FA00066A0426626C8439A99BC42B80B0000B8A6
:101FB0000B000064000000B80B000020286D6D29A4
:101FC00000203B204C6576656C696E672000202000
:101FD0004D3432302053004175746F2042656420C7
:101FE0004C6576656C696E67004F4646004F4E0043
:101FF000203B2053656E736F722000204C002044FC
:102000000020204D34313220530046696C616D65EB
:102010006E742072756E6F75742073656E736F7257
:1020200000204A0020204732392057204900202034
:102030004D3134392043203B20556E69747320693B
:102040006E2043656C736975730A0054656D706525
:1020500072617475726520556E6974730020204733
:102060003231203B004C696E65617220556E697497
:10207000730024F4D43050C38D20C3A24117828B47
:102080007011127A900D826CDA0AA861E108C758C3
:102090006607615142061F4B5E05C145A6041B4100
:1020A0001204093D9703723931034136DB0266336E
:1020B0009202D4305302812E1D02642CEE01762A46
:1020C000C501B128A101102781018F2564012B24AE
:1020D0004A01E1223401AD2120018D200C01811F34
:1020E000FC00851EED00981DDF00B91CD200E71B27
:1020F000C700201BBB00651AB200B319A9000A195A
:10210000A0006A189800D217920040178A00B616ED
:10211000840032167E00B41579003B157400C71494
:102120006F0058146A00EE136600881362002613CD
:102130005E00C8125B006D12570016125500C111E7
:10214000510070114E0022114C00D61049008D1024
:1021500046004710450002104200C00F4000800FAB
:102160003E00420F3C00060F3A00CC0E3900930EA1
:1021700037005C0E3500270E3400F30D3200C10D20
:102180003100900D2F00610D2F00320D2D00050D37
:102190002C00D90C2A00AF0C2A00850C28005D0CFD
:1021A0002800350C27000E0C2500E90B2500C40B78
:1021B0002400A00B23007D0B22005B0B21003A0BB7
:1021C0002100190B2000F90A1F00DA0A1F00BB0AC0
:1021D0001E009D0A1D00800A1C00640A1C00480A9B
:1021E0001C002C0A1B00110A1A00F7091A00DD094D
:1021F0001900C4091900AB091800930918007B09DC
:102200001700640917004D09170036091600200948
:1022100015000B091500F6081500E1081500CC089B
:102220001400B8081400A4081300910813007E08D5
:1022300013006B08120059081200470812003508F5
:102240001200230811001208110001081000F10704
:102250001100E0071000D0071000C0070F00B10701
:102260001000A1070F0092070F0083070F007407EB
:102270000E0066070E0058070E004A070E003C07C6
:102280000E002E070D0021070D0014070D00070793
:102290000D00FA060D00ED060C00E1060D00D40657
:1022A0000C00C8060C00BC060C00B0060B00A5060E
:1022B0000C0099060B008E060B0083060B007806B7
:1022C0000B006D060B0062060B0057060A004D0658
:1022D0000A0043060B0038060A002E060A002406F0
:1022E00009001B060A0011060A0007060900FE0580
:1022F0000A00F4050900EB050900E2050900D9050B
:102300000900D0050900C7050800BF050900B6058A
:102310000900AD050800A50508009D050800950504
:1023200009008C050800840508007C050700750578
:1023300008006D050800650507005E0508005605E4
:1023400007004F050800470507004005070039054D
:102350000700320507002B050700240507001D05AF
:102360000700160507000F0506000905070002050E
:102370000600FC040700F5040600EF040700E8046B
:102380000600E2040600DC040600D6040600D004C1
:102390000700C9040500C4040600BE040600B80412
:1023A0000600B2040600AC040600A6040500A10461
:1023B00006009B04050096040600900405008B04AB
:1023C000060085040500800405007B0405007604F2
:1023D0000600700405006B04050066040500610436
:1023E00005005C04050057040500520405004D0477
:1023F000050048040400440405003F0405003A04B5
:10240000040036040500310405002C0404002804EF
:102410000500230404001F0405001A040400160428
:102420000400120405000D0404000904040005045E
:10243000040001040500FC030400F8030400F40395
:102440000400F0030400EC030400E8030400E403C8
:102450000400E0030400DC030400D8030400D403F8
:102460000300D1030400CD030400C9030400C50325
:102470000400000000000000000000000000000058
:1024800000000000000000000000D1036D6403574D
:102490000D0347C6023B8B023259022B2E0225093F
:1024A0000221E8011CCC011AB201179B011487011B
:1024B0001374011163010F54010E46010D39010D12
:1024C0002C010B21010A17010A0D0109040108FC66
:1024D0000008F40007ED0007E60007DF0006D9005A
:1024E00006D30005CE0006C80005C30004BF0005E2
:1024F000BA0004B60004B20004AE0004AA0004A6A8
:102500000003A300049F00039C00039900039600AE
:10251000039300029100038E00028C0003890002E5
:102520008700038400028200028000027E00027C99
:1025300000027A0002780002760001750002730042
:10254000027100017000026E00016D00026B00015B
:102550006A0002680001670002650001640001630F
:1025600000016200026000015F00015E00015D0089
:10257000015C00015B00015A000159000158000193
:10258000570001560001550001540001530001524B
:1025900000015100005100015000014F00014E00A8
:1025A000014D00004D00014C00014B00014A0000AC
:1025B0004A00014900014800004800014700014667
:1025C00000004600014500004500014400014300B1
:1025D00000430001420000420001410000410001AF
:1025E0004000004000013F00003F00013E00003E6F
:1025F00000013D00003D00013C00003C00013B00AB
:10260000003B00013A00003A0001390000390000A7
:10261000390001380000380001370000370000376A
:10262000000136000036000036000135000035009C
:102630000134000034000034000133000033000096
:10264000330001320000320000320001310000315D
:102650000000310000310001300000300000300087
:10266000012F00002F00002F00002F00012E00007E
:102670002E00002E00012D00002D00002D00002D49
:1026800000012C00002C00002C00002C00012B006D
:10269000002B00002B00002B00012A00002A000064
:1026A0002A00002A00002A00012900002900002930
:1026B0000000290001280000280000280000280050
:1026C0000028000127000027000027000027000045
:1026D0002700012600002600002600002600002614
:1026E000000026000125000025000025000025002F
:1026F0000025000025000124000024000024000023
:1027000024000024000024000123000023000023F3
:10271000000023000023000023000122000022000B
:1027200000220000220000220000220000220001FE
:1027300021000021000021000021000021000021D3
:1027400000002100012000002000002000002000E7
:10275000002000002000002000002000011F0000D9
:102760001F00001F00001F00001F00001F00001FAF
:10277000000020436F756E7420583A004265640073
:10278000453100626564002C2073797374656D2097
:1027900073746F7070656421204865617465725F41
:1027A00049443A20004572723A204D415854454DF3
:1027B00050004D415854454D50207472696767650B
:1027C0007265640048656174696E67204661696C72
:1027D00065640048656174696E67206661696C654F
:1027E00064004572723A204D494E54454D50004D9B
:1027F000494E54454D50207472696767657265642F
:1028000000544845524D414C2052554E4157415974
:1028100000546865726D616C2052756E61776179E4
:1028200000202F002042403A0020403A0020573A32
:10283000000009121B242D363F48415A536C657E17
:102840007719100B023D342F265158434A757C6787
:102850006E323B2029161F040D7A7368615E574C57
:10286000452B2239300F061D14636A7178474E5587
:102870005C646D767F4049525B2C253E3708011A17
:10288000137D746F6659504B42353C272E11180347
:102890000A565F444D727B60691E170C053A332857
:1028A000214F465D546B627970070E151C232A3147
:1028B000384148535A656C777E09001B122D243F1E
:1028C0003658514A437C756E671019020B343D2609
:1028D0002F737A6168575E454C3B3229201F160DD5
:1028E000046A6378714E475C55222B3039060F1409
:1028F0001D252C373E0108131A6D647F7649405B15
:10290000523C352E2718110A03747D666F505942C8
:102910004B171E050C333A21285F564D447B7269D4
:10292000600E071C152A233831464F545D626B70C8
:102930007900002110422063308440A550C660E732
:1029400070088129914AA16BB18CC1ADD1CEE1EF64
:10295000F13112100273325222B5529442F772D6FC
:1029600062399318837BB35AA3BDD39CC3FFF3DEB4
:10297000E36224433420040114E664C774A444854C
:10298000546AA54BB528850995EEE5CFF5ACC58D04
:10299000D55336722611163006D776F6669556B49C
:1029A000465BB77AA719973887DFF7FEE79DD7BC54
:1029B000C7C448E5588668A77840086118022823EC
:1029C00038CCC9EDD98EE9AFF9488969990AA92BA4
:1029D000B9F55AD44AB77A966A711A500A333A123C
:1029E0002AFDDBDCCBBFFB9EEB799B588B3BBB1AF4
:1029F000ABA66C877CE44CC55C222C033C600C418C
:102A00001CAEED8FFDECCDCDDD2AAD0BBD688D4943
:102A10009D977EB66ED55EF44E133E322E511E70DB
:102A20000E9FFFBEEFDDDFFCCF1BBF3AAF599F7893
:102A30008F8891A981CAB1EBA10CD12DC14EF16F44
:102A4000E18010A100C230E32004502540467067A9
:102A500060B9839893FBA3DAB33DC31CD37FE35ED5
:102A6000F3B1029012F322D23235421452776256F9
:102A700072EAB5CBA5A89589856EF54FE52CD50DE5
:102A8000C5E234C324A01481046674476424540549
:102A900044DBA7FAB79987B8975FE77EF71DC73C75
:102AA000D7D326F2369106B0165766767615463499
:102AB000564CD96DC90EF92FE9C899E9898AB9AB85
:102AC000A94458654806782768C018E1088238A3E9
:102AD000287DCB5CDB3FEB1EFBF98BD89BBBAB9A15
:102AE000BB754A545A376A167AF10AD01AB32A9239
:102AF0003A2EFD0FED6CDD4DCDAABD8BADE89DC925
:102B00008D267C076C645C454CA23C832CE01CC188
:102B10000C1FEF3EFF5DCF7CDF9BAFBABFD98FF8B4
:102B20009F176E367E554E745E932EB23ED10EF0D8
:102B30001E7C3C3E5E2B3D3F2F5B5D3B2C2A225C86
:102B4000005761726E696E673A00534420436172A8
:102B50006420496E6974204661696C0053442063A7
:102B6000617264206F6B0A006F70656E526F6F74D4
:102B7000206661696C65640A00766F6C756D652E00
:102B8000696E6974206661696C65640A004E6F2025
:102B9000534420636172640A000A4D3234004D329E
:102BA00033202573002E0A006F70656E2066616900
:102BB0006C65642C2046696C653A200046696C653A
:102BC0002073656C65637465640A002053697A65D7
:102BD0003A200046696C65206F70656E65643A2026
:102BE00000454E4420535542524F5554494E450AD4
:102BF000002220706F73002220706172656E743A3B
:102C00002200535542524F5554494E452043414CA2
:102C10004C207461726765743A2200537562636177
:102C20006C6C204F766572666C6F770045786365D3
:102C300065646564206D617820535542524F555448
:102C4000494E452064657074683A002E0A00446558
:102C50006C6574696F6E206661696C65642C2046D2
:102C6000696C653A200046696C652064656C657422
:102C700065643A0057726974696E6720746F2066E4
:102C8000696C653A2000667265736800646F696EEE
:102C900067002066696C653A20004E6F7720002F30
:102CA0006175746F25632E67002001400130013B80
:102CB00001400136016001310170012C01900127B2
:102CC00001B0012201C0011D01F001180110021321
:102CD0000130020E016002090190020401C002FFEE
:102CE000000003FA004003F5008003F000D003EB7E
:102CF000002004E6007004E100E004DC004005D799
:102D000000C005D2004006CD00D006C8008007C331
:102D1000003008BE00F008B900C009B400B00AAF26
:102D200000B00BAA00D00CA500000EA000500F9B15
:102D300000C01096005012910000148C00C015873E
:102D400000B0178200B0197D00D01B7800001E7300
:102D50000040206E0090226900F024640040275F4C
:102D60000090295A00E02B5500102E500020304BC7
:102D70000010324600E033410090353C00103737F8
:102D80000070383200A0392D00B03A2800A03B2353
:102D900000603C1E00103D1900903D1400103E0FD5
:102DA00000703E0A00C03E0500003F0000403FFBAF
:102DB000FF803FF6FFC03FF1FF2020506C616E6E38
:102DC000657242756666657242797465733A200071
:102DD0002046726565204D656D6F72793A2000203E
:102DE000436F6D70696C65643A20536570203231B1
:102DF00020323032360A00204C61737420557064E2
:102E0000617465643A20323032362D30392D3038D5
:102E1000207C20417574686F723A2053796C32318E
:102E2000202B20436C617564650A004D61726C69EA
:102E30006E20322E312E78202876322E312E3129F6
:102E40000A0020536F66747761726520526573655E
:102E5000740A00205761746368646F672052657359
:102E600065740A002042726F776E206F757420526D
:102E7000657365740A002045787465726E616C2014
:102E800052657365740A00506F77657255700A0059
:102E900073746172740A004739310A4731205A311C
:102EA0003020463630300A4739300A4732385859D0
:102EB0000A47312059323930204633303030004D06
:102EC00031303031006572726F72207772697469C7
:102ED0006E6720746F2066696C650A00446F6E65CA
:102EE00020736176696E672066696C652E0A004DF5
:102EF000323900456E6473746F707300255320255A
:102F00006320256320256320256300205A3A002092
:102F1000593A0020583A00656E6473746F707320DC
:102F20006869743A200000000A0B02090C0D0E08B3
:102F30000703040100000000000000000000000082
:102F40000000000000000000000000000000000081
:102F5000000012111000000000000000000000003E
:102F600000000000000000000000000000486F6D3D
:102F7000696E67204661696C656400FFFFFF205A37
:102F80003A200020793A200042656420583A200017
:102F900050726F62696E67204661696C65640A00F1
:102FA00050726F62696E67204661696C65640043A8
:102FB000616E6E6F74206F70656E207375626469E8
:102FC000722000524553554D45204F5054494F4EA5
:102FD000533A0048656174696E672E2E2E0000001A
:102FE000436C69636B20746F206865617400000036
:102FF000526573756D696E672E2E2E000000507538
:103000007267696E672E2E2E0000004C6F61646936
:103010006E672E2E2E000000496E7365727420615B
:103020006E6420436C69636B000000436C69636BE2
:1030300020746F20636F6E74696E756500000045C3
:103040006A656374696E672E2E2E000000506C65F1
:1030500061736520776169742E2E2E000000506127
:10306000726B696E672E2E2E000000220A00556ECC
:103070006B6E6F776E20636F6D6D616E643A2022A8
:10308000006F6B0057616E68616F204439204D4BB3
:1030900032203330302052656164792E00507269DD
:1030A0006E74696E672E2E2E005072696E742050F9
:1030B000617573656400204500205A002059002086
:1030C000204D39322058005374657073207065723A
:1030D00020756E69740000002200250028002B0076
:1030E0002E003100340002010000050108010B012F
:1030F00000002100240027002A002D0030003300AA
:1031000001010000040107010A0105050505070585
:1031100008080808020202020A0A08080404040453
:10312000010101010101010103030303030303037F
:10313000040707070C0C0C0C0C0C0C0C020202020E
:1031400006060606060606060B0B0B0B0B0B0B0BF7
:1031500001021020200808102040102040800201A9
:10316000020108040201010204081020408080408E
:10317000201008040201800402018040201008048D
:10318000020108040201010204081020408001022B
:103190000408102040804572726F72207772697443
:1031A000696E6720746F20454550524F4D210A00CB
:1031B00020746F6F206C6F6E672065787472757302
:1031C000696F6E2070726576656E7465640A0020A2
:1031D000636F6C6420657874727573696F6E2070AC
:1031E000726576656E7465640A0020453A00205A5F
:1031F0003A0020593A00583A0057616E68616F20D2
:103200004439204D4B32203330300000BEE5A0E57C
:1032100011241FBECFEFD1E2DEBFCDBF00E00CBF57
:1032200084B78093D71714BE0FB6F894A8958091F1
:103230006000886180936000109260000FBE14E00F
:10324000A0E0B2E0E4ECFAEF01E00BBF02C00790AF
:103250000D92AE3DB107D9F727E1AEEDB4E001C064
:103260001D92A73DB207E1F719E1C7E0D9E100E0FF
:1032700006C021970109802FFE010E94D8F9C630AF
:10328000D10780E00807A9F70E9433E70C9451FDAD
:103290000C940000809119078F5F809319078A3082
:1032A00018F080EF80937B090895CF93FC01808113
:1032B00091818115904429F5FB01C1816C2F70E04B
:1032C00090E080E00E9428F320E030E048EC52E4F7
:1032D0000E9408FC18160CF4C4E62C2F30E0AFEF67
:1032E000B0E00E9496F924E630E040E050E00E9411
:1032F00070F92F3F310519F010F02FEF30E02093D7
:10330000C014CF91089510921D0781E080931F078C
:103310000895FB0181818F3F19F0882381F0089582
:103320002CE330E030930D0220930C0280931C07B5
:1033300085E08093080281E080931F07089588EC60
:1033400090E090930D0280930C0210921C07F0CF36
:10335000FB0181818093F50681E080931F0708952A
:10336000FB0180819181982789279827893C9105C5
:1033700010F088EC90E090930B0280930A0281E0B9
:1033800080931F070895FB01818191E0980F92308F
:1033900028F48093100281E080931F070895FB01B9
:1033A00081818093090281E080931F070895CF9265
:1033B000DF92EF92FF92CF93DF93FB01C081D18127
:1033C000DC27CD27DC27BE010D2E000C880B990BC6
:1033D0000E942AF36B017C0120E030E040E251E4DE
:1033E0000E9424F387FD0DC020E030E04AEF53E453
:1033F000C701B6010E9408FC18162CF4C4EFD1E0F6
:1034000002C0CAE0D0E0D0931402C093130281E05E
:1034100080931F07DF91CF91FF90EF90DF90CF90C7
:103420000895CF93DF93C091FB07D091FC0781E013
:10343000CE31D105E4F020E030E040E05FE3609180
:10344000F7077091F8078091F9079091FA070E94A9
:10345000E1F90E9425FB6C1B7D0B77FF03C0719582
:103460006195710981E0633071050CF080E0DF91B6
:10347000CF91089587FD26C0811111C08091D30A94
:103480002091D40A8217F1F0E22FF0E0ED52F54FCF
:10349000828190E02F5F2F772093D40A08958130A6
:1034A00089F48091510A2091520A821759F0E22F33
:1034B000F0E0EF5AF54F828190E02F5F2F77209355
:1034C000520A08958FEF9FEF0895CF93DF93DB01AA
:1034D000F9019C919130C1F0943080F094509C930C
:1034E0008830D1F480819181009771F001979183A8
:1034F0008083480F591FEA01188206C08C3539F4C1
:103500009C5F9C93943041F4DF91CF9108958B336D
:1035100039F781E08C93F8CF20813181B9016F5F59
:103520007F4F71836083420F531FEA01888380813C
:1035300091818F3591056CF7E7CF0F931F9381E051
:103540000091C80D1091C90D2091CA0D3091CB0D7D
:103550004091C40D5091C50D6091C60D7091C70D7D
:10356000041715072607370708F480E01F910F910D
:10357000089590E080E0089520910315833021F4B0
:1035800025FD0CC024FD0CC030E0A90102C05595FA
:1035900047958A95E2F7CA018170089581E0089500
:1035A00080E008950F931F93CF93DF93EC0100E821
:1035B00019E0F8012081318142815381688179814C
:1035C0008A819B810E94E1F9688379838A839B8346
:1035D000F80124813581468157816C817D818E81FE
:1035E0009F810E94E1F96C837D838E839F83F80124
:1035F0002085318542855385688579858A859B85B7
:103600000E94E1F9688779878A879B87DF91CF914C
:103610001F910F9108958091370684FD0BC0809112
:10362000390687FD07C090913A06937081E019F43E
:1036300080E0089581E008952FEB280F2A3108F0EB
:1036400047C0E22FF0E08091370690913806A091B4
:103650003906B0913A0604C0B695A7959795879517
:103660002A95D2F780FD02C081700895E75BFA4F7A
:10367000E081EE2341F18091960990919709E80F3E
:10368000F92FF11D808190ED980F9A3030F08E3235
:1036900051F4818180538A3098F4F0934005E0938F
:1036A0003F0581E008958D3211F08B3249F481811C
:1036B00090ED980F9A3088F38E3211F48281EACF20
:1036C000F0E0E0E0EACF1092400510923F05E9CF2C
:1036D00080E00895B1DF882341F081E020913F052B
:1036E00030914005232B09F480E008950F931F9338
:1036F000CF93DF93C82FD0E0FE01EE0FFF1FE75EF0
:10370000FD4F71836083CC0FDD1FCC0FDD1F8E0159
:10371000095A1D4F072E000C880B990B0E942AF3A3
:103720002AE037ED43E25CE30E9489F3CA5AD84F9E
:10373000288139814A815B810E9489F3F801608385
:10374000718382839383DF91CF911F910F910895AD
:10375000FC01808191818B30904259F4FB016081A2
:10376000718176276727762780E0C0DF81E080932C
:103770001F07089580915A0781110EC020911F02E2
:10378000309120022150310981E04091ED0D50919E
:10379000EE0D421753070CF080E008958F929F9230
:1037A000AF92BF92CF92DF92EF92FF92FC018281A3
:1037B00058E5C52E52E0D52EC81AD10887FDD394FE
:1037C000CC0CDD1CCC0CDD1C0D2C000CEE08FF0815
:1037D000818178E8872E912C881A910887FD93942F
:1037E000880C991C880C991C092C000CAA08BB0891
:1037F00080818F3FD1F190E0FC01EE0FFF1FE80FB9
:10380000F91FE15FF14F8181928133E0880F991FA9
:103810003A95E1F7B0E0A0E044E0B595A79597951B
:1038200087954A95D1F702969C012F5F3F4F032E53
:10383000000C440B550B281939094A095B09A4EB04
:10384000B0E00E948CF9A7019601281939094A09AC
:103850005B090E9470F9C901FF90EF90DF90CF9053
:10386000BF90AF909F908F90089590E080E0DCCF64
:10387000FB01818180936B070C94A3A00C94A3A0FF
:10388000CF93FB01C181C13031F40E948E9E811122
:1038900004C0C0931F07CF9108950E94819DF9CF66
:1038A000CF93DF93EB010E94C59F811106C083E196
:1038B0009BE1DF91CF910C94F4D188819981982775
:1038C0008927982720911C072F3F29F02223A9F050
:1038D000DF91CF9108958437910514F083E790E04C
:1038E0008530910514F485E090E090930D0280936B
:1038F0000C0281E080931F07EBCF833221E0920717
:103900007CF382E291E0ECCFE8EFF6E081E2DF01C8
:103910001D928A95E9F781E080931F070895CF9360
:10392000FB018091F506813029F050F1823019F1C8
:10393000CF91089560E070E080E89FE3218122301C
:1039400069F118F5222319F09058213089F7C0E069
:1039500024E0C29FF0011124EF5BF54F20813181FB
:10396000428153810E94E1F94C2F0E94D0CF81E027
:1039700080931F07DDCF6DEC7CEC8CEC9DE3DECFFC
:1039800060E070E080E291E4D9CF243021F028F0AB
:103990009058253069F6C2E0DBCF9058C1E0D8CF0F
:1039A000CF93DF93EC01FB0160817181762767275C
:1039B0007627072E000C880B990B0E942AF320E033
:1039C00030E040E251E40E94BDFA28813981213281
:1039D000F0E23F0749F0223240E2340771F0203232
:1039E000304241F440E001C041E00E94D0CF81E08C
:1039F00080931F07DF91CF91089542E0F6CF8F9219
:103A00009F92AF92BF92CF92DF92EF92FF92CF93AD
:103A1000DF9380917E098770873071F081E699E1AC
:103A2000DF91CF91FF90EF90DF90CF90BF90AF905C
:103A30009F908F900C94F4D1EB010E94C59F81114F
:103A400003C083E19BE1ECCF8981833009F454C04A
:103A5000B8F4813009F466C0C12CD12C60EFE62E99
:103A600061E4F62E823009F45AC0DF91CF91FF90C5
:103A7000EF90DF90CF90BF90AF909F908F90089580
:103A8000843009F446C0C12CD12C97E8E92E93E488
:103A9000F92E812C912C20EFA22E21E4B22E85301C
:103AA00021F720E030E040E850E46091490A70914D
:103AB0004A0A80914B0A90914C0A0E94E1F942E037
:103AC0000E94D0CF40E0C501B4010E94D0CF41E0B8
:103AD000C701B6010E94D0CF42E060E070E0CB01A8
:103AE000DF91CF91FF90EF90DF90CF90BF90AF909C
:103AF0009F908F900C94D0CFC12CD12C40EFE42E0E
:103B000041E4F42E812C912C57E8A52E53E4B52ED8
:103B1000C8CFC12CD12C37E8E32E33E4F32E460175
:103B20005701BFCFC12CD12C86E1E82E83E4F82EBB
:103B3000F6CFCF93DF93EB010E94C59F811106C0A2
:103B400083E19BE1DF91CF910C94F4D1809110023D
:103B50008F5F8230C0F420E030E04AE253E46091AD
:103B6000E90D7091EA0D8091EB0D9091EC0D0E94A2
:103B700024F387FF03C081E799E1E4CF898188239B
:103B800029F0813039F1DF91CF91089560910A02D7
:103B900070910B0290E080E00E9428F39B01AC0141
:103BA00060914D0A70914E0A80914F0A9091500A8F
:103BB0000E94E0F960934D0A70934E0A80934F0A79
:103BC0009093500A60E070E080E090E4DF91CF9144
:103BD0000C940A9460910A0270910B0290E080E0CC
:103BE0000E9428F320914D0A30914E0A40914F0ACD
:103BF0005091500A0E94E1F9DDCFFB0181818823B9
:103C000019F0813079F008956AE077ED83E29CE362
:103C10000E946AD00E9448D20E94A3A081E08093B3
:103C20001F0708956AE077ED83E29CEBF1CFFB017B
:103C300060817181762767277627072E000C880B15
:103C4000990B0E942AF320E030E048EC52E40E94F5
:103C5000BDFA2091630E3091640E4091650E509133
:103C6000660E0E94E0F90E946AD00E9448D20E942B
:103C7000A3A081E080931F070895CF93DF93EB010A
:103C80000E94C59F811104C0DF91CF910C9485A340
:103C9000898190910902923029F09330C1F0DF912F
:103CA000CF910895882371F06DEC7CEC8CEC9DEB4A
:103CB0000E946AD00E9448D20E94A3A081E0809313
:103CC0001F07EDCF6DEC7CEC8CEC9DE3F1CF8823EE
:103CD00029F06AE077ED83E29CEBEACF6AE077EDCA
:103CE00083E29CE3E5CFFB018181813031F08230BA
:103CF00039F081E080931F0708950E949982F9CFDF
:103D00000E947182F6CFCF93FB01C181C13051F483
:103D10000E94749E811108C00E948E9E811104C071
:103D2000C0931F07CF910895CF910C94819DCF939D
:103D3000FB01C181C13031F40E94749E811104C025
:103D4000C0931F07CF91089542E359E169E379E1F8
:103D500084E00E94F4CB89EA90E30E944FC88EE28F
:103D600099E19093390980933809ECCFCF93DF9391
:103D7000EB010E94C59F811104C0DF91CF910C948B
:103D800081A368817981762767277627072E000C23
:103D9000880B990B0E942AF320E030E048EC52E4B3
:103DA0000E94BDFA2091630E3091640E4091650E21
:103DB0005091660E0E94E0F90E946AD00E9448D29B
:103DC0000E94A3A081E080931F07DF91CF91089507
:103DD00080910E0290910F0297FF04C08DE199E14E
:103DE0000C94F4D10E94D5DC882389F08091CC0D0D
:103DF00085FD0DC00E94C59F811102C00C9481A356
:103E000088E999E00E94A0D383E080937B0908951C
:103E1000CF93DF93FB0181818130D1F040F082307C
:103E200019F181E080931F07DF91CF910895809170
:103E3000CC0D86FDF9CF10921B0710921A078FEF59
:103E40009FEF90930F0280930E020E9414D3E9CF4C
:103E500080911A0790911B07009731F30197909377
:103E60001B0780931A07DDCFC0911A07D0911B075B
:103E700026960E9487DC8C179D07B0F280911A0766
:103E800090911B070196EBCF1F93CF93DF93EC012B
:103E9000FB011181888199818130904269F4809180
:103EA000CC0D84FD07C083EF98E1DF91CF911F9186
:103EB0000C94F4D10E94FDD2888199818230904285
:103EC00059F40E94749E882319F08AED98E1EDCF91
:103ED0000E948E9E8111F9CF888199818330904212
:103EE00031F010937B09DF91CF911F9108950E94CB
:103EF000749E8111F6CF0E948E9E8111F2CF83ECC9
:103F000098E1D3CFFC0101900020E9F79F012150F7
:103F10003109281B390B2F33310540F4FC01E20F26
:103F2000F31F60832E33310509F011820895CF937A
:103F3000DF93EC0140E450E00E9410F2CE01DF91EB
:103F4000CF910895AB01BC014093C80D5093C90DAA
:103F50006093CA0D7093CB0D83E297E10C9498D7D0
:103F6000EF92FF920F931F93CF93DF93CDB7DEB7FE
:103F700064970FB6F894DEBF0FBECDBF7C01FB0186
:103F800060817181828193818E010F5F1F4F248137
:103F900041E00E9442EEF70101900020E9F79F0105
:103FA000215031092E193F092E31310550F44FE1CE
:103FB00050E0421B530BBC01C701820F931F0E94AC
:103FC0006DF2C70164960FB6F894DEBF0FBECDBF89
:103FD000DF91CF911F910F91FF90EF900895CF93B4
:103FE000DF93EC01FC0101900020E9F7CF0101977C
:103FF0008C1B9D0B8F33910540F440E450E0481B2F
:10400000590B8C0F9D1F0E946DF2CE01DF91CF9155
:104010000895EF92FF920F931F93CF93DF93CDB745
:10402000DEB764970FB6F894DEBF0FBECDBF7C013C
:10403000FB0160817181828193818E010F5F1F4F2F
:10404000248141E00E9442EEBC01C701C8DF6496B2
:104050000FB6F894DEBF0FBECDBFDF91CF911F9199
:104060000F91FF90EF9008950C94BEC580913F058D
:1040700090914005009731F04AE050E070E060E038
:104080000C94E2F060E070E0CB01089580913F0570
:1040900090914005009731F04AE050E070E060E018
:1040A0000C94B5EF60E070E0CB010895EFDF97FD71
:1040B0000AC0ECDF6F3F71058105910509F02CF412
:1040C000E5DF862F089580E008958FEF0895CF9360
:1040D000C62F00DB882311F0CF91E8CF8C2FCF9132
:1040E000089580913F0590914005892B39F0DEDFDE
:1040F00091E0811101C090E0892F089591E0FCCFFB
:10410000CF93DF93C82FD62FE5DA882319F0DF91FC
:10411000CF91E7CF8C2F90DA811101C08D2FDF91E5
:10412000CF910895B3DFCB010895CF93DF93EB01D7
:10413000D1DA882319F0DF91CF91F4CFCE01DF914E
:10414000CF9108950F931F93CF9380913F05909146
:104150004005009709F1FC018F01C1912C2F2F7DA3
:10416000A1F0C53431F0C53621F0C83511F0C8379B
:1041700099F7F801108270E060E00E945FEEF801AC
:10418000C083CF911F910F91089570E060E0CF91AF
:104190001F910F910C945FEE60E070E0CB01F1CFC6
:1041A000CF92DF92EF92FF926A017B0193DA88232C
:1041B00029F0FF90EF90DF90CF90C4CFC701B601F8
:1041C000FF90EF90DF90CF900895EF92FF920F93C2
:1041D0001F93CF93DF93CDB7DEB72C970FB6F8942C
:1041E000DEBF0FBECDBF7C017F936F9387EC94E061
:1041F0009F938F938E010F5F1F4F1F930F930E940A
:1042000021FDB801C701EBDE0F900F900F900F90CA
:104210000F900F902C960FB6F894DEBF0FBECDBF57
:10422000DF91CF911F910F91FF90EF900895EF9242
:10423000FF920F931F93CF93DF93CDB7DEB7A49771
:104240000FB6F894DEBF0FBECDBFF82E8093F009F5
:104250008FE18F1508F489C08091EF09F81624F0DA
:1042600081E08F0D8093EF0981E090E00F2C02C078
:10427000880F991F0A94E2F7092E000CAA0BBB0BBA
:104280004091F1095091F2096091F3097091F4099C
:1042900084239523A623B72321E0892B8A2B8B2BFC
:1042A00009F420E02093EE09F7FC62C04FE150E0F2
:1042B0006BE475E08E010F5F1F4FC8010E9410F282
:1042C000F80101900020E9F7CF010197801B910BC5
:1042D0008E31910560F420E2F801E80FF91F208388
:1042E0008D31910521F08C0F9D1FFC0112828F2DC5
:1042F0000F2C000C990B9F93FF9287EC94E09F93F7
:104300008F937E01F0E2EF0EF11CFF92EF920E947C
:1043100021FDF80101900020E9F7CF010197801BF2
:10432000910B0F900F900F900F900F900F908E3178
:10433000910548F44FE150E0481B590BB701800F3D
:10434000911F0E946DF240E060E0C8010E94A99DAB
:10435000A4960FB6F894DEBF0FBECDBFDF91CF910C
:104360001F910F91FF90EF9008951092EE099CCF4E
:104370000E946ECBEDCFCF92DF92EF92FF92CF9360
:104380006B017C01C42F809104158F5F09F4CEC0AE
:1043900080930415809104158093BE1520E030E0D1
:1043A00040E752E460911502709116028091170265
:1043B000909118020E9489F30E942AFB70931615AF
:1043C0006093151580911302909114029093181523
:1043D000809317158091190290911A0290931A15E3
:1043E00080931915C0921B15D0921C15E0921D15D3
:1043F000F0921E158091BD15C0FB80F98093BD150C
:1044000087E0EEEEF9E0AFE1B5E101900D928A951B
:10441000E1F78CE0EBE2F9E0A6E2B5E101900D9264
:104420008A95E1F78CE0E0E8F9E0A2E3B5E10190DC
:104430000D928A95E1F7809179079091BD1580FBE7
:1044400094F99093BD15882381F080917507909120
:104450007607A0917707B091780780933E159093E7
:104460003F15A0934015B09341158091ED0D9091AB
:10447000EE0D90934315809342158091FB07909128
:10448000FC0790934515809344158091C014809348
:1044900046158091BD159091AE0990FB83F98093EC
:1044A000BD158091AF099091B009A091B109B0916B
:1044B000B2098093471590934815A0934915B0937E
:1044C0004A150E94569B6093B8157093B915809356
:1044D000BA159093BB15809103158093BC159091EC
:1044E000F5098091BD1593FB81F990915A0790FBD6
:1044F00082F98093BD1580E00E948FE040E050E09B
:10450000BA0184EC95E10E9498D74BEB50E064E04F
:1045100075E184EC95E10E94BAD884EC95E1CF91E5
:10452000FF90EF90DF90CF900C94027E81E030CF2F
:104530000E94BFC60E948EC61092E0070895AF92F7
:10454000BF92CF92DF92EF92FF920F931F93CF9380
:104550005C016B018A0189519B4F7C01DC01CC918C
:10456000C7FF3DC0FB0111821082CF5FD701CC9302
:10457000CC300CF053C08CE08A9DF0018B9DF00D87
:104580001124CF018C0F911DC7FD9A952091570ED4
:104590002817190609F00CF441C0F6012081318179
:1045A000FC01EE0FFF1FE80FF91FE15FF14F818162
:1045B0009281820F931FD80111969C938E938081D4
:1045C00087FF3DC061E08F77CF911F910F91FF90E2
:1045D000EF90DF90CF90BF90AF900C94C2D08CE062
:1045E0008A9DF0018B9DF00D1124CF018C0F911D40
:1045F000C7FD9A952091570E2817190609F00CF45B
:10460000B4CFFC01EE0FFF1FE80FF91FE15FF14F80
:10461000808160E08F770E94C2D0A7CFF6018081B1
:10462000918104968034FCE99F0710F480E49CE9B2
:10463000D80111969C938E938FEFF7018083CF91D1
:104640001F910F91FF90EF90DF90CF90BF90AF90B0
:10465000089525E934E1F901459154914115510539
:1046600071F04817590741F4CB014AE050E0B90115
:104670000E94EAF181E00895265F3F4F61F780E0F4
:1046800008956091EA0370E090E080E00E9428F3D2
:1046900020E030E048EC52E40E9489F320E030E072
:1046A0004FE753E40E94BDFA20E030E0A9010E94E8
:1046B000E1F90E9414FC862F0895CF93DF93C091F7
:1046C000FB07D091FC07209729F16091F7077091C3
:1046D000F8078091F9079091FA070E9425FB6E5F19
:1046E0007F4F24976C177D07ACF47093E3076093BA
:1046F000E2070E94E8D1605679478E4F9F4F609342
:10470000E4077093E5078093E6079093E707DF914E
:10471000CF9108951092E4071092E5071092E607F2
:104720001092E707F4CF2F923F924F925F926F92D1
:104730007F928F929F92AF92BF92CF92DF92EF9231
:10474000FF920F931F93CF93DF93D62FC72FFC01B8
:1047500080809180A280B380C501B40120E831E55A
:1047600041E050E00E944EF9C9016DE671E00E94FF
:10477000B1F96B017C01C501B40120E13EE040E0EC
:1047800050E00E944EF9CA01B90128E130E040E052
:1047900050E00E944EF9362E272E062F172F8CE35D
:1047A000482E512C612C712CC501B401A30192013A
:1047B0000E944EF9B62EA72ECA01B901A30192019B
:1047C0000E944EF9CB01C114D10479F1AF92BF928E
:1047D0007F936F932F923F92FF92EF92DF92CF924F
:1047E0008FE991E19F938F93CF93DF930E94BDF266
:1047F0008DB79EB70E960FB6F8949EBF0FBE8DBFB5
:104800008D2F9C2FDF91CF911F910F91FF90EF90F3
:10481000DF90CF90BF90AF909F908F907F906F90E0
:104820005F904F903F902F900895E114F104C9F0EC
:10483000AF92BF927F936F932F923F92FF92EF922E
:104840008FE891E19F938F93CF93DF930E94BDF206
:10485000EDB7FEB73C960FB6F894FEBF0FBEEDBFA6
:10486000CFCF012BB9F0AF92BF927F936F932F926E
:104870003F9283E891E19F938F93CF93DF930E94C0
:10488000BDF28DB79EB70A960FB6F8949EBF0FBEC5
:104890008DBFB6CF892BA9F0AF92BF927F936F9354
:1048A0008BE791E19F938F93CF93DF930E94BDF2AB
:1048B000EDB7FEB738960FB6F894FEBF0FBEEDBF4A
:1048C0009FCFAF92BF9287E791E19F938F93CF9352
:1048D000DF930E94BDF20F900F900F900F900F90FA
:1048E0000F908ECF8F929F92AF92BF92CF92DF9216
:1048F000EF92FF920F931F93CF93DF931092640573
:10490000109263052FE320936805109267051092BB
:1049100066051092650510923706109238061092BF
:10492000390610923A069C01F90190812F5F3F4FA2
:104930009032D1F39E34C9F4818190ED980F9A3072
:1049400020F08D3211F08B3281F432969F012F5F6F
:104950003F4F808180538A3008F44CC09F012F5F05
:104960003F4F8081803209F447C0F0939709E0936C
:1049700096098F010F5F1F4FC0816AE270E0C80186
:104980000E94E7FC009731F0FC0131978081803272
:10499000E1F31182CD3421F0C43511F0C734E9F4CC
:1049A000D8018C910F5F1F4F8032D1F380538A3032
:1049B000A0F4C093680530E020E06AE0FD01319684
:1049C0008C9180532A3999E13907D0F030936705EB
:1049D000209366058FE380936805DF91CF911F9147
:1049E0000F91FF90EF90DF90CF90BF90AF909F908E
:1049F0008F900895F901AACFF901B0CFDF01DECF82
:104A0000293999E1390711F4863000F7629FA00136
:104A1000639F500D11249A01280F311D808190ED64
:104A2000980F9A3058F330936705209366058E32BD
:104A300061F4129690E04AE0FD011196808150EDFC
:104A4000580F5A30C0F090936505DF0131968C9174
:104A50008032D9F3CD34F9F42E31310539F088F4B0
:104A60002731310519F02C313105A9F4B0936405D3
:104A7000A0936305B2CF949F800D112490ED980F01
:104A8000DBCF2537310538F02737310578F3203A69
:104A9000E3E03E0759F3D091960940E050E0BA01B7
:104AA00010E000E0C12CD12C7601C394FD013196B9
:104AB0008C91882309F47FC08132E1F4CD34D1F4A4
:104AC00020323105B9F4409337065093380660938D
:104AD000390670933A06F0936405E093630563E248
:104AE00070E0CF010E94E7FC009709F476CFFC014B
:104AF000108273CF81548A3108F058C0DF019D9134
:104B0000903291F0A0EDA90FAA30E8F09E3271F436
:104B1000918190539A30B8F00115110519F48F0165
:104B20000150110990E013C0FD01E8CF9D3211F052
:104B30009B3291F79181A0EDA90FAA3020F09E320F
:104B400059F79281E6CF9E2F9D1B309759F3A82FDE
:104B5000B0E04601570104C0880C991CAA1CBB1C7C
:104B60008A95D2F7482959296A297B29A75BBA4F28
:104B70009C9380818154DF018A3108F497CFDF0153
:104B80008191882309F492CF90ED980F9A30B8F371
:104B900093ED980F923098F38B3289F3CD01019603
:104BA000EC91E03209F082CFDC01F8CF011511055C
:104BB00001F78D01DECF10936405009363054093E8
:104BC0003706509338066093390670933A0605CF3E
:104BD000CF93DF93EC018991882319F00E94BEC521
:104BE000FACF8DE00E94BEC58AE0DF91CF910C9490
:104BF000BEC50C94CEC790917F09992321F0682FF0
:104C000080E00E947A9980E00895682F70E090E03B
:104C100080E00C9436C81F93CF93DF931BEBC4E066
:104C2000D5E1FE01812F11928A95E9F70E94E9D220
:104C3000882359F0FE0111921A95E9F784E994E06E
:104C4000DF91CF911F910C94B4E0DF91CF911F9130
:104C5000089580910415882361F09091BE15891301
:104C600008C08091CC0D84FF04C08BE495E10C94C6
:104C7000A1DE80E00895FC01238121110C94027EC5
:104C80000895CF93DF93C091ED0DD091EE0D209755
:104C900029F16091E90D7091EA0D8091EB0D9091F1
:104CA000EC0D0E9425FB6E5F7F4F26976C177D07EA
:104CB000ACF470930808609307080E94E8D1605430
:104CC0007B428E4F9F4F6093090870930A08809330
:104CD0000B0890930C08DF91CF910895109209086A
:104CE00010920A0810920B0810920C08F4CFCF9380
:104CF000DF93EC018991882319F00E94BEC5FACF99
:104D0000DF91CF910895682F70E090E080E00C94DF
:104D1000CEC7CF93C1E020E030E0A90160916307E6
:104D20007091640780916507909166070E9424F353
:104D3000811101C0C0E08C2FCF910895CF93C82F6F
:104D4000882319F0E6DF8823C9F08091AE098C171B
:104D5000A9F00E947A8781E49AE00E947789809185
:104D6000AE0991E089278093AE09882321F081E480
:104D70009AE00E945786CF910C94EC95CF910895BC
:104D80000E94C59F811102C00C9481A380E0D6DFF0
:104D90000E94A3A081E080931F0708954F925F9225
:104DA0006F927F928F929F92AF92BF92CF92DF923B
:104DB000EF92FF920F931F93CF93DF93EC0120911B
:104DC0005B0730915C0740915D0750915E076881F9
:104DD00079818A819B810E94E0F96B017C0120919D
:104DE0005F073091600740916107509162076C81C5
:104DF0007D818E819F810E94E0F94B015C01A701BA
:104E00009601609127057091280580912905909160
:104E10002A050E9424F3882309F45AC0C09227056A
:104E2000D0922805E0922905F0922A0520911F05CD
:104E3000309120054091210550912205C701B6010E
:104E40000E9489F32B013C010E9456FB6B017C01FF
:104E500020E030E0A9010E9424F387FD7AC020E021
:104E600030E040E850E4C701B6010E9408FC181683
:104E700034F4C12CD12CC0E8EC2EC0E4FC2EA701E8
:104E80009601C301B2010E94E0F92B013C0120E030
:104E900030E0A9010E9424F387FD5FC0409217050E
:104EA000509218056092190570921A05C701B60153
:104EB0000E9425FB60931505062E000C770B6F5F93
:104EC0007F4F6430710514F064E070E06093130567
:104ED000D091110510911505A501940160912B0544
:104EE00070912C0580912D0590912E050E9424F340
:104EF00081113CC0D11394C02091F9043091FA047F
:104F00004091FB045091FC046091170570911805C5
:104F10008091190590911A050E9489F32091FD0452
:104F20003091FE044091FF04509100050E94E1F988
:104F3000DF91CF911F910F91FF90EF90DF90CF9075
:104F4000BF90AF909F908F907F906F905F904F90A9
:104F50000895C12CD12C760192CF10921705109292
:104F600018051092190510921A05A0CF80922B05F2
:104F700090922C05A0922D05B0922E05209123052C
:104F8000309124054091250550912605C501B401B5
:104F90000E9489F34B015C010E9456FB6B017C016E
:104FA00020E030E0A9010E9424F387FDFDC020E04D
:104FB00030E040E850E4C701B6010E9408FC181632
:104FC00034F4C12CD12CB0E8EB2EB0E4FB2EA701B9
:104FD0009601C501B4010E94E0F94B015C0120E09B
:104FE00030E0A9010E9424F387FDE2C080921B05F6
:104FF00090921C05A0921D05B0921E05C701B60136
:105000000E9425FB60931605062E000C770B6F5F40
:105010007F4F6430710514F064E070E06093140514
:10502000C0911605D11305C0809112058C1709F4A3
:1050300070C080911505909116059093120580938C
:1050400011050C2E000CDD0B25E01203C00111240C
:10505000FC01EC0FFD1FEE0FFF1FEE0FFF1FE658C8
:10506000F84F208131814281538120930D05309387
:105070000E0540930F055093100500911405002E66
:10508000000C110BFC01E00FF11FEE0FFF1FEE0FE4
:10509000FF1FE658F84F60817181828193810E94E1
:1050A000E0F96093090570930A0580930B059093CE
:1050B0000C052091130535E02303F0011124CE0FD8
:1050C000DF1FCC0FDD1FCC0FDD1FC658D84F288146
:1050D00039814A815B812093050530930605409311
:1050E000070550930805E00FF11FEE0FFF1FEE0FAD
:1050F000FF1FE658F84F60817181828193810E9481
:10510000E0F9609301057093020580930305909385
:10511000040580901B0590901C05A0901D05B09083
:105120001E052091090530910A0540910B0550910B
:105130000C05C501B4010E9489F320910D05309141
:105140000E0540910F05509110050E94E1F96B0189
:105150007C01C092FD04D092FE04E092FF04F09224
:105160000005209101053091020540910305509101
:105170000405C501B4010E9489F320910505309111
:10518000060540910705509108050E94E1F9A70125
:1051900096010E94E0F96093F9047093FA048093F9
:1051A000FB049093FC04A8CEC12CD12C76010FCF28
:1051B00010921B0510921C0510921D0510921E05E1
:1051C0001DCFE7E2F5E080EF9FEFA9E7B4EC848321
:1051D0009583A683B78380839183A283B383E1E120
:1051E000F5E08DE98183808308958F929F92AF923D
:1051F000BF92CF92DF92EF92FF92FC0198E0A3E67C
:10520000B7E001900D929A95E1F788E0FB01ABE5DC
:10521000B7E001900D928A95E1F7C0906307D090B6
:105220006407E0906507F090660720E030E0A90190
:10523000C701B6010E9424F38823E1F1A70196017A
:1052400060E070E080E89FE30E94BDFA6B017C01A2
:105250008090670790906807A0906907B0906A07F0
:1052600020E030E0A901C501B4010E9424F38823A5
:1052700029F1A501940160E070E080E89FE30E94BD
:10528000BDFAC0921F05D0922005E0922105F09250
:105290002205609323057093240580932505909340
:1052A0002605FF90EF90DF90CF90BF90AF909F903A
:1052B0008F900895C12CD12C7601CACF60E070E0A8
:1052C000CB01DFCF8F929F92AF92BF92EF92FF926E
:1052D0000F931F93CF93DF9310925F071092600795
:1052E000109261071092620710925B0710925C07A0
:1052F00010925D0710925E07109267071092680780
:105300001092690710926A0710926307109264075F
:1053100010926507109266070AE717E0C0E0812C3B
:10532000912C80ECA82E8FE7B82E7801D0E0F70101
:1053300081929192A192B1927F016D2F8C2F0E9448
:10534000B2A0DF5FD53099F7CF5F0C5E1F4FC5303D
:1053500061F7DF91CF911F910F91FF90EF90BF9078
:10536000AF909F908F900895EFE6F0E0808182608B
:10537000808308958091900990919109892B79F407
:105380008091900990919109892B49F4209190097D
:105390003091910981E0232B19F480E0089581E098
:1053A0000895CF93DF93EC01FE0184912196882329
:1053B00019F00E943420F8CFDF91CF910895CF9358
:1053C000DF93EB01EEDFCE01DF91CF9190CCCF9256
:1053D000DF92EF92FF926A017B01E3DF42E0C701B7
:1053E000B601FF90EF90DF90CF900C9462C88BE2F3
:1053F00095E0D7CF85E295E0D4CF8AE00C943420B5
:10540000CF93DF936BE471E10E94C4CAC091670E31
:10541000D091680E488159816A817B8182E491E153
:10542000D6DF4C815D816E817F818CEB90E3CFDF95
:105430004091630E5091640E6091650E7091660EFE
:1054400089EB90E3C4DF8FE391E1ABDF8BEB9FE16E
:10545000A8DFDF91CF91D1CF0F931F93CF938C0112
:10546000C62F89E09EE09DDFC8019BDF8AE30E9492
:10547000BEC580E38C0F0E943420CF911F910F9105
:10548000BCCFCF9385E090E18CDFB7DFE0915C0289
:1054900082E6E89FF0011124E154FD4FC08160E0F5
:1054A00085EF9FE0D9DF60E080EE9FE0D5DF61E02F
:1054B00089ED9FE0D1DF61E08EEC9FE0CDDF60E021
:1054C0008FEB9FE0C9DF61E08FEA9FE0C5DF60E01E
:1054D00086EA9FE0C1DF61E08CE99FE0BDDF61E02B
:1054E00082E99FE0B9DF61E08BE89FE0B5DF61E032
:1054F00083E89FE0B1DF61E085E79FE0ADDF60E03A
:1055000087E69FE0A9DF60E088E59FE0A5DF60E037
:105510008AE49FE0A1DF60E084E39FE09DDF60E03C
:1055200083E29FE099DF61E08EE09FE095DF61E03C
:105530008FEF9EE091DF61E088EF9EE08DDF60E01D
:105540008BEE9EE089DF60E084EE9EE085DF61E027
:105550008BED9EE081DF60E086EC9EE07DDF60E029
:1055600088EB9EE079DF60E08EEA9EE075DF60E028
:1055700087E99EE071DF60E08AE89EE06DDF61E030
:1055800087E79EE069DF60E08AE69EE065DF61E034
:1055900085E69EE061DF61E088E59EE05DDF60E03A
:1055A0008CE49EE059DF60E088E39EE055DF60E038
:1055B00085E29EE051DFC7FD1AC060E08091C01512
:1055C0009091C115CC2339F0C13089F461E080910C
:1055D000C2159091C3150E94B91A682F61708CE1B1
:1055E0009EE03ADF60E08EE09EE0CF9135CF80E034
:1055F000F4CFCF92DF92EF92FF926A017B01D1DE6E
:10560000C701B6010E9436C8FF90EF90DF90CF909F
:10561000F4CE0F931F93CF93883038F5082F082EC0
:10562000000C110BC091BF1591E001C0990F8A9534
:10563000EAF79093BF150E9453C887E6809FF00158
:10564000819FF00D1124E759FA4F40815181628109
:1056500073814F5F5F4F6F4F7F4F8EE691E1C9DFE0
:105660008AE691E19EDEC093BF15CF911F910F9105
:105670000895EF92FF920F931F93CF93DF937C01D6
:10568000C62F062F062E000C110B80E0683028F480
:1056900081E001C0880F6A95EAF7D091BF15809329
:1056A000BF15A5DE87E6809FF001819FF00D1124D4
:1056B000E759FA4F4081518162817381C70199DFB7
:1056C0008C2F0E943A1A0196D9F78C2FA2DF87E619
:1056D000809FF001819FF00D1124E759FA4F158248
:1056E0001482D093BF15DF91CF911F910F91FF903E
:1056F000EF9008950F931F93CF93811111C0C42F82
:105700008B0178DE84E29CE04CDEC8014ADECC23CB
:1057100039F08AE30E943420CF911F910F916DCE12
:10572000CF911F910F910895CF93C82F41E062EF61
:1057300079E0E0DFC11101C05DDE40916D0750915D
:105740006E0760916F077091700789EE99E03FDEF8
:1057500040917107509172076091730770917407BF
:1057600086EE99E034DE83EE99E01BDE8BEB9FE161
:1057700018DECF9142CECF93C82F41E069EC78E09C
:10578000B9DFC11101C036DE4091010E5091020E09
:105790006091030E7091040E80EC98E018DE21E712
:1057A00032EB47E25EE36091050E7091060E809148
:1057B000070E9091080E0E94BDFAAB01BC018DEB63
:1057C00098E005DE21E732EB47E25EE36091090EE7
:1057D00070910A0E80910B0E90910C0E0E9489F32D
:1057E000AB01BC018AEB98E0F2DDCF9106CECF92FF
:1057F000DF92EF92FF926A017B01D3DD42E0C701A5
:10580000B6010E9462C8FF90EF90DF90CF90F5CD77
:10581000CF93DF936DEF7DE00E94C4CACBE2D9E065
:10582000488159816A817B8184EF9DE0D0DD4C8184
:105830005D816E817F818CEB90E3C9DD4885598560
:105840006A857B8589EB90E3DF91CF91D0CFCF93B1
:10585000DF9361E478E00E94C4CA6091060A709107
:10586000070A8091080A9091090A0E9428F3AB0167
:10587000BC0188E398E0ABDD4091360A5091370ACD
:105880006091380A7091390A85E398E0A0DD409173
:105890003A0A50913B0A60913C0A70913D0A82E3BA
:1058A00098E095DDC8EBD9E0488159816A817B8118
:1058B00081E29CE08CDD4C815D816E817F818CEB8F
:1058C00090E385DD488559856A857B8589EB90E382
:1058D0007EDD4C855D856E857F8586EB90E3DF916F
:1058E000CF9185CFCF93DF9368EE77E00E94C4CA53
:1058F000C6EFD9E04CA95DA96EA97FA98FED97E00D
:1059000066DD48AD59AD6AAD7BAD8CED97E05FDDEE
:105910004CAD5DAD6EAD7FAD82E398E0DF91CF9190
:1059200066CFCF93DF9364EC77E00E94C4CAC6EFE2
:10593000D9E04CA15DA16EA17FA18BEB97E047DD83
:1059400048A559A56AA57BA58CEB90E340DD4CA545
:105950005DA56EA57FA589EB90E339DD48A959A91E
:105960006AA97BA986EB90E332DDDF91CF9145CD2B
:10597000CF93DF936FE977E00E94C4CAC6EFD9E006
:10598000688179818A819B810E9428F3AB01BC01E7
:1059900086E997E01CDD6C817D818E819F810E946C
:1059A00028F3AB01BC018CEB90E311DD68857985B0
:1059B0008A859B850E9428F3AB01BC0189EB90E3AB
:1059C00006DD6C857D858E859F850E9428F3AB0161
:1059D000BC0186EB90E3FBDCDF91CF910ECDCF9342
:1059E000811110C007DD84E29CE0DBDC84E897E0F5
:1059F000D8DC80917907811103C087E797E0D1DC7B
:105A0000FCDCF8DCC09179078EE697E0CADC8C2FCD
:105A1000FCD8409175075091760760917707709197
:105A200078078BE697E0CF91E2CECF93DF93EB013F
:105A3000B8DCCE01B6DCDF91CF91DFCCCF9364E14F
:105A40007AE00E94C4CAC0916C07C05D8BE09AE006
:105A5000A8DC8C2F0E94BEC580916C0769EE7FE1A7
:105A6000882311F06DEE7FE187E09AE0CF91DDCFE2
:105A70000F931F93CF93DF938C01D62FC091BF1547
:105A80008FEF8093BF1585E595E08BDCC80189DC3D
:105A9000D111B3DCC093BF15DF91CF911F910F914E
:105AA00008950F931F93CF93DF938C01D62FC0914E
:105AB000BF158FEF8093BF1560E08BE795E0D8DFCF
:105AC000C8016FDCD11199DCC093BF15DF91CF9174
:105AD0001F910F910895EF92FF921F93CF93DF9341
:105AE0007C0160E082E995E0DCDFCFEBD5E1188155
:105AF0008FEF888380E20E943420C70152DC7DDC76
:105B00001883DF91CF911F91FF90EF90089561E08E
:105B10008DE895E0C6CF61E089E895E0C2CF0F93AC
:105B20001F93CF93DF93D82F8B01C42FF4DFD09333
:105B3000920960E083E895E0B4DFD091BF158FEF64
:105B40008093BF1580E20E943420C8012ADCCC2358
:105B500019F08C2F0E94342050DCD093BF15DF91B8
:105B6000CF911F910F91089540E0BC0182E0D7DFF3
:105B70008CEA9AE0B0DFCBCFEF92FF921F93CF93E6
:105B8000DF937C01CFEBD5E118818FEF888360E054
:105B90008DE695E06DDFC70104DC2FDC1883DF9113
:105BA000CF911F91FF90EF9008952F923F924F92C7
:105BB0005F926F927F928F929F92AF92BF92CF929D
:105BC000DF92EF92FF920F931F93CF93DF93CDB7A6
:105BD000DEB7C854D1090FB6F894DEBF0FBECDBFF3
:105BE00070E060E085E40E949520811125C065E0A9
:105BF00070E083E40E9495208C0103970CF043C071
:105C000080E594E1C85BDF4F0FB6F894DEBF0FBEAE
:105C1000CDBFDF91CF911F910F91FF90EF90DF905B
:105C2000CF90BF90AF909F908F907F906F905F903C
:105C30004F903F902F90B5CB88E894E1B2DB80E79E
:105C400094E1AFDB89E692E10E94F4D160E083E069
:105C5000C85BDF4F0FB6F894DEBF0FBECDBFDF913C
:105C6000CF911F910F91FF90EF90DF90CF90BF9059
:105C7000AF909F908F907F906F905F904F903F90EC
:105C80002F900C94D3C583E50E946A1B882309F4E6
:105C900051C00E9492209E838D8360E085E50E9422
:105CA00080208FAF83E494E10E944FC80AA703309D
:105CB00034F10E94E8D16F87788B898B9A8B88E8C2
:105CC00092E10E94F4D160E083E00E94D3C54D8050
:105CD0005E8023E2421621E052068CF186E394E1D5
:105CE00060DB87E194E15DDB82E492E10E94F4D124
:105CF00060E083E00E94D3C580EF93E13DDFC85BA5
:105D0000DF4F0FB6F894DEBF0FBECDBFDF91CF914E
:105D10001F910F91FF90EF90DF90CF90BF90AF90C9
:105D20009F908F907F906F905F904F903F902F90BB
:105D30000C946ECB24EB30E03E832D83AECF4D80B0
:105D40005E80B201550C880B990B0E942AF36B8B75
:105D50007C8B8D8B9E8B2F85388949895A8920545D
:105D60003B424E4F5F4F29AF3AAF4BAF5CAF83EE34
:105D700093E117DB8BED93E114DB0E94BA808FE790
:105D80008093EF0D80ED93E10E944FC881E08093F6
:105D900037098F849888A988BA8888AA99AAAAAA54
:105DA000BBAA1AA21BA21CA21DA21EA21FA218A659
:105DB00019A619861A861B861C86FFE7CF2ED12CC2
:105DC000E12CF12C198230E43F8B4CE1488F56E4F2
:105DD000598F1A8E1B8E1C8E1D8EAFE74A2E512CAA
:105DE000612C712C4E8E5F8E68A279A21CAA1DAA0E
:105DF0001EAA1FAA18AE1CA61DA61EA61FA621E03D
:105E00002BA71E861D86212C312C00E010E04AA411
:105E1000042C000C55085EAE4DAE8D819E814E96D1
:105E20002C01990F6608770824964CAE5DAE6EAED5
:105E30007FAE24972D813E812E5131092901052CF9
:105E4000000C6608770828964CAE5DAE6EAE7FAE4D
:105E5000289780913709882309F4A7C00E94E8D1C8
:105E60006D837E838F8398875090F20729965FAE6B
:105E70002997552021F00E94BEAF1092F207809121
:105E80003B06811108C06624639460923B060E9421
:105E900055A110923B0629967FAC2997772009F4EB
:105EA00065C02090E90D3090EA0D0091EB0D109146
:105EB000EC0D2A8D3B8D4C8D5D8DB101C8010E948A
:105EC00008FC181624F42A8E3B8E0C8F1D8F298116
:105ED0003F89488D598DB101C8010E9424F387FF85
:105EE00004C029823F8A088F198F4BA49101A80111
:105EF0006B897C898D899E89442009F495C10E9413
:105F000024F387FF33C04D815E816F817885481906
:105F100059096A097B09483B2BE052076105710565
:105F200028F1D701C6014E8C5F8C68A079A0841936
:105F30009509A609B709B595A79597958795809373
:105F4000EF0D4CA75DA76EA77FA75B885A8E6C8864
:105F50006B8E7D887C8E4E884D8E4D805E806F80EE
:105F600078844F86588A698A7A8A1BA624966CADF3
:105F70007DAD8EAD9FAD24970E942AF39101A801BB
:105F80000E9424F387FF2CC087E693E10ADA88E4B5
:105F900093E107DA82E492E10E94F4D160E083E0C9
:105FA0000E94D3C580EF93E1E7DD0E94BA8031C142
:105FB0005BEEC52ED12CE12CF12C9FC134E1432E98
:105FC000512C612C712C44E1C42ED12CE12CF12CEC
:105FD000A0C126013701CE8CDF8CE8A0F9A058C201
:105FE00088A999A9AAA9BBA94D805E806F807884F1
:105FF00084199509A609B709181619061A061B0669
:106000000CF446C080E00E94CAA8F7D9A30192010F
:106010002053384F4F4F5F4F28AB39AB4AAB5BAB88
:106020004CA841107CC02DA93EA94FA958ADB10183
:10603000C8010E9408FC18160CF057C020E030E0A0
:1060400040E050E4B101C8010E94E1F96DAB7EABC4
:106050008FAB98AF2D813E814F81588520543B42B4
:106060004E4F5F4F29AF3AAF4BAF5CAF20E030E00F
:1060700040E051E46B897C898D899E890E94E0F91A
:106080009101A8010E9424F3881F8827881F8CABE8
:106090008F859889A989BA8988169906AA06BB06A8
:1060A00010F4D501C4014D805E806F807884481A59
:1060B000590A6A0A7B0AD301C20181389F44A2416E
:1060C000B10508F441C088E292E10E94F4D160E099
:1060D00083E00E94D3C58EE293E14EDD81E293E13D
:1060E00060D98FE093E15DD960CF89AD9AADABAD5A
:1060F000BCAD4D805E806F80788484199509A609B7
:10610000B70944EC57E263ED77E2181619061A0650
:106110001B060CF4BDCF80E00E9465AEB9CF289677
:106120006CAD7DAD8EAD9FAD28970E942AF39B018B
:10613000AC01B101C8010E9424F387FFA9CF41E05F
:1061400058E261E178E2E7CF4DAC5EAC6D847E84CD
:10615000461457040CF07DCE82E093E122D981EB06
:1061600092E11FD981EA92E107DD87E092E119D936
:1061700049855A856B857C858DE992E138DB87E01E
:1061800092E10FD94EA15FA168A579A589E992E1B5
:106190002EDB87E092E105D94AA15BA16CA17DA12C
:1061A00085E992E124DB7FAC772099F149845A8418
:1061B0006B847C844092010E5092020E6092030E1A
:1061C0007092040E21E732EB47E25EE36EA17FA1FD
:1061D00088A599A50E9489F36093050E7093060E19
:1061E0008093070E9093080E21E732EB47E25EE3BF
:1061F0006AA17BA18CA19DA10E94BDFA6093090EAA
:1062000070930A0E80930B0E90930C0E81E0809396
:10621000F00D1092370988E192E10E94F4D160E01C
:1062200083E00E94D3C56BCD0E9408FC18160CF0C9
:106230009DCE4D805E806F8078842F853889498916
:106240005A89421A530A640A750A38EB43163BE02E
:1062500053066104710408F489CE4D855E85452B93
:1062600009F4B7CE6CA57DA58EA59FA5640D751DFF
:10627000861D971D0E942AF34B015C0120E030E04F
:10628000A9010E9424F3882311F16CA57DA58EA598
:106290009FA564197509860997090E942AF32B01A5
:1062A0003C016E8D7F8D88A199A10E942AF39B01EC
:1062B000AC01C301B2010E9489F3A50194010E94BF
:1062C000BDFA0E9414FCC60ED71EE81EF91E54E14A
:1062D000C516D104E104F1040CF470CE8CEEC8169E
:1062E000D104E104F1040CF063CE2601370190E8FB
:1062F000C916D104E104F10464F0260137012EEF40
:1063000030E040E050E02C193D094E095F09690179
:106310007A01B301A20188EC93E10E946181B70187
:10632000A60183EC93E10E94618149815F89688DB8
:10633000798D8CEB93E14BD84A8D5B8D6C8D7D8D87
:1063400085EB93E144D84D855E85433051050CF4CF
:106350009FC029813F89488D598D6A8D7B8D8C8D99
:106360009D8D0E94E0F969837A838B839C832FE65D
:1063700032E143E85AE30E9408FC18160CF088C08A
:10638000C701B6010E942AF320E030E040E850E463
:106390000E9489F369877A878B879C872BED3FE082
:1063A00049E450E469817A818B819C810E9489F360
:1063B00020E030E040E05FE30E9489F39B01AC0104
:1063C00069857A858B859C850E94BDFA69837A836D
:1063D0008B839C832FE632E143E85AE3C501B40185
:1063E0000E9489F34B015C012AE939E949E15FE345
:1063F00069817A818B819C810E9489F369877A8780
:106400008B879C879B01AC010E94E1F9A501940157
:106410000E94BDFA6EA37FA388A799A729853A8514
:106420004B855C85C501B4010E9489F320E030E012
:1064300040E05EE30E9489F36AA37BA38CA39DA343
:1064400049815A816B817C818FEA93E10E94E7291F
:10645000B501A40189EA93E1CAD98AE993E10E94CE
:10646000D12949855A856B857C8584E993E10E9411
:10647000E7294EA15FA168A579A58EE893E10E9466
:10648000E7294AA15BA16CA17DA188E893E1AFD97E
:10649000D701C601840D951DA61DB71DB595A795FD
:1064A000979587958093EF0D5EAD5F938AA58F9347
:1064B0009E859F93AD85AF9324E733E13F932F9360
:1064C0008FE793E19F938F931F920E9426C92D859A
:1064D0003E852F5F3F4F3E872D870FB6F894DEBF76
:1064E0000FBECDBF5B8959838C898F8B9D89988F17
:1064F000AE89A98FCE8EDF8EE8A2F9A27301620168
:106500008D809E80AF80B88429964FAC29974BA68A
:106510002DCDEF92FF921F93CF93DF937C01CFEBB2
:10652000D5E118818FEF888360E08FE595E0A0DAF0
:10653000C7010E94E8251883DF91CF911F91FF903A
:10654000EF900895AF92BF92CF92DF92EF92FF92B9
:106550000F931F93CF93DF93EC0182E395E00E94AA
:10656000D129209711F4CAE7D7E010E007E00150E5
:1065700021F080E20E943420FACF812F0E948326EE
:106580001F5F153099F70E94FD2910E080E20E94FC
:106590003420812F0E9483265E0105E080E20E9464
:1065A0003420F501C080D180E280F380A7019601FC
:1065B000C701B6010E9490FC882351F180E20E943D
:1065C00034208DE30E9434208DE30E9434208DE33B
:1065D0000E9434208DE30E9434208DE30E943420F9
:1065E0000150F4E1AF0EB11C0111D8CF0E94FD297A
:1065F0001F5F2496153051F6DF91CF911F910F91B7
:10660000FF90EF90DF90CF90BF90AF900C94FD295A
:1066100020E030E0A901C701B6010E9408FC87FD17
:1066200003C08BE20E94342043E0C701B6010E9400
:1066300062C8D6CF2F923F924F925F926F927F9215
:106640008F929F92AF92BF92CF92DF92EF92FF9282
:106650000F931F93CF93DF93CDB7DEB769970FB634
:10666000F894DEBF0FBECDBF83E50E941C1B89835B
:106670003090AE09882319F00E947120382E809145
:10668000410A9091420AA091430AB091440A8C8B2E
:106690009D8BAE8BBF8B8091450A9091460AA0914D
:1066A000470AB091480A888B998BAA8BBB8B809143
:1066B000490A90914A0AA0914B0AB0914C0A8C87E2
:1066C0009D87AE87BF879981992329F0311003C038
:1066D00080E00E949E268091370690913806A09116
:1066E0003906B0913A0625E1B695A7959795879515
:1066F0002A95D1F74C015D01E1E08E229924AA246C
:10670000BB240E948926882309F4C6C083E40E9422
:106710001C1B882309F4A8C00E94A2202B013C0165
:106720008AE797E09B838A839D838C83B5E0B98356
:10673000188E10E008ECE2ECE9871E82212CF8ECC0
:10674000FF8322E428878C819D819B878A8795E03F
:10675000998FAA85BB85CD90DD90ED90FD90BB878C
:10676000AA872E81322D4F815885C701B6010E941C
:1067700024F387FF04C0CE822D2CEF82F886288D6B
:10678000312F402F5985C701B6010E9408FC181609
:1067900024F4C88E1D2D0E2DF986B98DB150B98FF8
:1067A000B111D7CFE981E150E9838C819D81449675
:1067B0009D838C83E111C7CF288D312F402F5985C0
:1067C0006E81722D8F8198850E94E1F920E030E082
:1067D00040E05FE30E9489F3A30192010E94E1F986
:1067E0002B013C012DEB37E346E855EB0E9408FCFA
:1067F00087FD0AC02DEB37E346E855E3C301B2013C
:106800000E9424F3181684F580E00E949E2610E072
:10681000AA81BB81BD83AC8300E0EC81FD816191E5
:10682000719181919191FD83EC837F01F4E0EF1AE6
:10683000F108A30192010E94E0F9D7016D937D93C5
:106840008D939C931397602F812F0E94B2A00F5FAE
:10685000053019F71F5FEA81FB817496FB83EA8399
:106860001530B1F60E94E12889288A288B2839F052
:106870000E948926882319F090E080E063DE8AE593
:106880000E941C1B882321F00E94A2200E94FBCAA8
:10689000832D0E949E260CC0311004C089288A28AE
:1068A0008B2869F30E94FA2980E696E00E94D1299C
:1068B000332051F08091AE09811106C00E94F72962
:1068C00081E496E00E94D1290E94FA298091AE09C4
:1068D00069EE7FE1882311F06DEE7FE183E396E0BE
:1068E000A4D80E94FA2986E296E00E94D129C0909D
:1068F000AF09D090B009E090B109F090B20920E062
:1069000030E0A901C701B6010E9408FC18160CF07E
:1069100055C042E0C701B6010E9462C88DE00E94E6
:10692000BEC58AE00E94BEC52C893D894E895F891B
:106930006091410A7091420A8091430A9091440A01
:106940000E9424F3811120C0288939894A895B89F2
:106950006091450A7091460A8091470A9091480AD1
:106960000E9424F3811110C02091490A30914A0AF3
:1069700040914B0A50914C0A6C857D858E859F8590
:106980000E9424F38823F9F069960FB6F894DEBFCD
:106990000FBECDBFDF91CF911F910F91FF90EF9070
:1069A000DF90CF90BF90AF909F908F907F906F902F
:1069B0005F904F903F902F900C94479681E296E025
:1069C0000E94D129B1CF69960FB6F894DEBF0FBEF1
:1069D000CDBFDF91CF911F910F91FF90EF90DF908E
:1069E000CF90BF90AF909F908F907F906F905F906F
:1069F0004F903F902F900895BC0190E080E00C9460
:106A0000CEC70F931F93CF9384E50E946A1BC0E00B
:106A10008823F1F00E945620C82F1816CCF40E944B
:106A2000FA2900916605109167058DE40E94BEC5A4
:106A3000C801E2DF88E29AE00E94D1296C2FCC0FD6
:106A4000770B880B990B0E9436C80E94FD29CFEF67
:106A50008C2FCF911F910F910895BC01990F880B36
:106A6000990B0C9436C8109241050C949822FB01A6
:106A7000608171817627672776276115710521F07E
:106A8000709312026093110290E080E00E9428F35C
:106A90006093B10D7093B20D8093B30D9093B40DCC
:106AA000E2DF81E080931F070895CF92DF92EF929B
:106AB000FF92FB018181882339F0813081F0FF90C2
:106AC000EF90DF90CF9008958091220291E0892786
:106AD00080932202C8DF81E080931F07F0CFC0902F
:106AE000B10DD090B20DE090B30DF090B40D20E058
:106AF00030E0A901C701B6010E9408FC18168CF409
:106B0000C701B6010E942AFB709312026093110222
:106B10001092B10D1092B20D1092B30D1092B40DEF
:106B2000D9CF609111027091120290E080E00E9432
:106B300028F36093B10D7093B20D8093B30D9093D1
:106B4000B40DC8CFCF93DF93EB010E94D129CE01C2
:106B5000DF91CF9182CFCF93DF9363ED71E10E94FC
:106B6000C4CACEEFD7E0688179818AEC91E1EADF8F
:106B70006A817B8187EC91E1E5DF4C815D816E81EB
:106B80007F8184EC91E1DF91CF910C94F72BFF9200
:106B90000F931F93CF93DF93811113C0409137065A
:106BA000509138066091390670913A06452B462B74
:106BB000472B39F481E0DF91CF911F910F91FF9026
:106BC000CACF9091F50993FD8EC0C82F1ADF082F08
:106BD00087FD89C083E50E946A1BD82F882331F185
:106BE0000E9492200E94319E61E08C2F0E946E9C38
:106BF0006091ED0D7091EE0D072E000C880B990B36
:106C00000E942AF32091E90D3091EA0D4091EB0D9D
:106C10005091EC0D0E9408FC18160CF44EC083EB4A
:106C200091E1DD2309F44BC01D2F03C0C1113FC00A
:106C300010E083E50E946A1B882331F00E949220B5
:106C40009093FF078093FE0782E40E946A1B8823CB
:106C500031F00E949220909301088093000886E40E
:106C60000E941C1B8823D9F10E94A2206093020875
:106C7000709303088093040890930508FF24F3940D
:106C800020E030E0A9010E9424F3811101C0F12C21
:106C9000F0920608CC2339F1112329F16D2F802FB2
:106CA000DF91CF911F910F91FF900C9495A982E5F0
:106CB0000E946A1B811194CFBBCF80ED93E19F931B
:106CC0008F938EEB91E19F938F931F920E9426C921
:106CD0000F900F900F900F900F9011E0AACF60E0EF
:106CE00070E0CB01C3CFDF91CF911F910F91FF9047
:106CF00008958C01EB01F42E0E94BA800115110554
:106D000009F469C00E94FA29C8010E94D1290E9491
:106D1000FD29209711F4CCE6DFE28091F80480FD94
:106D20002DC081608093F804C8010E945B9F20976A
:106D300041F001E021E040E2BE0180E291E10E94E9
:106D4000F4C58CE69FE2009741F001E021E040E2CB
:106D5000BC0180E491E10E94F4C501E021E040E241
:106D600066EE74E080E691E10E94F4C568EC83E091
:106D70000E94D3C561E08AEF0E94689F0E94F729B4
:106D800085E095E00E94D12961E083EF94E00E94C4
:106D9000382D89EE93E0019739F000C00000EEE550
:106DA000F9E03197F0F7F7CFF89489EE93E0019787
:106DB00039F000C00000E6EEF3E03197F0F7F7CFCE
:106DC0000E94BA80FF2021F00E947182A895FECF18
:106DD0000E943682FBCF209711F4CCE6DFE20CEF65
:106DE00014E09BCFCF92DF92EF92FF926B017C0178
:106DF00083E3C816D104E104F10470F082E3C81AF9
:106E0000D108E108F10862E370E080E090E00E94C0
:106E10004ED10E944BB0ECCFC701B6010E944ED1BB
:106E2000FF90EF90DF90CF900C944BB09091CC0DF1
:106E300094FB882780F994FF06C081E09091261783
:106E4000911101C080E00895F1DF882339F080912D
:106E5000CC0D82FB882780F991E089270895CF9394
:106E6000FB01C181C13031F40E948E9E811104C0AA
:106E7000C0931F07CF9108950E94C59F811103C041
:106E8000CF910C9481A30E946ECBDEDF882331F07A
:106E900089E499E1909339098093380961E082E4AB
:106EA00099E10E94382DCF910C94D49B8091B00D24
:106EB000811105C08091A509823009F0C5CF81E01C
:106EC0000895F4DF81110DC01092F1091092F209BA
:106ED0001092F3091092F4091092EF098FEF0E94BB
:106EE00017210C94D49B9091CC0D92FB882780F9AC
:106EF00092FF05C097FB882780F991E089270895C4
:106F00004F925F926F927F928F929F92AF92BF92B9
:106F1000CF92DF92EF92FF920F931F93CF93DF9365
:106F200000D01F92CDB7DEB719821A821B821C8255
:106F300093E0A92E94E0B92ECE0101964C0121E4F4
:106F4000C22E2AE0D22E36E4E32E37E0F32E10E0F4
:106F500000E0F50181915F010E946A1BF4018193B9
:106F60004F01882321F08091EE09882359F0F60122
:106F700080819181A281B381F70180839183A28373
:106F8000B38318C00E94A2202B013C01802F0E94D5
:106F9000BC1A882309F4A4C0F60120813181428102
:106FA0005381C301B2010E94E1F9F701608371834B
:106FB000828393830F5F1F4FF4E0CF0ED11C84E0D8
:106FC000E80EF11C0330110521F685E40E946A1BCE
:106FD0008C83882309F494C00E94A2206B017C0159
:106FE00083E00E94BC1A882371F020914D0A3091F1
:106FF0004E0A40914F0A5091500AC701B6010E94B3
:10700000E1F96B017C01C0925207D0925307E092E4
:107010005407F092550780916C07882379F163DF5C
:10702000882361F18C81882349F18981811103C012
:107030008A81882319F12DEC3CEC4CE45DE36091EE
:107040000D1570910E1580910F15909110150E94DD
:10705000E1F99B01AC016091490A70914A0A809163
:107060004B0A90914C0A0E9408FC18163CF440E030
:1070700060E070E080E090E40E94BB2140E050E0DE
:10708000BA0186E40E94D02020E030E0A9010E94ED
:1070900008FC181684F40E94A22020E030E040E7AB
:1070A00052E40E94BDFA6093150270931602809319
:1070B0001702909318020F900F900F900F90DF918E
:1070C000CF911F910F91FF90EF90DF90CF90BF90E5
:1070D000AF909F908F907F906F905F904F900895AA
:1070E000F801EE0FFF1FEE0FFF1FE058F64F208153
:1070F000318142815381C301B2010E94E0F955CF31
:1071000080914D0A90914E0AA0914F0AB091500A79
:107110008093520790935307A0935407B093550759
:107120007ACF80917A09833018F0EADE0C9480B32C
:10713000089580916C07811102C00C940B26D3DE58
:10714000882339F040E060E070E080E090E40C9447
:10715000BB2108958091B00D811105C08091A509D2
:10716000813019F0C0CE80E0089581E008952F921B
:107170003F924F925F926F927F928F929F92AF92C7
:10718000BF92CF92DF92EF92FF920F931F93CF9314
:10719000DF93CDB7DEB767970FB6F894DEBF0FBEAB
:1071A000CDBF782E80915B0247E6E42E662463947F
:1071B000843008F4C3C50E94E8D16B017C017110D2
:1071C00005C08091B00D882309F433C2C0928C09A8
:1071D000D0928D09E0928E09F0928F0981E0409162
:1071E0004305509144056091450570914605411550
:1071F00051056105710509F41EC200918C091091B9
:107200008D0920918E0930918F0946015701801A0E
:10721000910AA20AB30A95018401041715072607EB
:10722000370708F408C20E94F729009196091091C7
:1072300097098AE294E00E94D129B8018FEF93E088
:107240000E94DF290E94FD2940E070E060E090E0AC
:1072500080E02DC18091510A9091520A7CC5AF2CDB
:10726000B12C8A3019F08D3009F022C1EA9CF0016E
:10727000EB9CF00D1124E759FA4FDF01AA59BF4FDB
:107280001C9284819581DF01A80FB91F16961C926C
:10729000892B19F40E944BB07CC5FE9CC0011124BF
:1072A0009C0121593A4F6901158214828901F80124
:1072B0008191803209F452C08E3409F0C8C00115A2
:1072C000110509F4C4C063ED73E0C8010E9453F2D4
:1072D0004C01892B41F06EE470E0C80104960E94D5
:1072E000E7FC009709F4C8014AE050E070E060E074
:1072F00001960E94B5EF1B012C01EA9CF001EB9C6A
:10730000F00D1124E759FA4F80819181A281B38158
:10731000AC01BD014F5F5F4F6F4F7F4F24163506A5
:1073200046065706E9F08928D9F4AC01BD01415061
:10733000510961097109241635064606570634F0CD
:1073400082159305A405B5050CF023C56F2D80EAC1
:1073500093E00E94392BF12C20E0F3C48F01A7CFDA
:107360006AE270E0C8010E9416FD9C01009709F1D5
:10737000982F901B912C992339F09150F801E90F27
:10738000F11D80819826F7CF4AE050E070E060E080
:10739000C90101960E94B5EF292D30E050E040E090
:1073A000621773078407950741F06F2D81E893E01A
:1073B000D0CF6F2D87E593E0CCCFEA9CF001EB9C1A
:1073C000F00D1124E759FA4F208231824282538214
:1073D00080917A09813039F567E470E0C8010E9434
:1073E000E7FC009701F14AE050E070E060E00196B0
:1073F0000E94B5EF6430710581059105A0F4B0904D
:10740000BF15862D0F2C01C0880F0A94EAF78093D0
:10741000BF1586EB92E00E94D1298CEA92E00E948F
:107420004FC8B092BF15F80180818D3479F5838102
:10743000823391F1883301F1803341F581818433C6
:1074400029F58281813311F50E942A961FC080910F
:10745000CC0D80FFBDCF6FEE7EE2C8010E9453F2DB
:10746000009731F0FC01838180538A3008F0B0CF5F
:107470006F2D8DE293E06DCF8281803339F481816D
:10748000813321F41092370910921D074F2D60E0CF
:10749000C6010E943EC77DC482818133B9F78181D4
:1074A0008133A1F741E070E060E087EA9BE021DCF6
:1074B000FE9CB00111249B0123593A4FAB01415965
:1074C0005A4F61537A4F0E94651A63C440915D021E
:1074D000242F30E00A3061F00D3051F0882309F498
:1074E0009AC089819A81009719F001969A838983BD
:1074F0001092E90489819A81F29EF001F39EF00DC9
:107500001124E55AFD4FDF01A80FB91F13961C92F5
:10751000892B61F50E944BB00E949D1A882309F4C3
:1075200052C483E297E10E94027E8091C30D8823BA
:1075300009F467C081508093C30D8D9DC001112453
:1075400062E08154974F0E9437DFE091C30D24E041
:10755000E29FF0011124E554F74F6081718182812F
:1075600093810E94A21F0E9497D32DC41A82198270
:1075700083818D3479F48481823361F4858185330C
:1075800049F4868180538A3028F08091CC0D8B7F1E
:107590008093CC0DF29EF001F39EF00D1124E25485
:1075A000FD4FC0824F9DF0011124E154FD4F6082D8
:1075B000220F331F220F331FF901E059F44F80913E
:1075C000800B9091810BA091820BB091830B8083F3
:1075D0009183A283B3834F5F443080F440935D0274
:1075E00080915B028F5F80935B028092800B909210
:1075F000810BA092820BB092830B8ECF10925D0212
:10760000EFCF0E9487D38091CC0D88608093CC0D02
:10761000E0927A09D8C34F9DA0011124425A5D4FD0
:107620009E012F5F3F4F69EE74E0802F0E94651A24
:10763000CAC380E0D4CD20916B0E90916C0E2917B7
:1076400041F0C0928C09D0928D09E0928E09F0929F
:107650008F094091020250910302609104027091DF
:107660000502452B462B472B29F0291709F4A6C004
:107670001092F2048091EE049091EF04A091F00436
:10768000B091F1048C199D09AE09BF0918161906AD
:107690001A061B060CF450C120916B0E80916C0EE3
:1076A0009091C114281709F4BAC0E0916C0E23E63A
:1076B000E29FF0011124E552F14F8081891741F0DA
:1076C0008093C1140E94E8D18091C0148093BE14AD
:1076D00080910608882309F422C1A090FE07B0908B
:1076E000FF07C50102972091ED0D3091EE0D28178F
:1076F00039070CF414C190906C0E612C712C812C04
:107700001F8A80916B0E891509F48CC0892D90E039
:1077100033E6389FF001399FF00D1124E357F14F04
:10772000458D568D678D70A1452B462B472B81F4D7
:1077300041A152A163A174A1452B462B472B41F4D3
:1077400045A156A167A170A5452B462B472B89F172
:10775000E3E6E89F8001E99F100D11240357114FC4
:10776000F80161A572A583A594A50E9428F31B01C9
:107770002C01F80165A576A587A590A90E9428F39C
:107780009B01AC01C201B1010E94BDFAF801218147
:107790003281438154810E9489F32B018C01930132
:1077A000482D5F890E9408FC18161CF43201802EB7
:1077B0001F8B892D0E940B8C982EA3CF811158CF3F
:1077C0000E94E8D100918C0910918D0920918E09B9
:1077D00030918F09601B710B820B930B0091020299
:1077E0001091030220910402309105026017710785
:1077F0008207930708F43CCF8091F20481113ACFBD
:1078000081E08093F20480E00E94458281E00E9442
:10781000458282E00E9445820E9436822BCF809171
:10782000C0144CCFB301882D9F890E9425FB072EE1
:10783000000C880B990B0E942AF3209102083091CA
:10784000030840910408509105080E9489F32B0118
:107850003C01B501BB0C880B990B0E942AF39B01DC
:10786000AC01C301B2010E94E1F93B014C016091FE
:10787000000870910108072E000C880B990B0E94DC
:107880002AF35B018C019B01AC01B301C4010E948E
:1078900008FC181614F0530184014090EA0450903B
:1078A000EB046090EC047090ED049501A801C30115
:1078B000B2010E9408FC1816D4F420E037ED43EA28
:1078C0005CE3B501C8010E9489F34B015C0128E427
:1078D00031EE4AE75FE3C301B2010E9489F39B01E5
:1078E000AC01C501B4010E94E1F95B018C01C50145
:1078F000D8018093EA049093EB04A093EC04B09336
:10790000ED04B501C8010E9425FB6232F1E07F075A
:1079100014F062E271E07093EE0D6093ED0D24E6D9
:10792000C20ED11CE11CF11CC092EE04D092EF04F7
:10793000E092F004F092F1040E944BB080917A0939
:10794000882309F4CEC180912202882309F4B9C0AA
:10795000809141058111B5C08091B00D811104C0A5
:10796000F9DB882309F4ADC0F8948091000186FB0F
:10797000882780F99091F70498278093F7048091E5
:10798000E107892B8093E1078091000111E0082F26
:10799000007285FF03C010E00E94BFC61093E0078D
:1079A000002381F020E030E0A9016091B10D7091D9
:1079B000B20D8091B30D9091B40D0E9408FC181681
:1079C0000CF4AAC010E020E030E0A9016091B50DF0
:1079D0007091B60D8091B70D9091B80D0E9424F36F
:1079E00087FDB7C07894112309F46BC0FF24F3948A
:1079F000F09241050E949822F092E0078091B00D2C
:107A000081115DC01F921F9288E994E09F938F932C
:107A10001F9285E18F93CE0101966C019F938F9306
:107A20000E9481F200E020E040E2B60180E090E3B5
:107A30000E9443C60E94E8D1605D7A488F4F9F4FF5
:107A400060938B0D70938C0D80938D0D90938E0DA4
:107A500060E083E00E94D3C540E365ED74E081E01F
:107A60000E948F2D0E94872D1091470560E01F25F1
:107A70000FB6F894DEBF0FBECDBF84ED98E061F481
:107A800083EC94E00E94382D80E30E9434200E9411
:107A9000FD2960E082E89BE00E94382D81EB94E0B4
:107AA0000E94D12980E30E9434200E94FD291123E5
:107AB00031F08CEA94E090933909809338090E9460
:107AC0007A878091090180958170109100021817C2
:107AD00009F482C0012F1F3F09F400E080930002E7
:107AE0008823C9F164EF71E080E090E07BD90E94C7
:107AF0002ADC8091CC0D84FD30C010132FC08EE79E
:107B000094E00E94F4D180911E07823019F481E044
:107B100080937B09012F2FC020E030E0A901609104
:107B2000BA0D7091BB0D8091BC0D9091BD0D0E945E
:107B300024F387FF47CF80E090E0A0E8BFEB80937D
:107B4000B50D9093B60DA093B70DB093B80D11E09D
:107B50003ACF11E047CF00E0D0CF01E017FD09C0D8
:107B600080911E07101774F5813019F482E080931C
:107B70007B090E9452A3002379F117FF2DC0809149
:107B8000CC0D84FF19C00E94E9D2882379F081E0EE
:107B90000E948FE04BEB50E064E075E184EC95E1EE
:107BA0000E9435DA84EC95E10E94027E0E9429262B
:107BB00081110CC00E940B2681E08093C20D0E94AF
:107BC000D7DE0AC08230A9F681E0D1CF81E994E006
:107BD00090933909809338090E94E8D16B017C01A8
:107BE00010910102112321F180914805882301F1B0
:107BF0004091F3045091F4046091F5047091F604FF
:107C00004C195D096E097F0914161506160617062C
:107C10000CF10091BF159FEF9093BF15833009F4CD
:107C200088C00CF077C081300CF07CC00093BF1589
:107C3000212F30E0A8EEB3E00E9496F9C60ED71EC1
:107C4000E81EF91EC092F304D092F404E092F50409
:107C5000F092F60480913B06811107C081E0809389
:107C60003B060E9455A110923B068091D10D8823BE
:107C7000C1F10E94E8D16B017C018091CD0D909102
:107C8000CE0DA091CF0DB091D00D8C199D09AE09EC
:107C9000BF09181619061A061B061CF12091D10DF2
:107CA00030E0A8EEB3E00E9496F9C60ED71EE81E9B
:107CB000F91EC092CD0DD092CE0DE092CF0DF09274
:107CC000D00D1091BF158091D20D8093BF1580917A
:107CD0003709811104C00E94CAA80E94FD2910938F
:107CE000BF1567960FB6F894DEBF0FBECDBFDF910C
:107CF000CF911F910F91FF90EF90DF90CF90BF90A9
:107D0000AF909F908F907F906F905F904F903F903B
:107D10002F900895843009F089CF0E94FA298DE3CD
:107D200094E004C00E94FA298CE694E00E94D129D4
:107D30007DCF0E94FA2985E594E0F8CF20E080E02D
:107D4000F82E80915B02843050F5F11083CA809147
:107D5000D30A9091D40A891B8F7790E0892BD1F0B8
:107D60008F2D0E943A1A97FF7ACA1091BF15862D5F
:107D70000F2C01C0880F0A94EAF78093BF150E9468
:107D8000F72988ED93E00E94D1290E9453C81093EF
:107D9000BF1521E081E0F812D3CF2111CFCFA3D8B6
:107DA000882309F408CA8091CC0D83FD04CA1A8285
:107DB000198292E6F92E24E0E22E39E6D32ECC2465
:107DC000C39466246A9480915B02843008F0F3C9FE
:107DD0000E949D1A8111EFC91E8A41E050E0BE0148
:107DE0006A5E7F4F83E297E10E9435DA0E8910E0E8
:107DF000019711F00FEF1FEF80902B1790902C1729
:107E0000A0902D17B0902E178092C80D9092C90D9A
:107E1000A092CA0DB092CB0D0E949D1A0F3F100781
:107E200009F054CB811152CB0E94F72980EF93E0E7
:107E30000E94D129C8CF2F923F924F925F926F92AA
:107E40007F928F929F92AF92BF92CF92DF92EF92EA
:107E5000FF920F931F93CF93DF93CDB7DEB7AA970F
:107E60000FB6F894DEBF0FBECDBF9091F50993FD1C
:107E700067C1182F83E50E946A1B89A3882309F430
:107E800058C10E949220833791050CF072C19093E3
:107E9000FC078093FB070E945D236091FB077091B4
:107EA000FC07072E000C880B990B0E942AF32091E7
:107EB000F7073091F8074091F9075091FA070E94AF
:107EC00008FC18160CF058C188EF91E10E944FC8C9
:107ED00001E0612F6027812F0E946E9C112309F41D
:107EE0002FC1009337091B8E1C8E1D8E1E8E1AA269
:107EF0001BA21CA21DA21FA22CE328A73CE139A7AC
:107F000086E48AA71E8A1F8A90E8988FAFEBA98F14
:107F10001A8EB1E0BEA3812C912C5401FE01319642
:107F20001F016091FB077091FC07072E000C880B66
:107F3000990B0E942AF37B018C012E893F89488D81
:107F4000598D0E9424F38823B9F02091F7073091CE
:107F5000F8074091F9075091FA07F9A1B701C80154
:107F6000F1110DC10E9424F3881F8827881F8A8F72
:107F7000EE8AFF8A088F198F0E94E8D16B017C017D
:107F80008AA19BA1ACA1BDA18C199D09AE09BF0915
:107F9000181619061A061B06ACF1D701C60188513E
:107FA0009C4FAF4FBF4F8AA39BA3ACA3BDA380E060
:107FB0000E94CAA845E150E065EE71E1C1010E944E
:107FC00010F21D8A81149104A104B10409F4EAC0DD
:107FD000C501B401605F784D8F4F9F4F6C197D09CB
:107FE0008E099F0928EE33E040E050E00E944EF9F0
:107FF000BA01A901C1010E945E7FC1010E947726DA
:108000000E94FD2980E0B3D80E94E8D160938C09DA
:1080100070938D0980938E0990938F09B091F70723
:10802000BF8FE091F807E8A30091F9071091FA07D4
:108030002B2F3E2FA8016E897F89888D998D0E94F4
:10804000E0F92B013C0120E030E0A9010E9408FC8E
:1080500087FF04C077FA709477F8709481149104C4
:10806000A104B10409F0BCC020E030E040E85FE3C7
:10807000C301B2010E9424F387FF10C0FEA1812C2E
:10808000912C5401FF2331F085E0882E8DE0982E4D
:10809000A12CB12C8C0C9D1CAE1CBF1C2A8D222344
:1080A00091F18B8D9C8DAD8DBE8D0097A105B10595
:1080B00049F08C199D09AE09BF09181619061A0650
:1080C0001B060CF12F8D38A1A8016FA178A589A5F9
:1080D0009AA50E94E0F920E030E040E85FE30E94CA
:1080E00024F387FD50C0D701C601805A9541AF4F98
:1080F000BF4F8B8F9C8FAD8FBE8F9F8D9FA3A8A1ED
:10810000A8A709A71AA7809137098823E1F181144C
:108110009104A104B10459F0C818D908EA08FB0871
:10812000B0E1CB16B7E2DB06E104F10460F51EA274
:10813000F8CE112329F082E50E946A1B8111A1CE9D
:10814000AA960FB6F894DEBF0FBECDBFDF91CF91D8
:108150001F910F91FF90EF90DF90CF90BF90AF9065
:108160009F908F907F906F905F904F903F902F9057
:10817000089583E790E08BCE89EE91E1A7CE0E942F
:1081800024F387FF09C0809137098823C9F2109230
:1081900037090E946ECBD4CFEE8AFF8A088F198FE1
:1081A0001A8EEACED1010D900020E9F7CD0101979A
:1081B000821993098431910508F01FCFF101E80F6E
:1081C000F91FBFE3B0838331910509F416CFE2E0D4
:1081D000F0E0EC0FFD1F8E0F9F1FDC011C920DCFF6
:1081E00020E030E040E450E4C301B2010E9408FC0A
:1081F00018160CF053CF4601570150CFCF93DF93A1
:10820000EC0188818823E1F08A30D1F08D30C1F013
:108210004FEF61E0CE010E943EC7882369F00E94C3
:10822000FA29BE018DE591E10E94DF298AE591E1FD
:10823000DF91CF910C94D12980E00E94B738E1CF33
:10824000DF91CF9108958091F806882371F00E9404
:10825000C59F811102C00C9481A361E181EA99E17B
:108260000E9492D088EF96E0C9CF08955F926F92F6
:108270007F928F929F92AF92BF92CF92DF92EF92B6
:10828000FF920F931F93CF93DF93CDB7DEB77C019F
:108290006DB67EB610E000E08DB69EB6F701E00F39
:1082A000F11F549068018FEFC81AD80A552019F0B1
:1082B0009AE059121FC08DB79EB78C199D090FB651
:1082C000F8949EBF0FBE8DBF01965C01A801B70157
:1082D0000E94EAF1F501E00FF11F1082C5018EDF67
:1082E000552051F0EC0CFD1C0FB6F8949EBE0FBE4D
:1082F0008DBED2CF8601D2CF0FB6F8947EBE0FBE10
:108300006DBEDF91CF911F910F91FF90EF90DF90A5
:10831000CF90BF90AF909F908F907F906F905F9025
:108320000895FB0181818130A9F40E94C59F8111CC
:1083300004C083E19BE10C94F4D10E9429268111B1
:1083400003C08FE09AE1F7CF83E080937B0985E259
:108350009AE18CCF0895CF93FB01C181C13069F4BC
:108360000E94C59F811103C0CF910C9481A3C0933B
:108370007B0988E09AE1CF9179CFCF9108950F934F
:108380001F93CF93DF93CDB7DEB768970FB6F894FE
:10839000DEBF0FBECDBF0E94C59F811105C083E126
:1083A0009BE10E94F4D106C080911C078F3F69F0C9
:1083B000882371F068960FB6F894DEBF0FBECDBF6C
:1083C000DF91CF911F910F91089587EF99E1E9CF48
:1083D00080910D028F9380910C028F931F921F92B8
:1083E000809108028B3008F18AE01F928F9387EE0C
:1083F00099E19F938F931F9288E18F938E010F5F76
:108400001F4F1F930F930E9481F263E185ED99E165
:108410000E9492D0C801F2DE80ED99E127DF0FB60D
:10842000F894DEBF0FBECDBFC5CF8330F0F683E03A
:10843000DCCFFB018181882319F0813051F0089550
:108440000E94C59F811102C00C9485A380EC99E124
:108450000DCF86E180937B090895FB0181818130F6
:1084600061F40E94C59F811102C00C9481A38BEB23
:1084700099E1FCDE86EB99E1F9CE0895CF93DF9385
:10848000EB010E94C59F811104C0DF91CF910C9434
:1084900085A3C98160911E0787E999E10E9492D066
:1084A000C13059F028F0C23059F0DF91CF910895D2
:1084B00080E999E1DF91CF91D9CE8AE899E1FACFAD
:1084C00085E899E1F7CF80917E098770873021F0A8
:1084D00081E699E10C94F4D10E94C59F811102C0FC
:1084E0000C9481A38EE080937B098DE599E1BEDE3B
:1084F00088E599E1BBCE2F923F924F925F926F92A7
:108500007F928F929F92AF92BF92CF92DF92EF9223
:10851000FF920F931F93CF93DF93CDB7DEB7C5576D
:10852000D1090FB6F894DEBF0FBECDBF90917A0986
:10853000933008F41DC1182F0E94803782E50E94F5
:108540006A1B882309F43CC10E94A2202B013C0134
:1085500020E030E0A9010E9424F3882309F402C13D
:108560008090410A9090420AA090430AB090440A39
:108570002091450A3091460A4091470A5091480A95
:108580002D8F3E8F4F8F58A3C0904607D09047073E
:10859000E0904807F090490780914A0790914B0777
:1085A000A0914C07B0914D0789A39AA3ABA3BCA39C
:1085B000A7019601C501B4010E9424F381110DC0E9
:1085C00029A13AA14BA15CA16D8D7E8D8F8D98A1C3
:1085D0000E9424F3882309F4C5C0A5019401C701B2
:1085E000B6010E94E0F920E030E040E05FE30E9445
:1085F00089F36B017C012D8D3E8D4F8D58A169A1B2
:108600007AA18BA19CA10E94E0F920E030E040E03B
:108610005FE30E9489F36D8F7E8F8F8F98A320E098
:1086200030E0A901C301B2010E9424F3881F88270A
:10863000881F181709F4B6C020E030E040E85FEB6F
:1086400029A33AA34BA35CA3A7019601C701B601D6
:108650000E9489F34B015C012D8D3E8D4F8D58A1F9
:10866000CA01B9010E9489F39B01AC01C501B401A3
:108670000E94E1F90E944EFC4B015C01AC019B01A0
:10868000C301B2010E94E0F969A77AA78BA79CA752
:10869000A5019401C301B2010E94E1F99B01AC0163
:1086A00069A57AA58BA59CA50E9489F32B013C01A5
:1086B00020E030E0A9010E9408FC87FD7CC0C301D6
:1086C000B2010E944EFC69A77AA78BA79CA76D8D6B
:1086D0007E8D8F8D98A19058A50194010E94BDFABE
:1086E00029A13AA14BA15CA10E9489F329A53AA531
:1086F0004BA55CA50E9489F3A70196010E94E1F9B0
:108700002B013C01A5019401C701B6010E94BDFAED
:1087100029A13AA14BA15CA10E9489F329A53AA500
:108720004BA55CA50E9489F32D8D3E8D4F8D58A1E0
:108730000E94E1F96D8F7E8F8F8F98A320E030E04B
:10874000A901C301B2010E9424F38111F0C420E009
:1087500030E0A9016D8D7E8D8F8D98A10E9424F34C
:108760008111E5C40E94F72984E091E10E94D1299A
:10877000CB58DF4F0FB6F894DEBF0FBECDBFDF91F1
:10878000CF911F910F91FF90EF90DF90CF90BF900E
:10879000AF909F908F907F906F905F904F903F90A1
:1087A0002F90089580E090E0A0E8BFE389A39AA30A
:1087B000ABA3BCA349CF19A61AA61BA61CA687CF9C
:1087C00089E40E946A1B412C512C3201882321F03C
:1087D0000E94A2202B013C018AE40E946A1B88238C
:1087E00009F497C40E94A220A5CF2DA13EA14FA1BC
:1087F00058A569A17AA18BA19CA10E9489F36B0164
:108800007C012DA53EA54FA558A969A57AA58BA5E4
:108810009CA50E9489F39B01AC01C701B6010E948F
:10882000E1F96B017C012DA53EA54FA558A969A1D1
:108830007AA18BA19CA10E9489F34B015C012DA11F
:108840003EA14FA158A569A57AA58BA59CA50E941C
:1088500089F39B01AC01C501B4010E94E0F9A701B5
:1088600096010E9454FA6B017C0120E030E0A901DE
:108870000E9424F3882309F4B7C020E030E0A90166
:10888000C701B6010E9424F387FFB9C082E090E0DF
:10889000812B8130910509F4B5C0029709F4BDC060
:1088A00020E030E0A901C701B6010E9408FC4601A2
:1088B000570187FF04C0B7FAB094B7F8B0942BED16
:1088C0003FE049EC50E4C501B4010E94BDFA20E04C
:1088D00030E040E952E40E9489F30E94A7FA0E9426
:1088E0002AFB1B018091490A90914A0AA0914B0AE8
:1088F000B0914C0A62968CAF9DAFAEAFBFAF62979E
:1089000020914D0A30914E0A40914F0A5091500AE1
:1089100066962CAF3DAF4EAF5FAF66979C01AD0141
:1089200060914E0770914F078091500790915107C9
:108930000E94E0F96DA77EA78FA798AB66962CAD35
:108940003DAD4EAD5FAD6697609152077091530794
:1089500080915407909155070E94E0F92B013C014A
:10896000A50194012E966CAD7DAD8EAD9FAD2E9779
:108970000E9489F369AB7AAB8BAB9CAB27E137EBF9
:1089800041ED58E30E9424F387FF50C02DEB37E3FD
:1089900046E855EB6DA57EA58FA598A90E9408FC19
:1089A00087FD44C02DEB37E346E855E36DA57EA572
:1089B0008FA598A90E9424F31816C4F12DEB37E374
:1089C00046E855EBC301B2010E9408FC87FD0AC0CE
:1089D0002DEB37E346E855E3C301B2010E9424F3CF
:1089E000181614F40E9491380E94E8D160938C0903
:1089F00070938D0980938E0990938F09B9CE90E082
:108A000080E046CF2BED3FE049EC50E4C701B601D2
:108A10000E94E0F96B017C0143CF2BED3FE049EC74
:108A200050E4C701B6010E94E1F9F4CF2AE037ED26
:108A300043E25CE360911502709116028091170287
:108A4000909118020E9489F34B015C01609113021E
:108A500070911402072E000C880B990B0E942AF3C8
:108A60009B01AC01C501B4010E9489F36BAF7CAFDF
:108A70008DAF9EAF69A97AA98BA99CA90E9456FBCC
:108A8000162F872E982EA92EB10190E080E00E942B
:108A900028F31B01082F9DA39B01482F592F612FFD
:108AA000782D892D9A2D0E9408FC181624F4212E69
:108AB000382C092DADA29101402F5DA169A97AA999
:108AC0008BA99CA90E94BDFA4B015C0120E030E01B
:108AD00040E85FE30E9408FC18160CF09AC269A9EE
:108AE0007AA98BA99CA90E94A7FA0E942AFB7EABB7
:108AF0006DAB198A1A8A1B8A1C8A1D8A1E8A1F8AD4
:108B0000188E198E1A8E1B8E1C8E4DA95EA94230AE
:108B1000510508F454C2BA0190E080E00E9428F3A5
:108B200023966CAF7DAF8EAF9FAF23979B01AC01B7
:108B3000C701B6010E94BDFA6FAB78AF89AF9AAF9B
:108B40009B01AC010E9489F36B017C01AC019B018C
:108B50006FA978AD89AD9AAD0E9489F320E030E02D
:108B600040EC50E40E94BDFA9B01AC016FA978ADC6
:108B700089AD9AAD0E94E0F9A6966CAF7DAF8EAF3D
:108B80009FAFA69720E030E040E05FE3C701B60169
:108B90000E9489F39B01AC0160E070E080E89FE3F4
:108BA0000E94E0F9AA966CAF7DAF8EAF9FAFAA97F7
:108BB00023962CAD3DAD4EAD5FAD23976DA57EA543
:108BC0008FA598A90E94BDFAE2966CAF7DAF8EAFDB
:108BD0009FAFE29723962CAD3DAD4EAD5FAD239791
:108BE000C301B2010E94BDFAE6966CAF7DAF8EAFB5
:108BF0009FAFE69762968CAD9DADAEADBFAD62976F
:108C000089879A87AB87BC8766962CAD3DAD4EAD04
:108C10005FAD66972D873E874F87588B0E94E8D1BE
:108C20009B01AC0128533F4F4F4F5F4FAE962CAF87
:108C30003DAF4EAF5FAFAE970091F6091091F709C7
:108C40002091F8093091F9096091FA097091FB09B6
:108C50008091FC099091FD0906171707280739072D
:108C600010F4C901B8010E9428F36A966CAF7DAF79
:108C70008EAF9FAF6A97E0901E0AF0901F0A009196
:108C8000200A1091210AA0901A0AB0901B0AC090E5
:108C90001C0AD0901D0A9501A601B701C8010E94C7
:108CA00008FC181614F4750186012BAD3CAD4DADD2
:108CB0005EADCA01B9010E9489F36DA37DA71C01B5
:108CC0006A962CAD3DAD4EAD5FAD6A972E966CADFC
:108CD0007DAD8EAD9FAD2E970E9489F35B016C0137
:108CE0009701A801B701C8010E9489F37B018C019B
:108CF0009501A6016DA17DA5C1010E9408FC181671
:108D00001CF4ADA2BDA616012DA13DA5A101B70180
:108D1000C8010E9424F387FF03C0EDA2FDA618013D
:108D200049A05AA06BA07CA039E126963FAF2697B8
:108D300041E050E025965FAF4EAF25970E944BB0C3
:108D40000E94E8D1AE960CAD1DAD2EAD3FADAE97F5
:108D5000061B170B280B390B1016110612061306EB
:108D60007CF09B01AC0128533F4F4F4F5F4FAE96B5
:108D70002CAF3DAF4EAF5FAFAE9780E00E94B738EB
:108D800026963FAD2697315026963FAF26972596DB
:108D90004EAD5FAD2597BA0190E080E00E9428F3C8
:108DA0002A966CAF7DAF8EAF9FAF2A9726965FADA8
:108DB0002697552309F45AC19201A301A6966CADDA
:108DC0007DAD8EAD9FADA6970E9489F36B017C01AE
:108DD00029A53AA54BA55CA5AA966CAD7DAD8EAD37
:108DE0009FADAA970E9489F39B01AC01C701B60110
:108DF0000E94E1F97B018C019201A301AA966CAD5E
:108E00007DAD8EAD9FADAA970E9489F34B015C01A9
:108E100029A53AA54BA55CA5A6966CAD7DAD8EADFA
:108E20009FADA6970E9489F39B01AC01C501B401D7
:108E30000E94E0F92B013C01C701D80189A79AA73C
:108E4000ABA7BCA79201A3016E966CAD7DAD8EADB4
:108E50009FAD6E970E94E1F969837A838B839C832F
:108E600029A53AA54BA55CA5A2966CAD7DAD8EADAE
:108E70009FADA2970E94E1F96D837E838F839887CF
:108E80002A962CAD3DAD4EAD5FAD2A97E2966CAD06
:108E90007DAD8EAD9FADE2970E9489F362962CADB9
:108EA0003DAD4EAD5FAD62970E94E1F969877A876B
:108EB0008B879C872A962CAD3DAD4EAD5FAD2A9732
:108EC000E6966CAD7DAD8EAD9FADE6970E9489F3C1
:108ED00066962CAD3DAD4EAD5FAD66970E94E1F953
:108EE0006D877E878F87988BCE0101960E94409375
:108EF00023962CAD3DAD4EAD5FAD239769A97AA900
:108F00008BA99CA90E94BDFA2A962CAD3DAD4EAD11
:108F10005FAD2A970E9489F39B01AC0169A97AA9E8
:108F20008BA99CA90E94E0F96B017C016A962CAD8B
:108F30003DAD4EAD5FAD6A97CA01B9010E94E1F93E
:108F40009B01AC01C701B6010E9489F37B018C0132
:108F50002DA13DA5A1010E9408FC18161CF4EDA04E
:108F6000FDA48101C701D801898F9A8FAB8FBC8F77
:108F70009E012F5E3F4F4BAD5CAD6DAD7EADCE0122
:108F800001960E94D1C98823D1F02E962CAD3DAD1B
:108F90004EAD5FAD2E972D8B3E8B4F8B588F259608
:108FA0004EAD5FAD25974F5F5F4F25965FAF4EAFDC
:108FB00025978DA99EA98417950709F0BFCE80E15A
:108FC000E6E4F7E0DE01119601900D928A95E1F753
:108FD000CE0101960E9440931D8A1E8A1F8A188E18
:108FE000198E1A8E1B8E1C8E9E012F5E3F4F4BAD2D
:108FF0005CAD6DAD7EADCE0101960E94D1C980E120
:10900000E6E4F7E0A1E4BAE001900D928A95E1F779
:10901000EBCC2DEC3CEC4CEC5DE3C501B4010E94C3
:1090200024F387FF1FC02DEC3CEC4CEC5DE369A9F9
:109030007AA98BA99CA90E94BDFA0E9456FB4B01FC
:109040005C0120E030E040E85FE30E9424F387FF0A
:1090500006C0812C912C80E8A82E8FE3B82EC50184
:10906000B40143CDB101802F9DA13FCD2A962CADF7
:109070003DAD4EAD5FAD2A976FA978AD89AD9AAD84
:109080000E9489F34B015C010E94BAFA6B017C01DA
:10909000C501B4010E9444FC4B015C01A70196018B
:1090A00069A17AA18BA19CA10E9489F32B013C01AB
:1090B0002D8D3E8D4F8D58A1C501B4010E9489F3BD
:1090C0009B01AC01C301B2010E94E1F92B013C01FB
:1090D000A501940169A17AA18BA19CA10E9489F3A9
:1090E0004B015C012D8D3E8D4F8D58A1C701B601FE
:1090F0000E9489F39B01AC01C501B4010E94E0F913
:1091000069A77AA78BA79CA789E126968FAF269798
:1091100099CE20E030E0A901C301B2010E9424F3FE
:10912000882309F41FCB1D8E1E8E1F8E18A2A3014B
:109130009201505829A33AA34BA35CA38D8D9E8D19
:10914000AF8DB8A1B05889A79AA7ABA7BCA7A301B8
:109150009201C301B2010E9489F36B017C012D8D44
:109160003E8D4F8D58A1CA01B9010E9489F39B0120
:10917000AC01C701B6010E94E1F90E944EFC2E9697
:109180006CAF7DAF8EAF9FAF2E978090410A9090CD
:10919000420AA090430AB090440AA3019201C5017B
:1091A000B4010E94E1F96E966CAF7DAF8EAF9FAFB8
:1091B0006E972091450A3091460A4091470A509196
:1091C000480A29AB3AAB4BAB5CAB2D8D3E8D4F8D36
:1091D00058A169A97AA98BA99CA90E94E1F9A29634
:1091E0006CAF7DAF8EAF9FAFA29740904607509077
:1091F000470760904807709049076E962CAD3DADCB
:109200004EAD5FAD6E97C301B2010E94E0F96DA350
:109210007EA38FA398A7C0904A07D0904B07E090F9
:109220004C07F0904D07A2962CAD3DAD4EAD5FAD15
:10923000A297C701B6010E94E0F96DA77EA78FA78C
:1092400098ABA3019201C501B4010E94E0F94B0162
:109250005C012DEB37E346E855EB0E9408FC87FDE7
:10926000C4CA2DEB37E346E855E3C501B4010E94BB
:1092700024F318160CF4B9CAA701960169A97AA9B2
:109280008BA99CA90E94E0F96B017C012DEB37E3CF
:1092900046E855EB0E9408FC87FDA7CA2DEB37E393
:1092A00046E855E3C701B6010E9424F318160CF4F2
:1092B0009CCA28E4222E312C3BED832E3FE0932ED6
:1092C00039ECA32E30E4B32E9BEDC92E9FE0D92EAE
:1092D00099ECE92E90ECF92E111104CB7501640183
:1092E00001CBCF93C82F8091F50983FD0AC00E945E
:1092F000BA1B882331F080911F02909120020E94B6
:10930000319E83ED9FE20E9424A1CC2329F061E0ED
:1093100080E0CF910C9495A980915A0791E089271C
:1093200080933709809137098823F1F020E030E0FD
:1093300040E05FE36091E90D7091EA0D8091EB0DE3
:109340009091EC0D0E94E1F90E9425FB2091ED0D1A
:109350003091EE0D621B730B77FF03C07195619521
:1093600071096230710544F4109237098091F50952
:1093700083FF06C081E00FC080E00E94B738D2CFE3
:109380000E94BA1B8823B1F30E94FA2989E995E06B
:109390000E94D12980E0CF910895CF92DF92EF9281
:1093A000FF92CF93DF936B017C01D42FC0914805CE
:1093B00083E08093480581E080931D07C114D104A8
:1093C000E104F10431F00E94E8D1C60ED71EE81E78
:1093D000F91E80911D078823C1F0C114D104E10456
:1093E000F10421F48D2F0E94B738F3CF0E94E8D109
:1093F000A7019601261B370B480B590BDA01C9014F
:10940000181619061A061B066CF310921D07C09356
:109410004805DF91CF91FF90EF90DF90CF900895B6
:1094200081E00895DC01EC918E2F90E0FC01EE0FBD
:10943000FF1FE80FF91FE15FF14F80818F77808375
:109440000895009719F0019789F0089510929000FF
:1094500082E0809391001092950010929400C19A3E
:109460008091710082608093710008951092A00035
:1094700082E08093A1001092A5001092A40089BB05
:109480008093720008957F928F929F92AF92BF92C5
:10949000CF92DF92EF92FF920F931F93CF93DF93C0
:1094A0006C01EB01FC018081883108F0C4C090E0C0
:1094B000FC01EE0FFF1FE80FF91FE15FF14F808104
:1094C0008F770E94A5CAF6011182128280812CE05A
:1094D000622F0E94A5F9829FB001112430E020E0A4
:1094E000AB01420F531FFA01EE0FFF1FE40FF51FF0
:1094F000E15FF14F908197FD07C02F5F3F4F2C3008
:10950000310571F790E09DDFF6017080E72CF12CBA
:109510008701000F111FF801EE0DFF1DE15FF14FF4
:1095200080818068808377FC86C0C032F2E0DF07EC
:109530000CF040C0F601828128E532E0281B310999
:1095400087FD3395220F331F220F331F032E000C8C
:10955000440B550B818178E8872E912C881A91084D
:1095600087FD9394880C991C880C991C092C000C7D
:10957000AA08BB0860E070E0CB01D7FD0AC0BE01BD
:10958000C53BD10514F064EB70E0072E000C880B8E
:10959000990B281939094A095B090E943FF924EB04
:1095A00030E040E050E00E9470F9820E931EA41E4D
:1095B000B51EE401F7E1F71558F1F601228131817A
:1095C00088E890E0831B910937FD9395880F991FD8
:1095D000880F991FC817D90774F088E592E0821B9D
:1095E000910927FD9395880F991F880F991FC81718
:1095F000D9070CF4CE012FB7F8940E0D1F1DF801FA
:10960000E15FF14F0297880F991F928381832FBFEB
:1096100062E370E080E090E0DF91CF911F910F91C5
:10962000FF90EF90DF90CF90BF90AF909F908F9082
:109630007F900C94F236DF91CF911F910F91FF90A4
:10964000EF90DF90CF90BF90AF909F908F907F90E2
:1096500008950F931F93CF93C82F8B0188E59EE049
:109660000E94CE1BC817B1F06C2F70E088E59EE019
:109670000ADFF80160817181828193816737F1E0AF
:109680007F078105910520F467E771E080E090E0B5
:109690000E94F2368091000183FB882780F9CF91E8
:1096A0001F910F910895CF93DF9300D01F92CDB7F4
:1096B000DEB78EEE92E0A0E0B0E089839A83AB83C0
:1096C000BC83BE016F5F7F4F8AE5C3DF0F900F90B1
:1096D0000F900F90DF91CF910895CF93DF9300D03B
:1096E0001F92CDB7DEB78EEE92E0A0E0B0E08983A6
:1096F0009A83AB83BC83BE016F5F7F4F8AE0A9DF93
:109700000F900F900F900F90DF91CF910895CF930E
:10971000DF9300D01F92CDB7DEB784EF91E0A0E0D9
:10972000B0E089839A83AB83BC83BE016F5F7F4FB8
:1097300080EA8FDF0F900F900F900F90DF91CF9105
:109740000895CF92DF92EF92FF921F93CF93DF9312
:1097500000D01F92CDB7DEB78EEEC82E82E0D82E95
:10976000E12CF12CC982DA82EB82FC82BE016F5FB0
:109770007F4F8AE56EDF81110EC010E0812F0F90C0
:109780000F900F900F90DF91CF911F91FF90EF906E
:10979000DF90CF900895BBDFC982DA82EB82FC8232
:1097A000BE016F5F7F4F8AE554DF182F882329F3AE
:1097B0000E94869CE3CFCF92DF92EF92FF921F939D
:1097C000CF93DF9300D01F92CDB7DEB78EEEC82EB9
:1097D00082E0D82EE12CF12CC982DA82EB82FC8265
:1097E000BE016F5F7F4F8AE034DF81110EC010E051
:1097F000812F0F900F900F900F90DF91CF911F91BD
:10980000FF90EF90DF90CF90089581DF4CDF65DF10
:109810004ADFC982DA82EB82FC82BE016F5F7F4F32
:109820008AE017DF182F882311F30E94869CE0CF6F
:109830001F920F920FB60F9211240BB60F922F9317
:109840003F934F935F936F937F938F939F93AF93C8
:10985000BF93EF93FF9348EA50E064EA70E081E041
:1098600090E00E949F22FF91EF91BF91AF919F9155
:109870008F917F916F915F914F913F912F910F90B9
:109880000BBE0F900FBE0F901F9018951F920F9256
:109890000FB60F9211240BB60F922F933F934F9355
:1098A0005F936F937F938F939F93AF93BF93EF9348
:1098B000FF9348E950E064E970E090E080E00E94A6
:1098C0009F22FF91EF91BF91AF919F918F917F91D7
:1098D0006F915F914F913F912F910F900BBE0F9021
:1098E0000FBE0F901F90189580913C068823D1F1F0
:1098F0000FB607FC2DC09091BF068091C00698134B
:1099000004C08091D00086FD2DC08091D00085FFDD
:109910001EC08091C0062091BF06821306C08091B0
:10992000D1008F7D8093D10012C0E82FF0E0E15488
:10993000F94F92818F5F8F729093D6008093C0060B
:109940009091D00090649093D000281741F3D3CF2A
:109950009091BF068091C006981303C08091D000FB
:1099600086FFF6CF089591E090933C069091D10048
:1099700095FD0CC09091D00095FF08C08093D60053
:109980008091D00080648093D00008952091BF061C
:109990002F5F2F720FB607FC27C09091C00692135D
:1099A00028C09091D00095FF1EC09091C0064091B4
:1099B000BF06941306C09091D1009F7D9093D10073
:1099C00012C0E92FF0E0E154F94F32819F5F9F729E
:1099D0003093D6009093C0063091D000306430931D
:1099E000D000491741F3D9CF9091C006921301C01E
:1099F000FBCFE091BF06F0E0E154F94F8283209362
:109A0000BF068091D10080628093D10008950F93AA
:109A10001F93CF93DF93EC01162F042F8AE5A3DF6A
:109A200085EAA1DF83E0800F9EDF812F9CDF8D2FF1
:109A30009ADF8C2FDF91CF911F910F9194CFFF92DE
:109A40000F931F93CF93DF93F62E072F142F62E807
:109A5000DEDFCF2DD02F115018F0899184DFFBCF9E
:109A6000DF91CF911F910F91FF900895CF93DF93D6
:109A70001F921F92CDB7DEB7853608F084E6682FB7
:109A800070E090E080E00E942AF320E030E04FE7B1
:109A900053E40E9489F320E030E048EC52E40E9455
:109AA000BDFA20E030E0A9010E94E1F90E9414FC17
:109AB0006093EA031A821982698342E0BE016F5FF4
:109AC0007F4F81EA90E0BBDF0F900F90DF91CF9145
:109AD0000895FB018181CADF0C94A3A0CF93DF938B
:109AE0001F921F92CDB7DEB7853608F084E68093CB
:109AF0002102682F70E090E080E00E9428F320E0CF
:109B000030E04EEB52E40E9489F320E030E048EC74
:109B100052E40E94BDFA20E030E040EA50E40E94A6
:109B2000E1F90E9414FC69836A8342E0BE016F5F21
:109B30007F4F82E890E083DF0F900F90DF91CF910D
:109B40000895FB018181CADF0C94A3A0CF93DF931A
:109B500000D000D01F921F92CDB7DEB7FE01339622
:109B600096E0DF011D929A95E9F79AE5998395EAC7
:109B70009A838C834D836E8348E0BE016F5F7F4F75
:109B800080EB90E05CDFB0DE62E370E080E090E0CC
:109B90000E944ED128960FB6F894DEBF0FBECDBFFF
:109BA000DF91CF910895CF93DF9300D000D01F9223
:109BB0001F92CDB7DEB7FE01339696E0DF011D920E
:109BC0009A95E9F79AE5998395EA9A8391E09887BF
:109BD0008C834D836E8348E0BE016F5F7F4F80EBC7
:109BE00090E02DDF81DE62E370E080E090E00E9493
:109BF0004ED128960FB6F894DEBF0FBECDBFDF91D1
:109C0000CF9108958091F706882321F08091F60680
:109C1000811107C041E063E88FE090E0F8DE81E069
:109C2000A2CE089580913D0690913E062FEF3FEF22
:109C3000981751F0E92FF0E0E35CF94F228130E012
:109C40009F5F9F7790933E06C90108951F920F92E0
:109C50000FB60F9211240BB60F922F938F939F93F1
:109C6000EF93FF938091C0062091BF06821306C038
:109C70008091D1008F7D8093D10012C0E82FF0E059
:109C8000E154F94F92818F5F8F729093D600809349
:109C9000C0069091D00090649093D000281741F3B3
:109CA000FF91EF919F918F912F910F900BBE0F908D
:109CB0000FBE0F901F9018951F920F920FB60F9224
:109CC00011240BB60F922F938F939F93EF93FF93D3
:109CD0009091D60020913E06E0913D0681E08E0FE6
:109CE0008F77281729F0F0E0E35CF94F9283E82F93
:109CF000E0933D06FF91EF919F918F912F910F90EF
:109D00000BBE0F900FBE0F901F9018951F920F92D1
:109D10000FB60F9211240BB60F922F938F939F9330
:109D2000EF93FF939091CE002091520AE091510A57
:109D300081E08E0F8F77281729F0F0E0EF5AF54F6A
:109D40009283E82FE093510AFF91EF919F918F91B9
:109D50002F910F900BBE0F900FBE0F901F90189574
:109D60001F920F920FB60F9211240F900FBE0F90FB
:109D70001F9018951F920F920FB60F9211240F90FB
:109D80000FBE0F901F9018951F920F920FB60F9253
:109D900011240BB60F922F938F939F93EF93FF9302
:109DA0009091C6002091D40AE091D30A81E08E0FF1
:109DB0008F77281729F0F0E0ED52F54F9283E82FC6
:109DC000E093D30AFF91EF919F918F912F910F9084
:109DD0000BBE0F900FBE0F901F9018958EBD0DB447
:109DE00007FEFDCF08958FEF8EBD0DB407FEFDCFAA
:109DF0008EB50895909164009B7F90936400982F96
:109E0000906A96959CBD80FD03C091E0863009F470
:109E100090E09DBD08950F931F93CF93DF93CDB72F
:109E2000DEB76B970FB6F894DEBF0FBECDBFFB0158
:109E3000018110E080911A0790911B07800F911FFC
:109E40000E94D5DC882309F457C08091CC0D85FF92
:109E500066C010921B0710921A078FEF9FEF909326
:109E60000F0280930E028091550B08E919E08823B8
:109E700011F005E51BE019821C828091FD156FED44
:109E800075E1882311F06AEF75E121E0A801CE01A8
:109E900001960E943EAB8823D1F18BE1FE01319601
:109EA000AAEFB5E101900D928A95E1F78091CC0D72
:109EB0008F7B8093CC0DA091C10DAA3080F481E0FE
:109EC0008A0F8093C10D8BE18A9FD0011124AB5E74
:109ED000B94EEAEFF5E101900D928A95E1F78FEF27
:109EE0009FEF9093290280932802CE0101960E9451
:109EF0003B2681E080931F076B960FB6F894DEBF78
:109F00000FBECDBFDF91CF911F910F9108950E9499
:109F1000FA29B80187E099E10E9436E0E6CF809106
:109F20001A0790911B07080F191F10930F02009337
:109F30000E02DFCFFB0181818F3F91F0882341F03A
:109F40008E3FD9F446E060E070E0CB010E940F9FA5
:109F50000E946B9E60E070E0CB010E943F9E06C0B5
:109F600046E060E070E0CB010E940F9F8DE499E134
:109F70000E94F4D181E080931F070895CF93DF936F
:109F8000FB01C081D181DC27CD27DC27FC0180814A
:109F900091818131F0E29F0731F08231904281F06E
:109FA000DF91CF910895BE01DD0F880B990B0E94C0
:109FB0002AF346E00E940F9F81E080931F07F0CFB5
:109FC0000E946B9EBE01DD0F880B990B0E942AF345
:109FD0000E943F9EF1CFFB018181823091F083305E
:109FE00019F18130E9F40E946B9E60E070E088E432
:109FF00093E40E943F9E46E060E070E080E792E4D8
:10A000000DC00E946B9E60E070E080E793E40E94C8
:10A010003F9E46E060E070E080EA92E40E940F9F7D
:10A0200081E080931F0708950E946B9E60E070E0BE
:10A0300080E793E4DECF2F923F924F925F926F9230
:10A040007F928F929F92AF92BF92CF92DF92EF92C8
:10A05000FF920F931F93CF93DF93CDB7DEB7629735
:10A060000FB6F894DEBF0FBECDBF0E94013587FD4D
:10A07000D6C38DE490E30E9424A185E40E946A1B6C
:10A08000812C912CA12C30E4B32E882379F00E94EE
:10A09000A2204B015C0120E030E0A9010E9408FCF5
:10A0A00087FF04C0B7FAB094B7F8B0948CE0EBEE39
:10A0B000F3E0DE01119601900D928A95E1F788E5B3
:10A0C0000E946A1B882351F040E050E0BA0188E505
:10A0D0000E94D02069837A838B839C8389E50E94C8
:10A0E0006A1B882351F040E050E0BA0189E50E94E4
:10A0F000D0206D837E838F8398878AE50E946A1BB8
:10A10000882351F040E050E0BA018AE50E94D02057
:10A1100069877A878B879C87C0907107D090720778
:10A12000E0907307F090740785E50E946A1B88230E
:10A1300021F00E94A2206B017C0120E030E0A90107
:10A14000C701B6010E9408FC87FF04C0F7FAF0942B
:10A15000F7F8F0946AE070E082E40E949520809124
:10A16000B00D81115CC361E084ED98E00E94382D50
:10A1700045E25CE161EF78E085E00E94F4CB10916C
:10A18000B00D81E0810F8093B00D0E9473378E87F0
:10A19000882341F08091CC0D8B7F8093CC0D1E5F86
:10A1A0001093B00D0E94319C80E1E1E4FAE0AFE24F
:10A1B000B5E001900D928A95E1F787E00E94AF9299
:10A1C0008D87811159C129852F878A85888B2B8599
:10A1D000298B8C858A8B2090490A30904A0A4090BE
:10A1E0004B0A50904C0A20E030E040E251E4C201BA
:10A1F000B1010E94E1F93B018C0120E030E048EC24
:10A2000053E40E9408FC181624F4612C712C08EC0D
:10A2100013E49301A8016F85788989899A890E943E
:10A2200008FC181624F46F84788809891A89A20119
:10A230009101B301C8010E94E0F92E85222351F05B
:10A2400020916C07222331F041E02D85211140E05F
:10A250000E94BB210E947A8720E030E0A901C5015D
:10A26000B4010E9424F3882369F00E94E5868111DD
:10A2700009C0C501B401905820E030E040E752E445
:10A280000E945E958D858111E3C2BE016F5F7F4F95
:10A290000E94AF9C20E030E0A901C701B6010E94F6
:10A2A00024F3882309F451C062E080E01AD888239F
:10A2B00009F44BC08FE390E30E9424A120E030E03A
:10A2C00040E752E460E070E080E591EC0E945E952A
:10A2D00068E873E180E090E00E94F23620E030E030
:10A2E00048EC51E460E070E088EA91E40E945E95F9
:10A2F00080902E0A90902F0AA090300AB090310AD8
:10A3000080E090E0A8ECB1E480932E0A90932F0AAD
:10A31000A093300AB093310AC701B601905820E0EB
:10A3200030E040E251E40E945E9580922E0A9092C5
:10A330002F0AA092300AB092310A0E94368264E657
:10A3400070E080E090E00E94F2360E94368264E67F
:10A3500070E080E090E00E94F23660E083E00E94CE
:10A36000BECB0E94FA2987EF98E00E94D1290E9473
:10A37000E8D1685370458F4F9F4F6093E807709303
:10A38000E9078093EA079093EB071092EC0710918E
:10A39000480583E08093480585E699E00E94B42D46
:10A3A00085E699E00E9424A181E080931D078091B9
:10A3B0001D07882309F465C08091EC07882309F400
:10A3C00057C080EE9FE20E9424A10E94FA2988E4EF
:10A3D00099E00E94D12940E069E379E082E00E949F
:10A3E0008F2D82E399E00E946B2D0E94872D89E3D7
:10A3F00099E00E9424A141E060E070E0CB010E945E
:10A40000CD4940E065E279E085E00E948F2D0E9411
:10A41000872D85E299E00E944FC80E946B9E60E004
:10A4200080E00E94714960E083E00E94BECB0E9400
:10A43000FA2987EF98E00E94D1290E94E8D1685359
:10A4400070458F4F9F4F6093E8077093E9078093A3
:10A45000EA079093EB071092EC0789E199E00E94DC
:10A46000B42D89E199E00E9424A181E080931D0729
:10A4700081E00E94B7389BCF60E070E080E090E41C
:10A48000DCCE1093480570E060E082E50E949520E4
:10A490008C01C0906D07D0906E07E0906F07F09030
:10A4A00070078CE40E946A1B882321F00E94A2207E
:10A4B0006B017C0120E030E0A901C701B6010E94D8
:10A4C00008FC87FF04C0F7FAF094F7F8F094809145
:10A4D000B00D882309F4A3C1B090EC070E946B9ED5
:10A4E0008091ED0D9091EE0D801791071CF4C8013D
:10A4F0000E94319E60E080E00E947149882309F447
:10A50000A5C0BB2061F188E190E30E9424A10E94D4
:10A51000FA2980EB99E00E94D129B090480583E0A8
:10A520008093480581E080931D0782EA99E00E94AC
:10A5300024A140E362E979E082E00E948F2D8CEA59
:10A540009AE00E946B2D0E94872D80911D07882321
:10A5500021F081E00E94B738F8CFB09248058BE037
:10A5600090E30E9424A120E030E0A901C701B601D8
:10A570000E9424F3882321F180902E0A90902F0AC4
:10A58000A090300AB090310A80E090E0A8ECB1E4ED
:10A5900080932E0A90932F0AA093300AB093310A29
:10A5A00020E030E040EC50E4C701B6010E945E9527
:10A5B00080922E0A90922F0AA092300AB092310A0D
:10A5C00023E0D22E8EEF9FE20E9424A120E030E013
:10A5D00040E450E460E070E088E492E40E945E951C
:10A5E0008091410593E7E92E99E0F92E811104C08D
:10A5F0008CEAE82E8AE0F82E40E06BE879E081E012
:10A600000E948F2D81E899E00E946B2DC7010E9466
:10A610006B2D0E94872DF0904805D092480510922E
:10A620001D071092420583EC9FE20E9424A18091B5
:10A630004205811104C081E00E94B738F8CFF09242
:10A640004805813009F4BECF0E948B2D10161106EB
:10A650003CF4C8010E94319E60E080E00E9495A910
:10A6600080EF9FE20E9424A160E081E00E94714996
:10A6700020E030E040E752E460E070E080E090EC01
:10A680000E945E9587E00E94AF9281115CC080912C
:10A690004D0A90914E0AA0914F0AB091500A4091F4
:10A6A000490A50914A0A60914B0A70914C0A0091F4
:10A6B0003305109134052091350530913605C09051
:10A6C0002F05D0903005E0903105F0903205C09212
:10A6D0004607D0924707E0924807F0924907009357
:10A6E0004A0710934B0720934C0730934D07409334
:10A6F0004E0750934F076093500770935107809314
:10A70000520790935307A0935407B093550760E006
:10A7100070E088EC92E40E940DB68091370590912C
:10A720003805A0913905B0913A0580934E07909372
:10A730004F07A0935007B093510760E070E080EAA4
:10A7400090E40E940DB620E030E040E752E460E083
:10A7500070E080E090E40E945E95C0903B05D09050
:10A760003C05E0903D05F0903E0520E030E0A90179
:10A77000C701B6010E9424F387FF08C020E030E043
:10A7800040E752E4C701B6010E945E9580913B0507
:10A7900090913C05A0913D05B0913E0580934D0AF6
:10A7A00090934E0AA0934F0AB093500A8093520799
:10A7B00090935307A0935407B09355070E94959523
:10A7C00061E082ED99E00E94382D8091B00D8150BA
:10A7D0008093B00D45E25CE16AED79E085E00E948E
:10A7E000F4CB8091A509823011F40E94D49B809112
:10A7F000B00D882381F081508093B00D0E9497D3D3
:10A8000080916C07882339F040E060E070E080E0E0
:10A8100090E40E94BB210E9433350E946ECB629669
:10A820000FB6F894DEBF0FBECDBFDF91CF911F9161
:10A830000F91FF90EF90DF90CF90BF90AF909F90DF
:10A840008F907F906F905F904F903F902F900895E2
:10A850008BED98E00E944FC81DCD2F923F924F92F2
:10A860005F926F927F928F929F92AF92BF92CF92A0
:10A87000DF92EF92FF920F931F93CF93DF93CDB7A9
:10A88000DEB7E1970FB6F894DEBF0FBECDBF89AB40
:10A890002091480528AB11E0109348058091680588
:10A8A0008D3409F4FCC2843509F443C08734E9F4DB
:10A8B00020916605309167052B31310509F481C07F
:10A8C000B8F42430310558F42230310580F181E0AC
:10A8D0002230310509F080E00E947B422AC02430FA
:10A8E000310579F12531310521F10E9429DF21C09F
:10A8F0002A32310509F44EC160F42D31310509F4D5
:10A9000017C108F481C02E31310579F70E945069D2
:10A9100010C02B35310509F41BC22C35310509F463
:10A920001BC22A35310509F71092031502C00E9497
:10A93000913889A981110C941E5D0E9493CB0C94CF
:10A940001E5D80E50E946A1BC12CD12C76018823F4
:10A9500021F00E9436206B017C0183E50E946A1B76
:10A96000882361F00E94A22020E030E04AE754E40E
:10A970000E9489F30E942AFB6B017C010E947A8766
:10A98000C114D104E104F104A1F28091C214811137
:10A9900004C08BE39AE00E944FC80E94E8D14B01AB
:10A9A0005C010E94E8D1681979098A099B096C1534
:10A9B0007D058E059F0508F0BCCF80E00E94B7386A
:10A9C000F0CF87E00E94E2AD8111B3CF70E060E08C
:10A9D00080E50E9495208530910578F49CE0E7EFB2
:10A9E000F3E0DE01119601900D929A95E1F7BE0118
:10A9F0006F5F7F4F0E94AF9C9CCF64E47AE08CE550
:10AA00009AE00E94152D95CF87E00E94AF928111A8
:10AA100011C08091370690913806A0913906B09107
:10AA20003A061EE0B695A795979587951A95D1F7A2
:10AA300080FD7FCF0E947A870E94E8D160938C09C5
:10AA400070938D0980938E0990938F09109238022C
:10AA500080E00E949E260E94EB9381E0809329096A
:10AA60000E94C397C0903706D0903806E090390610
:10AA7000F0903A06F9E1F694E794D794C794FA95E2
:10AA8000D1F7C0FE0DC081E00E94AF92182F82E086
:10AA90000E94AF9211110C94C86811E0811101C09D
:10AAA00010E08091370690913806A0913906B09158
:10AAB0003A06E7E1B695A79597958795EA95D1F778
:10AAC00080FF02C00C94BC67112311F40C94BF6783
:10AAD000012F10E08C2D8170982E0C94CF6741E0EF
:10AAE00060E070E080E291E40C94B96888E79AE055
:10AAF0000E944FC80E94FA2986E69AE00E94D12956
:10AB00000E94EC958091280980932909992049F0A9
:10AB100040917F0921E060E070E080E291E40E94D2
:10AB2000F3940E94D2930E94479603CF982EE8CFC9
:10AB30000E94E8D160938C0970938D0980938E09EF
:10AB400090938F098091AE0981111DC080913706C5
:10AB500090913806A0913906B0913A065DE0B6951D
:10AB6000A795979587955A95D1F780FF04C089E8F6
:10AB70009AE00E94FA6887E00E94E2AD8111D9CE86
:10AB80000E94886AD6CE60E08FE40E9480208823ED
:10AB9000E9F2CFCE80917A09833008F4CACE89E4F5
:10ABA0000E946A1BE82E00E0882319F00E94922080
:10ABB000082F8AE40E946A1BF82E10E0882319F0FF
:10ABC0000E949220182FEE2011F0053020F4FF2073
:10ABD00039F0153028F08DE89AE00E94D129A9CEED
:10ABE00080E1E1E4FAE0A6E4B7E001900D928A95F5
:10ABF000E1F7EE2011F1602F70E090E080E00E941C
:10AC00002AF32091630730916407409165075091C2
:10AC100066070E9489F320915B0730915C074091A1
:10AC20005D0750915E070E94E1F9609346077093BB
:10AC300047078093480790934907FF2011F1612F40
:10AC400070E090E080E00E942AF320916707309145
:10AC500068074091690750916A070E9489F3209123
:10AC60005F073091600740916107509162070E9431
:10AC7000E1F960934A0770934B0780934C079093D8
:10AC80004D078091370690913806A0913906B09112
:10AC90003A064FE0B695A795979587954A95D1F7CF
:10ACA00080FF38C0EE20D1F0E091670EF091680E81
:10ACB000208131814281538160914607709147071D
:10ACC00080914807909149070E94E0F960934607F8
:10ACD000709347078093480790934907FF20D1F06E
:10ACE000E091670EF091680E24813581468157818D
:10ACF00060914A0770914B0780914C0790914D07E6
:10AD00000E94E0F960934A0770934B0780934C07C9
:10AD100090934D0740E050E0BA0186E40E94D020B5
:10AD20006B017C0120E030E0A9010E9408FC1816AC
:10AD30005CF420E030E040E752E4C701B6010E9435
:10AD4000BDFA0E940DB6F5CD60E070E0CB01F9CF01
:10AD50008FE080930315EDCD80916505882381F107
:10AD6000893009F0E6CD23E0A22E24E0B22E31E4B2
:10AD7000C32E3AE0D32EE12C10E000E0D5018D91F6
:10AD80005D010E946A1BF82E882361F0033011F0E8
:10AD9000E82EF12E0E94A220F60160837183828347
:10ADA00093831F2D0F5FF4E0CF0ED11C043031F7D9
:10ADB000EE2009F464C00E94EC950E944796B9CD3C
:10ADC00083E094E099A788A780E8682E89E0782E30
:10ADD00091E4492E9AE0592E10E000E0A8A5B9A50B
:10ADE0008D91B9A7A8A70E946A1B382E8823E9F184
:10ADF0000E94A2206B017C01033049F0F301208105
:10AE00003181428153810E94E0F96B017C01D201C2
:10AE10002D913D914D915C91C701B6010E94E0F9E1
:10AE20004B015C012DEB37E346E855EB0E9408FC33
:10AE300087FD0AC02DEB37E346E855E3C501B401B1
:10AE40000E9424F318168CF40330F9F0A501940144
:10AE5000F30160817181828193810E94E1F9D301C4
:10AE60006D937D938D939C9313970F5FB4E06B0E5E
:10AE7000711CE4E04E0E511C043009F0AFCF1123D9
:10AE800009F49BCF0E94959598CFC0924D0AD0921D
:10AE90004E0AE0924F0AF092500A132DE6CF8091AD
:10AEA0006605909167058837910511F40C94E65F6B
:10AEB00008F0D2C18135910509F403C708F03DC1FE
:10AEC0008931910509F4C3C408F0E3C084319105C8
:10AED00009F45CC408F084C08131910509F419C4F7
:10AEE00008F058C0029708F000CD80E50E946A1B68
:10AEF000C12CD12C7601882321F00E9436206B01D1
:10AF00007C0183E50E946A1B882361F00E94A220D5
:10AF100020E030E04AE754E40E9489F30E942AFBD3
:10AF20006B017C010E947A87809163059091640592
:10AF3000009709F4DBC30E94EBA000916305109118
:10AF400064050115110509F4D6C30E948B2D82E01A
:10AF50008093920960E086EA9AE00E94512DB090B9
:10AF6000BF158FEF8093BF1580E20E943420C80187
:10AF70000E9477260E94FD29B092BF158CEA9AE0C4
:10AF80000E946B2D0E94872D40E0C701B6010E94F0
:10AF9000CD49CFCC429709F0A8CC83E50E946A1B2B
:10AFA000882309F4B4C60E94E8D160938C09709399
:10AFB0008D0980938E0990938F090E94A22020E032
:10AFC00030E04AE754E40E9489F30E942AFB609330
:10AFD0000202709303028093040290930502A9CCAD
:10AFE0008631910509F404C408F4FFC38731910543
:10AFF00009F41BC4489709F078CC0E946B9E61E06D
:10B0000080E00E9495A983E50E946A1B882321F0B5
:10B010000E9446200E94A21F84E50E946A1B88238A
:10B02000A9F00E9446206B017C010E94B99BC0924E
:10B030004107D0924207E0924307F0924407CD289F
:10B04000CE28CF2819F081E08093A5090E941637F9
:10B05000882381F00E9497D30E9461378BE495E1A9
:10B060000E9440D31092800B1092810B1092820BA1
:10B070001092830B61E082E499E10E94382D45E251
:10B080005CE16DE17BE085E00E94F4CB0E946ECB39
:10B0900050CC8E31910509F483C498F48B3191051D
:10B0A00009F419C408F408C48C31910509F470C47A
:10B0B0004D9709F01ACC8091CC0D8E7F8093CC0DEA
:10B0C00038CC8B34910509F499C460F58F31910522
:10B0D00009F476C4809709F008CC0E947337811177
:10B0E0000E947A878091CC0D84FF23CC60E080E5BC
:10B0F0000E948020182F682F80916305909164052D
:10B100000E9437DF83E50E946A1B882321F00E949A
:10B1100046200E94A21F0E9497D311110ACC0E94C0
:10B12000613707CC8C34910509F46CC48D349105DA
:10B1300009F0DBCB0E944D9CFCCB8C36910509F4C9
:10B1400033C508F054C08C35910509F430C688F534
:10B150008335910509F4D3C508F4C9C58435910533
:10B1600009F41BCF8535910509F0BFCB83E50E941B
:10B170001C1B882309F4FDC50E94E8D160938C094B
:10B1800070938D0980938E0990938F090E94A2205D
:10B1900020E030E04AE754E40E9489F30E942AFB51
:10B1A000609343057093440580934505909346054D
:10B1B000C0CB8936910509F433C440F48836910533
:10B1C00009F093CB80E00E94C735B3CB8A36910556
:10B1D00009F450C48B36910509F087CB60E080E517
:10B1E0000E9467208111A5CB1092C014A2CB813799
:10B1F000910509F419C5A8F48E36910509F45CC4CB
:10B2000008F409C48F36910509F48BC48037910581
:10B2100009F06BCB41E070E060E087EA9BE00E94C0
:10B2200079368537910509F46AC658F48237910555
:10B2300009F45DC68337910509F057CB0E94412A76
:10B2400078CB8637910509F46EC68737910509F0EA
:10B250004CCB0E9472976DCB8239F1E09F0711F4BD
:10B260000C94E76308F0F0C08E3C910511F40C9447
:10B27000636108F055C0883C910509F4AFC6E0F45D
:10B280008C38910509F4F1C458F48937910509F017
:10B290002CCB10922909109228090E94C39749CB00
:10B2A0008B39910509F4E6C48E3B910509F01DCB5D
:10B2B00081E00E941B3F3DCB8B3C910509F4F4C615
:10B2C000B0F4893C910509F010CB8091370684FDDC
:10B2D000C3C680913906887809F0BEC680913A06C7
:10B2E000837009F0B9C681E00E94B82C22CB8C3C57
:10B2F000910509F40DC78D3C910509F0F6CA8091BE
:10B30000370690913806A0913906B0913A06892BFC
:10B310008A2B8B2B09F051C781E00E94272C09CB87
:10B320008232A1E09A0711F40C94E46208F03EC066
:10B330008C3D910511F40C94446278F4833D9105A1
:10B3400009F0D3CA83E50E941C1B882309F4EAC7CD
:10B350000E94712080933702ECCA8D3D910511F453
:10B360000C948A628831914009F0BFCA80E50E943E
:10B370006A1B882309F4DDCA0E9492208C01892B64
:10B3800011F00C94D76283E50E946A1B882311F4A4
:10B390000C94BF620E94922097FF02C00C94B96285
:10B3A000BC0188E59EE00E94434AC3CA8F32F1E0A7
:10B3B0009F0711F40C94DF6380F58D32A1E09A07AA
:10B3C00011F40C946A638E32914009F08ECA83E5C1
:10B3D0000E941C1B182F882331F00E94922090930A
:10B3E000200280931F0280E50E941C1B811104C073
:10B3F000112311F40C94BB6320911F0230912002A1
:10B40000232B11F40C94B563882311F40C94B863C6
:10B410000E94712080935A078CCA8039E1E09E0710
:10B4200011F40C94E3638139914009F05ECA60E045
:10B4300082E50E94802090917F099111BECC682FF7
:10B4400081E00E947A99B9CC873F21E0920711F4FC
:10B450000C94C56508F0B9C0853AB1E09B0711F4BA
:10B460000C949764D8F48C39F1E09F0711F40C9494
:10B47000F16338F48A39914009F037CA0E942A965C
:10B4800058CA8D39B1E09B0711F40C945767843A80
:10B49000914009F02ACA0E941A334BCA843FF1E056
:10B4A0009F0711F40C94BD6508F082C08C3AA1E0AE
:10B4B0009A0711F40C941265863E914009F015CA62
:10B4C00084E50E941C1B8823A1F01092F1091092C0
:10B4D000F2091092F3091092F4091092EF098FEF1C
:10B4E0000E94172161E070E084E50E94952080931E
:10B4F000EF0983E50E946A1B882321F00E949220B5
:10B500000E9417218091370690913806A091390644
:10B51000B0913A0662E0B695A795979587956A959A
:10B52000D1F780FF06C08091F009803210F40E94AC
:10B53000EDE180E50E946A1B882331F00E94922091
:10B54000803210F40E94EDE185E50E946A1B882399
:10B5500009F4EFC90E949220803208F0EAC941E064
:10B5600050E0082E02C0440F551F0A94E2F74095A0
:10B570005095052E000C660B770B0091F109109188
:10B58000F2092091F3093091F409402351236223F9
:10B5900073234093F1095093F2096093F309709378
:10B5A000F4099091F0098913C4C91092EE09C1C938
:10B5B000853FE1E09E0711F40C94C165863F914000
:10B5C00009F093C90E94D297B4C9833523E092074A
:10B5D00011F40C945666A8F58C30B2E09B0711F478
:10B5E0000C94CE65A0F4883F914009F07EC981E0BB
:10B5F0008093DE070E9489A31092DE07811199C90A
:10B600000E94FA298BE79DE00E94D12992C98835D2
:10B6100022E0920711F40C94D2658B35924009F028
:10B6200064C98091380683FF02C00C94D66580916E
:10B630003906887111F00C94D66581E00E94942B34
:10B6400078C9873EB3E09B0711F40C943E67B0F4D1
:10B650008C36F3E09F0709F4ADC2803A934009F0BD
:10B6600044C920916305309164059091CC0D92609E
:10B670009093CC0DC9010E9442E05BC9883EA3E0D3
:10B680009A0711F40C947767893E934009F02DC90D
:10B690000E947A878091CC0D877F8B7F8093CC0D21
:10B6A0008091C20D81110C94B5670E940B260E94F7
:10B6B000569B6D3371058105910520F080EF9DE06B
:10B6C0000E94FA688CEE9DE00E94FA681091BF1506
:10B6D0008FEF8093BF1588ED9DE00E94D1291093D4
:10B6E000BF1584ED9DE00E94FA6823C985EC9AE0BD
:10B6F0000E9424A122CC8091660590916705892B38
:10B7000029F08DEB9AE00E94B42D3ECC85EB9AE0B7
:10B71000FACF0E940B1B882391F185E40E941C1B29
:10B72000882361F080913F0590914005892B21F09D
:10B730000E949220811102C00E943E8203E0E02E0E
:10B7400004E0F02E10E0F70121917F012154809157
:10B75000370690913806A0913906B0913A0604C098
:10B76000B695A795979587952A95D2F780FF03C040
:10B77000812F0E9478821F5F133029F7DAC888ED85
:10B780009AE00E944FC80E949982D3C88091CC0D44
:10B7900084FF24C080EF9AE00E94D1298091CC0DD3
:10B7A00084FF17C08FED95E10E94597F8BE1EFED8B
:10B7B000F5E1DE01119601900D928A95E1F770E0B6
:10B7C00060E0CE0101960E9417E1CE0101960E9431
:10B7D0003B2681EE9AE00E94D129ABC80E94FA294B
:10B7E00081E09BE00E94D129A4C80E942ADCA1C864
:10B7F0000E94733781119DC88091CC0D84FF99C838
:10B800000E9487D38091CC0D8F7E80648093CC0D75
:10B810008FEF9FEF90932902809328020E94FA29CC
:10B820008BE09BE00E94D12984C8809163059091B0
:10B830006405FC012191222331F02032D9F7DF0188
:10B8400011971C92F7CF60E00E9437DF72C80E9408
:10B850007337882329F08091CC0D8B7F8093CC0D9A
:10B8600080916C07882339F040E060E070E080E070
:10B8700090E40E94BB210E94319C0E946ECB49E261
:10B880005BE060E37BE084E00E94F4CB61E082E86F
:10B890009BE00E94382D0E94E8D1685370458F4F7D
:10B8A0009F4F6093E8077093E9078093EA079093AE
:10B8B000EB071092EC073DC88091CC0D84FF39C88E
:10B8C00083E50E946A1B882309F433C80E9446203E
:10B8D0000E94A21F2EC88091370690913806A09131
:10B8E0003906B0913A0612E0B695A79597958795D7
:10B8F0001A95D1F780FF1BC083E49BE00E94D129F9
:10B9000080912617882371F0BE016F5F7F4F83E21D
:10B9100097E10E94257ECE0101960E9477260E9423
:10B92000FD2907C889E39BE00E94D129F8CF0E9436
:10B930007337811104C00E942437882319F1C09005
:10B94000C40DD090C50DE090C60DF090C70D80904D
:10B95000C80D9090C90DA090CA0DB090CB0D83E694
:10B960009BE00E94D129C501B4010E94F9258FE214
:10B970000E94BEC5C701B6010E94F9250E94FD299B
:10B980000C94995482E59BE00E94D1290C9499541F
:10B9900080916305909164050E9442E00C94995453
:10B9A0008091CC0D84FD02C00C9499540E9482D7E2
:10B9B00080916305909164050E94B4E00C949954C1
:10B9C0000E94569B6C8F7D8F8E8F9F8FBE016F5F05
:10B9D0007F4FCE014C960E94932340E061E0CE0160
:10B9E00001960E94A99D0E94FA29BE016F5F7F4FB8
:10B9F00085E79BE00E9436E00C9499540E946137E1
:10BA00000C9499540E94319C61E082E89BE00E9472
:10BA1000382D0C94995481E00E94C7350C949954A8
:10BA20000E940135182F87FD09C088E89BE00E941D
:10BA3000D129812F0E94CAA80E94FD2998A990931C
:10BA40004805E1960FB6F894DEBF0FBECDBFDF917B
:10BA5000CF911F910F91FF90EF90DF90CF90BF900B
:10BA6000AF909F908F907F906F905F904F903F909E
:10BA70002F90089560E080E50E94672081110C946A
:10BA80009954809137066091C014062F80FD02C042
:10BA90000FEF10E083E50E946A1B882349F00E94A3
:10BAA00036208B016F3F710519F010F00FEF10E099
:10BAB0000093C0140C9499548EE40E946A1B88234E
:10BAC000B9F00E944620E0915C0222E6E29FF0017C
:10BAD0001124E154FD4FE081A7E6EA02F0011124B0
:10BAE000E759FA4F60837183828393830C9499544E
:10BAF000E0915C02B2E6EB9FF0011124E154FD4FAE
:10BB0000E08127E6E202F0011124E759FA4F408173
:10BB10005181628173818BE89BE00E94F92A0C9429
:10BB2000995483E50E946A1B882321F00E945620C5
:10BB30008093F5090E94FA2980EA9BE00E94D129AE
:10BB40008091F509882369F1B6E9EB2EBBE0FB2E65
:10BB500010E000E020E0F701C590D490C114D104BA
:10BB6000B9F08091F50990E0002E02C09595879577
:10BB70000A94E2F780FF0CC0BB24B394B20E2223D8
:10BB800019F08CE20E943420C6010E94D1292B2D8D
:10BB90000F5F1F4F82E0E80EF11C05301105D9F64A
:10BBA000BECE82E99BE0C0CE1092370910921D07ED
:10BBB0000C94995483E50E946A1B882311F40C9419
:10BBC00099540E94562090919209109292099230B5
:10BBD000F9F0943009F1913011F00C9499548823C4
:10BBE00099F0813011F00C94995482E080934205D1
:10BBF00080914105882311F40C94995410922202EB
:10BC00000E9433350C949954909342050C949954A6
:10BC100010921D070C94995489E499E19093390985
:10BC2000809338090C94995483E50E946A1B8823F9
:10BC300069F00E9456208D3320F4809301020C9409
:10BC400099548CE3809301020C9499540E94FA2930
:10BC50001091010285EB9BE00E94D129812F0E9467
:10BC600083260E94FD290C94995480E00E941B3F7A
:10BC70000C94995483E50E946A1B882311F40C9458
:10BC800099540E945620182F8C3308F08CE380932F
:10BC9000D10D0E94E8D16B017C01212F30E0A8EE8C
:10BCA000B3E00E9496F9C60ED71EE81EF91EC09298
:10BCB000CD0DD092CE0DE092CF0DF092D00D0C9420
:10BCC00099540E943C891092C0140E94BA800E942C
:10BCD0004D9C0E940B2668EE73E080E090E00E948D
:10BCE000F2368CEB9BE00E944FC80C9499548091E3
:10BCF00003158F7D8061809303150C949954809176
:10BD000003158F7E8062809303150C9499540E94D2
:10BD10000B1B882351F10E947A8785E40E941C1B2B
:10BD200081110E943682A3E0EA2EA4E0FA2E10E0F0
:10BD3000D7012D917D0121548091370690913806CD
:10BD4000A0913906B0913A0604C0B695A79597958B
:10BD500087952A95D2F780FF03C0812F0E944582E4
:10BD60001F5F133029F70C9499540E943C890C945E
:10BD700099546091430570914405809145059091D7
:10BD8000460528EE33E040E050E00E944EF969019C
:10BD90007A0188ED9BE00E94D129C701B6010E947B
:10BDA000F92583ED9BE00E94D1290C9499540E94BF
:10BDB000013587FF02C00C9499548091370684FDA9
:10BDC00009C08091390687FD05C080913A068370CD
:10BDD00009F488C0E3E0CE2EE4E0DE2EF6EFEF2E8D
:10BDE000F9E0FF2E10E0F60181916F010E946A1BBD
:10BDF000882359F0133099F00E94A220D70154965D
:10BE00006D937D938D939C9357971F5FB4E0EB0EDA
:10BE1000F11C143041F70E9457870C9499540E94EA
:10BE2000A2204B015C0120E030E040EA51E40E9496
:10BE300024F387FF4EC0A50194016091160A70910A
:10BE4000170A8091180A9091190A0E94BDFA2B01D5
:10BE50003C01AC019B016091C4097091C5098091BE
:10BE6000C6099091C7090E9489F36093C409709331
:10BE7000C5098093C6099093C709A30192016091F7
:10BE8000260A7091270A8091280A9091290A0E9417
:10BE900089F36093260A7093270A8093280A909367
:10BEA000290A6091D4097091D5098091D6099091A1
:10BEB000D7090E9428F3A30192010E9489F30E94EE
:10BEC0002AFB6093D4097093D5098093D609909387
:10BED000D7098092160A9092170AA092180AB09277
:10BEE000190A93CF81E00E94D0CA0C9499540E9401
:10BEF000CDC88DE79EE00E9471810C949954809189
:10BF0000630590916405009751F0FC012081222384
:10BF100031F040E061E00E94A99D0C9499540E9488
:10BF20006ECB0C949954009163051091640524E044
:10BF30008FEFF12C30E0215009F1D8019C91492F6D
:10BF40004B7F4134A1F411964C914133B9F49134B3
:10BF5000B1F1953409F431E0A8014E5F5F4F8A01D9
:10BF60004F5F5F4FD8019C919032C9F3E4CF903579
:10BF700029F4F801918190539A30F8F0E090BF15C0
:10BF8000833000F5882301F19FEF980F81E001C015
:10BF9000880F9A95EAF78093BF1531110E94FA290C
:10BFA000FF2021F08CEE9BE00E94D129C8010E9465
:10BFB000E825E092BF150C949954892FCDCFFF242A
:10BFC000F394CACF8E2DE7CF8FEFE5CF10932909D9
:10BFD000109328090E94C3970C94995480913706B6
:10BFE00083FD09C0809139068C7029F481E00E949C
:10BFF000EF2C0C9499540E940135182F87FF02C032
:10C000000C9499540091790784E40E946A1BF82EDD
:10C010008823B1F00E94A2204B015C0120E030E0B7
:10C02000A9010E9424F38823A9F0B4E01B02F001C7
:10C030001124EB58F84F80829182A282B3820F2D97
:10C04000602F83E50E948020809379070E94178AE1
:10C050000C94995480E0F8CF0E94013587FF02C00C
:10C060000C94995403E014E076EFE72E79E0F72E74
:10C07000F80181918F010E946A1B882361F00E9460
:10C08000A2200E942AFBD7016D937D938D939C93F0
:10C0900013970E940987B4E0EB0EF11CE4E007302F
:10C0A0001E0731F70C9499548091370684FD0DC01A
:10C0B00080913906887849F480913A06837029F492
:10C0C00081E00E94912C0C9499540E94013587FFC5
:10C0D00002C00C94995463E0E62E64E0F62E10E062
:10C0E00000E0D7018D917D010E946A1B882349F0F1
:10C0F0000E94A220F801EA50F64F64A375A386A31C
:10C1000097A30C5F1F4F0031110559F70C949954F8
:10C110008091380687FD09C0809139068E7029F418
:10C1200081E00E94722C0C94995483E50E946A1B52
:10C13000882391F00E94A22060932A0A70932B0A10
:10C1400080932C0A90932D0A6093320A7093330ADD
:10C150008093340A9093350A80E50E946A1B8823F5
:10C1600051F00E94A22060932A0A70932B0A8093B8
:10C170002C0A90932D0A82E50E946A1B882351F0B5
:10C180000E94A22060932E0A70932F0A8093300A97
:10C190009093310A84E50E946A1B882311F40C9461
:10C1A00099540E94A2206093320A7093330A8093BC
:10C1B000340A9093350A0C94995482E40E946A1BC5
:10C1C000882351F00E9436206093060A7093070A74
:10C1D0008093080A9093090A83E50E946A1B8823CA
:10C1E00051F00E94A2206093360A7093370A809320
:10C1F000380A9093390A84E50E946A1B882351F01B
:10C200000E94A22060933A0A70933B0A80933C0AF2
:10C2100090933D0A88E50E946A1B882351F00E9492
:10C22000A2206093B8097093B9098093BA099093DA
:10C23000BB0989E50E946A1B882351F00E94A22055
:10C240006093BC097093BD098093BE099093BF09A8
:10C250008AE50E946A1B182F882351F00E94A220B1
:10C260006093C0097093C1098093C2099093C30978
:10C2700085E40E946A1B882351F00E94A2206093EB
:10C28000C4097093C5098093C6099093C709112307
:10C2900011F40C9499542DEC3CEC4CEC5DE3609162
:10C2A000C0097091C1098091C2099091C3090E948F
:10C2B00024F3181614F40C9499548FEE9BE00E940A
:10C2C000D1290C9499548091370690913806A09109
:10C2D0003906B0913A0603E014E05BE2E52E59E03E
:10C2E000F52E892B8A2B8B2B29F481E00E94082CB8
:10C2F0000C949954F80181918F010E946A1B882344
:10C3000041F00E94A220D7016D937D938D939C9361
:10C310001397B4E0EB0EF11CE4E006301E0751F772
:10C320000C94DD5610913702105D8DE39CE00E9465
:10C33000D129812F0E94BEC5809137026DEE7FE129
:10C34000811102C069EE7FE189E39CE00E94152D16
:10C350008091390290913A02A0913B02B0913C0247
:10C360008C8F9D8FAE8FBF8F80913D0290913E024A
:10C37000A0913F02B091400288A399A3AAA3BBA3B6
:10C380008091410290914202A0914302B0914402F7
:10C390008CA39DA3AEA3BFA3CE014C960E94D21A3C
:10C3A0008091450290914602A0914702B0914802C7
:10C3B00089839A83AB83BC838091490290914A021E
:10C3C000A0914B02B0914C028D839E83AF83B887BE
:10C3D00080914D0290914E02A0914F02B091500277
:10C3E00089879A87AB87BC87CE0101960E94D21AB3
:10C3F000CCA0DDA0EEA0FFA048A059A06AA07BA021
:10C400008C8C9D8CAE8CBF8C81E39CE00E94D129EA
:10C41000B501A40181E29CE00E94E729B301A201D9
:10C420008CEB90E30E94E729B701A60189EB90E32A
:10C430000E94E7298FE29CE00E94D129C984DA8416
:10C44000EB84FC844D805E806F80788489809A8044
:10C45000AB80BC8087E29CE00E94D129B501A40199
:10C4600081E29CE00E94E729B301A2018CEB90E3FA
:10C470000E94E729B701A60189EB90E30E94E72912
:10C480000E94FD290C9499548091370690913806AA
:10C49000A0913906B0913A0660911302709114028E
:10C4A0000097A105B10551F489E49CE00E94A235F2
:10C4B00086E49CE00E94D1290C9499548C019D0142
:10C4C00041E136952795179507954A95D1F700FFD5
:10C4D00008C0209106023091070230931402209385
:10C4E0001302B695A7959795879580FF04C0709322
:10C4F00007026093060283E50E946A1B882311F4F9
:10C500000C9499540E9492209093140280931302E9
:10C510000C9499540E940135182F87FF02C00C9487
:10C52000995483E50E946A1B882341F00E9492205F
:10C53000BC01812F0E94761B0C9499540E94FA2909
:10C5400085E40E94BEC580E3810F0E943420E12F64
:10C55000EE0FFF0BE75EFD4F608171818DE49CE083
:10C560000E94A23585E20E9434200E94FD290C948D
:10C57000995488E59EE00E94124A0C9499540E94B6
:10C58000FA2970E060E088E59CE00E94A23588E529
:10C590009EE00E94CE1B8C0185E59CE00E94D12983
:10C5A000C8010E942D350E94FD290C9499540E94C7
:10C5B000F729B8018FE69CE00E94A23580E69CE056
:10C5C0000E94D1290C9499548AE50E946A1B882301
:10C5D00009F45CC00E94A22020E030E040E050EC72
:10C5E0000E9424F3C12CD12CE12C20ECF22E87FDEB
:10C5F00013C00E94A22020E030E040E050E40E94FE
:10C6000008FCC12CD12CE12C90E4F92E181624F052
:10C610000E94A2206B017C012091120A3091130A22
:10C620004091140A5091150AC701B6010E9489F37E
:10C630000E9425FBCB010E940ED261E080E50E94A2
:10C640008020882341F1A70196016091630E7091CB
:10C65000640E8091650E9091660E0E94E1F96093E0
:10C66000630E7093640E8093650E9093660E0E9425
:10C67000FA294091630E5091640E6091650E70919D
:10C68000660E85E89CE00E94F72B05C083E50E94BA
:10C690006A1B81119FCF8091390687FD14C080915C
:10C6A0003A06837081F40E94FA294091630E5091FA
:10C6B000640E6091650E7091660E86E79CE00E94A4
:10C6C000F72B0C94995482E50E941C1B8111EBCF2F
:10C6D0000C9499548091370683FD09C080913806E7
:10C6E000817829F481E00E94BB2B0C94995480E559
:10C6F0000E946A1B882351F00E94A2206093010EC1
:10C700007093020E8093030E9093040E89E40E94AE
:10C710006A1B882381F00E94A22021E732EB47E2C6
:10C720005EE30E9489F36093050E7093060E80937A
:10C73000070E9093080E84E40E946A1B882381F000
:10C740000E94A22021E732EB47E25EE30E94BDFA9D
:10C750006093090E70930A0E80930B0E90930C0E4B
:10C7600081E08093F00D0C94995481E00C940A5A66
:10C7700080E00C940A5A0E94FA29E0901F02F0907F
:10C78000200280915A0708E91CE0811102C004E9E7
:10C790001CE08FEA9CE00E94D129C8010E94D129A7
:10C7A0008EE99CE00E94D129C7010E942D358BE9BA
:10C7B0009CE00E94D1290E94FD290C9499540E946A
:10C7C000D52D0C9499540E947A870C94995460E06A
:10C7D00082E50E9480200E94FB250E9447960C94CF
:10C7E000995480913706887809F04DC080913806B9
:10C7F00083FD49C080913906867009F044C00E94CB
:10C80000FA29809122020DEE1FE1811102C009EE8A
:10C810001FE18BEF9CE00E94D129C8010E94D12921
:10C820004091E6035091E7036091E8037091E903BA
:10C830008EEE9CE00E94E7298BEE9CE00E94D129BD
:10C840004091B10D5091B20D6091B30D7091B40D46
:10C8500087ED9CE00E94E72984ED9CE00E94D129AD
:10C86000809147050DEE1FE1811102C009EE1FE125
:10C8700082EC9CE00E94D129C8010E94D1290E942B
:10C88000FD290C94995488E40E941C1B882321F0F4
:10C890000E94712080934705C0903706D0903806DB
:10C8A000E0903906F0903A0681E1F694E794D79447
:10C8B000C7948A95D1F7F1E0CF22DD24EE24FF243E
:10C8C00083E50E941C1B082F882321F00E94712001
:10C8D0008093220284E40E946A1B882351F00E9404
:10C8E000A2206093E6037093E7038093E80390939C
:10C8F000E9038CE40E946A1B182F882351F00E94E0
:10C90000A2206093B10D7093B20D8093B30D9093FC
:10C91000B40DCD28CE28CF2831F4011104C0112345
:10C9200011F40C9499540E9433350C9499546FEF80
:10C930007FEF89E40E949520082F6FEF7FEF8AE454
:10C940000E949520182F8AE50E946A1BD12C811124
:10C9500007C081E50E946A1BD82E882309F410C401
:10C96000C02E81E0800F863008F054C0912E81E007
:10C97000810F863008F04EC00E94A2202B013C019E
:10C98000F02E07FDF12C07FF02C004E0C02E812E1F
:10C9900017FD812C17FF02C014E0912EB5E03B2E4D
:10C9A000CF14A0F1E82C3F9C500111249E1460F19B
:10C9B0000E2D10E020E030E0A901DD2069F0F50146
:10C9C000E00FF11FEE0FFF1FEE0FFF1FE658F84FAD
:10C9D00020813181428153810A0D1B1D000F111FDF
:10C9E000000F111F0658184FC301B2010E94E1F950
:10C9F000D8016D937D938D939C9313976E2D8F2DFE
:10CA00000E94B2A0E394D2CFF394CACF0E94E1284F
:10CA10000C9499540E94F7298CE29DE00E94D12940
:10CA20000C94995487E00E94E2AD81110C949954C2
:10CA30007BECC72E7CE1D72EE1E42E2EEAE03E2EE1
:10CA40008E010F5F1F4FF12CE12CF601659175915E
:10CA500085919491F10181909190A190B1901F01E5
:10CA6000A50194010E94E0F92B013C01D8014D92EF
:10CA70005D926D927C92139720E030E040EA51EC99
:10CA80000E9408FC87FD0AC020E030E040EA51E443
:10CA9000C301B2010E9424F318167CF4F701E55893
:10CAA000F04DE4911E164CF4B7FAB094B7F8B09478
:10CAB000F80180829182A282B382D8018D909D90EC
:10CAC000AD90BC9020E030E040EA51ECC501B401EB
:10CAD0000E9408FC87FD43C020E030E040EA51E4BA
:10CAE000C501B4010E9424F31816CCF1BFEFEB1A74
:10CAF000FB0AE4E0CE0ED11C0C5F1F4FF3E0EF16F3
:10CB0000F10409F0A2CF89819A81AB81BC81809325
:10CB10002B0990932C09A0932D09B0932E098D8198
:10CB20009E81AF81B88580932F0990933009A0939F
:10CB30003109B093320989859A85AB85BC8580938C
:10CB4000330990933409A0933509B09336090E94B4
:10CB5000479685E49DE00E944FC80C9499540E942A
:10CB6000F72985E69DE00E94D12941E061E085E555
:10CB70009DE00E94DC9D0C9499540E9497830C9434
:10CB800099540E9407A80C94995461E083E50E948F
:10CB9000802081270E94A0820C9499540E94819D3C
:10CBA0000C9499540E941B500C9499540E94013586
:10CBB000082F87FF02C00C94995485E50E946A1BD8
:10CBC000882361F10E94A2204B015C01E02E002E1F
:10CBD000000CFF0820E030E0A9010E9408FC87FF5C
:10CBE00004C0B7FAB094B7F8B09420E030E048E45D
:10CBF00053E4C501B4010E9408FC970153E0220FE1
:10CC0000331F5A95E1F72359384F1816D4F1D9013B
:10CC100014968D929D92AD92BC9217978CE40E94CF
:10CC20006A1B882311F40C9499540E94A2206B0172
:10CC30007C01002E000C110B20E030E0A9010E94C5
:10CC400008FC87FF04C0F7FAF094F7F8F09420E0AE
:10CC500030E048E453E4C701B6010E9408FC9801A3
:10CC600043E0220F331F4A95E1F72359384F181636
:10CC700094F0D901CD92DD92ED92FC9213970C9431
:10CC8000995480E090E0A8E4B3E4F90184839583AB
:10CC9000A683B783C3CF80E090E0A8E4B3E4F901B2
:10CCA00080839183A283B3830C9499548091390635
:10CCB00087FD09C080913A06837029F481E00E94C3
:10CCC000002A0C94995430905B0E40905C0E50906A
:10CCD0005D0E60905E0E70905F0E8090600E2090F2
:10CCE000610EF091620EF8A7C090630ED090640EB2
:10CCF000E090650EF090660E88E50E946A1B182F82
:10CD0000882309F48AC00E94A220962EA72EB82E4E
:10CD1000092F20E030E046E953EC0E9408FC87FD33
:10CD20000DC020E030E046E953E4692D7A2D8B2DCB
:10CD3000902F0E9424F318160CF071C064ED7EEF62
:10CD400082EC9DE00E94A2356CE271E08DEB9DE0EB
:10CD50000E94A2358AEB9DE00E94D12910E089E56E
:10CD60000E946A1B882361F10E94A220962EA72EA2
:10CD7000B82E092F20E030E046E953EC0E9408FC71
:10CD800087FD0DC020E030E046E953E4692D7A2D9F
:10CD90008B2D902F0E9424F318160CF044C064EDE4
:10CDA0007EEF88EA9DE00E94A2356CE271E083EAA2
:10CDB0009DE00E94A23580EA9DE00E94D12910E00A
:10CDC0008AE50E946A1B882399F10E94A2206B01C8
:10CDD0007C0120E030E040EA51EC0E9408FC87FD35
:10CDE0000AC020E030E040EA51E4C701B6010E94E9
:10CDF00024F31816ECF46CEE7FEF8EE89DE00E94B1
:10CE0000A23564E170E089E89DE00E94A23586E8E1
:10CE10009DE00E94D1290C94995411E0A0CF392CA7
:10CE20002501602E9CCF792C8A2C2B2C08A7C8CFEB
:10CE3000112311F40C949954832D942DA52DB62D06
:10CE400080935B0E90935C0EA0935D0EB0935E0E8C
:10CE5000872D982DA22DB8A580935F0E9093600E1C
:10CE6000A093610EB093620EC092630ED092640ED6
:10CE7000E092650EF092660E0C94995483E08093D4
:10CE80007A091092400A60E083E50E9480208111B7
:10CE90000C949954E0915C0222E6E29FF001112487
:10CEA000E154FD4F80810E94092B0C94995480918C
:10CEB000370690913806A0913906B0913A06892B31
:10CEC0008A2B8B2B29F481E00E941E2D0C949954FF
:10CED00083E50E941C1B882311F40C9499540E9432
:10CEE000712080936C070E9499380C9499540E9489
:10CEF0002926882311F40C94995480913706909137
:10CF00003806A0913906B0913A06AC01BD0132E174
:10CF100076956795579547953A95D1F740FF06C0A6
:10CF200061E088EF0E94689F0C94995422E0B695C6
:10CF3000A795979587952A95D1F780FF12C00E94F3
:10CF40000B2680911E078350823010F00C94995468
:10CF500060E083E00E94D3C585E080937B090C9458
:10CF600099540E9419E20C9499540E94D7DE8111C1
:10CF70000C9499540C94555B111107C011E0009169
:10CF80003A06017001130C946A558C2D8170012FA3
:10CF900081130C946A5511E001E09924939482E581
:10CFA0000E946A1B882309F4C0C00E94A2202B01A2
:10CFB0003C0120E030E0A9010E9424F3FF24F39417
:10CFC0008111CAC00E94874B0E94534B112319F054
:10CFD00080E00E94DD99002319F081E00E94DD9934
:10CFE000992011F40C948055809137069091380661
:10CFF000A0913906B0913A0667E0B695A795979546
:10D0000087956A95D1F780FD8BC083E00E94E2ADE1
:10D0100081110C9496550E94EC958091490A90914B
:10D020004A0AA0914B0AB0914C0A8CA79DA7AEA7C3
:10D03000BFA780934E0790934F07A0935007B093DC
:10D0400051070091670E1091680ED8012D913D9106
:10D050004D915C9160E070E086E193E40E94E0F91C
:10D060002B013C01409246075092470760924807C7
:10D0700070924907F801248135814681578160E02B
:10D0800070E086E193E40E94E0F968A779A78AA797
:10D090009BA760934A0770934B0780934C0790932C
:10D0A0004D0727E137EB41ED58EB0E9408FC87FF65
:10D0B00002C00C94765523E030E046E953E468A5BD
:10D0C00079A58AA59BA50E9424F3181614F40C9444
:10D0D000765527E137EB41ED58EBC301B2010E94D1
:10D0E00008FC87FF02C00C94765523E030E046E947
:10D0F00053E4C301B2010E9424F3181614F40C94F3
:10D100007655A12CB12C6501ECA4FDA40EA51FA59C
:10D1100028A539A54AA55BA5C301B2010E94329496
:10D1200082E00E94DD990C948055F12E111103C00C
:10D13000F92C0111F02E4091DF0741110C9470552C
:10D1400084E00E94AF9281110C946F55412C512CB8
:10D1500070E2672E71E4772E2091490A30914A0AD5
:10D1600040914B0A50914C0AC301B2010E94E1F96F
:10D1700040E0FF2009F42ACF20E00E94F39422CF60
:10D180000E94F7298CE09DE00E94D1290C949954CB
:10D19000882309F4F3CEFFCEDF92EF92FF920F9334
:10D1A0001F93CF93DF93EC01E0909609F0909709DD
:10D1B0008AE0D82E6AE070E0CE010E94E7FC8C0184
:10D1C000009711F0FC011082CE010E94722481E0D0
:10D1D0000E942D540115110519F0E801D992EACFEA
:10D1E000C701DF91CF911F910F91FF90EF90DF90DA
:10D1F0000C947224CF92DF92EF92FF920F931F93C1
:10D20000CF93DF93CDB7DEB7C156D1090FB6F894EF
:10D21000DEBF0FBECDBF8C01C0909609D09097099C
:10D220006AE070E0C8010E94FEF17C01801B910B56
:10D23000E114F10419F4C8010E9424F21982A296A3
:10D240001FAEA297AC018036910514F040E650E085
:10D250004F5F5F4FB801CE0101960E9410F2CE01E0
:10D2600001960E94722481E00E942D54E114F10481
:10D2700021F087010F5F1F4FD3CFC6010E94722498
:10D28000CF59DF4F0FB6F894DEBF0FBECDBFDF9191
:10D29000CF911F910F91FF90EF90DF90CF90089565
:10D2A0004F925F926F927F928F929F92AF92BF92B6
:10D2B000CF92DF92EF92FF920F931F93CF93DF9362
:10D2C000CDB7DEB7EE970FB6F894DEBF0FBECDBF79
:10D2D00088E0E1E4FAE0DE01909601900D928A95F3
:10D2E000E1F788E50E946A1B882381F00E94A22052
:10D2F00020918009309181094091820950918309E0
:10D300000E94E0F968A379A38AA39BA389E50E9400
:10D310006A1B882381F00E94A22020918409309109
:10D32000850940918609509187090E94E0F96CA314
:10D330007DA38EA39FA3CE0180960E940ACC882352
:10D3400009F4DBC080E00E949E260E94EB938AE3F2
:10D3500091E150DF61E085E40E9480202CA13DA195
:10D360004EA15FA12FAB38AF49AF5AAF48A059A02B
:10D370006AA07BA0E12C082FC301B2010E943CCD22
:10D380006B017C01AC019B010E9490FC811187C064
:10D39000209180093091810940918209509183093F
:10D3A000C301B2010E94E1F94B015C0120918409A3
:10D3B0003091850940918609509187096FA978AD10
:10D3C00089AD9AAD0E94E1F96BAF7CAF8DAF9EAF96
:10D3D0004FE150E063E371E1CE0101960E9410F24B
:10D3E0008AAA9BAAACAABDAA82E08EABBE016E5CE3
:10D3F0007F4FCE0101960E94B01F5C01DC010D90B1
:10D400000020E9F7CD0101978A199B098E3191051A
:10D4100050F44FE150E0481B590B6FE271E18A0D67
:10D420009B1D0E9410F22BAD3CAD4DAD5EAD2DA706
:10D430003EA74FA758AB82E089ABBE01635D7F4F2B
:10D44000C5010E94B01F5C01C8A6D9A6EAA6FBA62A
:10D4500083E08CA7D5010D900020E9F7CD0101975D
:10D460008A199B098E31910550F44FE150E0481B19
:10D47000590B6BE271E18A0D9B1D0E9410F2BE01F7
:10D48000685D7F4FC5010E94B01FCE0101960E94CA
:10D49000E82540E060E0CE0101960E94A99D0E942F
:10D4A000D293E090490AF0904A0A00914B0A1091F9
:10D4B0004C0AA12CB12C65012FA938AD49AD5AAD4C
:10D4C000C301B2010E9432940E944796EE960FB6B5
:10D4D000F894DEBF0FBECDBFDF91CF911F910F91AA
:10D4E000FF90EF90DF90CF90BF90AF909F908F9084
:10D4F0007F906F905F904F9008958AE191E10E9434
:10D50000D1290E94FD298AE191E10E944FC8DECF16
:10D510002F923F924F925F926F927F928F929F9243
:10D52000AF92BF92CF92DF92EF92FF920F931F9331
:10D53000CF93DF93CDB7DEB7CA59D1090FB6F894B0
:10D54000DEBF0FBECDBF8091AE09888B80913706BC
:10D5500090913806A0913906B0913A06AC01BD0110
:10D5600016E176956795579547951A95D1F740FF3F
:10D5700000C10E948926811107C00E94F72989E510
:10D5800097E00E94D1290FC18AE50E946A1B882377
:10D5900039F10E94A2202091880930918909409197
:10D5A0008A0950918B090E94E0F96B017C0120E00F
:10D5B00030E040E251ECC701B6010E9408FC87FD53
:10D5C0000AC020E030E040E251E4C701B6010E9409
:10D5D00024F3181674F40E94F7298CE497E0D1CF55
:10D5E000C090490AD0904A0AE0904B0AF0904C0A49
:10D5F000DECF40E050E060EC7FE788E50E94D0207D
:10D6000020918009309181094091820950918309CC
:10D610000E94E0F92B013C0140E050E060EC7FE724
:10D6200089E50E94D020209184093091850940919C
:10D630008609509187090E94E0F94B015C016FEF68
:10D6400089E40E946720182F6FEF8AE40E94672008
:10D65000082FA3019201C301B2010E9490FC811125
:10D6600056C0A5019401C501B4010E9490FC81112E
:10D670004EC020915B0730915C0740915D0750914F
:10D680005E07C301B2010E94E0F920916307309167
:10D69000640740916507509166070E94BDFA20E03B
:10D6A00030E040E05FE30E94E1F90E9425FB162F85
:10D6B00020915F07309160074091610750916207A8
:10D6C000C501B4010E94E0F9209167073091680715
:10D6D0004091690750916A070E94BDFA20E030E04E
:10D6E00040E05FE30E94E1F90E9425FB062F812FB5
:10D6F000012E000C990B97FD34C00597A4F5802FDF
:10D70000002E000C990B97FD30C0059784F515305D
:10D7100008F049C0053008F046C080E00E949E260F
:10D7200025E01202F0011124E00FF11D07FDFA952A
:10D73000EE0FFF1FEE0FFF1FE658F84FC082D18299
:10D74000E282F3820E94E128602F812F0E94B2A022
:10D750008889882341F181E00E949E260E94479695
:10D7600022C010E0CCCF14E0CACF00E0D0CF04E05C
:10D77000CECF79E0B695A795979587957A95D1F70D
:10D7800080FD0CC070E060E086E50E9495209A83E1
:10D790008983059710F187E297E0F3CE80E00E943D
:10D7A0009E260E946229C656DF4F0FB6F894DEBF50
:10D7B0000FBECDBFDF91CF911F910F91FF90EF90E2
:10D7C000DF90CF90BF90AF909F908F907F906F90A1
:10D7D0005F904F903F902F90089560E084E40E9406
:10D7E00080208F8740E050E0BA018AE50E94D02077
:10D7F0006BA77CA78DA79EA740E050E06AEF75E479
:10D8000083E50E94D0206B017C0120E030E040E7FE
:10D8100052E40E9424F387FF12C040E050E060E72A
:10D8200072E488E097E00E94E7298BEF96E00E947F
:10D83000D129C12CD12C60E7E62E62E4F62E20E03F
:10D8400030E040E752E4C701B6010E94BDFA6093A0
:10D8500051027093520280935302909354020091AC
:10D86000670E1091680EF801C080D180E280F380CD
:10D8700020E030E0A901C701B6010E94E1F9C956D4
:10D88000DF4F6883C759D040C856DF4F7883C859E7
:10D89000D040C756DF4F8883C959D040C656DF4FA6
:10D8A0009883CA59D04020E030E04CE052E40E9416
:10D8B00024F387FF16C0C956DF4F1882C759D040DE
:10D8C000C856DF4F1882C859D040FCE0C756DF4F1A
:10D8D000F883C959D04022E4C656DF4F2883CA597D
:10D8E000D04020E030E046E953E4C701B6010E9491
:10D8F000E1F9CD56DF4F6883C359D040672ECC562F
:10D90000DF4F8883C459D040CB56DF4F9883C55929
:10D91000D04020E030E041E953E40E9408FC1816B2
:10D9200094F4CD56DF4F1882C359D040612C81E961
:10D93000CC56DF4F8883C459D04093E4CB56DF4F99
:10D940009883C559D040F80184809580A680B7801F
:10D9500020E030E0A901C501B4010E94E1F97B019A
:10D960008C0120E030E040E251E40E9424F387FF84
:10D9700004C0E12CF12C00E211E420E030E046E9A3
:10D9800053E4C501B4010E94E1F9B62EC72ED82E8A
:10D99000CA56DF4F9883C659D04020E030E041E9B5
:10D9A00053E40E9408FC181654F4B12CC12C51E920
:10D9B000D52EF3E4CA56DF4FF883C659D04088E429
:10D9C0000E941C1B882309F457C20E94A2200E94B7
:10D9D00025FB1B0177FF02C06F5F7F4F7595679531
:10D9E0007195619571096A567F4F072E000C880B5F
:10D9F000990B0E942AF3762E872E982EA92E970136
:10DA0000A8010E9408FC181624F4E72CF82C092D14
:10DA10001A2DC956DF4F2881C759D040C856DF4F4D
:10DA20003881C859D040C756DF4F4881C959D040C6
:10DA3000C656DF4F5881CA59D040672D782D892DA1
:10DA40009A2D0E9408FC1816A4F0C956DF4F788062
:10DA5000C759D040C856DF4F8880C859D040C756F4
:10DA6000DF4F9880C959D040C656DF4FA880CA59A9
:10DA7000D040872D982DA92DBA2D8B8B9C8BAD8BEB
:10DA8000BE8BC701D8018F8B988FA98FBA8FB10138
:10DA9000330C880B990B0E942AF31B012C01AC015B
:10DAA0009B01B701C8010E94E1F97B018C012B2D7C
:10DAB0003C2D4D2DCA56DF4F5881C659D0400E948B
:10DAC00024F387FF08C0BE2CCF2CD02ECA56DF4FC0
:10DAD0001883C659D040A2019101672D782D892D58
:10DAE0009A2D0E94E1F97B018C01CD56DF4F2881F0
:10DAF000C359D040362DCC56DF4F4881C459D04051
:10DB0000CB56DF4F5881C559D0400E9424F387FF80
:10DB100010C0CD56DF4FE882C359D0406F2CCC5691
:10DB2000DF4F0883C459D040CB56DF4F1883C55907
:10DB3000D040CD56DF4F8881C359D040962DCC566A
:10DB4000DF4FA881C459D040CB56DF4FB881C559AB
:10DB5000D0408B8F9C8FAD8FBE8F8B2D9C2DAD2D8C
:10DB6000CA56DF4FB881C659D0408F8F98A3A9A35A
:10DB7000BAA3CE0143960E940ACC882309F4CBC1F4
:10DB8000CE014B960E940ACCD82E882309F4C3C13B
:10DB90002F89388D498D5A8D6F8D78A189A19AA1D1
:10DBA0000E94E0F920E030E040E85EE30E9489F363
:10DBB0004B015C012B893C894D895E896B8D7C8D85
:10DBC0008D8D9E8D0E94E0F920E030E040E85EE31C
:10DBD0000E9489F36BA37CA38DA39EA38FA298A61A
:10DBE000A9A6BAA689819A81181619066CF489EC3F
:10DBF00096E00E94D1298F85882321F08FEB96E053
:10DC00000E94D1290E94FD290E947A870E94EB93ED
:10DC100080E00E949E2620E041E060E070E080E825
:10DC200090E40E94F3948F85811146C02091630790
:10DC30003091640740916507509166076BA17CA104
:10DC40008DA19EA10E9424F3811130C0209167070D
:10DC5000309168074091690750916A076FA178A5D4
:10DC600089A59AA50E9424F3811120C020915B0709
:10DC700030915C0740915D0750915E076B897C890C
:10DC80008D899E890E9424F3811110C020915F0725
:10DC90003091600740916107509162076F89788DDC
:10DCA000898D9A8D0E9424F3882331F080E00E94B0
:10DCB0009E260E946229188A60E085E40E948020E6
:10DCC000882309F42BC121E0CD56DF4F2883C359A7
:10DCD000D0401B861C861D861E861A8A2FE8A22E1F
:10DCE00026E0B22E3DE9832E36E0932E0A890530D8
:10DCF0000CF022C16B857C858D859E859B01AC01D6
:10DD00000E9490FC811118C1CC24C39495E0392E57
:10DD1000D11005C0CC24CA9433243A9484E091E015
:10DD2000D926102F110F110F100F1F5F898B098932
:10DD30006A89031509F4FCC0062E000C770B880BCA
:10DD4000990B0E942AF32FA138A549A55AA50E9434
:10DD500089F32F89388D498D5A8D0E94E1F92B0165
:10DD60003C01602F000F770B880B990B0E942AF360
:10DD70002BA13CA14DA15EA10E9489F32B893C8976
:10DD80004D895E890E94E1F96B837C838D839E833C
:10DD90004F82588669867A8689819A81892B91F08B
:10DDA0008BEA96E00E94D129812F0E94832689EA7E
:10DDB00096E00E94D12989E10E94832686EA96E0B6
:10DDC0000E94D1291F92E9E1EF931F921F93BF9206
:10DDD000AF929F928F921F920E9426C92F81388501
:10DDE00049855A856B817C818D819E81E980CD56E4
:10DDF000DF4F0881C359D0400E943CCD2B013C012C
:10DE00004B865C866D867E860FB6F894DEBF0FBEAD
:10DE1000CDBFAC019B010E9490FC811186C0098995
:10DE20002A8825E0020370011124E20CF11C27FC72
:10DE3000FA94EE0CFF1CEE0CFF1C81E090E08C0FBE
:10DE40009D1FE80EF91EA30192016BA57CA58DA56F
:10DE50009EA50E94E1F9F70166A777A780AB91AB79
:10DE6000622D802F0E94B2A0188A81E00E94B738EC
:10DE70001F5F89898C0D5ACFA701B80186E40E94E3
:10DE8000D0201B012C01C956DF4F4881C759D04013
:10DE9000C856DF4F5881C859D040C756DF4F6881F8
:10DEA000C959D040C656DF4F7881CA59D0408CE45A
:10DEB0000E94D0206B8B7C8B8D8B9E8B2F8A388E13
:10DEC000498E5A8E4B2D5C2D6D2DCA56DF4F7881B1
:10DED000C659D04082E40E94D0206B017C01CD560F
:10DEE000DF4F4881C359D040562DCC56DF4F688153
:10DEF000C459D040CB56DF4F7881C559D04082E518
:10DF00000E94D0206B8F7C8F8D8F9E8FCF8ED8A25A
:10DF1000E9A2FAA22ECE8FED96E033CB83E0CD5668
:10DF2000DF4F8883C359D040D4CE88890E949E2673
:10DF30008A898F5F8A8BDACE0E946ECB80E00E9446
:10DF4000FB25882359F088890E949E2680E090E076
:10DF5000A0ECBFE78B879C87AD87BE876B857C85F0
:10DF60008D859E859B01AC010E9490FC811110C0A3
:10DF70008F858823A9F0CE018F960E94A2328F85CB
:10DF8000882319F08889882319F081E00E949E2651
:10DF90000E94D2930E947A878FE696E02BD9DECB3F
:10DFA000BE016D5E7F4FCE0183960E94F52884E608
:10DFB000FE01BF96AAE7B7E001900D928A95E1F7BE
:10DFC0000E94E12890E080E0D8CF1F93CF93DF93A9
:10DFD00080915C0292E6899FE0011124FE01E154E8
:10DFE000FD4F208190E0283028F491E001C0990F86
:10DFF0002A95EAF71091BF159093BF158093B70942
:10E00000C25ADD4F8091F50980FF05C00E94FA29B0
:10E01000CE010E94E825CE010E94722480E00E9479
:10E020002D541093BF15DF91CF911F910895DC01FE
:10E03000680F791F90E080E02D91E92FFF27E227FC
:10E04000EE0FFF1FEF5CF64D25913491982F882736
:10E05000822793276A177B0779F708950F931F93F9
:10E06000CF93DF93CDB7DEB760970FB6F894DEBFDE
:10E070000FBECDBF8C01DC01ED91FC910280F381DC
:10E08000E02DBE016F5F7F4F1995882309F464C0AE
:10E090008981807CC9F56F81637070E0762F662777
:10E0A000770F770F8885B4E08B9FC0011124682B10
:10E0B000792B89858295869586958370682B6F5F0D
:10E0C0007F4F90E080E02A852370220F3B8537FB4D
:10E0D000332730F9232B3E813F70230F3327331F23
:10E0E0002750310904C0660F771F881F991F2A9592
:10E0F000D2F760960FB6F894DEBF0FBECDBFDF91AA
:10E10000CF911F910F910895803419F56885669518
:10E11000669570E090E080E0CB01772766272A853E
:10E12000622B098510E0102F0027012E000C220B16
:10E13000330B602B712B822B932B6F5F7F4F8F4F95
:10E140009F4F4AE0660F771F881F991F4A95D1F7A6
:10E15000D0CF8BE0F801848360E070E0CB01C9CFC1
:10E160000895FC0182810895CF93DF93C091ED0D56
:10E17000D091EE0D81E0CE31D105E4F020E030E029
:10E1800040E05FE36091E90D7091EA0D8091EB0D45
:10E190009091EC0D0E94E1F90E9425FB6C1B7D0B18
:10E1A00077FF03C071956195710981E06530710554
:10E1B0000CF080E0DF91CF910895FC0190E1A7E998
:10E1C000B8E001900D929A95E1F708950F931F938F
:10E1D00020912302203148F0F4E0969587957795B9
:10E1E0006795FA95D1F722952F70243048F0E2E038
:10E1F0009695879577956795EA95D1F72695269513
:10E20000223020F09695879577956795611528E0DF
:10E21000720781059105C8F081114BC023E0729F00
:10E22000A00111244E585B4DFA0125913491FA0159
:10E230003296E4916E9F412D1124000C411DC901BD
:10E24000841B91091F910F91089561327105810519
:10E25000910550F160527109810991098B019C016E
:10E2600083E036952795179507958A95D1F7000F86
:10E27000111F000F111F0E581F4DF80125913491E9
:10E28000F8013296459154916770649FC001659F73
:10E29000900D112443E0969587954A95E1F7A901E1
:10E2A000481B590BCA01CECFE2E7F0E28591949169
:10E2B000C9CF8EE190E0C6CF90916F0081E091FDD3
:10E2C00002C080E0089590916F009D7F90936F0051
:10E2D0000895FC017081472F50E0062E02C055952D
:10E2E00047950A94E2F740FF14C04091450750E07B
:10E2F000062E02C0559547950A94E2F740FF09C0E3
:10E3000021E030E001C0220F6A95EAF7209527232B
:10E3100020830895DC01ED91FC911197208130E07C
:10E3200012968C91F90102C0F595E7958A95E2F76E
:10E33000CF018170089580915B0281110DC08091A1
:10E34000380990913909892B39F481E090913A0983
:10E35000911103C080E0089581E008959B01692F29
:10E36000782F832F922F0895CF93DF93FC01928112
:10E37000992369F0C481D581209749F0923051F0FA
:10E38000943071F0913019F4FB0180818883DF9122
:10E39000CF910895FB018081918198278927F6CF3D
:10E3A000FB016081718182819381D8DF6883EFCF27
:10E3B0009B01692F782F832F922F08950895089538
:10E3C0001092190781E0089510921C0788EC90E0E4
:10E3D00090930D0280930C0281E008958FEF80935B
:10E3E00010028AE090E090930B0280930A0281E091
:10E3F0000895E1EFF6E0118210821382128281E02B
:10E400000895FC014281442339F08481958100976D
:10E4100019F050E00C94C4FC0895CF93DF93C091A1
:10E42000ED0DD091EE0D209729F16091E90D7091DD
:10E43000EA0D8091EB0D9091EC0D0E9425FB6E5F33
:10E440007F4F26976C177D07ACF470930808609394
:10E4500007080E94E8D160547B428E4F9F4F609323
:10E46000090870930A0880930B0890930C08DF91B9
:10E47000CF9108951092090810920A0810920B0883
:10E4800010920C08F4CFCF93DF93EC018D810E94A2
:10E49000FA4E60E08B81DF91CF910C94C2D0AF92A5
:10E4A000BF92DF92EF92FF920F931F93CF93DF9370
:10E4B00000D000D0CDB7DEB77C01D62E122F032FAF
:10E4C000B42EA52EE0DF0E9478D21E821D828D2DF3
:10E4D00080648983AA82BB820C831D838E010F5FB7
:10E4E0001F4FCE010696D801E0E02D91F0E0EE0F2F
:10E4F000FF1FE227EF5CF74DE491A817B907A9F7D2
:10E50000EE0FE160EE83580186E0A80EB11CF80121
:10E5100081918F010E94EE4E0A151B05C1F7FCE0A8
:10E52000DF1202C00E94F34E10E00E94F34EF7018A
:10E53000868387FF04C01F3F11F01F5FF6CF26962A
:10E540000FB6F894DEBF0FBECDBFDF91CF911F9104
:10E550000F91FF90EF90DF90BF90AF90089561E032
:10E56000FC0183810E94C2D08FEF0C94EE4E0F937A
:10E570001F93CF938C0187DF0E9478D2C82F81111F
:10E580000AC082E1F8018483C801E9DF8C2FCF91B2
:10E590001F910F9108958DEF0E94EE4E0E9478D248
:10E5A000C82FF2CF8F929F92AF92BF92CF92DF92FD
:10E5B000EF92FF920F931F93CF93DF93EC016A01C9
:10E5C0007B01590120E030E0A90167E368DFA50184
:10E5D000980167E1CE0163DF811125C08F8183300F
:10E5E00039F089E0CC0CDD1CEE1CFF1C8A95D1F7BC
:10E5F000A701960169E1CE0152DF11E0882319F0ED
:10E6000010E087E08C83CE01AADF812FDF91CF91CC
:10E610001F910F91FF90EF90DF90CF90BF90AF9040
:10E620009F908F90089589E08C8310E0ECCFEF925B
:10E63000FF920F931F93CF93DF93EC01E62E8A0195
:10E6400060E072E0CA01F3DCF82E892FEEBCF8011D
:10E6500098013E5F0DB407FEFDCF90819EBD0DB4C5
:10E6600007FEFDCF91819EBD3296E217F30791F729
:10E670000DB407FEFDCF0E94EE4E8F2D0E94EE4E90
:10E680000E94F34E8E838F71853061F083E18C831D
:10E69000CE0165DF80E0DF91CF911F910F91FF9058
:10E6A000EF90089581E0F7CFEF92FF921F93CF9301
:10E6B000DF93EC017B01E7DE0E9478D2182F8111F5
:10E6C0000BC085E18C83CE014ADF812FDF91CF9192
:10E6D0001F91FF90EF900895A7016CEFCE01A7DF87
:10E6E000182FF1CF0F931F93CF93DF93EC01890184
:10E6F0008F81833039F089E0440F551F661F771FE3
:10E700008A95D1F79A01AB0168E1CE01C8DE882372
:10E7100021F086E08C8310E007C0A8016EEFCE01E7
:10E7200086DF811109C011E0CE0119DF812FDF9151
:10E73000CF911F910F9108950E9478D2182F8111C7
:10E7400003C087E18C83F0CF20E030E0A9016DE0C9
:10E75000CE01A5DE811104C00E94F34E882319F377
:10E7600086E1D8CF1F93CF93DF93EC018CDE20E0BE
:10E7700030E0A9016CE0CE0192DE11E0882319F0AF
:10E7800010E083E08C83CE01EADE812FDF91CF9110
:10E790001F9108951F93CF93DF93EC018F818330F6
:10E7A00039F089E0440F551F661F771F8A95D1F70E
:10E7B0009A01AB0162E1CE0172DE11E0882319F00B
:10E7C00010E085E08C83CE01CADE812FDF91CF91EE
:10E7D0001F9108958F929F92AF92BF92CF92DF9236
:10E7E000FF920F931F93CF93DF93EC018B016A018C
:10E7F0000E94E8D14B015C012CE2820E21E0921EC6
:10E80000A11CB11C0E94F34E8E838F3F99F40E948D
:10E81000E8D1A5019401261B370B480B590BDA01EF
:10E82000C901181619061A061B0664F381E18C83C8
:10E8300010E028C08E3F09F03EC0C60101972FEFBF
:10E840002EBDF8014FEF0DB407FEFDCF2EB521937D
:10E850004EBD9F01201B310B28173907A0F30DB4C3
:10E8600007FEFDCF2EB5800F911FFC0120830E9473
:10E87000F34EF82E0E94F34EB82E8091270281119C
:10E8800010C011E0CE016BDE812FDF91CF911F917F
:10E890000F91FF90DF90CF90BF90AF909F908F909F
:10E8A0000895B601C801C3DB3F2D2B2D82179307B6
:10E8B00041F38BE1BCCF8FE0BACF0F931F93CF937F
:10E8C000DF93EC018B01DFDD40E052E0B801CE01C7
:10E8D000DF91CF911F910F917DCFAF92BF92CF92D9
:10E8E000DF92EF92FF920F931F93CF93DF93EC0190
:10E8F0006A017B0159018F81833039F089E0CC0CAA
:10E90000DD1CEE1CFF1C8A95D1F713E004E0A70183
:10E91000960161E1CE01C3DD882369F00C83CE014D
:10E920001EDE1150D1F020E030E0A9016CE0CE01F4
:10E93000B6DD1C82ECCF40E052E0B501CE014ADFEB
:10E94000882369F3DF91CF911F910F91FF90EF9092
:10E95000DF90CF90BF90AF90089580E0F3CF8F927B
:10E960009F92AF92BF92CF92DF92EF92FF920F935E
:10E970001F93CF93DF93EC01062F1F821C824B83E2
:10E980000E94E8D16B017C0120EDC20E27E0D21E6F
:10E99000E11CF11CA89561E08B810E94C2D08B81A3
:10E9A0000E94A5CA209A289A219A2398229A81E047
:10E9B0000E94FA4E85E08D830E94FA4E1AE08FEF96
:10E9C0000E94EE4E1150D9F7A89520E030E0A90141
:10E9D00060E0CE0164DD8E838130B1F00E94E8D129
:10E9E000A7019601261B370B480B590BDA01C90109
:10E9F000181619061A061B0644F381E08C83CE0113
:10EA0000AEDD1A8280E081C021E030E040E050E0DD
:10EA10006BE3CE0144DD91E0813009F090E090930A
:10EA20002702A8952AEA31E040E050E068E0CE01F4
:10EA300036DD853069F581E08F83A8958F81812C43
:10EA4000912C5401823029F4812C912CA12C80E44A
:10EA5000B82E20E030E0A90167E3CE0120DDA5015A
:10EA6000940169E2CE011BDD8E83882369F10E9447
:10EA7000E8D1A7019601261B370B480B590BDA0189
:10EA8000C901181619061A061B061CF38AE0B6CF30
:10EA900014E00E94F34E8E831150D9F78A3A11F494
:10EAA00082E0CACF0E94E8D1A7019601261B370B4E
:10EAB000480B590BDA01C901181619061A061B066C
:10EAC0000CF4B0CF82E09ACF8F818230B9F420E08D
:10EAD00030E0A9016AE3CE01E2DC882311F088E08E
:10EAE0008DCF0E94F34E807C803C11F483E08F83B5
:10EAF0000E94F34E0E94F34E0E94F34ECE012FDD92
:10EB000081E08A83073070F40D83DF91CF911F91EC
:10EB10000F91FF90EF90DF90CF90BF90AF909F90BC
:10EB20008F90089588E18C836DCF0F931F93CF93BF
:10EB3000DF93EC018B0120E030E0A90169E0AFDC5C
:10EB4000811109C040E150E0B801CE01DF91CF91C1
:10EB50001F910F913FCE80E18C83CE0100DD80E0DC
:10EB6000DF91CF911F910F910895CF93C82FA4DB10
:10EB700094E0C99F90011124F901E557F74F2956F8
:10EB8000374FD9014D915D916D917C9140835183B7
:10EB90006283738391E090938A08882319F0CF9160
:10EBA0000C94B429CF910895CF93DF9300D0CDB7C3
:10EBB000DEB78091240878998DC081608093240805
:10EBC00080912408029988C08260809324089091E3
:10EBD00000018091240893FF81C084608093240801
:10EBE0008091240890912308981709F479C092E045
:10EBF000909322088093230880912909811105C0F0
:10EC000080917F09882309F478C08EE09EE09A8382
:10EC100089831B82CE0101967DDB8823A1F08DE0E4
:10EC20009EE09A838983CE01019674DB81110BC02B
:10EC30008091210880FF07C080917D0981608093C9
:10EC40007D0980E092DF8EE09EE09A83898381E0F7
:10EC50008B83CE0101965EDB8823A1F08DE09EE0E0
:10EC60009A838983CE01019655DB81110BC0809177
:10EC7000210881FF07C080917D09826080937D0912
:10EC800081E073DF8EE09EE09A83898382E08B834C
:10EC9000CE0101963FDB882381F18DE09EE09A83CF
:10ECA0008983CE01019636DB811127C080917F09CF
:10ECB000882319F18091210882FF1FC080917D096E
:10ECC000846080937D0982E00F900F900F90DF9118
:10ECD000CF914BCF8E7F72CF8D7F77CF8B7F7ECFC3
:10ECE00080912208882309F487CF815080932208DD
:10ECF000811182CF909321087FCF0F900F900F90BA
:10ED0000DF91CF9108954091DE0721E0422761E035
:10ED100070E00C946FCA4091DE0721E042276CE05E
:10ED200070E00C946FCA4091DE0721E0422762E058
:10ED300070E00C946FCA4091DE0721E0422761E049
:10ED400070E00C946FCA4091DE0721E0422768E032
:10ED500070E00C946FCA4091DE0721E042276CE01E
:10ED600070E00C946FCA4091DE0721E0422764E016
:10ED700070E00C946FCA41E061E070E00C946FCADF
:10ED800041E062E070E00C946FCA4091DE0721E040
:10ED900042270C946FCA64E070E00C9481D162E069
:10EDA00070E00C9481D161E070E00C9481D161E05D
:10EDB00070E00C9481D16CE070E00C9481D1CF9321
:10EDC000C82FCB010E94D1296CE37CE1CC2311F048
:10EDD00061E47CE18BE49CE1CF910C94152DE8EF8C
:10EDE000F6E081E2DF011D928A95E9F78091F7064E
:10EDF000803320F08091F606813230F485EE9BE17D
:10EE00000E94F4D180E0089581E008950E9489264F
:10EE1000882329F081E0809337080E949E2681E0B4
:10EE200008958091CC0D83FD28C00E941637882359
:10EE300031F18091C40D9091C50DA091C60DB09196
:10EE4000C70D0097A105B105D1F0BC01CD016D59E9
:10EE50007F4F8F4F9F4F24E630E040E050E00E940C
:10EE60004EF96091C80D7091C90D8091CA0D9091B5
:10EE7000CB0D0E944EF9822F089584E6089580E01C
:10EE800008950E947337811102C00C9424370895AD
:10EE9000CF93DF931F921F92CDB7DEB77A8369833A
:10EEA00042E0BE016F5F7F4F0E941F4D0F900F9099
:10EEB000DF91CF9108956091210270E07627672756
:10EEC0007627FC0180819181E3CFCF93DF93EC0122
:10EED0000E944123682F70E0782767277627888172
:10EEE0009981DF91CF91D4CFFC01808191818115EF
:10EEF000904491F48091C01424E6829FC0011124B3
:10EF000081589F4F6FEF70E00E94C5F97627672701
:10EF1000762780E090E4BCCF089560916B0770E0A5
:10EF2000762767277627FC0180819181B1CFCF9228
:10EF3000DF92EF92FF92CF93DF93EC01C090B10D7F
:10EF4000D090B20DE090B30DF090B40D20E030E021
:10EF5000A901C701B6010E9408FC181644F4C701B4
:10EF6000B6010E942AFB7093120260931102609115
:10EF7000110270911202762767277627888199817E
:10EF8000DF91CF91FF90EF90DF90CF9081CF0F93E3
:10EF90001F93CF93DF938C01C0912202D0E020E039
:10EFA00030E0A9016091B10D7091B20D8091B30D67
:10EFB0009091B40D0E9408FC18160CF4C260809168
:10EFC000000185FDC4607C2F6D2FF8018081918147
:10EFD000DF91CF911F910F915BCFFC0190911C07A6
:10EFE000992339F0913069F09F3F71F461E070E04E
:10EFF00002C062E070E076276727762780819181E2
:10F0000047CF64E070E0F7CF0895FC0190911002C3
:10F010009F3F34F019162CF462E070E0913019F043
:10F02000089561E070E076276727762780819181D7
:10F030002FCFDC011496ED91FC91309789F0E0819F
:10F0400070E060E0E43028F4F0E0EC58FB4F6081C1
:10F0500070E0762767277627FC018081918118CFA1
:10F060000895FC0190913D08977070E060E011F008
:10F0700060E071E0808191810BCFFC018081918102
:10F080008E3FF0E39F0739F062E271E0813021E3C7
:10F09000920719F0089563E770E0762767277627CF
:10F0A000F7CEFC0180819181893F904351F46091BA
:10F0B000190270911A0276276727762789EF90E365
:10F0C000E7CE0895FC0180819181873FF0E39F079F
:10F0D00021F08115904531F00895A3DE682F70E08E
:10F0E000853610F064E670E076276727762787EF8D
:10F0F00090E3CECE0F931F93CF93DF9300D01F9258
:10F100001F92CDB7DEB7DC0112969C91129799231E
:10F1100009F11496ED91FC9115973097D9F08D0176
:10F12000923079F0943001F19130A1F420818D91E9
:10F130009C912D8341E0BE016B5F7F4F0E941F4D6C
:10F1400009C0608170E0762767277627FD018081FE
:10F1500091819EDE0F900F900F900F900F90DF9196
:10F16000CF911F910F910895608170E090E080E051
:10F17000F5D8F8012081318169837A838B839C8360
:10F1800044E0BE016F5F7F4FC901D8CF0F931F933B
:10F19000CF93DF9300D01F921F92CDB7DEB7DC0173
:10F1A00012969C911297992301F11496ED91FC917E
:10F1B00015973097D1F08D01923079F09430F9F0B5
:10F1C000913099F48D919C9120812D8341E0BE0175
:10F1D0006B5F7F4F0E941F4D08C060817181762751
:10F1E000672776278D919C9153DE0F900F900F909B
:10F1F0000F900F90DF91CF911F910F910895608133
:10F20000718190E080E0AAD8F80120813181698382
:10F210007A838B839C8344E0BE016F5F7F4FC9017B
:10F22000D9CF0F931F93CF93DF9300D01F921F92DC
:10F23000CDB7DEB7DC0112969C9112979923B9F1F4
:10F240001496ED91FC911597309789F18D019230CC
:10F25000D9F09430B1F1913051F520E030E048EC34
:10F2600052E460817181828193810E9489F30E94BE
:10F2700014FCF801808191816D8341E0BE016B5FD8
:10F280007F4F0E941F4D13C020E030E048EC52E455
:10F2900060817181828193810E9489F30E9414FCB4
:10F2A000762767277627F80180819181F1DD0F901D
:10F2B0000F900F900F900F90DF91CF911F910F91B2
:10F2C000089520E030E048EC52E460817181828151
:10F2D00093810E9489F30E9414FC40D8F801208198
:10F2E000318169837A838B839C8344E0BE016F5FA5
:10F2F0007F4FC901C6CF0F931F93CF93DF9300D0E9
:10F300001F921F92CDB7DEB7DC0112969C91129727
:10F310009923B9F11496ED91FC911597309789F1E5
:10F320008D019230D9F09430B1F1913051F520E057
:10F3300030E040E251E460817181828193810E94DA
:10F3400089F30E9414FCF801808191816D8341E072
:10F35000BE016B5F7F4F0E941F4D13C020E030E065
:10F3600040E251E460817181828193810E9489F33E
:10F370000E9414FC762767277627F8018081918107
:10F3800087DD0F900F900F900F900F90DF91CF912E
:10F390001F910F91089520E030E040E251E4608138
:10F3A0007181828193810E9489F30E9414FC0E94E2
:10F3B000AE71F8012081318169837A838B839C83CC
:10F3C00044E0BE016F5F7F4FC901C5CF0F931F930C
:10F3D000CF93DF9300D01F921F92CDB7DEB7DC0131
:10F3E00012969C911297992301F11496ED91FC913C
:10F3F00015973097D1F08D01923079F09430F9F073
:10F40000913099F48D919C9120812D8341E0BE0132
:10F410006B5F7F4F0E941F4D08C06081718176270E
:10F42000672776278D919C9133DD0F900F900F9079
:10F430000F900F90DF91CF911F910F9108956081F0
:10F440007181072E000C880B990B0E94AE71F80198
:10F450002081318169837A838B839C8344E0BE0160
:10F460006F5F7F4FC901D6CF0F931F93CF93DF9369
:10F4700000D01F92CDB7DEB720911C07211127C005
:10F480008C0121E732EB47E25EE36091090E709157
:10F490000A0E80910B0E90910C0E0E9489F320E0D1
:10F4A00030E048EC52E40E9489F30E9414FC0E9470
:10F4B000D871F8012081318169837A838B839C83A1
:10F4C00044E0BE016F5F7F4FC9010E941F4D0F9046
:10F4D0000F900F900F90DF91CF911F910F91089592
:10F4E0000F931F93CF93DF9300D01F92CDB7DEB75A
:10F4F00020911C07211127C08C0121E732EB47E244
:10F500005EE36091050E7091060E8091070E90915A
:10F51000080E0E94BDFA20E030E048EC52E40E9460
:10F5200089F30E9414FC0E94D871F8012081318176
:10F5300069837A838B839C8344E0BE016F5F7F4F36
:10F54000C9010E941F4D0F900F900F900F90DF91F7
:10F55000CF911F910F9108950F931F93CF93DF9336
:10F5600000D01F92CDB7DEB720911C07211121C01A
:10F570008C0120E030E048EC52E46091010E709183
:10F58000020E8091030E9091040E0E9489F30E9456
:10F5900014FC0E94D871F8012081318169837A833B
:10F5A0008B839C8344E0BE016F5F7F4FC9010E9443
:10F5B0001F4D0F900F900F900F90DF91CF911F91E3
:10F5C0000F9108957F928F929F92AF92BF92CF92A8
:10F5D000DF92EF92FF920F931F93CF93DF93CDB7FC
:10F5E000DEB7E2970FB6F894DEBF0FBECDBF6C0159
:10F5F000CE0101967C0110E000E04C0195E0A92EBF
:10F60000B12C25E0722EC801B5010E94C5F9789E83
:10F61000F001799EF00D1124E60FF71FEE0FFF1F8A
:10F62000EE0FFF1FE658F84F20E030E04AE754E4C1
:10F6300060817181828193810E9489F30E9414FC10
:10F64000762767277627F701619371937F010F5F14
:10F650001F4F09311105B9F642E3B401F60180816B
:10F6600091810E941F4DE2960FB6F894DEBF0FBE47
:10F67000CDBFDF91CF911F910F91FF90EF90DF9061
:10F68000CF90BF90AF909F908F907F9008950F93F1
:10F69000FC014281442359F0648175816115710533
:10F6A00031F000E020E0808191810E94F4C50F914B
:10F6B00008950F9301E020E0FC0142816EE07CE1BF
:10F6C000808191810E94F4C50F9108950F9301E00C
:10F6D00020E0FC0142816CE07CE1808191810E940C
:10F6E000F4C50F9108950F9301E020E0FC014281E1
:10F6F0006AE07CE1808191810E94F4C50F910895B8
:10F700000F93FC014281442359F064817581611596
:10F71000710531F000E020E0808191810E9443C6B4
:10F720000F910895AF92BF92CF92DF92EF92FF9226
:10F730000F93CF93DF93CDB7DEB76C01ADB6BEB6F6
:10F74000FC0192812DB73EB7291B31090FB6F89401
:10F750003EBF0FBE2DBFEDB7FEB731967F0181E0F2
:10F760008F9320E92F938F932CE22F938F932F93D6
:10F7700021E03CE13F932F931F929F93FF92EF93E1
:10F780000E9481F201E020E0F6014281B701808110
:10F7900091810E9443C62DB73EB7245F3F4F0FB6FD
:10F7A000F8943EBF0FBE2DBF0FB6F894BEBE0FBE7D
:10F7B000ADBEDF91CF910F91FF90EF90DF90CF9092
:10F7C000BF90AF900895CF93DF93EC0146E065E0E2
:10F7D00082E10E94D34D60E071E088819981DF91E0
:10F7E000CF9156CBCF93DF93EC018091AE0945E0EA
:10F7F00065E0882369F08DE00E94D34D61E070E000
:10F8000076276727762788819981DF91CF9140CB32
:10F810008DE00E94A64D70E060E0F2CF823091054D
:10F8200071F034F40097A1F042E0019749F0089597
:10F830008330910559F045E0049711F0089543E0B5
:10F84000662341F065E082E00C94D34D44E0F8CFAC
:10F8500041E0F6CF65E082E00C94A64D0F93CF9384
:10F86000DF93EC0180910E0290910F0297FF08C088
:10F870008CE69FE2892BD9F4DF91CF910F91089507
:10F880000E94D5DC8823A1F38091550B68E979E0CB
:10F89000882311F065E57BE06115710569F301E0EE
:10F8A00020E04A81888199810E9443C6E5CF01E02A
:10F8B00020E04A816CE67FE2888199810E94F4C54C
:10F8C000DBCF0F93CF93DF93EC018881998185364D
:10F8D00020E39207A1F158F4853220E3920799F1D1
:10F8E0008534904369F0DF91CF910F910895853869
:10F8F00020E3920731F1853A9043A9F784E001C0F3
:10F9000081E020911A0730911B07820F932F911DE0
:10F910000E94D5DC8823C9F08091550B68E979E015
:10F92000882311F065E57BE061157105E1F201E0E6
:10F9300020E04A81888199810E9443C6D4CF82E029
:10F94000E0CF83E0DECF80E0DCCF8CE69FE2009763
:10F9500051F201E020E04A81BC01888199810E9436
:10F96000F4C5C1CFAF92BF92CF92DF92EF92FF92D8
:10F970000F931F93CF93DF9300D000D000D01F923E
:10F98000CDB7DEB76C01CE0101967C0110E000E03E
:10F990005C0180911A0790911B07800F911F0E94B4
:10F9A000D5DC811126C0F7011182108260E0C80108
:10F9B00035DF0F5F1F4FF2E0EF0EF11C0530110530
:10F9C00041F74AE0B501F601808191810E941F4D07
:10F9D0002A960FB6F894DEBF0FBECDBFDF91CF9150
:10F9E0001F910F91FF90EF90DF90CF90BF90AF905D
:10F9F00008958091CC0D85FD07C080E091E0F7016E
:10FA00009183808361E0D3CF80E092E0F8CFEF92E2
:10FA1000FF920F931F93CF93DF937C018091CC0DC6
:10FA200046E065E086FD2EC082E00E94D34DC1E035
:10FA3000D0E080911A0790911B07892B49F1C26091
:10FA400047E065E082E00E94D34D00911A071091D3
:10FA50001B070B5F1F4F0E9487DC08171907F0F484
:10FA6000C46048E065E082E00E94D34D7C2F6D2F9A
:10FA7000F70180819181DF91CF911F910F91FF90CC
:10FA8000EF9006CA82E00E94A64DD0E0C0E0D1CF40
:10FA900047E065E082E00E94A64DD7CF48E065E0F0
:10FAA00082E00E94A64DE2CF8091CC0D86FD03C07E
:10FAB0000E9414D3F9CF10921B0710921A078FEFF0
:10FAC0009FEF90930F0280930E0281E008958F9232
:10FAD0009F92AF92BF92DF92EF92FF920F931F938C
:10FAE000CF93DF9300D000D000D01F92CDB7DEB708
:10FAF000F82ED62E611110921F0709E61BE143E094
:10FB000050E0B801CE0101960E94EAF18A819B8102
:10FB1000009741F02981F21629F00D5F1F4F79F708
:10FB200090E080E08C010115110509F456C0F80140
:10FB300085919491009709F450C0BE016F5F7F4F8B
:10FB40000E942923882309F445C089859A85892B39
:10FB500009F440C0D11003C08C8180FF3BC0EB8012
:10FB600026E0E20E0E94E8D14B015C0138EE830EE4
:10FB700033E0931EA11CB11CF12C8091C006909122
:10FB8000BF06891B990B9C012150310937FF02C028
:10FB90002F5C3F4F2E151F04C0F40E94E8D1A50131
:10FBA0009401261B370B480B590BDA01C9011816B3
:10FBB00019061A061B0624F50E94744C62E370E0D5
:10FBC00080E090E00E944ED1D8CFE985FA85CE0141
:10FBD000019619950E5F1F4FA6CF81E02A960FB6AA
:10FBE000F894DEBF0FBECDBFDF91CF911F910F9173
:10FBF000FF90EF90DF90BF90AF909F908F9008950F
:10FC000080E0ECCFCF93DF93EC010E944ED71B82B4
:10FC1000DF91CF910895CF93DF93EC01462F417090
:10FC20006C857D858E859F850E9447D4882351F001
:10FC3000888920E2829FC00111248C57944FDF9164
:10FC4000CF91089590E080E0FACFCF93DF93EB015E
:10FC5000FC012381211104C080E0DF91CF91089540
:10FC60002250223028F48FE28883198281E0F5CF78
:10FC700060E0D1DF009781F3DC0160E080E09EE28C
:10FC80002D91203299F0883031F49E01260F311DDC
:10FC9000F90190836F5F9E01260F311DAD01415028
:10FCA0005109FA014081F90140836F5F8F5F8B300A
:10FCB00039F7FE01E60FF11D1082D8CF3F924F9227
:10FCC0005F926F927F928F929F92AF92BF92CF92EC
:10FCD000DF92EF92FF920F931F93CF93DF93CDB7F5
:10FCE000DEB72C970FB6F894DEBF0FBECDBF5C0118
:10FCF000DC0159968D909C90F40181859285A385B5
:10FD0000B4859C01AD012F5F3F4F4F4F5F4F298757
:10FD10003A874B875C87D50114964D905D906D9026
:10FD20007C901797411451046104710409F459C07F
:10FD3000BFEF4B1A5B0A6B0A7B0A312C730162011D
:10FD40001D821E821F821886F40181859285A385FB
:10FD5000B4852D813E814F815885281739074A0780
:10FD60005B0708F056C089859A85AB85BC858C15E4
:10FD70009D05AE05BF0550F482E0C82ED12CE12CC4
:10FD8000F12C92E0492E512C612C712C9E012F5F99
:10FD90003F4FB701A601C4010E9463D68823C9F171
:10FDA00089819A81AB81BC81892B8A2B8B2B01F1B4
:10FDB000260137019FEF491A590A690A790A2D81EC
:10FDC0003E814F8158852F5F3F4F4F4F5F4F2D83AF
:10FDD0003E834F8358873FEFC31AD30AE30AF30ADF
:10FDE000B3CF408051806280738033243394A6CF98
:10FDF000C414D504E604F70411F70FEF1FEF2FEF3B
:10FE00003FE0B701A601C4010E94D2D5782E81112E
:10FE10001AC0712C872D2C960FB6F894DEBF0FBE3A
:10FE2000CDBFDF91CF911F910F91FF90EF90DF90A9
:10FE3000CF90BF90AF909F908F907F906F905F908A
:10FE40004F903F900895F5014481558166817781F7
:10FE5000411551056105710539F097018601C4010D
:10FE60000E94D2D58823A9F2D5011496CD92DD92B5
:10FE7000ED92FC921797332051F0D701C6010196FD
:10FE8000A11DB11DF40180839183A283B383F50189
:10FE900085899689A789B08D892B8A2B8B2B09F0B0
:10FEA000B9CFC58AD68AE78AF08E8181806881833E
:10FEB000B1CF40E050E0BA010C9498D7EF92FF9296
:10FEC0000F931F93CF93DF93CDB7DEB72C970FB669
:10FED000F894DEBF0FBECDBF8C017F936F935F930D
:10FEE0004F9381ED94E09F938F939E012F5F3F4F3F
:10FEF00079013F932F930E9421FDF801019000208A
:10FF0000E9F7CF010197801B910B0FB6F894DEBF84
:10FF10000FBECDBF8431910548F445E150E0481B48
:10FF2000590BB701800F911F0E946DF2C8012C96EA
:10FF30000FB6F894DEBF0FBECDBFDF91CF911F91FA
:10FF40000F91FF90EF900895809126028F3708F46B
:10FF50004CC08F579091EF0D9093BA08992309F4F4
:10FF600040C0A59A9091FD079093B9089923D9F1C3
:10FF7000759A9091BD1491110BC02091BE1430E080
:10FF8000359527952093BF14232B09F440C0739A0D
:10FF90008F5F809326028091B80891E08927809333
:10FFA000B80880912502980F85300CF090E08230DF
:10FFB00009F47AC074F5882309F441C0813009F44A
:10FFC00068C0909325020E94D4758091EC099091AD
:10FFD000ED09009729F001979093ED098093EC09C2
:10FFE0000895A598BFCF7598C4CF9091BA08891786
:10FFF00008F0A5989091B908891708F07598909124
:020000021000EC
:10000000BD149111C5CF9091BF14891708F2739850
:10001000BFCF843009F460C00CF459C0853089F634
:100020002091B708211102C08093B7088091B708CA
:1000300081508093B708882321F295E0C2CF809148
:1000400024028F5F80311CF480932402BACF109277
:1000500024028091F207811113C02091E50D3091A7
:10006000E60D3093E80D2093E70D2091F3073091D2
:10007000F4073093F6072093F50781E08093F207A9
:100080001092E60D1092E50D1092F4071092F3070E
:1000900098CF10927B0081E480937C0080917A005D
:1000A000806480937A008DCF80917A0086FD27C08E
:1000B00040917800509179002091E50D3091E60D46
:1000C000240F351F3093E60D2093E50D7ACF88E09D
:1000D00080937B0086E4E0CF80917A0086FD11C09A
:1000E00040917800509179002091F3073091F40706
:1000F000240F351F3093F4072093F30762CF92E06B
:1001000060CF94E05ECF0F930FB70F9300916E0016
:100110000D7F00936E0078940F930BB70F930CB77D
:100120000F921F922F933F934F935F936F937F9301
:100130008F939F93AF93BF93EF93FF93112404DFAB
:10014000FF91EF91BF91AF919F918F917F916F91AF
:100150005F914F913F912F911F900F900CBF0F9186
:100160000BBF0F910260F89400936E000F910FBFC8
:100170000F911895CF93DF93C5EEDDE019861886B1
:10018000109206080E940D721A86A598C3EFD7E058
:10019000198618860E945D231A867598DF91CF9183
:1001A00008958F929F92AF92BF92CF92DF92EF927B
:1001B000FF920F931F93CF93DF93B4E4A0E06A2FD5
:1001C00070E0AB014B0F511D55954795411119C07A
:1001D000EBEAFCE265917491072E000C880B990BF9
:1001E0000E942AF3DF91CF911F910F91FF90EF9022
:1001F000DF90CF90BF90AF909F908F900895B42FD5
:10020000E0CFA41711F0B41303C0E7EBFDE2E2CF97
:100210009A0121503109220F331F220F331FF90198
:10022000E755F34DE590F490F901E355F34DC59191
:10023000D4918E159F0518F3A42FC817D90708F479
:10024000BECFF901E555F34D05911491F901E15542
:10025000F34DC590D4908E199F09BC0190E080E0C9
:100260000E9428F34B015C01B601601B710B072E45
:10027000000C880B990B0E942AF39B01AC01C5016D
:10028000B4010E9489F34B015C01CE19DF09BE0164
:1002900090E080E00E9428F39B01AC01C501B4010D
:1002A0000E94BDFA6B017C01B801110F880B990BFC
:1002B0000E942AF39B01AC01C701B6010E94E1F93B
:1002C00091CFCF92DF92EF92FF926A017B010E9461
:1002D000D129C701B601FF90EF90DF90CF900C9429
:1002E00036C8CF93DF93EC01488159816A817B81C5
:1002F00082E797E2E6DF4C815D816E817F8182EF4C
:1003000091E3DFDF488559856A857B858EEE91E331
:10031000DF91CF910C94F92A0F930FB70F930091AF
:100320006E000F930D7F00936E0000916F000D7FA4
:1003300000936F000F930BB70F930CB70F921F92A0
:100340002F933F934F935F936F937F938F939F93DD
:10035000AF93BF93EF93FF9311240E94428CFF91C0
:10036000EF91BF91AF919F918F917F916F915F912D
:100370004F913F912F911F900F900CBF0F910BBF8A
:100380000F910260F89400936F000F9100936E003C
:100390000F910FBF0F911895CF93DF9300D0CDB77A
:1003A000DEB700C000C08DE09EE09A8389831B8287
:1003B000CE0101960E948A7190910801811101C0BD
:1003C0009095917090930601811147C08FEF8093B3
:1003D0003E088DE09EE09A83898381E08B83CE0185
:1003E00001960E948A7190910801811190959870F0
:1003F00090930601811133C08FEF80933F088DE009
:100400009EE09A83898382E08B83CE0101960E94CD
:100410008A719091080181119095907890930601CE
:1004200081111FC08FEF809340088DE09EE09A837A
:10043000898383E08B83CE0101960E948A71882391
:1004400091F08D9881E08093410800C000C00F902A
:100450000F900F90DF91CF91089581E0B8CF81E0A8
:10046000CCCF81E0E0CF8D9A8FEFEDCF80913D082A
:10047000877F80933D088B9A81E008958B988091C7
:100480003D08886080933D08089521E030E0082E03
:1004900002C0220F331F0A94E2F720953095909105
:1004A0003D08292320933D08813061F020F08230FF
:1004B00071F081E008958E9A80917E098E7F8093FD
:1004C0007E09F7CF749A80917E098D7FF8CF809155
:1004D0000801809580718093060180917E098B7F51
:1004E000EECF80E0D2DF81E0D0DF82E0CEDFBECF92
:1004F0008130B9F0A0F08230B1F021E030E0082E78
:1005000001C0220F0A94EAF790913D08922B909334
:100510003D08823019F481E08093DF0708958E98BA
:10052000ECCF7498EACF90910801907190930601F6
:10053000E4CF80E0DDDF81E0DBDF82E0D9DF9ECF4A
:100540008F929F92AF92BF92CF92DF92EF92FF92E3
:100550000F931F93CF93DF93C82F41E065E670E2BE
:100560000E947A2BC11102C00E94FA298DE590E207
:100570000E94D1298BEB9FE10E94D1290E94FD2985
:100580008C2F0E94AB3541E06BE470E28C2F0E940F
:100590007A2BC11102C00E94FA298EE290E20E94D9
:1005A000D1298C2F0E94EF2C8C2F0E94D0CA8C2F27
:1005B0000E94912C8C2F0E94B82C8C2F0E94722CA0
:1005C0008C2F0E94272C8C2F0E94082C67ED7FE136
:1005D0008C2F0E94C4CAD091AE0909EE1FE1DD2321
:1005E00011F00DEE1FE1C090AF09D090B009E0907E
:1005F000B109F090B2098EEC9FE10E94D1298D2FB4
:100600000E94052689EB90E30E94D12942E0C701B0
:10061000B6010E9462C881EC9FE10E94D129C80105
:100620000E94D1290E94FD290E9489268823A9F1D0
:100630008AE7E82E87E0F82ED0E0670110E0C111CC
:1006400002C00E94FA29F60180809180A280B380C6
:1006500084E290E20E94D129812F0E94832681E2C8
:1006600090E20E94D1298D2F0E94832689EB90E38E
:100670000E94D12945E0C501B4010E9462C80E94D0
:10068000FD291F5FF4E1CF0ED11C1530C1F6DF5FED
:1006900084E0E80EF11CD53081F68C2F0E94BB2B34
:1006A0008C2F0E941E2D8C2F0E94002A8C2F0E94BE
:1006B000942B6AE070E28C2F0E94C4CAC09122027F
:1006C00081E090E20E94D1298C2F0E940526409162
:1006D000E6035091E7036091E8037091E9038EEF20
:1006E0009FE10E94E7294091B10D5091B20D6091B8
:1006F000B30D7091B40D8BEF9FE10E94E7298091BB
:10070000220269EE7FE1882311F06DEE7FE180EF38
:100710009FE1DF91CF911F910F91FF90EF90DF90BC
:10072000CF90BF90AF909F908F900C94152DCF924B
:10073000DF92EF92FF920F931F93CF93DF93CDB78A
:10074000DEB7CC5AD1090FB6F894DEBF0FBECDBFCD
:10075000CF55DF4F188219821A821B82C15AD040AE
:1007600084E690E09093B4098093B3091092C00D91
:100770001092BF0D8091D5049091D604A091D7041A
:10078000B091D804CB55DF4F88839983AA83BB836C
:10079000C55AD04064E070E0CE018B559F4F0E9457
:1007A00081D18091B3099091B40902969093B409D4
:1007B0008093B3091092C00D1092BF0D81ED92E0AD
:1007C000C755DF4F99838883C95AD040CE018755DA
:1007D0009F4F0E94CF7681E0C455DF4F8883CC5A6B
:1007E000D040CE0184559F4F0E94D37668E470E0DC
:1007F00086EF99E00E9481D160E170E088EB99E09A
:100800000E9481D18AE097EDA3EABCE3CF55DF4F88
:1008100088839983AA83BB83C15AD040CE018F5568
:100820009F4F0E94CB768BE299E00E94DB7682E2BA
:1008300092E00E94D77686EE93E00E94CB7681EB21
:100840009DE00E94CB768091AF099091B009A09174
:10085000B109B091B20989839A83AB83BC838E01BD
:100860000F5F1F4FC8010E94CB7668E070E08EEFEB
:1008700097E00E9481D1CF55DF4F188219821A82EA
:100880001B82C15AD04083E0C356DF4F8883CD59C5
:10089000D0407E019DE6E90EF11CF7018083CE0178
:1008A0008F559F4F0E94CB76CE0183569F4F0E945B
:1008B000D376C7010E94D37680E09CE09A83898337
:1008C000C8010E94CF763AE0D32EDA94DD2031F0D1
:1008D000CE018F559F4F0E94CB76F7CF8BE59EE0E0
:1008E0000E94DB76CF55DF4F188219821A821B8255
:1008F000C15AD0402AE0D22EDA94DD2031F0CE0168
:100900008F559F4F0E94CB76F7CF85E0D82EF70109
:10091000D082C356DF4FD882CD59D040C7010E9444
:10092000D376CE0183569F4F0E94D37680E69CE615
:100930009A838983C8010E94CF7668E070E083E6DD
:1009400097E00E9481D168E070E08BE597E00E941B
:1009500081D164E670E08AE797E00E9481D1198234
:10096000CC24CA94F701C082C8010E94D776C7017F
:100970000E94D37664E070E088E794E00E9481D121
:1009800080912A098983C8010E94D7768091010E3F
:100990009091020EA091030EB091040E89839A8368
:1009A000AB83BC8321E732EB47E25EE36091050E47
:1009B0007091060E8091070E9091080E0E94BDFA6C
:1009C0006D837E838F83988721E732EB47E25EE376
:1009D0006091090E70910A0E80910B0E90910C0E91
:1009E0000E9489F369877A878B879C8780E090E0F3
:1009F000A0E8BFE38D879E87AF87B88B198A1A8AD4
:100A00001B8A1C8A64E170E0C8010E9481D184E1E4
:100A100090E09A838983C8010E94CF768CE0E7E05A
:100A2000F4E0D80101900D928A95E1F76CE070E056
:100A3000C8010E9481D18CE0E7E0F4E0D801019088
:100A40000D928A95E1F76CE070E0C8010E9481D1B7
:100A50001982C8010E94D3768FE78983C8010E945A
:100A6000D376C982C8010E94D376E3E1F4E0D801CD
:100A700001900D92DA94E1F765E070E0C8010E9400
:100A800081D180916C07F70180831A821982C70196
:100A90000E94D776C8010E94CF7680E2E8E1F4E0B8
:100AA000D80101900D928A95E1F760E270E0C801EB
:100AB0000E9481D1F7011082C7010E94D77689E791
:100AC00097E00E94D77685E797E00E94CB76CF55D6
:100AD000DF4F188219821A821B82C15AD040CE0180
:100AE0008F559F4F0E94CB7682E1F80111928A9533
:100AF000E9F762E170E0C8010E9481D184E2E8E395
:100B0000F4E0D80101900D928A95E1F764E270E07B
:100B1000C8010E9481D190E1D92EF8018D2D11924A
:100B20008A95E9F760E170E0C8010E9481D11A82DC
:100B3000198262E070E0C8010E9481D1F80111922F
:100B4000DA94E9F760E170E0C8010E9481D18CE697
:100B5000F80111928A95E9F76CE670E0C8010E94ED
:100B600081D168E070E08DE697E00E9481D18CE051
:100B7000F70111928A95E9F7C555DF4F1882CB5AD4
:100B8000D04080E090E0A0E4B0E4C356DF4F88831B
:100B90009983AA83BB83CD59D040C7010E94DB76DD
:100BA000CE0185559F4F0E94D376CE0183569F4F2D
:100BB0000E94CB7680E3F70111928A95E9F70E94B3
:100BC0004123082F109121028091AE0981110E94CA
:100BD000892690916B0721E0F7012083018312831E
:100BE0008383948360E370E0C7010E9481D1009108
:100BF000B3091091B409045611098091BF0D909169
:100C0000C00DF7019183808384E690E09093B4094E
:100C10008093B30964E070E08CE794E00E9481D196
:100C2000C7010E94CF760E94FA2980E29EE10E94CD
:100C3000D129C8010E94FC34F701C080D180F12C79
:100C4000E12C83E19EE10E94D129C701B6010E94F7
:100C5000F92580E19EE10E94D129013D1240E9F091
:100C600081E49BE20E94D12981E69EE10E94D12984
:100C70008CEE9DE10E94F4D180E0C455DF4F0FB6A9
:100C8000F894DEBF0FBECDBFDF91CF911F910F91C2
:100C9000FF90EF90DF90CF90089580E09EE10E945A
:100CA0004FC880E09EE10E94BC2D81E0E6CF4F92CC
:100CB0005F926F927F928F929F92AF92BF92CF92EC
:100CC000DF92EF92FF92CF93DF9300D000D0CDB7A9
:100CD000DEB79E838D830E94CE264B015C01AD81E1
:100CE000BE8118964D905D906D907C901B97AC01E5
:100CF0009B01C301B2010E94E0F96B017C0180916C
:100D0000AF099091B009A091B109B091B20989835E
:100D10009A83AB83BC8320E030E0A901BC01CD0104
:100D20000E9424F3882349F020E030E0A901C701A4
:100D3000B6010E9424F31816ECF0AD81BE8118961E
:100D4000CD92DD92ED92FC921B9726960FB6F89409
:100D5000DEBF0FBECDBFDF91CF91FF90EF90DF9050
:100D6000CF90BF90AF909F908F907F906F905F904B
:100D70004F90089529813A814B815C81C301B20172
:100D80000E9408FC87FFE1CF2091AA093091AB09AE
:100D90004091AC095091AD09C501B4010E9489F39D
:100DA0009B01AC0160E070E080E89FE30E94E0F905
:100DB0009B01AC01C701B6010E94BDFAED81FE8125
:100DC0006087718782879387C0CFCF93DF938091AD
:100DD0005A07811119C0C0911F02D091200221979A
:100DE00020E030E040E05FE36091E90D7091EA0DB2
:100DF0008091EB0D9091EC0D0E94E1F90E9425FB92
:100E000021E06C177D070CF020E0822FDF91CF915D
:100E10000895AF92BF92CF92DF92EF92FF920F931D
:100E20001F93CF93DF93C6EFD9E008EC19E086E07B
:100E3000A82E8AE0B82EC12CD12C7601C3946991DA
:100E40007991899199910E9428F3288939894A8951
:100E50005B890E9489F30E942AFBF80161937193D8
:100E6000819391938F01C616D706E806F90610F410
:100E70006B017C01AC16BD0611F76FEF7FEFCB0164
:100E8000A70196010E944EF92093D8093093D90901
:100E90004093DA095093DB09DF91CF911F910F91B5
:100EA000FF90EF90DF90CF90BF90AF9008950F9399
:100EB0001F93CF93DF930AE01AE0CCEDD9E0F8015D
:100EC00021913191419151918F0160E070E080E872
:100ED0009FE30E94BDFA6993799389939993F9E00E
:100EE000CC3EDF0761F70E944BCADF91CF911F9183
:100EF0000F918FCF90916B0E80916C0E981306C05E
:100F00008091EC099091ED09892B21F080E00E94FD
:100F1000B738F0CF08954F925F926F927F928F9281
:100F20009F92AF92BF92CF92DF92EF92FF92CF93B8
:100F3000DF93EC0180E1FE01ADE6BEE001900D9291
:100F40008A95E1F72091160A3091170A4091180A04
:100F50005091190A6C857D858E859F850E9489F345
:100F60000E9414FC6B017C012091120A3091130A3B
:100F70004091140A5091150A688579858A859B8568
:100F80000E9489F30E9414FC4B015C0120910E0A1F
:100F900030910F0A4091100A5091110A6C817D81A5
:100FA0008E819F810E9489F30E9414FC2B013C01D9
:100FB00020910A0A30910B0A40910C0A50910D0AB7
:100FC000688179818A819B810E9489F30E9414FC47
:100FD00060937D0E70937E0E80937F0E9093800EB3
:100FE0004092810E5092820E6092830E7092840E17
:100FF0008092850E9092860EA092870EB092880EF7
:10100000C092890ED0928A0EE0928B0EF0928C0ED6
:1010100090916B0E80916C0E981781F0DF91CF91BB
:10102000FF90EF90DF90CF90BF90AF909F908F9008
:101030007F906F905F904F900C940ECA5BDF0E9480
:101040005C71C82F8DE79EE00E94DD70CC2381F09B
:10105000DF91CF91FF90EF90DF90CF90BF90AF9056
:101060009F908F907F906F905F904F900C94B429D9
:10107000DF91CF91FF90EF90DF90CF90BF90AF9036
:101080009F908F907F906F905F904F900895CF9238
:10109000DF92EF92FF92CF93DF93C82F0E945C7193
:1010A00094E0C99FE0011124FE01E956F74FC0808A
:1010B000D180E280F38081110E94B429C452D64FBE
:1010C000C701B6010E942AF3288139814A815B81D8
:1010D0000E9489F3DF91CF91FF90EF90DF90CF9046
:1010E00008958F929F92AF92BF92CF92DF92EF922C
:1010F000FF921F93CF93DF93CDB7DEB760970FB604
:10110000F894DEBF0FBECDBF182F80E0C0DF4B01CB
:101110005C018092250890922608A0922708B09240
:10112000280881E0B4DF6B017C01C0922908D092CD
:101130002A08E0922B08F0922C0882E0A8DF609346
:101140002D0870932E0880932F08909330081D86E9
:101150001E861F86188A89829A82AB82BC82CD82C3
:10116000DE82EF82F88669877A878B879C8783E0A7
:101170008EDF6D877E878F87988B8091AE0988235D
:1011800019F0CE01019693DD1E3FD9F480E1FE01F6
:101190003196A1E4BAE001900D928A95E1F760964C
:1011A0000FB6F894DEBF0FBECDBFDF91CF911F9178
:1011B000FF90EF90DF90CF90BF90AF909F908F9077
:1011C000089584E0189FF0011124DF01AF5BB54F53
:1011D00081E090E08C0F9D1FE80FF91F4081518145
:1011E000628173814D935D936D937C931397D7CFF9
:1011F0000F931F93CF93DF9300D01F92CDB7DEB72D
:101200008C0180917E0982FF33C082E040DF20E0C4
:1012100030E048E452E40E9489F30E9425FB0E94DA
:101220002AF32AE037ED43EA5CE30E9489F320E0E9
:1012300030E048EC52E40E9489F30E9414FC0E94C2
:10124000D871F8012081318169837A838B839C83F3
:1012500044E0BE016F5F7F4FC9010E941F4D0F9098
:101260000F900F900F90DF91CF911F910F910895E4
:1012700060E070E0CB01CBCF90916B0E80916C0E53
:10128000981307C08091EC099091ED09892B09F41E
:1012900028C980E00E94B738EFCFCF92DF92EF925B
:1012A000FF92CF93DF93C82F0E945C7194E0C99F97
:1012B000E0011124FE01E557F74FC080D180E280A4
:1012C000F38081110E94B429C452D64FC701B601E0
:1012D0000E942AF3288139814A815B810E9489F327
:1012E000DF91CF91FF90EF90DF90CF9008958F9294
:1012F0009F92AF92BF92CF92DF92EF92FF92CF93E5
:10130000DF932091AE09222309F47FC0EC01809085
:10131000AF099090B009A090B109B090B20920E057
:1013200030E0A901C501B4010E9424F3882309F427
:1013300077C0C884D984EA84FB8420E030E0A90126
:10134000C701B6010E9424F318160CF069C0A5016C
:101350009401C701B6010E9408FC87FF56C0209186
:10136000A6093091A7094091A8095091A909C70180
:10137000B6010E9424F3882321F1C092A609D092DD
:10138000A709E092A809F092A9092091AA09309131
:10139000AB094091AC095091AD09C701B6010E945B
:1013A00089F39B01AC0160E070E080E89FE30E945C
:1013B000E0F960931B0270931C0280931D029093CE
:1013C0001E02C0901B02D0901C02E0901D02F09003
:1013D0001E0220E030E0A901C701B6010E9424F3FB
:1013E000882399F0CE010E94CE26A70196010E9483
:1013F00089F39B01AC01688579858A859B850E946C
:10140000E1F9688779878A879B87DF91CF91FF9081
:10141000EF90DF90CF90BF90AF909F908F90089506
:10142000C12CD12C80E8E82E8FE3F82EDBCFCF92B1
:10143000DF92EF92FF92C0907507D0907607E09010
:101440007707F090780780917907882309F44FC0D7
:1014500020E030E0A901C701B6010E9424F38823EF
:1014600009F445C020E030E040E05FE3C701B60189
:101470000E9489F39B01AC010E9489F32BED3FE0B0
:1014800049E450E40E9489F39B01AC0160E070E004
:1014900080E89FE30E94BDFA6B017C01C092560771
:1014A000D0925707E0925807F092590760911902BD
:1014B00070911A02072E000C880B990B0E942AF3D8
:1014C0002AE037ED43E25CE30E9489F3A70196012D
:1014D0000E9489F3609357027093580280935902D7
:1014E00090935A02FF90EF90DF90CF900895C12C17
:1014F000D12C80E8E82E8FE3F82ED0CF2F923F92A8
:101500004F925F926F927F928F929F92AF92BF9213
:10151000CF92DF92EF92FF920F931F93CF93DF93BF
:10152000CDB7DEB766970FB6F894DEBF0FBECDBF5E
:101530001C016A017B0128013901DC0155968D905F
:101540009D90AD90BC90589720E030E0A901CB0170
:10155000B6010E9424F3882309F44EC1A701960125
:10156000C501B4010E9489F30E9414FCD62EE72E17
:10157000F82EC92EA3019201C501B4010E9489F37E
:101580000E9414FCDD82EE82FF82C8862D813E819E
:101590004F815885203231054105510548F420E23C
:1015A000822E912CA12CB12C8D829E82AF82B88686
:1015B00069837A838B839C8329813A814B815C8107
:1015C000203231054105510548F480E2882E912CE6
:1015D000A12CB12C89829A82AB82BC82F101FE9649
:1015E00080819181A281B3818097A105B10540F4EA
:1015F00080E290E0A0E0B0E080839183A283B38397
:10160000D1019D968D909D90AD90BC90D0978B8A86
:101610009C8AAD8ABE8AF101E65BFF4F60817181D1
:1016200082819381611571058105910509F4ECC0F2
:101630000E942AF39B01AC0160E070E080E89FE328
:101640000E94BDFA20E030E040E05FE30E9489F3B1
:101650006B017C01F101FE96608171818281938131
:101660000E9428F39B01AC010E9489F32B013C01ED
:1016700069817A818B819C810E9428F39B01AC0156
:101680000E9489F39B01AC01C301B2010E94E0F901
:10169000A70196010E9489F369877A878B879C87C7
:1016A0006D817E818F8198850E9428F39B01AC011A
:1016B0000E9489F39B01AC01C301B2010E94E0F9D1
:1016C000A70196010E9489F32B013C010E94A7FA11
:1016D0000E9425FB6B017C0169857A858B859C8541
:1016E0000E94A7FA0E9425FB46015701860E971E0D
:1016F000A81EB91E2B893C894D895E892819390994
:101700004A095B0957FF32C06B897C898D899E89A4
:101710000E9428F3A30192010E94E1F929853A85EC
:101720004B855C850E94E0F920E030E040E05FE31B
:101730000E9489F30E9414FCC12CD12C760197FDE4
:101740000DC06B017C018B889C88AD88BE888C1491
:101750009D04AE04BF0414F4750164016B897C8997
:101760008D899E896C197D098E099F09D101D196B9
:10177000CD92DD92ED92FC92D4978B889C88AD88B7
:10178000BE88861A970AA80AB90AD501C401F101D0
:1017900085AB96ABA7ABB0AFEE5BFF4F8D809E8065
:1017A000AF80B88480829182A282B38291012A5B49
:1017B0003F4FD90189809A80AB80BC808D929D92E9
:1017C000AD92BC92139766960FB6F894DEBF0FBE2B
:1017D000CDBFDF91CF911F910F91FF90EF90DF90E0
:1017E000CF90BF90AF909F908F907F906F905F90C1
:1017F0004F903F902F900895F101EE5BFF4FD08006
:10180000E180F280C380B6CEC12CD12C760160E09D
:1018100070E0CB01ABCF8F3010F48F5F08958F5005
:101820000895CF93DF9390916C0E80916B0E891782
:1018300040F0891B41F4D0E0C0E0CE01DF91CF91B0
:101840000895805FF6CF9091690E992351F083300F
:1018500030F48FEF890F19F08093690EECCF10925E
:10186000690EC0916C0E83E6C89FE0011124C35736
:10187000D14F888180FDDFCF80916C0ECCDF8093CB
:101880006A0EDBCF2F923F924F925F926F927F92C0
:101890008F929F92AF92BF92CF92DF92EF92FF9280
:1018A0000F931F93CF93DF9300D000D000D01F92EF
:1018B0001F92CDB7DEB78FEF9FEF90938900809393
:1018C00088002AE02D8310E000E080918808909144
:1018D0008908892B09F0B1C180918A088823D9F041
:1018E0008091B5099091B60910928A08892B09F464
:1018F000A4C11092B6091092B50910920E0E9091E3
:101900006B0E80916C0E981709F497C180916C0E44
:1019100082DF80936C0E8091B5099091B609892B76
:1019200009F48BC140917E0850917F086091800836
:101930007091810880917A0890917B08A0917C0831
:10194000B0917D08481759076A077B0708F075C1F1
:10195000C0902302D12CF12CE12C841B950BA60BFB
:10196000B70BC816D906EA06FB0610F4D701C60164
:10197000E82F840F951FA61FB71F80937E089093B2
:101980007F08A0938008B093810891E0C09042083E
:10199000D0904308E0904408F090450840915608E4
:1019A0005091570860915808709159084090460826
:1019B000509047086090480870904908440D551DA4
:1019C000661D771D80E077FD05C04C195D096E0925
:1019D0007F0981E040935608509357086093580858
:1019E0007093590840915A0850915B0860915C08C7
:1019F00070915D0840904A0850904B0860904C08E8
:101A000070904D08440D551D661D771D77FD05C06E
:101A100082604C195D096E097F0940935A08509302
:101A20005B0860935C0870935D0840915E0850917C
:101A30005F08609160087091610840904E08509076
:101A40004F086090500870905108440D551D661D58
:101A5000771D77FD05C084604C195D096E097F090B
:101A600040935E0850935F0860936008709361082C
:101A70004091620850916308609164087091650814
:101A80004090520850905308609054087090550848
:101A9000440D551D661D771D77FD05C088604C19E6
:101AA0005D096E097F094093620850936308609353
:101AB000640870936508911104C0209184003091EE
:101AC0008500282F30E0482F417080FF1CC0809196
:101AD0003E08082E000C990BAA0BBB0BC090970870
:101AE000D0909808E0909908F0909A088C0D9D1D70
:101AF000AE1DBF1D8093970890939808A0939908F6
:101B0000B0939A088F9A21FB552750F95887198668
:101B100021FF21C080913F08082E000C990BAA0BD1
:101B2000BB0BC0909B08D0909C08E0909D08F09063
:101B30009E088C0D9D1DAE1DBF1D80939B0890932C
:101B40009C08A0939D08B0939E0880910801809501
:101B500084708093060122FB222420F8312C22FF7E
:101B600021C080914008082E000C990BAA0BBB0BDA
:101B7000C0909F08D090A008E090A108F090A20823
:101B80008C0D9D1DAE1DBF1D80939F089093A008D6
:101B9000A093A108B093A20880910801809580725B
:101BA00080930601F3E035952795FA95E1F7211525
:101BB0003105E1F080914108082E000C990BAA0B29
:101BC000BB0BC090A308D090A408E090A508F090AB
:101BD000A6088C0D9D1DAE1DBF1D8093A30890937C
:101BE000A408A093A508B093A6088C9A80918400BD
:101BF00090918500809184009091850041118F988B
:101C000088849984892829F08091080184708093C0
:101C10000601232829F08091080180728093060133
:101C2000232B09F08C98EE2321F080918400909171
:101C30008500E15090E009F0A9CEA0905502B09047
:101C40005602BF82AE82AB2809F052C08090900944
:101C5000909091099A8289828114910409F43DC07F
:101C6000F090060182E00E94788200C000C080915E
:101C70000801181419040CF48095807880930601EB
:101C800000C000C080910801809580728093060199
:101C900000C0000082E090E00197F0F78091080119
:101CA00080728093060100C000C080910801F7FC9B
:101CB000809580788093060100C000C0A980BA801A
:101CC00080919009909191091A141B040CF0B4C2F0
:101CD000019790939109809390090E94BA298823D3
:101CE00009F4ACC280ED97E09093560280935502C0
:101CF00078948091880890918908892B09F009C20D
:101D00002091840030918500809123028230B0F0D0
:101D10004091860850918708420F531F60918208B6
:101D2000709183086417750748F090E09595879542
:101D30008093230210928508109284083195219592
:101D400031093093870820938608109283081092F7
:101D50008208E090B509F090B609E114F10409F4A5
:101D6000D9C380917E0890917F08A0918008B0919E
:101D7000810840917A0850917B0860917C087091AD
:101D80007D0884179507A607B70708F462C28091FB
:101D90002202882309F474C08091B00D811105C01E
:101DA0000E94AA38882309F464C0D70199966D91DE
:101DB0007D918D919C919C9761157105810591058F
:101DC00009F457C0DD962C9123FF3BC20E942AF3F1
:101DD0002091E8093091E9094091EA095091EB0915
:101DE0000E9489F36B017C01AC019B016091B50DF0
:101DF0007091B60D8091B70D9091B80D0E94E0F9E9
:101E00006093B50D7093B60D8093B70D9093B80D98
:101E10008091B90D81110E94BFC68091E0078111A8
:101E200028C020E030E0A9016091B10D7091B20DA1
:101E30008091B30D9091B40D0E9408FC1816CCF45B
:101E4000A70196016091BA0D7091BB0D8091BC0DF8
:101E50009091BD0D0E94E0F96093BA0D7093BB0D97
:101E60008093BC0D9093BD0D8091BE0D81110E9499
:101E70008EC68091E10780FD0E948EC61092E10718
:101E80001092B6091092B50910920E0E90916B0E39
:101E900080916C0E981709F43DC380916C0EBBDCE9
:101EA00080936C0E60EDE62E67E0F62E8091B5090A
:101EB0009091B609892B09F028C1B3DC9093B6093B
:101EC0008093B509892B09F420C18090B5099090C1
:101ED000B6099B868A86D4018C9182FDF1C2F401F9
:101EE000E15BFF4F80819181A281B3818093B41522
:101EF0009093B515A093B615B093B71580E13496BD
:101F0000A5E0B5E101900D928A95E1F780E0EA85C0
:101F1000FB85458C568C678C70A091E04114510470
:101F20006104710409F490E090FB80F9AA85BB85F7
:101F30009196CD90DD90ED90FC90949791E0C11436
:101F4000D104E104F10409F490E090FB81F9EA8501
:101F5000FB8545A156A167A170A591E041155105EA
:101F60006105710509F490E090FB82F980930E0EF3
:101F7000EA85FB8585A596A5A7A5B0A980937A08D3
:101F800090937B08A0937C08B0937D0888249924C3
:101F90005401881A990AAA0ABB0A8092560890929C
:101FA0005708A0925808B092590880925A08909207
:101FB0005B08A0925C08B0925D0880925E089092E7
:101FC0005F08A0926008B0926108809262089092C7
:101FD0006308A0926408B092650881A492A4A3A4A7
:101FE000B4A4880C991CAA1CBB1C80925208909225
:101FF0005308A0925408B0925508440C551C661C16
:10200000771C4092460850924708609248087092A8
:102010004908CC0CDD1CEE1CFF1CC0924A08D09273
:102020004B08E0924C08F0924D08440F551F661F74
:10203000771F40934E0850934F0860935008709359
:102040005108880F991FAA1FBB1F809342089093C5
:102050004308A0934408B093450810927E0810925C
:102060007F08109280081092810881A992A9A3A9E3
:10207000B4A98093760890937708A0937808B093DA
:10208000790885A996A9A7A9B0AD80936608909311
:102090006708A0936808B093690890910D0E85AD0C
:1020A000981721F080930D0E0E94CC810E94D47568
:1020B0001092850810928408E091B509F091B60954
:1020C000EE5BFF4F608171818281938160936E0826
:1020D00070936F0880937008909371080E94E67067
:1020E0007C0196958795B0E0A0E080936A08909374
:1020F0006B08A0936C08B0936D088093720890935E
:102100007308A0937408B0937508F0928908E09260
:1021100088088E809F80892871F48091880890912A
:1021200089088A3F910538F47AEFA72EB12CB09236
:102130008908A0928808209155023091560280911A
:102140008808909189082F3F320709F4F1C1AC014A
:10215000569547952417350708F0F0C1509356025D
:102160004093550280365AEE950708F4E5C160E6C3
:102170007AEE2091550230915602A9016217730739
:1021800008F4AB01841B950B909389088093880811
:102190002F3F320731F0241B350B3093560220932A
:1021A0005502040F151FF8948091840090918500CA
:1021B00040967D8171507D83772321F008171907A0
:1021C00008F483CB409184005091850020918608CB
:1021D00030918708240F351F309387082093860895
:1021E0000817190708F088C120912302203138F41C
:1021F000220F209323021092850810928408909356
:102200008900809388002B960FB6F894DEBF0FBE2E
:10221000CDBFDF91CF911F910F91FF90EF90DF9095
:10222000CF90BF90AF909F908F907F906F905F9076
:102230004F903F902F90089501964BCD8FEF9FEFD9
:1022400053CD90958095709561957F4F8F4F9F4F9F
:10225000BDCD4091760850917708609178087091D3
:10226000790884179507A607B70708F080C0809003
:10227000720890907308A0907408B09075088982D5
:102280009A82AB82BC82F70181AD92ADA3ADB4ADB1
:10229000B501A401EE27499FF12D5A9F90016A9F35
:1022A000300D699F200D311D4A9FF00D211D3E1FED
:1022B000599FF00D211D3E1F689FF00D211D3E1FEF
:1022C000589FF10D2E1F3E1FB49FFF0F201D311D83
:1022D000B59F300D1124F701EE5BFF4F8081918196
:1022E000A281B381820F931FA11DB11D80936E083F
:1022F00090936F08A0937008B0937108B701625C67
:102300007F4FFB01408151816281738148175907DA
:102310006A077B0740F440936E0850936F08609300
:1023200070087093710860916E0870916F088091C9
:102330007008909171080E94E6707C0189819A81F1
:10234000AB81BC818E0D9F1DA11DB11D80937208B4
:1023500090937308A0937408B093750810926A085C
:1023600010926B0810926C0810926D089FCD4091EE
:102370006608509167086091680870916908841731
:102380009507A607B70708F46CC080906A0890907C
:102390006B08A0906C08B0906D0889829A82AB821D
:1023A000BC82F70181AD92ADA3ADB4ADB501A4017E
:1023B000EE27499FF12D5A9F90016A9F300D699F2A
:1023C000200D311D4A9FF00D211D3E1F599FF00D1C
:1023D000211D3E1F689FF00D211D3E1F589FF10DCE
:1023E0002E1F3E1FB49FFF0F201D311DB59F300DC6
:1023F0001124A90170E060E080916E0890916F084F
:10240000A0917008B0917108F701EA5BFF4FC0809E
:10241000D180E280F380481759076A077B0758F498
:10242000841B950BA60BB70BC816D906EA06FB064C
:1024300010F46C017D01C701B6010E94E6707C01B9
:1024400089819A81AB81BC818E0D9F1DA11DB11D1B
:1024500080936A0890936B08A0936C08B0936D0802
:1024600025CD8091840890918508892B21F59701CD
:10247000225C3F4FD901CD90DD90ED90FC90C701DB
:10248000B6010E94E6709093850880938408969523
:102490008795B0E0A0E080936A0890936B08A093C2
:1024A0006C08B0936D08C0926E08D0926F08E092ED
:1024B0007008F0927108E0908408F0908508F6CCDE
:1024C000AA85BB858C9182FF04C0CD014D960E94E8
:1024D000DD701092B6091092B50910920E0E90910F
:1024E0006B0E80916C0E981709F4E7CC80916C0EFE
:1024F00092D980936C0EE1CC8091820890918308F0
:10250000841B950B800F911F909383088093820802
:10251000C80175CE80EDE82E87E0F82ECECC40E6DF
:102520005AEE80569A4E909389088093880839CE47
:102530008036AAEE9A0798F7BC011BCE8036BAEE19
:102540009B0708F014CEA9018217930708F4AC0189
:10255000841B950B90938908809388081CCECF9399
:10256000DF931F92CDB7DEB7898360E0CE0101967D
:102570000E94697161E0CE0101960E94697162E07A
:10258000CE0101960E94697189810F90DF91CF91F0
:1025900008954F925F926F927F928F929F92AF9227
:1025A000BF92CF92DF92EF92FF92FC014080518068
:1025B0006280738084809580A680B780C084D18437
:1025C000E284F38420E030E0A901C301B2010E945B
:1025D00024F3811125C020E030E0A901C501B40138
:1025E0000E9424F381111CC020E030E0A901C70142
:1025F000B6010E9408FC87FF04C0F7FAF094F7F8D0
:10260000F094C701B601FF90EF90DF90CF90BF909C
:10261000AF909F908F907F906F905F904F900895B4
:10262000A3019201C301B2010E9489F32B013C0175
:10263000A5019401C501B4010E9489F39B01AC017D
:10264000C301B2010E94E1F94B015C01A7019601AF
:10265000C701B6010E9489F39B01AC01C501B40119
:102660000E94E1F9FF90EF90DF90CF90BF90AF9084
:102670009F908F907F906F905F904F900C944EFC46
:102680008F929F92AF92BF92CF92DF92EF92FF9282
:10269000CF93DF9320913702222309F478C0EC0115
:1026A00080914507E82E80FF2CC0809039029090E1
:1026B0003A02A0903B02B0903C02288139814A81C5
:1026C0005B81C501B4010E9408FC181624F48882BD
:1026D0009982AA82BB828090450290904602A09087
:1026E0004702B0904802288139814A815B81C50147
:1026F000B4010E9424F387FF04C088829982AA82D1
:10270000BB82E1FE2CC080903D0290903E02A090E2
:102710003F02B09040022C813D814E815F81C50116
:10272000B4010E9408FC181624F48C829D82AE82AB
:10273000BF828090490290904A02A0904B02B090D4
:102740004C022C813D814E815F81C501B4010E9404
:1027500024F387FF04C08C829D82AE82BF82E2FE9A
:1027600016C0C0904D02D0904E02E0904F02F09003
:102770005002288539854A855B85C701B6010E94CC
:1027800024F387FF04C0C886D986EA86FB86DF91DA
:10279000CF91FF90EF90DF90CF90BF90AF909F9040
:1027A0008F9008958091330890913408A091350856
:1027B000B09136088093150290931602A0931702E9
:1027C000B0931802809131089091320890931402CE
:1027D0008093130208958091150290911602A091A2
:1027E0001702B09118028093330890933408A09395
:1027F0003508B0933608809113029091140290939B
:1028000032088093310884E690E09093140280931C
:1028100013020895CF93DF93CDB7DEB72C970FB691
:10282000F894DEBF0FBECDBFAB01BC0119821A8286
:102830001B821C821D821E821F82188619861A86A0
:102840001B861C869E012F5F3F4F81E49AE00E9409
:10285000D1C92C960FB6F894DEBF0FBECDBFDF9165
:10286000CF9108954F925F926F927F92AF92BF92F5
:10287000CF92DF92EF92FF920F931F93CF93DF934C
:1028800000D000D000D01F92CDB7DEB769837A8325
:102890008B839C832D833E834F8358872701380188
:1028A00020E030E0A901B501C6010E9424F38111A6
:1028B00075C010915102809152028A879091530203
:1028C000998700915402A12CB12C80E2C82E92E489
:1028D000D92EA30192016091490A70914A0A809110
:1028E0004B0A90914C0A0E9424F387FF0BC0409240
:1028F000490A50924A0A60924B0A70924C0AB501FA
:10290000C60188DF89819A81AB81BC818093410AAD
:102910009093420AA093430AB093440A8D819E810A
:10292000AF81B8858093450A9093460AA093470AE1
:10293000B093480A612F7A858985902F6BDFA301B8
:1029400092016091490A70914A0A80914B0A9091D4
:102950004C0A0E9408FC18165CF44092490A5092F6
:102960004A0A60924B0A70924C0AB501C60152DFC6
:102970002A960FB6F894DEBF0FBECDBFDF91CF9180
:102980001F910F91FF90EF90DF90CF90BF90AF908D
:102990007F906F905F904F900C947A871A2DBA8633
:1029A000C9860D2D96CFAF92BF92CF92DF92EF9254
:1029B000FF920F931F937B018C0159016A01E1E49F
:1029C000FAE024813581468157816081718182815D
:1029D000938148DF1F910F91FF90EF90DF90CF9090
:1029E000BF90AF9008958F929F92AF92BF92CF9277
:1029F000DF92EF92FF92CF936B017C01C22F4423B1
:102A0000C9F08090630E9090640EA090650EB09017
:102A1000660E20E030E0A901C501B4010E9424F354
:102A200087FF08C0A5019401C701B6010E94E0F923
:102A30006B017C0120E030E048EC53E4C701B601B3
:102A40000E9408FC181634F4C12CD12C88ECE82E16
:102A500083E4F82E8090490A90904A0AA0904B0A8D
:102A6000B0904C0AC11108C0A7019601C501B4017C
:102A70000E9408FC1816C4F0A7019601C501B40114
:102A80000E9424F3882381F020E030E040E252E409
:102A9000C701B601CF91FF90EF90DF90CF90BF902C
:102AA000AF909F908F907FCFCF91FF90EF90DF906E
:102AB000CF90BF90AF909F908F9008958F929F92EC
:102AC000AF92BF92CF92DF92EF92FF92CF93DF93BC
:102AD0004B015C0169017A010E943335C1E4DAE0FF
:102AE00020915702309158024091590250915A0258
:102AF000C501B4010E94BDFA2C853D854E855F85D8
:102B00000E94E1F96C877D878E879F87C701B60198
:102B100081DEDF91CF91FF90EF90DF90CF90BF905B
:102B2000AF909F908F900C947A87CF92DF92EF9224
:102B3000FF92C0904D0AD0904E0AE0904F0AF0905C
:102B4000500A2091160A3091170A4091180A5091A4
:102B5000190AC701B6010E9489F30E9414FC609310
:102B6000890E70938A0E80938B0E90938C0EC09278
:102B7000790ED0927A0EE0927B0EF0927C0E9091BC
:102B80006B0E80916C0E981731F0FF90EF90DF90F4
:102B9000CF900C940ECA0E947A870E945C7140917B
:102BA000890E50918A0E60918B0E70918C0E40931D
:102BB000A3085093A4086093A5087093A6088823DF
:102BC00031F0FF90EF90DF90CF900C94B429FF90FC
:102BD000EF90DF90CF9008950C944BCAAF92BF92C4
:102BE000CF92DF92EF92FF920F931F93CF937B01CF
:102BF0008C0159016A012091450A3091460A4091A1
:102C0000470A5091480A6091410A7091420A8091A6
:102C1000430A9091440A26DE80917D09C82FC47032
:102C200082FD13C010927D0982E00E947188D4DF7A
:102C300081E0C11180E0CF911F910F91FF90EF9043
:102C4000DF90CF90BF90AF9008950E94A14B882352
:102C500049F3F1CF0E945C7190916C0E90936B0ED2
:102C600090936A0E94E69093690E21ED33E03093D1
:102C7000ED092093EC0981110E94B42981E0809331
:102C80008A080E947A878EEF0E947188A5CFCF9321
:102C9000DF93CDB7DEB72C970FB6F894DEBF0FBE2B
:102CA000CDBF0E94CDC80E945C719CE0E7E9F8E0CE
:102CB000DE01119601900D929A95E1F781110E9423
:102CC000B429CE0101960E9471812C960FB6F8941A
:102CD000DEBF0FBECDBFDF91CF9108954F925F92BF
:102CE0006F927F928F929F92AF92BF92CF92DF921C
:102CF000EF92FF92CF93DF9300D01F92CDB7DEB754
:102D00008091410A9091420AA091430AB091440AED
:102D100089839A83AB83BC834090450A5090460ACE
:102D20006090470A7090480A8090490A90904A0A39
:102D3000A0904B0AB0904C0AC0904D0AD0904E0A19
:102D4000E0904F0AF090500A0E94098781E080933A
:102D5000F00D0E94178AA9E3B2E090E080E0FC0148
:102D6000E052F24E45915591659174914D935D936A
:102D70006D937D93FC01EC52F24E45915591659116
:102D8000749118964D935D936D937C931B97049665
:102D90008C30910521F76091390870913A08809143
:102DA0003B0890913C080E94FBCA0E94E1280E94C7
:102DB000578729813A814B815C816091410A7091EA
:102DC000420A8091430A9091440A0E9424F381119F
:102DD0002AC0A30192016091450A7091460A809130
:102DE000470A9091480A0E9424F381111CC0A50152
:102DF00094016091490A70914A0A80914B0A90911E
:102E00004C0A0E9424F381110EC0A7019601609123
:102E10004D0A70914E0A80914F0A9091500A0E947B
:102E200024F3882399F00F900F900F900F90DF916B
:102E3000CF91FF90EF90DF90CF90BF90AF909F9099
:102E40008F907F906F905F904F9021CF0F900F9059
:102E50000F900F90DF91CF91FF90EF90DF90CF9088
:102E6000BF90AF909F908F907F906F905F904F90AA
:102E700008950F931F93CF93DF93EC0100E819E0BF
:102E8000F8012081318142815381688179818A8171
:102E90009B810E94E1F9688379838A839B83F8018F
:102EA00024813581468157816C817D818E819F810E
:102EB0000E94E1F96C837D838E839F83F8012085D6
:102EC000318542855385688579858A859B850E94F1
:102ED000E1F9688779878A879B87DF91CF911F9176
:102EE0000F910895CF93DF9300D01F92CDB7DEB737
:102EF00087E791E0A0E0B0E089839A83AB83BC834D
:102F0000BE016F5F7F4F8CE30E94294B89E69CE1F5
:102F10000E94D1298FB1809563E67CE181700E9487
:102F2000DF7680B182FB882780F96DE57CE191E056
:102F300089270E94DF768091000167E57CE183FBB1
:102F4000882780F90E94DF76809100016EE47CE1A1
:102F500085FB882780F90E94DF768091000183FD40
:102F600009C00E946D4B0F900F900F900F90DF9152
:102F7000CF9108950E94534B0F900F900F900F9098
:102F8000DF91CF91089580912909811104C080912A
:102F90007F09882331F062E070E080E090E00C94DB
:102FA000F2360895CF92DF92EF92FF921F93CF9364
:102FB000DF93CDB7DEB72C970FB6F894DEBF0FBE08
:102FC000CDBFA6EFB9E090E080E0FC01E555F04E02
:102FD00045915591659174914D935D936D937D935A
:102FE000FC01E556F04E45915591659174915096CE
:102FF0004D935D936D937C935397FC01E557F04E91
:10300000459155916591749190964D935D936D9313
:103010007C939397049680319105B9F680E29EE403
:10302000A0E0B0E08093060A9093070AA093080AF4
:10303000B093090A80E090E0A8E4B4E480932A0AFF
:1030400090932B0AA0932C0AB0932D0A80932E0AFA
:1030500090932F0AA093300AB093310A80E090E059
:10306000AAE7B4E48093320A9093330AA093340A17
:10307000B093350A1092360A1092370A1092380A25
:103080001092390A10923A0A10923B0A10923C0AA6
:1030900010923D0AC12CD12C80E2E82E81E4F82E5A
:1030A000C092B809D092B909E092BA09F092BB096E
:1030B000C092BC09D092BD09E092BE09F092BF094E
:1030C0008DEC9CECACECBEE38093C0099093C109FD
:1030D000A093C209B093C30980E090E0A0E8BFE3E9
:1030E0008093C4099093C509A093C609B093C709FA
:1030F00010922B0910922C0910922D0910922E0972
:1031000010922F0910923009109231091092320951
:103110001092330910923409109235091092360931
:1031200011E0109322020E94333580E090E0A0EA83
:10313000B0E48093E6039093E703A093E803B09391
:10314000E9031092B10D1092B20D1092B30D1092CE
:10315000B40DC0923908D0923A08E0923B08F09240
:103160003C0880E00E949E260E94622982ED90E049
:103170009093FF078093FE078AEF90E090930108F9
:10318000809300088DEC9CECACECBDE380930208CE
:1031900090930308A0930408B093050810920608C2
:1031A0008CE0ECE5F4E0DE01119601900D928A9539
:1031B000E1F789819A81AB81BC8180935B0E90930A
:1031C0005C0EA0935D0EB0935E0E8D819E81AF81EB
:1031D000B88580935F0E9093600EA093610EB093BC
:1031E000620E89859A85AB85BC858093630E90932A
:1031F000640EA093650EB093660E87ED93EAA5E08A
:10320000B2E48093010E9093020EA093030EB0934C
:10321000040E80EC93E8A6E7BEE38093050E90933E
:10322000060EA093070EB093080E8CE597E7A0E971
:10323000B4E48093090E90930A0EA0930B0EB09302
:103240000C0E10936C070E9499381092790780E059
:1032500090E0A0EEBFE38093750790937607A0936C
:103260007707B093780710922909109228098BDE0E
:1032700080E090E0A8ECB2E480937107909372072D
:10328000A0937307B093740710926D0710926E07A6
:1032900010926F071092700721DD89E69FE10E946E
:1032A000BC2D0E94FA2989E69FE10E94D1290E9443
:1032B000FD2982E30E94364D84E60E946E4D809186
:1032C0003808811106C01093380860E081E00E9440
:1032D000D3C58CE59FE12C960FB6F894DEBF0FBEE8
:1032E000CDBFDF91CF911F91FF90EF90DF90CF90F6
:1032F0000C94F4D14F925F926F927F92AF92BF92F3
:10330000CF92DF92EF92FF920F931F93CF93DF93B1
:1033100000D01F921F92CDB7DEB78D83162F20E00D
:1033200041E060E070E080E890E45DDB4090410ABD
:103330005090420A6090430A7090440A8091450A76
:103340009091460AA091470AB091480A89839A83CE
:10335000AB83BC839D81992369F10E94DB4B1111E2
:1033600012C0E090490AF0904A0A00914B0A10916D
:103370004C0AA12CB12C650129813A814B815C81D9
:10338000C301B2016FDAAD81A0937F090F900F9056
:103390000F900F900F90DF91CF911F910F91FF90A1
:1033A000EF90DF90CF90BF90AF907F906F905F9045
:1033B0004F90E9CD0E94A14BD2CF4F925F926F9276
:1033C0007F928F929F92AF92BF92CF92DF92EF92B5
:1033D000FF920F931F93CF93C82FE82EF12CF70184
:1033E000E558F04DD490823009F03BC080917F09C0
:1033F000811103C060E081E07DDF0E94DB4B811121
:1034000017C100E11DE1F801459055906590749059
:103410006D2D0D2C000C770B880B990B0E942AF355
:103420004B015C0120E030E0A901C301B2010E9420
:1034300024F38823B1F0F80185919591A591B49179
:103440006C018D0120E030E040E850E4BC01CD018A
:103450000E9424F387FF1BC0C12CD12C00E810E48C
:1034600016C06D2DDD0C770B880B990B0E942AF38B
:103470004B015C01F701EE0FFF1FEE0FFF1FE85F2E
:10348000F24E85919591A591B4916C018D01A501A4
:103490009401B601C8010E9489F32B013C01670128
:1034A000CC0CDD1CCC0CDD1CF601E450F34E659118
:1034B00075918591949120E030E040EC5FE30E94AB
:1034C00089F3A50194010E9489F3AB01BC0100E0DE
:1034D00010E098018C2F0E940ACF20E030E0A90173
:1034E000C301B2010E9424F3882341F100E010E0FF
:1034F0009801C23031F40E94A14B00E010E020E2BC
:1035000032E4B301A20170588C2F0E940ACFC2305E
:1035100009F489C0A3019201C301B2010E94E1F93B
:103520004B015C01C23009F094C000E010E020EAD9
:1035300031E4B501A4018C2F0E940ACFC23011F4EE
:103540000E94A14B81E090E00C2E01C0880F0A94EC
:10355000EAF790917E09982B90937E099091450708
:10356000892B80934507F601E553F34E259135915C
:103570004591549186010F5B154FF601E55DF64FBD
:1035800060817181828193810E94E1F9F8016083F9
:10359000718382839383C230D1F42091630E309182
:1035A000640E4091650E5091660E6091490A7091CB
:1035B0004A0A80914B0A90914C0A0E94E0F960936C
:1035C000490A70934A0A80934B0A90934C0AF60179
:1035D000E058F64F1082118212821382FDDAF60152
:1035E000EA5BF84FD601AF5BB54F8D919D910D9081
:1035F000BC91A02D80839183A283B383C23009F054
:1036000045C080E0CF911F910F91FF90EF90DF9028
:10361000CF90BF90AF909F908F907F906F905F9072
:103620004F900C94FB250E94DB4B882309F472CF4A
:10363000CF911F910F91FF90EF90DF90CF90BF90AF
:10364000AF909F908F907F906F905F904F900C9471
:10365000A14BF701E750F34E6491611107C00E943E
:10366000FA2987ED9CE10E94D1296AE070E090E0A0
:1036700080E00E9428F39B01AC0160E070E080E7ED
:1036800092E40E94BDFA8B019C0153CFCF911F9110
:103690000F91FF90EF90DF90CF90BF90AF909F90F1
:1036A0008F907F906F905F904F9008950F931F932E
:1036B0008091A509813019F50E94E8D1009119087F
:1036C00010911A0820911B0830911C08601B710B87
:1036D000820B930B28EE33E040E050E00E944EF95D
:1036E0006091410770914207809143079091440790
:1036F000620F731F841F951F1F910F910895609192
:103700001D0870911E0880911F0890912008D6CF47
:10371000EF92FF920F93CF93DF93CDB7DEB7699708
:103720000FB6F894DEBF0FBECDBF7C01BFDF6E8B3E
:103730007F8B888F998FBE016F5F7F4FCE0146963A
:103740000E94932301E020E0F7014281BE016F5FF8
:103750007F4F808191810E9443C669960FB6F8948D
:10376000DEBF0FBECDBFDF91CF910F91FF90EF90E5
:1037700008951092A5091092190810921A08109233
:103780001B0810921C0810921D0810921E0810921F
:103790001F081092200810924107109242071092C1
:1037A0004307109244070895CF93DF930E94417717
:1037B00080931808882309F449C08091550BC8E903
:1037C000D9E0882311F0C5E5DBE06EE270E0CE01C0
:1037D0000E9416FD9C01A0E2B7E0E0E098819923E9
:1037E00071F02C173D0759F0E03249F080EE890F57
:1037F0008F3508F09FE3EF5F9D932196EFCFF0E0C8
:10380000E05EF84F108283E080937B098091A509E8
:10381000813029F1823009F549DF609341077093C7
:103820004207809343079093440781E08093A50962
:103830000E94E8D16093190870931A0880931B08BE
:1038400090931C0881E0DF91CF91089568E37CE1BB
:1038500080E297E00E9409F2D6CF8BDFE6CF80E0CE
:10386000F2CFCF93C091A50980E0C130A1F460E010
:1038700083E00E94D3C5C0931F0782E08093A5090F
:103880000E94E8D160931D0870931E0880931F0862
:103890009093200881E0CF9108958091A5098150EF
:1038A0008230D0F480911E078350823038F460E07B
:1038B00083E00E94D3C585E080937B091092A5091F
:1038C0000E94E8D160931D0870931E0880931F0822
:1038D0009093200881E0089580E008952091ED0DF7
:1038E0003091EE0D263531053CF42091FB073091E7
:1038F000FC072630310524F0882339F00C94613719
:10390000662319F0CADF0C946ECB08950E94F72944
:1039100089EB9DE10E94D12981EB9DE10E94D12993
:1039200085E99DE10E94D1290E94BA80B6DF80918D
:103930007A09813099F00E94F7298EE19DE10E9479
:10394000D12984E19DE10E944FC86EE571E080E0DD
:1039500090E00E94F23681E080937A090895AF9258
:10396000BF92CF92DF92EF92FF920F931F93CF936C
:10397000DF93EB01823009F460C0B0F5813009F4C7
:1039800051C0E884F9840A851B8520E030E040E2DC
:1039900051E46091490A70914A0A80914B0A9091D2
:1039A0004C0A0E94E1F95B016C0120E030E048EC38
:1039B00053E40E9408FC181634F4A12CB12CF8EC46
:1039C000CF2EA3E4DA2E9501A601B701C8010E940B
:1039D00008FC181614F07501860120E030E040EA7A
:1039E00050E4B701C80126C0833009F44BC08430CD
:1039F00041F6E090490AF0904A0A00914B0A109172
:103A00004C0A2C813D814E815F81688179818A8158
:103A10009B81A12CB12CE8ECCE2EE2E4DE2E0E949C
:103A2000329459C0688579858A859B8520E030E08D
:103A300040EA50E40E94D394DCCF288539854A853A
:103A40005B856091490A70914A0A80914B0A909176
:103A50004C0A0E94E1F96B017C0120E030E048EC67
:103A600053E40E9424F387FD06C0C12CD12C18EC2E
:103A7000E12E13E4F12E20E030E040EA50E4C701EB
:103A8000B601D8CF20E030E040E251E46091490A2D
:103A900070914A0A80914B0A90914C0A0E94E1F978
:103AA0006B017C0120E030E048EC53E40E9408FC0C
:103AB0001816E4F020E030E0A901C701B6010E9429
:103AC00024F387FD1AC020E030E040EA50E4C7014B
:103AD000B6010E94D394DF91CF911F910F91FF9077
:103AE000EF90DF90CF90BF90AF90D1C8C12CD12C78
:103AF000B8ECEB2EB3E4FB2EE6CFC12CD12C760133
:103B0000E2CF1092370910921D070E947337882365
:103B1000C9F00E9416379091CC0D80FB97F99093D5
:103B2000CC0D61E080E19CE10E94382DB6DE45E2DB
:103B30005CE16DE27CE185E00E94F4CB87E19CE1F1
:103B40000C944FC88091CC0D84FFEBCF0E9482D79C
:103B5000E8CF0F931F93CF93DF931F921F92CDB7A0
:103B6000DEB72091400A211116C08C014423D1F008
:103B70000E94BC2D40E450E0B80182EC94E10E9428
:103B800010F28FE390E09A838983CE0101960E9420
:103B90001DC70E94F0C60F900F90DF91CF911F912B
:103BA0000F9108950E94893240E450E0B80182EC00
:103BB00094E10E946DF2E5CFFF920F931F93CF9394
:103BC000DF93CDB7DEB7A1970FB6F894DEBF0FBE77
:103BD000CDBF8C01F42E67FF03C01092400A60E055
:103BE0002091400A862F062E000C990B28171906E3
:103BF00009F02CF56093400AC801FF2061F10E9492
:103C0000BC2D19821F8E4FE150E0B801CE01019604
:103C1000FF2021F10E9410F240E450E0BE016F5FEE
:103C20007F4F82EC94E10E946DF28FE390E099A3C4
:103C300088A3CE0180960E941DC70E94F0C6A1965F
:103C40000FB6F894DEBF0FBECDBFDF91CF911F91AD
:103C50000F91FF9008950E948932D3CF0E946DF298
:103C6000DBCF823221E0920714F082E291E0909360
:103C7000EE0D8093ED0D109206080C944126CF9224
:103C8000DF92EF92FF926B017C0120E030E0A9010E
:103C90000E9424F387FD14C020E030E041E953E4A2
:103CA000C701B6010E9408FC181674F0C701B601DE
:103CB0000E9414FCCB01FF90EF90DF90CF90D1CF0A
:103CC000C12CD12C7601F2CFC12CD12C81E9E82E68
:103CD00083E4F82EEBCFE8EEF7E010821182128237
:103CE000138214820C94412690916B0E80916C0E7D
:103CF000981312C00E949B7181110FC00E944177DE
:103D000081110BC08091A509813031F00E94733779
:103D1000811103C00C94563781E00895E5DF8823B4
:103D200051F00E942437811106C081E09091A509CD
:103D3000923009F080E008950F931F93CF93DF93A3
:103D40008C01ECDF41E061E08823D1F089EF0E9433
:103D5000D34DC1E0D0E080917C098823B9F0C260E6
:103D600042E065E089EF0E94D34D7C2F6D2FF80172
:103D700080819181DF91CF911F910F910C944877B1
:103D800089EF0E94A64DD0E0C0E0E5CF42E065E0BB
:103D900089EF0E94A64DE9CF0F931F93CF93DF9336
:103DA0008C0180911808C4E0D0E0811102C0D0E0FD
:103DB000C0E09ADF8823D1F0C16041E061E083E098
:103DC0000E94D34DABDF8823B9F0C26042E061E0CE
:103DD00083E00E94D34D7C2F6D2FF801808191816B
:103DE000DF91CF911F910F910C94487741E061E0F2
:103DF00083E00E94A64DE6CF42E061E083E00E94AE
:103E0000A64DE9CF71DF882311F081E0089586DFA8
:103E10008111FBCF95E090937B090895F3CFCF926A
:103E2000DF92EF92FF926B017C01463059F51092C0
:103E3000ED071092EE071092EF071092F007109224
:103E4000F1070E945D2320E030E0A901C701B6011F
:103E50000E9424F387FF1EC0C12CD12C7601C7011C
:103E6000B6010E9414FC6337710514F063E770E03B
:103E70007093FC076093FB07FF90EF90DF90CF906B
:103E80000C945D2328DFC701B601FF90EF90DF900F
:103E9000CF90F5CE20E030E046EE52E4C701B60107
:103EA0000E9408FC1816DCF6C12CD12C86EEE82EF8
:103EB00082E4F82ED4CF0F93009741F0BC0101E0CB
:103EC00021E040E280E091E10E94F4C50F91089565
:103ED000EF92FF921F93CF93DF9300D01F92CDB745
:103EE000DEB790911E079A3F09F43EC0993F79F4DE
:103EF000893F11F0809336026623B1F190917C09DD
:103F0000992329F090911D07911110921D07182FE8
:103F10008FE3E82E8BE1F82E43E050E0B701CE01AD
:103F200001960E94EAF1EA81FB81309731F08981A4
:103F3000181324C019958823B9F061E0812F0E94DD
:103F4000677D882389F010931E071C821B828AE5F7
:103F5000898381E08A831C8344E0BE016F5F7F4FC9
:103F600084E890E00E941F4D0F900F900F900F90EB
:103F7000DF91CF911F91FF90EF90089583E0E80EBD
:103F8000F11CE114F10441F6D8CF90916B0E8091B1
:103F90006C0E98130AC00E949B71811106C020917B
:103FA0006B0E90916C0E81E0291380E00895CF9301
:103FB0001092F506EADFC82F811104C080EE9BE164
:103FC0000E94F4D18C2FCF910895EF92FF921F930E
:103FD000CF93DF93CDB7DEB764970FB6F894DEBF0B
:103FE0000FBECDBF82E080930902CFDF182F811171
:103FF00011C080EE9BE10E94F4D1812F64960FB630
:10400000F894DEBF0FBECDBFDF91CF911F91FF901F
:10401000EF90089580917E0987708730A1F520E0A8
:1040200030E040E850E46091490A70914A0A80917A
:104030004B0A90914C0A0E9424F387FF04C08DEC38
:104040009BE10E9436411F9286E98F931F928F93C6
:1040500084EC9BE19F938F931F9284E18F93CE0119
:1040600001967C019F938F930E9481F2C7010E9469
:10407000FE408FEB9BE10E9436410FB6F894DEBF05
:104080000FBECDBFBACF6BE086ED9BE10E9492D010
:1040900082ED9BE10E94364110E0AFCFCF9380E0EC
:1040A0000E949E2680917E098770C1E0873041F092
:1040B0006CDFC82F811107C080EE9BE10E94F4D114
:1040C0008C2FCF9108956CE086ED9BE10E9492D0F9
:1040D0008BEB9BE10E943641C0E0F2CFCF93809101
:1040E00037080E949E2651DFC82F811107C080EE3D
:1040F0009BE10E94F4D18C2FCF91089580917E098D
:1041000087708730A9F420E030E040E251E460910C
:10411000490A70914A0A80914B0A90914C0A0E9478
:1041200024F387FFE8CF81EB9BE10E943641E3CF88
:104130006AE086ED9BE10E9492D087EB9BE10E94B2
:104140003641C0E0D8CF0E94E8D16C507E4F8F4FEF
:104150009F4F6093140870931508809316089093EE
:104160001708089590911E079E3031F09D3091F50B
:1041700081E080931F070895962F990F990F960F4E
:10418000980FE1E0F0E0903110F4F0E0E0E0EE0FA5
:10419000FF1FEF50F94F9F7021E030E002C0220F67
:1041A000331F9A95E2F740815181242B352B3183BF
:1041B00020838430ECF26430DCF20E948926811185
:1041C000D7CF1092F4061092F3061092F2061092D6
:1041D000F106CECF08950F93CF93DF93EC018CE6D9
:1041E0009FE269DE209741F001E021E040E2BE015C
:1041F00080E291E10E9443C68CE69FE2009781F045
:1042000001E021E040E2BC0180E491E10E94F4C5BC
:1042100021E040E26CE67FE280E691E10E94F4C595
:1042200060E083E00E94D3C580911E07893F11F0B2
:104230008093360281E080937C0989EF80937B092B
:10424000DF91CF910F910895CF92DF92EF92FF927D
:104250000F931F93CF93DF93CDB7DEB77C01CDB61D
:10426000DEB60E9424F201962DB73EB7281B390B0B
:104270000FB6F8943EBF0FBE2DBF0DB71EB70F5F30
:104280001F4FB701C8010E9409F2C801A4DF0FB691
:10429000F894DEBE0FBECDBEDF91CF911F910F917E
:1042A000FF90EF90DF90CF9008955F926F927F9292
:1042B0008F929F92AF92BF92CF92DF92EF92FF9236
:1042C0000F931F93CF93DF9300D000D000D01F92A5
:1042D000CDB7DEB7EDB6FEB6809138088823A9F0D9
:1042E00080911E078A3F89F00E94E8D14B015C0152
:1042F00080917B09882339F110927B0990911E07E8
:1043000089131EC081E080931F070FB6F894FEBE8C
:104310000FBEEDBE2A960FB6F894DEBF0FBECDBF1E
:10432000DF91CF911F910F91FF90EF90DF90CF9091
:10433000BF90AF909F908F907F906F905F90089507
:1043400060E0C6DDE2CF80911308811119C088EBCF
:104350009BE0A0E0B0E088199909AA09BB091816EA
:1043600019061A061B0664F081E0809313080E9468
:10437000024E80911E078111C8CF60E081E0E1CF3D
:1043800090911F0780911E0740910F0850911008CF
:104390006091110870911208481959096A097B093E
:1043A000141615061606170694F024EF820E21E067
:1043B000921EA11CB11C80920F0890921008A0922E
:1043C0001108B0921208692F0E94677D9ECF91114B
:1043D000ECCF893F09F072C080917C09882309F4F1
:1043E00065C080911D07882309F464C080918B0DFE
:1043F00090918C0DA0918D0DB0918E0D0097A1051F
:10440000B10509F074C08091140890911508A0912D
:104410001608B09117080097A105B10509F086C0EC
:10442000AA24A39490910E0880913D0620913E0607
:10443000821B8F7709F469CF913009F49AC008F490
:1044400090C0923009F49DC0933071F780913D0681
:1044500090913E06891B8F7790910D08891708F47B
:1044600054CF0E94124EC82E80910D08DD24DA949C
:10447000D80E8DB69EB68150990BEDB7FEB7E81BEE
:10448000F90B0FB6F894FEBF0FBEEDBF0DB71EB708
:104490000F5F1F4F3801DA94FFEFDF1609F47CC07D
:1044A0000E94124EF30181933F01F5CF6EDD882308
:1044B00009F49CCF61E08091360243CF8E3009F041
:1044C00095CF63DD882309F491CF60E083E00E94FB
:1044D000D3C50E948926882339F08CE29BE10E9493
:1044E000F4D160E08DE02DCF8DE19BE1F8CF88190C
:1044F0009909AA09BB09181619061A061B060CF415
:1045000082CF8FE89DE0009741F000E020E040E29C
:10451000BC0180E090E30E9443C610928B0D109284
:104520008C0D10928D0D10928E0DEFCE8819990979
:10453000AA09BB09181619061A061B060CF470CF37
:1045400024DD882309F46CCF10921408109215080A
:10455000109216081092170888E19BE10E943641DC
:10456000D4CE0E94124E8A3509F05CCFA0920E087C
:1045700059CF0E94124E853A69F482E080930E086A
:1045800051CF0E94124E80930D0883508E3710F445
:1045900083E0F4CF80E0F2CFF3E8CF1619F0109269
:1045A0000E0872C0F8018081918198278927982789
:1045B000B280BB0C8F30910559F4F2E0BF1208C0F5
:1045C000F80183818093F70684818093F606E7CF14
:1045D000BE016F5F7F4F0E942923882301F38F81E3
:1045E0009885892BE1F20E94E8D160938C09709341
:1045F0008D0980938E0990938F095B80511008C0BC
:10460000EF81F88570E060E0CE0101961995C7CF83
:104610008C8181FF3FC0CDB6DEB6452D50E02DB771
:104620003EB7241B350B0FB6F8943EBF0FBE2DBF0F
:104630008DB79EB701963C0170E060E00E94CDFC12
:10464000D301F801339690E080E02B2D30E08B15FC
:1046500070F4851560F441910196821793072CF44C
:104660004F3F19F450815F3F11F04D93F0CFEF8130
:10467000F885B301CE010196199510920E080FB678
:10468000F894DEBE0FBECDBE0FB6F8949EBE0FBE30
:104690008DBEC8CEB51083CFB8016D5F7F4FEF815F
:1046A000F885B2CF1092D0008091D00082608093C4
:1046B000D0001092D50080E18093D4008091D10089
:1046C00080618093D1008091D10088608093D10077
:1046D0008091D10080688093D1008091D1008F7D3E
:1046E0008093D10010923C060E94024E80911308E4
:1046F000882321F081E080931F07089561E080E026
:10470000E7CB83E19BE10C94F4D183E19BE10C9432
:10471000F4D12F923F924F925F926F927F928F923D
:104720009F92AF92BF92CF92DF92EF92FF920F9340
:104730001F93CF93DF93CDB7DEB7C558D1090FB61E
:10474000F894DEBF0FBECDBFCDB6DEB684E690E0F6
:104750009093B4098093B3091092C00D1092BF0DCD
:1047600041E064E070E08E010F5F1F4FC8010E94BE
:104770006FCA43E050E06CE774E0C8010E94F9FCA6
:10478000892BE1F5CE0183589F4F0E94C076E996B0
:104790001CAE1DAE1EAE1FAEE9971092C00D10925A
:1047A000BF0DCE0185589F4F0E94C076ED968EAD0D
:1047B0009FADED97813D924009F45DC081E49BE29D
:1047C0000E94D12981E69EE10E94D1290E94FA2906
:1047D0006091B3097091B4096456710986ED9EE148
:1047E0000E94A2358EEC9EE10E94D12981ED92E0DB
:1047F0000E94FC340E94FD2912E012C08C818823A3
:1048000019F08FE389831A820E94FA29B80180E4A3
:104810009EE10E94DF2982E39EE10E94D12911E0FE
:104820008091DE07811107C080917A09833018F0EA
:1048300080E00E94A082812F0FB6F894DEBE0FBEEA
:10484000CDBECB57DF4F0FB6F894DEBF0FBECDBF46
:10485000DF91CF911F910F91FF90EF90DF90CF905C
:10486000BF90AF909F908F907F906F905F904F9090
:104870003F902F900895CE018F579F4F0E94BB7697
:10488000ADB6BEB6CF57DF4F6881C158D04070E09B
:104890006D5F7F4F660F771F660F771F8DB79EB7CF
:1048A000861B970B0FB6F8949EBF0FBE8DBFEDB75A
:1048B000FEB73196CE57DF4FF983E883C258D04018
:1048C000CF010E94C5764091DE0781E0482764E071
:1048D00070E086E09AE00E946FCACF57DF4F688190
:1048E000C158D04070E06D5F7F4F660F771F660F35
:1048F000771F8DB79EB7861B970B0FB6F8949EBF98
:104900000FBE8DBFEDB7FEB73196CC57DF4FF983A1
:10491000E883C458D040CF010E94C576CF57DF4FFF
:104920006881C158D04070E06D5F7F4F660F771F80
:10493000660F771F8DB79EB7861B970B0FB6F8943F
:104940009EBF0FBE8DBFEDB7FEB731964F01CF01B1
:104950000E94C576F090DE07F11058C0CF57DF4FA8
:104960008881C158D04090E00296A6EFB9E070E08F
:1049700060E030E020E047EB5FE1821793070CF442
:1049800010C1CE57DF4FE881F981C258D040E60F01
:10499000F71F40805180628073804D925D926D92CE
:1049A0007D92821793070CF402C1CC57DF4FE88148
:1049B000F981C458D040E60FF71F20803180E28093
:1049C000E38121016E2C7E2E50964D925D926D9268
:1049D0007C925397821793070CF4F3C0F401E60F0F
:1049E000F71F20803180E280E38121016E2C7E2E32
:1049F00090964D925D926D927C9293972F5F3F4F70
:104A00006C5F7F4F2430310509F0B7CF8AE29AE01E
:104A10000E94B3768EE29AE00E94B37682E39AE037
:104A20000E94B37686E39AE00E94B3768AE39AE026
:104A30000E94B37641E04F2560E170E088EB99E099
:104A40000E946FCACE018B589F4F0E94B3760FB65B
:104A5000F894BEBE0FBEADBE8BE299E00E94AB766D
:104A6000CE0187589F4F0E9483768091DE07811187
:104A700009C081E0EA969FADEA97911101C080E0FC
:104A8000809322028091220281110E943335CE014F
:104A900083599F4F0E94B376F090DE07F1101DC03E
:104AA000E1968CAC9DACAEACBFACE19720E030E0C1
:104AB000A901C501B4010E9408FC181634F0812C2C
:104AC000912C70EAA72E70E4B72E8092E6039092A4
:104AD000E703A092E803B092E903C8010E94B3760D
:104AE000F11019C089809A80AB80BC8020E030E54D
:104AF00043EC57E4C501B4010E9424F387FD03C0D1
:104B0000812C912C54018092B10D9092B20DA09203
:104B1000B30DB092B40D89E398E00E94B37641E002
:104B20004F2568E070E08EEF97E00E946FCACE01DB
:104B30008B589F4F0E94B376CE0187589F4F0E949B
:104B4000BB76CE0183599F4F0E94BB76C8010E945D
:104B5000C076EA96EFACEA97AE964FADAE9783EC8F
:104B60002E2D2827F0E12F9F90011124842790E01B
:104B7000982F88279295907F8227932729813A81C1
:104B80008217930709F039C2E49E7001112421E0D5
:104B9000E21AF10800F1CE018B589F4F0E94B376C4
:104BA000F6CFFA014590559065907490F6CEE7EAFD
:104BB000FFE145905590659074901201E62CE72D29
:104BC00000CFE7E9FFE145905590659074901201A0
:104BD000E62CE72D0ACF8BE59EE00E94AB765AE0EB
:104BE000F52EFA94CE01FF2029F08B589F4F0E949A
:104BF000B376F7CF80589F4F0E94BB76CE01815885
:104C00009F4F0E94BB76CE0187589F4F0E94C0766F
:104C1000C058DF4F8881C058D04033EC8327E0E193
:104C20008E9FC0011124C158DF4F2881CF57D0403B
:104C3000232730E0322F22273295307F8227932797
:104C4000EB962EAD3FADEB978217930709F0D5C1D8
:104C5000CE0183599F4F0E94A376C8010E94A3767C
:104C6000C058DF4F8881C058D040853009F08AC1D4
:104C7000C158DF4F9881CF57D040953009F084C19B
:104C80008091DE07811102C00E949E26B801CE01EC
:104C900083599F4F0E94F5284091DE0781E0482705
:104CA00064E670E08AE797E00E946FCACE018359FC
:104CB0009F4F0E949B76C8010E9483764091DE0739
:104CC000FF24F3944F2564E070E0C8010E946FCA8E
:104CD0008AE299E00E949B764091DE074F2564E1CD
:104CE00070E0C8010E946FCAF090DE07F1103AC070
:104CF00089809A80AB80BC80A5019401C501B40174
:104D00000E9490FC81112EC049845A846B847C845B
:104D10006D817E818F8198858092010E9092020E26
:104D2000A092030EB092040E21E732EB47E25EE35D
:104D30000E9489F36093050E7093060E8093070E10
:104D40009093080E21E732EB47E25EE3C301B20124
:104D50000E94BDFA6093090E70930A0E80930B0EA9
:104D600090930C0EC8010E949376C8010E948B7626
:104D7000C8010E948B76C8010E948376C8010E94F8
:104D80008376C8010E94837685E0F80111928A95A6
:104D9000E9F741E04F2565E070E0C8010E946FCA65
:104DA000CE0183599F4F0E949B76C8010E94937643
:104DB0004091DE07411105C0AE968FADAE9780934E
:104DC0006C07FF24F3944F2560E270E0C8010E9455
:104DD0006FCACE0183599F4F0E949B764091DE0798
:104DE0004F2569E070E0C8010E946FCA4091DE075C
:104DF00041110FC08981809379078A819B81AC81A1
:104E0000BD818093750790937607A0937707B09341
:104E10007807FF24F3944F2562E170E0C8010E94F7
:104E20006FCA4091DE074F2564E270E0C8010E941E
:104E30006FCA4091DE074F2560E170E0C8010E9413
:104E40006FCA4091DE074F2562E070E0C8010E9402
:104E50006FCA4091DE074F2560E170E0C8010E94F3
:104E60006FCA4091DE074F256CE670E0C8010E94D2
:104E70006FCA4091DE074F2568E070E08DE697E04D
:104E80000E946FCAC8010E94AB76CE0187589F4F1F
:104E90000E948376CE0183599F4F0E94B37680E3B0
:104EA000F80111928A95E9F74091DE074F2560E3FA
:104EB00070E0C8010E946FCA8091DE07811120C096
:104EC0008A81EB801C81FD800981011101C082E390
:104ED0000E94364D011102C084E6E82E8E2D0E94FC
:104EE0006E4D011101C0F12CF0926B07002341F0CF
:104EF000812F11110E948926809337080E949E26D7
:104F00008091B3099091B4098533934009F056CC50
:104F10002091BF0D3091C00DEF968EAD9FADEF97F4
:104F20002817390709F045C08091DE07811122C09A
:104F30000E94FA290091BF0D1091C00D8CE794E0FA
:104F40000E94772685E09FE10E94D12981ED92E0C1
:104F50000E94FC3488EF9EE10E94D129C8010E9482
:104F6000FC3489E20E94BEC50E94FD298EED9EE1BF
:104F70000E94BC2D8091DE07811102C00E946E96B6
:104F800010E04ECC8630C8F5C158DF4F9881CF571E
:104F9000D040963090F5899F70011124F1E0EF1A0E
:104FA000F10808F483CECE018B589F4F0E94B37650
:104FB000F5CF81E49BE20E94D129EF960EAD1FADA3
:104FC000EF978EE99EE10E94D129C8010E94FC342E
:104FD0000091BF0D1091C00D89E99EE10E94D12979
:104FE000C8010E94FC3489E89EE10E94D12989E72A
:104FF0009EE10E94BC2D13E013CC81E49BE20E9451
:10500000D1298EEB9EE10E94D12914E009CCCF93E7
:10501000C1E0C093DE077DDB1092DE07811116C070
:1050200078DB882339F082E29FE10E94F4D180E0AE
:10503000CF91089580913808811106C0C093380837
:1050400060E081E00E94D3C581E0F2CF0E94D29758
:105050000E94D2970E949783882319F080E00E94D3
:10506000A08289E49FE10E944FC80E94FA2985E34B
:105070009FE10E94D129DBCFCF92DF92EF92FF9286
:105080000F931F93CF93DF93CDB7DEB7E8970FB69B
:10509000F894DEBF0FBECDBF6801790122E48F3FD7
:1050A00009F024E580E289831A828E010F5F1F4F89
:1050B000F80101900020E9F7CF010197801B910BC7
:1050C0008233910510F5F801E80FF91F2083813331
:1050D000910521F08C0F9D1FFC011282F8010190B7
:1050E0000020E9F7CF010197801B910B82339105D6
:1050F00060F42AE3F801E80FF91F2083813391055A
:1051000021F08C0F9D1FFC0112824CAB5DAB6EAB8E
:105110007FAB82E088AFBE016C5C7F4FC8010E940C
:105120008FC7F80101900020E9F7CF010197801B9C
:10513000910B8233910550F443E350E0481B590B27
:1051400061E278E2800F911F0E9410F2CCAADDAAE2
:10515000EEAAFFAA82E088AFBE016C5C7F4FC80157
:105160000E948FC7C8010E94772662E070E080E04D
:1051700090E00E944ED1E8960FB6F894DEBF0FBEC5
:10518000CDBFDF91CF911F910F91FF90EF90DF90F6
:10519000CF900895DF92EF92FF920F931F93CF93DA
:1051A000DF93CDB7DEB7C157D1090FB6F894DEBF94
:1051B0000FBECDBFF82E6091ED0D7091EE0D072E54
:1051C000000C880B990B0E942AF38B019C014091E3
:1051D000E90D5091EA0D6091EB0D7091EC0D80E8B6
:1051E0004BDF6091FB077091FC07072E000C880BCA
:1051F000990B0E942AF38B019C014091F707509173
:10520000F8076091F9077091FA078FEF35DF8FEF9C
:10521000F81631F0FF2009F485C0F12CE12C03C011
:10522000E090FD07F12C45E650E069E278E28E015E
:105230000F5F1F4FC8010E9410F2FF92EF9287ECA0
:1052400094E09F938F937E01E6E6EE0EF11CFF92B1
:10525000EF920E9421FDF80101900020E9F7CF01B3
:105260000197801B910B0F900F900F900F900F9054
:105270000F908436910548F445E650E0481B590BE1
:10528000B701800F911F0E946DF2D090FD07F801C9
:1052900001900020E9F7CF010197801B910B843624
:1052A000910550F445E650E0481B590B64E278E262
:1052B000800F911F0E9410F21F92DF9287EC94E002
:1052C0009F938F93FF92EF920E9421FDF80101902E
:1052D0000020E9F7CF010197801B910B0F900F90F1
:1052E0000F900F900F900F908436910548F445E68B
:1052F00050E0481B590BB701800F911F0E946DF2BF
:10530000C8010E947726CF58DF4F0FB6F894DEBF52
:105310000FBECDBFDF91CF911F910F91FF90EF9006
:10532000DF900895E090EF0D7DCF2F923F924F9246
:105330005F926F927F928F929F92AF92BF92CF9225
:10534000DF92EF92FF920F931F93CF93DF93CDB72E
:10535000DEB7AC970FB6F894DEBF0FBECDBF8BA7FC
:105360006CA7209106082AA71092060881E0809376
:1053700037091B8E1C8E1D8E1E8E1AA21BA21CA20C
:105380001DA21EA23CE33FA38CE188A796E499A747
:105390001E8A1F8AA0E8A88FBFEBB98F1A8EE1E0A2
:1053A000E9A3812C912C54019E012F5F3F4F1901DD
:1053B00080913709882309F43CC181149104A10428
:1053C000B10461F0C818D908EA08FB0830E1C31637
:1053D00037E2D306E104F10408F02BC16091ED0D32
:1053E0007091EE0D072E000C880B990B0E942AF38A
:1053F0007B018C012E893F89488D598D0E9424F3B1
:105400008823B9F02091E90D3091EA0D4091EB0D20
:105410005091EC0D8CA5B7018111D4C0C8010E9438
:1054200024F3881F8827881F8A8FEE8AFF8A088FB7
:10543000198F0E94E8D16B017C018AA19BA1ACA1CC
:10544000BDA18C199D09AE09BF09181619061A06C7
:105450001B06A4F1D701C60188519C4FAF4FBF4F27
:105460008AA39BA3ACA3BDA38BA594DE45E150E02A
:105470006DE278E2C1010E9410F21D8A811491044C
:10548000A104B10409F4A9C0C501B401605F784D5D
:105490008F4F9F4F6C197D098E099F0928EE33E0CD
:1054A00040E050E00E944EF9BA01A901C1010E94FA
:1054B0005E7FC1010E9477260E94FD2980E00E9444
:1054C000B7380E94E8D160938C0970938D0980935E
:1054D0008E0990938F09B091E90DBF8FE091EA0D8D
:1054E000E8A30091EB0D1091EC0D2B2F3E2FA8019E
:1054F0006E897F89888D998D0E94E0F92B013C018E
:1055000020E030E0A9010E9408FC87FF04C077FA80
:10551000709477F8709481149104A104B10409F097
:105520007AC020E030E040E85FE3C301B2010E94AE
:1055300024F387FF10C0F9A1812C912C5401FF2383
:1055400031F085E0882E8DE0982EA12CB12C8C0CAA
:105550009D1CAE1CBF1C2A8D222391F18B8D9C8D2E
:10556000AD8DBE8D0097A105B10549F08C199D093F
:10557000AE09BF09181619061A061B060CF12F8D65
:1055800038A1A8016EA17FA188A599A50E94E0F984
:1055900020E030E040EC5FE30E9424F387FD49C047
:1055A000D701C601805A9541AF4FBF4F8B8F9C8F5B
:1055B000AD8FBE8F9F8D9EA3A8A1AFA308A719A7EB
:1055C00019A2F6CEC8010E9424F387FD32C0EE8AEC
:1055D000FF8A088F198F1A8E2CCFD1010D900020D1
:1055E000E9F7CD010197821993098431910508F0FB
:1055F00060CFF101E80FF91FBFE3B083833191055C
:1056000009F457CFE2E0F0E0EC0FFD1F8E0F9F1F73
:10561000DC011C924ECF20E030E040EA50E4C301B0
:10562000B2010E9408FC18160CF095CF46015701F4
:1056300092CF10913709112321F0109237090E945F
:105640006ECBBAA5B0930608812FAC960FB6F8942E
:10565000DEBF0FBECDBFDF91CF911F910F91FF90A5
:10566000EF90DF90CF90BF90AF909F908F907F9002
:105670006F905F904F903F902F9008952F923F92A0
:105680004F925F926F927F928F929F92AF92BF9252
:10569000CF92DF92EF92FF920F931F93CF93DF93FE
:1056A000CDB7DEB7C454D1090FB6F894DEBF0FBE34
:1056B000CDBF7C014B015A01222E19821C821C8E07
:1056C0001F8E6115710511F410E0B6C1DC0113964F
:1056D0008C918111F9CFFA0180818B018F32D1F445
:1056E000DB0113968C9113978250823060F05996AB
:1056F0006D917C91CE014C960E94DBDB8E01045EA5
:105700001F4F882309F3C5015C010196F501208133
:105710002F32D1F39E012F5F3F4F6901290130E203
:10572000332E2496CFAE24972596DFAE25973E01E3
:105730003CE1630E711C22963FAE229721963FAE4C
:1057400021973FAE3EAE3DAE3CAE3BAE3AAE39AE3B
:1057500038AE3FAA950190E047E0D9018D918823AA
:1057600061F18F3251F18E3239F44A3009F4ACCF05
:1057700098E04AE09D01F1CFE1E3FBE2249122238E
:1057800021F031968213FACF9FCF491708F49CCFAE
:10579000813208F499CF8F3709F496CF3FE9380F5B
:1057A0003A3108F420EEE7E3F0E0EC0FFD1FE90FDB
:1057B000F11D820F80839F5FDDCF8FA9803209F4B6
:1057C00083CF5901D9018C912F5F3F4F8F32C9F39D
:1057D0008823A9F00815190519F0C8010E94027E56
:1057E00024969FAD249725968FAD25974C145D0484
:1057F00011F4962D872D8601C92ED82E9CCFF80145
:10580000818D928DD7015A969C938E935997C8019A
:105810000E94597FC12CF80180859185A285B385AE
:10582000418952896389748984179507A607B70748
:1058300008F056C025E0B695A795979587952A95C7
:10584000D1F7F82FFF70DF2ED80113968C9182309C
:1058500008F43ACF23961FAE239741E050E0BE01F3
:105860006E5B7F4FC8010E9435DA019709F02CCF9B
:10587000F80180859185A285B3854F96A11DB11D44
:1058800080879187A287B387F0E2DF9EB001112461
:105890006C57744F6115710509F416CFDB018C91BB
:1058A000882341F0853E09F04DC0CC2029F0CC245E
:1058B000C394B1CFC1100EC08091840D9091850D1D
:1058C000A091860DB091870DF70184879587A687F3
:1058D000B787D08ADB018C918111E9CFCC24C394A6
:1058E000822D8274823409F0EFCECC2009F4C7C037
:1058F000F701D08861E0C7010E940B7E009709F490
:10590000E3CE20E2DC011D922A95E9F72BE0FE01AF
:10591000F796DC0101900D922A95E1F721E238E239
:10592000FC01318B208B40E058E057874687338B52
:10593000228B318F208F578B468B0E94FED3811193
:105940000AC0C2CE4BE050E0CE01C7960E94B7FC21
:10595000892B09F060CF2D2D30E0F901B5E0EE0F75
:10596000FF1FBA95E1F7DF01AC57B44F1B968C913E
:10597000817121F0822D827109F020C1D7015996E1
:105980008D919C915A974091840D5091850D609115
:10599000860D7091870D1C964D935D936D937C934E
:1059A0001F975096DC925097EC57F44F8488958857
:1059B000B12CA12C54019924882455968D929D9246
:1059C000AD92BC925897428D538D70E060E04829AB
:1059D00059296A297B2955964D935D936D937C9344
:1059E0005897A5E0220F331FAA95E1F7D901AC57CC
:1059F000B44F1B962C91287109F0D2C0848D958DDF
:105A0000A68DB78DF701818B928BA38BB48B81E030
:105A10008383822D8F70F701818314821582168211
:105A20001782108611861286138611E024FE04C0A8
:105A3000C7010E942BD8182FCE014C960E943B26FE
:105A4000CE0101960E943B26812FCC5BDF4F0FB623
:105A5000F894DEBF0FBECDBFDF91CF911F910F91A4
:105A6000FF90EF90DF90CF90BF90AF909F908F907E
:105A70007F906F905F904F903F902F900895D80146
:105A800013968C911397823009F41ECE51968D9106
:105A90009D910D90BC91A02D803E9F4FAF41B105CF
:105AA00008F012CEC8010E945E7E882309F40CCE55
:105AB0000E94FED3882309F407CED8015996ED91B0
:105AC000FC915A9714968D909D90AD90BC9017972D
:105AD000B2E08B1A9108A108B108858504C0880C32
:105AE000991CAA1CBB1C8A95D2F786859785A0892C
:105AF000B189880E991EAA1EBB1E81E08093880D75
:105B00008092840D9092850DA092860DB092870DA3
:105B1000E4E8FBE080E092E0DF019C011D9221506F
:105B20003040E1F7DD24D394D8015996ED91FC91F2
:105B30008481D816C0F48091890D90918A0DDC0182
:105B4000ED91FC910288F389E02D24E83BE0B5015A
:105B5000A4014D0D511D611D711D1995882309F476
:105B6000B3CDD394E1CF258580E092E0A0E0B0E012
:105B700004C0880F991FAA1FBB1F2A95D2F7F801EE
:105B80004189528963897489840F951FA61FB71FA5
:105B9000818B928BA38BB48B84E89BE0D12CB1CE0C
:105BA000203161F497012F5E3F4F0E94E5D6882394
:105BB00029F084E0D70113968C932BCFD70113964D
:105BC0001C9282CDCF92DF92EF92FF920F931F93A0
:105BD000CF93DF93CDB7DEB7A7970FB6F894DEBFAC
:105BE0000FBECDBF182F0E94AF92812309F46BC066
:105BF0004091D9045091DA046091DB047091DC0487
:105C000048A359A36AA37BA330E020E0E0E090E042
:105C1000AC01022E02C0559547950A94E2F740FF69
:105C200011C064E270E06C0F7D1F6E0F711D40E2C9
:105C300050E04C0F5D1F420F531FDA014C91DB0106
:105C40004C93EF5F2F5F3F4F2330310509F78E01F3
:105C50000C5D1F4FE00FF12FF11D108219821F8E76
:105C60001F930F938DEBE82E8CE1F82EFF92EF92AD
:105C70001F928EE18F93CE0101966C019F938F93BB
:105C80000E9481F20E94FA29C6010E94E8251F9312
:105C90000F93FF92EF921F920E9426C90FB6F894BD
:105CA000DEBF0FBECDBF81E0A7960FB6F894DEBF72
:105CB0000FBECDBFDF91CF911F910F91FF90EF905D
:105CC000DF90CF90089580E0EFCFCF92DF92EF92F8
:105CD000FF921F93CF93DF93CDB7DEB72C970FB60C
:105CE000F894DEBF0FBECDBF182F6B017A018091F3
:105CF0007A098330A8F08091A708811111C00E9411
:105D0000F729C6010E94D12987E897E20E94D1298C
:105D10001F3FA1F583E897E20E94D1290E94FD2947
:105D20000E94BA80A8958091A708811135C081E0B2
:105D30008093A70882E080937A090E94BA8087E066
:105D400041DF811111C08CE0E8E6F4E0DE0111963C
:105D500001900D928A95E1F7BE016F5F7F4F80E061
:105D60000E94AF9C0E947A876CE777E21F3F11F098
:105D700060E877E240E0C7010E94793617FDCECF98
:105D800085E40E94BEC5612F012E000C770B880BA5
:105D9000990B0E9436C8C2CF2C960FB6F894DEBF7E
:105DA0000FBECDBFDF91CF911F91FF90EF90DF909D
:105DB000CF9008952F923F924F925F926F927F9271
:105DC0008F929F92AF92BF92CF92DF92EF92FF920B
:105DD0000F931F93CF93DF9300D01F921F92CDB7E5
:105DE000DEB71C0149835A836B837C832801390108
:105DF000ED82860181E090E02E2D2F3F11F090E0A2
:105E000080E025E0289FF001299FF00D1124E85142
:105E1000F84F8481882309F45EC0F1011482158251
:105E2000168217821086F10184818230A1F08330BE
:105E300009F482C08130B9F529813A814B815C81B6
:105E400065817681878190850E9408FC18165CF137
:105E500082E0F101848329813A814B815C81F101E7
:105E600065817681878190850E94E0F96B017C01D4
:105E70000E94E8D12B013C01A5019401C701B601A4
:105E80000E9424F318160CF446C09801A8EEB3E063
:105E90000E9496F9460E571E681E791EF101408237
:105EA0005182628273820F900F900F900F900F902B
:105EB000DF91CF911F910F91FF90EF90DF90CF90E6
:105EC000BF90AF909F908F907F906F905F904F901A
:105ED0003F902F900895A3019201F1016581768191
:105EE000878190850E9424F3882309F49CCFF101D7
:105EF0004582568267827086FF24F39420E030E06A
:105F0000A901C301B2010E9408FC18160CF0F12C83
:105F1000F101F48288CFF10180819181A281B38166
:105F200084199509A609B709181619061A061B0639
:105F30000CF4B9CF83E0848341E058E261E178E278
:105F40008D810F900F900F900F900F90DF91CF9158
:105F50001F910F91FF90EF90DF90CF90BF90AF9087
:105F60009F908F907F906F905F904F903F902F9079
:105F7000ACCE45EA57E262EB77E2A7CECF93DF9350
:105F8000A8958091E70D9091E80D2091E70D309153
:105F9000E80D82179307A9F70E9441C96093E90DA4
:105FA0007093EA0D8093EB0D9093EC0D8091F507C3
:105FB0009091F6072091F5073091F6078217930725
:105FC000A9F70E94D1806093F7077093F807809338
:105FD000F9079093FA07C091E70DD091E80D8091F1
:105FE000E70D9091E80DC817D907A9F78091300205
:105FF00090913102C817D90710F480E0BADF809180
:10600000ED0D9091EE0D181619066CF480912E028C
:1060100090912F028C179D0730F442EE57E26FEEFD
:1060200077E280E052DE8091F5079091F6072091AB
:10603000F5073091F60782179307A9F720912C02F4
:1060400030912D028217930710F48FEF92DF809129
:10605000FB079091FC0718161906D4F420912A0228
:1060600030912B028091F5079091F6074091F5074A
:106070005091F60784179507A9F72817390740F4B8
:1060800042EE57E26FEE77E28FEFDF91CF911DCEB8
:10609000DF91CF9108954F925F926F927F928F928E
:1060A0009F92AF92BF92CF92DF92EF92FF920F93A7
:1060B0001F93CF93DF93CDB7DEB72E970FB6F8942B
:1060C000DEBF0FBECDBF80917A09811118C0A8959F
:1060D0002E960FB6F894DEBF0FBECDBFDF91CF91E5
:1060E0001F910F91FF90EF90DF90CF90BF90AF90F6
:1060F0009F908F907F906F905F904F9008958091C8
:10610000B6088111E5CF81E08093B6088091F2074F
:10611000811103C01092B608DBCF30DF1092F20776
:106120000E94E8D12B013C0160913402709135024C
:10613000072E000C880B990B0E942AF39B01AC01DF
:106140006091E90D7091EA0D8091EB0D9091EC0D4D
:106150000E9408FC181614F480E00BDF8091EC0715
:10616000811118C08091E8079091E907A091EA0792
:10617000B091EB070097A105B10561F0841995096D
:10618000A609B709181619061A061B061CF081E0A5
:106190008093EC076091ED0D7091EE0D072E000CD1
:1061A000880B990B0E942AF38B019C014091E90D09
:1061B0005091EA0D6091EB0D7091EC0D812C912CBA
:1061C000E0E8AE2EE0E4BE2EF8E2CF2ED12CE12C9A
:1061D00083ED9DE0EFDD8090E90D9090EA0DA090B9
:1061E000EB0DB090EC0D6091320270913302072EEE
:1061F000000C880B990B0E942AF39B01AC01C5018E
:10620000B4010E9408FC18160CF032C260913402EE
:1062100070913502072E000C880B990B0E942AF30F
:106220009B01AC01C501B4010E9424F387FF20C289
:106230008091EC079091AE08911109C025EE3DE0E8
:106240003093AD082093AC0891E09093AE0888237A
:1062500009F4CFC0C12CD12C7601C701B6010E9430
:1062600025FB759567956093EF0D809109089091D6
:106270000A08A0910B08B0910C080097A105B10580
:10628000B9F084199509A609B709181619061A064E
:106290001B0674F0C501B4010E9425FB209107087C
:1062A00030910808621773070CF4E4C10E940D7264
:1062B00020E030E04AEF52E46091F7077091F80770
:1062C0008091F9079091FA070E9408FC181614F4BF
:1062D0008FEF4FDE8091E4079091E507A091E607EC
:1062E000B091E7070097A105B105E9F08419950978
:1062F000A609B709181619061A061B06A4F060911C
:10630000F7077091F8078091F9079091FA070E94BA
:1063100025FB2091E2073091E307621773070CF425
:10632000B0C10E945D238091A8089091A908A09116
:10633000AA08B091AB0884199509A609B7091816DF
:1063400019061A061B060CF4E5CED301C2018857C4
:106350009C4EAF4FBF4F8093A8089093A908A0937D
:10636000AA08B093AB088091F107811118C0809101
:10637000ED079091EE07A091EF07B091F00700971D
:10638000A105B10561F084199509A609B709181688
:1063900019061A061B061CF081E08093F107609134
:1063A000FB077091FC07072E000C880B990B0E94CD
:1063B0002AF38B019C014091F7075091F8076091F7
:1063C000F9077091FA07812C912CA12C80E4B82E4A
:1063D00098E7C92ED12CEE24EA948CED9DE0EADCFE
:1063E0008091F107882309F455C11092FD07759833
:1063F00091CE8091AC089091AD089E878D87DC018D
:1064000014968D919D910D90BC91A02D8D839E83AE
:10641000AF83B887ED85FE8560857185072E000CFA
:10642000880B990B0E942AF36B017C0120E030E07D
:10643000A9010E9424F3882391F02D813E814F8190
:106440005885C701B6010E94E0F96B017C0120E08C
:1064500030E040EA51EC0E9424F387FF09C081E05C
:10646000AD85BE851B968C93C12CD12C7601D0C0F6
:1064700020E030E040EA51E4C701B6010E9408FC88
:1064800018165CF481E0ED85FE858387C12CD12C44
:106490004FE7E42E43E4F42EBBC0AD85BE851B96CA
:1064A0008C911B97882369F0FD01148A158A168A3E
:1064B000178A58961D921D921D921C925B971B96EF
:1064C0001C92ED85FE85248D358D468D578DC70137
:1064D000B6010E9489F369877A878B879C87AD858F
:1064E000BE8550966D937D938D939C935397909614
:1064F0002D913D914D915C919397C701B6010E94FA
:1065000089F3ED85FE8524893589468957890E945E
:10651000E1F96B017C0120E030E0A9010E9424F345
:1065200087FD9BC020E030E04FE753E4C701B60190
:106530000E9408FC18160CF494C0AD85BE855496D4
:10654000CD92DD92ED92FC92579758968D919D9148
:106550000D90BC91A02D89839A83AB83BC832D8140
:106560003E814F815885ED85FE85648575858685DC
:1065700097850E94E0F9AD85BE8594962D913D9159
:106580004D915C9197970E9489F329813A814B81C3
:106590005C810E94E0F920ED3CEC4CE45DE30E945C
:1065A00089F329813A814B815C810E94E1F96983F9
:1065B0007A838B839C83ED85FE85608F718F828FBC
:1065C000938FA701960169857A858B859C850E94AA
:1065D000E1F929813A814B815C810E94E1F920E057
:1065E00030E0A9010E94E1F96B017C0120E030E07C
:1065F000A9010E9424F387FD37CF20E030E04FE768
:1066000053E4C701B6010E9408FC18160CF43ECFF3
:106610008D819E81AF81B885ED85FE8584879587C4
:10662000A687B78720E030E0A901C701B6010E9424
:1066300024F387FD0FCE20E030E04FE753E4C7019D
:10664000B6010E9408FC18160CF007CEC12CD12C04
:106650003FE7E32E33E4F32E00CEC12CD12C76019C
:106660006CCFC12CD12C5FE7E52E53E4F52E65CF1E
:1066700060E0F9CD44EC57E263ED77E280E025DBA2
:1066800017CE44EC57E263ED77E28FEF1EDB4BCE83
:106690008FE733C0C090F707D090F807E090F90774
:1066A000F090FA0720E030E040EA50E4C701B6017C
:1066B0000E9408FC87FD99CE20E030E04AEF52E4CA
:1066C000C701B6010E9424F318160CF48ECE609117
:1066D000FB077091FC07072E000C880B990B0E949A
:1066E0002AF3A70196010E94E0F920E030E0A90119
:1066F0000E9408FC181664F280E08093FD070ACD22
:106700002F923F924F925F926F927F928F929F92C1
:10671000AF92BF92CF92DF92EF92FF920F931F93AF
:10672000CF93DF93CDB7DEB7C054D1090FB6F8943D
:10673000DEBF0FBECDBF86E497E00E9440938091FC
:10674000F50983FD6EC020914D0A30914E0A4091AB
:106750004F0A5091500A60915207709153078091EF
:106760005407909155070E9424F3882309F459C0D7
:106770000E94E586182F882331F00E94FA2982EAC8
:106780009CE10E94D12920914D0A30914E0A4091FE
:106790004F0A5091500A60915207709153078091AF
:1067A0005407909155070E94E0F96B017C0120E0AD
:1067B00030E0A9010E9408FC87FF04C0F7FAF094BA
:1067C000F7F8F09420915702309158024091590205
:1067D00050915A02C701B6010E9489F320E030E0CF
:1067E00048E453E40E9408FC1816CCF40E94FA29ED
:1067F00083E89CE10E94D129809152079091530730
:10680000A0915407B091550780934D0A90934E0A7A
:10681000A0934F0AB093500A0E94959502C011119F
:10682000EBCF2AE037ED43E25CE360911502709113
:10683000160280911702909118020E9489F36B0151
:106840007C016091130270911402072E000C880BDA
:10685000990B0E942AF39B01AC01C701B6010E946B
:1068600089F36DAB7EAB8FAB98AF8091AE09882377
:1068700011F1C0904E07D0904F07E0905007F09074
:1068800051078090AF099090B009A090B109B090E5
:10689000B20920E030E0A901C501B4010E9424F34F
:1068A000882309F442C0A5019401C701B6010E94E2
:1068B00024F387FD3AC019821A821B821C821D8232
:1068C0001E821F82188619861A861B861C869E01C8
:1068D0002F5F3F4F4DA95EA96FA978AD86E497E081
:1068E0000E94D1C980E1E6E4F7E0A1E4BAE00190BA
:1068F0000D928A95E1F7C05CDF4F0FB6F894DEBFCA
:106900000FBECDBFDF91CF911F910F91FF90EF9000
:10691000DF90CF90BF90AF909F908F907F906F90BF
:106920005F904F903F902F9008952091410A3091B1
:10693000420A4091430A5091440A6091460770917F
:10694000470780914807909149070E94E0F92B0181
:106950003C01498A5A8A6B8A7C8A2091450A309187
:10696000460A4091470A5091480A60914A0770913F
:106970004B0780914C0790914D070E94E0F969AB5D
:106980007AAB8BAB9CAB6D8B7E8B8F8B988F209172
:10699000490A30914A0A40914B0A50914C0AC7016A
:1069A000B6010E94E0F969AF7AAF8BAF9CAF698FF7
:1069B0007A8F8B8F9C8F20914D0A30914E0A409197
:1069C0004F0A5091500A609152077091530780917D
:1069D0005407909155070E94E0F94B015C018D8EA0
:1069E0009E8EAF8EB8A220E030E0A901C301B201B3
:1069F0000E9424F381110CC020E030E0A90169A9B4
:106A00007AA98BA99CA90E9424F3882309F453CF67
:106A1000CE0141960E94C9926B017C012DEB37E3B8
:106A200046E855E30E9424F387FF0FC020E030E0E2
:106A3000A901C501B4010E9408FC7501640187FF2A
:106A400004C0F7FAF094F7F8F0942DEB37E346E83A
:106A500055E3C701B6010E9424F387FD43CF20E030
:106A600030E040EA50E4C701B6010E94BDFA0E943E
:106A70002AFB1B01672B19F422242394312CB1012A
:106A800090E080E00E9428F39B01AC0160E070E0A0
:106A900080E89FE30E94BDFA6DA77EA78FA798AB01
:106AA0009B01AC01C301B2010E9489F321966CAF36
:106AB0007DAF8EAF9FAF21972DA53EA54FA558A9BD
:106AC00069A97AA98BA99CA90E9489F369AB7AABC1
:106AD0008BAB9CAB2DA53EA54FA558A969AD7AAD52
:106AE0008BAD9CAD0E9489F32B013C012DA53EA5E9
:106AF0004FA558A9C501B4010E9489F34B015C015F
:106B00002DA53EA54FA558A9C701B6010E9489F33E
:106B100069A37AA38BA39CA31DA21EA21FA218A6E1
:106B200019A61AA61BA61CA680E1E1E4FAE08E01D4
:106B30000F5F1F4FD80101900D928A95E1F70E94D7
:106B4000E8D16B017C0128ECC20ED11CE11CF11CC8
:106B500081E0281A310809F45AC00E94E8D1A7013F
:106B60009601261B370B480B590B121613061406F9
:106B700015060CF450C06B017C01A8ECCA0ED11CA8
:106B8000E11CF11C80E00E94B73821962CAD3DAD90
:106B90004EAD5FAD219769817A818B819C810E9486
:106BA000E1F969837A838B839C8329A93AA94BA94C
:106BB0005CA96D817E818F8198850E94E1F96D834A
:106BC0007E838F839887A301920169857A858B855F
:106BD0009C850E94E1F969877A878B879C87A5014C
:106BE00094016D857E858F8598890E94E1F96D8776
:106BF0007E878F87988B9E012F5D3F4F4DA95EA9A1
:106C00006FA978ADC8010E94D1C98111A1CF9E01A1
:106C10002F5D3F4F5FCE3FDAB8CF4F925F926F92BA
:106C20007F928F929F92AF92BF92CF92DF92EF921C
:106C3000FF92CF93DF936B017C01809015029090BF
:106C40001602A0901702B0901802C0911302D091C2
:106C5000140284E690E09093140280931302409013
:106C60005702509058026090590270905A0280E08A
:106C700090E0A0E8BFE38093570290935802A0935E
:106C80005902B0935A0220E030E0A901C7010E94E6
:106C900024F3882341F0C0921502D0921602E092AC
:106CA0001702F09218022CDD4092570250925802BF
:106CB0006092590270925A02D0931402C093130248
:106CC0008092150290921602A0921702B0921802BA
:106CD000DF91CF91FF90EF90DF90CF90BF90AF907A
:106CE0009F908F907F906F905F904F900895FC01E0
:106CF00020818091BF0D9091C00D922728E0AC01BA
:106D0000880F991F57FD07C02150C9F79093C00DF8
:106D10008093BF0D0895F1E28F27F0E19F27F4CF14
:106D20003FB7F8948091451790914617A091471767
:106D3000B091481726B5A89B05C02F3F19F00196C2
:106D4000A11DB11D3FBFBA2FA92F982F8827BC01C5
:106D5000CD01620F711D811D911D42E0660F771FED
:106D6000881F991F4A95D1F70895FC01938591FDDD
:106D700013C0987121E0903109F020E08091CC0D92
:106D800020FB85F98093CC0D903141F080858734CC
:106D900019F481858E3711F480E0089581E008951B
:106DA000FC0120E03EE2DB014D91BD01403249F0A3
:106DB000283011F430833196DB0111974C914083D8
:106DC00031962F5F2B3079F710820895CF93DF93A0
:106DD000EC01CB01E881F981608171810E94257EFF
:106DE00028813981D901ED91FC91AA81BB818C91D7
:106DF0009081992359F08936C8F4CF010196F901A1
:106E0000918380838C918F5F8C93EACF893670F465
:106E10008FE28083E881F98180819181019691835D
:106E20008083EA81FB8180818F5F8083DF91CF91B6
:106E300008952F923F924F925F926F927F928F921E
:106E40009F92AF92BF92CF92DF92EF92FF920F93F9
:106E50001F93CF93DF93CDB7DEB7C859D1090FB6D3
:106E6000F894DEBF0FBECDBF8C01E0964FAFE09728
:106E7000252E362EE2967FAFE297C258DF4F398338
:106E80002883CE57D04020910A0A30910B0A4091B6
:106E90000C0A50910D0ADC016D917D918D919C91B0
:106EA0000E9489F30E9414FCC457DF4F68837983E2
:106EB0008A839B83CC58D04020910E0A30910F0AD0
:106EC0004091100A5091110AF80164817581868100
:106ED00097810E9489F30E9414FCC057DF4F68839A
:106EE00079838A839B83C059D0402091120A3091C4
:106EF000130A4091140A5091150AD80118966D9101
:106F00007D918D919C911B970E9489F30E9414FCA6
:106F1000CC56DF4F688379838A839B83C459D040E2
:106F2000D8011C962D913D914D915C911F97A39690
:106F30002CAF3DAF4EAF5FAFA3972091160A3091B3
:106F4000170A4091180A5091190AA3966CAD7DADAD
:106F50008EAD9FADA3970E9489F30E9414FCC05888
:106F6000DF4F688379838A839B83C058D04080E158
:106F7000F801DE01AF5BBF4F01900D928A95E1F7FA
:106F80008091F50983FD04C08091EE098823F1F01A
:106F9000C058DF4F088119812A813B81C058D040F9
:106FA0000093890E10938A0E20938B0E30938C0ED3
:106FB000A3962CAD3DAD4EAD5FADA3972093790E5A
:106FC00030937A0E40937B0E50937C0E90916C0E12
:106FD00080916B0E891738F0891B8F3031F480E077
:106FE0000E94B738F3CF805FF7CF80916B0E0E947D
:106FF0000B8CC856DF4F8883C859D04000916B0E68
:107000008091EC099091ED09892B11F00C94B2C597
:1070100080917D0E90917E0EA0917F0EB091800E9A
:10702000C457DF4F88809980AA80BB80CC58D0405D
:10703000881A990AAA0ABB0A8091810E9091820E41
:10704000A091830EB091840EC057DF4F2881398103
:107050004A815B81C059D040281B390B4A0B5B0B1E
:1070600067962CAF3DAF4EAF5FAF67978091850EAF
:107070009091860EA091870EB091880ECC56DF4F6E
:10708000288139814A815B81C459D040281B390B42
:107090004A0B5B0B6B962CAF3DAF4EAF5FAF6B9760
:1070A0008091890E90918A0EA0918B0EB0918C0EDA
:1070B000C058DF4FC880D980EA80FB80C058D040DC
:1070C000C81AD90AEA0AFB0A09F481C00E94E586B7
:1070D000882339F1C058DF4F88819981AA81BB810B
:1070E000C058D0408093890E90938A0EA0938B0E47
:1070F000B0938C0EA3962CAD3DAD4EAD5FADA39776
:107100002093790E30937A0E40937B0E50937C0E31
:107110000E94FA298FEC91E30E94D129C12CD12C35
:107120007601C701B6010E942AF3209157023091DF
:1071300058024091590250915A020E9489F32B0142
:107140003C0120E030E0A9010E9408FC87FF04C058
:1071500077FA709477F8709420E030E048E453E4D4
:107160006091160A7091170A8091180A9091190A75
:107170000E9489F3A30192010E9424F387FF27C094
:10718000C058DF4F88819981AA81BB81C058D04007
:107190008093890E90938A0EA0938B0EB0938C0EE1
:1071A000A3962CAD3DAD4EAD5FADA3972093790E68
:1071B00030937A0E40937B0E50937C0E0E94FA29F6
:1071C00080EB91E30E94D129C12CD12C760110E0F3
:1071D00081E0181419041A041B040CF080E080FBF1
:1071E00010F981E067962CAD3DAD4EAD5FAD679770
:1071F00012161306140615060CF080E080FB11F938
:1072000081E06B962CAD3DAD4EAD5FAD6B97121628
:107210001306140615060CF080E080FB12F981E0DD
:107220001C141D041E041F040CF080E080FB13F9E5
:10723000C701B6010E942AF32091570230915802EB
:107240004091590250915A020E9489F36B017C01CE
:1072500020E030E0A9010E9408FC87FF66C4C70156
:10726000B6019058402F50E0A1965FAF4EAFA19766
:1072700053E6059F90011124D901A357B14FA99658
:10728000BFAFAEAFA9970E942AFBAF966CAF7DAFA0
:107290008EAF9FAFAF97A996EEADFFADA9971082C5
:1072A00015AF6B964CAC5DAC6EAC7FAC6B9777FE5C
:1072B00008C07094609450944094411C511C611C0F
:1072C000711C67960CAD1DAD2EAD3FAD6797A796AF
:1072D0000CAF1DAF2EAF3FAFA79737FF0DC0309556
:1072E0002095109501951F4F2F4F3F4FA7960CAF3C
:1072F0001DAF2EAF3FAFA7976F968CAE9DAEAEAED3
:10730000BFAE6F97B7FE0DC022273327A9012819FA
:1073100039094A095B096F962CAF3DAF4EAF5FAF9D
:107320006F976F968CAD9DADAEADBFAD6F97A996C3
:10733000EEADFFADA997858F968FA78FB0A3A796C7
:107340000CAD1DAD2EAD3FADA79701A312A323A396
:1073500034A345A256A267A270A6C501B4010E943B
:107360002AF32091DC093091DD094091DE0950912A
:10737000DF090E9489F3EA966CAF7DAF8EAF9FAFB5
:10738000EA9767966CAD7DAD8EAD9FAD67970E9415
:107390002AF32091E0093091E1094091E2095091EE
:1073A000E3090E9489F367966CAF7DAF8EAF9FAF04
:1073B00067976B966CAD7DAD8EAD9FAD6B970E9460
:1073C0002AF32091E4093091E5094091E6095091B2
:1073D000E7090E9489F34B015C01EA960CAD1DADF3
:1073E0002EAD3FADEA9709AB1AAB2BAB3CAB679622
:1073F0002CAD3DAD4EAD5FAD67972DAB3EAB4FAB0A
:1074000058AF89AE9AAEABAEBCAE2091E8093091D0
:10741000E9094091EA095091EB09C701B6010E94C0
:1074200089F3E6966CAF7DAF8EAF9FAFE69721965E
:107430006CAF7DAF8EAF9FAF21976F968CAD9DAD3A
:10744000AEADBFAD6F970697A105B1050CF077C340
:10745000A7960CAD1DAD2EAD3FADA797063011051B
:10746000210531050CF06BC316E04116510461048F
:1074700071040CF064C320E030E0A901E6966CAD25
:107480007DAD8EAD9FADE6970E9408FC87FF50C38F
:10749000E6968CAD9DADAEADBFADE697B05823E698
:1074A000A1960EAD1FADA197209FF001219FF00D79
:1074B0001124E357F14F818B928BA38BB48B83E61E
:1074C000A1960EAD1FADA197809FF001819FF00D99
:1074D0001124E357F14FAF962CAD3DAD4EAD5FADEE
:1074E000AF9721A732A743A754A7458D568D678D27
:1074F00070A101A112A123A134A185A196A1A7A1E8
:10750000B0A580179107A207B30710F4D901C801ED
:1075100084179507A607B70710F4DB01CA01AF96D9
:107520000CAD1DAD2EAD3FADAF9780179107A207F3
:10753000B30710F4D901C80123E6A1960EAD1FAD23
:10754000A197209FF001219FF00D1124E357F14FE7
:1075500085A796A7A7A7B0AB0697A105B10510F41C
:107560000C9495C5E25BFF4F8091C0148083452B3E
:10757000462B472B19F080E00E94788283E6A19683
:107580000EAD1FADA197809FF001819FF00D1124DA
:10759000E357F14F81A192A1A3A1B4A1892B8A2B1A
:1075A0008B2B19F081E00E94788283E6A1960EADC4
:1075B0001FADA197809FF001819FF00D1124E3572B
:1075C000F14F85A196A1A7A1B0A5892B8A2B8B2B62
:1075D00019F082E00E947882AF962CAD3DAD4EADA1
:1075E0005FADAF97232B242B252B11F40C94B4C53E
:1075F0000E943E82E090360AF090370A0091380AE5
:107600001091390A9701A801E0966FADE097722DAD
:10761000832DE2969FADE2970E9424F387FD08C078
:10762000E096EFACE097F22C032DE2961FADE297C7
:1076300083E6A1964EAD5FADA197849FF001859F33
:10764000F00D1124E357F14F81889288A388B48804
:10765000A501940160E070E080E89FE30E94BDFA1C
:10766000EA966CAF7DAF8EAF9FAFEA979701A80106
:107670000E9489F36B017C0190916A0E80916B0EE0
:10768000891708F4B7C2891BE2968FAFE297A7016A
:10769000960160E074E284E799E40E94BDFA0E94DA
:1076A00014FC2B013C01E2968FADE29782508630AC
:1076B000A0F56091060A7091070A8091080A9091DE
:1076C000090A641975098609970916161706180616
:1076D00019061CF5660F771F881F991FE2960FADDC
:1076E000E297202F30E050E040E00E9470F9CA019C
:1076F000B9010E942AF30E9425FB640D751D861DA9
:10770000971D0E942AF39B01AC0160E074E284E7BC
:1077100099E40E94BDFA6B017C01A7019601C501A5
:10772000B4010E9489F3EE966CAF7DAF8EAF9FAF30
:10773000EE9783E6A1962EAD3FADA197829F800183
:10774000839F100D11240357114FEE968CAD9DAD04
:10775000AEADBFADEE97F80181839283A383B4836E
:1077600025A536A547A550A9A7962CAF3DAF4EAF8E
:107770005FAFA797CA01B9010E9428F36F966CAF5B
:107780007DAF8EAF9FAF6F979B01AC01C701B60174
:107790000E9489F30E94A7FA0E942AFBCC57DF4F70
:1077A000688379838A839B83C458D040F801FE960E
:1077B00060837183828393838E010F5C1F4FE196F8
:1077C0001FAF0EAFE19700511109C657DF4F198364
:1077D0000883CA58D0400AE11AE0C857DF4F19831E
:1077E0000883C858D0408E01035C1F4F63961FAFBB
:1077F0000EAF6397212C312C10E864961FAF64976D
:107800000FE368960FAF6897E196AEADBFADE19715
:107810002D913D914D915D91E196BFAFAEAFE19756
:10782000C701B6010E9489F34B015C01C657DF4FC7
:10783000E881F981CA58D04081929192A192B19287
:10784000C657DF4FF983E883CA58D04020E030E0C4
:10785000A9010E9408FC87FF04C0B7FAB094B7F8EA
:10786000B094C857DF4FA881B981C858D0404D9017
:107870005D906D907D90C857DF4FB983A883C8583D
:10788000D040A5019401C301B2010E9424F387FFF7
:107890001AC0A5019401C301B2010E94BDFA5B01A7
:1078A0008C01910164964FAD649768965FAD6897BF
:1078B0000E9424F387FF07C0150164960FAF6497F9
:1078C00068961FAF689763960EAD1FAD6397E196FC
:1078D0002EAD3FADE1970217130709F095CFA70131
:1078E0009601E6966CAD7DAD8EAD9FADE6970E949C
:1078F00089F36B017C01CDA6DEA6EFA6F8AA20E0F5
:1079000030E0A9010E9408FC4601570187FF04C02E
:10791000B7FAB094B7F8B0944090260A5090270A6E
:107920006090280A7090290AA5019401C301B20150
:107930000E9424F387FF1AC0A5019401C301B2017C
:107940000E94BDFA5B018C01910164964FAD649772
:1079500068965FAD68970E9424F387FF07C0150102
:1079600064960FAF649768961FAF689720E030E089
:1079700040E85FE3B10164968FAD649768969FAD70
:1079800068970E9424F387FF81C0910164964FADF0
:10799000649768965FAD689769A17AA18BA19CA155
:1079A0000E9489F369A37AA38BA39CA39101649697
:1079B0004FAD649768965FAD68976DA17EA18FA16A
:1079C00098A50E9489F36DA37EA38FA398A7910128
:1079D00064964FAD649768965FAD689769A57AA580
:1079E0008BA59CA50E9489F369A77AA78BA79CA762
:1079F000910164964FAD649768965FAD6897C70133
:107A0000B6010E9489F36DA77EA78FA798AB83E686
:107A1000A1964EAD5FADA197849F8001859F100D0B
:107A200011240357114F78015EE3E50EF11CCC578A
:107A3000DF4F688179818A819B81C458D0400E9440
:107A400028F3910164964FAD649768965FAD68978F
:107A50000E9489F30E942AFBD7016D937D938D9339
:107A60009C931397910164964FAD649768965FADB0
:107A70006897EE966CAD7DAD8EAD9FADEE970E9492
:107A800089F3F80161837283838394836F962CADAD
:107A90003DAD4EAD5FAD6F97EA966CAD7DAD8EADF1
:107AA0009FADEA970E9489F32B013C0183E6A196E2
:107AB0000EAD1FADA197809FF001819FF00D1124A5
:107AC000E357F14F458A568A678A708E858C968C6B
:107AD000A78CB0A081149104A104B10409F08CC05A
:107AE00081A192A1A3A1B4A1892B8A2B8B2B09F090
:107AF00083C085A196A1A7A1B0A5892B8A2B8B2B2A
:107B000009F07AC020912E0A30912F0A4091300A54
:107B10005091310AC301B2010E9489F30E94A7FA71
:107B20000E942AFB6B017C0165C1C701B6019ACB9B
:107B3000E6968CAD9DADAEADBFADE697B0CCC2586C
:107B4000DF4FA881B981CE57D040CD90DD90ED9028
:107B5000FC9020E030E0A901C701B6010E9424F3A7
:107B6000882389F083E6A1960EAD1FADA197809F73
:107B7000F001819FF00D1124E357F14FC18AD28AA1
:107B8000E38AF48A9CCCEA962CAD3DAD4EAD5FAD58
:107B9000EA9729833A834B835C8367968CAD9DADCE
:107BA000AEADBFAD67978D839E83AF83B88789865F
:107BB0009A86AB86BC86E6960CAD1DAD2EAD3FAD6C
:107BC000E6970D871E872F87388BCE0101960E947E
:107BD000C99223E6A1960EAD1FADA197209FF0019B
:107BE000219FF00D1124E357F14F618B728B838B32
:107BF000948B65CC805F47CDAF962CAD3DAD4EAD3F
:107C00005FADAF97232B242B252B09F40CC22091B9
:107C10002A0A30912B0A40912C0A50912D0AC30157
:107C2000B2010E9489F30E94A7FA0E942AFB6B010D
:107C30007C018091D8099091D909A091DA09B0917D
:107C4000DB09A996EEADFFADA99701A112A123A171
:107C500034A167960CAF1DAF2EAF3FAF679705A15C
:107C600016A127A130A56B960CAF1DAF2EAF3FAF6D
:107C70006B9701A512A523A534A5AB960CAF1DAF3C
:107C80002EAF3FAFAB97A7960CAD1DAD2EAD3FAD60
:107C9000A79780179107A207B30708F4CDC18114F5
:107CA0009104A104B104E1F06091C8097091C9097F
:107CB0008091CA099091CB096C157D058E059F05B1
:107CC00078F4A90198010E943FF9A50194010E944E
:107CD0004EF92C153D054E055F0510F469017A013A
:107CE00067962CAD3DAD4EAD5FAD6797232B242B32
:107CF000252B21F16091CC097091CD098091CE099D
:107D00009091CF096C157D058E059F05B8F4A79657
:107D10002CAD3DAD4EAD5FADA7970E943FF9679684
:107D20002CAD3DAD4EAD5FAD67970E944EF92C1561
:107D30003D054E055F0510F469017A016B968CAD27
:107D40009DADAEADBFAD6B97892B8A2B8B2B21F1EF
:107D50006091D0097091D1098091D2099091D30995
:107D60006C157D058E059F05B8F4A7962CAD3DAD2D
:107D70004EAD5FADA7970E943FF96B962CAD3DAD20
:107D80004EAD5FAD6B970E944EF92C153D054E052B
:107D90005F0510F469017A01AB960CAD1DAD2EADF7
:107DA0003FADAB97012B022B032B21F16091D4093E
:107DB0007091D5098091D6099091D7096C157D05F0
:107DC0008E059F05B8F4A7962CAD3DAD4EAD5FADC9
:107DD000A7970E943FF9AB962CAD3DAD4EAD5FAD80
:107DE000AB970E944EF92C153D054E055F0510F42A
:107DF00069017A0183E6A1962EAD3FADA197829FDE
:107E00008001839F100D11240357114FF801E65B89
:107E1000FF4FC082D182E282F382C701B6010E9485
:107E200028F36B017C012DEB37E346E051E40E941F
:107E300089F30E942AFBD801D9966D937D938D9387
:107E40009C93DC97A3019201C701B6010E94BDFA81
:107E5000F801618F728F838F948F20E030E040E0D3
:107E60005FE30E9489F3A30192010E94BDFA6B01B6
:107E70007C01D8011196BC91A496BFAFA497F801DC
:107E8000F2816C96FFAF6C97D8011396BC91AC96BB
:107E9000BFAFAC97F801F481E096FFAFE097A496EE
:107EA0002FADA4976C963FAD6C974B2F5F2FA49688
:107EB0006FADA4976C967FAD6C978B2F9F2F0E9410
:107EC00089F364966FAF649768967FAF6897A896BA
:107ED0008FAFA897E3969FAFE3979B01AC01B601E4
:107EE000C7010E9408FC181664F06496CFAE649730
:107EF0006896DFAE6897A896EFAEA897E396FFAEB8
:107F0000E39780E1FE01B196DE01519601900D925A
:107F10008A95E1F7E2960FADE297002309F470C06D
:107F20002090BB171091BC17E2961FAFE29700910B
:107F3000BD17E7960FAFE7973090BE172DEB37E3ED
:107F400046E855E3622D712F802F932D0E9424F374
:107F500087FD56C0222D312F402F532DA4966FAD93
:107F6000A4976C967FAD6C97AC968FADAC97E0966E
:107F70009FADE0970E9424F387FF71C1222D312F1E
:107F8000402F532DA4966FADA4976C967FAD6C9740
:107F9000AC968FADAC97E0969FADE0970E94BDFA8E
:107FA0002B013C019FEB292E97E1392E8E010F5EAC
:107FB0001F4F2FECE22E27E1F22ED1012D913D91A2
:107FC0004D915D911D01F80181909190A190B1902A
:107FD0008F016F01F4E0CF1AD108C301B2010E94F2
:107FE00089F39B01AC01C501B4010E94E0F9D601FF
:107FF0006D937D938D939C931397E214F304E9F6AC
:10800000A4962FACA4976C960FAD6C97E2960FAF29
:10801000E297AC961FADAC97E7961FAFE797E09657
:108020003FACE09764C12091320A3091330A40910D
:10803000340A5091350AF3CD81149104A104B1049E
:1080400009F43FC06091C8097091C9098091CA09BB
:108050009091CB096C157D058E059F0590F50E94CA
:1080600028F36F962CAD3DAD4EAD5FAD6F970E947E
:1080700089F3E6966CAF7DAF8EAF9FAFE697C501F3
:10808000B4010E9428F39B01AC01E6966CAD7DAD76
:108090008EAD9FADE6970E94BDFA4B015C01C70112
:1080A000B6010E9428F39B01AC01C501B4010E94F6
:1080B00024F387FF06C0C501B4010E942AFB6B01AF
:1080C0007C0167962CAD3DAD4EAD5FAD6797232B20
:1080D000242B252BD9F16091CC097091CD09809189
:1080E000CE099091CF096C157D058E059F0570F521
:1080F0000E9428F36F962CAD3DAD4EAD5FAD6F97EE
:108100000E9489F34B015C0167966CAD7DAD8EAD2D
:108110009FAD67970E9428F39B01AC01C501B40194
:108120000E94BDFA4B015C01C701B6010E9428F311
:108130009B01AC01C501B4010E9424F387FF06C076
:10814000C501B4010E942AFB6B017C016B968CADCA
:108150009DADAEADBFAD6B97892B8A2B8B2BD9F123
:108160006091D0097091D1098091D2099091D30981
:108170006C157D058E059F0570F50E9428F36F969E
:108180002CAD3DAD4EAD5FAD6F970E9489F34B01B5
:108190005C016B966CAD7DAD8EAD9FAD6B970E9413
:1081A00028F39B01AC01C501B4010E94BDFA4B014B
:1081B0005C01C701B6010E9428F39B01AC01C50117
:1081C000B4010E9424F387FF06C0C501B4010E94D8
:1081D0002AFB6B017C01AB960CAD1DAD2EAD3FAD06
:1081E000AB97012B022B032B09F404CE6091D40929
:1081F0007091D5098091D6099091D7096C157D05AC
:108200008E059F0508F0F6CD0E9428F36F962CADE1
:108210003DAD4EAD5FAD6F970E9489F34B015C01A0
:10822000AB966CAD7DAD8EAD9FADAB970E9428F344
:108230009B01AC01C501B4010E94BDFA4B015C0178
:10824000C701B6010E9428F39B01AC01C501B4012E
:108250000E9424F387FFCECDC501B40161CCA49662
:108260002FADA4976C963FAD6C97AC964FADAC9785
:10827000E0965FADE097622DE2967FADE297E796DC
:108280008FADE797932D0E94BDFA4B015C012E0143
:10829000B1E14B0E511C0FEB17E13E01E1E26E0E16
:1082A000711CD2012D913D914D915D912D01F801EF
:1082B000C190D190E190F1908F01CD010497EC969F
:1082C0009FAF8EAFEC97C501B4010E9489F3A7015F
:1082D00096010E94E0F9EC96AEADBFADEC976D93C0
:1082E0007D938D939C93139764147504D1F68E013E
:1082F0000F5E1F4F28EB39E0EC963FAF2EAFEC97A7
:10830000AE014F5D5F4F63965FAF4EAF6397812CB9
:10831000912C80E8A82E8FE3B82ED801CD90DD9067
:10832000ED90FD908D0120E030E0A901C701B6017C
:108330000E9408FC87FF04C0F7FAF094F7F8F09465
:10834000EC96EEADFFADEC9741905190619071903D
:10835000EC96FFAFEEAFEC97A5019401C701B60113
:108360000E9489F39B01AC01C301B2010E9424F376
:1083700087FF08C0A7019601C301B2010E94BDFAA0
:108380004B015C0163962EAD3FAD6397201731071B
:1083900021F6A5019401622DE2967FADE297E79662
:1083A0008FADE797932D0E9489F39B01AC010E944A
:1083B00089F36B017C0164962FAD649768963FAD9D
:1083C0006897A8964FADA897E3965FADE3970E9494
:1083D00024F387FF0CC06496CFAC64976896DFAC3B
:1083E0006897A896EFACA897E396FFACE39783E66F
:1083F000A1964EAD5FADA197849F8001859F100D22
:108400001124C8018357914FA601B701DC011D96C5
:108410004D935D936D937C93509764964FAD6497A5
:1084200068965FAD6897A8966FADA897E3967FAD05
:10843000E397FC01458356836783708719964D93B4
:108440005D936D937C931C97EE5BFF4F10821182BE
:1084500012821382FC0120812160208320E1FE0131
:10846000B196AFEBB7E101900D922A95E1F7A49692
:108470004FADA4976C965FAD6C97AC966FADAC9713
:10848000E0967FADE0974093BB175093BC17609385
:10849000BD177093BE17C457DF4F288139814A81B9
:1084A0005B81CC58D04020937D0E30937E0E40935C
:1084B0007F0E5093800EC057DF4F288139814A814B
:1084C0005B81C059D0402093810E3093820E40933F
:1084D000830E5093840ECC56DF4F288139814A8118
:1084E0005B81C459D0402093850E3093860E409313
:1084F000870E5093880EC058DF4F288139814A81FA
:108500005B81C058D0402093890E30938A0E4093EF
:108510008B0E50938C0E815B9F4FE091B70934E036
:10852000E39FF0011124E059F44F408151816281B1
:108530007381DC014D935D936D937C9313978091D0
:108540006D0E90916E0EA0916F0EB091700E89839A
:108550009A83AB83BC838091710E9091720EA0912F
:10856000730EB091740E8D839E83AF83B887809114
:10857000750E9091760EA091770EB091780E898746
:108580009A87AB87BC878091790E90917A0EA091E3
:108590007B0EB0917C0E8D879E87AF87B88BCE0106
:1085A00001960E943997D801A052B14F80E1FE0197
:1085B000319601900D928A95E1F780E1FE01EF5B23
:1085C000FF4FADE6BEE001900D928A95E1F79091E4
:1085D0006B0E80916C0E981303C084E68093690E35
:1085E000C856DF4F0881C859D04000936B0EC2585F
:1085F000DF4FA881B981CE57D0401896FC901897CC
:1086000019960C9119971A961C911A971B96EC9033
:1086100064962FAD649768963FAD6897A8964FAD66
:10862000A897E3965FADE3976F2D702F812F9E2D56
:108630000E9408FC181664F46496FFAE649768966E
:108640000FAF6897A8961FAFA897E396EFAEE39792
:1086500010916B0E112309F40CC11150D0906A0EC9
:10866000F12CE12C03E61D1509F4BBC0612E712C21
:10867000069DF001079DF00D1124E357F14F808115
:1086800082FD20C1E114F10421F0F701808180FF17
:10869000A8C0069DF001079DF00D1124E357F14F8E
:1086A00025803680478050842585A0962FAFA097DF
:1086B0003685A4963FAFA497878440896C964FAFC8
:1086C0006C97482D6C965FAD6C97C201B1010E940A
:1086D00024F3882309F485C0E114F10409F4CBC024
:1086E000D7011596CC9015971696BC9016971796AD
:1086F000AC9017971896FC90069DC001079D900DB1
:108700001124FC01E357F14FAD96FFAFEEAFAD97EB
:10871000618D728D838D948D90589B01AC010E9468
:10872000E1F9AD96AEADBFADAD9751962D913D91AE
:108730004D915C9154970E9489F39B01AC016C2D83
:108740007B2D8A2D9F2D0E94E0F9962EA72EB82E04
:10875000C92E262F372F482F592FA0966FADA097DF
:10876000A4967FADA497882D6C969FAD6C970E94C0
:1087700024F387FD8DC0292D3A2D4B2D5C2DC20190
:10878000B1010E9424F3882361F1069DF001079D49
:10879000F00D1124E357F14F808181608083209197
:1087A000B5093091B6098091B5099091B609821743
:1087B000930709F078C0109FC0011124FC01E35712
:1087C000F14F7F01069DC001079D900D1124E21716
:1087D000F30709F06AC0FC01E357F14F80818E7FF7
:1087E0008083C0906C0EB0916B0EE796BFAFE79799
:1087F000B12CA4961FAEA497212C312CF12CE12C86
:10880000E796EFADE797EC1509F46CC18C2C912C31
:10881000F3E6CF9EC00111248C010357114FA1969E
:108820001FAF0EAFA197D8018C9182FD56C18C91DC
:1088300080FF16C0E114F10409F055C019966D913E
:108840007D918D919C911C97F80165837683878338
:1088500090870E944EFCB62EA4967FAFA4971C0171
:108860008C2D0E940B8CC82EA196EEACFFACA1976C
:10887000C7CF1FE0F3CE6496CFAC64976896BFACC9
:108880006897A896AFACA897E396FFACE39734CF70
:10889000A0969FACA097A496AFACA497B82C6C966A
:1088A000CFAC6C9772CF9C017ECF8357914F492DEF
:1088B0005A2D6B2D7C2DDC0115964D935D936D9398
:1088C0007C931897112369F011508D2DD0906A0E6A
:1088D000D81609F4C8CE811709F483CF0E940B8CF7
:1088E000F5CF1FE0F2CFD7018C9181608C938091FE
:1088F000B5099091B6092091B5093091B6092817AC
:10890000390789F5B3E6B89DF001B99DF00D112442
:10891000E357F14FA184D28403851485E816F90644
:1089200021F58A2D9D2DD80185839683A783B08755
:10893000EE5BFF4F80819181A281B381892B8A2BCD
:108940008B2B61F4D701AA5BBF4F8D919D910D9048
:10895000BC91A02D80839183A283B383D7018C9196
:108960008E7F8C937DCFC901C6CF458056806780AE
:1089700070842A2D3D2DA801C301B2010E9424F369
:10898000882309F487C0D70115962D913D914D910B
:108990005C9118976F962CAF3DAF4EAF5FAF6F975E
:1089A000C301B2010E9408FC18160CF063C0F70165
:1089B000618D728D838D948D90589B01AC010E94C6
:1089C000E1F9D70151962D913D914D915C915497CC
:1089D0000E9489F39B01AC016F966CAD7DAD8EADAD
:1089E0009FAD6F970E94E0F96C966FAF6C97AC9655
:1089F0007FAFAC97E0968FAFE097E2969FAFE2979C
:108A00009B01AC01C301B2010E9408FC181694F549
:108A10002A2D3D2DA8016C966FAD6C97AC967FAD5D
:108A2000AC97E0968FADE097E2969FADE2970E94FB
:108A300024F387FD0CC06C96AFAC6C97AC96DFACA2
:108A4000AC97E0960FADE097E2961FADE297B3E6E4
:108A5000B89DF001B99DF00D1124E357F14F8A2D17
:108A60009D2DD80185839683A783B08785879687B8
:108A7000A787B08B03E6089DF001099DF00D112436
:108A8000E357F14F85819681A781B08581879287D1
:108A9000A387B48713E6189DF001199DF00D1124EA
:108AA000E357F14F65817681878190850E944EFC66
:108AB0004B01A82ED92E8B01282F392F4B2DA49690
:108AC0005FADA497B101C7010E947E8AB82CA4961D
:108AD0009FAEA4972A2C3D2C41CFA196FFAEEEAEBF
:108AE000A197BECEE114F10401F1F701808180FF6E
:108AF0001CC064966FAD649768967FAD6897A89622
:108B00008FADA897E3969FADE3970E944EFC8B0133
:108B10009C014B2DA4965FADA497B101C7010E94A3
:108B20007E8AD7018C918E7F8C930E94B42981E03C
:108B3000C856DF4F0FB6F894DEBF0FBECDBFDF9132
:108B4000CF911F910F91FF90EF90DF90CF90BF904A
:108B5000AF909F908F907F906F905F904F903F90DD
:108B60002F90089580E0E4CFE0903A0AF0903B0A1D
:108B700000913C0A10913D0A0C9402BB9091BF15E4
:108B800090FF06C09091C00095FFFCCF8093C60077
:108B90009091BF1591FF06C09091C80095FFFCCF42
:108BA0008093CE000895CF93DF9300D01F92CDB76E
:108BB000DEB7611104C06091EA03662371F01C8284
:108BC0001B82898381E08A836B8344E0BE016F5FEF
:108BD0007F4F80EA90E00E941F4D0F900F900F9002
:108BE0000F90DF91CF910895AF92BF92CF92DF9215
:108BF000EF92FF920F93CF93DF936B01C42FD22F8D
:108C000062E80E94074DC6010E9424F27C018C2F6D
:108C100090E0E816F90690F4E114F10401F1CE19A0
:108C2000DD2371F08E199F0996958795D82FC81B63
:108C3000D15030F080E20E94B34CFACF7C01C0E00A
:108C4000B12CA12CAE14BF0451F0F601EA0DFB1DAE
:108C500084910E94B34C8FEFA81AB80AF3CFD0E2E8
:108C6000011101C0D0E0C15020F08D2F0E94B34C03
:108C7000FACFDF91CF910F91FF90EF90DF90CF90DF
:108C8000BF90AF900895DF92EF92FF920F931F93E2
:108C9000CF93DF937B01142FD22E62E80E94074D01
:108CA000E70109900020E9F72197CE19DF09812F0C
:108CB00090E0C817D90798F42097F1F01C1BDD202D
:108CC00081F08C1B9D0B96958795D82E181BDA94F6
:108CD0008FEFD81631F080E20E94B34CF8CFEC0150
:108CE00010E0CE0DDF1DEC16FD0631F0F70181918D
:108CF0007F010E94B34CF7CFC0E2011101C0C0E078
:108D0000115020F08C2F0E94B34CFACFDF91CF91FD
:108D10001F910F91FF90EF90DF900895CF92DF9217
:108D2000EF92FF92C090B10DD090B20DE090B30DD4
:108D3000F090B40DA70196016091BA0D7091BB0D32
:108D40008091BC0D9091BD0D0E9424F387FD04C05D
:108D50008091B00D882379F0C092BA0DD092BB0DEE
:108D6000E092BC0DF092BD0D1092BE0DFF90EF9001
:108D7000DF90CF90089581E08093BE0DF7CFCF9222
:108D8000DF92EF92FF92C090E603D090E703E0906D
:108D9000E803F090E903A70196016091B50D709189
:108DA000B60D8091B70D9091B80D0E9424F387FD08
:108DB00004C08091B00D882379F0C092B50DD09297
:108DC000B60DE092B70DF092B80D1092B90DFF906C
:108DD000EF90DF90CF90089581E08093B90DF7CFA9
:108DE0000F9341E150E069EF71E382EC94E10E945E
:108DF00045F2892B31F48091D31464ED74E1803213
:108E000011F062EC74E140E250E08FE89DE00E94D6
:108E100007FD1092AF0D00E020E040E26FE87DE03A
:108E200080E090E330DF10928B0D10928C0D109249
:108E30008D0D10928E0D0F91089582EC94E1FC013E
:108E400001900020E9F7CF0182509541813C9F4776
:108E500060F4E2ECF4E18FE390E027AD207C203871
:108E600039F08E539B4EFC01108282EC94E1089500
:108E7000019731978F3F980781F7F7CF1F93CF93D3
:108E8000DF93FC0120812B3309F447C020915B0262
:108E9000243008F042C0C42FD62FBC0180915D025F
:108EA00012E6819FC0011124825A9D4F0E94F2FC5C
:108EB00020915D02822F90E0189FF001199FF00D24
:108EC0001124DF01A254BD4FDC93E154FD4FC08358
:108ED000880F991F880F991FFC01E059F44F80916A
:108EE000800B9091810BA091820BB091830B8083BA
:108EF0009183A283B3832F5F243060F420935D02BB
:108F000080915B028F5F80935B0281E0DF91CF9164
:108F10001F91089510925D02F3CF80E0F7CFEF929A
:108F2000FF920F931F93CF93DF93CDB7DEB7649774
:108F30000FB6F894DEBF0FBECDBF7C01FB01608190
:108F40007181828193818E010F5F1F4F22E041E08A
:108F50000E9442EEF70101900020E9F79F012150A5
:108F600031092E193F092233310550F443E350E013
:108F7000421B530BBC01C701820F931F0E946DF26D
:108F8000C70164960FB6F894DEBF0FBECDBFDF9168
:108F9000CF911F910F91FF90EF9008958F929F9224
:108FA000AF92BF92EF92FF921F93CF93DF93CDB713
:108FB000DEB7A0970FB6F894DEBF0FBECDBF611528
:108FC00071058105910589F120E04AE0842E912CFC
:108FD000A12CB12C11E0120FEE24E394F12CEC0E35
:108FE000FD1EE20EF11C27FDFA94A50194010E94DA
:108FF0004EF9F7016083B901CA01212F611571058E
:109000008105910539F7115008F1E1E0F0E0EC0F2E
:10901000FD1FE10FF11D17FDFA95908187E39A304E
:1090200008F480E3890FAADDEECF80E3A0960FB6A7
:10903000F894DEBF0FBECDBFDF91CF911F91FF909F
:10904000EF90BF90AF909F908F9098CDA0960FB665
:10905000F894DEBF0FBECDBFDF91CF911F91FF907F
:10906000EF90BF90AF909F908F900895CF92DF9236
:10907000EF92FF926B017C01F7FE0AC0F094E0943E
:10908000D094C094C11CD11CE11CF11C8DE276DD92
:10909000C701B601FF90EF90DF90CF907FCF41E006
:1090A00060E00C94A99D8091BF1580FF04C0909151
:1090B000D30A9093D40A81FF04C08091510A80930F
:1090C000520A08958F929F92AF92BF92CF92DF92F1
:1090D000EF92FF92CF936B017C01B42E20E030E041
:1090E000A9010E9424F387FF06C08DE247DDF7FA4D
:1090F000F094F7F8F094C0E060E070E080E09FE367
:10910000CB1541F02DEC3CEC4CEC5DE30E9489F377
:10911000CF5FF6CFA70196010E94E1F96B017C01B8
:109120000E942AFB4B015C0139DFCC2361F1C501B0
:10913000B4010E9428F39B01AC01C701B6010E9453
:10914000E0F96B017C018EE219DDC150E0F020E016
:1091500030E040E251E4C701B6010E9489F36B019F
:109160007C010E942AFB4B015C0118DFC501B401A0
:109170000E9428F39B01AC01C701B6010E94E0F9EF
:109180006B017C01E2CFCF91FF90EF90DF90CF9009
:10919000BF90AF909F908F900895CF93DF93CDB7FE
:1091A000DEB760970FB6F894DEBF0FBECDBFE1E427
:1091B000FAE080819181A281B38189839A83AB8314
:1091C000BC8384819581A681B7818D839E83AF8383
:1091D000B88780859185A285B38589879A87AB8773
:1091E000BC8784859585A685B7858D879E87AF8743
:1091F000B88BCE0101960E94399749815A816B81C3
:109200007C8186EF91E30E94E7294D815E816F8129
:10921000788582EF91E30E94E72949855A856B851D
:109220007C858EEE91E30E94E7294D855E856F85F2
:1092300078898AEE91E30E94E72960960FB6F89448
:10924000DEBF0FBECDBFDF91CF910895CF93DF93E7
:10925000CDB7DEB78091400A811110C09E01275F13
:109260003F4F4F8158856FE370E082EC94E10E949C
:10927000ECF282EC94E10E948932B2DDDF91CF9171
:1092800008958F929F92AF92BF92CF92DF92EF920A
:10929000FF920F931F93CF93DF93B4E4A0E06A2F64
:1092A00070E0AB014B0F511D55954795411119C009
:1092B000EBEAFCE265917491072E000C880B990B88
:1092C0000E942AF3DF91CF911F910F91FF90EF90B1
:1092D000DF90CF90BF90AF909F908F900895B42F64
:1092E000E0CF4A1711F0B41303C0E7EBFDE2E2CF81
:1092F0009A0121503109220F331F220F331FF90128
:10930000E755F34DE590F490F901E355F34DC59120
:10931000D4918E159F0518F3A42FC817D90708F408
:10932000BECFF901E555F34D05911491F901E155D1
:10933000F34DC590D4908E199F09BC0190E080E058
:109340000E9428F34B015C01B601601B710B072ED4
:10935000000C880B990B0E942AF39B01AC01C501FC
:10936000B4010E9489F34B015C01CE19DF09BE01F3
:1093700090E080E00E9428F39B01AC01C501B4019C
:109380000E94BDFA6B017C01B801110F880B990B8B
:109390000E942AF39B01AC01C701B6010E94E1F9CA
:1093A00091CFCF92DF92EF92FF920F931F93CF93C3
:1093B000DF93CDB7DEB760970FB6F894DEBF0FBE70
:1093C000CDBFFC016A017B01890190E1DE011196AC
:1093D00001900D929A95E1F7CE0101960E9477894E
:1093E0008091EC099091ED09892BB1F49801B701B6
:1093F000A601CE0101960E9419B760960FB6F894A7
:10940000DEBF0FBECDBFDF91CF911F910F91FF90B7
:10941000EF90DF90CF90089580E0EFCFCF93DF9370
:1094200090916C0E80916B0E891738F0891B8F30EC
:1094300031F480E00E94B738F3CF805FF7CF80919E
:109440006B0E0E940B8CA0916B0E93E6A99FD0012E
:109450001124FD01E357F14FEF0119929A95E9F7B5
:10946000908194609083A655B14F90E1EDE7FEE0C6
:1094700001900D929A95E1F720916B0E90916C0EF0
:10948000291303C094E69093690E80936B0EDF91CD
:10949000CF910C94B429CF93DF93CDB7DEB760970B
:1094A0000FB6F894DEBF0FBECDBF80E1E1E4FAE075
:1094B000DE01119601900D928A95E1F7CE01019699
:1094C0000E947789CE0101960E948B8760960FB625
:1094D000F894DEBF0FBECDBFDF91CF910895DF922C
:1094E000EF92FF920F931F93CF93DF931F92CDB70D
:1094F000DEB78C01D42E7C01E60EF71E8091B309F5
:109500009091B4090E9429F98983DD2011F0F801B6
:109510008083CE0101960E9477B68091B309909125
:10952000B40901969093B4098093B3090F5F1F4F5C
:109530000E151F0519F780E00F90DF91CF911F9155
:109540000F91FF90EF90DF90089590E0FC01E05BB9
:10955000FE4C2491865F9E4CFC018491882399F0F7
:1095600090E0880F991FFC01E051FF4CA591B49148
:10957000FC01EA52FF4C859194918FB7F894EC91DD
:10958000E22BEC938FBF0895CF93C82F41E00E9448
:109590007A2BC11103C0CF910C94FA29CF91089571
:1095A000CF93DF9367EC70E3EFDFC6EFD9E04C8930
:1095B0005D896E897F898FEB90E30E94E729488D52
:1095C000598D6A8D7B8D8CEB90E30E94E7294C8D41
:1095D0005D8D6E8D7F8D89EB90E30E94E72948A118
:1095E00059A16AA17BA186EB90E30E94E729DF9154
:1095F000CF910C94FD29CF92DF92EF92FF92CF93FF
:109600006B017C01AC019B016091AF097091B009C5
:109610008091B1099091B2090E9424F3882309F442
:1096200057C0C091AE0980E00E949E2620E030E045
:10963000A901C701B6010E9408FC18161CF0C12C34
:10964000D12C7601C092AF09D092B009E092B10955
:10965000F092B2092DEB37E346E855EBC701B601AE
:109660000E9408FC87FD0AC02DEB37E346E855E36E
:10967000C701B6010E9424F3181634F5A70196011C
:1096800060E070E080E89FE30E94BDFA6093AA0961
:109690007093AB098093AC099093AD0980EF9FEF75
:1096A000A9E7B4EC8093A6099093A709A093A80911
:1096B000B093A909CC2361F081E0CF91FF90EF90A6
:1096C000DF90CF900C949E2660E070E0CB01DECF5F
:1096D000CF91FF90EF90DF90CF9008950E94563782
:1096E00081111BC00E947337882369F08091550B4C
:1096F000811106C088E999E040E061E00C94A99DE1
:1097000085E59BE0F9CF8091A509813049F084E897
:1097100090E341E06FEF0C94DC9D89EA90E3F9CF90
:109720008DE990E3F6CFCF93E0915C024E2F50E0AD
:1097300092E6E99FF0011124E154FD4F2081283089
:10974000D8F4C091BF1581E001C0880F2A95EAF7CF
:109750008093BF15949FF001959FF00D1124E25462
:10976000FD4F8081811106C081E890E30E94D129DC
:109770000E94FD29C093BF15CF91089581508A3072
:1097800090F5E82F880FFF0B8827E653F4438F4F9F
:109790000C94D8F9D4CBDBCBDECBE1CBD8CBE4CB6C
:1097A000F0CBE7CBEACBEDCB8DE490E30C9424A196
:1097B0008FE390E3FBCF8BE290E3F8CF88E190E377
:1097C000F5CF8BE090E3F2CF8EEF9FE2EFCF80EF0B
:1097D0009FE2ECCF80EE9FE2E9CF83ED9FE2E6CF00
:1097E00083EC9FE2E3CF0895CF93DF9390919209AA
:1097F00091110DC0EA0140E00E948F2D209719F0D1
:10980000CE010E946B2DDF91CF910C94872DDF91BB
:10981000CF9108954F925F926F927F928F929F9215
:10982000AF92BF92CF92DF92EF92FF92CF93DF93EE
:1098300000D000D01F921F92CDB7DEB7DC01149686
:10984000CD90DD90ED90FC9017978D909D90AD9010
:10985000BC90E091670EF091680EFE83ED838481E9
:109860009581A681B78189839A83AB83BC839C0150
:10987000AD01C701B6010E94E0F92B013C01AD81A9
:10988000BE818D919D910D90BC91A02D8D839E8365
:10989000AF83B88727E137EB41ED58EBC301B20145
:1098A0000E9408FC87FDD1C023E030E046E953E484
:1098B000C301B2010E9424F318160CF4C6C02D8116
:1098C0003E814F815885C501B4010E94E0F92B010A
:1098D0003C0127E137EB41ED58EB0E9408FC87FD86
:1098E000B4C023E030E046E953E4C301B2010E9472
:1098F00024F318160CF4A9C020E030E0A9016D8112
:109900007E818F8198850E94E1F92B013C0120E046
:1099100030E04CE052E40E9424F387FF06C0412C63
:10992000512C3CE0632E32E4732E27E137EB41EDFE
:1099300058E3C301B2010E94E0F99B01AC01C501EB
:10994000B4010E9408FC87FD80C020E030E046E9B9
:1099500053E46D817E818F8198850E94E1F92B010E
:109960003C0120E030E041E953E40E9408FC181675
:1099700034F4412C512C21E9622E23E4722E27E18C
:1099800037EB41ED58E3C301B2010E94E1F99B01BD
:10999000AC01C501B4010E9424F318160CF455C0A3
:1099A00020E030E0A90169817A818B819C810E944D
:1099B000E1F94B015C0120E030E040E251E40E941B
:1099C00024F387FF06C0812C912C90E2A92E91E40C
:1099D000B92E27E137EB41ED58E3C501B4010E94F0
:1099E000E0F99B01AC01C701B6010E9408FC87FDAC
:1099F0002CC020E030E046E953E469817A818B8114
:109A00009C810E94E1F94B015C0120E030E041E9DA
:109A100053E40E9408FC181634F4812C912C81E93F
:109A2000A82E83E4B82E27E137EB41ED58E3C501BA
:109A3000B4010E94E1F99B01AC01B1E0B983C70117
:109A4000B6010E9424F318160CF419828981289615
:109A50000FB6F894DEBF0FBECDBFDF91CF91FF9060
:109A6000EF90DF90CF90BF90AF909F908F907F90BE
:109A70006F905F904F9008952F923F924F925F9218
:109A80006F927F928F929F92AF92BF92CF92DF920E
:109A9000EF92FF920F931F93CF93DF93CDB7DEB773
:109AA0006A970FB6F894DEBF0FBECDBF6D877E8775
:109AB0008F87988B298B3A8B4B8B5C8B0D8BEA8E27
:109AC0004090490A50904A0A60904B0A70904C0AA4
:109AD00020E030E040E850E4C301B2010E9408FCFD
:109AE000181634F0412C512C40E8642E40E4742EBA
:109AF0008D859E85AF85B88989839A83AB83BC8326
:109B000089899A89AB89BC898D839E83AF83B88705
:109B100049865A866B867C86CE0101967BDE882339
:109B200009F46DC1E090670EF090680ED7012D9199
:109B30003D914D915C916D857E858F8598890E94C0
:109B4000E0F96E8B7F8B888F998F69837A838B8303
:109B50009C83F701248135814681578169897A89FF
:109B60008B899C890E94E0F99B01AC012D833E8387
:109B70004F835887A0905102B0905202C090530278
:109B8000D0905402830172016E897F89888D998DEE
:109B90000E9432948091000183FD0E94874B809146
:109BA0007F09811104C060E081E00E947A99C09031
:109BB000630ED090640EE090650EF090660E460144
:109BC0005701B7FAB094B7F8B09480917E09282E67
:109BD000312C359427943594279420E030E0A90166
:109BE000C701B6010E9424F387FFD2C0B82DA92D6A
:109BF000FA2DEB2D20E030E040E151E46B2F7A2F7D
:109C00008F2F9E2F0E94E1F92B013C012091490AE0
:109C100030914A0A40914B0A50914C0A0E9424F319
:109C200087FF16C00E94DB4B811112C020E030E09C
:109C300040E252E4C301B2010E94EE95811108C0D6
:109C400020E041E060E070E080E890E40E94F3945E
:109C50000E94DB4B182F811128C020E030E040E04B
:109C600050E4C501B4010E94E0F92B013C01C1019F
:109C700080959095817099272AE0289FB001299FAF
:109C8000700D1124072E000C880B990B0E942AF3EB
:109C90009B01AC01C301B2010E94E0F920E030E079
:109CA00040EA51E40E94EE95182F4090490A5090E6
:109CB0004A0A60904B0A70904C0AA701960160E036
:109CC00070E080E490E40E94E0F9A30192010E9418
:109CD00024F387FF9BC0412C512C20EC622E2FE7F0
:109CE000722E2091630E3091640E4091650E50915A
:109CF000660EC301B2010E94E1F96B017C01AC0167
:109D00009B010E9490FC811153C0FD89F13068F0E5
:109D1000F33008F442C0F33041F420E041E060E069
:109D200070E080E890E40E94F3948A8D833008F418
:109D30004BC0209180093091810940918209509156
:109D400083096D857E858F8598890E94E1F9AB0135
:109D5000BC0188E89FE20E94E729209184093091A4
:109D60008509409186095091870969897A898B898B
:109D70009C890E94E1F9AB01BC0183E89FE20E944B
:109D8000E729B701A6018EE79FE20E94F72B1CC0CE
:109D9000B0E0A0E0F0E0E0E02DCF80E00E94FB2505
:109DA000882319F2C12CD12C90ECE92E9FE7F92ED3
:109DB00080E00E94FB2580EA9FE271D90E94F7298A
:109DC00080E99FE20E94D129C701B6016A960FB6C9
:109DD000F894DEBF0FBECDBFDF91CF911F910F91E1
:109DE000FF90EF90DF90CF90BF90AF909F908F90BB
:109DF0007F906F905F904F903F902F900895C12C6F
:109E0000D12C80ECE82E8FE7F82EDECF112309F459
:109E100068CF61CF6F927F928F929F92AF92BF92E5
:109E2000CF92DF92EF92FF920F931F93CF93DF9326
:109E3000CDB7DEB76C970FB6F894DEBF0FBECDBFBF
:109E4000782E4A015B016801790120E030E0A90128
:109E5000C701B8010E9424F3811111C0772019F0C5
:109E600081E0781291C060E070E081E695E420E046
:109E700030E040E752E40E94BDFA6B017C01072DFF
:109E800010E0F801E558F04DE491772473941E1624
:109E90000CF4712C6624639420E030E0A901C50124
:109EA000B4010E9408FC18160CF0612C80E00E949E
:109EB000478869837A838B839C8381E00E944788EB
:109EC0006D837E838F83988782E00E9447886987AD
:109ED0007A878B879C8783E00E9447886D877E877F
:109EE0008F87988B000F111F000F111FE1E0F0E02A
:109EF000EC0FFD1F0E0F1F1FF8011082118212823E
:109F00001382CE0101960E948B87F8018082918294
:109F1000A282B382198A1A8A1B8A1C8A1D8A1E8A07
:109F20001F8A188E198E1A8E1B8E1C8E8091EC093A
:109F30009091ED09892B49F49E012F5E3F4FB701A7
:109F4000A601CE0101960E9419B70E947A87761465
:109F500031F080917D098823E1F010927D096C96A3
:109F60000FB6F894DEBF0FBECDBFDF91CF911F912A
:109F70000F91FF90EF90DF90CF90BF90AF909F90A8
:109F80008F907F906F90089560E070E086E195E497
:109F90006ECF40E070E060E08DE69FE20E9479368F
:109FA0007F928F929F92AF92BF92CF92DF92EF9269
:109FB000FF920F931F93CF93DF93762E872E982EC9
:109FC000A92EC42F80913702882309F47BC0809189
:109FD0003802811177C0413009F456C0423009F48B
:109FE00064C0F090390200913A0210913B02D09186
:109FF0003C02B0904502C0904602D0904702E090EB
:10A0000048022F2D302F412F5D2F672D782D892D60
:10A010009A2D0E9424F387FD12C02B2D3C2D4D2D2F
:10A020005E2D672D782D892D9A2D0E9408FCFB2C22
:10A030008601DE2D18161CF0F72C8401DA2D84E041
:10A04000C89FA0011124FA01EF5BF54F8F2D902FCF
:10A05000A12FBD2F80839183A283B38347565B4F8B
:10A06000FA016081718182819381DF91CF911F918B
:10A070000F91FF90EF90DF90CF90BF90AF909F90A7
:10A080008F907F900C940A94F0903D0200913E02D4
:10A0900010913F02D0914002B0904902C0904A0214
:10A0A000D0904B02E0904C02ACCFB0904D02C090EB
:10A0B0004E02D0904F02E0905002F12C00E513ECDC
:10A0C000D7EC9FCFB12C80E5C82E93ECD92E27E496
:10A0D000E22EF3CFCF92DF92EF92FF922091E4092C
:10A0E0003091E5094091E6095091E7090E94BDFAD7
:10A0F0006B017C0120E030E0A9010E9408FC1816E9
:10A1000064F4C701B6010E94A7FA0E9425FBCB01A7
:10A11000FF90EF90DF90CF900895C701B6010E94A5
:10A1200056FBF3CFEF92FF920F93CF937C01C62F94
:10A130008CE69FE20E945B9F01E021E040E2B701D4
:10A1400080E291E10E94F4C521E040E26CE67FE20A
:10A1500080E491E10E94F4C521E040E26CE67FE2F8
:10A1600080E691E10E94F4C5C93F11F0C093360228
:10A1700010927C0989EF80937B09CF910F91FF901A
:10A18000EF900895282F30E0F901EA5DF04D9491A9
:10A19000F901E05BFE4C4491265F3E4CF9012491AD
:10A1A000222309F435C0992311F191509231F8F42A
:10A1B000E92FF0E08827E052FF428F4F0C94D8F946
:10A1C00011D115D1F2D009D10DD1F7D018D11ED1AE
:10A1D00022D128D12CD130D136D13AD1F7D03ED1AD
:10A1E00044D148D1809180008F7780938000E22F06
:10A1F000F0E0EE0FFF1FEA52FF4CA591B4918FB72C
:10A20000F894EC91611148C040954E234C938FBF58
:10A210000895809180008F7DE8CF80918000877FB6
:10A22000E4CF84B58F7784BDE2CF84B58F7DFBCF3B
:10A230008091B0008F778093B000D9CF8091B0002B
:10A240008F7DF9CF809190008F7780939000CFCF52
:10A25000809190008F7DF9CF80919000877FF5CF1E
:10A260008091A0008F778093A000C1CF8091A00043
:10A270008F7DF9CF8091A000877FF5CF809120015D
:10A280008F7780932001B3CF809120018F7DF9CF0C
:10A2900080912001877FF5CF4E2BB8CF8F929F9270
:10A2A000AF92BF92CF92DF92EF92FF926B017C014F
:10A2B0000E9490B64B015C01C114D104E104F10489
:10A2C000B9F00E9490B6681979098A099B09683E1D
:10A2D00073408105910580F321E0C21AD108E1089D
:10A2E000F10888EE880E83E0981EA11CB11CE4CF13
:10A2F000FF90EF90DF90CF90BF90AF909F908F90A6
:10A3000008959F92AF92BF92CF92DF92EF92FF9209
:10A310000F931F93CF93DF931F92CDB7DEB78C01BE
:10A320006C01C60ED71EF12CE12CC016D10609F423
:10A330004DC0A090B309B090B409F80191908F017D
:10A340009982C5010E9429F9981691F1692DC501DC
:10A350000E9431F9FFEFEF1AFF0AC7018F779927A3
:10A36000892BF9F062E070E080E090E097DFC501B2
:10A370000E9429F999818917D9F00E94FA2986E962
:10A3800091E30E94D12981E00F90DF91CF911F913D
:10A390000F91FF90EF90DF90CF90BF90AF909F9084
:10A3A000089562E070E080E090E00E94F236DFCF36
:10A3B000CE0101960E9477B68091B3099091B409BD
:10A3C00001969093B4098093B309AFCF80E0DCCFBE
:10A3D0002FB7F894609141177091421780914317FD
:10A3E000909144172FBF08950F93009741F000E01C
:10A3F00020E040E2BC0180E090E30E94F4C5E8DF89
:10A40000605D7A488F4F9F4F60938B0D70938C0DDA
:10A4100080938D0D90938E0D0F910895CF93DF93C0
:10A42000EC0184E00E94AF9281112FC08091491706
:10A4300090914A178C0F9D1F90934A17809349174C
:10A440008091900990919109C80FD91FD0939109DB
:10A45000C0939009BDDF60938C0970938D09809340
:10A460008E0990938F090E94BA29882371F08091F8
:10A47000550290915602019641F4109256021092A4
:10A480005502DF91CF910C94B429DF91CF910895BB
:10A49000CF92DF92EF92FF92CF93DF93EC01BC015A
:10A4A000990F880B990B0E942AF32091E4093091AF
:10A4B000E5094091E6095091E7090E9489F36B0193
:10A4C0007C01CE01ABDFCBE5DEE0A701960168851C
:10A4D00079858A859B850E94E1F9688779878A87D3
:10A4E0009B87DF91CF91FF90EF90DF90CF90089501
:10A4F000CF92DF92EF92FF926BDF6B017C0128E538
:10A50000C20E22E0D21EE11CF11C0E94F34E8F3FCE
:10A51000A1F05EDFA7019601261B370B480B590BF4
:10A52000DA01C901181619061A061B0674F380E031
:10A53000FF90EF90DF90CF90089581E0F9CF1F92C8
:10A540000F920FB60F9211242F933F938F939F93E7
:10A55000AF93BF938091411790914217A0914317F9
:10A56000B09144173091401723E0230F2D3758F551
:10A570000196A11DB11D2093401780934117909320
:10A580004217A0934317B0934417809145179091B9
:10A590004617A0914717B09148170196A11DB11D0C
:10A5A0008093451790934617A0934717B093481789
:10A5B000BF91AF919F918F913F912F910F900FBEBF
:10A5C0000F901F90189526E8230F0296A11DB11D2C
:10A5D000D2CFCF9321E044E954E06FED75E184ECF4
:10A5E00095E10E943EABC82F882321F084EC95E1D1
:10A5F0000E94027E8C2FCF9108958BE1EFEDF5E163
:10A60000AAEFB5E101900D928A95E1F78091CC0D0A
:10A6100080648093CC0D1092C10D8FEF9FEF9093CB
:10A6200029028093280208958091C10D8823F1F0BA
:10A630002FEF3FEF3093290220932802815080931F
:10A64000C10DEFEDF5E1882351F08150990B2BE11D
:10A65000289FF001299FF00D1124EB5EF94E8BE14C
:10A66000AAEFB5E101900D928A95E1F78091C10DB5
:10A67000811105C09091CC0D90649093CC0D0895FC
:10A680000F931F93CF93DF9300D000D01F92CDB7CD
:10A69000DEB79C012F5F3F4F3F832E832FE2FC01EB
:10A6A000208381E08D83CE0106969A83898301976A
:10A6B0009C838B8310E00BE18091C10D181758F437
:10A6C000109FB00111246B5E794ECE0101960E945D
:10A6D000E6B61F5FF1CF8D818B3558F463E277E1E9
:10A6E000CE0101960E94E6B68E819F8101979F83DD
:10A6F0008E83EE81FF81108227960FB6F894DEBF1D
:10A700000FBECDBFDF91CF911F910F910895109291
:10A71000B00D8091CC0D8F778093CC0D0E941637B1
:10A72000882321F083E297E10C94027E08958091C2
:10A73000CC0D84FF04C08460877F8093CC0D089586
:10A74000CF92DF92EF92FF920F931F93CF93DF93FD
:10A75000CDB7DEB7EDB6FEB6DC010D900020E9F70F
:10A760009D01281B390B285F3F4FEDB7FEB7E21B59
:10A77000F30B0FB6F894FEBF0FBEEDBF0DB71EB7BB
:10A780000F5F1F4F9F938F938EE99BE29F938F9351
:10A790001F930F930E94BDF26801F4E0CF0ED11C0D
:10A7A0000F900F900F900F900F900F90D6018D91FA
:10A7B0006D01882349F0082E000C990B0E94AFFC14
:10A7C000F60131978083F2CF69E97BE2C8010E94EC
:10A7D000F3F140E450E0B8018AE399E00E946DF2A1
:10A7E0000FB6F894FEBE0FBEEDBEDF91CF911F9164
:10A7F0000F91FF90EF90DF90CF900895CF938091CD
:10A80000880DC1E08823C9F08091890D90918A0D4F
:10A810004091840D5091850D6091860D7091870D4A
:10A82000DC01ED91FC910288F389E02D24E83BE006
:10A830001995C82F811104C0C0E08C2FCF910895C5
:10A8400040919117509192176091931770919417BE
:10A850004115510561057105B9F08091890D9091FF
:10A860008A0DDC01ED91FC910288F389E02D24E84A
:10A870003BE01995882301F31092911710929217DB
:10A8800010929317109294171092880DD6CFCF92F2
:10A89000DF92EF92FF92CF936B017C01C42F8091E6
:10A8A000840D9091850DA091860DB091870D8C152A
:10A8B0009D05AE05BF0519F1A1DF811107C080E03C
:10A8C000CF91FF90EF90DF90CF9008958091890D08
:10A8D00090918A0DDC01ED91FC910088F189E02DC9
:10A8E00024E83BE0B701A6011995882341F3C09203
:10A8F000840DD092850DE092860DF092870D81E057
:10A90000CC23F1F28093880DDBCF8F929F92AF9290
:10A91000BF92CF92DF92EF92FF92CF93DF9390930B
:10A920008A0D8093890D1092AC1782E090E0A0E030
:10A93000B0E08093951790939617A0939717B093D4
:10A9400098171092880D10929117109292171092EA
:10A950009317109294178FEF9FEFDC018093840D73
:10A960009093850DA093860DB093870D662309F40F
:10A970006EC040E060E070E0CB0189DF81110DC066
:10A98000C0E08C2FDF91CF91FF90EF90DF90CF90C0
:10A99000BF90AF909F908F9008958091420D8F77D8
:10A9A00079F780914E0D90914F0DA091500DB0917F
:10A9B000510D84369105A105B10510F3C0904A0DE3
:10A9C000D0904B0DE0904C0DF0904D0DC114D10482
:10A9D000E104F104A9F240E0C701B60158DFC82F35
:10A9E000882371F280918F0B9091900B811592408A
:10A9F00039F6A091940BAA2319F26091920B7091F1
:10AA0000930B6115710509F4BBCF2091910B2223A3
:10AA100009F4B6CFA093A7172093991790E080E090
:10AA200030E0E1E0F0E0D82FAF01082E02C0440F83
:10AA3000551F0A94E2F72417350769F041E0480FE3
:10AA400001968930910579F74093A21799CFC12CCF
:10AA5000D12C7601C0CF8093A21720919A0B309110
:10AA60009B0B50E040E02115310541F42091A80BEB
:10AA70003091A90B4091AA0B5091AB0B20939A17E0
:10AA800030939B1740939C1750939D174601570195
:10AA9000860E971EA11CB11C8092A8179092A91730
:10AAA000A092AA17B092AB17E091950BF091960B7C
:10AAB000F093AE17E093AD17B0E00E948CF9DC0183
:10AAC000CB01880D991DAA1DBB1D8093AF179093D4
:10AAD000B017A093B117B093B21725E0EE0FFF1F88
:10AAE0002A95E1F7E150FE4FEF2FFF27E6958E0FF5
:10AAF0009F1FA11DB11D8093A3179093A417A0932E
:10AB0000A517B093A6178090970B9090980BB12C37
:10AB1000A12C8114910441F48090A40B9090A50B7A
:10AB2000A090A60BB090A70BC81AD90AEA0AFB0A94
:10AB3000C80CD91CEA1CFB1C04C0F694E794D794FB
:10AB4000C794DA95D2F7C0929E17D0929F17E092E1
:10AB5000A017F092A11785EFC8168FE0D806E10480
:10AB6000F10420F48CE08093AC170ACF80E125EF4C
:10AB7000C2162FEFD206E104F10488F08091B00BE9
:10AB80009091B10BA091B20BB091B30B8093AF1722
:10AB90009093B017A093B117B093B21780E280934F
:10ABA000AC17EFCE4F925F926F927F928F929F92EF
:10ABB000AF92BF92CF92DF92EF92FF920F931F93CB
:10ABC000CF93DF93EC01423051056105710590F49C
:10ABD00080E0DF91CF911F910F91FF90EF90DF9078
:10ABE000CF90BF90AF909F908F907F906F905F902D
:10ABF0004F90089589859A85AB85BC850196A11DE6
:10AC0000B11D84179507A607B70710F38F89803108
:10AC1000C1F5852E962EA72EBB248B899C89AD89E4
:10AC2000BE89880E991EAA1EBB1E280139016A0121
:10AC30007B0141E0C501B4012ADE882349F29F89E6
:10AC4000903181F5DD24EE24FF24F601EE0FFF1F85
:10AC5000EC57F44F118300839A89923008F4B9CFEE
:10AC60004D815E816F817885840E951EA61EB71E6C
:10AC70008092911790929217A0929317B092941786
:10AC8000A8CF803209F0A4CF8B899C89AD89BE8979
:10AC90004A015B01E7E0B694A79497948794EA95FC
:10ACA000D1F7BFCFE894C7F8DD24EE24FF24F601E6
:10ACB000EE0FFF1FEE0FFF1FEC57F44F4082518243
:10ACC00062827382C9CFCF92DF92EF92FF920F938D
:10ACD0001F93CF93DF93FC0181859285A385B48573
:10ACE0000196A11DB11D84179507A607B70750F45B
:10ACF00080E0DF91CF911F910F91FF90EF90DF9057
:10AD0000CF90089587898031A9F5BB27A72F962F6B
:10AD1000852FC388D488E588F6888C0D9D1DAE1DCF
:10AD2000BF1DE9016A017B018F014091840D5091A3
:10AD3000850D6091860D7091870D84179507A60784
:10AD4000B70749F5F8018789803161F5B701A60198
:10AD5000552766277727440F551F4C57544FFA0144
:10AD600080819181B0E0A0E088839983AA83BB832E
:10AD700081E0BFCF803209F0BBCFC388D488E5889B
:10AD8000F688DB01CA01C7E0B695A7959795879528
:10AD9000CA95D1F7C2CF40E0BC01CD0178DD811169
:10ADA000D1CFA6CFB701A6014F77552766277727C2
:10ADB000440F551F440F551F4C57544FFA018081C3
:10ADC0009181A281B381BF70CFCF4F925F926F927A
:10ADD0007F92AF92BF92CF92DF92EF92FF920F934A
:10ADE0001F93CF93DF9300D01F92CDB7DEB78C01B6
:10ADF00049835A836B837C835901C12CD12C760102
:10AE0000412C82E0582E612C712C49815A816B8132
:10AE10007C819E012F5F3F4FC80155DF882319F1C8
:10AE2000F8018585A301920104C0220F331F441F3E
:10AE3000551F8A95D2F7DA01C901C80ED91EEA1E3C
:10AE4000FB1E49815A816B817C8187898031F1F4B5
:10AE500081E0483F5F4F61057105B8F2F501C0829E
:10AE6000D182E282F3820F900F900F900F90DF91CA
:10AE7000CF911F910F91FF90EF90DF90CF90BF90F7
:10AE8000AF907F906F905F904F90089581E0483F22
:10AE90005F4F6F4F7F4008F4B8CFE0CFCF93DF9381
:10AEA000EC018B81882341F1898187FF22C061E019
:10AEB000CE010E940B7EFC01892BF1F08081853E42
:10AEC000D9F08B81823040F489899A89AB89BC8919
:10AED000848F958FA68FB78F8D899E89938F828F50
:10AEE0008D899E89AF89B88DB58BA48B89818F7729
:10AEF0008983DF91CF9182CC81E0888380E0DF91EC
:10AF0000CF91089583E297E1C9DF83E297E10E9440
:10AF1000027E8091CC0D8D7F8E7F8093CC0D109220
:10AF2000C80D1092C90D1092CA0D1092CB0D089544
:10AF30008F929F92AF92BF92CF92DF92EF92FF9249
:10AF40000F931F93CF93DF93EC018B8181110EC080
:10AF500080E0DF91CF911F910F91FF90EF90DF90F4
:10AF6000CF90BF90AF909F908F90089509891A89D4
:10AF70002B893C89041715072607370748F34A0130
:10AF80005B01823031F488869986AA86BB8681E08F
:10AF9000E0CF81149104A104B10449F41886198604
:10AFA0001A861B861C821D821E821F82F0CF088596
:10AFB00019852A853B85E98DFA8D858590E009966E
:10AFC000B901A8014150510961097109082E04C055
:10AFD00076956795579547950A94D2F77501640160
:10AFE000E1E0CE1AD108E108F10804C0F694E79434
:10AFF000D794C7948A95D2F7C416D506E606F70605
:10B0000020F0012B022B032B09F58D899E89AF8936
:10B01000B88D8C839D83AE83BF838E010C5F1F4FE1
:10B02000C114D104E104F10409F4ADCF4C815D8178
:10B030006E817F819801898D9A8D45DE91E0C91AD4
:10B04000D108E108F1088111EBCF82CFC41AD50AEB
:10B05000E60AF70AE2CF8F929F92AF92BF92CF9209
:10B06000DF92EF92FF920F931F93CF93DF9300D065
:10B070001F92CDB7DEB7FC018381813091F080E073
:10B080000F900F900F900F90DF91CF911F910F9124
:10B09000FF90EF90DF90CF90BF90AF909F908F90F8
:10B0A0000895818181FFEBCF81899289A389B48939
:10B0B000892B8A2B8B2B09F45BC07F0140E050E089
:10B0C000BA01CF0135DF8823D1F2F701C18CD28CD0
:10B0D00085889688A788B08C82E090E0A0E0B0E0F8
:10B0E000F60180839183A283B3839E012F5F3F4F3C
:10B0F000B501A401C601E7DD882309F4C0CF00E053
:10B1000010E09801B501A401C6014CDD882309F4C3
:10B11000B6CF89809A80AB80BC80F6018789803168
:10B12000F1F4F8EF8F16FFEF9F06A104B104E8F2E7
:10B13000F701158A168A178A108E118A128A138AC5
:10B14000148A818180688183C701A8DE882309F47D
:10B1500096CF40E050E0BA01C701EADE91CF88EF18
:10B1600088168FEF9806A8068FE0B80608F7BDCFBF
:10B1700081E086CF2F923F924F925F926F927F92A3
:10B180008F929F92AF92BF92CF92DF92EF92FF92F7
:10B190000F931F93CF93DF9300D01F92CDB7DEB7ED
:10B1A0008C014B011A01DC0113968C9113978130AD
:10B1B00009F0CEC011968C9181FFCAC082FDB5C046
:10B1C0006101D80118964D915D916D917C911B970D
:10B1D000C114D10409F417C159968D919C915A97C5
:10B1E000FC0174802FEF270D2A013B0139E0769492
:10B1F0006794579447943A95D1F7722E74207A0148
:10B20000F1E0FF22711020C0E114F104E9F414967A
:10B210004D915D916D917C91179741155105610597
:10B22000710509F09BC055968D919D910D90BC9133
:10B23000A02D0097A105B10509F0A8C0C8010E9482
:10B240005E7E882309F484C0A12C82E0B82EAE185B
:10B25000BF08CA14DB0408F45601D80159964D9171
:10B260005C915A9714968D919D910D90BC91A02D53
:10B270000297A109B109FA01258504C0880F991F19
:10B28000AA1FBB1F2A95D2F7468557856089718909
:10B29000840F951FA61FB71F9C01AD01270D311DFF
:10B2A000411D511D29013A01A11432E0B30609F0F4
:10B2B0007BC08091840D9091850DA091860DB091F9
:10B2C000870D481659066A067B0669F41092880DA8
:10B2D0008FEF9FEFDC018093840D9093850DA093F9
:10B2E000860DB093870D8091890D90918A0DDC01B8
:10B2F000ED91FC910288F389E02D9401B301A20144
:10B300001995882329F1F80180859185A285B38557
:10B310008A0D9B1DA11DB11D80879187A287B387D0
:10B320008A0C9B1CCA18DB084CCFF8014189528952
:10B330006389748980859185A285B38548175907EB
:10B340006A077B0709F43CCFC801F2DD811138CFD1
:10B3500081E0D8018C938FEF9FEF6BC09E012F5F30
:10B360003F4FB1DC8823A1F389819A81AB81BC81F5
:10B37000F801218D328DF9012789203169F4883F48
:10B38000FFEF9F07A105B10508F058CFF8018483AE
:10B390009583A683B78358CF883F2FEF9207A207E4
:10B3A0002FE0B20798F34ACFE114F10429F5F80130
:10B3B000408551856285738581899289A389B48985
:10B3C000481759076A077B07B8F018DA882309F489
:10B3D000BFCF81E08093880D4092840D5092850DFF
:10B3E0006092860D7092870DA501B401C7018C573C
:10B3F000944F0E94C4FC87CF41E0C301B20147DAF9
:10B400008111F2CFA5CFF80181899289A389B489EE
:10B4100084179507A607B70738F48181418B528BB3
:10B42000638B748B80688183F801818183FD18C0F0
:10B43000C1010F900F900F900F90DF91CF911F914E
:10B440000F91FF90EF90DF90CF90BF90AF909F90C3
:10B450008F907F906F905F904F903F902F900895C6
:10B46000C8011CDD8111E4CF73CF2F923F924F9220
:10B470005F926F927F928F929F92AF92BF92CF9284
:10B48000DF92EF92FF920F931F93CF93DF93EC0124
:10B490004B017A018B81811115C08FEF9FEFDF91F6
:10B4A000CF911F910F91FF90EF90DF90CF90BF90C1
:10B4B000AF909F908F907F906F905F904F903F9054
:10B4C0002F900895898180FFE8CF89899A89AB8977
:10B4D000BC89488559856A857B85841B950BA60B9D
:10B4E000B70BA70170E060E084179507A607B707C0
:10B4F00008F47C0167011E0124E0220E311CC114F6
:10B50000D10409F4A7C0488559856A857B855A010D
:10B5100081E0B822898D9A8D2A013B0129E0769439
:10B520006794579447942A95D1F72B81FC012230D8
:10B5300079F5628D738D848D958D640D751D861DD5
:10B54000971D00E012E00A191B09C016D10608F485
:10B5500086010115E2E01E0771F44090840D5090C1
:10B56000850D6090860D7090870D641575058605B4
:10B57000970509F04CC040E08AD9882309F48DCFA3
:10B58000B5016C57744FA801C4010E94C4FC51C09E
:10B59000148111501421A114B10471F411110CC0C3
:10B5A000452B462B472B51F58D899E89AF89B88D48
:10B5B0008C839D83AE83BF83E98DFA8D4C805D8043
:10B5C0006E807F8022E0421A5108610871088585EB
:10B5D00004C0440C551C661C771C8A95D2F78685DE
:10B5E0009785A089B189480E591E6A1E7B1EC3012A
:10B5F000B201610F711D811D911DA3CF4C815D8131
:10B600006E817F8191015FDB8111D6CF46CFA09102
:10B61000890DB0918A0DED91FC9111970088F18907
:10B62000E02D9401AB01BC01CD011995882309F4EB
:10B6300034CF800E911E88859985AA85BB85800FA1
:10B64000911FA11DB11D88879987AA87BB87C01A42
:10B65000D10A55CFC70123CFBF92CF92DF92EF928D
:10B66000FF920F931F93CF93DF93EB01FC01238194
:10B67000223008F49CC040855185628573854F71E6
:10B68000552766277727452B462B472B09F08FC078
:10B690008C011092560B1092550BC12CDD24DA94BC
:10B6A0007E01FBE0EF0EF11C8DE0B82E40E250E091
:10B6B000BE01C801DADE8032910581F021E0892BDC
:10B6C00009F420E0822F8195DF91CF911F910F9196
:10B6D000FF90EF90DF90CF90BF90089528812223B4
:10B6E00009F467C0253E11F02E3229F41092560B52
:10B6F0001092550BDBCF3B853F733F3009F042C0C2
:10B700004A8D5B8D452B61F52F713FEF320F323043
:10B7100038F58D85213041F1C81229C02150330BF5
:10B72000B29EC001B39E900D1124DC01AB5AB44F00
:10B73000FE0120E02B30F0F0468157814F3F51054C
:10B7400019F010F04FE550E04D932F5F32962D30F9
:10B7500089F7288126FF04C0FC01EE59F44F1082BE
:10B760002B8523FDA3CFB0CFC82ED12CD7CFDD247E
:10B77000D394D4CF253018F044815581DFCF418157
:10B780005281DCCFD1100EC0FE0120E020FB2795B6
:10B7900027F93191230FEE16FF06C1F7C21601F308
:10B7A000DD24D3941092560B1092550BD9CF8FEF06
:10B7B0008BCF80E089CF0F931F93CF93DF93FC0152
:10B7C0002381222331F080E0DF91CF911F910F91EF
:10B7D00008958B01EC01FB018789803139F582E006
:10B7E0008B831D8A1E8A1F8A188E808D918DB0E0F2
:10B7F000A0E025E0880F991FAA1FBB1F2A95D1F74B
:10B80000898B9A8BAB8BBC8B1A8F098F81E08983D4
:10B81000188619861A861B861C821D821E821F822C
:10B82000188A1C861D861E861F86CECF803259F64A
:10B8300083E08B83428D538D648D758D4D8B5E8B34
:10B840006F8B788F9E012F5E3F4FC801BEDA81114A
:10B85000DBCFB9CF8091CC0D8F7E8093CC0D8FEF55
:10B860009FEF90932902809328028091E21588230C
:10B8700021F08FED95E10E94027E45E360E083EBCD
:10B8800097E10E94AF7481110CC00E94FA298DE8E3
:10B890009BE20E94D1298091CC0D84FF2DC00C9495
:10B8A000FDD261E083EB97E130D881110DC060E0FB
:10B8B00083EB97E12AD8811107C081E49BE20E94C3
:10B8C000D12989E79BE2E5CF65E977E18FED95E145
:10B8D00072DF811107C081E49BE20E94D12988E6D2
:10B8E0009BE2D7CF8091CC0D80618093CC0D0E94DC
:10B8F000FA298CE59BE2CDCF80917A09882331F03B
:10B9000041E061E08AE49BE20C94DC9D08950F9392
:10B910001F93CF93DF93CDB7DEB7EB970FB6F894B5
:10B92000DEBF0FBECDBF8091CC0D84FF3BC08091A8
:10B9300028029091290297FF26C08BE1EAEFF5E1FA
:10B94000DE01919601900D928A95E1F7CE018196E4
:10B950000E94597F10E000E0BE016F5F7F4FCE0173
:10B9600081967ADE18163CF4CE0101960E94B5B697
:10B97000080F111DF1CF1093290200932802CE0168
:10B9800081960E943B268091280290912902EB9695
:10B990000FB6F894DEBF0FBECDBFDF91CF911F91E0
:10B9A0000F91089590E080E0F2CFEF92FF920F9315
:10B9B0001F93CF93DF93CDB7DEB7EB970FB6F89415
:10B9C000DEBF0FBECDBF8C01A2DF98012F5F3F4FBE
:10B9D00082179307B0F19BDF01977C01E01AF10A0F
:10B9E0008AEF95E10E94597F8BE1EAEFF5E1DE01F4
:10B9F000919601900D928A95E1F710E000E0BE016A
:10BA00006F5F7F4FCE01819627DE181684F4CE013A
:10BA100001960E94B5B6882391F3E016F106F9F479
:10BA2000BE016F5F7F4F88E999E00E94D0B6CE01DA
:10BA300081960E943B26A89581E0909198099111EA
:10BA400001C080E0EB960FB6F894DEBF0FBECDBF0D
:10BA5000DF91CF911F910F91FF90EF9008950F5FAD
:10BA60001F4FCDCF0F931F93CF93DF93CDB7DEB78B
:10BA7000EB970FB6F894DEBF0FBECDBF8C018AEFF7
:10BA800095E10E94597F8BE1EAEFF5E1DE019196A5
:10BA900001900D928A95E1F7BE016F5F7F4FCE0155
:10BAA0008196DADD1816A4F4CE0101960E94B5B68F
:10BAB000882391F3BE016F5F7F4F88E999E00E9470
:10BAC000D0B668E979E0C8010E94D4FC892B21F73F
:10BAD000CE0181960E943B26EB960FB6F894DEBF0E
:10BAE0000FBECDBFDF91CF911F910F910895EF92BF
:10BAF000FF921F93CF93DF93C82F7B011091BF1547
:10BB00008FEF8093BF150E94FA29C130C1F0C6E8BB
:10BB1000DCE28AE99CE20E94D129CE010E94D1296F
:10BB2000B70182E99CE20E94DF290E94FD2910935F
:10BB3000BF15DF91CF911F91FF90EF900895CCE852
:10BB4000DCE2E7CFBC0188EA9BE20E94DF2985EABC
:10BB50009BE20C94D1292F923F924F925F926F9269
:10BB60007F928F929F92AF92BF92CF92DF92EF928D
:10BB7000FF920F931F93CF93DF931F921F92CDB726
:10BB8000DEB7382E7B012DB73EB73A8329838091EB
:10BB90008917811107C010926E171092711781E0FA
:10BBA0008093891780916617811107C010924B17F7
:10BBB00010924E1781E080936617DA018C918F32D4
:10BBC00009F082C08FED95E1F701918380834F5F8B
:10BBD0005F4F31101092C10DF701408051808A01F2
:10BBE0002EE6C22E27E1D22E3BE1232E01151105B0
:10BBF000B9F16DB67EB66FE270E0C8010E94E7FC55
:10BC00005C010817190738F5AC01401B510B55278B
:10BC10004F5F5F4F2DB73EB7241B350B0FB6F8941F
:10BC20003EBF0FBE2DBF8DB79EB701964C01B80128
:10BC30000E946DF2C6010E94027ED7016D917C9137
:10BC400021E0A401C6010E943EAB811143C0C401A2
:10BC500079DF10E000E00FB6F8947EBE0FBE6DBE37
:10BC60003320A9F0D701ED91FC918BE1AAEFB5E16A
:10BC700001900D928A95E1F791E08091C10D8111BB
:10BC800090E08091CC0D90FB86F98093CC0DC8019B
:10BC9000E981FA810FB6F894FEBF0FBEEDBF0F9099
:10BCA0000F90DF91CF911F910F91FF90EF90DF9058
:10BCB000CF90BF90AF909F908F907F906F905F904C
:10BCC0004F903F902F9008958AEF95E1D7018D9383
:10BCD0009C9382CFF701808191814816590611F01B
:10BCE0000E94027ED701CD92DC92332099F0A09180
:10BCF000C10DAA3078F481E08A0F8093C10D2A9E8D
:10BD0000D0011124AB5EB94EF601822D01900D9247
:10BD10008A95E1F7BEE6CB16B7E1DB0669F49BE452
:10BD2000C92E97E1D92E85010F5F1F4F0FB6F894EA
:10BD30007EBE0FBE6DBE5ACF8EE6C82E87E1D82ECE
:10BD4000F2CF1F93CF93DF93CDB7DEB76D970FB6CA
:10BD5000F894DEBF0FBECDBF1D8E1C8EAC01BE01A0
:10BD6000645E7F4F80E0F7DE10E00097A9F0198253
:10BD70001C826C8D7D8D21E0AC01CE0101960E946C
:10BD80003EAB182F882321F0CE0101960E94027E3F
:10BD9000CE0101960E943B26812F6D960FB6F89436
:10BDA000DEBF0FBECDBFDF91CF911F910895EF92FF
:10BDB000FF921F93CF93DF9300D000D000D01F924B
:10BDC000CDB7DEB78091CC0D84FF44DD8091CC0DE2
:10BDD00084FF3BC00E942926811137C08091C20D8B
:10BDE00090E08F969F938F938FE99CE29F938F9320
:10BDF000CE0101967C019F938F930E94BDF28091AA
:10BE0000CC0D0F900F900F900F900F900F9084FF1C
:10BE10001CC0C70196DF182F8823B9F00E94FDD2FD
:10BE2000C7010E94A0D38091C20D8F5F8093C20D85
:10BE3000812F2A960FB6F894DEBF0FBECDBFDF91DB
:10BE4000CF911F91FF90EF9008951092C20D10E0D6
:10BE5000EFCF0E94FA2960919609709197098EE6BA
:10BE600090E30E94DF298BE690E30C94D1298F9216
:10BE70009F92AF92BF92EF92FF920F931F93CF9337
:10BE8000DF931F921F92CDB7DEB77C018091CC0D5E
:10BE900084FD03C0C70156DE6BC0613009F47BC06E
:10BEA00008F473C0623009F4D8C08091CC0D877F4C
:10BEB0008B7F8093CC0D0E9487D3A701BE016F5F5B
:10BEC0007F4F81E048DE8C01009721F369817A8100
:10BED00021E0AC0183E297E10E943EAB882309F4A4
:10BEE000C3C08091341790913517A0913617B09147
:10BEF00037178093C40D9093C50DA093C60DB093D2
:10BF0000C70D1092C80D1092C90D1092CA0D109253
:10BF1000CB0DF090BF158FEF8093BF15B80183ED67
:10BF20009BE20E94DF298090C40D9090C50DA090E7
:10BF3000C60DB090C70D8BEC9BE20E94D129C501C4
:10BF4000B4010E94F9250E94FD298CEB9BE20E941E
:10BF5000D129F092BF15C80185DD8091550B88234A
:10BF600011F005E51BE040E060E0C8010E94A99DDA
:10BF70000F900F90DF91CF911F910F91FF90EF9055
:10BF8000BF90AF909F908F900895B70182E0AFDD92
:10BF90001092C30D8ACF0E941637811104C0B701D9
:10BFA00081E0A5DD82CF8091C30D882399F00E94A6
:10BFB000F7298CE29CE20E94D12981E090E00E9466
:10BFC0002D350E94FD2940E070E060E08BE19CE2AD
:10BFD0000E9479368FEB98E00E9440D3E091C30D28
:10BFE00084E0E89FF0011124E554F74F8091C80DDB
:10BFF0009091C90DA091CA0DB091CB0D8083918312
:10C00000A283B3830E94FA29B70182E09CE20E94D6
:10C01000DF296091C30D89E6689FB0011124615446
:10C02000774F87EF9BE20E94DF298090C80D9090A8
:10C03000C90DA090CA0DB090CB0D81EF9BE20E947C
:10C04000D129C501B4010E94F9250E94FD298091E2
:10C05000C30D8F5F8093C30D28CF0E94FA2981EE14
:10C060009BE20E94D12921CFC80115CFCF93DF9346
:10C07000EB010E94D129CE010E947726DF91CF915A
:10C080000C94FD29EF92FF920F931F93CF93DF93B0
:10C090001F921F92CDB7DEB72091CC0D24FF33C085
:10C0A0007C01BC0182E023DD1092C30D8091CC0D98
:10C0B000877F8B7F8093CC0D0E9487D3A701BE0121
:10C0C0006F5F7F4F80E047DD8C01C70101151105CF
:10C0D00021F169817A8126E5A80183E297E10E9436
:10C0E0003EAB8823C9F08091CC0D81608093CC0D4C
:10C0F000C801B8DCB80184E79CE2B8DF40E060E04A
:10C10000C8010E94A99D0F900F90DF91CF911F91C0
:10C110000F91FF90EF900895C80114DDF4CFCF93F5
:10C120009091CC0D94FF1EC09091C71591111AC02B
:10C130002AE5811121E0C82F44E954E06FED75E153
:10C1400084EC95E10E943EAB811104C084E994E047
:10C15000CF91F8CCC11106C064E974E084E79CE299
:10C16000CF9184CFCF910895FF920F931F93CF93D8
:10C17000DF93CDB7DEB76D970FB6F894DEBF0FBE75
:10C18000CDBF2091CC0D24FF28C0AC01BE01645E60
:10C190007F4F80E0E0DC8C010097F9F06C8D7D8DA5
:10C1A00019821C8222E0AC01CE0101960E943EABB6
:10C1B00081111FC0F12CCE0101960E943B26B801CF
:10C1C000FF2061F186E69CE251DF1092C80D1092CB
:10C1D000C90D1092CA0D1092CB0D6D960FB6F89442
:10C1E000DEBF0FBECDBFDF91CF911F910F91FF90AA
:10C1F0000895CE0101960E942BD88823D9F261E0E0
:10C20000CE0101960E940B7E0097A1F225EEFC0163
:10C2100020831C820E94FED3F82ECDCF8EE49CE2B8
:10C220000E94DF298BE49CE20E94D129D6CF2F9275
:10C230003F924F925F926F927F928F929F92AF92B6
:10C24000BF92CF92DF92EF92FF920F931F93CF9303
:10C25000DF93CDB7DEB7C655D1090FB6F894DEBF70
:10C260000FBECDBF5C017B016DB67EB6BE016F5FB8
:10C270007F4FC501F1D918160CF069C08C85887103
:10C28000803109F083C08DB69EB610E000E0E11465
:10C29000F10439F0F70101900020E9F78F010E1940
:10C2A0001F09C8010D962DB73EB7281B390B0FB6D5
:10C2B000F8943EBF0FBE2DBF8DB79EB701966C019F
:10C2C000080F191FE114F10439F0B7010E94F2FCC4
:10C2D0008FE2F80131978083BE016F5F7F4FC80105
:10C2E0000E94D0B61CAE1FAE21E0A801B501CE0160
:10C2F000CC960E943EAB8823D9F08BE1FE01FC96E0
:10C30000DE01919601900D928A95E1F7B601CE017A
:10C3100081968DDFCE0181960E943B26CE01CC9680
:10C320000E943B260FB6F8949EBE0FBE8DBE9ECFD8
:10C330000E94FA29B8018FEA9FE298DECE01CC96DE
:10C340000E943B260FB6F8949EBE0FBE8DBE0FB660
:10C35000F8947EBE0FBE6DBECA5ADF4F0FB6F8947A
:10C36000DEBF0FBECDBFDF91CF911F910F91FF9028
:10C37000EF90DF90CF90BF90AF909F908F907F9085
:10C380006F905F904F903F902F900895CE0101964F
:10C390000E94B5B6882309F469CFE114F10431F0A5
:10C3A000C7010E9477268FE20E94BEC52D8C3E8C6D
:10C3B0004F8C58A0BE016F5F7F4F88E999E00E94C3
:10C3C000D0B60E94772680E20E94BEC5C201B101AC
:10C3D0000E94F9250E94FD2949CF0F931F9341E048
:10C3E00050E0082E02C0440F551F0A94E2F7052EB4
:10C3F000000C660B770B0091F1091091F209209166
:10C40000F3093091F409402B512B622B732B40938D
:10C41000F1095093F2096093F3097093F409909134
:10C42000F009891303C081E08093EE091F910F91F9
:10C4300008952F923F924F925F926F927F928F92C8
:10C440009F92AF92BF92CF92DF92EF92FF920F93A3
:10C450001F93CF93DF93CDB7DEB7CB5AD1090FB679
:10C46000F894DEBF0FBECDBF2091051530910615A3
:10C470004091071550910815CC55DF4F288339831B
:10C480004A835B83C45AD0408091091590910A1564
:10C49000A0910B15B0910C15C855DF4F8883998377
:10C4A000AA83BB83C85AD040B0900D15A0900E153A
:10C4B00030900F1520901015209111153091121504
:10C4C0004091131550911415C056DF4F28833983BE
:10C4D0004A835B83C05AD0408091B4159091B515C2
:10C4E000A091B615B091B715C656DF4F88839983D2
:10C4F000AA83BB83CA59D0408091BD1581FF05C076
:10C500009091F50998609093F50982FB882780F94E
:10C5100080935A078091CC0D87FDF8C28AE196E09E
:10C520000E94FA68009144151091451501151105F6
:10C5300099F08091CC0D87FDE9C264E176E0CE01EF
:10C5400001960E94971FB801CE0101960E94E52036
:10C55000CE0101960E94CC680091421510914315BE
:10C56000043B110514F404EB10E08091CC0D87FD21
:10C57000CDC26EE076E0CE0101960E94971FB80111
:10C58000CE0101960E94E520CE0101960E94CC6862
:10C590008091CC0D87FDBAC220911B1530911C15DE
:10C5A00040911D1550911E156B2D7A2D832D922DC6
:10C5B0000E94E1F94B018C0186E096E00E94FA6846
:10C5C0008091BD156401780180FD04C0CB2CDA2C6C
:10C5D000E32CF22C8091CC0D87FD98C2C601D701C7
:10C5E000C057DF4F88839983AA83BB83C059D0404B
:10C5F00033E0732ECC56DF4F7882C459D0406FEFB2
:10C6000075E0CE0101960E94971FBE0160577F4FD3
:10C61000CE0101960E940920CE0101960E94CC68AD
:10C620009401A801B601C7010E9424F387FF26C028
:10C630008091CC0D87FD6AC2C401D801C557DF4F78
:10C6400088839983AA83BB83CB58D040C157DF4FDF
:10C650007882CF58D04067EF75E0CE0101960E94F6
:10C66000971FBE0165577F4FCE0101960E9409209A
:10C67000CE0101960E94CC68640178018091CC0DB6
:10C6800087FD44C28FEE95E00E94FA6887E08093B0
:10C690007E09809345078091CC0D87FD37C240907D
:10C6A0004715509048156090491570904A15809133
:10C6B000BD1583FB882780F9C256DF4F8883CE598A
:10C6C000D040C156DF4F1882CF59D040C256DF4FFD
:10C6D00088809980CE59D04090E3890E911C69EEF4
:10C6E00075E08E010F5F1F4FC8010E94971FB401B4
:10C6F000C8010E94E520EB964CAE5DAE6EAE7FAEFB
:10C70000EB9721E0EC962FAFEC976AE50E94821F31
:10C71000BE0169587F4F0E940920C8010E94CC6861
:10C720008091CC0D87FDF2C1C601D701CA57DF4FFA
:10C7300088839983AA83BB83C658D04023E0F22E16
:10C74000C657DF4FF882CA58D04062EE75E0C80184
:10C750000E94971FBE016A577F4FC8010E9409209F
:10C76000C8010E94CC688091BD1584FF27C08091CC
:10C77000CC0D87FDCBC180913E1590913F15A091C6
:10C780004015B0914115CB56DF4F88839983AA831A
:10C79000BB83C559D040C756DF4FF882C959D04036
:10C7A0006CED75E0C8010E94971FBE016B567F4F6C
:10C7B000C8010E940920C8010E94CC68E09042157F
:10C7C000F09043158091CC0D87FB882780F9E11408
:10C7D000F10471F081119AC166ED75E0C8010E9403
:10C7E000971FB701C8010E94E520C8010E94CC68CC
:10C7F000E0904615F12C8091CC0D87FB882780F9BD
:10C80000E114F10441F1811181C160ED75E0C801CD
:10C810000E94971F1F921F928AEC94E09F938F9320
:10C820006E01A2E6CA0ED11CDF92CF920E9421FDBA
:10C83000B601C8010E94EF1F63E50E94821FB70185
:10C840000E94E520C8010E94CC680F900F900F90C5
:10C850000F900F900F908091CC0D87FD57C167EC22
:10C8600075E0C8010E94971FCC55DF4F28813981A0
:10C870004A815B81C45AD040E6962CAF3DAF4EAFA3
:10C880005FAFE69793E0F92EE796FFAEE797BE011C
:10C890006E587F4FC8010E940920C855DF4F28817C
:10C8A00039814A815B81C85AD040E1962CAF3DAFB7
:10C8B0004EAF5FAFE197E296FFAEE29769E50E9467
:10C8C000821FBE0163597F4F0E940920C8010E9448
:10C8D000CC688091CC0D87FD19C18B2D9A2DA32D8D
:10C8E000B22DCF57DF4F88839983AA83BB83C1586A
:10C8F000D040CB57DF4FF882C558D0406FEB75E082
:10C90000C8010E94971FBE016F577F4FC8010E9448
:10C910000920C8010E94CC688091CC0D87FDF6C02B
:10C92000E0901515D09016156BEB75E0C8010E94CC
:10C93000971FDF92EF928AEC94E09F938F936E01A2
:10C9400032E6C30ED11CDF92CF920E9421FDB601C8
:10C95000C8010E94EF1FC8010E94CC688091171582
:10C9600090911815909314028093130260911915F9
:10C9700070911A1580E00E94761B8091CC0D0F906B
:10C980000F900F900F900F900F9087FDBFC0C05673
:10C99000DF4F88819981AA81BB81C05AD040C45899
:10C9A000DF4F88839983AA83BB83CC57D040C0587C
:10C9B000DF4FF882C058D04064EB75E0C8010E9498
:10C9C000971FBE0164587F4FC8010E940920C8010B
:10C9D0000E94CC6887E0EFE1F5E1AEEEB9E00190AE
:10C9E0000D928A95E1F78091F0090E9417218CE061
:10C9F000E6E2F5E1ABE2B9E001900D928A95E1F74C
:10CA00008CE0E2E3F5E1A0E8B9E001900D928A95AF
:10CA1000E1F78091BC158093031581E080936C074A
:10CA20000E9499388091CC0D87FD70C041E650E09E
:10CA30006FEA75E0C8010E9410F2D8010D90002045
:10CA4000E9F7CD010197801B910B8036910550F4D9
:10CA500041E650E0481B590B6BE475E1800F911FD4
:10CA60000E946DF2C8010E94CC688091CC0D87FDB8
:10CA70004DC09090B8158090B9157090BA1560901F
:10CA8000BB156AEA75E0C8010E94971FC356DF4FC5
:10CA9000B881CD59D040BF93C456DF4FE881CC59FF
:10CAA000D040EF93C556DF4FF881CB59D040FF936C
:10CAB000C656DF4F2881CA59D0402F938DECE82EFF
:10CAC00084E0F82EFF92EF92DF92CF920E9421FD38
:10CAD000B601C8010E94EF1F64E50E94821F5C013D
:10CAE0006F927F928F929F92FF92EF92DF92CF92FE
:10CAF0000E9421FDB601C5010E94EF1FC8010E94DE
:10CB0000CC680FB6F894DEBF0FBECDBFC555DF4F62
:10CB10000FB6F894DEBF0FBECDBFDF91CF911F914E
:10CB20000F91FF90EF90DF90CF90BF90AF909F90CC
:10CB30008F907F906F905F904F903F902F900895CF
:10CB4000CF93DF9384EC95E10E943B2683E297E14B
:10CB50000E943B26C3E2D7E16B97CE010E943B26A1
:10CB600086E1C531D807C1F78AEF95E10E943B26DF
:10CB70008FED95E1DF91CF910C943B268091CC0D08
:10CB8000847E8B7F8093CC0D1092C80D1092C90DBE
:10CB90001092CA0D1092CB0D1092C40D1092C50DBB
:10CBA0001092C60D1092C70D1092C30D1092C20DB7
:10CBB0001092C10DE5E1F6E18EE091E0DF019C010C
:10CBC0001D9221503040E1F780910A018E7F8093C1
:10CBD0000A0180910B018095817080930901109268
:10CBE000DF151092E2151092FA151092FD151082C1
:10CBF00013827B9637E1E332F307C9F78DEA94E0BD
:10CC00009093B4178093B3171092B51789E180936E
:10CC1000B7171092BA171092AC17109223171092F0
:10CC2000261781E08093F00D1092F10D1092F20D15
:10CC30001092F30D1092F40D1092F50D1092F60D66
:10CC40001092F70D1092F80D1092F90D1092FA0D46
:10CC50001092FB0D1092FC0D1092FD0D1092FE0D26
:10CC60001092FF0D1092000E1092010E1092020E03
:10CC70001092030E1092040E1092050E1092060EE2
:10CC80001092070E1092080E1092090E10920A0EC2
:10CC900010920B0E10920C0E1092D30D1092D40D18
:10CCA0001092D50D1092D60D1092D70D1092DC0D6A
:10CCB0001092DD0D1092DE0D1092DF0D1092E00D3E
:10CCC0009FEF9093D20D10920E0E10920D0E809148
:10CCD000570E883108F0C4C091E0980F9093570E1A
:10CCE0008093580E90E0FC01EE0FFF1FE80FF91F34
:10CCF000E15FF14F88EB9BE0928381838BE59EE0BF
:10CD00009093680E8093670E1092890E10928A0E8F
:10CD100010928B0E10928C0E1092850E1092860E31
:10CD20001092870E1092880E1092810E1092820E31
:10CD30001092830E1092840E10927D0E10927E0E31
:10CD400010927F0E1092800E1092790E10927A0E31
:10CD500010927B0E10927C0E1092750E1092760E31
:10CD60001092770E1092780E1092710E1092720E31
:10CD70001092730E1092740E10926D0E10926E0E31
:10CD800010926F0E1092700E1092CB171092CC175B
:10CD90001092CD171092CE171092C7171092C81785
:10CDA0001092C9171092CA171092C3171092C41785
:10CDB0001092C5171092C6171092BF171092C01785
:10CDC0001092C1171092C2171092BB171092BC1785
:10CDD0001092BD171092BE1710926C0E10926B0E2F
:10CDE00010926A0E1092690EEDE8FEE08DEB94E170
:10CDF00015AEED59FF4F8E179F07D1F71092BD1456
:10CE00008DE08093C1141092C2141092011580E03D
:10CE10008E7F8D7F8B7F877F809303151092C41543
:10CE20001092C71510921F151092201510922115FF
:10CE30001092221510922315109224151092251588
:10CE400083E08093BF1580ED97E19093C1158093A7
:10CE5000C0158FEC97E19093C3158093C215089588
:10CE60009093580E4BCFCF93DF93CDB7DEB7AB97F0
:10CE70000FB6F894DEBF0FBECDBF789484B5826044
:10CE800084BD84B5816084BD85B5826085BD85B56E
:10CE9000816085BD80916E00816080936E001092EC
:10CEA0008100809181008260809381008091810067
:10CEB00081608093810080918000816080938000F8
:10CEC0008091B10084608093B1008091B000816056
:10CED0008093B00080919100826080939100809156
:10CEE0009100816080939100809190008160809397
:10CEF00090008091A10082608093A1008091A100A8
:10CF000081608093A1008091A00081608093A00047
:10CF100080912101826080932101809121018160B3
:10CF20008093210180912001816080932001809174
:10CF30007A00846080937A0080917A008260809386
:10CF40007A0080917A00816080937A0080917A00E3
:10CF5000806880937A001092C1003090D71714BE79
:10CF60001092C0008091C00082608093C000109237
:10CF7000C50087E08093C4008091C10080618093E8
:10CF8000C1008091C10088608093C1008091C10080
:10CF900080688093C1000E94E8D16B017C0128EE7B
:10CFA000C20E23E0D21EE11CF11C80ED97E10E942D
:10CFB000104A882309F47CC01092C8008091C800F0
:10CFC00082608093C8001092CD0080E18093CC00F5
:10CFD0008091C90080618093C9008091C9008860F8
:10CFE0008093C9008091C90080688093C9000E9425
:10CFF000E8D16B017C0138EEC30E33E0D31EE11C97
:10D00000F11C8FEC97E10E94104A882309F460C05C
:10D0100080E99EE20E94D129809101018061809384
:10D020000101809102018071809300018091800450
:10D0300090918104A0918204B09183048F87988B92
:10D04000A98BBA8BAE01415F5F4F5DA34CA3CE01AC
:10D0500043969C8B8B8BC12C14E2D12E14EFE12EC6
:10D06000F12CACA1BDA1ED91BDA3ACA30E2E000C83
:10D07000FF0BEA5DF04DE491E250E13108F06DC143
:10D08000F0E08827E95BF7418F4F0C94D8F9ADE9C0
:10D09000ADE9ADE9ADE9ADE978E878E8E6E8E6E8DC
:10D0A000E6E8F8E8F8E8F8E8ADE907E907E907E9AC
:10D0B0000E94E8D1A7019601261B370B480B590B9C
:10D0C000DA01C901181619061A061B068CF374CF6B
:10D0D0000E94E8D1A7019601261B370B480B590B7C
:10D0E000DA01C901181619061A061B068CF390CF2F
:10D0F000B2E0BF8B1F8E1E8EE1EBF0E0FE8BED8B5E
:10D1000020EB30E03B8F2A8F66246A94712C8EE0EE
:10D11000E4E8F4E0DE01119601900D928A95E1F7C2
:10D12000930150E040E0FBE0220F331F441F551FE6
:10D13000FA95D1F7C701B6010E944EF92901FFEF18
:10D140004F1A5F0A2F89223009F070C031E038A7EA
:10D1500043E049A7CE0101969FA38EA391E09C8F47
:10D16000A1E0AD8F1BA2EFEFF0E0F98FE88FAEA149
:10D17000BFA10D911D91BFA3AEA3C801B0E0A0E077
:10D18000EF89E23009F457C080329105A105B1055D
:10D1900009F4B0C080389105A105B10509F4AAC011
:10D1A0009801A8EEB3E00E9496F99B01AC01C7017B
:10D1B000B6010E944EF9C90101973695279500974F
:10D1C000E1F541E050E059A348A33EC033E03F8B76
:10D1D00046E950E05F8F4E8F81E990E09E8B8D8B0A
:10D1E000A0E9B0E0BB8FAA8F66246A94762C8FCF1B
:10D1F000B4E0BF8BE6EAF0E0FF8FEE8F21EA30E08B
:10D200003E8B2D8B40EA50E05B8F4A8FEDCF55E08F
:10D210005F8B86E291E09F8F8E8FA1E2B1E0BE8BA3
:10D22000AD8BE0E2F1E0FB8FEA8FDECF5AE058A74A
:10D230006EE069A78FCF9301C30179A268A286151A
:10D24000970510F499A388A32115310509F4A3C10A
:10D250006AA2272C2615370510F42AA3232E28A10D
:10D2600039A12F5F3F4FD8010E9496F99B01AC0175
:10D27000C701B6010E944EF949013BA72AA79801B0
:10D28000AAA1B22D0E9496F99B01AC01220F331F77
:10D29000441F551FC701B6010E944EF9D90169EE1E
:10D2A000461663E0560608F47AC1B20188EE93E0B0
:10D2B000FB01E81BF90B8AA59BA5893E934008F466
:10D2C00072C1B40188EE93E0681B790BA93EB340AC
:10D2D00008F46DC1C901A8EEB3E08A1B9B0B6E1761
:10D2E0007F0720F48617970708F065C18E179F0700
:10D2F00008F46BC14C8D4F5F4C8F483009F037CF2D
:10D30000AA8DBB8D8C918C7F9D8D9370892B8C9376
:10D31000ED89FE892081FD8D8F2F90E09595879571
:10D320009595879563E0880F991F6A95E1F7277EA9
:10D33000822BAD89BE898C938C91887FBBA18B2B6E
:10D34000ED89FE898083FF89F23039F0E88DF98D0F
:10D35000AE8DBF8D1196FC93EE932B893C894CA129
:10D360005DA12417350709F07CCE809101018F7DE6
:10D370008093010180910201809580728093000169
:10D38000809101018F7B8093010180910201809542
:10D390008074809300010E94333530FE04C087E81A
:10D3A0009EE20E94D12931FE04C086E79EE20E94DF
:10D3B000D12932FE04C084E69EE20E94D12933FEC8
:10D3C00004C083E59EE20E94D12935FE04C082E4B8
:10D3D0009EE20E94D1298BE29EE20E94D1290E9406
:10D3E000FA2987EF9DE20E94D1290E94FA298FED48
:10D3F0009DE20E94D1290E94FA298091D117909133
:10D40000D2178E010F5F1F4FB801009709F4E6C0D5
:10D41000681B790B80ED9DE20E94A23589EB9DE2AD
:10D420000E94D12980E396E00E94FC340E94FD29ED
:10D430000E9452A30E946ECB0E942ADC80913E176C
:10D44000811107C00E9407A8882319F081E080930A
:10D450003E1720912B0930912C0940912D095091B4
:10D460002E096091410A7091420A8091430A90917D
:10D47000440A0E94E1F96093410A7093420A809342
:10D48000430A9093440A20912F093091300940912A
:10D490003109509132096091450A7091460A809194
:10D4A000470A9091480A0E94E1F96093450A7093F7
:10D4B000460A8093470A9093480A20913309309195
:10D4C000340940913509509136096091490A7091AB
:10D4D0004A0A80914B0A90914C0A0E94E1F96093AC
:10D4E000490A70934A0A80934B0A90934C0A0E940F
:10D4F000EC959D9AA5986D9A75988091BD148111AF
:10D5000002C06B9A739A87ED80937A0010927E0026
:10D5100010927D0080917E00826080937E008091D9
:10D520007D00806480937D0080E887BD80916E00DF
:10D53000826080936E00E7EBFDE2C590D49055E0E9
:10D54000C516D1041CF445E0C42ED12CD092330270
:10D55000C09232020D2C000CEE08FF08A0902E02A3
:10D56000B0902F02C5010E9441C92B013C01C701A7
:10D57000B6010E942AF39B01AC01C301B2010E94D3
:10D5800024F387FF2EC060E1A61AB108B0922F02E3
:10D59000A0922E02E3CF51E05AA3212C60CEC2010B
:10D5A00068EE73E085CEC40168EE73E08DCED901DC
:10D5B00088EE93E092CE240199A59D8FAC8DABA30C
:10D5C000E8A1F9A1F98FE88F95CE2901F8A5FD8F83
:10D5D0002C8D2BA33AA1388F298E8CCE675D774195
:10D5E00019CFEBEAFCE2C590D49081E0C81AD108CB
:10D5F00092E3C91691E0D90624F031E3C32EDD246D
:10D60000D394D0923502C09234020D2C000CEE0857
:10D61000FF08A0903002B0903102C5010E9441C9BC
:10D620002B013C01C701B6010E942AF39B01AC010A
:10D63000C301B2010E9408FC181644F4A0E1AA0E2E
:10D64000B11CB0923102A0923002E3CF80912A0245
:10D6500090912B020E94D18020E030E040EA50E41B
:10D66000F3D787FF0AC080912A0290912B0240973E
:10D6700090932B0280932A02E9CF80912C02909103
:10D680002D020E94D18020E030E04AEF52E40E9457
:10D6900008FC181654F480912C0290912D024096AB
:10D6A00090932D0280932C02E8CF0E94B99B809822
:10D6B000889A0A98129A80910101877F80930101CC
:10D6C0008091020180958870809300011092290951
:10D6D000109228090E94C39780910701816080936E
:10D6E00007018091070188608093070180910701FD
:10D6F000806880930701859A869A8E9A6C9A749AAC
:10D7000080910701806180930701809108018095D5
:10D71000807180930601839A8B9A879A8F988E9A4C
:10D7200080917E098E7F80937E09809107018460BD
:10D730008093070180910801847080930601749A98
:10D7400080917E098D7F80937E09809107018062A0
:10D750008093070180910801807280930601809177
:10D760000801809580718093060180917E098B7FEE
:10D7700080937E09849A8C988B9A809180008C7F0C
:10D780008093800080918100877E886080938100F3
:10D79000809180008F738093800080918100887FCA
:10D7A00082608093810080E090E490938900809370
:10D7B000880010928500109284000E94B429789409
:10D7C0000E94CC818091580E883108F041C090E0D1
:10D7D000FC01EE0FFF1FE80FF91FE15FF14F8081A1
:10D7E00080788760808387E00E94A5CA1092590ED6
:10D7F00010925A0E8091580E2CE0622F0E94A5F9CB
:10D8000090E0829FB001112430E020E0AB01420F94
:10D81000531FFA01EE0FFF1FE40FF51FE15FF14FF9
:10D82000408147FD07C02F5F3F4F2C30310571F716
:10D830000E94214AE091580E8E2F90E0FC01EE0FDD
:10D84000FF1FE80FF91FE15FF14F8081806880833F
:10D8500088E59EE00E94124A6AE570E088E59EE055
:10D860000E94434A10927F090E94C3970E94874BEF
:10D870000E94534B80912A09882319F10E946D4B15
:10D8800076E9C72ED12CE12CF12CC982DA82EB8209
:10D89000FC82B80186E90E94294BC982DA82EB82B8
:10D8A000FC82B80182E80E94294BC982DA82EB82AD
:10D8B000FC82B80186E90E94294B0E94534B1092CA
:10D8C0002A0988E198E20FB6F894A8958093600041
:10D8D0000FBE909360000E948B2D83E080937A09A5
:10D8E0002DE0322E3AE0432E47E9842E4EE2942E6C
:10D8F00053E0552E63EF662E6EE2762E80E00E9496
:10D90000B7388091CC0D87FF1EC01092C20D877F63
:10D910008B7F8093CC0D0E9487D310925D02109272
:10D920005C0210925B020E942A960E944D9C0E940B
:10D93000BA801092C014109237090E940B26909260
:10D9400039098092380980917A09EDB6FEB610E067
:10D9500000E0843009F441C0ADB6BEB6609138092C
:10D960007091390910E000E06115710509F067C098
:10D9700080913A09882309F400C1EAE3F9E08F01B4
:10D980000A531940F190FF2019F0BAE0FB12F7CFCB
:10D990000115110559F0F801E65CF64F10828AE393
:10D9A00099E00E94722480E00E942D5481E0F110E1
:10D9B00001C080E0800F982FE92FF0E0E65CF64F81
:10D9C0002081E92FE81BF0E0E65CF64F208322235C
:10D9D00009F470C09F5FF0CF8C01F801E154F14D64
:10D9E000E491C8010196EE2311F0EA30A9F7EDB7F2
:10D9F000FEB7E81BF90B0FB6F894FEBF0FBEEDBFE4
:10DA00002DB73EB72F5F3F4F6901A8016FEB7EE254
:10DA1000C901E0D4F601E00FF11F10824FEF61E081
:10DA2000C6010E943EC70FB6F894FEBE0FBEEDBE03
:10DA3000882309F491CF50927A098ECF8601FB0199
:10DA4000E00FF11F249068013FEFC31AD30A222090
:10DA500019F04AE02412F2CF8DB79EB78C199D09B8
:10DA60000FB6F8949EBF0FBE8DBFADB7BEB711966F
:10DA70007D01A801CD01AED4F701E00FF11F1082A6
:10DA8000222009F477C08091380990913909C80E95
:10DA9000D91ED0923909C0923809012B31F0C70143
:10DAA0000E94722480E00E942D540FB6F894BEBEEE
:10DAB0000FBEADBE90917D0980913F17981709F474
:10DAC0001DCF80917D0980933F1780917D09882328
:10DAD00009F414CF0E94FA2987E19FE20E94D1291C
:10DAE00080917D0910E280FF0AC080E00E944D898C
:10DAF000AB01BC0183E19FE20E94E72918E5809118
:10DB00007D0900E281FF0AC081E00E944D89AB01DE
:10DB1000BC018FE09FE20E94E72909E580917D0921
:10DB200082FFADC082E00E944D89AB01BC018BE059
:10DB30009FE20E94E7299AE5F92E0E94FD291F9293
:10DB400080E28F931F92FF921F920F931F921F9359
:10DB50007F926F928CEF9EE29F938F931F920E9411
:10DB600026C9EDB7FEB73D960FB6F894FEBF0FBEBF
:10DB7000EDBFC4CED12CC12C8CCF80915B02882309
:10DB800009F498CF8091CC0D80FF64C000915C02B5
:10DB9000E2E60E9F80011124025A1D4F6FEE7EE2D5
:10DBA000C80181D4009739F0DC0113968C91805321
:10DBB0008A3008F048C0F80101900020E9F7319759
:10DBC0007F01E01AF10A109223176EE470E0C80199
:10DBD0000E94E7FC6C01009739F5B1E0EB1AF108FF
:10DBE000F801EE0DFF1D318242821382F80101908F
:10DBF0000020E9F73197AF01401B510BB80183E2D8
:10DC000097E10E94BAD880912317882331F00E94AF
:10DC1000F72985EC9EE20E94D1298091CC0D81FDEF
:10DC200019C00E9493CB18C060E270E00E94E7FC2C
:10DC30008C010F5F1F4F6AE270E0C6010E94E7FC93
:10DC4000FC013197D0CF0E9482D78CED9EE20E94DA
:10DC5000D129E7CF0E94E56F80915B02882309F408
:10DC600029CF90915C029F5F943030F490935C02D6
:10DC7000815080935B021ECF10925C02F9CF80E24C
:10DC8000F82E5BCFEF920F931F93CF93DF93E801B2
:10DC900034E047FD34E1042E000C550B57FF03C060
:10DCA000519541955109E32E022F242FAE0189D7BA
:10DCB000CE01DF91CF911F910F91EF9008958F9238
:10DCC0009F92AF92BF92CF92DF92EF92FF920F930B
:10DCD0001F93CF93DF935C017B016115710519F0F0
:10DCE000DB018D939C9385010F5F1F4FF501D08160
:10DCF0008D2F90E067D36C01892BA9F5DD32A9F552
:10DD00000F5F1F4FD5011196DC91C1E05801F1E082
:10DD1000AF1AB10843E050E068E371E0C5019DD35C
:10DD2000892B61F5680182E0C80ED11C45E050E006
:10DD300063E371E0C60191D3892B21F4680197E078
:10DD4000C90ED11CE114F10419F0D701CD92DC9277
:10DD500060E070E080E89FEFC111FAC060E070E021
:10DD600080E89FE7F5C05801BECFDB3229F485017A
:10DD70000E5F1F4FF501D181C0E0C8CF43E050E0F6
:10DD800060E371E0C50169D3892BE9F0F80110E087
:10DD900000E020E030E0A9015F01B0ED8B2E8D0E98
:10DDA00089E08815C8F19C2E689491F88C2F8870B2
:10DDB000C2FF16C0811102C00F5F1F4F3196D501FF
:10DDC000DC91C92DE9CFE114F10429F00E5F1F4F5A
:10DDD000F7011183008360E070E080EC9FE7B8C03A
:10DDE000882311F001501109A5E0B0E00E948CF9E0
:10DDF0009B01AC01220F331F441F551F280D311DFD
:10DE0000411D511D283999E93907490799E15907F9
:10DE1000A8F2C6609C2ED2CFAEEF8A1206C0C3FD18
:10DE20003CC09C2E689493F8C9CFDF7DD534A9F50A
:10DE300080818D3239F4C061DF011296818162E008
:10DE400070E006C0DF018B32C1F3119661E070E033
:10DE500080535D01A61AB70A8A30F8F4E0E8CE16BE
:10DE6000ECE0DE065CF4B601660F771F660F771FE5
:10DE7000C60ED71ECC0CDD1CC80ED11C5D01FFEFF9
:10DE8000AF1ABF0A8C9180538A3098F1C4FF03C047
:10DE9000D194C194D1080C0D1D1DC1FF09C0E1141E
:10DEA000F10431F081E0A81AB108D701AD92BC921B
:10DEB000CA01B901CDD3C370C33009F490584B01E6
:10DEC0005C0120E030E0A901BFD3882309F43EC003
:10DED000C7E6D1E017FF05C0119501951109CFE400
:10DEE000D1E06E01B8E1CB1AD10880E2E82EF12C26
:10DEF0000EC0D501B3CFFE012591359145915491C6
:10DF00000E191F09C501B40104D44B015C01D501F0
:10DF1000C4010E151F057CF72497F594E794CC16E1
:10DF2000DD06A9F78A2F880F8B2F881F8F3F41F0BE
:10DF300020E030E0A901C501B40186D3811106C0FB
:10DF400082E290E09093D6178093D517C501B40173
:10DF5000DF91CF911F910F91FF90EF90DF90CF90C5
:10DF6000BF90AF909F908F9008953F924F925F9295
:10DF70006F927F928F929F92AF92BF92CF92DF92D9
:10DF8000EF92FF920F931F93CF93DF935C016B018E
:10DF90007A016115710519F0FB0191838083E11409
:10DFA000F10451F0C7010297839730F040E030E070
:10DFB00020E090E06AC05E01E5012196F501108144
:10DFC000812F90E0FFD1892BB1F71D3201F5219609
:10DFD000F501118101E0E114F10409F4E6C0F0E17A
:10DFE000EF16F10409F088C0103359F488818F7D51
:10DFF000883509F07CC0198122960260F0E1EF2E8D
:10E00000F12C812C912CA12C88E0B82E92C01B32CF
:10E0100021F4E5012296F501118100E0DCCFEAE070
:10E02000EE16F10409F4C7C0F0E1EF16F10409F0AF
:10E0300073C0E7CF78E0E72EF12C812C912CA12C36
:10E0400060E1B62E76C021E0ADC0302F3170C11432
:10E05000D10431F0222371F12197F601D183C083DD
:10E0600027FF2EC060E070E080E090E8311104C02E
:10E070006FEF7FEF8FEF9FE722E230E03093D6170C
:10E080002093D517462F372F282F642F732F822FD9
:10E09000DF91CF911F910F91FF90EF90DF90CF9084
:10E0A000BF90AF909F908F907F906F905F904F90B8
:10E0B0003F90089501FF04C02297F601D183C083E9
:10E0C000332341F090958095709561957F4F8F4FE8
:10E0D0009F4FD8CF97FFD6CF82E290E09093D6178C
:10E0E0008093D5176FEF7FEF8FEF9FE7CBCF10E3D4
:10E0F000E114F10409F49ECF28E0E216F10409F4DA
:10E100009CCF0CF08CCF812C912CA12CE0E4BE2E66
:10E1100082E0E816F10469F060E070E080E090E8E9
:10E1200097010F2C000C440B550B0E944EF949012E
:10E130005A0120E060E070E0CB0127010F2C000CB9
:10E1400066087708FE0150ED352E310E39E03315A3
:10E1500070F43FEB310F49EC342E3A3138F03FE99F
:10E16000310F3A3108F071CF39EA332E310E3E14B7
:10E170001F040CF06ACF27FD15C086169706A80667
:10E18000B90678F0A30192010E943FF9630D711D59
:10E19000811D911D61307105810520E8920708F409
:10E1A00052CF2FEF21961081CDCF103309F41ECF1F
:10E1B0002AE0E22EF12C9CEC892E982CA82C9CE0D5
:10E1C000B92EB7CF3F924F925F926F927F928F920C
:10E1D0009F92AF92BF92CF92DF92EF92FF920F93F6
:10E1E0001F93CF93DF935C016B017A016115710579
:10E1F00019F0FB0191838083E114F10449F0C70118
:10E200000297839728F060E070E0CB0199C05E012F
:10E21000E5012196F5011081812F90E0D3D0892B63
:10E22000B1F71D3209F05BC02196F501118101E0C3
:10E23000E114F10409F4B9C0F0E1EF16F10409F0BA
:10E240009AC0103341F488818F7D883509F08EC0E3
:10E25000198122960260E0E1EE2EF12C88248A9446
:10E26000982CA82CFFE0BF2E20E060E070E0CB01EE
:10E2700027010F2C000C66087708FE0150ED352EA3
:10E28000310E39E0331568F43FEB310F49EC342E91
:10E290003A3130F03FE9310F3A31A8F539EA332EFF
:10E2A000310E3E141F047CF52F3FB1F08616970601
:10E2B000A806B90630F1A3019201E1D7232D30E081
:10E2C00050E040E0620F731F841F951F62177307B1
:10E2D00084079507B0F021E021961081CECF1B3244
:10E2E00021F4E5012296F501118100E0A1CF78E04B
:10E2F000E72EF12C88248A94982CA82C6FE1B62E56
:10E30000B3CF2FEFE9CFC114D10431F0222351F163
:10E310002197F601D183C08300FF07C090958095B7
:10E32000709561957F4F8F4F9F4F2F3F49F482E249
:10E3300090E09093D6178093D5176FEF7FEFCB01C6
:10E34000DF91CF911F910F91FF90EF90DF90CF90D1
:10E35000BF90AF909F908F907F906F905F904F9005
:10E360003F90089501FFD8CF2297D3CF10E3E11457
:10E37000F10409F4BCCF3AE0E316F104E1F080E1E6
:10E38000E816F10409F467CFE8E0EE16F10409F4A9
:10E39000B1CF6FEF7FEFCB0197010F2C000C440B37
:10E3A000550B7CD749015A015FCF103309F44BCF8D
:10E3B0009AE0E92EF12C89E9882E982CA82C89E185
:10E3C000B82E52CF91114DC6803219F08950855028
:10E3D000D0F70895FB01DC0102C005900D92415079
:10E3E0005040D8F70895FB01DC010D900020E9F7BB
:10E3F000119705900D920020E1F70895FC0105901A
:10E40000061621F00020D9F7C00108953197CF01F9
:10E410000895FB01DC0105900D920020E1F70895BD
:10E42000DC01FB014150504058F049F005900D923D
:10E430000020C1F7E61BF70B3197CF0108951C921E
:10E4400005900020E9F7F6CFFC0105900020E9F7E0
:10E45000809590958E0F9F1F0895FB01DC01415020
:10E46000504088F08D9181341CF08B350CF4805E27
:10E47000659161341CF06B350CF4605E861B611194
:10E4800071F3990B0895881BFCCFFB01DC0141500F
:10E49000504030F08D910590801919F40020B9F7A3
:10E4A000881B990B0895FB0155915523A9F0BF01D5
:10E4B000DC014D9145174111E1F759F4CD0105906B
:10E4C000002049F04D9140154111C9F3FB01411164
:10E4D000EFCF81E090E001970895DC01FB0141500E
:10E4E000504058F049F001900D920020C1F7E61B12
:10E4F000F70B3197CF0108951C9201900020E9F7A6
:10E50000F6CF0F931F93CF93DF93CDB7DEB72E9740
:10E510000FB6F894DEBF0FBECDBF0E891F89888D60
:10E52000998D2EE02C831A83098397FF02C080E027
:10E5300090E801979E838D83AE01445E5F4F6A8DA4
:10E540007B8DCE01019648D14D815E8157FD0AC079
:10E550002F813885421753070CF49A01020F131FBD
:10E56000F80110822E960FB6F894DEBF0FBECDBF15
:10E57000DF91CF911F910F9108950F931F93CF9328
:10E58000DF93CDB7DEB72E970FB6F894DEBF0FBE80
:10E59000CDBF0E891F898EE08C831A8309838FEF8C
:10E5A0009FE79E838D83AE01465E5F4F688D798DB8
:10E5B000CE01019611D12F813885020F131FF8016A
:10E5C00010822E960FB6F894DEBF0FBECDBFDF913E
:10E5D000CF911F910F9108950F931F93CF93DF93C6
:10E5E000CDB7DEB72E970FB6F894DEBF0FBECDBF06
:10E5F0008C01FA018EE08C831A83098377FF02C0B5
:10E6000060E070E8615071097E836D83A901BF01EC
:10E61000CE010196E1D04D815E8157FD0AC02F8168
:10E620003885421753070CF49A01020F131FF801A3
:10E6300010822E960FB6F894DEBF0FBECDBFDF91CD
:10E64000CF911F910F91089540D008F481E0089573
:10E65000E89409C097FB3EF490958095709561957C
:10E660007F4F8F4F9F4F9923A9F0F92F96E9BB2732
:10E670009395F695879577956795B795F111F8CFAE
:10E68000FAF4BB0F11F460FF1BC06F5F7F4F8F4F19
:10E690009F4F16C0882311F096E911C0772321F00F
:10E6A0009EE8872F762F05C0662371F096E8862FA7
:10E6B00070E060E02AF09A95660F771F881FDAF7FE
:10E6C000880F9695879597F90895990F0008550F2B
:10E6D000AA0BE0E8FEEF16161706E807F907C0F0E8
:10E6E00012161306E407F50798F0621B730B840BF0
:10E6F000950B39F40A2661F0232B242B252B21F4CA
:10E7000008950A2609F4A140A6958FEF811D811D69
:10E7100008950BD064C555D528F05AD518F0952327
:10E7200009F046C54BC511248EC56AD5A0F3959F47
:10E73000D1F3950F50E0551F629FF001729FBB27E8
:10E74000F00DB11D639FAA27F00DB11DAA1F649F94
:10E750006627B00DA11D661F829F2227B00DA11D47
:10E76000621F739FB00DA11D621F839FA00D611DCD
:10E77000221F749F3327A00D611D231F849F600DEE
:10E78000211D822F762F6A2F11249F5750408AF027
:10E79000E1F088234AF0EE0FFF1FBB1F661F771FB3
:10E7A000881F91505040A9F79E3F510570F000C559
:10E7B0004AC55F3FECF3983EDCF386957795679505
:10E7C000B795F795E7959F5FC1F7FE2B880F911DD1
:10E7D0009695879597F908952F923F924F925F9261
:10E7E0006F927F928F929F92AF92BF92CF92DF9261
:10E7F000EF92FF920F931F93CF93DF9300D000D03F
:10E8000000D01F921F92CDB7DEB77C013B018A0179
:10E81000FC0117821682838181FFD0C1CE0101964F
:10E820005C01F7019381F30193FD859193FF819141
:10E830003F01882309F449C1853239F493FD85915C
:10E8400093FF81913F01853221F4B70190E022D4FA
:10E85000E8CF912C212C312CFFE1F31538F08B32CD
:10E8600011F190F4803209F1833229F137FC3CC078
:10E8700020ED280F2A3050F536FE20C08AE0989E01
:10E88000200D1124922E06C08D3291F0803371F745
:10E89000689430F8F30193FD859193FF81913F01D6
:10E8A0008111DACF21C0689431F8689432F8F2CF40
:10E8B000689433F8EFCF689434F8ECCFEAE02E9EFA
:10E8C000200D1124222E689435F8E4CF8E3229F4DD
:10E8D00036FCFBC0689436F8DDCF8C3619F46894AA
:10E8E00037F8D8CF8836B1F2982F9F7D9554933062
:10E8F000D8F0833691F18337B1F1833509F05EC0EA
:10E900002801F2E04F0E511CF801C080D180692D22
:10E9100070E036FC02C06FEF7FEFC601A5D34C015B
:10E92000689437F882010AC00C5F1F4FFFE3F98338
:10E9300088248394912C6501E89437F833FE2AC02B
:10E94000522C8114910459F5552009F46ACFB7016E
:10E9500080E290E09FD35A94F7CFF80180818983B9
:10E960000E5F1F4FE5CF2801F2E04F0E511CF8015A
:10E97000C080D180692D70E036FC02C06FEF7FEF60
:10E98000C6017DD34C018201D7CFB70180E290E070
:10E9900081D32A942814190409F0B8F7D1CFF601CD
:10E9A00037FC859137FE81916F01B70190E072D3FA
:10E9B00051105A94F1E08F1A9108C3CF843619F0A0
:10E9C000893609F073C0F80137FE67C06081718134
:10E9D000828193810C5F1F4FF32DFF763F2E97FFAF
:10E9E00009C090958095709561957F4F8F4F9F4F8F
:10E9F000689437F82AE030E0A5017CD3C82ECA1805
:10EA00008C2C432C36FE0CC0E89440F8C91440F41A
:10EA100034FE05C032FC03C0F32DFE7E4F2E892C40
:10EA200044FEA6C0FE01EC0DF11D8081803309F08B
:10EA300098C0242D297E422E842D8870582E43FCA8
:10EA4000A5C040FE9FC09C2C821418F42C0C922C64
:10EA5000981844FEA1C0B70180E390E01BD342FEAA
:10EA600008C088E790E041FE02C088E590E0B70169
:10EA700011D3C91408F49CC0CA94D12C9FEFC91AB1
:10EA8000D90ACA0CDB1CF60182916F01B70190E034
:10EA900001D3AC14BD04B9F757CF60817181072E43
:10EAA000000C880B990B0E5F1F4F96CFD32CE89468
:10EAB000D4F82AE030E08537E1F1232D297FD22EEA
:10EAC0008F36A9F1F0F4883551F1F70186819781ED
:10EAD0002B960FB6F894DEBF0FBECDBFDF91CF915E
:10EAE0001F910F91FF90EF90DF90CF90BF90AF906C
:10EAF0009F908F907F906F905F904F903F902F905E
:10EB00000895803749F0883701F7D4FE02C0689431
:10EB1000D2F820E130E00DC06894D4F8F6CF34FE8E
:10EB200003C0822F8660D82E20E132E002C028E0A8
:10EB300030E0F801D7FE0EC060817181828193813F
:10EB40000C5F1F4FA501D6D2C82ECA183D2CE894E1
:10EB500037F856CF6081718190E080E00E5F1F4FE3
:10EB6000F1CF42FC02C0839467CF8394839464CF37
:10EB7000842D867809F460CFF6CFB70180E290E06B
:10EB800089D283948214C8F3512C63CF522C581825
:10EB9000821408F45ECFF8CF842D867809F469CF0B
:10EBA0008BE241FE80E247FC8DE2B70190E060CF4E
:10EBB000B70180E390E06ED29A945BCF8FEF9FEF26
:10EBC00087CF8F929F92AF92BF92CF92DF92EF92B8
:10EBD000FF920F931F93CF93DF9300D000D000D00C
:10EBE000CDB7DEB76A01F22EB02E102FFBE3AF2EA9
:10EBF000A01608F41BE31F5F012F27E0AE014F5F53
:10EC00005F4F57D1BC018981982F9970913009F4D9
:10EC10004EC09BE2E1FC04C09E2D9170E0FC49C017
:10EC20005E2D5071E82FE87083FF55C084E091118C
:10EC300001C083E0EF2DE81B8F1508F0E0E0D6015E
:10EC40008E2F20E25523C9F1992329F0D6019C93F8
:10EC5000C60101966C0196012D5F3F4FE2FE33C065
:10EC60008EE4D6018C9391E411969C9311971296A1
:10EC70008C93D9018E2F90E281112AC0E20FF32FDD
:10EC8000F11D10828EEF9FEF29960FB6F894DEBF2C
:10EC90000FBECDBFDF91CF911F910F91FF90EF90ED
:10ECA000DF90CF90BF90AF909F908F9008959DE29E
:10ECB000B7CF90E2B5CF2D9381508111FCCFCE0E0E
:10ECC000D11CE0E0C1CF8EE6D6018C9391E6CCCF8B
:10ECD0009D938150D1CF482F447082FF3DC084E086
:10ECE000911101C083E08F1510F4EF2DE81BD601C0
:10ECF0008E2F20E2552309F1992329F0D6019C9308
:10ED0000C60101966C0196012D5F3F4FE2FE1BC0CC
:10ED100089E4D6018C938EE411968C93119786E446
:10ED200012968C93D9018E2F90E2882309F4A6CFF6
:10ED30009D938150FACF2D9381508111FCCFCE0E3F
:10ED4000D11CE0E0D9CF89E6D6018C938EE61196EE
:10ED50008C93119786E6E4CF9B0177FF02C030E0E9
:10ED600020E0A1E0B0E0911102C0B0E0A0E0F90124
:10ED70003196AE0FBF1F8B2C912CBB2009F461C0C4
:10ED80005401EFEFAE1ABE0AAA0DBB1DFA161B0600
:10ED900019F014F04F2D4A1B511188C0E3FC59C0E3
:10EDA0007601A42FB0E2A1114FC0C40ED11C99234B
:10EDB00009F45BC040E0D6011196F60190836D0125
:10EDC000552309F448C0012F060F9A81582F50711E
:10EDD00084FF03C0913309F4015010160CF047C0B2
:10EDE000093008F008E0EEE2FE2E5B01A01AB1083F
:10EDF00085019194819491082F3F320729F4D6011F
:10EE0000FC92F60131966F016217730794F10217B5
:10EE100013077CF5DB01A21BB30BAA24A394B12C2E
:10EE2000AC0EBD1EAA0DBB1D11968C91215031094F
:10EE3000D601119628153905F4F0F60180836D018D
:10EE4000DBCFB12CA12CA0CFF701B1937F01A15052
:10EE5000AACF9111B0CFD601942F50E302C05D9399
:10EE600091509111FCCFC40ED11C40E0ACCF01E019
:10EE7000BACF80E3DBCF6217730731F4963388F49F
:10EE8000953311F4552369F0F6018083FD01842F39
:10EE900090E2811108C0A40FB11D1C9290E080E0A7
:10EEA000F3CE81E3F1CF91938150F3CF911183CFD2
:10EEB0008ACF283008F027E03327DA01990F311D77
:10EEC00087FD916000966105710539F432602E5F0F
:10EED0003D9330E32A95E1F708959F3F30F0803865
:10EEE0007105610509F03C5F3C5F3D93913008F08E
:10EEF0008068911DDF93CF931F930F93FF92EF9242
:10EF0000192F987F9695E92F96959695E90FFF27EB
:10EF1000EB53FE4F99273327EE24FF24A701E70187
:10EF200005900894079428F4360FE71EF81E491F31
:10EF3000511D660F771F881F991F0694A1F7059032
:10EF4000079428F4E70EF81E491F561FC11D770FBE
:10EF5000881F991F661F0694A1F70590079428F44F
:10EF6000F80E491F561FC71FD11D880F991F661F16
:10EF7000771F0694A1F70590079420F4490F561FB8
:10EF8000C71FD81F990F661F771F881F0694A9F700
:10EF900084911095177041F0D695C7955795479570
:10EFA000F794E7941A95C1F7EBE6F1E068941590B1
:10EFB000159135916591959105907FE27395E118D2
:10EFC000F10A430B560BC90BD009C0F7E10CF11E37
:10EFD000431F561FC91FD01D7EF4703311F48A954C
:10EFE000E6CFE894015030F0080F0AF4002702172A
:10EFF00008F4202F2395022F7A3328F079E37D93AC
:10F000002A95E9F710C07D932A9589F6069497957D
:10F010006795379517951794E118F10A430B560B2E
:10F02000C90BD00998F023957E9173957A3308F037
:10F0300070E37C932013B8F77E9170617D9330F07C
:10F04000839571E37D9370E32A95E1F71124EF90A6
:10F05000FF900F911F91CF91DF91992787FD909598
:10F060000895992788270895FC0105906150704004
:10F070000110D8F7809590958E0F9F1F0895FC0181
:10F080006150704001900110D8F7809590958E0FD7
:10F090009F1F08950F931F93CF93DF93182F092F6E
:10F0A000EB018B8181FD09C01FEF0FEF812F902FA6
:10F0B000DF91CF911F910F91089582FF14C02E818F
:10F0C0003F818C819D81281739073CF4E881F981C3
:10F0D000CF0101969983888310838E819F81019649
:10F0E0009F838E83E3CFE885F985812F1995892B3E
:10F0F000A1F3DACFFA01AA27283051F1203181F1AA
:10F10000E8946F936E7F6E5F7F4F8F4F9F4FAF4F2F
:10F11000B1E03ED0B4E03CD0670F781F891F9A1F42
:10F12000A11D680F791F8A1F911DA11D6A0F711DF6
:10F13000811D911DA11D20D009F468943F912AE002
:10F14000269F11243019305D3193DEF6CF010895EA
:10F15000462F4770405D4193B3E00FD0C9F7F6CF1B
:10F16000462F4F70405D4A3318F0495D31FD4052E3
:10F17000419302D0A9F7EACFB4E0A6959795879579
:10F1800077956795BA95C9F7009761057105089558
:10F190009B01AC010A2E0694579547953795279504
:10F1A000BA95C9F7620F731F841F951FA01D08959C
:10F1B00097F99F6780E870E060E008959FEF80EC2A
:10F1C000089500240A9416161706180609060895CD
:10F1D00000240A9412161306140605060895092E33
:10F1E0000394000C11F4882352F0BB0F40F4BF2BA2
:10F1F00011F460FF04C06F5F7F4F8F4F9F4F0895E2
:10F2000057FD9058440F551F59F05F3F71F04795D7
:10F21000880F97FB991F61F09F3F79F087950895BC
:10F22000121613061406551FF2CF4695F1DF08C0DB
:10F23000161617061806991FF1CF869571056105F8
:10F2400008940895E894BB2766277727CB0197F9A0
:10F250000895F999FECF92BD81BDF89A992780B59E
:10F260000895262FF999FECF1FBA92BD81BD20BD0A
:10F270000FB6F894FA9AF99A0FBE01960895DB0139
:10F280008F939F9349D0BF91AF91A29F800D911D05
:10F29000A39F900DB29F900D11240895A1E21A2E04
:10F2A000AA1BBB1BFD010DC0AA1FBB1FEE1FFF1F2A
:10F2B000A217B307E407F50720F0A21BB30BE40B7A
:10F2C000F50B661F771F881F991F1A9469F76095C1
:10F2D0007095809590959B01AC01BD01CF0108957B
:10F2E000052E97FB16F400940FD057FD05D0D6DFFE
:10F2F00007FC02D046F408C0509540953095219502
:10F300003F4F4F4F5F4F0895909580957095619551
:10F310007F4F8F4F9F4F089509D0A59F900DB49FA9
:10F32000900DA49F800D911D11240895A29FB001FE
:10F33000B39FC001A39F700D811D1124911DB29F29
:10F34000700D811D1124911D0895991B79E004C051
:10F35000991F961708F0961B881F7A95C9F7809514
:10F360000895AA1BBB1B51E107C0AA1FBB1FA6170C
:10F37000B70710F0A61BB70B881F991F5A95A9F75E
:10F3800080959095BC01CD01089597FB072E16F44A
:10F39000009406D077FD08D0E4DF07FC05D03EF4EA
:10F3A000909581959F4F0895709561957F4F089531
:10F3B000EE0FFF1F881F8BBF0790F691E02D199469
:10F3C0005058BB27AA270ED00ACFFBDE30F000DF53
:10F3D00020F031F49F3F11F41EF4F0CE0EF4E095CE
:10F3E000E7FBE6CEE92F0CDF80F3BA17620773075D
:10F3F0008407950718F071F49EF524CF0EF4E0957C
:10F400000B2EBA2FA02D0B01B90190010C01CA01DE
:10F41000A0011124FF27591B99F0593F50F4503E89
:10F4200068F11A16F040A22F232F342F4427585F7B
:10F43000F3CF469537952795A795F0405395C9F793
:10F440007EF41F16BA0B620B730B840BBAF091504B
:10F45000A1F0FF0FBB1F661F771F881FC2F70EC0EA
:10F46000BA0F621F731F841F48F4879577956795BD
:10F47000B795F7959E3F08F0B3CF9395880F08F0A6
:10F480009927EE0F9795879508959BDE58F080E8B1
:10F4900091E009F49EEF9CDE28F040E851E059F439
:10F4A0005EEF09C08BCECECEE92FE078A9DE68F3FF
:10F4B000092E052AC1F3261737074807590738F0E0
:10F4C0000E2E07F8E02569F0E025E0640AC0EF633E
:10F4D00007F8009407FADB01B9019D01DC01CA01BC
:10F4E000AD01EF9359D07BDE0AD05F91552331F007
:10F4F0002BED3FE049E450FD49EC63CF0895DF93E5
:10F50000DD27B92FBF7740E85FE3161617064807D7
:10F510005B0710F4D92F81D19F938F937F936F93C3
:10F52000FBD1E4EEF0E0FED05ADE2F913F914F91F7
:10F530005F91FBD8DD2349F09058A2EA2AED3FE025
:10F5400049EC5FE3D0785D274DDFDF9148CE49D1AC
:10F5500080F09F3740F491110EF475CE60E070E0BA
:10F5600080E89FE3089526F01B16611D711D811D23
:10F57000B0C0CAC0FED0E39523C10CD030CE28DE87
:10F5800040F01FDE30F021F45F3F19F011CE511131
:10F590005ACE14CE35DE98F39923C9F35523B1F32F
:10F5A000951B550BBB27AA2762177307840738F0F2
:10F5B0009F5F5F4F220F331F441FAA1FA9F333D051
:10F5C0000E2E3AF0E0E830D091505040E695001C05
:10F5D000CAF729D0FE2F27D0660F771F881FBB1FC1
:10F5E000261737074807AB07B0E809F0BB0B802D9B
:10F5F000BF01FF2793585F4F2AF09E3F510568F0E7
:10F60000D7CD21CE5F3FECF3983EDCF3869577951E
:10F610006795B795F7959F5FC9F7880F911D9695E8
:10F62000879597F90895E1E0660F771F881FBB1F44
:10F63000621773078407BA0720F0621B730B840BF1
:10F64000BA0BEE1F88F7E095089504D06894B111C5
:10F65000FACD0895DDDD88F09F5790F0B92F9927F6
:10F66000B751A0F0D1F0660F771F881F991F1AF0CD
:10F67000BA95C9F712C0B13081F0E4DDB1E0089568
:10F68000E1CD672F782F8827B85F39F0B93FCCF3E9
:10F69000869577956795B395D9F73EF490958095C3
:10F6A000709561957F4F8F4F9F4F08959AD080F04E
:10F6B0009F3740F491110EF0C6CD60E070E080E815
:10F6C0009FEB089526F41B16611D711D811D01C05D
:10F6D0001BC0882371F4772321F09850872B762F55
:10F6E00007C0662311F499270DC09051862B70E056
:10F6F00060E02AF09A95660F771F881FDAF7880F67
:10F700009695879597F908959F3F31F0915020F491
:10F71000879577956795B795880F911D96958795ED
:10F7200097F90895DF93CF931F930F93FF92EF9272
:10F73000DF927B018C01689406C0DA2EEF010E94F3
:10F7400095F3FE01E894A591259135914591559148
:10F75000A6F3EF0147DEFE019701A801DA9471F7E5
:10F76000DF90EF90FF900F911F91CF91DF9108955F
:10F7700025CD4EDDE8F3E894E0E0BB279F57F0F09D
:10F780002AED3FE049EC06C0EE0FBB0F661F771F66
:10F79000881F28F0B23A62077307840728F0B25A2C
:10F7A000620B730B840BE3959A9572F7803830F4F3
:10F7B0009A95BB0F661F771F881FD2F79048A6CF78
:10F7C000EF93E0FF06C0A2EA2AED3FE049EC5FEBD1
:10F7D00009DE05DD0F90039401FC9058E1E1F1E0B2
:10F7E000ABC016DDA0F0BEE7B91788F4BB279F3881
:10F7F00060F41616B11D672F782F8827985FF7CF12
:10F80000869577956795B11D93959639C8F30895B8
:10F810000E9465F308F48FEF08959B01AC0160E04E
:10F8200070E080E89FE3A9CEF3DC58F19E5758F1D1
:10F830009851A0F0E9F0983020F5092E9927660F2D
:10F84000771F881F991F0A94D1F712C0062E672FC1
:10F85000782F8827985F11F4000C07C0993FB4F304
:10F860008695779567959395D9F7611D711D811DD3
:10F870003EF490958095709561957F4F8F4F9F4F87
:10F8800008956894E0CCDECC9F9373DF0F9007FC63
:10F89000EE5F96CF11F40EF491CC36CFB9DCD0F3F5
:10F8A0009923D9F3CEF39F57550B87FF3ED0002401
:10F8B000A0E640EA900180585695979528F4805C20
:10F8C000660F771F881F20F026173707480730F488
:10F8D000621B730B840B202931294A2BA6951794A0
:10F8E0000794202531254A2758F7660F771F881F70
:10F8F00020F026173707480730F4620B730B840B90
:10F90000200D311D411DA09581F7B901842F91581B
:10F91000880F9695879508959B01AC010C9489F307
:10F920000E9465F3880B990B089591505040660F23
:10F93000771F881FD2F708959F938F937F936F93BC
:10F94000FF93EF939B01AC010E9489F3EF91FF912C
:10F95000E9DE2F913F914F915F910C9489F39111C2
:10F96000089581548A5108F4805E855A0895FB01F8
:10F97000DC0104C08D910190801921F44150504068
:10F98000C8F7881B990B0895FB01DC0102C00190A8
:10F990000D9241505040D8F70895DC0101C06D939D
:10F9A00041505040E0F70895FB01DC018D91813416
:10F9B0001CF08B350CF4805E619161341CF06B356A
:10F9C0000CF4605E861B611189F3990B0895FC01AC
:10F9D0008191861721F08823D9F7992708953197C7
:10F9E000CF010895FB01DC0101900D920020E1F7A9
:10F9F0000895FB01DC014150504030F08D910190A1
:10FA0000801919F40020B9F7881B990B0895FB01A0
:10FA1000DC014150504048F001900D920020C9F7A0
:10FA200001C01D9241505040E0F70895FC0181E073
:10FA300090E00190061609F4CF010020D1F701975C
:10FA400008950F931F93CF93DF93CDB7DEB72E9713
:10FA50000FB6F894DEBF0FBECDBF0E891F8986E0BA
:10FA60008C831A8309838FEF9FE79E838D83AE017A
:10FA7000465E5F4F688D798DCE0101960E94ECF352
:10FA80002F813885020F131FF80110822E960FB6B2
:10FA9000F894DEBF0FBECDBFDF91CF911F910F91C4
:10FAA000089519E1C7E0D9E100E005C0802FFE010B
:10FAB0007FDC2196011DC830D10780E00807B1F72F
:04FAC000F894FFCFE8
:10FAC400FF05C0D40100640005020A00C800FFFF5E
:10FAD400FF0A0064005555854264000000803FAA77
:10FAE40000640101FF060101FFFFFF3F0000FF3F2B
:10FAF40000000000FF3F01010000000000000000C2
:10FB0400000000000000009643000096430000C877
:10FB14004355550543FFFF0000803F0000000000EF
:10FB240000000000000000000000000000000000D1
:10FB340000000000000000000000000000000000C1
:10FB440000000000000000000000000000000000B1
:10FB540000000000000000000000000000000000A1
:10FB64000000000000000000000000000000000091
:10FB7400000000000000000000000000000000FF82
:10FB84000000000000000000000000000000000071
:10FB94000000000000000000000000000000000061
:10FBA4000000000000000000000000000000000051
:10FBB4000000000000000000000000000000000041
:10FBC4000000000000000000000000000000000031
:10FBD4000000000000000000000000000000000021
:10FBE40000FF000000000000000000000000000012
:10FBF4000000000000000000000000000000000001
:10FC040000000000000000000000000000000000F0
:10FC140000000000000000000000000000000000E0
:10FC240000000000000000000000000000000000D0
:10FC340000000000000000000000000000000000C0
:10FC4400000000FF000000000000000000000000B1
:10FC540000000000000000000000000000000000A0
:10FC64000000000000000000000000000000000090
:10FC74000000000000000000000000000000000080
:10FC84000000000000000000000000000000000070
:10FC94000000000000000000000000000000000060
:10FCA4000000000000FF0000A040FF0000404000F2
:10FCB40000404000000000000040400000404000C0
:10FCC40000000058595A450000C07F0000C07F0062
:10FCD40000C07FFF003C00010000404000003442AF
:10FCE400000000000000000000000000000050417F
:10FCF40000000000000000416400000064000000F7
:10FD04000300000064000000640000000300000021
:10FD140003000000030000001E0000000000C841B2
:10FD2400000000006666A6BF00004040000040409E
:10FD340000000000010204080A005A00563930008D
:10FD44000A05062E01000800200040008000000182
:10FD5400000400002F504C520000004842000048AC
:10FD640042000080400000004000000000AF749595
:10FD740075CA735D74B273D2725473B7726D747250
:10FD8400732E70B170B070256400257500256C75F4
:0EFD940000256C64004552520058595A000078
:00000001FF
