:100000000C94F2180C9432190C9432190C94321985
:100010000C9432190C9432190C9432190C94321934
:100020000C9432190C9432190C9432190C94321924
:100030000C9432190C9432190C9432190C94321914
:100040000C9432190C946C810C9432190C94321962
:100050000C9432190C9463800C9432190C945ED277
:100060000C9432190C94AE4E0C949A4E0C94321996
:100070000C9432190C9432190C9432190C943219D4
:100080000C94304C0C9432190C9432190C94321993
:100090000C94704E0C94A44E0C9432190C9432199A
:1000A0000C9432190C9432190C94024C0C943219A1
:1000B0000C9432190C9432190C9432190C94321994
:1000C0000C9432190C9432190C9432190C94464E3B
:1000D0000C94104E0C9432190C9432190C94321961
:1000E0000C943219084AD73B3BCE016E84BCBFFD4D
:1000F000C12F3D6C74319ABD56833DDA3D00C77FF8
:1001000011BED9E4BB4C3E916BAAAABE0000008090
:100110003F05A84CCDB2D44EB93836A9020C50B91F
:10012000918688083CA6AAAA2ABE000000803F004B
:100130004E414E494E495459494E46CDCCCC3D0ACC
:10014000D7233C17B7D13877CC2B329595E6241FAF
:10015000B14F0A000020410000C84200401C462068
:10016000BCBE4CCA1B0E5AAEC59D7400407A10F33B
:100170005A00A0724E18090010A5D4E80000E876D5
:1001800048170000E40B54020000CA9A3B0000002C
:10019000E1F505000080969800000040420F000045
:1001A00000A08601000000102700000000E8030006
:1001B0000000006400000000000A000000000001D0
:1001C00000000000002C76D888DC674F0823DFC1D0
:1001D000DFAE59E1B1B796E5E3E453C63AE651998B
:1001E0007696E8E6C28426EB898C9B62ED407C6FB4
:1001F000FCEFBC9C9F40F2BAA56FA5F490055A2A6B
:10020000F75C936B6CF9676DC11BFCE0E40D47FE76
:10021000F520E6B500D0ED902E030094357705006B
:1002200080841E080000204E0A000000C80C3333F2
:1002300033330F986E12831141EF8D2114893BE601
:100240005516CFFEE6DB18D1844B381BF77C1D908A
:100250001DA4BBE424203284725E228100C9F124F3
:10026000ECA1E53D27434F4D4D554E49434154497F
:100270004F4E0044525952554E004552524F525320
:1002800000494E464F004543484F00322E312E78EC
:10029000202876322E302E39290057616E68616F22
:1002A000204439204D4B31753220333030005354C7
:1002B0004F505045442E20005072696E7465722074
:1002C00073746F707065642064756520746F206549
:1002D00072726F72732E204669782074686520658B
:1002E00072726F7220616E6420757365204D3939AA
:1002F0003920746F20726573746172742E202854D3
:10030000656D7065726174757265206973207265C0
:100310007365742E2053657420697420616674655A
:10032000722072657374617274696E67290A004E77
:100330006F20436865636B73756D207769746820FF
:100340006C696E65206E756D6265722C204C6173F0
:1003500074204C696E653A20004E6F2043686563D7
:100360006B73756D2077697468206C696E65206E9B
:10037000756D6265722C204C617374204C696E65DA
:100380003A2000636865636B73756D206D69736DEA
:10039000617463682C204C617374204C696E653AFB
:1003A00020004C696E65204E756D62657220697320
:1003B000206E6F74204C617374204C696E65204E02
:1003C000756D6265722B312C204C617374204C6901
:1003D0006E653A20004D3131300053657269616CB1
:1003E00020737461747573206D69736D61746368D3
:1003F0000A0053442072656164206572726F720A4C
:1004000000746F6F206D75636820696E6163746935
:1004100076652074696D65202D2063757272656E36
:100420007420636F6D6D616E643A20002121204B52
:10043000494C4C20636175736564206279200062C9
:100440007573793A2070617573656420666F7220E8
:10045000696E7075740A00627573793A20706175FF
:1004600073656420666F7220757365720A00627529
:1004700073793A2070726F63657373696E670A00EF
:100480005344204361726420726561642065727216
:100490006F72004D31303030530046696C616D65CC
:1004A0006E742072756E6F757420452564004D362C
:1004B0003030002066696C616D656E745F72756EB8
:1004C0006F7574200066696C616D656E745F72751E
:1004D0006E6F757420540046696C616D656E745260
:1004E000756E6F7574205400506C65617365205291
:1004F0006573657400706F7765726F6666004B494F
:100500004C4C45442E20005072696E746572206810
:10051000616C7465642E206B696C6C2829206361A2
:100520006C6C6564210A006563686F3A00457272FD
:100530006F723A0042696C696E656172204C657633
:10054000656C696E6720477269643A0A0050726987
:100550006E74204F626A002F2F616374696F6E3A68
:10056000006E6F74696669636174696F6E20006EF6
:100570006F74696669636174696F6E200070726F71
:100580006D70745F00626567696E00656E6400730C
:10059000686F7700627574746F6E00486F74656E73
:1005A0006420746F6F20636F6C640A004D323453A3
:1005B000004D323320004739322E3945004731464D
:1005C000004731463630305A0047314633303030FC
:1005D00058004D31303650004D31303953004D32D6
:1005E000303044004739322E395A004D34323053BE
:1005F0000047323852305859004731463630305A69
:10060000004739322E395A004739322E39453000E9
:100610004D31303953004D31393053004D34323083
:100620005330004F46460A004661646520486569BC
:100630006768742000426564204C6576656C696E5D
:100640006720004661696C656420746F20656E6187
:10065000626C6520426564204C6576656C696E67E6
:100660000A00496E76616C6964206D6573682E0AB4
:10067000004731205A31302046313230300A47317C
:100680002058313530205931353020463630303021
:100690000050726F62696E6720506F696E7400253A
:1006A000532025692F2569002E0A002F0050726FF4
:1006B00062696E67206D65736820706F696E742063
:1006C00000202844525952554E29004732392041C2
:1006D00075746F20426564204C6576656C696E6741
:1006E000003F20284C2C522C462C4229206F757438
:1006F000206F6620626F756E64732E0A0020756E1F
:100700006974732F6D696E290A003F4665656472CE
:100710006174652028532920746F6F206C6F772EC9
:1007200020285573696E6720003F2856296572623C
:100730006F7365206C6576656C20696D706C617592
:100740007369626C652028302D34292E0A004261BD
:1007500064205A2076616C75650A004E6F206269CC
:100760006C696E65617220677269640A00204400DA
:1007700020204D32303020530020284469736162BC
:100780006C6564293A0046696C616D656E7420730E
:10079000657474696E67730020204D3230312058C3
:1007A000004D617820416363656C65726174696FA7
:1007B0006E2028756E6974732F7332290020204DC6
:1007C0003230332058004D6178206665656472616F
:1007D0007465732028756E6974732F732900205215
:1007E0000020204D323034205000416363656C6539
:1007F000726174696F6E2028756E6974732F73321D
:10080000292028503C7072696E742D616363656C99
:100810003E20523C726574726163742D616363653E
:100820006C3E20543C74726176656C2D6163636527
:100830006C3E290020540020530020204D323035DA
:10084000204200416476616E6365642028423C6DFD
:10085000696E5F7365676D656E745F74696D655F02
:1008600075733E20533C6D696E5F666565647261A9
:1008700074653E20543C6D696E5F74726176656C80
:100880005F66656564726174653E20583C6D617891
:100890005F6A65726B3E20593C6D61785F6A657274
:1008A0006B3E205A3C6D61785F6A65726B3E2045F5
:1008B0003C6D61785F6A65726B3E290020440020C0
:1008C000490020204D333031205000486F74656E50
:1008D0006420504944007061757365640048656127
:1008E000642063616E6E6F74206265207061726B4C
:1008F000656400506175736500496E73657274209C
:1009000066696C616D656E7420616E6420707265DD
:10091000737320627574746F6E0A00526568656146
:100920007420446F6E6500526568656174696E6716
:100930002E2E2E00526568656174004865617465ED
:10094000722054696D656F75740050726573732001
:10095000627574746F6E20746F2068656174206EA8
:100960006F7A7A6C650A004E6F7A7A6C65205061F6
:10097000726B65640044697361626C6552756E6F79
:1009800075740050757267654D6F726500506175C2
:10099000736564004C6F61642046696C616D656EBF
:1009A000742054004C6F61642046696C616D656E03
:1009B0007400496E736572742066696C616D656E52
:1009C0007420616E64207072657373206275747434
:1009D0006F6E0A00726573756D656400526573759C
:1009E0006D696E6700203B0020550020204D363099
:1009F00033204C0046696C616D656E74206C6F61CC
:100A0000642F756E6C6F616400203B200020204DC8
:100A1000343133205300506F7765722D6C6F7373D0
:100A2000207265636F766572790020496E76616C1D
:100A300069642065787472756465722000536C6512
:100A400065702E2E2E005B505D61726B696E6720A3
:100A50007374796C652028302E2E34292E003F497E
:100A60006E76616C696420005A2050726F62652056
:100A700050617374204265640A005A2050726F629C
:100A80006520506173742042656400473238004D20
:100A900065736820706F696E74206F7574206F665F
:100AA0002072616E67650A00626567696E00436F58
:100AB0006E74696E7565004D302053746F70004D13
:100AC000312053746F7000436C69636B20746F2026
:100AD000526573756D652E2E2E004E6F204D6F760C
:100AE000652E00456E642066696C65206C697374C0
:100AF0000A00426567696E2066696C65206C6973DF
:100B0000740A004E6F206D656469610A00534420C9
:100B1000636172642072656C65617365640A00527A
:100B20006573756D696E6720534400526573756D0A
:100B30006500506175736520534400286E6F206610
:100B4000696C65290043757272656E742066696C04
:100B5000653A20004E6F74205344207072696E74A1
:100B6000696E670A005344207072696E74696E671B
:100B7000206279746520005072696E742074696D0A
:100B8000653A20007061757365006F6B004C696E8B
:100B9000653A20006F666600860281027A0273025F
:100BA000650244454255473A004D31313220536881
:100BB0007574646F776E004D313133205300576187
:100BC0006E68616F204439204D4B317532203330CF
:100BD00030204F46462E0020732E0A00496E616376
:100BE0007469766974792074696D656F7574200015
:100BF0002F2F005741524E494E4721204C6F7720EE
:100C00005A204A65726B206D6179206C65616420A1
:100C1000746F20756E77616E746564207061757392
:100C200065732E0A002058003B200020204D61787B
:100C30003A2000200020204D696E3A2000203B2001
:100C40000020204D323131205300250A0046523A0F
:100C50000020466C6F773A20003A200020536572DE
:100C6000766F2000206F7574206F662072616E674A
:100C7000650A00536572766F200050726F626520BE
:100C80004F6666736574205A0050726F6265204F1C
:100C90006666736574205A0064697300656E00436C
:100CA000290061626C656420286D696E2074656D31
:100CB000702000436F6C642065787472756465738E
:100CC000206172652000203B20486F7374206861AA
:100CD0006E646C696E6720006D6D00203B204D6F67
:100CE00074696F6E2064697374616E636520006D52
:100CF0006D00203B2044697374616E63652000467B
:100D0000696C616D656E742072756E6F757420000C
:100D10004D34323120696E636F7272656374207076
:100D20006172616D657465722075736167650A0033
:100D30004D65736820706F696E74206F7574206FD5
:100D4000662072616E67650A004F6666736574732C
:100D5000204170706C696564004D494E2F4D4158BB
:100D600020546F6F2046617200546F6F206661726D
:100D70002066726F6D204D494E2F4D41580A004537
:100D80004550524F4D204F4B0A00290A0020746FE6
:100D900020003F5A206F7574206F662072616E6765
:100DA00065202800290A0020746F20003F59206F19
:100DB0007574206F662072616E6765202800290AAD
:100DC0000020746F20003F58206F7574206F6620DC
:100DD00072616E67652028004D383400446F6E657F
:100DE000207072696E74696E672066696C650A00AE
:100DF0004D3737004D33310020204D3230362058EA
:100E000000486F6D65206F6666736574004361709E
:100E10003A00434F4E4649475F4558504F525400A1
:100E20004D4541545041434B00434F4F4C45525F59
:100E300054454D5045524154555245004348414D4B
:100E40004245525F54454D5045524154555245001C
:100E500045505F4241425953544550004241425926
:100E60005354455050494E470041524353004D4F53
:100E700054494F4E5F4D4F44455300544845524DE1
:100E8000414C5F50524F54454354494F4E004558D2
:100E900054454E4445445F4D323000435553544F02
:100EA0004D5F4649524D574152455F55504C4F4159
:100EB00044004C464E5F5752495445004C4F4E47F4
:100EC0005F46494C454E414D45004155544F5245B2
:100ED000504F52545F53445F535441545553005341
:100EE000445F575249544500524550454154004DC6
:100EF000554C54495F564F4C554D45005344434162
:100F000052440050524F4D50545F535550504F5221
:100F10005400484F53545F414354494F4E5F434F31
:100F20004D4D414E445300454D455247454E435962
:100F30005F50415253455200434153455F4C49472E
:100F400048545F4252494748544E45535300544F0A
:100F500047474C455F4C494748545300534F46540C
:100F6000574152455F504F574552004255494C44F6
:100F70005F50455243454E54004C4556454C494EF2
:100F8000475F44415441005A5F50524F424500521E
:100F9000554E4F5554004155544F4C4556454C0005
:100FA0005052494E545F4A4F420050524F475245AB
:100FB0005353004155544F5245504F52545F54457E
:100FC0004D50004155544F5245504F52545F504F71
:100FD0005300564F4C554D455452494300454550DA
:100FE000524F4D0042494E4152595F46494C455F70
:100FF0005452414E534645520053455249414C5F6D
:10100000584F4E5F584F4646004649524D57415241
:10101000455F4E414D453A4D61726C696E20627577
:10102000676669782D322E312E7820443920763249
:101030002E302E392028536570203137203230323F
:10104000362031363A31303A33362920534F555213
:1010500043455F434F44455F55524C3A6769746856
:1010600075622E636F6D2F4C652D53796C32312F65
:1010700057414E48414F2D4475706C696361746FE0
:10108000722D392050524F544F434F4C5F564552AA
:1010900053494F4E3A312E30204D414348494E4539
:1010A0005F545950453A57616E68616F204439204A
:1010B0004D4B31753220333030204B494E454D4138
:1010C000544943533A43617274657369616E2045B4
:1010D000585452554445525F434F554E543A31206F
:1010E000555549443A63656465326132662D343141
:1010F00061322D343734382D396231322D63353534
:101100006336326633363766660047322F47332000
:1011100062616420706172616D65746572730A004A
:101120005A2050726F62652050617374204265646A
:1011300000205A3A0020593A0042656420583A008B
:101140004732384F00203B0020204D3835312058A1
:10115000005A2D50726F6265204F66667365740089
:10116000220A00656E7175657565696E67202200DB
:101170006F6B0A00526573656E643A2000256973CF
:101180000025696D20256973002569682025696D32
:101190002025697300256964202569682025696D0B
:1011A00020256973002569792025696420256968EF
:1011B0002025696D2025697300436F6F6C696E6728
:1011C0002E2E2E00453120255300204600204200BF
:1011D00020204D3130342053004175746F20546508
:1011E0006D7020436F6E74726F6C0020573A00422E
:1011F000656420436F6F6C696E672E2E2E0042650A
:10120000642048656174696E672E2E2E0023646524
:1012100066696E652044454641554C545F0050490F
:10122000442074756E696E6720646F6E6500417549
:10123000746F74756E65206661696C6564212054F5
:10124000696D656F75742E004175746F74756E6588
:10125000206661696C6564212054656D70657261FA
:101260007475726520746F6F20686967682E00411D
:1012700075746F74756E65206661696C6564212094
:101280004261642065787472756465722E005049FD
:1012900044204175746F74756E65004B4420004B9B
:1012A0004920004B5020005049442074756E696EEF
:1012B0006720646F6E65002066696E697368656497
:1012C000212050757420746865206C617374204B04
:1012D000702C204B6920616E64204B6420636F6E1C
:1012E0007374616E74732066726F6D2062656C6FCB
:1012F0007720696E746F20436F6E666967757261DF
:1013000074696F6E2E680A00504944204175746FED
:1013100074756E6500206661696C6564212074696E
:101320006D656F75740A00504944204175746F747F
:10133000756E65004175746F74756E6520666169C0
:101340006C6564212054696D656F75742E0020668C
:1013500061696C6564212054656D70657261747596
:10136000726520746F6F20686967680A005049448D
:10137000204175746F74756E65005049442043793F
:10138000636C65730025532025692F256900204B68
:10139000643A2000204B693A2000204B703A20002C
:1013A00020436C617373696320504944200A002014
:1013B00054753A2000204B753A2000206D61783A30
:1013C0002000206D696E3A200020643A20002062DF
:1013D0006961733A200048656174696E672E2E2E2C
:1013E000002073746172740A00504944204175747E
:1013F0006F74756E65004175746F74756E652066E7
:1014000061696C6564212054656D706572617475E5
:10141000726520746F6F20686967682E00206661AE
:10142000696C6564212054656D70657261747572B4
:101430006520746F6F20686967680A00504944200E
:101440004175746F74756E65005049442041757420
:101450006F74756E65003F28432979636C6573204E
:101460006E6F7420706C61757369626C6520283EC4
:101470003D33292E0A00206661696C656421204293
:101480006164206865617465722069640A0050496E
:1014900044204175746F74756E6500002002000071
:1014A000002E1F00000120020000002E1F0000027D
:1014B00020020000002E1F00000320020000002E6A
:1014C0001F0000042002000000F54E00000520026D
:1014D000000000F21E0000062000000000D21E00E6
:1014E000000720020000006D1E000008200200001E
:1014F00000811E0000092002000000193700000AC8
:101500002002000000C11900000B20020000009220
:101510001B00000E2002000000011E00000F200230
:10152000000000E71D0000102002000000D54F0061
:1015300000112002000000A84F000012200200004D
:1015400000A84F0000142002000000844F00001586
:1015500020020000005D1E0000162002000000A016
:101560001E0000172002000000271E0000182002A5
:10157000000000B9190000192002000000E91C0059
:10158000001A20000000004D4200001B2000000057
:1015900000AA2600001C2002000000AD1900001D5A
:1015A00020020000009A1900001E200200000083A3
:1015B0001D00001F20020000002842000020200221
:1015C000000000BA1C0000212002000000BA1C002C
:1015D00000222002000000BA1C00002320020000AC
:1015E00000791C0000242002000000921900002550
:1015F00020000000006E1C00002620000000000DEE
:1016000041000027200200000017420000282002AD
:1016100000000003420000292002000000731900AE
:10162000002A20020000003A1C00002B20000000CD
:1016300000A94100002C2002000000954100002D6F
:1016400020020000007B4100002E20020000002A42
:101650001C00002F20000000006D19000030200247
:101660000000003F350000322000000000281C0070
:10167000002030020000000000927C253020000095
:10168000000000417C4530200000000000417C65E6
:1016900030200000000000417C8530200000000068
:1016A00000417CA530200000000000417CC53002D4
:1016B0000000000000E77CC6302000000000000EA3
:1016C0007CE630020100000000D888E8300F0100FD
:1016D0000000007E9BF730020100000000327ABE5D
:1016E000310200000000008A9EF83002011302005F
:1016F00000DE78F930020100000000217AFC30029F
:1017000001D60700007478FD300201DA070000DE20
:1017100078FE300200000000000D7AFF300201C7A1
:101720000D0000747800310201CB0D0000DE78015D
:10173000310200000000000D7A05310201000000B6
:1017400000017A06310201410E00000A78073102D9
:101750000009020000E9790831020100000000D20E
:101760007B0931020000000000C27A22310200F140
:10177000060000BF7723310200F3060000BF772484
:1017800031020000000000D579253102000A020074
:1017900000BF77263102011F0A000074782731024A
:1017A00001230A0000747828310201270A0000741E
:1017B0007829310200F5060000E9792A310200009B
:1017C000000000C37B2B31020000000000BD792C1B
:1017D0003102000C020000BF772D3104010000002F
:1017E000002B772F31040100000000867A3131048C
:1017F00001000000004A7A333118009A02000027E5
:101800007B4B31180000000000727B633110008BAD
:10181000020000277B7331020000000000C87174D1
:1018200031020000000000C971753118000000008D
:1018300000537B8D31180000000000467BA5311855
:101840000000000000397BBD310200000000005A9A
:101850009EBF3102000000000097790040020100A5
:10186000003F19447901402002F806EB71607B21AA
:1018700040020008029E717377224002000000536C
:101880004D35792340020000008B4D2B7925400215
:1018900001000021356779244002010000221C5D0F
:1018A000790050020000000000327A015000000070
:1018B0000034190000000000000000000000004E8D
:1018C0006F7420616C6C6F776564207768696C65F4
:1018D0002069646C65004E6F7420616C6C6F776575
:1018E0006420647572696E67207072696E74004E50
:1018F0006F205344204361726420446574656374AF
:1019000065640043616E6E6F7420656E746572204D
:101910007375626469723A20004E6F2066696C6567
:101920002073656C6563746564004D3235005265E3
:1019300073756D650055492050617573650072655A
:1019400073756D65004D323400436F6F6C696E675F
:101950002E2E2E004D3530300047323900486F6D45
:10196000696E672072657175697265640054656D92
:10197000706572617475726520746F6F206C6F771B
:10198000004732385A0047323858590047323858E1
:10199000595A00486F6D696E672E2E2E0045786586
:1019A000637574696E6720636F6D6D616E642E2E52
:1019B0002E004D353030004D353032004D3939393B
:1019C0000A4D323830503053313630004D353030DA
:1019D00000504944206175746F74756E696E672E8E
:1019E0002E2E004D33303343256445256453256442
:1019F0005531004265642050494420646973616236
:101A00006C6564004D313030304300496E76616C56
:101A10006964207265636F766572792064617461B0
:101A2000004D3130303000BF3125400000BD310065
:101A30000033314B3163317331743175318D31A5E0
:101A400031000023400000224000002B312C3121C6
:101A5000402D312F31313100002A3100000140008A
:101A60000026312731283129310000FF3000312490
:101A70003125310000223123310000FF300031FCDC
:101A800030FD30083109310000FF300031FC30FDFD
:101A90003000000631073100000531000000400031
:101AA00000FF3000310131FC30FD30FE300000FF1E
:101AB000300031FC30FD300000FF300031FC30FDE3
:101AC00030E630E830005000000031FD300040F8D2
:101AD00030F93006310000FF300031FC30FD30E6D7
:101AE00030E830F730BE3100002030253045306519
:101AF000308530A530C530C630000033312440FF7A
:101B0000300031FC30FD30000042757379004D35F6
:101B100030300050726F62696E67206661696C6573
:101B2000640050726F62696E6720737563636573DA
:101B30007366756C0002347D03B99E04C59E0A2548
:101B4000A00B9C9F0C05A00DF0760EE3710FD871D1
:101B5000108E9F11D97613CE7116CA710000000144
:101B6000FB1A02E91A03D71A04C91A05B91A06AFF3
:101B70001A07A11A089D1A09991A0B931A0C891AA7
:101B80000D7B1A0E751A0F6B1A10611A115D1A125D
:101B9000591A134B1A14471A15431A16311AF92DEC
:101BA0001A17271A00000047305A313000473238E0
:101BB000004732380047305A3000473058256459C2
:101BC00025640047305A340047323800486F6D6949
:101BD0006E672E2E2E0042757379004457494E20B1
:101BE0004755492F4F5320757064617465207265A5
:101BF00071756972656400256478256478256400D0
:101C00002D002D002D0063616E63656C00507269BC
:101C10006E742041626F72746564004469736D690B
:101C200073730055492041626F72746564006F7070
:101C3000656E00545249474745524544003A2000DA
:101C400066696C616D656E74007A5F6D696E0079AE
:101C50005F6D696E00785F6D696E005265706F72BE
:101C600074696E6720656E6473746F70207374613D
:101C70007475730A0020746F6F206C6F6E67206537
:101C80007874727573696F6E2070726576656E74A4
:101C900065640A0020636F6C6420657874727573E4
:101CA000696F6E2070726576656E7465640A0048AF
:101CB0006F6D652025732046697273740000000003
:101CC0000000000000000000005761726E696E673E
:101CD0003A20486F6D696E672042756D70204469C7
:101CE0007669736F72203C20310A00020202000004
:101CF0009643000096430000C8430000A040000047
:101D0000A0400000004053544F505045442E200046
:101D10005072696E7465722073746F7070656420A0
:101D200064756520746F206572726F72732E204621
:101D3000697820746865206572726F7220616E64C4
:101D400020757365204D39393920746F20726573A1
:101D5000746172742E202854656D7065726174759B
:101D600072652069732072657365742E20536574E3
:101D70002069742061667465722072657374617283
:101D800074696E67290A00206572726F72202D20B7
:101D9000726573746172742077697468204D393983
:101DA000390A00424C546F75636800212120535456
:101DB0004F502063616C6C6564206265636175736C
:101DC00065206F66200000009643000096430000E7
:101DD000C84300000000000000000000000045456E
:101DE00050524F4D207772697465206661696C6549
:101DF000640053657474696E67732053746F726501
:101E00006400290A002062797465733B2063726361
:101E1000200053657474696E67732053746F726524
:101E200064202800204D61726C696E3D563930295E
:101E30000A00454550524F4D2076657273696F6EAA
:101E4000206D69736D617463682028454550524F59
:101E50004D3D00454550524F4D206461746173699A
:101E60007A65206572726F722E0A004572723A208E
:101E7000454550524F4D2043524300202863616C2A
:101E800063756C6174656429210A0020213D20007E
:101E9000454550524F4D20435243206D69736D614B
:101EA000746368202D202873746F72656429200084
:101EB000454550524F4D20436F72727570740A0041
:101EC0002053697A653A2000496E6465783A2000AB
:101ED00053746F7265642073657474696E677320E0
:101EE00072657472696576656400206279746573E1
:101EF0003B2063726320002073746F7265642073EB
:101F0000657474696E67732072657472696576654D
:101F100064202800454550524F4D20726561642071
:101F20006661696C656400454550524F4D20496EAD
:101F3000697469616C697A65640A00454550524F5D
:101F40004D20496E697469616C697A656400454524
:101F500050524F4D2072657365740048617264631E
:101F60006F6465642044656661756C7420536574A4
:101F700074696E6773204C6F61646564000000963D
:101F800043000096430000A0400000C8416666A0E0
:101F9000426666A0426626C8439A99BC42B80B00C6
:101FA00000B80B000064000000B80B000020286D92
:101FB0006D2900203B204C6576656C696E672000BA
:101FC00020204D3432302053004175746F2042651B
:101FD00064204C6576656C696E67004F4646004F1D
:101FE0004E00203B2053656E736F722000204C0022
:101FF00020440020204D34313220530046696C616A
:102000006D656E742072756E6F75742073656E7376
:102010006F7200204A0020204732392057204900A3
:1020200020204D3134392043203B20556E69747394
:1020300020696E2043656C736975730A0054656D81
:10204000706572617475726520556E6974730020D5
:1020500020473231203B004C696E65617220556E1D
:102060006974730024F4D43050C38D20C3A2411787
:10207000828B7011127A900D826CDA0AA861E108E5
:10208000C7586607615142061F4B5E05C145A6044D
:102090001B411204093D9703723931034136DB02BB
:1020A00066339202D4305302812E1D02642CEE015D
:1020B000762AC501B128A101102781018F2564016D
:1020C0002B244A01E1223401AD2120018D200C0195
:1020D000811FFC00851EED00981DDF00B91CD20099
:1020E000E71BC700201BBB00651AB200B319A9008B
:1020F0000A19A0006A189800D217920040178A00A7
:10210000B616840032167E00B41579003B157400B3
:10211000C7146F0058146A00EE136600881362003B
:1021200026135E00C8125B006D1257001612550090
:10213000C111510070114E0022114C00D6104900FF
:102140008D1046004710450002104200C00F4000AD
:10215000800F3E00420F3C00060F3A00CC0E3900C3
:10216000930E37005C0E3500270E3400F30D32005D
:10217000C10D3100900D2F00610D2F00320D2D008B
:10218000050D2C00D90C2A00AF0C2A00850C280064
:102190005D0C2800350C27000E0C2500E90B2500EE
:1021A000C40B2400A00B23007D0B22005B0B21003D
:1021B0003A0B2100190B2000F90A1F00DA0A1F0050
:1021C000BB0A1E009D0A1D00800A1C00640A1C0038
:1021D000480A1C002C0A1B00110A1A00F7091A00F1
:1021E000DD091900C4091900AB091800930918008A
:1021F0007B091700640917004D09170036091600FE
:10220000200915000B091500F6081500E108150056
:10221000CC081400B8081400A40813009108130097
:102220007E0813006B0812005908120047081200BC
:1022300035081200230811001208110001081000CF
:10224000F1071100E0071000D0071000C0070F00D1
:10225000B1071000A1070F0092070F0083070F00BE
:1022600074070E0066070E0058070E004A070E009E
:102270003C070E002E070D0021070D0014070D006E
:1022800007070D00FA060D00ED060C00E1060D0033
:10229000D4060C00C8060C00BC060C00B0060B00EF
:1022A000A5060C0099060B008E060B0083060B009A
:1022B00078060B006D060B0062060B0057060A003D
:1022C0004D060A0043060B0038060A002E060A00D7
:1022D000240609001B060A0011060A000706090069
:1022E000FE050A00F4050900EB050900E2050900F6
:1022F000D9050900D0050900C7050800BF05090078
:10230000B6050900AD050800A50508009D050800F3
:10231000950509008C050800840508007C05070068
:10232000750508006D050800650507005E050800D5
:10233000560507004F050800470507004005070040
:1023400039050700320507002B05070024050700A3
:102350001D050700160507000F0506000905070003
:1023600002050600FC040700F5040600EF04070060
:10237000E8040600E2040600DC040600D6040600B9
:10238000D0040700C9040500C4040600BE0406000A
:10239000B8040600B2040600AC040600A60405005A
:1023A000A10406009B0405009604060090040500A5
:1023B0008B04060085040500800405007B040500ED
:1023C00076040600700405006B0405006604050031
:1023D000610405005C040500570405005204050073
:1023E0004D04050048040400440405003F040500B2
:1023F0003A04040036040500310405002C040400EE
:1024000028040500230404001F0405001A04040026
:1024100016040400120405000D040400090404005D
:102420000504040001040500FC030400F803040093
:10243000F4030400F0030400EC030400E8030400C8
:10244000E4030400E0030400DC030400D8030400F8
:10245000D4030300D1030400CD030400C903040026
:10246000C5030400000000000000000000000000A0
:10247000000000000000000000000000D1036D64B7
:1024800003570D0347C6023B8B023259022B2E0223
:1024900025090221E8011CCC011AB201179B011485
:1024A00087011374011163010F54010E46010D39A8
:1024B000010D2C010B21010A17010A0D010904016C
:1024C00008FC0008F40007ED0007E60007DF00063F
:1024D000D90006D30005CE0006C80005C30004BF1E
:1024E0000005BA0004B60004B20004AE0004AA005D
:1024F00004A60003A300049F00039C0003990003AB
:102500009600039300029100038E00028C00038961
:1025100000028700038400028200028000027E0025
:10252000027C00027A000278000276000175000247
:102530007300027100017000026E00016D00026BF9
:1025400000016A0002680001670002650001640082
:10255000016300016200026000015F00015E000192
:102560005D00015C00015B00015A00015900015847
:1025700000015700015600015500015400015300AD
:10258000015200015100005100015000014F0001B3
:102590004E00014D00004D00014C00014B00014A6E
:1025A00000004A00014900014800004800014700BE
:1025B00001460000460001450000450001440001BD
:1025C000430000430001420000420001410000417D
:1025D00000014000004000013F00003F00013E00BC
:1025E000003E00013D00003D00013C00003C0001B8
:1025F0003B00003B00013A00003A0001390000397D
:1026000000003900013800003800013700003700B1
:1026100000370001360000360000360001350000AA
:102620003500013400003400003400013300003371
:10263000000033000132000032000032000131009E
:102640000031000031000031000130000030000096
:102650003000012F00002F00002F00002F00012E5E
:1026600000002E00002E00012D00002D00002D0086
:10267000002D00012C00002C00002C00002C00017B
:102680002B00002B00002B00002B00012A00002A49
:1026900000002A00002A00002A0001290000290069
:1026A000002900002900012800002800002800005F
:1026B000280000280001270000270000270000272D
:1026C000000027000126000026000026000026004A
:1026D000002600002600012500002500002500003E
:1026E000250000250000250001240000240000240E
:1026F0000000240000240000240001230000230027
:10270000002300002300002300002300012200001A
:1027100022000022000022000022000022000022ED
:102720000001210000210000210000210000210003
:1027300000210000210001200000200000200000F6
:102740002000002000002000002000002000011FC9
:1027500000001F00001F00001F00001F00001F00DE
:10276000001F000020436F756E7420583A004265C8
:102770006400453100626564002C207379737465D0
:102780006D2073746F707065642120486561746595
:10279000725F49443A20004572723A204D415854C4
:1027A000454D50004D415854454D50207472696755
:1027B00067657265640048656174696E672046618B
:1027C000696C65640048656174696E67206661695B
:1027D0006C6564004572723A204D494E54454D5027
:1027E000004D494E54454D502074726967676572BB
:1027F000656400544845524D414C2052554E415756
:10280000415900546865726D616C2052756E617734
:10281000617900202F002042403A0020403A0020F9
:10282000573A000009121B242D363F48415A536C79
:10283000657E7719100B023D342F265158434A7597
:102840007C676E323B2029161F040D7A7368615E27
:10285000574C452B2239300F061D14636A71784797
:102860004E555C646D767F4049525B2C253E37089F
:10287000011A137D746F6659504B42353C272E1157
:1028800018030A565F444D727B60691E170C053AA7
:102890003328214F465D546B627970070E151C2357
:1028A0002A31384148535A656C777E09001B122D36
:1028B000243F3658514A437C756E671019020B3419
:1028C0003D262F737A6168575E454C3B3229201FA5
:1028D000160D046A6378714E475C55222B30390619
:1028E0000F141D252C373E0108131A6D647F76499D
:1028F000405B523C352E2718110A03747D666F50D9
:1029000059424B171E050C333A21285F564D447B24
:102910007269600E071C152A233831464F545D62D8
:102920006B707900002110422063308440A550C6AE
:1029300060E770088129914AA16BB18CC1ADD1CEFD
:10294000E1EFF13112100273325222B5529442F784
:1029500072D662399318837BB35AA3BDD39CC3FF4D
:10296000F3DEE36224433420040114E664C774A454
:102970004485546AA54BB528850995EEE5CFF5AC9D
:10298000C58DD55336722611163006D776F6669564
:1029900056B4465BB77AA719973887DFF7FEE79DED
:1029A000D7BCC7C448E5588668A7784008611802B4
:1029B000282338CCC9EDD98EE9AFF9488969990A3D
:1029C000A92BB9F55AD44AB77A966A711A500A33C4
:1029D0003A122AFDDBDCCBBFFB9EEB799B588B3B8D
:1029E000BB1AABA66C877CE44CC55C222C033C6014
:1029F0000C411CAEED8FFDECCDCDDD2AAD0BBD68DD
:102A00008D499D977EB66ED55EF44E133E322E51A3
:102A10001E700E9FFFBEEFDDDFFCCF1BBF3AAF592C
:102A20009F788F8891A981CAB1EBA10CD12DC14E9D
:102A3000F16FE18010A100C230E320045025404630
:102A4000706760B9839893FBA3DAB33DC31CD37F4F
:102A5000E35EF3B1029012F322D232354214527780
:102A6000625672EAB5CBA5A89589856EF54FE52C1F
:102A7000D50DC5E234C324A01481046674476424D0
:102A8000540544DBA7FAB79987B8975FE77EF71D2F
:102A9000C73CD7D326F2369106B016576676761520
:102AA0004634564CD96DC90EF92FE9C899E9898A7F
:102AB000B9ABA94458654806782768C018E1088270
:102AC00038A3287DCB5CDB3FEB1EFBF98BD89BBB8F
:102AD000AB9ABB754A545A376A167AF10AD01AB3C0
:102AE0002A923A2EFD0FED6CDD4DCDAABD8BADE8DF
:102AF0009DC98D267C076C645C454CA23C832CE010
:102B00001CC10C1FEF3EFF5DCF7CDF9BAFBABFD96E
:102B10008FF89F176E367E554E745E932EB23ED15F
:102B20000EF01E7C3C3E5E2B3D3F2F5B5D3B2C2A16
:102B3000225C005761726E696E673A00534420430D
:102B400061726420496E6974204661696C00534467
:102B50002063617264206F6B0A006F70656E526F44
:102B60006F74206661696C65640A00766F6C756DC0
:102B7000652E696E6974206661696C65640A004E31
:102B80006F20534420636172640A000A4D3234009E
:102B90004D3233202573002E0A006F70656E20665B
:102BA00061696C65642C2046696C653A2000466951
:102BB0006C652073656C65637465640A00205369F5
:102BC0007A653A200046696C65206F70656E6564B1
:102BD0003A2000454E4420535542524F5554494ED9
:102BE000450A002220706F73002220706172656EAA
:102BF000743A2200535542524F5554494E45204392
:102C0000414C4C207461726765743A2200537562BE
:102C100063616C6C204F766572666C6F77004578E7
:102C2000636565646564206D617820535542524F39
:102C30005554494E452064657074683A002E0A0068
:102C400044656C6574696F6E206661696C65642C9F
:102C50002046696C653A200046696C652064656CA5
:102C6000657465643A0057726974696E6720746FA1
:102C70002066696C653A2000667265736800646F4F
:102C8000696E67002066696C653A20004E6F772098
:102C9000002F6175746F25632E670020014001309D
:102CA000013B01400136016001310170012C0190AE
:102CB000012701B0012201C0011D01F0011801101E
:102CC00002130130020E016002090190020401C0EA
:102CD00002FF000003FA004003F5008003F000D07B
:102CE00003EB002004E6007004E100E004DC004097
:102CF00005D700C005D2004006CD00D006C8008030
:102D000007C3003008BE00F008B900C009B400B025
:102D10000AAF00B00BAA00D00CA500000EA0005016
:102D20000F9B00C01096005012910000148C00C040
:102D3000158700B0178200B0197D00D01B78000005
:102D40001E730040206E0090226900F02464004051
:102D5000275F0090295A00E02B5500102E500020CC
:102D6000304B0010324600E033410090353C0010FB
:102D700037370070383200A0392D00B03A2800A053
:102D80003B2300603C1E00103D1900903D140010D4
:102D90003E0F00703E0A00C03E0500003F000040AC
:102DA0003FFBFF803FF6FFC03FF1FF2020506C61EA
:102DB0006E6E657242756666657242797465733AC5
:102DC00020002046726565204D656D6F72793A204E
:102DD0000020436F6D70696C65643A205365702004
:102DE000313720323032360A00204C61737420555E
:102DF0007064617465643A20323032362D30392D7A
:102E00003038207C20417574686F723A2053796C99
:102E10003231202B20436C617564650A004D61726C
:102E20006C696E20322E312E78202876322E302E8C
:102E300039290A0020536F667477617265205265E4
:102E40007365740A00205761746368646F67205269
:102E5000657365740A002042726F776E206F757417
:102E60002052657365740A002045787465726E613E
:102E70006C2052657365740A00506F7765725570E7
:102E80000A0073746172740A004732385859004D51
:102E900031303031006572726F72207772697469F7
:102EA0006E6720746F2066696C650A00446F6E65FA
:102EB00020736176696E672066696C652E0A004D25
:102EC000323900456E6473746F707300255320258A
:102ED0006320256320256320256300205A3A0020C3
:102EE000593A0020583A00656E6473746F7073200D
:102EF0006869743A200000000A0B02090C0D0E08E4
:102F000007030401000000000000000000000000B2
:102F100000000000000000000000000000000000B1
:102F2000000012111000000000000000000000006E
:102F300000000000000000000000000000486F6D6D
:102F4000696E67204661696C656400FFFFFF205A67
:102F50003A200020793A200042656420583A200047
:102F600050726F62696E67204661696C65640A0021
:102F700050726F62696E67204661696C65640043D8
:102F8000616E6E6F74206F70656E20737562646918
:102F9000722000524553554D45204F5054494F4ED5
:102FA000533A0048656174696E672E2E2E0000004A
:102FB000436C69636B20746F206865617400000066
:102FC000526573756D696E672E2E2E000000507568
:102FD0007267696E672E2E2E0000004C6F61646967
:102FE0006E672E2E2E000000496E7365727420618C
:102FF0006E6420436C69636B000000436C69636B13
:1030000020746F20636F6E74696E756500000045F3
:103010006A656374696E672E2E2E000000506C6521
:1030200061736520776169742E2E2E000000506157
:10303000726B696E672E2E2E000000220A00556EFC
:103040006B6E6F776E20636F6D6D616E643A2022D8
:10305000006F6B0057616E68616F204439204D4BE3
:10306000317532203330302052656164792E005042
:1030700072696E74696E672E2E2E005072696E74BE
:103080002050617573656400204500205A00205966
:103090000020204D39322058005374657073207021
:1030A000657220756E6974000000220025002800FA
:1030B0002B002E0031003400020100000501080140
:1030C0000B0100002100240027002A002D00300001
:1030D000330001010000040107010A01050505058F
:1030E000070508080808020202020A0A0808040480
:1030F00004040101010101010101030303030303AE
:103100000303040707070C0C0C0C0C0C0C0C02023C
:10311000020206060606060606060B0B0B0B0B0B39
:103120000B0B0102102020080810204010204080C6
:10313000020102010804020101020408102040807B
:103140008040201008040201800402018040201009
:103150000804020108040201010204081020408052
:1031600001020408102040804572726F722077724D
:103170006974696E6720746F20454550524F4D2128
:103180000A0020746F6F206C6F6E67206578747210
:103190007573696F6E2070726576656E7465640A0A
:1031A0000020636F6C6420657874727573696F6E4C
:1031B0002070726576656E7465640A0020453A0079
:1031C000205A3A0020593A00583A0057616E686117
:1031D0006F204439204D4B317532203330300000A0
:1031E0007DE55FE511241FBECFEFD1E2DEBFCDBF8D
:1031F00000E00CBF84B78093B51714BE0FB6F894E7
:10320000A8958091600088618093600010926000B2
:103210000FBE14E0A0E0B2E0E2E4FAEF01E00BBF81
:1032200002C007900D92AE3DB107D9F727E1AEED90
:10323000B4E001C01D92A53BB207E1F718E1C1EF70
:10324000D8E100E006C021970109802FFE010E940D
:1032500097F9C03FD10780E00807A9F70E94F2E67E
:103260000C9410FD0C940000809119078F5F8093DF
:1032700019078A3018F080EF809359090895CF9389
:10328000FC01808191818115904429F5FB01C18168
:103290006C2F70E090E080E00E94E7F220E030E0E8
:1032A00048EC52E40E94C7FB18160CF4C4E62C2F1D
:1032B00030E0AFEFB0E00E9455F924E630E040E0A6
:1032C00050E00E942FF92F3F310519F010F02FEF39
:1032D00030E020939E14CF91089510921D0781E055
:1032E00080931F070895FB0181818F3F19F0882388
:1032F00081F008952CE330E030930D0220930C020E
:1033000080931C0785E08093080281E080931F076B
:10331000089588EC90E090930D0280930C02109237
:103320001C07F0CFFB0181818093F50681E080933B
:103330001F070895FB01808191819827892798278D
:10334000893C910510F088EC90E090930B028093FB
:103350000A0281E080931F070895FB01818191E0BB
:10336000980F923028F48093100281E080931F0719
:103370000895FB0181818093090281E080931F07FA
:103380000895CF92DF92EF92FF92CF93DF93FB01EC
:10339000C081D181DC27CD27DC27BE010D2E000C9A
:1033A000880B990B0E94E9F26B017C0120E030E070
:1033B00040E251E40E94E3F287FD0DC020E030E0DE
:1033C0004AEF53E4C701B6010E94C7FB18162CF45C
:1033D000C4EFD1E002C0CAE0D0E0D0931402C093A1
:1033E000130281E080931F07DF91CF91FF90EF9050
:1033F000DF90CF900895CF93DF93C091DA07D091FB
:10340000DB0781E0CE31D105E4F020E030E040E0A0
:103410005FE36091D6077091D7078091D8079091AC
:10342000D9070E94A0F90E94E4FA6C1B7D0B77FF7C
:1034300003C071956195710981E0633071050CF0ED
:1034400080E0DF91CF91089587FD26C0811111C0E2
:103450008091B10A2091B20A8217F1F0E22FF0E0D8
:10346000EF54F54F828190E02F5F2F772093B20ABF
:103470000895813089F480912F0A2091300A8217B3
:1034800059F0E22FF0E0E15DF54F828190E02F5F8F
:103490002F772093300A08958FEF9FEF0895CF93F1
:1034A000DF93DB01F9019C919130C1F0943080F001
:1034B00094509C938830D1F480819181009771F071
:1034C000019791838083480F591FEA01188206C033
:1034D0008C3539F49C5F9C93943041F4DF91CF910B
:1034E00008958B3339F781E08C93F8CF20813181B7
:1034F000B9016F5F7F4F71836083420F531FEA01F1
:103500008883808191818F3591056CF7E7CF0F9388
:103510001F9381E00091A60D1091A70D2091A80D99
:103520003091A90D4091A20D5091A30D6091A40D71
:103530007091A50D041715072607370708F480E0DA
:103540001F910F91089590E080E008952091E1147B
:10355000833021F425FD0CC024FD0CC030E0A9010E
:1035600002C0559547958A95E2F7CA018170089582
:1035700081E0089580E008950F931F93CF93DF9328
:10358000EC010EE519E0F80120813181428153817F
:10359000688179818A819B810E94A0F968837983FF
:1035A0008A839B83F80124813581468157816C8110
:1035B0007D818E819F810E94A0F96C837D838E83A3
:1035C0009F83F801208531854285538568857985FB
:1035D0008A859B850E94A0F9688779878A879B875F
:1035E000DF91CF911F910F9108958091370684FD4F
:1035F0000BC08091390687FD07C090913A06937001
:1036000081E019F480E0089581E008952FEB280F00
:103610002A3108F047C0E22FF0E080913706909100
:103620003806A0913906B0913A0604C0B695A79520
:10363000979587952A95D2F780FD02C081700895ED
:10364000E75BFA4FE081EE2341F18091740990919C
:103650007509E80FF92FF11D808190ED980F9A30D0
:1036600030F08E3251F4818180538A3098F4F09397
:103670004005E0933F0581E008958D3211F08B32D3
:1036800049F4818190ED980F9A3088F38E3211F4CD
:103690008281EACFF0E0E0E0EACF1092400510929C
:1036A0003F05E9CF80E00895B1DF882341F081E054
:1036B00020913F0530914005232B09F480E00895C7
:1036C0000F931F93CF93DF93C82FD0E0FE01EE0F2F
:1036D000FF1FE75EFD4F71836083CC0FDD1FCC0FB2
:1036E000DD1F8E01095A1D4F072E000C880B990B08
:1036F0000E94E9F22AE037ED43E25CE30E9448F3DE
:10370000CB5CD84F288139814A815B810E9448F384
:10371000F8016083718382839383DF91CF911F913E
:103720000F910895FC01808191818B30904259F472
:10373000FB016081718176276727762780E0C0DFF3
:1037400081E080931F0708958091390781110EC091
:1037500020911F02309120022150310981E04091D7
:10376000CB0D5091CC0D421753070CF080E008951B
:103770008F929F92AF92BF92CF92DF92EF92FF9281
:10378000FC01828158E5C52E52E0D52EC81AD10819
:1037900087FDD394CC0CDD1CCC0CDD1C0D2C000C57
:1037A000EE08FF08818178E8872E912C881A91080D
:1037B00087FD9394880C991C880C991C092C000C8B
:1037C000AA08BB0880818F3FD1F190E0FC01EE0F89
:1037D000FF1FE80FF91FE351F24F8181928133E01F
:1037E000880F991F3A95E1F7B0E0A0E044E0B59565
:1037F000A795979587954A95D1F702969C012F5FDB
:103800003F4F032E000C440B550B281939094A0968
:103810005B09A4EBB0E00E944BF9A70196012819BF
:1038200039094A095B090E942FF9C901FF90EF90FD
:10383000DF90CF90BF90AF909F908F90089590E0D1
:1038400080E0DCCFFB01818180934A070C945AA071
:103850000C945AA0CF93FB01C181C13031F40E9476
:103860004C9E811104C0C0931F07CF9108950E9400
:103870003F9DF9CFCF93DF93EB010E947C9F811195
:1038800006C089E09BE1DF91CF910C94B3D1888190
:10389000998198278927982720911C072F3F29F085
:1038A0002223A9F0DF91CF9108958437910514F078
:1038B00083E790E08530910514F485E090E09093E3
:1038C0000D0280930C0281E080931F07EBCF8332BF
:1038D00021E092077CF382E291E0ECCFE8EFF6E0A2
:1038E00081E2DF011D928A95E9F781E080931F074D
:1038F0000895CF93FB018091F506813029F050F1B6
:10390000823019F1CF91089560E070E080E89FE384
:103910002181223069F118F5222319F090582130C5
:1039200089F7C0E024E0C29FF0011124E15EF54F69
:1039300020813181428153810E94A0F94C2F0E9445
:1039400087CF81E080931F07DDCF6DEC7CEC8CECA2
:103950009DE3DECF60E070E080E291E4D9CF2430D7
:1039600021F028F09058253069F6C2E0DBCF90585E
:10397000C1E0D8CFCF93DF93EC01FB01608171816F
:10398000762767277627072E000C880B990B0E9455
:10399000E9F220E030E040E251E40E947CFA288124
:1039A00039812132F0E23F0749F0223240E2340708
:1039B00071F02032304241F440E001C041E00E9409
:1039C00087CF81E080931F07DF91CF91089542E078
:1039D000F6CF8F929F92AF92BF92CF92DF92EF92EB
:1039E000FF92CF93DF9380915C098770873071F0ED
:1039F0008DE599E1DF91CF91FF90EF90DF90CF902F
:103A0000BF90AF909F908F900C94B3D1EB010E9428
:103A10007C9F811103C089E09BE1ECCF89818330D9
:103A200009F454C0B8F4813009F466C0C12CD12C1B
:103A300060EFE62E61E4F62E823009F45AC0DF9181
:103A4000CF91FF90EF90DF90CF90BF90AF909F907D
:103A50008F900895843009F446C0C12CD12C97E88A
:103A6000E92E93E4F92E812C912C20EFA22E21E453
:103A7000B22E853021F720E030E040E850E460913C
:103A8000270A7091280A8091290A90912A0A0E9497
:103A9000A0F942E00E9487CF40E0C501B4010E9436
:103AA00087CF41E0C701B6010E9487CF42E060E0C6
:103AB00070E0CB01DF91CF91FF90EF90DF90CF903E
:103AC000BF90AF909F908F900C9487CFC12CD12C3A
:103AD00040EFE42E41E4F42E812C912C57E8A52EE2
:103AE00053E4B52EC8CFC12CD12C37E8E32E33E4F4
:103AF000F32E46015701BFCFC12CD12C86E1E82E11
:103B000083E4F82EF6CFCF93DF93EB010E947C9FE6
:103B1000811106C089E09BE1DF91CF910C94B3D174
:103B2000809110028F5F8230C0F420E030E04AE2E2
:103B300053E46091C70D7091C80D8091C90D9091AB
:103B4000CA0D0E94E3F287FF03C08DE699E1E4CF3E
:103B50008981882329F0813039F1DF91CF9108954F
:103B600060910A0270910B0290E080E00E94E7F2FF
:103B70009B01AC0160912B0A70912C0A80912D0A57
:103B800090912E0A0E949FF960932B0A70932C0A41
:103B900080932D0A90932E0A60E070E080E090E41C
:103BA000DF91CF910C94009460910A0270910B0206
:103BB00090E080E00E94E7F220912B0A30912C0ADD
:103BC00040912D0A50912E0A0E94A0F9DDCFFB01F1
:103BD0008181882319F0813079F008956AE077EDCA
:103BE00083E29CE30E9429D00E9407D20E945AA03F
:103BF00081E080931F0708956AE077ED83E29CEBF4
:103C0000F1CFFB0160817181762767277627072E28
:103C1000000C880B990B0E94E9F220E030E048ECA0
:103C200052E40E947CFA2091410E3091420E409164
:103C3000430E5091440E0E949FF90E9429D00E9489
:103C400007D20E945AA081E080931F070895CF9366
:103C5000DF93EB010E947C9F811104C0DF91CF9123
:103C60000C943CA3898190910902923029F0933001
:103C7000C1F0DF91CF910895882371F06DEC7CEC59
:103C80008CEC9DEB0E9429D00E9407D20E945AA082
:103C900081E080931F07EDCF6DEC7CEC8CEC9DE315
:103CA000F1CF882329F06AE077ED83E29CEBEACF3D
:103CB0006AE077ED83E29CE3E5CFFB01818181300F
:103CC00031F0823039F081E080931F0708950E941F
:103CD0007982F9CF0E945182F6CFCF93FB01C18147
:103CE000C13051F40E94329E811108C00E944C9E46
:103CF000811104C0C0931F07CF910895CF910C94F8
:103D00003F9DCF93FB01C181C13031F40E94329EAF
:103D1000811104C0C0931F07CF9108954EE259E16D
:103D200065E379E184E00E94ABCB8BE790E30E94EE
:103D300006C88AE299E19093170980931609ECCF9F
:103D4000CF93DF93EB010E947C9F811104C0DF9130
:103D5000CF910C9438A368817981762767277627DD
:103D6000072E000C880B990B0E94E9F220E030E04E
:103D700048EC52E40E947CFA2091410E3091420EB0
:103D80004091430E5091440E0E949FF90E9429D009
:103D90000E9407D20E945AA081E080931F07DF9102
:103DA000CF91089580910E0290910F0297FF04C069
:103DB00089E199E10C94B3D10E9494DC882389F0C5
:103DC0008091AA0D85FD0DC00E947C9F811102C0CB
:103DD0000C9438A386E799E00E945FD383E0809338
:103DE00059090895CF93DF93FB0181818130D1F090
:103DF00040F0823019F181E080931F07DF91CF916D
:103E000008958091AA0D86FDF9CF10921B0710929C
:103E10001A078FEF9FEF90930F0280930E020E947C
:103E2000D3D2E9CF80911A0790911B07009731F305
:103E3000019790931B0780931A07DDCFC0911A0753
:103E4000D0911B0726960E9446DC8C179D07B0F286
:103E500080911A0790911B070196EBCF1F93CF9388
:103E6000DF93EC01FB0111818881998181309042BF
:103E700069F48091AA0D84FD07C08FEE98E1DF916F
:103E8000CF911F910C94B3D10E94BCD288819981AB
:103E90008230904259F40E94329E882319F086EDB8
:103EA00098E1EDCF0E944C9E8111F9CF88819981D4
:103EB0008330904231F010935909DF91CF911F91D7
:103EC00008950E94329E8111F6CF0E944C9E81116E
:103ED000F2CF8FEB98E1D3CFFC0101900020E9F7FE
:103EE0009F0121503109281B390B2F33310540F434
:103EF000FC01E20FF31F60832E33310509F01182BC
:103F00000895CF93DF93EC0140E450E00E94CFF19D
:103F1000CE01DF91CF910895AB01BC014093A60D76
:103F20005093A70D6093A80D7093A90D81E097E1C0
:103F30000C9457D7EF92FF920F931F93CF93DF9379
:103F4000CDB7DEB764970FB6F894DEBF0FBECDBF16
:103F50007C01FB0160817181828193818E010F5F01
:103F60001F4F248141E00E9401EEF70101900020E3
:103F7000E9F79F01215031092E193F092E313105F2
:103F800050F44FE150E0421B530BBC01C701820FBC
:103F9000931F0E942CF2C70164960FB6F894DEBFFF
:103FA0000FBECDBFDF91CF911F910F91FF90EF908A
:103FB0000895CF93DF93EC01FC0101900020E9F715
:103FC000CF0101978C1B9D0B8F33910540F440E48A
:103FD00050E0481B590B8C0F9D1F0E942CF2CE0104
:103FE000DF91CF910895EF92FF920F931F93CF939C
:103FF000DF93CDB7DEB764970FB6F894DEBF0FBE80
:10400000CDBF7C01FB0160817181828193818E0132
:104010000F5F1F4F248141E00E9401EEBC01C701E8
:10402000C8DF64960FB6F894DEBF0FBECDBFDF9138
:10403000CF911F910F91FF90EF9008950C9475C54B
:1040400080913F0590914005009731F04AE050E0A3
:1040500070E060E00C94A1F060E070E0CB010895A6
:1040600080913F0590914005009731F04AE050E083
:1040700070E060E00C9474EF60E070E0CB010895B4
:10408000EFDF97FD0AC0ECDF6F3F710581059105F9
:1040900009F02CF4E5DF862F089580E008958FEF76
:1040A0000895CF93C62F00DB882311F0CF91E8CF7E
:1040B0008C2FCF91089580913F0590914005892BD9
:1040C00039F0DEDF91E0811101C090E0892F089581
:1040D00091E0FCCFCF93DF93C82FD62FE5DA88236A
:1040E00019F0DF91CF91E7CF8C2F90DA811101C0C9
:1040F0008D2FDF91CF910895B3DFCB010895CF933A
:10410000DF93EB01D1DA882319F0DF91CF91F4CF5F
:10411000CE01DF91CF9108950F931F93CF9380919C
:104120003F0590914005009709F1FC018F01C19175
:104130002C2F2F7DA1F0C53431F0C53621F0C835C4
:1041400011F0C83799F7F801108270E060E00E9422
:104150001EEEF801C083CF911F910F91089570E07A
:1041600060E0CF911F910F910C941EEE60E070E023
:10417000CB01F1CFCF92DF92EF92FF926A017B01E8
:1041800093DA882329F0FF90EF90DF90CF90C4CF8F
:10419000C701B601FF90EF90DF90CF900895EF92A6
:1041A000FF920F931F93CF93DF93CDB7DEB72C977A
:1041B0000FB6F894DEBF0FBECDBF7C017F936F9327
:1041C00087EC94E09F938F938E010F5F1F4F1F9397
:1041D0000F930E94E0FCB801C701EBDE0F900F9037
:1041E0000F900F900F900F902C960FB6F894DEBFA3
:1041F0000FBECDBFDF91CF911F910F91FF90EF9038
:104200000895EF92FF920F931F93CF93DF93CDB753
:10421000DEB7A4970FB6F894DEBF0FBECDBFF82E61
:104220008093CE098FE18F1508F489C08091CD0964
:10423000F81624F081E08F0D8093CD0981E090E0A5
:104240000F2C02C0880F991F0A94E2F7092E000C68
:10425000AA0BBB0B4091CF095091D0096091D109B5
:104260007091D20984239523A623B72321E0892BBB
:104270008A2B8B2B09F420E02093CC09F7FC62C039
:104280004FE150E06DE475E08E010F5F1F4FC801F4
:104290000E94CFF1F80101900020E9F7CF010197CA
:1042A000801B910B8E31910560F420E2F801E80F3C
:1042B000F91F20838D31910521F08C0F9D1FFC018A
:1042C00012828F2D0F2C000C990B9F93FF9287EC7D
:1042D00094E09F938F937E01F0E2EF0EF11CFF922A
:1042E000EF920E94E0FCF80101900020E9F7CF0175
:1042F0000197801B910B0F900F900F900F900F90D4
:104300000F908E31910548F44FE150E0481B590B56
:10431000B701800F911F0E942CF240E060E0C801BD
:104320000E94679DA4960FB6F894DEBF0FBECDBF66
:10433000DF91CF911F910F91FF90EF900895109210
:10434000CC099CCF0E9425CBEDCFCF92DF92EF928C
:10435000FF92CF936B017C01C42F8091E2148F5F99
:1043600009F4CEC08093E2148091E21480939C15EE
:1043700020E030E040E752E46091150270911602AF
:1043800080911702909118020E9448F30E94E9FA66
:104390007093F4146093F3148091130290911402BB
:1043A0009093F6148093F5148091190290911A025B
:1043B0009093F8148093F714C092F914D092FA14E1
:1043C000E092FB14F092FC1480919B15C0FB80F9E5
:1043D00080939B1587E0ECECF9E0ADEFB4E1019040
:1043E0000D928A95E1F78CE0E9E0F9E0A4E0B5E10F
:1043F00001900D928A95E1F78CE0EEE5F9E0A0E1FD
:10440000B5E101900D928A95E1F78091580790915E
:104410009B1580FB94F990939B15882381F08091E4
:10442000540790915507A0915607B0915707809374
:104430001C1590931D15A0931E15B0931F15809108
:10444000CB0D9091CC0D90932115809320158091E8
:10445000DA079091DB0790932315809322158091C2
:104460009E148093241580919B1590918C0990FB4C
:1044700083F980939B1580918D0990918E09A0916D
:104480008F09B09190098093251590932615A093DC
:104490002715B09328150E944C9B60939615709336
:1044A000971580939815909399158091E1148093B6
:1044B0009A159091D30980919B1593FB81F9909166
:1044C000390790FB82F980939B1580E00E944EE0B3
:1044D00040E050E0BA0182EA95E10E9457D74BEBE9
:1044E00050E062EE74E182EA95E10E9479D882EAB6
:1044F00095E1CF91FF90EF90DF90CF900C94E27D0B
:1045000081E030CF0E9476C60E9445C61092BF0758
:104510000895AF92BF92CF92DF92EF92FF920F93E6
:104520001F93CF935C016B018A0189519B4F7C01E2
:10453000DC01CC91C7FF3DC0FB0111821082CF5F2F
:10454000D701CC93CC300CF053C08CE08A9DF001A5
:104550008B9DF00D1124CF018C0F911DC7FD9A95F5
:104560002091350E2817190609F00CF441C0F60108
:1045700020813181FC01EE0FFF1FE80FF91FE3518D
:10458000F24F81819281820F931FD80111969C93E3
:104590008E93808187FF3DC061E08F77CF911F911F
:1045A0000F91FF90EF90DF90CF90BF90AF900C9461
:1045B00081D08CE08A9DF0018B9DF00D1124CF01FC
:1045C0008C0F911DC7FD9A952091350E281719065D
:1045D00009F00CF4B4CFFC01EE0FFF1FE80FF91F38
:1045E000E351F24F808160E08F770E9481D0A7CFA6
:1045F000F6018081918104968034FCE99F0710F4D4
:1046000080E49CE9D80111969C938E938FEFF7017B
:104610008083CF911F910F91FF90EF90DF90CF900B
:10462000BF90AF9008952BE934E1F9014591549181
:104630004115510571F04817590741F4CB014AE083
:1046400050E0B9010E94A9F181E00895265F3F4F33
:1046500061F780E008956091EA0370E090E080E007
:104660000E94E7F220E030E048EC52E40E9448F378
:1046700020E030E04FE753E40E947CFA20E030E095
:10468000A9010E94A0F90E94D3FB862F0895CF9321
:10469000DF93C091DA07D091DB07209729F1609171
:1046A000D6077091D7078091D8079091D9070E94BB
:1046B000E4FA6E5F7F4F24976C177D07ACF470931C
:1046C000C2076093C1070E94A7D1605679478E4FF9
:1046D0009F4F6093C3077093C4078093C50790935F
:1046E000C607DF91CF9108951092C3071092C407B7
:1046F0001092C5071092C607F4CF2F923F924F92A7
:104700005F926F927F928F929F92AF92BF92CF9261
:10471000DF92EF92FF920F931F93CF93DF93D62FE9
:10472000C72FFC0180809180A280B380C501B401B5
:1047300020E831E541E050E00E940DF9C9016DE645
:1047400071E00E9470F96B017C01C501B40120E1A8
:104750003EE040E050E00E940DF9CA01B90128E1B5
:1047600030E040E050E00E940DF9362E272E062F53
:10477000172F8CE3482E512C612C712CC501B401EC
:10478000A30192010E940DF9B62EA72ECA01B9010C
:10479000A30192010E940DF9CB01C114D10479F15A
:1047A000AF92BF927F936F932F923F92FF92EF92BF
:1047B000DF92CF9285EA91E19F938F93CF93DF931E
:1047C0000E947CF28DB79EB70E960FB6F8949EBFEE
:1047D0000FBE8DBF8D2F9C2FDF91CF911F910F9119
:1047E000FF90EF90DF90CF90BF90AF909F908F9011
:1047F0007F906F905F904F903F902F900895E114BD
:10480000F104C9F0AF92BF927F936F932F923F92C2
:10481000FF92EF9285E991E19F938F93CF93DF937E
:104820000E947CF2EDB7FEB73C960FB6F894FEBF3F
:104830000FBEEDBFCFCF012BB9F0AF92BF927F93E8
:104840006F932F923F9289E891E19F938F93CF933B
:10485000DF930E947CF28DB79EB70A960FB6F8944C
:104860009EBF0FBE8DBFB6CF892BA9F0AF92BF926E
:104870007F936F9381E891E19F938F93CF93DF9321
:104880000E947CF2EDB7FEB738960FB6F894FEBFE3
:104890000FBEEDBF9FCFAF92BF928DE791E19F9387
:1048A0008F93CF93DF930E947CF20F900F900F9025
:1048B0000F900F900F908ECF8F929F92AF92BF92DA
:1048C000CF92DF92EF92FF920F931F93CF93DF93DC
:1048D00010926405109263052FE3209368051092EF
:1048E00067051092660510926505109237061092C2
:1048F00038061092390610923A069C01F90190810F
:104900002F5F3F4F9032D1F39E34C9F4818190EDF7
:10491000980F9A3020F08D3211F08B3281F432965C
:104920009F012F5F3F4F808180538A3008F44CC035
:104930009F012F5F3F4F8081803209F447C0F09381
:104940007509E09374098F010F5F1F4FC0816AE200
:1049500070E0C8010E94A6FC009731F0FC0131977D
:1049600080818032E1F31182CD3421F0C43511F021
:10497000C734E9F4D8018C910F5F1F4F8032D1F317
:1049800080538A30A0F4C093680530E020E06AE0EC
:10499000FD0131968C9180532A3999E13907D0F085
:1049A00030936705209366058FE380936805DF9158
:1049B000CF911F910F91FF90EF90DF90CF90BF901C
:1049C000AF909F908F900895F901AACFF901B0CFD1
:1049D000DF01DECF293999E1390711F4863000F77C
:1049E000629FA001639F500D11249A01280F311D71
:1049F000808190ED980F9A3058F33093670520939B
:104A000066058E3261F4129690E04AE0FD0111963F
:104A1000808150ED580F5A30C0F090936505DF014A
:104A200031968C918032D9F3CD34F9F42E313105A1
:104A300039F088F42731310519F02C313105A9F40A
:104A4000B0936405A0936305B2CF949F800D1124A9
:104A500090ED980FDBCF2537310538F0273731053A
:104A600078F3203AE3E03E0759F3D091740940E02F
:104A700050E0BA0110E000E0C12CD12C7601C394C3
:104A8000FD0131968C91882309F47FC08132E1F4D5
:104A9000CD34D1F420323105B9F440933706509328
:104AA00038066093390670933A06F0936405E093F4
:104AB000630563E270E0CF010E94A6FC009709F451
:104AC00076CFFC01108273CF81548A3108F058C030
:104AD000DF019D91903291F0A0EDA90FAA30E8F08E
:104AE0009E3271F4918190539A30B8F001151105FE
:104AF00019F48F010150110990E013C0FD01E8CFB6
:104B00009D3211F09B3291F79181A0EDA90FAA304F
:104B100020F09E3259F79281E6CF9E2F9D1B309751
:104B200059F3A82FB0E04601570104C0880C991C26
:104B3000AA1CBB1C8A95D2F7482959296A297B29C6
:104B4000A75BBA4F9C9380818154DF018A3108F4BE
:104B500097CFDF018191882309F492CF90ED980FD0
:104B60009A30B8F393ED980F923098F38B3289F323
:104B7000CD010196EC91E03209F082CFDC01F8CF53
:104B80000115110501F78D01DECF10936405009327
:104B90006305409337065093380660933906709347
:104BA0003A0605CFCF93DF93EC018991882319F062
:104BB0000E9475C5FACF8DE00E9475C58AE0DF912D
:104BC000CF910C9475C50C9485C790915D0999237C
:104BD00021F0682F80E00E94709980E00895682F8E
:104BE00070E090E080E00C94EDC71F93CF93DF93CB
:104BF0001BEBC2EED4E1FE01812F11928A95E9F7F9
:104C00000E94A8D2882359F0FE0111921A95E9F763
:104C100084E994E0DF91CF911F910C9473E0DF91D0
:104C2000CF911F9108958091E214882361F09091B3
:104C30009C15891308C08091AA0D84FF04C089E2E5
:104C400095E10C9460DE80E00895FC012381211140
:104C50000C94E27D0895CF93DF93C091CB0DD0915A
:104C6000CC0D209729F16091C70D7091C80D8091EE
:104C7000C90D9091CA0D0E94E4FA6E5F7F4F26978E
:104C80006C177D07ACF47093E7076093E6070E940A
:104C9000A7D160547B428E4F9F4F6093E80770937B
:104CA000E9078093EA079093EB07DF91CF9108958E
:104CB0001092E8071092E9071092EA071092EB07AA
:104CC000F4CFCF93DF93EC018991882319F00E94F0
:104CD00075C5FACFDF91CF910895682F70E090E00D
:104CE00080E00C9485C7CF93C1E020E030E0A901BB
:104CF0006091420770914307809144079091450766
:104D00000E94E3F2811101C0C0E08C2FCF91089581
:104D1000CF93C82F882319F0E6DF8823C9F080914C
:104D20008C098C17A9F00E945A878FE19AE00E94A3
:104D3000578980918C0991E0892780938C09882379
:104D400021F08FE19AE00E943786CF910C94E29592
:104D5000CF9108950E947C9F811102C00C9438A3CA
:104D600080E0D6DF0E945AA081E080931F0708955B
:104D70004F925F926F927F928F929F92AF92BF926B
:104D8000CF92DF92EF92FF920F931F93CF93DF9317
:104D9000EC0120913A0730913B0740913C0750913C
:104DA0003D07688179818A819B810E949FF96B010F
:104DB0007C0120913E0730913F0740914007509180
:104DC00041076C817D818E819F810E949FF94B01FB
:104DD0005C01A701960160912705709128058091DB
:104DE000290590912A050E94E3F2882309F45AC00C
:104DF000C0922705D0922805E0922905F0922A0555
:104E000020911F05309120054091210550912205E8
:104E1000C701B6010E9448F32B013C010E9415FB1B
:104E20006B017C0120E030E0A9010E94E3F287FDE4
:104E30007AC020E030E040E850E4C701B6010E94AB
:104E4000C7FB181634F4C12CD12CC0E8EC2EC0E4FA
:104E5000FC2EA7019601C301B2010E949FF92B010C
:104E60003C0120E030E0A9010E94E3F287FD5FC031
:104E700040921705509218056092190570921A0514
:104E8000C701B6010E94E4FA60931505062E000CD6
:104E9000770B6F5F7F4F6430710514F064E070E052
:104EA00060931305D091110510911505A50194018A
:104EB00060912B0570912C0580912D0590912E0508
:104EC0000E94E3F281113CC0D11394C02091F904F7
:104ED0003091FA044091FB045091FC046091170555
:104EE000709118058091190590911A050E9448F358
:104EF0002091FD043091FE044091FF045091000583
:104F00000E94A0F9DF91CF911F910F91FF90EF9038
:104F1000DF90CF90BF90AF909F908F907F906F90D9
:104F20005F904F900895C12CD12C760192CF1092B2
:104F30001705109218051092190510921A05A0CFA6
:104F400080922B0590922C05A0922D05B0922E05F3
:104F50002091230530912405409125055091260587
:104F6000C501B4010E9448F34B015C010E9415FB8E
:104F70006B017C0120E030E0A9010E94E3F287FD93
:104F8000FDC020E030E040E850E4C701B6010E94D7
:104F9000C7FB181634F4C12CD12CB0E8EB2EB0E4CA
:104FA000FB2EA7019601C501B4010E949FF94B0198
:104FB0005C0120E030E0A9010E94E3F287FDE2C03D
:104FC00080921B0590921C05A0921D05B0921E05B3
:104FD000C701B6010E94E4FA60931605062E000C84
:104FE000770B6F5F7F4F6430710514F064E070E001
:104FF00060931405C0911605D11305C08091120568
:105000008C1709F470C08091150590911605909346
:105010001205809311050C2E000CDD0B25E0120308
:10502000C0011124FC01EC0FFD1FEE0FFF1FEE0F5E
:10503000FF1FE75AF84F208131814281538120932D
:105040000D0530930E0540930F0550931005009108
:105050001405002E000C110BFC01E00FF11FEE0FE8
:10506000FF1FEE0FFF1FE75AF84F608171818281A9
:1050700093810E949FF96093090570930A058093BC
:105080000B0590930C052091130535E02303F001E7
:105090001124CE0FDF1FCC0FDD1FCC0FDD1FC75A31
:1050A000D84F288139814A815B812093050530934F
:1050B00006054093070550930805E00FF11FEE0F1A
:1050C000FF1FEE0FFF1FE75AF84F60817181828149
:1050D00093810E949FF9609301057093020580936C
:1050E00003059093040580901B0590901C05A090EB
:1050F0001D05B0901E052091090530910A054091CB
:105100000B0550910C05C501B4010E9448F3209194
:105110000D0530910E0540910F05509110050E942C
:10512000A0F96B017C01C092FD04D092FE04E092D4
:10513000FF04F09200052091010530910205409195
:10514000030550910405C501B4010E9448F3209164
:1051500005053091060540910705509108050E940C
:10516000A0F9A70196010E949FF96093F90470933A
:10517000FA048093FB049093FC04A8CEC12CD12C9C
:1051800076010FCF10921B0510921C0510921D0581
:1051900010921E051DCFE7E2F5E080EF9FEFA9E733
:1051A000B4EC84839583A683B78380839183A283A1
:1051B000B383E1E1F5E08DE98183808308958F92E7
:1051C0009F92AF92BF92CF92DF92EF92FF92FC013B
:1051D00098E0A2E4B7E001900D929A95E1F788E09B
:1051E000FB01AAE3B7E001900D928A95E1F7C09028
:1051F0004207D0904307E0904407F090450720E035
:1052000030E0A901C701B6010E94E3F28823E1F171
:10521000A701960160E070E080E89FE30E947CFABD
:105220006B017C018090460790904707A09048074B
:10523000B090490720E030E0A901C501B4010E9407
:10524000E3F2882329F1A501940160E070E080E891
:105250009FE30E947CFAC0921F05D0922005E09245
:105260002105F09222056093230570932405809315
:10527000250590932605FF90EF90DF90CF90BF908B
:10528000AF909F908F900895C12CD12C7601CACFFA
:1052900060E070E0CB01DFCF8F929F92AF92BF9220
:1052A000EF92FF920F931F93CF93DF9310923E07DD
:1052B00010923F07109240071092410710923A0750
:1052C00010923B0710923C0710923D071092460740
:1052D0001092470710924807109249071092420710
:1052E00010924307109244071092450709E517E012
:1052F000C0E0812C912C80ECA82E8FE7B82E78018D
:10530000D0E0F70181929192A192B1927F016D2F2D
:105310008C2F0E9469A0DF5FD53099F7CF5F0C5EBC
:105320001F4FC53061F7DF91CF911F910F91FF9013
:10533000EF90BF90AF909F908F900895EFE6F0E0D0
:10534000808182608083089580916E0990916F09B9
:10535000892B79F480916E0990916F09892B49F41A
:1053600020916E0930916F0981E0232B19F480E0C0
:10537000089581E00895CF93DF93EC01FE018491BD
:105380002196882319F00E941E20F8CFDF91CF913B
:105390000895CF93DF93EB01EEDFCE01DF91CF9144
:1053A00090CCCF92DF92EF92FF926A017B01E3DF14
:1053B00042E0C701B601FF90EF90DF90CF900C94D0
:1053C00019C88DE295E0D7CF87E295E0D4CF8AE087
:1053D0000C941E20CF93DF9361E571E10E947BCA9C
:1053E000C091450ED091460E488159816A817B81DA
:1053F00088E491E1D6DF4C815D816E817F818EE80A
:1054000090E3CFDF4091410E5091420E6091430EE8
:105410007091440E8BE890E3C4DF85E491E1ABDF4B
:105420008DEA9FE1A8DFDF91CF91D1CF0F931F933A
:10543000CF938C01C62F8DE09EE09DDFC8019BDFDE
:105440008AE30E9475C580E38C0F0E941E20CF91D5
:105450001F910F91BCCFCF9389E090E18CDFB7DF34
:10546000E0915C0282E6E89FF0011124E154FD4FD7
:10547000C08160E089EF9FE0D9DF60E084EE9FE0CB
:10548000D5DF61E08DED9FE0D1DF61E082ED9FE04F
:10549000CDDF60E083EC9FE0C9DF61E083EB9FE05C
:1054A000C5DF60E08AEA9FE0C1DF61E080EA9FE05B
:1054B000BDDF61E086E99FE0B9DF61E08FE89FE052
:1054C000B5DF61E087E89FE0B1DF61E089E79FE059
:1054D000ADDF60E08BE69FE0A9DF60E08CE59FE058
:1054E000A5DF60E08EE49FE0A1DF60E088E39FE05D
:1054F0009DDF60E087E29FE099DF61E082E19FE06D
:1055000095DF61E083E09FE091DF61E08CEF9EE05A
:105510008DDF60E08FEE9EE089DF60E088EE9EE048
:1055200085DF61E08FED9EE081DF60E08AEC9EE048
:105530007DDF60E08CEB9EE079DF60E082EB9EE057
:1055400075DF60E08BE99EE071DF60E08EE89EE051
:105550006DDF61E08BE79EE069DF60E08EE69EE054
:1055600065DF61E089E69EE061DF61E08CE59EE059
:105570005DDF60E080E59EE059DF60E08CE39EE067
:1055800055DF60E089E29EE051DFC7FD1AC060E0B0
:1055900080919E1590919F15CC2339F0C13089F4EC
:1055A00061E08091A0159091A1150E94A31A682F27
:1055B000617080E29EE03ADF60E082E19EE0CF91A0
:1055C00035CF80E0F4CFCF92DF92EF92FF926A0165
:1055D0007B01D1DEC701B6010E94EDC7FF90EF90BD
:1055E000DF90CF90F4CE0F931F93CF93883038F590
:1055F000082F082E000C110BC0919D1591E001C0E1
:10560000990F8A95EAF790939D150E940AC887E63C
:10561000809FF001819FF00D1124E759FA4F4081DE
:105620005181628173814F5F5F4F6F4F7F4F84E77E
:1056300091E1C9DF80E791E19EDEC0939D15CF9196
:105640001F910F910895EF92FF920F931F93CF93A5
:10565000DF937C01C62F062F062E000C110B80E075
:10566000683028F481E001C0880F6A95EAF7D0918C
:105670009D1580939D15A5DE87E6809FF001819F93
:10568000F00D1124E759FA4F4081518162817381F5
:10569000C70199DF8C2F0E94241A0196D9F78C2F0D
:1056A000A2DF87E6809FF001819FF00D1124E7596A
:1056B000FA4F15821482D0939D15DF91CF911F91DF
:1056C0000F91FF90EF9008950F931F93CF93811147
:1056D00011C0C42F8B0178DE88E29CE04CDEC8014B
:1056E0004ADECC2339F08AE30E941E20CF911F911D
:1056F0000F916DCECF911F910F910895CF93C82F29
:1057000041E064EF79E0E0DFC11101C05DDE40916E
:105710004C0750914D0760914E0770914F078BEEEB
:1057200099E03FDE40915007509151076091520738
:105730007091530788EE99E034DE85EE99E01BDE28
:105740008DEA9FE118DECF9142CECF93C82F41E082
:105750006BEC78E0B9DFC11101C036DE4091DF0D9E
:105760005091E00D6091E10D7091E20D82EC98E0B6
:1057700018DE21E732EB47E25EE36091E30D7091C2
:10578000E40D8091E50D9091E60D0E947CFAAB014D
:10579000BC018FEB98E005DE21E732EB47E25EE3E8
:1057A0006091E70D7091E80D8091E90D9091EA0DFF
:1057B0000E9448F3AB01BC018CEB98E0F2DDCF9185
:1057C00006CECF92DF92EF92FF926A017B01D3DD8A
:1057D00042E0C701B6010E9419C8FF90EF90DF9028
:1057E000CF90F5CDCF93DF9361E07EE00E947BCA3E
:1057F000C9E0D9E0488159816A817B8188EF9DE0C9
:10580000D0DD4C815D816E817F818EE890E3C9DDC2
:10581000488559856A857B858BE890E3DF91CF9138
:10582000D0CFCF93DF9363E478E00E947BCA60918E
:10583000E4097091E5098091E6099091E7090E94D9
:10584000E7F2AB01BC018AE398E0ABDD4091140ABA
:105850005091150A6091160A7091170A87E398E033
:10586000A0DD4091180A5091190A60911A0A7091AE
:105870001B0A84E398E095DDC6E9D9E048815981A7
:105880006A817B8185E29CE08CDD4C815D816E814B
:105890007F818EE890E385DD488559856A857B8523
:1058A0008BE890E37EDD4C855D856E857F8588E89D
:1058B00090E3DF91CF9185CFCF93DF936AEE77E0CE
:1058C0000E947BCAC4EDD9E04CA95DA96EA97FA94D
:1058D00081EE97E066DD48AD59AD6AAD7BAD8EEDEA
:1058E00097E05FDD4CAD5DAD6EAD7FAD84E398E0DC
:1058F000DF91CF9166CFCF93DF9366EC77E00E9484
:105900007BCAC4EDD9E04CA15DA16EA17FA18DEB56
:1059100097E047DD48A559A56AA57BA58EE890E3E9
:1059200040DD4CA55DA56EA57FA58BE890E339DD34
:1059300048A959A96AA97BA988E890E332DDDF91DB
:10594000CF9145CDCF93DF9361EA77E00E947BCA88
:10595000C4EDD9E0688179818A819B810E94E7F258
:10596000AB01BC0188E997E01CDD6C817D818E81F3
:105970009F810E94E7F2AB01BC018EE890E311DD4C
:10598000688579858A859B850E94E7F2AB01BC0119
:105990008BE890E306DD6C857D858E859F850E9472
:1059A000E7F2AB01BC0188E890E3FBDCDF91CF912B
:1059B0000ECDCF93811110C007DD88E29CE0DBDCC7
:1059C00086E897E0D8DC80915807811103C089E709
:1059D00097E0D1DCFCDCF8DCC091580780E797E069
:1059E000CADC8C2FFCD84091540750915507609128
:1059F0005607709157078DE697E0CF91E2CECF938F
:105A0000DF93EB01B8DCCE01B6DCDF91CF91DFCCC8
:105A1000CF9366E17AE00E947BCAC0914B07C05DDC
:105A20008DE09AE0A8DC8C2F0E9475C580914B0711
:105A30006BED7FE1882311F06FED7FE189E09AE063
:105A4000CF91DDCF0F931F93CF93DF938C01D62F90
:105A5000C0919D158FEF80939D1587E595E08BDCB8
:105A6000C80189DCD111B3DCC0939D15DF91CF91C2
:105A70001F910F9108950F931F93CF93DF938C0184
:105A8000D62FC0919D158FEF80939D1560E08DE717
:105A900095E0D8DFC8016FDCD11199DCC0939D156A
:105AA000DF91CF911F910F910895EF92FF921F9375
:105AB000CF93DF937C0160E084E995E0DCDFCDE902
:105AC000D5E118818FEF888380E20E941E20C701F4
:105AD00052DC7DDC1883DF91CF911F91FF90EF9016
:105AE000089561E08FE895E0C6CF61E08BE895E02E
:105AF000C2CF0F931F93CF93DF93D82F8B01C42F67
:105B0000F4DFD093700960E085E895E0B4DFD091D0
:105B10009D158FEF80939D1580E20E941E20C80185
:105B20002ADCCC2319F08C2F0E941E2050DCD0934D
:105B30009D15DF91CF911F910F91089540E0BC0119
:105B400082E0D7DF8EEA9AE0B0DFCBCFEF92FF9210
:105B50001F93CF93DF937C01CDE9D5E118818FEFBF
:105B6000888360E08FE695E06DDFC70104DC2FDC01
:105B70001883DF91CF911F91FF90EF9008952F929E
:105B80003F924F925F926F927F928F929F92AF92CD
:105B9000BF92CF92DF92EF92FF920F931F93CF931A
:105BA000DF93CDB7DEB7C854D1090FB6F894DEBF86
:105BB0000FBECDBF70E060E085E40E947F208111C0
:105BC00025C065E070E083E40E947F208C0103978C
:105BD0000CF043C086E594E1C85BDF4F0FB6F89444
:105BE000DEBF0FBECDBFDF91CF911F910F91FF9010
:105BF000EF90DF90CF90BF90AF909F908F907F906D
:105C00006F905F904F903F902F90B5CB8EE894E1CE
:105C1000B2DB86E794E1AFDB8FE692E10E94B3D17D
:105C200060E083E0C85BDF4F0FB6F894DEBF0FBEC5
:105C3000CDBFDF91CF911F910F91FF90EF90DF903B
:105C4000CF90BF90AF909F908F907F906F905F901C
:105C50004F903F902F900C948AC583E50E94541B6F
:105C6000882309F451C00E947C209E838D8360E0CC
:105C700085E50E946A208FAF89E494E10E9406C8FE
:105C80000AA7033034F10E94A7D16F87788B898BE4
:105C90009A8B8EE892E10E94B3D160E083E00E948B
:105CA0008AC54D805E8023E2421621E052068CF1C7
:105CB0008CE394E160DB8DE194E15DDB88E492E1CB
:105CC0000E94B3D160E083E00E948AC586EF93E131
:105CD0003DDFC85BDF4F0FB6F894DEBF0FBECDBF10
:105CE000DF91CF911F910F91FF90EF90DF90CF90B8
:105CF000BF90AF909F908F907F906F905F904F90EC
:105D00003F902F900C9425CB24EB30E03E832D83E5
:105D1000AECF4D805E80B201550C880B990B0E946E
:105D2000E9F26B8B7C8B8D8B9E8B2F853889498913
:105D30005A8920543B424E4F5F4F29AF3AAF4BAF89
:105D40005CAF89EE93E117DB81EE93E114DB0E94F7
:105D50009A808FE78093CD0D86ED93E10E9406C86F
:105D600081E0809315098F849888A988BA8888AAC9
:105D700099AAAAAABBAA1AA21BA21CA21DA21EA271
:105D80001FA218A619A619861A861B861C86FFE76D
:105D9000CF2ED12CE12CF12C198230E43F8B4CE139
:105DA000488F56E4598F1A8E1B8E1C8E1D8EAFE7BE
:105DB0004A2E512C612C712C4E8E5F8E68A279A2D6
:105DC0001CAA1DAA1EAA1FAA18AE1CA61DA61EA6A6
:105DD0001FA621E02BA71E861D86212C312C00E05A
:105DE00010E04AA4042C000C55085EAE4DAE8D8127
:105DF0009E814E962C01990F6608770824964CAE2A
:105E00005DAE6EAE7FAE24972D813E812E5131095D
:105E10002901052C000C6608770828964CAE5DAE6B
:105E20006EAE7FAE289780911509882309F4A7C02C
:105E30000E94A7D16D837E838F8398875090D1076E
:105E400029965FAE2997552021F00E9475AF1092D8
:105E5000D10780913B06811108C06624639460924B
:105E60003B060E940CA110923B0629967FAC299715
:105E7000772009F465C02090C70D3090C80D0091BF
:105E8000C90D1091CA0D2A8D3B8D4C8D5D8DB101D0
:105E9000C8010E94C7FB181624F42A8E3B8E0C8F73
:105EA0001D8F29813F89488D598DB101C8010E94FC
:105EB000E3F287FF04C029823F8A088F198F4BA421
:105EC0009101A8016B897C898D899E89442009F400
:105ED00095C10E94E3F287FF33C04D815E816F81DF
:105EE0007885481959096A097B09483B2BE0520714
:105EF0006105710528F1D701C6014E8C5F8C68A041
:105F000079A084199509A609B709B595A79597951C
:105F100087958093CD0D4CA75DA76EA77FA75B8863
:105F20005A8E6C886B8E7D887C8E4E884D8E4D800F
:105F30005E806F8078844F86588A698A7A8A1BA629
:105F400024966CAD7DAD8EAD9FAD24970E94E9F295
:105F50009101A8010E94E3F287FF2CC08DE693E136
:105F60000ADA8EE493E107DA88E492E10E94B3D181
:105F700060E083E00E948AC586EF93E1E7DD0E943E
:105F80009A8031C15BEEC52ED12CE12CF12C9FC142
:105F900034E1432E512C612C712C44E1C42ED12CC0
:105FA000E12CF12CA0C126013701CE8CDF8CE8A0BA
:105FB000F9A058C288A999A9AAA9BBA94D805E8059
:105FC0006F80788484199509A609B70918161906EF
:105FD0001A061B060CF446C080E00E9481A8F7D97F
:105FE000A30192012053384F4F4F5F4F28AB39AB7D
:105FF0004AAB5BAB4CA841107CC02DA93EA94FA970
:1060000058ADB101C8010E94C7FB18160CF057C06B
:1060100020E030E040E050E4B101C8010E94A0F966
:106020006DAB7EAB8FAB98AF2D813E814F81588594
:1060300020543B424E4F5F4F29AF3AAF4BAF5CAF5E
:1060400020E030E040E051E46B897C898D899E89B5
:106050000E949FF99101A8010E94E3F2881F8827FE
:10606000881F8CAB8F859889A989BA89881699066B
:10607000AA06BB0610F4D501C4014D805E806F8076
:106080007884481A590A6A0A7B0AD301C201813806
:106090009F44A241B10508F441C08EE292E10E9402
:1060A000B3D160E083E00E948AC584E393E14EDDD2
:1060B00087E293E160D985E193E15DD960CF89AD55
:1060C0009AADABADBCAD4D805E806F807884841995
:1060D0009509A609B70946EB57E265EC77E2181671
:1060E00019061A061B060CF4BDCF80E00E941CAEF8
:1060F000B9CF28966CAD7DAD8EAD9FAD28970E942F
:10610000E9F29B01AC01B101C8010E94E3F287FFF3
:10611000A9CF43EF57E263E078E2E7CF4DAC5EAC46
:106120006D847E84461457040CF07DCE88E093E1A4
:1061300022D987EB92E11FD987EA92E107DD8DE052
:1061400092E119D949855A856B857C8583EA92E16C
:1061500038DB8DE092E10FD94EA15FA168A579A54A
:106160008FE992E12EDB8DE092E105D94AA15BA196
:106170006CA17DA18BE992E124DB7FAC772099F1C2
:1061800049845A846B847C844092DF0D5092E00DE8
:106190006092E10D7092E20D21E732EB47E25EE39F
:1061A0006EA17FA188A599A50E9448F36093E30D95
:1061B0007093E40D8093E50D9093E60D21E732EBAB
:1061C00047E25EE36AA17BA18CA19DA10E947CFABB
:1061D0006093E70D7093E80D8093E90D9093EA0DBD
:1061E00081E08093CE0D109215098EE192E10E941C
:1061F000B3D160E083E00E948AC56BCD0E94C7FBEB
:1062000018160CF09DCE4D805E806F8078842F85AF
:10621000388949895A89421A530A640A750A38EB3F
:1062200043163BE053066104710408F489CE4D85A2
:106230005E85452B09F4B7CE6CA57DA58EA59FA5DF
:10624000640D751D861D971D0E94E9F24B015C01CE
:1062500020E030E0A9010E94E3F2882311F16CA54F
:106260007DA58EA59FA564197509860997090E94C9
:10627000E9F22B013C016E8D7F8D88A199A10E94CE
:10628000E9F29B01AC01C301B2010E9448F3A501F0
:1062900094010E947CFA0E94D3FBC60ED71EE81E12
:1062A000F91E54E1C516D104E104F1040CF470CEDA
:1062B0008CEEC816D104E104F1040CF063CE260183
:1062C000370190E8C916D104E104F10464F0260115
:1062D00037012EEF30E040E050E02C193D094E0927
:1062E0005F0969017A01B301A2018EEC93E10E947A
:1062F0004181B701A60189EC93E10E944181498166
:106300005F89688D798D82EC93E14BD84A8D5B8DE6
:106310006C8D7D8D8BEB93E144D84D855E8543304C
:1063200051050CF49FC029813F89488D598D6A8D94
:106330007B8D8C8D9D8D0E949FF969837A838B83E1
:106340009C832FE632E143E85AE30E94C7FB18160C
:106350000CF088C0C701B6010E94E9F220E030E0ED
:1063600040E850E40E9448F369877A878B879C87CE
:106370002BED3FE049E450E469817A818B819C8177
:106380000E9448F320E030E040E05FE30E9448F3E1
:106390009B01AC0169857A858B859C850E947CFA7E
:1063A00069837A838B839C832FE632E143E85AE347
:1063B000C501B4010E9448F34B015C012AE939E9A7
:1063C00049E15FE369817A818B819C810E9448F376
:1063D00069877A878B879C879B01AC010E94A0F913
:1063E000A50194010E947CFA6EA37FA388A799A7B8
:1063F00029853A854B855C85C501B4010E9448F327
:1064000020E030E040E05EE30E9448F36AA37BA313
:106410008CA39DA349815A816B817C8185EB93E19B
:106420000E94D129B501A4018FEA93E1CAD980EA7B
:1064300093E10E94BB2949855A856B857C858AE951
:1064400093E10E94D1294EA15FA168A579A584E9B5
:1064500093E10E94D1294AA15BA16CA17DA18EE8A4
:1064600093E1AFD9D701C601840D951DA61DB71DB7
:10647000B595A795979587958093CD0D5EAD5F9364
:106480008AA58F939E859F93AD85AF932AE733E1CD
:106490003F932F9385E893E19F938F931F920E94E0
:1064A000DDC82D853E852F5F3F4F3E872D870FB678
:1064B000F894DEBF0FBECDBF5B8959838C898F8B6B
:1064C0009D89988FAE89A98FCE8EDF8EE8A2F9A222
:1064D000730162018D809E80AF80B88429964FAC95
:1064E00029974BA62DCDEF92FF921F93CF93DF9369
:1064F0007C01CDE9D5E118818FEF888360E081E6EA
:1065000095E0A0DAC7010E94D2251883DF91CF91D0
:106510001F91FF90EF900895AF92BF92CF92DF92BC
:10652000EF92FF920F931F93CF93DF93EC0184E3DD
:1065300095E00E94BB29209711F4C9E5D7E010E04F
:1065400007E0015021F080E20E941E20FACF812F47
:106550000E946D261F5F153099F70E94E72910E011
:1065600080E20E941E20812F0E946D265E0105E0C0
:1065700080E20E941E20F501C080D180E280F3807D
:10658000A7019601C701B6010E944FFC882351F173
:1065900080E20E941E208DE30E941E208DE30E9457
:1065A0001E208DE30E941E208DE30E941E208DE39D
:1065B0000E941E200150F4E1AF0EB11C0111D8CF92
:1065C0000E94E7291F5F2496153051F6DF91CF9185
:1065D0001F910F91FF90EF90DF90CF90BF90AF9001
:1065E0000C94E72920E030E0A901C701B6010E9420
:1065F000C7FB87FD03C08BE20E941E2043E0C7015A
:10660000B6010E9419C8D6CF2F923F924F925F9247
:106610006F927F928F929F92AF92BF92CF92DF92B2
:10662000EF92FF920F931F93CF93DF93CDB7DEB717
:1066300069970FB6F894DEBF0FBECDBF83E50E9409
:10664000061B898330908C09882319F00E945B20F7
:10665000382E80911F0A9091200AA091210AB091B2
:10666000220A8C8B9D8BAE8BBF8B8091230A9091DD
:10667000240AA091250AB091260A888B998BAA8BAF
:10668000BB8B8091270A9091280AA091290AB0918A
:106690002A0A8C879D87AE87BF879981992329F025
:1066A000311003C080E00E948826809137069091C7
:1066B0003806A0913906B0913A0625E1B695A7951E
:1066C000979587952A95D1F74C015D01E1E08E22DF
:1066D0009924AA24BB240E947326882309F4C6C0E7
:1066E00083E40E94061B882309F4A8C00E948C2022
:1066F0002B013C0189E597E09B838A839D838C83F2
:10670000B5E0B983188E10E008ECE2ECE9871E8250
:10671000212CF8ECFF8322E428878C819D819B87C4
:106720008A8795E0998FAA85BB85CD90DD90ED9005
:10673000FD90BB87AA872E81322D4F815885C701D6
:10674000B6010E94E3F287FF04C0CE822D2CEF82B7
:10675000F886288D312F402F5985C701B6010E9438
:10676000C7FB181624F4C88E1D2D0E2DF986B98D81
:10677000B150B98FB111D7CFE981E150E9838C8154
:106780009D8144969D838C83E111C7CF288D312F45
:10679000402F59856E81722D8F8198850E94A0F9B6
:1067A00020E030E040E05FE30E9448F3A301920163
:1067B0000E94A0F92B013C012DEB37E346E855EB95
:1067C0000E94C7FB87FD0AC02DEB37E346E855E37F
:1067D000C301B2010E94E3F2181684F580E00E9422
:1067E000882610E0AA81BB81BD83AC8300E0EC81E8
:1067F000FD816191719181919191FD83EC837F0184
:10680000F4E0EF1AF108A30192010E949FF9D70169
:106810006D937D938D939C931397602F812F0E948E
:1068200069A00F5F053019F71F5FEA81FB8174963D
:10683000FB83EA831530B1F60E94CB2889288A2889
:106840008B2839F00E947326882319F090E080E0AD
:1068500063DE8AE50E94061B882321F00E948C20BB
:106860000E94B2CA832D0E9488260CC0311004C039
:1068700089288A288B2869F30E94E42982E696E019
:106880000E94BB29332051F080918C09811106C0F0
:106890000E94E12983E496E00E94BB290E94E4293A
:1068A00080918C096BED7FE1882311F06FED7FE122
:1068B00085E396E0A4D80E94E42988E296E00E944D
:1068C000BB29C0908D09D0908E09E0908F09F0907F
:1068D000900920E030E0A901C701B6010E94C7FB82
:1068E00018160CF055C042E0C701B6010E9419C845
:1068F0008DE00E9475C58AE00E9475C52C893D898E
:106900004E895F8960911F0A7091200A8091210A47
:106910009091220A0E94E3F2811120C028893989CE
:106920004A895B896091230A7091240A8091250A23
:106930009091260A0E94E3F2811110C02091270A4B
:106940003091280A4091290A50912A0A6C857D8548
:106950008E859F850E94E3F28823F9F069960FB631
:10696000F894DEBF0FBECDBFDF91CF911F910F9185
:10697000FF90EF90DF90CF90BF90AF909F908F905F
:106980007F906F905F904F903F902F900C943D962A
:1069900083E296E00E94BB29B1CF69960FB6F894C6
:1069A000DEBF0FBECDBFDF91CF911F910F91FF9042
:1069B000EF90DF90CF90BF90AF909F908F907F909F
:1069C0006F905F904F903F902F900895BC0190E0A2
:1069D00080E00C9485C70F931F93CF9384E50E94AA
:1069E000541BC0E08823F1F00E944020C82F1816E5
:1069F000CCF40E94E42900916605109167058DE4AE
:106A00000E9475C5C801E2DF8AE29AE00E94BB29B4
:106A10006C2FCC0F770B880B990B0E94EDC70E944F
:106A2000E729CFEF8C2FCF911F910F910895BC01D3
:106A3000990F880B990B0C94EDC7109241050C949B
:106A40008222FB0160817181762767277627611595
:106A5000710521F0709312026093110290E080E0C2
:106A60000E94E7F260938F0D7093900D8093910DCB
:106A70009093920DE2DF81E080931F070895CF92FB
:106A8000DF92EF92FF92FB018181882339F0813000
:106A900081F0FF90EF90DF90CF90089580912202D7
:106AA00091E0892780932202C8DF81E080931F074D
:106AB000F0CFC0908F0DD090900DE090910DF090A0
:106AC000920D20E030E0A901C701B6010E94C7FB8A
:106AD00018168CF4C701B6010E94E9FA70931202ED
:106AE0006093110210928F0D1092900D1092910DE3
:106AF0001092920DD9CF609111027091120290E024
:106B000080E00E94E7F260938F0D7093900D809368
:106B1000910D9093920DC8CFCF93DF93EB010E941C
:106B2000BB29CE01DF91CF9182CFCF93DF9369ED67
:106B300071E10E947BCACDEDD7E06881798180ED5B
:106B400091E1EADF6A817B818DEC91E1E5DF4C81A7
:106B50005D816E817F818AEC91E1DF91CF910C9410
:106B6000E12BFF920F931F93CF93DF93811113C0FB
:106B700040913706509138066091390670913A0677
:106B8000452B462B472B39F481E0DF91CF911F91A4
:106B90000F91FF90CACF9091D30993FD8EC0C82F5B
:106BA0001ADF082F87FD89C083E50E94541BD82F68
:106BB000882331F10E947C200E94EF9D61E08C2FA0
:106BC0000E942C9C6091CB0D7091CC0D072E000C77
:106BD000880B990B0E94E9F22091C70D3091C80DE6
:106BE0004091C90D5091CA0D0E94C7FB18160CF4B4
:106BF0004EC089EB91E1DD2309F44BC01D2F03C08A
:106C0000C1113FC010E083E50E94541B882331F07E
:106C10000E947C209093DE078093DD0782E40E942F
:106C2000541B882331F00E947C209093E0078093CE
:106C3000DF0786E40E94061B8823D9F10E948C207E
:106C40006093E1077093E2078093E3079093E40772
:106C5000FF24F39420E030E0A9010E94E3F28111C7
:106C600001C0F12CF092E507CC2339F1112329F171
:106C70006D2F802FDF91CF911F910F91FF900C947A
:106C80004CA982E50E94541B811194CFBBCF86EDA5
:106C900093E19F938F9384EC91E19F938F931F9245
:106CA0000E94DDC80F900F900F900F900F9011E091
:106CB000AACF60E070E0CB01C3CFDF91CF911F91ED
:106CC0000F91FF9008958C01EB01F42E0E949A80A1
:106CD0000115110509F469C00E94E429C8010E9448
:106CE000BB290E94E729209711F4CCE3DFE28091D1
:106CF000F80480FD2DC081608093F804C8010E94D3
:106D0000129F209741F001E021E040E2BE0180E2C5
:106D100091E10E94ABC58CE39FE2009741F001E056
:106D200021E040E2BC0180E491E10E94ABC501E0BA
:106D300021E040E268EE74E080E691E10E94ABC59C
:106D400068EC83E00E948AC561E08AEF0E941F9F81
:106D50000E94E12987E095E00E94BB2961E085EF70
:106D600094E00E94222D89EE93E0019739F000C053
:106D70000000EEE5F9E03197F0F7F7CFF89489EEEF
:106D800093E0019739F000C00000E6EEF3E03197A0
:106D9000F0F7F7CF0E949A80FF2021F00E945182E5
:106DA000A895FECF0E941682FBCF209711F4CCE36A
:106DB000DFE20EEF14E09BCFCF92DF92EF92FF92D3
:106DC0006B017C0183E3C816D104E104F10470F087
:106DD00082E3C81AD108E108F10862E370E080E0BC
:106DE00090E00E940DD10E9402B0ECCFC701B60125
:106DF0000E940DD1FF90EF90DF90CF900C9402B0E5
:106E00009091AA0D94FB882780F994FF06C081E039
:106E100090910417911101C080E00895F1DF88235B
:106E200039F08091AA0D82FB882780F991E08927AB
:106E30000895CF93FB01C181C13031F40E944C9E73
:106E4000811104C0C0931F07CF9108950E947C9FB9
:106E5000811103C0CF910C9438A30E9425CBDEDFB3
:106E6000882331F085E499E19093170980931609FE
:106E700061E08EE399E10E94222DCF910C94CA9B90
:106E800080918E0D811105C080918309823009F0B7
:106E9000C5CF81E00895F4DF81110DC01092CF09B4
:106EA0001092D0091092D1091092D2091092CD09F6
:106EB0008FEF0E9401210C94CA9B9091AA0D92FB26
:106EC000882780F992FF05C097FB882780F991E019
:106ED000892708954F925F926F927F928F929F922F
:106EE000AF92BF92CF92DF92EF92FF920F931F93D8
:106EF000CF93DF9300D01F92CDB7DEB719821A82ED
:106F00001B821C8293E0A92E94E0B92ECE0101963B
:106F10004C012FE1C22E2AE0D22E35E2E32E37E0DB
:106F2000F32E10E000E0F50181915F010E94541BF7
:106F3000F40181934F01882321F08091CC098823AB
:106F400059F0F60180819181A281B381F70180839C
:106F50009183A283B38318C00E948C202B013C0133
:106F6000802F0E94A61A882309F4A4C0F60120816C
:106F7000318142815381C301B2010E94A0F9F7011E
:106F800060837183828393830F5F1F4FF4E0CF0E82
:106F9000D11C84E0E80EF11C0330110521F685E4D4
:106FA0000E94541B8C83882309F494C00E948C2077
:106FB0006B017C0183E00E94A61A882371F0209166
:106FC0002B0A30912C0A40912D0A50912E0AC701AC
:106FD000B6010E94A0F96B017C01C0923107D092EA
:106FE0003207E0923307F092340780914B078823F1
:106FF00079F163DF882361F18C81882349F18981EC
:10700000811103C08A81882319F12DEC3CEC4CE4FA
:107010005DE36091EB147091EC148091ED1490910C
:10702000EE140E94A0F99B01AC016091270A7091B7
:10703000280A8091290A90912A0A0E94C7FB1816F3
:107040003CF440E060E070E080E090E40E94A52124
:1070500040E050E0BA0186E40E94BA2020E030E02F
:10706000A9010E94C7FB181684F40E948C2020E01E
:1070700030E040E752E40E947CFA6093150270937E
:10708000160280931702909318020F900F900F90A2
:107090000F90DF91CF911F910F91FF90EF90DF90B4
:1070A000CF90BF90AF909F908F907F906F905F90A8
:1070B0004F900895F801EE0FFF1FEE0FFF1FE25AE9
:1070C000F64F2081318142815381C301B2010E9478
:1070D0009FF955CF80912B0A90912C0AA0912D0AEF
:1070E000B0912E0A8093310790933207A093330713
:1070F000B09334077ACF80915809833018F0EADED4
:107100000C9437B3089580914B07811102C00C9401
:10711000F525D3DE882339F040E060E070E080E0C0
:1071200090E40C94A521089580918E0D811105C0E5
:1071300080918309813019F0C0CE80E0089581E00C
:1071400008952F923F924F925F926F927F928F920B
:107150009F92AF92BF92CF92DF92EF92FF920F93E6
:107160001F93CF93DF93CDB7DEB767970FB6F89431
:10717000DEBF0FBECDBF782E80915B0247E6E42EC6
:1071800066246394843008F4C3C50E94A7D16B01C0
:107190007C01711005C080918E0D882309F433C2E3
:1071A000C0926A09D0926B09E0926C09F0926D0965
:1071B00081E04091430550914405609145057091EF
:1071C0004605411551056105710509F41EC200917E
:1071D0006A0910916B0920916C0930916D09460183
:1071E0005701801A910AA20AB30A95018401041773
:1071F00015072607370708F408C20E94E129009105
:107200007409109175098CE294E00E94BB29B801C1
:1072100081E094E00E94C9290E94E72940E070E0E3
:1072200060E090E080E02DC180912F0A9091300ABB
:107230007CC5AF2CB12C8A3019F08D3009F022C1F9
:10724000EA9CF001EB9CF00D1124E759FA4FDF01A5
:10725000AA59BF4F1C9284819581DF01A80FB91FE5
:1072600016961C92892B19F40E9402B07CC5FE9CD4
:10727000C00111249C0121593A4F690115821482E1
:107280008901F8018191803209F452C08E3409F0ED
:10729000C8C00115110509F4C4C065ED73E0C8014B
:1072A0000E9412F24C01892B41F06EE470E0C8019B
:1072B00004960E94A6FC009709F4C8014AE050E039
:1072C00070E060E001960E9474EF1B012C01EA9CC3
:1072D000F001EB9CF00D1124E759FA4F8081918168
:1072E000A281B381AC01BD014F5F5F4F6F4F7F4FF4
:1072F0002416350646065706E9F08928D9F4AC016C
:10730000BD0141505109610971092416350646062F
:10731000570634F082159305A405B5050CF023C576
:107320006F2D82EA93E00E94232BF12C20E0F3C41E
:107330008F01A7CF6AE270E0C8010E94D5FC9C01D2
:10734000009709F1982F901B912C992339F09150B7
:10735000F801E90FF11D80819826F7CF4AE050E04F
:1073600070E060E0C90101960E9474EF292D30E0C1
:1073700050E040E0621773078407950741F06F2DD6
:1073800083E893E0D0CF6F2D89E593E0CCCFEA9CE2
:10739000F001EB9CF00D1124E759FA4F2082318265
:1073A0004282538280915809813039F567E470E058
:1073B000C8010E94A6FC009701F14AE050E070E08D
:1073C00060E001960E9474EF6430710581059105BB
:1073D000A0F4B0909D15862D0F2C01C0880F0A9443
:1073E000EAF780939D1588EB92E00E94BB298EEA14
:1073F00092E00E9406C8B0929D15F80180818D34FC
:1074000079F58381823391F1883301F1803341F53D
:107410008181843329F58281813311F50E94209680
:107420001FC08091AA0D80FFBDCF6FEB7EE2C80127
:107430000E9412F2009731F0FC01838180538A3060
:1074400008F0B0CF6F2D8FE293E06DCF8281803353
:1074500039F48181813321F41092150910921D07AE
:107460004F2D60E0C6010E94F5C67DC48281813344
:10747000B9F781818133A1F741E070E060E089EAEA
:107480009BE021DCFE9CB00111249B0123593A4F63
:10749000AB0141595A4F61537A4F0E944F1A63C44E
:1074A00040915D02242F30E00A3061F00D3051F040
:1074B000882309F49AC089819A81009719F001966E
:1074C0009A8389831092E90489819A81F29EF0015E
:1074D000F39EF00D1124E55AFD4FDF01A80FB91FEF
:1074E00013961C92892B61F50E9402B00E94871AA4
:1074F000882309F452C481E097E10E94E27D8091E3
:10750000A10D882309F467C081508093A10D8D9D42
:10751000C001112462E08356974F0E94F6DEE0918D
:10752000A10D24E0E29FF0011124E756F74F60819E
:107530007181828193810E948C1F0E9456D32DC439
:107540001A82198283818D3479F48481823361F4C3
:107550008581853349F4868180538A3028F0809173
:10756000AA0D8B7F8093AA0DF29EF001F39EF00D81
:107570001124E254FD4FC0824F9DF0011124E154CB
:10758000FD4F6082220F331F220F331FF901E25B90
:10759000F44F80915E0B90915F0BA091600BB091C6
:1075A000610B80839183A283B3834F5F443080F467
:1075B00040935D0280915B028F5F80935B028092BB
:1075C0005E0B90925F0BA092600BB092610B8ECF1E
:1075D00010925D02EFCF0E9446D38091AA0D886081
:1075E0008093AA0DE0925809D8C34F9DA0011124A1
:1075F000425A5D4F9E012F5F3F4F69EE74E0802F2E
:107600000E944F1ACAC380E0D4CD2091490E9091B8
:107610004A0E291741F0C0926A09D0926B09E09294
:107620006C09F0926D094091020250910302609141
:10763000040270910502452B462B472B29F0291790
:1076400009F4A6C01092F2048091EE049091EF0428
:10765000A091F004B091F1048C199D09AE09BF0905
:10766000181619061A061B060CF450C12091490E73
:1076700080914A0E90919F14281709F4BAC0E091A6
:107680004A0E23E6E29FF0011124E754F14F808176
:10769000891741F080939F140E94A7D180919E1476
:1076A00080939C148091E507882309F422C1A0905F
:1076B000DD07B090DE07C50102972091CB0D309118
:1076C000CC0D281739070CF414C190904A0E612C88
:1076D000712C812C1F8A8091490E891509F48CC068
:1076E000892D90E033E6389FF001399FF00D112489
:1076F000E559F14F458D568D678D70A1452B462B71
:10770000472B81F441A152A163A174A1452B462BC3
:10771000472B41F445A156A167A170A5452B462BE7
:10772000472B89F1E3E6E89F8001E99F100D1124C2
:107730000559114FF80161A572A583A594A50E9472
:10774000E7F21B012C01F80165A576A587A590A994
:107750000E94E7F29B01AC01C201B1010E947CFAD8
:10776000F80121813281438154810E9448F32B0129
:107770008C019301482D5F890E94C7FB18161CF4E9
:107780003201802E1F8B892D0E94EB8B982EA3CF68
:10779000811158CF0E94A7D100916A0910916B09FD
:1077A00020916C0930916D09601B710B820B930B5A
:1077B000009102021091030220910402309105020F
:1077C000601771078207930708F43CCF8091F20499
:1077D00081113ACF81E08093F20480E00E942582FB
:1077E00081E00E94258282E00E9425820E9416820A
:1077F0002BCF80919E144CCFB301882D9F890E947E
:10780000E4FA072E000C880B990B0E94E9F22091F4
:10781000E1073091E2074091E3075091E4070E94AD
:1078200048F32B013C01B501BB0C880B990B0E945E
:10783000E9F29B01AC01C301B2010E94A0F93B0136
:107840004C016091DF077091E007072E000C880B58
:10785000990B0E94E9F25B018C019B01AC01B30121
:10786000C4010E94C7FB181614F053018401409014
:10787000EA045090EB046090EC047090ED049501E4
:10788000A801C301B2010E94C7FB1816D4F420E07E
:1078900037ED43EA5CE3B501C8010E9448F34B01B0
:1078A0005C0128E431EE4AE75FE3C301B2010E94C4
:1078B00048F39B01AC01C501B4010E94A0F95B0132
:1078C0008C01C501D8018093EA049093EB04A09346
:1078D000EC04B093ED04B501C8010E94E4FA6232F1
:1078E000F1E07F0714F062E271E07093CC0D6093D9
:1078F000CB0D24E6C20ED11CE11CF11CC092EE049B
:10790000D092EF04E092F004F092F1040E9402B0F1
:1079100080915809882309F4CEC1809122028823DE
:1079200009F4B9C0809141058111B5C080918E0DD7
:10793000811104C0F9DB882309F4ADC0F89480916B
:10794000000186FB882780F99091F704982780939F
:10795000F7048091C007892B8093C00780910001B4
:1079600011E0082F007285FF03C010E00E9476C668
:107970001093BF07002381F020E030E0A90160915F
:107980008F0D7091900D8091910D9091920D0E94AC
:10799000C7FB18160CF4AAC010E020E030E0A901E3
:1079A0006091930D7091940D8091950D9091960D2D
:1079B0000E94E3F287FDB7C07894112309F46BC0ED
:1079C000FF24F394F09241050E948222F092BF07B7
:1079D00080918E0D81115DC01F921F928AE994E003
:1079E0009F938F931F9285E18F93CE0101966C0137
:1079F0009F938F930E9440F200E020E040E2B601A6
:107A000080E090E30E94FAC50E94A7D1605D7A48A9
:107A10008F4F9F4F6093690D70936A0D80936B0D2C
:107A200090936C0D60E083E00E948AC540E367EDAF
:107A300074E081E00E94792D0E94712D109147051C
:107A400060E01F250FB6F894DEBF0FBECDBF86EDF8
:107A500098E061F485EC94E00E94222D80E30E947E
:107A60001E200E94E72960E084E89BE00E94222D0E
:107A700083EB94E00E94BB2980E30E941E200E94B9
:107A8000E729112331F08EEA94E09093170980934F
:107A900016090E945A878091090180958170109182
:107AA0000002181709F482C0012F1F3F09F400E0FB
:107AB000809300028823C9F164EF71E080E090E0D8
:107AC0007BD90E94E9DB8091AA0D84FD30C01013A0
:107AD0002FC080E894E00E94B3D180911E078230CD
:107AE00019F481E080935909012F2FC020E030E084
:107AF000A9016091980D7091990D80919A0D9091C6
:107B00009B0D0E94E3F287FF47CF80E090E0A0E862
:107B1000BFEB8093930D9093940DA093950DB0932C
:107B2000960D11E03ACF11E047CF00E0D0CF01E051
:107B300017FD09C080911E07101774F5813019F4E4
:107B400082E0809359090E9409A3002379F117FF6D
:107B50002DC08091AA0D84FF19C00E94A8D288234D
:107B600079F081E00E944EE04BEB50E062EE74E170
:107B700082EA95E10E94F4D982EA95E10E94E27DD1
:107B80000E94132681110CC00E94F52581E080938C
:107B9000A00D0E9496DE0AC08230A9F681E0D1CF06
:107BA00083E994E090931709809316090E94A7D166
:107BB0006B017C0110910102112321F18091480594
:107BC000882301F14091F3045091F4046091F5048D
:107BD0007091F6044C195D096E097F09141615069B
:107BE000160617060CF100919D159FEF90939D15B9
:107BF000833009F488C00CF077C081300CF07CC071
:107C000000939D15212F30E0A8EEB3E00E9455F9B6
:107C1000C60ED71EE81EF91EC092F304D092F404DB
:107C2000E092F504F092F60480913B06811107C0C2
:107C300081E080933B060E940CA110923B0680914C
:107C4000AF0D8823C1F10E94A7D16B017C01809107
:107C5000AB0D9091AC0DA091AD0DB091AE0D8C1906
:107C60009D09AE09BF09181619061A061B061CF154
:107C70002091AF0D30E0A8EEB3E00E9455F9C60E9A
:107C8000D71EE81EF91EC092AB0DD092AC0DE0924B
:107C9000AD0DF092AE0D10919D158091B00D8093B9
:107CA0009D1580911509811104C00E9481A80E9430
:107CB000E72910939D1567960FB6F894DEBF0FBEA7
:107CC000CDBFDF91CF911F910F91FF90EF90DF908B
:107CD000CF90BF90AF909F908F907F906F905F906C
:107CE0004F903F902F900895843009F089CF0E94E3
:107CF000E4298FE394E004C00E94E4298EE694E036
:107D00000E94BB297DCF0E94E42987E594E0F8CF4B
:107D100020E080E0F82E80915B02843050F5F11075
:107D200083CA8091B10A9091B20A891B8F7790E043
:107D3000892BD1F08F2D0E94241A97FF7ACA1091B7
:107D40009D15862D0F2C01C0880F0A94EAF78093A9
:107D50009D150E94E1298AED93E00E94BB290E94B3
:107D60000AC810939D1521E081E0F812D3CF2111AC
:107D7000CFCFA3D8882309F408CA8091AA0D83FD28
:107D800004CA1A82198292E6F92E24E0E22E39E61C
:107D9000D32ECC24C39466246A9480915B028430F1
:107DA00008F0F3C90E94871A8111EFC91E8A41E0C9
:107DB00050E0BE016A5E7F4F81E097E10E94F4D9F6
:107DC0000E8910E0019711F00FEF1FEF8090091757
:107DD00090900A17A0900B17B0900C178092A60DE8
:107DE0009092A70DA092A80DB092A90D0E94871A9B
:107DF0000F3F100709F054CB811152CB0E94E129AB
:107E000082EF93E00E94BB29C8CF2F923F924F92FE
:107E10005F926F927F928F929F92AF92BF92CF921A
:107E2000DF92EF92FF920F931F93CF93DF93CDB723
:107E3000DEB7AA970FB6F894DEBF0FBECDBF909104
:107E4000D30993FD67C1182F83E50E94541B89A3B2
:107E5000882309F458C10E947C20833791050CF0D7
:107E600072C19093DB078093DA070E9447236091E9
:107E7000DA077091DB07072E000C880B990B0E9424
:107E8000E9F22091D6073091D7074091D807509159
:107E9000D9070E94C7FB18160CF058C18EEF91E16C
:107EA0000E9406C801E0612F6027812F0E942C9C50
:107EB000112309F42FC1009315091B8E1C8E1D8EF2
:107EC0001E8E1AA21BA21CA21DA21FA22CE328A771
:107ED0003CE139A786E48AA71E8A1F8A90E8988F1A
:107EE000AFEBA98F1A8EB1E0BEA3812C912C540167
:107EF000FE0131961F016091DA077091DB07072EB2
:107F0000000C880B990B0E94E9F27B018C012E89F1
:107F10003F89488D598D0E94E3F28823B9F0209162
:107F2000D6073091D7074091D8075091D907F9A1CA
:107F3000B701C801F1110DC10E94E3F2881F882723
:107F4000881F8A8FEE8AFF8A088F198F0E94A7D117
:107F50006B017C018AA19BA1ACA1BDA18C199D09DB
:107F6000AE09BF09181619061A061B06ACF1D7018F
:107F7000C60188519C4FAF4FBF4F8AA39BA3ACA3B0
:107F8000BDA380E00E9481A845E150E06BEE71E165
:107F9000C1010E94CFF11D8A81149104A104B10492
:107FA00009F4EAC0C501B401605F784D8F4F9F4F5F
:107FB0006C197D098E099F0928EE33E040E050E0FE
:107FC0000E940DF9BA01A901C1010E943E7FC101C1
:107FD0000E9461260E94E72980E0B3D80E94A7D1C1
:107FE00060936A0970936B0980936C0990936D0993
:107FF000B091D607BF8FE091D707E8A30091D807CB
:108000001091D9072B2F3E2FA8016E897F89888D6B
:10801000998D0E949FF92B013C0120E030E0A901DD
:108020000E94C7FB87FF04C077FA709477F87094BA
:1080300081149104A104B10409F0BCC020E030E037
:1080400040E85FE3C301B2010E94E3F287FF10C082
:10805000FEA1812C912C5401FF2331F085E0882E64
:108060008DE0982EA12CB12C8C0C9D1CAE1CBF1C3D
:108070002A8D222391F18B8D9C8DAD8DBE8D009725
:10808000A105B10549F08C199D09AE09BF09181663
:1080900019061A061B060CF12F8D38A1A8016FA135
:1080A00078A589A59AA50E949FF920E030E040E8D4
:1080B0005FE30E94E3F287FD50C0D701C601805AFA
:1080C0009541AF4FBF4F8B8F9C8FAD8FBE8F9F8DD4
:1080D0009FA3A8A1A8A709A71AA78091150988237B
:1080E000E1F181149104A104B10459F0C818D90830
:1080F000EA08FB08B0E1CB16B7E2DB06E104F104C5
:1081000060F51EA2F8CE112329F082E50E94541BCF
:108110008111A1CEAA960FB6F894DEBF0FBECDBFD7
:10812000DF91CF911F910F91FF90EF90DF90CF9053
:10813000BF90AF909F908F907F906F905F904F9087
:108140003F902F90089583E790E08BCE8FEE91E1E2
:10815000A7CE0E94E3F287FF09C08091150988230A
:10816000C9F2109215090E9425CBD4CFEE8AFF8A5E
:10817000088F198F1A8EEACED1010D900020E9F7F1
:10818000CD010197821993098431910508F01FCF21
:10819000F101E80FF91FBFE3B0838331910509F4C2
:1081A00016CFE2E0F0E0EC0FFD1F8E0F9F1FDC0109
:1081B0001C920DCF20E030E040E450E4C301B20156
:1081C0000E94C7FB18160CF053CF4601570150CF41
:1081D000CF93DF93EC0188818823E1F08A30D1F0DE
:1081E0008D30C1F04FEF61E0CE010E94F5C68823CB
:1081F00069F00E94E429BE0183E691E10E94C92949
:1082000080E691E1DF91CF910C94BB2980E00E9440
:10821000A138E1CFDF91CF9108958091F8068823AE
:1082200071F00E947C9F811102C00C9438A361E11F
:108230008DE999E10E9451D088EF96E0C9CF089569
:108240005F926F927F928F929F92AF92BF92CF92E6
:10825000DF92EF92FF920F931F93CF93DF93CDB7EF
:10826000DEB77C016DB67EB610E000E08DB69EB63E
:10827000F701E00FF11F549068018FEFC81AD80A78
:10828000552019F09AE059121FC08DB79EB78C196E
:108290009D090FB6F8949EBF0FBE8DBF01965C017D
:1082A000A801B7010E94A9F1F501E00FF11F1082AA
:1082B000C5018EDF552051F0EC0CFD1C0FB6F89473
:1082C0009EBE0FBE8DBED2CF8601D2CF0FB6F89420
:1082D0007EBE0FBE6DBEDF91CF911F910F91FF90BB
:1082E000EF90DF90CF90BF90AF909F908F907F9056
:1082F0006F905F900895FB0181818130A9F40E9405
:108300007C9F811104C089E09BE10C94B3D10E9451
:108310001326811103C08BE09AE1F7CF83E08093AD
:10832000590981E29AE18CCF0895CF93FB01C18175
:10833000C13069F40E947C9F811103C0CF910C94DD
:1083400038A3C093590984E09AE1CF9179CFCF91B6
:1083500008950F931F93CF93DF93CDB7DEB7689740
:108360000FB6F894DEBF0FBECDBF0E947C9F811177
:1083700005C089E09BE10E94B3D106C080911C0733
:108380008F3F69F0882371F068960FB6F894DEBFCE
:108390000FBECDBFDF91CF911F910F91089583EF55
:1083A00099E1E9CF80910D028F9380910C028F9318
:1083B0001F921F92809108028B3008F18AE01F9271
:1083C0008F9383EE99E19F938F931F9288E18F9310
:1083D0008E010F5F1F4F1F930F930E9440F263E1C6
:1083E00081ED99E10E9451D0C801F2DE8CEC99E157
:1083F00027DF0FB6F894DEBF0FBECDBFC5CF8330E9
:10840000F0F683E0DCCFFB018181882319F0813015
:1084100051F008950E947C9F811102C00C943CA3EE
:108420008CEB99E10DCF86E1809359090895FB010A
:108430008181813061F40E947C9F811102C00C9483
:1084400038A387EB99E1FCDE82EB99E1F9CE089540
:10845000CF93DF93EB010E947C9F811104C0DF91D9
:10846000CF910C943CA3C98160911E0783E999E1E7
:108470000E9451D0C13059F028F0C23059F0DF913C
:10848000CF9108958CE899E1DF91CF91D9CE86E81C
:1084900099E1FACF81E899E1F7CF80915C09877083
:1084A000873021F08DE599E10C94B3D10E947C9F37
:1084B000811102C00C9438A38EE08093590989E59C
:1084C00099E1BEDE84E599E1BBCE2F923F924F92B7
:1084D0005F926F927F928F929F92AF92BF92CF9254
:1084E000DF92EF92FF920F931F93CF93DF93CDB75D
:1084F000DEB7C557D1090FB6F894DEBF0FBECDBFAA
:1085000090915809933008F41DC1182F0E946A37C2
:1085100082E50E94541B882309F43CC10E948C20F0
:108520002B013C0120E030E0A9010E94E3F2882306
:1085300009F402C180901F0A9090200AA090210A9D
:10854000B090220A2091230A3091240A4091250AF2
:108550005091260A2D8F3E8F4F8F58A3C09025072C
:10856000D0902607E0902707F090280780912907F0
:1085700090912A07A0912B07B0912C0789A39AA369
:10858000ABA3BCA3A7019601C501B4010E94E3F20D
:1085900081110DC029A13AA14BA15CA16D8D7E8DE9
:1085A0008F8D98A10E94E3F2882309F4C5C0A5012C
:1085B0009401C701B6010E949FF920E030E040E03D
:1085C0005FE30E9448F36B017C012D8D3E8D4F8D42
:1085D00058A169A17AA18BA19CA10E949FF920E0DA
:1085E00030E040E05FE30E9448F36D8F7E8F8F8F15
:1085F00098A320E030E0A901C301B2010E94E3F298
:10860000881F8827881F181709F4B6C020E030E0BB
:1086100040E85FEB29A33AA34BA35CA3A701960113
:10862000C701B6010E9448F34B015C012D8D3E8DC0
:108630004F8D58A1CA01B9010E9448F39B01AC01BA
:10864000C501B4010E94A0F90E940DFC4B015C0120
:10865000AC019B01C301B2010E949FF969A77AA7EF
:108660008BA79CA7A5019401C301B2010E94A0F9A8
:108670009B01AC0169A57AA58BA59CA50E9448F336
:108680002B013C0120E030E0A9010E94C7FB87FDDF
:108690007CC0C301B2010E940DFC69A77AA78BA719
:1086A0009CA76D8D7E8D8F8D98A19058A50194010A
:1086B0000E947CFA29A13AA14BA15CA10E9448F337
:1086C00029A53AA54BA55CA50E9448F3A7019601F0
:1086D0000E94A0F92B013C01A5019401C701B6013C
:1086E0000E947CFA29A13AA14BA15CA10E9448F307
:1086F00029A53AA54BA55CA50E9448F32D8D3E8D7A
:108700004F8D58A10E94A0F96D8F7E8F8F8F98A3F7
:1087100020E030E0A901C301B2010E94E3F281111F
:10872000F0C420E030E0A9016D8D7E8D8F8D98A181
:108730000E94E3F28111E5C40E94E1298AE091E1FF
:108740000E94BB29CB58DF4F0FB6F894DEBF0FBE97
:10875000CDBFDF91CF911F910F91FF90EF90DF90F0
:10876000CF90BF90AF909F908F907F906F905F90D1
:108770004F903F902F90089580E090E0A0E8BFE3F5
:1087800089A39AA3ABA3BCA349CF19A61AA61BA67B
:108790001CA687CF89E40E94541B412C512C320126
:1087A000882321F00E948C202B013C018AE40E9446
:1087B000541B882309F497C40E948C20A5CF2DA1B7
:1087C0003EA14FA158A569A17AA18BA19CA10E94AD
:1087D00048F36B017C012DA53EA54FA558A969A5BD
:1087E0007AA58BA59CA50E9448F39B01AC01C7010B
:1087F000B6010E94A0F96B017C012DA53EA54FA5F5
:1088000058A969A17AA18BA19CA10E9448F34B01B0
:108810005C012DA13EA14FA158A569A57AA58BA504
:108820009CA50E9448F39B01AC01C501B4010E94C4
:108830009FF9A70196010E9413FA6B017C0120E0C9
:1088400030E0A9010E94E3F2882309F4B7C020E0D8
:1088500030E0A901C701B6010E94E3F287FFB9C069
:1088600082E090E0812B8130910509F4B5C0029738
:1088700009F4BDC020E030E0A901C701B6010E94A3
:10888000C7FB4601570187FF04C0B7FAB094B7F899
:10889000B0942BED3FE049EC50E4C501B4010E94D7
:1088A0007CFA20E030E040E952E40E9448F30E9464
:1088B00066FA0E94E9FA1B018091270A9091280A22
:1088C000A091290AB0912A0A62968CAF9DAFAEAFF3
:1088D000BFAF629720912B0A30912C0A40912D0A4C
:1088E00050912E0A66962CAF3DAF4EAF5FAF6697A4
:1088F0009C01AD0160912D0770912E0780912F078B
:10890000909130070E949FF96DA77EA78FA798AB23
:1089100066962CAD3DAD4EAD5FAD6697609131076B
:108920007091320780913307909134070E949FF92C
:108930002B013C01A50194012E966CAD7DAD8EAD51
:108940009FAD2E970E9448F369AB7AAB8BAB9CAB83
:1089500027E137EB41ED58E30E94E3F287FF50C077
:108960002DEB37E346E855EB6DA57EA58FA598A9BD
:108970000E94C7FB87FD44C02DEB37E346E855E373
:108980006DA57EA58FA598A90E94E3F21816C4F1E3
:108990002DEB37E346E855EBC301B2010E94C7FB5C
:1089A00087FD0AC02DEB37E346E855E3C301B2016A
:1089B0000E94E3F2181614F40E947B380E94A7D19B
:1089C00060936A0970936B0980936C0990936D09A9
:1089D000B9CE90E080E046CF2BED3FE049EC50E48B
:1089E000C701B6010E949FF96B017C0143CF2BEDBB
:1089F0003FE049EC50E4C701B6010E94A0F9F4CF72
:108A00002AE037ED43E25CE36091150270911602B3
:108A100080911702909118020E9448F34B015C016B
:108A20006091130270911402072E000C880B990BB1
:108A30000E94E9F29B01AC01C501B4010E9448F318
:108A40006BAF7CAF8DAF9EAF69A97AA98BA99CA9AA
:108A50000E9415FB162F872E982EA92EB10190E0AB
:108A600080E00E94E7F21B01082F9DA39B01482F85
:108A7000592F612F782D892D9A2D0E94C7FB18162A
:108A800024F4212E382C092DADA29101402F5DA197
:108A900069A97AA98BA99CA90E947CFA4B015C0167
:108AA00020E030E040E85FE30E94C7FB18160CF0BE
:108AB0009AC269A97AA98BA99CA90E9466FA0E9408
:108AC000E9FA7EAB6DAB198A1A8A1B8A1C8A1D8A49
:108AD0001E8A1F8A188E198E1A8E1B8E1C8E4DA907
:108AE0005EA94230510508F454C2BA0190E080E01A
:108AF0000E94E7F223966CAF7DAF8EAF9FAF2397B6
:108B00009B01AC01C701B6010E947CFA6FAB78AF44
:108B100089AF9AAF9B01AC010E9448F36B017C01C5
:108B2000AC019B016FA978AD89AD9AAD0E9448F365
:108B300020E030E040EC50E40E947CFA9B01AC0164
:108B40006FA978AD89AD9AAD0E949FF9A6966CAFDA
:108B50007DAF8EAF9FAFA69720E030E040E05FE3AF
:108B6000C701B6010E9448F39B01AC0160E070E0D0
:108B700080E89FE30E949FF9AA966CAF7DAF8EAF0D
:108B80009FAFAA9723962CAD3DAD4EAD5FAD239719
:108B90006DA57EA58FA598A90E947CFAE2966CAF80
:108BA0007DAF8EAF9FAFE29723962CAD3DAD4EAD1E
:108BB0005FAD2397C301B2010E947CFAE6966CAFC9
:108BC0007DAF8EAF9FAFE69762968CAD9DADAEAD9B
:108BD000BFAD629789879A87AB87BC8766962CADB5
:108BE0003DAD4EAD5FAD66972D873E874F87588B65
:108BF0000E94A7D19B01AC0128533F4F4F4F5F4FBD
:108C0000AE962CAF3DAF4EAF5FAFAE970091D4099B
:108C10001091D5092091D6093091D7096091D809D2
:108C20007091D9098091DA099091DB09061717072D
:108C30002807390710F4C901B8010E94E7F26A96C3
:108C40006CAF7DAF8EAF9FAF6A97E090FC09F0905C
:108C5000FD090091FE091091FF09A090F809B0905C
:108C6000F909C090FA09D090FB099501A601B70156
:108C7000C8010E94C7FB181614F4750186012BADBC
:108C80003CAD4DAD5EADCA01B9010E9448F36DA384
:108C90007DA71C016A962CAD3DAD4EAD5FAD6A97C8
:108CA0002E966CAD7DAD8EAD9FAD2E970E9448F394
:108CB0005B016C019701A801B701C8010E9448F34C
:108CC0007B018C019501A6016DA17DA5C1010E94CA
:108CD000C7FB18161CF4ADA2BDA616012DA13DA51B
:108CE000A101B701C8010E94E3F287FF03C0EDA212
:108CF000FDA6180149A05AA06BA07CA039E12696D8
:108D00003FAF269741E050E025965FAF4EAF2597E5
:108D10000E9402B00E94A7D1AE960CAD1DAD2EAD43
:108D20003FADAE97061B170B280B390B101611061B
:108D3000120613067CF09B01AC0128533F4F4F4FA6
:108D40005F4FAE962CAF3DAF4EAF5FAFAE9780E0BA
:108D50000E94A13826963FAD2697315026963FAF08
:108D6000269725964EAD5FAD2597BA0190E080E03D
:108D70000E94E7F22A966CAF7DAF8EAF9FAF2A9725
:108D800026965FAD2697552309F45AC19201A30197
:108D9000A6966CAD7DAD8EAD9FADA6970E9448F3B3
:108DA0006B017C0129A53AA54BA55CA5AA966CADE3
:108DB0007DAD8EAD9FADAA970E9448F39B01AC019B
:108DC000C701B6010E94A0F97B018C019201A301A9
:108DD000AA966CAD7DAD8EAD9FADAA970E9448F36B
:108DE0004B015C0129A53AA54BA55CA5A6966CADE7
:108DF0007DAD8EAD9FADA6970E9448F39B01AC015F
:108E0000C501B4010E949FF92B013C01C701D801A3
:108E100089A79AA7ABA7BCA79201A3016E966CADD8
:108E20007DAD8EAD9FAD6E970E94A0F969837A8368
:108E30008B839C8329A53AA54BA55CA5A2966CAD16
:108E40007DAD8EAD9FADA2970E94A0F96D837E830C
:108E50008F8398872A962CAD3DAD4EAD5FAD2A9796
:108E6000E2966CAD7DAD8EAD9FADE2970E9448F36A
:108E700062962CAD3DAD4EAD5FAD62970E94A0F9FC
:108E800069877A878B879C872A962CAD3DAD4EAD3E
:108E90005FAD2A97E6966CAD7DAD8EAD9FADE69742
:108EA0000E9448F366962CAD3DAD4EAD5FAD669722
:108EB0000E94A0F96D877E878F87988BCE010196DF
:108EC0000E94209323962CAD3DAD4EAD5FAD239710
:108ED00069A97AA98BA99CA90E947CFA2A962CAD33
:108EE0003DAD4EAD5FAD2A970E9448F39B01AC01AA
:108EF00069A97AA98BA99CA90E949FF96B017C01A1
:108F00006A962CAD3DAD4EAD5FAD6A97CA01B90111
:108F10000E94A0F99B01AC01C701B6010E9448F371
:108F20007B018C012DA13DA5A1010E94C7FB181654
:108F30001CF4EDA0FDA48101C701D801898F9A8F8F
:108F4000AB8FBC8F9E012F5E3F4F4BAD5CAD6DADC7
:108F50007EADCE0101960E9488C98823D1F02E965D
:108F60002CAD3DAD4EAD5FAD2E972D8B3E8B4F8B17
:108F7000588F25964EAD5FAD25974F5F5F4F259675
:108F80005FAF4EAF25978DA99EA98417950709F06D
:108F9000BFCE80E1E5E2F7E0DE01119601900D928F
:108FA0008A95E1F7CE0101960E9420931D8A1E8AC0
:108FB0001F8A188E198E1A8E1B8E1C8E9E012F5E94
:108FC0003F4F4BAD5CAD6DAD7EADCE0101960E94C5
:108FD00088C980E1E5E2F7E0AFE1BAE001900D92E7
:108FE0008A95E1F7EBCC2DEC3CEC4CEC5DE3C50154
:108FF000B4010E94E3F287FF1FC02DEC3CEC4CEC67
:109000005DE369A97AA98BA99CA90E947CFA0E94B8
:1090100015FB4B015C0120E030E040E85FE30E947B
:10902000E3F287FF06C0812C912C80E8A82E8FE305
:10903000B82EC501B40143CDB101802F9DA13FCD14
:109040002A962CAD3DAD4EAD5FAD2A976FA978AD98
:1090500089AD9AAD0E9448F34B015C010E9479FAF8
:109060006B017C01C501B4010E9403FC4B015C0152
:10907000A701960169A17AA18BA19CA10E9448F346
:109080002B013C012D8D3E8D4F8D58A1C501B401A2
:109090000E9448F39B01AC01C301B2010E94A0F9F8
:1090A0002B013C01A501940169A17AA18BA19CA18E
:1090B0000E9448F34B015C012D8D3E8D4F8D58A1D0
:1090C000C701B6010E9448F39B01AC01C501B40180
:1090D0000E949FF969A77AA78BA79CA789E126968A
:1090E0008FAF269799CE20E030E0A901C301B201ED
:1090F0000E94E3F2882309F41FCB1D8E1E8E1F8E63
:1091000018A2A3019201505829A33AA34BA35CA330
:109110008D8D9E8DAF8DB8A1B05889A79AA7ABA7AA
:10912000BCA7A3019201C301B2010E9448F36B01E5
:109130007C012D8D3E8D4F8D58A1CA01B9010E9431
:1091400048F39B01AC01C701B6010E94A0F90E943F
:109150000DFC2E966CAF7DAF8EAF9FAF2E9780909B
:109160001F0A9090200AA090210AB090220AA30121
:109170009201C501B4010E94A0F96E966CAF7DAF5B
:109180008EAF9FAF6E972091230A3091240A4091B1
:10919000250A5091260A29AB3AAB4BAB5CAB2D8D1F
:1091A0003E8D4F8D58A169A97AA98BA99CA90E94CF
:1091B000A0F9A2966CAF7DAF8EAF9FAFA297409003
:1091C00025075090260760902707709028076E9615
:1091D0002CAD3DAD4EAD5FAD6E97C301B2010E94A7
:1091E0009FF96DA37EA38FA398A7C0902907D09065
:1091F0002A07E0902B07F0902C07A2962CAD3DADEE
:109200004EAD5FADA297C701B6010E949FF96DA751
:109210007EA78FA798ABA3019201C501B4010E945C
:109220009FF94B015C012DEB37E346E855EB0E94BB
:10923000C7FB87FDC4CA2DEB37E346E855E3C501FC
:10924000B4010E94E3F218160CF4B9CAA701960102
:1092500069A97AA98BA99CA90E949FF96B017C013D
:109260002DEB37E346E855EB0E94C7FB87FDA7CA05
:109270002DEB37E346E855E3C701B6010E94E3F260
:1092800018160CF49CCA28E4222E312C3BED832EB8
:109290003FE0932E39ECA32E30E4B32E9BEDC92E84
:1092A0009FE0D92E99ECE92E90ECF92E111104CB08
:1092B0007501640101CBCF93C82F8091D30983FD41
:1092C0000AC00E94A41B882331F080911F02909154
:1092D00020020E94EF9D83EA9FE20E94DBA0CC2344
:1092E00029F061E080E0CF910C944CA9809139077E
:1092F00091E0892780931509809115098823F1F061
:1093000020E030E040E05FE36091C70D7091C80D50
:109310008091C90D9091CA0D0E94A0F90E94E4FAB3
:109320002091CB0D3091CC0D621B730B77FF03C0E6
:109330007195619571096230710544F410921509B7
:109340008091D30983FF06C081E00FC080E00E94B6
:10935000A138D2CF0E94A41B8823B1F30E94E42934
:109360008BE995E00E94BB2980E0CF910895CF92D0
:10937000DF92EF92FF92CF93DF936B017C01D42FAA
:10938000C091480583E08093480581E080931D07E4
:10939000C114D104E104F10431F00E94A7D1C60E3A
:1093A000D71EE81EF91E80911D078823C1F0C11445
:1093B000D104E104F10421F48D2F0E94A138F3CFF0
:1093C0000E94A7D1A7019601261B370B480B590B0A
:1093D000DA01C901181619061A061B066CF3109259
:1093E0001D07C0934805DF91CF91FF90EF90DF906C
:1093F000CF90089581E00895DC01EC918E2F90E0EC
:10940000FC01EE0FFF1FE80FF91FE351F24F8081BF
:109410008F7780830895009719F0019789F0089558
:109420001092900082E0809391001092950010922B
:109430009400C19A809171008260809371000895B8
:109440001092A00082E08093A1001092A5001092DB
:10945000A40089BB8093720008957F928F929F929F
:10946000AF92BF92CF92DF92EF92FF920F931F9332
:10947000CF93DF936C01EB01FC018081883108F010
:10948000C4C090E0FC01EE0FFF1FE80FF91FE3518D
:10949000F24F80818F770E945CCAF601118212829E
:1094A00080812CE0622F0E9464F9829FB001112418
:1094B00030E020E0AB01420F531FFA01EE0FFF1F17
:1094C000E40FF51FE351F24F908197FD07C02F5F26
:1094D0003F4F2C30310571F790E09DDFF601708031
:1094E000E72CF12C8701000F111FF801EE0DFF1D75
:1094F000E351F24F80818068808377FC86C0C03260
:10950000F2E0DF070CF040C0F601828128E532E08E
:10951000281B310987FD3395220F331F220F331F7C
:10952000032E000C440B550B818178E8872E912C7B
:10953000881A910887FD9394880C991C880C991CB3
:10954000092C000CAA08BB0860E070E0CB01D7FD35
:109550000AC0BE01C53BD10514F064EB70E0072ED4
:10956000000C880B990B281939094A095B090E94DC
:10957000FEF824EB30E040E050E00E942FF9820E2C
:10958000931EA41EB51EE401F7E1F71558F1F6018C
:109590002281318188E890E0831B910937FD939502
:1095A000880F991F880F991FC817D90774F088E58D
:1095B00092E0821B910927FD9395880F991F880FD0
:1095C000991FC817D9070CF4CE012FB7F8940E0DC8
:1095D0001F1DF801E351F24F0297880F991F9283E4
:1095E00081832FBF62E370E080E090E0DF91CF9154
:1095F0001F910F91FF90EF90DF90CF90BF90AF90B1
:109600009F908F907F900C94DC36DF91CF911F91CB
:109610000F91FF90EF90DF90CF90BF90AF909F9011
:109620008F907F9008950F931F93CF93C82F8B0136
:1096300086E39EE00E94B81BC817B1F06C2F70E063
:1096400086E39EE00ADFF801608171818281938167
:109650006737F1E07F078105910520F467E771E046
:1096600080E090E00E94DC368091000183FB882737
:1096700080F9CF911F910F910895CF93DF9300D080
:109680001F92CDB7DEB78EEE92E0A0E0B0E0898306
:109690009A83AB83BC83BE016F5F7F4F8AE5C3DFD4
:1096A0000F900F900F900F90DF91CF910895CF936F
:1096B000DF9300D01F92CDB7DEB78EEE92E0A0E030
:1096C000B0E089839A83AB83BC83BE016F5F7F4F19
:1096D0008AE0A9DF0F900F900F900F90DF91CF914C
:1096E0000895CF93DF9300D01F92CDB7DEB784EFFC
:1096F00091E0A0E0B0E089839A83AB83BC83BE0194
:109700006F5F7F4F80EA8FDF0F900F900F900F9069
:10971000DF91CF910895CF92DF92EF92FF921F9346
:10972000CF93DF9300D01F92CDB7DEB78EEEC82E59
:1097300082E0D82EE12CF12CC982DA82EB82FC8205
:10974000BE016F5F7F4F8AE56EDF81110EC010E0B2
:10975000812F0F900F900F900F90DF91CF911F915D
:10976000FF90EF90DF90CF900895BBDFC982DA823F
:10977000EB82FC82BE016F5F7F4F8AE554DF182FBA
:10978000882329F30E94449CE3CFCF92DF92EF928B
:10979000FF921F93CF93DF9300D01F92CDB7DEB718
:1097A0008EEEC82E82E0D82EE12CF12CC982DA820E
:1097B000EB82FC82BE016F5F7F4F8AE034DF811154
:1097C0000EC010E0812F0F900F900F900F90DF913F
:1097D000CF911F91FF90EF90DF90CF90089581DFA0
:1097E0004CDF65DF4ADFC982DA82EB82FC82BE0190
:1097F0006F5F7F4F8AE017DF182F882311F30E94D5
:10980000449CE0CF1F920F920FB60F9211240BB61B
:109810000F922F933F934F935F936F937F938F9309
:109820009F93AF93BF93EF93FF9348EA50E064EAAE
:1098300070E081E090E00E948922FF91EF91BF915A
:10984000AF919F918F917F916F915F914F913F91D8
:109850002F910F900BBE0F900FBE0F901F90189579
:109860001F920F920FB60F9211240BB60F922F93E7
:109870003F934F935F936F937F938F939F93AF9398
:10988000BF93EF93FF9348E950E064E970E090E004
:1098900080E00E948922FF91EF91BF91AF919F914B
:1098A0008F917F916F915F914F913F912F910F9089
:1098B0000BBE0F900FBE0F901F90189580913C0625
:1098C0008823D1F10FB607FC2DC09091BF0680917F
:1098D000C006981304C08091D00086FD2DC08091F1
:1098E000D00085FF1EC08091C0062091BF06821364
:1098F00006C08091D1008F7D8093D10012C0E82FE7
:10990000F0E0E154F94F92818F5F8F729093D6000F
:109910008093C0069091D00090649093D000281757
:1099200041F3D3CF9091BF068091C006981303C036
:109930008091D00086FFF6CF089591E090933C0689
:109940009091D10095FD0CC09091D00095FF08C07A
:109950008093D6008091D00080648093D0000895D9
:109960002091BF062F5F2F720FB607FC27C0909182
:10997000C006921328C09091D00095FF1EC0909110
:10998000C0064091BF06941306C09091D1009F7D00
:109990009093D10012C0E92FF0E0E154F94F3281E9
:1099A0009F5F9F723093D6009093C0063091D00095
:1099B00030643093D000491741F3D9CF9091C0065D
:1099C000921301C0FBCFE091BF06F0E0E154F94FE4
:1099D00082832093BF068091D10080628093D10062
:1099E00008950F931F93CF93DF93EC01162F042F4D
:1099F0008AE5A3DF85EAA1DF83E0800F9EDF812F68
:109A00009CDF8D2F9ADF8C2FDF91CF911F910F91CB
:109A100094CFFF920F931F93CF93DF93F62E072FD0
:109A2000142F62E8DEDFCF2DD02F115018F089916E
:109A300084DFFBCFDF91CF911F910F91FF900895AD
:109A4000CF93DF931F921F92CDB7DEB7853608F014
:109A500084E6682F70E090E080E00E94E9F220E068
:109A600030E04FE753E40E9448F320E030E048EC58
:109A700052E40E947CFA20E030E0A9010E94A0F9A3
:109A80000E94D3FB6093EA031A821982698342E041
:109A9000BE016F5F7F4F81EA90E0BBDF0F900F90B8
:109AA000DF91CF910895FB018181CADF0C945AA008
:109AB000CF93DF931F921F92CDB7DEB7853608F0A4
:109AC00084E680932102682F70E090E080E00E949D
:109AD000E7F220E030E04EEB52E40E9448F320E051
:109AE00030E048EC52E40E947CFA20E030E040EAAA
:109AF00050E40E94A0F90E94D3FB69836A8342E08C
:109B0000BE016F5F7F4F82E890E083DF0F900F9080
:109B1000DF91CF910895FB018181CADF0C945AA097
:109B2000CF93DF9300D000D01F921F92CDB7DEB746
:109B3000FE01339696E0DF011D929A95E9F79AE5CA
:109B4000998395EA9A838C834D836E8348E0BE01A6
:109B50006F5F7F4F80EB90E05CDFB0DE62E370E030
:109B600080E090E00E940DD128960FB6F894DEBFF9
:109B70000FBECDBFDF91CF910895CF93DF9300D07B
:109B800000D01F921F92CDB7DEB7FE01339696E04C
:109B9000DF011D929A95E9F79AE5998395EA9A83F0
:109BA00091E098878C834D836E8348E0BE016F5FA0
:109BB0007F4F80EB90E02DDF81DE62E370E080E09C
:109BC00090E00E940DD128960FB6F894DEBF0FBE2C
:109BD000CDBFDF91CF9108958091F706882321F0C2
:109BE0008091F606811107C041E063E88FE090E0C4
:109BF000F8DE81E0A2CE089580913D0690913E0668
:109C00002FEF3FEF981751F0E92FF0E0E35CF94FA9
:109C1000228130E09F5F9F7790933E06C9010895AF
:109C20001F920F920FB60F9211240BB60F922F9323
:109C30008F939F93EF93FF938091C0062091BF066F
:109C4000821306C08091D1008F7D8093D10012C015
:109C5000E82FF0E0E154F94F92818F5F8F7290937B
:109C6000D6008093C0069091D00090649093D0006D
:109C7000281741F3FF91EF919F918F912F910F90B2
:109C80000BBE0F900FBE0F901F9018951F920F9252
:109C90000FB60F9211240BB60F922F938F939F93B1
:109CA000EF93FF939091D60020913E06E0913D0600
:109CB00081E08E0F8F77281729F0F0E0E35CF94FF1
:109CC0009283E82FE0933D06FF91EF919F918F9152
:109CD0002F910F900BBE0F900FBE0F901F901895F5
:109CE0001F920F920FB60F9211240BB60F922F9363
:109CF0008F939F93EF93FF939091CE002091300A22
:109D0000E0912F0A81E08E0F8F77281729F0F0E07D
:109D1000E15DF54F9283E82FE0932F0AFF91EF91D9
:109D20009F918F912F910F900BBE0F900FBE0F90B0
:109D30001F9018951F920F920FB60F9211240F903B
:109D40000FBE0F901F9018951F920F920FB60F9293
:109D500011240F900FBE0F901F9018951F920F9215
:109D60000FB60F9211240BB60F922F938F939F93E0
:109D7000EF93FF939091C6002091B20AE091B10A4F
:109D800081E08E0F8F77281729F0F0E0EF54F54F20
:109D90009283E82FE093B10AFF91EF919F918F9109
:109DA0002F910F900BBE0F900FBE0F901F90189524
:109DB0008EBD0DB407FEFDCF08958FEF8EBD0DB49F
:109DC00007FEFDCF8EB50895909164009B7F909320
:109DD0006400982F906A96959CBD80FD03C091E029
:109DE000863009F490E09DBD08950F931F93CF93A3
:109DF000DF93CDB7DEB76B970FB6F894DEBF0FBE1B
:109E0000CDBFFB01018110E080911A0790911B07E3
:109E1000800F911F0E9494DC882309F457C0809121
:109E2000AA0D85FF66C010921B0710921A078FEFCC
:109E30009FEF90930F0280930E028091330B06E701
:109E400019E0882311F003E31BE019821C82809142
:109E5000DB156DEB75E1882311F068ED75E121E00C
:109E6000A801CE0101960E94F5AA8823D1F18BE1C9
:109E7000FE013196A8EDB5E101900D928A95E1F7CA
:109E80008091AA0D8F7B8093AA0DA0919F0DAA307F
:109E900080F481E08A0F80939F0D8BE18A9FD0012F
:109EA0001124AD50BA4EE8EDF5E101900D928A957E
:109EB000E1F78FEF9FEF9093290280932802CE0164
:109EC00001960E94252681E080931F076B960FB6AE
:109ED000F894DEBF0FBECDBFDF91CF911F910F91E0
:109EE00008950E94E429B80183E099E10E94F5DF1A
:109EF000E6CF80911A0790911B07080F191F109346
:109F00000F0200930E02DFCFFB0181818F3F91F0A2
:109F1000882341F08E3FD9F446E060E070E0CB0149
:109F20000E94C69E0E94299E60E070E0CB010E94C4
:109F3000FD9D06C046E060E070E0CB010E94C69E39
:109F400089E499E10E94B3D181E080931F070895CD
:109F5000CF93DF93FB01C081D181DC27CD27DC27A4
:109F6000FC01808191818131F0E29F0731F08231E3
:109F7000904281F0DF91CF910895BE01DD0F880BF3
:109F8000990B0E94E9F246E00E94C69E81E0809310
:109F90001F07F0CF0E94299EBE01DD0F880B990B91
:109FA0000E94E9F20E94FD9DF1CFFB018181823088
:109FB00091F0833019F18130E9F40E94299E60E02C
:109FC00070E088E493E40E94FD9D46E060E070E06C
:109FD00080E792E40DC00E94299E60E070E080E777
:109FE00093E40E94FD9D46E060E070E080EA92E428
:109FF0000E94C69E81E080931F0708950E94299EBB
:10A0000060E070E080E793E4DECF2F923F924F92C2
:10A010005F926F927F928F929F92AF92BF92CF92F8
:10A02000DF92EF92FF920F931F93CF93DF93CDB701
:10A03000DEB762970FB6F894DEBF0FBECDBF0E94A9
:10A04000EB3487FDD6C38DE190E30E94DBA085E46D
:10A050000E94541B812C912CA12C30E4B32E882318
:10A0600079F00E948C204B015C0120E030E0A901D6
:10A070000E94C7FB87FF04C0B7FAB094B7F8B0944A
:10A080008CE0EBEEF3E0DE01119601900D928A95E3
:10A09000E1F788E50E94541B882351F040E050E02E
:10A0A000BA0188E50E94BA2069837A838B839C83F6
:10A0B00089E50E94541B882351F040E050E0BA012A
:10A0C00089E50E94BA206D837E838F8398878AE515
:10A0D0000E94541B882351F040E050E0BA018AE509
:10A0E0000E94BA2069877A878B879C87C090500727
:10A0F000D0905107E0905207F090530785E50E94F9
:10A10000541B882321F00E948C206B017C0120E0ED
:10A1100030E0A901C701B6010E94C7FB87FF04C058
:10A12000F7FAF094F7F8F0946AE070E082E40E94A5
:10A130007F2080918E0D81115CC361E086ED98E0F7
:10A140000E94222D4BE15CE163EF78E085E00E9404
:10A15000ABCB10918E0D81E0810F80938E0D0E940C
:10A160005D378E87882341F08091AA0D8B7F809385
:10A17000AA0D1E5F10938E0D0E94EF9B80E1EFE110
:10A18000FAE0AFE2B5E001900D928A95E1F787E041
:10A190000E948F928D87811159C129852F878A85C9
:10A1A000888B2B85298B8C858A8B2090270A309071
:10A1B000280A4090290A50902A0A20E030E040E224
:10A1C00051E4C201B1010E94A0F93B018C0120E0E1
:10A1D00030E048EC53E40E94C7FB181624F4612CCD
:10A1E000712C08EC13E49301A8016F8578898989A3
:10A1F0009A890E94C7FB181624F46F84788809890D
:10A200001A89A2019101B301C8010E949FF92E850C
:10A21000222351F020914B07222331F041E02D857C
:10A22000211140E00E94A5210E945A8720E030E0E1
:10A23000A901C501B4010E94E3F2882369F00E94DC
:10A24000C586811109C0C501B401905820E030E0F5
:10A2500040E752E40E9454958D858111E3C2BE010E
:10A260006F5F7F4F0E946D9C20E030E0A901C70125
:10A27000B6010E94E3F2882309F451C062E080E055
:10A280001AD8882309F44BC08FE090E30E94DBA02A
:10A2900020E030E040E752E460E070E080E591ECDF
:10A2A0000E94549568E873E180E090E00E94DC36FB
:10A2B00020E030E048EC51E460E070E088EA91E4AE
:10A2C0000E94549580900C0A90900D0AA0900E0A5E
:10A2D000B0900F0A80E090E0A8ECB1E480930C0A03
:10A2E00090930D0AA0930E0AB0930F0AC701B6010E
:10A2F000905820E030E040E251E40E945495809272
:10A300000C0A90920D0AA0920E0AB0920F0A0E94B7
:10A31000168264E670E080E090E00E94DC360E94E5
:10A32000168264E670E080E090E00E94DC3660E037
:10A3300083E00E9475CB0E94E42989EF98E00E9497
:10A34000BB290E94A7D1685370458F4F9F4F6093E0
:10A35000C7077093C8078093C9079093CA071092E4
:10A36000CB071091480583E08093480587E699E084
:10A370000E949E2D87E699E00E94DBA081E08093F9
:10A380001D0780911D07882309F465C08091CB07C4
:10A39000882309F457C080EB9FE20E94DBA00E9453
:10A3A000E4298AE499E00E94BB2940E06BE379E06C
:10A3B00082E00E94792D84E399E00E94552D0E944D
:10A3C000712D8BE399E00E94DBA041E060E070E03A
:10A3D000CB010E94B74940E067E279E085E00E9446
:10A3E000792D0E94712D87E299E00E9406C80E9493
:10A3F000299E60E080E00E945B4960E083E00E946B
:10A4000075CB0E94E42989EF98E00E94BB290E9445
:10A41000A7D1685370458F4F9F4F6093C7077093C4
:10A42000C8078093C9079093CA071092CB078BE1A6
:10A4300099E00E949E2D8BE199E00E94DBA081E0D3
:10A4400080931D0781E00E94A1389BCF60E070E0FF
:10A4500080E090E4DCCE1093480570E060E082E597
:10A460000E947F208C01C0904C07D0904D07E09057
:10A470004E07F0904F078CE40E94541B882321F074
:10A480000E948C206B017C0120E030E0A901C70113
:10A49000B6010E94C7FB87FF04C0F7FAF094F7F8F3
:10A4A000F09480918E0D882309F4A3C1B090CB075E
:10A4B0000E94299E8091CB0D9091CC0D8017910721
:10A4C0001CF4C8010E94EF9D60E080E00E945B499F
:10A4D000882309F4A5C0BB2061F188EE9FE20E94A9
:10A4E000DBA00E94E42982EB99E00E94BB29B09096
:10A4F000480583E08093480581E080931D0784EA46
:10A5000099E00E94DBA040E364E979E082E00E94E8
:10A51000792D8EEA9AE00E94552D0E94712D80912E
:10A520001D07882321F081E00E94A138F8CFB09266
:10A5300048058BED9FE20E94DBA020E030E0A901FE
:10A54000C701B6010E94E3F2882321F180900C0A32
:10A5500090900D0AA0900E0AB0900F0A80E090E053
:10A56000A8ECB1E480930C0A90930D0AA0930E0A14
:10A57000B0930F0A20E030E040EC50E4C701B60190
:10A580000E94549580920C0A90920D0AA0920E0A95
:10A59000B0920F0A23E0D22E8EEC9FE20E94DBA045
:10A5A00020E030E040E450E460E070E088E492E4D1
:10A5B0000E9454958091410595E7E92E99E0F92E86
:10A5C000811104C08EEAE82E8AE0F82E40E06DE8A2
:10A5D00079E081E00E94792D83E899E00E94552D71
:10A5E000C7010E94552D0E94712DF0904805D09210
:10A5F000480510921D071092420583E99FE20E94D0
:10A60000DBA080914205811104C081E00E94A13845
:10A61000F8CFF0924805813009F4BECF0E94752D25
:10A62000101611063CF4C8010E94EF9D60E080E026
:10A630000E944CA980EC9FE20E94DBA060E081E0D8
:10A640000E945B4920E030E040E752E460E070E0C7
:10A6500080E090EC0E94549587E00E948F928111D7
:10A660005CC080912B0A90912C0AA0912D0AB09188
:10A670002E0A4091270A5091280A6091290A709168
:10A680002A0A009133051091340520913505309147
:10A690003605C0902F05D0903005E0903105F09040
:10A6A0003205C0922507D0922607E0922707F09244
:10A6B00028070093290710932A0720932B0730932C
:10A6C0002C0740932D0750932E0760932F0770930C
:10A6D00030078093310790933207A0933307B093EC
:10A6E000340760E070E088EC92E40E94C4B5809189
:10A6F000370590913805A0913905B0913A058093BE
:10A700002D0790932E07A0932F07B093300760E09A
:10A7100070E080EA90E40E94C4B520E030E040E7B9
:10A7200052E460E070E080E090E40E945495C090B4
:10A730003B05D0903C05E0903D05F0903E0520E0C3
:10A7400030E0A901C701B6010E94E3F287FF08C00B
:10A7500020E030E040E752E4C701B6010E94549582
:10A7600080913B0590913C05A0913D05B0913E053F
:10A7700080932B0A90932C0AA0932D0AB0932E0A53
:10A780008093310790933207A0933307B093340737
:10A790000E948B9561E084ED99E00E94222D8091CA
:10A7A0008E0D815080938E0D4BE15CE16CED79E074
:10A7B00085E00E94ABCB80918309823011F40E9426
:10A7C000CA9B80918E0D882381F0815080938E0DDD
:10A7D0000E9456D380914B07882339F040E060E017
:10A7E00070E080E090E40E94A5210E941D350E9447
:10A7F00025CB62960FB6F894DEBF0FBECDBFDF91BA
:10A80000CF911F910F91FF90EF90DF90CF90BF906D
:10A81000AF909F908F907F906F905F904F903F9000
:10A820002F9008958DED98E00E9406C81DCD2F92BF
:10A830003F924F925F926F927F928F929F92AF92D0
:10A84000BF92CF92DF92EF92FF920F931F93CF931D
:10A85000DF93CDB7DEB7E1970FB6F894DEBF0FBE3A
:10A86000CDBF89AB2091480528AB11E01093480576
:10A87000809168058D3409F4FCC2843509F443C025
:10A880008734E9F420916605309167052B31310555
:10A8900009F481C0B8F42430310558F42230310570
:10A8A00080F181E02230310509F080E00E946542AC
:10A8B0002AC02430310579F12531310521F10E947A
:10A8C000E8DE21C02A32310509F44EC160F42D3191
:10A8D000310509F417C108F481C02E31310579F72B
:10A8E0000E943A6910C02B35310509F41BC22C3582
:10A8F000310509F41BC22A35310509F71092E1141C
:10A9000002C00E947B3889A981110C94085D0E94C5
:10A910004ACB0C94085D80E50E94541BC12CD12CBD
:10A920007601882321F00E9420206B017C0183E5C1
:10A930000E94541B882361F00E948C2020E030E0AC
:10A940004AE754E40E9448F30E94E9FA6B017C0153
:10A950000E945A87C114D104E104F104A1F280914C
:10A96000A014811104C08DE39AE00E9406C80E94E1
:10A97000A7D14B015C010E94A7D1681979098A0906
:10A980009B096C157D058E059F0508F0BCCF80E006
:10A990000E94A138F0CF87E00E9499AD8111B3CF1A
:10A9A00070E060E080E50E947F208530910578F4BA
:10A9B0009CE0E7EFF3E0DE01119601900D929A958D
:10A9C000E1F7BE016F5F7F4F0E946D9C9CCF66E4F4
:10A9D0007AE08EE59AE00E94FF2C95CF87E00E94F6
:10A9E0008F92811111C08091370690913806A09105
:10A9F0003906B0913A061EE0B695A79597958795CA
:10AA00001A95D1F780FD7FCF0E945A870E94A7D167
:10AA100060936A0970936B0980936C0990936D0938
:10AA20001092380280E00E9488260E94E19381E023
:10AA3000809307090E94B997C0903706D0903806D6
:10AA4000E0903906F0903A06F9E1F694E794D7944D
:10AA5000C794FA95D1F7C0FE0DC081E00E948F9295
:10AA6000182F82E00E948F9211110C94B26811E0AD
:10AA7000811101C010E08091370690913806A091B5
:10AA80003906B0913A06E7E1B695A795979587956F
:10AA9000EA95D1F780FF02C00C94A667112311F448
:10AAA0000C94A967012F10E08C2D8170982E0C94C6
:10AAB000B96741E060E070E080E890E40C94A3683E
:10AAC0008AE79AE00E9406C80E94E42988E69AE094
:10AAD0000E94BB290E94E295809106098093070994
:10AAE000992049F040915D0921E060E070E080E844
:10AAF00090E40E94E9940E94C8930E943D9603CF7F
:10AB0000982EE8CF0E94A7D160936A0970936B09D1
:10AB100080936C0990936D0980918C0981111DC0FF
:10AB20008091370690913806A0913906B0913A0687
:10AB30005DE0B695A795979587955A95D1F780FFD3
:10AB400004C08BE89AE00E94E46887E00E9499AD17
:10AB50008111D9CE0E94726AD6CE60E08FE40E9445
:10AB60006A208823E9F2CFCE80915809833008F417
:10AB7000CACE89E40E94541BE82E00E0882319F015
:10AB80000E947C20082F8AE40E94541BF82E10E0BB
:10AB9000882319F00E947C20182FEE2011F0053038
:10ABA00020F4FF2039F0153028F08FE89AE00E9459
:10ABB000BB29A9CE80E1EFE1FAE0A5E2B7E0019080
:10ABC0000D928A95E1F7EE2011F1602F70E090E090
:10ABD00080E00E94E9F220914207309143074091C2
:10ABE0004407509145070E9448F320913A0730915D
:10ABF0003B0740913C0750913D070E94A0F96093AC
:10AC00002507709326078093270790932807FF2036
:10AC100011F1612F70E090E080E00E94E9F2209154
:10AC200046073091470740914807509149070E94D5
:10AC300048F320913E0730913F07409140075091E3
:10AC400041070E94A0F96093290770932A07809317
:10AC50002B0790932C078091370690913806A0918E
:10AC60003906B0913A064FE0B695A7959795879526
:10AC70004A95D1F780FF38C0EE20D1F0E091450E23
:10AC8000F091460E208131814281538160912507E8
:10AC90007091260780912707909128070E949FF9BD
:10ACA00060932507709326078093270790932807C2
:10ACB000FF20D1F0E091450EF091460E24813581C0
:10ACC000468157816091290770912A0780912B074F
:10ACD00090912C070E949FF96093290770932A078F
:10ACE00080932B0790932C0740E050E0BA0186E454
:10ACF0000E94BA206B017C0120E030E0A9010E9493
:10AD0000C7FB18165CF420E030E040E752E4C701CE
:10AD1000B6010E947CFA0E94C4B5F5CD60E070E0F7
:10AD2000CB01F9CF8FE08093E114EDCD80916505E3
:10AD3000882381F1893009F0E6CD23E0A22E24E0BA
:10AD4000B22E3FE1C32E3AE0D32EE12C10E000E01A
:10AD5000D5018D915D010E94541BF82E882361F06E
:10AD6000033011F0E82EF12E0E948C20F601608352
:10AD70007183828393831F2D0F5FF4E0CF0ED11C6C
:10AD8000043031F7EE2009F464C00E94E2950E947D
:10AD90003D96B9CD83E094E099A788A78EE5682E0B
:10ADA00089E0782E9FE1492E9AE0592E10E000E0CC
:10ADB000A8A5B9A58D91B9A7A8A70E94541B382EA4
:10ADC0008823E9F10E948C206B017C01033049F05B
:10ADD000F30120813181428153810E949FF96B01EF
:10ADE0007C01D2012D913D914D915C91C701B6013D
:10ADF0000E949FF94B015C012DEB37E346E855EBD0
:10AE00000E94C7FB87FD0AC02DEB37E346E855E3F8
:10AE1000C501B4010E94E3F218168CF40330F9F076
:10AE2000A5019401F30160817181828193810E9467
:10AE3000A0F9D3016D937D938D939C9313970F5F2E
:10AE4000B4E06B0E711CE4E04E0E511C043009F0AE
:10AE5000AFCF112309F49BCF0E948B9598CFC0925E
:10AE60002B0AD0922C0AE0922D0AF0922E0A132D72
:10AE7000E6CF80916605909167058837910511F4BA
:10AE80000C94D05F08F0D2C18135910509F403C755
:10AE900008F03DC18931910509F4C3C408F0E3C04D
:10AEA0008431910509F45CC408F084C081319105B6
:10AEB00009F419C408F058C0029708F000CD80E5E5
:10AEC0000E94541BC12CD12C7601882321F00E94B2
:10AED00020206B017C0183E50E94541B882361F0D4
:10AEE0000E948C2020E030E04AE754E40E9448F3BE
:10AEF0000E94E9FA6B017C010E945A8780916305E8
:10AF000090916405009709F4DBC30E94A2A0009110
:10AF10006305109164050115110509F4D6C30E945B
:10AF2000752D82E08093700960E088EA9AE00E94C3
:10AF30003B2DB0909D158FEF80939D1580E20E9470
:10AF40001E20C8010E9461260E94E729B0929D152B
:10AF50008EEA9AE00E94552D0E94712D40E0C701B3
:10AF6000B6010E94B749CFCC429709F0A8CC83E53F
:10AF70000E94541B882309F4B4C60E94A7D1609391
:10AF80006A0970936B0980936C0990936D090E9414
:10AF90008C2020E030E04AE754E40E9448F30E940D
:10AFA000E9FA609302027093030280930402909383
:10AFB0000502A9CC8631910509F404C408F4FFC345
:10AFC0008731910509F41BC4489709F078CC0E9499
:10AFD000299E61E080E00E944CA983E50E94541BF9
:10AFE000882321F00E9430200E948C1F84E50E945B
:10AFF000541B8823A9F00E9430206B017C010E9421
:10B00000AF9BC0922007D0922107E0922207F092D6
:10B010002307CD28CE28CF2819F081E0809383091B
:10B020000E940037882381F00E9456D30E944B373C
:10B0300089E295E10E94FFD210925E0B10925F0BA5
:10B040001092600B1092610B61E08EE399E10E9417
:10B05000222D4BE15CE16FE17BE085E00E94ABCB10
:10B060000E9425CB50CC8E31910509F483C498F40D
:10B070008B31910509F419C408F408C48C31910589
:10B0800009F470C44D9709F01ACC8091AA0D8E7FF7
:10B090008093AA0D38CC8B34910509F499C460F5DE
:10B0A0008F31910509F476C4809709F008CC0E948D
:10B0B0005D3781110E945A878091AA0D84FF23CCAD
:10B0C00060E080E50E946A20182F682F8091630558
:10B0D000909164050E94F6DE83E50E94541B88234C
:10B0E00021F00E9430200E948C1F0E9456D3111123
:10B0F0000ACC0E944B3707CC8C34910509F46CC400
:10B100008D34910509F0DBCB0E940B9CFCCB8C3677
:10B11000910509F433C508F054C08C35910509F444
:10B1200030C688F58335910509F4D3C508F4C9C53F
:10B130008435910509F41BCF8535910509F0BFCB06
:10B1400083E50E94061B882309F4FDC50E94A7D150
:10B1500060936A0970936B0980936C0990936D09F1
:10B160000E948C2020E030E04AE754E40E9448F33B
:10B170000E94E9FA60934305709344058093450566
:10B1800090934605C0CB8936910509F433C440F449
:10B190008836910509F093CB80E00E94B135B3CB9E
:10B1A0008A36910509F450C48B36910509F087CB96
:10B1B00060E080E50E9451208111A5CB10929E1481
:10B1C000A2CB8137910509F419C5A8F48E369105F3
:10B1D00009F45CC408F409C48F36910509F48BC4E2
:10B1E0008037910509F06BCB41E070E060E089EABF
:10B1F0009BE00E9463368537910509F46AC658F4CE
:10B200008237910509F45DC68337910509F057CB64
:10B210000E942B2A78CB8637910509F46EC68737B2
:10B22000910509F04CCB0E9468976DCB8239F1E013
:10B230009F0711F40C94D16308F0F0C08E3C910587
:10B2400011F40C944D6108F055C0883C910509F447
:10B25000AFC6E0F48C38910509F4F1C458F489378D
:10B26000910509F02CCB10920709109206090E9453
:10B27000B99749CB8B39910509F4E6C48E3B91050A
:10B2800009F01DCB81E00E94053F3DCB8B3C910531
:10B2900009F4F4C6B0F4893C910509F010CB809113
:10B2A000370684FDC3C680913906887809F0BEC68A
:10B2B00080913A06837009F0B9C681E00E94A22C01
:10B2C00022CB8C3C910509F40DC78D3C910509F00A
:10B2D000F6CA8091370690913806A0913906B09150
:10B2E0003A06892B8A2B8B2B09F051C781E00E94EB
:10B2F000112C09CB8232A1E09A0711F40C94CE6292
:10B3000008F03EC08C3D910511F40C942E6278F447
:10B31000833D910509F0D3CA83E50E94061B88236B
:10B3200009F4EAC70E945B2080933702ECCA8D3D86
:10B33000910511F40C9474628831914009F0BFCAF0
:10B3400080E50E94541B882309F4DDCA0E947C20FA
:10B350008C01892B11F00C94C16283E50E94541B6F
:10B36000882311F40C94A9620E947C2097FF02C0EC
:10B370000C94A362BC0186E39EE00E942D4AC3CADE
:10B380008F32F1E09F0711F40C94C96380F58D3280
:10B39000A1E09A0711F40C9454638E32914009F0A5
:10B3A0008ECA83E50E94061B182F882331F00E9465
:10B3B0007C209093200280931F0280E50E94061B50
:10B3C000811104C0112311F40C94A56320911F0274
:10B3D00030912002232B11F40C949F63882311F4E5
:10B3E0000C94A2630E945B20809339078CCA803939
:10B3F000E1E09E0711F40C94CD638139914009F08E
:10B400005ECA60E082E50E946A2090915D09911118
:10B41000BECC682F81E00E947099B9CC873F21E0B3
:10B42000920711F40C94AF6508F0B9C0853AB1E009
:10B430009B0711F40C948164D8F48C39F1E09F07D8
:10B4400011F40C94DB6338F48A39914009F037CA5F
:10B450000E94209658CA8D39B1E09B0711F40C94D4
:10B460004167843A914009F02ACA0E9404334BCACA
:10B47000843FF1E09F0711F40C94A76508F082C0A7
:10B480008C3AA1E09A0711F40C94FC64863E91403A
:10B4900009F015CA84E50E94061B8823A1F01092CA
:10B4A000CF091092D0091092D1091092D2091092AE
:10B4B000CD098FEF0E94012161E070E084E50E94D8
:10B4C0007F208093CD0983E50E94541B882321F0BF
:10B4D0000E947C200E9401218091370690913806BD
:10B4E000A0913906B0913A0662E0B695A795979576
:10B4F00087956A95D1F780FF06C08091CE0980328A
:10B5000010F40E94ACE180E50E94541B882331F0C6
:10B510000E947C20803210F40E94ACE185E50E94FC
:10B52000541B882309F4EFC90E947C20803208F064
:10B53000EAC941E050E0082E02C0440F551F0A94AA
:10B54000E2F740955095052E000C660B770B0091A5
:10B55000CF091091D0092091D1093091D20940230F
:10B560005123622373234093CF095093D0096093F2
:10B57000D1097093D2099091CE098913C4C9109250
:10B58000CC09C1C9853FE1E09E0711F40C94AB657D
:10B59000863F914009F093C90E94C897B4C983358A
:10B5A00023E0920711F40C944066A8F58C30B2E0C9
:10B5B0009B0711F40C94B865A0F4883F914009F002
:10B5C0007EC981E08093BD070E9440A31092BD0711
:10B5D000811199C90E94E4298FE79DE00E94BB294F
:10B5E00092C9883522E0920711F40C94BC658B3522
:10B5F000924009F064C98091380683FF02C00C9420
:10B60000C06580913906887111F00C94C06581E0A5
:10B610000E947E2B78C9873EB3E09B0711F40C94FF
:10B620002867B0F48C36F3E09F0709F4ADC2803A86
:10B63000934009F044C920916305309164059091CD
:10B64000AA0D92609093AA0DC9010E9401E05BC906
:10B65000883EA3E09A0711F40C946167893E9340F9
:10B6600009F02DC90E945A878091AA0D877F8B7F90
:10B670008093AA0D8091A00D81110C949F670E9468
:10B68000F5250E944C9B6D3371058105910520F0D5
:10B6900084EF9DE00E94E46880EF9DE00E94E468F2
:10B6A00010919D158FEF80939D158CED9DE00E946C
:10B6B000BB2910939D1588ED9DE00E94E46823C985
:10B6C00087EC9AE00E94DBA022CC809166059091E5
:10B6D0006705892B29F08FEB9AE00E949E2D3ECCC6
:10B6E00087EB9AE0FACF0E94F51A882391F185E45E
:10B6F0000E94061B882361F080913F0590914005D0
:10B70000892B21F00E947C20811102C00E941E82A0
:10B7100003E0E02E04E0F02E10E0F70121917F011C
:10B7200021548091370690913806A0913906B09146
:10B730003A0604C0B695A795979587952A95D2F7AE
:10B7400080FF03C0812F0E9458821F5F133029F7AA
:10B75000DAC88AED9AE00E9406C80E947982D3C8AE
:10B760008091AA0D84FF24C082EF9AE00E94BB2939
:10B770008091AA0D84FF17C08DEB95E10E94397F5F
:10B780008BE1EDEBF5E1DE01119601900D928A95CA
:10B79000E1F770E060E0CE0101960E94D6E0CE01B4
:10B7A00001960E94252683EE9AE00E94BB29ABC831
:10B7B0000E94E42983E09BE00E94BB29A4C80E9468
:10B7C000E9DBA1C80E945D3781119DC88091AA0D57
:10B7D00084FF99C80E9446D38091AA0D8F7E806411
:10B7E0008093AA0D8FEF9FEF9093290280932802F8
:10B7F0000E94E4298DE09BE00E94BB2984C88091CF
:10B80000630590916405FC012191222331F02032DF
:10B81000D9F7DF0111971C92F7CF60E00E94F6DEA6
:10B8200072C80E945D37882329F08091AA0D8B7F12
:10B830008093AA0D80914B07882339F040E060E0A7
:10B8400070E080E090E40E94A5210E94EF9B0E949E
:10B8500025CB4BE25BE062E37BE084E00E94ABCB74
:10B8600061E084E89BE00E94222D0E94A7D16853EA
:10B8700070458F4F9F4F6093C7077093C8078093A1
:10B88000C9079093CA071092CB073DC88091AA0DB3
:10B8900084FF39C883E50E94541B882309F433C808
:10B8A0000E9430200E948C1F2EC8809137069091F4
:10B8B0003806A0913906B0913A0612E0B695A795E0
:10B8C000979587951A95D1F780FF1BC085E49BE07B
:10B8D0000E94BB2980910417882371F0BE016F5F1D
:10B8E0007F4F81E097E10E94057ECE0101960E9484
:10B8F00061260E94E72907C88BE39BE00E94BB29D1
:10B90000F8CF0E945D37811104C00E940E37882352
:10B9100019F1C090A20DD090A30DE090A40DF0906D
:10B92000A50D8090A60D9090A70DA090A80DB090A9
:10B93000A90D85E69BE00E94BB29C501B4010E94C8
:10B94000E3258FE20E9475C5C701B6010E94E32579
:10B950000E94E7290C94835484E59BE00E94BB2954
:10B960000C94835480916305909164050E9401E0DA
:10B970000C9483548091AA0D84FD02C00C948354CE
:10B980000E9441D780916305909164050E9473E005
:10B990000C9483540E944C9B6C8F7D8F8E8F9F8F55
:10B9A000BE016F5F7F4FCE014C960E947D2340E029
:10B9B00061E0CE0101960E94679D0E94E429BE01CC
:10B9C0006F5F7F4F87E79BE00E94F5DF0C94835405
:10B9D0000E944B370C9483540E94EF9B61E084E8F3
:10B9E0009BE00E94222D0C94835481E00E94B1358B
:10B9F0000C9483540E94EB34182F87FD09C08AE809
:10BA00009BE00E94BB29812F0E9481A80E94E72908
:10BA100098A990934805E1960FB6F894DEBF0FBE43
:10BA2000CDBFDF91CF911F910F91FF90EF90DF90ED
:10BA3000CF90BF90AF909F908F907F906F905F90CE
:10BA40004F903F902F90089560E080E50E94512034
:10BA500081110C9483548091370660919E14062FB7
:10BA600080FD02C00FEF10E083E50E94541B882385
:10BA700049F00E9420208B016F3F710519F010F0F2
:10BA80000FEF10E000939E140C9483548EE40E94F8
:10BA9000541B8823B9F00E943020E0915C0222E61A
:10BAA000E29FF0011124E154FD4FE081A7E6EA0294
:10BAB000F0011124E759FA4F6083718382839383E5
:10BAC0000C948354E0915C02B2E6EB9FF0011124E8
:10BAD000E154FD4FE08127E6E202F0011124E7592D
:10BAE000FA4F40815181628173818DE89BE00E9411
:10BAF000E32A0C94835483E50E94541B882321F08D
:10BB00000E9440208093D3090E94E42982EA9BE0AE
:10BB10000E94BB298091D309882369F1B8E9EB2EF3
:10BB2000BBE0FB2E10E000E020E0F701C590D490D0
:10BB3000C114D104B9F08091D30990E0002E02C065
:10BB4000959587950A94E2F780FF0CC0BB24B394C7
:10BB5000B20E222319F08CE20E941E20C6010E9420
:10BB6000BB292B2D0F5F1F4F82E0E80EF11C053023
:10BB70001105D9F6BECE84E99BE0C0CE109215091E
:10BB800010921D070C94835483E50E94541B882354
:10BB900011F40C9483540E944020909170091092EB
:10BBA00070099230F9F0943009F1913011F00C9451
:10BBB0008354882399F0813011F00C94835482E0EF
:10BBC0008093420580914105882311F40C9483549D
:10BBD000109222020E941D350C94835490934205CA
:10BBE0000C94835410921D070C94835485E499E1BE
:10BBF00090931709809316090C94835483E50E944F
:10BC0000541B882369F00E9440208D3320F48093D8
:10BC100001020C9483548CE3809301020C948354AE
:10BC20000E94E4291091010287EB9BE00E94BB294E
:10BC3000812F0E946D260E94E7290C94835480E096
:10BC40000E94053F0C94835483E50E94541B882373
:10BC500011F40C9483540E944020182F8C3308F068
:10BC60008CE38093AF0D0E94A7D16B017C01212F43
:10BC700030E0A8EEB3E00E9455F9C60ED71EE81ECC
:10BC8000F91EC092AB0DD092AC0DE092AD0DF092CA
:10BC9000AE0D0C9483540E941C8910929E140E9435
:10BCA0009A800E940B9C0E94F52568EE73E080E06C
:10BCB00090E00E94DC368EEB9BE00E9406C80C945C
:10BCC00083548091E1148F7D80618093E1140C9402
:10BCD00083548091E1148F7E80628093E1140C94F0
:10BCE00083540E94F51A882351F10E945A8785E4F3
:10BCF0000E94061B81110E941682A3E0EA2EA4E096
:10BD0000FA2E10E0D7012D917D0121548091370644
:10BD100090913806A0913906B0913A0604C0B695C4
:10BD2000A795979587952A95D2F780FF03C0812F15
:10BD30000E9425821F5F133029F70C9483540E94C0
:10BD40001C890C9483546091430570914405809143
:10BD500045059091460528EE33E040E050E00E9412
:10BD60000DF969017A018CED9BE00E94BB29C701A6
:10BD7000B6010E94E32587ED9BE00E94BB290C944D
:10BD800083540E94EB3487FF02C00C94835480914B
:10BD9000370684FD09C08091390687FD05C0809172
:10BDA0003A06837009F488C0E3E0CE2EE4E0DE2E8C
:10BDB000F4EDEF2EF9E0FF2E10E0F60181916F0116
:10BDC0000E94541B882359F0133099F00E948C2054
:10BDD000D70154966D937D938D939C9357971F5FD6
:10BDE000B4E0EB0EF11C143041F70E9437870C943D
:10BDF00083540E948C204B015C0120E030E040EA3B
:10BE000051E40E94E3F287FF4EC0A50194016091C6
:10BE1000F4097091F5098091F6099091F7090E9453
:10BE20007CFA2B013C01AC019B016091A20970914D
:10BE3000A3098091A4099091A5090E9448F36093F9
:10BE4000A2097093A3098093A4099093A509A30163
:10BE500092016091040A7091050A8091060A9091FE
:10BE6000070A0E9448F36093040A7093050A8093BE
:10BE7000060A9093070A6091B2097091B309809104
:10BE8000B4099091B5090E94E7F2A30192010E94C2
:10BE900048F30E94E9FA6093B2097093B309809362
:10BEA000B4099093B5098092F4099092F509A09293
:10BEB000F609B092F70993CF81E00E9487CA0C94EB
:10BEC00083540E9484C88BE59EE00E9451810C94AB
:10BED00083548091630590916405009751F0FC01B3
:10BEE0002081222331F040E061E00E94679D0C94A4
:10BEF00083540E9425CB0C948354009163051091C8
:10BF0000640524E08FEFF12C30E0215009F1D801D5
:10BF10009C91492F4B7F4134A1F411964C914133B0
:10BF2000B9F49134B1F1953409F431E0A8014E5FD0
:10BF30005F4F8A014F5F5F4FD8019C919032C9F3E8
:10BF4000E4CF903529F4F801918190539A30F8F0BC
:10BF5000E0909D15833000F5882301F19FEF980F45
:10BF600081E001C0880F9A95EAF780939D15311101
:10BF70000E94E429FF2021F080EF9BE00E94BB2972
:10BF8000C8010E94D225E0929D150C948354892FFC
:10BF9000CDCFFF24F394CACF8E2DE7CF8FEFE5CF1F
:10BFA00010930709109306090E94B9970C948354C3
:10BFB0008091370683FD09C0809139068C7029F481
:10BFC00081E00E94D92C0C9483540E94EB34182FEA
:10BFD00087FF02C00C9483540091580784E40E94A8
:10BFE000541BF82E8823B1F00E948C204B015C0179
:10BFF00020E030E0A9010E94E3F28823A9F0B4E038
:10C000001B02F0011124EC5AF84F80829182A28227
:10C01000B3820F2D602F83E50E946A20809358071A
:10C020000E94F7890C94835480E0F8CF0E94EB348F
:10C0300087FF02C00C94835403E014E074EDE72EF4
:10C0400079E0F72EF80181918F010E94541B88231B
:10C0500061F00E948C200E94E9FAD7016D937D93D4
:10C060008D939C9313970E94E986B4E0EB0EF11C2C
:10C07000E4E007301E0731F70C94835480913706B3
:10C0800084FD0DC080913906887849F480913A0684
:10C09000837029F481E00E947B2C0C9483540E94CD
:10C0A000EB3487FF02C00C94835463E0E62E64E017
:10C0B000F62E10E000E0D7018D917D010E94541B07
:10C0C000882349F00E948C20F801EC52F64F64A3BB
:10C0D00075A386A397A30C5F1F4F0031110559F775
:10C0E0000C9483548091380687FD09C080913906ED
:10C0F0008E7029F481E00E945C2C0C94835483E5BB
:10C100000E94541B882391F00E948C206093080A9F
:10C110007093090A80930A0A90930B0A6093100A9D
:10C120007093110A8093120A9093130A80E50E947B
:10C13000541B882351F00E948C206093080A70934E
:10C14000090A80930A0A90930B0A82E50E94541B05
:10C15000882351F00E948C2060930C0A70930D0A82
:10C1600080930E0A90930F0A84E50E94541B882343
:10C1700011F40C9483540E948C206093100A7093E5
:10C18000110A8093120A9093130A0C94835482E448
:10C190000E94541B882351F00E9420206093E409E0
:10C1A0007093E5098093E6099093E70983E50E947F
:10C1B000541B882351F00E948C206093140A7093C2
:10C1C000150A8093160A9093170A84E50E94541B5F
:10C1D000882351F00E948C206093180A7093190AEA
:10C1E00080931A0A90931B0A88E50E94541B8823A7
:10C1F00051F00E948C206093960970939709809368
:10C2000098099093990989E50E94541B882351F05D
:10C210000E948C2060939A0970939B0980939C09DB
:10C2200090939D098AE50E94541B182F882351F092
:10C230000E948C2060939E0970939F098093A009AF
:10C240009093A10985E40E94541B882351F00E9419
:10C250008C206093A2097093A3098093A409909302
:10C26000A509112311F40C9483542DEC3CEC4CECF7
:10C270005DE360919E0970919F098091A009909162
:10C28000A1090E94E3F2181614F40C94835483EF6E
:10C290009BE00E94BB290C948354809137069091B7
:10C2A0003806A0913906B0913A0603E014E059E04F
:10C2B000E52E59E0F52E892B8A2B8B2B29F481E072
:10C2C0000E94F22B0C948354F80181918F010E94FB
:10C2D000541B882341F00E948C20D7016D937D93DD
:10C2E0008D939C931397B4E0EB0EF11CE4E00630C1
:10C2F0001E0751F70C94C75610913702105D81E468
:10C300009CE00E94BB29812F0E9475C58091370255
:10C310006FED7FE1811102C06BED7FE18DE39CE069
:10C320000E94FF2C8091390290913A02A0913B0229
:10C33000B0913C028C8F9D8FAE8FBF8F80913D025C
:10C3400090913E02A0913F02B091400288A399A330
:10C35000AAA3BBA38091410290914202A091430203
:10C36000B09144028CA39DA3AEA3BFA3CE014C9673
:10C370000E94BC1A8091450290914602A09147020A
:10C38000B091480289839A83AB83BC838091490230
:10C3900090914A02A0914B02B0914C028D839E83F2
:10C3A000AF83B88780914D0290914E02A0914F02C9
:10C3B000B091500289879A87AB87BC87CE010196DE
:10C3C0000E94BC1ACCA0DDA0EEA0FFA048A059A0FE
:10C3D0006AA07BA08C8C9D8CAE8CBF8C85E39CE08E
:10C3E0000E94BB29B501A40185E29CE00E94D129ED
:10C3F000B301A2018EE890E30E94D129B701A60102
:10C400008BE890E30E94D12983E39CE00E94BB2942
:10C41000C984DA84EB84FC844D805E806F807884EC
:10C4200089809A80AB80BC808BE29CE00E94BB2913
:10C43000B501A40185E29CE00E94D129B301A201CB
:10C440008EE890E30E94D129B701A6018BE890E322
:10C450000E94D1290E94E7290C94835480913706C9
:10C4600090913806A0913906B0913A066091130276
:10C47000709114020097A105B10551F48DE49CE080
:10C480000E948C358AE49CE00E94BB290C94835462
:10C490008C019D0141E136952795179507954A95A1
:10C4A000D1F700FF08C020910602309107023093B7
:10C4B000140220931302B695A7959795879580FF50
:10C4C00004C0709307026093060283E50E94541B28
:10C4D000882311F40C9483540E947C2090931402BE
:10C4E000809313020C9483540E94EB34182F87FF1F
:10C4F00002C00C94835483E50E94541B882341F0AE
:10C500000E947C20BC01812F0E94601B0C948354EC
:10C510000E94E42985E40E9475C580E3810F0E9492
:10C520001E20E12FEE0FFF0BE75EFD4F6081718152
:10C5300081E59CE00E948C3585E20E941E200E94CD
:10C54000E7290C94835486E39EE00E94FC490C94F6
:10C5500083540E94E42970E060E08CE59CE00E9436
:10C560008C3586E39EE00E94B81B8C0189E59CE037
:10C570000E94BB29C8010E9417350E94E7290C942C
:10C5800083540E94E129B80183E79CE00E948C3526
:10C5900084E69CE00E94BB290C9483548AE50E94A7
:10C5A000541B882309F45CC00E948C2020E030E0FA
:10C5B00040E050EC0E94E3F2C12CD12CE12C20ECA5
:10C5C000F22E87FD13C00E948C2020E030E040E076
:10C5D00050E40E94C7FBC12CD12CE12C90E4F92E31
:10C5E000181624F00E948C206B017C012091F00928
:10C5F0003091F1094091F2095091F309C701B60158
:10C600000E9448F30E94E4FACB010E94CDD161E080
:10C6100080E50E946A20882341F1A701960160917C
:10C62000410E7091420E8091430E9091440E0E94F3
:10C63000A0F96093410E7093420E8093430E909345
:10C64000440E0E94E4294091410E5091420E6091A7
:10C65000430E7091440E89E89CE00E94E12B05C0D6
:10C6600083E50E94541B81119FCF8091390687FD7D
:10C6700014C080913A06837081F40E94E4294091AD
:10C68000410E5091420E6091430E7091440E8AE724
:10C690009CE00E94E12B0C94835482E50E94061BCF
:10C6A0008111EBCF0C9483548091370683FD09C030
:10C6B00080913806817829F481E00E94A52B0C94A2
:10C6C000835480E50E94541B882351F00E948C20E3
:10C6D0006093DF0D7093E00D8093E10D9093E20D78
:10C6E00089E40E94541B882381F00E948C2021E75A
:10C6F00032EB47E25EE30E9448F36093E30D7093F0
:10C70000E40D8093E50D9093E60D84E40E94541BA4
:10C71000882381F00E948C2021E732EB47E25EE320
:10C720000E947CFA6093E70D7093E80D8093E90D09
:10C730009093EA0D81E08093CE0D0C94835481E0B8
:10C740000C94F45980E00C94F4590E94E429E09090
:10C750001F02F0902002809139070CE91CE0811142
:10C7600002C008E91CE083EB9CE00E94BB29C801E1
:10C770000E94BB2982EA9CE00E94BB29C7010E945B
:10C7800017358FE99CE00E94BB290E94E7290C9491
:10C7900083540E94BF2D0C9483540E945A870C949A
:10C7A000835460E082E50E946A200E94E5250E9491
:10C7B0003D960C94835480913706887809F04DC0DB
:10C7C0008091380683FD49C080913906867009F052
:10C7D00044C00E94E429809122020FED1FE18111E3
:10C7E00002C00BED1FE18FEF9CE00E94BB29C80146
:10C7F0000E94BB294091E6035091E7036091E80352
:10C800007091E90382EF9CE00E94D1298FEE9CE0B9
:10C810000E94BB2940918F0D5091900D6091910D18
:10C820007091920D8BED9CE00E94D12988ED9CE0E7
:10C830000E94BB29809147050FED1FE1811102C0C5
:10C840000BED1FE186EC9CE00E94BB29C8010E9411
:10C85000BB290E94E7290C94835488E40E94061B9C
:10C86000882321F00E945B2080934705C090370603
:10C87000D0903806E0903906F0903A0681E1F694BF
:10C88000E794D794C7948A95D1F7F1E0CF22DD24BD
:10C89000EE24FF2483E50E94061B082F882321F045
:10C8A0000E945B208093220284E40E94541B882310
:10C8B00051F00E948C206093E6037093E70380930D
:10C8C000E8039093E9038CE40E94541B182F8823FB
:10C8D00051F00E948C2060938F0D7093900D809387
:10C8E000910D9093920DCD28CE28CF2831F40111CF
:10C8F00004C0112311F40C9483540E941D350C9430
:10C9000083546FEF7FEF89E40E947F20082F6FEF41
:10C910007FEF8AE40E947F20182F8AE50E94541B33
:10C92000D12C811107C081E50E94541BD82E882389
:10C9300009F410C4C02E81E0800F863008F054C086
:10C94000912E81E0810F863008F04EC00E948C202D
:10C950002B013C01F02E07FDF12C07FF02C004E083
:10C96000C02E812E17FD812C17FF02C014E0912EDE
:10C97000B5E03B2ECF14A0F1E82C3F9C50011124D0
:10C980009E1460F10E2D10E020E030E0A901DD20C2
:10C9900069F0F501E00FF11FEE0FFF1FEE0FFF1F13
:10C9A000E75AF84F20813181428153810A0D1B1DC6
:10C9B000000F111F000F111F075A184FC301B201BA
:10C9C0000E94A0F9D8016D937D938D939C9313974A
:10C9D0006E2D8F2D0E9469A0E394D2CFF394CACF1D
:10C9E0000E94CB280C9483540E94E12980E39DE0AF
:10C9F0000E94BB290C94835487E00E9499AD811159
:10CA00000C9483547DEBC72E7CE1D72EEFE12E2EC4
:10CA1000EAE03E2E8E010F5F1F4FF12CE12CF60154
:10CA20006591759185919491F10181909190A1907A
:10CA3000B1901F01A50194010E949FF92B013C01B7
:10CA4000D8014D925D926D927C92139720E030E078
:10CA500040EA51EC0E94C7FB87FD0AC020E030E0AD
:10CA600040EA51E4C301B2010E94E3F218167CF4DB
:10CA7000F701E55BF04DE4911E164CF4B7FAB09463
:10CA8000B7F8B094F80180829182A282B382D80173
:10CA90008D909D90AD90BC9020E030E040EA51EC4C
:10CAA000C501B4010E94C7FB87FD43C020E030E010
:10CAB00040EA51E4C501B4010E94E3F21816CCF13A
:10CAC000BFEFEB1AFB0AE4E0CE0ED11C0C5F1F4F48
:10CAD000F3E0EF16F10409F0A2CF89819A81AB81CE
:10CAE000BC818093090990930A09A0930B09B09324
:10CAF0000C098D819E81AF81B88580930D0990933B
:10CB00000E09A0930F09B093100989859A85AB850A
:10CB1000BC858093110990931209A0931309B093D7
:10CB200014090E943D9689E49DE00E9406C80C9479
:10CB300083540E94E12989E69DE00E94BB2941E0DF
:10CB400061E089E59DE00E949A9D0C9483540E94C7
:10CB500077830C9483540E94BEA70C94835461E0A5
:10CB600083E50E946A2081270E9480820C9483546E
:10CB70000E943F9D0C9483540E9405500C94835452
:10CB80000E94EB34082F87FF02C00C94835485E584
:10CB90000E94541B882361F10E948C204B015C0190
:10CBA000E02E002E000CFF0820E030E0A9010E94DA
:10CBB000C7FB87FF04C0B7FAB094B7F8B09420E081
:10CBC00030E048E453E4C501B4010E94C7FB97017B
:10CBD00053E0220F331F5A95E1F7245B384F1816A4
:10CBE000D4F1D90114968D929D92AD92BC92179773
:10CBF0008CE40E94541B882311F40C9483540E94EB
:10CC00008C206B017C01002E000C110B20E030E029
:10CC1000A9010E94C7FB87FF04C0F7FAF094F7F858
:10CC2000F09420E030E048E453E4C701B6010E94EC
:10CC3000C7FB980143E0220F331F4A95E1F7245BBD
:10CC4000384F181694F0D901CD92DD92ED92FC92F6
:10CC500013970C94835480E090E0A8E4B3E4F901C6
:10CC600084839583A683B783C3CF80E090E0A8E454
:10CC7000B3E4F90180839183A283B3830C9483543A
:10CC80008091390687FD09C080913A06837029F4A6
:10CC900081E00E94EA290C9483543090390E409030
:10CCA0003A0E50903B0E60903C0E70903D0E80907E
:10CCB0003E0E20903F0EF091400EF8A7C090410E1E
:10CCC000D090420EE090430EF090440E88E50E9412
:10CCD000541B182F882309F48AC00E948C20962E9A
:10CCE000A72EB82E092F20E030E046E953EC0E9431
:10CCF000C7FB87FD0DC020E030E046E953E4692D15
:10CD00007A2D8B2D902F0E94E3F218160CF071C033
:10CD100064ED7EEF86EC9DE00E948C356CE271E064
:10CD200081EC9DE00E948C358EEB9DE00E94BB293A
:10CD300010E089E50E94541B882361F10E948C2039
:10CD4000962EA72EB82E092F20E030E046E953ECAE
:10CD50000E94C7FB87FD0DC020E030E046E953E4A8
:10CD6000692D7A2D8B2D902F0E94E3F218160CF06E
:10CD700044C064ED7EEF8CEA9DE00E948C356CE24D
:10CD800071E087EA9DE00E948C3584EA9DE00E9474
:10CD9000BB2910E08AE50E94541B882399F10E9468
:10CDA0008C206B017C0120E030E040EA51EC0E94D5
:10CDB000C7FB87FD0AC020E030E040EA51E4C7012C
:10CDC000B6010E94E3F21816ECF46CEE7FEF82E9F4
:10CDD0009DE00E948C3564E170E08DE89DE00E944A
:10CDE0008C358AE89DE00E94BB290C94835411E0A5
:10CDF000A0CF392C2501602E9CCF792C8A2C2B2C8E
:10CE000008A7C8CF112311F40C948354832D942DBB
:10CE1000A52DB62D8093390E90933A0EA0933B0E1C
:10CE2000B0933C0E872D982DA22DB8A580933D0E72
:10CE300090933E0EA0933F0EB093400EC092410ED1
:10CE4000D092420EE092430EF092440E0C94835422
:10CE500083E08093580910921E0A60E083E50E94E7
:10CE60006A2081110C948354E0915C0222E6E29FD7
:10CE7000F0011124E154FD4F80810E94F32A0C94AB
:10CE800083548091370690913806A0913906B0916D
:10CE90003A06892B8A2B8B2B29F481E00E94082DDE
:10CEA0000C94835483E50E94061B882311F40C9490
:10CEB00083540E945B2080934B070E9483380C941C
:10CEC00083540E941326882311F40C948354809178
:10CED000370690913806A0913906B0913A06AC0118
:10CEE000BD0132E176956795579547953A95D1F70B
:10CEF00040FF06C061E088EF0E941F9F0C9483549E
:10CF000022E0B695A795979587952A95D1F780FF4A
:10CF100012C00E94F52580911E078350823010F0C8
:10CF20000C94835460E083E00E948AC585E080937E
:10CF300059090C9483540E94D8E10C9483540E94A4
:10CF400096DE81110C9483540C943F5B111107C041
:10CF500011E000913A06017001130C9454558C2D88
:10CF60008170012F81130C94545511E001E0992434
:10CF7000939482E50E94541B882309F4C0C00E9448
:10CF80008C202B013C0120E030E0A9010E94E3F25B
:10CF9000FF24F3948111CAC00E94714B0E943D4B43
:10CFA000112319F080E00E94D399002319F081E049
:10CFB0000E94D399992011F40C946A5580913706F8
:10CFC00090913806A0913906B0913A0667E0B6957F
:10CFD000A795979587956A95D1F780FD8BC083E0DB
:10CFE0000E9499AD81110C9480550E94E295809128
:10CFF000270A9091280AA091290AB0912A0A8CA7A1
:10D000009DA7AEA7BFA780932D0790932E07A0934F
:10D010002F07B09330070091450E1091460ED801AE
:10D020002D913D914D915C9160E070E086E193E43B
:10D030000E949FF92B013C01409225075092260740
:10D040006092270770922807F80124813581468174
:10D05000578160E070E086E193E40E949FF968A741
:10D0600079A78AA79BA76093290770932A078093C3
:10D070002B0790932C0727E137EB41ED58EB0E94EB
:10D08000C7FB87FF02C00C94605523E030E046E9FF
:10D0900053E468A579A58AA59BA50E94E3F218161A
:10D0A00014F40C94605527E137EB41ED58EBC301C4
:10D0B000B2010E94C7FB87FF02C00C94605523E0B9
:10D0C00030E046E953E4C301B2010E94E3F21816CE
:10D0D00014F40C946055A12CB12C6501ECA4FDA4B2
:10D0E0000EA51FA528A539A54AA55BA5C301B201B8
:10D0F0000E94289482E00E94D3990C946A55F12EE4
:10D10000111103C0F92C0111F02E4091BE074111FD
:10D110000C945A5584E00E948F9281110C945955B9
:10D12000412C512C70E8672E70E4772E2091270A4D
:10D130003091280A4091290A50912A0AC301B2016C
:10D140000E94A0F940E0FF2009F42ACF20E00E94CD
:10D15000E99422CF0E94E12980E19DE00E94BB2951
:10D160000C948354882309F4F3CEFFCEDF92EF9220
:10D17000FF920F931F93CF93DF93EC01E09074091C
:10D18000F09075098AE0D82E6AE070E0CE010E9426
:10D19000A6FC8C01009711F0FC011082CE010E94C8
:10D1A0005C2481E00E9417540115110519F0E80173
:10D1B000D992EACFC701DF91CF911F910F91FF90D4
:10D1C000EF90DF900C945C24CF92DF92EF92FF926D
:10D1D0000F931F93CF93DF93CDB7DEB7C156D1091D
:10D1E0000FB6F894DEBF0FBECDBF8C01C09074099E
:10D1F000D09075096AE070E0C8010E94BDF17C0121
:10D20000801B910BE114F10419F4C8010E94E3F1B1
:10D210001982A2961FAEA297AC018036910514F038
:10D2200040E650E04F5F5F4FB801CE0101960E948B
:10D23000CFF1CE0101960E945C2481E00E94175438
:10D24000E114F10421F087010F5F1F4FD3CFC60116
:10D250000E945C24CF59DF4F0FB6F894DEBF0FBE9B
:10D26000CDBFDF91CF911F910F91FF90EF90DF9095
:10D27000CF9008954F925F926F927F928F929F927C
:10D28000AF92BF92CF92DF92EF92FF920F931F93D4
:10D29000CF93DF93CDB7DEB7EE970FB6F894DEBF2E
:10D2A0000FBECDBF88E0EFE1FAE0DE01909601907D
:10D2B0000D928A95E1F788E50E94541B882381F03E
:10D2C0000E948C2020915E0930915F094091600995
:10D2D000509161090E949FF968A379A38AA39BA337
:10D2E00089E50E94541B882381F00E948C202091A4
:10D2F00062093091630940916409509165090E9467
:10D300009FF96CA37DA38EA39FA3CE0180960E945C
:10D31000C1CB882309F4DBC080E00E9488260E94EC
:10D32000E19380E491E150DF61E085E40E946A20AE
:10D330002CA13DA14EA15FA12FAB38AF49AF5AAF91
:10D3400048A059A06AA07BA0E12C082FC301B2011C
:10D350000E94F3CC6B017C01AC019B010E944FFC4D
:10D36000811187C020915E0930915F094091600969
:10D3700050916109C301B2010E94A0F94B015C0107
:10D3800020916209309163094091640950916509C7
:10D390006FA978AD89AD9AAD0E94A0F96BAF7CAF53
:10D3A0008DAF9EAF4FE150E069E371E1CE01019690
:10D3B0000E94CFF18AAA9BAAACAABDAA82E08EAB3A
:10D3C000BE016E5C7F4FCE0101960E949A1F5C01E8
:10D3D000DC010D900020E9F7CD0101978A199B0926
:10D3E0008E31910550F44FE150E0481B590B65E335
:10D3F00071E18A0D9B1D0E94CFF12BAD3CAD4DAD6F
:10D400005EAD2DA73EA74FA758AB82E089ABBE010A
:10D41000635D7F4FC5010E949A1F5C01C8A6D9A613
:10D42000EAA6FBA683E08CA7D5010D900020E9F7C2
:10D43000CD0101978A199B098E31910550F44FE176
:10D4400050E0481B590B61E371E18A0D9B1D0E945E
:10D45000CFF1BE01685D7F4FC5010E949A1FCE01CA
:10D4600001960E94D22540E060E0CE0101960E9424
:10D47000679D0E94C893E090270AF090280A0091C7
:10D48000290A10912A0AA12CB12C65012FA938ADC7
:10D4900049AD5AADC301B2010E9428940E943D9645
:10D4A000EE960FB6F894DEBF0FBECDBFDF91CF91E1
:10D4B0001F910F91FF90EF90DF90CF90BF90AF90B2
:10D4C0009F908F907F906F905F904F90089580E233
:10D4D00091E10E94BB290E94E72980E291E10E942C
:10D4E00006C8DECF2F923F924F925F926F927F924B
:10D4F0008F929F92AF92BF92CF92DF92EF92FF9264
:10D500000F931F93CF93DF93CDB7DEB7CA59D109DD
:10D510000FB6F894DEBF0FBECDBF80918C09888B0B
:10D520008091370690913806A0913906B0913A065D
:10D53000AC01BD0116E176956795579547951A950B
:10D54000D1F740FF00C10E947326811107C00E94DD
:10D55000E1298BE597E00E94BB290FC18AE50E9473
:10D56000541B882339F10E948C2020916609309148
:10D57000670940916809509169090E949FF96B0100
:10D580007C0120E030E040E251ECC701B6010E948E
:10D59000C7FB87FD0AC020E030E040E251E4C7014C
:10D5A000B6010E94E3F2181674F40E94E1298EE499
:10D5B00097E0D1CFC090270AD090280AE090290A9E
:10D5C000F0902A0ADECF40E050E060EC7FE788E58B
:10D5D0000E94BA2020915E0930915F094091600954
:10D5E000509161090E949FF92B013C0140E050E0FD
:10D5F00060EC7FE789E50E94BA20209162093091B2
:10D60000630940916409509165090E949FF94B019B
:10D610005C016FEF89E40E945120182F6FEF8AE4BC
:10D620000E945120082FA3019201C301B2010E9460
:10D630004FFC811156C0A5019401C501B4010E949F
:10D640004FFC81114EC020913A0730913B07409129
:10D650003C0750913D07C301B2010E949FF9209100
:10D6600042073091430740914407509145070E947B
:10D670007CFA20E030E040E05FE30E94A0F90E94E5
:10D68000E4FA162F20913E0730913F074091400762
:10D6900050914107C501B4010E949FF920914607AE
:10D6A0003091470740914807509149070E947CFA02
:10D6B00020E030E040E05FE30E94A0F90E94E4FA3D
:10D6C000062F812F012E000C990B97FD34C0059772
:10D6D000A4F5802F002E000C990B97FD30C0059704
:10D6E00084F5153008F049C0053008F046C080E0E8
:10D6F0000E94882625E01202F0011124E00FF11D9E
:10D7000007FDFA95EE0FFF1FEE0FFF1FE75AF84FC8
:10D71000C082D182E282F3820E94CB28602F812FC7
:10D720000E9469A08889882341F181E00E948826AF
:10D730000E943D9622C010E0CCCF14E0CACF00E09A
:10D74000D0CF04E0CECF79E0B695A7959795879591
:10D750007A95D1F780FD0CC070E060E086E50E940C
:10D760007F209A838983059710F189E297E0F3CEB1
:10D7700080E00E9488260E944C29C656DF4F0FB6D3
:10D78000F894DEBF0FBECDBFDF91CF911F910F91F7
:10D79000FF90EF90DF90CF90BF90AF909F908F90D1
:10D7A0007F906F905F904F903F902F90089560E032
:10D7B00084E40E946A208F8740E050E0BA018AE545
:10D7C0000E94BA206BA77CA78DA79EA740E050E0DF
:10D7D0006AEF75E483E50E94BA206B017C0120E0CA
:10D7E00030E040E752E40E94E3F287FF12C040E0DD
:10D7F00050E060E772E48AE097E00E94D1298DEF63
:10D8000096E00E94BB29C12CD12C60E7E62E62E491
:10D81000F62E20E030E040E752E4C701B6010E9456
:10D820007CFA60935102709352028093530290935A
:10D8300054020091450E1091460EF801C080D1802F
:10D84000E280F38020E030E0A901C701B6010E9428
:10D85000A0F9C956DF4F6883C759D040C856DF4F7B
:10D860007883C859D040C756DF4F8883C959D04004
:10D87000C656DF4F9883CA59D04020E030E04CE0D4
:10D8800052E40E94E3F287FF16C0C956DF4F1882A8
:10D89000C759D040C856DF4F1882C859D040FCE065
:10D8A000C756DF4FF883C959D04022E4C656DF4F30
:10D8B0002883CA59D04020E030E046E953E4C7014C
:10D8C000B6010E94A0F9CD56DF4F6883C359D040FE
:10D8D000672ECC56DF4F8883C459D040CB56DF4FDC
:10D8E0009883C559D04020E030E041E953E40E94DC
:10D8F000C7FB181694F4CD56DF4F1882C359D04099
:10D90000612C81E9CC56DF4F8883C459D04093E421
:10D91000CB56DF4F9883C559D040F801848095805D
:10D92000A680B78020E030E0A901C501B4010E94C3
:10D93000A0F97B018C0120E030E040E251E40E943C
:10D94000E3F287FF04C0E12CF12C00E211E420E0B7
:10D9500030E046E953E4C501B4010E94A0F9B62EB7
:10D96000C72ED82ECA56DF4F9883C659D04020E024
:10D9700030E04CE853E40E94C7FB181654F4B12C75
:10D98000C12C5CE8D52EF3E4CA56DF4FF883C659A4
:10D99000D04088E40E94061B882309F457C20E94E5
:10D9A0008C200E94E4FA1B0177FF02C06F5F7F4F5B
:10D9B000759567957195619571096A567F4F072E28
:10D9C000000C880B990B0E94E9F2762E872E982E78
:10D9D000A92E9701A8010E94C7FB181624F4E72C72
:10D9E000F82C092D1A2DC956DF4F2881C759D04070
:10D9F000C856DF4F3881C859D040C756DF4F4881DD
:10DA0000C959D040C656DF4F5881CA59D040672DFA
:10DA1000782D892D9A2D0E94C7FB1816A4F0C9569F
:10DA2000DF4F7880C759D040C856DF4F8880C8592B
:10DA3000D040C756DF4F9880C959D040C656DF4FF7
:10DA4000A880CA59D040872D982DA92DBA2D8B8B2F
:10DA50009C8BAD8BBE8BC701D8018F8B988FA98F04
:10DA6000BA8FB101330C880B990B0E94E9F21B01AC
:10DA70002C01AC019B01B701C8010E94A0F97B01F8
:10DA80008C012B2D3C2D4D2DCA56DF4F5881C65988
:10DA9000D0400E94E3F287FF08C0BE2CCF2CD02ECE
:10DAA000CA56DF4F1883C659D040A2019101672D95
:10DAB000782D892D9A2D0E94A0F97B018C01CD56DD
:10DAC000DF4F2881C359D040362DCC56DF4F4881D7
:10DAD000C459D040CB56DF4F5881C559D0400E9421
:10DAE000E3F287FF10C0CD56DF4FE882C359D04024
:10DAF0006F2CCC56DF4F0883C459D040CB56DF4F34
:10DB00001883C559D040CD56DF4F8881C359D040C6
:10DB1000962DCC56DF4FA881C459D040CB56DF4F4D
:10DB2000B881C559D0408B8F9C8FAD8FBE8F8B2D08
:10DB30009C2DAD2DCA56DF4FB881C659D0408F8F6E
:10DB400098A3A9A3BAA3CE0143960E94C1CB882370
:10DB500009F4CBC1CE014B960E94C1CBD82E8823AD
:10DB600009F4C3C12F89388D498D5A8D6F8D78A1E5
:10DB700089A19AA10E949FF920E030E040E85EE38D
:10DB80000E9448F34B015C012B893C894D895E89D9
:10DB90006B8D7C8D8D8D9E8D0E949FF920E030E0F5
:10DBA00040E85EE30E9448F36BA37CA38DA39EA391
:10DBB0008FA298A6A9A6BAA689819A8118161906D5
:10DBC0006CF48BEC96E00E94BB298F85882321F0B2
:10DBD00081EC96E00E94BB290E94E7290E945A87A7
:10DBE0000E94E19380E00E94882620E041E060E00E
:10DBF00070E080E890E40E94E9948F85811146C02E
:10DC000020914207309143074091440750914507C6
:10DC10006BA17CA18DA19EA10E94E3F2811130C075
:10DC20002091460730914707409148075091490796
:10DC30006FA178A589A59AA50E94E3F2811120C061
:10DC400020913A0730913B0740913C0750913D07A6
:10DC50006B897C898D899E890E94E3F2811110C0B5
:10DC600020913E0730913F07409140075091410776
:10DC70006F89788D898D9A8D0E94E3F2882331F027
:10DC800080E00E9488260E944C29188A60E085E482
:10DC90000E946A20882309F42BC121E0CD56DF4F72
:10DCA0002883C359D0401B861C861D861E861A8A6F
:10DCB00021E9A22E26E0B22E3FE9832E36E0932EF4
:10DCC0000A8905300CF022C16B857C858D859E8587
:10DCD0009B01AC010E944FFC811118C1CC24C3945C
:10DCE00095E0392ED11005C0CC24CA9433243A943F
:10DCF00084E091E0D926102F110F110F100F1F5F34
:10DD0000898B09896A89031509F4FCC0062E000C69
:10DD1000770B880B990B0E94E9F22FA138A549A532
:10DD20005AA50E9448F32F89388D498D5A8D0E943B
:10DD3000A0F92B013C01602F000F770B880B990B8A
:10DD40000E94E9F22BA13CA14DA15EA10E9448F3E3
:10DD50002B893C894D895E890E94A0F96B837C8365
:10DD60008D839E834F82588669867A8689819A81BF
:10DD7000892B91F08DEA96E00E94BB29812F0E94A9
:10DD80006D268BEA96E00E94BB2989E10E946D26F0
:10DD900088EA96E00E94BB291F92E9E1EF931F9267
:10DDA0001F93BF92AF929F928F921F920E94DDC8E5
:10DDB0002F81388549855A856B817C818D819E8133
:10DDC000E980CD56DF4F0881C359D0400E94F3CC83
:10DDD0002B013C014B865C866D867E860FB6F894DF
:10DDE000DEBF0FBECDBFAC019B010E944FFC811175
:10DDF00086C009892A8825E0020370011124E20CFB
:10DE0000F11C27FCFA94EE0CFF1CEE0CFF1C81E0C9
:10DE100090E08C0F9D1FE80EF91EA30192016BA5E7
:10DE20007CA58DA59EA50E94A0F9F70166A777A7FE
:10DE300080AB91AB622D802F0E9469A0188A81E08F
:10DE40000E94A1381F5F89898C0D5ACFA701B801A4
:10DE500086E40E94BA201B012C01C956DF4F48817D
:10DE6000C759D040C856DF4F5881C859D040C7560F
:10DE7000DF4F6881C959D040C656DF4F7881CA59F3
:10DE8000D0408CE40E94BA206B8B7C8B8D8B9E8B58
:10DE90002F8A388E498E5A8E4B2D5C2D6D2DCA5689
:10DEA000DF4F7881C659D04082E40E94BA206B01CE
:10DEB0007C01CD56DF4F4881C359D040562DCC56FA
:10DEC000DF4F6881C459D040CB56DF4F7881C559A8
:10DED000D04082E50E94BA206B8F7C8F8D8F9E8F01
:10DEE000CF8ED8A2E9A2FAA22ECE81EE96E033CB55
:10DEF00083E0CD56DF4F8883C359D040D4CE888984
:10DF00000E9488268A898F5F8A8BDACE0E9425CB71
:10DF100080E00E94E525882359F088890E948826A0
:10DF200080E090E0A0ECBFE78B879C87AD87BE8741
:10DF30006B857C858D859E859B01AC010E944FFC85
:10DF4000811110C08F858823A9F0CE018F960E9481
:10DF50008C328F85882319F08889882319F081E015
:10DF60000E9488260E94C8930E945A8781E796E003
:10DF70002BD9DECBBE016D5E7F4FCE0183960E9412
:10DF8000DF2884E6FE01BF96A9E5B7E001900D9277
:10DF90008A95E1F70E94CB2890E080E0D8CF1F93CC
:10DFA000CF93DF9380915C0292E6899FE001112478
:10DFB000FE01E154FD4F208190E0283028F491E0EB
:10DFC00001C0990F2A95EAF710919D1590939D1520
:10DFD00080939509C25ADD4F8091D30980FF05C017
:10DFE0000E94E429CE010E94D225CE010E945C2429
:10DFF00080E00E94175410939D15DF91CF911F91DF
:10E000000895DC01680F791F90E080E02D91E92FE1
:10E01000FF27E227EE0FFF1FED5DF64D25913491AE
:10E02000982F8827822793276A177B0779F7089507
:10E030000F931F93CF93DF93CDB7DEB760970FB6E3
:10E04000F894DEBF0FBECDBF8C01DC01ED91FC91D9
:10E050000280F381E02DBE016F5F7F4F1995882309
:10E0600009F464C08981807CC9F56F81637070E0B8
:10E07000762F6627770F770F8885B4E08B9FC001D6
:10E080001124682B792B89858295869586958370D6
:10E09000682B6F5F7F4F90E080E02A852370220F0E
:10E0A0003B8537FB332730F9232B3E813F70230F0D
:10E0B0003327331F2750310904C0660F771F881F8D
:10E0C000991F2A95D2F760960FB6F894DEBF0FBE5F
:10E0D000CDBFDF91CF911F910F910895803419F535
:10E0E00068856695669570E090E080E0CB017727C3
:10E0F00066272A85622B098510E0102F0027012E44
:10E10000000C220B330B602B712B822B932B6F5F38
:10E110007F4F8F4F9F4F4AE0660F771F881F991FD1
:10E120004A95D1F7D0CF8BE0F801848360E070E0AE
:10E13000CB01C9CF0895FC0182810895CF93DF936D
:10E14000C091CB0DD091CC0D81E0CE31D105E4F062
:10E1500020E030E040E05FE36091C70D7091C80DB2
:10E160008091C90D9091CA0D0E94A0F90E94E4FA15
:10E170006C1B7D0B77FF03C071956195710981E080
:10E18000653071050CF080E0DF91CF910895FC01BE
:10E1900090E1A5E7B8E001900D929A95E1F7089516
:10E1A0000F931F9320912302203148F0F4E09695BD
:10E1B000879577956795FA95D1F722952F7024303A
:10E1C00048F0E2E09695879577956795EA95D1F7BF
:10E1D00026952695223020F0969587957795679518
:10E1E000611528E0720781059105C8F081114BC0C7
:10E1F00023E0729FA00111244C595B4DFA01259137
:10E200003491FA013296E4916E9F412D1124000C55
:10E21000411DC901841B91091F910F91089561321D
:10E2200071058105910550F16052710981099109CB
:10E230008B019C0183E036952795179507958A9564
:10E24000D1F7000F111F000F111F0C591F4DF801BE
:10E2500025913491F8013296459154916770649FED
:10E26000C001659F900D112443E0969587954A95CE
:10E27000E1F7A901481B590BCA01CECFE4E6F0E251
:10E2800085919491C9CF8EE190E0C6CF90916F00B7
:10E2900081E091FD02C080E0089590916F009D7F24
:10E2A00090936F000895FC017081472F50E0062E77
:10E2B00002C0559547950A94E2F740FF14C040917B
:10E2C000240750E0062E02C0559547950A94E2F7C0
:10E2D00040FF09C021E030E001C0220F6A95EAF753
:10E2E0002095272320830895DC01ED91FC9111975F
:10E2F000208130E012968C91F90102C0F595E795E6
:10E300008A95E2F7CF018170089580915B028111B7
:10E310000DC08091160990911709892B39F481E07D
:10E3200090911809911103C080E0089581E008954B
:10E330009B01692F782F832F922F0895CF93DF931E
:10E34000FC019281992369F0C481D581209749F01D
:10E35000923051F0943071F0913019F4FB018081CA
:10E360008883DF91CF910895FB0180819181982767
:10E370008927F6CFFB016081718182819381D8DF8B
:10E380006883EFCF9B01692F782F832F922F0895F9
:10E39000089508951092190781E0089510921C07BE
:10E3A00088EC90E090930D0280930C0281E0089538
:10E3B0008FEF809310028AE090E090930B0280939D
:10E3C0000A0281E00895E1EFF6E0118210821382E3
:10E3D000128281E00895FC014281442339F0848156
:10E3E0009581009719F050E00C9483FC0895CF9329
:10E3F000DF93C091CB0DD091CC0D209729F1609186
:10E40000C70D7091C80D8091C90D9091CA0D0E94E1
:10E41000E4FA6E5F7F4F26976C177D07ACF470931C
:10E42000E7076093E6070E94A7D160547B428E4FB6
:10E430009F4F6093E8077093E9078093EA079093F2
:10E44000EB07DF91CF9108951092E8071092E9074A
:10E450001092EA071092EB07F4CFCF93DF93EC0111
:10E460008D810E94E44E60E08B81DF91CF910C940E
:10E4700081D0AF92BF92DF92EF92FF920F931F93E2
:10E48000CF93DF9300D000D0CDB7DEB77C01D62E7E
:10E49000122F032FB42EA52EE0DF0E9437D21E824A
:10E4A0001D828D2D80648983AA82BB820C831D838B
:10E4B0008E010F5F1F4FCE010696D801E0E02D912F
:10E4C000F0E0EE0FFF1FE227ED5DF74DE491A81796
:10E4D000B907A9F7EE0FE160EE83580186E0A80EB8
:10E4E000B11CF80181918F010E94D84E0A151B05BD
:10E4F000C1F7FCE0DF1202C00E94DD4E10E00E9476
:10E50000DD4EF701868387FF04C01F3F11F01F5FB8
:10E51000F6CF26960FB6F894DEBF0FBECDBFDF91C3
:10E52000CF911F910F91FF90EF90DF90BF90AF9030
:10E53000089561E0FC0183810E9481D08FEF0C94EB
:10E54000D84E0F931F93CF938C0187DF0E9437D251
:10E55000C82F81110AC082E1F8018483C801E9DF74
:10E560008C2FCF911F910F9108958DEF0E94D84E5F
:10E570000E9437D2C82FF2CF8F929F92AF92BF9254
:10E58000CF92DF92EF92FF920F931F93CF93DF937F
:10E59000EC016A017B01590120E030E0A90167E349
:10E5A00068DFA501980167E1CE0163DF811125C015
:10E5B0008F81833039F089E0CC0CDD1CEE1CFF1C10
:10E5C0008A95D1F7A701960169E1CE0152DF11E0EA
:10E5D000882319F010E087E08C83CE01AADF812F19
:10E5E000DF91CF911F910F91FF90EF90DF90CF902F
:10E5F000BF90AF909F908F90089589E08C8310E03A
:10E60000ECCFEF92FF920F931F93CF93DF93EC0128
:10E61000E62E8A0160E072E0CA01F3DCF82E892F51
:10E62000EEBCF80198013E5F0DB407FEFDCF90816E
:10E630009EBD0DB407FEFDCF91819EBD3296E217BF
:10E64000F30791F70DB407FEFDCF0E94D84E8F2D32
:10E650000E94D84E0E94DD4E8E838F71853061F00E
:10E6600083E18C83CE0165DF80E0DF91CF911F9144
:10E670000F91FF90EF90089581E0F7CFEF92FF9216
:10E680001F93CF93DF93EC017B01E7DE0E9437D22B
:10E69000182F81110BC085E18C83CE014ADF812FB9
:10E6A000DF91CF911F91FF90EF900895A7016CEF3C
:10E6B000CE01A7DF182FF1CF0F931F93CF93DF93D6
:10E6C000EC0189018F81833039F089E0440F551FB7
:10E6D000661F771F8A95D1F79A01AB0168E1CE01D9
:10E6E000C8DE882321F086E08C8310E007C0A801F3
:10E6F0006EEFCE0186DF811109C011E0CE0119DF76
:10E70000812FDF91CF911F910F9108950E9437D2F1
:10E71000182F811103C087E18C83F0CF20E030E017
:10E72000A9016DE0CE01A5DE811104C00E94DD4E7D
:10E73000882319F386E1D8CF1F93CF93DF93EC01A1
:10E740008CDE20E030E0A9016CE0CE0192DE11E029
:10E75000882319F010E083E08C83CE01EADE812F5C
:10E76000DF91CF911F9108951F93CF93DF93EC0119
:10E770008F81833039F089E0440F551F661F771F62
:10E780008A95D1F79A01AB0162E1CE0172DE11E008
:10E79000882319F010E085E08C83CE01CADE812F3A
:10E7A000DF91CF911F9108958F929F92AF92BF9268
:10E7B000CF92DF92FF920F931F93CF93DF93EC01E1
:10E7C0008B016A010E94A7D14B015C012CE2820EF1
:10E7D00021E0921EA11CB11C0E94DD4E8E838F3F52
:10E7E00099F40E94A7D1A5019401261B370B480B71
:10E7F000590BDA01C901181619061A061B0664F32B
:10E8000081E18C8310E028C08E3F09F03EC0C60134
:10E8100001972FEF2EBDF8014FEF0DB407FEFDCF8E
:10E820002EB521934EBD9F01201B310B28173907B0
:10E83000A0F30DB407FEFDCF2EB5800F911FFC0194
:10E8400020830E94DD4EF82E0E94DD4EB82E80916E
:10E850002702811110C011E0CE016BDE812FDF9104
:10E86000CF911F910F91FF90DF90CF90BF90AF900D
:10E870009F908F900895B601C801C3DB3F2D2B2DCB
:10E880008217930741F38BE1BCCF8FE0BACF0F9390
:10E890001F93CF93DF93EC018B01DFDD40E052E06B
:10E8A000B801CE01DF91CF911F910F917DCFAF9233
:10E8B000BF92CF92DF92EF92FF920F931F93CF936D
:10E8C000DF93EC016A017B0159018F81833039F0BC
:10E8D00089E0CC0CDD1CEE1CFF1C8A95D1F713E0FF
:10E8E00004E0A701960161E1CE01C3DD882369F050
:10E8F0000C83CE011EDE1150D1F020E030E0A901E2
:10E900006CE0CE01B6DD1C82ECCF40E052E0B501F8
:10E91000CE014ADF882369F3DF91CF911F910F91D8
:10E92000FF90EF90DF90CF90BF90AF90089580E080
:10E93000F3CF8F929F92AF92BF92CF92DF92EF92DE
:10E94000FF920F931F93CF93DF93EC01062F1F824B
:10E950001C824B830E94A7D16B017C0120EDC20E6B
:10E9600027E0D21EE11CF11CA89561E08B810E947A
:10E9700081D08B810E945CCA209A289A219A239880
:10E98000229A81E00E94E44E85E08D830E94E44E4D
:10E990001AE08FEF0E94D84E1150D9F7A89520E0C9
:10E9A00030E0A90160E0CE0164DD8E838130B1F0FA
:10E9B0000E94A7D1A7019601261B370B480B590BC4
:10E9C000DA01C901181619061A061B0644F381E07C
:10E9D0008C83CE01AEDD1A8280E081C021E030E080
:10E9E00040E050E06BE3CE0144DD91E0813009F07E
:10E9F00090E090932702A8952AEA31E040E050E0A9
:10EA000068E0CE0136DD853069F581E08F83A89519
:10EA10008F81812C912C5401823029F4812C912CEE
:10EA2000A12C80E4B82E20E030E0A90167E3CE01FC
:10EA300020DDA501940169E2CE011BDD8E838823D0
:10EA400069F10E94A7D1A7019601261B370B480B3D
:10EA5000590BDA01C901181619061A061B061CF310
:10EA60008AE0B6CF14E00E94DD4E8E831150D9F7B4
:10EA70008A3A11F482E0CACF0E94A7D1A701960179
:10EA8000261B370B480B590BDA01C901181619065A
:10EA90001A061B060CF4B0CF82E09ACF8F81823029
:10EAA000B9F420E030E0A9016AE3CE01E2DC88237A
:10EAB00011F088E08DCF0E94DD4E807C803C11F407
:10EAC00083E08F830E94DD4E0E94DD4E0E94DD4E6A
:10EAD000CE012FDD81E08A83073070F40D83DF9152
:10EAE000CF911F910F91FF90EF90DF90CF90BF904B
:10EAF000AF909F908F90089588E18C836DCF0F9396
:10EB00001F93CF93DF93EC018B0120E030E0A9014C
:10EB100069E0AFDC811109C040E150E0B801CE01ED
:10EB2000DF91CF911F910F913FCE80E18C83CE0179
:10EB300000DD80E0DF91CF911F910F910895CF9379
:10EB4000C82FA4DB94E0C99F90011124F901E75973
:10EB5000F74F2B58374FD9014D915D916D917C91B5
:10EB6000408351836283738391E090936808882384
:10EB700019F0CF910C949E29CF910895CF93DF93F4
:10EB800000D0CDB7DEB78091020878998DC0816042
:10EB90008093020880910208029988C08260809365
:10EBA0000208909100018091020893FF81C0846067
:10EBB000809302088091020890910108981709F447
:10EBC00079C092E090930008809301088091070932
:10EBD000811105C080915D09882309F478C08CEE0D
:10EBE0009DE09A8389831B82CE0101967DDB882379
:10EBF000A1F08BEE9DE09A838983CE01019674DBB0
:10EC000081110BC08091FF0780FF07C080915B09D5
:10EC1000816080935B0980E092DF8CEE9DE09A83B7
:10EC2000898381E08B83CE0101965EDB8823A1F08E
:10EC30008BEE9DE09A838983CE01019655DB81118D
:10EC40000BC08091FF0781FF07C080915B09826044
:10EC500080935B0981E073DF8CEE9DE09A8389836A
:10EC600082E08B83CE0101963FDB882381F18BEE1E
:10EC70009DE09A838983CE01019636DB811127C0FE
:10EC800080915D09882319F18091FF0782FF1FC0E1
:10EC900080915B09846080935B0982E00F900F9004
:10ECA0000F90DF91CF914BCF8E7F72CF8D7F77CF3B
:10ECB0008B7F7ECF80910008882309F487CF815015
:10ECC00080930008811182CF9093FF077FCF0F9030
:10ECD0000F900F90DF91CF9108954091BD0721E0F3
:10ECE000422761E070E00C9426CA4091BD0721E004
:10ECF00042276CE070E00C9426CA4091BD0721E0E9
:10ED0000422762E070E00C9426CA4091BD0721E0E2
:10ED1000422761E070E00C9426CA4091BD0721E0D3
:10ED2000422768E070E00C9426CA4091BD0721E0BC
:10ED300042276CE070E00C9426CA4091BD0721E0A8
:10ED4000422764E070E00C9426CA41E061E070E084
:10ED50000C9426CA41E062E070E00C9426CA40910F
:10ED6000BD0721E042270C9426CA64E070E00C94B1
:10ED700040D162E070E00C9440D161E070E00C940E
:10ED800040D161E070E00C9440D16CE070E00C94F4
:10ED900040D1CF93C82FCB010E94BB296EE27CE10A
:10EDA000CC2311F063E37CE18DE39CE1CF910C94E3
:10EDB000FF2CE8EFF6E081E2DF011D928A95E9F78A
:10EDC0008091F706803320F08091F606813230F48E
:10EDD0008BED9BE10E94B3D180E0089581E008951E
:10EDE0000E947326882329F081E0809315080E94F1
:10EDF000882681E008958091AA0D83FD28C00E9495
:10EE00000037882331F18091A20D9091A30DA0913C
:10EE1000A40DB091A50D0097A105B105D1F0BC01DD
:10EE2000CD016D597F4F8F4F9F4F24E630E040E07A
:10EE300050E00E940DF96091A60D7091A70D809190
:10EE4000A80D9091A90D0E940DF9822F089584E6D6
:10EE5000089580E008950F931F93CF93DF9300D020
:10EE60001F92CDB7DEB720911C07211120C08C0165
:10EE700020E030E048EC52E46091DF0D7091E00D4D
:10EE80008091E10D9091E20D0E9448F30E94D3FB26
:10EE900079DAF8012081318169837A838B839C83BD
:10EEA00044E0BE016F5F7F4FC9010E94094D0F9082
:10EEB0000F900F900F90DF91CF911F910F910895B8
:10EEC000CF93DF931F921F92CDB7DEB77A8369830A
:10EED00042E0BE016F5F7F4F0E94094D0F900F907F
:10EEE000DF91CF9108950F931F93CF93DF9300D0BD
:10EEF0001F921F92CDB7DEB7DC0112969C9112973C
:10EF0000992309F11496ED91FC9115973097D9F05A
:10EF10008D01923079F0943001F19130A1F420818B
:10EF20008D919C912D8341E0BE016B5F7F4F0E94CC
:10EF3000094D09C0608170E0762767277627FD01BB
:10EF400080819181BDDF0F900F900F900F900F90F7
:10EF5000DF91CF911F910F910895608170E090E053
:10EF600080E0E6D9F8012081318169837A838B833F
:10EF70009C8344E0BE016F5F7F4FC901D8CF0F93E0
:10EF80001F93CF93DF9300D01F921F92CDB7DEB7B0
:10EF9000DC0112969C911297992301F11496ED9140
:10EFA000FC9115973097D1F08D01923079F0943023
:10EFB000F9F0913099F48D919C9120812D8341E05D
:10EFC000BE016B5F7F4F0E94094D08C06081718157
:10EFD0007627672776278D919C9172DF0F900F908F
:10EFE0000F900F900F90DF91CF911F910F91089587
:10EFF0006081718190E080E09BD9F80120813181AE
:10F0000069837A838B839C8344E0BE016F5F7F4F6B
:10F01000C901D9CF0F931F93CF93DF9300D01F92D5
:10F020001F92CDB7DEB7DC0112969C9112979923FF
:10F03000B9F11496ED91FC911597309789F18D01F6
:10F040009230D9F09430B1F1913051F520E030E0B8
:10F0500048EC52E460817181828193810E9448F37F
:10F060000E94D3FBF801808191816D8341E0BE0154
:10F070006B5F7F4F0E94094D13C020E030E048ECE9
:10F0800052E460817181828193810E9448F30E94E1
:10F09000D3FB762767277627F8018081918110DFDF
:10F0A0000F900F900F900F900F90DF91CF911F91C5
:10F0B0000F91089520E030E048EC52E460817181C6
:10F0C000828193810E9448F30E94D3FB31D9F801D9
:10F0D0002081318169837A838B839C8344E0BE01E4
:10F0E0006F5F7F4FC901C6CF0F931F93CF93DF93FD
:10F0F00000D01F921F92CDB7DEB7DC0112969C9113
:10F1000012979923B9F11496ED91FC9115973097C8
:10F1100089F18D019230D9F09430B1F1913051F5EF
:10F1200020E030E040E251E460817181828193818E
:10F130000E9448F30E94D3FBF801808191816D8386
:10F1400041E0BE016B5F7F4F0E94094D13C020E07C
:10F1500030E040E251E460817181828193810E94BC
:10F1600048F30E94D3FB762767277627F801808132
:10F170009181A6DE0F900F900F900F900F90DF916E
:10F18000CF911F910F91089520E030E040E251E4CB
:10F1900060817181828193810E9448F30E94D3FB38
:10F1A000C7D8F8012081318169837A838B839C835E
:10F1B00044E0BE016F5F7F4FC901C6CF0F931F931D
:10F1C000CF93DF9300D01F921F92CDB7DEB7DC0143
:10F1D00012969C911297992301F11496ED91FC914E
:10F1E00015973097D1F08D01923079F09430F9F085
:10F1F000913099F48D919C9120812D8341E0BE0145
:10F200006B5F7F4F0E94094D08C060817181762736
:10F21000672776278D919C9153DE0F900F900F906A
:10F220000F900F90DF91CF911F910F910895608102
:10F230007181072E000C880B990B7AD8F801208178
:10F24000318169837A838B839C8344E0BE016F5F45
:10F250007F4FC901D7CF6091210270E076276727E1
:10F260007627FC01808191812BCECF93DF93EC0137
:10F270000E942B23682F70E07827672776278881E4
:10F280009981DF91CF911CCEFC0180819181811504
:10F29000904491F480919E1424E6829FC001112431
:10F2A00081589F4F6FEF70E00E9484F9762767279F
:10F2B000762780E090E404CE089560914A0770E0DC
:10F2C000762767277627FC0180819181F9CDCF923F
:10F2D000DF92EF92FF92CF93DF93EC01C0908F0DFE
:10F2E000D090900DE090910DF090920D20E030E0E4
:10F2F000A901C701B6010E94C7FB181644F4C70153
:10F30000B6010E94E9FA70931202609311026091B3
:10F3100011027091120276276727762788819981DA
:10F32000DF91CF91FF90EF90DF90CF90C9CD0F93F9
:10F330001F93CF93DF938C01C0912202D0E020E095
:10F3400030E0A90160918F0D7091900D8091910D29
:10F350009091920D0E94C7FB18160CF4C260809128
:10F36000000185FDC4607C2F6D2FF80180819181A3
:10F37000DF91CF911F910F91A3CDFC0190911C07BC
:10F38000992339F0913069F09F3F71F461E070E0AA
:10F3900002C062E070E0762767277627808191813E
:10F3A0008FCD64E070E0F7CF0895FC0190911002DA
:10F3B0009F3F34F019162CF462E070E0913019F0A0
:10F3C000089561E070E07627672776278081918134
:10F3D00077CDDC011496ED91FC91309789F0E081B6
:10F3E00070E060E0E43028F4F0E0EC58FB4F60811E
:10F3F00070E0762767277627FC018081918160CDB8
:10F400000895FC0190911B08977070E060E011F086
:10F4100060E071E08081918153CDFC018081918118
:10F420008E3FF0E39F0739F062E271E0813021E323
:10F43000920719F0089563E770E07627672776272B
:10F440003FCDFC0180819181893F904351F46091CF
:10F45000190270911A0276276727762789EF90E3C1
:10F460002FCD0895FC0180819181873FF0E39F07B4
:10F4700021F08115904531F00895BDDC682F70E0D2
:10F48000853610F064E670E076276727762787EFE9
:10F4900090E316CD0F931F93CF93DF9300D01F926D
:10F4A000CDB7DEB720911C07211127C08C0121E7C1
:10F4B00032EB47E25EE36091E70D7091E80D8091D9
:10F4C000E90D9091EA0D0E9448F320E030E048EC0D
:10F4D00052E40E9448F30E94D3FB0E94C271F801DB
:10F4E0002081318169837A838B839C8344E0BE01D0
:10F4F0006F5F7F4FC9010E94094D0F900F900F90D1
:10F500000F90DF91CF911F910F9108950F931F934B
:10F51000CF93DF9300D01F92CDB7DEB720911C07A9
:10F52000211127C08C0121E732EB47E25EE36091B5
:10F53000E30D7091E40D8091E50D9091E60D0E9430
:10F540007CFA20E030E048EC52E40E9448F30E944C
:10F55000D3FB0E94C271F8012081318169837A83D3
:10F560008B839C8344E0BE016F5F7F4FC9010E9483
:10F57000094D0F900F900F900F90DF91CF911F9139
:10F580000F9108957F928F929F92AF92BF92CF92E8
:10F59000DF92EF92FF920F931F93CF93DF93CDB73C
:10F5A000DEB7E2970FB6F894DEBF0FBECDBF6C0199
:10F5B000CE0101967C0110E000E04C0195E0A92EFF
:10F5C000B12C25E0722EC801B5010E9484F9789E05
:10F5D000F001799EF00D1124E60FF71FEE0FFF1FCB
:10F5E000EE0FFF1FE75AF84F20E030E04AE754E4FF
:10F5F00060817181828193810E9448F30E94D3FBD4
:10F60000762767277627F701619371937F010F5F54
:10F610001F4F09311105B9F642E3B401F6018081AB
:10F6200091810E94094DE2960FB6F894DEBF0FBE9D
:10F63000CDBFDF91CF911F910F91FF90EF90DF90A1
:10F64000CF90BF90AF909F908F907F9008950F9331
:10F65000FC014281442359F0648175816115710573
:10F6600031F000E020E0808191810E94ABC50F91D4
:10F6700008950F9301E020E0FC01428164E07CE109
:10F68000808191810E94ABC50F9108950F9301E095
:10F6900020E0FC01428162E07CE1808191810E9456
:10F6A000ABC50F9108950F9301E020E0FC0142816A
:10F6B00060E07CE1808191810E94ABC50F9108954B
:10F6C0000F93FC014281442359F0648175816115D7
:10F6D000710531F000E020E0808191810E94FAC53F
:10F6E0000F910895AF92BF92CF92DF92EF92FF9267
:10F6F0000F93CF93DF93CDB7DEB76C01ADB6BEB637
:10F70000FC0192812DB73EB7291B31090FB6F89441
:10F710003EBF0FBE2DBFEDB7FEB731967F0181E032
:10F720008F9320E92F938F932CE22F938F932F9316
:10F7300027EF3BE13F932F931F929F93FF92EF930D
:10F740000E9440F201E020E0F6014281B701808191
:10F7500091810E94FAC52DB73EB7245F3F4F0FB687
:10F76000F8943EBF0FBE2DBF0FB6F894BEBE0FBEBD
:10F77000ADBEDF91CF910F91FF90EF90DF90CF90D2
:10F78000BF90AF900895CF93DF93EC0146E065E022
:10F7900082E10E94BD4D60E071E088819981DF9136
:10F7A000CF918ECBCF93DF93EC0180918C0945E014
:10F7B00065E0882369F08DE00E94BD4D61E070E056
:10F7C00076276727762788819981DF91CF9178CB3B
:10F7D0008DE00E94904D70E060E0F2CF82309105A4
:10F7E00071F034F40097A1F042E0019749F00895D8
:10F7F0008330910559F045E0049711F0089543E0F6
:10F80000662341F065E082E00C94BD4D44E0F8CF02
:10F8100041E0F6CF65E082E00C94904D0F93CF93DA
:10F82000DF93EC0180910E0290910F0297FF08C0C8
:10F830008CE39FE2892BD9F4DF91CF910F9108954A
:10F840000E9494DC8823A1F38091330B66E779E072
:10F85000882311F063E37BE06115710569F301E032
:10F8600020E04A81888199810E94FAC5E5CF01E0B4
:10F8700020E04A816CE37FE2888199810E94ABC5D8
:10F88000DBCF0F93CF93DF93EC018881998185368D
:10F8900020E39207A1F158F4853220E3920799F111
:10F8A0008534904369F0DF91CF910F9108958538A9
:10F8B00020E3920731F1853A9043A9F784E001C033
:10F8C00081E020911A0730911B07820F932F911D21
:10F8D0000E9494DC8823C9F08091330B66E779E0BD
:10F8E000882311F063E37BE061157105E1F201E02B
:10F8F00020E04A81888199810E94FAC5D4CF82E0B4
:10F90000E0CF83E0DECF80E0DCCF8CE39FE20097A6
:10F9100051F201E020E04A81BC01888199810E9476
:10F92000ABC5C1CFAF92BF92CF92DF92EF92FF9261
:10F930000F931F93CF93DF9300D000D000D01F927E
:10F94000CDB7DEB76C01CE0101967C0110E000E07E
:10F950005C0180911A0790911B07800F911F0E94F4
:10F9600094DC811126C0F7011182108260E0C80189
:10F9700035DF0F5F1F4FF2E0EF0EF11C0530110570
:10F9800041F74AE0B501F601808191810E94094D5D
:10F990002A960FB6F894DEBF0FBECDBFDF91CF9190
:10F9A0001F910F91FF90EF90DF90CF90BF90AF909D
:10F9B00008958091AA0D85FD07C080E091E0F701D0
:10F9C0009183808361E0D3CF80E092E0F8CFEF9223
:10F9D000FF920F931F93CF93DF937C018091AA0D29
:10F9E00046E065E086FD2EC082E00E94BD4DC1E08C
:10F9F000D0E080911A0790911B07892B49F1C260D2
:10FA000047E065E082E00E94BD4D00911A07109129
:10FA10001B070B5F1F4F0E9446DC08171907F0F405
:10FA2000C46048E065E082E00E94BD4D7C2F6D2FF0
:10FA3000F70180819181DF91CF911F910F91FF900C
:10FA4000EF903ECA82E00E94904DD0E0C0E0D1CF5E
:10FA500047E065E082E00E94904DD7CF48E065E046
:10FA600082E00E94904DE2CF8091AA0D86FD03C0F6
:10FA70000E94D3D2F9CF10921B0710921A078FEF72
:10FA80009FEF90930F0280930E0281E008958F9272
:10FA90009F92AF92BF92DF92EF92FF920F931F93CC
:10FAA000CF93DF9300D000D000D01F92CDB7DEB748
:10FAB000F82ED62E611110921F070FE51BE143E0CF
:10FAC00050E0B801CE0101960E94A9F18A819B8184
:10FAD000009741F02981F21629F00D5F1F4F79F749
:10FAE00090E080E08C010115110509F456C0F80181
:10FAF00085919491009709F450C0BE016F5F7F4FCC
:10FB00000E941323882309F445C089859A85892B8F
:10FB100009F440C0D11003C08C8180FF3BC0EB8052
:10FB200026E0E20E0E94A7D14B015C0138EE830E65
:10FB300033E0931EA11CB11CF12C8091C006909162
:10FB4000BF06891B990B9C012150310937FF02C068
:10FB50002F5C3F4F2E151F04C0F40E94A7D1A501B2
:10FB60009401261B370B480B590BDA01C9011816F3
:10FB700019061A061B0624F50E945E4C62E370E02B
:10FB800080E090E00E940DD1D8CFE985FA85CE01C2
:10FB9000019619950E5F1F4FA6CF81E02A960FB6EA
:10FBA000F894DEBF0FBECDBFDF91CF911F910F91B3
:10FBB000FF90EF90DF90BF90AF909F908F9008954F
:10FBC00080E0ECCFCF93DF93EC010E940DD71B8236
:10FBD000DF91CF910895CF93DF93EC01462F4170D1
:10FBE0006C857D858E859F850E9406D4882351F083
:10FBF000888920E2829FC00111248E59944FDF91A1
:10FC0000CF91089590E080E0FACFCF93DF93EB019E
:10FC1000FC012381211104C080E0DF91CF91089580
:10FC20002250223028F48FE28883198281E0F5CFB8
:10FC300060E0D1DF009781F3DC0160E080E09EE2CC
:10FC40002D91203299F0883031F49E01260F311D1C
:10FC5000F90190836F5F9E01260F311DAD01415068
:10FC60005109FA014081F90140836F5F8F5F8B304A
:10FC700039F7FE01E60FF11D1082D8CF3F924F9267
:10FC80005F926F927F928F929F92AF92BF92CF922C
:10FC9000DF92EF92FF920F931F93CF93DF93CDB735
:10FCA000DEB72C970FB6F894DEBF0FBECDBF5C0158
:10FCB000DC0159968D909C90F40181859285A385F5
:10FCC000B4859C01AD012F5F3F4F4F4F5F4F298798
:10FCD0003A874B875C87D50114964D905D906D9067
:10FCE0007C901797411451046104710409F459C0C0
:10FCF000BFEF4B1A5B0A6B0A7B0A312C730162015E
:10FD00001D821E821F821886F40181859285A3853B
:10FD1000B4852D813E814F815885281739074A07C0
:10FD20005B0708F056C089859A85AB85BC858C1524
:10FD30009D05AE05BF0550F482E0C82ED12CE12C04
:10FD4000F12C92E0492E512C612C712C9E012F5FD9
:10FD50003F4FB701A601C4010E9422D68823C9F1F2
:10FD600089819A81AB81BC81892B8A2B8B2B01F1F4
:10FD7000260137019FEF491A590A690A790A2D812C
:10FD80003E814F8158852F5F3F4F4F4F5F4F2D83EF
:10FD90003E834F8358873FEFC31AD30AE30AF30A1F
:10FDA000B3CF408051806280738033243394A6CFD8
:10FDB000C414D504E604F70411F70FEF1FEF2FEF7B
:10FDC0003FE0B701A601C4010E9491D5782E8111B0
:10FDD0001AC0712C872D2C960FB6F894DEBF0FBE7B
:10FDE000CDBFDF91CF911F910F91FF90EF90DF90EA
:10FDF000CF90BF90AF909F908F907F906F905F90CB
:10FE00004F903F900895F501448155816681778137
:10FE1000411551056105710539F097018601C4014D
:10FE20000E9491D58823A9F2D5011496CD92DD9236
:10FE3000ED92FC921797332051F0D701C60101963D
:10FE4000A11DB11DF40180839183A283B383F501C9
:10FE500085899689A789B08D892B8A2B8B2B09F0F0
:10FE6000B9CFC58AD68AE78AF08E8181806881837E
:10FE7000B1CF40E050E0BA010C9457D7EF92FF9217
:10FE80000F931F93CF93DF93CDB7DEB72C970FB6A9
:10FE9000F894DEBF0FBECDBF8C017F936F935F934D
:10FEA0004F9381ED94E09F938F939E012F5F3F4F7F
:10FEB00079013F932F930E94E0FCF801019000200C
:10FEC000E9F7CF010197801B910B0FB6F894DEBFC5
:10FED0000FBECDBF8431910548F445E150E0481B89
:10FEE000590BB701800F911F0E942CF2C8012C966C
:10FEF0000FB6F894DEBF0FBECDBFDF91CF911F913B
:10FF00000F91FF90EF900895809126028F3708F4AB
:10FF10004CC08F579091CD0D90939808992309F478
:10FF200040C0A59A9091DC07909397089923D9F146
:10FF3000759A90919B1491110BC020919C1430E004
:10FF40003595279520939D14232B09F440C0739A6F
:10FF50008F5F809326028091960891E08927809395
:10FF6000960880912502980F85300CF090E0823041
:10FF700009F47AC074F5882309F441C0813009F48A
:10FF800068C0909325020E94BE758091CA09909125
:10FF9000CB09009729F001979093CB098093CA0968
:10FFA0000895A598BFCF7598C4CF909198088917E8
:10FFB00008F0A59890919708891708F07598909186
:10FFC0009B149111C5CF90919D14891708F27398D5
:10FFD000BFCF843009F460C00CF459C0853089F675
:10FFE00020919508211102C0809395088091950871
:10FFF000815080939508882321F295E0C2CF8091AB
:020000021000EC
:1000000024028F5F80311CF480932402BACF1092B7
:1000100024028091D107811113C02091C30D30912A
:10002000C40D3093C60D2093C50D2091D207309199
:10003000D3073093D5072093D40781E08093D1076D
:100040001092C40D1092C30D1092D3071092D207D4
:1000500098CF10927B0081E480937C0080917A009D
:10006000806480937A008DCF80917A0086FD27C0CE
:1000700040917800509179002091C30D3091C40DCA
:10008000240F351F3093C40D2093C30D7ACF88E021
:1000900080937B0086E4E0CF80917A0086FD11C0DA
:1000A00040917800509179002091D2073091D30788
:1000B000240F351F3093D3072093D20762CF92E0ED
:1000C00060CF94E05ECF0F930FB70F9300916E0057
:1000D0000D7F00936E0078940F930BB70F930CB7BE
:1000E0000F921F922F933F934F935F936F937F9342
:1000F0008F939F93AF93BF93EF93FF93112404DFEC
:10010000FF91EF91BF91AF919F918F917F916F91EF
:100110005F914F913F912F911F900F900CBF0F91C6
:100120000BBF0F910260F89400936E000F910FBF08
:100130000F911895CF93DF93C3ECDDE019861886F5
:100140001092E5070E94F7711A86A598C2EDD7E0D4
:10015000198618860E9447231A867598DF91CF91D9
:1001600008958F929F92AF92BF92CF92DF92EF92BB
:10017000FF920F931F93CF93DF93B4E4A0E06A2F15
:1001800070E0AB014B0F511D55954795411119C0BA
:10019000EDE9FCE265917491072E000C880B990B38
:1001A0000E94E9F2DF91CF911F910F91FF90EF90A4
:1001B000DF90CF90BF90AF909F908F900895B42F15
:1001C000E0CFA41711F0B41303C0E9EAFDE2E2CFD7
:1001D0009A0121503109220F331F220F331FF901D9
:1001E000E556F34DE590F490F901E156F34DC591D4
:1001F000D4918E159F0518F3A42FC817D90708F4BA
:10020000BECFF901E356F34D05911491F901EF5575
:10021000F34DC590D4908E199F09BC0190E080E009
:100220000E94E7F24B015C01B601601B710B072EC7
:10023000000C880B990B0E94E9F29B01AC01C501EF
:10024000B4010E9448F34B015C01CE19DF09BE01E5
:1002500090E080E00E94E7F29B01AC01C501B4018F
:100260000E947CFA6B017C01B801110F880B990B7D
:100270000E94E9F29B01AC01C701B6010E94A0F9FE
:1002800091CFCF92DF92EF92FF926A017B010E94A1
:10029000BB29C701B601FF90EF90DF90CF900C947F
:1002A000EDC7CF93DF93EC01488159816A817B814F
:1002B00084E697E2E6DF4C815D816E817F8184EC8C
:1002C00091E3DFDF488559856A857B8580EC91E382
:1002D000DF91CF910C94E32A0F930FB70F93009106
:1002E0006E000F930D7F00936E0000916F000D7FE5
:1002F00000936F000F930BB70F930CB70F921F92E1
:100300002F933F934F935F936F937F938F939F931D
:10031000AF93BF93EF93FF9311240E94228CFF9120
:10032000EF91BF91AF919F918F917F916F915F916D
:100330004F913F912F911F900F900CBF0F910BBFCA
:100340000F910260F89400936F000F9100936E007C
:100350000F910FBF0F911895CF93DF9300D0CDB7BA
:10036000DEB700C000C08BEE9DE09A8389831B82BC
:10037000CE0101960E94747190910801811101C013
:100380009095917090930601811147C08FEF8093F3
:100390001C088BEE9DE09A83898381E08B83CE01DC
:1003A00001960E9474719091080181119095987046
:1003B00090930601811133C08FEF80931D088BEE5F
:1003C0009DE09A83898382E08B83CE0101960E940F
:1003D0007471909108018111909590789093060125
:1003E00081111FC08FEF80931E088BEE9DE09A83D2
:1003F000898383E08B83CE0101960E9474718823E8
:1004000091F08D9881E080931F0800C000C00F908C
:100410000F900F90DF91CF91089581E0B8CF81E0E8
:10042000CCCF81E0E0CF8D9A8FEFEDCF80911B088C
:10043000877F80931B088B9A81E008958B98809129
:100440001B08886080931B08089521E030E0082E87
:1004500002C0220F331F0A94E2F720953095909145
:100460001B08292320931B08813061F020F0823083
:1004700071F081E008958E9A80915C098E7F80935F
:100480005C09F7CF749A80915C098D7FF8CF8091D9
:100490000801809580718093060180915C098B7FB3
:1004A000EECF80E0D2DF81E0D0DF82E0CEDFBECFD2
:1004B0008130B9F0A0F08230B1F021E030E0082EB8
:1004C00001C0220F0A94EAF790911B08922B909397
:1004D0001B08823019F481E08093BE0708958E983E
:1004E000ECCF7498EACF9091080190719093060137
:1004F000E4CF80E0DDDF81E0DBDF82E0D9DF9ECF8B
:100500008F929F92AF92BF92CF92DF92EF92FF9223
:100510000F931F93CF93DF93C82F41E067E570E2FD
:100520000E94642BC11102C00E94E4298FE490E272
:100530000E94BB298DEA9FE10E94BB290E94E72906
:100540008C2F0E94953541E06DE370E28C2F0E9464
:10055000642BC11102C00E94E42980E290E20E9453
:10056000BB298C2F0E94D92C8C2F0E9487CA8C2FDC
:100570000E947B2C8C2F0E94A22C8C2F0E945C2C22
:100580008C2F0E94112C8C2F0E94F22B69EC7FE1A2
:100590008C2F0E947BCAD0918C090BED1FE1DD23CB
:1005A00011F00FED1FE1C0908D09D0908E09E09001
:1005B0008F09F090900980EC9FE10E94BB298D2F5C
:1005C0000E94EF258BE890E30E94BB2942E0C7011F
:1005D000B6010E9419C883EB9FE10E94BB29C801A4
:1005E0000E94BB290E94E7290E9473268823A9F153
:1005F00089E5E82E87E0F82ED0E0670110E0C11110
:1006000002C00E94E429F60180809180A280B3801C
:1006100086E190E20E94BB29812F0E946D2683E132
:1006200090E20E94BB298D2F0E946D268BE890E3FB
:100630000E94BB2945E0C501B4010E9419C80E946F
:10064000E7291F5FF4E1CF0ED11C1530C1F6DF5F43
:1006500084E0E80EF11CD53081F68C2F0E94A52B8A
:100660008C2F0E94082D8C2F0E94EA298C2F0E942B
:100670007E2B6CEF7FE18C2F0E947BCAC0912202FF
:1006800083EF9FE10E94BB298C2F0E94EF254091B0
:10069000E6035091E7036091E8037091E90380EF6E
:1006A0009FE10E94D12940918F0D5091900D609152
:1006B000910D7091920D8DEE9FE10E94D129809154
:1006C00022026BED7FE1882311F06FED7FE182EE76
:1006D0009FE1DF91CF911F910F91FF90EF90DF90FD
:1006E000CF90BF90AF909F908F900C94FF2CCF92A3
:1006F000DF92EF92FF920F931F93CF93DF93CDB7CB
:10070000DEB7CC5AD1090FB6F894DEBF0FBECDBF0D
:10071000CF55DF4F188219821A821B82C15AD040EE
:1007200084E690E0909392098093910910929E0D37
:1007300010929D0D8091D5049091D604A091D7047C
:10074000B091D804CB55DF4F88839983AA83BB83AC
:10075000C55AD04064E070E0CE018B559F4F0E9497
:1007600040D18091910990919209029690939209BB
:100770008093910910929E0D10929D0D81ED92E053
:10078000C755DF4F99838883C95AD040CE0187551A
:100790009F4F0E94B97681E0C455DF4F8883CC5AC1
:1007A000D040CE0184559F4F0E94BD7668E470E032
:1007B00084ED99E00E9440D160E170E086E999E023
:1007C0000E9440D18AE097EDA3EABCE3CF55DF4F0A
:1007D00088839983AA83BB83C15AD040CE018F55A9
:1007E0009F4F0E94B57689E099E00E94C57682E22B
:1007F00092E00E94C17686EE93E00E94B5768FE883
:100800009DE00E94B57680918D0990918E09A0910E
:100810008F09B091900989839A83AB83BC838E0141
:100820000F5F1F4FC8010E94B57668E070E08DED44
:1008300097E00E9440D1CF55DF4F188219821A826B
:100840001B82C15AD04083E0C356DF4F8883CD5905
:10085000D0407E019DE6E90EF11CF7018083CE01B8
:100860008F559F4F0E94B576CE0183569F4F0E94B1
:10087000BD76C7010E94BD7680E09CE09A838983A3
:10088000C8010E94B9763AE0D32EDA94DD2031F027
:10089000CE018F559F4F0E94B576F7CF89E39EE03A
:1008A0000E94C576CF55DF4F188219821A821B82AB
:1008B000C15AD0402AE0D22EDA94DD2031F0CE01A8
:1008C0008F559F4F0E94B576F7CF85E0D82EF70160
:1008D000D082C356DF4FD882CD59D040C7010E9485
:1008E000BD76CE0183569F4F0E94BD7680E69CE682
:1008F0009A838983C8010E94B97668E070E082E437
:1009000097E00E9440D168E070E08AE397E00E949F
:1009100040D164E670E089E597E00E9440D11982F9
:10092000CC24CA94F701C082C8010E94C176C701D5
:100930000E94BD7664E070E088E794E00E9440D1B8
:10094000809108098983C8010E94C1768091DF0DDA
:100950009091E00DA091E10DB091E20D89839A8311
:10096000AB83BC8321E732EB47E25EE36091E30DAA
:100970007091E40D8091E50D9091E60D0E947CFA56
:100980006D837E838F83988721E732EB47E25EE3B6
:100990006091E70D7091E80D8091E90D9091EA0D5D
:1009A0000E9448F369877A878B879C8780E090E074
:1009B000A0E8BFE38D879E87AF87B88B198A1A8A14
:1009C0001B8A1C8A64E170E0C8010E9440D184E166
:1009D00090E09A838983C8010E94B9768CE0E7E0B1
:1009E000F4E0D80101900D928A95E1F76CE070E097
:1009F000C8010E9440D18CE0E7E0F4E0D80101900A
:100A00000D928A95E1F76CE070E0C8010E9440D138
:100A10001982C8010E94BD768FE78983C8010E94B0
:100A2000BD76C982C8010E94BD76E3E1F4E0D80139
:100A300001900D92DA94E1F765E070E0C8010E9440
:100A400040D180914B07F70180831A821982C70138
:100A50000E94C176C8010E94B97680E2E8E1F4E024
:100A6000D80101900D928A95E1F760E270E0C8012B
:100A70000E9440D1F7011082C7010E94C17688E52B
:100A800097E00E94C17684E597E00E94B576CF5545
:100A9000DF4F188219821A821B82C15AD040CE01C0
:100AA0008F559F4F0E94B57682E1F80111928A9589
:100AB000E9F762E170E0C8010E9440D184E2E8E316
:100AC000F4E0D80101900D928A95E1F764E270E0BC
:100AD000C8010E9440D190E1D92EF8018D2D1192CC
:100AE0008A95E9F760E170E0C8010E9440D11A825E
:100AF000198262E070E0C8010E9440D1F8011192B1
:100B0000DA94E9F760E170E0C8010E9440D18CE618
:100B1000F80111928A95E9F76CE670E0C8010E942D
:100B200040D168E070E08CE497E00E9440D18CE016
:100B3000F70111928A95E9F7C555DF4F1882CB5A14
:100B4000D04080E090E0A0E4B0E4C356DF4F88835B
:100B50009983AA83BB83CD59D040C7010E94C57633
:100B6000CE0185559F4F0E94BD76CE0183569F4F83
:100B70000E94B57680E3F70111928A95E9F70E9409
:100B80002B23082F1091210280918C0981110E9442
:100B9000732690914A0721E0F70120830183128395
:100BA0008383948360E370E0C7010E9440D1009189
:100BB0009109109192090456110980919D0D90910F
:100BC0009E0DF7019183808384E690E090939209D3
:100BD0008093910964E070E08CE794E00E9440D13A
:100BE000C7010E94B9760E94E42982E19EE10E9439
:100BF000BB29C8010E94E634F701C080D180F12CE6
:100C0000E12C85E09EE10E94BB29C701B6010E944C
:100C1000E32582E09EE10E94BB29013D1240E9F0FC
:100C200083E39BE20E94BB2983E59EE10E94BB29EE
:100C30008EED9DE10E94B3D180E0C455DF4F0FB629
:100C4000F894DEBF0FBECDBFDF91CF911F910F9102
:100C5000FF90EF90DF90CF90089582EF9DE10E948A
:100C600006C882EF9DE10E94A62D81E0E6CF4F925B
:100C70005F926F927F928F929F92AF92BF92CF922C
:100C8000DF92EF92FF92CF93DF9300D000D0CDB7E9
:100C9000DEB79E838D830E94B8264B015C01AD8137
:100CA000BE8118964D905D906D907C901B97AC0125
:100CB0009B01C301B2010E949FF96B017C018091ED
:100CC0008D0990918E09A0918F09B0919009898327
:100CD0009A83AB83BC8320E030E0A901BC01CD0145
:100CE0000E94E3F2882349F020E030E0A901C70127
:100CF000B6010E94E3F21816ECF0AD81BE811896A1
:100D0000CD92DD92ED92FC921B9726960FB6F89449
:100D1000DEBF0FBECDBFDF91CF91FF90EF90DF9090
:100D2000CF90BF90AF909F908F907F906F905F908B
:100D30004F90089529813A814B815C81C301B201B2
:100D40000E94C7FB87FFE1CF209188093091890974
:100D500040918A0950918B09C501B4010E9448F362
:100D60009B01AC0160E070E080E89FE30E949FF986
:100D70009B01AC01C701B6010E947CFAED81FE81A6
:100D80006087718782879387C0CFCF93DF938091ED
:100D90003907811119C0C0911F02D09120022197FB
:100DA00020E030E040E05FE36091C70D7091C80D36
:100DB0008091C90D9091CA0D0E94A0F90E94E4FA99
:100DC00021E06C177D070CF020E0822FDF91CF919E
:100DD0000895AF92BF92CF92DF92EF92FF920F935E
:100DE0001F93CF93DF93C4EDD9E006EA19E084EEB8
:100DF000A82E89E0B82EC12CD12C7601C39469911C
:100E00007991899199910E94E7F2288939894A89D3
:100E10005B890E9448F30E94E9FAF801619371939B
:100E2000819391938F01C616D706E806F90610F450
:100E30006B017C01AC16BD0611F76FEF7FEFCB01A4
:100E4000A70196010E940DF92093B6093093B709C6
:100E50004093B8095093B909DF91CF911F910F9139
:100E6000FF90EF90DF90CF90BF90AF9008950F93D9
:100E70001F93CF93DF9308EE19E0CAEBD9E0F80196
:100E800021913191419151918F0160E070E080E8B2
:100E90009FE30E947CFA6993799389939993F9E08F
:100EA000CA3CDF0761F70E9402CADF91CF911F9110
:100EB0000F918FCF9091490E80914A0E981306C0E2
:100EC0008091CA099091CB09892B21F080E00E9482
:100ED000A138F0CF08954F925F926F927F928F92D8
:100EE0009F92AF92BF92CF92DF92EF92FF92CF93F9
:100EF000DF93EC0180E1FE01ABE4BEE001900D92D6
:100F00008A95E1F72091F4093091F5094091F609AD
:100F10005091F7096C857D858E859F850E9448F3E9
:100F20000E94D3FB6B017C012091F0093091F10903
:100F30004091F2095091F309688579858A859B85EE
:100F40000E9448F30E94D3FB4B015C012091EC0905
:100F50003091ED094091EE095091EF096C817D814E
:100F60008E819F810E9448F30E94D3FB2B013C019C
:100F70002091E8093091E9094091EA095091EB0983
:100F8000688179818A819B810E9448F30E94D3FB0A
:100F900060935B0E70935C0E80935D0E90935E0E7B
:100FA00040925F0E5092600E6092610E7092620EDF
:100FB0008092630E9092640EA092650EB092660EBF
:100FC000C092670ED092680EE092690EF0926A0E9F
:100FD0009091490E80914A0E981781F0DF91CF9140
:100FE000FF90EF90DF90CF90BF90AF909F908F9049
:100FF0007F906F905F904F900C94C5C95BDF0E940B
:101000004671C82F8BE59EE00E94C770CC2381F00B
:10101000DF91CF91FF90EF90DF90CF90BF90AF9096
:101020009F908F907F906F905F904F900C949E292F
:10103000DF91CF91FF90EF90DF90CF90BF90AF9076
:101040009F908F907F906F905F904F900895CF9278
:10105000DF92EF92FF92CF93DF93C82F0E944671E9
:1010600094E0C99FE0011124FE01EB58F74FC080C6
:10107000D180E280F38081110E949E29C654D64F10
:10108000C701B6010E94E9F2288139814A815B815A
:101090000E9448F3DF91CF91FF90EF90DF90CF90C7
:1010A00008958F929F92AF92BF92CF92DF92EF926C
:1010B000FF921F93CF93DF93CDB7DEB760970FB644
:1010C000F894DEBF0FBECDBF182F80E0C0DF4B010C
:1010D0005C018092030890920408A0920508B092E7
:1010E000060881E0B4DF6B017C01C0920708D09252
:1010F0000808E0920908F0920A0882E0A8DF6093ED
:101100000B0870930C0880930D0890930E081D86B1
:101110001E861F86188A89829A82AB82BC82CD8203
:10112000DE82EF82F88669877A878B879C8783E0E7
:101130008EDF6D877E878F87988B80918C098823BF
:1011400019F0CE01019693DD1E3FD9F480E1FE0136
:101150003196AFE1BAE001900D928A95E1F7609681
:101160000FB6F894DEBF0FBECDBFDF91CF911F91B8
:10117000FF90EF90DF90CF90BF90AF909F908F90B7
:10118000089584E0189FF0011124DF01A15EB54F9E
:1011900081E090E08C0F9D1FE80FF91F4081518185
:1011A000628173814D935D936D937C931397D7CF39
:1011B0000F931F93CF93DF9300D01F92CDB7DEB76D
:1011C0008C0180915C0982FF33C082E040DF20E027
:1011D00030E048E452E40E9448F30E94E4FA0E949E
:1011E000E9F22AE037ED43EA5CE30E9448F320E0AD
:1011F00030E048EC52E40E9448F30E94D3FB0E9486
:10120000C271F8012081318169837A838B839C8349
:1012100044E0BE016F5F7F4FC9010E94094D0F90EE
:101220000F900F900F90DF91CF911F910F91089524
:1012300060E070E0CB01CBCF9091490E80914A0ED7
:10124000981307C08091CA099091CB09892B09F4A2
:1012500028C980E00E94A138EFCFCF92DF92EF92B1
:10126000FF92CF93DF93C82F0E94467194E0C99FED
:10127000E0011124FE01E759F74FC080D180E280E0
:10128000F38081110E949E29C654D64FC701B60132
:101290000E94E9F2288139814A815B810E9448F3EA
:1012A000DF91CF91FF90EF90DF90CF9008958F92D4
:1012B0009F92AF92BF92CF92DF92EF92FF92CF9325
:1012C000DF9320918C09222309F47FC0EC018090E8
:1012D0008D0990908E09A0908F09B090900920E020
:1012E00030E0A901C501B4010E94E3F2882309F4AA
:1012F00077C0C884D984EA84FB8420E030E0A90167
:10130000C701B6010E94E3F218160CF069C0A501EE
:101310009401C701B6010E94C7FB87FF56C0209108
:101320008409309185094091860950918709C70148
:10133000B6010E94E3F2882321F1C0928409D09281
:101340008509E0928609F0928709209188093091F9
:10135000890940918A0950918B09C701B6010E9401
:1013600048F39B01AC0160E070E080E89FE30E94DD
:101370009FF960931B0270931C0280931D0290934F
:101380001E02C0901B02D0901C02E0901D02F09043
:101390001E0220E030E0A901C701B6010E94E3F27D
:1013A000882399F0CE010E94B826A70196010E94D9
:1013B00048F39B01AC01688579858A859B850E94ED
:1013C000A0F9688779878A879B87DF91CF91FF9003
:1013D000EF90DF90CF90BF90AF909F908F90089547
:1013E000C12CD12C80E8E82E8FE3F82EDBCFCF92F2
:1013F000DF92EF92FF92C0905407D0905507E09093
:101400005607F090570780915807882309F44FC07A
:1014100020E030E0A901C701B6010E94E3F2882371
:1014200009F445C020E030E040E05FE3C701B601C9
:101430000E9448F39B01AC010E9448F32BED3FE072
:1014400049E450E40E9448F39B01AC0160E070E085
:1014500080E89FE30E947CFA6B017C01C092350713
:10146000D0923607E0923707F09238076091190260
:1014700070911A02072E000C880B990B0E94E9F25A
:101480002AE037ED43E25CE30E9448F3A7019601AE
:101490000E9448F360935702709358028093590258
:1014A00090935A02FF90EF90DF90CF900895C12C57
:1014B000D12C80E8E82E8FE3F82ED0CF2F923F92E8
:1014C0004F925F926F927F928F929F92AF92BF9254
:1014D000CF92DF92EF92FF920F931F93CF93DF9300
:1014E000CDB7DEB766970FB6F894DEBF0FBECDBF9F
:1014F0001C016A017B0128013901DC0155968D90A0
:101500009D90AD90BC90589720E030E0A901CB01B0
:10151000B6010E94E3F2882309F44EC1A7019601A7
:10152000C501B4010E9448F30E94D3FBD62EE72EDA
:10153000F82EC92EA3019201C501B4010E9448F3FF
:101540000E94D3FBDD82EE82FF82C8862D813E8120
:101550004F815885203231054105510548F420E27C
:10156000822E912CA12CB12C8D829E82AF82B886C6
:1015700069837A838B839C8329813A814B815C8147
:10158000203231054105510548F480E2882E912C26
:10159000A12CB12C89829A82AB82BC82F101FE9689
:1015A00080819181A281B3818097A105B10540F42A
:1015B00080E290E0A0E0B0E080839183A283B383D7
:1015C000D1019D968D909D90AD90BC90D0978B8AC7
:1015D0009C8AAD8ABE8AF101E65BFF4F6081718112
:1015E00082819381611571058105910509F4ECC033
:1015F0000E94E9F29B01AC0160E070E080E89FE3AB
:101600000E947CFA20E030E040E05FE30E9448F373
:101610006B017C01F101FE96608171818281938171
:101620000E94E7F29B01AC010E9448F32B013C01B0
:1016300069817A818B819C810E94E7F29B01AC01D8
:101640000E9448F39B01AC01C301B2010E949FF9C3
:10165000A70196010E9448F369877A878B879C8748
:101660006D817E818F8198850E94E7F29B01AC019C
:101670000E9448F39B01AC01C301B2010E949FF993
:10168000A70196010E9448F32B013C010E9466FAD3
:101690000E94E4FA6B017C0169857A858B859C85C3
:1016A0000E9466FA0E94E4FA46015701860E971ED0
:1016B000A81EB91E2B893C894D895E8928193909D4
:1016C0004A095B0957FF32C06B897C898D899E89E5
:1016D0000E94E7F2A30192010E94A0F929853A85B0
:1016E0004B855C850E949FF920E030E040E05FE39D
:1016F0000E9448F30E94D3FBC12CD12C760197FDA8
:101700000DC06B017C018B889C88AD88BE888C14D1
:101710009D04AE04BF0414F4750164016B897C89D7
:101720008D899E896C197D098E099F09D101D196F9
:10173000CD92DD92ED92FC92D4978B889C88AD88F7
:10174000BE88861A970AA80AB90AD501C401F10110
:1017500085AB96ABA7ABB0AFEE5BFF4F8D809E80A5
:10176000AF80B88480829182A282B38291012A5B89
:101770003F4FD90189809A80AB80BC808D929D9229
:10178000AD92BC92139766960FB6F894DEBF0FBE6B
:10179000CDBFDF91CF911F910F91FF90EF90DF9020
:1017A000CF90BF90AF909F908F907F906F905F9001
:1017B0004F903F902F900895F101EE5BFF4FD08046
:1017C000E180F280C380B6CEC12CD12C760160E0DE
:1017D00070E0CB01ABCF8F3010F48F5F08958F5046
:1017E0000895CF93DF9390914A0E8091490E891707
:1017F00040F0891B41F4D0E0C0E0CE01DF91CF91F1
:101800000895805FF6CF9091470E992351F0833071
:1018100030F48FEF890F19F08093470EECCF1092C0
:10182000470EC0914A0E83E6C89FE0011124C559B6
:10183000D14F888180FDDFCF80914A0ECCDF80932D
:10184000480EDBCF2F923F924F925F926F927F9222
:101850008F929F92AF92BF92CF92DF92EF92FF92C0
:101860000F931F93CF93DF9300D000D000D01F922F
:101870001F92CDB7DEB78FEF9FEF909389008093D3
:1018800088002AE02D8310E000E0809166089091A6
:101890006708892B09F0B1C1809168088823D9F0C5
:1018A000809193099091940910926808892B09F40A
:1018B000A4C110929409109293091092EC0D90918A
:1018C000490E80914A0E981709F497C180914A0EEB
:1018D00082DF80934A0E8091930990919409892B1D
:1018E00009F48BC140915C0850915D0860915E08DD
:1018F00070915F088091580890915908A0915A08FA
:10190000B0915B08481759076A077B0708F075C153
:10191000C0902302D12CF12CE12C841B950BA60B3B
:10192000B70BC816D906EA06FB0610F4D701C601A4
:10193000E82F840F951FA61FB71F80935C08909314
:101940005D08A0935E08B0935F0891E0C090200806
:10195000D0902108E0902208F090230840913408AC
:1019600050913508609136087091370840902408EE
:10197000509025086090260870902708440D551D4A
:10198000661D771D80E077FD05C04C195D096E0965
:101990007F0981E0409334085093350860933608FE
:1019A00070933708409138085091390860913A088F
:1019B00070913B08409028085090290860902A08B0
:1019C00070902B08440D551D661D771D77FD05C0D1
:1019D00082604C195D096E097F0940933808509365
:1019E000390860933A0870933B0840913C08509145
:1019F0003D0860913E0870913F0840902C0850903F
:101A00002D0860902E0870902F08440D551D661DFE
:101A1000771D77FD05C084604C195D096E097F094B
:101A200040933C0850933D0860933E0870933F08F4
:101A300040914008509141086091420870914308DC
:101A40004090300850903108609032087090330810
:101A5000440D551D661D771D77FD05C088604C1926
:101A60005D096E097F0940934008509341086093D7
:101A7000420870934308911104C020918400309172
:101A80008500282F30E0482F417080FF1CC08091D6
:101A90001C08082E000C990BAA0BBB0BC0907508F4
:101AA000D0907608E0907708F09078088C0D9D1D16
:101AB000AE1DBF1D8093750890937608A09377089C
:101AC000B09378088F9A21FB552750F958871986CB
:101AD00021FF21C080911D08082E000C990BAA0B34
:101AE000BB0BC0907908D0907A08E0907B08F0900A
:101AF0007C088C0D9D1DAE1DBF1D809379089093B1
:101B00007A08A0937B08B0937C08809108018095A7
:101B100084708093060122FB222420F8312C22FFBE
:101B200021C080911E08082E000C990BAA0BBB0B3C
:101B3000C0907D08D0907E08E0907F08F0908008EB
:101B40008C0D9D1DAE1DBF1D80937D0890937E085A
:101B5000A0937F08B09380088091080180958072DF
:101B600080930601F3E035952795FA95E1F7211565
:101B70003105E1F080911F08082E000C990BAA0B8B
:101B8000BB0BC0908108D0908208E0908308F09051
:101B900084088C0D9D1DAE1DBF1D80938108909300
:101BA0008208A0938308B09384088C9A8091840063
:101BB00090918500809184009091850041118F98CB
:101BC00088849984892829F0809108018470809301
:101BD0000601232829F08091080180728093060174
:101BE000232B09F08C98EE2321F0809184009091B2
:101BF0008500E15090E009F0A9CEA0905502B09088
:101C00005602BF82AE82AB2809F052C080906E09A6
:101C100090906F099A8289828114910409F43DC0E1
:101C2000F090060182E00E94588200C000C08091BE
:101C30000801181419040CF480958078809306012B
:101C400000C000C0809108018095807280930601D9
:101C500000C0000082E090E00197F0F78091080159
:101C600080728093060100C000C080910801F7FCDB
:101C7000809580788093060100C000C0A980BA805A
:101C800080916E0990916F091A141B040CF0B4C274
:101C9000019790936F0980936E090E94A42988236D
:101CA00009F4ACC280ED97E0909356028093550200
:101CB00078948091660890916708892B09F009C291
:101CC0002091840030918500809123028230B0F011
:101CD0004091640850916508420F531F609160085D
:101CE000709161086417750748F090E095958795A5
:101CF0008093230210926308109262083195219517
:101D0000310930936508209364081092610810929D
:101D10006008E0909309F0909409E114F10409F44B
:101D2000D9C380915C0890915D08A0915E08B09144
:101D30005F08409158085091590860915A08709175
:101D40005B0884179507A607B70708F462C280915D
:101D50002202882309F474C080918E0D811105C080
:101D60000E949438882309F464C0D70199966D9134
:101D70007D918D919C919C976115710581059105CF
:101D800009F457C0DD962C9123FF3BC20E94E9F273
:101D90002091C6093091C7094091C8095091C909DD
:101DA0000E9448F36B017C01AC019B016091930D93
:101DB0007091940D8091950D9091960D0E949FF9D0
:101DC0006093930D7093940D8093950D9093960D61
:101DD0008091970D81110E9476C68091BF07811175
:101DE00028C020E030E0A90160918F0D7091900D26
:101DF0008091910D9091920D0E94C7FB1816CCF422
:101E0000A70196016091980D7091990D80919A0D9E
:101E100090919B0D0E949FF96093980D7093990D7E
:101E200080939A0D90939B0D80919C0D81110E943F
:101E300045C68091C00780FD0E9445C61092C0072C
:101E400010929409109293091092EC0D9091490E02
:101E500080914A0E981709F43DC380914A0EBBDC6D
:101E600080934A0E60EDE62E67E0F62E809193098E
:101E700090919409892B09F028C1B3DC90939409BF
:101E800080939309892B09F420C180909309909045
:101E900094099B868A86D4018C9182FDF1C2F4015B
:101EA000E15BFF4F80819181A281B3818093921584
:101EB00090939315A0939415B093951580E1349663
:101EC000A3EEB4E101900D928A95E1F780E0EA85F6
:101ED000FB85458C568C678C70A091E041145104B1
:101EE0006104710409F490E090FB80F9AA85BB8538
:101EF0009196CD90DD90ED90FC90949791E0C11477
:101F0000D104E104F10409F490E090FB81F9EA8541
:101F1000FB8545A156A167A170A591E0411551052A
:101F20006105710509F490E090FB82F98093EC0D56
:101F3000EA85FB8585A596A5A7A5B0A98093580835
:101F400090935908A0935A08B0935B088824992469
:101F50005401881A990AAA0ABB0A809234089092FE
:101F60003508A0923608B0923708809238089092CF
:101F70003908A0923A08B0923B0880923C089092AF
:101F80003D08A0923E08B0923F088092400890928F
:101F90004108A0924208B092430881A492A4A3A44D
:101FA000B4A4880C991CAA1CBB1C80923008909287
:101FB0003108A0923208B0923308440C551C661CBC
:101FC000771C40922408509225086092260870924F
:101FD0002708CC0CDD1CEE1CFF1CC0922808D092F8
:101FE0002908E0922A08F0922B08440F551F661F1B
:101FF000771F40932C0850932D0860932E08709300
:102000002F08880F991FAA1FBB1F80932008909349
:102010002108A0932208B093230810925C08109224
:102020005D0810925E0810925F0881A992A9A3A989
:10203000B4A98093540890935508A0935608B09380
:10204000570885A996A9A7A9B0AD80934408909395
:102050004508A0934608B09347089091EB0D85ADD5
:10206000981721F08093EB0D0E94AC810E94BE7501
:102070001092630810926208E0919309F09194091C
:10208000EE5BFF4F608171818281938160934C0888
:1020900070934D0880934E0890934F080E94D07023
:1020A0007C0196958795B0E0A0E0809348089093D6
:1020B0004908A0934A08B0934B0880935008909326
:1020C0005108A0935208B0935308F0926708E09229
:1020D00066088E809F80892871F4809166089091AF
:1020E00067088A3F910538F47AEFA72EB12CB09299
:1020F0006708A0926608209155023091560280919F
:102100006608909167082F3F320709F4F1C1AC01CE
:10211000569547952417350708F0F0C1509356029D
:102120004093550280365AEE950708F4E5C160E603
:102130007AEE2091550230915602A9016217730779
:1021400008F4AB01841B950B909367088093660895
:102150002F3F320731F0241B350B3093560220936A
:102160005502040F151FF89480918400909185000A
:1021700040967D8171507D83772321F008171907E0
:1021800008F483CB4091840050918500209164082D
:1021900030916508240F351F30936508209364083B
:1021A0000817190708F088C120912302203138F45C
:1021B000220F2093230210926308109262089093DA
:1021C0008900809388002B960FB6F894DEBF0FBE6F
:1021D000CDBFDF91CF911F910F91FF90EF90DF90D6
:1021E000CF90BF90AF909F908F907F906F905F90B7
:1021F0004F903F902F90089501964BCD8FEF9FEF1A
:1022000053CD90958095709561957F4F8F4F9F4FDF
:10221000BDCD409154085091550860915608709179
:10222000570884179507A607B70708F080C0809065
:10223000500890905108A0905208B090530889829D
:102240009A82AB82BC82F70181AD92ADA3ADB4ADF1
:10225000B501A401EE27499FF12D5A9F90016A9F75
:10226000300D699F200D311D4A9FF00D211D3E1F2D
:10227000599FF00D211D3E1F689FF00D211D3E1F2F
:10228000589FF10D2E1F3E1FB49FFF0F201D311DC3
:10229000B59F300D1124F701EE5BFF4F80819181D6
:1022A000A281B381820F931FA11DB11D80934C08A1
:1022B00090934D08A0934E08B0934F08B701625C0D
:1022C0007F4FFB014081518162817381481759071B
:1022D0006A077B0740F440934C0850934D08609385
:1022E0004E0870934F0860914C0870914D08809192
:1022F0004E0890914F080E94D0707C0189819A818C
:10230000AB81BC818E0D9F1DA11DB11D8093500816
:1023100090935108A0935208B09353081092480824
:102320001092490810924A0810924B089FCD409194
:1023300044085091450860914608709147088417F9
:102340009507A607B70708F46CC0809048089090DE
:102350004908A0904A08B0904B0889829A82AB82C3
:10236000BC82F70181AD92ADA3ADB4ADB501A401BE
:10237000EE27499FF12D5A9F90016A9F300D699F6A
:10238000200D311D4A9FF00D211D3E1F599FF00D5C
:10239000211D3E1F689FF00D211D3E1F589FF10D0E
:1023A0002E1F3E1FB49FFF0F201D311DB59F300D06
:1023B0001124A90170E060E080914C0890914D08D3
:1023C000A0914E08B0914F08F701EA5BFF4FC08023
:1023D000D180E280F380481759076A077B0758F4D9
:1023E000841B950BA60BB70BC816D906EA06FB068D
:1023F00010F46C017D01C701B6010E94D0707C0110
:1024000089819A81AB81BC818E0D9F1DA11DB11D5B
:102410008093480890934908A0934A08B0934B08CA
:1024200025CD8091620890916308892B21F5970151
:10243000225C3F4FD901CD90DD90ED90FC90C7011B
:10244000B6010E94D07090936308809362089695BD
:102450008795B0E0A0E08093480890934908A09346
:102460004A08B0934B08C0924C08D0924D08E092B5
:102470004E08F0924F08E0906208F0906308F6CCA6
:10248000AA85BB858C9182FF04C0CD014D960E9428
:10249000C77010929409109293091092EC0D9091CC
:1024A000490E80914A0E981709F4E7CC80914A0EA4
:1024B00092D980934A0EE1CC809160089091610896
:1024C000841B950B800F911F909361088093600887
:1024D000C80175CE80EDE82E87E0F82ECECC40E620
:1024E0005AEE80569A4E909367088093660839CECC
:1024F0008036AAEE9A0798F7BC011BCE8036BAEE5A
:102500009B0708F014CEA9018217930708F4AC01C9
:10251000841B950B90936708809366081CCECF931D
:10252000DF931F92CDB7DEB7898360E0CE010196BD
:102530000E94537161E0CE0101960E94537162E0E6
:10254000CE0101960E94537189810F90DF91CF9146
:1025500008954F925F926F927F928F929F92AF9267
:10256000BF92CF92DF92EF92FF92FC0140805180A8
:102570006280738084809580A680B780C084D18477
:10258000E284F38420E030E0A901C301B2010E949B
:10259000E3F2811125C020E030E0A901C501B401BA
:1025A0000E94E3F281111CC020E030E0A901C701C4
:1025B000B6010E94C7FB87FF04C0F7FAF094F7F852
:1025C000F094C701B601FF90EF90DF90CF90BF90DD
:1025D000AF909F908F907F906F905F904F900895F5
:1025E000A3019201C301B2010E9448F32B013C01F7
:1025F000A5019401C501B4010E9448F39B01AC01FF
:10260000C301B2010E94A0F94B015C01A701960130
:10261000C701B6010E9448F39B01AC01C501B4019A
:102620000E94A0F9FF90EF90DF90CF90BF90AF9005
:102630009F908F907F906F905F904F900C940DFCC7
:102640008F929F92AF92BF92CF92DF92EF92FF92C2
:10265000CF93DF9320913702222309F48EC0EC013F
:1026600080912407E82E80FF2CC080903902909042
:102670003A02A0903B02B0903C02288139814A8105
:102680005B81C501B4010E94C7FB181624F488823F
:102690009982AA82BB828090450290904602A090C7
:1026A0004702B0904802288139814A815B81C50187
:1026B000B4010E94E3F287FF04C088829982AA8253
:1026C000BB82E1FE2CC080903D0290903E02A09023
:1026D0003F02B09040022C813D814E815F81C50157
:1026E000B4010E94C7FB181624F48C829D82AE822E
:1026F000BF828090490290904A02A0904B02B09015
:102700004C022C813D814E815F81C501B4010E9444
:10271000E3F287FF04C08C829D82AE82BF82E2FE1C
:102720002CC0C0904102D0904202E0904302F09051
:102730004402288539854A855B85C701B6010E9418
:10274000C7FB181624F4C886D986EA86FB86C09093
:102750004D02D0904E02E0904F02F090500228853A
:1027600039854A855B85C701B6010E94E3F287FF80
:1027700004C0C886D986EA86FB86DF91CF91FF9098
:10278000EF90DF90CF90BF90AF909F908F90089583
:102790008091110890911208A0911308B09114082B
:1027A0008093150290931602A0931702B09318021B
:1027B00080910F0890911008909314028093130257
:1027C00008958091150290911602A0911702B09180
:1027D00018028093110890931208A0931308B093E5
:1027E0001408809113029091140290931008809322
:1027F0000F0884E690E090931402809313020895EA
:10280000CF93DF93CDB7DEB72C970FB6F894DEBF2A
:102810000FBECDBFAB01BC0119821A821B821C8284
:102820001D821E821F82188619861A861B861C86A8
:102830009E012F5F3F4F8FE19AE00E9488C92C963E
:102840000FB6F894DEBF0FBECDBFDF91CF910895D4
:102850004F925F926F927F92AF92BF92CF92DF9230
:10286000EF92FF920F931F93CF93DF9300D000D08E
:1028700000D01F92CDB7DEB769837A838B839C83A8
:102880002D833E834F8358872701380120E030E0B5
:10289000A901B501C6010E94E3F2811175C0109132
:1028A0005102809152028A87909153029987009138
:1028B0005402A12CB12C80E2C82E92E4D92EA3019F
:1028C00092016091270A7091280A8091290A9091BB
:1028D0002A0A0E94E3F287FF0BC04092270A509217
:1028E000280A6092290A70922A0AB501C60188DF77
:1028F00089819A81AB81BC8180931F0A9093200AC1
:10290000A093210AB093220A8D819E81AF81B88560
:102910008093230A9093240AA093250AB093260A51
:10292000612F7A858985902F6BDFA30192016091D9
:10293000270A7091280A8091290A90912A0A0E94F8
:10294000C7FB18165CF44092270A5092280A60923E
:10295000290A70922A0AB501C60152DF2A960FB6DB
:10296000F894DEBF0FBECDBFDF91CF911F910F91C5
:10297000FF90EF90DF90CF90BF90AF907F906F90DF
:102980005F904F900C945A871A2DBA86C9860D2DE8
:1029900096CFAF92BF92CF92DF92EF92FF920F93BA
:1029A0001F937B018C0159016A01EFE1FAE0248158
:1029B000358146815781608171818281938148DFB1
:1029C0001F910F91FF90EF90DF90CF90BF90AF904D
:1029D00008958F929F92AF92BF92CF92DF92EF9223
:1029E000FF92CF936B017C01C22F4423C9F08090EA
:1029F000410E9090420EA090430EB090440E20E005
:102A000030E0A901C501B4010E94E3F287FF08C0CC
:102A1000A5019401C701B6010E949FF96B017C01D9
:102A200020E030E048EC53E4C701B6010E94C7FB48
:102A3000181634F4C12CD12C88ECE82E83E4F82E3F
:102A40008090270A9090280AA090290AB0902A0A1C
:102A5000C11108C0A7019601C501B4010E94C7FBBE
:102A60001816C4F0A7019601C501B4010E94E3F253
:102A7000882381F020E030E040E252E4C701B60153
:102A8000CF91FF90EF90DF90CF90BF90AF909F904D
:102A90008F907FCFCF91FF90EF90DF90CF90BF903E
:102AA000AF909F908F9008958F929F92AF92BF9218
:102AB000CF92DF92EF92FF92CF93DF934B015C01B5
:102AC00069017A010E941D35CFE1DAE020915702B9
:102AD000309158024091590250915A02C501B401F7
:102AE0000E947CFA2C853D854E855F850E94A0F969
:102AF0006C877D878E879F87C701B60181DEDF9156
:102B0000CF91FF90EF90DF90CF90BF90AF909F90CC
:102B10008F900C945A87CF92DF92EF92FF92C090E1
:102B20002B0AD0902C0AE0902D0AF0902E0A2091CA
:102B3000F4093091F5094091F6095091F709C70160
:102B4000B6010E9448F30E94D3FB6093670E709316
:102B5000680E8093690E90936A0EC092570ED092C1
:102B6000580EE092590EF0925A0E9091490E8091B3
:102B70004A0E981731F0FF90EF90DF90CF900C94B1
:102B8000C5C90E945A870E9446714091670E5091B4
:102B9000680E6091690E70916A0E4093810850939F
:102BA00082086093830870938408882331F0FF9033
:102BB000EF90DF90CF900C949E29FF90EF90DF90E4
:102BC000CF9008950C9402CAAF92BF92CF92DF9239
:102BD000EF92FF920F931F93CF937B018C015901CA
:102BE0006A012091230A3091240A4091250A5091CC
:102BF000260A60911F0A7091200A8091210A909103
:102C0000220A26DE80915B09C82FC47082FD13C0A2
:102C100010925B0982E00E945188D4DF81E0C111EB
:102C200080E0CF911F910F91FF90EF90DF90CF90B8
:102C3000BF90AF9008950E948B4B882349F3F1CF4A
:102C40000E94467190914A0E9093490E9093480EBF
:102C500094E69093470E21ED33E03093CB09209317
:102C6000CA0981110E949E2981E0809368080E9410
:102C70005A878EEF0E945188A5CFCF93DF93CDB7AF
:102C8000DEB72C970FB6F894DEBF0FBECDBF0E9403
:102C900084C80E9446719CE0E5E7F8E0DE011196E9
:102CA00001900D929A95E1F781110E949E29CE0123
:102CB00001960E9451812C960FB6F894DEBF0FBE8C
:102CC000CDBFDF91CF9108954F925F926F927F9227
:102CD0008F929F92AF92BF92CF92DF92EF92FF922C
:102CE000CF93DF9300D01F92CDB7DEB780911F0A3C
:102CF0009091200AA091210AB091220A89839A8397
:102D0000AB83BC834090230A5090240A6090250A2C
:102D10007090260A8090270A9090280AA090290A8D
:102D2000B0902A0AC0902B0AD0902C0AE0902D0A6D
:102D3000F0902E0A0E94E98681E08093CE0D0E94D9
:102D4000F789A9E3B2E090E080E0FC01EE52F24E98
:102D500045915591659174914D935D936D937D93DC
:102D6000FC01EA53F24E4591559165917491189684
:102D70004D935D936D937C931B9704968C309105D6
:102D800021F76091170870911808809119089091A7
:102D90001A080E94B2CA0E94CB280E943787298154
:102DA0003A814B815C8160911F0A7091200A809169
:102DB000210A9091220A0E94E3F281112AC0A30104
:102DC00092016091230A7091240A8091250A9091C2
:102DD000260A0E94E3F281111CC0A50194016091B2
:102DE000270A7091280A8091290A90912A0A0E9444
:102DF000E3F281110EC0A701960160912B0A709138
:102E00002C0A80912D0A90912E0A0E94E3F28823C9
:102E100099F00F900F900F900F90DF91CF91FF904E
:102E2000EF90DF90CF90BF90AF909F908F907F906A
:102E30006F905F904F9021CF0F900F900F900F9059
:102E4000DF91CF91FF90EF90DF90CF90BF90AF9048
:102E50009F908F907F906F905F904F9008950F9309
:102E60001F93CF93DF93EC010EE519E0F801208169
:102E7000318142815381688179818A819B810E945D
:102E8000A0F9688379838A839B83F8012481358143
:102E9000468157816C817D818E819F810E94A0F93E
:102EA0006C837D838E839F83F801208531854285E5
:102EB0005385688579858A859B850E94A0F96887F6
:102EC00079878A879B87DF91CF911F910F91089512
:102ED000CF93DF9300D01F92CDB7DEB787E791E0A5
:102EE000A0E0B0E089839A83AB83BC83BE016F5FAF
:102EF0007F4F8CE30E94134B8BE59CE10E94BB2922
:102F00008FB1809565E57CE181700E94C97680B1C2
:102F100082FB882780F96FE47CE191E089270E9499
:102F2000C9768091000169E47CE183FB882780F900
:102F30000E94C9768091000160E47CE185FB8827CE
:102F400080F90E94C9768091000183FD09C00E942A
:102F5000574B0F900F900F900F90DF91CF910895E6
:102F60000E943D4B0F900F900F900F90DF91CF91EB
:102F7000089580910709811104C080915D0988231B
:102F800031F062E070E080E090E00C94DC3608956F
:102F9000CF92DF92EF92FF921F93CF93DF93CDB743
:102FA000DEB72C970FB6F894DEBF0FBECDBFA4EDF1
:102FB000B9E090E080E0FC01E356F04E4591559178
:102FC000659174914D935D936D937D93FC01E357EF
:102FD000F04E459155916591749150964D935D9346
:102FE0006D937C935397FC01E358F04E45915591B6
:102FF0006591749190964D935D936D937C939397A7
:10300000049680319105B9F680E29EE4A0E0B0E03C
:103010008093E4099093E509A093E609B093E7094A
:1030200080E090E0A8E4B4E48093080A9093090A51
:10303000A0930A0AB0930B0A80930C0A90930D0A8E
:10304000A0930E0AB0930F0A80E090E0AAE7B4E4E0
:103050008093100A9093110AA093120AB093130A56
:103060001092140A1092150A1092160A1092170A5A
:103070001092180A1092190A10921A0A10921B0A3A
:10308000C12CD12C80E2E82E81E4F82EC092960962
:10309000D0929709E0929809F0929909C0929A0902
:1030A000D0929B09E0929C09F0929D098DEC9CECDA
:1030B000ACECBEE380939E0990939F09A093A00976
:1030C000B093A10980E090E0A0E8BFE38093A2095B
:1030D0009093A309A093A409B093A509109209099C
:1030E00010920A0910920B0910920C0910920D0906
:1030F00010920E0910920F091092100910921109E6
:1031000010921209109213091092140911E01093F1
:1031100022020E941D3580E090E0A0EAB0E4809396
:10312000E6039093E703A093E803B093E9031092BA
:103130008F0D1092900D1092910D1092920DC092E1
:103140001708D0921808E0921908F0921A0880E047
:103150000E9488260E944C2982ED90E09093DE0721
:103160008093DD078AEF90E09093E0078093DF077C
:103170008DEC9CECACECBDE38093E1079093E2070F
:10318000A093E307B093E4071092E5078CE0ECE529
:10319000F4E0DE01119601900D928A95E1F78981A4
:1031A0009A81AB81BC818093390E90933A0EA093A3
:1031B0003B0EB0933C0E8D819E81AF81B88580938C
:1031C0003D0E90933E0EA0933F0EB093400E898526
:1031D0009A85AB85BC858093410E9093420EA09357
:1031E000430EB093440E87ED93EAA5E0B2E48093DA
:1031F000DF0D9093E00DA093E10DB093E20D80EC14
:1032000093E8A6E7BEE38093E30D9093E40DA093CB
:10321000E50DB093E60D8CE597E7A0E9B4E4809363
:10322000E70D9093E80DA093E90DB093EA0D10938C
:103230004B070E9483381092580780E090E0A0EE80
:10324000BFE38093540790935507A0935607B0931C
:10325000570710920709109206098BDE80E090E074
:10326000A8ECB2E48093500790935107A0935207C3
:10327000B093530710924C0710924D0710924E07CF
:1032800010924F0721DD8BE59FE10E94A62D0E9441
:10329000E4298BE59FE10E94BB290E94E72982E394
:1032A0000E94204D84E60E94584D8091160881119D
:1032B00006C01093160860E081E00E948AC58EE483
:1032C0009FE12C960FB6F894DEBF0FBECDBFDF9105
:1032D000CF911F91FF90EF90DF90CF900C94B3D1DE
:1032E0004F925F926F927F92AF92BF92CF92DF9296
:1032F000EF92FF920F931F93CF93DF9300D01F9213
:103300001F92CDB7DEB78D83162F20E041E060E03D
:1033100070E080E890E45DDB40901F0A5090200A46
:103320006090210A7090220A8091230A9091240AC9
:10333000A091250AB091260A89839A83AB83BC8326
:103340009D81992369F10E94C54B111112C0E09033
:10335000270AF090280A0091290A10912A0AA12C24
:10336000B12C650129813A814B815C81C301B20195
:103370006FDAAD81A0935D090F900F900F900F90C1
:103380000F90DF91CF911F910F91FF90EF90DF9001
:10339000CF90BF90AF907F906F905F904F90E9CDAE
:1033A0000E948B4BD2CF4F925F926F927F928F92FF
:1033B0009F92AF92BF92CF92DF92EF92FF920F93C4
:1033C0001F93CF93C82FE82EF12CF701E55BF04D4A
:1033D000D490823009F03BC080915D09811103C017
:1033E00060E081E07DDF0E94C54B811117C102E0E2
:1033F0001DE1F80145905590659074906D2D0D2C50
:10340000000C770B880B990B0E94E9F24B015C01D1
:1034100020E030E0A901C301B2010E94E3F2882359
:10342000B1F0F80185919591A591B4916C018D0150
:1034300020E030E040E850E4BC01CD010E94E3F21E
:1034400087FF1BC0C12CD12C00E810E416C06D2DE5
:10345000DD0C770B880B990B0E94E9F24B015C01A4
:10346000F701EE0FFF1FEE0FFF1FE650F34E8591A1
:103470009591A591B4916C018D01A5019401B601BE
:10348000C8010E9448F32B013C016701CC0CDD1CF4
:10349000CC0CDD1CF601E251F34E659175918591DE
:1034A000949120E030E040EC5FE30E9448F3A501F6
:1034B00094010E9448F3AB01BC0100E010E09801C8
:1034C0008C2F0E94C1CE20E030E0A901C301B201DF
:1034D0000E94E3F2882341F100E010E09801C2303D
:1034E00031F40E948B4B00E010E020E232E4B301A3
:1034F000A20170588C2F0E94C1CEC23009F489C03D
:10350000A3019201C301B2010E94A0F94B015C0129
:10351000C23009F094C000E010E020EA31E4B501C7
:10352000A4018C2F0E94C1CEC23011F40E948B4B9B
:1035300081E090E00C2E01C0880F0A94EAF7909188
:103540005C09982B90935C0990912407892B8093B8
:103550002407F601E354F34E25913591459154919A
:103560008601015E154FF601E75FF64F60817181BC
:10357000828193810E94A0F9F80160837183828324
:103580009383C230D1F42091410E3091420E40918C
:10359000430E5091440E6091270A7091280A809141
:1035A000290A90912A0A0E949FF96093270A709332
:1035B000280A8093290A90932A0AF601E25AF64FC4
:1035C0001082118212821382FDDAF601EB5DF84F50
:1035D000D601A15EB54F8D919D910D90BC91A02D0E
:1035E00080839183A283B383C23009F045C080E019
:1035F000CF911F910F91FF90EF90DF90CF90BF90F0
:10360000AF909F908F907F906F905F904F900C94B1
:10361000E5250E94C54B882309F472CFCF911F91F5
:103620000F91FF90EF90DF90CF90BF90AF909F9061
:103630008F907F906F905F904F900C948B4BF70121
:10364000E551F34E6491611107C00E94E42989ECB1
:103650009CE10E94BB296AE070E090E080E00E945B
:10366000E7F29B01AC0160E070E080E792E40E9429
:103670007CFA8B019C0153CFCF911F910F91FF904A
:10368000EF90DF90CF90BF90AF909F908F907F9002
:103690006F905F904F9008950F931F9380918309CF
:1036A000813019F50E94A7D10091F7071091F80712
:1036B0002091F9073091FA07601B710B820B930B75
:1036C00028EE33E040E050E00E940DF960912007C1
:1036D000709121078091220790912307620F731F39
:1036E000841F951F1F910F9108956091FB077091A2
:1036F000FC078091FD079091FE07D6CFEF92FF92D5
:103700000F93CF93DF93CDB7DEB769970FB6F894D9
:10371000DEBF0FBECDBF7C01BFDF6E8B7F8B888F7E
:10372000998FBE016F5F7F4FCE0146960E947D2329
:1037300001E020E0F7014281BE016F5F7F4F808191
:1037400091810E94FAC569960FB6F894DEBF0FBE4C
:10375000CDBFDF91CF910F91FF90EF900895109220
:1037600083091092F7071092F8071092F907109248
:10377000FA071092FB071092FC071092FD071092B7
:10378000FE07109220071092210710922207109234
:103790002307089583E0809359098091830981303C
:1037A000E1F08230C1F478DF609320077093210745
:1037B000809322079093230781E0809383090E94DE
:1037C000A7D16093F7077093F8078093F907909358
:1037D000FA0781E00895C3DFEFCF80E00895CF932B
:1037E000C091830980E0C130A1F460E083E00E94D1
:1037F0008AC5C0931F0782E0809383090E94A7D1E6
:103800006093FB077093FC078093FD079093FE077E
:1038100081E0CF9108958091830981508230D0F466
:1038200080911E078350823038F460E083E00E946C
:103830008AC585E080935909109283090E94A7D117
:103840006093FB077093FC078093FD079093FE073E
:1038500081E0089580E008952091CB0D3091CC0D4A
:10386000263531053CF42091DA073091DB0726300C
:10387000310524F0882339F00C944B37662319F076
:10388000CADF0C9425CB08950E94E1298BEA9DE1C3
:103890000E94BB2983EA9DE10E94BB2987E89DE144
:1038A0000E94BB290E949A80B6DF8091580981301E
:1038B00099F00E94E12980E19DE10E94BB2986E008
:1038C0009DE10E9406C86EE571E080E090E00E94F4
:1038D000DC3681E0809358090895AF92BF92CF9271
:1038E000DF92EF92FF920F931F93CF93DF93EB0141
:1038F000823009F460C0B0F5813009F451C0E88429
:10390000F9840A851B8520E030E040E251E46091B3
:10391000270A7091280A8091290A90912A0A0E9408
:10392000A0F95B016C0120E030E048EC53E40E9418
:10393000C7FB181634F4A12CB12CF8ECCF2EA3E45D
:10394000DA2E9501A601B701C8010E94C7FB18161F
:1039500014F07501860120E030E040EA50E4B70140
:10396000C80126C0833009F44BC0843041F6E09092
:10397000270AF090280A0091290A10912A0A2C811E
:103980003D814E815F81688179818A819B81A12CF3
:10399000B12CE8ECCE2EE2E4DE2E0E94289459C031
:1039A000688579858A859B8520E030E040EA50E48F
:1039B0000E94C994DCCF288539854A855B85609152
:1039C000270A7091280A8091290A90912A0A0E9458
:1039D000A0F96B017C0120E030E048EC53E40E9448
:1039E000E3F287FD06C0C12CD12C18ECE12E13E4C4
:1039F000F12E20E030E040EA50E4C701B601D8CF14
:103A000020E030E040E251E46091270A7091280AFA
:103A10008091290A90912A0A0E94A0F96B017C01E9
:103A200020E030E048EC53E40E94C7FB1816E4F0B5
:103A300020E030E0A901C701B6010E94E3F287FD52
:103A40001AC020E030E040EA50E4C701B6010E940D
:103A5000C994DF91CF911F910F91FF90EF90DF906C
:103A6000CF90BF90AF9009C9C12CD12CB8ECEB2EF0
:103A7000B3E4FB2EE6CFC12CD12C7601E2CF10921D
:103A8000150910921D070E945D378823C9F00E9416
:103A900000379091AA0D80FB97F99093AA0D61E0F1
:103AA00086E09CE10E94222DB6DE4BE15CE163E200
:103AB0007CE185E00E94ABCB8DE09CE10C9406C8D4
:103AC0008091AA0D84FFEBCF0E9441D7E8CF0F93DE
:103AD0001F93CF93DF931F921F92CDB7DEB7209134
:103AE0001E0A211116C08C014423D1F00E94A62D7C
:103AF00040E450E0B80180EA94E10E94CFF18FE306
:103B000090E09A838983CE0101960E94D4C60E94D8
:103B1000A7C60F900F90DF91CF911F910F9108953D
:103B20000E94733240E450E0B80180EA94E10E94C0
:103B30002CF2E5CFFF920F931F93CF93DF93CDB776
:103B4000DEB7A1970FB6F894DEBF0FBECDBF8C01D4
:103B5000F42E67FF03C010921E0A60E020911E0A37
:103B6000862F062E000C990B2817190609F02CF544
:103B700060931E0AC801FF2061F10E94A62D1982E0
:103B80001F8E4FE150E0B801CE010196FF2021F1D8
:103B90000E94CFF140E450E0BE016F5F7F4F80EAAA
:103BA00094E10E942CF28FE390E099A388A3CE01C8
:103BB00080960E94D4C60E94A7C6A1960FB6F8941C
:103BC000DEBF0FBECDBFDF91CF911F910F91FF9050
:103BD00008950E947332D3CF0E942CF2DBCF823241
:103BE00021E0920714F082E291E09093CC0D809353
:103BF000CB0D1092E5070C942B26CF92DF92EF921B
:103C0000FF926B017C0120E030E0A9010E94E3F209
:103C100087FD14C020E030E041E953E4C701B6015C
:103C20000E94C7FB181674F0C701B6010E94D3FBAF
:103C3000CB01FF90EF90DF90CF90D1CFC12CD12C52
:103C40007601F2CFC12CD12C81E9E82E83E4F82E45
:103C5000EBCFE7ECF7E0108211821282138214821C
:103C60000C942B269091490E80914A0E981312C005
:103C70000E94857181110FC00E945D3781110BC0B8
:103C80000E940E37811107C080918309813011F0A5
:103C90000C94403781E00895E5DF882351F00E94BD
:103CA0000E37811106C081E090918309923009F0AE
:103CB00080E008950F931F93CF93DF938C01ECDF87
:103CC00041E061E08823D1F089EF0E94BD4DC1E061
:103CD000D0E080915A098823B9F0C26042E065E0E3
:103CE00089EF0E94BD4D7C2F6D2FF801808191815D
:103CF000DF91CF911F910F910C94607789EF0E9413
:103D0000904DD0E0C0E0E5CF42E065E089EF0E9451
:103D1000904DE9CF0F931F93CF93DF938C01A2DFD8
:103D200041E061E08823C9F083E00E94BD4DC1E01D
:103D3000D0E0B2DF8823B9F0C26042E061E083E006
:103D40000E94BD4D7C2F6D2FF80180819181DF9104
:103D5000CF911F910F910C94607783E00E94904D5A
:103D6000D0E0C0E0E6CF42E061E083E00E94904D09
:103D7000E9CF78DF882311F081E008958DDF81118C
:103D8000FBCF95E0909359090895F3CFCF92DF923E
:103D9000EF92FF926B017C01463059F51092CC07EF
:103DA0001092CD071092CE071092CF071092D00735
:103DB0000E94472320E030E0A901C701B6010E941C
:103DC000E3F287FF1EC0C12CD12C7601C701B601DA
:103DD0000E94D3FB6337710514F063E770E07093C2
:103DE000DB076093DA07FF90EF90DF90CF900C94A1
:103DF00047232FDFC701B601FF90EF90DF90CF90F0
:103E0000FCCE20E030E046EE52E4C701B6010E944D
:103E1000C7FB1816DCF6C12CD12C86EEE82E82E406
:103E2000F82ED4CF0F93009741F0BC0101E021E0C0
:103E300040E280E091E10E94ABC50F910895EF92BE
:103E4000FF921F93CF93DF9300D01F92CDB7DEB7C1
:103E500090911E079A3F09F43EC0993F79F4893F3B
:103E600011F0809336026623B1F190915A0999239B
:103E700029F090911D07911110921D07182F85E3CD
:103E8000E82E8BE1F82E43E050E0B701CE01019619
:103E90000E94A9F1EA81FB81309731F089811813E2
:103EA00024C019958823B9F061E0812F0E94477DD5
:103EB000882389F010931E071C821B828AE5898360
:103EC00081E08A831C8344E0BE016F5F7F4F84E8FA
:103ED00090E00E94094D0F900F900F900F90DF918E
:103EE000CF911F91FF90EF90089583E0E80EF11CB1
:103EF000E114F10441F6D8CF9091490E80914A0E19
:103F000098130AC00E948571811106C02091490E44
:103F100090914A0E81E0291380E00895CF9310928A
:103F2000F506EADFC82F811104C086ED9BE10E94EF
:103F3000B3D18C2FCF910895EF92FF921F93CF931F
:103F4000DF93CDB7DEB764970FB6F894DEBF0FBE30
:103F5000CDBF82E080930902CFDF182F811111C0FD
:103F600086ED9BE10E94B3D1812F64960FB6F89441
:103F7000DEBF0FBECDBFDF91CF911F91FF90EF90BD
:103F8000089580915C0987708730A1F520E030E0CA
:103F900040E850E46091270A7091280A8091290A2C
:103FA00090912A0A0E94E3F287FF04C083EC9BE110
:103FB0000E9420411F9286E98F931F928F938AEB74
:103FC0009BE19F938F931F9284E18F93CE01019683
:103FD0007C019F938F930E9440F2C7010E94E840AA
:103FE00085EB9BE10E9420410FB6F894DEBF0FBE27
:103FF000CDBFBACF6BE08CEC9BE10E9451D088EC36
:104000009BE10E94204110E0AFCFCF9380E00E945F
:10401000882680915C098770C1E0873041F06CDFB1
:10402000C82F811107C086ED9BE10E94B3D18C2F70
:10403000CF9108956CE08CEC9BE10E9451D081EB14
:104040009BE10E942041C0E0F2CFCF938091150800
:104050000E94882651DFC82F811107C086ED9BE1A1
:104060000E94B3D18C2FCF91089580915C09877005
:104070008730A9F420E030E040E251E46091270A63
:104080007091280A8091290A90912A0A0E94E3F2ED
:1040900087FFE8CF87EA9BE10E942041E3CF6AE0F7
:1040A0008CEC9BE10E9451D08DEA9BE10E94204163
:1040B000C0E0D8CF0E94A7D16C507E4F8F4F9F4F4A
:1040C0006093F3077093F4078093F5079093F607D6
:1040D000089590911E079E3031F09D3091F581E05A
:1040E00080931F070895962F990F990F960F980F99
:1040F000E1E0F0E0903110F4F0E0E0E0EE0FFF1FBF
:10410000EF50F94F9F7021E030E002C0220F331FC3
:104110009A95E2F740815181242B352B31832083FE
:104120008430ECF26430DCF20E9473268111D7CF28
:104130001092F4061092F3061092F2061092F10615
:10414000CECF08950F93CF93DF93EC018CE39FE2E2
:1041500069DE209741F001E021E040E2BE0180E20B
:1041600091E10E94FAC58CE39FE2009781F001E0A3
:1041700021E040E2BC0180E491E10E94ABC521E076
:1041800040E26CE37FE280E691E10E94ABC560E033
:1041900083E00E948AC580911E07893F11F08093B9
:1041A000360281E080935A0989EF80935909DF91A3
:1041B000CF910F910895CF92DF92EF92FF920F93DC
:1041C0001F93CF93DF93CDB7DEB77C01CDB6DEB6BC
:1041D0000E94E3F101962DB73EB7281B390B0FB6AD
:1041E000F8943EBF0FBE2DBF0DB71EB70F5F1F4F18
:1041F000B701C8010E94C8F1C801A4DF0FB6F89446
:10420000DEBE0FBECDBEDF91CF911F910F91FF900B
:10421000EF90DF90CF9008955F926F927F928F9290
:104220009F92AF92BF92CF92DF92EF92FF920F9345
:104230001F93CF93DF9300D000D000D01F92CDB753
:10424000DEB7EDB6FEB6809116088823A9F08091FE
:104250001E078A3F89F00E94A7D14B015C01809123
:104260005909882339F11092590990911E07891331
:104270001EC081E080931F070FB6F894FEBE0FBEEC
:10428000EDBE2A960FB6F894DEBF0FBECDBFDF910C
:10429000CF911F910F91FF90EF90DF90CF90BF9043
:1042A000AF909F908F907F906F905F90089560E0A7
:1042B000C6DDE2CF8091F207811119C088EB9BE047
:1042C000A0E0B0E088199909AA09BB0918161906D7
:1042D0001A061B0664F081E08093F2070E94EC4D01
:1042E00080911E078111C8CF60E081E0E1CF9091FD
:1042F0001F0780911E074091EE075091EF076091D4
:10430000F0077091F107481959096A097B091416D9
:1043100015061606170694F024EF820E21E0921E71
:10432000A11CB11C8092EE079092EF07A092F007BB
:10433000B092F107692F0E94477D9ECF9111ECCF7B
:10434000893F09F072C080915A09882309F465C039
:1043500080911D07882309F464C08091690D9091B4
:104360006A0DA0916B0DB0916C0D0097A105B10580
:1043700009F074C08091F3079091F407A091F507BC
:10438000B091F6070097A105B10509F086C0AA24EF
:10439000A3949091ED0780913D0620913E06821BEB
:1043A0008F7709F469CF913009F49AC008F490C06E
:1043B000923009F49DC0933071F780913D06909141
:1043C0003E06891B8F779091EC07891708F454CF2C
:1043D0000E94FC4DC82E8091EC07DD24DA94D80EA3
:1043E0008DB69EB68150990BEDB7FEB7E81BF90B61
:1043F0000FB6F894FEBF0FBEEDBF0DB71EB70F5F2F
:104400001F4F3801DA94FFEFDF1609F47CC00E94D9
:10441000FC4DF30181933F01F5CF6EDD882309F454
:104420009CCF61E08091360243CF8E3009F095CF6A
:1044300063DD882309F491CF60E083E00E948AC5A0
:104440000E947326882339F082E29BE10E94B3D157
:1044500060E08DE02DCF83E19BE1F8CF88199909C9
:10446000AA09BB09181619061A061B060CF482CFF6
:104470008DE69DE0009741F000E020E040E2BC01C5
:1044800080E090E30E94FAC51092690D10926A0DC7
:1044900010926B0D10926C0DEFCE88199909AA0934
:1044A000BB09181619061A061B060CF470CF24DD7A
:1044B000882309F46CCF1092F3071092F40710923E
:1044C000F5071092F6078EE09BE10E942041D4CEC2
:1044D0000E94FC4D8A3509F05CCFA092ED0759CFC0
:1044E0000E94FC4D853A69F482E08093ED0751CF3C
:1044F0000E94FC4D8093EC0783508E3710F483E0CC
:10450000F4CF80E0F2CFF3E8CF1619F01092ED0768
:1045100072C0F80180819181982789279827B280FD
:10452000BB0C8F30910559F4F2E0BF1208C0F801BE
:1045300083818093F70684818093F606E7CFBE01DE
:104540006F5F7F4F0E941323882301F38F8198852B
:10455000892BE1F20E94A7D160936A0970936B09DD
:1045600080936C0990936D095B80511008C0EF81B6
:10457000F88570E060E0CE0101961995C7CF8C8177
:1045800081FF3FC0CDB6DEB6452D50E02DB73EB71A
:10459000241B350B0FB6F8943EBF0FBE2DBF8DB751
:1045A0009EB701963C0170E060E00E948CFCD30154
:1045B000F801339690E080E02B2D30E08B1570F4FD
:1045C000851560F441910196821793072CF44F3FB3
:1045D00019F450815F3F11F04D93F0CFEF81F885D2
:1045E000B301CE01019619951092ED070FB6F8941C
:1045F000DEBE0FBECDBE0FB6F8949EBE0FBE8DBE02
:10460000C8CEB51083CFB8016D5F7F4FEF81F885BD
:10461000B2CF1092D0008091D00082608093D00001
:104620001092D50080E18093D4008091D100806108
:104630008093D1008091D10088608093D1008091D7
:10464000D10080688093D1008091D1008F7D8093CC
:10465000D10010923C060E94EC4D8091F207882315
:1046600021F081E080931F07089561E080E0E7CBAF
:1046700089E09BE10C94B3D189E09BE10C94B3D128
:104680002F923F924F925F926F927F928F929F9262
:10469000AF92BF92CF92DF92EF92FF920F931F9350
:1046A000CF93DF93CDB7DEB7C558D1090FB6F894D5
:1046B000DEBF0FBECDBFCDB6DEB684E690E09093F0
:1046C00092098093910910929E0D10929D0D41E0E8
:1046D00064E070E08E010F5F1F4FC8010E9426CA80
:1046E00043E050E06CE774E0C8010E94B8FC892BFD
:1046F000E1F5CE0183589F4F0E94AA76E9961CAE41
:104700001DAE1EAE1FAEE99710929E0D10929D0D2C
:10471000CE0185589F4F0E94AA76ED968EAD9FAD33
:10472000ED97813D924009F45DC083E39BE20E94D6
:10473000BB2983E59EE10E94BB290E94E429609188
:104740009109709192096456710988EC9EE10E946A
:104750008C3580EC9EE10E94BB2981ED92E00E94A5
:10476000E6340E94E72912E012C08C81882319F0F8
:104770008FE389831A820E94E429B80182E39EE1D3
:104780000E94C92984E29EE10E94BB2911E0809128
:10479000BD07811107C080915809833018F080E06F
:1047A0000E948082812F0FB6F894DEBE0FBECDBE70
:1047B000CB57DF4F0FB6F894DEBF0FBECDBFDF91F2
:1047C000CF911F910F91FF90EF90DF90CF90BF900E
:1047D000AF909F908F907F906F905F904F903F90A1
:1047E0002F900895CE018F579F4F0E94A576ADB6AA
:1047F000BEB6CF57DF4F6881C158D04070E06D5FC3
:104800007F4F660F771F660F771F8DB79EB7861B8A
:10481000970B0FB6F8949EBF0FBE8DBFEDB7FEB7D6
:104820003196CE57DF4FF983E883C258D040CF018D
:104830000E94AF764091BD0781E0482764E070E0B8
:1048400084EE99E00E9426CACF57DF4F6881C15895
:10485000D04070E06D5F7F4F660F771F660F771F48
:104860008DB79EB7861B970B0FB6F8949EBF0FBEF1
:104870008DBFEDB7FEB73196CC57DF4FF983E88394
:10488000C458D040CF010E94AF76CF57DF4F688128
:10489000C158D04070E06D5F7F4F660F771F660F85
:1048A000771F8DB79EB7861B970B0FB6F8949EBFE8
:1048B0000FBE8DBFEDB7FEB731964F01CF010E94FD
:1048C000AF76F090BD07F11058C0CF57DF4F888109
:1048D000C158D04090E00296A4EDB9E070E060E0ED
:1048E00030E020E049EA5FE1821793070CF410C141
:1048F000CE57DF4FE881F981C258D040E60FF71F4D
:1049000040805180628073804D925D926D927D9265
:10491000821793070CF402C1CC57DF4FE881F9816D
:10492000C458D040E60FF71F20803180E280E38139
:1049300021016E2C7E2E50964D925D926D927C924E
:104940005397821793070CF4F3C0F401E60FF71F97
:1049500020803180E280E38121016E2C7E2E9096B2
:104960004D925D926D927C9293972F5F3F4F6C5F5B
:104970007F4F2430310509F0B7CF88E09AE00E94DC
:104980009D768CE09AE00E949D7680E19AE00E94FC
:104990009D7684E19AE00E949D7688E19AE00E94EB
:1049A0009D7641E04F2560E170E086E999E00E9444
:1049B00026CACE018B589F4F0E949D760FB6F89461
:1049C000BEBE0FBEADBE89E099E00E949576CE01D5
:1049D00087589F4F0E946D768091BD07811109C055
:1049E00081E0EA969FADEA97911101C080E0809343
:1049F00022028091220281110E941D35CE0183592D
:104A00009F4F0E949D76F090BD07F1101DC0E1966A
:104A10008CAC9DACAEACBFACE19720E030E0A9011E
:104A2000C501B4010E94C7FB181634F0812C912CEB
:104A300070EAA72E70E4B72E8092E6039092E70307
:104A4000A092E803B092E903C8010E949D76F1109C
:104A500019C089809A80AB80BC8020E030E543ECAF
:104A600057E4C501B4010E94E3F287FD03C0812C25
:104A7000912C540180928F0D9092900DA092910DE7
:104A8000B092920D87E198E00E949D7641E04F251B
:104A900068E070E08DED97E00E9426CACE018B5849
:104AA0009F4F0E949D76CE0187589F4F0E94A5760A
:104AB000CE0183599F4F0E94A576C8010E94AA7615
:104AC000EA96EFACEA97AE964FADAE9783EC2E2DFB
:104AD0002827F0E12F9F90011124842790E0982F40
:104AE00088279295907F8227932729813A81821780
:104AF000930709F039C2E49E7001112421E0E21A03
:104B0000F10800F1CE018B589F4F0E949D76F6CFA1
:104B1000FA014590559065907490F6CEE9E9FFE171
:104B200045905590659074901201E62CE72D00CFCA
:104B3000E9E8FFE145905590659074901201E62CEC
:104B4000E72D0ACF89E39EE00E9495765AE0F52E84
:104B5000FA94CE01FF2029F08B589F4F0E949D763A
:104B6000F7CF80589F4F0E94A576CE0181589F4F66
:104B70000E94A576CE0187589F4F0E94AA76C05802
:104B8000DF4F8881C058D04033EC8327E0E18E9F0F
:104B9000C0011124C158DF4F2881CF57D0402327AF
:104BA00030E0322F22273295307F82279327EB96F1
:104BB0002EAD3FADEB978217930709F0D5C1CE011B
:104BC00083599F4F0E948D76C8010E948D76C058F0
:104BD000DF4F8881C058D040853009F08AC1C15864
:104BE000DF4F9881CF57D040953009F084C1809134
:104BF000BD07811102C00E948826B801CE018359E9
:104C00009F4F0E94DF284091BD0781E0482764E65E
:104C100070E089E597E00E9426CACE0183599F4F34
:104C20000E948576C8010E946D764091BD07FF24E1
:104C3000F3944F2564E070E0C8010E9426CA88E022
:104C400099E00E9485764091BD074F2564E170E0B0
:104C5000C8010E9426CAF090BD07F1103AC08980B1
:104C60009A80AB80BC80A5019401C501B4010E946B
:104C70004FFC81112EC049845A846B847C846D81E1
:104C80007E818F8198858092DF0D9092E00DA092B9
:104C9000E10DB092E20D21E732EB47E25EE30E94C4
:104CA00048F36093E30D7093E40D8093E50D9093CA
:104CB000E60D21E732EB47E25EE3C301B2010E9459
:104CC0007CFA6093E70D7093E80D8093E90D909363
:104CD000EA0DC8010E947D76C8010E947576C80160
:104CE0000E947576C8010E946D76C8010E946D769B
:104CF000C8010E946D7685E0F80111928A95E9F766
:104D000041E04F2565E070E0C8010E9426CACE014F
:104D100083599F4F0E948576C8010E947D764091FD
:104D2000BD07411105C0AE968FADAE9780934B077E
:104D3000FF24F3944F2560E270E0C8010E9426CA68
:104D4000CE0183599F4F0E9485764091BD074F2524
:104D500069E070E0C8010E9426CA4091BD07411178
:104D60000FC08981809358078A819B81AC81BD8166
:104D70008093540790935507A0935607B093570715
:104D8000FF24F3944F2562E170E0C8010E9426CA17
:104D90004091BD074F2564E270E0C8010E9426CA19
:104DA0004091BD074F2560E170E0C8010E9426CA0E
:104DB0004091BD074F2562E070E0C8010E9426CAFD
:104DC0004091BD074F2560E170E0C8010E9426CAEE
:104DD0004091BD074F256CE670E0C8010E9426CACD
:104DE0004091BD074F2568E070E08CE497E00E9499
:104DF00026CAC8010E949576CE0187589F4F0E940F
:104E00006D76CE0183599F4F0E949D7680E3F80115
:104E100011928A95E9F74091BD074F2560E370E054
:104E2000C8010E9426CA8091BD07811120C08A81D5
:104E3000EB801C81FD800981011101C082E30E9489
:104E4000204D011102C084E6E82E8E2D0E94584D9F
:104E5000011101C0F12CF0924A07002341F0812F8B
:104E600011110E947326809315080E948826809154
:104E70009109909192098533934009F056CC209185
:104E80009D0D30919E0DEF968EAD9FADEF9728173B
:104E9000390709F045C08091BD07811122C00E94E9
:104EA000E42900919D0D10919E0D8CE794E00E94E5
:104EB000612687EF9EE10E94BB2981ED92E00E946E
:104EC000E6348AEE9EE10E94BB29C8010E94E634C6
:104ED00089E20E9475C50E94E72980ED9EE10E944B
:104EE000A62D8091BD07811102C00E94649610E03A
:104EF0004ECC8630C8F5C158DF4F9881CF57D0408F
:104F0000963090F5899F70011124F1E0EF1AF108B5
:104F100008F483CECE018B589F4F0E949D76F5CF2B
:104F200083E39BE20E94BB29EF960EAD1FADEF9786
:104F300080E99EE10E94BB29C8010E94E6340091ED
:104F40009D0D10919E0D8BE89EE10E94BB29C8012A
:104F50000E94E6348BE79EE10E94BB298BE69EE12E
:104F60000E94A62D13E013CC83E39BE20E94BB2991
:104F700080EB9EE10E94BB2914E009CCCF93C1E0F5
:104F8000C093BD077DDB1092BD07811116C078DB91
:104F9000882339F084E19FE10E94B3D180E0CF9172
:104FA000089580911608811106C0C093160860E02C
:104FB00081E00E948AC581E0F2CF0E94C8970E94DA
:104FC000C8970E947783882319F080E00E9480822E
:104FD0008BE39FE10E9406C80E94E42987E29FE1DB
:104FE0000E94BB29DBCFCF92DF92EF92FF920F930B
:104FF0001F93CF93DF93CDB7DEB7E8970FB6F89442
:10500000DEBF0FBECDBF6801790122E48F3F09F0FA
:1050100024E580E289831A828E010F5F1F4FF80119
:1050200001900020E9F7CF010197801B910B82339B
:10503000910510F5F801E80FF91F208381339105E0
:1050400021F08C0F9D1FFC011282F80101900020BD
:10505000E9F7CF010197801B910B8233910560F432
:105060002AE3F801E80FF91F20838133910521F02D
:105070008C0F9D1FFC0112824CAB5DAB6EAB7FAB06
:1050800082E088AFBE016C5C7F4FC8010E9446C7BA
:10509000F80101900020E9F7CF010197801B910BE7
:1050A0008233910550F443E350E0481B590B63E110
:1050B00078E2800F911F0E94CFF1CCAADDAAEEAA60
:1050C000FFAA82E088AFBE016C5C7F4FC8010E94DE
:1050D00046C7C8010E94612662E070E080E090E06F
:1050E0000E940DD1E8960FB6F894DEBF0FBECDBF7B
:1050F000DF91CF911F910F91FF90EF90DF90CF90B4
:105100000895DF92EF92FF920F931F93CF93DF9357
:10511000CDB7DEB7C157D1090FB6F894DEBF0FBEC9
:10512000CDBFF82E6091CB0D7091CC0D072E000CE9
:10513000880B990B0E94E9F28B019C014091C70DED
:105140005091C80D6091C90D7091CA0D80E84BDF78
:105150006091DA077091DB07072E000C880B990B22
:105160000E94E9F28B019C014091D6075091D7072C
:105170006091D8077091D9078FEF35DF8FEFF81660
:1051800031F0FF2009F485C0F12CE12C03C0E09040
:10519000DC07F12C45E650E06BE178E28E010F5F11
:1051A0001F4FC8010E94CFF1FF92EF9287EC94E06D
:1051B0009F938F937E01E6E6EE0EF11CFF92EF9235
:1051C0000E94E0FCF80101900020E9F7CF0101976F
:1051D000801B910B0F900F900F900F900F900F90DE
:1051E0008436910548F445E650E0481B590BB70159
:1051F000800F911F0E942CF2D090DC07F8010190E3
:105200000020E9F7CF010197801B910B84369105AF
:1052100050F445E650E0481B590B66E178E2800FF8
:10522000911F0E94CFF11F92DF9287EC94E09F9331
:105230008F93FF92EF920E94E0FCF8010190002012
:10524000E9F7CF010197801B910B0F900F900F9002
:105250000F900F900F908436910548F445E650E08A
:10526000481B590BB701800F911F0E942CF2C801F7
:105270000E946126CF58DF4F0FB6F894DEBF0FBEF5
:10528000CDBFDF91CF911F910F91FF90EF90DF90F5
:105290000895E090CD0D7DCF2F923F924F925F9277
:1052A0006F927F928F929F92AF92BF92CF92DF9236
:1052B000EF92FF920F931F93CF93DF93CDB7DEB79B
:1052C000AC970FB6F894DEBF0FBECDBF8BA76CA70F
:1052D0002091E5072AA71092E50781E08093150940
:1052E0001B8E1C8E1D8E1E8E1AA21BA21CA21DA21E
:1052F0001EA23CE33FA38CE188A796E499A71E8AEF
:105300001F8AA0E8A88FBFEBB98F1A8EE1E0E9A34E
:10531000812C912C54019E012F5F3F4F19018091E8
:105320001509882309F43CC181149104A104B10436
:1053300061F0C818D908EA08FB0830E1C31637E263
:10534000D306E104F10408F02BC16091CB0D7091FC
:10535000CC0D072E000C880B990B0E94E9F27B0103
:105360008C012E893F89488D598D0E94E3F2882354
:10537000B9F02091C70D3091C80D4091C90D5091E1
:10538000CA0D8CA5B7018111D4C0C8010E94E3F2F7
:10539000881F8827881F8A8FEE8AFF8A088F198FB7
:1053A0000E94A7D16B017C018AA19BA1ACA1BDA1E8
:1053B0008C199D09AE09BF09181619061A061B0695
:1053C000A4F1D701C60188519C4FAF4FBF4F8AA3AC
:1053D0009BA3ACA3BDA38BA594DE45E150E06FE198
:1053E00078E2C1010E94CFF11D8A81149104A104C9
:1053F000B10409F4A9C0C501B401605F784D8F4FB5
:105400009F4F6C197D098E099F0928EE33E040E01B
:1054100050E00E940DF9BA01A901C1010E943E7F2E
:10542000C1010E9461260E94E72980E00E94A13804
:105430000E94A7D160936A0970936B0980936C09ED
:1054400090936D09B091C70DBF8FE091C80DE8A38F
:105450000091C90D1091CA0D2B2F3E2FA8016E8906
:105460007F89888D998D0E949FF92B013C0120E056
:1054700030E0A9010E94C7FB87FF04C077FA70944F
:1054800077F8709481149104A104B10409F07AC0F2
:1054900020E030E040E85FE3C301B2010E94E3F2A4
:1054A00087FF10C0F9A1812C912C5401FF2331F00A
:1054B00085E0882E8DE0982EA12CB12C8C0C9D1CA3
:1054C000AE1CBF1C2A8D222391F18B8D9C8DAD8D3E
:1054D000BE8D0097A105B10549F08C199D09AE0953
:1054E000BF09181619061A061B060CF12F8D38A1D4
:1054F000A8016EA17FA188A599A50E949FF920E02F
:1055000030E040EC5FE30E94E3F287FD49C0D70141
:10551000C601805A9541AF4FBF4F8B8F9C8FAD8F87
:10552000BE8F9F8D9EA3A8A1AFA308A719A719A2FC
:10553000F6CEC8010E94E3F287FD32C0EE8AFF8AF0
:10554000088F198F1A8E2CCFD1010D900020E9F70A
:10555000CD010197821993098431910508F060CF3C
:10556000F101E80FF91FBFE3B0838331910509F41E
:1055700057CFE2E0F0E0EC0FFD1F8E0F9F1FDC0124
:105580001C924ECF20E030E040EA50E4C301B2016B
:105590000E94C7FB18160CF095CF4601570192CF19
:1055A00010911509112321F0109215090E9425CBA5
:1055B000BAA5B093E507812FAC960FB6F894DEBF7D
:1055C0000FBECDBFDF91CF911F910F91FF90EF9054
:1055D000DF90CF90BF90AF909F908F907F906F9013
:1055E0005F904F903F902F9008952F923F924F924F
:1055F0005F926F927F928F929F92AF92BF92CF9263
:10560000DF92EF92FF920F931F93CF93DF93CDB76B
:10561000DEB7C454D1090FB6F894DEBF0FBECDBFBC
:105620007C014B015A01222E19821C821C8E1F8E76
:105630006115710511F410E0B6C1DC0113968C916F
:105640008111F9CFFA0180818B018F32D1F4DB0116
:1056500013968C9113978250823060F059966D9119
:105660007C91CE014C960E949ADB8E01045E1F4F06
:10567000882309F3C5015C010196F50120812F32D1
:10568000D1F39E012F5F3F4F6901290130E2332E94
:105690002496CFAE24972596DFAE25973E013CE1B8
:1056A000630E711C22963FAE229721963FAE219742
:1056B0003FAE3EAE3DAE3CAE3BAE3AAE39AE38AE9E
:1056C0003FAA950190E047E0D9018D91882361F1CF
:1056D0008F3251F18E3239F44A3009F4ACCF98E070
:1056E0004AE09D01F1CFE3E2FBE22491222321F085
:1056F00031968213FACF9FCF491708F49CCF81329D
:1057000008F499CF8F3709F496CF3FE9380F3A3133
:1057100008F420EEE7E3F0E0EC0FFD1FE90FF11DC8
:10572000820F80839F5FDDCF8FA9803209F483CF02
:105730005901D9018C912F5F3F4F8F32C9F38823D4
:10574000A9F00815190519F0C8010E94E27D2496F8
:105750009FAD249725968FAD25974C145D0411F4C9
:10576000962D872D8601C92ED82E9CCFF801818DCC
:10577000928DD7015A969C938E935997C8010E9497
:10578000397FC12CF80180859185A285B385418937
:1057900052896389748984179507A607B70708F0AB
:1057A00056C025E0B695A795979587952A95D1F788
:1057B000F82FFF70DF2ED80113968C91823008F4F9
:1057C0003ACF23961FAE239741E050E0BE016E5BB7
:1057D0007F4FC8010E94F4D9019709F02CCFF8013E
:1057E00080859185A285B3854F96A11DB11D8087C7
:1057F0009187A287B387F0E2DF9EB00111246E5932
:10580000744F6115710509F416CFDB018C91882363
:1058100041F0853E09F04DC0CC2029F0CC24C39442
:10582000B1CFC1100EC08091620D9091630DA09117
:10583000640DB091650DF70184879587A687B787BA
:10584000D08ADB018C918111E9CFCC24C394822DC5
:105850008274823409F0EFCECC2009F4C7C0F7017E
:10586000D08861E0C7010E94EB7D009709F4E3CE88
:1058700020E2DC011D922A95E9F72BE0FE01F79664
:10588000DC0101900D922A95E1F721E238E2FC015A
:10589000318B208B40E058E057874687338B228B33
:1058A000318F208F578B468B0E94BDD381110AC048
:1058B000C2CE4BE050E0CE01C7960E9476FC892B09
:1058C00009F060CF2D2D30E0F901B5E0EE0FFF1F9C
:1058D000BA95E1F7DF01AE59B44F1B968C918171F7
:1058E00021F0822D827109F020C1D70159968D9146
:1058F0009C915A974091620D5091630D6091640D97
:105900007091650D1C964D935D936D937C931F97DD
:105910005096DC925097EE59F44F84889588B12CBC
:10592000A12C54019924882455968D929D92AD9274
:10593000BC925897428D538D70E060E048295929F8
:105940006A297B2955964D935D936D937C93589767
:10595000A5E0220F331FAA95E1F7D901AE59B44F44
:105960001B962C91287109F0D2C0848D958DA68D3F
:10597000B78DF701818B928BA38BB48B81E08383EE
:10598000822D8F70F701818314821582168217820F
:10599000108611861286138611E024FE04C0C7010A
:1059A0000E94EAD7182FCE014C960E942526CE01E0
:1059B00001960E942526812FCC5BDF4F0FB6F8940D
:1059C000DEBF0FBECDBFDF91CF911F910F91FF9032
:1059D000EF90DF90CF90BF90AF909F908F907F908F
:1059E0006F905F904F903F902F900895D80113963D
:1059F0008C911397823009F41ECE51968D919D9112
:105A00000D90BC91A02D803E9F4FAF41B10508F095
:105A100012CEC8010E943E7E882309F40CCE0E945B
:105A2000BDD3882309F407CED8015996ED91FC9196
:105A30005A9714968D909D90AD90BC901797B2E0B8
:105A40008B1A9108A108B108858504C0880C991C9F
:105A5000AA1CBB1C8A95D2F786859785A089B18937
:105A6000880E991EAA1EBB1E81E08093660D80924F
:105A7000620D9092630DA092640DB092650DE2E606
:105A8000FBE080E092E0DF019C011D92215030405C
:105A9000E1F7DD24D394D8015996ED91FC918481EE
:105AA000D816C0F48091670D9091680DDC01ED91DE
:105AB000FC910288F389E02D22E63BE0B501A401C8
:105AC0004D0D511D611D711D1995882309F4B3CD2C
:105AD000D394E1CF258580E092E0A0E0B0E004C05F
:105AE000880F991FAA1FBB1F2A95D2F7F801418979
:105AF000528963897489840F951FA61FB71F818BF4
:105B0000928BA38BB48B82E69BE0D12CB1CE20315B
:105B100061F497012F5E3F4F0E94A4D6882329F09D
:105B200084E0D70113968C932BCFD70113961C9248
:105B300082CDCF92DF92EF92FF920F931F93CF937C
:105B4000DF93CDB7DEB7A7970FB6F894DEBF0FBED1
:105B5000CDBF182F0E948F92812309F46BC0409112
:105B6000D9045091DA046091DB047091DC0448A3FD
:105B700059A36AA37BA330E020E0E0E090E0AC0111
:105B8000022E02C0559547950A94E2F740FF11C0D6
:105B900064E270E06C0F7D1F6E0F711D40E250E0FB
:105BA0004C0F5D1F420F531FDA014C91DB014C93E8
:105BB000EF5F2F5F3F4F2330310509F78E010C5DFA
:105BC0001F4FE00FF12FF11D108219821F8E1F93BE
:105BD0000F938FEAE82E8CE1F82EFF92EF921F923E
:105BE0008EE18F93CE0101966C019F938F930E945B
:105BF00040F20E94E429C6010E94D2251F930F9310
:105C0000FF92EF921F920E94DDC80FB6F894DEBF9C
:105C10000FBECDBF81E0A7960FB6F894DEBF0FBED2
:105C2000CDBFDF91CF911F910F91FF90EF90DF904B
:105C3000CF90089580E0EFCFCF92DF92EF92FF9266
:105C40001F93CF93DF93CDB7DEB72C970FB6F894A1
:105C5000DEBF0FBECDBF182F6B017A0180915809AE
:105C60008330A8F080918508811111C00E94E1293C
:105C7000C6010E94BB2989E797E20E94BB291F3F0A
:105C8000A1F585E797E20E94BB290E94E7290E94BF
:105C90009A80A89580918508811135C081E0809314
:105CA000850882E0809358090E949A8087E041DF4E
:105CB000811111C08CE0E8E6F4E0DE01119601905C
:105CC0000D928A95E1F7BE016F5F7F4F80E00E94E1
:105CD0006D9C0E945A876EE677E21F3F11F062E7E3
:105CE00077E240E0C7010E94633617FDCECF85E41E
:105CF0000E9475C5612F012E000C770B880B990B44
:105D00000E94EDC7C2CF2C960FB6F894DEBF0FBE2F
:105D1000CDBFDF91CF911F91FF90EF90DF90CF909B
:105D200008952F923F924F925F926F927F928F923F
:105D30009F92AF92BF92CF92DF92EF92FF920F931A
:105D40001F93CF93DF9300D01F921F92CDB7DEB782
:105D50001C0149835A836B837C8328013901ED82BE
:105D6000860181E090E02E2D2F3F11F090E080E041
:105D700025E0289FF001299FF00D1124E953F84FE9
:105D80008481882309F45EC0F10114821582168291
:105D900017821086F10184818230A1F0833009F4EA
:105DA00082C08130B9F529813A814B815C8165815E
:105DB0007681878190850E94C7FB18165CF182E08E
:105DC000F101848329813A814B815C81F1016581F4
:105DD0007681878190850E949FF96B017C010E94EA
:105DE000A7D12B013C01A5019401C701B6010E9476
:105DF000E3F218160CF446C09801A8EEB3E00E9436
:105E000055F9460E571E681E791EF10140825182D7
:105E1000628273820F900F900F900F900F90DF911E
:105E2000CF911F910F91FF90EF90DF90CF90BF9097
:105E3000AF909F908F907F906F905F904F903F902A
:105E40002F900895A3019201F101658176818781E8
:105E500090850E94E3F2882309F49CCFF1014582EA
:105E6000568267827086FF24F39420E030E0A90117
:105E7000C301B2010E94C7FB18160CF0F12CF1010E
:105E8000F48288CFF10180819181A281B38184194C
:105E90009509A609B709181619061A061B060CF467
:105EA000B9CF83E0848343EF57E263E078E28D81EA
:105EB0000F900F900F900F900F90DF91CF911F9147
:105EC0000F91FF90EF90DF90CF90BF90AF909F9099
:105ED0008F907F906F905F904F903F902F90ACCEBF
:105EE00047E957E264EA77E2A7CECF93DF93A8951C
:105EF0008091C50D9091C60D2091C50D3091C60DB4
:105F000082179307A9F70E94F8C86093C70D709392
:105F1000C80D8093C90D9093CA0D8091D4079091BC
:105F2000D5072091D4073091D50782179307A9F799
:105F30000E94B1806093D6077093D7078093D807EB
:105F40009093D907C091C50DD091C60D8091C50D14
:105F50009091C60DC817D907A9F78091300290918A
:105F60003102C817D90710F480E0BADF8091CB0D59
:105F70009091CC0D181619066CF480912E02909118
:105F80002F028C179D0730F444ED57E261EE77E263
:105F900080E052DE8091D4079091D5072091D407FC
:105FA0003091D50782179307A9F720912C023091E1
:105FB0002D028217930710F48FEF92DF8091DA079A
:105FC0009091DB0718161906D4F420912A0230911B
:105FD0002B028091D4079091D5074091D40750911E
:105FE000D50784179507A9F72817390740F444ED1A
:105FF00057E261EE77E28FEFDF91CF911DCEDF9117
:10600000CF9108954F925F926F927F928F929F925D
:10601000AF92BF92CF92DF92EF92FF920F931F93B6
:10602000CF93DF93CDB7DEB72E970FB6F894DEBFD0
:106030000FBECDBF80915809811118C0A8952E962A
:106040000FB6F894DEBF0FBECDBFDF91CF911F9189
:106050000F91FF90EF90DF90CF90BF90AF909F9007
:106060008F907F906F905F904F90089580919408EB
:106070008111E5CF81E0809394088091D10781114F
:1060800003C010929408DBCF30DF1092D1070E943A
:10609000A7D12B013C016091340270913502072E8B
:1060A000000C880B990B0E94E9F29B01AC016091F6
:1060B000C70D7091C80D8091C90D9091CA0D0E94B5
:1060C000C7FB181614F480E00BDF8091CB07811119
:1060D00018C08091C7079091C807A091C907B091D7
:1060E000CA070097A105B10561F084199509A609B1
:1060F000B709181619061A061B061CF081E08093D2
:10610000CB076091CB0D7091CC0D072E000C880B46
:10611000990B0E94E9F28B019C014091C70D5091AF
:10612000C80D6091C90D7091CA0D812C912CE0E8C9
:10613000AE2EE0E4BE2EF8E2CF2ED12CE12C81EB86
:106140009DE0EFDD8090C70D9090C80DA090C90D27
:10615000B090CA0D6091320270913302072E000C8C
:10616000880B990B0E94E9F29B01AC01C501B401B7
:106170000E94C7FB18160CF032C260913402709175
:106180003502072E000C880B990B0E94E9F29B0147
:10619000AC01C501B4010E94E3F287FF20C28091E7
:1061A000CB0790918C08911109C023EC3DE030930E
:1061B0008B0820938A0891E090938C08882309F437
:1061C000CFC0C12CD12C7601C701B6010E94E4FAE0
:1061D000759567956093CD0D8091E8079091E907DB
:1061E000A091EA07B091EB070097A105B105B9F0BE
:1061F00084199509A609B709181619061A061B0667
:1062000074F0C501B4010E94E4FA2091E6073091D0
:10621000E707621773070CF4E4C10E94F77120E0EE
:1062200030E04AEF52E46091D6077091D707809131
:10623000D8079091D9070E94C7FB181614F48FEF66
:106240004FDE8091C3079091C407A091C507B0911C
:10625000C6070097A105B105E9F084199509A609BB
:10626000B709181619061A061B06A4F06091D6077E
:106270007091D7078091D8079091D9070E94E4FACE
:106280002091C1073091C207621773070CF4B0C1A7
:106290000E9447238091860890918708A0918808E2
:1062A000B091890884199509A609B7091816190625
:1062B0001A061B060CF4E5CED301C20188579C4E8A
:1062C000AF4FBF4F8093860890938708A0938808AC
:1062D000B09389088091D007811118C08091CC07B4
:1062E0009091CD07A091CE07B091CF070097A1055F
:1062F000B10561F084199509A609B70918161906A0
:106300001A061B061CF081E08093D0076091DA0723
:106310007091DB07072E000C880B990B0E94E9F2A5
:106320008B019C014091D6075091D7076091D80707
:106330007091D907812C912CA12C80E4B82E98E77C
:10634000C92ED12CEE24EA948AEB9DE0EADC809100
:10635000D007882309F455C11092DC07759891CEB7
:1063600080918A0890918B089E878D87DC01149616
:106370008D919D910D90BC91A02D8D839E83AF83B7
:10638000B887ED85FE8560857185072E000C880B2A
:10639000990B0E94E9F26B017C0120E030E0A90139
:1063A0000E94E3F2882391F02D813E814F81588530
:1063B000C701B6010E949FF96B017C0120E030E02B
:1063C00040EA51EC0E94E3F287FF09C081E0AD850D
:1063D000BE851B968C93C12CD12C7601D0C020E0B9
:1063E00030E040EA51E4C701B6010E94C7FB18162D
:1063F0005CF481E0ED85FE858387C12CD12C4FE7CD
:10640000E42E43E4F42EBBC0AD85BE851B968C9173
:106410001B97882369F0FD01148A158A168A178A4A
:1064200058961D921D921D921C925B971B961C9272
:10643000ED85FE85248D358D468D578DC701B601BE
:106440000E9448F369877A878B879C87AD85BE85D4
:1064500050966D937D938D939C93539790962D9129
:106460003D914D915C919397C701B6010E9448F30D
:10647000ED85FE8524893589468957890E94A0F9D2
:106480006B017C0120E030E0A9010E94E3F287FD6E
:106490009BC020E030E04FE753E4C701B6010E9403
:1064A000C7FB18160CF494C0AD85BE855496CD92EA
:1064B000DD92ED92FC92579758968D919D910D909B
:1064C000BC91A02D89839A83AB83BC832D813E81AF
:1064D0004F815885ED85FE85648575858685978510
:1064E0000E949FF9AD85BE8594962D913D914D9169
:1064F0005C9197970E9448F329813A814B815C8196
:106500000E949FF920ED3CEC4CE45DE30E9448F3CF
:1065100029813A814B815C810E94A0F969837A8349
:106520008B839C83ED85FE85608F718F828F938F27
:10653000A701960169857A858B859C850E94A0F9C3
:1065400029813A814B815C810E94A0F920E030E0F2
:10655000A9010E94A0F96B017C0120E030E0A901B3
:106560000E94E3F287FD37CF20E030E04FE753E4AD
:10657000C701B6010E94C7FB18160CF43ECF8D81EF
:106580009E81AF81B885ED85FE8584879587A68736
:10659000B78720E030E0A901C701B6010E94E3F20D
:1065A00087FD0FCE20E030E04FE753E4C701B6018E
:1065B0000E94C7FB18160CF007CEC12CD12C3FE768
:1065C000E32E33E4F32E00CEC12CD12C76016CCF18
:1065D000C12CD12C5FE7E52E53E4F52E65CF60E0AA
:1065E000F9CD46EB57E265EC77E280E025DB17CE8C
:1065F00046EB57E265EC77E28FEF1EDB4BCE8FE781
:1066000033C0C090D607D090D707E090D807F0905D
:10661000D90720E030E040EA50E4C701B6010E940B
:10662000C7FB87FD99CE20E030E04AEF52E4C70176
:10663000B6010E94E3F218160CF48ECE6091DA07D0
:106640007091DB07072E000C880B990B0E94E9F272
:10665000A70196010E949FF920E030E0A9010E9465
:10666000C7FB181664F280E08093DC070ACD2F92F6
:106670003F924F925F926F927F928F929F92AF92D2
:10668000BF92CF92DF92EF92FF920F931F93CF931F
:10669000DF93CDB7DEB7C054D1090FB6F894DEBF93
:1066A0000FBECDBF85E297E00E9420938091D30971
:1066B00083FD6EC020912B0A30912C0A40912D0A47
:1066C00050912E0A60913107709132078091330703
:1066D000909134070E94E3F2882309F459C00E9484
:1066E000C586182F882331F00E94E42984E99CE1B3
:1066F0000E94BB2920912B0A30912C0A40912D0A2F
:1067000050912E0A609131077091320780913307C2
:10671000909134070E949FF96B017C0120E030E0EA
:10672000A9010E94C7FB87FF04C0F7FAF094F7F8AD
:10673000F0942091570230915802409159025091A3
:106740005A02C701B6010E9448F320E030E048E455
:1067500053E40E94C7FB1816CCF40E94E42985E795
:106760009CE10E94BB298091310790913207A09152
:106770003307B091340780932B0A90932C0AA0938F
:106780002D0AB0932E0A0E948B9502C01111EBCFF7
:106790002AE037ED43E25CE3609115027091160246
:1067A00080911702909118020E9448F36B017C01BE
:1067B0006091130270911402072E000C880B990B44
:1067C0000E94E9F29B01AC01C701B6010E9448F3A7
:1067D0006DAB7EAB8FAB98AF80918C09882311F1A4
:1067E000C0902D07D0902E07E0902F07F090300733
:1067F00080908D0990908E09A0908F09B09090099B
:1068000020E030E0A901C501B4010E94E3F2882331
:1068100009F442C0A5019401C701B6010E94E3F248
:1068200087FD3AC019821A821B821C821D821E8239
:106830001F82188619861A861B861C869E012F5F6A
:106840003F4F4DA95EA96FA978AD85E297E00E9400
:1068500088C980E1E5E2F7E0AFE1BAE001900D928E
:106860008A95E1F7C05CDF4F0FB6F894DEBF0FBE2C
:10687000CDBFDF91CF911F910F91FF90EF90DF90EF
:10688000CF90BF90AF909F908F907F906F905F90D0
:106890004F903F902F90089520911F0A3091200A29
:1068A0004091210A5091220A609125077091260794
:1068B00080912707909128070E949FF92B013C01A6
:1068C000498A5A8A6B8A7C8A2091230A3091240A49
:1068D0004091250A5091260A6091290770912A0754
:1068E00080912B0790912C070E949FF969AB7AAB9E
:1068F0008BAB9CAB6D8B7E8B8F8B988F2091270AF7
:106900003091280A4091290A50912A0AC701B601FC
:106910000E949FF969AF7AAF8BAF9CAF698F7A8F76
:106920008B8F9C8F20912B0A30912C0A40912D0A3D
:1069300050912E0A60913107709132078091330790
:10694000909134070E949FF94B015C018D8E9E8EC1
:10695000AF8EB8A220E030E0A901C301B2010E94CD
:10696000E3F281110CC020E030E0A90169A97AA905
:106970008BA99CA90E94E3F2882309F453CFCE018E
:1069800041960E94A9926B017C012DEB37E346E80A
:1069900055E30E94E3F287FF0FC020E030E0A90139
:1069A000C501B4010E94C7FB7501640187FF04C0E3
:1069B000F7FAF094F7F8F0942DEB37E346E855E357
:1069C000C701B6010E94E3F287FD43CF20E030E02B
:1069D00040EA50E4C701B6010E947CFA0E94E9FA3D
:1069E0001B01672B19F422242394312CB10190E070
:1069F00080E00E94E7F29B01AC0160E070E080E87B
:106A00009FE30E947CFA6DA77EA78FA798AB9B019E
:106A1000AC01C301B2010E9448F321966CAF7DAF77
:106A20008EAF9FAF21972DA53EA54FA558A969A967
:106A30007AA98BA99CA90E9448F369AB7AAB8BAB6E
:106A40009CAB2DA53EA54FA558A969AD7AAD8BADE0
:106A50009CAD0E9448F32B013C012DA53EA54FA5FE
:106A600058A9C501B4010E9448F34B015C012DA552
:106A70003EA54FA558A9C701B6010E9448F369A3D6
:106A80007AA38BA39CA31DA21EA21FA218A619A6BF
:106A90001AA61BA61CA680E1EFE1FAE08E010F5FAB
:106AA0001F4FD80101900D928A95E1F70E94A7D15E
:106AB0006B017C0128ECC20ED11CE11CF11C81E0B1
:106AC000281A310809F45AC00E94A7D1A7019601DB
:106AD000261B370B480B590B121613061406150606
:106AE0000CF450C06B017C01A8ECCA0ED11CE11C57
:106AF000F11C80E00E94A13821962CAD3DAD4EAD39
:106B00005FAD219769817A818B819C810E94A0F978
:106B100069837A838B839C8329A93AA94BA95CA9B1
:106B20006D817E818F8198850E94A0F96D837E831F
:106B30008F839887A301920169857A858B859C85CF
:106B40000E94A0F969877A878B879C87A5019401A9
:106B50006D857E858F8598890E94A0F96D877E87D7
:106B60008F87988B9E012F5D3F4F4DA95EA96FA91E
:106B700078ADC8010E9488C98111A1CF9E012F5D07
:106B80003F4F5FCE3FDAB8CF4F925F926F927F92C6
:106B90008F929F92AF92BF92CF92DF92EF92FF922D
:106BA000CF93DF936B017C018090150290901602C9
:106BB000A0901702B0901802C0911302D091140255
:106BC00084E690E090931402809313024090570261
:106BD000509058026090590270905A0280E090E004
:106BE000A0E8BFE38093570290935802A093590204
:106BF000B0935A0220E030E0A901C7010E94E3F2FD
:106C0000882341F0C0921502D0921602E09217023A
:106C1000F09218022CDD4092570250925802609276
:106C2000590270925A02D0931402C09313028092B8
:106C3000150290921602A0921702B0921802DF91EC
:106C4000CF91FF90EF90DF90CF90BF90AF909F904B
:106C50008F907F906F905F904F900895FC012081FE
:106C600080919D0D90919E0D922728E0AC01880F98
:106C7000991F57FD07C02150C9F790939E0D80932F
:106C80009D0D0895F1E28F27F0E19F27F4CF3FB7E4
:106C9000F8948091231790912417A0912517B09113
:106CA000261726B5A89B05C02F3F19F00196A11DF8
:106CB000B11D3FBFBA2FA92F982F8827BC01CD0146
:106CC000620F711D811D911D42E0660F771F881FA5
:106CD000991F4A95D1F70895FC01938591FD13C042
:106CE000987121E0903109F020E08091AA0D20FBFD
:106CF00085F98093AA0D903141F08085873419F48D
:106D000081858E3711F480E0089581E00895FC01BB
:106D100020E03EE2DB014D91BD01403249F02830D8
:106D200011F430833196DB0111974C9140833196F9
:106D30002F5F2B3079F710820895CF93DF93EC010A
:106D4000CB01E881F981608171810E94057E2881F3
:106D50003981D901ED91FC91AA81BB818C919081FF
:106D6000992359F08936C8F4CF010196F90191832E
:106D700080838C918F5F8C93EACF893670F48FE299
:106D80008083E881F981808191810196918380835C
:106D9000EA81FB8180818F5F8083DF91CF910895AD
:106DA0002F923F924F925F926F927F928F929F921B
:106DB000AF92BF92CF92DF92EF92FF920F931F9309
:106DC000CF93DF93CDB7DEB7C859D1090FB6F8948A
:106DD000DEBF0FBECDBF8C01E0964FAFE097252EF2
:106DE000362EE2967FAFE297C258DF4F3983288371
:106DF000CE57D0402091E8093091E9094091EA0945
:106E00005091EB09DC016D917D918D919C910E94D7
:106E100048F30E94D3FBC457DF4F688379838A838A
:106E20009B83CC58D0402091EC093091ED094091E2
:106E3000EE095091EF09F80164817581868197818F
:106E40000E9448F30E94D3FBC057DF4F68837983C9
:106E50008A839B83C059D0402091F0093091F10979
:106E60004091F2095091F309D80118966D917D91E6
:106E70008D919C911B970E9448F30E94D3FBCC56A6
:106E8000DF4F688379838A839B83C459D040D801BC
:106E90001C962D913D914D915C911F97A3962CAF1F
:106EA0003DAF4EAF5FAFA3972091F4093091F50944
:106EB0004091F6095091F709A3966CAD7DAD8EAD6A
:106EC0009FADA3970E9448F30E94D3FBC058DF4FA9
:106ED000688379838A839B83C058D04080E1F8011E
:106EE000DE01AF5BBF4F01900D928A95E1F7809173
:106EF000D30983FD04C08091CC098823F1F0C058E8
:106F0000DF4F088119812A813B81C058D04000930E
:106F1000670E1093680E2093690E30936A0EA39645
:106F20002CAD3DAD4EAD5FADA3972093570E309382
:106F3000580E4093590E50935A0E90914A0E8091DC
:106F4000490E891738F0891B8F3031F480E00E9498
:106F5000A138F3CF805FF7CF8091490E0E94EB8B71
:106F6000C856DF4F8883C859D0400091490E8091A0
:106F7000CA099091CB09892B11F00C9469C58091B5
:106F80005B0E90915C0EA0915D0EB0915E0EC457A9
:106F9000DF4F88809980AA80BB80CC58D040881A67
:106FA000990AAA0ABB0A80915F0E9091600EA09187
:106FB000610EB091620EC057DF4F288139814A813E
:106FC0005B81C059D040281B390B4A0B5B0B67967D
:106FD0002CAF3DAF4EAF5FAF67978091630E90913E
:106FE000640EA091650EB091660ECC56DF4F2881DD
:106FF00039814A815B81C459D040281B390B4A0B27
:107000005B0B6B962CAF3DAF4EAF5FAF6B97809134
:10701000670E9091680EA091690EB0916A0EC058EB
:10702000DF4FC880D980EA80FB80C058D040C81AA2
:10703000D90AEA0AFB0A09F481C00E94C58688239E
:1070400039F1C058DF4F88819981AA81BB81C0582E
:10705000D0408093670E9093680EA093690EB09312
:107060006A0EA3962CAD3DAD4EAD5FADA3972093B8
:10707000570E3093580E4093590E50935A0E0E945B
:10708000E42981EA91E30E94BB29C12CD12C76012D
:10709000C701B6010E94E9F22091570230915802CF
:1070A0004091590250915A020E9448F32B013C0131
:1070B00020E030E0A9010E94C7FB87FF04C077FAF7
:1070C000709477F8709420E030E048E453E46091E5
:1070D000F4097091F5098091F6099091F7090E94E1
:1070E00048F3A30192010E94E3F287FF27C0C05832
:1070F000DF4F88819981AA81BB81C058D04080939D
:10710000670E9093680EA093690EB0936A0EA396D3
:107110002CAD3DAD4EAD5FADA3972093570E309390
:10712000580E4093590E50935A0E0E94E42982E85B
:1071300091E30E94BB29C12CD12C760110E081E0A3
:10714000181419041A041B040CF080E080FB10F9D9
:1071500081E067962CAD3DAD4EAD5FAD67971216E1
:107160001306140615060CF080E080FB11F981E08F
:107170006B962CAD3DAD4EAD5FAD6B971216130601
:10718000140615060CF080E080FB12F981E01C1457
:107190001D041E041F040CF080E080FB13F9C701DE
:1071A000B6010E94E9F220915702309158024091B5
:1071B000590250915A020E9448F36B017C0120E071
:1071C00030E0A9010E94C7FB87FF66C4C701B60172
:1071D0009058402F50E0A1965FAF4EAFA19753E675
:1071E000059F90011124D901A559B14FA996BFAFB0
:1071F000AEAFA9970E94E9FAAF966CAF7DAF8EAFA4
:107200009FAFAF97A996EEADFFADA997108215AFCE
:107210006B964CAC5DAC6EAC7FAC6B9777FE08C0E8
:107220007094609450944094411C511C611C711CDA
:1072300067960CAD1DAD2EAD3FAD6797A7960CAF11
:107240001DAF2EAF3FAFA79737FF0DC030952095EC
:10725000109501951F4F2F4F3F4FA7960CAF1DAFB5
:107260002EAF3FAFA7976F968CAE9DAEAEAEBFAEC2
:107270006F97B7FE0DC022273327A90128193909B6
:107280004A095B096F962CAF3DAF4EAF5FAF6F976A
:107290006F968CAD9DADAEADBFAD6F97A996EEADBF
:1072A000FFADA997858F968FA78FB0A3A7960CAD3A
:1072B0001DAD2EAD3FADA79701A312A323A334A309
:1072C00045A256A267A270A6C501B4010E94E9F2C8
:1072D0002091BA093091BB094091BC095091BD0978
:1072E0000E9448F3EA966CAF7DAF8EAF9FAFEA97EE
:1072F00067966CAD7DAD8EAD9FAD67970E94E9F24C
:107300002091BE093091BF094091C0095091C10937
:107310000E9448F367966CAF7DAF8EAF9FAF6797C3
:107320006B966CAD7DAD8EAD9FAD6B970E94E9F213
:107330002091C2093091C3094091C4095091C509F7
:107340000E9448F34B015C01EA960CAD1DAD2EADD9
:107350003FADEA9709AB1AAB2BAB3CAB67962CADB4
:107360003DAD4EAD5FAD67972DAB3EAB4FAB58AF6C
:1073700089AE9AAEABAEBCAE2091C6093091C709BA
:107380004091C8095091C909C701B6010E9448F34C
:10739000E6966CAF7DAF8EAF9FAFE69721966CAF50
:1073A0007DAF8EAF9FAF21976F968CAD9DADAEAD8B
:1073B000BFAD6F970697A105B1050CF077C3A796EF
:1073C0000CAD1DAD2EAD3FADA797063011052105C3
:1073D00031050CF06BC316E04116510461047104D1
:1073E0000CF064C320E030E0A901E6966CAD7DAD01
:1073F0008EAD9FADE6970E94C7FB87FF50C3E69610
:107400008CAD9DADAEADBFADE697B05823E6A1966D
:107410000EAD1FADA197209FF001219FF00D11240B
:10742000E559F14F818B928BA38BB48B83E6A196A8
:107430000EAD1FADA197809FF001819FF00D11242B
:10744000E559F14FAF962CAD3DAD4EAD5FADAF9769
:1074500021A732A743A754A7458D568D678D70A1EC
:1074600001A112A123A134A185A196A1A7A1B0A534
:1074700080179107A207B30710F4D901C801841738
:107480009507A607B70710F4DB01CA01AF960CAD4C
:107490001DAD2EAD3FADAF9780179107A207B30783
:1074A00010F4D901C80123E6A1960EAD1FADA19736
:1074B000209FF001219FF00D1124E559F14F85A780
:1074C00096A7A7A7B0AB0697A105B10510F40C9439
:1074D0004CC5E25BFF4F80919E148083452B462B69
:1074E000472B19F080E00E94588283E6A1960EADEA
:1074F0001FADA197809FF001819FF00D1124E559E8
:10750000F14F81A192A1A3A1B4A1892B8A2B8B2B2E
:1075100019F081E00E94588283E6A1960EAD1FAD5E
:10752000A197809FF001819FF00D1124E559F14F43
:1075300085A196A1A7A1B0A5892B8A2B8B2B19F029
:1075400082E00E945882AF962CAD3DAD4EAD5FAD4E
:10755000AF97232B242B252B11F40C946BC50E9481
:107560001E82E090140AF090150A0091160A1091FC
:10757000170A9701A801E0966FADE097722D832D51
:10758000E2969FADE2970E94E3F287FD08C0E09685
:10759000EFACE097F22C032DE2961FADE29783E665
:1075A000A1964EAD5FADA197849FF001859FF00D30
:1075B0001124E559F14F81889288A388B488A501E8
:1075C000940160E070E080E89FE30E947CFAEA9614
:1075D0006CAF7DAF8EAF9FAFEA979701A8010E9475
:1075E00048F36B017C019091480E8091490E8917F8
:1075F00008F4B7C2891BE2968FAFE297A701960104
:1076000060E074E284E799E40E947CFA0E94D3FB74
:107610002B013C01E2968FADE29782508630A0F5B7
:107620006091E4097091E5098091E6099091E7097C
:10763000641975098609970916161706180619069A
:107640001CF5660F771F881F991FE2960FADE29712
:10765000202F30E050E040E00E942FF9CA01B9012C
:107660000E94E9F20E94E4FA640D751D861D971DC3
:107670000E94E9F29B01AC0160E074E284E799E4C6
:107680000E947CFA6B017C01A7019601C501B4013F
:107690000E9448F3EE966CAF7DAF8EAF9FAFEE9732
:1076A00083E6A1962EAD3FADA197829F8001839F77
:1076B000100D11240559114FEE968CAD9DADAEAD58
:1076C000BFADEE97F80181839283A383B48325A590
:1076D00036A547A550A9A7962CAF3DAF4EAF5FAFDB
:1076E000A797CA01B9010E94E7F26F966CAF7DAF10
:1076F0008EAF9FAF6F979B01AC01C701B6010E948F
:1077000048F30E9466FA0E94E9FACC57DF4F68837B
:1077100079838A839B83C458D040F801FE966083A6
:107720007183828393838E010F5C1F4FE1961FAF9D
:107730000EAFE19700511109C657DF4F1983088337
:10774000CA58D04008EF19E0C857DF4F19830883A3
:10775000C858D0408E01035C1F4F63961FAF0EAF19
:107760006397212C312C10E864961FAF64970FE3C8
:1077700068960FAF6897E196AEADBFADE1972D91DA
:107780003D914D915D91E196BFAFAEAFE197C701DD
:10779000B6010E9448F34B015C01C657DF4FE881F8
:1077A000F981CA58D04081929192A192B192C65764
:1077B000DF4FF983E883CA58D04020E030E0A901C8
:1077C0000E94C7FB87FF04C0B7FAB094B7F8B09423
:1077D000C857DF4FA881B981C858D0404D905D90FF
:1077E0006D907D90C857DF4FB983A883C858D040AB
:1077F000A5019401C301B2010E94E3F287FF1AC000
:10780000A5019401C301B2010E947CFA5B018C01C5
:10781000910164964FAD649768965FAD68970E943A
:10782000E3F287FF07C0150164960FAF649768966F
:107830001FAF689763960EAD1FAD6397E1962EADAF
:107840003FADE1970217130709F095CFA701960105
:10785000E6966CAD7DAD8EAD9FADE6970E9448F388
:107860006B017C01CDA6DEA6EFA6F8AA20E030E0F1
:10787000A9010E94C7FB4601570187FF04C0B7FA60
:10788000B094B7F8B0944090040A5090050A609004
:10789000060A7090070AA5019401C301B2010E9473
:1078A000E3F287FF1AC0A5019401C301B2010E944F
:1078B0007CFA5B018C01910164964FAD64976896E8
:1078C0005FAD68970E94E3F287FF07C015016496D9
:1078D0000FAF649768961FAF689720E030E040E8EC
:1078E0005FE3B10164968FAD649768969FAD68972A
:1078F0000E94E3F287FF81C0910164964FAD6497C7
:1079000068965FAD689769A17AA18BA19CA10E943E
:1079100048F369A37AA38BA39CA3910164964FAD0E
:10792000649768965FAD68976DA17EA18FA198A5B9
:107930000E9448F36DA37EA38FA398A7910164963C
:107940004FAD649768965FAD689769A57AA58BA5DA
:107950009CA50E9448F369A77AA78BA79CA79101D1
:1079600064964FAD649768965FAD6897C701B6019E
:107970000E9448F36DA77EA78FA798AB83E6A196D8
:107980004EAD5FADA197849F8001859F100D11249E
:107990000559114F78015EE3E50EF11CCC57DF4F1E
:1079A000688179818A819B81C458D0400E94E7F226
:1079B000910164964FAD649768965FAD68970E9499
:1079C00048F30E94E9FAD7016D937D938D939C93C0
:1079D0001397910164964FAD649768965FAD689771
:1079E000EE966CAD7DAD8EAD9FADEE970E9448F3E7
:1079F000F80161837283838394836F962CAD3DADD0
:107A00004EAD5FAD6F97EA966CAD7DAD8EAD9FAD1F
:107A1000EA970E9448F32B013C0183E6A1960EAD44
:107A20001FADA197809FF001819FF00D1124E559B2
:107A3000F14F458A568A678A708E858C968CA78C02
:107A4000B0A081149104A104B10409F08CC081A1FB
:107A500092A1A3A1B4A1892B8A2B8B2B09F083C0FF
:107A600085A196A1A7A1B0A5892B8A2B8B2B09F004
:107A70007AC020910C0A30910D0A40910E0A509163
:107A80000F0AC301B2010E9448F30E9466FA0E94E5
:107A9000E9FA6B017C0165C1C701B6019ACBE69694
:107AA0008CAD9DADAEADBFADE697B0CCC258DF4F4B
:107AB000A881B981CE57D040CD90DD90ED90FC905B
:107AC00020E030E0A901C701B6010E94E3F288235B
:107AD00089F083E6A1960EAD1FADA197809FF001BE
:107AE000819FF00D1124E559F14FC18AD28AE38AB2
:107AF000F48A9CCCEA962CAD3DAD4EAD5FADEA97D5
:107B000029833A834B835C8367968CAD9DADAEAD84
:107B1000BFAD67978D839E83AF83B88789869A862A
:107B2000AB86BC86E6960CAD1DAD2EAD3FADE6979F
:107B30000D871E872F87388BCE0101960E94A99250
:107B400023E6A1960EAD1FADA197209FF001219FC6
:107B5000F00D1124E559F14F618B728B838B948B5F
:107B600065CC805F47CDAF962CAD3DAD4EAD5FADE2
:107B7000AF97232B242B252B09F40CC22091080A44
:107B80003091090A40910A0A50910B0AC301B201CF
:107B90000E9448F30E9466FA0E94E9FA6B017C0198
:107BA0008091B6099091B709A091B809B091B9092F
:107BB000A996EEADFFADA99701A112A123A134A111
:107BC00067960CAF1DAF2EAF3FAF679705A116A10B
:107BD00027A130A56B960CAF1DAF2EAF3FAF6B97B3
:107BE00001A512A523A534A5AB960CAF1DAF2EAFF2
:107BF0003FAFAB97A7960CAD1DAD2EAD3FADA79790
:107C000080179107A207B30708F4CDC1811491042E
:107C1000A104B104E1F06091A6097091A7098091D7
:107C2000A8099091A9096C157D058E059F0578F42A
:107C3000A90198010E94FEF8A50194010E940DF986
:107C40002C153D054E055F0510F469017A01679614
:107C50002CAD3DAD4EAD5FAD6797232B242B252B6F
:107C600021F16091AA097091AB098091AC099091C2
:107C7000AD096C157D058E059F05B8F4A7962CAD52
:107C80003DAD4EAD5FADA7970E94FEF867962CAD57
:107C90003DAD4EAD5FAD67970E940DF92C153D05CA
:107CA0004E055F0510F469017A016B968CAD9DADB0
:107CB000AEADBFAD6B97892B8A2B8B2B21F16091D9
:107CC000AE097091AF098091B0099091B1096C151E
:107CD0007D058E059F05B8F4A7962CAD3DAD4EAD44
:107CE0005FADA7970E94FEF86B962CAD3DAD4EADF3
:107CF0005FAD6B970E940DF92C153D054E055F0594
:107D000010F469017A01AB960CAD1DAD2EAD3FADFF
:107D1000AB97012B022B032B21F16091B2097091DB
:107D2000B3098091B4099091B5096C157D058E0554
:107D30009F05B8F4A7962CAD3DAD4EAD5FADA797AE
:107D40000E94FEF8AB962CAD3DAD4EAD5FADAB974E
:107D50000E940DF92C153D054E055F0510F46901D3
:107D60007A0183E6A1962EAD3FADA197829F800157
:107D7000839F100D11240559114FF801E65BFF4F49
:107D8000C082D182E282F382C701B6010E94E7F28B
:107D90006B017C012DEB37E346E051E40E9448F390
:107DA0000E94E9FAD801D9966D937D938D939C93A7
:107DB000DC97A3019201C701B6010E947CFAF80189
:107DC000618F728F838F948F20E030E040E05FE31B
:107DD0000E9448F3A30192010E947CFA6B017C018E
:107DE000D8011196BC91A496BFAFA497F801F28177
:107DF0006C96FFAF6C97D8011396BC91AC96BFAF51
:107E0000AC97F801F481E096FFAFE097A4962FAD10
:107E1000A4976C963FAD6C974B2F5F2FA4966FADD8
:107E2000A4976C967FAD6C978B2F9F2F0E9448F381
:107E300064966FAF649768967FAF6897A8968FAF88
:107E4000A897E3969FAFE3979B01AC01B601C701EA
:107E50000E94C7FB181664F06496CFAE64976896CC
:107E6000DFAE6897A896EFAEA897E396FFAEE397CC
:107E700080E1FE01B196DE01519601900D928A9546
:107E8000E1F7E2960FADE297002309F470C020906D
:107E9000991710919A17E2961FAFE29700919B17DE
:107EA000E7960FAFE79730909C172DEB37E346E846
:107EB00055E3622D712F802F932D0E94E3F287FDF1
:107EC00056C0222D312F402F532DA4966FADA4976D
:107ED0006C967FAD6C97AC968FADAC97E0969FADEE
:107EE000E0970E94E3F287FF71C1222D312F402FCE
:107EF000532DA4966FADA4976C967FAD6C97AC96FE
:107F00008FADAC97E0969FADE0970E947CFA2B0175
:107F10003C019DE9292E97E1392E8E010F5E1F4FFE
:107F20002DEAE22E27E1F22ED1012D913D914D91C6
:107F30005D911D01F80181909190A190B1908F0108
:107F40006F01F4E0CF1AD108C301B2010E9448F3D7
:107F50009B01AC01C501B4010E949FF9D6016D934C
:107F60007D938D939C931397E214F304E9F6A49602
:107F70002FACA4976C960FAD6C97E2960FAFE2977B
:107F8000AC961FADAC97E7961FAFE797E0963FAC76
:107F9000E09764C12091100A3091110A4091120AB1
:107FA0005091130AF3CD81149104A104B10409F492
:107FB0003FC06091A6097091A7098091A80990918E
:107FC000A9096C157D058E059F0590F50E94E7F2C5
:107FD0006F962CAD3DAD4EAD5FAD6F970E9448F3EF
:107FE000E6966CAF7DAF8EAF9FAFE697C501B4014B
:107FF0000E94E7F29B01AC01E6966CAD7DAD8EADC3
:108000009FADE6970E947CFA4B015C01C701B60167
:108010000E94E7F29B01AC01C501B4010E94E3F2AA
:1080200087FF06C0C501B4010E94E9FA6B017C011B
:1080300067962CAD3DAD4EAD5FAD6797232B242BDE
:10804000252BD9F16091AA097091AB098091AC09F7
:108050009091AD096C157D058E059F0570F50E9408
:10806000E7F26F962CAD3DAD4EAD5FAD6F970E94C0
:1080700048F34B015C0167966CAD7DAD8EAD9FAD55
:1080800067970E94E7F29B01AC01C501B4010E9411
:108090007CFA4B015C01C701B6010E94E7F29B012B
:1080A000AC01C501B4010E94E3F287FF06C0C5011F
:1080B000B4010E94E9FA6B017C016B968CAD9DAD19
:1080C000AEADBFAD6B97892B8A2B8B2BD9F160910D
:1080D000AE097091AF098091B0099091B1096C150A
:1080E0007D058E059F0570F50E94E7F26F962CAD19
:1080F0003DAD4EAD5FAD6F970E9448F34B015C0103
:108100006B966CAD7DAD8EAD9FAD6B970E94E7F227
:108110009B01AC01C501B4010E947CFA4B015C01DA
:10812000C701B6010E94E7F29B01AC01C501B40191
:108130000E94E3F287FF06C0C501B4010E94E9FA7C
:108140006B017C01AB960CAD1DAD2EAD3FADAB9779
:10815000012B022B032B09F404CE6091B20970911C
:10816000B3098091B4099091B5096C157D058E0510
:108170009F0508F0F6CD0E94E7F26F962CAD3DAD5D
:108180004EAD5FAD6F970E9448F34B015C01AB961B
:108190006CAD7DAD8EAD9FADAB970E94E7F29B01BC
:1081A000AC01C501B4010E947CFA4B015C01C7011E
:1081B000B6010E94E7F29B01AC01C501B4010E9427
:1081C000E3F287FFCECDC501B40161CCA4962FADFB
:1081D000A4976C963FAD6C97AC964FADAC97E0967C
:1081E0005FADE097622DE2967FADE297E7968FADA7
:1081F000E797932D0E947CFA4B015C012E01B1E1BF
:108200004B0E511C0DE917E13E01E1E26E0E711CAF
:10821000D2012D913D914D915D912D01F801C190BB
:10822000D190E190F1908F01CD010497EC969FAF32
:108230008EAFEC97C501B4010E9448F3A7019601E7
:108240000E949FF9EC96AEADBFADEC976D937D9318
:108250008D939C93139764147504D1F68E010F5E71
:108260001F4F26E939E0EC963FAF2EAFEC97AE01F9
:108270004F5D5F4F63965FAF4EAF6397812C912C3C
:1082800080E8A82E8FE3B82ED801CD90DD90ED9038
:10829000FD908D0120E030E0A901C701B6010E94E8
:1082A000C7FB87FF04C0F7FAF094F7F8F094EC9658
:1082B000EEADFFADEC974190519061907190EC96CE
:1082C000FFAFEEAFEC97A5019401C701B6010E9484
:1082D00048F39B01AC01C301B2010E94E3F287FFA6
:1082E00008C0A7019601C301B2010E947CFA4B01AC
:1082F0005C0163962EAD3FAD63972017310721F6E1
:10830000A5019401622DE2967FADE297E7968FADCD
:10831000E797932D0E9448F39B01AC010E9448F31C
:108320006B017C0164962FAD649768963FAD6897AA
:10833000A8964FADA897E3965FADE3970E94E3F24E
:1083400087FF0CC06496CFAC64976896DFAC6897E3
:10835000A896EFACA897E396FFACE39783E6A196C7
:108360004EAD5FADA197849F8001859F100D1124B4
:10837000C8018559914FA601B701DC011D964D93A7
:108380005D936D937C93509764964FAD6497689618
:108390005FAD6897A8966FADA897E3967FADE3971A
:1083A000FC01458356836783708719964D935D93CF
:1083B0006D937C931C97EE5BFF4F108211821282AB
:1083C0001382FC0120812160208320E1FE01B1960F
:1083D000ADE9B7E101900D922A95E1F7A4964FAD72
:1083E000A4976C965FAD6C97AC966FADAC97E0962A
:1083F0007FADE0974093991750939A1760939B171E
:1084000070939C17C457DF4F288139814A815B8163
:10841000CC58D04020935B0E30935C0E40935D0EA1
:1084200050935E0EC057DF4F288139814A815B81AE
:10843000C059D04020935F0E3093600E4093610E80
:108440005093620ECC56DF4F288139814A815B817F
:10845000C459D0402093630E3093640E4093650E50
:108460005093660EC058DF4F288139814A815B8165
:10847000C058D0402093670E3093680E4093690E29
:1084800050936A0E815B9F4FE091950934E0E39F22
:10849000F0011124E25BF44F4081518162817381CC
:1084A000DC014D935D936D937C93139780914B0EFC
:1084B00090914C0EA0914D0EB0914E0E89839A83EF
:1084C000AB83BC8380914F0E9091500EA091510EC2
:1084D000B091520E8D839E83AF83B8878091530EE7
:1084E0009091540EA091550EB091560E89879A879F
:1084F000AB87BC878091570E9091580EA091590E72
:10850000B0915A0E8D879E87AF87B88BCE010196AA
:108510000E942F97D801A254B14F80E1FE013196FD
:1085200001900D928A95E1F780E1FE01EF5BFF4F2C
:10853000ABE4BEE001900D928A95E1F79091490E6F
:1085400080914A0E981303C084E68093470EC85664
:10855000DF4F0881C859D0400093490EC258DF4F01
:10856000A881B981CE57D0401896FC9018971996DB
:108570000C9119971A961C911A971B96EC90649679
:108580002FAD649768963FAD6897A8964FADA897B2
:10859000E3965FADE3976F2D702F812F9E2D0E9484
:1085A000C7FB181664F46496FFAE649768960FAF25
:1085B0006897A8961FAFA897E396EFAEE397109140
:1085C000490E112309F40CC11150D090480EF12C22
:1085D000E12C03E61D1509F4BBC0612E712C069D2C
:1085E000F001079DF00D1124E559F14F808182FDC6
:1085F00020C1E114F10421F0F701808180FFA8C0BF
:10860000069DF001079DF00D1124E559F14F2580DD
:108610003680478050842585A0962FAFA097368559
:10862000A4963FAFA497878440896C964FAF6C9710
:10863000482D6C965FAD6C97C201B1010E94E3F2C8
:10864000882309F485C0E114F10409F4CBC0D701F3
:108650001596CC9015971696BC9016971796AC90D9
:1086600017971896FC90069DC001079D900D112448
:10867000FC01E559F14FAD96FFAFEEAFAD97618DBF
:10868000728D838D948D90589B01AC010E94A0F94E
:10869000AD96AEADBFADAD9751962D913D914D913B
:1086A0005C9154970E9448F39B01AC016C2D7B2D8B
:1086B0008A2D9F2D0E949FF9962EA72EB82EC92E87
:1086C000262F372F482F592FA0966FADA097A4962D
:1086D0007FADA497882D6C969FAD6C970E94E3F2B6
:1086E00087FD8DC0292D3A2D4B2D5C2DC201B10186
:1086F0000E94E3F2882361F1069DF001079DF00DD1
:108700001124E559F14F8081816080832091930984
:10871000309194098091930990919409821793075D
:1087200009F078C0109FC0011124FC01E559F14FF8
:108730007F01069DC001079D900D1124E217F307EC
:1087400009F06AC0FC01E559F14F80818E7F80837A
:10875000C0904A0EB091490EE796BFAFE797B12C93
:10876000A4961FAEA497212C312CF12CE12CE79676
:10877000EFADE797EC1509F46CC18C2C912CF3E666
:10878000CF9EC00111248C010559114FA1961FAF36
:108790000EAFA197D8018C9182FD56C18C9180FFBC
:1087A00016C0E114F10409F055C019966D917D9140
:1087B0008D919C911C97F8016583768387839087C0
:1087C0000E940DFCB62EA4967FAFA4971C018C2DA1
:1087D0000E94EB8BC82EA196EEACFFACA197C7CF41
:1087E0001FE0F3CE6496CFAC64976896BFAC6897F1
:1087F000A896AFACA897E396FFACE39734CFA096CA
:108800009FACA097A496AFACA497B82C6C96CFACB5
:108810006C9772CF9C017ECF8559914F492D5A2D6F
:108820006B2D7C2DDC0115964D935D936D937C93A0
:108830001897112369F011508D2DD090480ED8163D
:1088400009F4C8CE811709F483CF0E94EB8BF5CFD2
:108850001FE0F2CFD7018C9181608C9380919309B6
:108860009091940920919309309194092817390720
:1088700089F5B3E6B89DF001B99DF00D1124E559D5
:10888000F14FA184D28403851485E816F90621F5F9
:108890008A2D9D2DD80185839683A783B087EE5BB3
:1088A000FF4F80819181A281B381892B8A2B8B2BF1
:1088B00061F4D701AA5BBF4F8D919D910D90BC9142
:1088C000A02D80839183A283B383D7018C918E7F67
:1088D0008C937DCFC901C6CF458056806780708458
:1088E0002A2D3D2DA801C301B2010E94E3F2882385
:1088F00009F487C0D70115962D913D914D915C915A
:1089000018976F962CAF3DAF4EAF5FAF6F97C30117
:10891000B2010E94C7FB18160CF063C0F701618D0D
:10892000728D838D948D90589B01AC010E94A0F9AB
:10893000D70151962D913D914D915C9154970E9494
:1089400048F39B01AC016F966CAD7DAD8EAD9FADD4
:108950006F970E949FF96C966FAF6C97AC967FAF44
:10896000AC97E0968FAFE097E2969FAFE2979B01BE
:10897000AC01C301B2010E94C7FB181694F52A2D61
:108980003D2DA8016C966FAD6C97AC967FADAC9702
:10899000E0968FADE097E2969FADE2970E94E3F2FA
:1089A00087FD0CC06C96AFAC6C97AC96DFACAC9707
:1089B000E0960FADE097E2961FADE297B3E6B89D63
:1089C000F001B99DF00D1124E559F14F8A2D9D2D2F
:1089D000D80185839683A783B08785879687A787E5
:1089E000B08B03E6089DF001099DF00D1124E559B7
:1089F000F14F85819681A781B08581879287A38772
:108A0000B48713E6189DF001199DF00D1124E55966
:108A1000F14F65817681878190850E940DFC4B0125
:108A2000A82ED92E8B01282F392F4B2DA4965FAD60
:108A3000A497B101C7010E945E8AB82CA4969FAE8C
:108A4000A4972A2C3D2C41CFA196FFAEEEAEA19764
:108A5000BECEE114F10401F1F701808180FF1CC05A
:108A600064966FAD649768967FAD6897A8968FAD52
:108A7000A897E3969FADE3970E940DFC8B019C01A4
:108A80004B2DA4965FADA497B101C7010E945E8AE9
:108A9000D7018C918E7F8C930E949E2981E0C856CD
:108AA000DF4F0FB6F894DEBF0FBECDBFDF91CF9181
:108AB0001F910F91FF90EF90DF90CF90BF90AF90FC
:108AC0009F908F907F906F905F904F903F902F90EE
:108AD000089580E0E4CFE090180AF090190A009120
:108AE0001A0A10911B0A0C94B9BA90919D1590FF27
:108AF00006C09091C00095FFFCCF8093C600909176
:108B00009D1591FF06C09091C80095FFFCCF809302
:108B1000CE000895CF93DF9300D01F92CDB7DEB77C
:108B2000611104C06091EA03662371F01C821B820C
:108B3000898381E08A836B8344E0BE016F5F7F4F4E
:108B400080EA90E00E94094D0F900F900F900F90D7
:108B5000DF91CF910895AF92BF92CF92DF92EF92C3
:108B6000FF920F93CF93DF936B01C42FD22F62E854
:108B70000E94F14CC6010E94E3F17C018C2F90E031
:108B8000E816F90690F4E114F10401F1CE19DD23A1
:108B900071F08E199F0996958795D82FC81BD150D3
:108BA00030F080E20E949D4CFACF7C01C0E0B12CF5
:108BB000A12CAE14BF0451F0F601EA0DFB1D849107
:108BC0000E949D4C8FEFA81AB80AF3CFD0E2011192
:108BD00001C0D0E0C15020F08D2F0E949D4CFACFF3
:108BE000DF91CF910F91FF90EF90DF90CF90BF90EA
:108BF000AF900895DF92EF92FF920F931F93CF9360
:108C0000DF937B01142FD22E62E80E94F14CE70122
:108C100009900020E9F72197CE19DF09812F90E014
:108C2000C817D90798F42097F1F01C1BDD2081F0BC
:108C30008C1B9D0B96958795D82E181BDA948FEF79
:108C4000D81631F080E20E949D4CF8CFEC0110E084
:108C5000CE0DDF1DEC16FD0631F0F70181917F018D
:108C60000E949D4CF7CFC0E2011101C0C0E011503D
:108C700020F08C2F0E949D4CFACFDF91CF911F9155
:108C80000F91FF90EF90DF900895CF92DF92EF92D7
:108C9000FF92C0908F0DD090900DE090910DF090CC
:108CA000920DA70196016091980D7091990D809198
:108CB0009A0D90919B0D0E94E3F287FD04C0809174
:108CC0008E0D882379F0C092980DD092990DE09284
:108CD0009A0DF0929B0D10929C0DFF90EF90DF90FB
:108CE000CF90089581E080939C0DF7CFCF92DF92D3
:108CF000EF92FF92C090E603D090E703E090E80384
:108D0000F090E903A70196016091930D7091940D85
:108D10008091950D9091960D0E94E3F287FD04C01D
:108D200080918E0D882379F0C092930DD092940D8E
:108D3000E092950DF092960D1092970DFF90EF90A6
:108D4000DF90CF90089581E08093970DF7CF0F9338
:108D500043E150E06BEC71E380EA94E10E9404F29D
:108D6000892B31F48091B31464EB74E1803211F0FB
:108D700060EA74E140E250E08DE69DE00E94C6FCAE
:108D800010928D0D00E020E040E26DE67DE080E095
:108D900090E330DF1092690D10926A0D10926B0D06
:108DA00010926C0D0F91089580EA94E1FC010190FE
:108DB0000020E9F7CF01805E9441813C9F4760F439
:108DC000E0EAF4E18FE390E027AD207C203839F031
:108DD00080569B4EFC01108280EA94E10895019731
:108DE00031978F3F980781F7F7CF1F93CF93DF938A
:108DF000FC0120812B3309F447C020915B02243011
:108E000008F042C0C42FD62FBC0180915D0212E64B
:108E1000819FC0011124825A9D4F0E94B1FC209174
:108E20005D02822F90E0189FF001199FF00D112430
:108E3000DF01A254BD4FDC93E154FD4FC083880F86
:108E4000991F880F991FFC01E25BF44F80915E0B24
:108E500090915F0BA091600BB091610B8083918327
:108E6000A283B3832F5F243060F420935D0280914E
:108E70005B028F5F80935B0281E0DF91CF911F9156
:108E8000089510925D02F3CF80E0F7CFEF92FF924A
:108E90000F931F93CF93DF93CDB7DEB764970FB6D1
:108EA000F894DEBF0FBECDBF7C01FB0160817181F4
:108EB000828193818E010F5F1F4F22E041E00E946B
:108EC00001EEF70101900020E9F79F0121503109DF
:108ED0002E193F092233310550F443E350E0421B81
:108EE000530BBC01C701820F931F0E942CF2C701D4
:108EF00064960FB6F894DEBF0FBECDBFDF91CF9161
:108F00001F910F91FF90EF9008958F929F92AF92D3
:108F1000BF92EF92FF921F93CF93DF93CDB7DEB74F
:108F2000A0970FB6F894DEBF0FBECDBF61157105D7
:108F30008105910589F120E04AE0842E912CA12C35
:108F4000B12C11E0120FEE24E394F12CEC0EFD1E77
:108F5000E20EF11C27FDFA94A50194010E940DF97F
:108F6000F7016083B901CA01212F611571058105DF
:108F7000910539F7115008F1E1E0F0E0EC0FFD1F29
:108F8000E10FF11D17FDFA95908187E39A3008F4FF
:108F900080E3890FAADDEECF80E3A0960FB6F894A8
:108FA000DEBF0FBECDBFDF91CF911F91FF90EF903D
:108FB000BF90AF909F908F9098CDA0960FB6F894E9
:108FC000DEBF0FBECDBFDF91CF911F91FF90EF901D
:108FD000BF90AF909F908F900895CF92DF92EF92C5
:108FE000FF926B017C01F7FE0AC0F094E094D094EC
:108FF000C094C11CD11CE11CF11C8DE276DDC701BF
:10900000B601FF90EF90DF90CF907FCF41E060E01E
:109010000C94679D80919D1580FF04C09091B10ACA
:109020009093B20A81FF04C080912F0A8093300A86
:1090300008958F929F92AF92BF92CF92DF92EF925C
:10904000FF92CF936B017C01B42E20E030E0A901A8
:109050000E94E3F287FF06C08DE247DDF7FAF09445
:10906000F7F8F094C0E060E070E080E09FE3CB159B
:1090700041F02DEC3CEC4CEC5DE30E9448F3CF5FFB
:10908000F6CFA70196010E94A0F96B017C010E9416
:10909000E9FA4B015C0139DFCC2361F1C501B40170
:1090A0000E94E7F29B01AC01C701B6010E949FF943
:1090B0006B017C018EE219DDC150E0F020E030E070
:1090C00040E251E4C701B6010E9448F36B017C0104
:1090D0000E94E9FA4B015C0118DFC501B4010E944E
:1090E000E7F29B01AC01C701B6010E949FF96B0139
:1090F0007C01E2CFCF91FF90EF90DF90CF90BF90B7
:10910000AF909F908F900895CF93DF93CDB7DEB748
:1091100060970FB6F894DEBF0FBECDBFEFE1FAE067
:1091200080819181A281B38189839A83AB83BC833F
:1091300084819581A681B7818D839E83AF83B88713
:1091400080859185A285B38589879A87AB87BC87FF
:1091500084859585A685B7858D879E87AF87B88BD3
:10916000CE0101960E942F9749815A816B817C81A3
:1091700088EC91E30E94D1294D815E816F817885D1
:1091800084EC91E30E94D12949855A856B857C85C1
:1091900080EC91E30E94D1294D855E856F857889A9
:1091A0008CEB91E30E94D12960960FB6F894DEBF54
:1091B0000FBECDBFDF91CF910895CF93DF93CDB791
:1091C000DEB780911E0A811110C09E01275F3F4FBC
:1091D0004F8158856FE370E080EA94E10E94ABF222
:1091E00080EA94E10E947332B2DDDF91CF9108955D
:1091F0008F929F92AF92BF92CF92DF92EF92FF92A7
:109200000F931F93CF93DF93B4E4A0E06A2F70E035
:10921000AB014B0F511D55954795411119C0EDE913
:10922000FCE265917491072E000C880B990B0E944B
:10923000E9F2DF91CF911F910F91FF90EF90DF90B6
:10924000CF90BF90AF909F908F900895B42FE0CFB4
:109250004A1711F0B41303C0E9EAFDE2E2CF9A0124
:1092600021503109220F331F220F331FF901E55618
:10927000F34DE590F490F901E156F34DC591D49189
:109280008E159F0518F3A42FC817D90708F4BECF71
:10929000F901E356F34D05911491F901EF55F34DA2
:1092A000C590D4908E199F09BC0190E080E00E9487
:1092B000E7F24B015C01B601601B710B072E000C3D
:1092C000880B990B0E94E9F29B01AC01C501B40126
:1092D0000E9448F34B015C01CE19DF09BE0190E00A
:1092E00080E00E94E7F29B01AC01C501B4010E943D
:1092F0007CFA6B017C01B801110F880B990B0E945D
:10930000E9F29B01AC01C701B6010E94A0F991CF1F
:10931000CF92DF92EF92FF920F931F93CF93DF9341
:10932000CDB7DEB760970FB6F894DEBF0FBECDBFE6
:10933000FC016A017B01890190E1DE011196019037
:109340000D929A95E1F7CE0101960E94578980917E
:10935000CA099091CB09892BB1F49801B701A601F4
:10936000CE0101960E94D0B660960FB6F894DEBF8B
:109370000FBECDBFDF91CF911F910F91FF90EF9066
:10938000DF90CF90089580E0EFCFCF93DF9390915F
:109390004A0E8091490E891738F0891B8F3031F4BD
:1093A00080E00E94A138F3CF805FF7CF8091490E13
:1093B0000E94EB8BA091490E93E6A99FD001112446
:1093C000FD01E559F14FEF0119929A95E9F7908166
:1093D00094609083A857B14F90E1EBE5FEE00190D7
:1093E0000D929A95E1F72091490E90914A0E29131A
:1093F00003C094E69093470E8093490EDF91CF917E
:109400000C949E29CF93DF93CDB7DEB760970FB64C
:10941000F894DEBF0FBECDBF80E1EFE1FAE0DE01E0
:10942000119601900D928A95E1F7CE0101960E9466
:109430005789CE0101960E946B8760960FB6F8940B
:10944000DEBF0FBECDBFDF91CF910895DF92EF92C7
:10945000FF920F931F93CF93DF931F92CDB7DEB789
:109460008C01D42E7C01E60EF71E8091910990911B
:1094700092090E94E8F88983DD2011F0F8018083C9
:10948000CE0101960E942EB6809191099091920989
:10949000019690939209809391090F5F1F4F0E15CB
:1094A0001F0519F780E00F90DF91CF911F910F9169
:1094B000FF90EF90DF90089590E0FC01EE5DFE4C90
:1094C000249184529F4CFC018491882399F090E070
:1094D000880F991FFC01EE53FF4CA591B491FC013C
:1094E000E855FF4C859194918FB7F894EC91E22B5D
:1094F000EC938FBF0895CF93C82F41E00E94642B57
:10950000C11103C0CF910C94E429CF910895CF935A
:10951000DF9369E970E3EFDFC4EDD9E04C895D8941
:109520006E897F8981E990E30E94D129488D598D08
:109530006A8D7B8D8EE890E30E94D1294C8D5D8DE4
:109540006E8D7F8D8BE890E30E94D12948A159A1AF
:109550006AA17BA188E890E30E94D129DF91CF9195
:109560000C94E729CF92DF92EF92FF92CF936B0199
:109570007C01AC019B0160918D0970918E098091F5
:109580008F09909190090E94E3F2882309F457C053
:10959000C0918C0980E00E94882620E030E0A9017B
:1095A000C701B6010E94C7FB18161CF0C12CD12CB4
:1095B0007601C0928D09D0928E09E0928F09F092C7
:1095C00090092DEB37E346E855EBC701B6010E9441
:1095D000C7FB87FD0AC02DEB37E346E855E3C7011B
:1095E000B6010E94E3F2181634F5A701960160E077
:1095F00070E080E89FE30E947CFA60938809709392
:10960000890980938A0990938B0980EF9FEFA9E7DE
:10961000B4EC8093840990938509A0938609B09354
:109620008709CC2361F081E0CF91FF90EF90DF902C
:10963000CF900C94882660E070E0CB01DECFCF9114
:10964000FF90EF90DF90CF9008950E9440378111F6
:109650001BC00E945D37882369F08091330B811114
:1096600006C086E799E040E061E00C94679D83E3E3
:109670009BE0F9CF80918309813049F084E590E344
:1096800041E06FEF0C949A9D8BE790E3F9CF8FE662
:1096900090E3F6CFCF93E0915C024E2F50E092E63C
:1096A000E99FF0011124E154FD4F20812830D8F4C6
:1096B000C0919D1581E001C0880F2A95EAF780933B
:1096C0009D15949FF001959FF00D1124E254FD4FDC
:1096D0008081811106C081E590E30E94BB290E9430
:1096E000E729C0939D15CF91089581508A3090F558
:1096F000E82F880FFF0B8827EF57F4438F4F0C9408
:1097000097F98BCB92CB95CB98CB8FCB9BCBA7CB21
:109710009ECBA1CBA4CB8DE190E30C94DBA08FE09A
:1097200090E3FBCF8BEF9FE2F8CF88EE9FE2F5CF7F
:109730008BED9FE2F2CF8EEC9FE2EFCF80EC9FE2C9
:10974000ECCF80EB9FE2E9CF83EA9FE2E6CF83E9AB
:109750009FE2E3CF0895CF93DF9390917009911129
:109760000DC0EA0140E00E94792D209719F0CE014A
:109770000E94552DDF91CF910C94712DDF91CF91E7
:1097800008954F925F926F927F928F929F92AF92C5
:10979000BF92CF92DF92EF92FF92CF93DF9300D0F0
:1097A00000D01F921F92CDB7DEB7DC011496CD908A
:1097B000DD90ED90FC9017978D909D90AD90BC90B2
:1097C000E091450EF091460EFE83ED8384819581F4
:1097D000A681B78189839A83AB83BC839C01AD0149
:1097E000C701B6010E949FF92B013C01AD81BE81EA
:1097F0008D919D910D90BC91A02D8D839E83AF8303
:10980000B88727E137EB41ED58EBC301B2010E9465
:10981000C7FB87FDD1C023E030E046E953E4C30134
:10982000B2010E94E3F218160CF4C6C02D813E81ED
:109830004F815885C501B4010E949FF92B013C015D
:1098400027E137EB41ED58EB0E94C7FB87FDB4C021
:1098500023E030E046E953E4C301B2010E94E3F2A1
:1098600018160CF4A9C020E030E0A9016D817E81BA
:109870008F8198850E94A0F92B013C0120E030E007
:109880004CE052E40E94E3F287FF06C0412C512CC9
:109890003CE0632E32E4732E27E137EB41ED58E3D1
:1098A000C301B2010E949FF99B01AC01C501B40143
:1098B0000E94C7FB87FD80C020E030E046E953E40A
:1098C0006D817E818F8198850E94A0F92B013C01DA
:1098D00020E030E041E953E40E94C7FB181634F45D
:1098E000412C512C21E9622E23E4722E27E137EB23
:1098F00041ED58E3C301B2010E94A0F99B01AC0104
:10990000C501B4010E94E3F218160CF455C020E022
:1099100030E0A90169817A818B819C810E94A0F944
:109920004B015C0120E030E040E251E40E94E3F2B0
:1099300087FF06C0812C912C90E2A92E91E4B92ECC
:1099400027E137EB41ED58E3C501B4010E949FF9CF
:109950009B01AC01C701B6010E94C7FB87FD2CC06B
:1099600020E030E046E953E469817A818B819C8173
:109970000E94A0F94B015C0120E030E04CE853E488
:109980000E94C7FB181634F4812C912C8CE8A82E69
:1099900083E4B82E27E137EB41ED58E3C501B4016C
:1099A0000E94A0F99B01AC01B1E0B983C701B601E7
:1099B0000E94E3F218160CF41982898128960FB6DA
:1099C000F894DEBF0FBECDBFDF91CF91FF90EF9037
:1099D000DF90CF90BF90AF909F908F907F906F90CF
:1099E0005F904F9008952F923F924F925F926F92A7
:1099F0007F928F929F92AF92BF92CF92DF92EF921F
:109A0000FF920F931F93CF93DF93CDB7DEB76A9783
:109A10000FB6F894DEBF0FBECDBF6D877E878F87F0
:109A2000988B298B3A8B4B8B5C8B0D8BEA8E4090FD
:109A3000270A5090280A6090290A70902A0A20E08C
:109A400030E040E850E4C301B2010E94C7FB1816A1
:109A500034F0412C512C40E8642E40E4742E8D8566
:109A60009E85AF85B88989839A83AB83BC838989B6
:109A70009A89AB89BC898D839E83AF83B8874986D9
:109A80005A866B867C86CE0101967BDE882309F49C
:109A90006DC1E090450EF090460ED7012D913D919D
:109AA0004D915C916D857E858F8598890E949FF987
:109AB0006E8B7F8B888F998F69837A838B839C834E
:109AC000F701248135814681578169897A898B899B
:109AD0009C890E949FF99B01AC012D833E834F839B
:109AE0005887A0905102B0905202C0905302D0907B
:109AF0005402830172016E897F89888D998D0E943D
:109B000028948091000183FD0E94714B80915D0932
:109B1000811104C060E081E00E947099C090410E04
:109B2000D090420EE090430EF090440E4601570153
:109B3000B7FAB094B7F8B09480915C09282E312C14
:109B4000359427943594279420E030E0A901C7018B
:109B5000B6010E94E3F287FFD2C0B82DA92DFA2DDD
:109B6000EB2D20E030E040E151E46B2F7A2F8F2F76
:109B70009E2F0E94A0F92B013C012091270A3091D1
:109B8000280A4091290A50912A0A0E94E3F287FF8D
:109B900016C00E94C54B811112C020E030E040E2A7
:109BA00052E4C301B2010E94E495811108C020E093
:109BB00041E060E070E080E890E40E94E9940E9457
:109BC000C54B182F811128C020E030E040E050E460
:109BD000C501B4010E949FF92B013C01C101809590
:109BE0009095817099272AE0289FB001299F700DD8
:109BF0001124072E000C880B990B0E94E9F29B019F
:109C0000AC01C301B2010E949FF920E030E040EABC
:109C100051E40E94E495182F4090270A5090280A9A
:109C20006090290A70902A0AA701960160E070E00E
:109C300080E490E40E949FF9A30192010E94E3F264
:109C400087FF9BC0412C512C20EC622E2FE7722EF7
:109C50002091410E3091420E4091430E5091440E9E
:109C6000C301B2010E94A0F96B017C01AC019B0110
:109C70000E944FFC811153C0FD89F13068F0F33030
:109C800008F442C0F33041F420E041E060E070E0CD
:109C900080E890E40E94E9948A8D833008F44BC0F8
:109CA00020915E0930915F094091600950916109EE
:109CB0006D857E858F8598890E94A0F9AB01BC01D6
:109CC00088E59FE20E94D1292091620930916309C1
:109CD000409164095091650969897A898B899C89C9
:109CE0000E94A0F9AB01BC0183E59FE20E94D1294B
:109CF000B701A6018EE49FE20E94E12B1CC0B0E0F8
:109D0000A0E0F0E0E0E02DCF80E00E94E525882390
:109D100019F2C12CD12C90ECE92E9FE7F92E80E0AE
:109D20000E94E52580E79FE271D90E94E12980E643
:109D30009FE20E94BB29C701B6016A960FB6F8944C
:109D4000DEBF0FBECDBFDF91CF911F910F91FF906E
:109D5000EF90DF90CF90BF90AF909F908F907F90CB
:109D60006F905F904F903F902F900895C12CD12C11
:109D700080ECE82E8FE7F82EDECF112309F468CFB0
:109D800061CF6F927F928F929F92AF92BF92CF924C
:109D9000DF92EF92FF920F931F93CF93DF93CDB794
:109DA000DEB76C970FB6F894DEBF0FBECDBF782E2E
:109DB0004A015B016801790120E030E0A901C70197
:109DC000B8010E94E3F2811111C0772019F081E0FF
:109DD000781291C060E070E081E695E420E030E028
:109DE00040E752E40E947CFA6B017C01072D10E0F1
:109DF000F801E55BF04DE491772473941E160CF4A2
:109E0000712C6624639420E030E0A901C501B401FF
:109E10000E94C7FB18160CF0612C80E00E94278876
:109E200069837A838B839C8381E00E9427886D837A
:109E30007E838F83988782E00E94278869877A874C
:109E40008B879C8783E00E9427886D877E878F871A
:109E5000988B000F111F000F111FE1E0F0E0EC0FD5
:109E6000FD1F0E0F1F1FF801108211821282138234
:109E7000CE0101960E946B87F80180829182A282B6
:109E8000B382198A1A8A1B8A1C8A1D8A1E8A1F8A13
:109E9000188E198E1A8E1B8E1C8E8091CA09909175
:109EA000CB09892B49F49E012F5E3F4FB701A601D4
:109EB000CE0101960E94D0B60E945A87761431F0E6
:109EC00080915B098823E1F010925B096C960FB6D4
:109ED000F894DEBF0FBECDBFDF91CF911F910F91E0
:109EE000FF90EF90DF90CF90BF90AF909F908F90BA
:109EF0007F906F90089560E070E086E195E46ECF0A
:109F000040E070E060E08DE39FE20E9463367F9264
:109F10008F929F92AF92BF92CF92DF92EF92FF9279
:109F20000F931F93CF93DF93762E872E982EA92E13
:109F3000C42F80913702882309F47FC080913802B2
:109F400081117BC0413009F456C0423009F464C02D
:109F5000F090390200913A0210913B02D0913C02FC
:109F6000B0904502C0904602D0904702E09048026F
:109F70002F2D302F412F5D2F672D782D892D9A2D74
:109F80000E94E3F287FD12C02B2D3C2D4D2D5E2D3E
:109F9000672D782D892D9A2D0E94C7FBFB2C8601F9
:109FA000DE2D18161CF0F72C8401DA2D84E0C89FF2
:109FB000A0011124FA01E15EF54F8F2D902FA12F02
:109FC000BD2F80839183A283B38347565B4FFA01F1
:109FD0006081718182819381DF91CF911F910F9177
:109FE000FF90EF90DF90CF90BF90AF909F908F90B9
:109FF0007F900C940094F0903D0200913E021091ED
:10A000003F02D0914002B0904902C0904A02D090E5
:10A010004B02E0904C02ACCFF09041020091420222
:10A0200010914302D0914402B0904D02C0904E0274
:10A03000D0904F02E09050029BCFB12C80E5C82E0B
:10A0400093ECD92E27E4E22EF12C00E513ECD7ECAB
:10A050008FCFCF92DF92EF92FF922091C209309181
:10A06000C3094091C4095091C5090E947CFA6B0153
:10A070007C0120E030E0A9010E94C7FB181664F4BF
:10A08000C701B6010E9466FA0E94E4FACB01FF9074
:10A09000EF90DF90CF900895C701B6010E9415FBA5
:10A0A000F3CFEF92FF920F93CF937C01C62F8CE3F7
:10A0B0009FE20E94129F01E021E040E2B70180E2AE
:10A0C00091E10E94ABC521E040E26CE37FE280E4D5
:10A0D00091E10E94ABC521E040E26CE37FE280E6C3
:10A0E00091E10E94ABC5C93F11F0C09336021092B6
:10A0F0005A0989EF80935909CF910F91FF90EF9002
:10A100000895282F30E0F901EA50F14D9491F901BA
:10A11000EE5DFE4C449124523F4CF90124912223E0
:10A1200009F435C0992311F191509231F8F4E92FD7
:10A13000F0E08827E156FF428F4F0C9497F9D0D07A
:10A14000D4D0B1D0C8D0CCD0B6D0D7D0DDD0E1D02B
:10A15000E7D0EBD0EFD0F5D0F9D0B6D0FDD003D119
:10A1600007D1809180008F7780938000E22FF0E00C
:10A17000EE0FFF1FE855FF4CA591B4918FB7F894EF
:10A18000EC91611148C040954E234C938FBF0895C8
:10A19000809180008F7DE8CF80918000877FE4CF21
:10A1A00084B58F7784BDE2CF84B58F7DFBCF80915E
:10A1B000B0008F778093B000D9CF8091B0008F7DB1
:10A1C000F9CF809190008F7780939000CFCF8091CE
:10A1D00090008F7DF9CF80919000877FF5CF80919F
:10A1E000A0008F778093A000C1CF8091A0008F7DC9
:10A1F000F9CF8091A000877FF5CF809120018F77E4
:10A2000080932001B3CF809120018F7DF9CF809181
:10A210002001877FF5CF4E2BB8CF8F929F92AF92C0
:10A22000BF92CF92DF92EF92FF926B017C010E946E
:10A2300047B64B015C01C114D104E104F104B9F04B
:10A240000E9447B6681979098A099B09683E7340DC
:10A250008105910580F321E0C21AD108E108F108D7
:10A2600088EE880E83E0981EA11CB11CE4CFFF90FD
:10A27000EF90DF90CF90BF90AF909F908F90089518
:10A280009F92AF92BF92CF92DF92EF92FF920F9385
:10A290001F93CF93DF931F92CDB7DEB78C016C0174
:10A2A000C60ED71EF12CE12CC016D10609F44DC004
:10A2B000A0909109B0909209F80191908F01998234
:10A2C000C5010E94E8F8981691F1692DC5010E9418
:10A2D000F0F8FFEFEF1AFF0AC7018F779927892B54
:10A2E000F9F062E070E080E090E097DFC5010E9445
:10A2F000E8F899818917D9F00E94E42988E691E36A
:10A300000E94BB2981E00F90DF91CF911F910F91A7
:10A31000FF90EF90DF90CF90BF90AF909F90089507
:10A3200062E070E080E090E00E94DC36DFCFCE019A
:10A3300001960E942EB68091910990919209019602
:10A340009093920980939109AFCF80E0DCCF2FB733
:10A35000F89460911F1770912017809121179091A8
:10A3600022172FBF08950F93009741F000E020E0DF
:10A3700040E2BC0180E090E30E94ABC5E8DF605D95
:10A380007A488F4F9F4F6093690D70936A0D809349
:10A390006B0D90936C0D0F910895CF93DF93EC01AB
:10A3A00084E00E948F9281112FC080912717909195
:10A3B00028178C0F9D1F9093281780932717809143
:10A3C0006E0990916F09C80FD91FD0936F09C09380
:10A3D0006E09BDDF60936A0970936B0980936C0905
:10A3E00090936D090E94A429882371F080915502F1
:10A3F00090915602019641F4109256021092550225
:10A40000DF91CF910C949E29DF91CF910895CF9247
:10A41000DF92EF92FF92CF93DF93EC01BC01990F93
:10A42000880B990B0E94E9F22091C2093091C3096F
:10A430004091C4095091C5090E9448F36B017C0109
:10A44000CE01ABDFC9E3DEE0A7019601688579851F
:10A450008A859B850E94A0F9688779878A879B8770
:10A46000DF91CF91FF90EF90DF90CF900895CF9242
:10A47000DF92EF92FF926BDF6B017C0128E5C20E49
:10A4800022E0D21EE11CF11C0E94DD4E8F3FA1F0A4
:10A490005EDFA7019601261B370B480B590BDA012B
:10A4A000C901181619061A061B0674F380E0FF90FE
:10A4B000EF90DF90CF90089581E0F9CF1F920F9237
:10A4C0000FB60F9211242F933F938F939F93AF93C7
:10A4D000BF9380911F1790912017A0912117B091E1
:10A4E000221730911E1723E0230F2D3758F50196C0
:10A4F000A11DB11D20931E1780931F179093201745
:10A50000A0932117B09322178091231790912417BD
:10A51000A0912517B09126170196A11DB11D80931A
:10A52000231790932417A0932517B0932617BF9154
:10A53000AF919F918F913F912F910F900FBE0F90F0
:10A540001F90189526E8230F0296A11DB11DD2CFAA
:10A55000CF9321E044E954E06DEB75E182EA95E1A7
:10A560000E94F5AAC82F882321F082EA95E10E9473
:10A57000E27D8C2FCF9108958BE1EDEBF5E1A8ED15
:10A58000B5E101900D928A95E1F78091AA0D806462
:10A590008093AA0D10929F0D8FEF9FEF9093290249
:10A5A00080932802089580919F0D8823F1F02FEF6A
:10A5B0003FEF3093290220932802815080939F0D12
:10A5C000EDEBF5E1882351F08150990B2BE1289FA9
:10A5D000F001299FF00D1124ED50FA4E8BE1A8ED0A
:10A5E000B5E101900D928A95E1F780919F0D81115F
:10A5F00005C09091AA0D90649093AA0D08950F93B1
:10A600001F93CF93DF9300D000D01F92CDB7DEB75A
:10A610009C012F5F3F4F3F832E832FE2FC0120835D
:10A6200081E08D83CE0106969A83898301979C836E
:10A630008B8310E00BE180919F0D181758F4109F49
:10A64000B00111246D507A4ECE0101960E949DB644
:10A650001F5FF1CF8D818B3558F461E077E1CE013A
:10A6600001960E949DB68E819F8101979F838E8364
:10A67000EE81FF81108227960FB6F894DEBF0FBEE1
:10A68000CDBFDF91CF911F910F91089510928E0D44
:10A690008091AA0D8F778093AA0D0E94003788239E
:10A6A00021F081E097E10C94E27D08958091AA0D5C
:10A6B00084FF04C08460877F8093AA0D0895CF92A1
:10A6C000DF92EF92FF920F931F93CF93DF93CDB75B
:10A6D000DEB7EDB6FEB6DC010D900020E9F79D0176
:10A6E000281B390B285F3F4FEDB7FEB7E21BF30B7A
:10A6F0000FB6F894FEBF0FBEEDBF0DB71EB70F5FCC
:10A700001F4F9F938F9380E99BE29F938F931F939B
:10A710000F930E947CF26801F4E0CF0ED11C0F90E1
:10A720000F900F900F900F900F90D6018D916D01AB
:10A73000882349F0082E000C990B0E946EFCF6014C
:10A7400031978083F2CF6BE87BE2C8010E94B2F1BF
:10A7500040E450E0B80188E199E00E942CF20FB685
:10A76000F894FEBE0FBEEDBEDF91CF911F910F9109
:10A77000FF90EF90DF90CF900895CF938091660D7A
:10A78000C1E08823C9F08091670D9091680D4091D8
:10A79000620D5091630D6091640D7091650DDC0147
:10A7A000ED91FC910288F389E02D22E63BE01995BA
:10A7B000C82F811104C0C0E08C2FCF910895409123
:10A7C0006F17509170176091711770917217411542
:10A7D000510561057105B9F08091670D9091680D83
:10A7E000DC01ED91FC910288F389E02D22E63BE04B
:10A7F0001995882301F310926F1710927017109219
:10A800007117109272171092660DD6CFCF92DF9209
:10A81000EF92FF92CF936B017C01C42F8091620D68
:10A820009091630DA091640DB091650D8C159D05FF
:10A83000AE05BF0519F1A1DF811107C080E0CF91FE
:10A84000FF90EF90DF90CF9008958091670D9091E9
:10A85000680DDC01ED91FC910088F189E02D22E684
:10A860003BE0B701A6011995882341F3C092620D20
:10A87000D092630DE092640DF092650D81E0CC23DF
:10A88000F1F28093660DDBCF8F929F92AF92BF92D1
:10A89000CF92DF92EF92FF92CF93DF939093680D68
:10A8A0008093670D10928A1782E090E0A0E0B0E0FC
:10A8B0008093731790937417A0937517B0937617BE
:10A8C0001092660D10926F171092701710927117F8
:10A8D000109272178FEF9FEFDC018093620D9093BF
:10A8E000630DA093640DB093650D662309F46EC0EB
:10A8F00040E060E070E0CB0189DF81110DC0C0E075
:10A900008C2FDF91CF91FF90EF90DF90CF90BF9091
:10A91000AF909F908F9008958091200D8F7779F759
:10A9200080912C0D90912D0DA0912E0DB0912F0D99
:10A9300084369105A105B10510F3C090280DD09083
:10A94000290DE0902A0DF0902B0DC114D104E104E3
:10A95000F104A9F240E0C701B60158DFC82F8823EF
:10A9600071F280916D0B90916E0B8115924039F6CA
:10A97000A091720BAA2319F26091700B7091710B68
:10A980006115710509F4BBCF20916F0B222309F4E7
:10A99000B6CFA09385172093771790E080E030E042
:10A9A000E1E0F0E0D82FAF01082E02C0440F551FA0
:10A9B0000A94E2F72417350769F041E0480F019641
:10A9C0008930910579F74093801799CFC12CD12C0C
:10A9D0007601C0CF809380172091780B3091790B4E
:10A9E00050E040E02115310541F42091860B309173
:10A9F000870B4091880B5091890B209378173093E7
:10AA0000791740937A1750937B1746015701860EAA
:10AA1000971EA11CB11C8092861790928717A09256
:10AA20008817B0928917E091730BF091740BF09333
:10AA30008C17E0938B17B0E00E944BF9DC01CB013F
:10AA4000880D991DAA1DBB1D80938D1790938E179D
:10AA5000A0938F17B093901725E0EE0FFF1F2A9554
:10AA6000E1F7E150FE4FEF2FFF27E6958E0F9F1F76
:10AA7000A11DB11D8093811790938217A093831716
:10AA8000B09384178090750B9090760BB12CA12C0D
:10AA90008114910441F48090820B9090830BA090DC
:10AAA000840BB090850BC81AD90AEA0AFB0AC80CB5
:10AAB000D91CEA1CFB1C04C0F694E794D794C794F5
:10AAC000DA95D2F7C0927C17D0927D17E0927E176C
:10AAD000F0927F1785EFC8168FE0D806E104F104E5
:10AAE00020F48CE080938A170ACF80E125EFC2160C
:10AAF0002FEFD206E104F10488F080918E0B909143
:10AB00008F0BA091900BB091910B80938D17909328
:10AB10008E17A0938F17B093901780E280938A17B7
:10AB2000EFCE4F925F926F927F928F929F92AF92F1
:10AB3000BF92CF92DF92EF92FF920F931F93CF932A
:10AB4000DF93EC01423051056105710590F480E01E
:10AB5000DF91CF911F910F91FF90EF90DF90CF90F9
:10AB6000BF90AF909F908F907F906F905F904F902D
:10AB7000089589859A85AB85BC850196A11DB11D77
:10AB800084179507A607B70710F38F898031C1F5A1
:10AB9000852E962EA72EBB248B899C89AD89BE89D4
:10ABA000880E991EAA1EBB1E280139016A017B016D
:10ABB00041E0C501B4012ADE882349F29F89903122
:10ABC00081F5DD24EE24FF24F601EE0FFF1FEE5980
:10ABD000F44F118300839A89923008F4B9CF4D81E4
:10ABE0005E816F817885840E951EA61EB71E8092A9
:10ABF0006F1790927017A0927117B0927217A8CF2A
:10AC0000803209F0A4CF8B899C89AD89BE894A0125
:10AC10005B01E7E0B694A79497948794EA95D1F7FF
:10AC2000BFCFE894C7F8DD24EE24FF24F601EE0F31
:10AC3000FF1FEE0FFF1FEE59F44F408251826282D8
:10AC40007382C9CFCF92DF92EF92FF920F931F933F
:10AC5000CF93DF93FC0181859285A385B48501960E
:10AC6000A11DB11D84179507A607B70750F480E012
:10AC7000DF91CF911F910F91FF90EF90DF90CF90D8
:10AC8000089587898031A9F5BB27A72F962F852F97
:10AC9000C388D488E588F6888C0D9D1DAE1DBF1D28
:10ACA000E9016A017B018F014091620D5091630DB2
:10ACB0006091640D7091650D84179507A607B7071D
:10ACC00049F5F8018789803161F5B701A60155275B
:10ACD00066277727440F551F4E59544FFA0180813C
:10ACE0009181B0E0A0E088839983AA83BB8381E04F
:10ACF000BFCF803209F0BBCFC388D488E588F688FF
:10AD0000DB01CA01C7E0B695A79597958795CA95C7
:10AD1000D1F7C2CF40E0BC01CD0178DD8111D1CFA8
:10AD2000A6CFB701A6014F77552766277727440F8F
:10AD3000551F440F551F4E59544FFA018081918180
:10AD4000A281B381BF70CFCF4F925F926F927F92FB
:10AD5000AF92BF92CF92DF92EF92FF920F931F9329
:10AD6000CF93DF9300D01F92CDB7DEB78C0149831C
:10AD70005A836B837C835901C12CD12C7601412CE1
:10AD800082E0582E612C712C49815A816B817C8123
:10AD90009E012F5F3F4FC80155DF882319F1F8014D
:10ADA0008585A301920104C0220F331F441F551F44
:10ADB0008A95D2F7DA01C901C80ED91EEA1EFB1E18
:10ADC00049815A816B817C8187898031F1F481E0EE
:10ADD000483F5F4F61057105B8F2F501C082D1822D
:10ADE000E282F3820F900F900F900F90DF91CF913E
:10ADF0001F910F91FF90EF90DF90CF90BF90AF9099
:10AE00007F906F905F904F90089581E0483F5F4F33
:10AE10006F4F7F4008F4B8CFE0CFCF93DF93EC01C2
:10AE20008B81882341F1898187FF22C061E0CE01B7
:10AE30000E94EB7DFC01892BF1F08081853ED9F0E9
:10AE40008B81823040F489899A89AB89BC89848F4F
:10AE5000958FA68FB78F8D899E89938F828F8D89CD
:10AE60009E89AF89B88DB58BA48B89818F778983B3
:10AE7000DF91CF9182CC81E0888380E0DF91CF9118
:10AE8000089581E097E1C9DF81E097E10E94E27DCA
:10AE90008091AA0D8D7F8E7F8093AA0D1092A60DB2
:10AEA0001092A70D1092A80D1092A90D08958F92DF
:10AEB0009F92AF92BF92CF92DF92EF92FF920F9349
:10AEC0001F93CF93DF93EC018B8181110EC080E043
:10AED000DF91CF911F910F91FF90EF90DF90CF9076
:10AEE000BF90AF909F908F90089509891A892B8900
:10AEF0003C89041715072607370748F34A015B0109
:10AF0000823031F488869986AA86BB8681E0E0CFBC
:10AF100081149104A104B10449F4188619861A8693
:10AF20001B861C821D821E821F82F0CF0885198518
:10AF30002A853B85E98DFA8D858590E00996B901D2
:10AF4000A8014150510961097109082E04C0769584
:10AF50006795579547950A94D2F775016401E1E02A
:10AF6000CE1AD108E108F10804C0F694E794D7940A
:10AF7000C7948A95D2F7C416D506E606F70620F0E0
:10AF8000012B022B032B09F58D899E89AF89B88D82
:10AF90008C839D83AE83BF838E010C5F1F4FC114D2
:10AFA000D104E104F10409F4ADCF4C815D816E81DF
:10AFB0007F819801898D9A8D45DE91E0C91AD1086B
:10AFC000E108F1088111EBCF82CFC41AD50AE60A55
:10AFD000F70AE2CF8F929F92AF92BF92CF92DF9209
:10AFE000EF92FF920F931F93CF93DF9300D01F92A6
:10AFF000CDB7DEB7FC018381813091F080E00F9006
:10B000000F900F900F90DF91CF911F910F91FF90B4
:10B01000EF90DF90CF90BF90AF909F908F9008956A
:10B02000818181FFEBCF81899289A389B489892BA2
:10B030008A2B8B2B09F45BC07F0140E050E0BA0102
:10B04000CF0135DF8823D1F2F701C18CD28C8588FE
:10B050009688A788B08C82E090E0A0E0B0E0F6018E
:10B0600080839183A283B3839E012F5F3F4FB501FD
:10B07000A401C601E7DD882309F4C0CF00E010E099
:10B080009801B501A401C6014CDD882309F4B6CFAF
:10B0900089809A80AB80BC80F60187898031F1F489
:10B0A000F8EF8F16FFEF9F06A104B104E8F2F70155
:10B0B000158A168A178A108E118A128A138A148AA0
:10B0C000818180688183C701A8DE882309F496CF37
:10B0D00040E050E0BA01C701EADE91CF88EF881660
:10B0E0008FEF9806A8068FE0B80608F7BDCF81E07D
:10B0F00086CF2F923F924F925F926F927F928F9264
:10B100009F92AF92BF92CF92DF92EF92FF920F93F6
:10B110001F93CF93DF9300D01F92CDB7DEB78C0182
:10B120004B011A01DC0113968C911397813009F0C1
:10B13000CEC011968C9181FFCAC082FDB5C061015D
:10B14000D80118964D915D916D917C911B97C1141A
:10B15000D10409F417C159968D919C915A97FC011D
:10B1600074802FEF270D2A013B0139E07694679414
:10B17000579447943A95D1F7722E74207A01F1E0F2
:10B18000FF22711020C0E114F104E9F414964D91EE
:10B190005D916D917C911797411551056105710580
:10B1A00009F09BC055968D919D910D90BC91A02D5D
:10B1B0000097A105B10509F0A8C0C8010E943E7E14
:10B1C000882309F484C0A12C82E0B82EAE18BF08F1
:10B1D000CA14DB0408F45601D80159964D915C91CC
:10B1E0005A9714968D919D910D90BC91A02D029728
:10B1F000A109B109FA01258504C0880F991FAA1F6A
:10B20000BB1F2A95D2F74685578560897189840FBF
:10B21000951FA61FB71F9C01AD01270D311D411DB4
:10B22000511D29013A01A11432E0B30609F07BC097
:10B230008091620D9091630DA091640DB091650DA8
:10B24000481659066A067B0669F41092660D8FEF60
:10B250009FEFDC018093620D9093630DA093640DCA
:10B26000B093650D8091670D9091680DDC01ED91B3
:10B27000FC910288F389E02D9401B301A201199594
:10B28000882329F1F80180859185A285B3858A0DEF
:10B290009B1DA11DB11D80879187A287B3878A0C52
:10B2A0009B1CCA18DB084CCFF8014189528963897D
:10B2B000748980859185A285B385481759076A07E7
:10B2C0007B0709F43CCFC801F2DD811138CF81E062
:10B2D000D8018C938FEF9FEF6BC09E012F5F3F4F84
:10B2E000B1DC8823A1F389819A81AB81BC81F8010B
:10B2F000218D328DF9012789203169F4883FFFEFD4
:10B300009F07A105B10508F058CFF8018483958304
:10B31000A683B78358CF883F2FEF9207A2072FE06D
:10B32000B20798F34ACFE114F10429F5F8014085FA
:10B3300051856285738581899289A389B48948176B
:10B3400059076A077B07B8F018DA882309F4BFCFDA
:10B3500081E08093660D4092620D5092630D609281
:10B36000640D7092650DA501B401C7018E59944F0B
:10B370000E9483FC87CF41E0C301B20147DA81110B
:10B38000F2CFA5CFF80181899289A389B489841766
:10B390009507A607B70738F48181418B528B638BE1
:10B3A000748B80688183F801818183FD18C0C1019D
:10B3B0000F900F900F900F90DF91CF911F910F91F1
:10B3C000FF90EF90DF90CF90BF90AF909F908F90C5
:10B3D0007F906F905F904F903F902F900895C8019D
:10B3E0001CDD8111E4CF73CF2F923F924F925F9279
:10B3F0006F927F928F929F92AF92BF92CF92DF9285
:10B40000EF92FF920F931F93CF93DF93EC014B01C9
:10B410007A018B81811115C08FEF9FEFDF91CF9162
:10B420001F910F91FF90EF90DF90CF90BF90AF9062
:10B430009F908F907F906F905F904F903F902F9054
:10B440000895898180FFE8CF89899A89AB89BC8971
:10B45000488559856A857B85841B950BA60BB70BA0
:10B46000A70170E060E084179507A607B70708F406
:10B470007C0167011E0124E0220E311CC114D1049D
:10B4800009F4A7C0488559856A857B855A0181E002
:10B49000B822898D9A8D2A013B0129E07694679420
:10B4A000579447942A95D1F72B81FC01223079F5E6
:10B4B000628D738D848D958D640D751D861D971D10
:10B4C00000E012E00A191B09C016D10608F4860133
:10B4D0000115E2E01E0771F44090620D5090630D7B
:10B4E0006090640D7090650D64157505860597056F
:10B4F00009F04CC040E08AD9882309F48DCFB5010A
:10B500006E59744FA801C4010E9483FC51C014817C
:10B5100011501421A114B10471F411110CC0452B68
:10B52000462B472B51F58D899E89AF89B88D8C8329
:10B530009D83AE83BF83E98DFA8D4C805D806E80E4
:10B540007F8022E0421A510861087108858504C095
:10B55000440C551C661C771C8A95D2F78685978506
:10B56000A089B189480E591E6A1E7B1EC301B20113
:10B57000610F711D811D911DA3CF4C815D816E8175
:10B580007F8191015FDB8111D6CF46CFA091670DFE
:10B59000B091680DED91FC9111970088F189E02D33
:10B5A0009401AB01BC01CD011995882309F434CF76
:10B5B000800E911E88859985AA85BB85800F911F75
:10B5C000A11DB11D88879987AA87BB87C01AD10A98
:10B5D00055CFC70123CFBF92CF92DF92EF92FF9258
:10B5E0000F931F93CF93DF93EB01FC012381223054
:10B5F00008F49CC040855185628573854F7155273D
:10B6000066277727452B462B472B09F08FC08C01E7
:10B610001092340B1092330BC12CDD24DA947E018E
:10B62000FBE0EF0EF11C8DE0B82E40E250E0BE01D1
:10B63000C801DADE8032910581F021E0892B09F41E
:10B6400020E0822F8195DF91CF911F910F91FF9084
:10B65000EF90DF90CF90BF9008952881222309F4C6
:10B6600067C0253E11F02E3229F41092340B10924F
:10B67000330BDBCF3B853F733F3009F042C04A8D2F
:10B680005B8D452B61F52F713FEF320F323038F56E
:10B690008D85213041F1C81229C02150330BB29E53
:10B6A000C001B39E900D1124DC01AD5CB44FFE01CE
:10B6B00020E02B30F0F0468157814F3F510519F0C3
:10B6C00010F04FE550E04D932F5F32962D3089F703
:10B6D000288126FF04C0FC01E05CF44F10822B851A
:10B6E00023FDA3CFB0CFC82ED12CD7CFDD24D39448
:10B6F000D4CF253018F044815581DFCF418152816C
:10B70000DCCFD1100EC0FE0120E020FB279527F9E9
:10B710003191230FEE16FF06C1F7C21601F3DD24A7
:10B72000D3941092340B1092330BD9CF8FEF8BCF71
:10B7300080E089CF0F931F93CF93DF93FC01238188
:10B74000222331F080E0DF91CF911F910F91089576
:10B750008B01EC01FB018789803139F582E08B8315
:10B760001D8A1E8A1F8A188E808D918DB0E0A0E000
:10B7700025E0880F991FAA1FBB1F2A95D1F7898B37
:10B780009A8BAB8BBC8B1A8F098F81E089831886CB
:10B7900019861A861B861C821D821E821F82188AA9
:10B7A0001C861D861E861F86CECF803259F683E00A
:10B7B0008B83428D538D648D758D4D8B5E8B6F8B1E
:10B7C000788F9E012F5E3F4FC801BEDA8111DBCF1B
:10B7D000B9CF8091AA0D8F7E8093AA0D8FEF9FEF36
:10B7E00090932902809328028091C015882321F02C
:10B7F0008DEB95E10E94E27D45E360E081E997E110
:10B800000E94997481110CC00E94E4298FE79BE289
:10B810000E94BB298091AA0D84FF2DC00C94BCD23C
:10B8200061E081E997E130D881110DC060E081E9E4
:10B8300097E12AD8811107C083E39BE20E94BB29CC
:10B840008BE69BE2E5CF63E777E18DEB95E172DF75
:10B85000811107C083E39BE20E94BB298AE59BE23A
:10B86000D7CF8091AA0D80618093AA0D0E94E42910
:10B870008EE49BE2CDCF80915809882331F041E0DE
:10B8800061E08CE39BE20C949A9D08950F931F93C3
:10B89000CF93DF93CDB7DEB7EB970FB6F894DEBF4B
:10B8A0000FBECDBF8091AA0D84FF3BC080912802BE
:10B8B0009091290297FF26C08BE1E8EDF5E1DE01CA
:10B8C000919601900D928A95E1F7CE0181960E94A2
:10B8D000397F10E000E0BE016F5F7F4FCE0181969F
:10B8E0007ADE18163CF4CE0101960E946CB6080F61
:10B8F000111DF1CF1093290200932802CE018196E9
:10B900000E9425268091280290912902EB960FB67D
:10B91000F894DEBF0FBECDBFDF91CF911F910F9185
:10B92000089590E080E0F2CFEF92FF920F931F9383
:10B93000CF93DF93CDB7DEB7EB970FB6F894DEBFAA
:10B940000FBECDBF8C01A2DF98012F5F3F4F821742
:10B950009307B0F19BDF01977C01E01AF10A88EDB3
:10B9600095E10E94397F8BE1E8EDF5E1DE019196EA
:10B9700001900D928A95E1F710E000E0BE016F5F43
:10B980007F4FCE01819627DE181684F4CE010196F2
:10B990000E946CB6882391F3E016F106F9F4BE011B
:10B9A0006F5F7F4F86E799E00E9487B6CE01819650
:10B9B0000E942526A89581E090917609911101C0F9
:10B9C00080E0EB960FB6F894DEBF0FBECDBFDF91DF
:10B9D000CF911F910F91FF90EF9008950F5F1F4F30
:10B9E000CDCF0F931F93CF93DF93CDB7DEB7EB97F8
:10B9F0000FB6F894DEBF0FBECDBF8C0188ED95E188
:10BA00000E94397F8BE1E8EDF5E1DE01919601902E
:10BA10000D928A95E1F7BE016F5F7F4FCE0181964F
:10BA2000DADD1816A4F4CE0101960E946CB68823C4
:10BA300091F3BE016F5F7F4F86E799E00E9487B662
:10BA400066E779E0C8010E9493FC892B21F7CE01BB
:10BA500081960E942526EB960FB6F894DEBF0FBEA6
:10BA6000CDBFDF91CF911F910F910895EF92FF927B
:10BA70001F93CF93DF93C82F7B0110919D158FEFFC
:10BA800080939D150E94E429C130C1F0C8E7DCE233
:10BA90008CE89CE20E94BB29CE010E94BB29B70121
:10BAA00084E89CE20E94C9290E94E72910939D1511
:10BAB000DF91CF911F91FF90EF900895CEE7DCE2E8
:10BAC000E7CFBC018AE99BE20E94C92987E99BE292
:10BAD0000C94BB292F923F924F925F926F927F926C
:10BAE0008F929F92AF92BF92CF92DF92EF92FF928E
:10BAF0000F931F93CF93DF931F921F92CDB7DEB7A3
:10BB0000382E7B012DB73EB73A8329838091671782
:10BB1000811107C010924C1710924F1781E080934B
:10BB2000671780914417811107C01092291710924E
:10BB30002C1781E080934417DA018C918F3209F041
:10BB400082C08DEB95E1F701918380834F5F5F4F5A
:10BB5000311010929F0DF701408051808A012CE432
:10BB6000C22E27E1D22E3BE1232E01151105B9F19A
:10BB70006DB67EB66FE270E0C8010E94A6FC5C0163
:10BB80000817190738F5AC01401B510B55274F5FBB
:10BB90005F4F2DB73EB7241B350B0FB6F8943EBF51
:10BBA0000FBE2DBF8DB79EB701964C01B8010E9404
:10BBB0002CF2C6010E94E27DD7016D917C9121E0BB
:10BBC000A401C6010E94F5AA811143C0C40179DF16
:10BBD00010E000E00FB6F8947EBE0FBE6DBE3320BD
:10BBE000A9F0D701ED91FC918BE1A8EDB5E10190B1
:10BBF0000D928A95E1F791E080919F0D811190E07F
:10BC00008091AA0D90FB86F98093AA0DC801E98165
:10BC1000FA810FB6F894FEBF0FBEEDBF0F900F90E4
:10BC2000DF91CF911F910F91FF90EF90DF90CF9018
:10BC3000BF90AF909F908F907F906F905F904F904C
:10BC40003F902F90089588ED95E1D7018D939C93B7
:10BC500082CFF701808191814816590611F00E9428
:10BC6000E27DD701CD92DC92332099F0A0919F0D17
:10BC7000AA3078F481E08A0F80939F0D2A9ED0012C
:10BC80001124AD50BA4EF601822D01900D928A9585
:10BC9000E1F7BCE4CB16B7E1DB0669F499E2C92E03
:10BCA00097E1D92E85010F5F1F4F0FB6F8947EBE26
:10BCB0000FBE6DBE5ACF8CE4C82E87E1D82EF2CFCE
:10BCC0001F93CF93DF93CDB7DEB76D970FB6F89480
:10BCD000DEBF0FBECDBF1D8E1C8EAC01BE01645EEB
:10BCE0007F4F80E0F7DE10E00097A9F019821C82F8
:10BCF0006C8D7D8D21E0AC01CE0101960E94F5AAEC
:10BD0000182F882321F0CE0101960E94E27DCE01FA
:10BD100001960E942526812F6D960FB6F894DEBFFE
:10BD20000FBECDBFDF91CF911F910895EF92FF928B
:10BD30001F93CF93DF9300D000D000D01F92CDB7D8
:10BD4000DEB78091AA0D84FF44DD8091AA0D84FFA7
:10BD50003BC00E941326811137C08091A00D90E056
:10BD60008F969F938F9381E99CE29F938F93CE014F
:10BD700001967C019F938F930E947CF28091AA0D83
:10BD80000F900F900F900F900F900F9084FF1CC09A
:10BD9000C70196DF182F8823B9F00E94BCD2C701D3
:10BDA0000E945FD38091A00D8F5F8093A00D812FA3
:10BDB0002A960FB6F894DEBF0FBECDBFDF91CF91AC
:10BDC0001F91FF90EF9008951092A00D10E0EFCF1B
:10BDD0000E94E42960917409709175098EE390E3E3
:10BDE0000E94C9298BE390E30C94BB298F929F9208
:10BDF000AF92BF92EF92FF920F931F93CF93DF9377
:10BE00001F921F92CDB7DEB77C018091AA0D84FDF1
:10BE100003C0C70156DE6BC0613009F47BC008F473
:10BE200073C0623009F4D8C08091AA0D877F8B7FE0
:10BE30008093AA0D0E9446D3A701BE016F5F7F4F7A
:10BE400081E048DE8C01009721F369817A8121E04D
:10BE5000AC0181E097E10E94F5AA882309F4C3C0F0
:10BE60008091121790911317A0911417B091151784
:10BE70008093A20D9093A30DA093A40DB093A50D54
:10BE80001092A60D1092A70D1092A80D1092A90D58
:10BE9000F0909D158FEF80939D15B80185EC9BE286
:10BEA0000E94C9298090A20D9090A30DA090A40D8E
:10BEB000B090A50D8DEB9BE20E94BB29C501B4019A
:10BEC0000E94E3250E94E7298EEA9BE20E94BB299B
:10BED000F0929D15C80185DD8091330B882311F008
:10BEE00003E31BE040E060E0C8010E94679D0F9003
:10BEF0000F90DF91CF911F910F91FF90EF90BF9026
:10BF0000AF909F908F900895B70182E0AFDD1092BF
:10BF1000A10D8ACF0E940037811104C0B70181E0D2
:10BF2000A5DD82CF8091A10D882399F00E94E1299F
:10BF30008EE19CE20E94BB2981E090E00E941735CF
:10BF40000E94E72940E070E060E08DE09CE20E9402
:10BF500063368DE998E00E94FFD2E091A10D84E064
:10BF6000E89FF0011124E756F74F8091A60D9091BC
:10BF7000A70DA091A80DB091A90D80839183A283F4
:10BF8000B3830E94E429B70184EF9BE20E94C92990
:10BF90006091A10D89E6689FB00111246356774F27
:10BFA00089EE9BE20E94C9298090A60D9090A70D72
:10BFB000A090A80DB090A90D83EE9BE20E94BB2932
:10BFC000C501B4010E94E3250E94E7298091A10DDB
:10BFD0008F5F8093A10D28CF0E94E42983ED9BE21F
:10BFE0000E94BB2921CFC80115CFCF93DF93EB016E
:10BFF0000E94BB29CE010E946126DF91CF910C9453
:10C00000E729EF92FF920F931F93CF93DF931F9235
:10C010001F92CDB7DEB72091AA0D24FF33C07C015B
:10C02000BC0182E023DD1092A10D8091AA0D877FD3
:10C030008B7F8093AA0D0E9446D3A701BE016F5F3C
:10C040007F4F80E047DD8C01C7010115110521F10B
:10C0500069817A8126E5A80181E097E10E94F5AA2D
:10C060008823C9F08091AA0D81608093AA0DC80130
:10C07000B8DCB80186E69CE2B8DF40E060E0C801C9
:10C080000E94679D0F900F90DF91CF911F910F91AC
:10C09000FF90EF900895C80114DDF4CFCF939091F5
:10C0A000AA0D94FF1EC09091A51591111AC02AE502
:10C0B000811121E0C82F44E954E06DEB75E182EA7B
:10C0C00095E10E94F5AA811104C084E994E0CF9122
:10C0D000F8CCC11106C064E974E086E69CE2CF9119
:10C0E00084CFCF910895FF920F931F93CF93DF9347
:10C0F000CDB7DEB76D970FB6F894DEBF0FBECDBFDC
:10C100002091AA0D24FF28C0AC01BE01645E7F4FC0
:10C1100080E0E0DC8C010097F9F06C8D7D8D198258
:10C120001C8222E0AC01CE0101960E94F5AA811189
:10C130001FC0F12CCE0101960E942526B801FF20D8
:10C1400061F188E59CE251DF1092A60D1092A70DD7
:10C150001092A80D1092A90D6D960FB6F894DEBF3F
:10C160000FBECDBFDF91CF911F910F91FF9008952A
:10C17000CE0101960E94EAD78823D9F261E0CE0170
:10C1800001960E94EB7D0097A1F225EEFC01208331
:10C190001C820E94BDD3F82ECDCF80E49CE20E9489
:10C1A000C9298DE39CE20E94BB29D6CF2F923F92F2
:10C1B0004F925F926F927F928F929F92AF92BF92B7
:10C1C000CF92DF92EF92FF920F931F93CF93DF9363
:10C1D000CDB7DEB7C655D1090FB6F894DEBF0FBE96
:10C1E000CDBF5C017B016DB67EB6BE016F5F7F4F38
:10C1F000C501F1D918160CF069C08C8588718031A1
:10C2000009F083C08DB69EB610E000E0E114F104A1
:10C2100039F0F70101900020E9F78F010E191F098D
:10C22000C8010D962DB73EB7281B390B0FB6F894F1
:10C230003EBF0FBE2DBF8DB79EB701966C01080F94
:10C24000191FE114F10439F0B7010E94B1FC8FE22B
:10C25000F80131978083BE016F5F7F4FC8010E9454
:10C2600087B61CAE1FAE21E0A801B501CE01CC9669
:10C270000E94F5AA8823D9F08BE1FE01FC96DE012D
:10C28000919601900D928A95E1F7B601CE018196C3
:10C290008DDFCE0181960E942526CE01CC960E948C
:10C2A00025260FB6F8949EBE0FBE8DBE9ECF0E946F
:10C2B000E429B8018FE79FE298DECE01CC960E9478
:10C2C00025260FB6F8949EBE0FBE8DBE0FB6F8940D
:10C2D0007EBE0FBE6DBECA5ADF4F0FB6F894DEBFEA
:10C2E0000FBECDBFDF91CF911F910F91FF90EF90C7
:10C2F000DF90CF90BF90AF909F908F907F906F9086
:10C300005F904F903F902F900895CE0101960E942C
:10C310006CB6882309F469CFE114F10431F0C70148
:10C320000E9461268FE20E9475C52D8C3E8C4F8C39
:10C3300058A0BE016F5F7F4F86E799E00E9487B6E5
:10C340000E94612680E20E9475C5C201B1010E946F
:10C35000E3250E94E72949CF0F931F9341E050E066
:10C36000082E02C0440F551F0A94E2F7052E000C58
:10C37000660B770B0091CF091091D0092091D1095C
:10C380003091D209402B512B622B732B4093CF0954
:10C390005093D0096093D1097093D2099091CE093E
:10C3A000891303C081E08093CC091F910F910895F8
:10C3B0002F923F924F925F926F927F928F929F92B5
:10C3C000AF92BF92CF92DF92EF92FF920F931F93A3
:10C3D000CF93DF93CDB7DEB7CB5AD1090FB6F89420
:10C3E000DEBF0FBECDBF2091E3143091E414409125
:10C3F000E5145091E614CC55DF4F288339834A83E6
:10C400005B83C45AD0408091E7149091E814A091C6
:10C41000E914B091EA14C855DF4F88839983AA8341
:10C42000BB83C85AD040B090EB14A090EC1430906D
:10C43000ED142090EE142091EF143091F0144091FF
:10C44000F1145091F214C056DF4F288339834A8388
:10C450005B83C05AD0408091921590919315A09122
:10C460009415B0919515C656DF4F88839983AA839A
:10C47000BB83CA59D04080919B1581FF05C0909124
:10C48000D30998609093D30982FB882780F9809321
:10C4900039078091AA0D87FDF8C28CE196E00E94D1
:10C4A000E46800912215109123150115110599F0EA
:10C4B0008091AA0D87FDE9C266E176E0CE01019682
:10C4C0000E94811FB801CE0101960E94CF20CE01AB
:10C4D00001960E94B6680091201510912115043B29
:10C4E000110514F404EB10E08091AA0D87FDCDC274
:10C4F00060E176E0CE0101960E94811FB801CE0175
:10C5000001960E94CF20CE0101960E94B6688091CC
:10C51000AA0D87FDBAC22091F9143091FA14409106
:10C52000FB145091FC146B2D7A2D832D922D0E94BB
:10C53000A0F94B018C0188E096E00E94E4688091AC
:10C540009B156401780180FD04C0CB2CDA2CE32C10
:10C55000F22C8091AA0D87FD98C2C601D701C05761
:10C56000DF4F88839983AA83BB83C059D04033E0CF
:10C57000732ECC56DF4F7882C459D04061E076E00C
:10C58000CE0101960E94811FBE0160577F4FCE01F0
:10C5900001960E94F31FCE0101960E94B668940195
:10C5A000A801B601C7010E94E3F287FF26C080916F
:10C5B000AA0D87FD6AC2C401D801C557DF4F888321
:10C5C0009983AA83BB83CB58D040C157DF4F788271
:10C5D000CF58D04069EF75E0CE0101960E94811FCF
:10C5E000BE0165577F4FCE0101960E94F31FCE0119
:10C5F00001960E94B668640178018091AA0D87FDBA
:10C6000044C281EF95E00E94E46887E080935C0972
:10C61000809324078091AA0D87FD37C2409025158D
:10C6200050902615609027157090281580919B15C5
:10C6300083FB882780F9C256DF4F8883CE59D040CC
:10C64000C156DF4F1882CF59D040C256DF4F888085
:10C650009980CE59D04090E3890E911C6BEE75E025
:10C660008E010F5F1F4FC8010E94811FB401C801D6
:10C670000E94CF20EB964CAE5DAE6EAE7FAEEB97D8
:10C6800021E0EC962FAFEC976AE50E946C1FBE018B
:10C6900069587F4F0E94F31FC8010E94B6688091BD
:10C6A000AA0D87FDF2C1C601D701CA57DF4F8883A3
:10C6B0009983AA83BB83C658D04023E0F22EC65785
:10C6C000DF4FF882CA58D04064EE75E0C8010E947E
:10C6D000811FBE016A577F4FC8010E94F31FC80126
:10C6E0000E94B66880919B1584FF27C08091AA0D97
:10C6F00087FDCBC180911C1590911D15A0911E1531
:10C70000B0911F15CB56DF4F88839983AA83BB83D3
:10C71000C559D040C756DF4FF882C959D0406EED99
:10C7200075E0C8010E94811FBE016B567F4FC80192
:10C730000E94F31FC8010E94B668E0902015F09097
:10C7400021158091AA0D87FB882780F9E114F10457
:10C7500071F081119AC168ED75E0C8010E94811FD6
:10C76000B701C8010E94CF20C8010E94B668E090BE
:10C770002415F12C8091AA0D87FB882780F9E114FC
:10C78000F10441F1811181C162ED75E0C8010E949F
:10C79000811F1F921F928AEC94E09F938F936E01EA
:10C7A000A2E6CA0ED11CDF92CF920E94E0FCB60135
:10C7B000C8010E94D91F63E50E946C1FB7010E9447
:10C7C000CF20C8010E94B6680F900F900F900F9075
:10C7D0000F900F908091AA0D87FD57C169EC75E00D
:10C7E000C8010E94811FCC55DF4F288139814A81C1
:10C7F0005B81C45AD040E6962CAF3DAF4EAF5FAFE1
:10C80000E69793E0F92EE796FFAEE797BE016E58E4
:10C810007F4FC8010E94F31FC855DF4F288139811F
:10C820004A815B81C85AD040E1962CAF3DAF4EAFF4
:10C830005FAFE197E296FFAEE29769E50E946C1F59
:10C84000BE0163597F4F0E94F31FC8010E94B66862
:10C850008091AA0D87FD19C18B2D9A2DA32DB22D84
:10C86000CF57DF4F88839983AA83BB83C158D040B9
:10C87000CB57DF4FF882C558D04061EC75E0C80156
:10C880000E94811FBE016F577F4FC8010E94F31F96
:10C89000C8010E94B6688091AA0D87FDF6C0E0909D
:10C8A000F314D090F4146DEB75E0C8010E94811F61
:10C8B000DF92EF928AEC94E09F938F936E0132E6C1
:10C8C000C30ED11CDF92CF920E94E0FCB601C801DA
:10C8D0000E94D91FC8010E94B6688091F5149091FA
:10C8E000F61490931402809313026091F7147091E0
:10C8F000F81480E00E94601B8091AA0D0F900F90A9
:10C900000F900F900F900F9087FDBFC0C056DF4F64
:10C9100088819981AA81BB81C05AD040C458DF4F19
:10C9200088839983AA83BB83CC57D040C058DF4FFC
:10C93000F882C058D04066EB75E0C8010E94811FA4
:10C94000BE0164587F4FC8010E94F31FC8010E94B6
:10C95000B66887E0EDEFF4E1ACECB9E001900D9240
:10C960008A95E1F78091CE090E9401218CE0E4E0F4
:10C97000F5E1A9E0B9E001900D928A95E1F78CE02C
:10C98000E0E1F5E1AEE5B9E001900D928A95E1F7BD
:10C9900080919A158093E11481E080934B070E9467
:10C9A00083388091AA0D87FD70C041E650E061EBAD
:10C9B00075E0C8010E94CFF1D8010D900020E9F781
:10C9C000CD010197801B910B8036910550F441E613
:10C9D00050E0481B590B69E275E1800F911F0E94DE
:10C9E0002CF2C8010E94B6688091AA0D87FD4DC047
:10C9F0009090961580909715709098156090991565
:10CA00006CEA75E0C8010E94811FC356DF4FB881F0
:10CA1000CD59D040BF93C456DF4FE881CC59D040A8
:10CA2000EF93C556DF4FF881CB59D040FF93C656E0
:10CA3000DF4F2881CA59D0402F938DECE82E84E037
:10CA4000F82EFF92EF92DF92CF920E94E0FCB601A7
:10CA5000C8010E94D91F64E50E946C1F5C016F929F
:10CA60007F928F929F92FF92EF92DF92CF920E94DD
:10CA7000E0FCB601C5010E94D91FC8010E94B6683A
:10CA80000FB6F894DEBF0FBECDBFC555DF4F0FB652
:10CA9000F894DEBF0FBECDBFDF91CF911F910F91F4
:10CAA000FF90EF90DF90CF90BF90AF909F908F90CE
:10CAB0007F906F905F904F903F902F900895CF930D
:10CAC000DF9382EA95E10E94252681E097E10E94AA
:10CAD0002526C1E0D7E16B97CE010E94252685E18E
:10CAE000C33FD807C1F788ED95E10E9425268DEB5D
:10CAF00095E1DF91CF910C9425268091AA0D847E3B
:10CB00008B7F8093AA0D1092A60D1092A70D109204
:10CB1000A80D1092A90D1092A20D1092A30D1092C3
:10CB2000A40D1092A50D1092A10D1092A00D1092BF
:10CB30009F0DE3EFF5E18EE091E0DF019C011D9296
:10CB400021503040E1F780910A018E7F80930A01E5
:10CB500080910B0180958170809309011092BD1521
:10CB60001092C0151092D8151092DB151082138206
:10CB70007B9637E1E130F307C9F78DEA94E09093B3
:10CB80009217809391171092931789E180939517CC
:10CB90001092981710928A1710920117109204178A
:10CBA00081E08093CE0D1092CF0D1092D00D109297
:10CBB000D10D1092D20D1092D30D1092D40D10926F
:10CBC000D50D1092D60D1092D70D1092D80D10924F
:10CBD000D90D1092DA0D1092DB0D1092DC0D10922F
:10CBE000DD0D1092DE0D1092DF0D1092E00D10920F
:10CBF000E10D1092E20D1092E30D1092E40D1092EF
:10CC0000E50D1092E60D1092E70D1092E80D1092CE
:10CC1000E90D1092EA0D1092B10D1092B20D109222
:10CC2000B30D1092B40D1092B50D1092BA0D109272
:10CC3000BB0D1092BC0D1092BD0D1092BE0D9FEF5A
:10CC40009093B00D1092EC0D1092EB0D8091350E7B
:10CC5000883108F0C4C091E0980F9093350E80930E
:10CC6000360E90E0FC01EE0FFF1FE80FF91FE351B5
:10CC7000F24F88EB9BE09283818389E39EE090935F
:10CC8000460E8093450E1092670E1092680E109219
:10CC9000690E10926A0E1092630E1092640E10923A
:10CCA000650E1092660E10925F0E1092600E10923A
:10CCB000610E1092620E10925B0E10925C0E10923A
:10CCC0005D0E10925E0E1092570E1092580E10923A
:10CCD000590E10925A0E1092530E1092540E10923A
:10CCE000550E1092560E10924F0E1092500E10923A
:10CCF000510E1092520E10924B0E10924C0E10923A
:10CD00004D0E10924E0E1092A9171092AA17109263
:10CD1000AB171092AC171092A5171092A61710928D
:10CD2000A7171092A8171092A1171092A21710928D
:10CD3000A3171092A41710929D1710929E1710928D
:10CD40009F171092A0171092991710929A1710928D
:10CD50009B1710929C1710924A0E1092490E109237
:10CD6000480E1092470EEBE6FEE08BE994E115AE1B
:10CD7000ED59FF4F8E179F07D1F710929B148DE04E
:10CD800080939F141092A0141092DF1480E08E7F85
:10CD90008D7F8B7F877F8093E1141092A215109274
:10CDA000A5151092FD141092FE141092FF1410920B
:10CDB000001510920115109202151092031583E0D0
:10CDC00080939D158EEA97E190939F1580939E1511
:10CDD0008DEA97E19093A1158093A0150895909303
:10CDE000360E4BCFCF93DF93CDB7DEB7AB970FB6F1
:10CDF000F894DEBF0FBECDBF789484B5826084BD49
:10CE000084B5816084BD85B5826085BD85B581604E
:10CE100085BD80916E00816080936E0010928100CC
:10CE20008091810082608093810080918100816087
:10CE30008093810080918000816080938000809148
:10CE4000B10084608093B1008091B00081608093D4
:10CE5000B000809191008260809391008091910058
:10CE60008160809391008091900081608093900018
:10CE70008091A10082608093A1008091A1008160D7
:10CE80008093A1008091A00081608093A000809198
:10CE90002101826080932101809121018160809332
:10CEA00021018091200181608093200180917A008E
:10CEB000846080937A0080917A00826080937A0007
:10CEC00080917A00816080937A0080917A008068F6
:10CED00080937A001092C1003090B51714BE109262
:10CEE000C0008091C00082608093C0001092C50095
:10CEF00087E08093C4008091C10080618093C1006D
:10CF00008091C10088608093C1008091C1008068D9
:10CF10008093C1000E94A7D16B017C0128EEC20E54
:10CF200023E0D21EE11CF11C8EEA97E10E94FA492F
:10CF3000882309F47CC01092C8008091C8008260E8
:10CF40008093C8001092CD0080E18093CC00809146
:10CF5000C90080618093C9008091C9008860809376
:10CF6000C9008091C90080688093C9000E94A7D140
:10CF70006B017C0138EEC30E33E0D31EE11CF11CC3
:10CF80008DEA97E10E94FA49882309F460C082E89B
:10CF90009EE20E94BB298091010180618093010182
:10CFA00080910201807180930001809180049091B2
:10CFB0008104A0918204B09183048F87988BA98B00
:10CFC000BA8BAE01415F5F4F5DA34CA3CE01439688
:10CFD0009C8B8B8BC12C14E2D12E14EFE12EF12C03
:10CFE000ACA1BDA1ED91BDA3ACA30E2E000CFF0B17
:10CFF000EA50F14DE491E250E13108F06DC1F0E00A
:10D000008827EA5FF7418F4F0C9497F96CE96CE938
:10D010006CE96CE96CE937E837E8A5E8A5E8A5E82C
:10D02000B7E8B7E8B7E86CE9C6E8C6E8C6E80E9422
:10D03000A7D1A7019601261B370B480B590BDA0124
:10D04000C901181619061A061B068CF374CF0E9424
:10D05000A7D1A7019601261B370B480B590BDA0104
:10D06000C901181619061A061B068CF390CFB2E0F8
:10D07000BF8B1F8E1E8EE1EBF0E0FE8BED8B20EB65
:10D0800030E03B8F2A8F66246A94712C8EE0E4E8AE
:10D09000F4E0DE01119601900D928A95E1F793017B
:10D0A00050E040E0FBE0220F331F441F551FFA956C
:10D0B000D1F7C701B6010E940DF92901FFEF4F1A00
:10D0C0005F0A2F89223009F070C031E038A743E0B1
:10D0D00049A7CE0101969FA38EA391E09C8FA1E06A
:10D0E000AD8F1BA2EFEFF0E0F98FE88FAEA1BFA1EB
:10D0F0000D911D91BFA3AEA3C801B0E0A0E0EF89E0
:10D10000E23009F457C080329105A105B10509F458
:10D11000B0C080389105A105B10509F4AAC09801F5
:10D12000A8EEB3E00E9455F99B01AC01C701B6011E
:10D130000E940DF9C9010197369527950097E1F5F1
:10D1400041E050E059A348A33EC033E03F8B46E99D
:10D1500050E05F8F4E8F81E990E09E8B8D8BA0E930
:10D16000B0E0BB8FAA8F66246A94762C8FCFB4E090
:10D17000BF8BE6EAF0E0FF8FEE8F21EA30E03E8BD6
:10D180002D8B40EA50E05B8F4A8FEDCF55E05F8BEF
:10D1900086E291E09F8F8E8FA1E2B1E0BE8BAD8BD6
:10D1A000E0E2F1E0FB8FEA8FDECF5AE058A76EE0B5
:10D1B00069A78FCF9301C30179A268A2861597054D
:10D1C00010F499A388A32115310509F4A3C16AA21B
:10D1D000272C2615370510F42AA3232E28A139A1C0
:10D1E0002F5F3F4FD8010E9455F99B01AC01C70149
:10D1F000B6010E940DF949013BA72AA79801AAA1EF
:10D20000B22D0E9455F99B01AC01220F331F441F20
:10D21000551FC701B6010E940DF9D90169EE4616E6
:10D2200063E0560608F47AC1B20188EE93E0FB0190
:10D23000E81BF90B8AA59BA5893E934008F472C1AF
:10D24000B40188EE93E0681B790BA93EB34008F463
:10D250006DC1C901A8EEB3E08A1B9B0B6E177F0757
:10D2600020F48617970708F065C18E179F0708F40A
:10D270006BC14C8D4F5F4C8F483009F037CFAA8D72
:10D28000BB8D8C918C7F9D8D9370892B8C93ED89B8
:10D29000FE892081FD8D8F2F90E09595879595953E
:10D2A000879563E0880F991F6A95E1F7277E822BA7
:10D2B000AD89BE898C938C91887FBBA18B2BED8926
:10D2C000FE898083FF89F23039F0E88DF98DAE8DCB
:10D2D000BF8D1196FC93EE932B893C894CA15DA1E7
:10D2E0002417350709F07CCE809101018F7D809352
:10D2F00001018091020180958072809300018091EC
:10D3000001018F7B809301018091020180958074DF
:10D31000809300010E941D3530FE04C089E79EE223
:10D320000E94BB2931FE04C088E69EE20E94BB2910
:10D3300032FE04C086E59EE20E94BB2933FE04C093
:10D3400085E49EE20E94BB2935FE04C084E39EE290
:10D350000E94BB298DE19EE20E94BB290E94E42924
:10D3600089EE9DE20E94BB290E94E42981ED9DE2A5
:10D370000E94BB290E94E4298091AF179091B017B9
:10D380008E010F5F1F4FB801009709F4E6C0681BBC
:10D39000790B82EC9DE20E948C358BEA9DE20E9423
:10D3A000BB2980E396E00E94E6340E94E7290E94B0
:10D3B00009A30E9425CB0E94E9DB80911C178111F3
:10D3C00007C00E94BEA7882319F081E080931C1734
:10D3D0002091090930910A0940910B0950910C09DB
:10D3E00060911F0A7091200A8091210A9091220A6F
:10D3F0000E94A0F960931F0A7093200A8093210A6B
:10D400009093220A20910D0930910E0940910F0945
:10D41000509110096091230A7091240A8091250A85
:10D420009091260A0E94A0F96093230A7093240A1F
:10D430008093250A9093260A2091110930911209B0
:10D4400040911309509114096091270A7091280A9C
:10D450008091290A90912A0A0E94A0F96093270AD4
:10D460007093280A8093290A90932A0A0E94E295D1
:10D470009D9AA5986D9A759880919B14811102C010
:10D480006B9A739A87ED80937A0010927E001092C7
:10D490007D0080917E00826080937E0080917D007F
:10D4A000806480937D0080E887BD80916E008260FB
:10D4B00080936E00E9EAFDE2C590D49055E0C51670
:10D4C000D1041CF445E0C42ED12CD0923302C0927A
:10D4D00032020D2C000CEE08FF08A0902E02B09036
:10D4E0002F02C5010E94F8C82B013C01C701B601FB
:10D4F0000E94E9F29B01AC01C301B2010E94E3F278
:10D5000087FF2EC060E1A61AB108B0922F02A09248
:10D510002E02E3CF51E05AA3212C60CEC20168EE67
:10D5200073E085CEC40168EE73E08DCED90188EE3C
:10D5300093E092CE240199A59D8FAC8DABA3E8A179
:10D54000F9A1F98FE88F95CE2901F8A5FD8F2C8DD3
:10D550002BA33AA1388F298E8CCE655B774119CFEA
:10D56000EDE9FCE2C590D49081E0C81AD10892E3BD
:10D57000C91691E0D90624F031E3C32EDD24D394FB
:10D58000D0923502C09234020D2C000CEE08FF0838
:10D59000A0903002B0903102C5010E94F8C82B0162
:10D5A0003C01C701B6010E94E9F29B01AC01C30135
:10D5B000B2010E94C7FB181644F4A0E1AA0EB11CE8
:10D5C000B0923102A0923002E3CF80912A02909172
:10D5D0002B020E94B18020E030E040EA50E4F3D713
:10D5E00087FF0AC080912A0290912B024097909366
:10D5F0002B0280932A02E9CF80912C0290912D0278
:10D600000E94B18020E030E04AEF52E40E94C7FB64
:10D61000181654F480912C0290912D02409690930C
:10D620002D0280932C02E8CF0E94AF9B8098889AAD
:10D630000A98129A80910101877F8093010180915D
:10D640000201809588708093000110920709109262
:10D6500006090E94B99780910701816080930701B4
:10D66000809107018860809307018091070180689D
:10D6700080930701859A869A8E9A6C9A749A809103
:10D680000701806180930701809108018095807176
:10D6900080930601839A8B9A879A8F988E9A8091AD
:10D6A0005C098E7F80935C09809107018460809380
:10D6B000070180910801847080930601749A80911B
:10D6C0005C098D7F80935C09809107018062809363
:10D6D0000701809108018072809306018091080102
:10D6E000809580718093060180915C098B7F809387
:10D6F0005C09849A8C988B9A809180008C7F8093AF
:10D70000800080918100877E886080938100809175
:10D7100080008F738093800080918100887F826079
:10D720008093810080E090E490938900809388004A
:10D7300010928500109284000E949E2978940E9485
:10D74000AC818091360E883108F041C090E0FC0138
:10D75000EE0FFF1FE80FF91FE351F24F8081807831
:10D760008760808387E00E945CCA1092370E109217
:10D77000380E8091360E2CE0622F0E9464F990E002
:10D78000829FB001112430E020E0AB01420F531F13
:10D79000FA01EE0FFF1FE40FF51FE351F24F408136
:10D7A00047FD07C02F5F3F4F2C30310571F70E94B6
:10D7B0000B4AE091360E8E2F90E0FC01EE0FFF1F1A
:10D7C000E80FF91FE351F24F80818068808386E380
:10D7D0009EE00E94FC496AE570E086E39EE00E94BC
:10D7E0002D4A10925D090E94B9970E94714B0E94C8
:10D7F0003D4B80910809882319F10E94574B76E927
:10D80000C72ED12CE12CF12CC982DA82EB82FC826A
:10D81000B80186E90E94134BC982DA82EB82FC824E
:10D82000B80182E80E94134BC982DA82EB82FC8243
:10D83000B80186E90E94134B0E943D4B10920809E3
:10D8400088E198E20FB6F894A895809360000FBE27
:10D85000909360000E94752D83E0809358092DE01D
:10D86000322E3AE0432E49E8842E4EE2942E53E0C5
:10D87000552E63EC662E6EE2762E80E00E94A13873
:10D880008091AA0D87FF1EC01092A00D877F8B7F0D
:10D890008093AA0D0E9446D310925D0210925C0202
:10D8A00010925B020E9420960E940B9C0E949A801C
:10D8B00010929E14109215090E94F5259092170956
:10D8C0008092160980915809EDB6FEB610E000E08E
:10D8D000843009F441C0ADB6BEB6609116097091AE
:10D8E000170910E000E06115710509F067C080912B
:10D8F0001809882309F400C1E8E1F9E08F01085113
:10D900001940F190FF2019F0BAE0FB12F7CF011592
:10D91000110559F0F801E85EF64F108288E199E0B0
:10D920000E945C2480E00E94175481E0F11001C045
:10D9300080E0800F982FE92FF0E0E85EF64F20811D
:10D94000E92FE81BF0E0E85EF64F2083222309F47C
:10D9500070C09F5FF0CF8C01F801E157F14DE49169
:10D96000C8010196EE2311F0EA30A9F7EDB7FEB732
:10D97000E81BF90B0FB6F894FEBF0FBEEDBF2DB735
:10D980003EB72F5F3F4F6901A8016FE87EE2C901F2
:10D99000E0D4F601E00FF11F10824FEF61E0C60105
:10D9A0000E94F5C60FB6F894FEBE0FBEEDBE8823EA
:10D9B00009F491CF509258098ECF8601FB01E00FF8
:10D9C000F11F249068013FEFC31AD30A222019F0F7
:10D9D0004AE02412F2CF8DB79EB78C199D090FB67D
:10D9E000F8949EBF0FBE8DBFADB7BEB711967D0137
:10D9F000A801CD01AED4F701E00FF11F1082222063
:10DA000009F477C08091160990911709C80ED91EA4
:10DA1000D0921709C0921609012B31F0C7010E945C
:10DA20005C2480E00E9417540FB6F894BEBE0FBE6F
:10DA3000ADBE90915B0980911D17981709F41DCF19
:10DA400080915B0980931D1780915B09882309F4FD
:10DA500014CF0E94E42987EE9EE20E94BB298091A8
:10DA60005B0910E280FF0AC080E00E942D89AB01B3
:10DA7000BC0183EE9EE20E94D12918E580915B09EA
:10DA800000E281FF0AC081E00E942D89AB01BC0148
:10DA90008FED9EE20E94D12909E580915B0982FF0A
:10DAA000ADC082E00E942D89AB01BC018BED9EE2EE
:10DAB0000E94D1299AE5F92E0E94E7291F9280E25F
:10DAC0008F931F92FF921F920F931F921F937F922B
:10DAD0006F928CEC9EE29F938F931F920E94DDC801
:10DAE000EDB7FEB73D960FB6F894FEBF0FBEEDBF83
:10DAF000C4CED12CC12C8CCF80915B02882309F439
:10DB000098CF8091AA0D80FF64C000915C02E2E68C
:10DB10000E9F80011124025A1D4F6FEB7EE2C80157
:10DB200081D4009739F0DC0113968C9180538A30B0
:10DB300008F048C0F80101900020E9F731977F0113
:10DB4000E01AF10A109201176EE470E0C8010E9419
:10DB5000A6FC6C01009739F5B1E0EB1AF108F80169
:10DB6000EE0DFF1D318242821382F80101900020E8
:10DB7000E9F73197AF01401B510BB80181E097E104
:10DB80000E9479D880910117882331F00E94E12901
:10DB900085E99EE20E94BB298091AA0D81FD19C0F2
:10DBA0000E944ACB18C060E270E00E94A6FC8C0183
:10DBB0000F5F1F4F6AE270E0C6010E94A6FCFC01E5
:10DBC0003197D0CF0E9441D78CEA9EE20E94BB29B8
:10DBD000E7CF0E94CF6F80915B02882309F429CFA1
:10DBE00090915C029F5F943030F490935C0281507E
:10DBF00080935B021ECF10925C02F9CF80E2F82E78
:10DC00005BCFEF920F931F93CF93DF93E80134E044
:10DC100047FD34E1042E000C550B57FF03C051950E
:10DC200041955109E32E022F242FAE0189D7CE0151
:10DC3000DF91CF911F910F91EF9008958F929F9256
:10DC4000AF92BF92CF92DF92EF92FF920F931F930A
:10DC5000CF93DF935C017B016115710519F0DB0146
:10DC60008D939C9385010F5F1F4FF501D0818D2F00
:10DC700090E067D36C01892BA9F5DD32A9F50F5F20
:10DC80001F4FD5011196DC91C1E05801F1E0AF1AA8
:10DC9000B10843E050E068E371E0C5019DD3892BF2
:10DCA00061F5680182E0C80ED11C45E050E063E3F5
:10DCB00071E0C60191D3892B21F4680197E0C90E68
:10DCC000D11CE114F10419F0D701CD92DC9260E08F
:10DCD00070E080E89FEFC111FAC060E070E080E87A
:10DCE0009FE7F5C05801BECFDB3229F485010E5FF6
:10DCF0001F4FF501D181C0E0C8CF43E050E060E3A1
:10DD000071E0C50169D3892BE9F0F80110E000E06A
:10DD100020E030E0A9015F01B0ED8B2E8D0E89E08F
:10DD20008815C8F19C2E689491F88C2F8870C2FFDA
:10DD300016C0811102C00F5F1F4F3196D501DC91D3
:10DD4000C92DE9CFE114F10429F00E5F1F4FF7014F
:10DD50001183008360E070E080EC9FE7B8C0882307
:10DD600011F001501109A5E0B0E00E944BF99B01B0
:10DD7000AC01220F331F441F551F280D311D411DBB
:10DD8000511D283999E93907490799E15907A8F23E
:10DD9000C6609C2ED2CFAEEF8A1206C0C3FD3CC037
:10DDA0009C2E689493F8C9CFDF7DD534A9F5808186
:10DDB0008D3239F4C061DF011296818162E070E03A
:10DDC00006C0DF018B32C1F3119661E070E0805331
:10DDD0005D01A61AB70A8A30F8F4E0E8CE16ECE046
:10DDE000DE065CF4B601660F771F660F771FC60E5E
:10DDF000D71ECC0CDD1CC80ED11C5D01FFEFAF1A85
:10DE0000BF0A8C9180538A3098F1C4FF03C0D1942B
:10DE1000C194D1080C0D1D1DC1FF09C0E114F1040E
:10DE200031F081E0A81AB108D701AD92BC92CA01C5
:10DE3000B901CDD3C370C33009F490584B015C01D4
:10DE400020E030E0A901BFD3882309F43EC0C7E633
:10DE5000D1E017FF05C0119501951109CFE4D1E07C
:10DE60006E01B8E1CB1AD10880E2E82EF12C0EC089
:10DE7000D501B3CFFE0125913591459154910E19ED
:10DE80001F09C501B40104D44B015C01D501C401D3
:10DE90000E151F057CF72497F594E794CC16DD0644
:10DEA000A9F78A2F880F8B2F881F8F3F41F020E022
:10DEB00030E0A901C501B40186D3811106C082E218
:10DEC00090E09093B4178093B317C501B401DF912C
:10DED000CF911F910F91FF90EF90DF90CF90BF9067
:10DEE000AF909F908F9008953F924F925F926F9264
:10DEF0007F928F929F92AF92BF92CF92DF92EF92DA
:10DF0000FF920F931F93CF93DF935C016B017A0114
:10DF10006115710519F0FB0191838083E114F1040F
:10DF200051F0C7010297839730F040E030E020E0E5
:10DF300090E06AC05E01E5012196F5011081812F14
:10DF400090E0FFD1892BB1F71D3201F52196F50143
:10DF5000118101E0E114F10409F4E6C0F0E1EF16EB
:10DF6000F10409F088C0103359F488818F7D883519
:10DF700009F07CC0198122960260F0E1EF2EF12CAD
:10DF8000812C912CA12C88E0B82E92C01B3221F458
:10DF9000E5012296F501118100E0DCCFEAE0EE1602
:10DFA000F10409F4C7C0F0E1EF16F10409F073C001
:10DFB000E7CF78E0E72EF12C812C912CA12C60E1A9
:10DFC000B62E76C021E0ADC0302F3170C114D1041F
:10DFD00031F0222371F12197F601D183C08327FF0D
:10DFE0002EC060E070E080E090E8311104C06FEF77
:10DFF0007FEF8FEF9FE722E230E03093B41720935A
:10E00000B317462F372F282F642F732F822FDF91BE
:10E01000CF911F910F91FF90EF90DF90CF90BF9025
:10E02000AF909F908F907F906F905F904F903F90B8
:10E03000089501FF04C02297F601D183C0833323E2
:10E0400041F090958095709561957F4F8F4F9F4FD0
:10E05000D8CF97FFD6CF82E290E09093B417809309
:10E06000B3176FEF7FEF8FEF9FE7CBCF10E3E11494
:10E07000F10409F49ECF28E0E216F10409F49CCFE4
:10E080000CF08CCF812C912CA12CE0E4BE2E82E0F0
:10E09000E816F10469F060E070E080E090E8970134
:10E0A0000F2C000C440B550B0E940DF949015A012D
:10E0B00020E060E070E0CB0127010F2C000C660827
:10E0C0007708FE0150ED352E310E39E0331570F42E
:10E0D0003FEB310F49EC342E3A3138F03FE9310F44
:10E0E0003A3108F071CF39EA332E310E3E141F0455
:10E0F0000CF06ACF27FD15C086169706A806B9064C
:10E1000078F0A30192010E94FEF8630D711D811D3C
:10E11000911D61307105810520E8920708F452CF06
:10E120002FEF21961081CDCF103309F41ECF2AE0B6
:10E13000E22EF12C9CEC892E982CA82C9CE0B92E78
:10E14000B7CF3F924F925F926F927F928F929F9242
:10E15000AF92BF92CF92DF92EF92FF920F931F93F5
:10E16000CF93DF935C016B017A016115710519F0A2
:10E17000FB0191838083E114F10449F0C701029708
:10E18000839728F060E070E0CB0199C05E01E50163
:10E190002196F5011081812F90E0D3D0892BB1F722
:10E1A0001D3209F05BC02196F501118101E0E114F7
:10E1B000F10409F4B9C0F0E1EF16F10409F09AC0D6
:10E1C000103341F488818F7D883509F08EC0198124
:10E1D00022960260E0E1EE2EF12C88248A94982C9D
:10E1E000A82CFFE0BF2E20E060E070E0CB0127010B
:10E1F0000F2C000C66087708FE0150ED352E310E0D
:10E2000039E0331568F43FEB310F49EC342E3A31E5
:10E2100030F03FE9310F3A31A8F539EA332E310EAB
:10E220003E141F047CF52F3FB1F086169706A80612
:10E23000B90630F1A3019201E1D7232D30E050E07F
:10E2400040E0620F731F841F951F621773078407D6
:10E250009507B0F021E021961081CECF1B3221F43A
:10E26000E5012296F501118100E0A1CF78E0E72ECB
:10E27000F12C88248A94982CA82C6FE1B62EB3CF69
:10E280002FEFE9CFC114D10431F0222351F12197AE
:10E29000F601D183C08300FF07C0909580957095EB
:10E2A00061957F4F8F4F9F4F2F3F49F482E290E05F
:10E2B0009093B4178093B3176FEF7FEFCB01DF918B
:10E2C000CF911F910F91FF90EF90DF90CF90BF9073
:10E2D000AF909F908F907F906F905F904F903F9006
:10E2E000089501FFD8CF2297D3CF10E3E114F104B2
:10E2F00009F4BCCF3AE0E316F104E1F080E1E8165E
:10E30000F10409F467CFE8E0EE16F10409F4B1CFA7
:10E310006FEF7FEFCB0197010F2C000C440B550BD7
:10E320007CD749015A015FCF103309F44BCF9AE0F3
:10E33000E92EF12C89E9882E982CA82C89E1B82E99
:10E3400052CF91114DC6803219F089508550D0F7C7
:10E350000895FB01DC0102C005900D924150504030
:10E36000D8F70895FB01DC010D900020E9F7119723
:10E3700005900D920020E1F70895FC010590061626
:10E3800021F00020D9F7C00108953197CF010895F9
:10E39000FB01DC0105900D920020E1F70895DC01FE
:10E3A000FB014150504058F049F005900D9200207B
:10E3B000C1F7E61BF70B3197CF0108951C9205902A
:10E3C0000020E9F7F6CFFC0105900020E9F78095E1
:10E3D00090958E0F9F1F0895FB01DC014150504026
:10E3E00088F08D9181341CF08B350CF4805E659142
:10E3F00061341CF06B350CF4605E861B611171F3A7
:10E40000990B0895881BFCCFFB01DC014150504063
:10E4100030F08D910590801919F40020B9F7881B10
:10E42000990B0895FB0155915523A9F0BF01DC011B
:10E430004D9145174111E1F759F4CD0105900020A8
:10E4400049F04D9140154111C9F3FB014111EFCF46
:10E4500081E090E001970895DC01FB0141505040BC
:10E4600058F049F001900D920020C1F7E61BF70B20
:10E470003197CF0108951C9201900020E9F7F6CF63
:10E480000F931F93CF93DF93CDB7DEB72E970FB6C1
:10E49000F894DEBF0FBECDBF0E891F89888D998D80
:10E4A0002EE02C831A83098397FF02C080E090E856
:10E4B00001979E838D83AE01445E5F4F6A8D7B8D95
:10E4C000CE01019648D14D815E8157FD0AC02F8152
:10E4D0003885421753070CF49A01020F131FF801F5
:10E4E00010822E960FB6F894DEBF0FBECDBFDF911F
:10E4F000CF911F910F9108950F931F93CF93DF93A7
:10E50000CDB7DEB72E970FB6F894DEBF0FBECDBFE6
:10E510000E891F898EE08C831A8309838FEF9FE712
:10E520009E838D83AE01465E5F4F688D798DCE01EF
:10E53000019611D12F813885020F131FF801108227
:10E540002E960FB6F894DEBF0FBECDBFDF91CF91F0
:10E550001F910F9108950F931F93CF93DF93CDB722
:10E56000DEB72E970FB6F894DEBF0FBECDBF8C017D
:10E57000FA018EE08C831A83098377FF02C060E082
:10E5800070E8615071097E836D83A901BF01CE01DE
:10E590000196E1D04D815E8157FD0AC02F813885FB
:10E5A000421753070CF49A01020F131FF80110824F
:10E5B0002E960FB6F894DEBF0FBECDBFDF91CF9180
:10E5C0001F910F91089540D008F481E00895E894D8
:10E5D00009C097FB3EF490958095709561957F4FAB
:10E5E0008F4F9F4F9923A9F0F92F96E9BB27939559
:10E5F000F695879577956795B795F111F8CFFAF469
:10E60000BB0F11F460FF1BC06F5F7F4F8F4F9F4F99
:10E6100016C0882311F096E911C0772321F09EE8F7
:10E62000872F762F05C0662371F096E8862F70E05D
:10E6300060E02AF09A95660F771F881FDAF7880F37
:10E640009695879597F90895990F0008550FAA0B8D
:10E65000E0E8FEEF16161706E807F907C0F01216F5
:10E660001306E407F50798F0621B730B840B950BF8
:10E6700039F40A2661F0232B242B252B21F408954D
:10E680000A2609F4A140A6958FEF811D811D0895EA
:10E690000BD064C555D528F05AD518F0952309F04C
:10E6A00046C54BC511248EC56AD5A0F3959FD1F3FD
:10E6B000950F50E0551F629FF001729FBB27F00D30
:10E6C000B11D639FAA27F00DB11DAA1F649F662785
:10E6D000B00DA11D661F829F2227B00DA11D621FD4
:10E6E000739FB00DA11D621F839FA00D611D221F8E
:10E6F000749F3327A00D611D231F849F600D211D72
:10E70000822F762F6A2F11249F5750408AF0E1F014
:10E7100088234AF0EE0FFF1FBB1F661F771F881F5D
:10E7200091505040A9F79E3F510570F000C54AC571
:10E730005F3FECF3983EDCF3869577956795B79548
:10E74000F795E7959F5FC1F7FE2B880F911D969572
:10E75000879597F908952F923F924F925F926F920B
:10E760007F928F929F92AF92BF92CF92DF92EF9261
:10E77000FF920F931F93CF93DF9300D000D000D070
:10E780001F921F92CDB7DEB77C013B018A01FC01CD
:10E7900017821682838181FFD0C1CE0101965C0170
:10E7A000F7019381F30193FD859193FF81913F01DF
:10E7B000882309F449C1853239F493FD859193FF8B
:10E7C00081913F01853221F4B70190E022D4E8CF56
:10E7D000912C212C312CFFE1F31538F08B3211F103
:10E7E00090F4803209F1833229F137FC3CC020EDEE
:10E7F000280F2A3050F536FE20C08AE0989E200D62
:10E800001124922E06C08D3291F0803371F76894F6
:10E8100030F8F30193FD859193FF81913F018111C0
:10E82000DACF21C0689431F8689432F8F2CF689456
:10E8300033F8EFCF689434F8ECCFEAE02E9E200D49
:10E840001124222E689435F8E4CF8E3229F436FC58
:10E85000FBC0689436F8DDCF8C3619F4689437F82D
:10E86000D8CF8836B1F2982F9F7D95549330D8F049
:10E87000833691F18337B1F1833509F05EC0280109
:10E88000F2E04F0E511CF801C080D180692D70E07C
:10E8900036FC02C06FEF7FEFC601A5D34C01689430
:10E8A00037F882010AC00C5F1F4FFFE3F983882409
:10E8B0008394912C6501E89437F833FE2AC0522CDA
:10E8C0008114910459F5552009F46ACFB70180E20B
:10E8D00090E09FD35A94F7CFF801808189830E5F2F
:10E8E0001F4FE5CF2801F2E04F0E511CF801C08008
:10E8F000D180692D70E036FC02C06FEF7FEFC6015A
:10E900007DD34C018201D7CFB70180E290E081D363
:10E910002A942814190409F0B8F7D1CFF60137FC6E
:10E92000859137FE81916F01B70190E072D351104C
:10E930005A94F1E08F1A9108C3CF843619F08936C2
:10E9400009F073C0F80137FE67C060817181828170
:10E9500093810C5F1F4FF32DFF763F2E97FF09C069
:10E9600090958095709561957F4F8F4F9F4F6894DC
:10E9700037F82AE030E0A5017CD3C82ECA188C2CC9
:10E98000432C36FE0CC0E89440F8C91440F434FE21
:10E9900005C032FC03C0F32DFE7E4F2E892C44FEB1
:10E9A000A6C0FE01EC0DF11D8081803309F098C0F6
:10E9B000242D297E422E842D8870582E43FCA5C01C
:10E9C00040FE9FC09C2C821418F42C0C922C98189A
:10E9D00044FEA1C0B70180E390E01BD342FE08C013
:10E9E00088E790E041FE02C088E590E0B70111D3CE
:10E9F000C91408F49CC0CA94D12C9FEFC91AD90A33
:10EA0000CA0CDB1CF60182916F01B70190E001D3C3
:10EA1000AC14BD04B9F757CF60817181072E000C8B
:10EA2000880B990B0E5F1F4F96CFD32CE894D4F828
:10EA30002AE030E08537E1F1232D297FD22E8F3671
:10EA4000A9F1F0F4883551F1F701868197812B9671
:10EA50000FB6F894DEBF0FBECDBFDF91CF911F91EF
:10EA60000F91FF90EF90DF90CF90BF90AF909F906D
:10EA70008F907F906F905F904F903F902F90089570
:10EA8000803749F0883701F7D4FE02C06894D2F885
:10EA900020E130E00DC06894D4F8F6CF34FE03C016
:10EAA000822F8660D82E20E132E002C028E030E0DC
:10EAB000F801D7FE0EC060817181828193810C5F65
:10EAC0001F4FA501D6D2C82ECA183D2CE89437F89E
:10EAD00056CF6081718190E080E00E5F1F4FF1CFD3
:10EAE00042FC02C0839467CF8394839464CF842DC7
:10EAF000867809F460CFF6CFB70180E290E089D242
:10EB000083948214C8F3512C63CF522C581882146A
:10EB100008F45ECFF8CF842D867809F469CF8BE2B4
:10EB200041FE80E247FC8DE2B70190E060CFB70183
:10EB300080E390E06ED29A945BCF8FEF9FEF87CF08
:10EB40008F929F92AF92BF92CF92DF92EF92FF92FD
:10EB50000F931F93CF93DF9300D000D000D0CDB799
:10EB6000DEB76A01F22EB02E102FFBE3AF2EA016F7
:10EB700008F41BE31F5F012F27E0AE014F5F5F4FDB
:10EB800057D1BC018981982F9970913009F44EC0FA
:10EB90009BE2E1FC04C09E2D9170E0FC49C05E2D1B
:10EBA0005071E82FE87083FF55C084E0911101C0D7
:10EBB00083E0EF2DE81B8F1508F0E0E0D6018E2FE3
:10EBC00020E25523C9F1992329F0D6019C93C6016F
:10EBD00001966C0196012D5F3F4FE2FE33C08EE43B
:10EBE000D6018C9391E411969C93119712968C9375
:10EBF000D9018E2F90E281112AC0E20FF32FF11D6F
:10EC000010828EEF9FEF29960FB6F894DEBF0FBEED
:10EC1000CDBFDF91CF911F910F91FF90EF90DF90CB
:10EC2000CF90BF90AF909F908F9008959DE2B7CF07
:10EC300090E2B5CF2D9381508111FCCFCE0ED11C27
:10EC4000E0E0C1CF8EE6D6018C9391E6CCCF9D93C8
:10EC50008150D1CF482F447082FF3DC084E0911194
:10EC600001C083E08F1510F4EF2DE81BD6018E2F25
:10EC700020E2552309F1992329F0D6019C93C6017E
:10EC800001966C0196012D5F3F4FE2FE1BC089E4A7
:10EC9000D6018C938EE411968C93119786E412968C
:10ECA0008C93D9018E2F90E2882309F4A6CF9D93EF
:10ECB0008150FACF2D9381508111FCCFCE0ED11C03
:10ECC000E0E0D9CF89E6D6018C938EE611968C933D
:10ECD000119786E6E4CF9B0177FF02C030E020E089
:10ECE000A1E0B0E0911102C0B0E0A0E0F9013196DE
:10ECF000AE0FBF1F8B2C912CBB2009F461C05401B7
:10ED0000EFEFAE1ABE0AAA0DBB1DFA161B0619F0CC
:10ED100014F04F2D4A1B511188C0E3FC59C07601F5
:10ED2000A42FB0E2A1114FC0C40ED11C992309F445
:10ED30005BC040E0D6011196F60190836D0155232A
:10ED400009F448C0012F060F9A81582F507184FF93
:10ED500003C0913309F4015010160CF047C009307C
:10ED600008F008E0EEE2FE2E5B01A01AB108850172
:10ED70009194819491082F3F320729F4D601FC9297
:10ED8000F60131966F016217730794F102171307AA
:10ED90007CF5DB01A21BB30BAA24A394B12CAC0E0F
:10EDA000BD1EAA0DBB1D11968C9121503109D601B3
:10EDB000119628153905F4F0F60180836D01DBCF3B
:10EDC000B12CA12CA0CFF701B1937F01A150AACF04
:10EDD0009111B0CFD601942F50E302C05D939150B2
:10EDE0009111FCCFC40ED11C40E0ACCF01E0BACFF2
:10EDF00080E3DBCF6217730731F4963388F49533E1
:10EE000011F4552369F0F6018083FD01842F90E20F
:10EE1000811108C0A40FB11D1C9290E080E0F3CED8
:10EE200081E3F1CF91938150F3CF911183CF8ACFBA
:10EE3000283008F027E03327DA01990F311D87FDCC
:10EE4000916000966105710539F432602E5F3D9343
:10EE500030E32A95E1F708959F3F30F0803871053F
:10EE6000610509F03C5F3C5F3D93913008F080689C
:10EE7000911DDF93CF931F930F93FF92EF92192F62
:10EE8000987F9695E92F96959695E90FFF27EB5376
:10EE9000FE4F99273327EE24FF24A701E7010590B1
:10EEA0000894079428F4360FE71EF81E491F511DD9
:10EEB000660F771F881F991F0694A1F70590079486
:10EEC00028F4E70EF81E491F561FC11D770F881F33
:10EED000991F661F0694A1F70590079428F4F80E71
:10EEE000491F561FC71FD11D880F991F661F771F07
:10EEF0000694A1F70590079420F4490F561FC71FE9
:10EF0000D81F990F661F771F881F0694A9F7849151
:10EF10001095177041F0D695C79557954795F7947A
:10EF2000E7941A95C1F7EBE6F1E068941590159116
:10EF300035916591959105907FE27395E118F10AFD
:10EF4000430B560BC90BD009C0F7E10CF11E431F50
:10EF5000561FC91FD01D7EF4703311F48A95E6CF79
:10EF6000E894015030F0080F0AF40027021708F463
:10EF7000202F2395022F7A3328F079E37D932A9569
:10EF8000E9F710C07D932A9589F6069497956795C1
:10EF9000379517951794E118F10A430B560BC90BD7
:10EFA000D00998F023957E9173957A3308F070E339
:10EFB0007C932013B8F77E9170617D9330F0839538
:10EFC00071E37D9370E32A95E1F71124EF90FF90B0
:10EFD0000F911F91CF91DF91992787FD909508950B
:10EFE000992788270895FC01059061507040011011
:10EFF000D8F7809590958E0F9F1F0895FC01615062
:10F00000704001900110D8F7809590958E0F9F1F4A
:10F0100008950F931F93CF93DF93182F092FEB01C0
:10F020008B8181FD09C01FEF0FEF812F902FDF91A2
:10F03000CF911F910F91089582FF14C02E813F81BF
:10F040008C819D81281739073CF4E881F981CF0133
:10F0500001969983888310838E819F8101969F8377
:10F060008E83E3CFE885F985812F1995892BA1F34C
:10F07000DACFFA01AA27283051F1203181F1E89442
:10F080006F936E7F6E5F7F4F8F4F9F4FAF4FB1E09B
:10F090003ED0B4E03CD0670F781F891F9A1FA11D96
:10F0A000680F791F8A1F911DA11D6A0F711D811D97
:10F0B000911DA11D20D009F468943F912AE0269F5C
:10F0C00011243019305D3193DEF6CF010895462FBB
:10F0D0004770405D4193B3E00FD0C9F7F6CF462F9C
:10F0E0004F70405D4A3318F0495D31FD4052419305
:10F0F00002D0A9F7EACFB4E0A695979587957795C2
:10F100006795BA95C9F700976105710508959B0148
:10F11000AC010A2E06945795479537952795BA95D1
:10F12000C9F7620F731F841F951FA01D089597F9DB
:10F130009F6780E870E060E008959FEF80EC08959D
:10F1400000240A94161617061806090608950024C6
:10F150000A9412161306140605060895092E039440
:10F16000000C11F4882352F0BB0F40F4BF2B11F4B4
:10F1700060FF04C06F5F7F4F8F4F9F4F089557FD13
:10F180009058440F551F59F05F3F71F04795880F15
:10F1900097FB991F61F09F3F79F0879508951216AC
:10F1A00013061406551FF2CF4695F1DF08C0161658
:10F1B00017061806991FF1CF869571056105089409
:10F1C0000895E894BB2766277727CB0197F9089520
:10F1D000F999FECF92BD81BDF89A992780B508951F
:10F1E000262FF999FECF1FBA92BD81BD20BD0FB663
:10F1F000F894FA9AF99A0FBE01960895DB018F935D
:10F200009F9349D0BF91AF91A29F800D911DA39F65
:10F21000900DB29F900D11240895A1E21A2EAA1B01
:10F22000BB1BFD010DC0AA1FBB1FEE1FFF1FA217B6
:10F23000B307E407F50720F0A21BB30BE40BF50BB3
:10F24000661F771F881F991F1A9469F7609570953C
:10F25000809590959B01AC01BD01CF010895052ECD
:10F2600097FB16F400940FD057FD05D0D6DF07FCAE
:10F2700002D046F408C050954095309521953F4FF7
:10F280004F4F5F4F089590958095709561957F4F92
:10F290008F4F9F4F089509D0A59F900DB49F900D5B
:10F2A000A49F800D911D11240895A29FB001B39FCA
:10F2B000C001A39F700D811D1124911DB29F700D7F
:10F2C000811D1124911D0895991B79E004C0991F97
:10F2D000961708F0961B881F7A95C9F780950895B0
:10F2E000AA1BBB1B51E107C0AA1FBB1FA617B7076C
:10F2F00010F0A61BB70B881F991F5A95A9F7809588
:10F300009095BC01CD01089597FB072E16F400944B
:10F3100006D077FD08D0E4DF07FC05D03EF49095D9
:10F3200081959F4F0895709561957F4F0895EE0FD9
:10F33000FF1F881F8BBF0790F691E02D199450583E
:10F34000BB27AA270ED00ACFFBDE30F000DF20F06B
:10F3500031F49F3F11F41EF4F0CE0EF4E095E7FB7C
:10F36000E6CEE92F0CDF80F3BA1762077307840734
:10F37000950718F071F49EF524CF0EF4E0950B2E4E
:10F38000BA2FA02D0B01B90190010C01CA01A001F7
:10F390001124FF27591B99F0593F50F4503E68F152
:10F3A0001A16F040A22F232F342F4427585FF3CF93
:10F3B000469537952795A795F0405395C9F77EF464
:10F3C0001F16BA0B620B730B840BBAF09150A1F0AD
:10F3D000FF0FBB1F661F771F881FC2F70EC0BA0F33
:10F3E000621F731F841F48F4879577956795B795BB
:10F3F000F7959E3F08F0B3CF9395880F08F09927B3
:10F40000EE0F9795879508959BDE58F080E891E080
:10F4100009F49EEF9CDE28F040E851E059F45EEFDD
:10F4200009C08BCECECEE92FE078A9DE68F3092E95
:10F43000052AC1F3261737074807590738F00E2E5B
:10F4400007F8E02569F0E025E0640AC0EF6307F8FB
:10F45000009407FADB01B9019D01DC01CA01AD018D
:10F46000EF9359D07BDE0AD05F91552331F02BED1D
:10F470003FE049E450FD49EC63CF0895DF93DD2779
:10F48000B92FBF7740E85FE31616170648075B07FA
:10F4900010F4D92F81D19F938F937F936F93FBD1DA
:10F4A000E4EEF0E0FED05ADE2F913F914F915F9154
:10F4B000FBD8DD2349F09058A2EA2AED3FE049EC61
:10F4C0005FE3D0785D274DDFDF9148CE49D180F0F2
:10F4D0009F3740F491110EF475CE60E070E080E843
:10F4E0009FE3089526F01B16611D711D811DB0C09C
:10F4F000CAC0FED0E39523C10CD030CE28DE40F048
:10F500001FDE30F021F45F3F19F011CE51115ACEB9
:10F5100014CE35DE98F39923C9F35523B1F3951B27
:10F52000550BBB27AA2762177307840738F09F5F24
:10F530005F4F220F331F441FAA1FA9F333D00E2E93
:10F540003AF0E0E830D091505040E695001CCAF700
:10F5500029D0FE2F27D0660F771F881FBB1F2617C5
:10F5600037074807AB07B0E809F0BB0B802DBF0198
:10F57000FF2793585F4F2AF09E3F510568F0D7CD83
:10F5800021CE5F3FECF3983EDCF386957795679547
:10F59000B795F7959F5FC9F7880F911D9695879549
:10F5A00097F90895E1E0660F771F881FBB1F621768
:10F5B00073078407BA0720F0621B730B840BBA0B26
:10F5C000EE1F88F7E095089504D06894B111FACD44
:10F5D0000895DDDD88F09F5790F0B92F9927B75136
:10F5E000A0F0D1F0660F771F881F991F1AF0BA9507
:10F5F000C9F712C0B13081F0E4DDB1E00895E1CD8A
:10F60000672F782F8827B85F39F0B93FCCF38695FC
:10F6100077956795B395D9F73EF490958095709559
:10F6200061957F4F8F4F9F4F08959AD080F09F37FD
:10F6300040F491110EF0C6CD60E070E080E89FEBE1
:10F64000089526F41B16611D711D811D01C01BC08C
:10F65000882371F4772321F09850872B762F07C0E9
:10F66000662311F499270DC09051862B70E060E05D
:10F670002AF09A95660F771F881FDAF7880F9695FC
:10F68000879597F908959F3F31F0915020F4879521
:10F6900077956795B795880F911D9695879597F9FA
:10F6A0000895DF93CF931F930F93FF92EF92DF9212
:10F6B0007B018C01689406C0DA2EEF010E9454F39E
:10F6C000FE01E894A5912591359145915591A6F3B8
:10F6D000EF0147DEFE019701A801DA9471F7DF9090
:10F6E000EF90FF900F911F91CF91DF91089525CD5D
:10F6F0004EDDE8F3E894E0E0BB279F57F0F02AEDF9
:10F700003FE049EC06C0EE0FBB0F661F771F881F56
:10F7100028F0B23A62077307840728F0B25A620BE6
:10F72000730B840BE3959A9572F7803830F49A95B1
:10F73000BB0F661F771F881FD2F79048A6CFEF93A5
:10F74000E0FF06C0A2EA2AED3FE049EC5FEB09DEEC
:10F7500005DD0F90039401FC9058E1E1F1E0ABC0AE
:10F7600016DDA0F0BEE7B91788F4BB279F3860F418
:10F770001616B11D672F782F8827985FF7CF8695CB
:10F7800077956795B11D93959639C8F308950E94B2
:10F7900024F308F48FEF08959B01AC0160E070E062
:10F7A00080E89FE3A9CEF3DC58F19E5758F19851B9
:10F7B000A0F0E9F0983020F5092E9927660F771F01
:10F7C000881F991F0A94D1F712C0062E672F782F31
:10F7D0008827985F11F4000C07C0993FB4F3869511
:10F7E000779567959395D9F7611D711D811D3EF43D
:10F7F00090958095709561957F4F8F4F9F4F08959D
:10F800006894E0CCDECC9F9373DF0F9007FCEE5F33
:10F8100096CF11F40EF491CC36CFB9DCD0F3992306
:10F82000D9F3CEF39F57550B87FF3ED00024A0E6B7
:10F8300040EA900180585695979528F4805C660FB1
:10F84000771F881F20F026173707480730F4621B00
:10F85000730B840B202931294A2BA6951794079402
:10F86000202531254A2758F7660F771F881F20F07B
:10F8700026173707480730F4620B730B840B200DF3
:10F88000311D411DA09581F7B901842F9158880F32
:10F890009695879508959B01AC010C9448F30E94BE
:10F8A00024F3880B990B089591505040660F771FF1
:10F8B000881FD2F708959F938F937F936F93FF9341
:10F8C000EF939B01AC010E9448F3EF91FF91E9DEB9
:10F8D0002F913F914F915F910C9448F391110895AE
:10F8E00081548A5108F4805E855A0895FB01DC0139
:10F8F00004C08D910190801921F441505040C8F707
:10F90000881B990B0895FB01DC0102C001900D9248
:10F9100041505040D8F70895DC0101C06D9341502B
:10F920005040E0F70895FB01DC018D9181341CF01B
:10F930008B350CF4805E619161341CF06B350CF4F6
:10F94000605E861B611189F3990B0895FC0181911A
:10F95000861721F08823D9F7992708953197CF0189
:10F960000895FB01DC0101900D920020E1F708955C
:10F97000FB01DC014150504030F08D910190801925
:10F9800019F40020B9F7881B990B0895FB01DC01DD
:10F990004150504048F001900D920020C9F701C03D
:10F9A0001D9241505040E0F70895FC0181E090E045
:10F9B0000190061609F4CF010020D1F701970895B0
:10F9C0000F931F93CF93DF93CDB7DEB72E970FB66C
:10F9D000F894DEBF0FBECDBF0E891F8986E08C83F1
:10F9E0001A8309838FEF9FE79E838D83AE01465E66
:10F9F0005F4F688D798DCE0101960E94ABF32F8108
:10FA00003885020F131FF80110822E960FB6F89456
:10FA1000DEBF0FBECDBFDF91CF911F910F91089533
:10FA200018E1C1EFD8E100E005C0802FFE017FDCC6
:10FA30002196011DC23FD10780E00807B1F7F89475
:02FA4000FFCFF6
:10FA4200FF05C0D40100640005020A00C800FFFFE0
:10FA5200FF0A0064005555854264000000803FAAF9
:10FA620000640101FF060101FFFFFF3F0000FF3FAD
:10FA720000000000FF3F0101000000000000000044
:10FA8200000000000000009643000096430000C8FA
:10FA92004355550543FFFF0000803F000000000072
:10FAA2000000000000000000000000000000000054
:10FAB2000000000000000000000000000000000044
:10FAC2000000000000000000000000000000000034
:10FAD2000000000000000000000000000000000024
:10FAE2000000000000000000000000000000000014
:10FAF200000000000000000000000000000000FF05
:10FB020000000000000000000000000000000000F3
:10FB120000000000000000000000000000000000E3
:10FB220000000000000000000000000000000000D3
:10FB320000000000000000000000000000000000C3
:10FB420000000000000000000000000000000000B3
:10FB520000000000000000000000000000000000A3
:10FB620000FF000000000000000000000000000094
:10FB72000000000000000000000000000000000083
:10FB82000000000000000000000000000000000073
:10FB92000000000000000000000000000000000063
:10FBA2000000000000000000000000000000000053
:10FBB2000000000000000000000000000000000043
:10FBC200000000FF00000000000000000000000034
:10FBD2000000000000000000000000000000000023
:10FBE2000000000000000000000000000000000013
:10FBF2000000000000000000000000000000000003
:10FC020000000000000000000000000000000000F2
:10FC120000000000000000000000000000000000E2
:10FC22000000000000FF0000A040FF000040400074
:10FC32000040400000000000004040000040400042
:10FC420000000058595A450000C07F0000C07F00E4
:10FC520000C07FFF003C0001000040400000344231
:10FC62000000000000000000000000000000504101
:10FC72000000000000000041640000006400000079
:10FC820003000000640000006400000003000000A4
:10FC920003000000030000001E0000000000C84135
:10FCA200000020C16666A6BF000040400000404040
:10FCB20000000000010204080A005A005639300010
:10FCC2000A05062E01000800200040008000000105
:10FCD200000400002F504C5200000048420000482F
:10FCE2004200008040000000400000000099747F44
:10FCF20075B47347749C73BC723E73A17257745C83
:10FD02007318709B709A70256400257500256C75B8
:0EFD120000256C64004552520058595A0000FA
:00000001FF
