:100000000C94C8180C9408190C9408190C9408192D
:100010000C9408190C9408190C9408190C940819DC
:100020000C9408190C9408190C9408190C940819CC
:100030000C9408190C9408190C9408190C940819BC
:100040000C9408190C9467810C9408190C940819E5
:100050000C9408190C945E800C9408190C94E8D147
:100060000C9408190C940B4F0C94F74E0C9408192F
:100070000C9408190C9408190C9408190C9408197C
:100080000C948E4D0C9408190C9408190C940819B2
:100090000C94CD4E0C94014F0C9408190C94081933
:1000A0000C9408190C9408190C94604D0C940819C0
:1000B0000C9408190C9408190C9408190C9408193C
:1000C0000C9408190C9408190C9408190C94A34E5C
:1000D0000C946D4E0C9408190C9408190C94081982
:1000E0000C940819084AD73B3BCE016E84BCBFFD77
:1000F000C12F3D6C74319ABD56833DDA3D00C77FF8
:1001000011BED9E4BB4C3E916BAAAABE0000008090
:100110003F05A84CCDB2D44EB93836A9020C50B91F
:10012000918688083CA6AAAA2ABE000000803F004B
:100130004E414E494E495459494E46CDCCCC3D0ACC
:10014000D7233C17B7D13877CC2B329595E6241FAF
:10015000B14F0A000020410000C84200401C462068
:10016000BCBE4CCA1B0E5AAEC59D7400407A10F33B
:100170005A00A0724E18090010A5D4E80000E876D5
:1001800048170000E40B54020000CA9A3B0000002C
:10019000E1F505000080969800000040420F000045
:1001A00000A08601000000102700000000E8030006
:1001B0000000006400000000000A000000000001D0
:1001C00000000000002C76D888DC674F0823DFC1D0
:1001D000DFAE59E1B1B796E5E3E453C63AE651998B
:1001E0007696E8E6C28426EB898C9B62ED407C6FB4
:1001F000FCEFBC9C9F40F2BAA56FA5F490055A2A6B
:10020000F75C936B6CF9676DC11BFCE0E40D47FE76
:10021000F520E6B500D0ED902E030094357705006B
:1002200080841E080000204E0A000000C80C3333F2
:1002300033330F986E12831141EF8D2114893BE601
:100240005516CFFEE6DB18D1844B381BF77C1D908A
:100250001DA4BBE424203284725E228100C9F124F3
:10026000ECA1E53D27434F4D4D554E49434154497F
:100270004F4E0044525952554E004552524F525320
:1002800000494E464F004543484F00322E312E78EC
:10029000202876322E302E35290057616E68616F26
:1002A000204439204D4B31753220343030005354C6
:1002B0004F505045442E20005072696E7465722074
:1002C00073746F707065642064756520746F206549
:1002D00072726F72732E204669782074686520658B
:1002E00072726F7220616E6420757365204D3939AA
:1002F0003920746F20726573746172742E202854D3
:10030000656D7065726174757265206973207265C0
:100310007365742E2053657420697420616674655A
:10032000722072657374617274696E67290A004E77
:100330006F20436865636B73756D207769746820FF
:100340006C696E65206E756D6265722C204C6173F0
:1003500074204C696E653A20004E6F2043686563D7
:100360006B73756D2077697468206C696E65206E9B
:10037000756D6265722C204C617374204C696E65DA
:100380003A2000636865636B73756D206D69736DEA
:10039000617463682C204C617374204C696E653AFB
:1003A00020004C696E65204E756D62657220697320
:1003B000206E6F74204C617374204C696E65204E02
:1003C000756D6265722B312C204C617374204C6901
:1003D0006E653A20004D3131300053657269616CB1
:1003E00020737461747573206D69736D61746368D3
:1003F0000A0053442072656164206572726F720A4C
:1004000000746F6F206D75636820696E6163746935
:1004100076652074696D65202D2063757272656E36
:100420007420636F6D6D616E643A20002121204B52
:10043000494C4C20636175736564206279200062C9
:100440007573793A2070617573656420666F7220E8
:10045000696E7075740A00627573793A20706175FF
:1004600073656420666F7220757365720A00627529
:1004700073793A2070726F63657373696E670A00EF
:100480005344204361726420726561642065727216
:100490006F72004D31303030530046696C616D65CC
:1004A0006E742072756E6F757420452564004D362C
:1004B0003030002066696C616D656E745F72756EB8
:1004C0006F7574200066696C616D656E745F72751E
:1004D0006E6F757420540046696C616D656E745260
:1004E000756E6F7574205400506C65617365205291
:1004F0006573657400706F7765726F6666004B494F
:100500004C4C45442E20005072696E746572206810
:10051000616C7465642E206B696C6C2829206361A2
:100520006C6C6564210A006563686F3A00457272FD
:100530006F723A0042696C696E656172204C657633
:10054000656C696E6720477269643A0A0050726987
:100550006E74204F626A002F2F616374696F6E3A68
:10056000006E6F74696669636174696F6E20006EF6
:100570006F74696669636174696F6E200070726F71
:100580006D70745F00626567696E00656E6400730C
:10059000686F7700627574746F6E00486F74656E73
:1005A0006420746F6F20636F6C640A004D323453A3
:1005B000004D323320004739322E3945004731464D
:1005C000004731463630305A0047314633303030FC
:1005D00058004D31303650004D31303953004D32D6
:1005E000303044004739322E395A004D34323053BE
:1005F0000047323852305859004731463630305A69
:10060000004739322E395A004739322E39453000E9
:100610004D31303953004D31393053004D34323083
:100620005330004F46460A004661646520486569BC
:100630006768742000426564204C6576656C696E5D
:100640006720004661696C656420746F20656E6187
:10065000626C6520426564204C6576656C696E67E6
:100660000A00496E76616C6964206D6573682E0AB4
:10067000004731205A31302046313230300A47317C
:100680002058323030205932303020463630303029
:100690000050726F62696E6720506F696E7400253A
:1006A000532025692F2569002E0A002F0050726FF4
:1006B00062696E67206D65736820706F696E742063
:1006C00000202844525952554E29004732392041C2
:1006D00075746F20426564204C6576656C696E6741
:1006E000003F20284C2C522C462C4229206F757438
:1006F000206F6620626F756E64732E0A0020756E1F
:100700006974732F6D696E290A003F4665656472CE
:100710006174652028532920746F6F206C6F772EC9
:1007200020285573696E6720003F2856296572623C
:100730006F7365206C6576656C20696D706C617592
:100740007369626C652028302D34292E0A004261BD
:1007500064205A2076616C75650A004E6F206269CC
:100760006C696E65617220677269640A00204400DA
:1007700020204D32303020530020284469736162BC
:100780006C6564293A0046696C616D656E7420730E
:10079000657474696E67730020204D3230312058C3
:1007A000004D617820416363656C65726174696FA7
:1007B0006E2028756E6974732F7332290020204DC6
:1007C0003230332058004D6178206665656472616F
:1007D0007465732028756E6974732F732900205215
:1007E0000020204D323034205000416363656C6539
:1007F000726174696F6E2028756E6974732F73321D
:10080000292028503C7072696E742D616363656C99
:100810003E20523C726574726163742D616363653E
:100820006C3E20543C74726176656C2D6163636527
:100830006C3E290020540020530020204D323035DA
:10084000204200416476616E6365642028423C6DFD
:10085000696E5F7365676D656E745F74696D655F02
:1008600075733E20533C6D696E5F666565647261A9
:1008700074653E20543C6D696E5F74726176656C80
:100880005F66656564726174653E20583C6D617891
:100890005F6A65726B3E20593C6D61785F6A657274
:1008A0006B3E205A3C6D61785F6A65726B3E2045F5
:1008B0003C6D61785F6A65726B3E290020440020C0
:1008C000490020204D333031205000486F74656E50
:1008D0006420504944007061757365640048656127
:1008E000642063616E6E6F74206265207061726B4C
:1008F000656400506175736500496E73657274209C
:1009000066696C616D656E7420616E6420707265DD
:10091000737320627574746F6E0A00526568656146
:100920007420446F6E6500526568656174696E6716
:100930002E2E2E00526568656174004865617465ED
:10094000722054696D656F75740050726573732001
:10095000627574746F6E20746F2068656174206EA8
:100960006F7A7A6C650A004E6F7A7A6C65205061F6
:10097000726B65640044697361626C6552756E6F79
:1009800075740050757267654D6F726500506175C2
:10099000736564004C6F61642046696C616D656EBF
:1009A000742054004C6F61642046696C616D656E03
:1009B0007400496E736572742066696C616D656E52
:1009C0007420616E64207072657373206275747434
:1009D0006F6E0A00726573756D656400526573759C
:1009E0006D696E6700203B0020550020204D363099
:1009F00033204C0046696C616D656E74206C6F61CC
:100A0000642F756E6C6F616400203B200020204DC8
:100A1000343133205300506F7765722D6C6F7373D0
:100A2000207265636F766572790020496E76616C1D
:100A300069642065787472756465722000536C6512
:100A400065702E2E2E005B505D61726B696E6720A3
:100A50007374796C652028302E2E34292E003F497E
:100A60006E76616C696420005A2050726F62652056
:100A700050617374204265640A005A2050726F629C
:100A80006520506173742042656400473238004D20
:100A900065736820706F696E74206F7574206F665F
:100AA0002072616E67650A00626567696E00436F58
:100AB0006E74696E7565004D302053746F70004D13
:100AC000312053746F7000436C69636B20746F2026
:100AD000526573756D652E2E2E004E6F204D6F760C
:100AE000652E00456E642066696C65206C697374C0
:100AF0000A00426567696E2066696C65206C6973DF
:100B0000740A004E6F206D656469610A00534420C9
:100B1000636172642072656C65617365640A00527A
:100B20006573756D696E6720534400526573756D0A
:100B30006500506175736520534400286E6F206610
:100B4000696C65290043757272656E742066696C04
:100B5000653A20004E6F74205344207072696E74A1
:100B6000696E670A005344207072696E74696E671B
:100B7000206279746520005072696E742074696D0A
:100B8000653A20007061757365006F6B004C696E8B
:100B9000653A20006F666600860281027A0273025F
:100BA000650244454255473A004D31313220536881
:100BB0007574646F776E004D313133205300576187
:100BC0006E68616F204439204D4B317532203430CE
:100BD00030204F46462E0020732E0A00496E616376
:100BE0007469766974792074696D656F7574200015
:100BF0002F2F005741524E494E4721204C6F7720EE
:100C00005A204A65726B206D6179206C65616420A1
:100C1000746F20756E77616E746564207061757392
:100C200065732E0A002058003B200020204D61787B
:100C30003A2000200020204D696E3A2000203B2001
:100C40000020204D323131205300250A0046523A0F
:100C50000020466C6F773A20003A200020536572DE
:100C6000766F2000206F7574206F662072616E674A
:100C7000650A00536572766F200050726F626520BE
:100C80004F6666736574205A0050726F6265204F1C
:100C90006666736574205A0064697300656E00436C
:100CA000290061626C656420286D696E2074656D31
:100CB000702000436F6C642065787472756465738E
:100CC000206172652000203B20486F7374206861AA
:100CD0006E646C696E6720006D6D00203B204D6F67
:100CE00074696F6E2064697374616E636520006D52
:100CF0006D00203B2044697374616E63652000467B
:100D0000696C616D656E742072756E6F757420000C
:100D10004D34323120696E636F7272656374207076
:100D20006172616D657465722075736167650A0033
:100D30004D65736820706F696E74206F7574206FD5
:100D4000662072616E67650A004F6666736574732C
:100D5000204170706C696564004D494E2F4D4158BB
:100D600020546F6F2046617200546F6F206661726D
:100D70002066726F6D204D494E2F4D41580A004537
:100D80004550524F4D204F4B0A00290A0020746FE6
:100D900020003F5A206F7574206F662072616E6765
:100DA00065202800290A0020746F20003F59206F19
:100DB0007574206F662072616E6765202800290AAD
:100DC0000020746F20003F58206F7574206F6620DC
:100DD00072616E67652028004D383400446F6E657F
:100DE000207072696E74696E672066696C650A00AE
:100DF0004D3737004D33310020204D3230362058EA
:100E000000486F6D65206F6666736574004361709E
:100E10003A00434F4E4649475F4558504F525400A1
:100E20004D4541545041434B00434F4F4C45525F59
:100E300054454D5045524154555245004348414D4B
:100E40004245525F54454D5045524154555245001C
:100E500045505F4241425953544550004241425926
:100E60005354455050494E470041524353004D4F53
:100E700054494F4E5F4D4F44455300544845524DE1
:100E8000414C5F50524F54454354494F4E004558D2
:100E900054454E4445445F4D323000435553544F02
:100EA0004D5F4649524D574152455F55504C4F4159
:100EB00044004C464E5F5752495445004C4F4E47F4
:100EC0005F46494C454E414D45004155544F5245B2
:100ED000504F52545F53445F535441545553005341
:100EE000445F575249544500524550454154004DC6
:100EF000554C54495F564F4C554D45005344434162
:100F000052440050524F4D50545F535550504F5221
:100F10005400484F53545F414354494F4E5F434F31
:100F20004D4D414E445300454D455247454E435962
:100F30005F50415253455200434153455F4C49472E
:100F400048545F4252494748544E45535300544F0A
:100F500047474C455F4C494748545300534F46540C
:100F6000574152455F504F574552004255494C44F6
:100F70005F50455243454E54004C4556454C494EF2
:100F8000475F44415441005A5F50524F424500521E
:100F9000554E4F5554004155544F4C4556454C0005
:100FA0005052494E545F4A4F420050524F475245AB
:100FB0005353004155544F5245504F52545F54457E
:100FC0004D50004155544F5245504F52545F504F71
:100FD0005300564F4C554D455452494300454550DA
:100FE000524F4D0042494E4152595F46494C455F70
:100FF0005452414E534645520053455249414C5F6D
:10100000584F4E5F584F4646004649524D57415241
:10101000455F4E414D453A4D61726C696E20627577
:10102000676669782D322E312E7820443920763249
:101030002E302E3520285365702031362032303244
:10104000362032313A34323A33322920534F555216
:1010500043455F434F44455F55524C3A6769746856
:1010600075622E636F6D2F4C652D53796C32312F65
:1010700057414E48414F2D4475706C696361746FE0
:10108000722D392050524F544F434F4C5F564552AA
:1010900053494F4E3A312E30204D414348494E4539
:1010A0005F545950453A57616E68616F204439204A
:1010B0004D4B31753220343030204B494E454D4137
:1010C000544943533A43617274657369616E2045B4
:1010D000585452554445525F434F554E543A31206F
:1010E000555549443A63656465326132662D343141
:1010F00061322D343734382D396231322D63353534
:101100006336326633363766660047322F47332000
:1011100062616420706172616D65746572730A004A
:101120005A2050726F62652050617374204265646A
:1011300000205A3A0020593A0042656420583A008B
:101140004732384F00203B0020204D3835312058A1
:10115000005A2D50726F6265204F66667365740089
:10116000220A00656E7175657565696E67202200DB
:101170006F6B0A00526573656E643A2000256973CF
:101180000025696D20256973002569682025696D32
:101190002025697300256964202569682025696D0B
:1011A00020256973002569792025696420256968EF
:1011B0002025696D2025697300436F6F6C696E6728
:1011C0002E2E2E00453120255300204600204200BF
:1011D00020204D3130342053004175746F20546508
:1011E0006D7020436F6E74726F6C0020573A00422E
:1011F000656420436F6F6C696E672E2E2E0042650A
:10120000642048656174696E672E2E2E0023646524
:1012100066696E652044454641554C545F0050490F
:10122000442074756E696E6720646F6E6500417549
:10123000746F74756E65206661696C6564212054F5
:10124000696D656F75742E004175746F74756E6588
:10125000206661696C6564212054656D70657261FA
:101260007475726520746F6F20686967682E00411D
:1012700075746F74756E65206661696C6564212094
:101280004261642065787472756465722E005049FD
:1012900044204175746F74756E65004B4420004B9B
:1012A0004920004B5020005049442074756E696EEF
:1012B0006720646F6E65002066696E697368656497
:1012C000212050757420746865206C617374204B04
:1012D000702C204B6920616E64204B6420636F6E1C
:1012E0007374616E74732066726F6D2062656C6FCB
:1012F0007720696E746F20436F6E666967757261DF
:1013000074696F6E2E680A00504944204175746FED
:1013100074756E6500206661696C6564212074696E
:101320006D656F75740A00504944204175746F747F
:10133000756E65004175746F74756E6520666169C0
:101340006C6564212054696D656F75742E0020668C
:1013500061696C6564212054656D70657261747596
:10136000726520746F6F20686967680A005049448D
:10137000204175746F74756E65005049442043793F
:10138000636C65730025532025692F256900204B68
:10139000643A2000204B693A2000204B703A20002C
:1013A00020436C617373696320504944200A002014
:1013B00054753A2000204B753A2000206D61783A30
:1013C0002000206D696E3A200020643A20002062DF
:1013D0006961733A200048656174696E672E2E2E2C
:1013E000002073746172740A00504944204175747E
:1013F0006F74756E65004175746F74756E652066E7
:1014000061696C6564212054656D706572617475E5
:10141000726520746F6F20686967682E00206661AE
:10142000696C6564212054656D70657261747572B4
:101430006520746F6F20686967680A00504944200E
:101440004175746F74756E65005049442041757420
:101450006F74756E65003F28432979636C6573204E
:101460006E6F7420706C61757369626C6520283EC4
:101470003D33292E0A00206661696C656421204293
:101480006164206865617465722069640A0050496E
:1014900044204175746F74756E6500002002000071
:1014A00000991F0000012002000000991F000002A7
:1014B0002002000000991F00000320020000009994
:1014C0001F0000042002000000524F00000520020F
:1014D0000000005D1F00000620000000003A1F0011
:1014E00000072002000000071F0000082002000083
:1014F000001B1F0000092002000000833800000AC2
:101500002002000000971900000B20020000006874
:101510001B00000E2002000000D11E00000F200260
:10152000000000B71E00001020020000003650002E
:1015300000112002000000095000001220020000EB
:101540000009500000142002000000E14F000015C7
:101550002002000000F71E00001620020000008696
:101560001E0000172002000000511E00001820027B
:101570000000008F190000192002000000431D0028
:10158000001A2000000000A74300001B20000000FC
:1015900000612800001C2002000000831900001DCB
:1015A0002002000000701900001E2002000000E56B
:1015B0001D00001F200200000082430000202002C6
:1015C000000000141D0000212002000000141D0076
:1015D00000222002000000141D0000232002000051
:1015E00000D31C0000242002000000681900002520
:1015F0002000000000C81C0000262000000000574A
:101600004200002720020000007143000028200251
:101610000000005D4300002920020000004919007D
:10162000002A2002000000901C00002B2000000077
:1016300000FB4200002C2002000000E74200002DC9
:101640002002000000C54200002E200200000080A1
:101650001C00002F20000000004319000020300271
:1016600000000000008D7C253020000000000036C6
:101670007C4530200000000000367C6530200000F2
:10168000000000367C8530200000000000367CA57C
:1016900030200000000000367CC530020000000051
:1016A00000E27CC630200000000000FD7BE6300236
:1016B00001000000001286E8300F01000000000168
:1016C00097F7300201000000003C7ABE31020000B2
:1016D000000000129AF8300201110200004879F966
:1016E000300201000000002B7AFC300201D7070015
:1016F00000DE78FD300201DB0700004879FE300291
:101700000000000000177AFF300201A30D0000DE88
:101710007800310201A70D00004879013102000074
:10172000000000177A05310201000000000B7A0664
:101730003102011D0E000074780731020009020019
:1017400000F3790831020100000000C17B09310279
:101750000000000000657722310200F30600002936
:101760007823310200F506000029782431020000B8
:10177000000000DF79253102000A020000297826E6
:10178000310201200A0000DE7827310201240A001C
:1017900000DE7828310201280A0000DE78293102B3
:1017A00000F7060000F3792A31020000000000B2C1
:1017B0007B2B31020000000000C7792C3102000CA5
:1017C00002000029782D31040100000000CC7A2F9E
:1017D00031040100000000907A3131040100000062
:1017E00000547A333118009A020000027B4B311802
:1017F00000000000005F7B633110008B02000002DC
:101800007B73310200000000002572743102000079
:1018100000000026727531180000000000397B8D31
:1018200031180000000000287BA5311800000000DE
:1018300000177BBD31020000000000E29900400269
:101840000100001519AE7901402002FA06741C4A05
:101850007B214002000802FB71DD7722400200007C
:101860000093249F79234002000000CB2495790047
:10187000500200000000003C7A0150000000000A05
:10188000190000000000000000000000004E6F740E
:1018900020616C6C6F776564207768696C6520697E
:1018A000646C65004E6F7420616C6C6F77656420AA
:1018B000647572696E67207072696E74004E6F2075
:1018C00053442043617264204465746563746564A5
:1018D0000043616E6E6F7420656E7465722073755F
:1018E000626469723A20004E6F2066696C652073ED
:1018F000656C6563746564004D32350052657375BF
:101900006D6500554920506175736500726573758A
:101910006D65004D323400436F6F6C696E672E2E1B
:101920002E004D3530300047323900486F6D696EFA
:10193000672072657175697265640054656D7065C4
:1019400072617475726520746F6F206C6F770047D9
:1019500032385A0047323858590047323858595AA5
:1019600000486F6D696E672E2E2E00457865637591
:1019700074696E6720636F6D6D616E642E2E2E002C
:101980004D353030004D353032004D3939390A4D42
:10199000323830503053313630004D353030005011
:1019A0004944206175746F74756E696E672E2E2EB2
:1019B000004D333033432564452564532564553148
:1019C00000426564205049442064697361626C651B
:1019D00064004D313030304300496E76616C69648B
:1019E000207265636F766572792064617461004D61
:1019F00031303030004275737900BD310000333131
:101A00004B3163317331743175318D31A531000043
:101A100023400000224000002B312C3121402D3189
:101A20002F31313100002A31000001400000263101
:101A30002731283129310000FF3000312431253190
:101A40000000223123310000FF300031FC30FD3036
:101A5000083109310000FF300031FC30FD3000005A
:101A60000631073100000531000000400000FF3062
:101A700000310131FC30FD30FE300000FF3000311C
:101A8000FC30FD300000FF300031FC30FD30E6302E
:101A9000E830005000000031FD300040F830F930EF
:101AA00006310000FF300031FC30FD30E630E83018
:101AB000F730BE31000020302530453065308530AC
:101AC000A530C530C6300000FF300031FC30FD309D
:101AD00000004D3530300050726F62696E672066CD
:101AE00061696C65640050726F62696E672073751E
:101AF000636365737366756C00022F7D03419A04FE
:101B00004D9A0A85A00B19A00CE59F0D2A770E406F
:101B1000720F35721008A011CB9F132B721627720B
:101B200000000001C81A02B61A03A41A04961A0586
:101B3000861A067C1A076E1A086A1A09661A0B605A
:101B40001A0C561A0D481A0E421A0F381A102E1A6D
:101B5000112A1A12261A13181A14141A15101A1602
:101B6000FE19F9FA1900000047305A3130004732A7
:101B700038004732380047305A3000473058256423
:101B80005925640047305A340047323800486F6D99
:101B9000696E672E2E2E0042757379004457494EA8
:101BA000204755492F4F532075706461746520722A
:101BB00065717569726564002564782564782564AB
:101BC000002D002D002D0063616E63656C00507266
:101BD000696E742041626F72746564004469736D4C
:101BE0006973730055492041626F72746564006FB8
:101BF00070656E00545249474745524544003A20AB
:101C00000066696C616D656E74007A5F6D696E0067
:101C1000795F6D696E00785F6D696E005265706FF7
:101C20007274696E6720656E6473746F702073746C
:101C3000617475730A0020746F6F206C6F6E67207B
:101C4000657874727573696F6E2070726576656EF3
:101C50007465640A0020636F6C6420657874727523
:101C600073696F6E2070726576656E7465640A00C4
:101C7000486F6D65202573204669727374000000FB
:101C8000000000000000000000005761726E696EE5
:101C9000673A20486F6D696E672042756D70204409
:101CA000697669736F72203C20310A0002020200DB
:101CB00000C8430000C8430000C8430000A0400023
:101CC00000A0400000004053544F505045442E2087
:101CD000005072696E7465722073746F7070656401
:101CE0002064756520746F206572726F72732E2088
:101CF00046697820746865206572726F7220616E23
:101D00006420757365204D39393920746F207265F0
:101D100073746172742E202854656D7065726174DD
:101D20007572652069732072657365742E20536522
:101D300074206974206166746572207265737461C1
:101D40007274696E67290A00206572726F72202DA5
:101D500020726573746172742077697468204D39DC
:101D600039390A00424C546F7563680021212053B1
:101D7000544F502063616C6C6564206265636175CB
:101D80007365206F6620000000C8430000C8430050
:101D900000C84300000000000000000000000045F3
:101DA0004550524F4D207772697465206661696CA9
:101DB00065640053657474696E67732053746F7241
:101DC000656400290A002062797465733B206372A0
:101DD00063200053657474696E67732053746F7267
:101DE0006564202800204D61726C696E3D56393063
:101DF000290A00454550524F4D2076657273696F30
:101E00006E206D69736D617463682028454550527A
:101E10004F4D3D00454550524F4D206461746173F4
:101E2000697A65206572726F722E0A004572723A85
:101E300020454550524F4D204352430020286361B6
:101E40006C63756C6174656429210A0020213D2052
:101E500000454550524F4D20435243206D69736DEC
:101E600061746368202D202873746F726564292063
:101E700000454550524F4D20436F72727570740A81
:101E8000002053697A653A2000496E6465783A20EB
:101E90000053746F7265642073657474696E677340
:101EA0002072657472696576656400206279746574
:101EB000733B2063726320002073746F726564202B
:101EC00073657474696E6773207265747269657680
:101ED0006564202800454550524F4D20726561646D
:101EE000206661696C656400454550524F4D20493C
:101EF0006E697469616C697A65640A00454550527F
:101F00004F4D20496E697469616C697A656400455A
:101F10004550524F4D20726573657400486172647C
:101F2000636F6465642044656661756C74205365F5
:101F30007474696E6773204C6F616465640000009F
:101F40009643000096430000A0400000C84166662A
:101F5000A0426666A0426626C8439A99BC42B80B66
:101F60000000B80B000064000000B80B000020283F
:101F70006D6D2900203B204C6576656C696E67208D
:101F80000020204D3432302053004175746F2042C0
:101F90006564204C6576656C696E67004F46460047
:101FA0004F4E00203B2053656E736F722000204C13
:101FB0000020440020204D34313220530046696C0B
:101FC000616D656E742072756E6F75742073656EC9
:101FD000736F7200204A0020204732392057204971
:101FE0000020204D3134392043203B20556E697448
:101FF0007320696E2043656C736975730A005465BC
:102000006D706572617475726520556E69747300C8
:102010002020473231203B004C696E6561722055AB
:102020006E6974730024F4D43050C38D20C3A24170
:1020300017828B7011127A900D826CDA0AA861E116
:1020400008C7586607615142061F4B5E05C145A689
:10205000041B411204093D9703723931034136DBF9
:102060000266339202D4305302812E1D02642CEE9C
:1020700001762AC501B128A101102781018F2564AD
:10208000012B244A01E1223401AD2120018D200CD5
:1020900001811FFC00851EED00981DDF00B91CD2D8
:1020A00000E71BC700201BBB00651AB200B319A9CB
:1020B000000A19A0006A189800D217920040178AE7
:1020C00000B616840032167E00B41579003B1574F4
:1020D00000C7146F0058146A00EE1366008813627C
:1020E0000026135E00C8125B006D125700161255D1
:1020F00000C111510070114E0022114C00D6104940
:10210000008D1046004710450002104200C00F40ED
:1021100000800F3E00420F3C00060F3A00CC0E3903
:1021200000930E37005C0E3500270E3400F30D329D
:1021300000C10D3100900D2F00610D2F00320D2DCB
:1021400000050D2C00D90C2A00AF0C2A00850C28A4
:10215000005D0C2800350C27000E0C2500E90B252E
:1021600000C40B2400A00B23007D0B22005B0B217D
:10217000003A0B2100190B2000F90A1F00DA0A1F90
:1021800000BB0A1E009D0A1D00800A1C00640A1C78
:1021900000480A1C002C0A1B00110A1A00F7091A31
:1021A00000DD091900C4091900AB091800930918CA
:1021B000007B091700640917004D0917003609163E
:1021C00000200915000B091500F6081500E1081597
:1021D00000CC081400B8081400A4081300910813D8
:1021E000007E0813006B08120059081200470812FD
:1021F0000035081200230811001208110001081010
:1022000000F1071100E0071000D0071000C0070F11
:1022100000B1071000A1070F0092070F0083070FFE
:102220000074070E0066070E0058070E004A070EDE
:10223000003C070E002E070D0021070D0014070DAE
:102240000007070D00FA060D00ED060C00E1060D73
:1022500000D4060C00C8060C00BC060C00B0060B2F
:1022600000A5060C0099060B008E060B0083060BDA
:102270000078060B006D060B0062060B0057060A7D
:10228000004D060A0043060B0038060A002E060A17
:1022900000240609001B060A0011060A00070609A9
:1022A00000FE050A00F4050900EB050900E2050936
:1022B00000D9050900D0050900C7050800BF0509B8
:1022C00000B6050900AD050800A50508009D050834
:1022D00000950509008C050800840508007C0507A9
:1022E00000750508006D050800650507005E050816
:1022F00000560507004F0508004705070040050781
:102300000039050700320507002B050700240507E3
:10231000001D050700160507000F05060009050743
:102320000002050600FC040700F5040600EF0407A0
:1023300000E8040600E2040600DC040600D60406F9
:1023400000D0040700C9040500C4040600BE04064A
:1023500000B8040600B2040600AC040600A604059A
:1023600000A10406009B04050096040600900405E5
:10237000008B04060085040500800405007B04052D
:102380000076040600700405006B04050066040571
:1023900000610405005C04050057040500520405B3
:1023A000004D04050048040400440405003F0405F2
:1023B000003A04040036040500310405002C04042E
:1023C0000028040500230404001F0405001A040467
:1023D0000016040400120405000D0404000904049E
:1023E000000504040001040500FC030400F80304D4
:1023F00000F4030400F0030400EC030400E8030409
:1024000000E4030400E0030400DC030400D8030438
:1024100000D4030300D1030400CD030400C9030466
:1024200000C50304000000000000000000000000E0
:1024300000000000000000000000000000D1036D5B
:102440006403570D0347C6023B8B023259022B2E01
:102450000225090221E8011CCC011AB201179B01D7
:102460001487011374011163010F54010E46010D0D
:1024700039010D2C010B21010A17010A0D01090474
:102480000108FC0008F40007ED0007E60007DF0084
:1024900006D90006D30005CE0006C80005C3000417
:1024A000BF0005BA0004B60004B20004AE0004AADE
:1024B0000004A60003A300049F00039C00039900EE
:1024C000039600039300029100038E00028C000328
:1024D0008900028700038400028200028000027EDD
:1024E00000027C00027A000278000276000175008A
:1024F000027300027100017000026E00016D0002A3
:102500006B00016A00026800016700026500016457
:1025100000016300016200026000015F00015E00D3
:10252000015D00015C00015B00015A0001590001DE
:102530005800015700015600015500015400015395
:1025400000015200015100005100015000014F00F4
:10255000014E00014D00004D00014C00014B0001F7
:102560004A00004A000149000148000048000147B4
:1025700000014600004600014500004500014400FE
:1025800001430000430001420000420001410000FD
:102590004100014000004000013F00003F00013EBB
:1025A00000003E00013D00003D00013C00003C00F9
:1025B000013B00003B00013A00003A0001390000F5
:1025C00039000039000138000038000137000037B9
:1025D00000003700013600003600003600013500EB
:1025E00000350001340000340000340001330000E5
:1025F00033000033000132000032000032000131AC
:1026000000003100003100003100013000003000D6
:10261000003000012F00002F00002F00002F0001CC
:102620002E00002E00002E00012D00002D00002D98
:1026300000002D00012C00002C00002C00002C00BC
:10264000012B00002B00002B00002B00012A0000B2
:102650002A00002A00002A00002A0001290000297F
:10266000000029000029000128000028000028009F
:102670000028000028000127000027000027000094
:102680002700002700012600002600002600002663
:10269000000026000026000125000025000025007E
:1026A0000025000025000025000124000024000072
:1026B0002400002400002400002400012300002343
:1026C000000023000023000023000023000122005B
:1026D0000022000022000022000022000022000050
:1026E0002200012100002100002100002100002122
:1026F0000000210000210001200000200000200037
:102700000020000020000020000020000020000128
:102710001F00001F00001F00001F00001F00001FFF
:1027200000001F000020436F756E7420583A00426D
:10273000656400453100626564002C207379737410
:10274000656D2073746F70706564212048656174D5
:1027500065725F49443A20004572723A204D4158F3
:1027600054454D50004D415854454D5020747269A8
:102770006767657265640048656174696E672046C5
:1027800061696C65640048656174696E67206661A3
:10279000696C6564004572723A204D494E54454D4E
:1027A00050004D494E54454D50207472696767651D
:1027B00072656400544845524D414C2052554E417B
:1027C00057415900546865726D616C2052756E6195
:1027D00077617900202F002042403A0020403A00E3
:1027E00020573A000009121B242D363F48415A5306
:1027F0006C657E7719100B023D342F265158434AE1
:10280000757C676E323B2029161F040D7A73686150
:102810005E574C452B2239300F061D14636A7178C0
:10282000474E555C646D767F4049525B2C253E37A0
:1028300008011A137D746F6659504B42353C272EA0
:102840001118030A565F444D727B60691E170C0510
:102850003A3328214F465D546B627970070E151C80
:10286000232A31384148535A656C777E09001B1280
:102870002D243F3658514A437C756E671019020B60
:10288000343D262F737A6168575E454C3B322920D0
:102890001F160D046A6378714E475C55222B303940
:1028A000060F141D252C373E0108131A6D647F7620
:1028B00049405B523C352E2718110A03747D666F20
:1028C0005059424B171E050C333A21285F564D4490
:1028D0007B7269600E071C152A233831464F545D00
:1028E000626B707900002110422063308440A55053
:1028F000C660E770088129914AA16BB18CC1ADD146
:10290000CEE1EFF13112100273325222B5529442ED
:10291000F772D662399318837BB35AA3BDD39CC395
:10292000FFF3DEE36224433420040114E664C77439
:10293000A44485546AA54BB528850995EEE5CFF5E5
:10294000ACC58DD55336722611163006D776F6668D
:102950009556B4465BB77AA719973887DFF7FEE735
:102960009DD7BCC7C448E5588668A7784008611859
:1029700002282338CCC9EDD98EE9AFF94889699985
:102980000AA92BB9F55AD44AB77A966A711A500A2D
:10299000333A122AFDDBDCCBBFFB9EEB799B588BD5
:1029A0003BBB1AABA66C877CE44CC55C222C033C79
:1029B000600C411CAEED8FFDECCDCDDD2AAD0BBD25
:1029C000688D499D977EB66ED55EF44E133E322ECD
:1029D000511E700E9FFFBEEFDDDFFCCF1BBF3AAF75
:1029E000599F788F8891A981CAB1EBA10CD12DC1D3
:1029F0004EF16FE18010A100C230E3200450254069
:102A000046706760B9839893FBA3DAB33DC31CD3C8
:102A10007FE35EF3B1029012F322D23235421452B8
:102A200077625672EAB5CBA5A89589856EF54FE514
:102A30002CD50DC5E234C324A01481046674476408
:102A400024540544DBA7FAB79987B8975FE77EF768
:102A50001DC73CD7D326F2369106B0165766767658
:102A6000154634564CD96DC90EF92FE9C899E98934
:102A70008AB9ABA94458654806782768C018E108A8
:102A80008238A3287DCB5CDB3FEB1EFBF98BD89B08
:102A9000BBAB9ABB754A545A376A167AF10AD01AF8
:102AA000B32A923A2EFD0FED6CDD4DCDAABD8BAD54
:102AB000E89DC98D267C076C645C454CA23C832C48
:102AC000E01CC10C1FEF3EFF5DCF7CDF9BAFBABFA8
:102AD000D98FF89F176E367E554E745E932EB23E98
:102AE000D10EF01E7C3C3E5E2B3D3F2F5B5D3B2CB0
:102AF0002A225C005761726E696E673A0053442067
:102B00004361726420496E6974204661696C0053A8
:102B1000442063617264206F6B0A006F70656E52AF
:102B20006F6F74206661696C65640A00766F6C75FE
:102B30006D652E696E6974206661696C65640A0052
:102B40004E6F20534420636172640A000A4D323490
:102B5000004D3233202573002E0A006F70656E2001
:102B60006661696C65642C2046696C653A20004694
:102B7000696C652073656C65637465640A00205335
:102B8000697A653A200046696C65206F70656E65EC
:102B9000643A2000454E4420535542524F55544903
:102BA0004E450A002220706F73002220706172650A
:102BB0006E743A2200535542524F5554494E4520A7
:102BC00043414C4C207461726765743A220053751E
:102BD0006263616C6C204F766572666C6F7700453E
:102BE00078636565646564206D6178205355425251
:102BF0004F5554494E452064657074683A002E0A5A
:102C00000044656C6574696F6E206661696C65640B
:102C10002C2046696C653A200046696C6520646525
:102C20006C657465643A0057726974696E672074E4
:102C30006F2066696C653A2000667265736800648F
:102C40006F696E67002066696C653A20004E6F7789
:102C500020002F6175746F25632E670020014001ED
:102C600030013B01400136016001310170012C014E
:102C700090012701B0012201C0011D01F0011801DE
:102C80001002130130020E016002090190020401DA
:102C9000C002FF000003FA004003F5008003F000CB
:102CA000D003EB002004E6007004E100E004DC0047
:102CB0004005D700C005D2004006CD00D006C800B0
:102CC0008007C3003008BE00F008B900C009B40096
:102CD000B00AAF00B00BAA00D00CA500000EA000F7
:102CE000500F9B00C01096005012910000148C00F1
:102CF000C0158700B0178200B0197D00D01B780086
:102D0000001E730040206E0090226900F0246400D1
:102D100040275F0090295A00E02B5500102E5000EC
:102D200020304B0010324600E033410090353C002B
:102D30001037370070383200A0392D00B03A280023
:102D4000A03B2300603C1E00103D1900903D140084
:102D5000103E0F00703E0A00C03E0500003F00001C
:102D6000403FFBFF803FF6FFC03FF1FF2020506C4B
:102D7000616E6E65724275666665724279746573DE
:102D80003A20002046726565204D656D6F72793A74
:102D9000200020436F6D70696C65643A2053657044
:102DA00020313620323032360A00204C61737420D4
:102DB000557064617465643A20323032362D303992
:102DC0002D3038207C20417574686F723A20537919
:102DD0006C3231202B20436C617564650A004D61B3
:102DE000726C696E20322E312E78202876322E3089
:102DF0002E35290A0020536F667477617265205260
:102E0000657365740A00205761746368646F672096
:102E100052657365740A002042726F776E206F7579
:102E2000742052657365740A002045787465726E6B
:102E3000616C2052657365740A00506F7765725536
:102E4000700A0073746172740A004732385859006E
:102E50004D31303031006572726F72207772697453
:102E6000696E6720746F2066696C650A00446F6E36
:102E70006520736176696E672066696C652E0A004D
:102E80004D323900456E6473746F707300255320A2
:102E9000256320256320256320256300205A3A00FE
:102EA00020593A0020583A00656E6473746F70734D
:102EB000206869743A200000000A0B02090C0D0E0C
:102EC00008070304010000000000000000000000EB
:102ED00000000000000000000000000000000000F2
:102EE00000000012111000000000000000000000AF
:102EF0000000000000000000000000000000486F1B
:102F00006D696E67204661696C656400FFFFFF2094
:102F10005A3A200020793A200042656420583A202D
:102F20000050726F62696E67204661696C65640A61
:102F30000050726F62696E67204661696C6564005B
:102F400043616E6E6F74206F70656E20737562647E
:102F500069722000524553554D45204F5054494FFA
:102F60004E533A0048656174696E672E2E2E00003C
:102F700000436C69636B20746F20686561740000A6
:102F800000526573756D696E672E2E2E000000501D
:102F9000757267696E672E2E2E0000004C6F61649B
:102FA000696E672E2E2E000000496E7365727420C4
:102FB000616E6420436C69636B000000436C69635D
:102FC0006B20746F20636F6E74696E75650000000E
:102FD000456A656374696E672E2E2E000000506C82
:102FE0006561736520776169742E2E2E0000005094
:102FF00061726B696E672E2E2E000000220A00554A
:103000006E6B6E6F776E20636F6D6D616E643A20CC
:1030100022006F6B0057616E68616F204439204D4C
:103020004B317532203430302052656164792E0086
:103030005072696E74696E672E2E2E005072696E22
:10304000742050617573656400204500205A00208B
:10305000590020204D393220580053746570732078
:1030600070657220756E69740000002200250028CA
:10307000002B002E00310034000201000005010881
:10308000010B0100002100240027002A002D003040
:1030900000330001010000040107010A01050505D4
:1030A00005070508080808020202020A0A080804BF
:1030B00004040401010101010101010303030303ED
:1030C000030303040707070C0C0C0C0C0C0C0C027C
:1030D00002020206060606060606060B0B0B0B0B83
:1030E0000B0B0B010210202008081020401020407C
:1030F00080020102010804020101020408102040BC
:1031000080804020100804020180040201804020D9
:103110001008040201080402010102040810204002
:103120008001020408102040804572726F7220777F
:10313000726974696E6720746F20454550524F4D17
:10314000210A0020746F6F206C6F6E6720657874A1
:10315000727573696F6E2070726576656E746564E2
:103160000A0020636F6C6420657874727573696FF0
:103170006E2070726576656E7465640A0020453A4B
:1031800000205A3A0020593A00583A0007E5E9E48D
:1031900011241FBECFEFD1E2DEBFCDBF00E00CBFD8
:1031A00084B78093911714BE0FB6F894A8958091B8
:1031B0006000886180936000109260000FBE14E090
:1031C000A0E0B2E0ECE1F9EF01E00BBF02C0079034
:1031D0000D92A03EB107D9F727E1A0EEB4E001C0FF
:1031E0001D92A139B207E1F718E1C7ECD8E100E080
:1031F00006C021970109802FFE010E9413F9C63CE9
:10320000D10780E00807A9F70E947CE60C947DFCBA
:103210000C94000080911B078F5F80931B078A30FE
:1032200018F080EF80935A090895CF93FC018081B4
:1032300091818115904429F5FB01C1816C2F70E0CB
:1032400090E080E00E9463F220E030E048EC52E43D
:103250000E9443FB18160CF4C4E62C2F30E0AFEFAD
:10326000B0E00E94D1F824E630E040E050E00E9457
:10327000ABF82F3F310519F010F02FEF30E020931D
:103280007A14CF91089510921F0781E0809321074F
:103290000895FB0181818F3F19F0882381F0089503
:1032A0002CE330E030930D0220930C0280931E0734
:1032B00085E08093080281E080932107089588ECDF
:1032C00090E090930D0280930C0210921E07F0CFB5
:1032D000FB0181818093F70681E0809321070895A7
:1032E000FB0180819181982789279827893C910546
:1032F00010F088EC90E090930B0280930A0281E03A
:10330000809321070895FB01818191E0980F92300D
:1033100028F48093100281E0809321070895FB0137
:1033200081818093090281E0809321070895CF92E3
:10333000DF92EF92FF92CF93DF93FB01C081D181A7
:10334000DC27CD27DC27BE010D2E000C880B990B46
:103350000E9465F26B017C0120E030E040E251E424
:103360000E945FF287FD0DC020E030E04AEF53E499
:10337000C701B6010E9443FB18162CF4C4EFD1E03C
:1033800002C0CAE0D0E0D0931202C093110281E0E3
:1033900080932107DF91CF91FF90EF90DF90CF9046
:1033A0000895CF93DF93C091DB07D091DC0781E0D4
:1033B000CE31D105E4F020E030E040E05FE3609101
:1033C000D7077091D8078091D9079091DA070E94AA
:1033D0001CF90E9460FA6C1B7D0B77FF03C071958E
:1033E0006195710981E0633071050CF080E0DF9137
:1033F000CF91089587FD26C0811111C08091B20A36
:103400002091B30A8217F1F0E22FF0E0EE54F54F6D
:10341000828190E02F5F2F772093B30A0895813047
:1034200089F48091300A2091310A821759F0E22FF5
:10343000F0E0E05DF54F828190E02F5F2F772093E1
:10344000310A08958FEF9FEF0895CF93DF93DB014B
:10345000F9019C919130C1F0943080F094509C938C
:103460008830D1F480819181009771F00197918328
:103470008083480F591FEA01188206C08C3539F441
:103480009C5F9C93943041F4DF91CF9108958B33EE
:1034900039F781E08C93F8CF20813181B9016F5FDA
:1034A0007F4F71836083420F531FEA0188838081BD
:1034B00091818F3591056CF7E7CF0F931F9381E0D2
:1034C0000091820D1091830D2091840D3091850D16
:1034D00040917E0D50917F0D6091800D7091810D16
:1034E000041715072607370708F480E01F910F918E
:1034F000089590E080E008952091BD14833021F478
:1035000025FD0CC024FD0CC030E0A90102C055957A
:1035100047958A95E2F7CA018170089581E0089580
:1035200080E008950F931F93CF93DF93EC010FE595
:1035300019E0F801208131814281538168817981CC
:103540008A819B810E941CF9688379838A839B838B
:10355000F80124813581468157816C817D818E817E
:103560009F810E941CF96C837D838E839F83F80169
:103570002085318542855385688579858A859B8537
:103580000E941CF9688779878A879B87DF91CF9192
:103590001F910F9108958091390684FD0BC0809191
:1035A0003B0687FD07C090913C06937081E019F4BB
:1035B00080E0089581E008952FEB280F2A3108F06C
:1035C00047C0E22FF0E08091390690913A06A09131
:1035D0003B06B0913C0604C0B695A7959795879594
:1035E0002A95D2F780FD02C081700895E55BFA4FFD
:1035F000E081EE2341F18091750990917609E80F01
:10360000F92FF11D808190ED980F9A3030F08E32B5
:1036100051F4818180538A3098F4F0934205E0930D
:10362000410581E008958D3211F08B3249F481819A
:1036300090ED980F9A3088F38E3211F48281EACFA0
:10364000F0E0E0E0EACF1092420510924105E9CFA8
:1036500080E00895B1DF882341F081E020914105A9
:1036600030914205232B09F480E008950F931F93B6
:10367000CF93DF93C82FD0E0FE01EE0FFF1FE95E6E
:10368000FD4F71836083CC0FDD1FCC0FDD1F8E01DA
:103690000B5A1D4F072E000C880B990B0E9465F2E8
:1036A0002AE037ED43E25CE30E94C4F2C95CD84FE4
:1036B000288139814A815B810E94C4F2F8016083CC
:1036C000718382839383DF91CF911F910F9108952E
:1036D000FC01808191818B30904259F4FB01608123
:1036E000718176276727762780E0C0DF81E08093AD
:1036F0002107089580913B0781110EC020911D0282
:1037000030911E022150310981E04091A70D509166
:10371000A80D421753070CF080E008958F929F92F6
:10372000AF92BF92CF92DF92EF92FF92FC01828123
:1037300058E5C52E52E0D52EC81AD10887FDD3947E
:10374000CC0CDD1CCC0CDD1C0D2C000CEE08FF0895
:10375000818178E8872E912C881A910887FD9394AF
:10376000880C991C880C991C092C000CAA08BB0811
:1037700080818F3FD1F190E0FC01EE0FFF1FE80F39
:10378000F91FE753F24F8181928133E0880F991F2F
:103790003A95E1F7B0E0A0E044E0B595A79597959C
:1037A00087954A95D1F702969C012F5F3F4F032ED4
:1037B000000C440B550B281939094A095B09A4EB85
:1037C000B0E00E94C7F8A7019601281939094A09F3
:1037D0005B090E94ABF8C901FF90EF90DF90CF909A
:1037E000BF90AF909F908F90089590E080E0DCCFE5
:1037F00091E090933E069091D10095FD0CC0909180
:10380000D00095FF08C08093D6008091D0008064DE
:103810008093D00008952091C1062F5F2F720FB6BC
:1038200007FC27C09091C206921328C09091D00047
:1038300095FF1EC09091C2064091C106941306C028
:103840009091D1009F7D9093D10012C0E92FF0E0BC
:10385000EF53F94F32819F5F9F723093D600909360
:10386000C2063091D00030643093D000491741F344
:10387000D9CF9091C206921301C0FBCFE091C1064F
:10388000F0E0EF53F94F82832093C1068091D1007D
:1038900080628093D10008950F931F93CF93DF939D
:1038A000EC01162F042F8AE5A3DF85EAA1DF83E070
:1038B000800F9EDF812F9CDF8D2F9ADF8C2FDF9171
:1038C000CF911F910F9194CF40E355E760E070E0F6
:1038D00085EF99E10C94299B40E355E760E070E0A7
:1038E00085EF99E10C94299BFC014281442339F036
:1038F00084819581009719F050E00C94FFFB0895A6
:10390000CF93FB01C181C13031F40E94D499811160
:1039100004C0C0932107CF9108950E94C398F9CFA6
:10392000CF93DF93EB010E94089B81110AC040E313
:1039300055E760E070E085EF99E1DF91CF910C945D
:10394000299B8881998198278927982720911E078C
:103950002F3F29F02223A9F0DF91CF9108958437DA
:10396000910514F083E790E08530910514F485E02B
:1039700090E090930D0280930C0281E080932107E8
:10398000EBCF833221E092077CF382E291E0ECCF2F
:10399000EAEFF6E081E2DF011D928A95E9F781E026
:1039A000809321070895CF93FB018091F706813022
:1039B00029F050F1823019F1CF91089560E070E064
:1039C00080E89FE32181223069F118F5222319F064
:1039D0009058213089F7C0E024E0C29FF001112403
:1039E000E05EF54F20813181428153810E941CF9B4
:1039F0004C2F0E94EECE81E080932107DDCF6DEC4D
:103A00007CEC8CEC9DE3DECF60E070E080E291E442
:103A1000D9CF243021F028F09058253069F6C2E043
:103A2000DBCF9058C1E0D8CFCF93DF93EC01FB01FF
:103A300060817181762767277627072E000C880B17
:103A4000990B0E9465F220E030E040E251E40E94D0
:103A5000F8F9288139812132F0E23F0749F022321A
:103A600040E2340771F02032304241F440E001C0BE
:103A700041E00E94EECE81E080932107DF91CF915B
:103A8000089542E0F6CF8F929F92AF92BF92CF926D
:103A9000DF92EF92FF92CF93DF9380915D09877061
:103AA000873091F040E355E760E070E08BE299E108
:103AB000DF91CF91FF90EF90DF90CF90BF90AF90CC
:103AC0009F908F900C94299BEB010E94089B811181
:103AD00007C040E355E760E070E085EF99E1E8CF8B
:103AE0008981833009F454C0B8F4813009F466C088
:103AF000C12CD12C60EFE62E61E4F62E823009F461
:103B00005AC0DF91CF91FF90EF90DF90CF90BF90A0
:103B1000AF909F908F900895843009F446C0C12CD7
:103B2000D12C99EBE92E93E4F92E812C912C20EFE6
:103B3000A22E21E4B22E853021F720E030E040E8CB
:103B400050E46091280A7091290A80912A0A909184
:103B50002B0A0E941CF942E00E94EECE40E0C50113
:103B6000B4010E94EECE41E0C701B6010E94EECE44
:103B700042E060E070E0CB01DF91CF91FF90EF90E9
:103B8000DF90CF90BF90AF909F908F900C94EECE2F
:103B9000C12CD12C40EFE42E41E4F42E812C912C49
:103BA00059EBA52E53E4B52EC8CFC12CD12C39EB3F
:103BB000E32E33E4F32E46015701BFCFC12CD12CA5
:103BC00088E4E82E83E4F82EF6CFCF93DF93EB0161
:103BD0000E94089B81110AC040E355E760E070E055
:103BE00085EF99E1DF91CF910C94299B8091100290
:103BF0008F5F8230E0F420E030E04AE253E46091ED
:103C0000A30D7091A40D8091A50D9091A60D0E9419
:103C10005FF287FF07C040E355E760E070E08BE3A9
:103C200099E1E0CF8981882329F0813039F1DF9152
:103C3000CF91089560910A0270910B0290E080E0AC
:103C40000E9463F29B01AC0160912C0A70912D0AD5
:103C500080912E0A90912F0A0E941BF960932C0AE2
:103C600070932D0A80932E0A90932F0A60E070E0E3
:103C700080E090E4DF91CF910C942B9160910A0247
:103C800070910B0290E080E00E9463F220912C0A78
:103C900030912D0A40912E0A50912F0A0E941CF952
:103CA000DDCFCF93DF93EB010E94089B811103C00E
:103CB000DF91CF9111CE898190910902923029F044
:103CC0009330C1F0DF91CF910895882371F06DECAE
:103CD0007CEC8CEC9DEB0E9490CF0E9491D10E94D5
:103CE0001A9B81E080932107EDCF6DEC7CEC8CEC8E
:103CF0009DE3F1CF882329F06AE077ED83E29CEB26
:103D0000EACF6AE077ED83E29CE3E5CFCF93DF93E0
:103D1000EB010E94089B811103C0DF91CF91D4CDAC
:103D200068817981762767277627072E000C880B14
:103D3000990B0E9465F220E030E048EC52E40E94CA
:103D4000F8F920911D0E30911E0E40911F0E5091DA
:103D5000200E0E941BF90E9490CF0E9491D10E94D8
:103D60001A9B81E080932107DF91CF910895FB0199
:103D70008181882319F0813079F008956AE077ED28
:103D800083E29CE30E9490CF0E9491D10E941A9BF3
:103D900081E08093210708956AE077ED83E29CEB50
:103DA000F1CFFB0160817181762767277627072E87
:103DB000000C880B990B0E9465F220E030E048EC83
:103DC00052E40E94F8F920911D0E30911E0E409190
:103DD0001F0E5091200E0E941BF90E9490CF0E944E
:103DE00091D10E941A9B81E0809321070895FB01E5
:103DF0008181813031F0823039F081E08093210778
:103E000008950E947382F9CF0E944B82F6CFCF9320
:103E1000FB01C181C13051F40E94BA99811108C0DF
:103E20000E94D499811104C0C0932107CF910895B5
:103E3000CF910C94C398CF93FB01C181C13031F471
:103E40000E94BA99811104C0C0932107CF910895AF
:103E50004CEF58E163E079E184E00E9412CB8CE3FF
:103E600090E30E9488C788EF98E1909318098093A7
:103E70001709ECCF80910E0290910F0297FF08C0B6
:103E800040E355E760E070E087EE98E10C94299BF1
:103E90000E941EDC882381F08091860D85FD0CC078
:103EA0000E94089B811101C00FCD87E799E00E9415
:103EB000E9D283E080935A090895CF93DF93FB0101
:103EC00081818130D1F040F0823019F181E080931E
:103ED0002107DF91CF9108958091860D86FDF9CF5E
:103EE00010921D0710921C078FEF9FEF90930F0207
:103EF00080930E020E945DD2E9CF80911C079091C1
:103F00001D07009731F3019790931D0780931C07BD
:103F1000DDCFC0911C07D0911D0726960E94D0DBF3
:103F20008C179D07B0F280911C0790911D07019698
:103F3000EBCF1F93CF93DF93EC01FB0111818881BD
:103F400099818130904289F48091860D84FD0BC067
:103F500040E355E760E070E08DEB98E1DF91CF91B1
:103F60001F910C94299B0E9446D2888199818230AE
:103F7000904279F40E94BA99882339F040E355E7DA
:103F800060E070E084EA98E1E9CF0E94D499811161
:103F9000F5CF888199818330904231F010935A098E
:103FA000DF91CF911F9108950E94BA998111F6CFA8
:103FB0000E94D4998111F2CF40E355E760E070E0B0
:103FC0008DE898E1CBCFFC0101900020E9F79F013B
:103FD00021503109281B390B2F33310540F4FC01E6
:103FE000E20FF31F60832E33310509F0118208952B
:103FF000CF93DF93EC0140E450E00E9459F1CE01F1
:10400000DF91CF910895AB01BC014093820D509395
:10401000830D6093840D7093850D8DED96E10C9466
:10402000E1D6EF92FF920F931F93CF93DF93CDB71B
:10403000DEB764970FB6F894DEBF0FBECDBF7C012C
:10404000FB0160817181828193818E010F5F1F4F1F
:10405000248141E00E948BEDF70101900020E9F7F7
:104060009F01215031092E193F092E31310550F49D
:104070004FE150E0421B530BBC01C701820F931F5D
:104080000E94A8F1C70164960FB6F894DEBF0FBE78
:10409000CDBFDF91CF911F910F91FF90EF900895C9
:1040A000CF93DF93EC01FC0101900020E9F7CF01F1
:1040B00001978C1B9D0B8F33910540F440E450E039
:1040C000481B590B8C0F9D1F0E94A8F1CE01DF9158
:1040D000CF910895EF92FF920F931F93CF93DF93A9
:1040E000CDB7DEB764970FB6F894DEBF0FBECDBF75
:1040F0007C01FB0160817181828193818E010F5F60
:104100001F4F248141E00E948BEDBC01C701C8DF35
:1041100064960FB6F894DEBF0FBECDBFDF91CF918E
:104120001F910F91FF90EF9008950C94BEC5809160
:10413000410590914205009731F04AE050E070E06F
:1041400060E00C942BF060E070E0CB01089580916A
:10415000410590914205009731F04AE050E070E04F
:1041600060E00C94FEEE60E070E0CB010895EFDFBC
:1041700097FD0AC0ECDF6F3F71058105910509F0DD
:104180002CF4E5DF862F089580E008958FEF0895E1
:10419000CF93C62F5FDA882311F0CF91E8CF8C2F11
:1041A000CF9108958091410590914205892B39F076
:1041B000DEDF91E0811101C090E0892F089591E048
:1041C000FCCFCF93DF93C82FD62F44DA882319F082
:1041D000DF91CF91E7CF8C2FEFD9811101C08D2FC7
:1041E000DF91CF910895B3DFCB010895CF93DF9393
:1041F000EB0130DA882319F0DF91CF91F4CFCE01B3
:10420000DF91CF9108950F931F93CF938091410534
:1042100090914205009709F1FC018F01C1912C2F6B
:104220002F7DA1F0C53431F0C53621F0C83511F02D
:10423000C83799F7F801108270E060E00E94A8ED9D
:10424000F801C083CF911F910F91089570E060E055
:10425000CF911F910F910C94A8ED60E070E0CB011D
:10426000F1CFCF92DF92EF92FF926A017B01F2D9F8
:10427000882329F0FF90EF90DF90CF90C4CFC70143
:10428000B601FF90EF90DF90CF900895EF92FF92EC
:104290000F931F93CF93DF93CDB7DEB72C970FB655
:1042A000F894DEBF0FBECDBF7C017F936F9389EC86
:1042B00094E09F938F938E010F5F1F4F1F930F9377
:1042C0000E944DFCB801C701EBDE0F900F900F90DC
:1042D0000F900F900F902C960FB6F894DEBF0FBE84
:1042E000CDBFDF91CF911F910F91FF90EF90089577
:1042F000EF92FF920F931F93CF93DF93CDB7DEB76B
:10430000A4970FB6F894DEBF0FBECDBFF82E8093F2
:10431000CF098FE18F1508F489C08091CE09F81676
:1043200024F081E08F0D8093CE0981E090E00F2C86
:1043300002C0880F991F0A94E2F7092E000CAA0BFD
:10434000BB0B4091D0095091D1096091D209709175
:10435000D30984239523A623B72321E0892B8A2B15
:104360008B2B09F420E02093CD09F7FC62C04FE1CC
:1043700050E06DE475E08E010F5F1F4FC8010E9491
:1043800059F1F80101900020E9F7CF010197801B56
:10439000910B8E31910560F420E2F801E80FF91FCE
:1043A00020838D31910521F08C0F9D1FFC0112821D
:1043B0008F2D0F2C000C990B9F93FF9289EC94E0AA
:1043C0009F938F937E01F0E2EF0EF11CFF92EF922C
:1043D0000E944DFCF80101900020E9F7CF01019700
:1043E000801B910B0F900F900F900F900F900F90DC
:1043F0008E31910548F44FE150E0481B590BB7014D
:10440000800F911F0E94A8F140E060E0C8010E9467
:10441000EB98A4960FB6F894DEBF0FBECDBFDF9128
:10442000CF911F910F91FF90EF9008951092CD09B9
:104430009CCF0E948CCAEDCFCF92DF92EF92FF9279
:10444000CF936B017C01C42F8091BE148F5F09F460
:10445000CEC08093BE148091BE148093781520E066
:1044600030E040E752E460911302709114028091B1
:104470001502909116020E94C4F20E9465FA709390
:10448000D0146093CF1480911102909112029093F6
:10449000D2148093D11480911702909118029093B6
:1044A000D4148093D314C092D514D092D614E09231
:1044B000D714F092D81480917715C0FB80F98093BF
:1044C000771587E0EDECF9E0A9EDB4E101900D92EC
:1044D0008A95E1F78CE0EAE0F9E0A0EEB4E1019022
:1044E0000D928A95E1F78CE0EFE5F9E0ACEEB4E1EE
:1044F00001900D928A95E1F7809159079091771577
:1045000080FB94F990937715882381F0809155076B
:1045100090915607A0915707B09158078093F814CF
:104520009093F914A093FA14B093FB148091A70D03
:104530009091A80D9093FD148093FC148091DB075B
:104540009091DC079093FF148093FE1480917A146D
:10455000809300158091771590918D0990FB83F9D8
:104560008093771580918E0990918F09A091900981
:10457000B09191098093011590930215A0930315B2
:10458000B09304150E94CF966093721570937315C3
:1045900080937415909375158091BD148093761552
:1045A0009091D4098091771593FB81F990913B0705
:1045B00090FB82F98093771580E00E94D8DF40E07D
:1045C00050E0BA018EE795E10E94E1D64BEB50E056
:1045D0006EEB74E18EE795E10E9403D88EE795E1DA
:1045E000CF91FF90EF90DF90CF900C94DD7D81E034
:1045F00030CF0E9425C60E94F4C51092C0070895CE
:10460000AF92BF92CF92DF92EF92FF920F931F93E0
:10461000CF935C016B018A0187519B4F7C01DC01C8
:10462000CC91C7FF3DC0FB0111821082CF5FD70143
:10463000CC93CC300CF053C08CE08A9DF0018B9D64
:10464000F00D1124CF018C0F911DC7FD9A9520917B
:10465000110E2817190609F00CF441C0F60120814B
:104660003181FC01EE0FFF1FE80FF91FE753F24FF6
:1046700081819281820F931FD80111969C938E9312
:10468000808187FF3DC061E08F77CF911F910F91AF
:10469000FF90EF90DF90CF90BF90AF900C94ECCF55
:1046A0008CE08A9DF0018B9DF00D1124CF018C0FC1
:1046B000911DC7FD9A952091110E2817190609F032
:1046C0000CF4B4CFFC01EE0FFF1FE80FF91FE75306
:1046D000F24F808160E08F770E94ECCFA7CFF60188
:1046E0008081918104968034FCE99F0710F480E476
:1046F0009CE9D80111969C938E938FEFF7018083EC
:10470000CF911F910F91FF90EF90DF90CF90BF90CE
:10471000AF900895AF92BF92CF92DF92EF920F9336
:104720001F93CF935B01C42F122F62E8B5D8C50148
:104730000E946DF16C018C2F90E0C816D90620F50F
:10474000C114D10431F1CC19112379F0011110C039
:1047500010E000E00C151D05E1F0F501E00FF11F80
:10476000849146D80F5F1F4FF5CF10E0011107C0AD
:104770008C199D09969587951C2F181BC82FC15021
:1047800030F080E235D8FBCF6C01C0E0E1CFC12F23
:10479000DFCF10E2E11001C010E0C15018F0812F0E
:1047A00027D8FBCFCF911F910F91EF90DF90CF9043
:1047B000BF90AF900895AF92BF92CF92DF92EF92E9
:1047C0000F931F93CF935B01C42F122F62E864D81D
:1047D000F50101900020E9F731976F01CA18DB0855
:1047E0008C2F90E0C816D90618F5C114D10429F110
:1047F000CC19112369F001110EC0CA0CDB1CCA14BC
:10480000DB04D9F0F50181915F010E94F81BF7CF1D
:1048100010E0011107C08C199D09969587951C2FF2
:10482000181BC82FC15038F080E20E94F81BFACF45
:104830006C01C0E0E2CFC12FE0CF10E2E11001C077
:1048400010E0C15020F0812F0E94F81BFACFCF91C9
:104850001F910F91EF90DF90CF90BF90AF90089590
:10486000FF920F931F93CF93DF93F62E072F142FF2
:1048700062E812D8CF2DD02F115020F089910E94DC
:10488000F81BFACFDF91CF911F910F91FF90089500
:104890002BE934E1F901459154914115510571F02D
:1048A0004817590741F4CB014AE050E0B9010E9492
:1048B00033F181E00895265F3F4F61F780E008956E
:1048C000CF93DF931F921F92CDB7DEB7853608F0E6
:1048D00084E6682F70E090E080E00E9465F220E0BE
:1048E00030E04FE753E40E94C4F220E030E048ECAF
:1048F00052E40E94F8F920E030E0A9010E941CF97E
:104900000E944FFB6093EC031A821982698342E094
:10491000BE016F5F7F4F81EA90E0A2DF0F900F90A2
:10492000DF91CF910895FB018181CADF0C941A9B1E
:10493000CF93DF931F921F92CDB7DEB7853608F075
:1049400084E680931F02682F70E090E080E00E9470
:1049500063F220E030E04EEB52E40E94C4F220E02B
:1049600030E048EC52E40E94F8F920E030E040EA00
:1049700050E40E941CF90E944FFB69836A8342E065
:10498000BE016F5F7F4F82E890E06ADF0F900F906B
:10499000DF91CF910895FB018181CADF0C941A9BAE
:1049A0006091EC0370E090E080E00E9463F220E010
:1049B00030E048EC52E40E94C4F220E030E04FE7DF
:1049C00053E40E94F8F920E030E0A9010E941CF9AC
:1049D0000E944FFB862F08958091F906882321F0CD
:1049E0008091F806811109C041E063E88FE090E012
:1049F0000E944C1C81E00C94F81B0895CF93DF9328
:104A0000C091DB07D091DC07209729F16091D7078F
:104A10007091D8078091D9079091DA070E9460FAC7
:104A20006E5F7F4F24976C177D07ACF47093C307BC
:104A30006093C2070E9412D1605679478E4F9F4FF4
:104A40006093C4077093C5078093C6079093C70708
:104A5000DF91CF9108951092C4071092C50710926C
:104A6000C6071092C707F4CF2F923F924F925F92E2
:104A70006F927F928F929F92AF92BF92CF92DF926E
:104A8000EF92FF920F931F93CF93DF93D62FC72FF1
:104A9000FC0180809180A280B380C501B40120E830
:104AA00031E541E050E00E9489F8C9016DE671E00E
:104AB0000E94ECF86B017C01C501B40120E13EE0ED
:104AC00040E050E00E9489F8CA01B90128E130E0D5
:104AD00040E050E00E9489F8362E272E062F172F2F
:104AE0008CE3482E512C612C712CC501B401A3011B
:104AF00092010E9489F8B62EA72ECA01B901A3011E
:104B000092010E9489F8CB01C114D10479F1AF92CE
:104B1000BF927F936F932F923F92FF92EF92DF921B
:104B2000CF9285EA91E19F938F93CF93DF930E9479
:104B3000F8F18DB79EB70E960FB6F8949EBF0FBED4
:104B40008DBF8D2F9C2FDF91CF911F910F91FF90E3
:104B5000EF90DF90CF90BF90AF909F908F907F901D
:104B60006F905F904F903F902F900895E114F10463
:104B7000C9F0AF92BF927F936F932F923F92FF92B3
:104B8000EF9285E991E19F938F93CF93DF930E94FA
:104B9000F8F1EDB7FEB73C960FB6F894FEBF0FBE26
:104BA000EDBFCFCF012BB9F0AF92BF927F936F9340
:104BB0002F923F9289E891E19F938F93CF93DF9358
:104BC0000E94F8F18DB79EB70A960FB6F8949EBF73
:104BD0000FBE8DBFB6CF892BA9F0AF92BF927F9346
:104BE0006F9381E891E19F938F93CF93DF930E941E
:104BF000F8F1EDB7FEB738960FB6F894FEBF0FBECA
:104C0000EDBF9FCFAF92BF928DE791E19F938F93BE
:104C1000CF93DF930E94F8F10F900F900F900F90B9
:104C20000F900F908ECF8F929F92AF92BF92CF92A4
:104C3000DF92EF92FF920F931F93CF93DF93109227
:104C40006605109265052FE320936A0510926905A9
:104C500010926805109267051092390610923A0674
:104C600010923B0610923C069C01F90190812F5F47
:104C70003F4F9032D1F39E34C9F4818190ED980F6B
:104C80009A3020F08D3211F08B3281F432969F01F0
:104C90002F5F3F4F808180538A3008F44CC09F01C2
:104CA0002F5F3F4F8081803209F447C0F09376092F
:104CB000E09375098F010F5F1F4FC0816AE270E0BA
:104CC000C8010E9422FC009731F0FC0131978081DD
:104CD0008032E1F31182CD3421F0C43511F0C734B4
:104CE000E9F4D8018C910F5F1F4F8032D1F38053CC
:104CF0008A30A0F4C0936A0530E020E06AE0FD014C
:104D000031968C9180532A3999E13907D0F030934C
:104D10006905209368058FE380936A05DF91CF9141
:104D20001F910F91FF90EF90DF90CF90BF90AF90C9
:104D30009F908F900895F901AACFF901B0CFDF01BC
:104D4000DECF293999E1390711F4863000F7629FE7
:104D5000A001639F500D11249A01280F311D8081FD
:104D600090ED980F9A3058F33093690520936805B9
:104D70008E3261F4129690E04AE0FD011196808136
:104D800050ED580F5A30C0F090936705DF0131960F
:104D90008C918032D9F3CD34F9F42E31310539F0CC
:104DA00088F42731310519F02C313105A9F4B0937D
:104DB0006605A0936505B2CF949F800D112490EDF8
:104DC000980FDBCF2537310538F02737310578F3D9
:104DD000203AE3E03E0759F3D091750940E050E0F6
:104DE000BA0110E000E0C12CD12C7601C394FD0182
:104DF00031968C91882309F47FC08132E1F4CD345F
:104E0000D1F420323105B9F44093390650933A0673
:104E100060933B0670933C06F0936605E09365054E
:104E200063E270E0CF010E9422FC009709F476CF84
:104E3000FC01108273CF81548A3108F058C0DF0121
:104E40009D91903291F0A0EDA90FAA30E8F09E322A
:104E500071F4918190539A30B8F00115110519F44D
:104E60008F010150110990E013C0FD01E8CF9D3280
:104E700011F09B3291F79181A0EDA90FAA3020F09B
:104E80009E3259F79281E6CF9E2F9D1B309759F3A2
:104E9000A82FB0E04601570104C0880C991CAA1C39
:104EA000BB1C8A95D2F7482959296A297B29A55B19
:104EB000BA4F9C9380818154DF018A3108F497CFE7
:104EC000DF018191882309F492CF90ED980F9A30F9
:104ED000B8F393ED980F923098F38B3289F3CD01AC
:104EE0000196EC91E03209F082CFDC01F8CF011598
:104EF000110501F78D01DECF10936605009365055E
:104F00004093390650933A0660933B0670933C06F3
:104F100005CFCF93DF93EC018991882319F00E948C
:104F2000BEC5FACF8DE00E94BEC58AE0DF91CF9169
:104F30000C94BEC50C9407C790915E09992321F08B
:104F4000682F80E00E94F39480E00895682F70E05D
:104F500090E080E00C946FC71F93CF93DF931BEB1F
:104F6000CEEBD4E1FE01812F11928A95E9F70E94E0
:104F700032D2882359F0FE0111921A95E9F786E999
:104F800094E0DF91CF911F910C94FDDFDF91CF91E1
:104F90001F9108958091BE14882361F09091781537
:104FA000891308C08091860D84FF04C085E095E1D7
:104FB0000C94EADD80E00895FC01238121110C941A
:104FC000DD7D0895CF93DF93C091A70DD091A80DFB
:104FD000209729F16091A30D7091A40D8091A50DEA
:104FE0009091A60D0E9460FA6E5F7F4F26976C1716
:104FF0007D07ACF47093E8076093E7070E9412D135
:1050000060547B428E4F9F4F6093E9077093EA078D
:105010008093EB079093EC07DF91CF910895109266
:10502000E9071092EA071092EB071092EC07F4CF11
:10503000CF93DF93EC018991882319F00E94BEC5BC
:10504000FACFDF91CF910895682F70E090E080E073
:105050000C9407C7CF93C1E020E030E0A901609134
:1050600044077091450780914607909147070E9439
:105070005FF2811101C0C0E08C2FCF910895CF93D2
:10508000C82F882319F0E6DF8823C9F080918D09A5
:105090008C17A9F00E94948480E29AE00E94918685
:1050A00080918D0991E0892780938D09882321F0D3
:1050B00080E29AE00E947183CF910C940D93CF917E
:1050C00008950E94089B811102C00C94641C80E02A
:1050D000D6DF0E941A9B81E08093210708954F92AA
:1050E0005F926F927F928F929F92AF92BF92CF9278
:1050F000DF92EF92FF920F931F93CF93DF93EC0118
:1051000020913C0730913D0740913E0750913F0769
:10511000688179818A819B810E941BF96B017C01E6
:105120002091400730914107409142075091430739
:105130006C817D818E819F810E941BF94B015C01F6
:10514000A70196016091290570912A0580912B0590
:1051500090912C050E945FF2882309F45AC0C092F6
:105160002905D0922A05E0922B05F0922C0520917A
:105170002105309122054091230550912405C70156
:10518000B6010E94C4F22B013C010E9491FA6B010E
:105190007C0120E030E0A9010E945FF287FD7AC027
:1051A00020E030E040E850E4C701B6010E9443FB34
:1051B000181634F4C12CD12CC0E8EC2EC0E4FC2E1F
:1051C000A7019601C301B2010E941BF92B013C010A
:1051D00020E030E0A9010E945FF287FD5FC04092AD
:1051E000190550921A0560921B0570921C05C701A3
:1051F000B6010E9460FA60931705062E000C770B2B
:105200006F5F7F4F6430710514F064E070E060936D
:105210001505D091130510911705A5019401609112
:105220002D0570912E0580912F05909130050E94DB
:105230005FF281113CC0D11394C02091FB043091E6
:10524000FC044091FD045091FE0460911905709199
:105250001A0580911B0590911C050E94C4F22091B3
:10526000FF043091000540910105509102050E9414
:105270001CF9DF91CF911F910F91FF90EF90DF907C
:10528000CF90BF90AF909F908F907F906F905F90E6
:105290004F900895C12CD12C760192CF1092190510
:1052A00010921A0510921B0510921C05A0CF809237
:1052B0002D0590922E05A0922F05B09230052091D9
:1052C0002505309126054091270550912805C501F7
:1052D000B4010E94C4F24B015C010E9491FA6B017F
:1052E0007C0120E030E0A9010E945FF287FDFDC053
:1052F00020E030E040E850E4C701B6010E9443FBE3
:10530000181634F4C12CD12CB0E8EB2EB0E4FB2EEF
:10531000A7019601C501B4010E941BF94B015C0174
:1053200020E030E0A9010E945FF287FDE2C0809298
:105330001D0590921E05A0921F05B0922005C70181
:10534000B6010E9460FA60931805062E000C770BD8
:105350006F5F7F4F6430710514F064E070E060931C
:105360001605C0911805D11305C0809114058C173E
:1053700009F470C080911705909118059093140559
:10538000809313050C2E000CDD0B25E01203C001E9
:105390001124FC01EC0FFD1FEE0FFF1FEE0FFF1F8E
:1053A000E65AF84F208131814281538120930F05C5
:1053B0003093100540931105509312050091160586
:1053C000002E000C110BFC01E00FF11FEE0FFF1F70
:1053D000EE0FFF1FE65AF84F608171818281938141
:1053E0000E941BF960930B0570930C0580930D05CB
:1053F00090930E052091150535E02303F00111244B
:10540000CE0FDF1FCC0FDD1FCC0FDD1FC65AD84FCC
:10541000288139814A815B812093070530930805F3
:105420004093090550930A05E00FF11FEE0FFF1F8F
:10543000EE0FFF1FE65AF84F6081718182819381E0
:105440000E941BF960930305709304058093050582
:105450009093060580901D0590901E05A0901F0555
:10546000B090200520910B0530910C0540910D0561
:1054700050910E05C501B4010E94C4F220910F05A0
:105480003091100540911105509112050E941CF9B0
:105490006B017C01C092FF04D0920005E0920105EF
:1054A000F092020520910305309104054091050515
:1054B00050910605C501B4010E94C4F22091070570
:1054C000309108054091090550910A050E941CF988
:1054D000A70196010E941BF96093FB047093FC04E2
:1054E0008093FD049093FE04A8CEC12CD12C7601AC
:1054F0000FCF10921D0510921E0510921F051092DD
:1055000020051DCFE9E2F5E080EF9FEFA9E7B4ECBD
:1055100084839583A683B78380839183A283B38397
:10552000E3E1F5E08DE98183808308958F929F9276
:10553000AF92BF92CF92DF92EF92FF92FC0198E080
:10554000A4E4B7E001900D929A95E1F788E0FB01A1
:10555000ACE3B7E001900D928A95E1F7C090440763
:10556000D0904507E0904607F090470720E030E0F4
:10557000A901C701B6010E945FF28823E1F1A701EA
:10558000960160E070E080E89FE30E94F8F96B010B
:105590007C018090480790904907A0904A07B090FE
:1055A0004B0720E030E0A901C501B4010E945FF281
:1055B000882329F1A501940160E070E080E89FE371
:1055C0000E94F8F9C0922105D0922205E0922305AD
:1055D000F092240560932505709326058093270596
:1055E00090932805FF90EF90DF90CF90BF90AF9001
:1055F0009F908F900895C12CD12C7601CACF60E086
:1056000070E0CB01DFCF8F929F92AF92BF92EF926B
:10561000FF920F931F93CF93DF9310924007109246
:105620004107109242071092430710923C071092D4
:105630003D0710923E0710923F07109248071092C4
:10564000490710924A0710924B0710924407109294
:10565000450710924607109247070AE517E0C0E099
:10566000812C912C80ECA82E8FE7B82E7801D0E009
:10567000F70181929192A192B1927F016D2F8C2FAF
:105680000E94BDA0DF5FD53099F7CF5F0C5E1F4F42
:10569000C53061F7DF91CF911F910F91FF90EF908F
:1056A000BF90AF909F908F900895EFE6F0E08081DB
:1056B00082608083089580916F0990917009892B91
:1056C00079F480916F0990917009892B49F42091A8
:1056D0006F093091700981E0232B19F480E008955F
:1056E00081E00895CF93DF93EC01FE018491219630
:1056F000882319F00E949520F8CFDF91CF9108956B
:10570000CF93DF93EB01EEDFCE01DF91CF9190CC11
:10571000CF92DF92EF92FF926A017B01E3DF42E0DA
:10572000C701B601FF90EF90DF90CF900C949BC71C
:105730008DE295E0D7CF87E295E0D4CF8AE00C9454
:105740009520CF93DF9361E571E10E94E2C9C0919A
:10575000210ED091220E488159816A817B8188E493
:1057600091E1D6DF4C815D816E817F818FE490E392
:10577000CFDF40911D0E50911E0E60911F0E709153
:10578000200E8CE490E3C4DF85E491E1ABDF8EE68C
:105790009FE1A8DFDF91CF91D1CF0F931F93CF93DC
:1057A0008C01C62F8DE09EE09DDFC8019BDF8AE360
:1057B0000E94BEC580E38C0F0E949520CF911F915F
:1057C0000F91BCCFCF9389E090E18CDFB7DFE09100
:1057D0005A0282E6E89FF0011124E354FD4FC08194
:1057E00060E089EF9FE0D9DF60E084EE9FE0D5DFE5
:1057F00061E08DED9FE0D1DF61E082ED9FE0CDDFE4
:1058000060E083EC9FE0C9DF61E083EB9FE0C5DFF0
:1058100060E08AEA9FE0C1DF61E080EA9FE0BDDFEF
:1058200061E086E99FE0B9DF61E08FE89FE0B5DFE6
:1058300061E087E89FE0B1DF61E089E79FE0ADDFED
:1058400060E08BE69FE0A9DF60E08CE59FE0A5DFEC
:1058500060E08EE49FE0A1DF60E088E39FE09DDFF1
:1058600060E087E29FE099DF61E082E19FE095DF01
:1058700061E083E09FE091DF61E08CEF9EE08DDFEF
:1058800060E08FEE9EE089DF60E088EE9EE085DFDD
:1058900061E08FED9EE081DF60E08AEC9EE07DDFDD
:1058A00060E08CEB9EE079DF60E082EB9EE075DFEC
:1058B00060E08BE99EE071DF60E08EE89EE06DDFE6
:1058C00061E08BE79EE069DF60E08EE69EE065DFE9
:1058D00061E089E69EE061DF61E08CE59EE05DDFEE
:1058E00060E080E59EE059DF60E08CE39EE055DFFC
:1058F00060E089E29EE051DFC7FD1AC060E0809160
:105900007A1590917B15CC2339F0C13089F461E090
:1059100080917C1590917D150E94791A682F617095
:1059200080E29EE03ADF60E082E19EE0CF9135CFF9
:1059300080E0F4CFCF92DF92EF92FF926A017B0179
:10594000D1DEC701B6010E946FC7FF90EF90DF90D4
:10595000CF90F4CE0F931F93CF93883038F5082F54
:10596000082E000C110BC091791591E001C0990F20
:105970008A95EAF7909379150E948CC787E6809FF5
:10598000F001819FF00D1124E559FA4F40815181BA
:10599000628173814F5F5F4F6F4F7F4F84E791E16B
:1059A000C9DF80E791E19EDEC0937915CF911F9109
:1059B0000F910895EF92FF920F931F93CF93DF9370
:1059C0007C01C62F062F062E000C110B80E06830DC
:1059D00028F481E001C0880F6A95EAF7D091791523
:1059E00080937915A5DE87E6809FF001819FF00DF9
:1059F0001124E559FA4F4081518162817381C701B9
:105A000099DF8C2F0E94FA190196D9F78C2FA2DF0B
:105A100087E6809FF001819FF00D1124E559FA4F30
:105A200015821482D0937915DF91CF911F910F9138
:105A3000FF90EF9008950F931F93CF93811111C0A2
:105A4000C42F8B0178DE88E29CE04CDEC8014ADE80
:105A5000CC2339F08AE30E949520CF911F910F91BA
:105A60006DCECF911F910F910895CF93C82F41E034
:105A700064EF79E0E0DFC11101C05DDE40914D07C8
:105A800050914E0760914F07709150078BEE99E04F
:105A90003FDE40915107509152076091530770913A
:105AA000540788EE99E034DE85EE99E01BDE8EE641
:105AB0009FE118DECF9142CECF93C82F41E06BEC2F
:105AC00078E0B9DFC11101C036DE4091BB0D5091C5
:105AD000BC0D6091BD0D7091BE0D82EC98E018DE9A
:105AE00021E732EB47E25EE36091BF0D7091C00D9C
:105AF0008091C10D9091C20D0E94F8F9AB01BC01DB
:105B00008FEB98E005DE21E732EB47E25EE3609140
:105B1000C30D7091C40D8091C50D9091C60D0E946A
:105B2000C4F2AB01BC018CEB98E0F2DDCF9106CE64
:105B3000CF92DF92EF92FF926A017B01D3DD42E0C8
:105B4000C701B6010E949BC7FF90EF90DF90CF90F6
:105B5000F5CDCF93DF9361E07EE00E94E2C9CAE019
:105B6000D9E0488159816A817B8188EF9DE0D0DD51
:105B70004C815D816E817F818FE490E3C9DD488532
:105B800059856A857B858CE490E3DF91CF91D0CFF6
:105B9000CF93DF9363E478E00E94E2C96091E50966
:105BA0007091E6098091E7099091E8090E9463F2FB
:105BB000AB01BC018AE398E0ABDD4091150A50913E
:105BC000160A6091170A7091180A87E398E0A0DD21
:105BD0004091190A50911A0A60911B0A70911C0A8F
:105BE00084E398E095DDC7E9D9E0488159816A816D
:105BF0007B8185E29CE08CDD4C815D816E817F81C3
:105C00008FE490E385DD488559856A857B858CE442
:105C100090E37EDD4C855D856E857F8589E490E32C
:105C2000DF91CF9185CFCF93DF936AEE77E00E942B
:105C3000E2C9C5EDD9E04CA95DA96EA97FA981EEA5
:105C400097E066DD48AD59AD6AAD7BAD8EED97E06E
:105C50005FDD4CAD5DAD6EAD7FAD84E398E0DF916F
:105C6000CF9166CFCF93DF9366EC77E00E94E2C9D5
:105C7000C5EDD9E04CA15DA16EA17FA18DEB97E0B0
:105C800047DD48A559A56AA57BA58FE490E340DDD3
:105C90004CA55DA56EA57FA58CE490E339DD48A9F0
:105CA00059A96AA97BA989E490E332DDDF91CF91FC
:105CB00045CDCF93DF9361EA77E00E94E2C9C5ED5D
:105CC000D9E0688179818A819B810E9463F2AB016E
:105CD000BC0188E997E01CDD6C817D818E819F810C
:105CE0000E9463F2AB01BC018FE490E311DD688593
:105CF00079858A859B850E9463F2AB01BC018CE4A7
:105D000090E306DD6C857D858E859F850E9463F21C
:105D1000AB01BC0189E490E3FBDCDF91CF910ECDB8
:105D2000CF93811110C007DD88E29CE0DBDC86E8C0
:105D300097E0D8DC80915907811103C089E797E08B
:105D4000D1DCFCDCF8DCC091590780E797E0CADCC5
:105D50008C2FFCD8409155075091560760915707FA
:105D6000709158078DE697E0CF91E2CECF93DF9305
:105D7000EB01B8DCCE01B6DCDF91CF91DFCCCF9365
:105D800066E17AE00E94E2C9C0914C07C05D8DE0F7
:105D90009AE0A8DC8C2F0E94BEC580914C076CE96C
:105DA0007FE1882311F060EA7FE189E09AE0CF91FA
:105DB000DDCF0F931F93CF93DF938C01D62FC0912C
:105DC00079158FEF8093791587E595E08BDCC80115
:105DD00089DCD111B3DCC0937915DF91CF911F918C
:105DE0000F9108950F931F93CF93DF938C01D62FBC
:105DF000C09179158FEF8093791560E08DE795E07C
:105E0000D8DFC8016FDCD11199DCC0937915DF911F
:105E1000CF911F910F910895EF92FF921F93CF930F
:105E2000DF937C0160E084E995E0DCDFC9E7D5E140
:105E300018818FEF888380E20E949520C70152DC91
:105E40007DDC1883DF91CF911F91FF90EF90089533
:105E500061E08FE895E0C6CF61E08BE895E0C2CFC6
:105E60000F931F93CF93DF93D82F8B01C42FF4DFB1
:105E7000D093710960E085E895E0B4DFD0917915A1
:105E80008FEF8093791580E20E949520C8012ADC6B
:105E9000CC2319F08C2F0E94952050DCD0937915DB
:105EA000DF91CF911F910F91089540E0BC0182E0F6
:105EB000D7DF8EEA9AE0B0DFCBCFEF92FF921F934D
:105EC000CF93DF937C01C9E7D5E118818FEF8883F9
:105ED00060E08FE695E06DDFC70104DC2FDC1883FE
:105EE000DF91CF911F91FF90EF9008952F923F92F5
:105EF0004F925F926F927F928F929F92AF92BF92DA
:105F0000CF92DF92EF92FF920F931F93CF93DF9385
:105F1000CDB7DEB7C854D1090FB6F894DEBF0FBEB7
:105F2000CDBF70E060E085E40E94F620811125C0BD
:105F300065E070E083E40E94F6208C0103970CF08A
:105F400047C086E594E1C85BDF4F0FB6F894DEBF2B
:105F50000FBECDBFDF91CF911F910F91FF90EF90BA
:105F6000DF90CF90BF90AF909F908F907F906F9079
:105F70005F904F903F902F90B5CB8EE894E1B2DBCD
:105F800086E794E1AFDB40E355E760E070E08FE641
:105F900092E10E94299B60E083E0C85BDF4F0FB66F
:105FA000F894DEBF0FBECDBFDF91CF911F910F914F
:105FB000FF90EF90DF90CF90BF90AF909F908F9029
:105FC0007F906F905F904F903F902F900C94D3C52F
:105FD00083E50E942A1B882309F459C00E94F320FC
:105FE0009E838D8360E085E50E94E1208FAF89E488
:105FF00094E10E9488C70AA7033074F10E9412D16D
:106000006F87788B898B9A8B40E355E760E070E06F
:106010008EE892E10E94299B60E083E00E94D3C554
:106020004D805E8023E2421621E05206ACF18CE303
:1060300094E158DB8DE194E155DB40E355E760E006
:1060400070E088E492E10E94299B60E083E00E9476
:10605000D3C586EF93E131DFC85BDF4F0FB6F8940D
:10606000DEBF0FBECDBFDF91CF911F910F91FF908B
:10607000EF90DF90CF90BF90AF909F908F907F90E8
:106080006F905F904F903F902F900C948CCA24EBB0
:1060900030E03E832D83A6CF4D805E80B201550C4B
:1060A000880B990B0E9465F26B8B7C8B8D8B9E8B82
:1060B0002F85388949895A8920543B424E4F5F4F7A
:1060C00029AF3AAF4BAF5CAF89EE93E10BDB81EECA
:1060D00093E108DB0E9495808FE78093A90D86ED00
:1060E00093E10E9488C781E0809316098F84988885
:1060F000A988BA8888AA99AAAAAABBAA1AA21BA286
:106100001CA21DA21EA21FA218A619A619861A86D5
:106110001B861C86FFE7CF2ED12CE12CF12C198297
:1061200030E43F8B4CE1488F56E4598F1A8E1B8E1A
:106130001C8E1D8EAFE74A2E512C612C712C4E8E79
:106140005F8E68A279A21CAA1DAA1EAA1FAA18AE59
:106150001CA61DA61EA61FA621E02BA71E861D8617
:10616000212C312C00E010E04AA4042C000C55082E
:106170005EAE4DAE8D819E814E962C01990F6608C4
:10618000770824964CAE5DAE6EAE7FAE24972D811F
:106190003E812E5131092901052C000C6608770833
:1061A00028964CAE5DAE6EAE7FAE289780911609F4
:1061B000882309F4ABC00E9412D16D837E838F8344
:1061C00098875090D20729965FAE2997552021F0E5
:1061D0000E94BEAF1092D20780913D06811108C087
:1061E0006624639460923D060E9466A110923D066B
:1061F00029967FAC2997772009F465C02090A30DDC
:106200003090A40D0091A50D1091A60D2A8D3B8D07
:106210004C8D5D8DB101C8010E9443FB181624F41A
:106220002A8E3B8E0C8F1D8F29813F89488D598D79
:10623000B101C8010E945FF287FF04C029823F8A32
:10624000088F198F4BA49101A8016B897C898D89D6
:106250009E89442009F4A1C10E945FF287FF33C0E8
:106260004D815E816F817885481959096A097B09DA
:10627000483B2BE052076105710528F1D701C601A3
:106280004E8C5F8C68A079A084199509A609B7097E
:10629000B595A795979587958093A90D4CA75DA770
:1062A0006EA77FA75B885A8E6C886B8E7D887C8EEC
:1062B0004E884D8E4D805E806F8078844F86588AE0
:1062C000698A7A8A1BA624966CAD7DAD8EAD9FAD92
:1062D00024970E9465F29101A8010E945FF287FF56
:1062E00030C08DE693E1FED98EE493E1FBD940E323
:1062F00055E760E070E088E492E10E94299B60E04D
:1063000083E00E94D3C586EF93E1D7DD0E9495809C
:1063100035C15BEEC52ED12CE12CF12CA7C134E1A7
:10632000432E512C612C712C44E1C42ED12CE12C34
:10633000F12CA8C126013701CE8CDF8CE8A0F9A092
:1063400060C288A999A9AAA9BBA94D805E806F8067
:10635000788484199509A609B709181619061A062A
:106360001B060CF446C080E00E94CAA8E7D9A3012E
:1063700092012053384F4F4F5F4F28AB39AB4AAB98
:106380005BAB4CA8411080C02DA93EA94FA958ADC8
:10639000B101C8010E9443FB18160CF05BC020E05D
:1063A00030E040E050E4B101C8010E941CF96DAB3F
:1063B0007EAB8FAB98AF2D813E814F8158852054A5
:1063C0003B424E4F5F4F29AF3AAF4BAF5CAF20E03F
:1063D00030E040E051E46B897C898D899E890E9480
:1063E0001BF99101A8010E945FF2881F8827881F6E
:1063F0008CAB8F859889A989BA8988169906AA06CF
:10640000BB0610F4D501C4014D805E806F80788496
:10641000481A590A6A0A7B0AD301C20181389F448B
:10642000A241B10508F445C040E355E760E070E0E3
:106430008EE292E10E94299B60E083E00E94D3C536
:1064400084E393E13ADD87E293E14CD985E193E17E
:1064500049D95CCF89AD9AADABADBCAD4D805E8006
:106460006F80788484199509A609B70947E757E230
:1064700066E877E2181619061A061B060CF4B9CF5F
:1064800080E00E9465AEB5CF28966CAD7DAD8EAD37
:106490009FAD28970E9465F29B01AC01B101C80134
:1064A0000E945FF287FFA5CF44EB57E264EC77E2EE
:1064B000E7CF4DAC5EAC6D847E84461457040CF07F
:1064C00075CE88E093E10ED987EB92E10BD987EA8C
:1064D00092E1F3DC8DE092E105D949855A856B851F
:1064E0007C8583EA92E124DB8DE092E1FBD84EA12A
:1064F0005FA168A579A58FE992E11ADB8DE092E1B1
:10650000F1D84AA15BA16CA17DA18BE992E110DBDE
:106510007FAC772099F149845A846B847C844092C3
:10652000BB0D5092BC0D6092BD0D7092BE0D21E767
:1065300032EB47E25EE36EA17FA188A599A50E9498
:10654000C4F26093BF0D7093C00D8093C10D909302
:10655000C20D21E732EB47E25EE36AA17BA18CA189
:106560009DA10E94F8F96093C30D7093C40D8093B0
:10657000C50D9093C60D81E08093AA0D1092160967
:1065800040E355E760E070E08EE192E10E94299BD4
:1065900060E083E00E94D3C55FCD0E9443FB1816E4
:1065A0000CF091CE4D805E806F8078842F85388985
:1065B00049895A89421A530A640A750A38EB431604
:1065C0003BE053066104710408F47DCE4D855E8581
:1065D000452B09F4AFCE6CA57DA58EA59FA5640DB6
:1065E000751D861D971D0E9465F24B015C0120E020
:1065F00030E0A9010E945FF2882311F16CA57DA50E
:106600008EA59FA564197509860997090E9465F2F0
:106610002B013C016E8D7F8D88A199A10E9465F2AE
:106620009B01AC01C301B2010E94C4F2A501940117
:106630000E94F8F90E944FFBC60ED71EE81EF91EF5
:1066400054E1C516D104E104F1040CF468CE8CEEDB
:10665000C816D104E104F1040CF05BCE2601370129
:1066600090E8C916D104E104F10464F02601370171
:106670002EEF30E040E050E02C193D094E095F0953
:1066800069017A01B301A2018EEC93E10E943C8181
:10669000B701A60189EC93E10E943C8149815F89A1
:1066A000688D798D82EC93E133D84A8D5B8D6C8D4A
:1066B0007D8D8BEB93E12CD84D855E854330510564
:1066C0000CF49FC029813F89488D598D6A8D7B8D3F
:1066D0008C8D9D8D0E941BF969837A838B839C83AB
:1066E0002FE632E143E85AE30E9443FB18160CF010
:1066F00088C0C701B6010E9465F220E030E040E8A2
:1067000050E40E94C4F269877A878B879C872BEDBF
:106710003FE049E450E469817A818B819C810E9449
:10672000C4F220E030E040E05FE30E94C4F29B014D
:10673000AC0169857A858B859C850E94F8F969830F
:106740007A838B839C832FE632E143E85AE3C501C9
:10675000B4010E94C4F24B015C012AE939E949E124
:106760005FE369817A818B819C810E94C4F2698791
:106770007A878B879C879B01AC010E941CF9A5013D
:1067800094010E94F8F96EA37FA388A799A7298591
:106790003A854B855C85C501B4010E94C4F220E0B6
:1067A00030E040E05EE30E94C4F26AA37BA38CA3C6
:1067B0009DA349815A816B817C8185EB93E10E9485
:1067C000882BB501A4018FEA93E1B2D980EA93E165
:1067D0000E94722B49855A856B857C858AE993E1F5
:1067E0000E94882B4EA15FA168A579A584E993E159
:1067F0000E94882B4AA15BA16CA17DA18EE893E148
:1068000097D9D701C601840D951DA61DB71DB59555
:10681000A795979587958093A90D5EAD5F938AA5FF
:106820008F939E859F93AD85AF932AE733E13F9386
:106830002F9385E893E19F938F931F920E943AD103
:106840002D853E852F5F3F4F3E872D870FB6F894ED
:10685000DEBF0FBECDBF5B8959838C898F8B9D892D
:10686000988FAE89A98FCE8EDF8EE8A2F9A2730130
:1068700062018D809E80AF80B88429964FAC2997A5
:106880004BA621CDEF92FF921F93CF93DF937C0114
:10689000C9E7D5E118818FEF888360E081E695E054
:1068A00088DAC7010E9489271883DF91CF911F9151
:1068B000FF90EF900895AF92BF92CF92DF92EF9248
:1068C000FF920F931F93CF93DF93EC0184E395E046
:1068D0000E94722B209711F4CAE5D7E010E007E080
:1068E000015021F080E20E949520FACF812F0E9472
:1068F00024281F5F153099F70E949E2B10E080E23C
:106900000E949520812F0E9424285E0105E080E2EC
:106910000E949520F501C080D180E280F380A7011C
:106920009601C701B6010E94CBFB882351F180E29A
:106930000E9495208DE30E9495208DE30E94952072
:106940008DE30E9495208DE30E9495208DE30E94A7
:1069500095200150F4E1AF0EB11C0111D8CF0E9477
:106960009E2B1F5F2496153051F6DF91CF911F911A
:106970000F91FF90EF90DF90CF90BF90AF900C946D
:106980009E2B20E030E0A901C701B6010E9443FB25
:1069900087FD03C08BE20E94952043E0C701B6014A
:1069A0000E949BC7D6CF2F923F924F925F926F92D9
:1069B0007F928F929F92AF92BF92CF92DF92EF928F
:1069C000FF920F931F93CF93DF93CDB7DEB76997F5
:1069D0000FB6F894DEBF0FBECDBF83E50E94DC1A70
:1069E000898330908D09882319F00E94D220382E97
:1069F0008091200A9091210AA091220AB091230A45
:106A00008C8B9D8BAE8BBF8B8091240A9091250A35
:106A1000A091260AB091270A888B998BAA8BBB8BF1
:106A20008091280A9091290AA0912A0AB0912B0AF4
:106A30008C879D87AE87BF879981992329F0311074
:106A400003C080E00E943F288091390690913A0669
:106A5000A0913B06B0913C0625E1B695A795979588
:106A600087952A95D1F74C015D01E1E08E229924AA
:106A7000AA24BB240E942A28882309F4C6C083E4E0
:106A80000E94DC1A882309F4A8C00E9403212B016C
:106A90003C018AE597E09B838A839D838C83B5E0E4
:106AA000B983188E10E008ECE2ECE9871E82212CF5
:106AB000F8ECFF8322E428878C819D819B878A875D
:106AC00095E0998FAA85BB85CD90DD90ED90FD90E6
:106AD000BB87AA872E81322D4F815885C701B60109
:106AE0000E945FF287FF04C0CE822D2CEF82F886D1
:106AF000288D312F402F5985C701B6010E9443FBD5
:106B0000181624F4C88E1D2D0E2DF986B98DB1509E
:106B1000B98FB111D7CFE981E150E9838C819D8193
:106B200044969D838C83E111C7CF288D312F402F50
:106B300059856E81722D8F8198850E941CF920E005
:106B400030E040E05FE30E94C4F2A30192010E94A2
:106B50001CF92B013C012DEB37E346E855EB0E9475
:106B600043FB87FD0AC02DEB37E346E855E3C3013D
:106B7000B2010E945FF2181684F580E00E943F285F
:106B800010E0AA81BB81BD83AC8300E0EC81FD8174
:106B90006191719181919191FD83EC837F01F4E08A
:106BA000EF1AF108A30192010E941BF9D7016D931E
:106BB0007D938D939C931397602F812F0E94BDA08E
:106BC0000F5F053019F71F5FEA81FB817496FB8325
:106BD000EA831530B1F60E94822A89288A288B28F8
:106BE00039F00E942A28882319F090E080E063DEC3
:106BF0008AE50E94DC1A882321F00E9403210E946A
:106C000019CA832D0E943F280CC0311004C0892866
:106C10008A288B2869F30E949B2B82E696E00E94CB
:106C2000722B332051F080918D09811106C00E9492
:106C3000982B83E496E00E94722B0E949B2B8091FC
:106C40008D096CE97FE1882311F060EA7FE185E33B
:106C500096E08CD80E949B2B88E296E00E94722BD3
:106C6000C0908E09D0908F09E0909009F090910922
:106C700020E030E0A901C701B6010E9443FB1816CD
:106C80000CF055C042E0C701B6010E949BC78DE0E1
:106C90000E94BEC58AE00E94BEC52C893D894E89EE
:106CA0005F896091200A7091210A8091220A909157
:106CB000230A0E945FF2811120C0288939894A89FC
:106CC0005B896091240A7091250A8091260A90912F
:106CD000270A0E945FF2811110C02091280A30918A
:106CE000290A40912A0A50912B0A6C857D858E8550
:106CF0009F850E945FF28823F9F069960FB6F89499
:106D0000DEBF0FBECDBFDF91CF911F910F91FF90DE
:106D1000EF90DF90CF90BF90AF909F908F907F903B
:106D20006F905F904F903F902F900C94689383E208
:106D300096E00E94722BB1CF69960FB6F894DEBF31
:106D40000FBECDBFDF91CF911F910F91FF90EF90BC
:106D5000DF90CF90BF90AF909F908F907F906F907B
:106D60005F904F903F902F900895BC0190E080E09D
:106D70000C9407C70F931F93CF9384E50E942A1B9F
:106D8000C0E08823F1F00E94B720C82F1816CCF479
:106D90000E949B2B00916805109169058DE40E946B
:106DA000BEC5C801E2DF8AE29AE00E94722B6C2F16
:106DB000CC0F770B880B990B0E946FC70E949E2BFC
:106DC000CFEF8C2FCF911F910F910895BC01990F98
:106DD000880B990B0C946FC7109243050C94F92201
:106DE000CF93DF93EB010E94722BCE01DF91CF9105
:106DF000EDCFCF93DF9369ED71E10E94E2C9CEED53
:106E0000D7E06881798180ED91E1EADF6A817B8159
:106E10008DEC91E1E5DF4C815D816E817F818AECB3
:106E200091E1DF91CF910C94982DFF920F931F93D6
:106E3000CF93DF93811113C04091390650913A06E8
:106E400060913B0670913C06452B462B472B39F44D
:106E500081E0DF91CF911F910F91FF90CACF909168
:106E6000D40993FD8EC0C82F85DF082F87FD89C008
:106E700083E50E942A1BD82F882331F10E94F3203A
:106E80000E94779961E08C2F0E94B3976091A70DC3
:106E90007091A80D072E000C880B990B0E9465F2CB
:106EA0002091A30D3091A40D4091A50D5091A60DF8
:106EB0000E9443FB18160CF44EC089EB91E1DD23D0
:106EC00009F44BC01D2F03C0C1113FC010E083E582
:106ED0000E942A1B882331F00E94F3209093DF0741
:106EE0008093DE0782E40E942A1B882331F00E94EF
:106EF000F3209093E1078093E00786E40E94DC1A78
:106F00008823D9F10E9403216093E2077093E3077D
:106F10008093E4079093E507FF24F39420E030E0AA
:106F2000A9010E945FF2811101C0F12CF092E607E5
:106F3000CC2339F1112329F16D2F802FDF91CF91CF
:106F40001F910F91FF900C9495A982E50E942A1B36
:106F5000811194CFBBCF86ED93E19F938F9384EC07
:106F600091E19F938F931F920E943AD10F900F90BF
:106F70000F900F900F9011E0AACF60E070E0CB016E
:106F8000C3CFDF91CF911F910F91FF9008958C0196
:106F9000EB01F42E0E9495800115110509F46FC0D4
:106FA0000E949B2BC8010E94722B0E949E2B20974F
:106FB00011F4CDEFDEE28091FA0480FD33C08160F0
:106FC0008093FA04C8010E949A9A209751F0EE2407
:106FD000E39401E021E040E2BE0180E291E10E9401
:106FE0008A238DEF9EE2009751F0EE24E39401E0B6
:106FF00021E040E2BC0180E491E10E948A23EE247A
:10700000E39401E021E040E268EE74E080E691E183
:107010000E948A2368EC83E00E94D3C561E08AEF76
:107020000E94AB9A0E94982B87E095E00E94722BF9
:1070300061E085EF94E00E94D92E89EE93E00197FC
:1070400039F000C00000EEE5F9E03197F0F7F7CF36
:10705000F89489EE93E0019739F000C00000E6EE65
:10706000F3E03197F0F7F7CF0E949580FF2021F0F1
:107070000E944B82A895FECF0E941082FBCF2097E2
:1070800011F4CDEFDEE20EEF14E095CFCF92DF9258
:10709000EF92FF926B017C0183E3C816D104E104F7
:1070A000F10470F082E3C81AD108E108F10862E344
:1070B00070E080E090E00E9478D00E944BB0ECCF6E
:1070C000C701B6010E9478D0FF90EF90DF90CF907B
:1070D0000C944BB09091860D94FB882780F994FF17
:1070E00006C081E09091E016911101C080E0089502
:1070F000F1DF882339F08091860D82FB882780F9A3
:1071000091E089270895CF93FB01C181C13031F40B
:107110000E94D499811104C0C0932107CF91089592
:107120000E94089B811103C0CF910C94641C0E94A3
:107130008CCADEDF882331F083E199E1909318094E
:107140008093170961E08CE099E10E94D92ECF91DC
:107150000C94519780916A0D811105C0809184092A
:10716000823009F0C5CF81E00895F4DF81110DC0B0
:107170001092D0091092D1091092D2091092D3091D
:107180001092CE098FEF0E9478210C945197909124
:10719000860D92FB882780F992FF05C097FB882710
:1071A00080F991E0892708954F925F926F927F92C4
:1071B0008F929F92AF92BF92CF92DF92EF92FF9207
:1071C0000F931F93CF93DF9300D01F92CDB7DEB7FD
:1071D00019821A821B821C8295E0A92E94E0B92E96
:1071E000CE0101964C0120E2C22E2AE0D22E37E2D7
:1071F000E32E37E0F32E10E000E0F50181915F010E
:107200000E942A1BF40181934F01882321F0809171
:10721000CD09882359F0F60180819181A281B38143
:10722000F70180839183A283B38318C00E94032156
:107230002B013C01802F0E947C1A882309F4A4C0F2
:10724000F6012081318142815381C301B2010E9444
:107250001CF9F70160837183828393830F5F1F4F53
:10726000F4E0CF0ED11C84E0E80EF11C03301105D0
:1072700021F685E40E942A1B8C83882309F494C09C
:107280000E9403216B017C0183E00E947C1A882309
:1072900071F020912C0A30912D0A40912E0A5091C4
:1072A0002F0AC701B6010E941CF96B017C01C09234
:1072B0003307D0923407E0923507F0923607809179
:1072C0004C07882379F163DF882361F18C8188235F
:1072D00049F18981811103C08A81882319F12DEC3C
:1072E0003CEC4CE45DE36091C7147091C81480914C
:1072F000C9149091CA140E941CF99B01AC016091C1
:10730000280A7091290A80912A0A90912B0A0E94DA
:1073100043FB18163CF440E060E070E080E090E44D
:107320000E941C2240E050E0BA0186E40E94312114
:1073300020E030E0A9010E9443FB181684F40E946B
:10734000032120E030E040E752E40E94F8F9609326
:1073500013027093140280931502909316020F90FB
:107360000F900F900F90DF91CF911F910F91FF9091
:10737000EF90DF90CF90BF90AF909F908F907F90D5
:107380006F905F904F900895F801EE0FFF1FEE0F82
:10739000FF1FE15AF64F2081318142815381C301A1
:1073A000B2010E941BF955CF80912C0A90912D0AB1
:1073B000A0912E0AB0912F0A80933307909334073F
:1073C000A0933507B09336077ACF8091590983305F
:1073D00018F0EADE0C9480B3089580914C07811177
:1073E00002C00C94AC27D3DE882339F040E060E083
:1073F00070E080E090E40C941C22089580916A0D66
:10740000811105C080918409813019F0C0CE80E0DF
:10741000089581E008952F923F924F925F926F926C
:107420007F928F929F92AF92BF92CF92DF92EF9214
:10743000FF920F931F93CF93DF93CDB7DEB767977C
:107440000FB6F894DEBF0FBECDBF782E80915902E3
:1074500047E6E42E66246394843008F4A3C50E94B2
:1074600012D16B017C01711005C080916A0D8823D7
:1074700009F433C2C0926B09D0926C09E0926D0995
:10748000F0926E0981E0409145055091460560916A
:10749000470570914805411551056105710509F4CD
:1074A0001EC200916B0910916C0920916D093091F9
:1074B0006E0946015701801A910AA20AB30A950182
:1074C0008401041715072607370708F408C20E942D
:1074D000982B00917509109176098CE294E00E9436
:1074E000722BB80181E094E00E94802B0E949E2BB9
:1074F00040E070E060E090E080E02DC18091300AD3
:107500009091310A5CC5AF2CB12C8A3019F08D30C6
:1075100009F022C1EA9CF001EB9CF00D1124E55921
:10752000FA4FDF01AA59BF4F1C9284819581DF0178
:10753000A80FB91F16961C92892B19F40E944BB004
:107540005CC5FE9CC00111249C012F583A4F690173
:10755000158214828901F8018191803209F452C0A8
:107560008E3409F0C8C00115110509F4C4C065EDD9
:1075700073E0C8010E948EF14C01892B41F06EE44A
:1075800070E0C80104960E9422FC009709F4C8012B
:107590004AE050E070E060E001960E94FEEE1B01C0
:1075A0002C01EA9CF001EB9CF00D1124E559FA4FF7
:1075B00080819181A281B381AC01BD014F5F5F4F9A
:1075C0006F4F7F4F2416350646065706E9F0892887
:1075D000D9F4AC01BD01415051096109710924166A
:1075E00035064606570634F082159305A405B50501
:1075F0000CF003C56F2D82EA93E00E94DA2CF12C87
:1076000020E0D3C48F01A7CF6AE270E0C8010E94D6
:1076100042FC9C01009709F1982F901B912C992313
:1076200039F09150F801E90FF11D80819826F7CFCC
:107630004AE050E070E060E0C90101960E94FEEE71
:10764000292D30E050E040E062177307840795076A
:1076500041F06F2D83E893E0D0CF6F2D89E593E063
:10766000CCCFEA9CF001EB9CF00D1124E559FA4FC8
:10767000208231824282538280915909813039F5CA
:1076800067E470E0C8010E9422FC009701F14AE023
:1076900050E070E060E001960E94FEEE64307105FB
:1076A00081059105A0F4B0907915862D0F2C01C0AD
:1076B000880F0A94EAF78093791588EB92E00E948C
:1076C000722B8EEA92E00E9488C7B0927915F80179
:1076D00080818D3479F58381823391F1883301F192
:1076E000803341F58181843329F58281813311F51D
:1076F0000E944B931FC08091860D80FFBDCF60E834
:107700007EE2C8010E948EF1009731F0FC01838176
:1077100080538A3008F0B0CF6F2D8FE293E06DCFA9
:107720008281803339F48181813321F410921609EA
:1077300010921F074F2D60E0C6010E9477C65DC4FE
:1077400082818133B9F781818133A1F741E070E013
:1077500060E089EA9BE01BDCFE9CB00111249B01E8
:1077600021593A4FAB014F585A4F6F527A4F0E94EE
:10777000251A43C440915B02242F30E00A3061F0A7
:107780000D3051F0882309F49AC089819A810097BD
:1077900019F001969A8389831092EB0489819A816A
:1077A000F29EF001F39EF00D1124E75AFD4FDF0128
:1077B000A80FB91F13961C92892B61F50E944BB03C
:1077C0000E945D1A882309F432C48DED96E10E946F
:1077D000DD7D80917D0D882309F467C08150809301
:1077E0007D0D8D9DC001112462E08256974F0E944D
:1077F00080DEE0917D0D24E0E29FF0011124E65649
:10780000F74F60817181828193810E9403200E94E1
:10781000E0D20DC41A82198283818D3479F4848177
:10782000823361F48581853349F4868180538A30BF
:1078300028F08091860D8B7F8093860DF29EF0015B
:10784000F39EF00D1124E454FD4FC0824F9DF001D2
:107850001124E354FD4F6082220F331F220F331F88
:10786000F901E15BF44F80915F0B9091600BA09167
:10787000610BB091620B80839183A283B3834F5FCE
:10788000443080F440935B02809159028F5F809373
:10789000590280925F0B9092600BA092610BB092A4
:1078A000620B8ECF10925B02EFCF0E94D0D28091FC
:1078B000860D88608093860DE0925909B8C34F9D6C
:1078C000A0011124445A5D4F9E012F5F3F4F6BEE84
:1078D00074E0802F0E94251AAAC380E0D4CD2091A5
:1078E000250E9091260E291741F0C0926B09D09277
:1078F0006C09E0926D09F0926E094091020250917C
:1079000003026091040270910502452B462B472B20
:1079100029F0291709F4A6C01092F4048091F0040C
:107920009091F104A091F204B091F3048C199D0997
:10793000AE09BF09181619061A061B060CF450C129
:107940002091250E8091260E90917B14281709F422
:10795000BAC0E091260E23E6E29FF0011124EB5617
:10796000F14F8081891741F080937B140E9412D1DE
:1079700080917A14809378148091E607882309F423
:1079800022C1A090DE07B090DF07C50102972091C9
:10799000A70D3091A80D281739070CF414C1909049
:1079A000260E612C712C812C1F8A8091250E891541
:1079B00009F48CC0892D90E033E6389FF001399F9F
:1079C000F00D1124E95BF14F458D568D678D70A147
:1079D000452B462B472B81F441A152A163A174A1F1
:1079E000452B462B472B41F445A156A167A170A515
:1079F000452B462B472B89F1E3E6E89F8001E99F61
:107A0000100D1124095B114FF80161A572A583A522
:107A100094A50E9463F21B012C01F80165A576A5CF
:107A200087A590A90E9463F29B01AC01C201B1013C
:107A30000E94F8F9F80121813281438154810E942A
:107A4000C4F22B018C019301482D5F890E9443FBF6
:107A500018161CF43201802E1F8B892D0E94258957
:107A6000982EA3CF811158CF0E9412D100916B099B
:107A700010916C0920916D0930916E09601B710B9A
:107A8000820B930B009102021091030220910402D9
:107A900030910502601771078207930708F43CCF05
:107AA0008091F40481113ACF81E08093F40480E066
:107AB0000E941F8281E00E941F8282E00E941F823A
:107AC0000E9410822BCF80917A144CCFB301882D65
:107AD0009F890E9460FA072E000C880B990B0E9468
:107AE00065F22091E2073091E3074091E40750915D
:107AF000E5070E94C4F22B013C01B501BB0C880BC9
:107B0000990B0E9465F29B01AC01C301B2010E9476
:107B10001CF93B014C016091E0077091E107072ED1
:107B2000000C880B990B0E9465F25B018C019B0194
:107B3000AC01B301C4010E9443FB181614F05301B9
:107B400084014090EC045090ED046090EE0470903D
:107B5000EF049501A801C301B2010E9443FB18166E
:107B6000D4F420E037ED43EA5CE3B501C8010E949C
:107B7000C4F24B015C0128E431EE4AE75FE3C30144
:107B8000B2010E94C4F29B01AC01C501B4010E9484
:107B90001CF95B018C01C501D8018093EC04909322
:107BA000ED04A093EE04B093EF04B501C8010E9468
:107BB00060FA6232F1E07F0714F062E271E07093E4
:107BC000A80D6093A70D24E6C20ED11CE11CF11C88
:107BD000C092F004D092F104E092F204F092F30427
:107BE0000E944BB080915909882309F4AEC180915D
:107BF0002002882309F4A4C0809143058111A0C00C
:107C000080916A0D811104C0F9DB882309F498C0C2
:107C1000F8948091000186FB882780F99091F904FF
:107C200098278093F9048091C107892B8093C1071D
:107C30008091000111E0082F007285FF03C010E061
:107C40000E9425C61093C007002379F020E030E0A1
:107C5000A9016091700D7091710D8091720D9091DC
:107C6000730D0E945FF287FD9AC010E020E030E0C3
:107C7000A90160916B0D70916C0D80916D0D9091CB
:107C80006E0D0E945FF287FD98C07894112309F46D
:107C900057C001E0009343050E94F9220093C007FA
:107CA00080916A0D81114AC01F921F928AE994E067
:107CB0009F938F931F9285E18F93CE0101967C0154
:107CC0009F938F930E94BCF1C7010E941ED160E078
:107CD00083E00E94D3C540E367ED74E081E00E9439
:107CE000302F0E94282F1091490560E010270FB611
:107CF000F894DEBF0FBECDBF86ED98E061F485EC51
:107D000094E00E94D92E80E30E9495200E949E2B31
:107D100060E084E89BE00E94D92E83EB94E00E940F
:107D2000722B80E30E9495200E949E2B112331F03C
:107D30008EEA94E090931809809317090E94948426
:107D4000809109018095817010910002181709F443
:107D500077C0012F1F3F09F400E0809300028823C1
:107D600071F164EF71E080E090E090D90E9473DBE4
:107D70008091860D84FD25C0101324C040E355E793
:107D800060E070E080E894E00E94299B80912007E9
:107D9000823019F481E080935A09012F20C080E0DD
:107DA00090E0A0E8BFEB80936B0D90936C0DA093D7
:107DB0006D0DB0936E0D11E059CF11E066CF00E06C
:107DC000DBCF01E017FD09C080912007101774F583
:107DD000813019F482E080935A090E9458A300234D
:107DE00079F117FF2DC08091860D84FF19C00E9484
:107DF00032D2882379F081E00E94D8DF4BEB50E04B
:107E00006EEB74E18EE795E10E947ED98EE795E1F5
:107E10000E94DD7D0E94CA2781110CC00E94AC2700
:107E200081E080937C0D0E9420DE0AC08230A9F69A
:107E300081E0D1CF83E994E09093180980931709EA
:107E40000E9412D16B017C0110910102112321F1DA
:107E500080914A05882301F14091F5045091F60480
:107E60006091F7047091F8044C195D096E097F095F
:107E700014161506160617060CF1009179159FEFDA
:107E800090937915833009F488C00CF077C0813065
:107E90000CF07CC000937915212F30E0A8EEB3E000
:107EA0000E94D1F8C60ED71EE81EF91EC092F50436
:107EB000D092F604E092F704F092F80480913D0627
:107EC000811107C081E080933D060E9466A1109257
:107ED0003D0680918B0D8823C1F10E9412D16B0168
:107EE0007C018091870D9091880DA091890DB091B2
:107EF0008A0D8C199D09AE09BF09181619061A06B4
:107F00001B061CF120918B0D30E0A8EEB3E00E941F
:107F1000D1F8C60ED71EE81EF91EC092870DD0926A
:107F2000880DE092890DF0928A0D1091791580915B
:107F30008C0D8093791580911609811104C00E94DF
:107F4000CAA80E949E2B1093791567960FB6F894D5
:107F5000DEBF0FBECDBFDF91CF911F910F91FF907C
:107F6000EF90DF90CF90BF90AF909F908F907F90D9
:107F70006F905F904F903F902F900895843009F05C
:107F800089CF0E949B2B8FE394E004C00E949B2B1F
:107F90008EE694E00E94722B7DCF0E949B2B87E59A
:107FA00094E0F8CF20E080E0F82E809159028430F0
:107FB00050F5F110A3CA8091B20A9091B30A891BBF
:107FC0008F7790E0892BD1F08F2D0E94FA1997FFBF
:107FD0009ACA10917915862D0F2C01C0880F0A942A
:107FE000EAF7809379150E94982B8AED93E00E941E
:107FF000722B0E948CC71093791521E081E0F81252
:10800000D3CF2111CFCFC3D8882309F428CA8091B8
:10801000860D83FD24CA1A82198292E6F92E24E085
:10802000E22E39E6D32ECC24C39466246A94809140
:108030005902843008F013CA0E945D1A81110FCAD8
:108040001E8A41E050E0BE016A5E7F4F8DED96E1F1
:108050000E947ED90E8910E0019711F00FEF1FEFFB
:108060008090E5169090E616A090E716B090E8167E
:108070008092820D9092830DA092840DB092850D16
:108080000E945D1A0F3F100709F074CB811172CB6B
:108090000E94982B82EF93E00E94722BC8CF2F9200
:1080A0003F924F925F926F927F928F929F92AF9288
:1080B000BF92CF92DF92EF92FF920F931F93CF93D5
:1080C000DF93CDB7DEB7AA970FB6F894DEBF0FBE29
:1080D000CDBF9091D40993FD67C1182F83E50E940D
:1080E0002A1B89A3882309F458C10E94F3208337EF
:1080F00091050CF072C19093DC078093DB070E941E
:10810000FE246091DB077091DC07072E000C880BC2
:10811000990B0E9465F22091D7073091D8074091C2
:10812000D9075091DA070E9443FB18160CF058C18A
:108130008EEF91E10E9488C701E0612F6027812FB7
:108140000E94B397112309F42FC1009316091B8EC7
:108150001C8E1D8E1E8E1AA21BA21CA21DA21FA267
:108160002CE328A73CE139A786E48AA71E8A1F8A48
:1081700090E8988FAFEBA98F1A8EB1E0BEA3812C47
:10818000912C5401FE0131961F016091DB07709123
:10819000DC07072E000C880B990B0E9465F27B010F
:1081A0008C012E893F89488D598D0E945FF288236A
:1081B000B9F02091D7073091D8074091D907509155
:1081C000DA07F9A1B701C801F1110DC10E945FF2F0
:1081D000881F8827881F8A8FEE8AFF8A088F198F49
:1081E0000E9412D16B017C018AA19BA1ACA1BDA10F
:1081F0008C199D09AE09BF09181619061A061B0627
:10820000ACF1D701C60188519C4FAF4FBF4F8AA335
:108210009BA3ACA3BDA380E00E94CAA845E150E0A7
:108220006BEE71E1C1010E9459F11D8A8114910424
:10823000A104B10409F4EAC0C501B401605F784D3E
:108240008F4F9F4F6C197D098E099F0928EE33E0EF
:1082500040E050E00E9489F8BA01A901C1010E94E2
:10826000397FC1010E9418280E949E2B80E0D3D83C
:108270000E9412D160936B0970936C0980936D0911
:1082800090936E09B091D707BF8FE091D807E8A30C
:108290000091D9071091DA072B2F3E2FA8016E8984
:1082A0007F89888D998D0E941BF92B013C0120E06C
:1082B00030E0A9010E9443FB87FF04C077FA709465
:1082C00077F8709481149104A104B10409F0BCC042
:1082D00020E030E040E85FE3C301B2010E945FF2BA
:1082E00087FF10C0FEA1812C912C5401FF2331F097
:1082F00085E0882E8DE0982EA12CB12C8C0C9D1C35
:10830000AE1CBF1C2A8D222391F18B8D9C8DAD8DCF
:10831000BE8D0097A105B10549F08C199D09AE09E4
:10832000BF09181619061A061B060CF12F8D38A165
:10833000A8016FA178A589A59AA50E941BF920E044
:1083400030E040E85FE30E945FF287FD50C0D70154
:10835000C601805A9541AF4FBF4F8B8F9C8FAD8F19
:10836000BE8F9F8D9FA3A8A1A8A709A71AA7809138
:1083700016098823E1F181149104A104B10459F094
:10838000C818D908EA08FB08B0E1CB16B7E2DB064B
:10839000E104F10460F51EA2F8CE112329F082E574
:1083A0000E942A1B8111A1CEAA960FB6F894DEBFB7
:1083B0000FBECDBFDF91CF911F910F91FF90EF9036
:1083C000DF90CF90BF90AF909F908F907F906F90F5
:1083D0005F904F903F902F90089583E790E08BCE71
:1083E0008FEE91E1A7CE0E945FF287FF09C08091D6
:1083F00016098823C9F2109216090E948CCAD4CF9C
:10840000EE8AFF8A088F198F1A8EEACED1010D905D
:108410000020E9F7CD010197821993098431910574
:1084200008F01FCFF101E80FF91FBFE3B0838331DC
:10843000910509F416CFE2E0F0E0EC0FFD1F8E0F7E
:108440009F1FDC011C920DCF20E030E040E450E49F
:10845000C301B2010E9443FB18160CF053CF460132
:10846000570150CFCF93DF93EC0188818823E1F04F
:108470008A30D1F08D30C1F04FEF61E0CE010E9423
:1084800077C6882369F00E949B2BBE0183E691E1A9
:108490000E94802B80E691E1DF91CF910C94722BAA
:1084A00080E00E940B3AE1CFDF91CF910895809157
:1084B000FA06882371F00E94089B811102C00C9477
:1084C000641C61E18BE699E10E94B8CF8AEF96E0E7
:1084D000C9CF08955F926F927F928F929F92AF92D1
:1084E000BF92CF92DF92EF92FF920F931F93CF93A1
:1084F000DF93CDB7DEB77C016DB67EB610E000E04D
:108500008DB69EB6F701E00FF11F549068018FEF12
:10851000C81AD80A552019F09AE059121FC08DB711
:108520009EB78C199D090FB6F8949EBF0FBE8DBFE4
:1085300001965C01A801B7010E9433F1F501E00F3B
:10854000F11F1082C5018EDF552051F0EC0CFD1C8F
:108550000FB6F8949EBE0FBE8DBED2CF8601D2CF8D
:108560000FB6F8947EBE0FBE6DBEDF91CF911F9106
:108570000F91FF90EF90DF90CF90BF90AF909F90C2
:108580008F907F906F905F900895FB018181813083
:10859000E9F40E94089B811108C040E355E760E0C0
:1085A00070E085EF99E10C94299B0E94CA27811104
:1085B00007C040E355E760E070E089ED99E1F3CF53
:1085C00083E080935A098FEE99E184CF0895CF9389
:1085D000FB01C181C13069F40E94089B811103C075
:1085E000CF910C94641CC0935A0982ED99E1CF910C
:1085F00071CFCF9108950F931F93CF93DF93CDB792
:10860000DEB768970FB6F894DEBF0FBECDBF0E94ED
:10861000089B811109C040E355E760E070E085EFF9
:1086200099E10E94299B06C080911E078F3F69F047
:10863000882391F068960FB6F894DEBF0FBECDBFC9
:10864000DF91CF911F910F91089540E355E760E0CE
:1086500070E081EC99E1E5CF80910D028F938091DC
:108660000C028F931F921F92809108028B3008F1A9
:108670008AE01F928F9381EB99E19F938F931F92D2
:1086800088E18F938E010F5F1F4F1F930F930E94FE
:10869000BCF163E18FE999E10E94B8CFC801E2DE45
:1086A0008AE999E117DF0FB6F894DEBF0FBECDBFA0
:1086B000C1CF8330F0F683E0DCCFFB0181818823DA
:1086C00019F0813051F008950E94089B811102C079
:1086D0000C946C1C8AE899E1FDCE86E180935A09DE
:1086E0000895FB018181813061F40E94089B811112
:1086F00002C00C94641C85E899E1ECDE80E899E105
:10870000E9CE0895CF93DF93EB010E94089B81117E
:1087100004C0DF91CF910C946C1CC981609120073B
:1087200081E699E10E94B8CFC13059F028F0C230FB
:1087300059F0DF91CF9108958AE599E1DF91CF91CA
:10874000C9CE84E599E1FACF8FE499E1F7CF809122
:108750005D098770873041F040E355E760E070E0E5
:108760008BE299E10C94299B0E94089B811102C025
:108770000C94641C8EE080935A0987E299E1AADE8A
:1087800082E299E1A7CE2F923F924F925F926F9231
:108790007F928F929F92AF92BF92CF92DF92EF9291
:1087A000FF920F931F93CF93DF93CDB7DEB7C557DB
:1087B000D1090FB6F894DEBF0FBECDBF9091590915
:1087C000933008F41DC1182F0E94D43882E50E940E
:1087D0002A1B882309F43CC10E9403212B013C0180
:1087E00020E030E0A9010E945FF2882309F402C171
:1087F0008090200A9090210AA090220AB090230A2B
:108800002091240A3091250A4091260A5091270A86
:108810002D8F3E8F4F8F58A3C0902707D0902807E9
:10882000E0902907F0902A0780912B0790912C0760
:10883000A0912D07B0912E0789A39AA3ABA3BCA347
:10884000A7019601C501B4010E945FF281110DC01C
:1088500029A13AA14BA15CA16D8D7E8D8F8D98A130
:108860000E945FF2882309F4C5C0A5019401C701E5
:10887000B6010E941BF920E030E040E05FE30E9477
:10888000C4F26B017C012D8D3E8D4F8D58A169A1E5
:108890007AA18BA19CA10E941BF920E030E040E06E
:1088A0005FE30E94C4F26D8F7E8F8F8F98A320E0CC
:1088B00030E0A901C301B2010E945FF2881F88273E
:1088C000881F181709F4B6C020E030E040E85FEBDD
:1088D00029A33AA34BA35CA3A7019601C701B60144
:1088E0000E94C4F24B015C012D8D3E8D4F8D58A12D
:1088F000CA01B9010E94C4F29B01AC01C501B401D7
:108900000E941CF90E9489FB4B015C01AC019B0198
:10891000C301B2010E941BF969A77AA78BA79CA784
:10892000A5019401C301B2010E941CF99B01AC0195
:1089300069A57AA58BA59CA50E94C4F22B013C01D8
:1089400020E030E0A9010E9443FB87FD7CC0C30109
:10895000B2010E9489FB69A77AA78BA79CA76D8D9E
:108960007E8D8F8D98A19058A50194010E94F8F9F1
:1089700029A13AA14BA15CA10E94C4F229A53AA564
:108980004BA55CA50E94C4F2A70196010E941CF9A8
:108990002B013C01A5019401C701B6010E94F8F921
:1089A00029A13AA14BA15CA10E94C4F229A53AA534
:1089B0004BA55CA50E94C4F22D8D3E8D4F8D58A114
:1089C0000E941CF96D8F7E8F8F8F98A320E030E07E
:1089D000A901C301B2010E945FF28111F0C420E03D
:1089E00030E0A9016D8D7E8D8F8D98A10E945FF280
:1089F0008111E5C40E94982B8AE091E10E94722BBC
:108A0000CB58DF4F0FB6F894DEBF0FBECDBFDF915E
:108A1000CF911F910F91FF90EF90DF90CF90BF907B
:108A2000AF909F908F907F906F905F904F903F900E
:108A30002F90089580E090E0A0E8BFE389A39AA377
:108A4000ABA3BCA349CF19A61AA61BA61CA687CF09
:108A500089E40E942A1B412C512C3201882321F0E9
:108A60000E9403212B013C018AE40E942A1B8823D7
:108A700009F497C40E940321A5CF2DA13EA14FA1C7
:108A800058A569A17AA18BA19CA10E94C4F26B0197
:108A90007C012DA53EA54FA558A969A57AA58BA552
:108AA0009CA50E94C4F29B01AC01C701B6010E94C3
:108AB0001CF96B017C012DA53EA54FA558A969A104
:108AC0007AA18BA19CA10E94C4F24B015C012DA153
:108AD0003EA14FA158A569A57AA58BA59CA50E948A
:108AE000C4F29B01AC01C501B4010E941BF9A701AE
:108AF00096010E948FF96B017C0120E030E0A90112
:108B00000E945FF2882309F4B7C020E030E0A90199
:108B1000C701B6010E945FF287FFB9C082E090E012
:108B2000812B8130910509F4B5C0029709F4BDC0CD
:108B300020E030E0A901C701B6010E9443FB4601D5
:108B4000570187FF04C0B7FAB094B7F8B0942BED83
:108B50003FE049EC50E4C501B4010E94F8F920E07F
:108B600030E040E952E40E94C4F20E94E2F90E941F
:108B700065FA1B018091280A9091290AA0912A0A7E
:108B8000B0912B0A62968CAF9DAFAEAFBFAF62972C
:108B900020912C0A30912D0A40912E0A50912F0AD3
:108BA00066962CAF3DAF4EAF5FAF66979C01AD01AF
:108BB00060912F07709130078091310790913207B3
:108BC0000E941BF96DA77EA78FA798AB66962CAD68
:108BD0003DAD4EAD5FAD6697609133077091340740
:108BE00080913507909136070E941BF92B013C01BB
:108BF000A50194012E966CAD7DAD8EAD9FAD2E97E7
:108C00000E94C4F269AB7AAB8BAB9CAB27E137EB2C
:108C100041ED58E30E945FF287FF50C02DEB37E330
:108C200046E855EB6DA57EA58FA598A90E9443FB4C
:108C300087FD44C02DEB37E346E855E36DA57EA5DF
:108C40008FA598A90E945FF21816C4F12DEB37E3A7
:108C500046E855EBC301B2010E9443FB87FD0AC001
:108C60002DEB37E346E855E3C301B2010E945FF202
:108C7000181614F40E94E5390E9412D160936B0912
:108C800070936C0980936D0990936E09B9CE90E052
:108C900080E046CF2BED3FE049EC50E4C701B60140
:108CA0000E941BF96B017C0143CF2BED3FE049ECA7
:108CB00050E4C701B6010E941CF9F4CF2AE037ED59
:108CC00043E25CE3609113027091140280911502FB
:108CD000909116020E94C4F24B015C016091110256
:108CE00070911202072E000C880B990B0E9465F2FE
:108CF0009B01AC01C501B4010E94C4F26BAF7CAF13
:108D00008DAF9EAF69A97AA98BA99CA90E9491FAFF
:108D1000162F872E982EA92EB10190E080E00E9498
:108D200063F21B01082F9DA39B01482F592F612F30
:108D3000782D892D9A2D0E9443FB181624F4212E9C
:108D4000382C092DADA29101402F5DA169A97AA906
:108D50008BA99CA90E94F8F94B015C0120E030E04E
:108D600040E85FE30E9443FB18160CF09AC269A921
:108D70007AA98BA99CA90E94E2F90E9465FA7EABB0
:108D80006DAB198A1A8A1B8A1C8A1D8A1E8A1F8A41
:108D9000188E198E1A8E1B8E1C8E4DA95EA942301C
:108DA000510508F454C2BA0190E080E00E9463F2D9
:108DB00023966CAF7DAF8EAF9FAF23979B01AC0125
:108DC000C701B6010E94F8F96FAB78AF89AF9AAFCF
:108DD0009B01AC010E94C4F26B017C01AC019B01C0
:108DE0006FA978AD89AD9AAD0E94C4F220E030E061
:108DF00040EC50E40E94F8F99B01AC016FA978ADFA
:108E000089AD9AAD0E941BF9A6966CAF7DAF8EAF6F
:108E10009FAFA69720E030E040E05FE3C701B601D6
:108E20000E94C4F29B01AC0160E070E080E89FE327
:108E30000E941BF9AA966CAF7DAF8EAF9FAFAA9729
:108E400023962CAD3DAD4EAD5FAD23976DA57EA5B0
:108E50008FA598A90E94F8F9E2966CAF7DAF8EAF0E
:108E60009FAFE29723962CAD3DAD4EAD5FAD2397FE
:108E7000C301B2010E94F8F9E6966CAF7DAF8EAFE8
:108E80009FAFE69762968CAD9DADAEADBFAD6297DC
:108E900089879A87AB87BC8766962CAD3DAD4EAD72
:108EA0005FAD66972D873E874F87588B0E9412D102
:108EB0009B01AC0128533F4F4F4F5F4FAE962CAFF5
:108EC0003DAF4EAF5FAFAE970091D5091091D60977
:108ED0002091D7093091D8096091D9097091DA09A8
:108EE0008091DB099091DC090617170728073907DD
:108EF00010F4C901B8010E9463F26A966CAF7DAFAD
:108F00008EAF9FAF6A97E090FD09F090FE09009147
:108F1000FF091091000AA090F909B090FA09C090D9
:108F2000FB09D090FC099501A601B701C8010E9478
:108F300043FB181614F4750186012BAD3CAD4DAD05
:108F40005EADCA01B9010E94C4F26DA37DA71C01E8
:108F50006A962CAD3DAD4EAD5FAD6A972E966CAD69
:108F60007DAD8EAD9FAD2E970E94C4F25B016C016A
:108F70009701A801B701C8010E94C4F27B018C01CE
:108F80009501A6016DA17DA5C1010E9443FB1816A4
:108F90001CF4ADA2BDA616012DA13DA5A101B701EE
:108FA000C8010E945FF287FF03C0EDA2FDA6180171
:108FB00049A05AA06BA07CA039E126963FAF269726
:108FC00041E050E025965FAF4EAF25970E944BB031
:108FD0000E9412D1AE960CAD1DAD2EAD3FADAE9739
:108FE000061B170B280B390B101611061206130659
:108FF0007CF09B01AC0128533F4F4F4F5F4FAE9623
:109000002CAF3DAF4EAF5FAFAE9780E00E940B3A02
:1090100026963FAD2697315026963FAF2697259648
:109020004EAD5FAD2597BA0190E080E00E9463F2FB
:109030002A966CAF7DAF8EAF9FAF2A9726965FAD15
:109040002697552309F45AC19201A301A6966CAD47
:109050007DAD8EAD9FADA6970E94C4F26B017C01E1
:1090600029A53AA54BA55CA5AA966CAD7DAD8EADA4
:109070009FADAA970E94C4F29B01AC01C701B60143
:109080000E941CF97B018C019201A301AA966CAD90
:109090007DAD8EAD9FADAA970E94C4F24B015C01DD
:1090A00029A53AA54BA55CA5A6966CAD7DAD8EAD68
:1090B0009FADA6970E94C4F29B01AC01C501B4010B
:1090C0000E941BF92B013C01C701D80189A79AA76F
:1090D000ABA7BCA79201A3016E966CAD7DAD8EAD22
:1090E0009FAD6E970E941CF969837A838B839C8362
:1090F00029A53AA54BA55CA5A2966CAD7DAD8EAD1C
:109100009FADA2970E941CF96D837E838F83988701
:109110002A962CAD3DAD4EAD5FAD2A97E2966CAD73
:109120007DAD8EAD9FADE2970E94C4F262962CADEC
:109130003DAD4EAD5FAD62970E941CF969877A879D
:109140008B879C872A962CAD3DAD4EAD5FAD2A979F
:10915000E6966CAD7DAD8EAD9FADE6970E94C4F2F4
:1091600066962CAD3DAD4EAD5FAD66970E941CF985
:109170006D877E878F87988BCE0101960E944B90DA
:1091800023962CAD3DAD4EAD5FAD239769A97AA96D
:109190008BA99CA90E94F8F92A962CAD3DAD4EAD45
:1091A0005FAD2A970E94C4F29B01AC0169A97AA91C
:1091B0008BA99CA90E941BF96B017C016A962CADBE
:1091C0003DAD4EAD5FAD6A97CA01B9010E941CF971
:1091D0009B01AC01C701B6010E94C4F27B018C0166
:1091E0002DA13DA5A1010E9443FB18161CF4EDA082
:1091F000FDA48101C701D801898F9A8FAB8FBC8FE5
:109200009E012F5E3F4F4BAD5CAD6DAD7EADCE018F
:1092100001960E94EFC88823D1F02E962CAD3DAD6B
:109220004EAD5FAD2E972D8B3E8B4F8B588F259675
:109230004EAD5FAD25974F5F5F4F25965FAF4EAF49
:1092400025978DA99EA98417950709F0BFCE80E1C7
:10925000E7E2F7E0DE01119601900D928A95E1F7C1
:10926000CE0101960E944B901D8A1E8A1F8A188E7D
:10927000198E1A8E1B8E1C8E9E012F5E3F4F4BAD9A
:109280005CAD6DAD7EADCE0101960E94EFC880E170
:10929000E7E2F7E0A0E2BAE001900D928A95E1F7EB
:1092A000EBCC2DEC3CEC4CEC5DE3C501B4010E9431
:1092B0005FF287FF1FC02DEC3CEC4CEC5DE369A92D
:1092C0007AA98BA99CA90E94F8F90E9491FA4B01F6
:1092D0005C0120E030E040E85FE30E945FF287FF3E
:1092E00006C0812C912C80E8A82E8FE3B82EC501F2
:1092F000B40143CDB101802F9DA13FCD2A962CAD65
:109300003DAD4EAD5FAD2A976FA978AD89AD9AADF1
:109310000E94C4F24B015C010E94F5F96B017C01D3
:10932000C501B4010E947FFB4B015C01A7019601BE
:1093300069A17AA18BA19CA10E94C4F22B013C01DE
:109340002D8D3E8D4F8D58A1C501B4010E94C4F2F0
:109350009B01AC01C301B2010E941CF92B013C012D
:10936000A501940169A17AA18BA19CA10E94C4F2DC
:109370004B015C012D8D3E8D4F8D58A1C701B6016B
:109380000E94C4F29B01AC01C501B4010E941BF90B
:1093900069A77AA78BA79CA789E126968FAF269706
:1093A00099CE20E030E0A901C301B2010E945FF232
:1093B000882309F41FCB1D8E1E8E1F8E18A2A301B9
:1093C0009201505829A33AA34BA35CA38D8D9E8D87
:1093D000AF8DB8A1B05889A79AA7ABA7BCA7A30126
:1093E0009201C301B2010E94C4F26B017C012D8D78
:1093F0003E8D4F8D58A1CA01B9010E94C4F29B0154
:10940000AC01C701B6010E941CF90E9489FB2E968F
:109410006CAF7DAF8EAF9FAF2E978090200A90905B
:10942000210AA090220AB090230AA3019201C5014B
:10943000B4010E941CF96E966CAF7DAF8EAF9FAFEA
:109440006E972091240A3091250A4091260A509166
:10945000270A29AB3AAB4BAB5CAB2D8D3E8D4F8DC4
:1094600058A169A97AA98BA99CA90E941CF9A29666
:109470006CAF7DAF8EAF9FAFA29740902707509003
:1094800028076090290770902A076E962CAD3DAD95
:109490004EAD5FAD6E97C301B2010E941BF96DA383
:1094A0007EA38FA398A7C0902B07D0902C07E090A5
:1094B0002D07F0902E07A2962CAD3DAD4EAD5FADC1
:1094C000A297C701B6010E941BF96DA77EA78FA7BF
:1094D00098ABA3019201C501B4010E941BF94B0195
:1094E0005C012DEB37E346E855EB0E9443FB87FD1B
:1094F000C4CA2DEB37E346E855E3C501B4010E9429
:109500005FF218160CF4B9CAA701960169A97AA9E5
:109510008BA99CA90E941BF96B017C012DEB37E301
:1095200046E855EB0E9443FB87FDA7CA2DEB37E3C6
:1095300046E855E3C701B6010E945FF218160CF425
:109540009CCA28E4222E312C3BED832E3FE0932E43
:1095500039ECA32E30E4B32E9BEDC92E9FE0D92E1B
:1095600099ECE92E90ECF92E111104CB75016401F0
:1095700001CBCF93C82F8091D40983FD0AC00E94EC
:109580007A1B882331F080911D0290911E020E9467
:10959000779984E69FE20E9435A1CC2329F061E00F
:1095A00080E0CF910C9495A980913B0791E08927A9
:1095B00080931609809116098823F1F020E030E0AD
:1095C00040E05FE36091A30D7091A40D8091A50D23
:1095D0009091A60D0E941CF90E9460FA2091A70D9F
:1095E0003091A80D621B730B77FF03C071956195D5
:1095F00071096230710544F4109216098091D40902
:1096000083FF06C081E00FC080E00E940B3AD2CFFA
:109610000E947A1B8823B1F30E949B2B8BE995E073
:109620000E94722B80E0CF910895CF92DF92EF924B
:10963000FF92CF93DF936B017C01D42FC0914A0539
:1096400083E080934A0581E080931F07C114D10411
:10965000E104F10431F00E9412D1C60ED71EE81EBB
:10966000F91E80911F078823C1F0C114D104E104C1
:10967000F10421F48D2F0E940B3AF3CF0E9412D1F6
:10968000A7019601261B370B480B590BDA01C901BC
:10969000181619061A061B066CF310921F07C093C2
:1096A0004A05DF91CF91FF90EF90DF90CF90089522
:1096B00081E00895DC01EC918E2F90E0FC01EE0F2B
:1096C000FF1FE80FF91FE753F24F80818F778083E8
:1096D0000895009719F0019789F00895109290006D
:1096E00082E0809391001092950010929400C19AAC
:1096F0008091710082608093710008951092A000A3
:1097000082E08093A1001092A5001092A40089BB72
:109710008093720008957F928F929F92AF92BF9232
:10972000CF92DF92EF92FF920F931F93CF93DF932D
:109730006C01EB01FC018081883108F0C4C090E02D
:10974000FC01EE0FFF1FE80FF91FE753F24F808176
:109750008F770E94C3C9F6011182128280812CE0AA
:10976000622F0E94E0F8829FB001112430E020E0D7
:10977000AB01420F531FFA01EE0FFF1FE40FF51F5D
:10978000E753F24F908197FD07C02F5F3F4F2C307A
:10979000310571F790E09DDFF6017080E72CF12C28
:1097A0008701000F111FF801EE0DFF1DE753F24F67
:1097B00080818068808377FC86C0C032F2E0DF075A
:1097C0000CF040C0F601828128E532E0281B310907
:1097D00087FD3395220F331F220F331F032E000CFA
:1097E000440B550B818178E8872E912C881A9108BB
:1097F00087FD9394880C991C880C991C092C000CEB
:10980000AA08BB0860E070E0CB01D7FD0AC0BE012A
:10981000C53BD10514F064EB70E0072E000C880BFB
:10982000990B281939094A095B090E947AF824EB37
:1098300030E040E050E00E94ABF8820E931EA41E80
:10984000B51EE401F7E1F71558F1F60122813181E7
:1098500088E890E0831B910937FD9395880F991F45
:10986000880F991FC817D90774F088E592E0821B0A
:10987000910927FD9395880F991F880F991FC81785
:10988000D9070CF4CE012FB7F8940E0D1F1DF80167
:10989000E753F24F0297880F991F928381832FBF5E
:1098A00062E370E080E090E0DF91CF911F910F9133
:1098B000FF90EF90DF90CF90BF90AF909F908F90F0
:1098C0007F900C944638DF91CF911F910F91FF90BC
:1098D000EF90DF90CF90BF90AF909F908F907F9050
:1098E00008950F931F93CF93C82F8B0182E19EE0C1
:1098F0000E948E1BC817B1F06C2F70E082E19EE0D1
:109900000ADFF80160817181828193816737F1E01C
:109910007F078105910520F467E771E080E090E022
:109920000E9446388091000183FB882780F9CF91FF
:109930001F910F910895CF93DF9300D01F92CDB761
:10994000DEB78EEE92E0A0E0B0E089839A83AB832D
:10995000BC83BE016F5F7F4F8AE5C3DF0F900F901E
:109960000F900F90DF91CF910895CF93DF9300D0A8
:109970001F92CDB7DEB78EEE92E0A0E0B0E0898313
:109980009A83AB83BC83BE016F5F7F4F8AE0A9DF00
:109990000F900F900F900F90DF91CF910895CF937C
:1099A000DF9300D01F92CDB7DEB784EF91E0A0E047
:1099B000B0E089839A83AB83BC83BE016F5F7F4F26
:1099C00080EA8FDF0F900F900F900F90DF91CF9173
:1099D0000895CF92DF92EF92FF921F93CF93DF9380
:1099E00000D01F92CDB7DEB78EEEC82E82E0D82E03
:1099F000E12CF12CC982DA82EB82FC82BE016F5F1E
:109A00007F4F8AE56EDF81110EC010E0812F0F902D
:109A10000F900F900F90DF91CF911F91FF90EF90DB
:109A2000DF90CF900895BBDFC982DA82EB82FC829F
:109A3000BE016F5F7F4F8AE554DF182F882329F31B
:109A40000E94CB97E3CFCF92DF92EF92FF921F93CA
:109A5000CF93DF9300D01F92CDB7DEB78EEEC82E26
:109A600082E0D82EE12CF12CC982DA82EB82FC82D2
:109A7000BE016F5F7F4F8AE034DF81110EC010E0BE
:109A8000812F0F900F900F900F90DF91CF911F912A
:109A9000FF90EF90DF90CF90089581DF4CDF65DF7E
:109AA0004ADFC982DA82EB82FC82BE016F5F7F4FA0
:109AB0008AE017DF182F882311F30E94CB97E0CF9D
:109AC0001F920F920FB60F9211240BB60F922F9385
:109AD0003F934F935F936F937F938F939F93AF9336
:109AE000BF93EF93FF9348EA50E064EA70E081E0AF
:109AF00090E00E940023FF91EF91BF91AF919F9161
:109B00008F917F916F915F914F913F912F910F9026
:109B10000BBE0F900FBE0F901F9018951F920F92C3
:109B20000FB60F9211240BB60F922F933F934F93C2
:109B30005F936F937F938F939F93AF93BF93EF93B5
:109B4000FF9348E950E064E970E090E080E00E9413
:109B50000023FF91EF91BF91AF919F918F917F91E2
:109B60006F915F914F913F912F910F900BBE0F908E
:109B70000FBE0F901F90189580913E068823D1F15B
:109B80000FB607FC2DC09091C1068091C2069813B4
:109B900004C08091D00086FD2DC08091D00085FF4B
:109BA0001EC08091C2062091C106821306C080911A
:109BB000D1008F7D8093D10012C0E82FF0E0EF53E9
:109BC000F94F92818F5F8F729093D6008093C20677
:109BD0009091D00090649093D000281741F3D3CF98
:109BE0009091C1068091C206981303C08091D00065
:109BF00086FFF6CF0895CF93DF9300D000D01F9259
:109C00001F92CDB7DEB7FE01339696E0DF011D92BD
:109C10009A95E9F79AE5998395EA9A838C834D831F
:109C20006E8348E0BE016F5F7F4F80EB90E00E9443
:109C30003024A2DF62E370E080E090E00E9478D000
:109C400028960FB6F894DEBF0FBECDBFDF91CF913F
:109C50000895CF93DF9300D000D01F921F92CDB70D
:109C6000DEB7FE01339696E0DF011D929A95E9F783
:109C70009AE5998395EA9A8391E098878C834D833E
:109C80006E8348E0BE016F5F7F4F80EB90E00E94E3
:109C9000302472DF62E370E080E090E00E9478D0D0
:109CA00028960FB6F894DEBF0FBECDBFDF91CF91DF
:109CB000089580913F06909140062FEF3FEF98174F
:109CC00051F0E92FF0E0E15CF94F228130E09F5F35
:109CD0009F7790934006C90108951F920F920FB687
:109CE0000F9211240BB60F922F938F939F93EF93A4
:109CF000FF938091C2062091C106821306C0809115
:109D0000D1008F7D8093D10012C0E82FF0E0EF5397
:109D1000F94F92818F5F8F729093D6008093C20625
:109D20009091D00090649093D000281741F3FF9158
:109D3000EF919F918F912F910F900BBE0F900FBEBF
:109D40000F901F9018951F920F920FB60F9211242B
:109D50000BB60F922F938F939F93EF93FF93909156
:109D6000D60020914006E0913F0681E08E0F8F776C
:109D7000281729F0F0E0E15CF94F9283E82FE09397
:109D80003F06FF91EF919F918F912F910F900BBE06
:109D90000F900FBE0F901F9018951F920F920FB645
:109DA0000F9211240BB60F922F938F939F93EF93E3
:109DB000FF939091CE002091310AE091300A81E02A
:109DC0008E0F8F77281729F0F0E0E05DF54F928332
:109DD000E82FE093300AFF91EF919F918F912F919F
:109DE0000F900BBE0F900FBE0F901F9018951F92F3
:109DF0000F920FB60F9211240F900FBE0F901F906D
:109E000018951F920F920FB60F9211240F900FBE4C
:109E10000F901F9018951F920F920FB60F9211245A
:109E20000BB60F922F938F939F93EF93FF93909185
:109E3000C6002091B30AE091B20A81E08E0F8F77BD
:109E4000281729F0F0E0EE54F54F9283E82FE093C5
:109E5000B20AFF91EF919F918F912F910F900BBEBE
:109E60000F900FBE0F901F9018958EBD0DB407FE7A
:109E7000FDCF08958FEF8EBD0DB407FEFDCF8EB5DB
:109E80000895909164009B7F90936400982F906A4E
:109E900096959CBD80FD03C091E0863009F490E06A
:109EA0009DBD08950F931F93CF93DF93CDB7DEB77A
:109EB0006B970FB6F894DEBF0FBECDBFFB010181DB
:109EC00010E080911C0790911D07800F911F0E9448
:109ED0001EDC882309F457C08091860D85FF66C07B
:109EE00010921D0710921C078FEF9FEF90930F02A7
:109EF00080930E028091340B07E719E0882311F05C
:109F000004E31BE019821C828091B71569E975E1B1
:109F1000882311F064EB75E121E0A801CE010196E0
:109F20000E943EAB8823D1F18BE1FE013196A4EB78
:109F3000B5E101900D928A95E1F78091860D8F7BB6
:109F40008093860DA0917B0DAA3080F481E08A0F6A
:109F500080937B0D8BE18A9FD0011124A153BA4ECF
:109F6000E4EBF5E101900D928A95E1F78FEF9FEF19
:109F70009093270280932602CE0101960E94DC274F
:109F800081E0809321076B960FB6F894DEBF0FBE79
:109F9000CDBFDF91CF911F910F9108950E949B2B10
:109FA000B80181ED98E10E947FDFE6CF80911C0728
:109FB00090911D07080F191F10930F0200930E02B6
:109FC000DFCFFB0181818F3F91F0882341F08E3FED
:109FD000F9F446E060E070E0CB010E944E9A0E94E6
:109FE000B19960E070E0CB010E94859906C046E01F
:109FF00060E070E0CB010E944E9A40E355E760E0DC
:10A0000070E087E199E10E94299B81E0809321071C
:10A010000895CF93DF93FB01C081D181DC27CD2749
:10A02000DC27FC01808191818131F0E29F0731F0D2
:10A030008231904281F0DF91CF910895BE01DD0F12
:10A04000880B990B0E9465F246E00E944E9A81E0CF
:10A0500080932107F0CF0E94B199BE01DD0F880BDC
:10A06000990B0E9465F20E948599F1CFFB018181D5
:10A07000823091F0833019F18130E9F40E94B19976
:10A0800060E070E088E493E40E94859946E060E037
:10A0900070E080E792E40DC00E94B19960E070E04A
:10A0A00080E793E40E94859946E060E070E080EAF2
:10A0B00092E40E944E9A81E08093210708950E94C5
:10A0C000B19960E070E080E793E4DECF2F923F9299
:10A0D0004F925F926F927F928F929F92AF92BF92B8
:10A0E000CF92DF92EF92FF920F931F93CF93DF9364
:10A0F000CDB7DEB762970FB6F894DEBF0FBECDBF07
:10A100000E94BA3687FDD4C38EED9FE20E9435A12E
:10A1100085E40E942A1B812C912CA12C30E4B32EC3
:10A12000882379F00E9403214B015C0120E030E09C
:10A13000A9010E9443FB87FF04C0B7FAB094B7F8A7
:10A14000B0948CE0EDEEF3E0DE01119601900D92FB
:10A150008A95E1F788E50E942A1B882351F040E0A8
:10A1600050E0BA0188E50E94312169837A838B83AC
:10A170009C8389E50E942A1B882351F040E050E02F
:10A18000BA0189E50E9431216D837E838F83988790
:10A190008AE50E942A1B882351F040E050E0BA0172
:10A1A0008AE50E94312169877A878B879C87C090D6
:10A1B0005107D0905207E0905307F090540785E57F
:10A1C0000E942A1B882321F00E9403216B017C013D
:10A1D00020E030E0A901C701B6010E9443FB87FFE0
:10A1E00004C0F7FAF094F7F8F0946AE070E082E4C3
:10A1F0000E94F62080916A0D81115AC361E086EDBC
:10A2000098E00E94D92E4CED5BE163EF78E085E0A9
:10A210000E9412CB10916A0D81E0810F80936A0D2C
:10A220000E94C7388E87882341F08091860D8B7FEE
:10A230008093860D1E5F10936A0D0E94769780E1D1
:10A24000E0E2FAE0A1E3B5E001900D928A95E1F732
:10A2500087E00E94BA8F8D87811157C129852F878A
:10A260008A85888B2B85298B8C858A8B2090280A60
:10A270003090290A40902A0A50902B0A20E030E0C2
:10A2800040E251E4C201B1010E941CF93B018C0182
:10A2900020E030E048EC53E40E9443FB181624F41D
:10A2A000612C712C08EC13E49301A8016F85788967
:10A2B00089899A890E9443FB181624F46F84788850
:10A2C00009891A89A2019101B301C8010E941BF9F1
:10A2D0002E85222351F020914C07222331F041E0BA
:10A2E0002D85211140E00E941C220E94948420E0D0
:10A2F00030E0A901C501B4010E945FF2882369F032
:10A300000E94FF83811109C0C501B401905820E06B
:10A3100030E040E752E40E947F928D858111E1C2D6
:10A32000BE016F5F7F4F0E94F49720E030E0A901EB
:10A33000C701B6010E945FF2882309F451C062E0B0
:10A3400080E017D9882309F44BC080ED9FE20E947A
:10A3500035A120E030E040E752E460E070E080E5C5
:10A3600091EC0E947F9268E873E180E090E00E94A7
:10A37000463820E030E048EC51E460E070E088EAE4
:10A3800091E40E947F9280900D0A90900E0AA09016
:10A390000F0AB090100A80E090E0A8ECB1E480933E
:10A3A0000D0A90930E0AA0930F0AB093100AC701EA
:10A3B000B601905820E030E040E251E40E947F92E4
:10A3C00080920D0A90920E0AA0920F0AB092100A83
:10A3D0000E94108264E670E080E090E00E944638BF
:10A3E0000E94108264E670E080E090E00E944638AF
:10A3F00060E083E00E94DCCA0E949B2B89EF98E01A
:10A400000E94722B0E9412D1685370458F4F9F4F4C
:10A410006093C8077093C9078093CA079093CB07CE
:10A420001092CC0710914A0583E080934A0587E695
:10A4300099E00E94552F87E699E00E9435A181E0BE
:10A4400080931F0780911F07882309F463C08091C0
:10A45000CC07882309F455C081E79FE20E9435A10B
:10A460000E949B2B8AE499E00E94722B40E06BE3F0
:10A4700079E082E00E94302F84E399E00E940C2F63
:10A480000E94282F8BE399E00E9435A141E060E013
:10A4900070E0CB01CAD840E067E279E085E00E9435
:10A4A000302F0E94282F87E299E00E9488C70E94DF
:10A4B000B19960E080E05DD860E083E00E94DCCA92
:10A4C0000E949B2B89EF98E00E94722B0E9412D170
:10A4D000685370458F4F9F4F6093C8077093C907AB
:10A4E0008093CA079093CB071092CC078BE199E039
:10A4F0000E94552F8BE199E00E9435A181E0809365
:10A500001F0781E00E940B3A9DCF60E070E080E081
:10A5100090E4DECE10934A0570E060E082E50E9490
:10A52000F6208C01C0904D07D0904E07E0904F0769
:10A53000F09050078CE40E942A1B882321F00E948F
:10A5400003216B017C0120E030E0A901C701B601C5
:10A550000E9443FB87FF04C0F7FAF094F7F8F094E9
:10A5600080916A0D882309F4A3C1B090CC070E94A2
:10A57000B1998091A70D9091A80D801791071CF4B7
:10A58000C8010E94779960E080E00E94B94A882360
:10A5900009F4A5C0BB2061F189EA9FE20E9435A1C0
:10A5A0000E949B2B82EB99E00E94722BB0904A058F
:10A5B00083E080934A0581E080931F0784EA99E055
:10A5C0000E9435A140E364E979E082E00E94302FE7
:10A5D0008EEA9AE00E940C2F0E94282F80911F077C
:10A5E000882321F081E00E940B3AF8CFB0924A050F
:10A5F0008CE99FE20E9435A120E030E0A901C7016B
:10A60000B6010E945FF2882321F180900D0A90909C
:10A610000E0AA0900F0AB090100A80E090E0A8EC1B
:10A62000B1E480930D0A90930E0AA0930F0AB093A1
:10A63000100A20E030E040EC50E4C701B6010E946F
:10A640007F9280920D0A90920E0AA0920F0AB09209
:10A65000100A23E0D22E8FE89FE20E9435A120E06D
:10A6600030E040E450E460E070E088E492E40E946E
:10A670007F928091430595E7E92E99E0F92E8111AB
:10A6800004C08EEAE82E8AE0F82E40E06DE879E01A
:10A6900081E00E94302F83E899E00E940C2FC701CF
:10A6A0000E940C2F0E94282FF0904A05D0924A0554
:10A6B00010921F071092440584E59FE20E9435A185
:10A6C00080914405811104C081E00E940B3AF8CFCB
:10A6D000F0924A05813009F4BECF0E942C2F10164B
:10A6E00011063CF4C8010E94779960E080E00E9466
:10A6F00095A981E89FE20E9435A160E081E00E9477
:10A70000B94A20E030E040E752E460E070E080E0E9
:10A7100090EC0E947F9287E00E94BA8F81115CC00A
:10A7200080912C0A90912D0AA0912E0AB0912F0AA7
:10A730004091280A5091290A60912A0A70912B0AA7
:10A740000091350510913605209137053091380577
:10A75000C0903105D0903205E0903305F09034057B
:10A76000C0922707D0922807E0922907F0922A0783
:10A7700000932B0710932C0720932D0730932E075F
:10A7800040932F075093300760933107709332073F
:10A790008093330790933407A0933507B09336071F
:10A7A00060E070E088EC92E40E940DB6809139057B
:10A7B00090913A05A0913B05B0913C0580932F07FD
:10A7C00090933007A0933107B093320760E070E0B8
:10A7D00080EA90E40E940DB620E030E040E752E4C9
:10A7E00060E070E080E090E40E947F92C0903D05C0
:10A7F000D0903E05E0903F05F090400520E030E02D
:10A80000A901C701B6010E945FF287FF08C020E0DE
:10A8100030E040E752E4C701B6010E947F92809188
:10A820003D0590913E05A0913F05B0914005809374
:10A830002C0A90932D0AA0932E0AB0932F0A80938E
:10A84000330790933407A0933507B09336070E94DF
:10A85000B69261E084ED99E00E94D92E80916A0D54
:10A86000815080936A0D4CED5BE16CED79E085E001
:10A870000E9412CB80918409823011F40E9451977A
:10A8800080916A0D882381F0815080936A0D0E9427
:10A89000E0D280914C07882339F040E060E070E01E
:10A8A00080E090E40E941C220E94EC360E948CCA38
:10A8B00062960FB6F894DEBF0FBECDBFDF91CF9189
:10A8C0001F910F91FF90EF90DF90CF90BF90AF90CE
:10A8D0009F908F907F906F905F904F903F902F90C0
:10A8E00008958DED98E00E9488C71FCD2F923F926A
:10A8F0004F925F926F927F928F929F92AF92BF9290
:10A90000CF92DF92EF92FF920F931F93CF93DF933B
:10A91000CDB7DEB7E1970FB6F894DEBF0FBECDBF5F
:10A9200089AB20914A0528AB11E010934A0580912C
:10A930006A058D3409F4FCC2843509F443C08734B8
:10A94000E9F420916805309169052B31310509F44E
:10A9500081C0B8F42430310558F42230310580F13B
:10A9600081E02230310509F080E00E94C3432AC013
:10A970002430310579F12531310521F10E9472DE53
:10A9800021C02A32310509F44EC160F42D31310560
:10A9900009F417C108F481C02E31310579F70E94FE
:10A9A000976910C02B35310509F41BC22C353105D0
:10A9B00009F41BC22A35310509F71092BD1402C0F3
:10A9C0000E94E53989A981110C94675D0E94B1CA82
:10A9D0000C94675D80E50E942A1BC12CD12C760166
:10A9E000882321F00E9497206B017C0183E50E945F
:10A9F0002A1B882361F00E94032120E030E04AE70F
:10AA000054E40E94C4F20E9465FA6B017C010E942A
:10AA10009484C114D104E104F104A1F280917C1466
:10AA2000811104C08DE39AE00E9488C70E9412D170
:10AA30004B015C010E9412D1681979098A099B09AE
:10AA40006C157D058E059F0508F0BCCF80E00E9447
:10AA50000B3AF0CF87E00E94E2AD8111B3CF70E0F6
:10AA600060E080E50E94F6208530910578F49CE056
:10AA7000E9EFF3E0DE01119601900D929A95E1F76E
:10AA8000BE016F5F7F4F0E94F4979CCF66E47AE02F
:10AA90008EE59AE00E94B62E95CF87E00E94BA8F8D
:10AAA000811111C08091390690913A06A0913B0620
:10AAB000B0913C064EE0B695A795979587954A9537
:10AAC000D1F780FD7FCF0E9494840E9412D16093C1
:10AAD0006B0970936C0980936D0990936E091092C5
:10AAE000360280E00E943F280E940C9181E0809312
:10AAF00008090E94E494C0903906D0903A06E0908C
:10AB00003B06F0903C0639E1F694E794D794C7945D
:10AB10003A95D1F7C0FE0DC081E00E94BA8F182F80
:10AB200082E00E94BA8F11110C940F6911E081111B
:10AB300001C010E08091390690913A06A0913B0641
:10AB4000B0913C0627E1B695A795979587952A95EC
:10AB5000D1F780FF02C00C940368112311F40C9408
:10AB60000668012F10E08C2D8170982E0C941668C9
:10AB700041E060E070E080E890E40C9400698AE7CE
:10AB80009AE00E9488C70E949B2B88E69AE00E9468
:10AB9000722B0E940D9380910709809308099920D8
:10ABA00049F040915E0921E060E070E080E890E4C7
:10ABB0000E9414920E94F3900E94689303CF982EF3
:10ABC000E8CF0E9412D160936B0970936C09809357
:10ABD0006D0990936E0980918D0981111DC080913E
:10ABE000390690913A06A0913B06B0913C06FDE0F3
:10ABF000B695A79597958795FA95D1F780FF04C0EC
:10AC00008BE89AE00E94416987E00E94E2AD8111E1
:10AC1000D9CE0E94CF6AD6CE60E08FE40E94E120B8
:10AC20008823E9F2CFCE80915909833008F4CACE47
:10AC300089E40E942A1BE82E00E0882319F00E9474
:10AC4000F320082F8AE40E942A1BF82E10E08823A4
:10AC500019F00E94F320182FEE2011F0053020F497
:10AC6000FF2039F0153028F08FE89AE00E94722B0F
:10AC7000A9CE80E1E0E2FAE0A7E2B7E001900D9210
:10AC80008A95E1F7EE2011F1602F70E090E080E00E
:10AC90000E9465F220914407309145074091460794
:10ACA000509147070E94C4F220913C0730913D0724
:10ACB00040913E0750913F070E941CF9609327077F
:10ACC000709328078093290790932A07FF2011F19A
:10ACD000612F70E090E080E00E9465F220914807CB
:10ACE0003091490740914A0750914B070E94C4F2A6
:10ACF000209140073091410740914207509143070E
:10AD00000E941CF960932B0770932C0780932D07EA
:10AD100090932E078091390690913A06A0913B06B8
:10AD2000B0913C06EFE0B695A79597958795EA9583
:10AD3000D1F780FF38C0EE20D1F0E091210EF091E4
:10AD4000220E2081318142815381609127077091C9
:10AD500028078091290790912A070E941BF9609388
:10AD60002707709328078093290790932A07FF20CD
:10AD7000D1F0E091210EF091220E2481358146819F
:10AD8000578160912B0770912C0780912D0790912E
:10AD90002E070E941BF960932B0770932C0780935A
:10ADA0002D0790932E0740E050E0BA0186E40E9400
:10ADB00031216B017C0120E030E0A9010E9443FBBE
:10ADC00018165CF420E030E040E752E4C701B60119
:10ADD0000E94F8F90E940DB6F5CD60E070E0CB015D
:10ADE000F9CF8FE08093BD14EDCD80916705882366
:10ADF00081F1893009F0E6CD65E0A62E64E0B62E3B
:10AE000070E2C72E7AE0D72EE12C10E000E0D501E9
:10AE10008D915D010E942A1BF82E882361F003307A
:10AE200011F0E82EF12E0E940321F6016083718358
:10AE3000828393831F2D0F5FF4E0CF0ED11C04306B
:10AE400031F7EE2009F464C00E940D930E946893CC
:10AE5000B9CD85E094E099A788A74FE5642E49E035
:10AE6000742E50E2452E5AE0552E10E000E0A8A5C1
:10AE7000B9A58D91B9A7A8A70E942A1B382E8823AF
:10AE8000E9F10E9403216B017C01033049F0F301D9
:10AE900020813181428153810E941BF96B017C0129
:10AEA000D2012D913D914D915C91C701B6010E9457
:10AEB0001BF94B015C012DEB37E346E855EB0E9493
:10AEC00043FB87FD0AC02DEB37E346E855E3C50198
:10AED000B4010E945FF218168CF40330F9F0A5015A
:10AEE0009401F30160817181828193810E941CF938
:10AEF000D3016D937D938D939C9313970F5FB4E073
:10AF00006B0E711CE4E04E0E511C043009F0AFCF03
:10AF1000112309F49BCF0E94B69298CFC0922C0ABD
:10AF2000D0922D0AE0922E0AF0922F0A132DE6CF2E
:10AF300080916805909169058837910511F40C940A
:10AF40002F6008F0D2C18135910509F403C708F0DC
:10AF50003DC18931910509F4C3C408F0E3C08431CF
:10AF6000910509F45CC408F084C08131910509F4AD
:10AF700019C408F058C0029708F000CD80E50E947F
:10AF80002A1BC12CD12C7601882321F00E94972006
:10AF90006B017C0183E50E942A1B882361F00E94DB
:10AFA000032120E030E04AE754E40E94C4F20E940A
:10AFB00065FA6B017C010E949484809165059091F3
:10AFC0006605009709F4DBC30E94F6A000916505B1
:10AFD000109166050115110509F4D6C30E942C2FA6
:10AFE00082E08093710960E088EA9AE00E94F22E84
:10AFF000B09079158FEF8093791580E20E949520AB
:10B00000C8010E9418280E949E2BB09279158EEAE2
:10B010009AE00E940C2F0E94282F40E0C701B60141
:10B020000E94154BCFCC429709F0A8CC83E50E9433
:10B030002A1B882309F4B4C60E9412D160936B09BD
:10B0400070936C0980936D0990936E090E9403219F
:10B0500020E030E04AE754E40E94C4F20E9465FA1E
:10B06000609302027093030280930402909305029E
:10B07000A9CC8631910509F404C408F4FFC38731D3
:10B08000910509F41BC4489709F078CC0E94B19946
:10B0900061E080E00E9495A983E50E942A1B882335
:10B0A00021F00E94A7200E94032084E50E942A1B11
:10B0B0008823A9F00E94A7206B017C010E9436978B
:10B0C000C0922207D0922307E0922407F09225072E
:10B0D000CD28CE28CF2819F081E0809384090E94E2
:10B0E0006A38882381F00E94E0D20E94B53885E05A
:10B0F00095E10E9489D210925F0B1092600B109222
:10B10000610B1092620B61E08CE099E10E94D92EF4
:10B110004CED5BE16FE17BE085E00E9412CB0E9489
:10B120008CCA50CC8E31910509F483C498F48B31CC
:10B13000910509F419C408F408C48C31910509F487
:10B1400070C44D9709F01ACC8091860D8E7F809344
:10B15000860D38CC8B34910509F499C460F58F3194
:10B16000910509F476C4809709F008CC0E94C7388D
:10B1700081110E9494848091860D84FF23CC60E02D
:10B1800080E50E94E120182F682F8091650590913D
:10B1900066050E9480DE83E50E942A1B882321F039
:10B1A0000E94A7200E9403200E94E0D211110ACC25
:10B1B0000E94B53807CC8C34910509F46CC48D34E9
:10B1C000910509F0DBCB0E949297FCCB8C36910560
:10B1D00009F433C508F054C08C35910509F430C624
:10B1E00088F58335910509F4D3C508F4C9C58435BC
:10B1F000910509F41BCF8535910509F0BFCB83E597
:10B200000E94DC1A882309F4FDC50E9412D16093C4
:10B210006B0970936C0980936D0990936E090E947D
:10B22000032120E030E04AE754E40E94C4F20E9487
:10B2300065FA6093450570934605809347059093A2
:10B240004805C0CB8936910509F433C440F48836EB
:10B25000910509F093CB80E00E941537B3CB8A3675
:10B26000910509F450C48B36910509F087CB60E055
:10B2700080E50E94C8208111A5CB10927A14A2CB40
:10B280008137910509F419C5A8F48E36910509F4A2
:10B290005CC408F409C48F36910509F48BC4803767
:10B2A000910509F06BCB41E070E060E089EA9BE03A
:10B2B0000E94C7378537910509F46AC658F482376A
:10B2C000910509F45DC68337910509F057CB0E94BB
:10B2D000E22B78CB8637910509F46EC68737910546
:10B2E00009F04CCB0E9493946DCB8239F1E09F071B
:10B2F00011F40C94356408F0F0C08E3C910511F403
:10B300000C94AF6108F055C0883C910509F4AFC6B4
:10B31000E0F48C38910509F4F1C458F489379105AB
:10B3200009F02CCB10920809109207090E94E494AE
:10B3300049CB8B39910509F4E6C48E3B910509F0A0
:10B340001DCB81E00E944F403DCB8B3C910509F421
:10B35000F7C6B0F4893C910509F010CB809139060D
:10B3600084FDC3C680913B06887809F0BEC68091F3
:10B370003C06837009F0B9C681E00E94592E22CBA9
:10B380008C3C910509F410C78D3C910509F0F6CA73
:10B390008091390690913A06A0913B06B0913C0607
:10B3A000892B8A2B8B2B09F054C781E00E94C82D72
:10B3B00009CB8232A1E09A0711F40C94326308F0B1
:10B3C0003EC08C3D910511F40C94926278F4833D5B
:10B3D000910509F0D3CA83E50E94DC1A882309F499
:10B3E000EFC70E94D22080933502ECCA8D3D9105B3
:10B3F00011F40C94D8628831914009F0BFCA80E5FD
:10B400000E942A1B882309F4DDCA0E94F3208C01C4
:10B41000892B11F00C94256383E50E942A1B882355
:10B4200011F40C940D630E94F32097FF02C00C945A
:10B430000763BC0182E19EE00E948B4BC3CA8F323E
:10B44000F1E09F0711F40C942D6480F58D32A1E09A
:10B450009A0711F40C94B8638E32914009F08ECAA9
:10B4600083E50E94DC1A182F882331F00E94F32014
:10B4700090931E0280931D0280E50E94DC1A8111C8
:10B4800004C0112311F40C94096420911D02309121
:10B490001E02232B11F40C940364882311F40C94E2
:10B4A00006640E94D22080933B078CCA8039E1E079
:10B4B0009E0711F40C9431648139914009F05ECA01
:10B4C00060E082E50E94E12090915E099111BECC7E
:10B4D000682F81E00E94F394B9CC873F21E0920766
:10B4E00011F40C940C6608F0B9C0853AB1E09B07E2
:10B4F00011F40C94DE64D8F48C39F1E09F0711F458
:10B500000C943F6438F48A39914009F037CA0E949C
:10B510004B9358CA8D39B1E09B0711F40C949E6788
:10B52000843A914009F02ACA0E94D3344BCA843F1E
:10B53000F1E09F0711F40C94046608F082C08C3A85
:10B54000A1E09A0711F40C945965863E914009F0E8
:10B5500015CA84E50E94DC1A8823A1F01092D00954
:10B560001092D1091092D2091092D3091092CE09EB
:10B570008FEF0E94782161E070E084E50E94F62060
:10B580008093CE0983E50E942A1B882321F00E9424
:10B59000F3200E9478218091390690913A06A0917B
:10B5A0003B06B0913C0662E0B695A79597958795C6
:10B5B0006A95D1F780FF06C08091CF09803210F4E0
:10B5C0000E9436E180E50E942A1B882331F00E9408
:10B5D000F320803210F40E9436E185E50E942A1B98
:10B5E000882309F4EFC90E94F320803208F0EAC9E9
:10B5F00041E050E0082E02C0440F551F0A94E2F7C4
:10B6000040955095052E000C660B770B0091D009E4
:10B610001091D1092091D2093091D30940235123AF
:10B62000622373234093D0095093D1096093D209C8
:10B630007093D3099091CF098913C4C91092CD0991
:10B64000C1C9853FE1E09E0711F40C940866863F6E
:10B65000914009F093C90E945B9BB4C9833523E0F4
:10B66000920711F40C949D66A8F58C30B2E09B070C
:10B6700011F40C941566A0F4883F914009F07EC93E
:10B6800081E08093BE070E9488A31092BE078111BB
:10B6900099C90E949B2B8FE79DE00E94722B92C953
:10B6A000883522E0920711F40C9419668B3592408C
:10B6B00009F064C980913A0683FF02C00C941D66AC
:10B6C00080913B06887111F00C941D6681E00E9408
:10B6D000352D78C9873EB3E09B0711F40C9485673C
:10B6E000B0F48C36F3E09F0709F4ADC2803A934082
:10B6F00009F044C920916505309166059091860D49
:10B7000092609093860DC9010E948BDF5BC9883ED1
:10B71000A3E09A0711F40C94BE67893E934009F0A8
:10B720002DC90E9494848091860D877F8B7F8093A2
:10B73000860D80917C0D81110C94FC670E94AC27D2
:10B740000E94CF966D3371058105910520F084EF3D
:10B750009DE00E94416980EF9DE00E944169109147
:10B7600079158FEF809379158CED9DE00E94722BF7
:10B770001093791588ED9DE00E94416923C987ECFB
:10B780009AE00E9435A122CC8091680590916905CC
:10B79000892B29F08FEB9AE00E94552F3ECC87EB46
:10B7A0009AE0FACF0E94CB1A882391F185E40E9497
:10B7B000DC1A882361F08091410590914205892B24
:10B7C00021F00E94F320811102C00E94188235E00E
:10B7D000E32E34E0F32E10E0F70121917F01215494
:10B7E0008091390690913A06A0913B06B0913C06B3
:10B7F00004C0B695A795979587952A95D2F780FFAF
:10B8000003C0812F0E9452821F5F133029F7DAC8CC
:10B810008AED9AE00E9488C70E947382D3C8809103
:10B82000860D84FF24C082EF9AE00E94722B8091E3
:10B83000860D84FF17C089E995E10E94347F8BE172
:10B84000E9E9F5E1DE01119601900D928A95E1F7A3
:10B8500070E060E0CE0101960E9460E0CE010196AA
:10B860000E94DC2783EE9AE00E94722BABC80E94F4
:10B870009B2B83E09BE00E94722BA4C80E9473DB89
:10B88000A1C80E94C73881119DC88091860D84FF90
:10B8900099C80E94D0D28091860D8F7E806480935B
:10B8A000860D8FEF9FEF90932702809326020E94D0
:10B8B0009B2B8DE09BE00E94722B84C880916505D4
:10B8C00090916605FC012191222331F02032D9F7B5
:10B8D000DF0111971C92F7CF60E00E9480DE72C8F2
:10B8E0000E94C738882329F08091860D8B7F809332
:10B8F000860D80914C07882339F040E060E070E0CD
:10B9000080E090E40E941C220E9476970E948CCADC
:10B910004BE25BE062E37BE084E00E9412CB61E0FB
:10B9200084E89BE00E94D92E0E9412D16853704592
:10B930008F4F9F4F6093C8077093C9078093CA07C2
:10B940009093CB071092CC073DC88091860D84FF61
:10B9500039C883E50E942A1B882309F433C80E9452
:10B96000A7200E9403202EC88091390690913A06A4
:10B97000A0913B06B0913C0622E0B695A79597951D
:10B9800087952A95D1F780FF1BC085E49BE00E9434
:10B99000722B8091E016882371F0BE016F5F7F4F9C
:10B9A0008DED96E10E94007ECE0101960E9418283E
:10B9B0000E949E2B07C88BE39BE00E94722BF8CF5E
:10B9C0000E94C738811104C00E947838882319F179
:10B9D000C0907E0DD0907F0DE090800DF090810D95
:10B9E0008090820D9090830DA090840DB090850D75
:10B9F00085E69BE00E94722BC501B4010E949A2744
:10BA00008FE20E94BEC5C701B6010E949A270E941C
:10BA10009E2B0C94E25484E59BE00E94722B0C94C4
:10BA2000E25480916505909166050E948BDF0C942D
:10BA3000E2548091860D84FD02C00C94E2540E9471
:10BA4000CBD680916505909166050E94FDDF0C9430
:10BA5000E2540E94CF966C8F7D8F8E8F9F8FBE0198
:10BA60006F5F7F4FCE014C960E94342540E061E02D
:10BA7000CE0101960E94EB980E949B2BBE016F5F46
:10BA80007F4F87E79BE00E947FDF0C94E2540E9487
:10BA9000B5380C94E2540E94769761E084E89BE00C
:10BAA0000E94D92E0C94E25481E00E9415370C9428
:10BAB000E2540E94BA36182F87FD09C08AE89BE03D
:10BAC0000E94722B812F0E94CAA80E949E2B98A9C7
:10BAD00090934A05E1960FB6F894DEBF0FBECDBF36
:10BAE000DF91CF911F910F91FF90EF90DF90CF905A
:10BAF000BF90AF909F908F907F906F905F904F908E
:10BB00003F902F90089560E080E50E94C820811149
:10BB10000C94E2548091390660917A14062F80FDCE
:10BB200002C00FEF10E083E50E942A1B882349F032
:10BB30000E9497208B016F3F710519F010F00FEFF5
:10BB400010E000937A140C94E2548EE40E942A1BB5
:10BB50008823B9F00E94A720E0915A0222E6E29FD2
:10BB6000F0011124E354FD4FE081A7E6EA02F00161
:10BB70001124E559FA4F60837183828393830C9477
:10BB8000E254E0915A02B2E6EB9FF0011124E35433
:10BB9000FD4FE08127E6E202F0011124E559FA4F5A
:10BBA00040815181628173818DE89BE00E949A2CD3
:10BBB0000C94E25483E50E942A1B882321F00E9402
:10BBC000B7208093D4090E949B2B82EA9BE00E94BD
:10BBD000722B8091D409882369F108E9E02E0BE0EB
:10BBE000F02E10E000E020E0F701C590D490C114E1
:10BBF000D104B9F08091D40990E0002E02C095954F
:10BC000087950A94E2F780FF0CC0BB24B394B20E70
:10BC1000222319F08CE20E949520C6010E94722B0B
:10BC20002B2D0F5F1F4F82E0E80EF11C0530110530
:10BC3000D9F6BECE84E99BE0C0CE109216091092D0
:10BC40001F070C94E25483E50E942A1B882311F4F9
:10BC50000C94E2540E94B7209091710910927109DE
:10BC60009230F9F0943009F1913011F00C94E254D3
:10BC7000882399F0813011F00C94E25482E0809393
:10BC8000440580914305882311F40C94E2541092EA
:10BC900020020E94EC360C94E254909344050C94DC
:10BCA000E25410921F070C94E25483E199E19093BF
:10BCB0001809809317090C94E25483E50E942A1B0B
:10BCC000882369F00E94B7208D3320F4809301020D
:10BCD0000C94E2548CE3809301020C94E2540E9491
:10BCE0009B2B1091010287EB9BE00E94722B812F0E
:10BCF0000E9424280E949E2B0C94E25480E00E9413
:10BD00004F400C94E25483E50E942A1B882311F4CF
:10BD10000C94E2540E94B720182F8C3308F08CE367
:10BD200080938B0D0E9412D16B017C01212F30E09A
:10BD3000A8EEB3E00E94D1F8C60ED71EE81EF91E89
:10BD4000C092870DD092880DE092890DF0928A0DF5
:10BD50000C94E2540E94568610927A140E949580A8
:10BD60000E9492970E94AC2768EE73E080E090E01A
:10BD70000E9446388EEB9BE00E9488C70C94E254E8
:10BD80008091BD148F7D80618093BD140C94E2542A
:10BD90008091BD148F7E80628093BD140C94E25418
:10BDA0000E94CB1A882351F10E94948485E40E945A
:10BDB000DC1A81110E94108215E0E12E14E0F12EB0
:10BDC00010E0D7012D917D01215480913906909189
:10BDD0003A06A0913B06B0913C0604C0B695A795E3
:10BDE000979587952A95D2F780FF03C0812F0E94EF
:10BDF0001F821F5F133029F70C94E2540E9456866D
:10BE00000C94E25460914505709146058091470578
:10BE10009091480528EE33E040E050E00E9489F818
:10BE200069017A018CED9BE00E94722BC701B6017B
:10BE30000E949A2787ED9BE00E94722B0C94E2549B
:10BE40000E94BA3687FF02C00C94E25480913906F2
:10BE500084FD09C080913B0687FD05C080913C06AA
:10BE6000837009F488C0A5E0CA2EA4E0DA2EB5EDEF
:10BE7000EB2EB9E0FB2E10E0F60181916F010E94DC
:10BE80002A1B882359F0133099F00E940321D7010F
:10BE900054966D937D938D939C9357971F5FB4E059
:10BEA000EB0EF11C143041F70E9471840C94E254A3
:10BEB0000E9403214B015C0120E030E040EA51E4A4
:10BEC0000E945FF287FF4EC0A50194016091F509C1
:10BED0007091F6098091F7099091F8090E94F8F99C
:10BEE0002B013C01AC019B016091A3097091A40955
:10BEF0008091A5099091A6090E94C4F26093A309BC
:10BF00007093A4098093A5099093A609A3019201B7
:10BF10006091050A7091060A8091070A9091080ABB
:10BF20000E94C4F26093050A7093060A8093070A80
:10BF30009093080A6091B3097091B4098091B50992
:10BF40009091B6090E9463F2A30192010E94C4F28B
:10BF50000E9465FA6093B3097093B4098093B509A0
:10BF60009093B6098092F5099092F609A092F7098C
:10BF7000B092F80993CF81E00E94EEC90C94E2548C
:10BF80000E9406C887E39EE00E944C810C94E25414
:10BF90008091650590916605009751F0FC01208124
:10BFA000222331F040E061E00E94EB980C94E254CF
:10BFB0000E948CCA0C94E2540091650510916605AC
:10BFC00024E08FEFF12C30E0215009F1D8019C9151
:10BFD000492F4B7F4134A1F411964C914133B9F470
:10BFE0009134B1F1953409F431E0A8014E5F5F4F0F
:10BFF0008A014F5F5F4FD8019C919032C9F3E4CF23
:10C00000903529F4F801918190539A30F8F0E0903E
:10C010007915833000F5882301F19FEF980F81E0B7
:10C0200001C0880F9A95EAF78093791531110E9423
:10C030009B2BFF2021F080EF9BE00E94722BC80118
:10C040000E948927E09279150C94E254892FCDCF74
:10C05000FF24F394CACF8E2DE7CF8FEFE5CF109357
:10C060000809109307090E94E4940C94E25480910B
:10C07000390683FD09C080913B068C7029F481E06C
:10C080000E94902E0C94E2540E94BA36182F87FF1B
:10C0900002C00C94E2540091590784E40E942A1BC8
:10C0A000F82E8823B1F00E9403214B015C0120E0AF
:10C0B00030E0A9010E945FF28823A9F0B4E01B02DE
:10C0C000F0011124EB5AF84F80829182A282B38250
:10C0D0000F2D602F83E50E94E120809359070E9475
:10C0E00031870C94E25480E0F8CF0E94BA3687FF83
:10C0F00002C00C94E25405E014E0E5EDEE2EE9E018
:10C10000FE2EF9E0CF2EF4E0DF2EF80181918F01B1
:10C110000E942A1B882361F00E9403210E9465FA75
:10C12000D7016D937D938D939C9313970E942384E5
:10C13000B4E0EB0EF11CC016D10639F70C94E254B2
:10C140008091390684FD0DC080913B06887849F4C2
:10C1500080913C06837029F481E00E94322E0C9479
:10C16000E2540E94BA3687FF02C00C94E25475E094
:10C17000E72E74E0F72E10E000E0F70181917F01D7
:10C180000E942A1B882349F00E940321F801EB52E8
:10C19000F64F64A375A386A397A30C5F1F4F0031CE
:10C1A000110559F70C94E25480913A0687FD09C0B5
:10C1B00080913B068E7029F481E00E94132E0C942E
:10C1C000E25483E50E942A1B882391F00E940321F8
:10C1D0006093090A70930A0A80930B0A90930C0AE1
:10C1E0006093110A7093120A8093130A9093140AB1
:10C1F00080E50E942A1B882351F00E94032160934E
:10C20000090A70930A0A80930B0A90930C0A82E53C
:10C210000E942A1B882351F00E94032160930D0A7B
:10C2200070930E0A80930F0A9093100A84E50E947F
:10C230002A1B882311F40C94E2540E94032160937A
:10C24000110A7093120A8093130A9093140A0C94A3
:10C25000E25482E40E942A1B882351F00E94972016
:10C260006093E5097093E6098093E7099093E809E4
:10C2700083E50E942A1B882351F00E9403216093CA
:10C28000150A7093160A8093170A9093180A84E58A
:10C290000E942A1B882351F00E9403216093190AEF
:10C2A00070931A0A80931B0A90931C0A88E50E94D7
:10C2B0002A1B882351F00E940321609397097093F1
:10C2C00098098093990990939A0989E50E942A1BFD
:10C2D000882351F00E94032160939B0970939C096D
:10C2E00080939D0990939E098AE50E942A1B182F2E
:10C2F000882351F00E94032160939F097093A00945
:10C300008093A1099093A20985E40E942A1B8823A7
:10C3100051F00E9403216093A3097093A4098093B4
:10C32000A5099093A609112311F40C94E2542DEC65
:10C330003CEC4CEC5DE360919F097091A009809109
:10C34000A1099091A2090E945FF2181614F40C94AE
:10C35000E25483EF9BE00E94722B0C94E254809194
:10C36000390690913A06A0913B06B0913C0605E053
:10C3700014E05AE0E52E59E0F52E68E0C62E64E0A0
:10C38000D62E892B8A2B8B2B29F481E00E94A92D94
:10C390000C94E254D8018D918D010E942A1B8823B0
:10C3A00039F00E940321F7016083718382839383B4
:10C3B000F4E0EF0EF11CC016D10661F70C9426577D
:10C3C00010913502105D81E49CE00E94722B812F58
:10C3D0000E94BEC58091350260EA7FE1811102C0F2
:10C3E0006CE97FE18DE39CE00E94B62E80913702DC
:10C3F00090913802A0913902B0913A028C8F9D8FB2
:10C40000AE8FBF8F80913B0290913C02A0913D0284
:10C41000B0913E0288A399A3AAA3BBA380913F0237
:10C4200090914002A0914102B09142028CA39DA341
:10C43000AEA3BFA3CE014C960E94921A80914302F4
:10C4400090914402A0914502B091460289839A835B
:10C45000AB83BC838091470290914802A09149022E
:10C46000B0914A028D839E83AF83B88780914B023F
:10C4700090914C02A0914D02B0914E0289879A870B
:10C48000AB87BC87CE0101960E94921ACCA0DDA09A
:10C49000EEA0FFA048A059A06AA07BA08C8C9D8C28
:10C4A000AE8CBF8C85E39CE00E94722BB501A40189
:10C4B00085E29CE00E94882BB301A2018FE490E307
:10C4C0000E94882BB701A6018CE490E30E94882B80
:10C4D00083E39CE00E94722BC984DA84EB84FC84A1
:10C4E0004D805E806F80788489809A80AB80BC802C
:10C4F0008BE29CE00E94722BB501A40185E29CE0D6
:10C500000E94882BB301A2018FE490E30E94882B44
:10C51000B701A6018CE490E30E94882B0E949E2B19
:10C520000C94E2548091390690913A06A0913B0612
:10C53000B0913C0660911102709112020097A10522
:10C54000B10551F48DE49CE00E94F0368AE49CE051
:10C550000E94722B0C94E2548C019D0141E13695AE
:10C560002795179507954A95D1F700FF08C02091A8
:10C570000602309107023093120220931102B69501
:10C58000A7959795879580FF04C0709307026093E5
:10C59000060283E50E942A1B882311F40C94E254BE
:10C5A0000E94F32090931202809311020C94E254A3
:10C5B0000E94BA36182F87FF02C00C94E25483E51C
:10C5C0000E942A1B882341F00E94F320BC01812F86
:10C5D0000E94361B0C94E2540E949B2B85E40E941F
:10C5E000BEC580E3810F0E949520E12FEE0FFF0B67
:10C5F000E95EFD4F6081718181E59CE00E94F0362B
:10C6000085E20E9495200E949E2B0C94E25482E1C8
:10C610009EE00E945A4B0C94E2540E949B2B70E0C7
:10C6200060E08CE59CE00E94F03682E19EE00E9492
:10C630008E1B8C0189E59CE00E94722BC8010E9430
:10C64000E6360E949E2B0C94E2540E94982BB8016F
:10C6500083E79CE00E94F03684E69CE00E94722B07
:10C660000C94E2548AE50E942A1B882309F45CC0DA
:10C670000E94032120E030E040E050EC0E945FF295
:10C68000C12CD12CE12C20ECF22E87FD13C00E948E
:10C69000032120E030E040E050E40E9443FBC12C45
:10C6A000D12CE12C90E4F92E181624F00E940321DD
:10C6B0006B017C012091F1093091F2094091F3095D
:10C6C0005091F409C701B6010E94C4F20E9460FAB9
:10C6D000CB010E9457D161E080E50E94E1208823D0
:10C6E00041F1A701960160911D0E70911E0E80917F
:10C6F0001F0E9091200E0E941CF960931D0E7093E6
:10C700001E0E80931F0E9093200E0E949B2B409133
:10C710001D0E50911E0E60911F0E7091200E89E823
:10C720009CE00E94982D05C083E50E942A1B811180
:10C730009FCF80913B0687FD14C080913C0683709B
:10C7400081F40E949B2B40911D0E50911E0E609112
:10C750001F0E7091200E8AE79CE00E94982D0C9489
:10C76000E25482E50E94DC1A8111EBCF0C94E25472
:10C770008091390683FD09C080913A06817829F4B9
:10C7800081E00E945C2D0C94E25480E50E942A1BFB
:10C79000882351F00E9403216093BB0D7093BC0D60
:10C7A0008093BD0D9093BE0D89E40E942A1B8823BF
:10C7B00081F00E94032121E732EB47E25EE30E9411
:10C7C000C4F26093BF0D7093C00D8093C10D909320
:10C7D000C20D84E40E942A1B882381F00E94032159
:10C7E00021E732EB47E25EE30E94F8F96093C30D64
:10C7F0007093C40D8093C50D9093C60D81E0809316
:10C80000AA0D0C94E25481E00C94535A80E00C94ED
:10C81000535A0E949B2BE0901D02F0901E028091C3
:10C820003B070CE91CE0811102C008E91CE083EB26
:10C830009CE00E94722BC8010E94722B82EA9CE04D
:10C840000E94722BC7010E94E6368FE99CE00E948D
:10C85000722B0E949E2B0C94E2540E94762F0C9413
:10C86000E2540E9494840C94E25460E082E50E94B9
:10C87000E1200E949C270E9468930C94E2548091CE
:10C880003906887809F049C080913B06867009F026
:10C8900044C00E949B2B8091200200EA1FE181117D
:10C8A00002C00CE91FE18FEF9CE00E94722BC801CF
:10C8B0000E94722B4091E4035091E5036091E603DE
:10C8C0007091E70382EF9CE00E94882B8FEE9CE042
:10C8D0000E94722B4091E8035091E9036091EA03B2
:10C8E0007091EB038BED9CE00E94882B88ED9CE01F
:10C8F0000E94722B8091490500EA1FE1811102C05C
:10C900000CE91FE186EC9CE00E94722BC8010E949A
:10C91000722B0E949E2B0C94E25488E40E94DC1A35
:10C92000882321F00E94D22080934905C0903906C7
:10C93000D0903A06E0903B06F0903C0681E1F694F8
:10C94000E794D794C7948A95D1F721E0C222DD24D9
:10C95000EE24FF2483E50E94DC1A182FCD28CE2870
:10C96000CF2811F4882341F00E94EC36112321F0E6
:10C970000E94D2208093200284E40E942A1B8823F4
:10C9800051F00E9403216093E4037093E5038093C8
:10C99000E6039093E7038CE40E942A1B882311F49A
:10C9A0000C94E2540E9403216093E8037093E9031E
:10C9B0008093EA039093EB030C94E2546FEF7FEFC4
:10C9C00089E40E94F620082F6FEF7FEF8AE40E942F
:10C9D000F620182F8AE50E942A1BD12C811107C04E
:10C9E00081E50E942A1BD82E882309F410C4C02E8A
:10C9F00081E0800F863008F054C0912E81E0810FD5
:10CA0000863008F04EC00E9403212B013C01F02E1D
:10CA100007FDF12C07FF02C004E0C02E812E17FD98
:10CA2000812C17FF02C014E0912EB5E03B2ECF14ED
:10CA3000A0F1E82C3F9C500111249E1460F10E2DB2
:10CA400010E020E030E0A901DD2069F0F501E00F01
:10CA5000F11FEE0FFF1FEE0FFF1FE65AF84F208168
:10CA60003181428153810A0D1B1D000F111F000FE0
:10CA7000111F065A184FC301B2010E941CF9D801B8
:10CA80006D937D938D939C9313976E2D8F2D0E94A4
:10CA9000BDA0E394D2CFF394CACF0E94822A0C9413
:10CAA000E2540E94982B80E39DE00E94722B0C942C
:10CAB000E25487E00E94E2AD81110C94E2547EE7DB
:10CAC000C72E7CE1D72EE0E22E2EEAE03E2E8E012C
:10CAD0000F5F1F4FF12CE12CF60165917591859147
:10CAE0009491F10181909190A190B1901F01A501C5
:10CAF00094010E941BF92B013C01D8014D925D92DB
:10CB00006D927C92139720E030E040EA51EC0E9455
:10CB100043FB87FD0AC020E030E040EA51E4C30156
:10CB2000B2010E945FF218167CF4F701E45FF04D49
:10CB3000E4911E164CF4B7FAB094B7F8B094F8012B
:10CB400080829182A282B382D8018D909D90AD9017
:10CB5000BC9020E030E040EA51ECC501B4010E94F5
:10CB600043FB87FD43C020E030E040EA51E4C501CB
:10CB7000B4010E945FF21816CCF1BFEFEB1AFB0A6A
:10CB8000E4E0CE0ED11C0C5F1F4FF3E0EF16F10472
:10CB900009F0A2CF89819A81AB81BC8180930A0977
:10CBA00090930B09A0930C09B0930D098D819E8180
:10CBB000AF81B88580930E0990930F09A093100957
:10CBC000B093110989859A85AB85BC85809312093C
:10CBD00090931309A0931409B09315090E946893C8
:10CBE00089E49DE00E9488C70C94E2540E94982B2F
:10CBF00089E69DE00E94722B41E061E089E59DE0BD
:10CC00000E9420990C94E2540E940B9D0C94E254D3
:10CC10000E9403A80C94E25461E083E50E94E120A5
:10CC200081270E947A820C94E2540E94C3980C944B
:10CC3000E2540E9466500C94E2540E94BA36082FC7
:10CC400087FF02C00C94E25485E50E942A1B8823CA
:10CC500061F10E9403214B015C01E02E002E000CCB
:10CC6000FF0820E030E0A9010E9443FB87FF04C0D9
:10CC7000B7FAB094B7F8B09420E030E048E453E459
:10CC8000C501B4010E9443FB970153E0220F331FFB
:10CC90005A95E1F7235B384F1816D4F1D901149651
:10CCA0008D929D92AD92BC9217978CE40E942A1BA4
:10CCB000882311F40C94E2540E9403216B017C013F
:10CCC000002E000C110B20E030E0A9010E9443FB74
:10CCD00087FF04C0F7FAF094F7F8F09420E030E012
:10CCE00048E453E4C701B6010E9443FB980143E0C6
:10CCF000220F331F4A95E1F7235B384F181694F043
:10CD0000D901CD92DD92ED92FC9213970C94E254EE
:10CD100080E090E0A8E4B3E4F90184839583A683DE
:10CD2000B783C3CF80E090E0A8E4B3E4F901808347
:10CD30009183A283B3830C94E25480913B0687FDD8
:10CD400009C080913C06837029F481E00E94A12BE8
:10CD50000C94E2543090150E4090160E5090170E21
:10CD60006090180E7090190E80901A0E20901B0E75
:10CD7000F0911C0EF8A7C0901D0ED0901E0EE090F2
:10CD80001F0EF090200E88E50E942A1B182F882382
:10CD900009F48AC00E940321962EA72EB82E092FCF
:10CDA00020E030E048EC53EC0E9443FB87FD0DC0CF
:10CDB00020E030E048EC53E4692D7A2D8B2D902F44
:10CDC0000E945FF218160CF071C060E77EEF86ECEF
:10CDD0009DE00E94F03660E971E081EC9DE00E94E8
:10CDE000F0368EEB9DE00E94722B10E089E50E94E8
:10CDF0002A1B882361F10E940321962EA72EB82EAC
:10CE0000092F20E030E048EC53EC0E9443FB87FD03
:10CE10000DC020E030E048EC53E4692D7A2D8B2DD5
:10CE2000902F0E945FF218160CF044C060E77EEF6E
:10CE30008CEA9DE00E94F03660E971E087EA9DE0AF
:10CE40000E94F03684EA9DE00E94722B10E08AE591
:10CE50000E942A1B882399F10E9403216B017C0107
:10CE600020E030E040EA51EC0E9443FB87FD0AC01D
:10CE700020E030E040EA51E4C701B6010E945FF2D1
:10CE80001816ECF46CEE7FEF82E99DE00E94F0361C
:10CE900064E170E08DE89DE00E94F0368AE89DE054
:10CEA0000E94722B0C94E25411E0A0CF392C250182
:10CEB000602E9CCF792C8A2C2B2C08A7C8CF11234D
:10CEC00011F40C94E254832D942DA52DB62D80934E
:10CED000150E9093160EA093170EB093180E872D73
:10CEE000982DA22DB8A58093190E90931A0EA09399
:10CEF0001B0EB0931C0EC0921D0ED0921E0EE0921F
:10CF00001F0EF092200E0C94E25483E08093590996
:10CF100010921F0A60E083E50E94E12081110C94C9
:10CF2000E254E0915A0222E6E29FF0011124E35418
:10CF3000FD4F80810E94AA2C0C94E2548091390606
:10CF400090913A06A0913B06B0913C06892B8A2B22
:10CF50008B2B29F481E00E94BF2E0C94E25483E5D0
:10CF60000E94DC1A882311F40C94E2540E94D2200F
:10CF700080934C070E94ED390C94E2540E94CA271A
:10CF8000882311F40C94E2548091390690913A066A
:10CF9000A0913B06B0913C06AC01BD0132E1769513
:10CFA0006795579547953A95D1F740FF06C061E0E0
:10CFB00088EF0E94AB9A0C94E25422E0B695A795B4
:10CFC000979587952A95D1F780FF12C00E94AC27CC
:10CFD000809120078350823010F00C94E25460E07E
:10CFE00083E00E94D3C585E080935A090C94E254F3
:10CFF0000E9462E10C94E2540E9420DE81110C94A4
:10D00000E2540C949E5B111107C011E000913C06A4
:10D01000017001130C94B3558C2D8170012F811375
:10D020000C94B35511E001E09924939482E50E9499
:10D030002A1B882309F4C0C00E9403212B013C0154
:10D0400020E030E0A9010E945FF2FF24F3948111F7
:10D05000CAC00E94CF4C0E949B4C112319F080E063
:10D060000E945695002319F081E00E945695992060
:10D0700011F40C94C9558091390690913A06A0910B
:10D080003B06B0913C0617E0B695A7959795879516
:10D090001A95D1F780FD8BC083E00E94E2AD81112B
:10D0A0000C94DF550E940D938091280A9091290AD3
:10D0B000A0912A0AB0912B0A8CA79DA7AEA7BFA763
:10D0C00080932F0790933007A0933107B0933207D6
:10D0D0000091210E1091220ED8012D913D914D917C
:10D0E0005C9160E070E088E493E40E941BF92B01FE
:10D0F0003C014092270750922807609229077092BE
:10D100002A07F801248135814681578160E070E06B
:10D1100088E493E40E941BF968A779A78AA79BA7D4
:10D1200060932B0770932C0780932D0790932E0705
:10D1300027E137EB41ED58EB0E9443FB87FF02C02C
:10D140000C94BF5523E030E048EC53E468A579A582
:10D150008AA59BA50E945FF2181614F40C94BF5583
:10D1600027E137EB41ED58EBC301B2010E9443FBCD
:10D1700087FF02C00C94BF5523E030E048EC53E435
:10D18000C301B2010E945FF2181614F40C94BF554B
:10D19000A12CB12C6501ECA4FDA40EA51FA528A50A
:10D1A00039A54AA55BA5C301B2010E94539182E053
:10D1B0000E9456950C94C955F12E111103C0F92CFB
:10D1C0000111F02E4091BF0741110C94B95584E034
:10D1D0000E94BA8F81110C94B855412C512C80E8D3
:10D1E000682E80E4782E2091280A3091290A4091F7
:10D1F0002A0A50912B0AC301B2010E941CF940E097
:10D20000FF2009F42ACF20E00E94149222CF0E942E
:10D21000982B80E19DE00E94722B0C94E2548823AD
:10D2200009F4F3CEFFCEDF92EF92FF920F931F939C
:10D23000CF93DF93EC01E0907509F09076098AE0D6
:10D24000D82E6AE070E0CE010E9422FC8C0100978B
:10D2500011F0FC011082CE010E94132681E00E9491
:10D2600076540115110519F0E801D992EACFC701EA
:10D27000DF91CF911F910F91FF90EF90DF900C9471
:10D280001326CF92DF92EF92FF920F931F93CF93CB
:10D29000DF93CDB7DEB7C156D1090FB6F894DEBF24
:10D2A0000FBECDBF8C01C0907509D09076096AE0A1
:10D2B00070E0C8010E9447F17C01801B910BE114D2
:10D2C000F10419F4C8010E946DF11982A2961FAEF3
:10D2D000A297AC018036910514F040E650E04F5F14
:10D2E0005F4FB801CE0101960E9459F1CE0101961F
:10D2F0000E94132681E00E947654E114F10421F08B
:10D3000087010F5F1F4FD3CFC6010E941326CF594D
:10D31000DF4F0FB6F894DEBF0FBECDBFDF91CF91C8
:10D320001F910F91FF90EF90DF90CF9008954F9253
:10D330005F926F927F928F929F92AF92BF92CF92A5
:10D34000DF92EF92FF920F931F93CF93DF93CDB7AE
:10D35000DEB7EE970FB6F894DEBF0FBECDBF88E004
:10D36000E0E2FAE0DE01909601900D928A95E1F7F5
:10D3700088E50E942A1B882381F00E9403212091C6
:10D380005F093091600940916109509162090E94E2
:10D390001BF968A379A38AA39BA389E50E942A1B92
:10D3A000882381F00E940321209163093091640950
:10D3B00040916509509166090E941BF96CA37DA3F9
:10D3C0008EA39FA3CE0180960E9428CB882309F4C8
:10D3D000DBC080E00E943F280E940C9180E491E134
:10D3E00050DF61E085E40E94E1202CA13DA14EA127
:10D3F0005FA12FAB38AF49AF5AAF48A059A06AA080
:10D400007BA0E12C082FC301B2010E945ACC6B0112
:10D410007C01AC019B010E94CBFB811187C0209154
:10D420005F09309160094091610950916209C3011F
:10D43000B2010E941CF94B015C01209163093091FB
:10D44000640940916509509166096FA978AD89AD6D
:10D450009AAD0E941CF96BAF7CAF8DAF9EAF4FE1D0
:10D4600050E069E371E1CE0101960E9459F18AAA68
:10D470009BAAACAABDAA82E08EABBE016E5C7F4FB8
:10D48000CE0101960E9411205C01DC010D9000206C
:10D49000E9F7CD0101978A199B098E31910550F466
:10D4A0004FE150E0481B590B65E371E18A0D9B1D6C
:10D4B0000E9459F12BAD3CAD4DAD5EAD2DA73EA701
:10D4C0004FA758AB82E089ABBE01635D7F4FC501BA
:10D4D0000E9411205C01C8A6D9A6EAA6FBA683E09B
:10D4E0008CA7D5010D900020E9F7CD0101978A198D
:10D4F0009B098E31910550F44FE150E0481B590BC8
:10D5000061E371E18A0D9B1D0E9459F1BE01685DC6
:10D510007F4FC5010E941120CE0101960E948927EC
:10D5200040E060E0CE0101960E94EB980E94F390EB
:10D53000E090280AF090290A00912A0A10912B0AFB
:10D54000A12CB12C65012FA938AD49AD5AADC3014D
:10D55000B2010E9453910E946893EE960FB6F89420
:10D56000DEBF0FBECDBFDF91CF911F910F91FF9016
:10D57000EF90DF90CF90BF90AF909F908F907F9073
:10D580006F905F904F90089580E291E10E94722B1E
:10D590000E949E2B80E291E10E9488C7DECF2F92ED
:10D5A0003F924F925F926F927F928F929F92AF9233
:10D5B000BF92CF92DF92EF92FF920F931F93CF9380
:10D5C000DF93CDB7DEB7CA59D1090FB6F894DEBFE5
:10D5D0000FBECDBF80918D09888B809139069091C7
:10D5E0003A06A0913B06B0913C06AC01BD0116E1A4
:10D5F00076956795579547951A95D1F740FF00C1E5
:10D600000E942A28811107C00E94982B8BE597E081
:10D610000E94722B0FC18AE50E942A1B882339F1D0
:10D620000E9403212091670930916809409169099E
:10D6300050916A090E941BF96B017C0120E030E0E7
:10D6400040E251ECC701B6010E9443FB87FD0AC0CE
:10D6500020E030E040E251E4C701B6010E945FF2F1
:10D66000181674F40E94982B8EE497E0D1CFC090E6
:10D67000280AD090290AE0902A0AF0902B0ADECFDF
:10D6800040E050E060EC7FE788E50E943121209186
:10D690005F093091600940916109509162090E94CF
:10D6A0001BF92B013C0140E050E060EC7FE789E58D
:10D6B0000E943121209163093091640940916509EC
:10D6C000509166090E941BF94B015C016FEF89E4E0
:10D6D0000E94C820182F6FEF8AE40E94C820082FEC
:10D6E000A3019201C301B2010E94CBFB811156C07C
:10D6F000A5019401C501B4010E94CBFB81114EC06C
:10D7000020913C0730913D0740913E0750913F07E3
:10D71000C301B2010E941BF92091440730914507D3
:10D7200040914607509147070E94F8F920E030E009
:10D7300040E05FE30E941CF90E9460FA162F2091DE
:10D740004007309141074091420750914307C5017E
:10D75000B4010E941BF9209148073091490740917C
:10D760004A0750914B070E94F8F920E030E040E072
:10D770005FE30E941CF90E9460FA062F812F012EA0
:10D78000000C990B97FD34C00597A4F5802F002E4F
:10D79000000C990B97FD30C0059784F5153008F003
:10D7A00049C0053008F046C080E00E943F2825E0CF
:10D7B0001202F0011124E00FF11D07FDFA95EE0FA2
:10D7C000FF1FEE0FFF1FE65AF84FC082D182E282A0
:10D7D000F3820E94822A602F812F0E94BDA0888937
:10D7E000882341F181E00E943F280E94689322C073
:10D7F00010E0CCCF14E0CACF00E0D0CF04E0CECF11
:10D8000079E0B695A795979587957A95D1F780FD9C
:10D810000CC070E060E086E50E94F6209A83898360
:10D82000059710F189E297E0F3CE80E00E943F284F
:10D830000E94032BC656DF4F0FB6F894DEBF0FBE13
:10D84000CDBFDF91CF911F910F91FF90EF90DF90AF
:10D85000CF90BF90AF909F908F907F906F905F9090
:10D860004F903F902F90089560E084E40E94E12063
:10D870008F8740E050E0BA018AE50E9431216BA712
:10D880007CA78DA79EA740E050E06AEF75E483E592
:10D890000E9431216B017C0120E030E040E752E43E
:10D8A0000E945FF287FF12C040E050E060E772E440
:10D8B0008AE097E00E94882B8DEF96E00E94722B01
:10D8C000C12CD12C60E7E62E62E4F62E20E030E099
:10D8D00040E752E4C701B6010E94F8F960934F0295
:10D8E0007093500280935102909352020091210E46
:10D8F0001091220EF801C080D180E280F38020E0F8
:10D9000030E0A901C701B6010E941CF9C956DF4FDA
:10D910006883C759D040C856DF4F7883C859D04074
:10D92000C756DF4F8883C959D040C656DF4F98830A
:10D93000CA59D04020E030E04CE052E40E945FF24F
:10D9400087FF16C0C956DF4F1882C759D040C85646
:10D95000DF4F1882C859D040FCE0C756DF4FF8832C
:10D96000C959D04022E4C656DF4F2883CA59D04057
:10D9700020E030E048EC53E4C701B6010E941CF9F6
:10D98000CD56DF4F6883C359D040672ECC56DF4F4A
:10D990008883C459D040CB56DF4F9883C559D040B7
:10D9A00020E030E043EC53E40E9443FB181694F46B
:10D9B000CD56DF4F1882C359D040612C83ECCC5632
:10D9C000DF4F8883C459D04093E4CB56DF4F988310
:10D9D000C559D040F80184809580A680B78020E0AA
:10D9E00030E0A901C501B4010E941CF97B018C0142
:10D9F00020E030E040E251E40E945FF287FF04C083
:10DA0000E12CF12C00E211E420E030E048EC53E49A
:10DA1000C501B4010E941CF9B62EC72ED82ECA56D5
:10DA2000DF4F9883C659D04020E030E04EEB53E4FE
:10DA30000E9443FB181654F4B12CC12C5EEBD52E7A
:10DA4000F3E4CA56DF4FF883C659D04088E40E94F9
:10DA5000DC1A882309F457C20E9403210E9460FA4D
:10DA60001B0177FF02C06F5F7F4F759567957195BA
:10DA70006195710968537F4F072E000C880B990B35
:10DA80000E9465F2762E872E982EA92E9701A80166
:10DA90000E9443FB181624F4E72CF82C092D1A2DAC
:10DAA000C956DF4F2881C759D040C856DF4F38814B
:10DAB000C859D040C756DF4F4881C959D040C656D3
:10DAC000DF4F5881CA59D040672D782D892D9A2D66
:10DAD0000E9443FB1816A4F0C956DF4F7880C7593F
:10DAE000D040C856DF4F8880C859D040C756DF4F56
:10DAF0009880C959D040C656DF4FA880CA59D04037
:10DB0000872D982DA92DBA2D8B8B9C8BAD8BBE8B21
:10DB1000C701D8018F8B988FA98FBA8FB101330CB1
:10DB2000880B990B0E9465F21B012C01AC019B0133
:10DB3000B701C8010E941CF97B018C012B2D3C2DE3
:10DB40004D2DCA56DF4F5881C659D0400E945FF212
:10DB500087FF08C0BE2CCF2CD02ECA56DF4F1883AB
:10DB6000C659D040A2019101672D782D892D9A2D9B
:10DB70000E941CF97B018C01CD56DF4F2881C359CF
:10DB8000D040362DCC56DF4F4881C459D040CB56BB
:10DB9000DF4F5881C559D0400E945FF287FF10C007
:10DBA000CD56DF4FE882C359D0406F2CCC56DF4FA3
:10DBB0000883C459D040CB56DF4F1883C559D04095
:10DBC000CD56DF4F8881C359D040962DCC56DF4FBC
:10DBD000A881C459D040CB56DF4FB881C559D04039
:10DBE0008B8F9C8FAD8FBE8F8B2D9C2DAD2DCA56EC
:10DBF000DF4FB881C659D0408F8F98A3A9A3BAA38D
:10DC0000CE0143960E9428CB882309F4CBC1CE01D4
:10DC10004B960E9428CBD82E882309F4C3C12F89A4
:10DC2000388D498D5A8D6F8D78A189A19AA10E9456
:10DC30001BF920E030E040E85EE30E94C4F24B01B3
:10DC40005C012B893C894D895E896B8D7C8D8D8D26
:10DC50009E8D0E941BF920E030E040E85EE30E94C8
:10DC6000C4F26BA37CA38DA39EA38FA298A6A9A6A2
:10DC7000BAA689819A81181619066CF48BEC96E085
:10DC80000E94722B8F85882321F081EC96E00E9400
:10DC9000722B0E949E2B0E9494840E940C9180E023
:10DCA0000E943F2820E041E060E070E080E890E4DE
:10DCB0000E9414928F85811146C0209144073091B3
:10DCC000450740914607509147076BA17CA18DA164
:10DCD0009EA10E945FF2811130C0209148073091CF
:10DCE000490740914A0750914B076FA178A589A534
:10DCF0009AA50E945FF2811120C020913C073091CB
:10DD00003D0740913E0750913F076B897C898D8983
:10DD10009E890E945FF2811110C0209140073091CE
:10DD2000410740914207509143076F89788D898D53
:10DD30009A8D0E945FF2882331F080E00E943F2894
:10DD40000E94032B188A60E085E40E94E12088236A
:10DD500009F42BC121E0CD56DF4F2883C359D040B1
:10DD60001B861C861D861E861A8A21E9A22E26E0A5
:10DD7000B22E3FE9832E36E0932E0A8905300CF04F
:10DD800022C16B857C858D859E859B01AC010E949F
:10DD9000CBFB811118C1CC24C39495E0392ED1104E
:10DDA00005C0CC24CA9433243A9484E091E0D92667
:10DDB000102F110F110F100F1F5F898B09896A89AE
:10DDC000031509F4FCC0062E000C770B880B990B89
:10DDD0000E9465F22FA138A549A55AA50E94C4F258
:10DDE0002F89388D498D5A8D0E941CF92B013C01D9
:10DDF000602F000F770B880B990B0E9465F22BA107
:10DE00003CA14DA15EA10E94C4F22B893C894D89A1
:10DE10005E890E941CF96B837C838D839E834F8275
:10DE2000588669867A8689819A81892B91F08DEA54
:10DE300096E00E94722B812F0E9424288BEA96E0A4
:10DE40000E94722B89E10E94242888EA96E00E94B1
:10DE5000722B1F92E9E1EF931F921F93BF92AF9233
:10DE60009F928F921F920E943AD12F8138854985C7
:10DE70005A856B817C818D819E81E980CD56DF4FF3
:10DE80000881C359D0400E945ACC2B013C014B86DB
:10DE90005C866D867E860FB6F894DEBF0FBECDBF62
:10DEA000AC019B010E94CBFB811186C009892A88A5
:10DEB00025E0020370011124E20CF11C27FCFA9406
:10DEC000EE0CFF1CEE0CFF1C81E090E08C0F9D1F00
:10DED000E80EF91EA30192016BA57CA58DA59EA558
:10DEE0000E941CF9F70166A777A780AB91AB622D62
:10DEF000802F0E94BDA0188A81E00E940B3A1F5F0C
:10DF000089898C0D5ACFA701B80186E40E9431217E
:10DF10001B012C01C956DF4F4881C759D040C85654
:10DF2000DF4F5881C859D040C756DF4F6881C95963
:10DF3000D040C656DF4F7881CA59D0408CE40E9449
:10DF400031216B8B7C8B8D8B9E8B2F8A388E498EEB
:10DF50005A8E4B2D5C2D6D2DCA56DF4F7881C659D8
:10DF6000D04082E40E9431216B017C01CD56DF4F0D
:10DF70004881C359D040562DCC56DF4F6881C459D3
:10DF8000D040CB56DF4F7881C559D04082E50E9402
:10DF900031216B8F7C8F8D8F9E8FCF8ED8A2E9A27F
:10DFA000FAA22ECE81EE96E033CB83E0CD56DF4F42
:10DFB0008883C359D040D4CE88890E943F288A895B
:10DFC0008F5F8A8BDACE0E948CCA80E00E949C27E9
:10DFD000882359F088890E943F2880E090E0A0ECD7
:10DFE000BFE78B879C87AD87BE876B857C858D85DA
:10DFF0009E859B01AC010E94CBFB811110C08F85D7
:10E000008823A9F0CE018F960E945B348F858823E8
:10E0100019F08889882319F081E00E943F280E9426
:10E02000F3900E94948481E796E02BD9DECBBE0169
:10E030006D5E7F4FCE0183960E94962A84E6FE0194
:10E04000BF96AAE5B7E001900D928A95E1F70E948C
:10E05000822A90E080E0D8CF1F93CF93DF93809106
:10E060005A0292E6899FE0011124FE01E354FD4F1C
:10E07000208190E0283028F491E001C0990F2A9582
:10E08000EAF7109179159093791580939609C45AFF
:10E09000DD4F8091D40980FF05C00E949B2BCE01EB
:10E0A0000E948927CE010E94132680E00E947654A8
:10E0B00010937915DF91CF911F910895DC01680FBE
:10E0C000791F90E080E02D91E92FFF27E227EE0FE6
:10E0D000FF1FEC51F74D25913491982F8827822707
:10E0E00093276A177B0779F708950F931F93CF93B0
:10E0F000DF93CDB7DEB760970FB6F894DEBF0FBEE3
:10E10000CDBF8C01DC01ED91FC910280F381E02D0B
:10E11000BE016F5F7F4F1995882309F464C0898120
:10E12000807CC9F56F81637070E0762F6627770F6A
:10E13000770F8885B4E08B9FC0011124682B792B61
:10E1400089858295869586958370682B6F5F7F4F52
:10E1500090E080E02A852370220F3B8537FB332730
:10E1600030F9232B3E813F70230F3327331F275075
:10E17000310904C0660F771F881F991F2A95D2F7AF
:10E1800060960FB6F894DEBF0FBECDBFDF91CF9182
:10E190001F910F910895803419F5688566956695ED
:10E1A00070E090E080E0CB01772766272A85622B1C
:10E1B000098510E0102F0027012E000C220B330BD5
:10E1C000602B712B822B932B6F5F7F4F8F4F9F4F55
:10E1D0004AE0660F771F881F991F4A95D1F7D0CF65
:10E1E0008BE0F801848360E070E0CB01C9CF089533
:10E1F000FC0182810895CF93DF93C091A70DD09148
:10E20000A80D81E0CE31D105E4F020E030E040E01F
:10E210005FE36091A30D7091A40D8091A50D909185
:10E22000A60D0E941CF90E9460FA6C1B7D0B77FF03
:10E2300003C071956195710981E0653071050CF03D
:10E2400080E0DF91CF910895FC0190E1A6E7B8E06E
:10E2500001900D929A95E1F708950F931F932091E5
:10E260002102203148F0F4E09695879577956795DF
:10E27000FA95D1F722952F70243048F0E2E0969578
:10E28000879577956795EA95D1F72695269522305B
:10E2900020F09695879577956795611528E0720728
:10E2A00081059105C8F081114BC023E0729FA00148
:10E2B00011244B5D5B4DFA0125913491FA013296A0
:10E2C000E4916E9F412D1124000C411DC901841B56
:10E2D00091091F910F910895613271058105910592
:10E2E00050F160527109810991098B019C0183E011
:10E2F00036952795179507958A95D1F7000F111F29
:10E30000000F111F0B5D1F4DF80125913491F8018D
:10E310003296459154916770649FC001659F900D3E
:10E32000112443E0969587954A95E1F7A901481B8A
:10E33000590BCA01CECFE5E2F0E285919491C9CFA5
:10E340008EE190E0C6CF90916F0081E091FD02C018
:10E3500080E0089590916F009D7F90936F000895E5
:10E36000FC017081472F50E0062E02C0559547955D
:10E370000A94E2F740FF14C04091260750E0062EB1
:10E3800002C0559547950A94E2F740FF09C021E085
:10E3900030E001C0220F6A95EAF7209527232083F9
:10E3A0000895DC01ED91FC911197208130E01296E7
:10E3B0008C91F90102C0F595E7958A95E2F7CF01B6
:10E3C000817008958091590281110DC080911709C3
:10E3D00090911809892B39F481E0909119099111D4
:10E3E00003C080E0089581E008959B01692F782F94
:10E3F000832F922F0895CF93DF93FC01928199236D
:10E4000069F0C481D581209749F0923051F0943061
:10E4100071F0913019F4FB0180818883DF91CF91F5
:10E420000895FB018081918198278927F6CFFB0110
:10E430006081718182819381D8DF6883EFCF9B01F6
:10E44000692F782F832F922F0895089508951092A1
:10E450001B0781E0089510921E0788EC90E09093CE
:10E460000D0280930C0281E008958FEF80931002DB
:10E470008AE090E090930B0280930A0281E0089575
:10E48000E3EFF6E0118210821382128281E0089598
:10E49000CF93DF93C091A70DD091A80D209729F1BC
:10E4A0006091A30D7091A40D8091A50D9091A60D82
:10E4B0000E9460FA6E5F7F4F26976C177D07ACF461
:10E4C0007093E8076093E7070E9412D160547B4283
:10E4D0008E4F9F4F6093E9077093EA078093EB0795
:10E4E0009093EC07DF91CF9108951092E907109275
:10E4F000EA071092EB071092EC07F4CFCF93DF936B
:10E50000EC018D810E94414F60E08B81DF91CF91C2
:10E510000C94ECCFAF92BF92DF92EF92FF920F93E9
:10E520001F93CF93DF9300D000D0CDB7DEB77C012F
:10E53000D62E122F032FB42EA52EE0DF0E94C1D1BC
:10E540001E821D828D2D80648983AA82BB820C83EA
:10E550001D838E010F5F1F4FCE010696D801E0E0AC
:10E560002D91F0E0EE0FFF1FE227EC51F84DE49102
:10E57000A817B907A9F7EE0FE160EE83580186E00E
:10E58000A80EB11CF80181918F010E94354F0A1528
:10E590001B05C1F7FCE0DF1202C00E943A4F10E0F9
:10E5A0000E943A4FF701868387FF04C01F3F11F096
:10E5B0001F5FF6CF26960FB6F894DEBF0FBECDBF15
:10E5C000DF91CF911F910F91FF90EF90DF90BF905F
:10E5D000AF90089561E0FC0183810E94ECCF8FEF42
:10E5E0000C94354F0F931F93CF938C0187DF0E94BC
:10E5F000C1D1C82F81110AC082E1F8018483C8010A
:10E60000E9DF8C2FCF911F910F9108958DEF0E941C
:10E61000354F0E94C1D1C82FF2CF8F929F92AF92F7
:10E62000BF92CF92DF92EF92FF920F931F93CF93FF
:10E63000DF93EC016A017B01590120E030E0A90180
:10E6400067E368DFA501980167E1CE0163DF81110F
:10E6500025C08F81833039F089E0CC0CDD1CEE1CA5
:10E66000FF1C8A95D1F7A701960169E1CE0152DF1F
:10E6700011E0882319F010E087E08C83CE01AADF37
:10E68000812FDF91CF911F910F91FF90EF90DF903D
:10E69000CF90BF90AF909F908F90089589E08C832A
:10E6A00010E0ECCFEF92FF920F931F93CF93DF9385
:10E6B000EC01E62E8A0160E072E0CA01FFDCF82E70
:10E6C000892FEEBCF80198013E5F0DB407FEFDCF27
:10E6D00090819EBD0DB407FEFDCF91819EBD329607
:10E6E000E217F30791F70DB407FEFDCF0E94354FF7
:10E6F0008F2D0E94354F0E943A4F8E838F71853047
:10E7000061F083E18C83CE0165DF80E0DF91CF9102
:10E710001F910F91FF90EF90089581E0F7CFEF9256
:10E72000FF921F93CF93DF93EC017B01E7DE0E9402
:10E73000C1D1182F81110BC085E18C83CE014ADF36
:10E74000812FDF91CF911F91FF90EF900895A70146
:10E750006CEFCE01A7DF182FF1CF0F931F93CF934C
:10E76000DF93EC0189018F81833039F089E0440F18
:10E77000551F661F771F8A95D1F79A01AB0168E193
:10E78000CE01C8DE882321F086E08C8310E007C02C
:10E79000A8016EEFCE0186DF811109C011E0CE0124
:10E7A00019DF812FDF91CF911F910F9108950E9462
:10E7B000C1D1182F811103C087E18C83F0CF20E0F5
:10E7C00030E0A9016DE0CE01A5DE811104C00E94F8
:10E7D0003A4F882319F386E1D8CF1F93CF93DF9365
:10E7E000EC018CDE20E030E0A9016CE0CE0192DE8D
:10E7F00011E0882319F010E083E08C83CE01EADE7B
:10E80000812FDF91CF911F9108951F93CF93DF93B5
:10E81000EC018F81833039F089E0440F551F661F6A
:10E82000771F8A95D1F79A01AB0162E1CE0172DEC2
:10E8300011E0882319F010E085E08C83CE01CADE58
:10E84000812FDF91CF911F9108958F929F92AF9268
:10E85000BF92CF92DF92FF920F931F93CF93DF93DC
:10E86000EC018B016A010E9412D14B015C012CE288
:10E87000820E21E0921EA11CB11C0E943A4F8E8391
:10E880008F3F99F40E9412D1A5019401261B370BEA
:10E89000480B590BDA01C901181619061A061B068E
:10E8A00064F381E18C8310E028C08E3F09F03EC004
:10E8B000C60101972FEF2EBDF8014FEF0DB407FEF3
:10E8C000FDCF2EB521934EBD9F01201B310B281784
:10E8D0003907A0F30DB407FEFDCF2EB5800F911FB1
:10E8E000FC0120830E943A4FF82E0E943A4FB82E26
:10E8F00080912502811110C011E0CE016BDE812FC5
:10E90000DF91CF911F910F91FF90DF90CF90BF903B
:10E91000AF909F908F900895B601C801CFDB3F2D37
:10E920002B2D8217930741F38BE1BCCF8FE0BACF39
:10E930000F931F93CF93DF93EC018B01DFDD40E05A
:10E9400052E0B801CE01DF91CF911F910F917DCFA1
:10E95000AF92BF92CF92DF92EF92FF920F931F93ED
:10E96000CF93DF93EC016A017B0159018F818330E2
:10E9700039F089E0CC0CDD1CEE1CFF1C8A95D1F728
:10E9800013E004E0A701960161E1CE01C3DD882315
:10E9900069F00C83CE011EDE1150D1F020E030E092
:10E9A000A9016CE0CE01B6DD1C82ECCF40E052E064
:10E9B000B501CE014ADF882369F3DF91CF911F9122
:10E9C0000F91FF90EF90DF90CF90BF90AF900895A0
:10E9D00080E0F3CF8F929F92AF92BF92CF92DF925F
:10E9E000EF92FF920F931F93CF93DF93EC01062FCB
:10E9F0001F821C824B830E9412D16B017C0120ED8F
:10EA0000C20E27E0D21EE11CF11CA89561E08B81AB
:10EA10000E94ECCF8B810E94C3C9209A289A219A28
:10EA20002398229A81E00E94414F85E08D830E94C5
:10EA3000414F1AE08FEF0E94354F1150D9F7A8953A
:10EA400020E030E0A90160E0CE0164DD8E838130FA
:10EA5000B1F00E9412D1A7019601261B370B480B7B
:10EA6000590BDA01C901181619061A061B0644F3D8
:10EA700081E08C83CE01AEDD1A8280E081C021E08E
:10EA800030E040E050E06BE3CE0144DD91E08130C6
:10EA900009F090E090932502A8952AEA31E040E041
:10EAA00050E068E0CE0136DD853069F581E08F8386
:10EAB000A8958F81812C912C5401823029F4812CCE
:10EAC000912CA12C80E4B82E20E030E0A90167E36E
:10EAD000CE0120DDA501940169E2CE011BDD8E830C
:10EAE000882369F10E9412D1A7019601261B370BDA
:10EAF000480B590BDA01C901181619061A061B062C
:10EB00001CF38AE0B6CF14E00E943A4F8E83115076
:10EB1000D9F78A3A11F482E0CACF0E9412D1A70134
:10EB20009601261B370B480B590BDA01C901181641
:10EB300019061A061B060CF4B0CF82E09ACF8F811B
:10EB40008230B9F420E030E0A9016AE3CE01E2DCD2
:10EB5000882311F088E08DCF0E943A4F807C803C62
:10EB600011F483E08F830E943A4F0E943A4F0E9433
:10EB70003A4FCE012FDD81E08A83073070F40D8398
:10EB8000DF91CF911F910F91FF90EF90DF90CF9089
:10EB9000BF90AF909F908F90089588E18C836DCF48
:10EBA0000F931F93CF93DF93EC018B0120E030E0B4
:10EBB000A90169E0AFDC811109C040E150E0B80172
:10EBC000CE01DF91CF911F910F913FCE80E18C83D9
:10EBD000CE0100DD80E0DF91CF911F910F9108956C
:10EBE000CF93C82FB0DB94E0C99F90011124F901A5
:10EBF000E659F74F2A58374FD9014D915D916D91E4
:10EC00007C91408351836283738391E09093690880
:10EC1000882319F0CF910C94552BCF910895CF9361
:10EC2000DF9300D0CDB7DEB78091030878998DC00F
:10EC300081608093030880910308029988C08260F4
:10EC400080930308909100018091030893FF81C095
:10EC500084608093030880910308909102089817BC
:10EC600009F479C092E090930108809302088091A2
:10EC70000809811105C080915E09882309F478C0D4
:10EC800088EC9DE09A8389831B82CE01019689DB03
:10EC90008823A1F087EC9DE09A838983CE010196B9
:10ECA00080DB81110BC08091000880FF07C080913C
:10ECB0005C09816080935C0980E092DF88EC9DE0D4
:10ECC0009A83898381E08B83CE0101966ADB882356
:10ECD000A1F087EC9DE09A838983CE01019661DBE8
:10ECE00081110BC08091000881FF07C080915C09F1
:10ECF000826080935C0981E073DF88EC9DE09A83F9
:10ED0000898382E08B83CE0101964BDB882381F1DE
:10ED100087EC9DE09A838983CE01019642DB8111C5
:10ED200027C080915E09882319F18091000882FF35
:10ED30001FC080915C09846080935C0982E00F9021
:10ED40000F900F90DF91CF914BCF8E7F72CF8D7F41
:10ED500077CF8B7F7ECF80910108882309F487CFFE
:10ED6000815080930108811182CF909300087FCF5A
:10ED70000F900F900F90DF91CF9108954091BE07B3
:10ED800021E0422761E070E00C948DC94091BE07FC
:10ED900021E042276CE070E00C948DC94091BE07E1
:10EDA00021E0422762E070E00C948DC94091BE07DB
:10EDB00021E0422761E070E00C948DC94091BE07CC
:10EDC00021E0422768E070E00C948DC94091BE07B5
:10EDD00021E042276CE070E00C948DC94091BE07A1
:10EDE00021E0422764E070E00C948DC941E061E0CD
:10EDF00070E00C948DC941E062E070E00C948DC924
:10EE00004091BE0721E042270C948DC964E070E078
:10EE10000C94ABD062E070E00C94ABD061E070E099
:10EE20000C94ABD061E070E00C94ABD06CE070E07F
:10EE30000C94ABD0CF93C82FCB010E94722B6FEEF6
:10EE40007BE1CC2311F064EF7BE18EEF9BE1CF916E
:10EE50000C94B62E0E942A28882329F081E0809302
:10EE600016080E943F2881E008958091860D83FD59
:10EE700028C00E946A38882331F180917E0D9091DC
:10EE80007F0DA091800DB091810D0097A105B10576
:10EE9000D1F0BC01CD016D597F4F8F4F9F4F24E6BC
:10EEA00030E040E050E00E9489F86091820D70915E
:10EEB000830D8091840D9091850D0E9489F8822F99
:10EEC000089584E6089580E008957F928F929F923E
:10EED000AF92BF92CF92DF92EF92FF920F931F9368
:10EEE000CF93DF93CDB7DEB7E2970FB6F894DEBFCE
:10EEF0000FBECDBF6C01CE0101967C0110E000E099
:10EF00004C0195E0A92EB12C25E0722EC801B50167
:10EF10000E9400F9789EF001799EF00D1124E60F11
:10EF2000F71FEE0FFF1FEE0FFF1FE65AF84F20E00E
:10EF300030E04AE754E460817181828193810E94CC
:10EF4000C4F20E944FFB762767277627F70161936B
:10EF500071937F010F5F1F4F09311105B9F642E32D
:10EF6000B401F601808191810E943024E2960FB6AF
:10EF7000F894DEBF0FBECDBFDF91CF911F910F91EF
:10EF8000FF90EF90DF90CF90BF90AF909F908F90C9
:10EF90007F900895CF93DF931F921F92CDB7DEB776
:10EFA0007A83698342E0BE016F5F7F4F0E94302405
:10EFB0000F900F90DF91CF9108950F931F93CF93F0
:10EFC000DF9300D01F921F92CDB7DEB7DC011296FF
:10EFD0009C911297992309F11496ED91FC91159744
:10EFE0003097D9F08D01923079F0943001F1913061
:10EFF000A1F420818D919C912D8341E0BE016B5F36
:10F000007F4F0E94302409C0608170E07627672717
:10F010007627FD0180819181BDDF0F900F900F90C9
:10F020000F900F90DF91CF911F910F910895608104
:10F0300070E090E080E0D9D9F801208131816983C6
:10F040007A838B839C8344E0BE016F5F7F4FC9014D
:10F05000D8CF0F931F93CF93DF9300D01F921F92AF
:10F06000CDB7DEB7DC0112969C911297992301F17E
:10F070001496ED91FC9115973097D1F08D01923057
:10F0800079F09430F9F0913099F48D919C91208130
:10F090002D8341E0BE016B5F7F4F0E94302408C08A
:10F0A000608171817627672776278D919C9172DF29
:10F0B0000F900F900F900F900F90DF91CF911F91B5
:10F0C0000F9108956081718190E080E08ED9F80100
:10F0D0002081318169837A838B839C8344E0BE01E4
:10F0E0006F5F7F4FC901D9CF0F931F93CF93DF93EA
:10F0F00000D01F921F92CDB7DEB7DC0112969C9113
:10F1000012979923B9F11496ED91FC9115973097C8
:10F1100089F18D019230D9F09430B1F1913051F5EF
:10F1200020E030E048EC52E460817181828193817B
:10F130000E94C4F20E944FFBF801808191816D838F
:10F1400041E0BE016B5F7F4F0E94302413C020E07E
:10F1500030E048EC52E460817181828193810E94A9
:10F16000C4F20E944FFB762767277627F80180813B
:10F17000918110DF0F900F900F900F900F90DF9103
:10F18000CF911F910F91089520E030E048EC52E4B8
:10F1900060817181828193810E94C4F20E944FFB41
:10F1A00024D9F8012081318169837A838B839C8300
:10F1B00044E0BE016F5F7F4FC901C6CF0F931F931D
:10F1C000CF93DF9300D01F921F92CDB7DEB7DC0143
:10F1D00012969C9112979923B9F11496ED91FC9196
:10F1E0001597309789F18D019230D9F09430B1F1B3
:10F1F000913051F520E030E040E251E460817181CE
:10F20000828193810E94C4F20E944FFBF8018081A9
:10F2100091816D8341E0BE016B5F7F4F0E9430247E
:10F2200013C020E030E040E251E4608171818281CE
:10F2300093810E94C4F20E944FFB762767277627AE
:10F24000F80180819181A6DE0F900F900F900F90B2
:10F250000F90DF91CF911F910F91089520E030E042
:10F2600040E251E460817181828193810E94C4F205
:10F270000E944FFBBAD8F8012081318169837A83DB
:10F280008B839C8344E0BE016F5F7F4FC901C6CF73
:10F290000F931F93CF93DF9300D01F921F92CDB790
:10F2A000DEB7DC0112969C911297992301F1149616
:10F2B000ED91FC9115973097D1F08D01923079F056
:10F2C0009430F9F0913099F48D919C9120812D83A7
:10F2D00041E0BE016B5F7F4F0E94302408C0608117
:10F2E00071817627672776278D919C9153DE0F9049
:10F2F0000F900F900F900F90DF91CF911F910F9172
:10F30000089560817181072E000C880B990B6DD8D0
:10F31000F8012081318169837A838B839C8344E067
:10F32000BE016F5F7F4FC901D7CF60911F0270E0B0
:10F33000762767277627FC01808191812BCECF939A
:10F34000DF93EC010E94D024682F70E078276727B4
:10F35000762788819981DF91CF911CCEFC01808135
:10F3600091818115904491F480917A1424E6829FD2
:10F37000C001112481589F4F6FEF70E00E9400F987
:10F3800076276727762780E090E404CE0895FC0175
:10F3900090911E07992339F0913069F09F3F71F4E5
:10F3A00061E070E002C062E070E0762767277627B0
:10F3B00080819181EFCD64E070E0F7CF0895FC018A
:10F3C000909110029F3F34F019162CF462E070E027
:10F3D000913019F0089561E070E07627672776276D
:10F3E00080819181D7CDDC011496ED91FC9130970D
:10F3F00089F0E08170E060E0E43028F4F0E0EA5861
:10F40000FB4F608170E0762767277627FC018081BB
:10F410009181C0CD0895FC0190911C08977070E017
:10F4200060E011F060E071E080819181B3CDFC017A
:10F43000808191818E3FF0E39F0739F062E271E0B5
:10F44000813021E3920719F0089563E770E0762791
:10F45000672776279FCDFC0180819181893F90436A
:10F4600051F460911702709118027627672776276A
:10F4700089EF90E38FCD0895FC0180819181873FD2
:10F48000F0E39F0721F08115904531F00895EDDC00
:10F49000682F70E0853610F064E670E07627672705
:10F4A000762787EF90E376CD0F931F93CF93DF936B
:10F4B00000D01F92CDB7DEB720911E07211127C0C3
:10F4C0008C0121E732EB47E25EE36091C30D70915E
:10F4D000C40D8091C50D9091C60D0E94C4F220E02C
:10F4E00030E048EC52E40E94C4F20E944FFB0E94BC
:10F4F0001F72F8012081318169837A838B839C8319
:10F5000044E0BE016F5F7F4FC9010E9430240F901D
:10F510000F900F900F90DF91CF911F910F91089551
:10F520000F931F93CF93DF9300D01F92CDB7DEB719
:10F5300020911E07211127C08C0121E732EB47E201
:10F540005EE36091BF0D7091C00D8091C10D9091EF
:10F55000C20D0E94F8F920E030E048EC52E40E942D
:10F56000C4F20E944FFB0E941F72F801208131817A
:10F5700069837A838B839C8344E0BE016F5F7F4FF6
:10F58000C9010E9430240F900F900F900F90DF91CF
:10F59000CF911F910F9108950F931F93CF93DF93F6
:10F5A00000D01F92CDB7DEB720911E07211121C0D8
:10F5B0008C0120E030E048EC52E46091BB0D70918A
:10F5C000BC0D8091BD0D9091BE0D0E94C4F20E94B1
:10F5D0004FFB0E941F72F8012081318169837A8379
:10F5E0008B839C8344E0BE016F5F7F4FC9010E9403
:10F5F00030240F900F900F900F90DF91CF911F91BB
:10F600000F910895EF920F93FC014281442361F022
:10F61000648175816115710539F0E12C00E021E00C
:10F62000808191810E948A230F91EF900895EF923B
:10F630000F93EE24E39400E021E0FC01428165ECAD
:10F640007BE1808191810E948A230F91EF90089540
:10F65000EF920F93EE24E39400E021E0FC0142815D
:10F6600063EC7BE1808191810E948A230F91EF906E
:10F670000895EF920F93EE24E39400E021E0FC0163
:10F68000428161EC7BE1808191810E948A230F910C
:10F69000EF900895EF920F93FC014281442361F0B3
:10F6A000648175816115710539F0E12C00E021E07C
:10F6B000808191810E94DB230F91EF9008958F92BA
:10F6C0009F92AF92BF92CF92DF92EF920F93CF9320
:10F6D000DF93CDB7DEB75C018DB69EB6FC0122810B
:10F6E0008DB79EB7821B91090FB6F8949EBF0FBECF
:10F6F0008DBFEDB7FEB731966F0191E09F9380E922
:10F700008F939F938F939F938F9388EB9BE19F930E
:10F710008F931F922F93DF92EF930E94BCF1EE2400
:10F72000E39400E021E0F5014281B60180819181FE
:10F730000E94DB238DB79EB70C960FB6F8949EBF40
:10F740000FBE8DBF0FB6F8949EBE0FBE8DBEDF916B
:10F75000CF910F91EF90DF90CF90BF90AF909F909F
:10F760008F900895CF93DF93EC0146E065E082E14E
:10F770000E94294E60E071E088819981DF91CF91EC
:10F7800009CCCF93DF93EC0180918D0945E065E0D2
:10F79000882369F08DE00E94294E61E070E07627B1
:10F7A0006727762788819981DF91CF91F3CB8DE010
:10F7B0000E94FB4D70E060E0F2CF8230910571F065
:10F7C00034F40097A1F042E0019749F008958330A6
:10F7D000910559F045E0049711F0089543E0662340
:10F7E00041F065E082E00C94294E44E0F8CF41E01E
:10F7F000F6CF65E082E00C94FB4DEF920F93CF9330
:10F80000DF93EC0180910E0290910F0297FF09C0E7
:10F810008DEF9EE2892BF1F4DF91CF910F91EF9064
:10F8200008950E941EDC882399F38091340B67E7CA
:10F8300079E0882311F064E37BE06115710561F3E1
:10F84000EE24E39400E021E04A81888199810E94BE
:10F85000DB23E2CFEE24E39400E021E04A816DEF68
:10F860007EE2888199810E948A23D6CFEF920F93FE
:10F87000CF93DF93EC0188819981853620E392074D
:10F88000B9F160F4853220E39207B1F185349043F9
:10F8900071F0DF91CF910F91EF900895853820E3BB
:10F8A000920741F1853A9043A1F784E001C081E0DD
:10F8B00020911C0730911D07820F932F911D0E94EC
:10F8C0001EDC8823D9F08091340B67E779E0882328
:10F8D00011F064E37BE061157105D9F2EE24E39445
:10F8E00000E021E04A81888199810E94DB23D1CF09
:10F8F00082E0DECF83E0DCCF80E0DACF8DEF9EE2E6
:10F90000009739F2EE24E39400E021E04A81BC0143
:10F91000888199810E948A23BCCFAF92BF92CF92F7
:10F92000DF92EF92FF920F931F93CF93DF9300D05C
:10F9300000D000D01F92CDB7DEB76C01CE0101968A
:10F940007C0110E000E05C0180911C0790911D0794
:10F95000800F911F0E941EDC811126C0F7011182C9
:10F96000108260E0C80129DF0F5F1F4FF2E0EF0E49
:10F97000F11C0530110541F74AE0B501F60180811F
:10F9800091810E9430242A960FB6F894DEBF0FBEF4
:10F99000CDBFDF91CF911F910F91FF90EF90DF903E
:10F9A000CF90BF90AF9008958091860D85FD07C0E0
:10F9B00080E091E0F7019183808361E0D3CF80E024
:10F9C00092E0F8CFEF92FF920F931F93CF93DF93C4
:10F9D0007C018091860D46E065E086FD2EC082E0C8
:10F9E0000E94294EC1E0D0E080911C0790911D0734
:10F9F000892B49F1C26047E065E082E00E94294E10
:10FA000000911C0710911D070B5F1F4F0E94D0DB58
:10FA100008171907F0F4C46048E065E082E00E942E
:10FA2000294E7C2F6D2FF70180819181DF91CF913D
:10FA30001F910F91FF90EF90ADCA82E00E94FB4DA5
:10FA4000D0E0C0E0D1CF47E065E082E00E94FB4D0E
:10FA5000D7CF48E065E082E00E94FB4DE2CF809185
:10FA6000860D86FD03C00E945DD2F9CF10921D075E
:10FA700010921C078FEF9FEF90930F0280930E025E
:10FA800081E008958F929F92AF92BF92DF92EF92A2
:10FA9000FF920F931F93CF93DF9300D000D000D03D
:10FAA0001F92CDB7DEB7F82ED62E61111092210726
:10FAB00003E21BE143E050E0B801CE0101960E9451
:10FAC00033F18A819B81009741F02981F21629F058
:10FAD0000D5F1F4F79F790E080E08C010115110553
:10FAE00009F456C0F80185919491009709F450C02B
:10FAF000BE016F5F7F4F0E944824882309F445C0F0
:10FB000089859A85892B09F440C0D11003C08C8166
:10FB100080FF3BC0EB8026E0E20E0E9412D14B0139
:10FB20005C0138EE830E33E0931EA11CB11CF12C56
:10FB30008091C2069091C106891B990B9C012150AE
:10FB4000310937FF02C02F5C3F4F2E151F04C0F450
:10FB50000E9412D1A5019401261B370B480B590BAB
:10FB6000DA01C901181619061A061B0624F50E94A7
:10FB7000BC4D62E370E080E090E00E9478D0D8CF86
:10FB8000E985FA85CE01019619950E5F1F4FA6CF24
:10FB900081E02A960FB6F894DEBF0FBECDBFDF918D
:10FBA000CF911F910F91FF90EF90DF90BF90AF909A
:10FBB0009F908F90089580E0ECCFCF93DF93EC017E
:10FBC0000E9497D61B82DF91CF910895CF93DF9348
:10FBD000EC01462F41706C857D858E859F850E9446
:10FBE00090D3882351F0888920E2829FC00111249C
:10FBF0008D59944FDF91CF91089590E080E0FACF36
:10FC0000CF93DF93EB01FC012381211104C080E03D
:10FC1000DF91CF9108952250223028F48FE288831B
:10FC2000198281E0F5CF60E0D1DF009781F3DC013C
:10FC300060E080E09EE22D91203299F0883031F42E
:10FC40009E01260F311DF90190836F5F9E01260FE3
:10FC5000311DAD0141505109FA014081F901408344
:10FC60006F5F8F5F8B3039F7FE01E60FF11D108259
:10FC7000D8CF3F924F925F926F927F928F929F92D6
:10FC8000AF92BF92CF92DF92EF92FF920F931F93AA
:10FC9000CF93DF93CDB7DEB72C970FB6F894DEBFC6
:10FCA0000FBECDBF5C01DC0159968D909C90F40194
:10FCB00081859285A385B4859C01AD012F5F3F4F5F
:10FCC0004F4F5F4F29873A874B875C87D501149642
:10FCD0004D905D906D907C90179741145104610494
:10FCE000710409F459C0BFEF4B1A5B0A6B0A7B0A17
:10FCF000312C730162011D821E821F821886F4015D
:10FD000081859285A385B4852D813E814F8158855B
:10FD1000281739074A075B0708F056C089859A8576
:10FD2000AB85BC858C159D05AE05BF0550F482E002
:10FD3000C82ED12CE12CF12C92E0492E512C612CB3
:10FD4000712C9E012F5F3F4FB701A601C4010E9495
:10FD5000ACD58823C9F189819A81AB81BC81892B7B
:10FD60008A2B8B2B01F1260137019FEF491A590A83
:10FD7000690A790A2D813E814F8158852F5F3F4F57
:10FD80004F4F5F4F2D833E834F8358873FEFC31AFA
:10FD9000D30AE30AF30AB3CF4080518062807380B4
:10FDA00033243394A6CFC414D504E604F70411F722
:10FDB0000FEF1FEF2FEF3FE0B701A601C4010E9434
:10FDC0001BD5782E81111AC0712C872D2C960FB659
:10FDD000F894DEBF0FBECDBFDF91CF911F910F9181
:10FDE000FF90EF90DF90CF90BF90AF909F908F905B
:10FDF0007F906F905F904F903F900895F501448100
:10FE0000558166817781411551056105710539F08C
:10FE100097018601C4010E941BD58823A9F2D50150
:10FE20001496CD92DD92ED92FC921797332051F00B
:10FE3000D701C6010196A11DB11DF40180839183F4
:10FE4000A283B383F50185899689A789B08D892B13
:10FE50008A2B8B2B09F0B9CFC58AD68AE78AF08E18
:10FE6000818180688183B1CF40E050E0BA010C9479
:10FE7000E1D6EF92FF920F931F93CF93DF93CDB70D
:10FE8000DEB72C970FB6F894DEBF0FBECDBF8C0146
:10FE90007F936F935F934F9383ED94E09F938F9342
:10FEA0009E012F5F3F4F79013F932F930E944DFC9E
:10FEB000F80101900020E9F7CF010197801B910B19
:10FEC0000FB6F894DEBF0FBECDBF8431910548F464
:10FED00045E150E0481B590BB701800F911F0E946C
:10FEE000A8F1C8012C960FB6F894DEBF0FBECDBFA7
:10FEF000DF91CF911F910F91FF90EF900895809126
:10FF000024028F3708F44CC08F579091A90D90931D
:10FF10009908992309F440C0A59A9091DD07909320
:10FF200098089923D9F1759A9091771491110BC083
:10FF30002091781430E03595279520937914232B60
:10FF400009F440C0739A8F5F8093240280919708D0
:10FF500091E089278093970880912302980F85303C
:10FF60000CF090E0823009F47AC074F5882309F42B
:10FF700041C0813009F468C0909323020E940F763B
:10FF80008091CB099091CC09009729F0019790932B
:10FF9000CC098093CB090895A598BFCF7598C4CF9D
:10FFA00090919908891708F0A59890919808891759
:10FFB00008F07598909177149111C5CF90917914AC
:10FFC000891708F27398BFCF843009F460C00CF42D
:10FFD00059C0853089F620919608211102C080937E
:10FFE000960880919608815080939608882321F284
:10FFF00095E0C2CF809122028F5F80311CF4809304
:020000021000EC
:100000002202BACF109222028091D207811113C02E
:1000100020919F0D3091A00D3093A20D2093A10D42
:100020002091D3073091D4073093D6072093D5077A
:1000300081E08093D2071092A00D10929F0D109234
:10004000D4071092D30798CF10927B0081E480935D
:100050007C0080917A00806480937A008DCF8091BB
:100060007A0086FD27C04091780050917900209158
:100070009F0D3091A00D240F351F3093A00D2093BC
:100080009F0D7ACF88E080937B0086E4E0CF80915B
:100090007A0086FD11C0409178005091790020913E
:1000A000D3073091D407240F351F3093D407209302
:1000B000D30762CF92E060CF94E05ECF0F930FB78B
:1000C0000F9300916E000D7F00936E0078940F9354
:1000D0000BB70F930CB70F921F922F933F934F9331
:1000E0005F936F937F938F939F93AF93BF93EF93A0
:1000F000FF93112404DFFF91EF91BF91AF919F9186
:100100008F917F916F915F914F913F912F911F90B0
:100110000F900CBF0F910BBF0F910260F8940093EA
:100120006E000F910FBF0F911895CF93DF93CFE91A
:10013000DDE0198618861092E6070E9448721A863A
:10014000A598C3EDD7E0198618860E94FE241A866A
:100150007598DF91CF9108958F929F92AF92BF9241
:10016000CF92DF92EF92FF920F931F93CF93DF9383
:10017000B4E4A0E06A2F70E0AB014B0F511D559520
:100180004795411119C0EEE5FCE265917491072E87
:10019000000C880B990B0E9465F2DF91CF911F91A3
:1001A0000F91FF90EF90DF90CF90BF90AF909F9016
:1001B0008F900895B42FE0CFA41711F0B41303C0AB
:1001C000EAE6FDE2E2CF9A0121503109220F331F06
:1001D000220F331FF901E45AF34DE590F490F90131
:1001E000E05AF34DC591D4918E159F0518F3A42FB5
:1001F000C817D90708F4BECFF901E25AF34D0591AB
:100200001491F901EE59F34DC590D4908E199F09C0
:10021000BC0190E080E00E9463F24B015C01B601FA
:10022000601B710B072E000C880B990B0E9465F266
:100230009B01AC01C501B4010E94C4F24B015C01F9
:10024000CE19DF09BE0190E080E00E9463F29B01BD
:10025000AC01C501B4010E94F8F96B017C01B80141
:10026000110F880B990B0E9465F29B01AC01C7012D
:10027000B6010E941CF991CFCF92DF92EF92FF92CC
:100280006A017B010E94722BC701B601FF90EF90BB
:10029000DF90CF900C946FC7CF93DF93EC01488130
:1002A00059816A817B8185E297E2E6DF4C815D813D
:1002B0006E817F8185E891E3DFDF488559856A8516
:1002C0007B8581E891E3DF91CF910C949A2C0F9379
:1002D0000FB70F9300916E000F930D7F00936E0088
:1002E00000916F000D7F00936F000F930BB70F937A
:1002F0000CB70F921F922F933F934F935F936F937F
:100300007F938F939F93AF93BF93EF93FF931124AA
:10031000D3D7FF91EF91BF91AF919F918F917F9133
:100320006F915F914F913F912F911F900F900CBF54
:100330000F910BBF0F910260F89400936F000F9123
:1003400000936E000F910FBF0F911895CF93DF931D
:1003500000D0CDB7DEB700C000C087EC9DE09A8327
:1003600089831B82CE0101960E94D1719091080170
:10037000811101C09095917090930601811147C041
:100380008FEF80931D0887EC9DE09A83898381E03D
:100390008B83CE0101960E94D17190910801811149
:1003A0009095987090930601811133C08FEF8093E0
:1003B0001E0887EC9DE09A83898382E08B83CE01BF
:1003C00001960E94D17190910801811190959078C9
:1003D0009093060181111FC08FEF80931F0887EC57
:1003E0009DE09A83898383E08B83CE0101960E94EE
:1003F000D171882391F08D9881E08093200800C00E
:1004000000C00F900F900F90DF91CF91089581E081
:10041000B8CF81E0CCCF81E0E0CF8D9A8FEFEDCFE8
:1004200080911C08877F80931C088B9A81E0089537
:100430008B9880911C08886080931C08089521E0A7
:1004400030E0082E02C0220F331F0A94E2F72095F5
:10045000309590911C08292320931C08813061F06D
:1004600020F0823071F081E008958E9A80915D09CC
:100470008E7F80935D09F7CF749A80915D098D7F9F
:10048000F8CF80910801809580718093060180915A
:100490005D098B7FEECF80E0D2DF81E0D0DF82E0AC
:1004A000CEDFBECF8130B9F0A0F08230B1F021E0D4
:1004B00030E0082E01C0220F0A94EAF790911C0840
:1004C000922B90931C08823019F481E08093BF072F
:1004D00008958E98ECCF7498EACF909108019071AE
:1004E00090930601E4CF80E0DDDF81E0DBDF82E096
:1004F000D9DF9ECF8F929F92AF92BF92CF92DF9221
:10050000EF92FF920F931F93CF93DF93C82F41E099
:1005100068E170E20E941B2DC11102C00E949B2B5A
:1005200080E190E20E94722B8EE69FE10E94722B86
:100530000E949E2B8C2F0E94F93641E06EEF7FE1E6
:100540008C2F0E941B2DC11102C00E949B2B81EE9B
:100550009FE10E94722B8C2F0E94902E8C2F0E9464
:10056000EEC98C2F0E94322E8C2F0E94592E8C2F78
:100570000E94132E8C2F0E94C82D8C2F0E94A92D13
:100580006AE87FE18C2F0E94E2C9D0918D090CE9C5
:100590001FE1DD2311F000EA1FE1C0908E09D09029
:1005A0008F09E0909009F090910981E89FE10E9405
:1005B000722B8D2F0E94A6278CE490E30E94722B51
:1005C00042E0C701B6010E949BC784E79FE10E94F9
:1005D000722BC8010E94722B0E949E2B0E942A2817
:1005E0008823A9F18AE5E82E87E0F82ED0E067019C
:1005F00010E0C11102C00E949B2BF6018080918007
:10060000A280B38087ED9FE10E94722B812F0E9410
:10061000242884ED9FE10E94722B8D2F0E942428B4
:100620008CE490E30E94722B45E0C501B4010E9466
:100630009BC70E949E2B1F5FF4E1CF0ED11C15308B
:10064000C1F6DF5F84E0E80EF11CD53081F68C2F17
:100650000E945C2D8C2F0E94BF2E8C2F0E94A12BFC
:100660008C2F0E94352D6DEB7FE18C2F0E94E2C90B
:10067000C091200284EB9FE10E94722B8C2F0E947C
:10068000A6274091E4035091E5036091E603709141
:10069000E70381EB9FE10E94882B4091E803509192
:1006A000E9036091EA037091EB038EEA9FE10E94F7
:1006B000882B809120026CE97FE1882311F060EAA9
:1006C0007FE183EA9FE1DF91CF911F910F91FF902E
:1006D000EF90DF90CF90BF90AF909F908F900C9451
:1006E000B62E4F925F926F927F928F929F92AF92AF
:1006F000BF92CF92DF92EF92FF92CF93DF9300D021
:1007000000D0CDB7DEB79E838D830E946F284B014A
:100710005C01AD81BE8118964D905D906D907C908E
:100720001B97AC019B01C301B2010E941BF96B0135
:100730007C0180918E0990918F09A0919009B091D0
:10074000910989839A83AB83BC8320E030E0A901BF
:10075000BC01CD010E945FF2882349F020E030E027
:10076000A901C701B6010E945FF21816ECF0AD8135
:10077000BE811896CD92DD92ED92FC921B97269643
:100780000FB6F894DEBF0FBECDBFDF91CF91FF90C3
:10079000EF90DF90CF90BF90AF909F908F907F9021
:1007A0006F905F904F90089529813A814B815C81D1
:1007B000C301B2010E9443FB87FFE1CF2091890969
:1007C00030918A0940918B0950918C09C501B4017F
:1007D0000E94C4F29B01AC0160E070E080E89FE3FE
:1007E0000E941BF99B01AC01C701B6010E94F8F9F8
:1007F000ED81FE816087718782879387C0CFCF9319
:10080000DF9380913B07811119C0C0911D02D091E7
:100810001E02219720E030E040E05FE36091A30DED
:100820007091A40D8091A50D9091A60D0E941CF9C8
:100830000E9460FA21E06C177D070CF020E0822F07
:10084000DF91CF910895AF92BF92CF92DF92EF9256
:10085000FF920F931F93CF93DF93C5EDD9E007EA83
:1008600019E085EEA82E89E0B82EC12CD12C760196
:10087000C39469917991899199910E9463F2288931
:1008800039894A895B890E94C4F20E9465FAF8019D
:1008900061937193819391938F01C616D706E806F1
:1008A000F90610F46B017C01AC16BD0611F76FEF71
:1008B0007FEFCB01A70196010E9489F82093B70929
:1008C0003093B8094093B9095093BA09DF91CF9199
:1008D0001F910F91FF90EF90DF90CF90BF90AF905E
:1008E00008950F931F93CF93DF9309EE19E0CBEB9D
:1008F000D9E0F80121913191419151918F0160E04E
:1009000070E080E89FE30E94F8F9699379938993F6
:100910009993F9E0CB3CDF0761F70E9469C9DF9149
:10092000CF911F910F918FCF9091250E8091260E20
:10093000981306C08091CB099091CC09892B21F0A6
:1009400080E00E940B3AF0CF08954F925F926F9231
:100950007F928F929F92AF92BF92CF92DF92EF924F
:10096000FF92CF93DF93EC0180E1FE01A7E2BEE0AE
:1009700001900D928A95E1F72091F5093091F609E1
:100980004091F7095091F8096C857D858E859F858A
:100990000E94C4F20E944FFB6B017C012091F1097F
:1009A0003091F2094091F3095091F40968857985F5
:1009B0008A859B850E94C4F20E944FFB4B015C011B
:1009C0002091ED093091EE094091EF095091F00925
:1009D0006C817D818E819F810E94C4F20E944FFBB9
:1009E0002B013C012091E9093091EA094091EB0982
:1009F0005091EC09688179818A819B810E94C4F2BF
:100A00000E944FFB6093370E7093380E8093390E1F
:100A100090933A0E40923B0E50923C0E60923D0EE7
:100A200070923E0E80923F0E9092400EA092410E28
:100A3000B092420EC092430ED092440EE092450E08
:100A4000F092460E9091250E8091260E981781F017
:100A5000DF91CF91FF90EF90DF90CF90BF90AF905C
:100A60009F908F907F906F905F904F900C942CC9C7
:100A70005BDF0E94A371C82F87E39EE00E94247170
:100A8000CC2381F0DF91CF91FF90EF90DF90CF905A
:100A9000BF90AF909F908F907F906F905F904F909E
:100AA0000C94552BDF91CF91FF90EF90DF90CF907A
:100AB000BF90AF909F908F907F906F905F904F907E
:100AC0000895CF92DF92EF92FF92CF93DF93C82FDA
:100AD0000E94A37194E0C99FE0011124FE01EA582D
:100AE000F74FC080D180E280F38081110E94552BA6
:100AF000C554D64FC701B6010E9465F228813981DD
:100B00004A815B810E94C4F2DF91CF91FF90EF9008
:100B1000DF90CF9008958F929F92AF92BF92CF9225
:100B2000DF92EF92FF921F93CF93DF93CDB7DEB7A3
:100B300060970FB6F894DEBF0FBECDBF182F80E0D0
:100B4000C0DF4B015C018092040890920508A092DE
:100B50000608B092070881E0B4DF6B017C01C09207
:100B60000808D0920908E0920A08F0920B0882E087
:100B7000A8DF60930C0870930D0880930E08909383
:100B80000F081D861E861F86188A89829A82AB826C
:100B9000BC82CD82DE82EF82F88669877A878B8776
:100BA0009C8783E08EDF6D877E878F87988B80910F
:100BB0008D09882319F0CE01019693DD1E3FD9F4EB
:100BC00080E1FE013196A0E2BAE001900D928A9593
:100BD000E1F760960FB6F894DEBF0FBECDBFDF9190
:100BE000CF911F91FF90EF90DF90CF90BF90AF908B
:100BF0009F908F90089584E0189FF0011124DF01E9
:100C0000A05EB54F81E090E08C0F9D1FE80FF91FAB
:100C100040815181628173814D935D936D937C938B
:100C20001397D7CF0F931F93CF93DF9300D01F92CB
:100C3000CDB7DEB78C0180915D0982FF33C082E0C1
:100C400040DF20E030E048E452E40E94C4F20E9419
:100C500060FA0E9465F22AE037ED43EA5CE30E9405
:100C6000C4F220E030E048EC52E40E94C4F20E945A
:100C70004FFB0E941F72F8012081318169837A83C2
:100C80008B839C8344E0BE016F5F7F4FC9010E944C
:100C900030240F900F900F900F90DF91CF911F9104
:100CA0000F91089560E070E0CB01CBCF9091250EBD
:100CB0008091260E981307C08091CB099091CC09A2
:100CC000892B09F4E8CB80E00E940B3AEFCFCF925A
:100CD000DF92EF92FF92CF93DF93C82F0E94A37110
:100CE00094E0C99FE0011124FE01E659F74FC0804E
:100CF000D180E280F38081110E94552BC554D64FDC
:100D0000C701B6010E9465F2288139814A815B8161
:100D10000E94C4F2DF91CF91FF90EF90DF90CF90CF
:100D200008958F929F92AF92BF92CF92DF92EF92EF
:100D3000FF92CF93DF9320918D09222309F47FC086
:100D4000EC0180908E0990908F09A0909009B0904E
:100D5000910920E030E0A901C501B4010E945FF2D1
:100D6000882309F477C0C884D984EA84FB8420E00E
:100D700030E0A901C701B6010E945FF218160CF01D
:100D800069C0A5019401C701B6010E9443FB87FF1A
:100D900056C020918509309186094091870950916C
:100DA0008809C701B6010E945FF2882321F1C09231
:100DB0008509D0928609E0928709F09288092091EE
:100DC000890930918A0940918B0950918C09C7019A
:100DD000B6010E94C4F29B01AC0160E070E080E8C3
:100DE0009FE30E941BF96093190270931A0280938B
:100DF0001B0290931C02C0901902D0901A02E0903E
:100E00001B02F0901C0220E030E0A901C701B601EE
:100E10000E945FF2882399F0CE010E946F28A701FB
:100E200096010E94C4F29B01AC01688579858A8590
:100E30009B850E941CF9688779878A879B87DF9149
:100E4000CF91FF90EF90DF90CF90BF90AF909F90A9
:100E50008F900895C12CD12C80E8E82E8FE3F82ED6
:100E6000DBCFCF92DF92EF92FF92C0905507D090E8
:100E70005607E0905707F09058078091590788234C
:100E800009F44FC020E030E0A901C701B6010E947B
:100E90005FF2882309F445C020E030E040E05FE3E2
:100EA000C701B6010E94C4F29B01AC010E94C4F2CA
:100EB0002BED3FE049E450E40E94C4F29B01AC01F9
:100EC00060E070E080E89FE30E94F8F96B017C012C
:100ED000C0923707D0923807E0923907F0923A076C
:100EE0006091170270911802072E000C880B990B65
:100EF0000E9465F22AE037ED43E25CE30E94C4F20F
:100F0000A70196010E94C4F26093550270935602A5
:100F10008093570290935802FF90EF90DF90CF900C
:100F20000895C12CD12C80E8E82E8FE3F82ED0CF85
:100F30002F923F924F925F926F927F928F929F92E9
:100F4000AF92BF92CF92DF92EF92FF920F931F93D7
:100F5000CF93DF93CDB7DEB766970FB6F894DEBFB9
:100F60000FBECDBF1C016A017B0128013901DC01E4
:100F700055968D909D90AD90BC90589720E030E0B4
:100F8000A901CB01B6010E945FF2882309F44EC18A
:100F9000A7019601C501B4010E94C4F20E944FFB53
:100FA000D62EE72EF82EC92EA3019201C501B40159
:100FB0000E94C4F20E944FFBDD82EE82FF82C8864F
:100FC0002D813E814F8158852032310541055105E3
:100FD00048F420E2822E912CA12CB12C8D829E828D
:100FE000AF82B88669837A838B839C8329813A8117
:100FF0004B815C81203231054105510548F480E286
:10100000882E912CA12CB12C89829A82AB82BC8231
:10101000F101FE9680819181A281B3818097A10523
:10102000B10540F480E290E0A0E0B0E080839183DD
:10103000A283B383D1019D968D909D90AD90BC907D
:10104000D0978B8A9C8AAD8ABE8AF101E65BFF4FFE
:10105000608171818281938161157105810591059E
:1010600009F4ECC00E9465F29B01AC0160E070E005
:1010700080E89FE30E94F8F920E030E040E05FE381
:101080000E94C4F26B017C01F101FE9660817181C6
:10109000828193810E9463F29B01AC010E94C4F2A1
:1010A0002B013C0169817A818B819C810E9463F2D2
:1010B0009B01AC010E94C4F29B01AC01C301B201CF
:1010C0000E941BF9A70196010E94C4F269877A87E2
:1010D0008B879C876D817E818F8198850E9463F2CA
:1010E0009B01AC010E94C4F29B01AC01C301B2019F
:1010F0000E941BF9A70196010E94C4F22B013C013A
:101100000E94E2F90E9460FA6B017C0169857A8590
:101110008B859C850E94E2F90E9460FA4601570186
:10112000860E971EA81EB91E2B893C894D895E89A3
:10113000281939094A095B0957FF32C06B897C8934
:101140008D899E890E9463F2A30192010E941CF97D
:1011500029853A854B855C850E941BF920E030E0AB
:1011600040E05FE30E94C4F20E944FFBC12CD12CEF
:10117000760197FD0DC06B017C018B889C88AD8842
:10118000BE888C149D04AE04BF0414F47501640180
:101190006B897C898D899E896C197D098E099F09CF
:1011A000D101D196CD92DD92ED92FC92D4978B88AD
:1011B0009C88AD88BE88861A970AA80AB90AD50104
:1011C000C401F10185AB96ABA7ABB0AFEE5BFF4FAF
:1011D0008D809E80AF80B88480829182A282B3820B
:1011E00091012A5B3F4FD90189809A80AB80BC80F6
:1011F0008D929D92AD92BC92139766960FB6F8941D
:10120000DEBF0FBECDBFDF91CF911F910F91FF9039
:10121000EF90DF90CF90BF90AF909F908F907F9096
:101220006F905F904F903F902F900895F101EE5B8B
:10123000FF4FD080E180F280C380B6CEC12CD12C8C
:10124000760160E070E0CB01ABCF8F3010F48F5FA0
:1012500008958F500895CF93DF939091260E80913B
:10126000250E891740F0891B41F4D0E0C0E0CE0183
:10127000DF91CF910895805FF6CF9091230E99234F
:1012800051F0833030F48FEF890F19F08093230EE3
:10129000ECCF1092230EC091260E83E6C89FE0018A
:1012A0001124C95BD14F888180FDDFCF8091260E4C
:1012B000CCDF8093240EDBCF2F923F924F925F9230
:1012C0006F927F928F929F92AF92BF92CF92DF9256
:1012D000EF92FF920F931F93CF93DF9300D000D034
:1012E00000D01F921F92CDB7DEB78FEF9FEF909384
:1012F0008900809388002AE02D8310E000E080912F
:10130000670890916808892B09F0B1C1809169083C
:101310008823D9F0809194099091950910926908D9
:10132000892B09F4A4C11092950910929409109286
:10133000C80D9091250E8091260E981709F497C13B
:101340008091260E82DF8093260E809194099091E1
:101350009509892B09F48BC140915D0850915E0875
:1013600060915F08709160088091590890915A08C7
:10137000A0915B08B0915C08481759076A077B0782
:1013800008F075C1C0902102D12CF12CE12C841BF6
:10139000950BA60BB70BC816D906EA06FB0610F488
:1013A000D701C601E82F840F951FA61FB71F809392
:1013B0005D0890935E08A0935F08B093600891E089
:1013C000C0902108D0902208E0902308F0902408D3
:1013D000409135085091360860913708709138086F
:1013E00040902508509026086090270870902808A3
:1013F000440D551D661D771D80E077FD05C04C1915
:101400005D096E097F0981E04093350850933608E5
:1014100060933708709338084091390850913A0822
:1014200060913B0870913C084090290850902A0830
:1014300060902B0870902C08440D551D661D771D7B
:1014400077FD05C082604C195D096E097F094093E4
:10145000390850933A0860933B0870933C084091D8
:101460003D0850913E0860913F08709140084090BF
:101470002D0850902E0860902F0870903008440D71
:10148000551D661D771D77FD05C084604C195D09EB
:101490006E097F0940933D0850933E0860933F08D2
:1014A0007093400840914108509142086091430870
:1014B0007091440840903108509032086090330891
:1014C00070903408440D551D661D771D77FD05C0CD
:1014D00088604C195D096E097F094093410850935B
:1014E00042086093430870934408911104C020910E
:1014F000840030918500282F30E0482F417080FF14
:101500001CC080911D08082E000C990BAA0BBB0B68
:10151000C0907608D0907708E0907808F09079082D
:101520008C0D9D1DAE1DBF1D80937608909377088E
:10153000A0937808B09379088F9A21FB552750F92A
:101540005887198621FF21C080911E08082E000CA3
:10155000990BAA0BBB0BC0907A08D0907B08E09047
:101560007C08F0907D088C0D9D1DAE1DBF1D8093E5
:101570007A0890937B08A0937C08B0937D088091B3
:101580000801809584708093060122FB222420F8B4
:10159000312C22FF21C080911F08082E000C990BCE
:1015A000AA0BBB0BC0907E08D0907F08E09080080B
:1015B000F09081088C0D9D1DAE1DBF1D80937E088F
:1015C00090937F08A0938008B093810880910801D0
:1015D0008095807280930601F3E035952795FA9502
:1015E000E1F721153105E1F080912008082E000C6B
:1015F000990BAA0BBB0BC0908208D0908308E09097
:101600008408F09085088C0D9D1DAE1DBF1D809334
:10161000820890938308A0938408B09385088C9ADD
:101620008091840090918500809184009091850044
:1016300041118F9888849984892829F08091080124
:10164000847080930601232829F08091080180721C
:1016500080930601232B09F08C98EE2321F08091D2
:10166000840090918500E15090E009F0A9CEA0900F
:101670005302B0905402BF82AE82AB2809F052C030
:1016800080906F09909070099A82898281149104E8
:1016900009F43DC0F090060182E00E94528200C031
:1016A00000C080910801181419040CF4809580780A
:1016B0008093060100C000C080910801809580726F
:1016C0008093060100C0000082E090E00197F0F7EF
:1016D0008091080180728093060100C000C0809153
:1016E0000801F7FC809580788093060100C000C057
:1016F000A980BA8080916F09909170091A141B0417
:101700000CF0A5C201979093700980936F090E9415
:101710005B2B882309F49DC280ED97E090935402DF
:101720008093530278948091670890916808892B80
:1017300009F0FAC120918400309185008091210246
:101740008230B0F04091650850916608420F531FF7
:1017500060916108709162086417750748F090E025
:1017600095958795809321021092640810926308E2
:1017700031952195310930936608209365081092C0
:10178000620810926108E0909409F0909509E114C4
:10179000F10409F4CCC380915D0890915E08A0919A
:1017A0005F08B09160084091590850915A086091C3
:1017B0005B0870915C0884179507A607B70708F4C3
:1017C00053C280912002882309F465C080916A0D7C
:1017D000811105C00E94FE39882309F455C0D70144
:1017E00099966D917D918D919C919C976115710554
:1017F0008105910509F448C0DD962C9123FF2CC288
:101800000E9465F22091C7093091C8094091C90929
:101810005091CA090E94C4F26B017C01AC019B018A
:1018200060916B0D70916C0D80916D0D90916E0DAE
:101830000E941BF960936B0D70936C0D80936D0D7E
:1018400090936E0D80916F0D81110E9425C680913D
:10185000C007811119C0A70196016091700D7091A8
:10186000710D8091720D9091730D0E941BF9609320
:10187000700D7093710D8093720D9093730D809124
:10188000740D81110E94F4C58091C10780FD0E94F2
:10189000F4C51092C1071092950910929409109204
:1018A000C80D9091250E8091260E981709F43FC31C
:1018B0008091260ECADC8093260E60EDE62E67E04E
:1018C000F62E8091940990919509892B09F028C1F1
:1018D000C2DC9093950980939409892B09F420C167
:1018E00080909409909095099B868A86D4018C916A
:1018F00082FDF1C2F401E15BFF4F80819181A28101
:10190000B38180936E1590936F15A0937015B0936B
:10191000711580E13496AFEBB4E101900D928A9598
:10192000E1F780E0EA85FB85458C568C678C70A0DA
:1019300091E0411451046104710409F490E090FBBA
:1019400080F9AA85BB859196CD90DD90ED90FC90B5
:10195000949791E0C114D104E104F10409F490E0FA
:1019600090FB81F9EA85FB8545A156A167A170A589
:1019700091E0411551056105710509F490E090FB76
:1019800082F98093C80DEA85FB8585A596A5A7A554
:10199000B0A98093590890935A08A0935B08B0931C
:1019A0005C08882499245401881A990AAA0ABB0A57
:1019B0008092350890923608A0923708B092380885
:1019C0008092390890923A08A0923B08B0923C0865
:1019D00080923D0890923E08A0923F08B092400845
:1019E0008092410890924208A0924308B092440825
:1019F00081A492A4A3A4B4A4880C991CAA1CBB1C07
:101A00008092310890923208A0923308B092340844
:101A1000440C551C661C771C4092250850922608E1
:101A20006092270870922808CC0CDD1CEE1CFF1C6D
:101A3000C0922908D0922A08E0922B08F0922C0834
:101A4000440F551F661F771F40932D0850932E0893
:101A500060932F0870933008880F991FAA1FBB1F2F
:101A60008093210890932208A0932308B093240820
:101A700010925D0810925E0810925F081092600844
:101A800081A992A9A3A9B4A9809355089093560857
:101A9000A0935708B093580885A996A9A7A9B0ADF7
:101AA0008093450890934608A0934708B093480850
:101AB0009091C70D85AD981721F08093C70D0E94B6
:101AC000A6810E940F761092640810926308E0913C
:101AD0009409F0919509EE5BFF4F608171818281DD
:101AE000938160934D0870934E0880934F089093B4
:101AF00050080E942D717C0196958795B0E0A0E07A
:101B00008093490890934A08A0934B08B0934C08DF
:101B10008093510890935208A0935308B0935408AF
:101B2000F0926808E09267088E809F80892871F49F
:101B300080916708909168088A3F910538F47AEFA0
:101B4000A72EB12CB0926808A0926708209153028A
:101B50003091540280916708909168082F3F3207B6
:101B600009F4FBC1AC01569547952417350708F0D9
:101B7000E3C1509354024093530280365AEE9507C6
:101B800008F4C5C160E67AEE209153023091540208
:101B9000A9016217730708F4AB01841B950B90939E
:101BA0006808809367082F3F320731F0241B350BFC
:101BB0003093540220935302040F151FF894809120
:101BC00084009091850040967D8171507D837723BC
:101BD00021F00817190708F492CB40918400509126
:101BE00085002091650830916608240F351F3093D9
:101BF0006608209365080817190708F08AC1209124
:101C00002102203138F4220F20932102109264081F
:101C10001092630890938900809388002B960FB6EA
:101C2000F894DEBF0FBECDBFDF91CF911F910F9112
:101C3000FF90EF90DF90CF90BF90AF909F908F90EC
:101C40007F906F905F904F903F902F9008950196F6
:101C50005ACD8FEF9FEF62CD9095809570956195ED
:101C60007F4F8F4F9F4FCCCD4091550850915608D4
:101C7000609157087091580884179507A607B70711
:101C800008F080C08090510890905208A0905308AE
:101C9000B090540889829A82AB82BC82F70181ADF0
:101CA00092ADA3ADB4ADB501A401EE27499FF12DCE
:101CB0005A9F90016A9F300D699F200D311D4A9FE8
:101CC000F00D211D3E1F599FF00D211D3E1F689FE5
:101CD000F00D211D3E1F589FF10D2E1F3E1FB49F7A
:101CE000FF0F201D311DB59F300D1124F701EE5B54
:101CF000FF4F80819181A281B381820F931FA11D2B
:101D0000B11D80934D0890934E08A0934F08B09357
:101D10005008B701625C7F4FFB01408151816281B5
:101D20007381481759076A077B0740F440934D08B1
:101D300050934E0860934F087093500860914D087F
:101D400070914E0880914F08909150080E942D711B
:101D50007C0189819A81AB81BC818E0D9F1DA11D63
:101D6000B11D8093510890935208A0935308B093EB
:101D700054081092490810924A0810924B08109289
:101D80004C089FCD40914508509146086091470806
:101D90007091480884179507A607B70708F46CC028
:101DA0008090490890904A08A0904B08B0904C0849
:101DB00089829A82AB82BC82F70181AD92ADA3ADDC
:101DC000B4ADB501A401EE27499FF12D5A9F9001B2
:101DD0006A9F300D699F200D311D4A9FF00D211D16
:101DE0003E1F599FF00D211D3E1F689FF00D211DC4
:101DF0003E1F589FF10D2E1F3E1FB49FFF0F201D49
:101E0000311DB59F300D1124A90170E060E0809173
:101E10004D0890914E08A0914F08B0915008F701DD
:101E2000EA5BFF4FC080D180E280F38048175907FA
:101E30006A077B0758F4841B950BA60BB70BC816D3
:101E4000D906EA06FB0610F46C017D01C701B60154
:101E50000E942D717C0189819A81AB81BC818E0D9C
:101E60009F1DA11DB11D8093490890934A08A0931E
:101E70004B08B0934C0825CD80916308909164087D
:101E8000892B21F59701225C3F4FD901CD90DD9040
:101E9000ED90FC90C701B6010E942D7190936408EB
:101EA0008093630896958795B0E0A0E080934908F9
:101EB00090934A08A0934B08B0934C08C0924D08E9
:101EC000D0924E08E0924F08F0925008E0906308DC
:101ED000F0906408F6CCAA85BB858C9182FF04C083
:101EE000CD014D960E94247110929509109294098B
:101EF0001092C80D9091250E8091260E981709F426
:101F0000E7CC8091260EA1D98093260EE1CCBC01AE
:101F10003BCE8091610890916208841B950B800FE5
:101F2000911F9093620880936108C80173CE80ED81
:101F3000E82E87E0F82ECCCC8036AAEE9A0708F07F
:101F400021CEA9018217930708F4AC01841B950BDD
:101F5000909368088093670829CE8036BAEE9B0775
:101F6000B0F240E65AEE80569A4E909368088093FD
:101F7000670822CECF93DF931F92CDB7DEB7898358
:101F800060E0CE0101960E94B07161E0CE01019641
:101F90000E94B07162E0CE0101960E94B071898109
:101FA0000F90DF91CF9108954F925F926F927F9241
:101FB0008F929F92AF92BF92CF92DF92EF92FF9259
:101FC000FC01408051806280738084809580A6806F
:101FD000B780C084D184E284F38420E030E0A9019A
:101FE000C301B2010E945FF2811125C020E030E000
:101FF000A901C501B4010E945FF281111CC020E05B
:1020000030E0A901C701B6010E9443FB87FF04C06D
:10201000F7FAF094F7F8F094C701B601FF90EF904B
:10202000DF90CF90BF90AF909F908F907F906F90F8
:102030005F904F900895A3019201C301B2010E94E5
:10204000C4F22B013C01A5019401C501B4010E9419
:10205000C4F29B01AC01C301B2010E941CF94B0107
:102060005C01A7019601C701B6010E94C4F29B0161
:10207000AC01C501B4010E941CF9FF90EF90DF9004
:10208000CF90BF90AF909F908F907F906F905F9018
:102090004F900C9489FB8F929F92AF92BF92CF92F8
:1020A000DF92EF92FF92CF93DF93209135022223AC
:1020B00009F48EC0EC0180912607E82E80FF2CC029
:1020C0008090370290903802A0903902B0903A0286
:1020D000288139814A815B81C501B4010E9443FB9B
:1020E000181624F488829982AA82BB8280904302C7
:1020F00090904402A0904502B09046022881398118
:102100004A815B81C501B4010E945FF287FF04C070
:1021100088829982AA82BB82E1FE2CC080903B0219
:1021200090903C02A0903D02B0903E022C813D81F7
:102130004E815F81C501B4010E9443FB181624F44F
:102140008C829D82AE82BF8280904702909048022E
:10215000A0904902B0904A022C813D814E815F815E
:10216000C501B4010E945FF287FF04C08C829D828A
:10217000AE82BF82E2FE2CC0C0903F02D0904002EF
:10218000E0904102F0904202288539854A855B85BE
:10219000C701B6010E9443FB181624F4C886D986ED
:1021A000EA86FB86C0904B02D0904C02E0904D0234
:1021B000F0904E02288539854A855B85C701B601B6
:1021C0000E945FF287FF04C0C886D986EA86FB8634
:1021D000DF91CF91FF90EF90DF90CF90BF90AF90C5
:1021E0009F908F9008958091120890911308A0916C
:1021F0001408B09115088093130290931402A093D1
:102200001502B093160280911008909111089093D6
:10221000120280931102089580911302909114028A
:10222000A0911502B09116028093120890931308A2
:10223000A0931408B0931508809111029091120296
:10224000909311088093100884E690E09093120216
:10225000809311020895CF93DF93CDB7DEB72C970B
:102260000FB6F894DEBF0FBECDBFAB01BC01198223
:102270001A821B821C821D821E821F82188619866A
:102280001A861B861C869E012F5F3F4F80E29AE0D4
:102290000E94EFC82C960FB6F894DEBF0FBECDBFDC
:1022A000DF91CF9108954F925F926F927F92AF929C
:1022B000BF92CF92DF92EF92FF920F931F93CF9333
:1022C000DF9300D000D000D01F92CDB7DEB7698376
:1022D0007A838B839C832D833E834F83588727018A
:1022E000380120E030E0A901B501C6010E945FF28B
:1022F000811175C010914F02809150028A87909190
:102300005102998700915202A12CB12C80E2C82E73
:1023100092E4D92EA30192016091280A7091290AB2
:1023200080912A0A90912B0A0E945FF287FF0BC0CE
:102330004092280A5092290A60922A0A70922B0A27
:10234000B501C60188DF89819A81AB81BC81809308
:10235000200A9093210AA093220AB093230A8D8128
:102360009E81AF81B8858093240A9093250AA0931B
:10237000260AB093270A612F7A858985902F6BDF13
:10238000A30192016091280A7091290A80912A0A7A
:1023900090912B0A0E9443FB18165CF44092280A85
:1023A0005092290A60922A0A70922B0AB501C6013E
:1023B00052DF2A960FB6F894DEBF0FBECDBFDF9175
:1023C000CF911F910F91FF90EF90DF90CF90BF9032
:1023D000AF907F906F905F904F900C9494841A2DE3
:1023E000BA86C9860D2D96CFAF92BF92CF92DF925B
:1023F000EF92FF920F931F937B018C0159016A01A9
:10240000E0E2FAE024813581468157816081718163
:102410008281938148DF1F910F91FF90EF90DF90B1
:10242000CF90BF90AF9008958F929F92AF92BF923E
:10243000CF92DF92EF92FF92CF936B017C01C22F7C
:102440004423C9F080901D0E90901E0EA0901F0E88
:10245000B090200E20E030E0A901C501B4010E9437
:102460005FF287FF08C0A5019401C701B6010E9471
:102470001BF96B017C0120E030E048EC53E4C7011C
:10248000B6010E9443FB181634F4C12CD12C88EC01
:10249000E82E83E4F82E8090280A9090290AA090D4
:1024A0002A0AB0902B0AC11108C0A7019601C501E4
:1024B000B4010E9443FB1816C4F0A7019601C501A0
:1024C000B4010E945FF2882381F020E030E040E216
:1024D00052E4C701B601CF91FF90EF90DF90CF900B
:1024E000BF90AF909F908F907FCFCF91FF90EF9054
:1024F000DF90CF90BF90AF909F908F9008958F9274
:102500009F92AF92BF92CF92DF92EF92FF92CF93C2
:10251000DF934B015C0169017A010E94EC36C0E255
:10252000DAE02091550230915602409157025091C5
:102530005802C501B4010E94F8F92C853D854E85ED
:102540005F850E941CF96C877D878E879F87C701F6
:10255000B60181DEDF91CF91FF90EF90DF90CF90B9
:10256000BF90AF909F908F900C949484CF92DF9205
:10257000EF92FF92C0902C0AD0902D0AE0902E0A84
:10258000F0902F0A2091F5093091F6094091F70952
:102590005091F809C701B6010E94C4F20E944FFB96
:1025A0006093430E7093440E8093450E9093460EB5
:1025B000C092330ED092340EE092350EF092360E69
:1025C0009091250E8091260E981731F0FF90EF9094
:1025D000DF90CF900C942CC90E9494840E94A37128
:1025E0004091430E5091440E6091450E7091460EFD
:1025F0004093820850938308609384087093850801
:10260000882331F0FF90EF90DF90CF900C94552B02
:10261000FF90EF90DF90CF9008950C9469C9AF922E
:10262000BF92CF92DF92EF92FF920F931F93CF93BF
:102630007B018C0159016A012091240A3091250AFD
:102640004091260A5091270A6091200A7091210A30
:102650008091220A9091230A26DE80915C09C82F7E
:10266000C47082FD13C010925C0982E00E948B85C9
:10267000D4DF81E0C11180E0CF911F910F91FF90D5
:10268000EF90DF90CF90BF90AF9008950E94E94CFB
:10269000882349F3F1CF0E94A3719091260E909365
:1026A000250E9093240E94E69093230E21ED33E0B3
:1026B0003093CC092093CB0981110E94552B81E0E6
:1026C000809369080E9494848EEF0E948B85A5CF29
:1026D000CF93DF93CDB7DEB72C970FB6F894DEBF5C
:1026E0000FBECDBF0E9406C80E94A3719CE0E6E722
:1026F000F8E0DE01119601900D929A95E1F78111B3
:102700000E94552BCE0101960E944C812C960FB64B
:10271000F894DEBF0FBECDBFDF91CF9108954F92E9
:102720005F926F927F928F929F92AF92BF92CF9261
:10273000DF92EF92FF92CF93DF9300D01F92CDB73D
:10274000DEB78091200A9091210AA091220AB091CF
:10275000230A89839A83AB83BC834090240A5090D8
:10276000250A6090260A7090270A8090280A909087
:10277000290AA0902A0AB0902B0AC0902C0AD09067
:102780002D0AE0902E0AF0902F0A0E94238481E007
:102790008093AA0D0E943187A7E3B2E090E080E029
:1027A000FC01ED56F24E45915591659174914D9312
:1027B0005D936D937D93FC01E957F24E45915591E0
:1027C0006591749118964D935D936D937C931B97CF
:1027D00004968C30910521F76091180870911908C2
:1027E00080911A0890911B080E9419CA0E94822A9F
:1027F0000E94718429813A814B815C816091200A19
:102800007091210A8091220A9091230A0E945FF21E
:1028100081112AC0A30192016091240A7091250AB6
:102820008091260A9091270A0E945FF281111CC0B4
:10283000A50194016091280A7091290A80912A0AC1
:1028400090912B0A0E945FF281110EC0A7019601A0
:1028500060912C0A70912D0A80912E0A90912F0A76
:102860000E945FF2882399F00F900F900F900F90C5
:10287000DF91CF91FF90EF90DF90CF90BF90AF901E
:102880009F908F907F906F905F904F9021CF0F908F
:102890000F900F900F90DF91CF91FF90EF90DF900E
:1028A000CF90BF90AF909F908F907F906F905F90F0
:1028B0004F9008950F931F93CF93DF93EC010FE593
:1028C00019E0F80120813181428153816881798149
:1028D0008A819B810E941CF9688379838A839B8308
:1028E000F80124813581468157816C817D818E81FB
:1028F0009F810E941CF96C837D838E839F83F801E6
:102900002085318542855385688579858A859B85B3
:102910000E941CF9688779878A879B87DF91CF910E
:102920001F910F910895CF93DF9300D01F92CDB7E1
:10293000DEB787E791E0A0E0B0E089839A83AB83BC
:10294000BC83BE016F5F7F4F8CE30E94714C8CE1B2
:102950009CE10E94722B8FB1809566E17CE18170D1
:102960000E941A7780B182FB882780F960E17CE1C0
:1029700091E089270E941A77809100016AE07CE14A
:1029800083FB882780F90E941A778091000161E01B
:102990007CE185FB882780F90E941A7780910001ED
:1029A00083FD09C00E94B54C0F900F900F900F90BF
:1029B000DF91CF9108950E949B4C0F900F900F9044
:1029C0000F90DF91CF91089580910809811104C083
:1029D00080915E09882331F062E070E080E090E051
:1029E0000C94463808954F925F926F927F92AF9207
:1029F000BF92CF92DF92EF92FF920F931F93CF93EC
:102A0000DF9300D01F921F92CDB7DEB78D83162FB4
:102A100020E041E060E070E080E890E405DD409077
:102A2000200A5090210A6090220A7090230A809117
:102A3000240A9091250AA091260AB091270A898339
:102A40009A83AB83BC839D81992369F10E94234DB6
:102A5000111112C0E090280AF090290A00912A0A68
:102A600010912B0AA12CB12C650129813A814B814F
:102A70005C81C301B20117DCAD81A0935E090F90A8
:102A80000F900F900F900F90DF91CF911F910F91AA
:102A9000FF90EF90DF90CF90BF90AF907F906F90BE
:102AA0005F904F9091CF0E94E94CD2CF4F925F92AE
:102AB0006F927F928F929F92AF92BF92CF92DF924E
:102AC000EF92FF920F931F93CF93C82FE82EF12C14
:102AD000F701E45FF04DD490823009F03BC0809163
:102AE0005E09811103C060E081E07DDF0E94234D1B
:102AF000811117C103EC1CE1F801459055906590D8
:102B000074906D2D0D2C000C770B880B990B0E9487
:102B100065F24B015C0120E030E0A901C301B20184
:102B20000E945FF28823B1F0F80185919591A591FB
:102B3000B4916C018D0120E030E040E850E4BC012C
:102B4000CD010E945FF287FF1BC0C12CD12C00E891
:102B500010E416C06D2DDD0C770B880B990B0E94CD
:102B600065F24B015C01F701EE0FFF1FEE0FFF1F37
:102B7000E554F34E85919591A591B4916C018D0129
:102B8000A5019401B601C8010E94C4F22B013C01C9
:102B90006701CC0CDD1CCC0CDD1CF601E155F34EBD
:102BA000659175918591949120E030E040EC5FE370
:102BB0000E94C4F2A50194010E94C4F2AB01BC01C1
:102BC00000E010E098018C2F0E9428CE20E030E039
:102BD000A901C301B2010E945FF2882341F100E024
:102BE00010E09801C23031F40E94E94C00E010E09E
:102BF00020E232E4B301A20170588C2F0E9428CE4B
:102C0000C23009F489C0A3019201C301B2010E943C
:102C10001CF94B015C01C23009F094C000E010E0E7
:102C200020EA31E4B501A4018C2F0E9428CEC230E5
:102C300011F40E94E94C81E090E00C2E01C0880F55
:102C40000A94EAF790915D09982B90935D09909111
:102C50002607892B80932607F601E258F34E25912B
:102C60003591459154918601005E154FF601E65F5E
:102C7000F64F60817181828193810E941CF9F80175
:102C80006083718382839383C230D1F420911D0EBF
:102C900030911E0E40911F0E5091200E6091280A17
:102CA0007091290A80912A0A90912B0A0E941BF99F
:102CB0006093280A7093290A80932A0A90932B0A1A
:102CC000F601E15AF64F1082118212821382A5DCBE
:102CD000F601E95DF84FD601A05EB54F8D919D914B
:102CE0000D90BC91A02D80839183A283B383C230C9
:102CF00009F045C080E0CF911F910F91FF90EF90B8
:102D0000DF90CF90BF90AF909F908F907F906F900B
:102D10005F904F900C949C270E94234D882309F4C8
:102D200072CFCF911F910F91FF90EF90DF90CF90D6
:102D3000BF90AF909F908F907F906F905F904F90DB
:102D40000C94E94CF701E455F34E6491611107C00E
:102D50000E949B2B8AE89CE10E94722B6AE070E043
:102D600090E080E00E9463F29B01AC0160E070E0C3
:102D700080E792E40E94F8F98B019C0153CFCF9138
:102D80001F910F91FF90EF90DF90CF90BF90AF9089
:102D90009F908F907F906F905F904F9008950F93CA
:102DA0001F9380918409813019F50E9412D10091FE
:102DB000F8071091F9072091FA073091FB07601B83
:102DC000710B820B930B28EE33E040E050E00E9441
:102DD00089F86091220770912307809124079091D0
:102DE0002507620F731F841F951F1F910F91089570
:102DF0006091FC077091FD078091FE079091FF079D
:102E0000D6CFCF92DF92EF920F93CF93DF93CDB7D0
:102E1000DEB769970FB6F894DEBF0FBECDBF6C0169
:102E2000BEDF6E8B7F8B888F998FBE016F5F7F4F68
:102E3000CE0146960E943425EE24E39400E021E082
:102E4000F6014281BE016F5F7F4F808191810E94B8
:102E5000DB2369960FB6F894DEBF0FBECDBFDF91BE
:102E6000CF910F91EF90DF90CF9008951092840949
:102E70001092F8071092F9071092FA071092FB07C8
:102E80001092FC071092FD071092FE071092FF07A8
:102E90001092220710922307109224071092250700
:102EA000089583E080935A09809184098130E1F08C
:102EB0008230C1F474DF60932207709323078093FC
:102EC00024079093250781E0809384090E9412D102
:102ED0006093F8077093F9078093FA079093FB07C4
:102EE00081E00895C3DFEFCF80E00895CF93C091D4
:102EF000840980E0C130A1F460E083E00E94D3C582
:102F0000C093210782E0809384090E9412D16093CC
:102F1000FC077093FD078093FE079093FF0781E005
:102F2000CF9108958091840981508230D0F48091AE
:102F300020078350823038F460E083E00E94D3C5DC
:102F400085E080935A09109284090E9412D16093FF
:102F5000FC077093FD078093FE079093FF0781E0C5
:102F6000089580E008952091A70D3091A80D263591
:102F700031053CF42091DB073091DC072630310528
:102F800024F0882339F00C94B538662319F0CADF91
:102F90000C948CCA08950E94982B8CE69DE10E94A7
:102FA000722B84E69DE10E94722B88E49DE10E94D1
:102FB000722B0E949580B6DF80915909813099F07B
:102FC0000E94982B81ED9CE10E94722B87EC9CE182
:102FD0000E9488C76EE571E080E090E00E9446386C
:102FE00081E0809359090895AF92BF92CF92DF920A
:102FF000EF92FF920F931F93CF93DF93EB018230F9
:1030000009F45EC0B0F5813009F450C0E884F98459
:103010000A851B8520E030E040E251E46091280AF7
:103020007091290A80912A0A90912B0A0E941CF91A
:103030005B016C0120E030E048EC53E40E9443FB6C
:10304000181634F4A12CB12CF8ECCF2EA3E4DA2E10
:103050009501A601B701C8010E9443FB181614F0A0
:103060007501860120E030E040EA50E4B701C80174
:1030700025C0833009F449C0843041F6E090280A25
:10308000F090290A00912A0A10912B0A2C813D8187
:103090004E815F81688179818A819B81A12CB12CCD
:1030A000E8ECCE2EE2E4DE2EFED857C068857985A6
:1030B0008A859B8520E030E040EA50E495D9DECF58
:1030C000288539854A855B856091280A7091290A8F
:1030D00080912A0A90912B0A0E941CF96B017C01B5
:1030E00020E030E048EC53E40E945FF287FD06C028
:1030F000C12CD12C18ECE12E13E4F12E20E030E0AD
:1031000040EA50E4C701B601D9CF20E030E040E208
:1031100051E46091280A7091290A80912A0A9091BD
:103120002B0A0E941CF96B017C0120E030E048EC86
:1031300053E40E9443FB1816DCF020E030E0A901C4
:10314000C701B6010E945FF287FD19C020E030E0A0
:1031500040EA50E4C701B60147D9DF91CF911F91F2
:103160000F91FF90EF90DF90CF90BF90AF90B0CADB
:10317000C12CD12CB8ECEB2EB3E4FB2EE7CFC12C45
:10318000D12C7601E3CF1092160910921F070E94EE
:10319000C7388823C9F00E946A389091860D80FB59
:1031A00097F99093860D61E087EC9BE10E94D92E00
:1031B000B9DE4CED5BE164EE7BE185E00E9412CB71
:1031C0008EEC9BE10C9488C78091860D84FFEBCF39
:1031D0000E94CBD6E8CF0F931F93CF93DF931F921C
:1031E0001F92CDB7DEB720911F0A211118C08C01A4
:1031F0004423E1F00E945D2F40E450E0B8018CE7E9
:1032000094E10E9459F18FE390E09A838983CE0183
:1032100001960E9456C68CE794E10E941ED10F9041
:103220000F90DF91CF911F910F9108950E9442342A
:1032300040E450E0B8018CE794E10E94A8F1E3CFAC
:10324000FF920F931F93CF93DF93CDB7DEB7A19774
:103250000FB6F894DEBF0FBECDBF8C01F42E67FF12
:1032600003C010921F0A60E020911F0A862F062ECD
:10327000000C990B2817190609F03CF560931F0AFA
:10328000C801FF2071F10E945D2F19821F8E4FE14E
:1032900050E0B801CE010196FF2031F10E9459F1B2
:1032A00040E450E0BE016F5F7F4F8CE794E10E94E5
:1032B000A8F18FE390E099A388A3CE0180960E94A5
:1032C00056C68CE794E10E941ED1A1960FB6F894E1
:1032D000DEBF0FBECDBFDF91CF911F910F91FF9049
:1032E00008950E944234D1CF0E94A8F1D9CF8232F2
:1032F00021E0920714F082E291E09093A80D809370
:10330000A70D1092E6070C94E227CF92DF92EF927E
:10331000FF926B017C0120E030E0A9010E945FF286
:1033200087FD14C020E030E041E953E4C701B60155
:103330000E9443FB181674F0C701B6010E944FFBB0
:10334000CB01FF90EF90DF90CF90D1CFC12CD12C4B
:103350007601F2CFC12CD12C81E9E82E83E4F82E3E
:10336000EBCFE8ECF7E01082118212821382148214
:103370000C94E2279091250E8091260E981312C08E
:103380000E94E27181110FC00E94C73881110BC0E9
:103390000E947838811107C080918409813011F032
:1033A0000C94AA3881E00895E5DF882351F00E944B
:1033B0007838811106C081E090918409923009F03B
:1033C00080E008950F931F93CF93DF938C01ECDF80
:1033D00041E061E08823D1F089EF0E94294EC1E0ED
:1033E000D0E080915B098823B9F0C26042E065E0DB
:1033F00089EF0E94294E7C2F6D2FF80180819181E9
:10340000DF91CF911F910F910C94CA7789EF0E94A1
:10341000FB4DD0E0C0E0E5CF42E065E089EF0E94DF
:10342000FB4DE9CF0F931F93CF93DF938C01A2DF66
:1034300041E061E08823C9F083E00E94294EC1E0A9
:10344000D0E0B2DF8823B9F0C26042E061E083E0FF
:103450000E94294E7C2F6D2FF80180819181DF9190
:10346000CF911F910F910C94CA7783E00E94FB4D7E
:10347000D0E0C0E0E6CF42E061E083E00E94FB4D97
:10348000E9CF78DF882311F081E008958DDF811185
:10349000FBCF95E090935A090895F3CFCF92DF9236
:1034A000EF92FF926B017C01463059F51092CD07E7
:1034B0001092CE071092CF071092D0071092D1072A
:1034C0000E94FE2420E030E0A901C701B6010E945D
:1034D0005FF287FF1EC0C12CD12C7601C701B60157
:1034E0000E944FFB6337710514F063E770E070933F
:1034F000DC076093DB07FF90EF90DF90CF900C9498
:10350000FE242FDFC701B601FF90EF90DF90CF9030
:10351000FCCE20E030E046EE52E4C701B6010E9446
:1035200043FB1816DCF6C12CD12C86EEE82E82E483
:10353000F82ED4CFEF920F93009751F0BC01EE24F8
:10354000E39401E021E040E280E091E10E948A23DF
:103550000F91EF900895EF92FF921F93CF93DF9317
:1035600000D01F92CDB7DEB7909120079A3F09F4A3
:103570003EC0993F79F4893F11F08093340266236D
:10358000B1F190915B09992329F090911F07911156
:1035900010921F07182F89EFE82E8AE1F82E43E0DA
:1035A00050E0B701CE0101960E9433F1EA81FB8120
:1035B000309731F08981181324C019958823B9F008
:1035C00061E0812F0E94427D882389F010932007BB
:1035D0001C821B828AE5898381E08A831C8344E004
:1035E000BE016F5F7F4F84E890E00E9430240F900F
:1035F0000F900F900F90DF91CF911F91FF90EF9060
:10360000089583E0E80EF11CE114F10441F6D8CFEF
:103610009091250E8091260E98130AC00E94E271A7
:10362000811106C02091250E9091260E81E029136C
:1036300080E008950E9412D16C507E4F8F4F9F4FB3
:103640006093F4077093F5078093F6079093F7075C
:1036500008958F929F92AF92BF92EF920F934A017B
:103660005B01009751F0EE24E39401E020E040E29A
:10367000BC0180E090E30E948A2381149104A1049C
:10368000B104A9F00E9412D1860E971EA81EB91E81
:103690008092750D9092760DA092770DB092780D74
:1036A0000F91EF90BF90AF909F908F900895812CD5
:1036B000912C5401EDCFCF92DF92EF92FF921F93A6
:1036C000CF93DF93CDB7DEB72C970FB6F894DEBF5C
:1036D0000FBECDBFA5EDB9E090E080E0FC01E25A5D
:1036E000F04E45915591659174914D935D936D9315
:1036F0007D93FC01E25BF04E45915591659174918B
:1037000050964D935D936D937C935397FC01E25CCF
:10371000F04E459155916591749190964D935D93BE
:103720006D937C939397049680319105B9F680E26E
:103730009EE4A0E0B0E08093E5099093E609A093B1
:10374000E709B093E80980E090E0A8E4B4E480934E
:10375000090A90930A0AA0930B0AB0930C0A80936B
:103760000D0A90930E0AA0930F0AB093100A80E0FE
:1037700090E0AAE7B4E48093110A9093120AA09310
:10378000130AB093140A1092150A1092160A109296
:10379000170A1092180A1092190A10921A0A109217
:1037A0001B0A10921C0AC12CD12C80E2E82E81E465
:1037B000F82EC0929709D0929809E0929909F09258
:1037C0009A09C0929B09D0929C09E0929D09F092BF
:1037D0009E098DEC9CECACECBEE380939F0990932A
:1037E000A009A093A109B093A20980E090E0A0E80D
:1037F000BFE38093A3099093A409A093A509B09374
:10380000A60910920A0910920B0910920C09109245
:103810000D0910920E0910920F09109210091092C2
:1038200011091092120910921309109214091092A2
:103830001509109220020E94EC3680E090E0A0EA88
:10384000B0E48093E4039093E503A093E603B09380
:10385000E70380E090E5A3ECB7E48093E80390935E
:10386000E903A093EA03B093EB03C0921808D09247
:103870001908E0921A08F0921B0880E00E943F2885
:103880000E94032B82ED90E09093DF078093DE0788
:103890008AEF90E09093E1078093E0078DEC9CEC39
:1038A000ACECBDE38093E2079093E307A093E407B9
:1038B000B093E5071092E6078CE0E9E0F4E0DE0162
:1038C000119601900D928A95E1F789819A81AB81D9
:1038D000BC818093150E9093160EA093170EB09393
:1038E000180E8D819E81AF81B8858093190E9093BB
:1038F0001A0EA0931B0EB0931C0E89859A85AB857A
:10390000BC8580931D0E90931E0EA0931F0EB09346
:10391000200E87ED93EAA5E0B2E48093BB0D90936F
:10392000BC0DA093BD0DB093BE0D80EC93E8A6E74F
:10393000BEE38093BF0D9093C00DA093C10DB093D3
:10394000C20D8CE597E7A0E9B4E48093C30D909392
:10395000C40DA093C50DB093C60D11E010934C0794
:103960000E94ED391092590780E090E0A0EEBFE38D
:103970008093550790935607A0935707B093580725
:1039800010920809109207091FD880E090E0A8EC77
:10399000B2E48093510790935207A0935307B093DA
:1039A000540710924D0710924E0710924F07109235
:1039B00050070E948F938CE19FE10E945D2F0E942F
:1039C0009B2B8CE19FE10E94722B0E949E2B82E335
:1039D0000E94602484E60E94982480911708811137
:1039E00006C01093170860E081E00E94D3C540E351
:1039F00055E760E070E08FE09FE12C960FB6F894F9
:103A0000DEBF0FBECDBFDF91CF911F91FF90EF9032
:103A1000DF90CF901ECECF92DF92EF92FF920F9366
:103A20001F93CF93DF93CDB7DEB7CC5AD1090FB632
:103A3000F894DEBF0FBECDBFCF55DF4F188219827D
:103A40001A821B82C15AD04084E690E09093930979
:103A50008093920910927A0D1092790D8091D7047B
:103A60009091D804A091D904B091DA04CB55DF4FDE
:103A700088839983AA83BB83C55AD04064E070E0F1
:103A8000CE018B559F4F0E94ABD0809192099091AF
:103A900093090296909393098093920910927A0D5C
:103AA0001092790D81ED92E0C755DF4F998388839D
:103AB000C95AD040CE0187559F4F0E940A7781E0B6
:103AC000C455DF4F8883CC5AD040CE0184559F4FD8
:103AD0000E940E7768E470E085ED99E00E94ABD01B
:103AE00060E170E087E999E00E94ABD08AE097ED51
:103AF000A3EABCE3CF55DF4F88839983AA83BB83B6
:103B0000C15AD040CE018F559F4F0E9406778AE060
:103B100099E00E94167780E292E00E94127784EE8C
:103B200093E00E94067788EE93E00E9406778091EA
:103B30008E0990918F09A0919009B0919109898384
:103B40009A83AB83BC838E010F5F1F4FC8010E9415
:103B5000067768E070E08EED97E00E94ABD0CF551D
:103B6000DF4F188219821A821B82C15AD04083E02B
:103B7000C356DF4F8883CD59D0407E019DE6E90EC4
:103B8000F11CF7018083CE018F559F4F0E9406776D
:103B9000CE0183569F4F0E940E77C7010E940E7779
:103BA00080E09CE09A838983C8010E940A773AE00A
:103BB000D32EDA94DD2031F0CE018F559F4F0E9435
:103BC0000677F7CF85E19EE00E941677CF55DF4F4D
:103BD000188219821A821B82C15AD0402AE0D22E42
:103BE000DA94DD2031F0CE018F559F4F0E94067789
:103BF000F7CF85E0D82EF701D082C356DF4FD882A9
:103C0000CD59D040C7010E940E77CE0183569F4FF9
:103C10000E940E7780E69CE69A838983C8010E9401
:103C20000A7768E070E084E497E00E94ABD068E037
:103C300070E08CE397E00E94ABD064E670E08AE528
:103C400097E00E94ABD01982CC24CA94F701C082BD
:103C5000C8010E941277C7010E940E7764E070E0ED
:103C60008AE794E00E94ABD0809109098983C8015A
:103C70000E9412778091BB0D9091BC0DA091BD0D5B
:103C8000B091BE0D89839A83AB83BC8321E732EB6D
:103C900047E25EE36091BF0D7091C00D8091C10D50
:103CA0009091C20D0E94F8F96D837E838F8398876F
:103CB00021E732EB47E25EE36091C30D7091C40DE2
:103CC0008091C50D9091C60D0E94C4F269877A87D4
:103CD0008B879C8780E090E0A0E8BFE38D879E877C
:103CE000AF87B88B198A1A8A1B8A1C8A64E170E034
:103CF000C8010E94ABD084E190E09A838983C80117
:103D00000E940A778CE0E5E1F4E0D80101900D9281
:103D10008A95E1F76CE070E0C8010E94ABD08CE0BE
:103D2000E5E1F4E0D80101900D928A95E1F76CE0AD
:103D300070E0C8010E94ABD01982C8010E940E77C2
:103D40008FE78983C8010E940E77C982C8010E944B
:103D50000E77E1E2F4E0D80101900D92DA94E1F7F8
:103D600065E070E0C8010E94ABD080914C07F7017C
:103D700080831A821982C7010E941277C8010E94AB
:103D80000A7780E2E6E2F4E0D80101900D928A958C
:103D9000E1F760E270E0C8010E94ABD0F701108249
:103DA000C7010E94127789E597E00E94127785E5A6
:103DB00097E00E940677CF55DF4F188219821A824A
:103DC0001B82C15AD040CE018F559F4F0E9406776B
:103DD00082E1F80111928A95E9F762E170E0C80189
:103DE0000E94ABD084E2E6E4F4E0D80101900D92A9
:103DF0008A95E1F764E270E0C8010E94ABD090E1DF
:103E0000D92EF8018D2D11928A95E9F760E170E0C5
:103E1000C8010E94ABD01A82198262E070E0C8012A
:103E20000E94ABD0F8011192DA94E9F760E170E0FA
:103E3000C8010E94ABD08CE6F80111928A95E9F78F
:103E40006CE670E0C8010E94ABD068E070E08DE4E1
:103E500097E00E94ABD08CE0F70111928A95E9F7C8
:103E6000C555DF4F1882CB5AD04080E090E0A0E4E7
:103E7000B0E4C356DF4F88839983AA83BB83CD59AF
:103E8000D040C7010E941677CE0185559F4F0E94F2
:103E90000E77CE0183569F4F0E94067780E3F7018D
:103EA00011928A95E9F70E94D024082F10911F02E1
:103EB00080918D0981110E942A2891E0F701908359
:103EC00001831283838360E370E0C7010E94ABD05B
:103ED0000091920910919309045611098091790D6E
:103EE00090917A0DF7019183808384E690E090931E
:103EF00093098093920964E070E08EE794E00E9459
:103F0000ABD0C7010E940A770E949B2B83ED9DE1F5
:103F10000E94722BC8010E94B536F701C080D18083
:103F2000F12CE12C86EC9DE10E94722BC701B601B9
:103F30000E949A2783EC9DE10E94722B013D124062
:103F400001F184EF9AE20E94722B84E19EE10E94CB
:103F5000722B40E355E760E070E08FE99DE179DB8B
:103F600080E0C455DF4F0FB6F894DEBF0FBECDBF63
:103F7000DF91CF911F910F91FF90EF90DF90CF9045
:103F8000089583EB9DE10E9488C783EB9DE10E9429
:103F90005D2F81E0E6CFEAEFF6E081E2DF011D92DE
:103FA0008A95E9F78091F906803320F08091F80630
:103FB000813248F440E355E760E070E08CE99BE132
:103FC00048DB80E0089581E00895CF9380E00E946F
:103FD0003F2880915D098770C1E0873059F018DB78
:103FE000C82F81110AC040E355E760E070E087E91F
:103FF0009BE12FDB8C2FCF9108956CE08DE89BE146
:104000000E94B8CF82E79BE10E946A42C0E0F2CFF3
:10401000CF931092F706FCDAC82F811107C040E356
:1040200055E760E070E087E99BE113DB8C2FCF91CF
:104030000895EF92FF921F93CF93DF93CDB7DEB732
:1040400064970FB6F894DEBF0FBECDBF82E08093B9
:104050000902DEDA182F811114C040E355E760E051
:1040600070E087E99BE1F5DA812F64960FB6F8944A
:10407000DEBF0FBECDBFDF91CF911F91FF90EF90BC
:10408000089580915D0987708730A1F520E030E0C8
:1040900040E850E46091280A7091290A80912A0A28
:1040A00090912B0A0E945FF287FF04C084E89BE195
:1040B0000E946A421F9288EC8F931F928F938BE726
:1040C0009BE19F938F931F9284E18F93CE01019682
:1040D0007C019F938F930E94BCF1C7010E943242E2
:1040E00086E79BE10E946A420FB6F894DEBF0FBEDE
:1040F000CDBFBACF6BE08DE89BE10E94B8CF89E8D5
:104100009BE10E946A4210E0AFCFCF9380911608E6
:104110000E943F287DDAC82F81110AC040E355E78D
:1041200060E070E087E99BE194DA8C2FCF910895ED
:1041300080915D0987708730A9F420E030E040E28B
:1041400051E46091280A7091290A80912A0A90917D
:104150002B0A0E945FF287FFE8CF88E69BE10E946E
:104160006A42E3CF6AE08DE89BE10E94B8CF8EE619
:104170009BE10E946A42C0E0D8CF909120079E3018
:1041800031F09D3091F581E0809321070895962FBD
:10419000990F990F960F980FE1E0F0E0903110F42D
:1041A000F0E0E0E0EE0FFF1FED50F94F9F7021E0CF
:1041B00030E002C0220F331F9A95E2F7408151810F
:1041C000242B352B318320838430ECF26430DCF2F5
:1041D0000E942A288111D7CF1092F6061092F50678
:1041E0001092F4061092F306CECF0895EF920F933B
:1041F000CF93DF93EC018DEF9EE29CD9209751F095
:10420000EE24E39401E021E040E2BE0180E291E18E
:104210000E94DB238DEF9EE2009791F0EE24E39461
:1042200001E021E040E2BC0180E491E10E948A23A8
:1042300021E040E26DEF7EE280E691E10E948A2378
:1042400060E083E00E94D3C580912007893F11F090
:104250008093340281E080935B0989EF80935A094F
:10426000DF91CF910F91EF900895CF92DF92EF926F
:10427000FF920F931F93CF93DF93CDB7DEB77C01EF
:10428000CDB6DEB60E946DF101962DB73EB7281B64
:10429000390B0FB6F8943EBF0FBE2DBF0DB71EB73A
:1042A0000F5F1F4FB701C8010E9452F1C8019EDF86
:1042B0000FB6F894DEBE0FBECDBEDF91CF911F9139
:1042C0000F91FF90EF90DF90CF9008955F926F92E3
:1042D0007F928F929F92AF92BF92CF92DF92EF9296
:1042E000FF920F931F93CF93DF9300D000D000D0A5
:1042F0001F92CDB7DEB7EDB6FEB6809117088823C2
:10430000A9F0809120078A3F89F00E9412D14B01C9
:104310005C0180915A09882339F110925A099091D1
:10432000200789131EC081E0809321070FB6F894FF
:10433000FEBE0FBEEDBE2A960FB6F894DEBF0FBECE
:10434000CDBFDF91CF911F910F91FF90EF90DF9044
:10435000CF90BF90AF909F908F907F906F905F9025
:10436000089560E0F8D8E2CF8091F307811119C079
:1043700088EB9BE0A0E0B0E088199909AA09BB0985
:10438000181619061A061B0664F081E08093F307DD
:104390000E94EC24809120078111C8CF60E081E069
:1043A000E1CF90912107809120074091EF07509134
:1043B000F0076091F1077091F207481959096A09ED
:1043C0007B09141615061606170694F024EF820EC4
:1043D00021E0921EA11CB11C8092EF079092F00781
:1043E000A092F107B092F207692F0E94427D9ECF02
:1043F0009111ECCF893F09F072C080915B0988234D
:1044000009F465C080911F07882309F464C0809176
:10441000750D9091760DA091770DB091780D009764
:10442000A105B10509F077C08091F4079091F507D7
:10443000A091F607B091F7070097A105B10509F023
:104440007BC0AA24A3949091EE0780913F0620910F
:104450004006821B8F7709F469CF913009F48FC031
:1044600008F485C0923009F492C0933071F78091BE
:104470003F0690914006891B8F779091ED07891731
:1044800008F454CF0E94594EC82E8091ED07DD24C8
:10449000DA94D80E8DB69EB68150990BEDB7FEB763
:1044A000E81BF90B0FB6F894FEBF0FBEEDBF0DB7BA
:1044B0001EB70F5F1F4F3801DA94FFEFDF1609F4C4
:1044C00071C00E94594EF30181933F01F5CFA0D8EE
:1044D000882309F49CCF61E08091340243CF8E3071
:1044E00009F095CF95D8882309F491CF60E083E057
:1044F0000E94D3C50E942A28882351F086EE9AE1B3
:1045000040E355E760E070E0A4D860E08DE02ACF9A
:1045100087ED9AE1F5CF88199909AA09BB09181600
:1045200019061A061B060CF47FCF40E050E0BA01D2
:104530008DEF9EE28ED8FACE88199909AA09BB0997
:10454000181619061A061B060CF47BCF61D88823AF
:1045500009F477CF1092F4071092F5071092F6073E
:104560001092F70782ED9AE10E946A42DFCE0E9424
:10457000594E8A3509F067CFA092EE0764CF0E94AA
:10458000594E853A69F482E08093EE075CCF0E9431
:10459000594E8093ED0783508E3710F483E0F4CFAB
:1045A00080E0F2CFF3E8CF1619F01092EE0772C058
:1045B000F80180819181982789279827B280BB0CC8
:1045C0008F30910559F4F2E0BF1208C0F8018381E1
:1045D0008093F90684818093F806E7CFBE016F5F70
:1045E0007F4F0E944824882301F38F819885892B6F
:1045F000E1F20E9412D160936B0970936C09809371
:104600006D0990936E095B80511008C0EF81F885A9
:1046100070E060E0CE0101961995C7CF8C8181FFD3
:104620003FC0CDB6DEB6452D50E02DB73EB7241BBA
:10463000350B0FB6F8943EBF0FBE2DBF8DB79EB79A
:1046400001963C0170E060E00E9408FCD301F80193
:10465000339690E080E02B2D30E08B1570F48515BB
:1046600060F441910196821793072CF44F3F19F49F
:1046700050815F3F11F04D93F0CFEF81F885B3018A
:10468000CE01019619951092EE070FB6F894DEBE92
:104690000FBECDBE0FB6F8949EBE0FBE8DBED3CE5C
:1046A000B51083CFB8016D5F7F4FEF81F885B2CF32
:1046B0001092D0008091D00082608093D000109240
:1046C000D50080E18093D4008091D10080618093F7
:1046D000D1008091D10088608093D1008091D10079
:1046E00080688093D1008091D1008F7D8093D1002C
:1046F00010923E060E94EC248091F307882321F05B
:1047000081E080932107089561E080E00C94AB9AEA
:104710002F923F924F925F926F927F928F929F92D1
:10472000AF92BF92CF92DF92EF92FF920F931F93BF
:10473000CF93DF93CDB7DEB7C558D1090FB6F89444
:10474000DEBF0FBECDBFCDB6DEB684E690E090935F
:1047500093098093920910927A0D1092790D41E09D
:1047600064E070E08E010F5F1F4FC8010E948DC989
:1047700043E050E06EE774E0C8010E9434FC892BEE
:10478000E1F5CE0183589F4F0E94FB76E9961CAE5F
:104790001DAE1EAE1FAEE99710927A0D1092790DE4
:1047A000CE0185589F4F0E94FB76ED968EAD9FAD52
:1047B000ED97813D924009F45DC084EF9AE20E943A
:1047C000722B84E19EE10E94722B0E949B2B6091D0
:1047D0009209709193096456710989E89EE10E94DB
:1047E000F03681E89EE10E94722B81ED92E00E94FA
:1047F000B5360E949E2B12E012C08C81882319F0DE
:104800008FE389831A820E949B2BB80183EF9DE17D
:104810000E94802B85EE9DE10E94722B11E0809119
:10482000BE07811107C080915909833018F080E0DC
:104830000E947A82812F0FB6F894DEBE0FBECDBEE5
:10484000CB57DF4F0FB6F894DEBF0FBECDBFDF9161
:10485000CF911F910F91FF90EF90DF90CF90BF907D
:10486000AF909F908F907F906F905F904F903F9010
:104870002F900895CE018F579F4F0E94F676ADB6C8
:10488000BEB6CF57DF4F6881C158D04070E06D5F32
:104890007F4F660F771F660F771F8DB79EB7861BFA
:1048A000970B0FB6F8949EBF0FBE8DBFEDB7FEB746
:1048B0003196CE57DF4FF983E883C258D040CF01FD
:1048C0000E9400774091BE0781E0482764E070E0D5
:1048D00085EE99E00E948DC9CF57DF4F6881C1589E
:1048E000D04070E06D5F7F4F660F771F660F771FB8
:1048F0008DB79EB7861B970B0FB6F8949EBF0FBE61
:104900008DBFEDB7FEB73196CC57DF4FF983E88303
:10491000C458D040CF010E940077CF57DF4F688145
:10492000C158D04070E06D5F7F4F660F771F660FF4
:10493000771F8DB79EB7861B970B0FB6F8949EBF57
:104940000FBE8DBFEDB7FEB731964F01CF010E946C
:104950000077F090BE07F11058C0CF57DF4F888125
:10496000C158D04090E00296A5EDB9E070E060E05B
:1049700030E020E04AE65FE1821793070CF413C1B0
:10498000CE57DF4FE881F981C258D040E60FF71FBC
:1049900040805180628073804D925D926D927D92D5
:1049A000821793070CF405C1CC57DF4FE881F981DA
:1049B000C458D040E60FF71F20803180E280E381A9
:1049C00021016E2C7E2E50964D925D926D927C92BE
:1049D0005397821793070CF4F6C0F401E60FF71F04
:1049E00020803180E280E38121016E2C7E2E909622
:1049F0004D925D926D927C9293972F5F3F4F6C5FCB
:104A00007F4F2430310509F0B7CF89E09AE00E944A
:104A1000EE768DE09AE00E94EE7681E19AE00E94C7
:104A2000EE7685E19AE00E94EE7689E19AE00E94B6
:104A3000EE7641E04F2560E170E087E999E00E9461
:104A40008DC9CE018B589F4F0E94EE760FB6F89419
:104A5000BEBE0FBEADBE8AE099E00E94E676CE01F2
:104A600087589F4F0E94BE768091BE07811109C072
:104A700081E0EA969FADEA9719160CF080E08093EA
:104A800020028091200281110E94EC36CE018359D0
:104A90009F4F0E94EE76F090BE07F1101DC0E19688
:104AA0008CAC9DACAEACBFACE19720E030E0A9018E
:104AB000C501B4010E9443FB181634F0812C912CDF
:104AC000E0EAAE2EE0E4BE2E8092E4039092E5038D
:104AD000A092E603B092E703C8010E94EE76F110BF
:104AE0001CC089809A80AB80BC8020E030E0A901A6
:104AF000C501B4010E9443FB18163CF0812C70E5FF
:104B0000972E73ECA72E77E4B72E8092E80390924D
:104B1000E903A092EA03B092EB0388E198E00E94D7
:104B2000EE7641E04F2568E070E08EED97E00E9460
:104B30008DC9CE018B589F4F0E94EE76CE018758CB
:104B40009F4F0E94F676CE0183599F4F0E94F676C2
:104B5000C8010E94FB76EA96EFACEA97AE964FAD9D
:104B6000AE9783EC2E2D2827F0E12F9F9001112482
:104B7000842790E0982F88279295907F822793270B
:104B800029813A818217930709F033C2E49E7001AC
:104B9000112421E0E21AF10800F1CE018B589F4F59
:104BA0000E94EE76F6CFFA0145905590659074908C
:104BB000F3CEEAE5FFE145905590659074901201BF
:104BC000E62CE72DFDCEEAE4FFE145905590659097
:104BD00074901201E62CE72D07CF85E19EE00E943C
:104BE000E6765AE0F52EFA94CE01FF2029F08B5894
:104BF0009F4F0E94EE76F7CF80589F4F0E94F67627
:104C0000CE0181589F4F0E94F676CE0187589F4F64
:104C10000E94FB76C058DF4F8881C058D04033ECEB
:104C20008327E0E18E9FC0011124C158DF4F288106
:104C3000CF57D040232730E0322F22273295307FC4
:104C400082279327EB962EAD3FADEB978217930704
:104C500009F0CFC1CE0183599F4F0E94DE76C80173
:104C60000E94DE76C058DF4F8881C058D040853022
:104C700009F084C1C158DF4F9881CF57D04095309B
:104C800009F07EC18091BE07811102C00E943F28B9
:104C9000B801CE0183599F4F0E94962A4091BE07CA
:104CA00081E0482764E670E08AE597E00E948DC9BC
:104CB000CE0183599F4F0E94D676C8010E94BE76CE
:104CC0004091BE07FF24F3944F2564E070E0C801D3
:104CD0000E948DC989E099E00E94D6764091BE0776
:104CE0004F2564E170E0C8010E948DC9F090BE07B5
:104CF000F1103AC089809A80AB80BC80A5019401F4
:104D0000C501B4010E94CBFB81112EC049845A8495
:104D10006B847C846D817E818F8198858092BB0DB0
:104D20009092BC0DA092BD0DB092BE0D21E732EB6A
:104D300047E25EE30E94C4F26093BF0D7093C00D22
:104D40008093C10D9093C20D21E732EB47E25EE301
:104D5000C301B2010E94F8F96093C30D7093C40DB2
:104D60008093C50D9093C60DC8010E94CE76C801F0
:104D70000E94C676C8010E94C676C8010E94BE760F
:104D8000C8010E94BE76C8010E94BE7685E0F80187
:104D900011928A95E9F741E04F2565E070E0C8017E
:104DA0000E948DC9CE0183599F4F0E94D676C801BB
:104DB0000E94CE764091BE07411105C0AE968FADE0
:104DC000AE9780934C07FF24F3944F2560E270E088
:104DD000C8010E948DC9CE0183599F4F0E94D6768B
:104DE0004091BE074F2569E070E0C8010E948DC95F
:104DF0004091BE0741110FC08981809359078A8174
:104E00009B81AC81BD818093550790935607A093F9
:104E10005707B0935807FF24F3944F2562E170E0E1
:104E2000C8010E948DC94091BE074F2564E270E021
:104E3000C8010E948DC94091BE074F2560E170E016
:104E4000C8010E948DC94091BE074F2562E070E005
:104E5000C8010E948DC94091BE074F2560E170E0F6
:104E6000C8010E948DC94091BE074F256CE670E0D5
:104E7000C8010E948DC94091BE074F2568E070E0CF
:104E80008DE497E00E948DC9C8010E94E676CE01AC
:104E900087589F4F0E94BE76CE0183599F4F0E9434
:104EA000EE7680E3F80111928A95E9F74091BE070A
:104EB0004F2560E370E0C8010E948DC98091BE0754
:104EC00081111AC08A81FB801C810981011101C0F6
:104ED00082E30E946024011102C084E6F82E8F2D27
:104EE0000E949824002341F0812F11110E942A284A
:104EF000809316080E943F2880919209909193090F
:104F00008533934009F059CC2091790D30917A0D79
:104F1000EF968EAD9FADEF972817390709F045C082
:104F20008091BE07811122C00E949B2B0091790DB8
:104F300010917A0D8EE794E00E94182888EB9EE18C
:104F40000E94722B81ED92E00E94B5368BEA9EE1C1
:104F50000E94722BC8010E94B53689E20E94BEC52C
:104F60000E949E2B81E99EE10E945D2F8091BE07E9
:104F7000811102C00E948F9310E051CC8630C8F599
:104F8000C158DF4F9881CF57D040963090F5899F18
:104F900070011124F1E0EF1AF10808F489CECE0176
:104FA0008B589F4F0E94EE76F5CF84EF9AE20E94D5
:104FB000722BEF960EAD1FADEF9781E59EE10E943B
:104FC000722BC8010E94B5360091790D10917A0DAF
:104FD0008CE49EE10E94722BC8010E94B5368CE3DE
:104FE0009EE10E94722B8CE29EE10E945D2F13E0F5
:104FF00016CC84EF9AE20E94722B81E79EE10E9418
:10500000722B14E00CCCCF93C1E0C093BE0780DBC1
:105010001092BE0781111AC07BDB882359F040E350
:1050200055E760E070E085ED9EE10E94299B80E0FD
:10503000CF91089580911708811106C0C093170879
:1050400060E081E00E94D3C581E0F2CF0E945B9BCB
:105050000E945B9B0E940B9D882319F080E00E94B8
:105060007A828CEF9EE10E9488C70E949B2B88EE7B
:105070009EE10E94722BDBCFCF92DF92EF92FF92E4
:105080000F931F93CF93DF93CDB7DEB7E8970FB69B
:10509000F894DEBF0FBECDBF6801790122E48F3FD7
:1050A00009F024E580E289831A828E010F5F1F4F89
:1050B000F80101900020E9F7CF010197801B910BC7
:1050C0008233910510F5F801E80FF91F2083813331
:1050D000910521F08C0F9D1FFC011282F8010190B7
:1050E0000020E9F7CF010197801B910B82339105D6
:1050F00060F42AE3F801E80FF91F2083813391055A
:1051000021F08C0F9D1FFC0112824CAB5DAB6EAB8E
:105110007FAB82E088AFBE016C5C7F4FC8010E940C
:10512000C8C6F80101900020E9F7CF010197801B64
:10513000910B8233910550F443E350E0481B590B27
:1051400064ED77E2800F911F0E9459F1CCAADDAA8D
:10515000EEAAFFAA82E088AFBE016C5C7F4FC80157
:105160000E94C8C6C8010E94182862E070E080E072
:1051700090E00E9478D0E8960FB6F894DEBF0FBE9C
:10518000CDBFDF91CF911F910F91FF90EF90DF90F6
:10519000CF900895DF92EF92FF920F931F93CF93DA
:1051A000DF93CDB7DEB7C157D1090FB6F894DEBF94
:1051B0000FBECDBFF82E6091A70D7091A80D072EE0
:1051C000000C880B990B0E9465F28B019C014091A9
:1051D000A30D5091A40D6091A50D7091A60D80E8CE
:1051E0004BDF6091DB077091DC07072E000C880B0A
:1051F000990B0E9465F28B019C014091D707509159
:10520000D8076091D9077091DA078FEF35DF8FEFFC
:10521000F81631F0FF2009F485C0F12CE12C03C011
:10522000E090DD07F12C45E650E06CED77E28E0171
:105230000F5F1F4FC8010E9459F1FF92EF9289EC56
:1052400094E09F938F937E01E6E6EE0EF11CFF92B1
:10525000EF920E944DFCF80101900020E9F7CF0188
:105260000197801B910B0F900F900F900F900F9054
:105270000F908436910548F445E650E0481B590BE1
:10528000B701800F911F0E94A8F1D090DD07F801AF
:1052900001900020E9F7CF010197801B910B843624
:1052A000910550F445E650E0481B590B67ED77E255
:1052B000800F911F0E9459F11F92DF9289EC94E0B8
:1052C0009F938F93FF92EF920E944DFCF801019003
:1052D0000020E9F7CF010197801B910B0F900F90F1
:1052E0000F900F900F900F908436910548F445E68B
:1052F00050E0481B590BB701800F911F0E94A8F185
:10530000C8010E941828CF58DF4F0FB6F894DEBFAF
:105310000FBECDBFDF91CF911F910F91FF90EF9006
:10532000DF900895E090A90D7DCF2F923F924F928C
:105330005F926F927F928F929F92AF92BF92CF9225
:10534000DF92EF92FF920F931F93CF93DF93CDB72E
:10535000DEB7AC970FB6F894DEBF0FBECDBF8BA7FC
:105360006CA72091E6072AA71092E60781E08093B8
:1053700016091B8E1C8E1D8E1E8E1AA21BA21CA22D
:105380001DA21EA23CE33FA38CE188A796E499A747
:105390001E8A1F8AA0E8A88FBFEBB98F1A8EE1E0A2
:1053A000E9A3812C912C54019E012F5F3F4F1901DD
:1053B00080911609882309F43CC181149104A10449
:1053C000B10461F0C818D908EA08FB0830E1C31637
:1053D00037E2D306E104F10408F02BC16091A70D78
:1053E0007091A80D072E000C880B990B0E9465F296
:1053F0007B018C012E893F89488D598D0E945FF277
:105400008823B9F02091A30D3091A40D4091A50DF2
:105410005091A60D8CA5B7018111D4C0C8010E947E
:105420005FF2881F8827881F8A8FEE8AFF8A088F7D
:10543000198F0E9412D16B017C018AA19BA1ACA1A2
:10544000BDA18C199D09AE09BF09181619061A06C7
:105450001B06A4F1D701C60188519C4FAF4FBF4F27
:105460008AA39BA3ACA3BDA38BA594DE45E150E02A
:1054700060EE77E2C1010E9459F11D8A8114910406
:10548000A104B10409F4A9C0C501B401605F784D5D
:105490008F4F9F4F6C197D098E099F0928EE33E0CD
:1054A00040E050E00E9489F8BA01A901C1010E94C0
:1054B000397FC1010E9418280E949E2B80E00E9423
:1054C0000B3A0E9412D160936B0970936C09809320
:1054D0006D0990936E09B091A30DBF8FE091A40D5B
:1054E000E8A30091A50D1091A60D2B2F3E2FA8012A
:1054F0006E897F89888D998D0E941BF92B013C0153
:1055000020E030E0A9010E9443FB87FF04C077FA46
:10551000709477F8709481149104A104B10409F097
:105520007AC020E030E040E85FE3C301B2010E94AE
:105530005FF287FF10C0F9A1812C912C5401FF2349
:1055400031F085E0882E8DE0982EA12CB12C8C0CAA
:105550009D1CAE1CBF1C2A8D222391F18B8D9C8D2E
:10556000AD8DBE8D0097A105B10549F08C199D093F
:10557000AE09BF09181619061A061B060CF12F8D65
:1055800038A1A8016EA17FA188A599A50E941BF949
:1055900020E030E040EC5FE30E945FF287FD49C00D
:1055A000D701C601805A9541AF4FBF4F8B8F9C8F5B
:1055B000AD8FBE8F9F8D9EA3A8A1AFA308A719A7EB
:1055C00019A2F6CEC8010E945FF287FD32C0EE8AB2
:1055D000FF8A088F198F1A8E2CCFD1010D900020D1
:1055E000E9F7CD010197821993098431910508F0FB
:1055F00060CFF101E80FF91FBFE3B083833191055C
:1056000009F457CFE2E0F0E0EC0FFD1F8E0F9F1F73
:10561000DC011C924ECF20E030E040EA50E4C301B0
:10562000B2010E9443FB18160CF095CF46015701BA
:1056300092CF10911609112321F0109216090E94A1
:105640008CCABAA5B093E607812FAC960FB6F89432
:10565000DEBF0FBECDBFDF91CF911F910F91FF90A5
:10566000EF90DF90CF90BF90AF909F908F907F9002
:105670006F905F904F903F902F9008952F923F92A0
:105680004F925F926F927F928F929F92AF92BF9252
:10569000CF92DF92EF92FF920F931F93CF93DF93FE
:1056A000CDB7DEB7C454D1090FB6F894DEBF0FBE34
:1056B000CDBF7C014B015A01222E19821C821C8E07
:1056C0001F8E6115710511F410E0B6C1DC0113964F
:1056D0008C918111F9CFFA0180818B018F32D1F445
:1056E000DB0113968C9113978250823060F05996AB
:1056F0006D917C91CE014C960E9424DB8E01045E5C
:105700001F4F882309F3C5015C010196F501208133
:105710002F32D1F39E012F5F3F4F6901290130E203
:10572000332E2496CFAE24972596DFAE25973E01E3
:105730003CE1630E711C22963FAE229721963FAE4C
:1057400021973FAE3EAE3DAE3CAE3BAE3AAE39AE3B
:1057500038AE3FAA950190E047E0D9018D918823AA
:1057600061F18F3251F18E3239F44A3009F4ACCF05
:1057700098E04AE09D01F1CFE4EEFAE22491222381
:1057800021F031968213FACF9FCF491708F49CCFAE
:10579000813208F499CF8F3709F496CF3FE9380F5B
:1057A0003A3108F420EEE7E3F0E0EC0FFD1FE90FDB
:1057B000F11D820F80839F5FDDCF8FA9803209F4B6
:1057C00083CF5901D9018C912F5F3F4F8F32C9F39D
:1057D0008823A9F00815190519F0C8010E94DD7D7C
:1057E00024969FAD249725968FAD25974C145D0484
:1057F00011F4962D872D8601C92ED82E9CCFF80145
:10580000818D928DD7015A969C938E935997C8019A
:105810000E94347FC12CF80180859185A285B385D3
:10582000418952896389748984179507A607B70748
:1058300008F056C025E0B695A795979587952A95C7
:10584000D1F7F82FFF70DF2ED80113968C9182309C
:1058500008F43ACF23961FAE239741E050E0BE01F3
:105860006E5B7F4FC8010E947ED9019709F02CCF53
:10587000F80180859185A285B3854F96A11DB11D44
:1058800080879187A287B387F0E2DF9EB001112461
:105890006D59744F6115710509F416CFDB018C91B8
:1058A000882341F0853E09F04DC0CC2029F0CC245E
:1058B000C394B1CFC1100EC08091630D9091640D5F
:1058C000A091650DB091660DF70184879587A68735
:1058D000B787D08ADB018C918111E9CFCC24C394A6
:1058E000822D8274823409F0EFCECC2009F4C7C037
:1058F000F701D08861E0C7010E94E67D009709F4B6
:10590000E3CE20E2DC011D922A95E9F72BE0FE01AF
:10591000F796DC0101900D922A95E1F721E238E239
:10592000FC01318B208B40E058E057874687338B52
:10593000228B318F208F578B468B0E9447D381114A
:105940000AC0C2CE4BE050E0CE01C7960E94F2FBE7
:10595000892B09F060CF2D2D30E0F901B5E0EE0F75
:10596000FF1FBA95E1F7DF01AD59B44F1B968C913B
:10597000817121F0822D827109F020C1D7015996E1
:105980008D919C915A974091630D5091640D609157
:10599000650D7091660D1C964D935D936D937C9390
:1059A0001F975096DC925097ED59F44F8488958854
:1059B000B12CA12C54019924882455968D929D9246
:1059C000AD92BC925897428D538D70E060E04829AB
:1059D00059296A297B2955964D935D936D937C9344
:1059E0005897A5E0220F331FAA95E1F7D901AD59C9
:1059F000B44F1B962C91287109F0D2C0848D958DDF
:105A0000A68DB78DF701818B928BA38BB48B81E030
:105A10008383822D8F70F701818314821582168211
:105A20001782108611861286138611E024FE04C0A8
:105A3000C7010E9474D7182FCE014C960E94DC2714
:105A4000CE0101960E94DC27812FCC5BDF4F0FB681
:105A5000F894DEBF0FBECDBFDF91CF911F910F91A4
:105A6000FF90EF90DF90CF90BF90AF909F908F907E
:105A70007F906F905F904F903F902F900895D80146
:105A800013968C911397823009F41ECE51968D9106
:105A90009D910D90BC91A02D803E9F4FAF41B105CF
:105AA00008F012CEC8010E94397E882309F40CCE7A
:105AB0000E9447D3882309F407CED8015996ED9167
:105AC000FC915A9714968D909D90AD90BC9017972D
:105AD000B2E08B1A9108A108B108858504C0880C32
:105AE000991CAA1CBB1C8A95D2F786859785A0892C
:105AF000B189880E991EAA1EBB1E81E08093670D96
:105B00008092630D9092640DA092650DB092660D27
:105B1000E3E6FBE080E092E0DF019C011D92215072
:105B20003040E1F7DD24D394D8015996ED91FC91F2
:105B30008481D816C0F48091680D9091690DDC01C4
:105B4000ED91FC910288F389E02D23E63BE0B5015D
:105B5000A4014D0D511D611D711D1995882309F476
:105B6000B3CDD394E1CF258580E092E0A0E0B0E012
:105B700004C0880F991FAA1FBB1F2A95D2F7F801EE
:105B80004189528963897489840F951FA61FB71FA5
:105B9000818B928BA38BB48B83E69BE0D12CB1CE0F
:105BA000203161F497012F5E3F4F0E942ED688234B
:105BB00029F084E0D70113968C932BCFD70113964D
:105BC0001C9282CDCF92DF92EF92FF920F931F93A0
:105BD000CF93DF93CDB7DEB7A7970FB6F894DEBFAC
:105BE0000FBECDBF182F0E94BA8F812309F46BC05E
:105BF0004091DB045091DC046091DD047091DE047F
:105C000048A359A36AA37BA330E020E0E0E090E042
:105C1000AC01022E02C0559547950A94E2F740FF69
:105C200011C064E270E06C0F7D1F6E0F711D40E2C9
:105C300050E04C0F5D1F420F531FDA014C91DB0106
:105C40004C93EF5F2F5F3F4F2330310509F78E01F3
:105C50000C5D1F4FE00FF12FF11D108219821F8E76
:105C60001F930F9380E7E82E8CE1F82EFF92EF92BE
:105C70001F928EE18F93CE0101966C019F938F93BB
:105C80000E94BCF10E949B2BC6010E9489271F9392
:105C90000F93FF92EF921F920E943AD10FB6F894A1
:105CA000DEBF0FBECDBF81E0A7960FB6F894DEBF72
:105CB0000FBECDBFDF91CF911F910F91FF90EF905D
:105CC000DF90CF90089580E0EFCFCF92DF92EF92F8
:105CD000FF921F93CF93DF93CDB7DEB72C970FB60C
:105CE000F894DEBF0FBECDBF182F6B017A018091F3
:105CF00059098330A8F080918608811111C00E9453
:105D0000982BC6010E94722B8AE397E20E94722BA5
:105D10001F3FA1F586E397E20E94722B0E949E2B03
:105D20000E949580A89580918608811135C081E0F8
:105D30008093860882E0809359090E94958087E0CD
:105D400041DF811111C08CE0EAE6F4E0DE0111963A
:105D500001900D928A95E1F7BE016F5F7F4F80E061
:105D60000E94F4970E9494846FE277E21F3F11F043
:105D700063E377E240E0C7010E94C73717FDCECF4B
:105D800085E40E94BEC5612F012E000C770B880BA5
:105D9000990B0E946FC7C2CF2C960FB6F894DEBF46
:105DA0000FBECDBFDF91CF911F91FF90EF90DF909D
:105DB000CF9008952F923F924F925F926F927F9271
:105DC0008F929F92AF92BF92CF92DF92EF92FF920B
:105DD0000F931F93CF93DF9300D01F921F92CDB7E5
:105DE000DEB71C0149835A836B837C832801390108
:105DF000ED82860181E090E02E2D2F3F11F090E0A2
:105E000080E025E0289FF001299FF00D1124E85340
:105E1000F84F8481882309F45EC0F1011482158251
:105E2000168217821086F10184818230A1F08330BE
:105E300009F482C08130B9F529813A814B815C81B6
:105E400065817681878190850E9443FB18165CF1FD
:105E500082E0F101848329813A814B815C81F101E7
:105E600065817681878190850E941BF96B017C0199
:105E70000E9412D12B013C01A5019401C701B6017A
:105E80000E945FF218160CF446C09801A8EEB3E029
:105E90000E94D1F8460E571E681E791EF1014082FD
:105EA0005182628273820F900F900F900F900F902B
:105EB000DF91CF911F910F91FF90EF90DF90CF90E6
:105EC000BF90AF909F908F907F906F905F904F901A
:105ED0003F902F900895A3019201F1016581768191
:105EE000878190850E945FF2882309F49CCFF1019D
:105EF0004582568267827086FF24F39420E030E06A
:105F0000A901C301B2010E9443FB18160CF0F12C49
:105F1000F101F48288CFF10180819181A281B38166
:105F200084199509A609B709181619061A061B0639
:105F30000CF4B9CF83E0848344EB57E264EC77E25E
:105F40008D810F900F900F900F900F90DF91CF9158
:105F50001F910F91FF90EF90DF90CF90BF90AF9087
:105F60009F908F907F906F905F904F903F902F9079
:105F7000ACCE48E557E265E677E2A7CECF93DF9354
:105F8000A8958091A10D9091A20D2091A10D309125
:105F9000A20D82179307A9F70E945FC86093A30D13
:105FA0007093A40D8093A50D9093A60D8091D507B5
:105FB0009091D6072091D5073091D6078217930785
:105FC000A9F70E94AC806093D7077093D80780939D
:105FD000D9079093DA07C091A10DD091A20D8091BD
:105FE000A10D9091A20DC817D907A9F780912E0293
:105FF00090912F02C817D90710F480E0BADF809182
:10600000A70D9091A80D181619066CF480912C021A
:1060100090912D028C179D0730F445E957E262EA12
:1060200077E280E052DE8091D5079091D6072091EB
:10603000D5073091D60782179307A9F720912A0236
:1060400030912B028217930710F48FEF92DF80912B
:10605000DB079091DC0718161906D4F4209128026A
:10606000309129028091D5079091D6074091D507AC
:106070005091D60784179507A9F72817390740F4D8
:1060800045E957E262EA77E28FEFDF91CF911DCECB
:10609000DF91CF9108954F925F926F927F928F928E
:1060A0009F92AF92BF92CF92DF92EF92FF920F93A7
:1060B0001F93CF93DF93CDB7DEB72E970FB6F8942B
:1060C000DEBF0FBECDBF80915909811118C0A895C0
:1060D0002E960FB6F894DEBF0FBECDBFDF91CF91E5
:1060E0001F910F91FF90EF90DF90CF90BF90AF90F6
:1060F0009F908F907F906F905F904F9008958091C8
:1061000095088111E5CF81E0809395088091D207B1
:10611000811103C010929508DBCF30DF1092D207B7
:106120000E9412D12B013C01609132027091330226
:10613000072E000C880B990B0E9465F29B01AC01A5
:106140006091A30D7091A40D8091A50D9091A60D65
:106150000E9443FB181614F480E00BDF8091CC07FB
:10616000811118C08091C8079091C907A091CA07F2
:10617000B091CB070097A105B10561F0841995098D
:10618000A609B709181619061A061B061CF081E0A5
:106190008093CC076091A70D7091A80D072E000C7D
:1061A000880B990B0E9465F28B019C014091A30D15
:1061B0005091A40D6091A50D7091A60D812C912C8C
:1061C000E0E8AE2EE0E4BE2EF8E2CF2ED12CE12C9A
:1061D0008DE89DE0EFDD8090A30D9090A40DA09040
:1061E000A50DB090A60D6091300270913102072E7E
:1061F000000C880B990B0E9465F29B01AC01C50154
:10620000B4010E9443FB18160CF032C260913202B6
:1062100070913302072E000C880B990B0E9465F2D7
:106220009B01AC01C501B4010E945FF287FF20C24F
:106230008091CC0790918D08911109C02FE93DE024
:1062400030938C0820938B0891E090938D088823DD
:1062500009F4CFC0C12CD12C7601C701B6010E9430
:1062600060FA759567956093A90D8091E907909103
:10627000EA07A091EB07B091EC070097A105B105E3
:10628000B9F084199509A609B709181619061A064E
:106290001B0674F0C501B4010E9460FA2091E70763
:1062A0003091E807621773070CF4E4C10E9448724A
:1062B00020E030E04AEF52E46091D7077091D807B0
:1062C0008091D9079091DA070E9443FB181614F4C5
:1062D0008FEF4FDE8091C4079091C507A091C6074C
:1062E000B091C7070097A105B105E9F08419950998
:1062F000A609B709181619061A061B06A4F060911C
:10630000D7077091D8078091D9079091DA070E943A
:1063100060FA2091C2073091C307621773070CF42B
:10632000B0C10E94FE248091870890918808A091B6
:106330008908B0918A0884199509A609B709181621
:1063400019061A061B060CF4E5CED301C2018857C4
:106350009C4EAF4FBF4F8093870890938808A093BF
:106360008908B0938A088091D107811118C0809163
:10637000CD079091CE07A091CF07B091D00700979D
:10638000A105B10561F084199509A609B709181688
:1063900019061A061B061CF081E08093D107609154
:1063A000DB077091DC07072E000C880B990B0E940D
:1063B00065F28B019C014091D7075091D8076091FD
:1063C000D9077091DA07812C912CA12C80E4B82E8A
:1063D00098E7C92ED12CEE24EA9486E99DE0EADC08
:1063E0008091D107882309F455C11092DD07759873
:1063F00091CE80918B0890918C089E878D87DC01CF
:1064000014968D919D910D90BC91A02D8D839E83AE
:10641000AF83B887ED85FE8560857185072E000CFA
:10642000880B990B0E9465F26B017C0120E030E043
:10643000A9010E945FF2882391F02D813E814F8156
:106440005885C701B6010E941BF96B017C0120E051
:1064500030E040EA51EC0E945FF287FF09C081E022
:10646000AD85BE851B968C93C12CD12C7601D0C0F6
:1064700020E030E040EA51E4C701B6010E9443FB4E
:1064800018165CF481E0ED85FE858387C12CD12C44
:106490004FE7E42E43E4F42EBBC0AD85BE851B96CA
:1064A0008C911B97882369F0FD01148A158A168A3E
:1064B000178A58961D921D921D921C925B971B96EF
:1064C0001C92ED85FE85248D358D468D578DC70137
:1064D000B6010E94C4F269877A878B879C87AD8555
:1064E000BE8550966D937D938D939C935397909614
:1064F0002D913D914D915C919397C701B6010E94FA
:10650000C4F2ED85FE8524893589468957890E9424
:106510001CF96B017C0120E030E0A9010E945FF2D0
:1065200087FD9BC020E030E04FE753E4C701B60190
:106530000E9443FB18160CF494C0AD85BE8554969A
:10654000CD92DD92ED92FC92579758968D919D9148
:106550000D90BC91A02D89839A83AB83BC832D8140
:106560003E814F815885ED85FE85648575858685DC
:1065700097850E941BF9AD85BE8594962D913D911E
:106580004D915C9197970E94C4F229813A814B8189
:106590005C810E941BF920ED3CEC4CE45DE30E9421
:1065A000C4F229813A814B815C810E941CF9698384
:1065B0007A838B839C83ED85FE85608F718F828FBC
:1065C000938FA701960169857A858B859C850E94AA
:1065D0001CF929813A814B815C810E941CF920E0E1
:1065E00030E0A9010E941CF96B017C0120E030E041
:1065F000A9010E945FF287FD37CF20E030E04FE72E
:1066000053E4C701B6010E9443FB18160CF43ECFB9
:106610008D819E81AF81B885ED85FE8584879587C4
:10662000A687B78720E030E0A901C701B6010E9424
:106630005FF287FD0FCE20E030E04FE753E4C70163
:10664000B6010E9443FB18160CF007CEC12CD12CCA
:106650003FE7E32E33E4F32E00CEC12CD12C76019C
:106660006CCFC12CD12C5FE7E52E53E4F52E65CF1E
:1066700060E0F9CD47E757E266E877E280E025DBA6
:1066800017CE47E757E266E877E28FEF1EDB4BCE87
:106690008FE733C0C090D707D090D807E090D907D4
:1066A000F090DA0720E030E040EA50E4C701B6019C
:1066B0000E9443FB87FD99CE20E030E04AEF52E490
:1066C000C701B6010E945FF218160CF48ECE6091DD
:1066D000DB077091DC07072E000C880B990B0E94DA
:1066E00065F2A70196010E941BF920E030E0A901A4
:1066F0000E9443FB181664F280E08093DD070ACD08
:106700002F923F924F925F926F927F928F929F92C1
:10671000AF92BF92CF92DF92EF92FF920F931F93AF
:10672000CF93DF93CDB7DEB7C054D1090FB6F8943D
:10673000DEBF0FBECDBF87E297E00E944B908091F5
:10674000D40983FD6EC020912C0A30912D0A40910E
:106750002E0A50912F0A609133077091340780916F
:106760003507909136070E945FF2882309F459C0DB
:106770000E94FF83182F882331F00E949B2B85E510
:106780009CE10E94722B20912C0A30912D0A40919D
:106790002E0A50912F0A609133077091340780912F
:1067A0003507909136070E941BF96B017C0120E0B0
:1067B00030E0A9010E9443FB87FF04C0F7FAF09480
:1067C000F7F8F0942091550230915602409157020B
:1067D00050915802C701B6010E94C4F220E030E097
:1067E00048E453E40E9443FB1816CCF40E949B2B10
:1067F00086E39CE10E94722B8091330790913407CD
:10680000A0913507B091360780932C0A90932D0AFA
:10681000A0932E0AB0932F0A0E94B69202C01111C3
:10682000EBCF2AE037ED43E25CE360911302709115
:10683000140280911502909116020E94C4F26B011D
:106840007C016091110270911202072E000C880BDE
:10685000990B0E9465F29B01AC01C701B6010E9431
:10686000C4F26DAB7EAB8FAB98AF80918D0988235E
:1068700011F1C0902F07D0903007E0903107F090D1
:10688000320780908E0990908F09A0909009B09067
:10689000910920E030E0A901C501B4010E945FF236
:1068A000882309F442C0A5019401C701B6010E94E2
:1068B0005FF287FD3AC019821A821B821C821D82F8
:1068C0001E821F82188619861A861B861C869E01C8
:1068D0002F5F3F4F4DA95EA96FA978AD87E297E082
:1068E0000E94EFC880E1E7E2F7E0A0E2BAE00190A1
:1068F0000D928A95E1F7C05CDF4F0FB6F894DEBFCA
:106900000FBECDBFDF91CF911F910F91FF90EF9000
:10691000DF90CF90BF90AF909F908F907F906F90BF
:106920005F904F903F902F9008952091200A3091D2
:10693000210A4091220A5091230A60912707709101
:1069400028078091290790912A070E941BF92B01A3
:106950003C01498A5A8A6B8A7C8A2091240A3091A8
:10696000250A4091260A5091270A60912B077091C1
:106970002C0780912D0790912E070E941BF969AB7F
:106980007AAB8BAB9CAB6D8B7E8B8F8B988F209172
:10699000280A3091290A40912A0A50912B0AC701EE
:1069A000B6010E941BF969AF7AAF8BAF9CAF698FBC
:1069B0007A8F8B8F9C8F20912C0A30912D0A4091D9
:1069C0002E0A50912F0A60913307709134078091FD
:1069D0003507909136070E941BF94B015C018D8EA3
:1069E0009E8EAF8EB8A220E030E0A901C301B201B3
:1069F0000E945FF281110CC020E030E0A90169A97A
:106A00007AA98BA99CA90E945FF2882309F453CF2D
:106A1000CE0141960E94D48F6B017C012DEB37E3B0
:106A200046E855E30E945FF287FF0FC020E030E0A8
:106A3000A901C501B4010E9443FB7501640187FFF0
:106A400004C0F7FAF094F7F8F0942DEB37E346E83A
:106A500055E3C701B6010E945FF287FD43CF20E0F6
:106A600030E040EA50E4C701B6010E94F8F90E9404
:106A700065FA1B01672B19F422242394312CB101F0
:106A800090E080E00E9463F29B01AC0160E070E066
:106A900080E89FE30E94F8F96DA77EA78FA798ABC7
:106AA0009B01AC01C301B2010E94C4F221966CAFFC
:106AB0007DAF8EAF9FAF21972DA53EA54FA558A9BD
:106AC00069A97AA98BA99CA90E94C4F269AB7AAB87
:106AD0008BAB9CAB2DA53EA54FA558A969AD7AAD52
:106AE0008BAD9CAD0E94C4F22B013C012DA53EA5AF
:106AF0004FA558A9C501B4010E94C4F24B015C0125
:106B00002DA53EA54FA558A9C701B6010E94C4F204
:106B100069A37AA38BA39CA31DA21EA21FA218A6E1
:106B200019A61AA61BA61CA680E1E0E2FAE08E01D7
:106B30000F5F1F4FD80101900D928A95E1F70E94D7
:106B400012D16B017C0128ECC20ED11CE11CF11C9E
:106B500081E0281A310809F45AC00E9412D1A70115
:106B60009601261B370B480B590B121613061406F9
:106B700015060CF450C06B017C01A8ECCA0ED11CA8
:106B8000E11CF11C80E00E940B3A21962CAD3DAD3A
:106B90004EAD5FAD219769817A818B819C810E9486
:106BA0001CF969837A838B839C8329A93AA94BA911
:106BB0005CA96D817E818F8198850E941CF96D830F
:106BC0007E838F839887A301920169857A858B855F
:106BD0009C850E941CF969877A878B879C87A50111
:106BE00094016D857E858F8598890E941CF96D873B
:106BF0007E878F87988B9E012F5D3F4F4DA95EA9A1
:106C00006FA978ADC8010E94EFC88111A1CF9E0184
:106C10002F5D3F4F5FCE3FDAB8CF4F925F926F92BA
:106C20007F928F929F92AF92BF92CF92DF92EF921C
:106C3000FF92CF93DF936B017C01809013029090C1
:106C40001402A0901502B0901602C0911102D091CA
:106C5000120284E690E09093120280931102409019
:106C6000550250905602609057027090580280E092
:106C700090E0A0E8BFE38093550290935602A09362
:106C80005702B093580220E030E0A901C7010E94EA
:106C90005FF2882341F0C0921302D0921402E09276
:106CA0001502F09216022CDD4092550250925602C7
:106CB0006092570270925802D0931202C093110250
:106CC0008092130290921402A0921502B0921602C2
:106CD000DF91CF91FF90EF90DF90CF90BF90AF907A
:106CE0009F908F907F906F905F904F900895FC01E0
:106CF00020818091790D90917A0D922728E0AC0146
:106D0000880F991F57FD07C02150C9F790937A0D3E
:106D10008093790D0895F1E28F27F0E19F27F4CF5A
:106D20003FB7F8948091FF1690910017A09101173A
:106D3000B091021726B5A89B05C02F3F19F0019608
:106D4000A11DB11D3FBFBA2FA92F982F8827BC01C5
:106D5000CD01620F711D811D911D42E0660F771FED
:106D6000881F991F4A95D1F70895FC01938591FDDD
:106D700013C0987121E0903109F020E08091860DD8
:106D800020FB85F98093860D903141F08085873412
:106D900019F481858E3711F480E0089581E008951B
:106DA000FC0120E03EE2DB014D91BD01403249F0A3
:106DB000283011F430833196DB0111974C914083D8
:106DC00031962F5F2B3079F710820895CF93DF93A0
:106DD000EC01CB01E881F981608171810E94007E24
:106DE00028813981D901ED91FC91AA81BB818C91D7
:106DF0009081992359F08936C8F4CF010196F901A1
:106E0000918380838C918F5F8C93EACF893670F465
:106E10008FE28083E881F98180819181019691835D
:106E20008083EA81FB8180818F5F8083DF91CF91B6
:106E300008952F923F924F925F926F927F928F921E
:106E40009F92AF92BF92CF92DF92EF92FF920F93F9
:106E50001F93CF93DF93CDB7DEB7C859D1090FB6D3
:106E6000F894DEBF0FBECDBF8C01E0964FAFE09728
:106E7000252E362EE2967FAFE297C258DF4F398338
:106E80002883CE57D0402091E9093091EA094091FA
:106E9000EB095091EC09DC016D917D918D919C91F4
:106EA0000E94C4F20E944FFBC457DF4F688379836E
:106EB0008A839B83CC58D0402091ED093091EE0914
:106EC0004091EF095091F009F80164817581868144
:106ED00097810E94C4F20E944FFBC057DF4F688326
:106EE00079838A839B83C059D0402091F1093091E6
:106EF000F2094091F3095091F409D80118966D9167
:106F00007D918D919C911B970E94C4F20E944FFB32
:106F1000CC56DF4F688379838A839B83C459D040E2
:106F2000D8011C962D913D914D915C911F97A39690
:106F30002CAF3DAF4EAF5FAFA3972091F5093091D5
:106F4000F6094091F7095091F809A3966CAD7DAD13
:106F50008EAD9FADA3970E94C4F20E944FFBC05814
:106F6000DF4F688379838A839B83C058D04080E158
:106F7000F801DE01AF5BBF4F01900D928A95E1F7FA
:106F80008091D40983FD04C08091CD098823F1F05C
:106F9000C058DF4F088119812A813B81C058D040F9
:106FA0000093430E1093440E2093450E3093460EEB
:106FB000A3962CAD3DAD4EAD5FADA3972093330EA0
:106FC0003093340E4093350E5093360E9091260E2A
:106FD0008091250E891738F0891B8F3031F480E0BD
:106FE0000E940B3AF3CF805FF7CF8091250E0E946D
:106FF0002589C856DF4F8883C859D0400091250E97
:107000008091CB099091CC09892B11F00C94B2C5D9
:107010008091370E9091380EA091390EB0913A0EB2
:10702000C457DF4F88809980AA80BB80CC58D0405D
:10703000881A990AAA0ABB0A80913B0E90913C0ECD
:10704000A0913D0EB0913E0EC057DF4F288139818F
:107050004A815B81C059D040281B390B4A0B5B0B1E
:1070600067962CAF3DAF4EAF5FAF679780913F0EF5
:107070009091400EA091410EB091420ECC56DF4F40
:10708000288139814A815B81C459D040281B390B42
:107090004A0B5B0B6B962CAF3DAF4EAF5FAF6B9760
:1070A0008091430E9091440EA091450EB091460EF2
:1070B000C058DF4FC880D980EA80FB80C058D040DC
:1070C000C81AD90AEA0AFB0A09F481C00E94FF83A0
:1070D000882339F1C058DF4F88819981AA81BB810B
:1070E000C058D0408093430E9093440EA093450E19
:1070F000B093460EA3962CAD3DAD4EAD5FADA397BC
:107100002093330E3093340E4093350E5093360E49
:107110000E949B2B82E691E30E94722BC12CD12C02
:107120007601C701B6010E9465F2209155023091A7
:10713000560240915702509158020E94C4F22B010E
:107140003C0120E030E0A9010E9443FB87FF04C01E
:1071500077FA709477F8709420E030E048E453E4D4
:107160006091F5097091F6098091F7099091F809FD
:107170000E94C4F2A30192010E945FF287FF27C020
:10718000C058DF4F88819981AA81BB81C058D04007
:107190008093430E9093440EA093450EB093460EF9
:1071A000A3962CAD3DAD4EAD5FADA3972093330EAE
:1071B0003093340E4093350E5093360E0E949B2B25
:1071C00083E491E30E94722BC12CD12C760110E054
:1071D00081E0181419041A041B040CF080E080FBF1
:1071E00010F981E067962CAD3DAD4EAD5FAD679770
:1071F00012161306140615060CF080E080FB11F938
:1072000081E06B962CAD3DAD4EAD5FAD6B97121628
:107210001306140615060CF080E080FB12F981E0DD
:107220001C141D041E041F040CF080E080FB13F9E5
:10723000C701B6010E9465F22091550230915602B5
:1072400040915702509158020E94C4F26B017C0198
:1072500020E030E0A9010E9443FB87FF66C4C7011C
:10726000B6019058402F50E0A1965FAF4EAFA19766
:1072700053E6059F90011124D901A95BB14FA9964E
:10728000BFAFAEAFA9970E9465FAAF966CAF7DAF66
:107290008EAF9FAFAF97A996EEADFFADA9971082C5
:1072A00015AF6B964CAC5DAC6EAC7FAC6B9777FE5C
:1072B00008C07094609450944094411C511C611C0F
:1072C000711C67960CAD1DAD2EAD3FAD6797A796AF
:1072D0000CAF1DAF2EAF3FAFA79737FF0DC0309556
:1072E0002095109501951F4F2F4F3F4FA7960CAF3C
:1072F0001DAF2EAF3FAFA7976F968CAE9DAEAEAED3
:10730000BFAE6F97B7FE0DC022273327A9012819FA
:1073100039094A095B096F962CAF3DAF4EAF5FAF9D
:107320006F976F968CAD9DADAEADBFAD6F97A996C3
:10733000EEADFFADA997858F968FA78FB0A3A796C7
:107340000CAD1DAD2EAD3FADA79701A312A323A396
:1073500034A345A256A267A270A6C501B4010E943B
:1073600065F22091BB093091BC094091BD09509153
:10737000BE090E94C4F2EA966CAF7DAF8EAF9FAF9C
:10738000EA9767966CAD7DAD8EAD9FAD67970E9415
:1073900065F22091BF093091C0094091C109509117
:1073A000C2090E94C4F267966CAF7DAF8EAF9FAFEB
:1073B00067976B966CAD7DAD8EAD9FAD6B970E9460
:1073C00065F22091C3093091C4094091C5095091DB
:1073D000C6090E94C4F24B015C01EA960CAD1DADDA
:1073E0002EAD3FADEA9709AB1AAB2BAB3CAB679622
:1073F0002CAD3DAD4EAD5FAD67972DAB3EAB4FAB0A
:1074000058AF89AE9AAEABAEBCAE2091C7093091F1
:10741000C8094091C9095091CA09C701B6010E9423
:10742000C4F2E6966CAF7DAF8EAF9FAFE697219624
:107430006CAF7DAF8EAF9FAF21976F968CAD9DAD3A
:10744000AEADBFAD6F970697A105B1050CF077C340
:10745000A7960CAD1DAD2EAD3FADA797063011051B
:10746000210531050CF06BC316E04116510461048F
:1074700071040CF064C320E030E0A901E6966CAD25
:107480007DAD8EAD9FADE6970E9443FB87FF50C355
:10749000E6968CAD9DADAEADBFADE697B05823E698
:1074A000A1960EAD1FADA197209FF001219FF00D79
:1074B0001124E95BF14F818B928BA38BB48B83E614
:1074C000A1960EAD1FADA197809FF001819FF00D99
:1074D0001124E95BF14FAF962CAD3DAD4EAD5FADE4
:1074E000AF9721A732A743A754A7458D568D678D27
:1074F00070A101A112A123A134A185A196A1A7A1E8
:10750000B0A580179107A207B30710F4D901C801ED
:1075100084179507A607B70710F4DB01CA01AF96D9
:107520000CAD1DAD2EAD3FADAF9780179107A207F3
:10753000B30710F4D901C80123E6A1960EAD1FAD23
:10754000A197209FF001219FF00D1124E95BF14FDD
:1075500085A796A7A7A7B0AB0697A105B10510F41C
:107560000C9495C5E25BFF4F80917A148083452B84
:10757000462B472B19F080E00E94528283E6A196A9
:107580000EAD1FADA197809FF001819FF00D1124DA
:10759000E95BF14F81A192A1A3A1B4A1892B8A2B10
:1075A0008B2B19F081E00E94528283E6A1960EADEA
:1075B0001FADA197809FF001819FF00D1124E95B21
:1075C000F14F85A196A1A7A1B0A5892B8A2B8B2B62
:1075D00019F082E00E945282AF962CAD3DAD4EADC7
:1075E0005FADAF97232B242B252B11F40C94B4C53E
:1075F0000E941882E090150AF090160A0091170A6E
:107600001091180A9701A801E0966FADE097722DCE
:10761000832DE2969FADE2970E945FF287FD08C03E
:10762000E096EFACE097F22C032DE2961FADE297C7
:1076300083E6A1964EAD5FADA197849FF001859F33
:10764000F00D1124E95BF14F81889288A388B488FA
:10765000A501940160E070E080E89FE30E94F8F9E2
:10766000EA966CAF7DAF8EAF9FAFEA979701A80106
:107670000E94C4F26B017C019091240E8091250E32
:10768000891708F4B7C2891BE2968FAFE297A7016A
:10769000960160E074E284E799E40E94F8F90E94A0
:1076A0004FFB2B013C01E2968FADE2978250863072
:1076B000A0F56091E5097091E6098091E709909144
:1076C000E809641975098609970916161706180638
:1076D00019061CF5660F771F881F991FE2960FADDC
:1076E000E297202F30E050E040E00E94ABF8CA0162
:1076F000B9010E9465F20E9460FA640D751D861D35
:10770000971D0E9465F29B01AC0160E074E284E782
:1077100099E40E94F8F96B017C01A7019601C5016B
:10772000B4010E94C4F2EE966CAF7DAF8EAF9FAFF6
:10773000EE9783E6A1962EAD3FADA197829F800183
:10774000839F100D1124095B114FEE968CAD9DADFA
:10775000AEADBFADEE97F80181839283A383B4836E
:1077600025A536A547A550A9A7962CAF3DAF4EAF8E
:107770005FAFA797CA01B9010E9463F26F966CAF21
:107780007DAF8EAF9FAF6F979B01AC01C701B60174
:107790000E94C4F20E94E2F90E9465FACC57DF4FC2
:1077A000688379838A839B83C458D040F801FE960E
:1077B00060837183828393838E010F5C1F4FE196F8
:1077C0001FAF0EAFE19700511109C657DF4F198364
:1077D0000883CA58D04009EF19E0C857DF4F198312
:1077E0000883C858D0408E01035C1F4F63961FAFBB
:1077F0000EAF6397212C312C10E864961FAF64976D
:107800000FE368960FAF6897E196AEADBFADE19715
:107810002D913D914D915D91E196BFAFAEAFE19756
:10782000C701B6010E94C4F24B015C01C657DF4F8D
:10783000E881F981CA58D04081929192A192B19287
:10784000C657DF4FF983E883CA58D04020E030E0C4
:10785000A9010E9443FB87FF04C0B7FAB094B7F8B0
:10786000B094C857DF4FA881B981C858D0404D9017
:107870005D906D907D90C857DF4FB983A883C8583D
:10788000D040A5019401C301B2010E945FF287FFBD
:107890001AC0A5019401C301B2010E94F8F95B016D
:1078A0008C01910164964FAD649768965FAD6897BF
:1078B0000E945FF287FF07C0150164960FAF6497BF
:1078C00068961FAF689763960EAD1FAD6397E196FC
:1078D0002EAD3FADE1970217130709F095CFA70131
:1078E0009601E6966CAD7DAD8EAD9FADE6970E949C
:1078F000C4F26B017C01CDA6DEA6EFA6F8AA20E0BB
:1079000030E0A9010E9443FB4601570187FF04C0F4
:10791000B7FAB094B7F8B0944090050A5090060AB0
:107920006090070A7090080AA5019401C301B20192
:107930000E945FF287FF1AC0A5019401C301B20142
:107940000E94F8F95B018C01910164964FAD649738
:1079500068965FAD68970E945FF287FF07C01501C8
:1079600064960FAF649768961FAF689720E030E089
:1079700040E85FE3B10164968FAD649768969FAD70
:1079800068970E945FF287FF81C0910164964FADB6
:10799000649768965FAD689769A17AA18BA19CA155
:1079A0000E94C4F269A37AA38BA39CA3910164965D
:1079B0004FAD649768965FAD68976DA17EA18FA16A
:1079C00098A50E94C4F26DA37EA38FA398A79101EE
:1079D00064964FAD649768965FAD689769A57AA580
:1079E0008BA59CA50E94C4F269A77AA78BA79CA728
:1079F000910164964FAD649768965FAD6897C70133
:107A0000B6010E94C4F26DA77EA78FA798AB83E64C
:107A1000A1964EAD5FADA197849F8001859F100D0B
:107A20001124095B114F78015EE3E50EF11CCC5780
:107A3000DF4F688179818A819B81C458D0400E9440
:107A400063F2910164964FAD649768965FAD689755
:107A50000E94C4F20E9465FAD7016D937D938D93C5
:107A60009C931397910164964FAD649768965FADB0
:107A70006897EE966CAD7DAD8EAD9FADEE970E9492
:107A8000C4F2F80161837283838394836F962CAD73
:107A90003DAD4EAD5FAD6F97EA966CAD7DAD8EADF1
:107AA0009FADEA970E94C4F22B013C0183E6A196A8
:107AB0000EAD1FADA197809FF001819FF00D1124A5
:107AC000E95BF14F458A568A678A708E858C968C61
:107AD000A78CB0A081149104A104B10409F08CC05A
:107AE00081A192A1A3A1B4A1892B8A2B8B2B09F090
:107AF00083C085A196A1A7A1B0A5892B8A2B8B2B2A
:107B000009F07AC020910D0A30910E0A40910F0AB7
:107B10005091100AC301B2010E94C4F20E94E2F91E
:107B20000E9465FA6B017C0165C1C701B6019ACB61
:107B3000E6968CAD9DADAEADBFADE697B0CCC2586C
:107B4000DF4FA881B981CE57D040CD90DD90ED9028
:107B5000FC9020E030E0A901C701B6010E945FF26D
:107B6000882389F083E6A1960EAD1FADA197809F73
:107B7000F001819FF00D1124E95BF14FC18AD28A97
:107B8000E38AF48A9CCCEA962CAD3DAD4EAD5FAD58
:107B9000EA9729833A834B835C8367968CAD9DADCE
:107BA000AEADBFAD67978D839E83AF83B88789865F
:107BB0009A86AB86BC86E6960CAD1DAD2EAD3FAD6C
:107BC000E6970D871E872F87388BCE0101960E947E
:107BD000D48F23E6A1960EAD1FADA197209FF00193
:107BE000219FF00D1124E95BF14F618B728B838B28
:107BF000948B65CC805F47CDAF962CAD3DAD4EAD3F
:107C00005FADAF97232B242B252B09F40CC22091B9
:107C1000090A30910A0A40910B0A50910C0AC301DB
:107C2000B2010E94C4F20E94E2F90E9465FA6B015F
:107C30007C018091B7099091B809A091B909B091E0
:107C4000BA09A996EEADFFADA99701A112A123A192
:107C500034A167960CAF1DAF2EAF3FAF679705A15C
:107C600016A127A130A56B960CAF1DAF2EAF3FAF6D
:107C70006B9701A512A523A534A5AB960CAF1DAF3C
:107C80002EAF3FAFAB97A7960CAD1DAD2EAD3FAD60
:107C9000A79780179107A207B30708F4CDC18114F5
:107CA0009104A104B104E1F06091A7097091A809C1
:107CB0008091A9099091AA096C157D058E059F05F3
:107CC00078F4A90198010E947AF8A50194010E9414
:107CD00089F82C153D054E055F0510F469017A0100
:107CE00067962CAD3DAD4EAD5FAD6797232B242B32
:107CF000252B21F16091AB097091AC098091AD0900
:107D00009091AE096C157D058E059F05B8F4A79678
:107D10002CAD3DAD4EAD5FADA7970E947AF867964A
:107D20002CAD3DAD4EAD5FAD67970E9489F82C1527
:107D30003D054E055F0510F469017A016B968CAD27
:107D40009DADAEADBFAD6B97892B8A2B8B2B21F1EF
:107D50006091AF097091B0098091B1099091B20919
:107D60006C157D058E059F05B8F4A7962CAD3DAD2D
:107D70004EAD5FADA7970E947AF86B962CAD3DADE6
:107D80004EAD5FAD6B970E9489F82C153D054E05F1
:107D90005F0510F469017A01AB960CAD1DAD2EADF7
:107DA0003FADAB97012B022B032B21F16091B3095F
:107DB0007091B4098091B5099091B6096C157D0553
:107DC0008E059F05B8F4A7962CAD3DAD4EAD5FADC9
:107DD000A7970E947AF8AB962CAD3DAD4EAD5FAD46
:107DE000AB970E9489F82C153D054E055F0510F4F0
:107DF00069017A0183E6A1962EAD3FADA197829FDE
:107E00008001839F100D1124095B114FF801E65B7F
:107E1000FF4FC082D182E282F382C701B6010E9485
:107E200063F26B017C012DEB37E346E051E40E94E5
:107E3000C4F20E9465FAD801D9966D937D938D9313
:107E40009C93DC97A3019201C701B6010E94F8F947
:107E5000F801618F728F838F948F20E030E040E0D3
:107E60005FE30E94C4F2A30192010E94F8F96B0142
:107E70007C01D8011196BC91A496BFAFA497F801DC
:107E8000F2816C96FFAF6C97D8011396BC91AC96BB
:107E9000BFAFAC97F801F481E096FFAFE097A496EE
:107EA0002FADA4976C963FAD6C974B2F5F2FA49688
:107EB0006FADA4976C967FAD6C978B2F9F2F0E9410
:107EC000C4F264966FAF649768967FAF6897A89680
:107ED0008FAFA897E3969FAFE3979B01AC01B601E4
:107EE000C7010E9443FB181664F06496CFAE6497F6
:107EF0006896DFAE6897A896EFAEA897E396FFAEB8
:107F0000E39780E1FE01B196DE01519601900D925A
:107F10008A95E1F7E2960FADE297002309F470C06D
:107F20002090751710917617E2961FAFE297009197
:107F30007717E7960FAFE797309078172DEB37E379
:107F400046E855E3622D712F802F932D0E945FF23A
:107F500087FD56C0222D312F402F532DA4966FAD93
:107F6000A4976C967FAD6C97AC968FADAC97E0966E
:107F70009FADE0970E945FF287FF71C1222D312FE4
:107F8000402F532DA4966FADA4976C967FAD6C9740
:107F9000AC968FADAC97E0969FADE0970E94F8F954
:107FA0002B013C0199E7292E97E1392E8E010F5EB6
:107FB0001F4F29E8E22E27E1F22ED1012D913D91AC
:107FC0004D915D911D01F80181909190A190B1902A
:107FD0008F016F01F4E0CF1AD108C301B2010E94F2
:107FE000C4F29B01AC01C501B4010E941BF9D6018A
:107FF0006D937D938D939C931397E214F304E9F6AC
:10800000A4962FACA4976C960FAD6C97E2960FAF29
:10801000E297AC961FADAC97E7961FAFE797E09657
:108020003FACE09764C12091110A3091120A40914F
:10803000130A5091140AF3CD81149104A104B104E0
:1080400009F43FC06091A7097091A8098091A9091E
:108050009091AA096C157D058E059F0590F50E94EB
:1080600063F26F962CAD3DAD4EAD5FAD6F970E9444
:10807000C4F2E6966CAF7DAF8EAF9FAFE697C501B9
:10808000B4010E9463F29B01AC01E6966CAD7DAD3C
:108090008EAD9FADE6970E94F8F94B015C01C701D8
:1080A000B6010E9463F29B01AC01C501B4010E94BC
:1080B0005FF287FF06C0C501B4010E9465FA6B013B
:1080C0007C0167962CAD3DAD4EAD5FAD6797232B20
:1080D000242B252BD9F16091AB097091AC098091CB
:1080E000AD099091AE096C157D058E059F0570F563
:1080F0000E9463F26F962CAD3DAD4EAD5FAD6F97B4
:108100000E94C4F24B015C0167966CAD7DAD8EADF3
:108110009FAD67970E9463F29B01AC01C501B4015A
:108120000E94F8F94B015C01C701B6010E9463F29D
:108130009B01AC01C501B4010E945FF287FF06C03C
:10814000C501B4010E9465FA6B017C016B968CAD90
:108150009DADAEADBFAD6B97892B8A2B8B2BD9F123
:108160006091AF097091B0098091B1099091B20905
:108170006C157D058E059F0570F50E9463F26F9664
:108180002CAD3DAD4EAD5FAD6F970E94C4F24B017B
:108190005C016B966CAD7DAD8EAD9FAD6B970E9413
:1081A00063F29B01AC01C501B4010E94F8F94B01D7
:1081B0005C01C701B6010E9463F29B01AC01C501DD
:1081C000B4010E945FF287FF06C0C501B4010E949E
:1081D00065FA6B017C01AB960CAD1DAD2EAD3FADCC
:1081E000AB97012B022B032B09F404CE6091B3094A
:1081F0007091B4098091B5099091B6096C157D050F
:108200008E059F0508F0F6CD0E9463F26F962CADA7
:108210003DAD4EAD5FAD6F970E94C4F24B015C0166
:10822000AB966CAD7DAD8EAD9FADAB970E9463F20A
:108230009B01AC01C501B4010E94F8F94B015C013E
:10824000C701B6010E9463F29B01AC01C501B401F4
:108250000E945FF287FFCECDC501B40161CCA49628
:108260002FADA4976C963FAD6C97AC964FADAC9785
:10827000E0965FADE097622DE2967FADE297E796DC
:108280008FADE797932D0E94F8F94B015C012E0109
:10829000B1E14B0E511C09E717E13E01E1E26E0E20
:1082A000711CD2012D913D914D915D912D01F801EF
:1082B000C190D190E190F1908F01CD010497EC969F
:1082C0009FAF8EAFEC97C501B4010E94C4F2A70125
:1082D00096010E941BF9EC96AEADBFADEC976D9385
:1082E0007D938D939C93139764147504D1F68E013E
:1082F0000F5E1F4F27E939E0EC963FAF2EAFEC97AA
:10830000AE014F5D5F4F63965FAF4EAF6397812CB9
:10831000912C80E8A82E8FE3B82ED801CD90DD9067
:10832000ED90FD908D0120E030E0A901C701B6017C
:108330000E9443FB87FF04C0F7FAF094F7F8F0942B
:10834000EC96EEADFFADEC9741905190619071903D
:10835000EC96FFAFEEAFEC97A5019401C701B60113
:108360000E94C4F29B01AC01C301B2010E945FF202
:1083700087FF08C0A7019601C301B2010E94F8F966
:108380004B015C0163962EAD3FAD6397201731071B
:1083900021F6A5019401622DE2967FADE297E79662
:1083A0008FADE797932D0E94C4F29B01AC010E9410
:1083B000C4F26B017C0164962FAD649768963FAD63
:1083C0006897A8964FADA897E3965FADE3970E9494
:1083D0005FF287FF0CC06496CFAC64976896DFAC01
:1083E0006897A896EFACA897E396FFACE39783E66F
:1083F000A1964EAD5FADA197849F8001859F100D22
:108400001124C801895B914FA601B701DC011D96BB
:108410004D935D936D937C93509764964FAD6497A5
:1084200068965FAD6897A8966FADA897E3967FAD05
:10843000E397FC01458356836783708719964D93B4
:108440005D936D937C931C97EE5BFF4F10821182BE
:1084500012821382FC0120812160208320E1FE0131
:10846000B196A9E7B7E101900D922A95E1F7A4969C
:108470004FADA4976C965FAD6C97AC966FADAC9713
:10848000E0967FADE0974093751750937617609311
:10849000771770937817C457DF4F288139814A8145
:1084A0005B81CC58D0402093370E3093380E4093E8
:1084B000390E50933A0EC057DF4F288139814A81D7
:1084C0005B81C059D04020933B0E30933C0E4093CB
:1084D0003D0E50933E0ECC56DF4F288139814A81A4
:1084E0005B81C459D04020933F0E3093400E40939F
:1084F000410E5093420EC058DF4F288139814A8186
:108500005B81C058D0402093430E3093440E40937B
:10851000450E5093460E815B9F4FE091960934E0E3
:10852000E39FF0011124E15BF44F408151816281AE
:108530007381DC014D935D936D937C9313978091D0
:10854000270E9091280EA091290EB0912A0E8983B2
:108550009A83AB83BC8380912B0E90912C0EA091BB
:108560002D0EB0912E0E8D839E83AF83B8878091A0
:108570002F0E9091300EA091310EB091320E89875E
:108580009A87AB87BC878091330E9091340EA0916F
:10859000350EB091360E8D879E87AF87B88BCE0192
:1085A00001960E945A94D801A656B14F80E1FE016F
:1085B000319601900D928A95E1F780E1FE01EF5B23
:1085C000FF4FA7E2BEE001900D928A95E1F79091EE
:1085D000250E8091260E981303C084E68093230E07
:1085E000C856DF4F0881C859D0400093250EC258A5
:1085F000DF4FA881B981CE57D0401896FC901897CC
:1086000019960C9119971A961C911A971B96EC9033
:1086100064962FAD649768963FAD6897A8964FAD66
:10862000A897E3965FADE3976F2D702F812F9E2D56
:108630000E9443FB181664F46496FFAE6497689634
:108640000FAF6897A8961FAFA897E396EFAEE39792
:108650001091250E112309F40CC11150D090240E55
:10866000F12CE12C03E61D1509F4BBC0612E712C21
:10867000069DF001079DF00D1124E95BF14F80810B
:1086800082FD20C1E114F10421F0F701808180FF17
:10869000A8C0069DF001079DF00D1124E95BF14F84
:1086A00025803680478050842585A0962FAFA097DF
:1086B0003685A4963FAFA497878440896C964FAFC8
:1086C0006C97482D6C965FAD6C97C201B1010E940A
:1086D0005FF2882309F485C0E114F10409F4CBC0EA
:1086E000D7011596CC9015971696BC9016971796AD
:1086F000AC9017971896FC90069DC001079D900DB1
:108700001124FC01E95BF14FAD96FFAFEEAFAD97E1
:10871000618D728D838D948D90589B01AC010E9468
:108720001CF9AD96AEADBFADAD9751962D913D9173
:108730004D915C9154970E94C4F29B01AC016C2D49
:108740007B2D8A2D9F2D0E941BF9962EA72EB82EC9
:10875000C92E262F372F482F592FA0966FADA097DF
:10876000A4967FADA497882D6C969FAD6C970E94C0
:108770005FF287FD8DC0292D3A2D4B2D5C2DC20156
:10878000B1010E945FF2882361F1069DF001079D0F
:10879000F00D1124E95BF14F80818160808320918D
:1087A00094093091950980919409909195098217C7
:1087B000930709F078C0109FC0011124FC01E95B08
:1087C000F14F7F01069DC001079D900D1124E21716
:1087D000F30709F06AC0FC01E95BF14F80818E7FED
:1087E0008083C090260EB091250EE796BFAFE79725
:1087F000B12CA4961FAEA497212C312CF12CE12C86
:10880000E796EFADE797EC1509F46CC18C2C912C31
:10881000F3E6CF9EC00111248C01095B114FA19694
:108820001FAF0EAFA197D8018C9182FD56C18C91DC
:1088300080FF16C0E114F10409F055C019966D913E
:108840007D918D919C911C97F80165837683878338
:1088500090870E9489FBB62EA4967FAFA4971C0137
:108860008C2D0E942589C82EA196EEACFFACA19755
:10887000C7CF1FE0F3CE6496CFAC64976896BFACC9
:108880006897A896AFACA897E396FFACE39734CF70
:10889000A0969FACA097A496AFACA497B82C6C966A
:1088A000CFAC6C9772CF9C017ECF895B914F492DE5
:1088B0005A2D6B2D7C2DDC0115964D935D936D9398
:1088C0007C931897112369F011508D2DD090240EB0
:1088D000D81609F4C8CE811709F483CF0E942589E0
:1088E000F5CF1FE0F2CFD7018C9181608C938091FE
:1088F0009409909195092091940930919509281730
:10890000390789F5B3E6B89DF001B99DF00D112442
:10891000E95BF14FA184D28403851485E816F9063A
:1089200021F58A2D9D2DD80185839683A783B08755
:10893000EE5BFF4F80819181A281B381892B8A2BCD
:108940008B2B61F4D701AA5BBF4F8D919D910D9048
:10895000BC91A02D80839183A283B383D7018C9196
:108960008E7F8C937DCFC901C6CF458056806780AE
:1089700070842A2D3D2DA801C301B2010E945FF22F
:10898000882309F487C0D70115962D913D914D910B
:108990005C9118976F962CAF3DAF4EAF5FAF6F975E
:1089A000C301B2010E9443FB18160CF063C0F7012B
:1089B000618D728D838D948D90589B01AC010E94C6
:1089C0001CF9D70151962D913D914D915C91549791
:1089D0000E94C4F29B01AC016F966CAD7DAD8EAD73
:1089E0009FAD6F970E941BF96C966FAF6C97AC961A
:1089F0007FAFAC97E0968FAFE097E2969FAFE2979C
:108A00009B01AC01C301B2010E9443FB181694F50F
:108A10002A2D3D2DA8016C966FAD6C97AC967FAD5D
:108A2000AC97E0968FADE097E2969FADE2970E94FB
:108A30005FF287FD0CC06C96AFAC6C97AC96DFAC68
:108A4000AC97E0960FADE097E2961FADE297B3E6E4
:108A5000B89DF001B99DF00D1124E95BF14F8A2D0D
:108A60009D2DD80185839683A783B08785879687B8
:108A7000A787B08B03E6089DF001099DF00D112436
:108A8000E95BF14F85819681A781B08581879287C7
:108A9000A387B48713E6189DF001199DF00D1124EA
:108AA000E95BF14F65817681878190850E9489FB22
:108AB0004B01A82ED92E8B01282F392F4B2DA49690
:108AC0005FADA497B101C7010E949887B82CA49606
:108AD0009FAEA4972A2C3D2C41CFA196FFAEEEAEBF
:108AE000A197BECEE114F10401F1F701808180FF6E
:108AF0001CC064966FAD649768967FAD6897A89622
:108B00008FADA897E3969FADE3970E9489FB8B01F9
:108B10009C014B2DA4965FADA497B101C7010E94A3
:108B20009887D7018C918E7F8C930E94552B81E082
:108B3000C856DF4F0FB6F894DEBF0FBECDBFDF9132
:108B4000CF911F910F91FF90EF90DF90CF90BF904A
:108B5000AF909F908F907F906F905F904F903F90DD
:108B60002F90089580E0E4CFE090190AF0901A0A5F
:108B700000911B0A10911C0A0C9402BB909179156C
:108B800090FF06C09091C00095FFFCCF8093C60077
:108B90009091791591FF06C09091C80095FFFCCF88
:108BA0008093CE000895CF93DF9300D01F92CDB76E
:108BB000DEB7611104C06091EC03662371F01C8282
:108BC0001B82898381E08A836B8344E0BE016F5FEF
:108BD0007F4F80EA90E00E9430240F900F900F901A
:108BE0000F90DF91CF910895CF92DF92EF92FF9295
:108BF000C090E803D090E903E090EA03F090EB0323
:108C0000A70196016091700D7091710D8091720DA8
:108C10009091730D0E945FF287FD04C080916A0DF0
:108C2000882379F0C092700DD092710DE092720D90
:108C3000F092730D1092740DFF90EF90DF90CF9033
:108C4000089581E08093740DF7CFCF92DF92EF9279
:108C5000FF92C090E403D090E503E090E603F0902B
:108C6000E703A701960160916B0D70916C0D8091E7
:108C70006D0D90916E0D0E945FF287FD04C0809192
:108C80006A0D882379F0C0926B0DD0926C0DE09242
:108C90006D0DF0926E0D10926F0DFF90EF90DF90C2
:108CA000CF90089581E080936F0DF7CF8CE794E12A
:108CB000FC0101900020E9F7CF018C5B9441813CDD
:108CC0009F4760F4ECE7F4E18FE390E027AD207C70
:108CD000203839F084589B4EFC0110828CE794E1D7
:108CE0000895019731978F3F980781F7F7CF1F932A
:108CF000CF93DF93FC0120812B3309F447C02091EF
:108D00005902243008F042C0C42FD62FBC018091F4
:108D10005B0212E6819FC0011124845A9D4F0E947C
:108D20002DFC20915B02822F90E0189FF001199F8B
:108D3000F00D1124DF01A454BD4FDC93E354FD4F2B
:108D4000C083880F991F880F991FFC01E15BF44FC6
:108D500080915F0B9091600BA091610BB091620BC1
:108D600080839183A283B3832F5F243060F42093A8
:108D70005B02809159028F5F8093590281E0DF91FD
:108D8000CF911F91089510925B02F3CF80E0F7CF4F
:108D9000EF92FF920F931F93CF93DF93CDB7DEB780
:108DA00064970FB6F894DEBF0FBECDBF7C01FB0108
:108DB00060817181828193818E010F5F1F4F22E05C
:108DC00041E00E948BEDF70101900020E9F79F013F
:108DD000215031092E193F092233310550F443E364
:108DE00050E0421B530BBC01C701820F931F0E942E
:108DF000A8F1C70164960FB6F894DEBF0FBECDBFD1
:108E0000DF91CF911F910F91FF90EF9008958F9276
:108E10009F92AF92BF92EF92FF921F93CF93DF93F7
:108E2000CDB7DEB7A0970FB6F894DEBF0FBECDBFAB
:108E3000611571058105910589F120E04AE0842ED4
:108E4000912CA12CB12C11E0120FEE24E394F12C03
:108E5000EC0EFD1EE20EF11C27FDFA94A501940113
:108E60000E9489F8F7016083B901CA01212F6115B9
:108E700071058105910539F7115008F1E1E0F0E045
:108E8000EC0FFD1FE10FF11D17FDFA95908187E3AF
:108E90009A3008F480E3890F71DEEECF80E3A0966C
:108EA0000FB6F894DEBF0FBECDBFDF91CF911F91FB
:108EB000FF90EF90BF90AF909F908F905FCEA09665
:108EC0000FB6F894DEBF0FBECDBFDF91CF911F91DB
:108ED000FF90EF90BF90AF909F908F900895CF92AA
:108EE000DF92EF92FF926B017C01F7FE0AC0F094D3
:108EF000E094D094C094C11CD11CE11CF11C8DE203
:108F00003DDEC701B601FF90EF90DF90CF907FCF9D
:108F100041E060E00C94EB988091791580FF04C0EB
:108F20009091B20A9093B30A81FF04C08091300AF5
:108F30008093310A08958F929F92AF92BF92CF9201
:108F4000DF92EF92FF92CF936B017C01B42E20E071
:108F500030E0A9010E945FF287FF06C08DE20EDEBD
:108F6000F7FAF094F7F8F094C0E060E070E080E089
:108F70009FE3CB1541F02DEC3CEC4CEC5DE30E9403
:108F8000C4F2CF5FF6CFA70196010E941CF96B01D6
:108F90007C010E9465FA4B015C0139DFCC2361F151
:108FA000C501B4010E9463F29B01AC01C701B60187
:108FB0000E941BF96B017C018EE2E0DDC150E0F004
:108FC00020E030E040E251E4C701B6010E94C4F263
:108FD0006B017C010E9465FA4B015C0118DFC50141
:108FE000B4010E9463F29B01AC01C701B6010E946B
:108FF0001BF96B017C01E2CFCF91FF90EF90DF90E6
:10900000CF90BF90AF909F908F900895CF93DF93B4
:10901000CDB7DEB760970FB6F894DEBF0FBECDBFF9
:10902000E0E2FAE080819181A281B38189839A8311
:10903000AB83BC8384819581A681B7818D839E8318
:10904000AF83B88780859185A285B38589879A8704
:10905000AB87BC8784859585A685B7858D879E87D8
:10906000AF87B88BCE0101960E945A9449815A81EC
:109070006B817C8189E891E30E94882B4D815E8120
:109080006F81788585E891E30E94882B49855A8510
:109090006B857C8581E891E30E94882B4D855E85F8
:1090A0006F8578898DE791E30E94882B60960FB6D3
:1090B000F894DEBF0FBECDBFDF91CF9108958F92A0
:1090C0009F92AF92BF92CF92DF92EF92FF920F9357
:1090D0001F93CF93DF93B4E4A0E06A2F70E0AB015D
:1090E0004B0F511D55954795411119C0EEE5FCE216
:1090F00065917491072E000C880B990B0E9465F204
:10910000DF91CF911F910F91FF90EF90DF90CF9063
:10911000BF90AF909F908F900895B42FE0CF4A17E3
:1091200011F0B41303C0EAE6FDE2E2CF9A01215048
:109130003109220F331F220F331FF901E45AF34D77
:10914000E590F490F901E05AF34DC591D4918E1554
:109150009F0518F3A42FC817D90708F4BECFF9014B
:10916000E25AF34D05911491F901EE59F34DC59072
:10917000D4908E199F09BC0190E080E00E9463F2B8
:109180004B015C01B601601B710B072E000C880BB4
:10919000990B0E9465F29B01AC01C501B4010E94CC
:1091A000C4F24B015C01CE19DF09BE0190E080E002
:1091B0000E9463F29B01AC01C501B4010E94F8F961
:1091C0006B017C01B801110F880B990B0E9465F2AD
:1091D0009B01AC01C701B6010E941CF991CFCF924F
:1091E000DF92EF92FF920F931F93CF93DF93CDB750
:1091F000DEB760970FB6F894DEBF0FBECDBFFC019F
:109200006A017B01890190E1DE01119601900D92C6
:109210009A95E1F7CE0101960E9491868091CB0943
:109220009091CC09892BB1F49801B701A601CE0128
:1092300001960E9419B760960FB6F894DEBF0FBE74
:10924000CDBFDF91CF911F910F91FF90EF90DF90F5
:10925000CF90089580E0EFCFCF93DF939091260ECB
:109260008091250E891738F0891B8F3031F480E00A
:109270000E940B3AF3CF805FF7CF8091250E0E94BA
:109280002589A091250E93E6A99FD0011124FD0107
:10929000E95BF14FEF0119929A95E9F7908194609B
:1092A0009083AC59B14F90E1E7E3FEE001900D925D
:1092B0009A95E1F72091250E9091260E291303C06F
:1092C00094E69093230E8093250EDF91CF910C941A
:1092D000552BCF93DF93CDB7DEB760970FB6F894D9
:1092E000DEBF0FBECDBF80E1E0E2FAE0DE01119605
:1092F00001900D928A95E1F7CE0101960E94918628
:10930000CE0101960E94A58460960FB6F894DEBF48
:109310000FBECDBFDF91CF910895DF92EF92FF9204
:109320000F931F93CF93DF931F92CDB7DEB78C01BE
:10933000D42E7C01E60EF71E80919209909193093C
:109340000E9464F88983DD2011F0F8018083CE014A
:1093500001960E9477B680919209909193090196A7
:1093600090939309809392090F5F1F4F0E151F056D
:1093700019F780E00F90DF91CF911F910F91FF902F
:10938000EF90DF90089590E0FC01ED51FF4C2491A7
:1093900083569F4CFC018491882399F090E0880FBC
:1093A000991FFC01ED57FF4CA591B491FC01E759C1
:1093B000FF4C859194918FB7F894EC91E22BEC934C
:1093C0008FBF0895CF93C82F41E00E941B2DC1117C
:1093D00003C0CF910C949B2BCF910895CF93DF9333
:1093E0006AE570E3EFDFC5EDD9E04C895D896E89F0
:1093F0007F8982E590E30E94882B488D598D6A8D84
:109400007B8D8FE490E30E94882B4C8D5D8D6E8D5B
:109410007F8D8CE490E30E94882B48A159A16AA11A
:109420007BA189E490E30E94882BDF91CF910C947B
:109430009E2BCF92DF92EF92FF92CF936B017C0134
:10944000AC019B0160918E0970918F098091900908
:10945000909191090E945FF2882309F457C0C0914E
:109460008D0980E00E943F2820E030E0A901C7017B
:10947000B6010E9443FB18161CF0C12CD12C7601BA
:10948000C0928E09D0928F09E0929009F0929109D2
:109490002DEB37E346E855EBC701B6010E9443FBCD
:1094A00087FD0AC02DEB37E346E855E3C701B60157
:1094B0000E945FF2181634F5A701960160E070E093
:1094C00080E89FE30E94F8F96093890970938A0904
:1094D00080938B0990938C0980EF9FEFA9E7B4EC00
:1094E0008093850990938609A0938709B093880992
:1094F000CC2361F081E0CF91FF90EF90DF90CF908F
:109500000C943F2860E070E0CB01DECFCF91FF905C
:10951000EF90DF90CF9008950E94AA3881111BC070
:109520000E94C738882369F08091340B811106C0EE
:1095300087E799E040E061E00C94EB9884E39BE0DE
:10954000F9CF80918409813049F085E190E341E0D1
:109550006FEF0C9420998CE390E3F9CF80E390E3D4
:10956000F6CFCF93E0915A024E2F50E092E6E99F5A
:10957000F0011124E354FD4F20812830D8F4C0912C
:10958000791581E001C0880F2A95EAF78093791553
:10959000949FF001959FF00D1124E454FD4F8081BC
:1095A000811106C082E190E30E94722B0E949E2BE3
:1095B000C0937915CF91089581508A3090F5E82FA6
:1095C000880FFF0B8827E851F5438F4F0C9413F950
:1095D000F2CAF9CAFCCAFFCAF6CA02CB0ECB05CB47
:1095E00008CB0BCB8EED9FE20C9435A180ED9FE272
:1095F000FBCF8CEB9FE2F8CF89EA9FE2F5CF8CE9B5
:109600009FE2F2CF8FE89FE2EFCF81E89FE2ECCFBD
:1096100081E79FE2E9CF84E69FE2E6CF84E59FE21F
:10962000E3CF0895CF93DF939091710991110DC00D
:10963000EA0140E00E94302F209719F0CE010E94ED
:109640000C2FDF91CF910C94282FDF91CF910895AB
:109650004F925F926F927F928F929F92AF92BF9242
:10966000CF92DF92EF92FF92CF93DF9300D000D0A2
:109670001F921F92CDB7DEB7DC011496CD90DD901E
:10968000ED90FC9017978D909D90AD90BC90E091DF
:10969000210EF091220EFE83ED8384819581A681B7
:1096A000B78189839A83AB83BC839C01AD01C701D9
:1096B000B6010E941BF92B013C01AD81BE818D9149
:1096C0009D910D90BC91A02D8D839E83AF83B88713
:1096D00027E137EB41ED58EBC301B2010E9443FB98
:1096E00087FDD1C023E030E048EC53E4C301B20170
:1096F0000E945FF218160CF4C6C02D813E814F8186
:109700005885C501B4010E941BF92B013C0127E1DA
:1097100037EB41ED58EB0E9443FB87FDB4C023E0DB
:1097200030E048EC53E4C301B2010E945FF2181626
:109730000CF4A9C020E030E0A9016D817E818F8109
:1097400098850E941CF92B013C0120E030E04CE0A0
:1097500052E40E945FF287FF06C0412C512C3CE08E
:10976000632E32E4732E27E137EB41ED58E3C3015A
:10977000B2010E941BF99B01AC01C501B4010E941A
:1097800043FB87FD80C020E030E048EC53E46D816E
:109790007E818F8198850E941CF92B013C0120E07D
:1097A00030E043EC53E40E9443FB181634F4412CA0
:1097B000512C23EC622E23E4722E27E137EB41ED8E
:1097C00058E3C301B2010E941CF99B01AC01C50121
:1097D000B4010E945FF218160CF455C020E030E08E
:1097E000A90169817A818B819C810E941CF94B01BE
:1097F0005C0120E030E040E251E40E945FF287FF2C
:1098000006C0812C912C90E2A92E91E4B92E27E17B
:1098100037EB41ED58E3C501B4010E941BF99B01F0
:10982000AC01C701B6010E9443FB87FD2CC020E0BC
:1098300030E048EC53E469817A818B819C810E94FD
:109840001CF94B015C0120E030E04EEB53E40E9438
:1098500043FB181634F4812C912C8EEBA82E83E454
:10986000B82E27E137EB41ED58E3C501B4010E9462
:109870001CF99B01AC01B1E0B983C701B6010E949C
:109880005FF218160CF41982898128960FB6F894A5
:10989000DEBF0FBECDBFDF91CF91FF90EF90DF9085
:1098A000CF90BF90AF909F908F907F906F905F9080
:1098B0004F9008952F923F924F925F926F927F92B6
:1098C0008F929F92AF92BF92CF92DF92EF92FF92D0
:1098D0000F931F93CF93DF93CDB7DEB76A970FB681
:1098E000F894DEBF0FBECDBF6D877E878F87988BC4
:1098F000298B3A8B4B8B5C8B0D8BEA8E4090280A20
:109900005090290A60902A0A70902B0A20E030E0DB
:1099100040E850E4C301B2010E9443FB181634F042
:10992000412C512C40E8642E40E4742E8D859E8598
:10993000AF85B88989839A83AB83BC8389899A89E7
:10994000AB89BC898D839E83AF83B88749865A864D
:109950006B867C86CE0101967BDE882309F46DC17F
:10996000E090210EF090220ED7012D913D914D9166
:109970005C916D857E858F8598890E941BF96E8B21
:109980007F8B888F998F69837A838B839C83F70180
:10999000248135814681578169897A898B899C899F
:1099A0000E941BF99B01AC012D833E834F83588796
:1099B000A0904F02B0905002C0905102D09052023D
:1099C000830172016E897F89888D998D0E945391E0
:1099D0008091000183FD0E94CF4C80915E0981112E
:1099E00004C060E081E00E94F394C0901D0ED0900E
:1099F0001E0EE0901F0EF090200E46015701B7FAA0
:109A0000B094B7F8B09480915D09282E312C35942C
:109A100027943594279420E030E0A901C701B601CE
:109A20000E945FF287FFD2C0B82DA92DFA2DEB2D31
:109A300020E030E040E151E46B2F7A2F8F2F9E2FF2
:109A40000E941CF92B013C012091280A3091290A1F
:109A500040912A0A50912B0A0E945FF287FF16C09C
:109A60000E94234D811112C020E030E040E252E418
:109A7000C301B2010E940F93811108C020E041E0B0
:109A800060E070E080E890E40E9414920E94234D10
:109A9000182F811128C020E030E040E050E4C501DB
:109AA000B4010E941BF92B013C01C10180959095E6
:109AB000817099272AE0289FB001299F700D1124F9
:109AC000072E000C880B990B0E9465F29B01AC01DC
:109AD000C301B2010E941BF920E030E040EA51E4EA
:109AE0000E940F93182F4090280A5090290A6090E6
:109AF0002A0A70902B0AA701960160E070E080E4CA
:109B000090E40E941BF9A30192010E945FF287FF7B
:109B10009BC0412C512C20EC622E2FE7722E2091FD
:109B20001D0E30911E0E40911F0E5091200EC3014C
:109B3000B2010E941CF96B017C01AC019B010E94E7
:109B4000CBFB811153C0FD89F13068F0F33008F48C
:109B500042C0F33041F420E041E060E070E080E892
:109B600090E40E9414928A8D833008F44BC02091B7
:109B70005F093091600940916109509162096D85DA
:109B80007E858F8598890E941CF9AB01BC0189E113
:109B90009FE20E94882B20916309309164094091D3
:109BA00065095091660969897A898B899C890E9427
:109BB0001CF9AB01BC0184E19FE20E94882BB70134
:109BC000A6018FE09FE20E94982D1CC0B0E0A0E0AB
:109BD000F0E0E0E02DCF80E00E949C27882319F27E
:109BE000C12CD12C90ECE92E9FE7F92E80E00E9449
:109BF0009C2781E39FE28CD90E94982B81E29FE20F
:109C00000E94722BC701B6016A960FB6F894DEBFA8
:109C10000FBECDBFDF91CF911F910F91FF90EF90BD
:109C2000DF90CF90BF90AF909F908F907F906F907C
:109C30005F904F903F902F900895C12CD12C80ECD5
:109C4000E82E8FE7F82EDECF112309F468CF61CF1D
:109C50006F927F928F929F92AF92BF92CF92DF923C
:109C6000EF92FF920F931F93CF93DF93CDB7DEB7A1
:109C70006C970FB6F894DEBF0FBECDBF782E4A01A9
:109C80005B016801790120E030E0A901C701B8015A
:109C90000E945FF2811111C0772019F081E07812E3
:109CA00091C060E070E081E695E420E030E040E7BC
:109CB00052E40E94F8F96B017C01072D10E0F801D5
:109CC000E45FF04DE491772473941E160CF4712C2C
:109CD0006624639420E030E0A901C501B4010E942C
:109CE00043FB18160CF0612C80E00E9461856983AB
:109CF0007A838B839C8381E00E9461856D837E8360
:109D00008F83988782E00E94618569877A878B8735
:109D10009C8783E00E9461856D877E878F87988B03
:109D2000000F111F000F111FE1E0F0E0EC0FFD1F0D
:109D30000E0F1F1FF8011082118212821382CE01B2
:109D400001960E94A584F80180829182A282B3824A
:109D5000198A1A8A1B8A1C8A1D8A1E8A1F8A188ED3
:109D6000198E1A8E1B8E1C8E8091CB099091CC0976
:109D7000892B49F49E012F5E3F4FB701A601CE010A
:109D800001960E9419B70E949484761431F0809154
:109D90005C098823E1F010925C096C960FB6F89488
:109DA000DEBF0FBECDBFDF91CF911F910F91FF900E
:109DB000EF90DF90CF90BF90AF909F908F907F906B
:109DC0006F90089560E070E086E195E46ECF40E02A
:109DD00070E060E08EEF9EE20E94C7377F928F9224
:109DE0009F92AF92BF92CF92DF92EF92FF920F932A
:109DF0001F93CF93DF93762E872E982EA92EC42FF4
:109E000080913502882309F47FC080913602811148
:109E10007BC0413009F456C0423009F464C0F09070
:109E200037020091380210913902D0913A02B09075
:109E30004302C0904402D0904502E09046022F2D8C
:109E4000302F412F5D2F672D782D892D9A2D0E945F
:109E50005FF287FD12C02B2D3C2D4D2D5E2D672D01
:109E6000782D892D9A2D0E9443FBFB2C8601DE2D37
:109E700018161CF0F72C8401DA2D84E0C89FA0018D
:109E80001124FA01E05EF54F8F2D902FA12FBD2FE9
:109E900080839183A283B38345565B4FFA0160812F
:109EA000718182819381DF91CF911F910F91FF90FA
:109EB000EF90DF90CF90BF90AF909F908F907F906A
:109EC0000C942B91F0903B0200913C0210913D02CA
:109ED000D0913E02B0904702C0904802D090490213
:109EE000E0904A02ACCFF0903F0200914002109106
:109EF0004102D0914202B0904B02C0904C02D090EF
:109F00004D02E0904E029BCFB12C80E5C82E93EC21
:109F1000D92E27E4E22EF12C00E513ECD7EC8FCFFD
:109F2000CF92DF92EF92FF922091C3093091C40942
:109F30004091C5095091C6090E94F8F96B017C0156
:109F400020E030E0A9010E9443FB181664F4C70129
:109F5000B6010E94E2F90E9460FACB01FF90EF90F7
:109F6000DF90CF900895C701B6010E9491FAF3CF18
:109F7000CF92DF92EF920F93CF936C01C62F8DEFAC
:109F80009EE20E949A9AEE24E39401E021E040E2EE
:109F9000B60180E291E10E948A2321E040E26DEF68
:109FA0007EE280E491E10E948A2321E040E26DEFAD
:109FB0007EE280E691E10E948A23C93F11F0C093BE
:109FC000340210925B0989EF80935A09CF910F9167
:109FD000EF90DF90CF900895282F30E0F901E954F9
:109FE000F14D9491F901ED51FF4C449123563F4CB2
:109FF000F9012491222309F435C0992311F19150DC
:10A000009231F8F4E92FF0E08827E65FFF428F4FA6
:10A010000C9413F93BD03FD01CD033D037D021D093
:10A0200042D048D04CD052D056D05AD060D064D014
:10A0300021D068D06ED072D0809180008F778093CD
:10A040008000E22FF0E0EE0FFF1FE759FF4CA591D3
:10A05000B4918FB7F894EC91611148C040954E23AC
:10A060004C938FBF0895809180008F7DE8CF8091C1
:10A070008000877FE4CF84B58F7784BDE2CF84B53D
:10A080008F7DFBCF8091B0008F778093B000D9CFC8
:10A090008091B0008F7DF9CF809190008F77809371
:10A0A0009000CFCF809190008F7DF9CF809190006C
:10A0B000877FF5CF8091A0008F778093A000C1CFDC
:10A0C0008091A0008F7DF9CF8091A000877FF5CF90
:10A0D000809120018F7780932001B3CF8091200160
:10A0E0008F7DF9CF80912001877FF5CF4E2BB8CFA0
:10A0F0008F929F92AF92BF92CF92DF92EF92FF9298
:10A100006B017C010E9490B64B015C01C114D1042B
:10A11000E104F104B9F00E9490B6681979098A093E
:10A120009B09683E73408105910580F321E0C21AC6
:10A13000D108E108F10888EE880E83E0981EA11C82
:10A14000B11CE4CFFF90EF90DF90CF90BF90AF9025
:10A150009F908F9008959F92AF92BF92CF92DF927F
:10A16000EF92FF920F931F93CF93DF931F92CDB780
:10A17000DEB78C016C01C60ED71EF12CE12CC01687
:10A18000D10609F44DC0A0909209B0909309F8014E
:10A1900091908F019982C5010E9464F8981691F1FF
:10A1A000692DC5010E946CF8FFEFEF1AFF0AC70185
:10A1B0008F779927892BF9F062E070E080E090E0DA
:10A1C00097DFC5010E9464F899818917D9F00E9430
:10A1D0009B2B89E291E30E94722B81E00F90DF912B
:10A1E000CF911F910F91FF90EF90DF90CF90BF9094
:10A1F000AF909F90089562E070E080E090E00E9450
:10A200004638DFCFCE0101960E9477B68091920941
:10A210009091930901969093930980939209AFCFFF
:10A2200080E0DCCF2FB7F8946091FB167091FC169C
:10A230008091FD169091FE162FBF0895EF920F9317
:10A24000EE24E39401E020E040E2BC0180E090E3F2
:10A250000E94DB23E7DF605D7A488F4F9F4F60935A
:10A26000750D7093760D8093770D9093780D0F9107
:10A27000EF900895CF93DF93CDB7DEB780911F0A9B
:10A28000811112C09E01275F3F4F4F8158856FE3B8
:10A2900070E08CE794E10E9427F28CE794E10E9441
:10A2A00042348CE794E1CADFDF91CF910895CF93D8
:10A2B000DF93EC0184E00E94BA8F81112FC080915E
:10A2C0000317909104178C0F9D1F90930417809390
:10A2D000031780916F0990917009C80FD91FD0930F
:10A2E0007009C0936F099EDF60936B0970936C09CE
:10A2F00080936D0990936E090E945B2B882371F007
:10A300008091530290915402019641F410925402AC
:10A3100010925302DF91CF910C94552BDF91CF9186
:10A320000895CF92DF92EF92FF92CF93DF93EC01EB
:10A33000BC01990F880B990B0E9465F22091C3090B
:10A340003091C4094091C5095091C6090E94C4F2D8
:10A350006B017C01CE01ABDFC5E1DEE0A701960118
:10A36000688579858A859B850E941CF9688779872D
:10A370008A879B87DF91CF91FF90EF90DF90CF90FE
:10A380000895CF92DF92EF92FF924CDF6B017C0138
:10A3900028E5C20E22E0D21EE11CF11C0E943A4FB9
:10A3A0008F3FA1F03FDFA7019601261B370B480B1B
:10A3B000590BDA01C901181619061A061B0674F39F
:10A3C00080E0FF90EF90DF90CF90089581E0F9CF8B
:10A3D0001F920F920FB60F9211242F933F938F93DA
:10A3E0009F93AF93BF938091FB169091FC16A09121
:10A3F000FD16B091FE163091FA1623E0230F2D378B
:10A4000058F50196A11DB11D2093FA168093FB16F5
:10A410009093FC16A093FD16B093FE168091FF1644
:10A4200090910017A0910117B09102170196A11DFC
:10A43000B11D8093FF1690930017A0930117B0935E
:10A440000217BF91AF919F918F913F912F910F90E4
:10A450000FBE0F901F90189526E8230F0296A11D9E
:10A46000B11DD2CFCF9321E046E954E069E975E10F
:10A470008EE795E10E943EABC82F882321F08EE73E
:10A4800095E10E94DD7D8C2FCF9108958BE1E9E964
:10A49000F5E1A4EBB5E101900D928A95E1F7809189
:10A4A000860D80648093860D10927B0D8FEF9FEF59
:10A4B0009093270280932602089580917B0D882334
:10A4C000F1F02FEF3FEF30932702209326028150C7
:10A4D00080937B0DE9E9F5E1882351F08150990BD8
:10A4E0002BE1289FF001299FF00D1124E153FA4E32
:10A4F0008BE1A4EBB5E101900D928A95E1F7809193
:10A500007B0D811105C09091860D90649093860D0E
:10A5100008950F931F93CF93DF9300D000D01F9225
:10A52000CDB7DEB79C012F5F3F4F3F832E832FE2D5
:10A53000FC01208381E08D83CE0106969A83898376
:10A5400001979C838B8310E00BE180917B0D1817A2
:10A5500058F4109FB001112461537A4ECE01019638
:10A560000E94E6B61F5FF1CF8D818B3558F46DEDFB
:10A5700076E1CE0101960E94E6B68E819F81019719
:10A580009F838E83EE81FF81108227960FB6F89409
:10A59000DEBF0FBECDBFDF91CF911F910F91089508
:10A5A00010926A0D8091860D8F778093860D0E94A0
:10A5B0006A38882321F08DED96E10C94DD7D0895B5
:10A5C0008091860D84FF04C08460877F8093860D10
:10A5D0000895CF92DF92EF92FF920F931F93CF9344
:10A5E000DF93CDB7DEB7EDB6FEB6DC010D900020EF
:10A5F000E9F79D01281B390B285F3F4FEDB7FEB7E8
:10A60000E21BF30B0FB6F894FEBF0FBEEDBF0DB704
:10A610001EB70F5F1F4F9F938F9381E59BE29F9320
:10A620008F931F930F930E94F8F16801F4E0CF0E0F
:10A63000D11C0F900F900F900F900F900F90D6019C
:10A640008D916D01882349F0082E000C990B0E9412
:10A65000EAFBF60131978083F2CF6CE47BE2C8011C
:10A660000E943CF140E450E0B80189E199E00E9489
:10A67000A8F10FB6F894FEBE0FBEEDBEDF91CF91EC
:10A680001F910F91FF90EF90DF90CF900895CF939F
:10A690008091670DC1E08823C9F08091680D909189
:10A6A000690D4091630D5091640D6091650D70913D
:10A6B000660DDC01ED91FC910288F389E02D23E623
:10A6C0003BE01995C82F811104C0C0E08C2FCF91B9
:10A6D000089540914B1750914C1760914D17709110
:10A6E0004E174115510561057105B9F08091680D4E
:10A6F0009091690DDC01ED91FC910288F389E02DC8
:10A7000023E63BE01995882301F310924B17109232
:10A710004C1710924D1710924E171092670DD6CF0E
:10A72000CF92DF92EF92FF92CF936B017C01C42F07
:10A730008091630D9091640DA091650DB091660DAF
:10A740008C159D05AE05BF0519F1A1DF811107C06C
:10A7500080E0CF91FF90EF90DF90CF9008958091AF
:10A76000680D9091690DDC01ED91FC910088F189F3
:10A77000E02D23E63BE0B701A6011995882341F3BC
:10A78000C092630DD092640DE092650DF092660D5B
:10A7900081E0CC23F1F28093670DDBCF8F929F9203
:10A7A000AF92BF92CF92DF92EF92FF92CF93DF935F
:10A7B0009093690D8093680D1092661782E090E087
:10A7C000A0E0B0E080934F1790935017A0935117DB
:10A7D000B09352171092670D10924B1710924C17AE
:10A7E00010924D1710924E178FEF9FEFDC01809360
:10A7F000630D9093640DA093650DB093660D662371
:10A8000009F46EC040E060E070E0CB0189DF8111A7
:10A810000DC0C0E08C2FDF91CF91FF90EF90DF90C3
:10A82000CF90BF90AF909F908F9008958091210D11
:10A830008F7779F780912D0D90912E0DA0912F0D8E
:10A84000B091300D84369105A105B10510F3C0908B
:10A85000290DD0902A0DE0902B0DF0902C0DC114F5
:10A86000D104E104F104A9F240E0C701B60158DFC8
:10A87000C82F882371F280916E0B90916F0B811518
:10A88000924039F6A091730BAA2319F26091710BD3
:10A890007091720B6115710509F4BBCF2091700B9B
:10A8A000222309F4B6CFA09361172093531790E0A9
:10A8B00080E030E0E1E0F0E0D82FAF01082E02C0E8
:10A8C000440F551F0A94E2F72417350769F041E059
:10A8D000480F01968930910579F740935C1799CF1D
:10A8E000C12CD12C7601C0CF80935C172091790BBD
:10A8F00030917A0B50E040E02115310541F4209170
:10A90000870B3091880B4091890B50918A0B2093D3
:10A9100054173093551740935617509357174601C5
:10A920005701860E971EA11CB11C8092621790924F
:10A930006317A0926417B0926517E091740BF091C1
:10A94000750BF0936817E0936717B0E00E94C7F8A3
:10A95000DC01CB01880D991DAA1DBB1D80936917D1
:10A9600090936A17A0936B17B0936C1725E0EE0FC6
:10A97000FF1F2A95E1F7E150FE4FEF2FFF27E695E5
:10A980008E0F9F1FA11DB11D80935D1790935E17C1
:10A99000A0935F17B09360178090760B9090770B21
:10A9A000B12CA12C8114910441F48090830B9090E0
:10A9B000840BA090850BB090860BC81AD90AEA0ABE
:10A9C000FB0AC80CD91CEA1CFB1C04C0F694E794D3
:10A9D000D794C794DA95D2F7C0925817D0925917E6
:10A9E000E0925A17F0925B1785EFC8168FE0D806F1
:10A9F000E104F10420F48CE0809366170ACF80E133
:10AA000025EFC2162FEFD206E104F10488F0809101
:10AA10008F0B9091900BA091910BB091920B809322
:10AA2000691790936A17A0936B17B0936C1780E225
:10AA300080936617EFCE4F925F926F927F928F92C4
:10AA40009F92AF92BF92CF92DF92EF92FF920F93BD
:10AA50001F93CF93DF93EC014230510561057105DF
:10AA600090F480E0DF91CF911F910F91FF90EF90D4
:10AA7000DF90CF90BF90AF909F908F907F906F901E
:10AA80005F904F90089589859A85AB85BC85019626
:10AA9000A11DB11D84179507A607B70710F38F896D
:10AAA0008031C1F5852E962EA72EBB248B899C89DB
:10AAB000AD89BE89880E991EAA1EBB1E28013901C8
:10AAC0006A017B0141E0C501B4012ADE882349F215
:10AAD0009F89903181F5DD24EE24FF24F601EE0FED
:10AAE000FF1FED59F44F118300839A89923008F4C7
:10AAF000B9CF4D815E816F817885840E951EA61E2B
:10AB0000B71E80924B1790924C17A0924D17B0929F
:10AB10004E17A8CF803209F0A4CF8B899C89AD89CC
:10AB2000BE894A015B01E7E0B694A79497948794A5
:10AB3000EA95D1F7BFCFE894C7F8DD24EE24FF24CF
:10AB4000F601EE0FFF1FEE0FFF1FED59F44F40828D
:10AB5000518262827382C9CFCF92DF92EF92FF92CD
:10AB60000F931F93CF93DF93FC0181859285A3857B
:10AB7000B4850196A11DB11D84179507A607B707D7
:10AB800050F480E0DF91CF911F910F91FF90EF90F3
:10AB9000DF90CF90089587898031A9F5BB27A72F33
:10ABA000962F852FC388D488E588F6888C0D9D1D47
:10ABB000AE1DBF1DE9016A017B018F014091630D4C
:10ABC0005091640D6091650D7091660D8417950725
:10ABD000A607B70749F5F8018789803161F5B70104
:10ABE000A601552766277727440F551F4D59544F07
:10ABF000FA0180819181B0E0A0E088839983AA83E3
:10AC0000BB8381E0BFCF803209F0BBCFC388D4883B
:10AC1000E588F688DB01CA01C7E0B695A795979548
:10AC20008795CA95D1F7C2CF40E0BC01CD0178DD50
:10AC30008111D1CFA6CFB701A6014F77552766273F
:10AC40007727440F551F440F551F4D59544FFA0194
:10AC500080819181A281B381BF70CFCF4F925F92EB
:10AC60006F927F92AF92BF92CF92DF92EF92FF925C
:10AC70000F931F93CF93DF9300D01F92CDB7DEB712
:10AC80008C0149835A836B837C835901C12CD12C5D
:10AC90007601412C82E0582E612C712C49815A8119
:10ACA0006B817C819E012F5F3F4FC80155DF882358
:10ACB00019F1F8018585A301920104C0220F331F09
:10ACC000441F551F8A95D2F7DA01C901C80ED91E53
:10ACD000EA1EFB1E49815A816B817C818789803104
:10ACE000F1F481E0483F5F4F61057105B8F2F5016D
:10ACF000C082D182E282F3820F900F900F900F906A
:10AD0000DF91CF911F910F91FF90EF90DF90CF9047
:10AD1000BF90AF907F906F905F904F90089581E0CB
:10AD2000483F5F4F6F4F7F4008F4B8CFE0CFCF93DD
:10AD3000DF93EC018B81882341F1898187FF22C059
:10AD400061E0CE010E94E67DFC01892BF1F080815B
:10AD5000853ED9F08B81823040F489899A89AB890C
:10AD6000BC89848F958FA68FB78F8D899E89938F8D
:10AD7000828F8D899E89AF89B88DB58BA48B89818F
:10AD80008F778983DF91CF9182CC81E0888380E0C7
:10AD9000DF91CF9108958DED96E1C9DF8DED96E1BC
:10ADA0000E94DD7D8091860D8D7F8E7F8093860D44
:10ADB0001092820D1092830D1092840D1092850DC9
:10ADC00008958F929F92AF92BF92CF92DF92EF92AF
:10ADD000FF920F931F93CF93DF93EC018B8181112F
:10ADE0000EC080E0DF91CF911F910F91FF90EF9007
:10ADF000DF90CF90BF90AF909F908F90089509897A
:10AE00001A892B893C89041715072607370748F349
:10AE10004A015B01823031F488869986AA86BB8616
:10AE200081E0E0CF81149104A104B10449F41886B3
:10AE300019861A861B861C821D821E821F82F0CFF5
:10AE4000088519852A853B85E98DFA8D858590E0F1
:10AE50000996B901A8014150510961097109082EEB
:10AE600004C076956795579547950A94D2F7750172
:10AE70006401E1E0CE1AD108E108F10804C0F694BB
:10AE8000E794D794C7948A95D2F7C416D506E606F8
:10AE9000F70620F0012B022B032B09F58D899E89E3
:10AEA000AF89B88D8C839D83AE83BF838E010C5F89
:10AEB0001F4FC114D104E104F10409F4ADCF4C815A
:10AEC0005D816E817F819801898D9A8D45DE91E04B
:10AED000C91AD108E108F1088111EBCF82CFC41A59
:10AEE000D50AE60AF70AE2CF8F929F92AF92BF92FD
:10AEF000CF92DF92EF92FF920F931F93CF93DF9346
:10AF000000D01F92CDB7DEB7FC018381813091F074
:10AF100080E00F900F900F900F90DF91CF911F91D5
:10AF20000F91FF90EF90DF90CF90BF90AF909F90E8
:10AF30008F900895818181FFEBCF81899289A389C8
:10AF4000B489892B8A2B8B2B09F45BC07F0140E0ED
:10AF500050E0BA01CF0135DF8823D1F2F701C18C6F
:10AF6000D28C85889688A788B08C82E090E0A0E09B
:10AF7000B0E0F60180839183A283B3839E012F5FAB
:10AF80003F4FB501A401C601E7DD882309F4C0CF16
:10AF900000E010E09801B501A401C6014CDD882352
:10AFA00009F4B6CF89809A80AB80BC80F60187898E
:10AFB0008031F1F4F8EF8F16FFEF9F06A104B10482
:10AFC000E8F2F701158A168A178A108E118A128AFA
:10AFD000138A148A818180688183C701A8DE88234F
:10AFE00009F496CF40E050E0BA01C701EADE91CF04
:10AFF00088EF88168FEF9806A8068FE0B80608F746
:10B00000BDCF81E086CF2F923F924F925F926F9299
:10B010007F928F929F92AF92BF92CF92DF92EF92E8
:10B02000FF920F931F93CF93DF9300D01F92CDB762
:10B03000DEB78C014B011A01DC0113968C9113973A
:10B04000813009F0CEC011968C9181FFCAC082FD7B
:10B05000B5C06101D80118964D915D916D917C91BB
:10B060001B97C114D10409F417C159968D919C9175
:10B070005A97FC0174802FEF270D2A013B0139E01C
:10B0800076946794579447943A95D1F7722E74202A
:10B090007A01F1E0FF22711020C0E114F104E9F41B
:10B0A00014964D915D916D917C91179741155105C5
:10B0B0006105710509F09BC055968D919D910D908C
:10B0C000BC91A02D0097A105B10509F0A8C0C80149
:10B0D0000E94397E882309F484C0A12C82E0B82E16
:10B0E000AE18BF08CA14DB0408F45601D8015996FB
:10B0F0004D915C915A9714968D919D910D90BC91B4
:10B10000A02D0297A109B109FA01258504C0880F75
:10B11000991FAA1FBB1F2A95D2F7468557856089BC
:10B120007189840F951FA61FB71F9C01AD01270DC4
:10B13000311D411D511D29013A01A11432E0B30610
:10B1400009F07BC08091630D9091640DA091650D15
:10B15000B091660D481659066A067B0669F410928E
:10B16000670D8FEF9FEFDC018093630D9093640D6B
:10B17000A093650DB093660D8091680D9091690D57
:10B18000DC01ED91FC910288F389E02D9401B3017B
:10B19000A2011995882329F1F80180859185A2855E
:10B1A000B3858A0D9B1DA11DB11D80879187A28744
:10B1B000B3878A0C9B1CCA18DB084CCFF801418965
:10B1C00052896389748980859185A285B3854817E2
:10B1D00059076A077B0709F43CCFC801F2DD8111EA
:10B1E00038CF81E0D8018C938FEF9FEF6BC09E0129
:10B1F0002F5F3F4FB1DC8823A1F389819A81AB8116
:10B20000BC81F801218D328DF9012789203169F443
:10B21000883FFFEF9F07A105B10508F058CFF8015F
:10B2200084839583A683B78358CF883F2FEF9207F7
:10B23000A2072FE0B20798F34ACFE114F10429F5F1
:10B24000F801408551856285738581899289A3893A
:10B25000B489481759076A077B07B8F018DA8823BA
:10B2600009F4BFCF81E08093670D4092630D509247
:10B27000640D6092650D7092660DA501B401C70161
:10B280008D59944F0E94FFFB87CF41E0C301B2016B
:10B2900047DA8111F2CFA5CFF80181899289A3897C
:10B2A000B48984179507A607B70738F48181418BC5
:10B2B000528B638B748B80688183F801818183FD5D
:10B2C00018C0C1010F900F900F900F90DF91CF9198
:10B2D0001F910F91FF90EF90DF90CF90BF90AF90B4
:10B2E0009F908F907F906F905F904F903F902F90A6
:10B2F0000895C8011CDD8111E4CF73CF2F923F92D6
:10B300004F925F926F927F928F929F92AF92BF9275
:10B31000CF92DF92EF92FF920F931F93CF93DF9321
:10B32000EC014B017A018B81811115C08FEF9FEFEA
:10B33000DF91CF911F910F91FF90EF90DF90CF9011
:10B34000BF90AF909F908F907F906F905F904F9045
:10B350003F902F900895898180FFE8CF89899A894D
:10B36000AB89BC89488559856A857B85841B950B8B
:10B37000A60BB70BA70170E060E084179507A6073E
:10B38000B70708F47C0167011E0124E0220E311C7E
:10B39000C114D10409F4A7C0488559856A857B8505
:10B3A0005A0181E0B822898D9A8D2A013B0129E05A
:10B3B00076946794579447942A95D1F72B81FC0192
:10B3C000223079F5628D738D848D958D640D751D98
:10B3D000861D971D00E012E00A191B09C016D10650
:10B3E00008F486010115E2E01E0771F44090630D38
:10B3F0005090640D6090650D7090660D6415750534
:10B400008605970509F04CC040E08AD9882309F4E5
:10B410008DCFB5016D59744FA801C4010E94FFFB87
:10B4200051C0148111501421A114B10471F41111EF
:10B430000CC0452B462B472B51F58D899E89AF8932
:10B44000B88D8C839D83AE83BF83E98DFA8D4C804C
:10B450005D806E807F8022E0421A51086108710889
:10B46000858504C0440C551C661C771C8A95D2F750
:10B4700086859785A089B189480E591E6A1E7B1E54
:10B48000C301B201610F711D811D911DA3CF4C81BC
:10B490005D816E817F8191015FDB8111D6CF46CFC7
:10B4A000A091680DB091690DED91FC911197008804
:10B4B000F189E02D9401AB01BC01CD0119958823E0
:10B4C00009F434CF800E911E88859985AA85BB85A5
:10B4D000800F911FA11DB11D88879987AA87BB87FF
:10B4E000C01AD10A55CFC70123CFBF92CF92DF92A6
:10B4F000EF92FF920F931F93CF93DF93EB01FC0129
:10B500002381223008F49CC0408551856285738573
:10B510004F71552766277727452B462B472B09F078
:10B520008FC08C011092350B1092340BC12CDD248E
:10B53000DA947E01FBE0EF0EF11C8DE0B82E40E2C4
:10B5400050E0BE01C801DADE8032910581F021E0D1
:10B55000892B09F420E0822F8195DF91CF911F91F3
:10B560000F91FF90EF90DF90CF90BF9008952881CA
:10B57000222309F467C0253E11F02E3229F41092DF
:10B58000350B1092340BDBCF3B853F733F3009F016
:10B5900042C04A8D5B8D452B61F52F713FEF320F15
:10B5A000323038F58D85213041F1C81229C0215043
:10B5B000330BB29EC001B39E900D1124DC01AC5C34
:10B5C000B44FFE0120E02B30F0F0468157814F3F11
:10B5D000510519F010F04FE550E04D932F5F329672
:10B5E0002D3089F7288126FF04C0FC01EF5BF44F62
:10B5F00010822B8523FDA3CFB0CFC82ED12CD7CF5F
:10B60000DD24D394D4CF253018F044815581DFCF89
:10B6100041815281DCCFD1100EC0FE0120E020FB21
:10B62000279527F93191230FEE16FF06C1F7C216B1
:10B6300001F3DD24D3941092350B1092340BD9CF43
:10B640008FEF8BCF80E089CF0F931F93CF93DF9342
:10B65000FC012381222331F080E0DF91CF911F9103
:10B660000F9108958B01EC01FB018789803139F539
:10B6700082E08B831D8A1E8A1F8A188E808D918D91
:10B68000B0E0A0E025E0880F991FAA1FBB1F2A95F4
:10B69000D1F7898B9A8BAB8BBC8B1A8F098F81E08A
:10B6A0008983188619861A861B861C821D821E8233
:10B6B0001F82188A1C861D861E861F86CECF80326A
:10B6C00059F683E08B83428D538D648D758D4D8B40
:10B6D0005E8B6F8B788F9E012F5E3F4FC801BEDA65
:10B6E0008111DBCFB9CF8091860D8F7E8093860D3F
:10B6F0008FEF9FEF909327028093260280919C15F5
:10B70000882321F089E995E10E94DD7D45E360E031
:10B710008DE697E10E94EA7481110CC00E949B2B78
:10B7200080E49BE20E94722B8091860D84FF2DC0E5
:10B730000C9446D261E08DE697E130D881110DC0BE
:10B7400060E08DE697E12AD8811107C084EF9AE284
:10B750000E94722B8CE29BE2E5CF6FE477E189E9EE
:10B7600095E172DF811107C084EF9AE20E94722B8B
:10B770008BE19BE2D7CF8091860D80618093860D0F
:10B780000E949B2B8FE09BE2CDCF809159098823AB
:10B7900031F041E061E08DEF9AE20C942099089538
:10B7A0000F931F93CF93DF93CDB7DEB7EB970FB611
:10B7B000F894DEBF0FBECDBF8091860D84FF3BC0E5
:10B7C000809126029091270297FF26C08BE1E4EB3F
:10B7D000F5E1DE01919601900D928A95E1F7CE0197
:10B7E00081960E94347F10E000E0BE016F5F7F4FC2
:10B7F000CE0181967ADE18163CF4CE0101960E94A5
:10B80000B5B6080F111DF1CF109327020093260241
:10B81000CE0181960E94DC2780912602909127021A
:10B82000EB960FB6F894DEBF0FBECDBFDF91CF9180
:10B830001F910F91089590E080E0F2CFEF92FF9278
:10B840000F931F93CF93DF93CDB7DEB7EB970FB670
:10B85000F894DEBF0FBECDBF8C01A2DF98012F5F31
:10B860003F4F82179307B0F19BDF01977C01E01AED
:10B87000F10A84EB95E10E94347F8BE1E4EBF5E182
:10B88000DE01919601900D928A95E1F710E000E0BB
:10B89000BE016F5F7F4FCE01819627DE181684F4BC
:10B8A000CE0101960E94B5B6882391F3E016F10609
:10B8B000F9F4BE016F5F7F4F87E799E00E94D0B631
:10B8C000CE0181960E94DC27A89581E090917709AE
:10B8D000911101C080E0EB960FB6F894DEBF0FBE69
:10B8E000CDBFDF91CF911F910F91FF90EF90089501
:10B8F0000F5F1F4FCDCF0F931F93CF93DF93CDB724
:10B90000DEB7EB970FB6F894DEBF0FBECDBF8C014C
:10B9100084EB95E10E94347F8BE1E4EBF5E1DE01FD
:10B92000919601900D928A95E1F7BE016F5F7F4F6E
:10B93000CE018196DADD1816A4F4CE0101960E949C
:10B94000B5B6882391F3BE016F5F7F4F87E799E01B
:10B950000E94D0B667E779E0C8010E940FFC892BEE
:10B9600021F7CE0181960E94DC27EB960FB6F89462
:10B97000DEBF0FBECDBFDF91CF911F910F91089514
:10B98000EF92FF921F93CF93DF93C82F7B0110910B
:10B9900079158FEF809379150E949B2BC130C1F0F0
:10B9A000C9E3DCE28DE49CE20E94722BCE010E948E
:10B9B000722BB70185E49CE20E94802B0E949E2B93
:10B9C00010937915DF91CF911F91FF90EF9008951B
:10B9D000CFE3DCE2E7CFBC018BE59BE20E94802B4A
:10B9E00088E59BE20C94722B2F923F924F925F92CC
:10B9F0006F927F928F929F92AF92BF92CF92DF927F
:10BA0000EF92FF920F931F93CF93DF931F921F929A
:10BA1000CDB7DEB7382E7B012DB73EB73A832983E9
:10BA200080914317811107C01092281710922B178D
:10BA300081E08093431780912017811107C01092F5
:10BA400005171092081781E080932017DA018C9176
:10BA50008F3209F082C089E995E1F70191838083F3
:10BA60004F5F5F4F311010927B0DF7014080518086
:10BA70008A0128E2C22E27E1D22E3BE1232E0115B6
:10BA80001105B9F16DB67EB66FE270E0C8010E9493
:10BA900022FC5C010817190738F5AC01401B510B5B
:10BAA00055274F5F5F4F2DB73EB7241B350B0FB6A1
:10BAB000F8943EBF0FBE2DBF8DB79EB701964C01C7
:10BAC000B8010E94A8F1C6010E94DD7DD7016D91E9
:10BAD0007C9121E0A401C6010E943EAB811143C0CC
:10BAE000C40179DF10E000E00FB6F8947EBE0FBE0F
:10BAF0006DBE3320A9F0D701ED91FC918BE1A4EB51
:10BB0000B5E101900D928A95E1F791E080917B0D6E
:10BB1000811190E08091860D90FB86F98093860DCF
:10BB2000C801E981FA810FB6F894FEBF0FBEEDBFE0
:10BB30000F900F90DF91CF911F910F91FF90EF9099
:10BB4000DF90CF90BF90AF909F908F907F906F903D
:10BB50005F904F903F902F90089584EB95E1D7012F
:10BB60008D939C9382CFF70180819181481659066D
:10BB700011F00E94DD7DD701CD92DC92332099F047
:10BB8000A0917B0DAA3078F481E08A0F80937B0D21
:10BB90002A9ED0011124A153BA4EF601822D0190A4
:10BBA0000D928A95E1F7B8E2CB16B7E1DB0669F4AE
:10BBB00095E0C92E97E1D92E85010F5F1F4F0FB673
:10BBC000F8947EBE0FBE6DBE5ACF88E2C82E87E1C4
:10BBD000D82EF2CF1F93CF93DF93CDB7DEB76D97FB
:10BBE0000FB6F894DEBF0FBECDBF1D8E1C8EAC010C
:10BBF000BE01645E7F4F80E0F7DE10E00097A9F0A1
:10BC000019821C826C8D7D8D21E0AC01CE010196E4
:10BC10000E943EAB182F882321F0CE0101960E948E
:10BC2000DD7DCE0101960E94DC27812F6D960FB637
:10BC3000F894DEBF0FBECDBFDF91CF911F91089565
:10BC4000EF92FF921F93CF93DF9300D000D000D0EC
:10BC50001F92CDB7DEB78091860D84FF44DD8091C1
:10BC6000860D84FF3BC00E94CA27811137C0809196
:10BC70007C0D90E08F969F938F9382E59CE29F933B
:10BC80008F93CE0101967C019F938F930E94F8F1D0
:10BC90008091860D0F900F900F900F900F900F9046
:10BCA00084FF1CC0C70196DF182F8823B9F00E94BB
:10BCB00046D2C7010E94E9D280917C0D8F5F8093AC
:10BCC0007C0D812F2A960FB6F894DEBF0FBECDBF34
:10BCD000DF91CF911F91FF90EF90089510927C0D0E
:10BCE00010E0EFCF0E949B2B60917509709176094F
:10BCF0008FEF9FE20E94802B8CEF9FE20C94722BBF
:10BD00008F929F92AF92BF92EF92FF920F931F93E9
:10BD1000CF93DF931F921F92CDB7DEB77C01809146
:10BD2000860D84FD03C0C70156DE6BC0613009F487
:10BD30007BC008F473C0623009F4D8C08091860DCE
:10BD4000877F8B7F8093860D0E94D0D2A701BE0192
:10BD50006F5F7F4F81E048DE8C01009721F369819E
:10BD60007A8121E0AC018DED96E10E943EAB882303
:10BD700009F4C3C08091EE169091EF16A091F016D1
:10BD8000B091F11680937E0D90937F0DA093800D5E
:10BD9000B093810D1092820D1092830D1092840D3C
:10BDA0001092850DF09079158FEF80937915B80179
:10BDB00086E89BE20E94802B80907E0D90907F0D04
:10BDC000A090800DB090810D8EE79BE20E94722BB7
:10BDD000C501B4010E949A270E949E2B8FE69BE228
:10BDE0000E94722BF0927915C80185DD8091340B89
:10BDF000882311F004E31BE040E060E0C8010E94EA
:10BE0000EB980F900F90DF91CF911F910F91FF90C2
:10BE1000EF90BF90AF909F908F900895B70182E010
:10BE2000AFDD10927D0D8ACF0E946A38811104C067
:10BE3000B70181E0A5DD82CF80917D0D882399F047
:10BE40000E94982B8FED9BE20E94722B81E090E084
:10BE50000E94E6360E949E2B40E070E060E08EEC8F
:10BE60009BE20E94C7378EE998E00E9489D2E09158
:10BE70007D0D84E0E89FF0011124E656F74F809194
:10BE8000820D9091830DA091840DB091850D8083DA
:10BE90009183A283B3830E949B2BB70185EB9BE226
:10BEA0000E94802B60917D0D89E6689FB00111246E
:10BEB0006256774F8AEA9BE20E94802B8090820D27
:10BEC0009090830DA090840DB090850D84EA9BE244
:10BED0000E94722BC501B4010E949A270E949E2BDA
:10BEE00080917D0D8F5F80937D0D28CF0E949B2BCD
:10BEF00084E99BE20E94722B21CFC80115CFCF931A
:10BF0000DF93EB010E94722BCE010E941828DF9173
:10BF1000CF910C949E2BEF92FF920F931F93CF9390
:10BF2000DF931F921F92CDB7DEB72091860D24FFBD
:10BF300033C07C01BC0182E023DD10927D0D809135
:10BF4000860D877F8B7F8093860D0E94D0D2A701BC
:10BF5000BE016F5F7F4F80E047DD8C01C701011597
:10BF6000110521F169817A8126E5A8018DED96E11F
:10BF70000E943EAB8823C9F08091860D816080933A
:10BF8000860DC801B8DCB80187E29CE2B8DF40E06A
:10BF900060E0C8010E94EB980F900F90DF91CF9165
:10BFA0001F910F91FF90EF900895C80114DDF4CF19
:10BFB000CF939091860D94FF1EC0909181159111A1
:10BFC0001AC02AE5811121E0C82F46E954E069E949
:10BFD00075E18EE795E10E943EAB811104C086E9D0
:10BFE00094E0CF91F8CCC11106C066E974E087E215
:10BFF0009CE2CF9184CFCF910895FF920F931F932E
:10C00000CF93DF93CDB7DEB76D970FB6F894DEBF51
:10C010000FBECDBF2091860D24FF28C0AC01BE010C
:10C02000645E7F4F80E0E0DC8C010097F9F06C8D5E
:10C030007D8D19821C8222E0AC01CE0101960E9406
:10C040003EAB81111FC0F12CCE0101960E94DC276E
:10C05000B801FF2061F189E19CE251DF1092820D6D
:10C060001092830D1092840D1092850D6D960FB66F
:10C07000F894DEBF0FBECDBFDF91CF911F910F911E
:10C08000FF900895CE0101960E9474D78823D9F2BB
:10C0900061E0CE0101960E94E67D0097A1F225EEB7
:10C0A000FC0120831C820E9447D3F82ECDCF81E073
:10C0B0009CE20E94802B8EEF9BE20E94722BD6CFD7
:10C0C0002F923F924F925F926F927F928F929F92A8
:10C0D000AF92BF92CF92DF92EF92FF920F931F9396
:10C0E000CF93DF93CDB7DEB7C655D1090FB6F8941D
:10C0F000DEBF0FBECDBF5C017B016DB67EB6BE015B
:10C100006F5F7F4FC501F1D918160CF069C08C859F
:10C110008871803109F083C08DB69EB610E000E0D2
:10C12000E114F10439F0F70101900020E9F78F01E3
:10C130000E191F09C8010D962DB73EB7281B390BE4
:10C140000FB6F8943EBF0FBE2DBF8DB79EB70196B8
:10C150006C01080F191FE114F10439F0B7010E94B6
:10C160002DFC8FE2F80131978083BE016F5F7F4F16
:10C17000C8010E94D0B61CAE1FAE21E0A801B501D7
:10C18000CE01CC960E943EAB8823D9F08BE1FE0114
:10C19000FC96DE01919601900D928A95E1F7B60129
:10C1A000CE0181968DDFCE0181960E94DC27CE01E3
:10C1B000CC960E94DC270FB6F8949EBE0FBE8DBEB3
:10C1C0009ECF0E949B2BB80180E49FE298DECE01B7
:10C1D000CC960E94DC270FB6F8949EBE0FBE8DBE93
:10C1E0000FB6F8947EBE0FBE6DBECA5ADF4F0FB6B3
:10C1F000F894DEBF0FBECDBFDF91CF911F910F919D
:10C20000FF90EF90DF90CF90BF90AF909F908F9076
:10C210007F906F905F904F903F902F900895CE0148
:10C2200001960E94B5B6882309F469CFE114F104A0
:10C2300031F0C7010E9418288FE20E94BEC52D8CE4
:10C240003E8C4F8C58A0BE016F5F7F4F87E799E00F
:10C250000E94D0B60E94182880E20E94BEC5C2018A
:10C26000B1010E949A270E949E2B49CF0F931F93E2
:10C2700041E050E0082E02C0440F551F0A94E2F737
:10C28000052E000C660B770B0091D0091091D10997
:10C290002091D2093091D309402B512B622B732B63
:10C2A0004093D0095093D1096093D2097093D30978
:10C2B0009091CF09891303C081E08093CD091F912C
:10C2C0000F9108952F923F924F925F926F927F92BB
:10C2D0008F929F92AF92BF92CF92DF92EF92FF9296
:10C2E0000F931F93CF93DF93CDB7DEB7CB5AD1090E
:10C2F0000FB6F894DEBF0FBECDBF2091BF143091B2
:10C30000C0144091C1145091C214CC55DF4F288302
:10C3100039834A835B83C45AD0408091C31490917F
:10C32000C414A091C514B091C614C855DF4F8883BA
:10C330009983AA83BB83C85AD040B090C714A090F9
:10C34000C8143090C9142090CA142091CB14309195
:10C35000CC144091CD145091CE14C056DF4F288399
:10C3600039834A835B83C05AD04080916E15909187
:10C370006F15A0917015B0917115C656DF4F888367
:10C380009983AA83BB83CA59D0408091771581FFD6
:10C3900005C09091D40998609093D40982FB8827B6
:10C3A00080F980933B078091860D87FDF8C28CE170
:10C3B00096E00E9441690091FE141091FF1401154E
:10C3C000110599F08091860D87FDE9C266E176E05E
:10C3D000CE0101960E94F81FB801CE0101960E947D
:10C3E0004621CE0101960E9413690091FC14109120
:10C3F000FD14043B110514F404EB10E08091860D4C
:10C4000087FDCDC260E176E0CE0101960E94F81F63
:10C41000B801CE0101960E944621CE0101960E94EC
:10C4200013698091860D87FDBAC22091D514309191
:10C43000D6144091D7145091D8146B2D7A2D832D9A
:10C44000922D0E941CF94B018C0188E096E00E941D
:10C450004169809177156401780180FD04C0CB2C7F
:10C46000DA2CE32CF22C8091860D87FD98C2C60150
:10C47000D701C057DF4F88839983AA83BB83C059F4
:10C48000D04033E0732ECC56DF4F7882C459D04071
:10C4900061E076E0CE0101960E94F81FBE01605770
:10C4A0007F4FCE0101960E946A20CE0101960E9424
:10C4B00013699401A801B601C7010E945FF287FFCA
:10C4C00026C08091860D87FD6AC2C401D801C55778
:10C4D000DF4F88839983AA83BB83CB58D040C15751
:10C4E000DF4F7882CF58D04069EF75E0CE010196DA
:10C4F0000E94F81FBE0165577F4FCE0101960E9432
:10C500006A20CE0101960E9413696401780180912E
:10C51000860D87FD44C281EF95E00E94416987E066
:10C5200080935D09809326078091860D87FD37C231
:10C5300040900115509002156090031570900415FD
:10C540008091771583FB882780F9C256DF4F888357
:10C55000CE59D040C156DF4F1882CF59D040C25675
:10C56000DF4F88809980CE59D04090E3890E911C8E
:10C570006BEE75E08E010F5F1F4FC8010E94F81F20
:10C58000B401C8010E944621EB964CAE5DAE6EAE82
:10C590007FAEEB9721E0EC962FAFEC976AE50E9417
:10C5A000E31FBE0169587F4F0E946A20C8010E94A4
:10C5B00013698091860D87FDF2C1C601D701CA5764
:10C5C000DF4F88839983AA83BB83C658D04023E07A
:10C5D000F22EC657DF4FF882CA58D04064EE75E09D
:10C5E000C8010E94F81FBE016A577F4FC8010E9410
:10C5F0006A20C8010E9413698091771584FF27C0C3
:10C600008091860D87FDCBC18091F8149091F9142B
:10C61000A091FA14B091FB14CB56DF4F8883998315
:10C62000AA83BB83C559D040C756DF4FF882C9598A
:10C63000D0406EED75E0C8010E94F81FBE016B5638
:10C640007F4FC8010E946A20C8010E941369E090D0
:10C65000FC14F090FD148091860D87FB882780F9EB
:10C66000E114F10471F081119AC168ED75E0C8011F
:10C670000E94F81FB701C8010E944621C8010E940C
:10C680001369E0900015F12C8091860D87FB8827B7
:10C6900080F9E114F10441F1811181C162ED75E08D
:10C6A000C8010E94F81F1F921F928CEC94E09F9388
:10C6B0008F936E01A2E6CA0ED11CDF92CF920E9428
:10C6C0004DFCB601C8010E94502063E50E94E31FA3
:10C6D000B7010E944621C8010E9413690F900F9074
:10C6E0000F900F900F900F908091860D87FD57C18E
:10C6F00069EC75E0C8010E94F81FCC55DF4F288116
:10C7000039814A815B81C45AD040E6962CAF3DAF57
:10C710004EAF5FAFE69793E0F92EE796FFAEE7974F
:10C72000BE016E587F4FC8010E946A20C855DF4F76
:10C73000288139814A815B81C85AD040E1962CAF6B
:10C740003DAF4EAF5FAFE197E296FFAEE29769E58E
:10C750000E94E31FBE0163597F4F0E946A20C801F7
:10C760000E9413698091860D87FD19C18B2D9A2D2A
:10C77000A32DB22DCF57DF4F88839983AA83BB8324
:10C78000C158D040CB57DF4FF882C558D04061EC3C
:10C7900075E0C8010E94F81FBE016F577F4FC801A6
:10C7A0000E946A20C8010E9413698091860D87FD4E
:10C7B000F6C0E090CF14D090D0146DEB75E0C801B6
:10C7C0000E94F81FDF92EF928CEC94E09F938F937E
:10C7D0006E0132E6C30ED11CDF92CF920E944DFC57
:10C7E000B601C8010E945020C8010E9413698091BF
:10C7F000D1149091D21490931202809311026091FF
:10C80000D3147091D41480E00E94361B8091860D61
:10C810000F900F900F900F900F900F9087FDBFC05B
:10C82000C056DF4F88819981AA81BB81C05AD04010
:10C83000C458DF4F88839983AA83BB83CC57D040E9
:10C84000C058DF4FF882C058D04066EB75E0C80191
:10C850000E94F81FBE0164587F4FC8010E946A20E1
:10C86000C8010E94136987E0E9EDF4E1ADECB9E09D
:10C8700001900D928A95E1F78091CF090E9478216D
:10C880008CE0E0EEF4E1AAE0B9E001900D928A9527
:10C89000E1F78CE0ECEEF4E1AFE5B9E001900D9248
:10C8A0008A95E1F7809176158093BD1481E080939D
:10C8B0004C070E94ED398091860D87FD70C041E6DE
:10C8C00050E061EB75E0C8010E9459F1D8010D906C
:10C8D0000020E9F7CD010197801B910B803691056F
:10C8E00050F441E650E0481B590B65E075E1800FBC
:10C8F000911F0E94A8F1C8010E9413698091860DC2
:10C9000087FD4DC0909072158090731570907415CE
:10C91000609075156CEA75E0C8010E94F81FC35657
:10C92000DF4FB881CD59D040BF93C456DF4FE88167
:10C93000CC59D040EF93C556DF4FF881CB59D0404A
:10C94000FF93C656DF4F2881CA59D0402F938FECF2
:10C95000E82E84E0F82EFF92EF92DF92CF920E94B1
:10C960004DFCB601C8010E94502064E50E94E31FFF
:10C970005C016F927F928F929F92FF92EF92DF9273
:10C98000CF920E944DFCB601C5010E945020C80103
:10C990000E9413690FB6F894DEBF0FBECDBFC55518
:10C9A000DF4F0FB6F894DEBF0FBECDBFDF91CF9142
:10C9B0001F910F91FF90EF90DF90CF90BF90AF90BD
:10C9C0009F908F907F906F905F904F903F902F90AF
:10C9D0000895CF93DF938EE795E10E94DC278DEDDC
:10C9E00096E10E94DC27CDEDD6E16B97CE010E9447
:10C9F000DC2785E1CF3CD807C1F784EB95E10E94A5
:10CA0000DC2789E995E1DF91CF910C94DC278091B7
:10CA1000860D847E8B7F8093860D1092820D1092FE
:10CA2000830D1092840D1092850D10927E0D109240
:10CA30007F0D1092800D1092810D10927D0D10923D
:10CA40007C0D10927B0DEFECF5E18EE091E0DF01C3
:10CA50009C011D9221503040E1F780910A018E7FA8
:10CA600080930A0180910B01809581708093090168
:10CA70001092991510929C151092B4151092B7153A
:10CA8000108213827B9636E1ED3DF307C9F78FEAFA
:10CA900094E090936E1780936D1710926F1789E151
:10CAA0008093711710927417109266171092DD160A
:10CAB0001092E01681E08093AA0D1092AB0D1092B7
:10CAC000AC0D1092AD0D1092AE0D1092AF0D1092F4
:10CAD000B00D1092B10D1092B20D1092B30D1092D4
:10CAE000B40D1092B50D1092B60D1092B70D1092B4
:10CAF000B80D1092B90D1092BA0D1092BB0D109294
:10CB0000BC0D1092BD0D1092BE0D1092BF0D109273
:10CB1000C00D1092C10D1092C20D1092C30D109253
:10CB2000C40D1092C50D1092C60D10928D0D10926D
:10CB30008E0D10928F0D1092900D1092910D1092FB
:10CB4000960D1092970D1092980D1092990D1092CB
:10CB50009A0D9FEF90938C0D1092C80D1092C70DF7
:10CB60008091110E883108F0C4C091E0980F909325
:10CB7000110E8093120E90E0FC01EE0FFF1FE80FE4
:10CB8000F91FE753F24F88EB9BE09283818385E1A5
:10CB90009EE09093220E8093210E1092430E1092ED
:10CBA000440E1092450E1092460E10923F0E1092B7
:10CBB000400E1092410E1092420E10923B0E1092B7
:10CBC0003C0E10923D0E10923E0E1092370E1092B7
:10CBD000380E1092390E10923A0E1092330E1092B7
:10CBE000340E1092350E1092360E10922F0E1092B7
:10CBF000300E1092310E1092320E10922B0E1092B7
:10CC00002C0E10922D0E10922E0E1092270E1092B6
:10CC1000280E1092290E10922A0E1092851710924B
:10CC2000861710928717109288171092811710920A
:10CC30008217109283171092841710927D1710920A
:10CC40007E1710927F17109280171092791710920A
:10CC50007A1710927B1710927C171092751710920A
:10CC6000761710927717109278171092260E10925E
:10CC7000250E1092240E1092230EE7E4FEE087E7C3
:10CC800094E115AEED59FF4F8E179F07D1F7109223
:10CC900077148DE080937B1410927C141092BB1457
:10CCA00080E08E7F8D7F8B7F877F8093BD14109275
:10CCB0007E15109281151092D9141092DA141092E8
:10CCC000DB141092DC141092DD141092DE1410921A
:10CCD000DF1483E0809379158AE897E190937B15C0
:10CCE00080937A1589E897E190937D1580937C1560
:10CCF00008959093120E4BCFCF93DF93CDB7DEB74D
:10CD0000AB970FB6F894DEBF0FBECDBF789484B555
:10CD1000826084BD84B5816084BD85B5826085BD37
:10CD200085B5816085BD80916E00816080936E00C5
:10CD300010928100809181008260809381008091B7
:10CD40008100816080938100809180008160809368
:10CD500080008091B10084608093B1008091B00028
:10CD600081608093B00080919100826080939100F7
:10CD7000809191008160809391008091900081600A
:10CD8000809390008091A10082608093A1008091A7
:10CD9000A10081608093A1008091A00081608093B8
:10CDA000A000809121018260809321018091210166
:10CDB0008160809321018091200181608093200116
:10CDC00080917A00846080937A0080917A008260FA
:10CDD00080937A0080917A00816080937A008091BC
:10CDE0007A00806880937A001092C1003090911789
:10CDF00014BE1092C0008091C00082608093C00079
:10CE00001092C50087E08093C4008091C1008061CA
:10CE10008093C1008091C10088608093C10080919F
:10CE2000C10080688093C1000E9412D16B017C0117
:10CE300028EEC20E23E0D21EE11CF11C8AE897E125
:10CE40000E94584B882309F47CC01092C80080913E
:10CE5000C80082608093C8001092CD0080E180936A
:10CE6000CC008091C90080618093C9008091C90085
:10CE700088608093C9008091C90080688093C90050
:10CE80000E9412D16B017C0138EEC30E33E0D31E39
:10CE9000E11CF11C89E897E10E94584B882309F4B2
:10CEA00060C083E49EE20E94722B80910101806148
:10CEB0008093010180910201807180930001809133
:10CEC000820490918304A0918404B09185048F879B
:10CED000988BA98BBA8BAE01415F5F4F5DA34CA3CA
:10CEE000CE0143969C8B8B8BC12C14E2D12E14EF78
:10CEF000E12EF12CACA1BDA1ED91BDA3ACA30E2EF2
:10CF0000000CFF0BE954F14DE491E250E13108F0DF
:10CF10006DC1F0E08827E057F8418F4F0C9413F96A
:10CF2000F6E8F6E8F6E8F6E8F6E8C1E7C1E72FE844
:10CF30002FE82FE841E841E841E8F6E850E850E8FA
:10CF400050E80E9412D1A7019601261B370B480B0F
:10CF5000590BDA01C901181619061A061B068CF3BB
:10CF600074CF0E9412D1A7019601261B370B480BE4
:10CF7000590BDA01C901181619061A061B068CF39B
:10CF800090CFB2E0BF8B1F8E1E8EE1EBF0E0FE8BE8
:10CF9000ED8B20EB30E03B8F2A8F66246A94712C56
:10CFA0008EE0E6E8F4E0DE01119601900D928A959C
:10CFB000E1F7930150E040E0FBE0220F331F441FF4
:10CFC000551FFA95D1F7C701B6010E9489F82901CA
:10CFD000FFEF4F1A5F0A2F89223009F070C031E04D
:10CFE00038A743E049A7CE0101969FA38EA391E005
:10CFF0009C8FA1E0AD8F1BA2EFEFF0E0F98FE88FDF
:10D00000AEA1BFA10D911D91BFA3AEA3C801B0E019
:10D01000A0E0EF89E23009F457C080329105A10504
:10D02000B10509F4B0C080389105A105B10509F436
:10D03000AAC09801A8EEB3E00E94D1F89B01AC0110
:10D04000C701B6010E9489F8C90101973695279555
:10D050000097E1F541E050E059A348A33EC033E01A
:10D060003F8B46E950E05F8F4E8F81E990E09E8BC9
:10D070008D8BA0E9B0E0BB8FAA8F66246A94762CD2
:10D080008FCFB4E0BF8BE6EAF0E0FF8FEE8F21EAAE
:10D0900030E03E8B2D8B40EA50E05B8F4A8FEDCF26
:10D0A00055E05F8B86E291E09F8F8E8FA1E2B1E029
:10D0B000BE8BAD8BE0E2F1E0FB8FEA8FDECF5AE072
:10D0C00058A76EE069A78FCF9301C30179A268A228
:10D0D0008615970510F499A388A32115310509F445
:10D0E000A3C16AA2272C2615370510F42AA3232EE4
:10D0F00028A139A12F5F3F4FD8010E94D1F89B0191
:10D10000AC01C701B6010E9489F849013BA72AA7D3
:10D110009801AAA1B22D0E94D1F89B01AC01220F67
:10D12000331F441F551FC701B6010E9489F8D9015A
:10D1300069EE461663E0560608F47AC1B20188EE3D
:10D1400093E0FB01E81BF90B8AA59BA5893E934060
:10D1500008F472C1B40188EE93E0681B790BA93E14
:10D16000B34008F46DC1C901A8EEB3E08A1B9B0B64
:10D170006E177F0720F48617970708F065C18E1792
:10D180009F0708F46BC14C8D4F5F4C8F483009F0FE
:10D1900037CFAA8DBB8D8C918C7F9D8D9370892B01
:10D1A0008C93ED89FE892081FD8D8F2F90E09595E0
:10D1B00087959595879563E0880F991F6A95E1F7A4
:10D1C000277E822BAD89BE898C938C91887FBBA1F1
:10D1D0008B2BED89FE898083FF89F23039F0E88D51
:10D1E000F98DAE8DBF8D1196FC93EE932B893C8902
:10D1F0004CA15DA12417350709F07CCE8091010177
:10D200008F7D8093010180910201809580728093CF
:10D210000001809101018F7B8093010180910201C7
:10D2200080958074809300010E94EC3630FE04C02B
:10D230008AE39EE20E94722B31FE04C089E29EE2E4
:10D240000E94722B32FE04C087E19EE20E94722B84
:10D2500033FE04C086E09EE20E94722B35FE04C0BD
:10D2600085EF9DE20E94722B8EED9DE20E94722B53
:10D270000E949B2B8AEA9DE20E94722B0E949B2BAC
:10D2800082E99DE20E94722B0E949B2B80918B175A
:10D2900090918C178E010F5F1F4FB801009709F412
:10D2A000E6C0681B790B83E89DE20E94F0368CE6AD
:10D2B0009DE20E94722B80E396E00E94B5360E94A8
:10D2C0009E2B0E9458A30E948CCA0E9473DB8091FF
:10D2D000F816811107C00E9403A8882319F081E085
:10D2E0008093F81620910A0930910B0940910C099E
:10D2F00050910D096091200A7091210A8091220AB3
:10D300009091230A0E941CF96093200A7093210ACD
:10D310008093220A9093230A20910E0930910F09DD
:10D3200040911009509111096091240A7091250AC9
:10D330008091260A9091270A0E941CF96093240A82
:10D340007093250A8093260A9093270A2091120948
:10D350003091130940911409509115096091280AE0
:10D360007091290A80912A0A90912B0A0E941CF937
:10D370006093280A7093290A80932A0A90932B0AB3
:10D380000E940D939D9AA5986D9A75988091771437
:10D39000811102C06B9A739A87ED80937A00109284
:10D3A0007E0010927D0080917E00826080937E00DE
:10D3B00080917D00806480937D0080E887BD8091AE
:10D3C0006E00826080936E00EAE6FDE2C590D49024
:10D3D00055E0C516D1041CF445E0C42ED12CD092E2
:10D3E0003102C09230020D2C000CEE08FF08A09014
:10D3F0002C02B0902D02C5010E945FC82B013C0198
:10D40000C701B6010E9465F29B01AC01C301B201E4
:10D410000E945FF287FF2EC060E1A61AB108B092A9
:10D420002D02A0922C02E3CF51E05AA3212C60CE12
:10D43000C20168EE73E085CEC40168EE73E08DCE64
:10D44000D90188EE93E092CE240199A59D8FAC8DF1
:10D45000ABA3E8A1F9A1F98FE88F95CE2901F8A532
:10D46000FD8F2C8D2BA33AA1388F298E8CCE61593C
:10D47000774119CFEEE5FCE2C590D49081E0C81A5F
:10D48000D10892E3C91691E0D90624F031E3C32E06
:10D49000DD24D394D0923302C09232020D2C000CC2
:10D4A000EE08FF08A0902E02B0902F02C5010E9446
:10D4B0005FC82B013C01C701B6010E9465F29B01C8
:10D4C000AC01C301B2010E9443FB181644F4A0E171
:10D4D000AA0EB11CB0922F02A0922E02E3CF80912F
:10D4E0002802909129020E94AC8020E030E040EABE
:10D4F00050E4E5D787FF0AC0809128029091290265
:10D5000040979093290280932802E9CF80912A02C4
:10D5100090912B020E94AC8020E030E04AEF52E470
:10D520000E9443FB181654F480912A0290912B021A
:10D53000409690932B0280932A02E8CF0E94369760
:10D540008098889A0A98129A80910101877F809327
:10D5500001018091020180958870809300011092F2
:10D560000809109207090E94E494809107018160E4
:10D570008093070180910701886080930701809163
:10D580000701806880930701859A869A8E9A6C9A23
:10D59000749A80910701806180930701809108014E
:10D5A0008095807180930601839A8B9A879A8F98D1
:10D5B0008E9A80915D098E7F80935D09809107012D
:10D5C0008460809307018091080184708093060134
:10D5D000749A80915D098D7F80935D098091070128
:10D5E0008062809307018091080180728093060118
:10D5F00080910801809580718093060180915D097A
:10D600008B7F80935D09849A8C988B9A809180009F
:10D610008C7F8093800080918100877E88608093DA
:10D620008100809180008F738093800080918100C1
:10D63000887F82608093810080E090E490938900ED
:10D640008093880010928500109284000E94552BD0
:10D6500078940E94A6818091120E883108F041C012
:10D6600090E0FC01EE0FFF1FE80FF91FE753F24FA8
:10D67000808180788760808387E00E94C3C9109290
:10D68000130E1092140E8091120E2CE0622F0E9445
:10D69000E0F890E0829FB001112430E020E0AB017F
:10D6A000420F531FFA01EE0FFF1FE40FF51FE75360
:10D6B000F24F408147FD07C02F5F3F4F2C303105AF
:10D6C00071F70E94694BE091120E8E2F90E0FC01E1
:10D6D000EE0FFF1FE80FF91FE753F24F80818068BC
:10D6E000808382E19EE00E945A4B6AE570E082E10D
:10D6F0009EE00E948B4B10925E090E94E4940E946F
:10D70000CF4C0E949B4C80910909882319F10E94FB
:10D71000B54C76E9C72ED12CE12CF12CC982DA82E6
:10D72000EB82FC82B80186E90E94714CC982DA82E0
:10D73000EB82FC82B80182E80E94714CC982DA82D5
:10D74000EB82FC82B80186E90E94714C0E949B4CDE
:10D750001092090988E198E20FB6F894A895809391
:10D7600060000FBE909360000E942C2F83E0809396
:10D7700059092DE0322E3AE0432E4AE4842E4EE23F
:10D78000942E53E0552E64E8662E6EE2762E80E0ED
:10D790000E940B3A8091860D87FF1EC010927C0D6F
:10D7A000877F8B7F8093860D0E94D0D210925B0280
:10D7B00010925A02109259020E944B930E94929723
:10D7C0000E94958010927A14109216090E94AC273C
:10D7D000909218098092170980915909EDB6FEB60A
:10D7E00010E000E0843009F441C0ADB6BEB66091EF
:10D7F00017097091180910E000E06115710509F032
:10D8000067C080911909882309F400C1E9E1F9E0B2
:10D810008F0109511940F190FF2019F0BAE0FB1275
:10D82000F7CF0115110559F0F801E75EF64F1082A8
:10D8300089E199E00E94132680E00E94765481E0FD
:10D84000F11001C080E0800F982FE92FF0E0E75E33
:10D85000F64F2081E92FE81BF0E0E75EF64F2083CA
:10D86000222309F470C09F5FF0CF8C01F801E05BC8
:10D87000F14DE491C8010196EE2311F0EA30A9F7C9
:10D88000EDB7FEB7E81BF90B0FB6F894FEBF0FBE5D
:10D89000EDBF2DB73EB72F5F3F4F6901A80160E58F
:10D8A0007EE2C901E0D4F601E00FF11F10824FEFD4
:10D8B00061E0C6010E9477C60FB6F894FEBE0FBEA7
:10D8C000EDBE882309F491CF509259098ECF86017D
:10D8D000FB01E00FF11F249068013FEFC31AD30A48
:10D8E000222019F04AE02412F2CF8DB79EB78C198E
:10D8F0009D090FB6F8949EBF0FBE8DBFADB7BEB7E2
:10D9000011967D01A801CD01AED4F701E00FF11F02
:10D910001082222009F477C080911709909118098C
:10D92000C80ED91ED0921809C0921709012B31F0E8
:10D93000C7010E94132680E00E9476540FB6F89427
:10D94000BEBE0FBEADBE90915C098091F9169817CE
:10D9500009F41DCF80915C098093F91680915C09D0
:10D96000882309F414CF0E949B2B88EA9EE20E9430
:10D97000722B80915C0910E280FF0AC080E00E9457
:10D980006786AB01BC0184EA9EE20E94882B18E501
:10D9900080915C0900E281FF0AC081E00E946786F5
:10D9A000AB01BC0180EA9EE20E94882B09E58091D0
:10D9B0005C0982FFADC082E00E946786AB01BC01BA
:10D9C0008CE99EE20E94882B9AE5F92E0E949E2BFC
:10D9D0001F9280E28F931F92FF921F920F931F92CC
:10D9E0001F937F926F928DE89EE29F938F931F9279
:10D9F0000E943AD1EDB7FEB73D960FB6F894FEBF40
:10DA00000FBEEDBFC4CED12CC12C8CCF809159025A
:10DA1000882309F498CF8091860D80FF64C000911F
:10DA20005A02E2E60E9F80011124045A1D4F60E85D
:10DA30007EE2C80173D4009739F0DC0113968C9113
:10DA400080538A3008F048C0F80101900020E9F7BF
:10DA500031977F01E01AF10A1092DD166EE470E052
:10DA6000C8010E9422FC6C01009739F5B1E0EB1A65
:10DA7000F108F801EE0DFF1D318242821382F80198
:10DA800001900020E9F73197AF01401B510BB8011D
:10DA90008DED96E10E9403D88091DD16882331F048
:10DAA0000E94982B86E59EE20E94722B8091860D43
:10DAB00081FD19C00E94B1CA18C060E270E00E94E6
:10DAC00022FC8C010F5F1F4F6AE270E0C6010E94CA
:10DAD00022FCFC013197D0CF0E94CBD68DE69EE28E
:10DAE0000E94722BE7CF0E942C70809159028823EC
:10DAF00009F429CF90915A029F5F943030F49093AB
:10DB00005A028150809359021ECF10925A02F9CFC7
:10DB100080E2F82E5BCFEF920F931F93CF93DF93AA
:10DB2000E80134E047FD34E1042E000C550B57FFAB
:10DB300003C0519541955109E32E022F242FAE01C8
:10DB40007BD7CE01DF91CF911F910F91EF90089578
:10DB50008F929F92AF92BF92CF92DF92EF92FF92FD
:10DB60000F931F93CF93DF935C017B0161157105C8
:10DB700019F0DB018D939C9385010F5F1F4FF50119
:10DB8000D0818D2F90E067D36C01892BA9F5DD3210
:10DB9000A9F50F5F1F4FD5011196DC91C1E0580127
:10DBA000F1E0AF1AB10843E050E068E371E0C5016D
:10DBB0009DD3892B61F5680182E0C80ED11C45E038
:10DBC00050E063E371E0C60191D3892B21F4680131
:10DBD00097E0C90ED11CE114F10419F0D701CD92E0
:10DBE000DC9260E070E080E89FEFC111FAC060E075
:10DBF00070E080E89FE7F5C05801BECFDB3229F422
:10DC000085010E5F1F4FF501D181C0E0C8CF43E011
:10DC100050E060E371E0C50169D3892BE9F0F801B8
:10DC200010E000E020E030E0A9015F01B0ED8B2EB4
:10DC30008D0E89E08815C8F19C2E689491F88C2F80
:10DC40008870C2FF16C0811102C00F5F1F4F31964E
:10DC5000D501DC91C92DE9CFE114F10429F00E5F63
:10DC60001F4FF7011183008360E070E080EC9FE7B5
:10DC7000B8C0882311F001501109A5E0B0E00E945E
:10DC8000C7F89B01AC01220F331F441F551F280DFD
:10DC9000311D411D511D283999E93907490799E17D
:10DCA0005907A8F2C6609C2ED2CFAEEF8A1206C0EA
:10DCB000C3FD3CC09C2E689493F8C9CFDF7DD5345A
:10DCC000A9F580818D3239F4C061DF01129681811E
:10DCD00062E070E006C0DF018B32C1F3119661E0B3
:10DCE00070E080535D01A61AB70A8A30F8F4E0E8C4
:10DCF000CE16ECE0DE065CF4B601660F771F660F09
:10DD0000771FC60ED71ECC0CDD1CC80ED11C5D01C2
:10DD1000FFEFAF1ABF0A8C9180538A3098F1C4FF8D
:10DD200003C0D194C194D1080C0D1D1DC1FF09C0C1
:10DD3000E114F10431F081E0A81AB108D701AD92E5
:10DD4000BC92CA01B901BFD3C370C33009F4905863
:10DD50004B015C0120E030E0A901B1D3882309F434
:10DD60003EC0C7E6D1E017FF05C011950195110926
:10DD7000CFE4D1E06E01B8E1CB1AD10880E2E82E01
:10DD8000F12C0EC0D501B3CFFE01259135914591FF
:10DD900054910E191F09C501B401F6D34B015C0162
:10DDA000D501C4010E151F057CF72497F594E7945F
:10DDB000CC16DD06A9F78A2F880F8B2F881F8F3F7F
:10DDC00041F020E030E0A901C501B40178D3811110
:10DDD00006C082E290E09093901780938F17C50160
:10DDE000B401DF91CF911F910F91FF90EF90DF90E1
:10DDF000CF90BF90AF909F908F9008953F924F9299
:10DE00005F926F927F928F929F92AF92BF92CF92CA
:10DE1000DF92EF92FF920F931F93CF93DF935C01FA
:10DE20006B017A016115710519F0FB019183808303
:10DE3000E114F10451F0C7010297839730F040E0FC
:10DE400030E020E090E06AC05E01E5012196F50136
:10DE50001081812F90E0FFD1892BB1F71D3201F5A0
:10DE60002196F501118101E0E114F10409F4E6C005
:10DE7000F0E1EF16F10409F088C0103359F48881FD
:10DE80008F7D883509F07CC0198122960260F0E10F
:10DE9000EF2EF12C812C912CA12C88E0B82E92C071
:10DEA0001B3221F4E5012296F501118100E0DCCF5F
:10DEB000EAE0EE16F10409F4C7C0F0E1EF16F10450
:10DEC00009F073C0E7CF78E0E72EF12C812C912C7C
:10DED000A12C60E1B62E76C021E0ADC0302F3170AC
:10DEE000C114D10431F0222371F12197F601D183BD
:10DEF000C08327FF2EC060E070E080E090E8311121
:10DF000004C06FEF7FEF8FEF9FE722E230E03093A6
:10DF1000901720938F17462F372F282F642F732F9A
:10DF2000822FDF91CF911F910F91FF90EF90DF90A3
:10DF3000CF90BF90AF909F908F907F906F905F90A9
:10DF40004F903F90089501FF04C02297F601D183BE
:10DF5000C083332341F090958095709561957F4FF4
:10DF60008F4F9F4FD8CF97FFD6CF82E290E090930C
:10DF7000901780938F176FEF7FEF8FEF9FE7CBCFD7
:10DF800010E3E114F10409F49ECF28E0E216F10455
:10DF900009F49CCF0CF08CCF812C912CA12CE0E4C7
:10DFA000BE2E82E0E816F10469F060E070E080E0E7
:10DFB00090E897010F2C000C440B550B0E9489F838
:10DFC00049015A0120E060E070E0CB0127010F2CED
:10DFD000000C66087708FE0150ED352E310E39E051
:10DFE000331570F43FEB310F49EC342E3A3138F0F1
:10DFF0003FE9310F3A3108F071CF39EA332E310E53
:10E000003E141F040CF06ACF27FD15C08616970634
:10E01000A806B90678F0A30192010E947AF8630D70
:10E02000711D811D911D61307105810520E89207E8
:10E0300008F452CF2FEF21961081CDCF103309F481
:10E040001ECF2AE0E22EF12C9CEC892E982CA82CD5
:10E050009CE0B92EB7CF3F924F925F926F927F9222
:10E060008F929F92AF92BF92CF92DF92EF92FF92E8
:10E070000F931F93CF93DF935C016B017A016115BE
:10E08000710519F0FB0191838083E114F10449F0DB
:10E09000C7010297839728F060E070E0CB0199C038
:10E0A0005E01E5012196F5011081812F90E0D3D02A
:10E0B000892BB1F71D3209F05BC02196F501118162
:10E0C00001E0E114F10409F4B9C0F0E1EF16F10444
:10E0D00009F09AC0103341F488818F7D883509F0AA
:10E0E0008EC0198122960260E0E1EE2EF12C882488
:10E0F0008A94982CA82CFFE0BF2E20E060E070E00E
:10E10000CB0127010F2C000C66087708FE0150EDAB
:10E11000352E310E39E0331568F43FEB310F49EC01
:10E12000342E3A3130F03FE9310F3A31A8F539EA6F
:10E13000332E310E3E141F047CF52F3FB1F08616AE
:10E140009706A806B90630F1A3019201D3D7232D73
:10E1500030E050E040E0620F731F841F951F62178C
:10E16000730784079507B0F021E021961081CECF88
:10E170001B3221F4E5012296F501118100E0A1CFC7
:10E1800078E0E72EF12C88248A94982CA82C6FE153
:10E19000B62EB3CF2FEFE9CFC114D10431F0222333
:10E1A00051F12197F601D183C08300FF07C09095FC
:10E1B0008095709561957F4F8F4F9F4F2F3F49F40A
:10E1C00082E290E09093901780938F176FEF7FEF2C
:10E1D000CB01DF91CF911F910F91FF90EF90DF90D6
:10E1E000CF90BF90AF909F908F907F906F905F90F7
:10E1F0004F903F90089501FFD8CF2297D3CF10E3DF
:10E20000E114F10409F4BCCF3AE0E316F104E1F0C3
:10E2100080E1E816F10409F467CFE8E0EE16F104B6
:10E2200009F4B1CF6FEF7FEFCB0197010F2C000CFA
:10E23000440B550B6ED749015A015FCF103309F4D7
:10E240004BCF9AE0E92EF12C89E9882E982CA82C46
:10E2500089E1B82E52CF91113FC6803219F0895012
:10E260008550D0F70895FB01DC0102C005900D92A6
:10E2700041505040D8F70895FB01DC010D9000207B
:10E28000E9F7119705900D920020E1F70895FC0140
:10E290000590061621F00020D9F7C00108953197A6
:10E2A000CF010895FB01DC0105900D920020E1F7FC
:10E2B0000895DC01FB014150504058F049F00590B1
:10E2C0000D920020C1F7E61BF70B3197CF0108959F
:10E2D0001C9205900020E9F7F6CFFC010590002084
:10E2E000E9F7809590958E0F9F1F0895FB01DC0143
:10E2F0004150504088F08D9181341CF08B350CF4E6
:10E30000805E659161341CF06B350CF4605E861B99
:10E31000611171F3990B0895881BFCCFFB01559196
:10E320005523A9F0BF01DC014D9145174111E1F7DB
:10E3300059F4CD010590002049F04D91401541114F
:10E34000C9F3FB014111EFCF81E090E001970895FF
:10E35000DC01FB014150504058F049F001900D9212
:10E360000020C1F7E61BF70B3197CF0108951C92EF
:10E3700001900020E9F7F6CF0F931F93CF93DF931F
:10E38000CDB7DEB72E970FB6F894DEBF0FBECDBF68
:10E390000E891F89888D998D2EE02C831A8309831D
:10E3A00097FF02C080E090E801979E838D83AE01C5
:10E3B000445E5F4F6A8D7B8DCE01019648D14D81C1
:10E3C0005E8157FD0AC02F813885421753070CF430
:10E3D0009A01020F131FF80110822E960FB6F894BF
:10E3E000DEBF0FBECDBFDF91CF911F910F9108957A
:10E3F0000F931F93CF93DF93CDB7DEB72E970FB652
:10E40000F894DEBF0FBECDBF0E891F898EE08C83CE
:10E410001A8309838FEF9FE79E838D83AE01465E4B
:10E420005F4F688D798DCE01019611D12F8138858E
:10E43000020F131FF80110822E960FB6F894DEBF5C
:10E440000FBECDBFDF91CF911F910F9108950F9314
:10E450001F93CF93DF93CDB7DEB72E970FB6F89407
:10E46000DEBF0FBECDBF8C01FA018EE08C831A8314
:10E47000098377FF02C060E070E8615071097E8314
:10E480006D83A901BF01CE010196E1D04D815E816E
:10E4900057FD0AC02F813885421753070CF49A01A3
:10E4A000020F131FF80110822E960FB6F894DEBFEC
:10E4B0000FBECDBFDF91CF911F910F91089540D036
:10E4C00008F481E00895E89409C097FB3EF4909524
:10E4D0008095709561957F4F8F4F9F4F9923A9F03D
:10E4E000F92F96E9BB279395F695879577956795CC
:10E4F000B795F111F8CFFAF4BB0F11F460FF1BC010
:10E500006F5F7F4F8F4F9F4F16C0882311F096E9A2
:10E5100011C0772321F09EE8872F762F05C0662350
:10E5200071F096E8862F70E060E02AF09A95660F09
:10E53000771F881FDAF7880F9695879597F90895C2
:10E54000990F0008550FAA0BE0E8FEEF1616170604
:10E55000E807F907C0F012161306E407F50798F06C
:10E56000621B730B840B950B39F40A2661F0232B85
:10E57000242B252B21F408950A2609F4A140A69501
:10E580008FEF811D811D08950BD064C555D528F0EE
:10E590005AD518F0952309F046C54BC511248EC5F0
:10E5A0006AD5A0F3959FD1F3950F50E0551F629F58
:10E5B000F001729FBB27F00DB11D639FAA27F00DDC
:10E5C000B11DAA1F649F6627B00DA11D661F829F03
:10E5D0002227B00DA11D621F739FB00DA11D621FE8
:10E5E000839FA00D611D221F749F3327A00D611D05
:10E5F000231F849F600D211D822F762F6A2F1124E7
:10E600009F5750408AF0E1F088234AF0EE0FFF1F39
:10E61000BB1F661F771F881F91505040A9F79E3F70
:10E62000510570F000C54AC55F3FECF3983EDCF33E
:10E63000869577956795B795F795E7959F5FC1F7AD
:10E64000FE2B880F911D9695879597F908952F9227
:10E650003F924F925F926F927F928F929F92AF9272
:10E66000BF92CF92DF92EF92FF920F931F93CF93BF
:10E67000DF9300D000D000D01F921F92CDB7DEB73D
:10E680007C013B018A01FC0117821682838181FF94
:10E69000D0C1CE0101965C01F7019381F30193FD96
:10E6A000859193FF81913F01882309F449C1853207
:10E6B00039F493FD859193FF81913F01853221F4D7
:10E6C000B70190E022D4E8CF912C212C312CFFE12E
:10E6D000F31538F08B3211F190F4803209F1833266
:10E6E00029F137FC3CC020ED280F2A3050F536FECA
:10E6F00020C08AE0989E200D1124922E06C08D32F3
:10E7000091F0803371F7689430F8F30193FD8591AF
:10E7100093FF81913F018111DACF21C0689431F8D4
:10E72000689432F8F2CF689433F8EFCF689434F8F5
:10E73000ECCFEAE02E9E200D1124222E689435F8AD
:10E74000E4CF8E3229F436FCFBC0689436F8DDCF76
:10E750008C3619F4689437F8D8CF8836B1F2982FF0
:10E760009F7D95549330D8F0833691F18337B1F182
:10E77000833509F05EC02801F2E04F0E511CF8010C
:10E78000C080D180692D70E036FC02C06FEF7FEF52
:10E79000C601A5D34C01689437F882010AC00C5F0A
:10E7A0001F4FFFE3F98388248394912C6501E8943B
:10E7B00037F833FE2AC0522C8114910459F55520A4
:10E7C00009F46ACFB70180E290E09FD35A94F7CF63
:10E7D000F801808189830E5F1F4FE5CF2801F2E0A9
:10E7E0004F0E511CF801C080D180692D70E036FCBD
:10E7F00002C06FEF7FEFC6017DD34C018201D7CFFE
:10E80000B70180E290E081D32A942814190409F01A
:10E81000B8F7D1CFF60137FC859137FE81916F01B2
:10E82000B70190E072D351105A94F1E08F1A910819
:10E83000C3CF843619F0893609F073C0F80137FE6A
:10E8400067C060817181828193810C5F1F4FF32DBE
:10E85000FF763F2E97FF09C0909580957095619542
:10E860007F4F8F4F9F4F689437F82AE030E0A50123
:10E870007CD3C82ECA188C2C432C36FE0CC0E894CE
:10E8800040F8C91440F434FE05C032FC03C0F32D37
:10E89000FE7E4F2E892C44FEA6C0FE01EC0DF11D1C
:10E8A0008081803309F098C0242D297E422E842D4A
:10E8B0008870582E43FCA5C040FE9FC09C2C82143B
:10E8C00018F42C0C922C981844FEA1C0B70180E3D8
:10E8D00090E01BD342FE08C088E790E041FE02C0F2
:10E8E00088E590E0B70111D3C91408F49CC0CA941C
:10E8F000D12C9FEFC91AD90ACA0CDB1CF6018291F0
:10E900006F01B70190E001D3AC14BD04B9F757CF44
:10E9100060817181072E000C880B990B0E5F1F4FD1
:10E9200096CFD32CE894D4F82AE030E08537E1F193
:10E93000232D297FD22E8F36A9F1F0F4883551F19D
:10E94000F701868197812B960FB6F894DEBF0FBE34
:10E95000CDBFDF91CF911F910F91FF90EF90DF908E
:10E96000CF90BF90AF909F908F907F906F905F906F
:10E970004F903F902F900895803749F0883701F7E6
:10E98000D4FE02C06894D2F820E130E00DC0689453
:10E99000D4F8F6CF34FE03C0822F8660D82E20E153
:10E9A00032E002C028E030E0F801D7FE0EC06081FE
:10E9B0007181828193810C5F1F4FA501D6D2C82E31
:10E9C000CA183D2CE89437F856CF6081718190E0E9
:10E9D00080E00E5F1F4FF1CF42FC02C0839467CFEF
:10E9E0008394839464CF842D867809F460CFF6CF26
:10E9F000B70180E290E089D283948214C8F3512C4D
:10EA000063CF522C5818821408F45ECFF8CF842DAF
:10EA1000867809F469CF8BE241FE80E247FC8DE203
:10EA2000B70190E060CFB70180E390E06ED29A9496
:10EA30005BCF8FEF9FEF87CF8F929F92AF92BF9266
:10EA4000CF92DF92EF92FF920F931F93CF93DF93BA
:10EA500000D000D000D0CDB7DEB76A01F22EB02EC4
:10EA6000102FFBE3AF2EA01608F41BE31F5F012F4E
:10EA700027E0AE014F5F5F4F57D1BC018981982FCE
:10EA80009970913009F44EC09BE2E1FC04C09E2DC8
:10EA90009170E0FC49C05E2D5071E82FE87083FF53
:10EAA00055C084E0911101C083E0EF2DE81B8F1564
:10EAB00008F0E0E0D6018E2F20E25523C9F199231A
:10EAC00029F0D6019C93C60101966C0196012D5F39
:10EAD0003F4FE2FE33C08EE4D6018C9391E4119651
:10EAE0009C93119712968C93D9018E2F90E28111ED
:10EAF0002AC0E20FF32FF11D10828EEF9FEF2996AF
:10EB00000FB6F894DEBF0FBECDBFDF91CF911F913E
:10EB10000F91FF90EF90DF90CF90BF90AF909F90BC
:10EB20008F9008959DE2B7CF90E2B5CF2D9381509D
:10EB30008111FCCFCE0ED11CE0E0C1CF8EE6D60114
:10EB40008C9391E6CCCF9D938150D1CF482F4470C8
:10EB500082FF3DC084E0911101C083E08F1510F465
:10EB6000EF2DE81BD6018E2F20E2552309F19923C2
:10EB700029F0D6019C93C60101966C0196012D5F88
:10EB80003F4FE2FE1BC089E4D6018C938EE41196C0
:10EB90008C93119786E412968C93D9018E2F90E274
:10EBA000882309F4A6CF9D938150FACF2D938150ED
:10EBB0008111FCCFCE0ED11CE0E0D9CF89E6D60181
:10EBC0008C938EE611968C93119786E6E4CF9B0189
:10EBD00077FF02C030E020E0A1E0B0E0911102C078
:10EBE000B0E0A0E0F9013196AE0FBF1F8B2C912C45
:10EBF000BB2009F461C05401EFEFAE1ABE0AAA0DA2
:10EC0000BB1DFA161B0619F014F04F2D4A1B5111AB
:10EC100088C0E3FC59C07601A42FB0E2A1114FC017
:10EC2000C40ED11C992309F45BC040E0D6011196B3
:10EC3000F60190836D01552309F448C0012F060F9A
:10EC40009A81582F507184FF03C0913309F4015009
:10EC500010160CF047C0093008F008E0EEE2FE2E76
:10EC60005B01A01AB10885019194819491082F3F0E
:10EC7000320729F4D601FC92F60131966F01621732
:10EC8000730794F1021713077CF5DB01A21BB30B8A
:10EC9000AA24A394B12CAC0EBD1EAA0DBB1D1196C7
:10ECA0008C9121503109D601119628153905F4F0BF
:10ECB000F60180836D01DBCFB12CA12CA0CFF70131
:10ECC000B1937F01A150AACF9111B0CFD601942F5B
:10ECD00050E302C05D9391509111FCCFC40ED11C42
:10ECE00040E0ACCF01E0BACF80E3DBCF621773071F
:10ECF00031F4963388F4953311F4552369F0F60115
:10ED00008083FD01842F90E2811108C0A40FB11D02
:10ED10001C9290E080E0F3CE81E3F1CF919381509B
:10ED2000F3CF911183CF8ACF283008F027E0332723
:10ED3000DA01990F311D87FD91600096610571051B
:10ED400039F432602E5F3D9330E32A95E1F7089560
:10ED50009F3F30F080387105610509F03C5F3C5FF2
:10ED60003D93913008F08068911DDF93CF931F93FE
:10ED70000F93FF92EF92192F987F9695E92F969512
:10ED80009695E90FFF27EB53FE4F99273327EE2483
:10ED9000FF24A701E70105900894079428F4360F93
:10EDA000E71EF81E491F511D660F771F881F991F08
:10EDB0000694A1F70590079428F4E70EF81E491F62
:10EDC000561FC11D770F881F991F661F0694A1F754
:10EDD0000590079428F4F80E491F561FC71FD11D30
:10EDE000880F991F661F771F0694A1F70590079457
:10EDF00020F4490F561FC71FD81F990F661F771F92
:10EE0000881F0694A9F784911095177041F0D69544
:10EE1000C79557954795F794E7941A95C1F7EBE690
:10EE2000F1E0689415901591359165919591059053
:10EE30007FE27395E118F10A430B560BC90BD00919
:10EE4000C0F7E10CF11E431F561FC91FD01D7EF4F1
:10EE5000703311F48A95E6CFE894015030F0080F32
:10EE60000AF40027021708F4202F2395022F7A3383
:10EE700028F079E37D932A95E9F710C07D932A95D0
:10EE800089F6069497956795379517951794E11825
:10EE9000F10A430B560BC90BD00998F023957E91CC
:10EEA00073957A3308F070E37C932013B8F77E9162
:10EEB00070617D9330F0839571E37D9370E32A95C3
:10EEC000E1F71124EF90FF900F911F91CF91DF9107
:10EED000992787FD90950895992788270895FC0123
:10EEE0000590615070400110D8F7809590958E0F75
:10EEF0009F1F0895FC016150704001900110D8F7E8
:10EF0000809590958E0F9F1F08950F931F93CF9319
:10EF1000DF93182F092FEB018B8181FD09C01FEFB3
:10EF20000FEF812F902FDF91CF911F910F910895B7
:10EF300082FF14C02E813F818C819D812817390763
:10EF40003CF4E881F981CF0101969983888310838D
:10EF50008E819F8101969F838E83E3CFE885F9851B
:10EF6000812F1995892BA1F3DACFFA01AA2728302E
:10EF700051F1203181F1E8946F936E7F6E5F7F4F86
:10EF80008F4F9F4FAF4FB1E03ED0B4E03CD0670F02
:10EF9000781F891F9A1FA11D680F791F8A1F911D55
:10EFA000A11D6A0F711D811D911DA11D20D009F4A5
:10EFB00068943F912AE0269F11243019305D3193E7
:10EFC000DEF6CF010895462F4770405D4193B3E0D0
:10EFD0000FD0C9F7F6CF462F4F70405D4A3318F077
:10EFE000495D31FD4052419302D0A9F7EACFB4E028
:10EFF000A6959795879577956795BA95C9F70097E0
:10F000006105710508959B01AC010A2E0694579580
:10F01000479537952795BA95C9F7620F731F841FD7
:10F02000951FA01D089597F99F6780E870E060E044
:10F0300008959FEF80EC089500240A941616170691
:10F0400018060906089500240A94121613061406D9
:10F0500005060895092E0394000C11F4882352F03C
:10F06000BB0F40F4BF2B11F460FF04C06F5F7F4FF4
:10F070008F4F9F4F089557FD9058440F551F59F0DB
:10F080005F3F71F04795880F97FB991F61F09F3F95
:10F0900079F087950895121613061406551FF2CFBE
:10F0A0004695F1DF08C0161617061806991FF1CF0E
:10F0B00086957105610508940895E894BB27662735
:10F0C0007727CB0197F90895F999FECF92BD81BDBD
:10F0D000F89A992780B50895262FF999FECF1FBA7F
:10F0E00092BD81BD20BD0FB6F894FA9AF99A0FBE71
:10F0F00001960895DB018F939F9349D0BF91AF9103
:10F10000A29F800D911DA39F900DB29F900D112481
:10F110000895A1E21A2EAA1BBB1BFD010DC0AA1F58
:10F12000BB1FEE1FFF1FA217B307E407F50720F070
:10F13000A21BB30BE40BF50B661F771F881F991FEB
:10F140001A9469F760957095809590959B01AC0134
:10F15000BD01CF010895052E97FB16F400940FD042
:10F1600057FD05D0D6DF07FC02D046F408C0509505
:10F170004095309521953F4F4F4F5F4F08959095A3
:10F180008095709561957F4F8F4F9F4F089509D05F
:10F19000A59F900DB49F900DA49F800D911D1124EB
:10F1A0000895A29FB001B39FC001A39F700D811D60
:10F1B0001124911DB29F700D811D1124911D089580
:10F1C000991B79E004C0991F961708F0961B881FB9
:10F1D0007A95C9F780950895AA1BBB1B51E107C01A
:10F1E000AA1FBB1FA617B70710F0A61BB70B881FD7
:10F1F000991F5A95A9F780959095BC01CD01089566
:10F2000097FB072E16F4009406D077FD08D0E4DFB4
:10F2100007FC05D03EF4909581959F4F0895709519
:10F2200061957F4F0895EE0FFF1F881F8BBF0790DA
:10F23000F691E02D19945058BB27AA270ED00ACF7B
:10F24000FBDE30F000DF20F031F49F3F11F41EF4BC
:10F25000F0CE0EF4E095E7FBE6CEE92F0CDF80F36D
:10F26000BA17620773078407950718F071F49EF5C3
:10F2700024CF0EF4E0950B2EBA2FA02D0B01B9016F
:10F2800090010C01CA01A0011124FF27591B99F01C
:10F29000593F50F4503E68F11A16F040A22F232F28
:10F2A000342F4427585FF3CF469537952795A79578
:10F2B000F0405395C9F77EF41F16BA0B620B730B1F
:10F2C000840BBAF09150A1F0FF0FBB1F661F771F90
:10F2D000881FC2F70EC0BA0F621F731F841F48F445
:10F2E000879577956795B795F7959E3F08F0B3CFCB
:10F2F0009395880F08F09927EE0F979587950895B5
:10F300009BDE58F080E891E009F49EEF9CDE28F047
:10F3100040E851E059F45EEF09C08BCECECEE92F24
:10F32000E078A9DE68F3092E052AC1F3261737070E
:10F330004807590738F00E2E07F8E02569F0E02558
:10F34000E0640AC0EF6307F8009407FADB01B90133
:10F350009D01DC01CA01AD01EF9359D07BDE0AD0DB
:10F360005F91552331F02BED3FE049E450FD49EC2E
:10F3700063CF0895DF93DD27B92FBF7740E85FE3C0
:10F380001616170648075B0710F4D92F81D19F93F3
:10F390008F937F936F93FBD1E4EEF0E0FED05ADEC3
:10F3A0002F913F914F915F91FBD8DD2349F0905809
:10F3B000A2EA2AED3FE049EC5FE3D0785D274DDF1C
:10F3C000DF9148CE49D180F09F3740F491110EF47F
:10F3D00075CE60E070E080E89FE3089526F01B168C
:10F3E000611D711D811DB0C0CAC0FED0E39523C14F
:10F3F0000CD030CE28DE40F01FDE30F021F45F3F2D
:10F4000019F011CE51115ACE14CE35DE98F399234E
:10F41000C9F35523B1F3951B550BBB27AA276217D8
:10F420007307840738F09F5F5F4F220F331F441F1D
:10F43000AA1FA9F333D00E2E3AF0E0E830D0915055
:10F440005040E695001CCAF729D0FE2F27D0660F42
:10F45000771F881FBB1F261737074807AB07B0E881
:10F4600009F0BB0B802DBF01FF2793585F4F2AF097
:10F470009E3F510568F0D7CD21CE5F3FECF3983E1B
:10F48000DCF3869577956795B795F7959F5FC9F7F4
:10F49000880F911D9695879597F90895E1E0660F7D
:10F4A000771F881FBB1F621773078407BA0720F0F6
:10F4B000621B730B840BBA0BEE1F88F7E09508955F
:10F4C00004D06894B111FACD0895DDDD88F09F571E
:10F4D00090F0B92F9927B751A0F0D1F0660F771FA0
:10F4E000881F991F1AF0BA95C9F712C0B13081F080
:10F4F000E4DDB1E00895E1CD672F782F8827B85F6C
:10F5000039F0B93FCCF3869577956795B395D9F7E0
:10F510003EF490958095709561957F4F8F4F9F4FEA
:10F5200008959AD080F09F3740F491110EF0C6CD27
:10F5300060E070E080E89FEB089526F41B16611DE3
:10F54000711D811D01C01BC0882371F4772321F038
:10F550009850872B762F07C0662311F499270DC08A
:10F560009051862B70E060E02AF09A95660F771F25
:10F57000881FDAF7880F9695879597F908959F3F2A
:10F5800031F0915020F4879577956795B795880F5E
:10F59000911D9695879597F90895DF93CF931F93C3
:10F5A0000F93FF92EF92DF927B018C01689406C06B
:10F5B000DA2EEF010E94D0F2FE01E894A591259188
:10F5C000359145915591A6F3EF0147DEFE01970174
:10F5D000A801DA9471F7DF90EF90FF900F911F91DF
:10F5E000CF91DF91089525CD4EDDE8F3E894E0E07A
:10F5F000BB279F57F0F02AED3FE049EC06C0EE0F25
:10F60000BB0F661F771F881F28F0B23A6207730787
:10F61000840728F0B25A620B730B840BE3959A951A
:10F6200072F7803830F49A95BB0F661F771F881FDA
:10F63000D2F79048A6CFEF93E0FF06C0A2EA2AEDEA
:10F640003FE049EC5FEB09DE05DD0F90039401FC20
:10F650009058E1E1F1E0ABC016DDA0F0BEE7B917CC
:10F6600088F4BB279F3860F41616B11D672F782FDA
:10F670008827985FF7CF869577956795B11D939505
:10F680009639C8F308950E94A0F208F48FEF089508
:10F690009B01AC0160E070E080E89FE3A9CEF3DC61
:10F6A00058F19E5758F19851A0F0E9F0983020F5A4
:10F6B000092E9927660F771F881F991F0A94D1F783
:10F6C00012C0062E672F782F8827985F11F4000C40
:10F6D00007C0993FB4F38695779567959395D9F7C9
:10F6E000611D711D811D3EF4909580957095619509
:10F6F0007F4F8F4F9F4F08956894E0CCDECC9F934F
:10F7000073DF0F9007FCEE5F96CF11F40EF491CCEF
:10F7100036CFB9DCD0F39923D9F3CEF39F57550BED
:10F7200087FF3ED00024A0E640EA9001805856951D
:10F73000979528F4805C660F771F881F20F02617A6
:10F740003707480730F4621B730B840B20293129DB
:10F750004A2BA69517940794202531254A2758F758
:10F76000660F771F881F20F026173707480730F4E9
:10F77000620B730B840B200D311D411DA09581F789
:10F78000B901842F9158880F9695879508959B010C
:10F79000AC010C94C4F20E94A0F2880B990B08955E
:10F7A00091505040660F771F881FD2F708959F939E
:10F7B0008F937F936F93FF93EF939B01AC010E9414
:10F7C000C4F2EF91FF91E9DE2F913F914F915F914C
:10F7D0000C94C4F29111089581548A5108F4805E0A
:10F7E000855A0895FB01DC0104C08D9101908019B8
:10F7F00021F441505040C8F7881B990B0895FB0134
:10F80000DC0102C001900D9241505040D8F708959C
:10F81000DC0101C06D9341505040E0F70895FB01B9
:10F82000DC018D9181341CF08B350CF4805E61918C
:10F8300061341CF06B350CF4605E861B611189F33A
:10F84000990B0895FC018191861721F08823D9F73F
:10F85000992708953197CF010895FB01DC010190AC
:10F860000D920020E1F70895FB01DC01415050406A
:10F8700030F08D910190801919F40020B9F7881BA0
:10F88000990B0895FC0181E090E00190061609F4BF
:10F89000CF010020D1F7019708950F931F93CF93C5
:10F8A000DF93CDB7DEB72E970FB6F894DEBF0FBE4D
:10F8B000CDBF0E891F8986E08C831A8309838FEF61
:10F8C0009FE79E838D83AE01465E5F4F688D798D85
:10F8D000CE0101960E9427F32F813885020F131F56
:10F8E000F80110822E960FB6F894DEBF0FBECDBF82
:10F8F000DF91CF911F910F91089518E1C7ECD8E1E6
:10F9000000E005C0802FFE018EDC2196011DC83C61
:0CF91000D10780E00807B1F7F894FFCFA2
:10F91C00FF05C0D40100640005020A00C800FFFF07
:10F92C00FF64005555854264000000803FAA0064C6
:10F93C000101FF060101FFFFFF3F0000FF3F000038
:10F94C000000FF3F0101000000000000000000006B
:10F95C000000000000C8430000C8430000C8435525
:10F96C00550543FFFF0000803F0000000000000031
:10F97C00000000000000000000000000000000007B
:10F98C00000000000000000000000000000000006B
:10F99C00000000000000000000000000000000005B
:10F9AC00000000000000000000000000000000004B
:10F9BC00000000000000000000000000000000003B
:10F9CC0000000000000000000000000000FF00002C
:10F9DC00000000000000000000000000000000001B
:10F9EC00000000000000000000000000000000000B
:10F9FC0000000000000000000000000000000000FB
:10FA0C0000000000000000000000000000000000EA
:10FA1C0000000000000000000000000000000000DA
:10FA2C00000000000000000000000000000000FFCB
:10FA3C0000000000000000000000000000000000BA
:10FA4C0000000000000000000000000000000000AA
:10FA5C00000000000000000000000000000000009A
:10FA6C00000000000000000000000000000000008A
:10FA7C00000000000000000000000000000000007A
:10FA8C00000000000000000000000000000000006A
:10FA9C0000FF00000000000000000000000000005B
:10FAAC00000000000000000000000000000000004A
:10FABC00000000000000000000000000000000003A
:10FACC00000000000000000000000000000000002A
:10FADC00000000000000000000000000000000001A
:10FAEC00000000000000000000000000000000000A
:10FAFC00000000FF0000A0400050C347FF00004082
:10FB0C004000004040000000000000404000004069
:10FB1C00400000000058595A450000C84100002020
:10FB2C00C16666A6BF0000C07F0000C07F0000C099
:10FB3C007FFF003C00010000404000003442000008
:10FB4C000000000000000000000000005041000018
:10FB5C00000000000041640000006400000003008D
:10FB6C0000006400000064000000030000000300BB
:10FB7C000000030000001E000000000040400000D8
:10FB8C00404000000000010204080A005A005639E7
:10FB9C0030000A05062E01000800200040008000FD
:10FBAC000001000400002F504C520000004842009D
:10FBBC00004842000080400000004000000000EAC5
:10FBCC0074D07505749874ED730D738F73F272A8FD
:10FBDC0074AD737570F870F7702564002575002589
:10FBEC006C7500256C64004552520058595A00003F
:00000001FF
