:100000000C94AF150C94E0150C94E0150C94E015CD
:100010000C94E0150C94E0150C94E0150C94E0158C
:100020000C94E0150C94AEA60C94A4A60C9434A6E3
:100030000C94E0150C94E0150C94E0150C94E0156C
:100040000C94E0150C94E6600C94E0150C94E0150B
:100050000C94E0150C94E0150C9492B80C94017279
:100060000C94E0150C94853B0C94E0150C94E01571
:100070000C94E0150C94E0150C94E0150C94E0152C
:100080000C94B1680C94E0150C94E0150C94E015F8
:100090000C94773B0C94E0150C94E0150C94E0154F
:1000A0000C94E0150C94E0150C9483680C94E01506
:1000B0000C94E0150C94E0150C94E0150C94556824
:1000C0000C94E0150C94E0150C94E0150C94CA3BCC
:1000D0000C94E0150C94E0150C94693B0C94E0151D
:1000E0000C94E015722C772C7C2C862C902C092DEE
:1000F0009A2CA22CAA2CB42CBE2CC82CD72CE12CC8
:10010000092DEB2CF52CFF2CAC3EBA431746E148E9
:100110007848994864486448E148E148E148E14842
:10012000E148E148E148E148BA48C348CC48DA48E8
:10013000DE48B93EC23EC63ECC3ED63EE03EEA3E3A
:10014000E148FE3E083F113F1A3F2D3F333F5E3FDF
:10015000763F8E3FAF3FE148B73FBD3FD83FE148D4
:100160000640E148E148E148E1486442BF42E148D5
:10017000E148E148E148E1481A4323432C43354331
:100180003E43474359435043E148E148E148E14891
:10019000E148E1486243F43E6D437B43E1488943D3
:1001A0009A43AB43E148E148E148E148E148E1488E
:1001B000E148DF40E740EE40CE41FC412E40844024
:1001C000C870CB70BA70BE70C4700271CF70D3703B
:1001D000D970DD70E170E770EB70EF700271F5704F
:1001E000F970FD70084AD73B3BCE016E84BCBFFD61
:1001F000C12F3D6C74319ABD56833DDA3D00C77FF7
:1002000011BED9E4BB4C3E916BAAAABE000000808F
:100210003F05A84CCDB2D44EB93836A9020C50B91E
:10022000918688083CA6AAAA2ABE000000803F004A
:10023000434F4D4D554E49434154494F4E00445252
:100240005952554E004552524F525300494E464F57
:10025000004543484F0047322F47332062616420F6
:10026000706172616D65746572730A00205A3A207C
:100270000020593A200042656420583A20004D651C
:10028000736820706F696E742063616E6E6F742086
:100290006265207265736F6C7665640A00456E64F2
:1002A0002066696C65206C6973740A004265676931
:1002B0006E2066696C65206C6973740A0053442073
:1002C0007072696E74696E67206279746520004E81
:1002D0006F74205344207072696E74696E670A00EF
:1002E0002569730025696D202569730025696820DB
:1002F00025696D20256973002569642025696820BA
:1003000025696D2025697300256979202569642098
:100310002569682025696D20256973005072696E12
:10032000742074696D653A200050726F746563744F
:1003300065642050696E0A0051024C0245023E027B
:1003400030026F66660044454255473A004B494CBF
:100350004C45442E20004D3131332053006F6B004B
:100360004361703A454D455247454E43595F5041B0
:10037000525345523A300A004361703A4341534563
:100380005F4C494748545F4252494748544E455391
:10039000533A300A004361703A544F47474C455F27
:1003A0004C49474854533A300A004361703A534F1E
:1003B0004654574152455F504F5745523A300A0014
:1003C0004361703A4C4556454C494E475F44415451
:1003D000413A310A004361703A5A5F50524F4245E8
:1003E0003A310A004361703A4155544F4C455645E5
:1003F0004C3A310A004361703A5052494E545F4AB8
:100400004F423A310A004361703A50524F475245C9
:1004100053533A300A004361703A4155544F5245A4
:10042000504F52545F54454D503A310A0043617069
:100430003A454550524F4D3A310A004649524D57C0
:100440004152455F4E414D453A4D61726C696E2097
:10045000312E312E34202847697468756229205363
:100460004F555243455F434F44455F55524C3A68A0
:10047000747470733A2F2F6769746875622E636F96
:100480006D2F4D61726C696E4669726D7761726530
:100490002F4D61726C696E2050524F544F434F4C38
:1004A0005F56455253494F4E3A312E30204D41430D
:1004B00048494E455F545950453A4933504C55537D
:1004C0002045585452554445525F434F554E543A77
:1004D0003120555549443A63656465326132662D71
:1004E000343161322D343734382D396231322D6355
:1004F00035356336326633363766660A002F2F206D
:100500000066696C616D656E743A20007A5F6D6992
:100510006E3A2000795F6D696E3A2000785F6D69F0
:100520006E3A20005265706F7274696E6720656E56
:100530006473746F70207374617475730A0053650B
:100540007474696E672054726176656C20416363D0
:10055000656C65726174696F6E3A200053657474DE
:10056000696E6720526574726163742041636365CC
:100570006C65726174696F6E3A20005365747469BA
:100580006E67205072696E7420416363656C65729A
:100590006174696F6E3A200053657474696E6720E8
:1005A0005072696E7420616E642054726176656C5D
:1005B00020416363656C65726174696F6E3A2000F7
:1005C000205A00205900580020204D61783A200020
:1005D000205A00205900580020204D696E3A200012
:1005E0004F6E20004F666600536F667420656E6420
:1005F00073746F70733A200000013D3E3C36FF403B
:10060000410218FF43454206FFFFFF0305FFFFFFBE
:100610003A3B39FFFF034404FF37FFFFFFFFFFFFB3
:10062000206F7574206F662072616E67650A0053D3
:100630006572766F20003A200020536572766F2035
:100640000020643A0020693A0020703A0023646573
:1006500066696E65202044454641554C545F4B64A5
:10066000200023646566696E652020444546415537
:100670004C545F4B69200023646566696E652020D9
:1006800044454641554C545F4B702000504944202E
:100690004175746F74756E652066696E69736865FF
:1006A00064212050757420746865206C6173742017
:1006B0004B702C204B6920616E64204B6420636F6B
:1006C0006E7374616E74732066726F6D2062656CF8
:1006D0006F7720696E746F20436F6E6669677572FD
:1006E0006174696F6E2E680A005049442041757428
:1006F0006F74756E65206661696C6564212074692C
:100700006D656F757400504944204175746F747540
:100710006E65206661696C6564212074696D656F22
:1007200075740A00504944204175746F74756E6584
:10073000206661696C6564212054656D7065726125
:100740007475726520746F6F20686967680050491E
:1007500044204175746F74756E65206661696C65BF
:1007600064212054656D70657261747572652074C2
:100770006F6F20686967680A00204B643A20002088
:100780004B693A2000204B703A20000A20436C61EC
:100790007373696320504944200A002054753A203D
:1007A00000204B753A2000206D61783A2000206DC2
:1007B000696E3A200020643A200020626961733A31
:1007C0002000426564204C6576656C696E67200088
:1007D0004661696C656420746F20656E61626C654A
:1007E00020426564204C6576656C696E670A004D31
:1007F00065736820706F696E742063616E6E6F74CC
:10080000206265207265736F6C7665640A004D34F2
:10081000323120696E636F72726563742070617229
:10082000616D657465722075736167650A0000000B
:1008300000000000000000000000546F6F2066619F
:10084000722066726F6D207265666572656E636593
:1008500020706F696E740A0020417567203238205D
:10086000323031392031333A33353A323800646529
:1008700076656C6F00706572202D592E00532E5ACC
:100880002E004E6F2063617365206C696768740A7F
:1008900000556E6B6E6F776E20636F6D6D616E6469
:1008A0003A202200207A3A0020793A00783A00650E
:1008B0006E7175657565696E672022004E6F204CFC
:1008C000696E65204E756D62657220776974682067
:1008D000636865636B73756D2C204C617374204C79
:1008E000696E653A20004B494C4C45442E2000501F
:1008F00072696E7465722073746F707065642064C1
:10090000756520746F206572726F72732E20466950
:100910007820746865206572726F7220616E642041
:10092000757365204D39393920746F207265737481
:100930006172742E202854656D70657261747572D1
:10094000652069732072657365742E205365742069
:100950006974206166746572207265737461727463
:10096000696E67290A004E6F20436865636B737573
:100970006D2077697468206C696E65206E756D6294
:1009800065722C204C617374204C696E653A2000AE
:10099000636865636B73756D206D69736D617463F6
:1009A000682C204C617374204C696E653A20004CB1
:1009B000696E65204E756D626572206973206E6F79
:1009C00074204C617374204C696E65204E756D62A5
:1009D00065722B312C204C617374204C696E653A22
:1009E00020004D313130004D3331004D3834205826
:1009F0002059205A204500534420726561642065C7
:100A000072726F720A00446F6E65207072696E7444
:100A1000696E672066696C650A0020496E76616CB4
:100A20006964206578747275646572200000000046
:100A30000000000000000000000000C8430000C8E3
:100A4000430000C843426C746F756368206572721E
:100A50006F722E0053544F502063616C6C6564209C
:100A600062656361757365206F6620424C546F75D3
:100A70006368206572726F72202D207265737461D5
:100A800072742077697468204D3939390A00426CD4
:100A9000746F756368206572726F722E0053544FC5
:100AA000502063616C6C6564206265636175736579
:100AB000206F6620424C546F756368206572726FB8
:100AC00072202D2072657374617274207769746866
:100AD000204D3939390A0042696C696E65617220AE
:100AE0004C6576656C696E6720477269643A0A00E6
:100AF000534420636172642072656D6F7665642E65
:100B0000005344206361726420696E73657274657A
:100B1000642E005461726765742066696C65206F8D
:100B200070656E206661696C2E0052656672657331
:100B300068206F6B2E0A000A4C6576656C696E67DB
:100B400020697320696E2070726F67726573732EEF
:100B5000004D3530300047323800473239004732D7
:100B600038000A4C6576656C696E67206973206988
:100B70006E2070726F67726573732E004D3939394C
:100B8000206F6B2E0A004732382058302059300031
:100B9000473238205A300047323820593000473227
:100BA000382058300047323800556E6B6E6F776EC4
:100BB0002E004D353030004B494C4C45442E200022
:100BC000202D20496E76616C696420657874727599
:100BD000646572206E756D626572202100202D2083
:100BE000496E76616C6964206578747275646572AB
:100BF000206E756D62657220210A002020506C61A4
:100C00006E6E657242756666657242797465733A96
:100C100020002046726565204D656D6F72793A201F
:100C200000436F6D70696C65643A204175672032CE
:100C30003820323031390A00207C20417574686FC9
:100C4000723A20286E6F6E652C2064656661756C43
:100C50007420636F6E666967290A00323031372D60
:100C600030372D30342031323A303000204C61732F
:100C70007420557064617465643A2000312E312E01
:100C8000340A004D61726C696E0020536F66747790
:100C90006172652052657365740A00205761746340
:100CA00068646F672052657365740A002042726F32
:100CB000776E206F75742052657365740A00204545
:100CC000787465726E616C2052657365740A0050A9
:100CD0006F77657255700A0073746172740A0065EB
:100CE00072726F722077726974696E6720746F20F8
:100CF00066696C650A00205A3A0020593A0020586B
:100D00003A00656E6473746F7073206869743A207A
:100D10000053544F50207072696E74696E670A00F8
:100D20004D6F76652061776179204F4B2E0A004D1B
:100D30006F76652061776179205820592E0A004D21
:100D40006F7665206177617920582C592E2E2E0000
:100D500053797374656D2073746F7020666F7220A1
:100D600073687574646F776E2E00446F6E652073C0
:100D70006176696E672066696C652E0A004D3239AE
:100D8000004572726F722077726974696E672074A1
:100D90006F20454550524F4D210A00290A0020621C
:100DA000797465733B2063726320005365747469C2
:100DB0006E67732053746F7265642028007A7072B6
:100DC0006F62655F7A6F6666736574002028636181
:100DD0006C63756C6174656429210A0020213D20D3
:100DE00000454550524F4D20435243206D69736D6D
:100DF00061746368202D202873746F7265642920E4
:100E000000290A002062797465733B2063726320B5
:100E1000002073746F7265642073657474696E6703
:100E20007320726574726965766564202800204DB0
:100E300061726C696E3D563037290A00284545506D
:100E4000524F4D3D00454550524F4D2076657273CF
:100E5000696F6E206D69736D617463682000202F67
:100E6000002042403A0020403A0020573A002057E4
:100E70003A00205A3A0020593A0020436F756E74A8
:100E800020583A0020453A00205A3A0020593A00AA
:100E9000583A0061626C5F656E61626C6564006106
:100EA000626C5F64697361626C65003A20007A5F0E
:100EB0006D696E3A20202D3230207A5F6D61783A6C
:100EC00020203230005A204F66667365742000502F
:100ED00041555345205052494E5420444F4E450AE7
:100EE00000455845204C434420494E534552542018
:100EF00046494C414D454E54320A00455845204C18
:100F0000434420494E534552542046494C414D4597
:100F10004E54310A002020202020202046696C6198
:100F20006D656E742072756E6F757434210A496E2A
:100F3000736572742066696C616D656E7420616E94
:100F40006420707265737320627574746F6E2074A0
:100F50006F20636F6E74696E75652E0A2057616924
:100F600074696E6720666F72206368616E67696E70
:100F7000672066696C616D656E742E0046696C61F0
:100F80006D656E742072756E6F757433210A002062
:100F900020202020202046696C616D656E742072CF
:100FA000756E6F757433210A5761697420666F72AC
:100FB0002066696C616D656E7420756E6C6F61641E
:100FC0002E0046696C616D656E742072756E6F756A
:100FD0007432210A002020202020202046696C61E4
:100FE0006D656E742072756E6F757432210A57616B
:100FF000697420666F72207374617274206F66204A
:1010000066696C616D656E74206368616E67652EDC
:101010000046696C616D656E742072756E6F7574D3
:1010200031323A726573756D6520646F6E65210AA1
:101030000046696C616D656E742072756E6F7574B3
:101040003131210A0020202046696C616D656E7483
:101050002072756E6F75743131210A576169742081
:10106000666F72207072696E7420746F207265737F
:10107000756D652E0046696C616D656E74207275C4
:101080006E6F757431303A726573756D65206F706F
:1010900074696F6E210A004348414E4745204F5006
:1010A00054494F4E533A0046696C616D656E742029
:1010B00072756E6F757439210A002020202020205F
:1010C0002046696C616D656E742072756E6F757403
:1010D00039210A5761697420666F722066696C61F4
:1010E0006D656E7420657874727564652E00455860
:1010F0004520524553554D452057414954205741AD
:10110000495420574149540A0046696C616D656E27
:10111000742072756E6F757438210A0020202020AB
:1011200020202046696C616D656E742072756E6F4B
:10113000757438210A5761697420666F7220666978
:101140006C616D656E74206C6F61642E0046696C15
:10115000616D656E742072756E6F757437210A004B
:101160002020202020202046696C616D656E74204F
:1011700072756E6F757437210A496E7365727420CB
:1011800066696C616D656E7420616E642070726555
:10119000737320627574746F6E20746F20636F6E4A
:1011A00074696E75652E0A2057616974696E6720CF
:1011B000666F72206368616E67696E672066696C2E
:1011C000616D656E742E0045584520524553554D4E
:1011D00045205052494E540A004163746976652097
:1011E00045787472756465723A200024F4D43050E6
:1011F000C38E20C2A24017828B7011127A910D818A
:101200006CD90AA861E108C7586607615143061EF8
:101210004B5D05C145A7041A411104093D980371AE
:101220003931034036DB0265339102D430540280F9
:101230002E1D02632CEE01752AC501B028A00110F5
:101240002781018F2564012B244B01E0223401AC5E
:10125000211F018D200D01801FFC00841EED0097D1
:101260001DDF00B81CD200E61BC600201BBC0064BA
:101270001AB200B219A8000A19A0006A189900D180
:1012800017910040178B00B516840031167E00B30D
:101290001579003A157300C7146F0058146A00EEF0
:1012A0001366008813630025135E00C7125B006C91
:1012B00012570015125400C111510070114F002136
:1012C000114B00D61049008D104700461044000213
:1012D000104200C00F4000800F3E00420F3C00064D
:1012E0000F3B00CB0E3800930E37005C0E35002705
:1012F0000E3400F30D3200C10D3100900D3000604E
:101300000D2E00320D2D00050D2C00D90C2B00AE3A
:101310000C2900850C29005C0C2700350C27000ED9
:101320000C2600E80B2400C40B2400A00B23007D36
:101330000B23005A0B2100390B2100180B2000F859
:101340000A1F00D90A1E00BB0A1E009D0A1D00804C
:101350000A1D00630A1C00470A1B002C0A1B00110F
:101360000A1A00F7091A00DD091900C4091900ABAF
:10137000091900920917007B091800630917004C2E
:1013800009160036091600200916000A091500F58D
:10139000081500E0081400CC081400B8081400A4D4
:1013A000081400900813007D0812006B0813005801
:1013B0000812004608120034081100230811001218
:1013C00008110001081100F0071000E0071000D01C
:1013D000071000C0071000B0070F00A10710009110
:1013E000070E0083070F0074070F0065070E0057F4
:1013F000070E0049070E003B070D002E070E0020C8
:10140000070D0013070D0006070D00F9060C00ED8F
:10141000060D00E0060C00D4060C00C8060C00BC4B
:10142000060C00B0060C00A4060B0099060C008DFB
:10143000060B0082060B0077060B006C060B0061A2
:10144000060A0057060B004C060A0042060A00383E
:10145000060A002E060A0024060A001A060A0010D0
:1014600006090007060A00FD050900F4050900EB5E
:10147000050900E2050900D9050900D0050900C7E2
:10148000050900BE050900B5050800AD050800A561
:101490000509009C050800940508008C05080084D7
:1014A0000508007C050800740508006C0507006548
:1014B0000508005D050700560508004E05070047B2
:1014C0000507004005080038050700310507002A18
:1014D000050700230507001C050600160507000F79
:1014E0000507000805060002050700FB040600F5D5
:1014F000040700EE040600E8040600E2040700DB2F
:10150000040600D5040600CF040600C9040600C383
:10151000040600BD040600B7040600B1040500ACD3
:10152000040600A6040600A00405009B040600951E
:10153000040500900406008A040500850405008067
:101540000406007A04050075040500700405006BAC
:1015500004050066040500610405005C04050057ED
:10156000040500520405004D04050048040500432D
:101570000405003E0404003A04050035040500306B
:101580000404002C04050027040400230405001EA5
:101590000404001A04040016040500110404000DDC
:1015A000040400090405000404040000040400FC11
:1015B000030400F8030400F4030400F0030400EC47
:1015C000030400E8030400E4030400E0030400DC77
:1015D000030400D8030400D4030400D0030400CCA7
:1015E000030400C8030300C503030024F404D92046
:1015F0001BC40C5C0E9804C4095F0265077101F4FA
:1016000005F900FB04B30048048700C103690058D2
:1016100003550003034500BE023A00840231005323
:10162000022A002902250004022000E4011C00C84F
:10163000011900AF01170098011400840113007113
:101640000110006101100051010E0043010D003630
:10165000010B002B010B0020010B00150109000CF0
:1016600001090003010800FB000800F3000800EB7B
:10167000000700E4000600DE000600D8000600D2E5
:10168000000600CC000500C7000500C2000500BD33
:10169000000400B9000400B5000400B1000400AD6E
:1016A000000400A9000400A5000300A20003009F9D
:1016B0000004009B000300980003009500020093C3
:1016C000000300900003008D0002008B00030088DF
:1016D0000002008600020084000300810002007FF7
:1016E0000002007D0002007B00020079000200770A
:1016F0000001007600020074000200720001007117
:101700000002006F0002006D0001006C0002006A20
:101710000001006900020067000100660001006529
:10172000000100640002006200010061000100602D
:101730000001005F0002005D0001005C0001005B31
:101740000001005A00010059000100580001005733
:101750000001005600010055000100540001005333
:101760000000005300010052000100510001005030
:101770000001004F0001004E0000004E0001004D2E
:101780000001004C0001004B0000004B0001004A2A
:101790000001004900010048000000480001004726
:1017A0000001004600000046000100450000004521
:1017B000000100440001004300000043000100421A
:1017C0000000004200010041000000410001004013
:1017D0000001003F0000003F0001003E0000003E0D
:1017E0000001003D0000003D0001003C0000003C05
:1017F0000000003C0001003B0000003B0001003AFB
:101800000000003A000100390000003900010038F2
:1018100000000038000000380001003700000037E9
:1018200000010036000000360000003600010035DF
:1018300000000035000000350001003400000034D5
:1018400000000034000100330000003300000033CA
:1018500000010032000000320000003200010031BF
:1018600000000031000000310001003000000030B5
:10187000000000300001002F0000002F0000002FAA
:101880000000002F0001002E0000002E0000002E9E
:101890000001002D0000002D0000002D0000002D93
:1018A0000001002C0000002C0000002C0000002C87
:1018B0000001002B0000002B0000002B0000002B7B
:1018C0000001002A0000002A0000002A0000002A6F
:1018D0000001002900000029000000290000002963
:1018E0000000002900010028000000280000002856
:1018F0000000002800000028000100270000002749
:10190000000000270000002700000027000100263B
:10191000000000260000002600000026000000262F
:101920000001002500000025000000250000002522
:101930000000002500000025000100240000002414
:101940000000002400000024000000240001002307
:1019500000000023000000230000002300000023FB
:1019600000000023000000230001002200000022EC
:1019700000000022000000220000002200000022DF
:1019800000010021000000210000002100000021D2
:1019900000000021000000210000002100010020C3
:1019A00000000020000000200000002000000020B7
:1019B0000000002000000020000000200001001FA7
:1019C0000000001F0000001F0000001F0000001F9B
:1019D0000000001F0000001F0001001E0000001E8C
:1019E0000000001E0000001E0000004D383420588A
:1019F0002059205A2045005072696E742072657318
:101A0000746F72653A726573657420656E7669727B
:101A10006F6E6D656E74207369676E206F6B2E0A32
:101A20000053442072656164206572726F720A000F
:101A3000206C653A00206C7A3A00206C793A006C90
:101A4000783A00206C653A00206C7A3A00206C7974
:101A50003A006C783A00206C653A00206C7A3A00C3
:101A6000206C793A006C783A006D6F7665207A20A8
:101A70006178697320616E64206520617869732ED6
:101A80000A00536420696E6974206661696C2120C4
:101A9000536F2063616E277420726573756D6520C6
:101AA0007072696E742E00536420696E69742066CA
:101AB00061696C212E0A536F2063616E2774207256
:101AC0006573756D65207072696E742E0046696C61
:101AD000616D656E742072756E6F757431323A7215
:101AE0006573756D6520646F6E65210A0046696CCB
:101AF000616D656E742072756E6F75743131210A77
:101B00000020202046696C616D656E742072756ED0
:101B10006F75743131210A5761697420666F7220C4
:101B20007072696E7420746F20726573756D652EA6
:101B30000046696C616D656E742072756E6F7574A8
:101B400031303A726573756D65206F7074696F6EB0
:101B5000210A0046696C616D656E742072756E6F46
:101B600075743130210D0A0A004348414E47452023
:101B70004F5054494F4E533A0046696C616D656E43
:101B8000742072756E6F757439210A002020202030
:101B900020202046696C616D656E742072756E6FD1
:101BA000757439210A5761697420666F72206669FD
:101BB0006C616D656E7420657874727564652E0055
:101BC00045584520524553554D452052454C4F41AF
:101BD000442046494C414D454E54205741495420DC
:101BE0005741495420574149540A0045584520520D
:101BF0004553554D45205052494E542052454C4F67
:101C000041442046494C414D454E540A00504155EF
:101C100053452046494C414D454E5420444F4E4576
:101C20000A00455845204C434420494E53455254E0
:101C30002046494C414D454E54320A0045584520F6
:101C40004C434420494E534552542046494C414D43
:101C5000454E54310A0046696C616D656E742072A0
:101C6000756E6F757434210A0020202020202020FA
:101C700046696C616D656E742072756E6F75743433
:101C8000210A496E736572742066696C616D656EB8
:101C90007420616E64207072657373206275747451
:101CA0006F6E20746F20636F6E74696E75652E0A97
:101CB0002057616974696E6720666F72206368617E
:101CC0006E67696E672066696C616D656E742E0063
:101CD0004361726420696E6974206661696C0050AA
:101CE00072696E7420726573746F7265203A206F2A
:101CF0006B20746F2072657072696E742000507270
:101D0000696E7420726573746F72653A20746172C3
:101D10006765742066696C65206F70656E2066610A
:101D2000696C2E0A005461726765742066696C657F
:101D3000206F70656E206661696C2E005072696E4E
:101D40007420726573746F72653A206661696C20E5
:101D50006173206361726420696E697420666169D1
:101D60006C2E0A005072696E7420726573746F7203
:101D7000652066726F6D206C61737420627265619C
:101D80006B2E0A0046696C616D656E742072756E0B
:101D90006F7574210A4D616368696E6520697320EF
:101DA000686F6D696E672C706C6561736520776113
:101DB00069742E0D0A0A0020202020202020466968
:101DC0006C616D656E742072756E6F7574210A4D4D
:101DD000616368696E6520697320686F6D696E67FD
:101DE0002C706C6561736520776169742E0046699B
:101DF0006C616D656E742072756E6F7574206E6F98
:101E00007420646574656374210D0A0A004E6F20A6
:101E10007072696E74206E65656465642E00507220
:101E2000696E7420726573746F72653A204E4F202C
:101E30006E6565642E0A005072696E742072657357
:101E4000746F72653A207175657374696F6E207472
:101E50006F20726573746F72652046696C653A0015
:101E60005072696E7420726573746F72653A204E99
:101E70004F206E6565640A004D35303000000070FB
:101E800042000070420000204200000000457874CB
:101E90007275646500526573756D65000000210000
:101EA000240027002A002D0030003300010100002B
:101EB000040107010A0100002200250028002B0070
:101EC0002E003100340002010000050108010B0161
:101ED000000020002300260029002C002F003200E3
:101EE00000010000030106010901050505050705BC
:101EF00008080808020202020A0A08080404040486
:101F000001010101010101010303030303030303B1
:101F1000040707070C0C0C0C0C0C0C0C0202020240
:101F200006060606060606060B0B0B0B0B0B0B0B29
:101F300001021020200808102040102040800201DB
:101F400002010804020101020408102040808040C0
:101F500020100804020180040201804020100804BF
:101F6000020108040201010204081020408001025D
:101F700004081020408000000A0B02090C0D0E0816
:101F80000703040100000000000000000000000042
:101F90000000000000000000000000000000000041
:101FA00000001211100000000000000000000000FE
:101FB0000000000000000000000000007C3C3E5ECD
:101FC0002B3D3F2F5B5D3B2C2A225C0048617264F5
:101FD000636F6465642044656661756C7420536545
:101FE0007474696E6773204C6F616465640A00B82D
:101FF0000B0000B80B000064000000B80B000000EC
:10200000009643000096430000A0400000C84166CF
:1020100066A0426666A0426626C8439A99BC4220E2
:10202000204D383531205A005A2D50726F6265208C
:102030004F666673657420286D6D293A0A00204446
:102040000020490020204D333031205000504944B9
:102050002073657474696E67733A0A002046002025
:10206000420020480020204D3134352053004D617E
:1020700074657269616C2068656174757020706147
:1020800072616D65746572733A0A0020204D3432B6
:10209000302053004175746F20426564204C657692
:1020A000656C696E673A0A00205A002059002020AA
:1020B0004D323036205800486F6D65206F6666736C
:1020C00065743A0A00204500205A00205900205823
:1020D0000020420020540020204D32303520530093
:1020E000416476616E6365643A20533C6D696E5F4E
:1020F00066656564726174653E20543C6D696E5F0F
:1021000074726176656C5F66656564726174653E64
:1021100020423C6D696E5F7365676D656E745F74B8
:10212000696D655F6D733E20583C6D61785F7879AD
:102130005F6A65726B3E205A3C6D61785F7A5F6AB8
:1021400065726B3E20453C6D61785F655F6A6572C4
:102150006B3E0A0020540020520020204D323034C3
:10216000205000416363656C65726174696F6E2015
:1021700028756E6974732F7332293A20503C70723F
:10218000696E745F616363656C3E20523C72657476
:10219000726163745F616363656C3E20543C74726A
:1021A0006176656C5F616363656C3E0A0020450083
:1021B000205A0020590020204D3230312058004D47
:1021C0006178696D756D20416363656C65726174DA
:1021D000696F6E2028756E6974732F7332293A0AFD
:1021E00000204500205A0020590020204D32303375
:1021F0002058004D6178696D756D20666565647263
:10220000617465732028756E6974732F73293A0A97
:1022100000204500205A0020590020204D3932204E
:10222000580053746570732070657220756E697400
:102230003A0A0020204D3230302044300A0020205D
:102240004D3230302044002044697361626C656413
:102250000A0046696C616D656E74207365747469FB
:102260006E67733A0020204D3134392043203B20E3
:10227000556E69747320696E2043656C736975735C
:102280000A002020473231202020203B20556E6953
:10229000747320696E206D6D0A0020706F7369740D
:1022A000696F6E206F7574206F662072616E67654E
:1022B0002E0A003F50726F626520002066697273BB
:1022C000740A005A0059005800486F6D6520004D8F
:1022D0006172747269782073617665206F6B2E0A63
:1022E0000052756E6E696E6720696E204452592DDA
:1022F00052554E206D6F64650A0047323920417592
:10230000746F20426564204C6576656C696E670A5F
:102310000028422961636B00284629726F6E7400A1
:102320002852296967687400284C29656674003F43
:102330002856296572626F7365206C6576656C201E
:10234000697320696D706C61757369626C652028B2
:10235000302D34292E0A00426164205A2076616CA7
:1023600075650A004E6F2062696C696E6561722046
:10237000677269640A0046696C616D656E742072EB
:10238000756E6F757431210A002020202020466967
:102390006C616D656E742072756E6F757431210A93
:1023A000202020202048656174696E67206E6F7A56
:1023B0007A6C650A2020202020506C6561736520AE
:1023C000776169742E2E2E0046696C652064656CF9
:1023D000657465643A0044656C6574696F6E206667
:1023E00061696C65642C2046696C653A20006F70E9
:1023F000656E206661696C65642C2046696C653A7F
:102400002000627573793A20706175736564206687
:102410006F7220696E7075740A00627573793A2064
:1024200070617573656420666F7220757365720ADA
:1024300000627573793A2070726F63657373696EA9
:10244000670A004D363030004B494C4C45442E2035
:10245000004B696C6C206361757365642062792040
:10246000746F6F206D75636820696E61637469763F
:10247000652074696D652E004B494C4C2063617575
:1024800073656420627920746F6F206D75636820B6
:10249000696E6163746976652074696D65202D20AD
:1024A00063757272656E7420636F6D6D616E643AF0
:1024B00020005072696E7465722068616C74656486
:1024C0002E206B696C6C28292063616C6C6564211B
:1024D0000A005361766520656E7669726F6E6D6570
:1024E0006E74204F4B2E2E2E005361766520656E44
:1024F0007669726F6E6D656E74204F4B2E2E2E00B6
:10250000506F77657220627265616B210A00506FAF
:1025100077657220627265616B21005741495420D2
:10252000464F522052454C4F414420444F4E450A9D
:102530000046696C616D656E742072756E6F75749E
:1025400036210A002020202020202046696C616D61
:10255000656E742072756E6F757436210A496E73DC
:102560006572742066696C616D656E7420616E645D
:1025700020707265737320627574746F6E20746F4F
:1025800020636F6E74696E75652E0A2057616974D9
:10259000696E6720666F72206368616E67696E6737
:1025A0002066696C616D656E742E0046696C616DA4
:1025B000656E742072756E6F757435210A00202067
:1025C000202020202046696C616D656E7420727534
:1025D0006E6F757435210A546865206E6F7A7A6C57
:1025E000652068617320636F6F6C20646F776E2C59
:1025F000707265737320627574746F6E20746F20CF
:1026000072656865617420746865206E6F7A7A6C93
:10261000652E00455845205741495420464F5220C9
:1026200046494C414D454E542052454C4F41440A79
:10263000005072696E7465722073746F7070656497
:102640002064756520746F206572726F72732E201E
:1026500046697820746865206572726F7220616EB9
:102660006420757365204D39393920746F20726587
:1026700073746172742E202854656D706572617474
:102680007572652069732072657365742E205365B9
:102690007420697420616674657220726573746158
:1026A0007274696E67290A005761726E696E673AC3
:1026B00020486F6D696E672042756D7020446976A1
:1026C00069736F72203C20310A000202020000A0F0
:1026D000400000A04000000040FFFFFF4D323400EA
:1026E0004D3233202573006175746F25692E6700A4
:1026F00053442063617264206F6B0A006F70656ED3
:10270000526F6F74206661696C65640A00766F6C45
:10271000756D652E696E6974206661696C65640A01
:1027200000534420696E6974206661696C0A005721
:10273000726974696E6720746F2066696C653A20EF
:10274000006F70656E206661696C65642C20466957
:102750006C653A20006F70656E206661696C656417
:102760002C2046696C653A200046696C65207365CB
:102770006C65637465640A002053697A653A2000C9
:1027800046696C65206F70656E65643A20006F70F5
:10279000656E206661696C65642C2046696C653ADB
:1027A00020002066696C653A20004E6F7720002279
:1027B00020706F73002220706172656E743A22007F
:1027C000535542524F5554494E452043414C4C209D
:1027D0007461726765743A22004B494C4C45442E33
:1027E0002000547279696E6720746F2063616C6C8D
:1027F000207375622D67636F64652066696C65730D
:10280000207769746820746F6F206D616E79206C19
:102810006576656C732E00747279696E6720746FCB
:102820002063616C6C207375622D67636F64652033
:1028300066696C6573207769746820746F6F206DAA
:10284000616E79206C6576656C732E204D41582041
:102850006C6576656C2069733A004572726F723AE6
:102860000043616E6E6F74206F70656E20737562C9
:1028700064697220006563686F3A0042656420688D
:10288000656174206661696C2E0A53797374656D95
:102890002073746F702E0A506C65617365207265C9
:1028A0007374617274206D616368696E652E004592
:1028B00078747275646572206865617420666169F8
:1028C0006C2E0A53797374656D2073746F702E0AC1
:1028D000506C656173652072657374617274206DEC
:1028E000616368696E652E006265640A002C20735E
:1028F000797374656D2073746F70706564212048FE
:1029000065617465725F49443A2000486561746985
:102910006E67206661696C65640048656174696E04
:1029200067206661696C65640048656174696E67FB
:10293000206661696C65642E0A53797374656D2035
:1029400073746F702E0048656174696E67206661EC
:10295000696C65640048656174696E6720666169C9
:102960006C65640048656174696E67206661696CB6
:1029700065642E0A53797374656D2073746F702EBD
:102980000070012C0190012701B0012201C0011D3E
:1029900001F00118011002130130020E016002095A
:1029A0000190020401C002FF000003FA004003F599
:1029B000008003F000D003EB002004E6007004E187
:1029C00000E004DC004005D700C005D2004006CD81
:1029D00000D006C8008007C3003008BE00F008B968
:1029E00000C009B400B00AAF00B00BAA00D00CA51B
:1029F00000000EA000500F9B00C0109600501291D6
:102A00000000148C00C0158700B0178200B0197D3B
:102A100000D01B7800001E730040206E00902269D9
:102A200000F024640040275F0090295A00E02B55F5
:102A300000102E500020304B0010324600E0334191
:102A40000090353C001037370070383200A0392D27
:102A500000B03A2800A03B2300603C1E00103D1946
:102A600000903D1400103E0F00703E0A00C03E056D
:102A700000003F0000403FFBFF803FF6FFC03FF1FA
:102A8000FF544845524D414C2052554E41574159F3
:102A900000546865726D616C2052756E6177617962
:102AA000004572723A204D494E54454D50204245E2
:102AB00044004572723A204D494E54454D50004DE8
:102AC000494E54454D50207472696767657265645C
:102AD000004572723A204D415854454D50204245B0
:102AE00044004572723A204D415854454D50004DB6
:102AF000415854454D50207472696767657265642A
:102B000000526573656E643A20006F6B00205A3A7C
:102B1000200020593A200042656420583A20004E97
:102B2000414E494E495459494E46CDCCCC3D0AD729
:102B3000233C17B7D13877CC2B329595E6241FB1BB
:102B40004F0A000020410000C84200401C4620BC43
:102B5000BE4CCA1B0E5AAEC59D74E9D5C8D511240A
:102B60001FBECFEFD1E2DEBFCDBF00E00CBF13E050
:102B7000A0E0B2E0E2E9F8EC01E00BBF02C0079090
:102B80000D92AA3AB107D9F724E1AAEAB3E001C04D
:102B90001D92A736B207E1F715E1CEEAD5E100E0D4
:102BA00006C021970109802FFE010E94EFD6CD3A81
:102BB000D10780E00807A9F70E94CDCE0C9437E436
:102BC0000C9400002F923F924F925F926F927F92EF
:102BD0008F929F92AF92BF92CF92DF92EF92FF922D
:102BE0000F931F93CF93DF93CDB7DEB7C356D109B1
:102BF0000FB6F894DEBF0FBECDBFE091550620E4BE
:102C0000E29FF0011124EB5AFB4F8081813091F457
:102C1000BF016F5F7F4F80E090E0DB014D91BD0110
:102C20009C012B5A334FD9014C9301968430910566
:102C3000A1F708C01092550C1092560C1092570C28
:102C40001092580C10828581181614F0809300029F
:102C50008F010A5F1F4F8091590C80FF2EC0E5E75E
:102C6000F8E284917F01BFEFEB1AFB0A882321F081
:102C70000E94AF34F701F5CF809100020E94AF347B
:102C80008AE00E94AF34E5E7F8E284917F012FEFFC
:102C9000E21AF20A811102C0780104C00E94AF3426
:102CA000F701F3CFD7018D917D01882319F00E94A0
:102CB000AF34F8CF8AE00E94AF3481E090E0909387
:102CC000840C8093830CC8010E94E1838091500C96
:102CD0008D3409F41AC4843511F40C949A2B87347A
:102CE00011F00C949F2B80914E0C90914F0C8D31D4
:102CF000910509F430C2C4F48430910544F4823063
:102D000091050CF055C097FF47C00C94B92B843047
:102D1000910509F4E2C14C9711F00C94B92B80E0B5
:102D20000E94D8920C94B92B8A32910509F41CC3E5
:102D300014F58E31910509F412C2829711F00C94AA
:102D4000B92B6091821270E08CEA98E00E9437946F
:102D50006091831270E088EA98E00E943794609155
:102D6000841270E084EA98E00E9437948AE00E941E
:102D7000AF340C94B92B8B35910509F477C28C359F
:102D8000910509F478C28A35910511F00C94B92B9C
:102D90001092C0030C94B92B80910302882311F484
:102DA0000C94B92B0E9489930E94B8C70C94B92B3C
:102DB00020910302222311F40C94B92B11E0029705
:102DC00009F010E00E94899319821A821B821C82EA
:102DD0001D821E821F82188682E50E943C34882351
:102DE00009F42CC10E94DA336B017C0120916C1232
:102DF00030916D1240916E1250916F122CA33DA331
:102E00004EA35FA38090701290907112A0907212E6
:102E1000B090731280915B1290915C12A0915D1240
:102E2000B0915E1288A799A7AAA7BBA720915F12AD
:102E30003091601240916112509162122CA73DA70F
:102E40004EA75FA720E030E0A901C701B6010E94AC
:102E500005E0882309F408C12CA13DA14EA15FA182
:102E600068A579A58AA59BA50E9405E081110BC0E4
:102E7000A50194016CA57DA58EA59FA50E9405E0E6
:102E8000882309F4F1C020E030E0A901C701B601B0
:102E90000E9405E0881F8827881F181309C080E05A
:102EA00090E0A0E8BFE38CAF9DAFAEAFBFAF08C06E
:102EB00020E030E040E85FEB2CAF3DAF4EAF5FAFBE
:102EC0002CA13DA14EA15FA168A579A58AA59BA5CE
:102ED0000E94FED66CAB7DAB8EAB9FABA50194017F
:102EE0006CA57DA58EA59FA50E94FED668AF79AF83
:102EF0008AAF9BAF2CA93DA94EA95FA9CA01B90110
:102F00000E946AE02B013C0128AD39AD4AAD5BADB2
:102F1000CA01B9010E946AE09B01AC01C301B20180
:102F20000E94FFD60E9491D968AB79AB8AAB9BAB6C
:102F300020E030E040E05FE30E946AE02B013C01CA
:102F4000A7019601C701B6010E946AE06B017C01EE
:102F5000A3019201C301B2010E946AE09B01AC018E
:102F6000C701B6010E94FED60E9491D99B01AC0117
:102F70006CAD7DAD8EAD9FAD0E946AE06B017C01B2
:102F800028A539A54AA55BA56CA17DA18EA19FA10D
:102F90000E94FFD620E030E040E05FE30E946AE05C
:102FA0002B013C0168AD79AD8AAD9BAD905828A945
:102FB00039A94AA95BA90E94ECD79B01AC01C701C2
:102FC000B6010E946AE09B01AC01C301B2010E94FC
:102FD000FFD62CA13DA14EA15FA10E94FED6698320
:102FE0007A838B839C832CA53DA54EA55FA5C50147
:102FF000B4010E94FFD620E030E040E05FE30E9491
:103000006AE02B013C0128A939A94AA95BA96CA94E
:103010007DA98EA99FA90E94ECD79B01AC01C70195
:10302000B6010E946AE09B01AC01C301B2010E949B
:10303000FFD6A50194010E94FED612C089E40E9429
:103040003C34882331F00E94DA3369837A838B839E
:103050009C838AE40E943C34882331F00E94DA3356
:103060006D837E838F83988720E030E0A90169819A
:103070007A818B819C810E9405E081110BC020E048
:1030800030E0A9016D817E818F8198850E9405E0E5
:10309000882349F0612FCE0101960E94A9C00E94A9
:1030A0006C340C94B92BEAE5F8E284918F010F5F40
:1030B0001F4F882321F00E94AF34F801F6CFE6E5D8
:1030C000F2E084918F010F5F1F4F882311F40C945D
:1030D000B92B0E94AF34F801F4CF80E50E943C3454
:1030E000882329F00E949A336B017C0103C0C12C14
:1030F000D12C760183E50E943C34882361F00E9444
:10310000DA3320E030E04AE754E40E946AE00E94AB
:1031100063D86B017C010E9489600E946C348091AD
:10312000790C90917A0CA0917B0CB0917C0CC80E1C
:10313000D91EEA1EFB1E0E94F571DC01CB018C1921
:103140009D09AE09BF09B7FD02C00C94B92B80E000
:103150000E94E9A6F0CF0E94DE8C0C94B92BC0909F
:103160006C12D0906D12E0906E12F0906F1288E5A4
:103170000E943C34811109C020E030E048EC51E469
:10318000C701B6010E94FFD602C00E94DA3368A3CD
:1031900079A38AA39BA3C0907012D0907112E09083
:1031A0007212F090731289E50E943C34811108C0BC
:1031B00020E030E0A901C701B6010E94FFD602C09D
:1031C0000E94DA336B017C0169837A838B839C8351
:1031D0004090591450905A1460905B1470905C1495
:1031E0002091551430915614409157145091581411
:1031F00068A179A18AA19BA10E94FED64B015C0126
:1032000024EF3DEF47EC51E40E9448D987FF02C00C
:103210000C94B92B21E230E048EC53E4C501B40131
:103220000E9405E0181614F40C94B92BA301920126
:10323000C701B6010E94FED66B017C012FE632E188
:1032400043E85AEB0E9448D987FF02C00C94B92B7F
:1032500021E230E048EC53E4C701B6010E9405E0EA
:10326000181614F40C94B92B0C94C02B81E08093A5
:10327000C0030C94B92B85E40E943C34B82E811114
:1032800002C00E948960FDE78F2EF2E09F2EACE61F
:10329000CA2EA2E1DA2EBAEAEB2EB3E0FB2E00E052
:1032A00010E0A12CD4018D914D010E943C34882363
:1032B000F1F1F6012081318142815381A3962FAF34
:1032C000A397A4963FAFA497A1964FAFA197A296BC
:1032D0005FAFA2970E94DA33D6016D937D938D93F1
:1032E0009C931397A3962FADA397A4963FADA49755
:1032F000A1964FADA197A2965FADA297033011059D
:10330000B1F00E94FED69B01AC01F7016081718192
:10331000828193810E94FFD6D7016D937D938D9317
:103320009C931397C8010E94A132AA24A3940F5F13
:103330001F4FB4E0CB0ED11CE4E0EE0EF11C0430C4
:10334000110509F0AFCFAA2019F00E94533308C02D
:10335000BB2031F068E772E183E090E00E94E294E4
:103360000E94A95B0C94B92B80910302882311F46D
:103370000C94B92B89E40E943C34182F882321F047
:103380000E94AA33E62E01C0E12C8AE40E943C345C
:10339000F82E882331F00E94AA33062F111104C0A1
:1033A0000BC000E01123B9F0F7E0FE1510F00C940B
:1033B000F42EEEE7F2E003C00830D8F70CC0849199
:1033C0008F010F5F1F4F882311F40C94B92B0E94BB
:1033D000AF34F801F4CF0E948A30112341F12091DB
:1033E0005B0630915C064E2D4203B001439F700D89
:1033F00011242091570630915806620F731F072E33
:10340000000C880B990B0E940BE020915514309111
:10341000561440915714509158140E94FFD660934F
:103420005B1270935C1280935D1290935E12FF208A
:1034300039F120915D0630915E060203B001039FD1
:10344000700D11248091590690915A06680F791FCA
:10345000072E000C880B990B0E940BE02091591449
:1034600030915A1440915B1450915C140E94FFD625
:1034700060935F1270936012809361129093621256
:1034800080E50E940D348823E1F00E94CB3388232D
:10349000C1F01123B1F020E030E048EC51E460913C
:1034A0005B1270915C1280915D1290915E120E948D
:1034B000FED660935B1270935C1280935D129093C2
:1034C0005E1286E40E943C348823D9F00E94DA33ED
:1034D0006B017C0120E030E0A9010E9448D9181658
:1034E00084F420E030E040E752E4C701B6010E94D6
:1034F000ECD760935D0270935E0280935F029093BD
:1035000060020E94B8C70C94B92B20914E0C3091E8
:103510004F0C2737310509F4B1C70CF0D5C02D3455
:10352000310509F46BC40CF05BC02931310509F495
:10353000E0C234F52431310509F471C28CF4213133
:10354000310509F468C234F42230310508F4DDC1D4
:103550000C94B92B2231310509F4EFC50C94B92B29
:103560002631310509F4A4C20CF49EC2273131057D
:1035700009F4A4C22831310509F4B0C20C94B92B66
:103580002F31310509F452C39CF42B31310509F474
:10359000C4C20CF4B4C22C31310509F4FAC22E3184
:1035A000310511F00C94B92B0E94208B0C94B92B8F
:1035B0002A32310509F4DDC334F42032310509F42F
:1035C000F2C20C94B92B2B34310509F413C42C34FA
:1035D000310511F00C94B92B0E948FC00C94B92BBB
:1035E0002B36310509F48EC50CF049C0253531055F
:1035F00009F4DAC534F52235310509F495C5BCF472
:103600002135310511F00C94B92B0E94E6B70E94C8
:1036100089600E9457C710924D0410924C0468EEC6
:1036200073E080E090E00E944B720C94B92B23353C
:10363000310509F47DC52435310509F47EC50C94A6
:10364000B92B2836310509F4DDC37CF42C3531055E
:1036500011F00C94B92B3DE7C32E32E0D32E45E890
:10366000E42E42E1F42E10E0BAC52936310509F402
:10367000B5C42A36310509F426C50C94B92B203778
:10368000310509F461C484F42D36310509F4ECC424
:103690000CF456C42E36310509F4D3C32F36310548
:1036A00009F4E2C30C94B92B2237310509F417C68B
:1036B0000CF452C42337310509F417C626373105F7
:1036C00009F4A5C60C94B92B203951E0350711F443
:1036D0000C9463290CF07AC02D3C310511F40C9444
:1036E000C82354F52E3B310509F4D9C484F4293795
:1036F000310509F450C70CF447C72C38310509F4DB
:1037000057C42B39310509F486C40C94B92B293CD4
:10371000310509F490C734F4283C310509F441C758
:103720000C94B92B2B3C310509F4A8C72C3C31056E
:1037300009F4C3C70C94B92B223E310511F40C9443
:1037400041253CF5233D310511F40C948324ACF460
:103750002E3C310511F00C94B92B5DE7A52E52E0FB
:10376000B52E6CE6C62E62E1D62E7AE1E72E74E025
:10377000F72E00E010E00C943F242C3D310511F4AD
:103780000C941B252D3D310511F40C9428250C9427
:10379000B92B2D3291E0390711F40C9415263CF425
:1037A0002831314011F40C946B250C94B92B2F3235
:1037B000E1E03E0711F40C94B3262336314011F0BA
:1037C0000C94B92BEAE5F8E20C943C2B273F41E03E
:1037D000340711F40C94ED2A0CF047C0253A81E02F
:1037E000380711F40C94CA29ACF42239A1E03A0745
:1037F00011F40C946A2914F40C9466292A39E1E036
:103800003E0709F4A5C3243A314011F40C946E2903
:103810000C94B92B243F41E0340711F40C94E72AAF
:10382000ACF42C3A314011F00C94B92B9AE1C92E2A
:1038300094E0D92E2CE6E22E22E1F22E39EB232E53
:1038400033E0332E00E010E00C946924253F91E032
:10385000390711F40C94EA2A263F314011F00C94F8
:10386000B92B0E94BB890C94B92B273EB3E03B07D0
:1038700011F40C94532B44F52235F3E03F0711F477
:103880000C94FB2A4CF42835324011F00C94B92BDF
:103890000E9438570C94B92B233583E0380711F474
:1038A0000C94392B203A334011F00C94B92B8091B1
:1038B0004C0C90914D0C21E020934C0F40E060E0C7
:1038C0000E94A9AB0C94B92B2E34A4E03A0711F452
:1038D0000C94632B4CF42D34344011F00C94B92B20
:1038E0000E948F6B0C94B92B2F34F4E03F0711F436
:1038F0000C94662B203B344011F00C94B92BE090D3
:103900004C0CF0904D0C0C946F2B00914C0C1091C2
:103910004D0C80E50E943C34882361F00E949A336C
:103920006B017C01BB24B394672B682B692B31F4AA
:10393000B12C04C0B12CC12CD12C760183E50E949E
:103940003C34882399F00E94DA3320E030E04AE7E3
:1039500054E40E946AE00E9463D86B017C01B110BC
:103960000CC0672B682B692B41F43BC0B11005C01C
:103970000115110511F00C94152C83E090E0909343
:10398000840C8093830C81E08093EB030E94896018
:103990000E946C34C114D104E104F104A1F18091BE
:1039A000790C90917A0CA0917B0CB0917C0CC80E94
:1039B000D91EEA1EFB1E0E94F571DC01CB018C1999
:1039C0009D09AE09BF09B7FD04C01092EB030C942A
:1039D000B92B8091EB038823C1F380E00E94E9A614
:1039E000EACF0115110511F00C94152C83E090E03D
:1039F0009093840C8093830C81E08093EB030E946E
:103A000089600E946C348091EB038823F1F280E09E
:103A10000E94E9A6F8CF0E9467C70C94B92BECEA84
:103A2000F2E084918F010F5F1F4F882321F00E94E5
:103A3000AF34F801F6CF1092D3111092D21140E0BA
:103A400050E0BA018DE99FE00E94E87B8BE1EDE94F
:103A5000FFE0DE01159601900D928A95E1F78091C5
:103A60009B0F90919C0F9C838B8389EE92E09A83AD
:103A7000898340E050E0BE016F5F7F4F8AE993E0A9
:103A80000E9461B3CE0101960E942CA6EDE9F2E0FE
:103A900084918F010F5F1F4F882311F40C94B92B71
:103AA0000E94AF34F801F4CF0E94C8AD0C94B92B3A
:103AB00010924D0F10924E0F0C94B92B40E061E024
:103AC00080914C0C90914D0C0E94A9AB60E57FE079
:103AD0008DED93E00E944BDA0C94B92B80914E0F40
:103AE000882319F081E080934D0F0E944FC00C9401
:103AF000B92B10924D0F0E948FC00C94B92B80915E
:103B00004E0F882311F40C94B92B83E50E943C34AA
:103B100081110C94352C0C94B92B80914E0F882375
:103B200051F1EDEBF2E084918F010F5F1F4F88237D
:103B300021F00E94AF34F801F6CF6091C911709165
:103B4000CA118091CB119091CC114AE00E94BB36F2
:103B50008FE20E94AF346091C5117091C6118091BF
:103B6000C7119091C8114AE00E94BB368AE00E94BA
:103B7000AF340C94B92BEFECF2E084918F010F5F1E
:103B80001F4F882311F40C94B92B0E94AF34F80115
:103B9000F4CF40E060E080914C0C90914D0C0E947D
:103BA000A9AB0C94B92B80914D0F81110E948960B3
:103BB000E0904C0CF0904D0C80E50E940D34182FD5
:103BC000882319F00E94CB33182F80914E0F882341
:103BD00011F40C94B92B412F61E0C7010E94A9ABED
:103BE00083E50E943C34882381F00E94AA33AB0114
:103BF000BC014093C9115093CA116093CB117093CB
:103C0000CC118EE79FE00E94E87B60E57FE08DEDC0
:103C100093E00E944BDA80914E0F882319F081E0E7
:103C200080934D0F11110C94B92B5FCF0E942BB3D1
:103C3000ECE3CE2ED12CE12CF12CA70196010E94B1
:103C4000E0E3762E672ECA01B901A70196010E9412
:103C5000E0E36B017C01CA01B90128E130E040E0FA
:103C600050E00E94E0E34B015C01C9016DE671E0A8
:103C70000E94C8D68E010F5F1F4F6115710599F024
:103C80006F927F92DF92CF929F928F929F938F93AA
:103C90007F936F9388E093E09F938F931F930F938D
:103CA0000E94D6DF26C0009789F06F927F92DF9244
:103CB000CF929F928F929F938F9388EF92E09F93E2
:103CC0008F931F930F930E94D6DF13C0811491042A
:103CD000A104B104B1F06F927F92DF92CF929F92D4
:103CE0008F928CEE92E09F938F931F930F930E947D
:103CF000D6DF0FB6F894DEBF0FBECDBFE5E7F8E222
:103D000023C0C114D104E104F10469F06F927F92E1
:103D1000DF92CF9284EE92E09F938F931F930F9345
:103D20000E94D6DFE6CF6F927F9280EE92E09F9363
:103D30008F931F930F930E94D6DF0F900F900F90D9
:103D40000F900F900F90DACF84917F01BFEFEB1AA5
:103D5000FB0A882321F00E94AF34F701F5CFB801A8
:103D60008CE193E00E9450948AE00E94AF340C945E
:103D7000B92B83E50E943C34882311F40C94B92BB1
:103D80000E94BA33D82E80E50E943C34882341F04B
:103D90000E94AA337B0177FF02C00C94B92B03C0A9
:103DA0006DE0E62EF12C9E2DE8EFF5E088E28E0F17
:103DB0002491921729F031968E13FACF0C94452C4A
:103DC000EAE5F8E284918F010F5F1F4F882321F00D
:103DD0000E94AF34F801F6CFE9E2F3E084918F015D
:103DE0000F5F1F4F882311F40C94B92B0E94AF343E
:103DF000F801F4CF0E944FC00C94B92B0E948EB2F0
:103E00000C94B92B88E690E00E94213781110C9424
:103E1000B92B8091590C83FF02C00C94B92B83E518
:103E20000E943C34882349F00E94DA330E945DD816
:103E3000CB010E941BA60E94DA330E9498D50C94F5
:103E4000B92B8EE40E943C34882311F40C94B92BD6
:103E50000E94AA336093850C7093860C8093870C24
:103E60009093880C0C94B92B83E50E943C348823F2
:103E700019F00E94BA3301C080E08093590CE5E745
:103E8000F8E284918F010F5F1F4F882321F00E9479
:103E9000AF34F801F6CFE6E4F3E084918F010F5FD1
:103EA0001F4F882321F00E94AF34F801F6CF809194
:103EB000590C8823A1F158E3C52E53E0D52EE12CEF
:103EC000F12C20E08091590C90E00E2C02C09595C9
:103ED00087950A94E2F780FF17C0BB24B394B20E13
:103EE000222319F08CE20E94AF34F601259134911F
:103EF000F901849189010F5F1F4F882321F00E94EF
:103F0000AF349801F5CF2B2DFFEFEF1AFF0A32E007
:103F1000C30ED11C45E0E416F104A1F60CC0E2E4A6
:103F2000F3E084918F010F5F1F4F882321F00E94DF
:103F3000AF34F801F6CF8AE00E94AF340C94B92B6D
:103F4000109217020C94B92B8DE493E00E94B8A64E
:103F50000E94A15B0C94B92B83E50E943C3488231A
:103F600069F00E94BA338D3320F4809351020C948F
:103F7000B92B8CE3809351020C94B92BE5E7F8E25E
:103F800084918F010F5F1F4F882321F00E94AF346F
:103F9000F801F6CF4091510250E060E070E086E514
:103FA00093E00E94DF688AE00E94AF340C94B92B42
:103FB0008091590C83FF02C00C94B92B83E50E94B9
:103FC0003C34882311F40C94B92B0E94DA330E94FC
:103FD0005DD8CB010E944E340C94B92B89E690E059
:103FE0000E942137811111C0EDE5F3E084918F012A
:103FF0000F5F1F4F882321F00E94AF34F801F6CFE6
:104000000E94685C8AE00E94AF341092840C109287
:10401000830C0C94232F83E50E943C34882311F4F5
:104020000C94B92B0E94BA338D3308F08CE3809343
:10403000770C0E94F5716B017C012091770C30E0C8
:10404000A8EEB3E00E9428E4DC01CB018C0D9D1D9D
:10405000AE1DBF1D8093730C9093740CA093750CD0
:10406000B093760C0C94B92B8DE690E00E9421372A
:1040700081110C94B92B8091590C83FF02C00C94D0
:10408000B92B83E50E943C3481110C941C2D82E5F0
:104090000E943C3481110C941C2D0C94B92B8091FE
:1040A000590C83FF02C00C94B92B83E50E943C3469
:1040B00081110C942D2D82E50E943C3481110C94C9
:1040C0002D2D0C94B92B83E50E943C34882339F0C4
:1040D0000E94AA338B016F3F710519F010F00FEFAA
:1040E00010E080E50E943C34811106C010934D041D
:1040F00000934C040C94B92B0E94BA3381110C9498
:10410000B92BF4CF80E50E943C34811106C0109297
:104110004D0410924C040C94B92B0E94AA33672BC7
:1041200011F00C94B92BF3CF1092BF030C94B92B60
:1041300081E08093BF030C94B92B83E50E943C344B
:104140008823A1F00E94DA3320E030E04AE754E40B
:104150000E946AE00E9463D86093520270935302F7
:1041600080935402909355020C94B92B88E50E94D9
:104170000D3481110C943B2D89E50E940D34811181
:104180000C943B2D8AE50E940D3481110C943B2D3B
:1041900085E40E940D3481110C943B2D0E948960AE
:1041A0000E9457C70C94B92B83E50E940D348823D5
:1041B00011F40C94B92B0E94DA3320E030E04AE786
:1041C00054E40E946AE00E9463D860937D0C70936F
:1041D0007E0C80937F0C9093800C0C94B92BD601AD
:1041E0008D916D010E940D34882309F46DC0133048
:1041F00009F063C00E94DA334B015C0120E030E03B
:1042000040EA51E40E9405E087FF4EC0A5019401F9
:1042100060919112709192128091931290919412E8
:104220000E94ECD72B013C019B01AC016091DE0B9D
:104230007091DF0B8091E00B9091E10B0E946AE09E
:104240006093DE0B7093DF0B8093E00B9093E10B98
:10425000A30192016091160C7091170C8091180CBB
:104260009091190C0E946AE06093160C7093170CE1
:104270008093180C9093190C6091660C7091670CE8
:104280008091680C9091690C0E9409E0A301920151
:104290000E946AE00E9463D86093660C7093670C7A
:1042A0008093680C9093690C809291129092921274
:1042B000A0929312B092941207C00E94DA33F701D1
:1042C00060837183828393831F5FF4E0EF0EF11CA0
:1042D000143009F084CF0E9472A20C94B92B0E9472
:1042E00089600E94A95B0C94B92BEBE3F4E0849104
:1042F0008F010F5F1F4F882321F00E94AF34F80118
:10430000F6CFEDE2F4E084918F010F5F1F4F882319
:1043100021F00E94AF34F801F6CFE6E1F4E0849199
:104320008F010F5F1F4F882321F00E94AF34F801E7
:10433000F6CFE6E0F4E084918F010F5F1F4F8823F2
:1043400021F00E94AF34F801F6CFE5EFF3E084915D
:104350008F010F5F1F4F882321F00E94AF34F801B7
:10436000F6CFE4EEF3E084918F010F5F1F4F8823B7
:1043700021F00E94AF34F801F6CFE5EDF3E084912F
:104380008F010F5F1F4F882321F00E94AF34F80187
:10439000F6CFE0ECF3E084918F010F5F1F4F88238D
:1043A00021F00E94AF34F801F6CFEAEAF3E08491FD
:1043B0008F010F5F1F4F882321F00E94AF34F80157
:1043C000F6CFE5E9F3E084918F010F5F1F4F88235B
:1043D00021F00E94AF34F801F6CFE8E7F3E08491D2
:1043E0008F010F5F1F4F882321F00E94AF34F80127
:1043F000F6CFE0E6F3E084918F010F5F1F4F882333
:1044000011F40C94B92B0E94AF34F801F4CF85E479
:104410000E940D34882381F00E94CB33882361F001
:10442000E5E7F8E284918F010F5F1F4F882321F0A9
:104430000E94AF34F801F6CF81E40E940D34882346
:1044400081F00E94CB33882361F0EDEFF4E084919A
:104450008F010F5F1F4F882321F00E94AF34F801B6
:10446000F6CF00914C0C10914D0CD8018D918D011F
:10447000882309F460CD0E94AF34F7CFE4E2F5E081
:1044800084918F010F5F1F4F882321F00E94AF346A
:10449000F801F6CFECE1F5E084918F010F5F1F4F3B
:1044A000882321F00E94AF34F801F6CF789B03C037
:1044B00005EF12E002C00AEF12E0F80181918F01CE
:1044C000882319F00E94AF34F8CF8AE00E94AF34FD
:1044D000E4E1F5E084918F010F5F1F4F882321F005
:1044E0000E94AF34F801F6CF029B03C005EF12E043
:1044F00002C00AEF12E0D8018D918D01882319F0D6
:104500000E94AF34F8CF8AE00E94AF34ECE0F5E0CF
:1045100084918F010F5F1F4F882321F00E94AF34D9
:10452000F801F6CF8091000183FD03C005EF12E092
:1045300002C00AEF12E0F80181918F01882319F07F
:104540000E94AF34F8CF8AE00E94AF34E1E0F5E09A
:1045500084918F010F5F1F4F882321F00E94AF3499
:10456000F801F6CF8091000185FD03C005EF12E050
:1045700002C00AEF12E0D8018D918D01882309F461
:10458000DACC0E94AF34F7CF81E08093120280939F
:104590002D0C0C94B92B1092120210922D0C0C942D
:1045A000B92B88EC90E00E94213781110C94B92B33
:1045B00084E40E940D348823D1F10E94DA3311E0A3
:1045C00020E030E0A9010E9405E0811101C010E067
:1045D00010931E0C112359F10091B80310E00E94B2
:1045E000DA33000F111F000F111FF801E35CFD4FBC
:1045F000608371838283938320E030E0A90160911E
:104600003D0270913E0280913F02909140020E94D3
:1046100005E081110CC080E090E0A0E4B0E480935C
:104620003D0290933E02A0933F02B09340020E944D
:1046300073C70C94B92BAAEFEA2EABE0FA2E0DE764
:1046400012E0B4E0DB2ED00EF80181918F010E94C0
:104650000D34882351F00E94DA330E9463D8D701C9
:104660006D937D938D939C931397B4E0EB0EF11CA7
:10467000D012EACF0E9478940C94B92BEAE0EE2E87
:10468000ECE0FE2E0DE712E0F4E0DF2ED00EF80194
:1046900081918F010E940D34882341F00E94DA330A
:1046A000D7016D937D938D939C931397B4E0EB0E9C
:1046B000F11CD012ECCF0C94B92B83E50E940D3481
:1046C0008823D9F00E94DA33AB01BC014093F60B8A
:1046D0005093F70B6093F80B7093F90B4093EE0B2C
:1046E0005093EF0B6093F00B7093F10B88E995E01A
:1046F0000E941A948AE00E94AF3480E50E940D3433
:10470000882399F00E94DA33AB01BC014093F60B89
:104710005093F70B6093F80B7093F90B8BE795E0D0
:104720000E941A948AE00E94AF3482E50E940D3400
:10473000882399F00E94DA33AB01BC014093F20B5D
:104740005093F30B6093F40B7093F50B8CE595E0AD
:104750000E941A948AE00E94AF3484E50E940D34CE
:10476000882311F40C94B92B0E94DA33AB01BC01FD
:104770004093EE0B5093EF0B6093F00B7093F10BA3
:104780008EE395E00E941A948AE00E94AF34F1C74C
:1047900083E50E940D34882351F00E94DA33609340
:1047A000EA0B7093EB0B8093EC0B9093ED0B84E58D
:1047B0000E940D34882351F00E94DA336093E20B9B
:1047C0007093E30B8093E40B9093E50B82E40E94DB
:1047D0000D34882351F00E949A336093E60B709356
:1047E000E70B8093E80B9093E90B88E50E940D346A
:1047F000882351F00E94DA336093D20B7093D30B6D
:104800008093D40B9093D50B89E50E940D348823B7
:1048100051F00E94DA336093D60B7093D70B8093DC
:10482000D80B9093D90B8AE50E940D34882351F060
:104830000E94DA336093DA0B7093DB0B8093DC0B0E
:104840009093DD0B85E40E940D34882309F491C711
:104850000E94DA336093DE0B7093DF0B8093E00BE2
:104860009093E10B86C70F5F1F4FF4E0CF0ED11C72
:1048700024E0E20EF11C0330110509F43FC0F501FC
:1048800081915F010E940D34882369F30E94DA331D
:104890002B013C01D7012D913D914D915C910E94DE
:1048A000FED69B01AC01F60160817181828193810A
:1048B0000E94FFD6D6016D937D938D939C931397A1
:1048C000F7014082518262827382C8010E94A13244
:1048D000CACFF101E95BF340FDA3ECA3D1018D91B7
:1048E0001D018111EAC5B4E0CB0ED11C0C5F1F4F36
:1048F000E4E0EE0EF11C0C30110559F70E94533321
:104900000E94A95B36C7E5E7F8E284918F010F5F4B
:104910001F4F882321F00E94AF34F801F6CF83E5C2
:104920000E940D34882321F00E94CB3380935C02D7
:10493000E8EEF5E084918F010F5F1F4F882321F08F
:104940000E94AF34F801F6CF80915C02811103C060
:10495000E4EEF5E002C0E0EEF5E084918F010F5F38
:104960001F4F882321F00E94AF34F801F6CFE8ED05
:10497000F5E084918F010F5F1F4F882321F00E9483
:10498000AF34F801F6CF4091BF0B5091C00B60914E
:10499000C10B7091C20B86ED95E00E941A94409174
:1049A000C30B5091C40B6091C50B7091C60B83ED86
:1049B00095E00E941A944091C70B5091C80B6091EA
:1049C000C90B7091CA0B80ED95E00E941A94E8EC37
:1049D000F5E084918F010F5F1F4F882321F00E9423
:1049E000AF34F801F6CF40911D0250911E02609144
:1049F0001F027091200286EC95E00E941A9440916B
:104A0000210250912202609123027091240283ECD2
:104A100095E00E941A9440912502509126026091DF
:104A200027027091280280EC95E00E941A948AE097
:104A30000E94AF349EC683E50E943C34882309F46B
:104A400098C60E94AA33709357026093560291C68B
:104A50008DED90E00E94213781118BC683E50E9485
:104A60003C34882309F485C60091B80310E00E9405
:104A7000AA33000F111FF801EF5FFD4F71836083B0
:104A800078C680E50E940D34882309F472C60E941E
:104A9000AA336B017C0183E50E943C34882321F01A
:104AA0000E94AA338B0102C00FEF1FEFC8010196CD
:104AB000039708F05EC6D7FC5CC69C2DE8EFF5E0D6
:104AC00088E28E0F2491921709F453C631968E1303
:104AD000F9CF0C94FA2E80E50E940D34882309F456
:104AE00048C60E94AA336B017C018B01672B09F039
:104AF0007EC083E50E940D34882339F00E94AA33DA
:104B00008AE39FE00E94B36734C6E5E7F8E2849148
:104B10007F013FEFE31AF30A882321F00E94AF34AC
:104B2000F701F5CF60E070E089E396E00E943794EA
:104B300080913C0F28E532E06901C81AD10887FD51
:104B4000D394CC0CDD1CCC0CDD1C0D2C000CEE0821
:104B5000FF0880913B0F28E830E04901881A91084E
:104B600087FD9394880C991C880C991C092C000CC7
:104B7000AA08BB0880913A0F8F3FB9F090E0FC0182
:104B8000EE0FFF1F8E0F9F1FFC01E353F14F0181BA
:104B9000128183E0000F111F8A95E1F794E01695CA
:104BA00007959A95E1F70E5F1F4F98012F5F3F4FD2
:104BB000C901330FAA0BBB0B9C01AD0128193909A0
:104BC0004A095B09A4EBB0E00E941EE4A70196012C
:104BD000281939094A095B090E9402E4B90186E3F0
:104BE00096E00E9437948AE00E94AF34C2C5EAE59D
:104BF000F8E284918F010F5F1F4F882321F00E94FC
:104C0000AF34F801F6CFB6018FE296E00E943794F8
:104C1000E0E2F6E084918F010F5F1F4F882309F4D3
:104C2000A8C50E94AF34F801F5CF85E40E943C345A
:104C3000811110C080E50E940D34882391F00E94FC
:104C4000DA336093390270933A0280933B02909377
:104C50003C0207C00E94BA33882361F3EAE5F8E218
:104C600071C089E40E940D34882381F00E94DA33F8
:104C70002CEA35EC47E25EE30E946AE0609335027D
:104C800070933602809337029093380284E40E9436
:104C90000D34882381F00E94DA332CEA35EC47E2A8
:104CA0005EE30E94ECD760933102709332028093EE
:104CB000330290933402E5E7F8E284918F010F5FAD
:104CC0001F4F882321F00E94AF34F801F6CF4091A6
:104CD000390250913A0260913B0270913C0289E4A2
:104CE00096E00E941A942CEA35EC47E25EE360916C
:104CF00035027091360280913702909138020E94FD
:104D0000ECD7AB01BC0185E496E00E94FD932CEA50
:104D100035EC47E25EE3609131027091320280919E
:104D20003302909134020E946AE0AB01BC0181E43D
:104D300096E00E94FD938AE00E94AF341AC50E945B
:104D4000AF34F80184918F010F5F1F4F8111F7CFAE
:104D50000CE013E0D8018D918D01882309F4EBC894
:104D60000E94AF34F7CF85E40E943C34882321F0C1
:104D70000E94AA338B0102C000E010E083E40E948D
:104D80003C34882339F00E94AA336C967FAF6EAF13
:104D90006C9706C0E5E0F0E06C96FFAFEEAF6C9765
:104DA00085E50E940D3461968FAF6197882329F0C5
:104DB0000E94CB3361968FAF619717FD07C0C12C5E
:104DC000D12CB6E1EB2EB3E4FB2E06C0C12CD12CC6
:104DD000ACE8EA2EA2E4FA2E83E50E943C34882354
:104DE00021F00E94DA336B017C010115110511F4E9
:104DF0001092B8031092840C1092830C0E94F571EB
:104E00004B015C01012B19F40DE113E00EC000E32E
:104E100013E0D8018D918D01882319F00E94AF34E1
:104E2000F8CF8AE00E94AF34A4C4F80181918F01C9
:104E3000882319F00E94AF34F8CFC701B6010E9451
:104E40005DD8072E000C880B990B0E940BE068AB15
:104E50007CAB88AF9CAF8AE00E94AF340E94E6B77B
:104E60008FE78093051281E08093170266968CAEDF
:104E70009DAEAEAEBFAE6697A0968CAE9DAEAEAE0A
:104E8000BFAEA09721961FAE2197F0E42296FFAF08
:104E900022972CE123962FAF239736E424963FAF39
:104EA000249725961FAE259726961FAE2697279600
:104EB0001FAE279728961FAE289760961CAE1DAE92
:104EC0001EAE1FAE60972C961CAE1DAE1EAE1FAE62
:104ED0002C97C12CD12C7601FFE74F2E512C612C41
:104EE000712C8FE790E0A0E0B0E088A799A7AAA76F
:104EF000BBA76A961CAE1DAE1EAE1FAE6A9791E0B0
:104F000062969FAF62971DA61CA6212C312C00E053
:104F100010E080911702882309F4C5C10E94F57141
:104F20006CA37DA38EA39FA380910212882309F412
:104F3000B3C00E94F1BB2090CC0B3090CD0B009100
:104F4000CE0B1091CF0B9101A80125966FAD25973F
:104F500026967FAD269727968FAD279728969FADEB
:104F600028970E9405E087FF0CC025962FAE259755
:104F700026963FAE269727960FAF279728961FAF06
:104F800028979101A80121966FAD219722967FADB8
:104F9000229723968FAD239724969FAD24970E9446
:104FA00048D9181664F421962FAE219722963FAE69
:104FB000229723960FAF239724961FAF24976296CC
:104FC000AFAD629728A93CA948AD5CADB101C8015D
:104FD000AA2309F447C00E9448D918160CF05CC0F7
:104FE0004CA15DA16EA17FA1481959096A097B09ED
:104FF000DB01CA0188589341A109B109B7FD4CC032
:1050000088A599A5AAA5BBA584199509A609B709DC
:10501000B595A79597958795809305126A964CAF9D
:105020005DAF6EAF7FAF6A97B8A92596BFAF2597E2
:10503000ECA92696EFAF2697F8AD2796FFAF2797F6
:105040002CAD28962FAF28978CA19DA1AEA1BFA112
:1050500066968CAF9DAFAEAFBFAF669762961FAE40
:1050600062971AC00E9405E087FF16C08CA19DA11F
:10507000AEA1BFA166962CAD3DAD4EAD5FAD6697BE
:10508000821B930BA40BB50BAC01BD0148585341D7
:105090006109710977FF15C520E030E040EF51E468
:1050A00068A97CA988AD9CAD0E94FFD69B01AC018C
:1050B000B101C8010E9448D91816E4F4EEE4F7E003
:1050C00084918F010F5F1F4F882321F00E94AF341E
:1050D000F801F6CF80910B0490910C0488609093B6
:1050E0000C0480930B0440E060E084E297E00E94AF
:1050F0009C723FC380E398EFAFEFBFEFA0962CAD5B
:105100003DAD4EAD5FADA097821B930BA40BB50BCD
:105110002CA13DA14EA15FA1820F931FA41FB51F1B
:10512000B7FD0FC00E94685C8AE00E94AF348CA17A
:105130009DA1AEA1BFA1A0968CAF9DAFAEAFBFAFFA
:10514000A0978CA19DA1AEA1BFA1880F991FAA1FF6
:10515000BB1F66962CAD3DAD4EAD5FAD6697821B15
:10516000930BA40BB50B88199909AA09BB098138BF
:105170009F44A241B105E0F0E6E0F7E084918F01A1
:105180000F5F1F4F882321F00E94AF34F801F6CF44
:1051900080910B0490910C04886090930C04809390
:1051A0000B0440E060E089EE96E00E949C72E1C250
:1051B0004CA55DA56C968EAD9FAD6C978417950739
:1051C0000CF06EC0ECE8F6E084918F010F5F1F4F8A
:1051D000882321F00E94AF34F801F6CFB701A60171
:1051E00087E796E00E941A948AE00E94AF342C96DA
:1051F0004CAD5DAD6EAD7FAD2C9782E696E00E9422
:105200001A948AE00E94AF3460964CAD5DAD6EADED
:105210007FAD60978DE496E00E941A948AE00E9428
:10522000AF3461969FAD6197992381F1C0923902A5
:10523000D0923A02E0923B02F0923C022CEA35EC2A
:1052400047E25EE32C966CAD7DAD8EAD9FAD2C97A5
:105250000E946AE0609335027093360280933702B1
:10526000909338022CEA35EC47E25EE360966CAD31
:105270007DAD8EAD9FAD60970E94ECD760933102FB
:1052800070933202809333029093340280910B0426
:1052900090910C04886090930C0480930B0469C275
:1052A0000E941C3D36CE80911702811102C00E94DF
:1052B000E6B780910B0490910C04886090930C04E5
:1052C00080930B0456C20E94896053C281E00E9401
:1052D000B6344FC280E00E94B6344BC286E50E94CD
:1052E0000D34882341F080915B0690915C06892BF8
:1052F00011F00E9439CE83E50E940D34182F8823C7
:1053000019F00E94CB33182F83E50E940D348823B7
:1053100011F0812F7ED6FF24F39480919512811194
:1053200001C0F12C111103C0E5E7F8E21AC0F11039
:10533000FBCFEAE5F8E284918F010F5F1F4F8823CE
:1053400021F00E94AF34F801F6CFE0EDF7E0849150
:105350008F010F5F1F4F882339F30E94AF34F8018C
:10536000F6CF84918F010F5F1F4F882321F00E9499
:10537000AF34F801F6CFF11003C068E073E002C06B
:1053800064E073E082EC97E00E9450948AE00E940F
:10539000AF34EFC189E40E943C34882321F00E949D
:1053A000AA33162F01C01FEF8AE40E943C348823E1
:1053B00021F00E94AA33062F01C00FEF8AE50E9458
:1053C0000D34F82E811105C081E50E940D34D82ED0
:1053D00001C0D12C17FD02C007FF03C0EAE5F8E2C7
:1053E00005C0F1101AC0D11018C0F8CF84918F01F8
:1053F0000F5F1F4F882321F00E94AF34F801F6CFD2
:10540000EEE0F8E084918F010F5F1F4F882309F4CD
:10541000B0C10E94AF34F801F5CF183018F0EAE5BA
:10542000F8E206C00830D8F716C00E94AF34F80181
:1054300084918F010F5F1F4F8111F7CFEFEEF7E0DF
:1054400084918F010F5F1F4F882309F492C10E943E
:10545000AF34F801F5CFE12E110FFF08002E000C3C
:10546000110B0E94DA33D70133E0AA0FBB1F3A9524
:10547000E1F7DD2071F0FD01E00FF11FEE0FFF1FDE
:10548000EE0FFF1FEA56FD4E20813181428153818C
:1054900003C020E030E0A9010A0F1B1F000F111FFD
:1054A000000F111F0A561D4E0E94FFD6D8016D93A2
:1054B0007D938D939C9313975CC1F701408051803D
:1054C00062807380F801E35EFD4F2081318142816B
:1054D0005381F801E154F44F60817181828193819D
:1054E0000E94FFD620E030E040E05FE30E946AE0E7
:1054F0009B01AC01C301B2010E9448D9181644F4C3
:10550000F801E25DF74F85909590A590B49003C0A7
:10551000812C912C5401F801EB5AFB4E20813181F2
:1055200042815381C301B2010E94FED69B01AC01AE
:10553000C501B4010E94FED64B015C0120E030E0C1
:1055400040EA51EC0E9448D987FD28C020E030E0B5
:1055500040EA51E4C501B4010E9405E01816F4F0D8
:10556000D6012D913D914D915C91C501B4010E94F0
:10557000FED69B01AC01C301B2010E94FFD6F70128
:105580006083718382839383D6018D929D92AD92C5
:10559000BC9213978CA19DA1D4D7A5C9EAE5F8E2E6
:1055A00084918F010F5F1F4F882321F00E94AF3439
:1055B000F801F6CFEAE3F8E084918F010F5F1F4F07
:1055C000882309F4D6C00E94AF34F801F5CF0E94B9
:1055D000F24CCFC00E949450CCC083E50E940D34A1
:1055E000882319F00E94CB3301C081E091E0892724
:1055F0000E94C385BEC010E0113079F01230D1F0A6
:10560000EEE6F8E084917F012FEFE21AF20A882398
:1056100059F10E94AF34F701F5CFE5E7F8E0849146
:105620007F013FEFE31AF30A8823F1F00E94AF34C1
:10563000F701F5CFEDE7F8E084917F014FEFE41A31
:10564000F40A882321F00E94AF34F701F5CFE8E592
:10565000F8E084917F015FEFE51AF50A882321F0D5
:105660000E94AF34F701F5CF1F5F133009F0C4CFAC
:1056700080C00E941A5B7DC084918F010F5F1F4F15
:10568000882321F00E94AF34F801F6CFE2E8F8E079
:1056900084918F010F5F1F4F882309F46AC00E9415
:1056A000AF34F801F5CF81E08093030283E50E94D7
:1056B0000D34811103C00E94B0CA5BC00E94CB337D
:1056C000811157C0F8CF0E94FC6853C00E947D6BC7
:1056D00050C0113029F4D92A8D2D0E94923C10E03F
:1056E000F7018081982F9F7D91549630E0F40E94BD
:1056F000AF34D7019D917D01903291F38FEB890FEB
:10570000863010F4975307C08FE9890F863010F464
:10571000975501C090531111DCCFD92ED29480EF50
:10572000D82211E0DDCF90ED980F9A3000F380324F
:10573000F1F21FC080914E0C0E94EE561AC0E5E7B0
:10574000F8E284918F010F5F1F4F882321F00E94A0
:10575000AF34F801F6CF6091510C7091520C81E991
:1057600098E00E94509482E20E94AF348AE00E9446
:10577000AF341092840C1092830C0E9491CA63C3C0
:1057800080E047D40E94903483E50E940D34882342
:1057900009F449C00E94CB3321E0482FBE016F5F5E
:1057A0007F4FCE0180960E94D5CA6B017C019B0180
:1057B000AC010E94D3D9811131C02CEA35EC47E20B
:1057C00057E368A179A18AA19BA10E94FFD6AB01F2
:1057D000BC0186E792E00E94FD932CEA35EC47E29B
:1057E00057E369817A818B819C810E94FFD6AB014E
:1057F000BC0181E792E00E94FD932CEA35EC47E280
:1058000057E3C701B6010E94FFD6AB01BC018CE68D
:1058100092E00E94FD938AE00E94AF340E947734A8
:105820000E94A95BA6CF81E0B7CFD8018C918823D5
:1058300011F40C94BD1CE5E7F8E284915F01BFEF21
:10584000AB1ABB0A882321F00E94AF34F501F5CFD3
:10585000F80181918F01882319F00E94AF34F8CFAD
:105860008AE00E94AF340C94BD1C74D7AB01BC011C
:105870004093C9115093CA116093CB117093CC110E
:105880008EE79FE00E94E87B74CFCE2C61E08E2DE6
:105890000E9481716D2D8E2D0E9452710D2D10E090
:1058A00061E08E2D0E9481710115110511F460E0F7
:1058B00004C00F3F110519F461E08E2DB1C0F7014E
:1058C000FF27EA58F04EE4914E2F50E0FA0131974D
:1058D000E231F10508F09DC08827EE58FF4F8F4F49
:1058E0000C94EFD684B5806884BDD7BC9BC084B5CA
:1058F000806284BDD8BC96C080918000806880930F
:10590000800010938900009388008CC080918000F3
:1059100080628093800010938B0000938A0082C085
:105920008091800088608093800010938D000093A8
:105930008C0078C08091B00080688093B000D092D5
:10594000B30070C08091B00080628093B000D092AC
:10595000B40068C08091900080688093900010939C
:105960009900009398005EC08091900080628093BF
:10597000900010939B0000939A0054C08091900077
:1059800088608093900010939D0000939C004AC013
:105990008091A00080688093A0008091A0008F7B00
:1059A0008093A0001093A9000093A8003BC08091B1
:1059B000A00080628093A0001093AB000093AA0027
:1059C00031C08091A00088608093A0001093AD004A
:1059D0000093AC0027C08091200180688093200153
:1059E00010932901009328011DC08091200180623D
:1059F0008093200110932B0100932A0113C0809102
:105A0000200188608093200110932D0100932C01C8
:105A100009C00038110514F460E001C061E08C2D6C
:105A20000E945271E5E0EE16F10409F0A2CE109347
:105A30004D0400934C049DCEBDD60E945DD8CB0191
:105A40000E941BA60E9498D50E94035E80911702B7
:105A50001092B7031092B6038CCEACD60E945DD8DC
:105A6000CB011CD70E94F45C809117021092B703FF
:105A70001092B6037ECE0E94896088E5CED6882338
:105A800019F08E9A1092821289E5C7D6882319F0F0
:105A9000749A109283128AE5C0D6882351F09FB77A
:105AA000F894809108018061809308019FBF109253
:105AB000841285E4B2D6882309F45BCE0E9455C7D0
:105AC00058CE4CA55DA5141615060CF061C16A965A
:105AD0008CAC9DACAEACBFAC6A97880E991EAA1E6A
:105AE000BB1E6A962CAD3DAD4EAD5FAD6A97281BCF
:105AF000390B4A0B5B0BCA01B901A30192010E9449
:105B0000D1E3A50194010E9402E448A459A46AA427
:105B10007BA4420E531E641E751E34E143165104CD
:105B2000610471040CF14CEE4416510461047104DB
:105B30003CF450E8451651046104710434F422C069
:105B40007BEE472E512C612C712C48A659A66AA6D3
:105B50007BA68EEF90E0A0E0B0E084199509A6093D
:105B6000B7092C013D0112C024E130E040E050E0D3
:105B700028A739A74AA75BA764E1462E512C612CC0
:105B8000712C04C048A659A66AA67BA6EAEBF7E0EA
:105B900084919F012F5F3F4F882379F0A3962FAF09
:105BA000A397A4963FAFA497DAD6A3962FADA39759
:105BB000A4963FADA497F901EBCF68A579A58AA576
:105BC0009BA50E945D37E5EBF7E084919F012F5F75
:105BD0003F4F882379F0A3962FAFA397A4963FAFAA
:105BE000A497BDD6A3962FADA397A4963FADA49737
:105BF000F901EBCFC301B2010E945D3721964FAD91
:105C0000219722965FAD229723966FAD2397249616
:105C10007FAD24978EEA97E00E941A9425964FADA7
:105C2000259726965FAD269727966FAD27972896DE
:105C30007FAD289787EA97E00E941A944CA55DA54E
:105C4000433051050CF4A4C0C301B2010E940BE023
:105C500020E030E040E850E40E946AE06B017C0103
:105C600021962FAD219722963FAD229723964FADD7
:105C7000239724965FAD249725966FAD259726969A
:105C80007FAD269727968FAD279728969FAD2897AB
:105C90000E94FED62BED3FE049E450E40E946AE00A
:105CA00020E030E040E05FE30E946AE09B01AC014D
:105CB000C701B6010E94ECD76B017C01C501B4019C
:105CC0000E940BE02FE632E143E85AE30E946AE0CB
:105CD0004B015C01B701A60181EA97E00E941A948A
:105CE000B501A4018BE997E00E941A942AE939E9E9
:105CF00049E15FE3C701B6010E946AE06B017C01E4
:105D00009B01AC010E94FFD6A50194010E94ECD733
:105D10002C966CAF7DAF8EAF9FAF2C97A5019401F1
:105D2000C701B6010E946AE020E030E040E05EE397
:105D30000E946AE060966CAF7DAF8EAF9FAF6097B8
:105D4000EBE8F7E084915F015FEFA51AB50A8823BD
:105D500019F005D6F501F6CFB701A60185E897E061
:105D60000E941A942C964CAD5DAD6EAD7FAD2C9714
:105D70008FE797E00E941A9460964CAD5DAD6EADD2
:105D80007FAD609789E797E00E941A948AE0E7D593
:105D900088A599A5AAA5BBA5840D951DA61DB71D0F
:105DA000B595A79597958795809305128CA59DA588
:105DB00001969DA78CA798A921969FAF2197ACA982
:105DC0002296AFAF2297B8AD2396BFAF2397ECAD25
:105DD0002496EFAF24978CA09DA0AEA0BFA0F1E0C9
:105DE0006296FFAF629758C9F1100C94DC1992D1FA
:105DF0000C94EF190E948960BC2C60E08C2D0E94ED
:105E000081710F3FFFEF1F0759F48C2D0E942A71FB
:105E100031E020E0892B09F030E0032F122F05C07C
:105E20000130110569F000E010E08B2D0E942A710D
:105E30008017910709F49DCC80E00E94E9A6F5CF78
:105E400001E010E0F2CFCD59DF4F0FB6F894DEBF7E
:105E50000FBECDBFDF91CF911F910F91FF90EF90BB
:105E6000DF90CF90BF90AF909F908F907F906F907A
:105E70005F904F903F902F90089590914F04E92F9D
:105E8000F0E0EA5DFB4F80839F5F983018F49093B9
:105E90004F0402C010924F04809156068F5F80938A
:105EA000560608954FB7F8942091C7033091C80360
:105EB000F901E058FF4F8081319690814FBF891BD7
:105EC0008F7708958FB7F8942091C7033091C80356
:105ED000F901EF57FF4F9081D901A058BF4F4C9166
:105EE000491749F0D901A90FB11D2C9130E09F5FEE
:105EF0009F77908302C02FEF3FEF8FBFC9010895B6
:105F0000CF93FC0180818B33A1F0809156068830BD
:105F100080F4C62FBF0180914F0420E4829FC0010E
:105F20001124855A9B4F0E944BDA8C2FA6DF81E00B
:105F300001C080E0CF910895CF92DF92EF92FF925F
:105F400060915B0670915C06072E000C880B990B24
:105F50000E940BE06B017C012DEB37E346E855EB2B
:105F60000E9448D987FD0AC02DEB37E346E855E388
:105F7000C701B6010E9405E018164CF4A70196016E
:105F800060E070E080E89FE30E94ECD703C060E02F
:105F900070E0CB0160931C1470931D1480931E1449
:105FA00090931F1460915D0670915E06072E000CA1
:105FB000880B990B0E940BE06B017C012DEB37E302
:105FC00046E855EB0E9448D987FD0AC02DEB37E320
:105FD00046E855E3C701B6010E9405E018164CF4E7
:105FE000A701960160E070E080E89FE30E94ECD793
:105FF00003C060E070E0CB01609320147093211423
:106000008093221490932314FF90EF90DF90CF9011
:1060100008951F93CF93DF93CDB7DEB72C970FB6BC
:10602000F894DEBF0FBECDBF882331F020915B0610
:1060300030915C06232B19F191E0209195122111EA
:1060400001C090E08917D9F0182F8CE0E1E8F2E068
:10605000DE01119601900D928A95E1F7CE0101962D
:106060000E9466C810939512111105C082E090E05D
:106070000E941AC804C08CE692E10E940CA22C96E1
:106080000FB6F894DEBF0FBECDBFDF91CF911F9149
:106090000895CF92DF92EF92FF9280E0BADF1092E4
:1060A0005E0610925D0610925C0610925B061092DE
:1060B0005A0610925906109258061092570626E971
:1060C00032E148E0C12CD12C80ECE82E8FE7F82E8D
:1060D00080E090E0F901E80FF91FC082D182E282EE
:1060E000F382049680329105A9F74150205E3F4F1C
:1060F0004111EECFFF90EF90DF90CF900895BC015B
:106100008AE39FE00E94B36767E771E080E090E078
:106110000C944B7280E1ECE6F2E1ABE5B2E1019068
:106120000D928A95E1F7089580E1EBE5F2E1ACE6A6
:10613000B2E101900D928A95E1F708958F929F92B6
:10614000AF92BF92CF92EF92FF920F931F93CF9394
:10615000DF93CDB7DEB72C970FB6F894DEBF0FBE36
:10616000CDBF4B015C01C0906B12EBE5F2E1808585
:106170009185A285B38544815581668177810081AF
:1061800011812281338109831A832B833C834D83C0
:106190005E836F83788789879A87AB87BC87AE01D8
:1061A000475F5F4FBE016B5F7F4FCE0101960E943C
:1061B00024A28501740127E632E1AE01475F5F4FFB
:1061C000BE016B5F7F4FCE0101960E94E9952C9630
:1061D0000FB6F894DEBF0FBECDBFDF91CF911F91F8
:1061E0000F91FF90EF90CF90BF90AF909F908F90C6
:1061F0000895CF92EF92FF920F931F93CF93DF9367
:10620000CDB7DEB72C970FB6F894DEBF0FBECDBF6B
:10621000C0906B12ECE6F2E180859185A285B38592
:10622000448155816681778100811181228133818A
:1062300009831A832B833C834D835E836F83788726
:1062400089879A87AB87BC87AE01475F5F4FBE01E6
:106250006B5F7F4FCE0101960E9424A2E0905D0209
:10626000F0905E0200915F021091600228E732E137
:10627000AE01475F5F4FBE016B5F7F4FCE0101965E
:106280000E94E9952C960FB6F894DEBF0FBECDBFE5
:10629000DF91CF911F910F91FF90EF90CF900895D4
:1062A0004F925F926F927F928F929F92AF92BF9226
:1062B000CF92DF92EF92FF920F931F93CF93DF93D2
:1062C0005C014B01EA01890140905D0250905E0241
:1062D00060905F0270906002288139814A815B8101
:1062E000609174127091751280917612909177126C
:1062F0000E9405E087FF29C0F801C080D180E280BC
:10630000F38020E030E0A901C701B6010E9405E05A
:10631000811106C0E5E8FEE1C590D590E590F490C6
:10632000C0925D02D0925E02E0925F02F092600243
:1063300088819981AA81BB81809374129093751290
:10634000A0937612B093771254DFF801C080D18009
:10635000E280F38020E030E0A901C701B6010E948D
:1063600005E0811108C0C0906F02D0907002E090EB
:106370007102F0907202C0925D02D0925E02E092D1
:106380005F02F0926002F50180819181A281B38168
:1063900080936C1290936D12A0936E12B0936F1253
:1063A000F40180819181A281B381809370129093D6
:1063B0007112A0937212B09373121BDF288139817E
:1063C0004A815B816091741270917512809176128E
:1063D000909177120E9448D918164CF5F801C080A8
:1063E000D180E280F38020E030E0A901C701B6014E
:1063F0000E9405E0811106C0E5E8FEE1C590D59058
:10640000E590F490C0925D02D0925E02E0925F024D
:10641000F092600288819981AA81BB818093741275
:1064200090937512A0937612B0937712E2DE0E94D9
:10643000896040925D0250925E0260925F027092AB
:106440006002DF91CF911F910F91FF90EF90DF904D
:10645000CF90BF90AF909F908F907F906F905F9004
:106460004F9008959B01AC0160E772E18CE692E1E8
:1064700017CF8F929F92AF92BF92CF92DF92EF92FF
:10648000FF92CF93DF93CDB7DEB728970FB6F8947E
:10649000DEBF0FBECDBF20915D1430915E144091E0
:1064A0005F14509160140E94FFD66B017C016983D8
:1064B0007A838B839C838090961390909713A090FF
:1064C0009813B090991320E030E0A901C501B40100
:1064D0000E9405E087FF0AC0A5019401C701B6012B
:1064E0000E94FED669837A838B839C8320917412E9
:1064F00030917512409176125091771269817A81AC
:106500008B819C810E9448D9181654F41D821E82EA
:106510001F821886BE016B5F7F4FCE010196A2DFFE
:1065200028960FB6F894DEBF0FBECDBFDF91CF9196
:10653000FF90EF90DF90CF90BF90AF909F908F90A3
:106540000895CF92DF92EF92FF920F931F93CF9314
:10655000DF93EC01CC0FDD1FCC0FDD1FFE01E65EEB
:10656000FB4F20E030E0A90160817181828193813D
:106570000E94FFD6FE01E655FC4F20813181428109
:1065800053810E94FFD66B017C01FE01EB5AFB4E4A
:106590006083718382839383FE01E35DF54F659190
:1065A0007591859194918E010154144FA701960124
:1065B0000E94FFD6F8016083718382839383FE017A
:1065C000E75CF54F6591759185919491C35EDD4FC0
:1065D000A70196010E94FFD6688379838A839B83F3
:1065E000DF91CF911F910F91FF90EF90DF90CF90AF
:1065F0000895EF92FF920F931F93CF93DF938C0137
:10660000FC01E754FC4F81E08083F801EE57FD4E1A
:106610008083E801CC0FDD1FCC0FDD1FFE01E655A6
:10662000FC4F1082118212821382C8018ADFFE01A0
:10663000E25DF74F65917591859194919E01245982
:106640003D4E7901CB5ADB4E288139814A815B81ED
:106650000E94FFD6F70160837183828393830230A7
:106660001105D1F42091961330919713409198130E
:1066700050919913609174127091751280917612F5
:10668000909177120E94FED66093741270937512E7
:106690008093761290937712DF91CF911F910F9193
:1066A000FF90EF9008950F931F93CF93DF93CDB793
:1066B000DEB72C970FB6F894DEBF0FBECDBFECE669
:1066C000F2E180859185A285B385448155816681FB
:1066D0007781008111812281338109831A832B8381
:1066E0003C834D835E836F83788789879A87AB87E6
:1066F000BC87AE01475F5F4FBE016B5F7F4FCE012E
:1067000001960E9424A228E732E1AE01475F5F4F65
:10671000BE016B5F7F4FCE0101960E9426952C969D
:106720000FB6F894DEBF0FBECDBFDF91CF911F91A2
:106730000F9108958091C5039091C603009731F0A1
:106740004AE050E060E070E00C9459DE60E070E0F8
:10675000CB0108958091C5039091C603009731F055
:106760004AE050E060E070E00C9431DD60E070E001
:10677000CB010895EFDF97FD0AC0ECDF6F3F710595
:106780008105910509F02CF4E5DF862F089580E05E
:1067900008958FEF08958091C5039091C603892BCA
:1067A00031F0E8DF91E0811103C090E001C091E099
:1067B000892F08950F931F93CF938091C5039091D4
:1067C000C6030097F1F0FC018F01C1912C2F2F7DA2
:1067D00089F0C53411F0C536B9F7F801108260E0D0
:1067E00070E00E94CBDBF801C083562F472F382F73
:1067F000292F0BC060E070E0CF911F910F910C9496
:10680000CBDB50E040E030E020E0652F742F832F99
:10681000922FCF911F910F91089581548A3150F595
:10682000482F50E0FA0193E0F595E7959A95E1F746
:10683000E85BF34F208130E08770B90102C07595A5
:1068400067958A95E2F760FF15C0FA01E25DF34FA4
:106850002081222339F08091510C9091520C820FAB
:10686000911D02C080E090E09093C6038093C50321
:1068700081E0089580E00895D0DF882341F081E031
:106880002091C5033091C603232B09F480E00895BD
:10689000FC01238121110C949F8008958A36910573
:1068A00014F089E690E09093D10B8093D00B0E9476
:1068B00050B780910B0490910C04846090930C0469
:1068C00080930B0408952091CB0E9091CC0E81E023
:1068D000291301C080E008950E94F5716093790C3E
:1068E00070937A0C80937B0C90937C0C089580912C
:1068F000D9039091DA03A091DB03B091DC0380937C
:106900005D0290935E02A0935F02B093600280915B
:10691000D7039091D8039093570280935602DCCF0F
:1069200080915D0290915E02A0915F02B091600241
:106930008093D9039093DA03A093DB03B093DC0335
:1069400080915602909157029093D8038093D70379
:1069500084E690E09093570280935602BDCF9091C9
:10696000C00095FFFCCF8093C60008950F931F933E
:10697000CF93DF93CDB7DEB72D970FB6F894DEBF78
:106980000FBECDBF909119049817A9F1182F60E0A0
:1069900070E080E890E46DDD112321F0809100012A
:1069A00083FD2BC080916C1290916D12A0916E129C
:1069B000B0916F1289879A87AB87BC8780917012DC
:1069C00090917112A0917212B09173128D839E8377
:1069D000AF83B88719821A821B821C829E012F5FA7
:1069E0003F4F44E752E1BE016B5F7F4FCE010996F6
:1069F00057DC1093190480E03BC080EA90E07FDB15
:106A00008AE090E07CDB8AE590E079DB6CED75E074
:106A100080E090E00E944B728091000183FFC2CF22
:106A2000EAE5F8E284918F010F5F1F4F882319F088
:106A300096DFF801F7CFEDE9FAE084918F010F5F5F
:106A40001F4F882319F08BDFF801F7CF40E060E09B
:106A50008EE89AE00E949C720E94E6B78091030241
:106A6000882329F08D870E9449A58D8501C081E08A
:106A70002D960FB6F894DEBF0FBECDBFDF91CF913C
:106A80001F910F910895CF93DF93882329F0809170
:106A9000000183FD06C039C08AE590E0DF91CF9107
:106AA0002ECB80EA90E02BDB8AE090E028DB8AE5C1
:106AB00090E025DB6CED75E080E090E00E944B7289
:106AC0008091000183FF21C0EAE5F8E28491EF01A3
:106AD0002196882319F043DFFE01F8CFE4E5FAE0C0
:106AE0008491EF012196882319F039DFFE01F8CF58
:106AF00040E060E085E49AE00E949C720E94E6B764
:106B00008091030281110E9449A58AE090E0C6CFDE
:106B10004F925F926F927F928F929F92AF92BF92AD
:106B2000CF92DF92EF92FF920F931F93CF93DF9359
:106B3000CDB7DEB72C970FB6F894DEBF0FBECDBF32
:106B40007C014A015B01522E432E82E0E816F104DB
:106B500049F420E030E0A901C501B4010E9405E03C
:106B600087FD87C0D12CEE0CFF1CEE0CFF1CF7013B
:106B7000E459FD4E3F01108211821282138293DD8F
:106B8000F30180829182A282B382C0906B1220E0D6
:106B900030E0A901B801852D942D0E9405E08111F6
:106BA00008C0F701E358F14E85909590A590B490F8
:106BB00005C0C801A52DB42D4C015D018091741252
:106BC00090917512A0917612B09177124091701247
:106BD00050917112609172127091731200916C1247
:106BE00010916D1220916E1230916F1209831A83E9
:106BF0002B833C834D835E836F83788789879A8755
:106C0000AB87BC87AE01475F5F4FBE016B5F7F4FB5
:106C1000CE0101960E9424A28501740128E732E189
:106C2000AE01475F5F4FBE016B5F7F4FCE010196A4
:106C30000E94E9950E948960DD2011F080E023DF49
:106C4000109254142C960FB6F894DEBF0FBECDBF31
:106C5000DF91CF911F910F91FF90EF90DF90CF9038
:106C6000BF90AF909F908F907F906F905F904F906C
:106C7000089581E008DFDD24D39475CFEF92FF9271
:106C80001F93CF93DF937C013BD9182F882399F072
:106C9000E5E7F8E28491EF012196882319F05FDEA1
:106CA000FE01F8CFB7018FEA98E00E94509482E28B
:106CB00056DE8AE054DE812FDF91CF911F91FF9045
:106CC000EF900895DF92EF92FF920F931F93CF936F
:106CD000DF93CDB7DEB76E970FB6F894DEBF0FBE69
:106CE000CDBF6091950C7091960C6115710549F1BD
:106CF0004DE150E0CE0101967C010E94ADDF1E8E79
:106D0000F7018F010E191F09D190DD2019F09AE0CB
:106D1000D912F7CFF701E00FF11F108260E0C70131
:106D2000ADDF882371F0DD20A9F00F5F1F4F809148
:106D3000950C9091960C080F191F1093960C0093C8
:106D4000950C81E02091950C3091960C232B29F421
:106D500080E003C000E010E0F0CF6E960FB6F8942C
:106D6000DEBF0FBECDBFDF91CF911F910F91FF907E
:106D7000EF90DF9008958F929F92AF92BF92EF9223
:106D8000FF921F93CF93DF93CDB7DEB7A0970FB6D7
:106D9000F894DEBF0FBECDBF611571058105910569
:106DA00079F110E0842E912CA12CB12CEE24E394E7
:106DB000F12CEC0EFD1EE10EF11C17FDFA94A5015D
:106DC00094010E94E0E3F7016083B901CA011F5FEB
:106DD000611571058105910549F7115010F1E1E048
:106DE000F0E0EC0FFD1FE10FF11D17FDFA9580811A
:106DF0008A3010F097E301C090E3890FB0DDEDCF4A
:106E000080E3A0960FB6F894DEBF0FBECDBFDF9132
:106E1000CF911F91FF90EF90BF90AF909F908F9078
:106E20009ECDA0960FB6F894DEBF0FBECDBFDF910A
:106E3000CF911F91FF90EF90BF90AF909F908F9058
:106E40000895EF92FF920F931F93CF93DF937C01EE
:106E500084E512DDD82F882321F18CDCC82F181689
:106E6000E4F4E5E7F8E284918F010F5F1F4F882378
:106E700019F075DDF801F7CF8DE471DDB70180E021
:106E800090E04AE078DF6C2FCC0F770B8AE19AE034
:106E90000E9437948AE063DD08C08093B803D0E095
:106EA00004C080916B128093B8038D2FDF91CF9136
:106EB0001F910F91FF90EF900895CF92DF92EF9284
:106EC000FF926B017C0197FF0AC08DE248DDF094D0
:106ED000E094D094C094C11CD11CE11CF11C4AE088
:106EE000C701B601FF90EF90DF90CF9044CFAF92F3
:106EF000BF92CF92DF92EF92FF920F931F93CF93A7
:106F0000DF931F92CDB7DEB7D82EE62EF0900002A9
:106F10002091D003022F022E000C110B1016110627
:106F200014F020930002EAE5F8E284915F012FEF6C
:106F3000A21AB20A882329F0998311DDF5019981FB
:106F4000F4CFED2DF92F84916F019FEFC91AD90A63
:106F5000882319F004DDF601F6CF6091850C70915D
:106F6000860C8091870C9091880CA7DF8AE0F7DC73
:106F7000E1100E94B0CA1F1414F0F0920002000F3A
:106F8000111FF801E353FC4F118210820F90DF9123
:106F9000CF911F910F91FF90EF90DF90CF90BF9016
:106FA000AF9008952F923F924F925F926F927F928F
:106FB0008F929F92AF92BF92CF92DF92EF92FF9209
:106FC0000F931F93CF93DF937DDE8111F0C28091E9
:106FD000D003181614F41092D003C091D0031C16DD
:106FE00044F080910304909104049093C80380932B
:106FF000C7030E94522F882309F46DC1EE24E39445
:10700000F12C80915606883020F40E94522F811175
:1070100066C180914D0F882309F4C9C2809156063C
:10702000811102C01092D603772473944091C91144
:107030005091CA116091CB117091CC118091C51102
:107040009091C611A091C711B091C8114817590766
:107050006A077B0708F4712CC0E0D0E001E084E00F
:10706000C82ED12C9BEEA92E99E0B92E27EE822EA8
:1070700029E0922E3DE8632E80915606883008F074
:1070800096C2711094C28091D603811190C28091F2
:10709000860F9091870FA091880FB091890F8093F0
:1070A000C9119093CA11A093CB11B093CC118EE764
:1070B0009FE00E94107E182F772473942090C911AE
:1070C0003090CA114090CB115090CC114091C51115
:1070D0005091C6116091C7117091C81124163506E0
:1070E00046065706B0F4712C8F3FBFEF9B0709F49B
:1070F00077C08A3009F490C08D3009F48DC0833296
:1071000019F08A3309F0CEC02091D5032111CAC0ED
:107110007FC0E6E0FAE084917F012FEFE21AF20AE5
:10712000882319F01CDCF701F6CF0E9489608EE7F6
:107130009FE00E949F8080913311882359F18150F4
:1071400080933311689EC001112441E061E0885CA6
:107150009E4E0E94A9ABE091331134E0E39FF00111
:107160001124EC5CFE4E4081518162817381409319
:10717000C9115093CA116093CB117093CC118EE753
:107180009FE00E94E87B80914E0F8823C1F000931E
:107190004D0F15C010924D0FB092960CA092950C09
:1071A00091DD0E948EB20E942BB36D337105810573
:1071B000910528F09092960C8092950C83DD81E0E9
:1071C0000E9410AFD0925404C092530480910B04DB
:1071D00090910C04806290930C0480930B0418C06F
:1071E000EAE5F8E284917F019FEFE91AF90A882322
:1071F00019F0B5DBF701F6CFE7EFF9E084917F01F5
:10720000AFEFEA1AFA0A882319F0A9DBF701F6CFE3
:10721000133211F40093D6031092D503209709F48A
:107220002BCF80914F04B0E48B9FC0011124FC014F
:10723000EB5AFB4FCE0FDF1F1E8200838091D103DC
:107240009091D203A091D303B091D4038093550CB5
:107250009093560CA093570CB093580C8091550CFA
:1072600081838091560C82838091570C8383809117
:10727000580C84838091C9119091CA11A091CB11AF
:10728000B091CC118093D1039093D203A093D303F8
:10729000B093D403F89480E00E943D2F7894C0E02E
:1072A000D0E0EACECF33D10508F0E6CE1B3311F49F
:1072B0000093D5032091D5032111DECE90914F0488
:1072C000FE0120E4929FE00DF11D1124EB5AFB4FCB
:1072D00086832196D1CECF5FC093D0039ACE0E94F1
:1072E000622F9090D0038A3019F08D3009F006C1DA
:1072F000E92D990CFF0BDF01A153BC4F1C92EE0F3F
:10730000FF1FDF01A353BC4F8D919C9111970097F4
:1073100009F477CEE25DFB4F20813181E901C80F8E
:10732000D91F18821D921C92208131812F5F3F4FFF
:107330008901D9018C912F5F3F4F8032C9F3E80159
:107340008E3411F000E010E06AE270E0CE010E949D
:1073500037DA6C010115110509F473C062EE79E0AA
:10736000CE010E94BCDFBB24B394892B11F4B12C55
:1073700009C06EE470E0CE0104960E9437DA0097EF
:1073800009F08C014AE050E060E070E0C80101962D
:107390000E9431DD6093C9037093CA038093CB03CD
:1073A0009093CC030091850C1091860C2091870C52
:1073B0003091880C0F5F1F4F2F4F3F4F60177107A1
:1073C0008207930731F0B11004C061E08FEA99E0C1
:1073D0003DC0C114D10401F180E010E0FE01E80FCE
:1073E000F11D90819A3219F08F5F1927F7CF4AE08B
:1073F00050E060E070E0C60101960E9431DD012F8F
:1074000010E020E030E0601771078207930741F039
:1074100061E080E999E01AC061E086E699E016C073
:107420008091C9039091CA03A091CB03B091CC0382
:107430008093850C9093860CA093870CB093880C56
:1074400007C0892B29F060E08CEB98E050DDE1CD9E
:107450008091030281111CC067E470E0CE010E949C
:1074600037DA0097A9F04AE050E060E070E001965A
:107470000E9431DD6430710558F4EFEEF8E084913C
:107480008F010F5F1F4F882319F069DAF801F7CFDA
:1074900069E573E0CE010E9442DA892B11F4109263
:1074A00017026EE573E0CE010E9442DA892B21F4C7
:1074B00086EE98E00E94B8A663E673E0CE010E94D3
:1074C00042DA892B11F40E94A15BE0914F04B0E4F1
:1074D000EB9FF0011124EB5AFB4F1082A091D003D7
:1074E000AA0FBB0BA25DBB4F8D919C91DC012D912E
:1074F000CD01258361E00E94802F83CD092D092CC9
:10750000000C110BE801CC0FDD1FFE01E353FC4F13
:107510005F01C080D180FFE3CF16D1040CF071CDA4
:107520008C35D1F40E94522F882309F46ACD0E9431
:10753000622FF801E153FC4F9081911162CDCD286B
:1075400019F5FE01E25DFB4F0190F081E02D908284
:10755000D501ED92FC9218C0F801E153FC4F8B333A
:1075600011F491E09083908191114BCDCD2861F47D
:10757000FE01E25DFB4F0190F081E02D9082FE0163
:10758000E353FC4FF182E082FE01E25DFB4F40815C
:107590005181C353DC4F28813981B9016F5F7F4F1F
:1075A00079836883FA01E20FF31F80832ACDDF918C
:1075B000CF911F910F91FF90EF90DF90CF90BF90F0
:1075C000AF909F908F907F906F905F904F903F9083
:1075D0002F9008958F929F92AF92BF92CF92DF9299
:1075E000EF92FF92CF936B017C01B42E20E030E04C
:1075F000A9010E9405E087FF06C08DE2B0D9F7FA25
:10760000F094F7F8F094C0E060E070E080E09FE371
:10761000CB1541F02DEC3CEC4CEC5DE30E946AE0B4
:10762000CF5FF6CF9B01AC01C701B6010E94FFD628
:107630006B017C010E9463D84B015C014AE09BDB3B
:10764000CC2379F1C501B4010E9409E09B01AC0192
:10765000C701B6010E94FED66B017C018EE27FD984
:1076600020E030E040E251E4C701B6010E946AE048
:107670004B015C010E945DD86B01770FEE08FF089B
:10768000C701B6011ADCC701B6010E940BE09B01DD
:10769000AC01C501B4010E94FED66B017C01C15052
:1076A000F9F6CF91FF90EF90DF90CF90BF90AF9021
:1076B0009F908F9008952FB7F8948091C703909171
:1076C000C803FC01EF57FF4F3081319730832FBF44
:1076D00008951F920F920FB60F9211248F938091ED
:1076E00036018F910F900FBE0F901F9018951F922B
:1076F0000F920FB60F9211248F938091CE008F912D
:107700000F900FBE0F901F9018951F920F920FB6FB
:107710000F9211240BB60F922F933F934F935F93C9
:107720006F938F939F93AF93BF93EF93FF9350917A
:10773000C6008091030490910404892BC9F04FB7CF
:10774000F8948091030490910404FC01E058FF4FE9
:10775000308121E0230F2F77DC01AF57BF4F6C91B1
:10776000261729F0DC01A30FB11D5C9320834FBFC6
:10777000FF91EF91BF91AF919F918F916F915F9129
:107780004F913F912F910F900BBE0F900FBE0F9016
:107790001F9018951F920F920FB60F9211240BB6DF
:1077A0000F922F933F934F938F939F93EF93FF935A
:1077B0008091D6009091C4038A3521F491110AC0BA
:1077C00081E005C0853A31F4913021F482E0809364
:1077D000C4039AC0923011F483E0F9CF933069F476
:1077E000813821F0833831F486E001C085E0809350
:1077F000C40383C01092C40380C09530B9F52091B2
:10780000C303E1E0E20FE093C303E13029F0E2308B
:1078100049F48093C20316C090E09093ED038093E7
:10782000EC0310C09091C203191664F40E2E000CE4
:10783000FF0BE856FC4E808391509093C20381E089
:107840008093C1038091C103882309F45DC08091B6
:10785000C203811159C081E080931B141092C103AF
:107860001092C403215020939A1347C0963009F018
:1078700047C04091C303E1E0E40FE093C303E2306B
:1078800051F0E33091F0E130B1F490E09093ED03EA
:107890008093EC0320C020E030E03091EC03282BF3
:1078A0003093ED032093EC0316C090E0880F991FEE
:1078B0008093C20310C09091C203191664F40E2E77
:1078C000000CFF0BE956FC4E808391509093C2034D
:1078D00081E08093C1038091C1038823A9F0809146
:1078E000C203811111C081E080931B141092C10367
:1078F0001092C403425040939A131092C30304C0E1
:107900001092C3031092C403FF91EF919F918F9146
:107910004F913F912F910F900BBE0F900FBE0F9084
:107920001F9018959091D00095FFFCCF8093D600C2
:107930000895EF92FF920F931F93CF93DF931F92BF
:10794000CDB7DEB77C01162F042F8AE57983EADFF5
:1079500085EAE8DF83E0800FE5DF82E8E3DFF70117
:107960008181E0DFF7018081DDDFE12E7981F72E73
:10797000100F1E1529F0F70181917F01D3DFF9CF98
:107980000F90DF91CF911F910F91FF90EF9008958D
:10799000CF93DF9300D000D0CDB7DEB72AE529839F
:1079A00021E02A839B838C8384E890E09E838D83EF
:1079B00044E0BE016F5F7F4FCE010596BADF269689
:1079C0000FB6F894DEBF0FBECDBFDF91CF91089503
:1079D000EF92FF920F931F93CF937C018B01C42FE3
:1079E000411108C0F801EC0FF11D8081882311F0CE
:1079F000CF5FF8CF8AE596DF85EA94DF83E08C0FCE
:107A000091DF82E88FDFF70181818CDFF7018081D0
:107A100089DFCC2359F0F8018081882319F00F5FAA
:107A20001F4F01C080E07EDFC150F3CFCF911F9187
:107A30000F91FF90EF9008954F925F926F927F9217
:107A40008F929F92AF92BF92CF92DF92EF92FF926E
:107A50000F931F93CF93DF93CDB7DEB7CE55D109E8
:107A60000FB6F894DEBF0FBECDBF0E94F5714B017B
:107A70005C0140910B0450910C044115510509F42F
:107A8000ADC020E030E0E1E0F0E0BF01022E02C036
:107A9000660F771F0A94E2F7DB01A423B523AB2B13
:107AA000D1F0609570954623572350930C04409372
:107AB0000B04223009F44FC028F4222391F0213026
:107AC000F1F08CC0243009F44EC008F43FC02530DA
:107AD00009F470C083C02F5F3F4F20313105A9F6F4
:107AE0007DC080911502909116028136910509F4AE
:107AF00075C081E690E04CDF81E690E067C0809140
:107B00005D0F40E150E0882319F06DE57FE002C091
:107B100060E57FE0CE0101960E9460DA6EE270E0DF
:107B2000CE0101960E9437DAFC018081882311F092
:107B30001192FBCF80ED90E198A38F8F40E1BE01C1
:107B40006F5F7F4FCE014F9643DF48C0809118048E
:107B50008F7E8093180480911804846080931804A9
:107B60000E9439753BC00E94107480914D0F8111A5
:107B70001AC080913D0F90913E0F0197A1F0809126
:107B80001502909116028534910569F085E490E024
:107B9000FFDE85E490E090931402809313029093AB
:107BA0001602809315028E9A10928212749A109285
:107BB000831214C0809115029091160285349105AC
:107BC00069F085E490E0E4DE85E490E090931402AF
:107BD000809313029093160280931502109109016D
:107BE000117080911504181709F45AC0111121C0A1
:107BF000E1E0FBE084917F012FEFE21AF20A882393
:107C000021F00E94AF34F701F5CF0E94C8AD8091FA
:107C10004E0F882309F43EC080E790E10E9498B09F
:107C200081E090E09A838983CE0101960E947DB025
:107C30002EC080911502909116028734910569F447
:107C400085E490E0A5DE85E490E0909314028093B3
:107C50001302909316028093150210924D0F10920A
:107C60004E0FE0EFFAE084917F019FEFE91AF90AE5
:107C7000882321F00E94AF34F701F5CF80E790E12F
:107C80000E9498B08091D8118E5F8093D81180E0C7
:107C90000E944EB01093150410921704109216040F
:107CA000E0916B12F0E0EE0FFF1FE45BFB4F808171
:107CB00091812091F2033091F3032817390779F06D
:107CC0009093F3038093F20382E197E10E9498B0CE
:107CD00082EF93E00E947DB080E00E944EB0009160
:107CE0005602109157028091F4039091F50380178A
:107CF000910789F01093F5030093F40381E197E174
:107D00000E9498B01A830983CE0101960E947DB02B
:107D100080E00E944EB080911B1410921B148823A7
:107D200011F40C94E148E0909B13F12CFE2CEE240E
:107D300080919C13E82A2091EC033091ED03F90126
:107D4000F751E531F10510F00C94E1488827EC5724
:107D5000FF4F8F4F0C94EFD6F7013197E734F105C1
:107D600010F00C94E1488827E756FF4F8F4F0C9492
:107D7000EFD60E94397580911804846080931804AE
:107D80000C94E1480E94D3740C94E1480E94D3748F
:107D90000E94C6780C94E14885EA9BE09093960C8B
:107DA0008093950C0E9462360C94E1488EE99BE02A
:107DB0009093960C8093950C0E9462360C94E14847
:107DC00087E99BE09093960C8093950C0E94623615
:107DD0000C94E14880E99BE09093960C8093950C7D
:107DE0000E9462360C94E14886E89BE09093960CE2
:107DF0008093950C0E9462360C94E14880E090E0FC
:107E00000E946D7280E090E00E944E340C94E14834
:107E10001092CB0B81E00E9404760E9439750C947D
:107E2000E14881E08093CB0B0E9404760E94397573
:107E30000C94E14881E0809303023DDCECE7FBE039
:107E400084917F01AFEFEA1AFA0A882311F40C94A7
:107E5000E1480E94AF34F701F3CF80E090E00E9448
:107E60006D720C94E1480E94D37480916B12E82FDC
:107E7000F0E0EE0FFF1FEE5DF34F91819F93908135
:107E80009F931F928F9388E693E09F938F938E0129
:107E90000F5F1F4F1F930F930E946FDA61E0C801BD
:107EA0000E943E36809118048061809318040FB6BA
:107EB000F894DEBF0FBECDBF0C94E14881E790E19E
:107EC0000E9498B07E9903C00E9457C738C00E9494
:107ED00067C781E090E09A838983CE0101960E9472
:107EE0007DB080E00E944EB00C94E14882E790E1C2
:107EF0000E9498B0E0916B12F0E0EE0FFF1FE45B80
:107F0000FB4F80819181181619061CF41182108292
:107F100016C08FEF90E091838083DBCF83E790E101
:107F20000E9498B08091180483FF0FC0877F8093D0
:107F300018046AE570E08AE39FE00E94B3678091CD
:107F4000D8118E5F8093D811CCCF886080931804AD
:107F50006AE070E08AE39FE00E94B367BACF60EA0C
:107F600070E08AE39FE00E94B3670C94E1481092AE
:107F7000EB030E947E720C94E14880910104909181
:107F80000204F6E7883F9F0719F08D55964731F4B4
:107F900010920204109201041092CB0B0E945060C8
:107FA00080E090E00E946D720E9439750C94E14867
:107FB0002AE939E949E95EE36091961370919713D4
:107FC00080919813909199130E94FED66093961316
:107FD00070939713809398139093991340E061E006
:107FE00082E69BE00E949C728EE59BE09093960C4B
:107FF0008093950C0E9462368AE59BE09093960CE4
:108000008093950C0E9462360C94E1488091150291
:10801000909116028037910569F080E790E0B8DC16
:1080200080E790E0909314028093130290931602DD
:108030008093150286E59BE09093960C8093950CB7
:108040000E9462360E94493081E59BE09093960C35
:108050008093950C0E9462360C94E1488DEC9CEC68
:10806000ACECBDE38093110490931204A09313042D
:10807000B0931404409038045090390460903A044E
:1080800070903B049C01AD01609196137091971321
:1080900080919813909199130E94FFD66B017C01F7
:1080A00020E030E040EA51EC0E9448D987FF02C04E
:1080B0000C94E14820E030E040EA51E4C701B60109
:1080C0000E9405E0181614F40C94E1480091801207
:1080D00010918112A30192016DEC7CEC8CEC9DE37C
:1080E0000E94ECD70E945DD8600F711F70938112BF
:1080F00060938012C0929613D0929713E0929813D7
:10810000F09299130C94E1488DEC9CECACECBDE33F
:108110008093110490931204A0931304B093140459
:10812000C0903804D0903904E0903A04F0903B04B9
:108130009C01AD01609196137091971380919813F3
:10814000909199130E94FED62B013C0120E030E073
:1081500040EA51EC0E9448D987FF02C00C94E148E4
:1081600020E030E040EA51E4C301B2010E9405E0A2
:10817000181614F40C94E1480091801210918112A9
:10818000A70196016DEC7CEC8CEC9DE30E94ECD792
:108190000E945DD888279927861B970B7801E80EE7
:1081A000F91EF0928112E092801240929613509242
:1081B000971360929813709299130C94E1480E945F
:1081C00063348111FEC781E00E94E2D4FAC70E94A5
:1081D00063348111F6C70E94E2D4F3C780919512EF
:1081E000882319F080E00E94093040E061E087E3D5
:1081F0009BE00E949C7260919613709197138091FE
:108200009813909199136093F6037093F7038093FA
:10821000F8039093F9032AE939E949E95EE30E94FA
:10822000FFD660939613709397138093981390934F
:1082300099138DEC9CECACECBDE38093110490930E
:108240001204A0931304B093140481E00E94D89206
:108250000E94896080E090E0A8E4B3E480936C120F
:1082600090936D12A0936E12B0936F128093701260
:1082700090937112A0937212B0937312C0906B120C
:10828000409174125091751260917612709177122C
:108290008F8F98A3A9A3BAA38BA39CA3ADA3BEA3BE
:1082A0004FA358A769A77AA7AE01495D5F4FBE01EA
:1082B0006D5D7F4FCE014F960E9424A2E12CF12CE0
:1082C00000E712E428E732E1AE01495D5F4FBE01ED
:1082D0006D5D7F4FCE014F960E94E9950E948960A7
:1082E0000E94903482E090E00E943BA40E94773488
:1082F00010927412109275121092761210927712D8
:10830000C0906B128091701290917112A0917212B4
:10831000B091731240916C1250916D1260916E1277
:1083200070916F124BA75CA76DA77EA78FA798AB24
:10833000A9ABBAAB1BAA1CAA1DAA1EAAAE014D5C12
:108340005F4FBE01615D7F4FCE018B960E9424A2DC
:10835000E12CF12C00E212E428E732E1AE014D5CA1
:108360005F4FBE01615D7F4FCE018B960E94E99504
:108370000E9489608E9A10928212749A10928312CF
:1083800080E790E005DB80E790E090931402809313
:108390001302909316028093150213C72AE939E954
:1083A00049E95EE360919613709197138091981359
:1083B000909199130E94FED6609396137093971331
:1083C000809398139093991360E070E080EA90E4B2
:1083D0000E9439320E94C98C0E94C67885E490E0E0
:1083E000D7DA85E490E0909314028093130290937F
:1083F000160280931502E5C68091F6039091F7036B
:10840000A091F803B091F90380939613909397137A
:10841000A0939813B093991380E090E0A0E2B1E4A8
:108420008093741290937512A0937612B093771282
:10843000C0906B1240917012509171126091721243
:108440007091731200916C1210916D1220916E1246
:1084500030916F120FAB18AF29AF3AAF4BAF5CAF93
:108460006DAF7EAF23968CAF9DAFAEAFBFAF2397FE
:10847000AE01415C5F4FBE01655C7F4FCE01C79688
:108480000E9424A2E12CF12C00E212E428E732E160
:10849000AE01415C5F4FBE01655C7F4FCE01C79668
:1084A0000E94E9950E9489600E94C98C85E490E051
:1084B0006FDA85E490E09093140280931302909316
:1084C0001602809315027DC68091741290917512E8
:1084D000A0917612B0917712409170125091711262
:1084E000609172127091731200916C1210916D1262
:1084F00020916E1230916F1227960CAF1DAF2EAFE8
:108500003FAF27972B964CAF5DAF6EAF7FAF2B97EA
:108510002F968CAF9DAFAEAFBFAF2F97AE01455B2F
:108520005F4FBE01695B7F4FCE018D5B9F4F0E9405
:1085300024A228E732E1AE01455B5F4FBE01695BD3
:108540007F4FCE018D5B9F4F0E94269520E030E04B
:1085500040E85FE360917412709175128091761219
:10856000909177120E94FFD66093741270937512E7
:1085700080937612909377120E94F93022C68091F0
:10858000741290917512A0917612B0917712409169
:108590007012509171126091721270917312009169
:1085A0006C1210916D1220916E1230916F126396C1
:1085B0000CAF1DAF2EAF3FAF639767964CAF5DAF6B
:1085C0006EAF7FAF67976B968CAF9DAFAEAFBFAF0F
:1085D0006B97AE01495A5F4FBE016D5A7F4FCE0176
:1085E000815B9F4F0E9424A228E732E1AE01495AE5
:1085F0005F4FBE016D5A7F4FCE01815B9F4F0E943E
:10860000269520E030E040E85FE3609174127091BD
:10861000751280917612909177120E94FED6609327
:1086200074127093751280937612909377120E9451
:10863000F930C7C540E050E060EA70EC80E090E0BF
:108640000E949377BEC540E050E060EA70E480E0AD
:1086500090E00E949377B5C540E050E060EA70EC8E
:1086600081E090E00E949377ACC540E050E060EA82
:1086700070E481E090E00E949377A3C540E050E071
:1086800060EA70EC82E090E00E9493779AC540E047
:1086900050E060EA70E482E090E00E94937791C538
:1086A00040E050E060EA70EC83E090E00E94937755
:1086B00088C540E050E060EA70E483E090E00E940A
:1086C00093777FC599E088E10FB6F894A8958093D9
:1086D00060000FBE90936000FFCF0E947E72809179
:1086E000210C813009F06DC582E090E09093200C60
:1086F00080931F0C66C50E947E728091210C813090
:1087000009F05FC581E090E09093200C80931F0CEE
:1087100058C580E090E00E946D7283E197E10E946D
:1087200098B08091D8118E5F8093D81180E00E941C
:108730004EB047C580E090E00E944E3484E197E15E
:108740000E9498B08091D8118E5F8093D81180E0FC
:108750000E944EB036C51FB7789481E080935204D2
:10876000809152048130E1F3109252040E9457C765
:108770001FBF27C580914E0F882309F442C1C7014E
:108780000297029780F50E94F4BF8C018091160435
:1087900090911704892B21F4109317040093160469
:1087A00060E57FE08EEB9FE00E944F8020911604F1
:1087B0003091170483E0E816F10431F425303105D7
:1087C00070F02450310907C0045011090217130733
:1087D00030F02C5F3F4F309317042093160481E054
:1087E0000E949075EEC494E2E916F10409F469C0A0
:1087F00098F4B1E2EB16F104C1F128F4F1E0EF16C0
:10880000F10431F179C122E2E216F104A9F183E227
:10881000E816F104C1F170C197E2E916F10409F418
:10882000F7C058F4B5E2EB16F10409F48AC0E6E2A9
:10883000EE16F10409F4C7C05FC1F9E2EF16F104C6
:1088400009F404C12AE2E216F10409F42AC154C170
:1088500080913D0F90913E0F01972091150230912C
:108860001602029708F431C70FC782E090E0909398
:10887000540480935304A5C483E090E0909354047F
:10888000809353049EC481E090E0909354048093BD
:1088900053041092170280911502909116028534AC
:1088A000910509F48EC485E490E072D885E490E0E7
:1088B00090931402809313029093160280931502F2
:1088C00080C480E092E10E9498B082E29CE00E9425
:1088D0007DB08091D811885F8093D81180ED9BE0A6
:1088E0000E947DB08CE494E00E947DB08091D8110C
:1088F000885F8093D81186E592E00E947DB081E088
:1089000092E00E947DB08091D811845F8093D8114D
:1089100080E00E944EB080911502909116028B3437
:10892000910509F44EC48BE490E032D88BE490E0DA
:108930009093140280931302909316028093150271
:1089400040C489E490E090931402809313029093C2
:1089500016028093150280E092E10E9498B086E2B0
:108960000E9495BD811103C00E94F24C2AC4CE0121
:1089700001960E948FBF89819A810E946D728091B9
:10898000D811885F8093D811CE0101960E948FBFC5
:1089900089819A810E944E348CE494E00E948FBFBA
:1089A0008091D811885F8093D81186E592E00E946B
:1089B0008FBF81E092E00E948FBF8091D811885FC5
:1089C0008093D811D1CF80911502909116028934ED
:1089D000910571F089E490E00E94C83C89E490E040
:1089E00090931402809313029093160280931502C1
:1089F00064E170E080E090E00E94BD710E948F6BA6
:108A0000E0C30E94C8ADB7E2EB16F10409F0F5C06F
:108A100080911502909116028534910571F085E4DC
:108A200090E00E94C83C85E490E09093140280930B
:108A30001302909316028093150264E170E080E0C7
:108A400090E00E94BD710E947D6BBBC30E94C8ADC7
:108A500080914E0F8823E9F00E94F4BF9093170491
:108A60008093160460E57FE08EEB9FE00E944F80CC
:108A700081E00E949075EAE2FBE084917F019FEF24
:108A8000E91AF90A882309F49CC30E94AF34F7015C
:108A9000F4CF109217041092160480E00E94907593
:108AA00090C38091810F882361F08EE79FE00E9440
:108AB000A67B8EE79FE00E949F8010924C0F109241
:108AC0004B0F40E061E08DED93E00E94A9AB8091F7
:108AD000810F811107C040E060E083E19BE00E94CC
:108AE0009C726FC380914E0F882319F081E08093B0
:108AF0004D0F0E944FC063C040911604509117045F
:108B0000EDE8F2E020E030E081919191E816F9067D
:108B100009F06CC02417350708F068C08E010F5F9C
:108B20001F4F81E1D8011D928A95E9F7CA0101978B
:108B300060E070E0821B930B0E9456AB60E57FE023
:108B40008DED93E00E944BDA40E150E06DE57FE06F
:108B5000C8010E9460DA8091810F882361F08EE75E
:108B60009FE00E94A67B8EE79FE00E949F8010926C
:108B70004C0F10924B0F40E061E080E59FE00E94B7
:108B8000A9AB80914E0F882319F081E080934D0F9F
:108B90000E944FC06EE270E0C8010E9437DAFC010B
:108BA0008081882311F01192FBCF80ED90E198A392
:108BB0008F8F40E1B801CE014F960E94E83C809132
:108BC0001502909116028934910509F4FAC289E4DC
:108BD00090E00E94C83C89E490E090931402809356
:108BE00013029093160280931502EBC22F5F3F4F42
:108BF0002430310509F088CFE4C2E9E2EE16F10431
:108C000009F0DFC280914E0F882309F442CF0E9401
:108C1000F4BF909317048093160460E57FE08EEB19
:108C20009FE00E944F8081E00E949075CAC2FBE0E5
:108C3000EF16F10409F41AC208F067C085E0E816DF
:108C4000F10409F46EC1F0F4A2E0EA16F10409F4AB
:108C500060C158F4EA94EF2809F0B3C280E892E1C9
:108C60000E9498B005E812E190C0F3E0EF16F1041D
:108C700009F452C124E0E216F10409F0A2C20E94F4
:108C800010749FC288E0E816F10409F4E7C158F4B3
:108C9000A6E0EA16F10409F447C1B7E0EB16F104C7
:108CA00009F447C18EC2E9E0EE16F10409F4D9C116
:108CB000FAE0EF16F10409F084C281E894E10E9421
:108CC00098B08091D811825E8093D81180911E0C4B
:108CD00090E09A838983CE0101960E947DB080E066
:108CE0000E944EB060913D0270913E0280913F0221
:108CF000909140020E94D8BF8091D811885E8093E5
:108D0000D81180E00E944EB05CC220ECE216F10463
:108D100009F4C4C1B0F49DE0E916F10409F4AEC150
:108D200008F4A7C1BEE0EB16F10409F4B4C1EFE00A
:108D3000EE16F10409F045C20E9455730E94C678F0
:108D400040C2F3ECEF16F10409F4AEC178F481EC03
:108D5000E816F10409F4A5C192ECE916F10409F052
:108D600030C20E94BB890E94C6782BC2A4ECEA16CE
:108D7000F10409F4A6C1B5ECEB16F10409F021C227
:108D80000E9446730E94C6781CC2F80161917191DD
:108D9000819191918F010E94D8BFF2E105391F079F
:108DA000A1F70AE01CE0D8016D917D918D919D9114
:108DB0008D010E94D8BFBCE00A311B07A1F780E0FB
:108DC0000E944EB00AEF1BE0F80181919191A191B0
:108DD000B1918F0189839A83AB83BC83CE010196C5
:108DE0000E94ACBFFCE00A301F0771F76091F60BE0
:108DF0007091F70B8091F80B9091F90B0E94D8BFFE
:108E00006091F20B7091F30B8091F40B9091F50B44
:108E10000E94D8BF6091EE0B7091EF0B8091F00B28
:108E20009091F10B0E94D8BF6091EA0B7091EB0B0F
:108E30008091EC0B9091ED0B0E94D8BF80E00E94D6
:108E40004EB08091E60B9091E70BA091E80BB091AA
:108E5000E90B89839A83AB83BC83CE0101960E9480
:108E6000ACBF6091E20B7091E30B8091E40B9091A9
:108E7000E50B0E94D8BF02ED1BE0D8016D917D91FA
:108E80008D919D918D010E94D8BFBBE0023E1B07D2
:108E9000A1F780E00E944EB060911A0470911B040B
:108EA00080911C0490911D040E94D8BF60911E0403
:108EB00070911F0480912004909121040E94D8BFDA
:108EC00060912204709123048091240490912504E0
:108ED0000E94D8BF8091D811805F8093D81180E024
:108EE0000E944EB080911502909116028D35910529
:108EF00009F467C18DE590E00E94C83C8DE590E0E3
:108F0000909314028093130290931602809315029B
:108F100058C10E94267455C10E9426740E94C678CA
:108F200050C10E9406744DC10E9406740E94C6780A
:108F300048C180E094E10E9498B06091390270913C
:108F40003A0280913B0290913C020E94D8BF2CEAE9
:108F500035EC47E25EE36091350270913602809114
:108F60003702909138020E94ECD70E94D8BF2CEAB9
:108F700035EC47E25EE360913102709132028091FC
:108F80003302909134020E946AE00E94D8BF80911F
:108F9000D8118C5F8093D81180E00E944EB08091F0
:108FA000D811805F8093D81180E00E944EB08DE28E
:108FB00092E00E947DB08FE292E00E947DB089E253
:108FC00092E00E947DB08BE292E00E947DB0209101
:108FD0001A0C30911B0C44E6F42EF29EC001F39E55
:108FE000900D11240FEF10E0B8010E94DCD67A83B7
:108FF0006983CE0101960E947DB020911C0C3091B6
:109000001D0CF29EC001F39E900D1124B8010E9428
:10901000DCD67A836983CE0101960E947DB080916F
:10902000D8118C5F8093D81180E00E944EB080915F
:109030001502909116028B35910509F4C2C08BE59B
:1090400090E00E94C83C8BE590E0909314028093DE
:1090500013029093160280931502B3C00E94997375
:10906000B0C00E9499730E94C678ABC00E9464731E
:10907000A8C00E9464730E94C678A3C080E095E1F6
:109080000E9498B08091D8118A5E8093D81180E0B8
:109090000E944EB096C00E94557393C00E94C6783D
:1090A00090C00E94BB898DC080EA95E10E9498B073
:1090B0008091D8118C5F8093D81180E00E944EB0CF
:1090C00080C00E9446737DC0EA94E092CB0B2630AC
:1090D000374139F488EF96E79093020480930104B6
:1090E00070C08DE596E7909302048093010469C0F7
:1090F000B70180E090E00E9409E020E030E040E22B
:1091000051E40E94ECD76093110470931204809391
:1091100013049093140481E297E10E9498B0FA82BC
:10912000E982CE0101960E947DB080E00E944EB09F
:1091300048C0B70180E090E00E9409E020E030E004
:1091400040E251E40E94ECD760930D0470930E044A
:1091500080930F049093100482E297E10E9498B0EC
:10916000FA82E982CE0101960E947DB080E00E94E1
:109170004EB027C0F0921402E0921302F092160251
:10918000E09215021EC0F092F503E092F403F09213
:109190005702E092560215C0F092F303E092F203F8
:1091A000E0916B12F0E0EE0FFF1FE45BFB4FF182EA
:1091B000E08207C0C7010E946D7203C0C7010E9410
:1091C0004E348091180481FF11C08091560688307A
:1091D00068F482EB9BE09093960C8093950C0E9430
:1091E0006236809118048D7F809318048091080264
:1091F00090910902A0910A02B0910B02881599057D
:10920000AA05BB0520F08091180482FF8DC1E09172
:109210000104F0910204309709F0199580E091E182
:109220000E9498B06091CC0B7091CD0B8091CE0BC9
:109230009091CF0B0E94A9B080916B1290E0880FA3
:10924000991F845B9B4F0E947DB06091EE037091EB
:10925000EF038091F0039091F1030E94A9B086E59D
:1092600092E00E947DB00CE612E1D8016D917D91F3
:109270008D919D918D010E94A9B0B2E10C371B0721
:10928000A1F780914D0F882369F12091810F22234E
:1092900021F18091C5119091C611A091C711B09193
:1092A000C8110097A105B105B9F0BC01CD016D59F8
:1092B0007F4F8F4F9F4F24E630E040E050E00E9408
:1092C000E0E36091C9117091CA118091CB11909126
:1092D000CC110E94E0E301C020E030E03093FF03B6
:1092E0002093FE038091FE039091FF038536910544
:1092F00024F01092FF031092FE038EEF93E00E9481
:109300007DB08091D8118E5F8093D81180E00E944B
:109310004EB080E191E10E9498B020E030E048EC4E
:1093200052E46091961370919713809198139091E5
:1093300099130E946AE00E9463D8E091D811AE2F81
:10934000B0E0A852BE4E11967C9382E08E0F8093BF
:10935000D811EF5FF0E0E852FE4E618380E00E949A
:109360004EB080914D0F882309F4CBC080E391E18A
:109370000E9498B00E942BB369837A838B839C836D
:109380000E9409E06B017C016091C5117091C611CA
:109390008091C7119091C8110E9409E09B01AC0116
:1093A000C701B6010E946AE06B017C016091C9119E
:1093B0007091CA118091CB119091CC110E9409E05B
:1093C0009B01AC01C701B6010E94ECD76B017C0187
:1093D000CE0101960E94FEB088E00E944EB020E0CF
:1093E00030EC49E754E46091FA037091FB038091FB
:1093F000FC039091FD030E946AE0A70196010E9480
:10940000FFD620E030E04AE754E40E94ECD76F96A4
:109410006CAF7DAF8EAF9FAF6F972B013C01E8948F
:1094200077F82FEF3FEF4FE75FE7C301B2010E94EC
:10943000D3D981110AC02FEF3FEF4FE75FE7C30198
:10944000B2010E9405E018167CF06F968CAD9DADC0
:10945000AEADBFAD6F978093FA039093FB03A093DB
:10946000FC03B093FD0308C0C092FA03D092FB0343
:10947000E092FC03F092FD0389819A81AB81BC816B
:1094800088379105A105B10538F58091D811E9EA31
:10949000FBE08E1BA82FAE0F94913196911102C064
:1094A00080E206C0B0E0A852BE4E11969C93F2CF67
:1094B000A83038F4EA2FF0E0E852FE4E8183AF5F27
:1094C000F7CFA093D811C092FA03D092FB03E09299
:1094D000FC03F092FD0312C06091FA037091FB034C
:1094E0008091FC039091FD030E9463D869837A8385
:1094F0008B839C83CE0101960E94FEB080E00E9487
:109500004EB0D501C40188519C4FAF4FBF4F8093DF
:10951000080290930902A0930A02B0930B02809173
:1095200018048B7F809318048091040290910502A7
:10953000A0910602B091070288159905AA05BB05FE
:1095400008F0C8C080EA90E10E9498B0789909C0FC
:1095500081E090E09A838983CE0101960E947DB0DC
:1095600005C08091D8118E5F8093D8118091D81159
:1095700092E0980F9093D811029909C081E090E091
:109580009A838983CE0101960E947DB003C08C5FCF
:109590008093D8118091D81192E0980F9093D811B0
:1095A0009091000193FF09C081E090E09A83898344
:1095B000CE0101960E947DB003C08C5F8093D811CC
:1095C0008091D81194E0980F9093D8119091000455
:1095D0009F5F9A3018F49093000402C01092000428
:1095E000E0916B12F0E0EE0FFF1FE45BFB4F208178
:1095F00031811216130654F48091000490E09A838E
:109600008983CE0101960E947DB003C08A5F80935A
:10961000D81180914D0F882351F08091000490E083
:109620009A838983CE0101960E947DB005C0809106
:10963000D8118E5F8093D8118091D81192E0980F45
:109640009093D8119091180494FF0AC0809100045F
:1096500090E09A838983CE0101960E947DB003C079
:109660008C5F8093D81180E00E944EB098EC890EF8
:10967000911CA11CB11C8092040290920502A09240
:109680000602B092070226C02734310571F087E444
:1096900090E00E94C83C87E490E09093140280938D
:1096A000130290931602809315020E94F4BF9093C8
:1096B00017048093160460E57FE08EEB9FE00E9424
:1096C0004F8081E00E9490757CCD2934310509F0EE
:1096D0007ECA77CDC25ADF4F0FB6F894DEBF0FBEF9
:1096E000CDBFDF91CF911F910F91FF90EF90DF9051
:1096F000CF90BF90AF909F908F907F906F905F9032
:109700004F9008958F929F92AF92BF92CF92DF9227
:10971000EF92FF920F931F93CF93DF931F921F92AD
:10972000CDB7DEB7E0915F06E1114AC059016C0187
:109730008B017B01E40EF51E0E151F0509F440C0D8
:10974000F60180809180F80161918F016983C401E5
:109750006A830E94BBE36A81681729F1C4010E94F1
:10976000C3E3C4010E94BBE399818917E1F0E5E7F7
:10977000F8E284918F010F5F1F4F882321F00E9430
:10978000AF34F801F6CFE1E8FDE084918F010F5F7F
:109790001F4F882321F00E94AF34F801F6CF81E0FB
:1097A00080935F060DC0BE016F5F7F4FC5010E94B1
:1097B00076B2F60180819181019691838083BCCF3E
:1097C0000F900F90DF91CF911F910F91FF90EF902D
:1097D000DF90CF90BF90AF909F908F900895CF93E0
:1097E000DF93CDB7DEB728970FB6F894DEBF0FBE74
:1097F000CDBF18861F8280EB94E09E838D838FEF10
:109800009FEFA0E0B0E089839A83AB83BC83F89498
:109810009E01295F3F4F44E050E0BE016F5F7F4FE4
:10982000CE0105966FDF789428960FB6F894DEBFC8
:109830000FBECDBFDF91CF910895CF93DF93CDB70A
:10984000DEB728970FB6F894DEBF0FBECDBF1886DF
:109850001F8280EB94E09E838D8380EA90EAA0E0F3
:10986000B0E089839A83AB83BC839E01295F3F4F1D
:1098700044E050E0BE016F5F7F4FCE01059642DFAE
:1098800028960FB6F894DEBF0FBECDBFDF91CF9103
:1098900008950F931F93CF93DF9300D000D0CDB7DF
:1098A000DEB78C011C821B8284EB94E09A8389834F
:1098B0008091220C9091230C9E838D839E012D5FBD
:1098C0003F4F42E050E0BE016B5F7F4FCE010196FB
:1098D00019DF8091D00B9091D10B9E838D839E01D7
:1098E0002D5F3F4F42E050E0BE016B5F7F4FCE01E6
:1098F000019608DF9E012D5F3F4F42E050E06CE48F
:1099000074E0CE010196FEDE9E012D5F3F4F41E0E7
:1099100050E06BE672E1CE010196F4DE9E012D5F10
:109920003F4F42E050E066E572E0CE010196EADE8C
:109930009E012D5F3F4F44E050E06DE572E0CE01A7
:109940000196E0DE9E012D5F3F4F44E050E065E56B
:109950007CE0CE010196D6DE9E012D5F3F4F4EE0AA
:1099600050E06DED73E0CE010196CCDE9E012D5FDF
:109970003F4F44E050E06CE672E1CE010196C2DE5A
:109980009E012D5F3F4F44E050E060E772E1CE0161
:109990000196B8DE9E012D5F3F4F44E050E064E742
:1099A00072E1CE010196AEDE9E012D5F3F4F44E095
:1099B00050E068E772E1CE010196A4DE9E012D5FC2
:1099C0003F4F44E050E0B801CE0101969BDE269661
:1099D0000FB6F894DEBF0FBECDBFDF91CF911F91C0
:1099E0000F9108958F929F92AF92BF92CF92DF9284
:1099F000EF92FF920F931F93CF93DF93CDB7DEB714
:109A0000A4970FB6F894DEBF0FBECDBF1D861E868D
:109A10001F86188A80E390E3A0E3B0E089879A87E5
:109A2000AB87BC871C8E1B8E84E690E09A8F898F53
:109A300010925F069E01255E3F4F44E050E0BE015C
:109A4000675F7F4FCE0149965DDE898D9A8D0296C4
:109A50009A8F898F1C8E1B8E81E08CA39E01255EC0
:109A60003F4F41E050E0BE016C5D7F4FCE01499613
:109A700049DE9E01255E3F4F40E150E065E872E11E
:109A8000CE0149963FDE9E01255E3F4F40E150E00A
:109A90006AE07CE0CE01499635DE9E01255E3F4FAF
:109AA00040E150E06AEF7BE0CE0149962BDE9E015B
:109AB000255E3F4F44E050E066EF7BE0CE014996E3
:109AC00021DE9E01255E3F4F44E050E062EF7BE0E7
:109AD000CE01499617DE9E01255E3F4F44E050E0DF
:109AE0006EEE7BE0CE0149960DDE9E01255E3F4F76
:109AF00044E050E06AEE7BE0CE01499603DE9E0131
:109B0000255E3F4F44E050E062EE7BE0CE01499697
:109B1000F9DD9E01255E3F4F44E050E066EE7BE0BC
:109B2000CE014996EFDD9E01255E3F4F40E150E0BA
:109B300062ED7BE0CE014996E5DD9E01255E3F4F5B
:109B40004CE050E06AE174E0CE014996DBDD80E054
:109B500090E0A0E2B1E48D839E83AF83B8879E013D
:109B6000255E3F4F44E050E0BE016B5F7F4FCE016A
:109B70004996C8DD1BA21D861E861F86188A83E0B3
:109B80008AA389A39E01255E3F4F41E050E0BE01BC
:109B90006D5D7F4FCE014996B5DD9E01255E3F4F3D
:109BA00044E050E0BE01635F7F4FCE014996AADDDD
:109BB0009E01255E3F4F41E050E0BE016E5D7F4F4C
:109BC000CE0149969FDD9E01255E3F4F41E050E06A
:109BD000BE016F5D7F4FCE01499694DD1AE01150B2
:109BE0009E01255E3F4F44E050E0112339F0BE0155
:109BF000635F7F4FCE01499685DDF1CF66E973E162
:109C0000CE0149967FDD4091961350919713609154
:109C10009813709199138DEB9DE00E941A948AE03D
:109C20000E94AF349E01255E3F4F41E050E065E960
:109C300072E1CE01499666DD1D861E861F86188A52
:109C40001AE0115061F09E01255E3F4F44E050E064
:109C5000BE01635F7F4FCE01499654DDF2CF88E0AD
:109C600088A38F8F9E01255E3F4F41E050E0BE01EB
:109C7000605E7F4FCE01499645DD9E01255E3F4FD8
:109C800041E050E0BE01615E7F4FCE0149963ADD72
:109C90009E01255E3F4F44E050E06BE576E0CE014B
:109CA000499630DD9E01255E3F4F44E050E067E578
:109CB00076E0CE01499626DD9E01255E3F4F40E0CD
:109CC00051E066E972E1CE0149961CDD1E8E1D86CB
:109CD0001E861F86188A8FEF8D8F9E01255E3F4F4F
:109CE00041E050E0BE01625E7F4FCE0149960ADD41
:109CF0009E01255E3F4F44E050E0BE01635F7F4F11
:109D0000CE014996FFDC9E01255E3F4F41E050E0C9
:109D1000BE01635E7F4FCE014996F4DC1D861E8630
:109D20001F86188A1DE011509E01255E3F4F44E0BA
:109D300050E0112339F0BE01635F7F4FCE01499699
:109D4000E1DCF1CF6DE272E0CE014996DBDC9E01F1
:109D5000255E3F4F44E050E069E272E0CE01499653
:109D6000D1DC9E01255E3F4F44E050E06AE17CE09B
:109D7000CE014996C7DCC12C80E8D82E8BE3E82EB3
:109D800085E4F82E812C912C90E8A92E9FE3B92E22
:109D900011112EC09E01255E3F4F44E050E069E363
:109DA00072E0CE014996AEDC9E01255E3F4F44E055
:109DB00050E065E372E0CE014996A4DC9E01255E89
:109DC0003F4F44E050E061E372E0CE0149969ADCF7
:109DD0008D869E86AF86B88A9E01255E3F4F44E001
:109DE00050E0BE01635F7F4FCE0149968BDC22C0FD
:109DF000CD86DE86EF86F88A9E01255E3F4F44E0E1
:109E000050E0BE01635F7F4FCE0149967BDC1D862B
:109E10001E861F86188A04E0015061F09E01255EAF
:109E20003F4F44E050E0BE01635F7F4FCE01499653
:109E300069DCF2CF1F5F153009F0AACF84E190E012
:109E4000988F8F8B9E01255E3F4F42E050E0BE0110
:109E5000695E7F4FCE01499655DC80E090E8ABE328
:109E6000B5E48D879E87AF87B88B14E0115061F001
:109E70009E01255E3F4F44E050E0BE01635F7F4F8F
:109E8000CE0149963FDCF2CF80E290E09E8B8D8B35
:109E90009E01255E3F4F42E050E0BE016B5E7F4F6A
:109EA000CE0149962FDC9E01255E3F4F41E050E0F8
:109EB0006EE17CE0CE01499625DC11110CC0809149
:109EC0003D0290913E02A0913F02B09140028D87E9
:109ED0009E87AF87B88B9E01255E3F4F44E050E0E0
:109EE000BE01635F7F4FCE0149960CDC1F5F1530CA
:109EF00021F71C8A1B8A1BE09E01255E3F4F42E032
:109F000050E0BE016D5E7F4FCE014996FBDB1150E4
:109F100099F71D861E861F86188A9E01255E3F4F73
:109F200044E050E0BE01635F7F4FCE014996EADB1B
:109F30009E01255E3F4F44E050E0BE01635F7F4FCE
:109F4000CE014996DFDB19821A821B821C8214E043
:109F5000115061F09E01255E3F4F44E050E0BE018C
:109F60006F5F7F4FCE014996CDDBF2CF80915F06C8
:109F7000811144C0E98CFA8C8B8D9C8D9A8B898BD6
:109F800084E690E09A8F898F9E01255E3F4F44E0E2
:109F900050E061ED72E0CE014996B4DB9E01255E92
:109FA0003F4F42E050E0BE016F5E7F4FCE014996C9
:109FB000A9DBE5E7F8E284918F010F5F1F4F88234B
:109FC00021F00E94AF34F801F6CFB7016456710951
:109FD0008BEA9DE00E94379469897A898EE99DE039
:109FE0000E943794EBE9FDE084918F010F5F1F4FD2
:109FF000882321F00E94AF34F801F6CF90915F06DC
:10A0000081E08927A4960FB6F894DEBF0FBECDBFBE
:10A01000DF91CF911F910F91FF90EF90DF90CF9044
:10A02000BF90AF909F908F900895AF92BF92CF92C4
:10A03000DF92EF92FF920F931F93CF93DF931F92C4
:10A04000CDB7DEB77C016B018A01590180915F06B3
:10A05000811119C0F701808191810E94BBE389833E
:10A06000F60181936F01BE016F5F7F4FC5010E94B2
:10A0700076B2F701408151814F5F5F4F518340833A
:10A080000150110939F70F90DF91CF911F910F9176
:10A09000FF90EF90DF90CF90BF90AF900895CF9357
:10A0A000DF93CDB7DEB728970FB6F894DEBF0FBEAB
:10A0B000CDBF18861F8280EB94E09E838D839E0126
:10A0C000295F3F4F44E050E0BE016F5F7F4FCE01FC
:10A0D0000596ABDF81E049815A816B817C81403AF2
:10A0E000504A6105710509F080E028960FB6F89492
:10A0F000DEBF0FBECDBFDF91CF9108950E9478944F
:10A100000E9472A20E9473C780E090E00E94A13278
:10A1100081E090E00E94A13282E090E00E94A132B2
:10A120000E9484BE0C949C2F2F923F924F925F927C
:10A130006F927F928F929F92AF92BF92CF92DF9257
:10A14000EF92FF920F931F93CF93DF93CDB7DEB7BC
:10A15000C655D1090FB6F894DEBF0FBECDBF2DB7DF
:10A160003EB765963FAF2EAF65972B961FAE1EAEDE
:10A170002B9784E690E029969FAF8EAF29979E019A
:10A18000275B3F4F44E050E0BE01635C7F4FCE0150
:10A19000895B9F4F4ADF9E01275B3F4F42E050E0C3
:10A1A000BE016B5B7F4FCE01895B9F4F3EDF43E07B
:10A1B00050E0BE01635C7F4F81ED92E00E9452DA75
:10A1C000892BA1F18DAD863519F08FE38DAF1EAED1
:10A1D000E5E7F8E284918F010F5F1F4F882321F09C
:10A1E0000E94AF34F801F6CFE5E4FEE084918F01E0
:10A1F0000F5F1F4F882321F00E94AF34F801F6CF84
:10A20000BE01635C7F4F8CE39EE00E945094EEE2BF
:10A21000FEE084918F010F5F1F4F882321F00E9481
:10A22000AF34F801F6CF0E94BB89E7C36DB67EB6A6
:10A2300019AE1AAE1BAE1CAE2B961FAE1EAE2B97E0
:10A240009E01275B3F4F41E050E0BE016E5A7F4FB9
:10A25000CE01895B9F4FE9DE80E1E1EAF2E0DE01B9
:10A26000919601900D928A95E1F780E1E1EBF2E0A1
:10A27000DE01519601900D928A95E1F780E1E1ECC3
:10A28000F2E08E010F5F1F4FD80101900D928A9569
:10A29000E1F76396CFAC6397D12C33E0C30ED11CAA
:10A2A000CC0CDD1CCC0CDD1C8DB79EB78C199D0928
:10A2B0000FB6F8949EBF0FBE8DBFEDB7FEB73196B7
:10A2C0004F012DB73EB72C193D090FB6F8943EBF8C
:10A2D0000FBE2DBF8DB79EB701965C01EDB7FEB7DF
:10A2E000EC19FD090FB6F894FEBF0FBEEDBF2DB7F8
:10A2F0003EB72F5F3F4F79019E01275B3F4FA6017D
:10A30000B401CE01895B9F4F90DE9E01275B3F4FDA
:10A31000A601B501CE01895B9F4F87DE9E01275BB9
:10A320003F4FA601B701CE01895B9F4F7EDE63964A
:10A330002FAD639730E02E5F3F4F8AEF9BE067962B
:10A340009FAF8EAF6797AAE0BCE065E872E180E05E
:10A3500090E040E050E02417350714F0640105C098
:10A36000F1E2CF2ED12CCC0EDD1EC80ED91EF60187
:10A370002080318042805380FB01219231924192B2
:10A380005192BF012417350714F0650105C0E1E1C2
:10A39000CE2ED12CCC0EDD1EC80ED91EF60120808B
:10A3A0003180428053802D923D924D925D922417D0
:10A3B000350714F0670101C06801C80ED91EF60107
:10A3C00020803180428053806796EEADFFAD679765
:10A3D00021923192419251926796FFAFEEAF67970B
:10A3E0004F5F5F4F04964430510509F0B4CF9E0192
:10A3F000275B3F4F44E050E066EF7BE0CE01895B96
:10A400009F4F13DE9E01275B3F4F44E050E062EF19
:10A410007BE0CE01895B9F4F08DE9E01275B3F4FAB
:10A4200044E050E06EEE7BE0CE01895B9F4FFDDDA6
:10A430009E01275B3F4F44E050E06AEE7BE0CE0197
:10A44000895B9F4FF2DD9E01275B3F4F44E050E068
:10A4500062EE7BE0CE01895B9F4FE7DD9E01275BCB
:10A460003F4F44E050E066EE7BE0CE01895B9F4FBA
:10A47000DCDD9E01275B3F4F40E150E062ED7BE079
:10A48000CE01895B9F4FD1DD9E01275B3F4F4CE0A2
:10A4900050E06AE174E0CE01895B9F4FC6DD9E010A
:10A4A000275B3F4F44E050E0BE01675C7F4FCE0129
:10A4B000895B9F4FBADD9E01275B3F4F41E050E033
:10A4C000BE016F5A7F4FCE01895B9F4FAEDD9E016B
:10A4D000275B3F4F44E050E0BE01675C7F4FCE01F9
:10A4E000895B9F4FA2DD9E01275B3F4F41E050E01B
:10A4F000BE01605B7F4FCE01895B9F4F96DD9E0161
:10A50000275B3F4F41E050E0BE01615B7F4FCE01D2
:10A51000895B9F4F8ADD61968FAD619760960FAD25
:10A520006097809F80011124E12CF12C9E01275B14
:10A530003F4F44E050E0E016F10659F0BE01675C81
:10A540007F4FCE01895B9F4F70DDFFEFEF1AFF0A4F
:10A55000EDCF66E973E1CE01895B9F4F66DD9E0119
:10A56000275B3F4F41E050E065E972E1CE01895B36
:10A570009F4F5BDD1AE011509E01275B3F4F112377
:10A5800051F044E050E0BE01675C7F4FCE01895B33
:10A590009F4F4BDDF0CF41E050E0BE01625B7F4F4B
:10A5A000CE01895B9F4F41DD9E01275B3F4F41E01C
:10A5B00050E0BE01635B7F4FCE01895B9F4F35DD6D
:10A5C0002F968FAD2F979E01275B3F4F44E050E0C1
:10A5D000883011F52E968FAD2E978830E9F46BE513
:10A5E00076E0CE01895B9F4F20DD9E01275B3F4FC8
:10A5F00044E050E067E576E0CE01895B9F4F15DDD2
:10A600009E01275B3F4F40E051E066E972E1CE01D9
:10A61000895B9F4F0ADD31C0BE016B5C7F4FCE016D
:10A62000895B9F4F02DD9E01275B3F4F44E050E076
:10A63000BE016F5C7F4FCE01895B9F4FF6DC2F968A
:10A640008FAD2F972E960FAD2E97809F80011124EE
:10A65000E12CF12CE016F10681F09E01275B3F4FC3
:10A6600044E050E0BE01675C7F4FCE01895B9F4FA5
:10A67000DCDC2FEFE21AF20AEDCF9E01275B3F4FA1
:10A6800041E050E0BE01645B7F4FCE01895B9F4F8C
:10A69000CCDC9E01275B3F4F44E050E0BE01675C8D
:10A6A0007F4FCE01895B9F4FC0DC9E01275B3F4FF0
:10A6B00041E050E0BE01655B7F4FCE01895B9F4F5B
:10A6C000B4DC19AE1AAE1BAE1CAE1DE011509E01DB
:10A6D000275B3F4F44E050E0112341F0BE01675C2F
:10A6E0007F4FCE01895B9F4FA0DCF0CF6DE272E01F
:10A6F000CE01895B9F4F99DC9E01275B3F4F44E071
:10A7000050E069E272E0CE01895B9F4F8EDC9E01D2
:10A71000275B3F4F44E050E06AE17CE0CE01895B7B
:10A720009F4F83DC9E01275B3F4F44E050E0BE011A
:10A73000675C7F4FCE01895B9F4F77DC111139C079
:10A74000C9ACDAACEBACFCAC20E030E84BE355E450
:10A75000C701B6010E9405E0882359F1C092390271
:10A76000D0923A02E0923B02F0923C029E01275BBB
:10A770003F4F44E050E065E372E0CE01895B9F4FBC
:10A7800054DC9E01275B3F4F44E050E061E372E000
:10A79000CE01895B9F4F49DC9E01275B3F4F44E020
:10A7A00050E0BE01675C7F4FCE01895B9F4F3DDC6F
:10A7B00010C004E0015069F09E01275B3F4F44E068
:10A7C00050E0BE01675C7F4FCE01895B9F4F2DDC5F
:10A7D000F1CF1F5F153009F0A5CF9E01275B3F4FDA
:10A7E00042E050E0BE016D5B7F4FCE01895B9F4F21
:10A7F0001CDC14E011509E01275B3F4F112351F0E8
:10A8000044E050E0BE01675C7F4FCE01895B9F4F03
:10A810000CDCF0CF42E050E0BE016F5B7F4FCE0119
:10A82000895B9F4F02DC9E01275B3F4F41E050E078
:10A830006EE17CE0CE01895B9F4FF7DB9E01275BD9
:10A840003F4F44E050E0BE01675C7F4FCE01895B23
:10A850009F4FEBDB11110CC089AD9AADABADBCAD18
:10A8600080933D0290933E02A0933F02B09340023A
:10A870001F5F153019F71BE09E01275B3F4F42E039
:10A8800050E0BE016B5C7F4FCE01895B9F4FCDDBFB
:10A89000115091F79E01275B3F4F44E050E0BE010D
:10A8A000675C7F4FCE01895B9F4FBFDB9E01275BBB
:10A8B0003F4F44E050E0BE01675C7F4FCE01895BB3
:10A8C0009F4FB3DB14E0115069F09E01275B3F4FAF
:10A8D00044E050E0BE016F5C7F4FCE01895B9F4F2B
:10A8E000A4DBF1CF2B962EAD3FAD2B9727968EADE7
:10A8F0009FAD279728173907B9F500DCE5E7F8E29F
:10A9000084918F010F5F1F4F811103C001ED12E091
:10A9100004C00E94AF34F801F3CFF80181918F0198
:10A92000882319F00E94AF34F8CF29966EAD7FAD21
:10A9300029976456710981E19EE00E9437942B9615
:10A940006EAD7FAD2B9784E09EE00E943794E1E0EE
:10A95000FEE084918F010F5F1F4F882309F448C0E8
:10A960000E94AF34F801F5CFEAE5F8E284918F0157
:10A970000F5F1F4F882321F00E94AF34F801F6CFFC
:10A98000E1EEFDE084918F010F5F1F4F882321F0DE
:10A990000E94AF34F801F6CF27966EAD7FAD2797B2
:10A9A00080E090E04AE00E94BB36ECEDFDE084914F
:10A9B0008F010F5F1F4F882321F00E94AF34F801F1
:10A9C000F6CF2B966EAD7FAD2B9780E090E04AE0FE
:10A9D0000E94BB36ECECFDE084918F010F5F1F4FAE
:10A9E000882321F00E94AF34F801F6CF0E94BB8982
:10A9F0000FB6F8947EBE0FBE6DBE80E00E94C38588
:10AA000090915F0681E0892765962EAD3FAD6597F1
:10AA10000FB6F8943EBF0FBE2DBFCA5ADF4F0FB618
:10AA2000F894DEBF0FBECDBFDF91CF911F910F9184
:10AA3000FF90EF90DF90CF90BF90AF909F908F905E
:10AA40007F906F905F904F903F902F900895FC0102
:10AA500020E03EE2DB014C91403241F0283011F41D
:10AA600030833196DB014C91408331962F5F6F5FCD
:10AA70007F4F2B3079F710820895CF92DF92EF92BB
:10AA8000FF92CF936B017C01C42F8091970E909120
:10AA9000980EA091990EB0919A0E8C159D05AE0559
:10AAA000BF05D1F00E94057B811102C080E018C073
:10AAB00027E93CE0B701A6018091A00E9091A10E7C
:10AAC0000E94E0A3882391F3C092970ED092980E33
:10AAD000E092990EF0929A0E81E0C11180939F0E40
:10AAE000CF91FF90EF90DF90CF9008954F925F92BB
:10AAF0006F927F928F929F92AF92BF92CF92DF928E
:10AB0000EF92FF920F931F93CF93DF93EC016A01B3
:10AB10007B0128013901423051056105710510F4AE
:10AB200080E064C089859A85AB85BC850196A11DAE
:10AB3000B11D84179507A607B70790F38F89803159
:10AB400049F48D2C9E2CAF2CBB248B899C89AD891C
:10AB5000BE890FC0803221F78B889C88AD88BE8863
:10AB6000DB01CA0157E0B695A795979587955A9549
:10AB7000D1F7880E991EAA1EBB1E41E0C501B40183
:10AB80007CDF882369F29F89903161F4DD24EE2413
:10AB9000FF249601220F331FF901E956F34F51822A
:10ABA000408211C0E894C7F8DD24EE24FF2496010A
:10ABB000220F331F220F331FF901E956F34F408252
:10ABC0005182628273829A89923080F04D815E81D7
:10ABD0006F817885840E951EA61EB71E80929B0EEF
:10ABE00090929C0EA0929D0EB0929E0EDF91CF91FE
:10ABF0001F910F91FF90EF90DF90CF90BF90AF909B
:10AC00009F908F907F906F905F904F900895CF921C
:10AC1000DF92EF92FF920F931F93CF93DF93FC018C
:10AC200081859285A385B4850196A11DB11D8417E8
:10AC30009507A607B70710F480E061C087898031C7
:10AC400049F4BB27A72F962F852FC388D488E58882
:10AC5000F6880FC0803281F783899489A589B689E7
:10AC60006A017B01C7E0F694E794D794C794CA952C
:10AC7000D1F78C0D9D1DAE1DBF1DE9016A017B0141
:10AC80008F014091970E5091980E6091990E70919E
:10AC90009A0E84179507A607B70799F4F8018789D4
:10ACA0008031B1F4B701A601552766277727440FF5
:10ACB000551FFA01E956F34F80819181A0E0B0E081
:10ACC00019C040E0BC01CD01D8DE8111E7CFB4CF7F
:10ACD000B701A6014F77552766277727440F551FE1
:10ACE000440F551FFA01E956F34F80819181A281EB
:10ACF000B381BF7088839983AA83BB8381E0DF918E
:10AD0000CF911F910F91FF90EF90DF90CF9008951A
:10AD10004F925F926F927F92AF92BF92CF92DF92EB
:10AD2000EF92FF920F931F93CF93DF9300D01F9268
:10AD3000CDB7DEB78C0149835A836B837C8359017D
:10AD4000C12CD12C7601412C82E0582E612C712C23
:10AD500049815A816B817C819E012F5F3F4FC801E1
:10AD600056DF882341F1D301C201F801058404C0F4
:10AD7000880F991FAA1FBB1F0A94D2F7C80ED91EAD
:10AD8000EA1EFB1E49815A816B817C818789803153
:10AD900039F481E0483F5F4F6105710538F4D8CF41
:10ADA00081E0483F5F4F6F4F7F4090F2F501C082D6
:10ADB000D182E282F3820F900F900F900F90DF917B
:10ADC000CF911F910F91FF90EF90DF90CF90BF90A8
:10ADD000AF907F906F905F904F9008951F93CF93A7
:10ADE000DF93182F882301F1E5E7F8E28491EF0162
:10ADF0002196882321F00E94AF34FE01F7CF84E52D
:10AE00000E94AF34612F70E080E090E04AE00E9441
:10AE1000BB3680E20E94AF34CCE0D3E08991882336
:10AE2000B9F00E94AF34FACF10926B12E5E7F8E266
:10AE30008491EF012196882321F00E94AF34FE0116
:10AE4000F7CF60916B1270E089ED91E10E94379429
:10AE50008AE00E94AF3480910B0490910C048460CE
:10AE600090930C0480930B04DF91CF911F91089570
:10AE70002F923F924F925F926F927F928F929F920A
:10AE8000AF92BF92CF92DF92EF92FF920F931F93F8
:10AE9000CF93DF93CDB7DEB764970FB6F894DEBFDC
:10AEA0000FBECDBF85E40E940D34882329F00E9497
:10AEB000DA334B015C0105C0812C912CA12C50ECA4
:10AEC000B52E8AE50E943C34882329F00E94DA33AB
:10AED0002B013C0106C0412C512C40E2642E41E480
:10AEE000742E88E50E943C34882319F00E94DA33DE
:10AEF00004C060E070E080E490E46D877E878F8717
:10AF0000988B89E50E943C34882319F00E94DA333B
:10AF100004C060E070E080E490E469877A878B8702
:10AF20009C8785E50E940D34882329F00E94DA333E
:10AF30006B017C0106C0C12CD12C38ECE32E32EC25
:10AF4000F32E8CE40E940D34882339F00E94DA330A
:10AF5000698B7A8B8B8B9C8B04C0198A1A8A1B8A0B
:10AF60001C8A82E40E943C3481110E94AA33009121
:10AF70003D0F10913E0F8091780C8111D4C18091CA
:10AF8000590C83FD13C020E030E0A901C701B601D0
:10AF90000E9405E0811108C020E030E0A901C50150
:10AFA000B4010E9405E081110E94578C81E08093DA
:10AFB000780C90914D0F992321F010924D0F8093B2
:10AFC000BE0B0E948FC040E061E085ED9FE00E94D3
:10AFD0009C72E2ECFFE084911F013FEF231A330AD9
:10AFE000882321F00E94AF34F101F5CF0E948960DF
:10AFF00080E1ECE6F2E1A0E6B6E001900D928A95E0
:10B00000E1F78091820C882309F4B1C0F894809113
:10B010004D0F81110AC08091BE0B882309F4A4C092
:10B020008091820C882309F49FC00E942BB369830E
:10B030007A838B839C831092550C1092560C10923D
:10B04000570C1092580C0E946334882309F445C0B1
:10B0500021E5322E0E946334882359F1E091CC0E11
:10B060003E9EF0011124E059F94F82819381A48121
:10B07000B581892B8A2B8B2BA9F0E091CC0E81E531
:10B08000E89FF0011124E059F94F82819381A48156
:10B09000B5818093550C9093560CA093570CB093A8
:10B0A000580C07C08091CC0E8F5F8F708093CC0EB0
:10B0B000D1CFE091CC0E91E5E99FF0011124E05948
:10B0C000F94F87A190A5A1A5B2A580935D029093A9
:10B0D0005E02A0935F02B09360028091550C909144
:10B0E000560CA091570CB091580C892B8A2B8B2BA6
:10B0F00059F00E94366984E690E00E941AC8CE0199
:10B1000001960E94494C30C0809155062091560608
:10B1100090E0921771F330E4839FF0011124EB5A11
:10B12000FB4F3081313029F08F5F8830D8F080E0DC
:10B1300019C031813093550C32813093560C3381D4
:10B140003093570C34813093580C4091550C5091EA
:10B15000560C6091570C7091580C452B462B472B81
:10B1600019F3C7CF9F5FD5CF78941092810C20E060
:10B1700030E0A901C501B4010E9405E08823E9F08F
:10B180000E948A30A5019401609167127091681243
:10B190008091691290916A120E94FFD660936712A3
:10B1A000709368128093691290936A1260E070E065
:10B1B00080E792E40E949E30ACD720E030E0A90105
:10B1C000C301B2010E9448D91816FCF480E090E057
:10B1D000A0EAB0E489839A83AB83BC83A301920184
:10B1E000609174127091751280917612909177121D
:10B1F0000E94FFD66D837E838F839887BE016F5F29
:10B200007F4FCE0105960E94323280E090E0A8EC9C
:10B21000B2E489839A83AB83BC839E012F5F3F4F47
:10B2200044E752E1BE01675F7F4FCE010D960E9459
:10B23000503120E030E0A901C701B6010E9405E0CD
:10B24000882399F140E061E08FE89FE00E949C72C2
:10B2500080E00E94E9A6ECE7FFE084915F019FEFA8
:10B26000A91AB90A882321F00E94AF34F501F5CF5D
:10B270000E948A30A701960160916712709168124E
:10B280008091691290916A120E94FFD660936712B2
:10B29000709368128093691290936A1260E070E074
:10B2A00080E291E40E949E3034D740E060E085E186
:10B2B0009FE00E949C72EBEFFEE084917F013FEFE4
:10B2C000E31AF30A882321F00E94AF34F701F5CF87
:10B2D00080E00E94E9A6E1EEFEE084917F019FEF0D
:10B2E000E91AF90A882321F00E94AF34F701F5CF5B
:10B2F0000E9455C764E670E080E090E00E944B72C7
:10B300000E94C6B1EFECFEE084917F013FEFE31AAB
:10B31000F30A882379F00E94AF34F701F5CF8091CA
:10B32000780C811116C00130110509F06AC10E9424
:10B330004FC067C10E948EA9E7ECF1E184917F01C3
:10B340009FEFE91AF90A882351F30E94AF34F701FD
:10B35000F5CFD090A20E0E940EA6D1100E94578C5D
:10B360000E948A3020E030E0A90169897A898B89BE
:10B370009C890E9405E0882309F447C0DD2031F054
:10B3800040E060E080E691E10E949C72EDE4F1E132
:10B3900084917F013FEFE31AF30A882321F00E9492
:10B3A000AF34F701F5CF83E090E09093840C809365
:10B3B000830C81E08093EB038091EB03882309F4F5
:10B3C00006C1DD2009F403C181E00E94E9A6F4CFA3
:10B3D00029893A894B895C8960916712709168125A
:10B3E0008091691290916A120E94FFD66093671251
:10B3F000709368128093691290936A1260E070E013
:10B4000080EC90E40E949E3084D6EEEEF0E18491D0
:10B410007F013FEFE31AF30A811107C083E0A82EF2
:10B42000B12CCC24C394D12C04C00E94AF34F701BA
:10B43000EECF40E061E08AEB90E10E949C72E7EA87
:10B44000F0E184917F019FEFE91AF90A882321F046
:10B450000E94AF34F701F5CF20E030E048E452E439
:10B4600060916712709168128091691290916A12CE
:10B470000E94FFD6609367127093681280936912DE
:10B4800090936A1260E070E080E490E40E949E3045
:10B4900040D6B092840CA092830C1092EB0341E052
:10B4A00062E087E990E10E949C72E5E7F0E1849117
:10B4B0007F013FEFE31AF30A882321F00E94AF34A3
:10B4C000F701F5CF80911F0C9091200C009721F48B
:10B4D00081E00E94E9A6F6CFD092840CC092830C42
:10B4E000019709F4A6CF40E061E085E490E10E9475
:10B4F0009C72E1E3F0E184917F019FEFE91AF90A80
:10B50000882321F00E94AF34F701F5CF80916C06BB
:10B5100090916D06A0916E06B0916F06809378129F
:10B5200090937912A0937A12B0937B128093671252
:10B5300090936812A0936912B0936A1268E772E15F
:10B5400083E090E00E94E29480E090E0A8ECB2E416
:10B5500089839A83AB83BC839E012F5F3F4F44E76F
:10B5600052E164E676E080E696E00E94503180E0A9
:10B5700090E0A0EAB0E489839A83AB83BC83BE01E8
:10B580006F5F7F4F88E696E00E9432321092820C05
:10B590000E947E72E1E1F0E184917F013FEFE31AC6
:10B5A000F30A882321F00E94AF34F701F5CF809190
:10B5B000BE0B882349F080914E0F882319F081E05B
:10B5C00080934D0F1092BE0B1092780CACCE81E0A0
:10B5D00090E09093840C8093830C40E061E08CE1D8
:10B5E00091E10E949C72E9E0F1E184917F019FEF7B
:10B5F000E91AF90A882309F4EBCE0E94AF34F70167
:10B60000F4CF64960FB6F894DEBF0FBECDBFDF91C6
:10B61000CF911F910F91FF90EF90DF90CF90BF904F
:10B62000AF909F908F907F906F905F904F903F90E2
:10B630002F900895CF92DF92EF92FF92CF93DF93F6
:10B64000E5E7F8E28491EF012196882321F00E943A
:10B65000AF34FE01F7CFE5ECFEE08491EF012196D7
:10B66000882321F00E94AF34FE01F7CF8AE50E94C3
:10B670000D348823B9F10E94DA336B017C0120E09C
:10B6800030E040EA51EC0E9448D987FD20C020E01C
:10B6900030E040EA51E4C701B6010E9405E0181607
:10B6A000B4F0C0929613D0929713E0929813F09250
:10B6B00099130E9484BE60919613709197138091A4
:10B6C00098139091991342E00E94EA3A31C0EEEA51
:10B6D000FEE08491EF012196882351F10E94AF345E
:10B6E000FE01F7CF409196135091971360919813F4
:10B6F000709199138BEA9EE00E941A9480919512A2
:10B70000882359F0E3E9FEE08491EF012196882334
:10B7100079F00E94AF34FE01F7CFEFE9FEE08491AB
:10B72000EF012196882321F00E94AF34FE01F7CF6C
:10B730008AE0DF91CF91FF90EF90DF90CF900C9453
:10B74000AF34AED4E6D484E690E00E941AC80C94DC
:10B7500053334F925F926F927F928F929F92AF92EC
:10B76000BF92CF92DF92EF92FF92CF93DF93E0E907
:10B77000FEE08491EF012196882321F00E94AF34EE
:10B78000FE01F7CF60916C1270916D1280916E1274
:10B7900090916F1242E00E94EA3AECE8FEE0849158
:10B7A000EF012196882321F00E94AF34FE01F7CFEC
:10B7B0006091701270917112809172129091731257
:10B7C00042E00E94EA3AE8E8FEE08491EF01219627
:10B7D000882321F00E94AF34FE01F7CF60917412EC
:10B7E00070917512809176129091771242E00E94CA
:10B7F000EA3AE4E8FEE08491EF012196882321F003
:10B800000E94AF34FE01F7CF6091781270917912E7
:10B8100080917A1290917B1242E00E94EA3A8FB7AF
:10B82000F8944090830B5090840B6090850B70903F
:10B83000860B8090870B9090880BA090890BB0901E
:10B840008A0BC0908B0BD0908C0BE0908D0BF090FE
:10B850008E0B8FBFEAE7FEE08491EF0121968823EB
:10B8600021F00E94AF34FE01F7CFC301B2010E9464
:10B870005D37E6E7FEE08491EF012196882321F011
:10B880000E94AF34FE01F7CFC501B4010E945D37BD
:10B89000E2E7FEE08491EF012196882321F00E94E7
:10B8A000AF34FE01F7CFC701B6010E945D378AE0D1
:10B8B000DF91CF91FF90EF90DF90CF90BF90AF904E
:10B8C0009F908F907F906F905F904F900C94AF34CB
:10B8D0008F929F92AF92BF92CF92DF92EF92FF92A0
:10B8E000CF93DF936091220C7091230C072E000CF4
:10B8F000880B990B0E940BE06B017C018090CC0BB4
:10B900009090CD0BA090CE0BB090CF0B80E20E9418
:10B91000AF3484E50E94AF348AE30E94AF3442E042
:10B92000C501B4010E94EA3AB701A6018EE59EE086
:10B930000E941A946091D00B7091D10B072E000CCD
:10B94000880B990B0E940BE06B017C018090EE0349
:10B950009090EF03A090F003B090F10380E20E947A
:10B96000AF3482E40E94AF348AE30E94AF3442E0F5
:10B97000C501B4010E94EA3AB701A6018EE59EE036
:10B980000E941A94E6E6FEE08491EF012196882356
:10B9900021F00E94AF34FE01F7CFE091B803F0E050
:10B9A000EB5FFD4E608170E080E090E00E945D37CB
:10B9B000E1E6FEE08491EF012196882321F00E94C8
:10B9C000AF34FE01F7CF6091041270E080E090E0A8
:10B9D000DF91CF91FF90EF90DF90CF90BF90AF902D
:10B9E0009F908F900C945D372F923F924F925F9271
:10B9F0006F927F928F929F92AF92BF92CF92DF927F
:10BA0000EF92FF920F931F93CF93DF9384E090E028
:10BA10009093B7038093B6030E948FC081E0809318
:10BA200017021092840C1092830C80916B128093F9
:10BA3000B803412C512C320110E000E080E8382E90
:10BA40009FEB292E812C912C54016091D00B709189
:10BA5000D10B072E000C880B990B0E940BE07B0189
:10BA6000D82FC92F9B01482F592F612F702F832D5D
:10BA7000922D0E9405E0882369F12091EE03309118
:10BA8000EF034091F0035091F103B7018D2F9C2FEC
:10BA90000E9405E087FF1BC080913D0F90913E0FF3
:10BAA000029709F09DC0DF91CF911F910F91FF90F8
:10BAB000EF90DF90CF90BF90AF909F908F907F904E
:10BAC0006F905F904F903F902F900C944FC01E2D21
:10BAD0000F2D1E010E94F5716B017C01DC01CB0171
:10BAE00084199509A609B709B7FD36C026013701A3
:10BAF00088EE480E83E0581E611C711CE9DEEEE6FC
:10BB0000FEE08491EF012196882321F00E94AF345A
:10BB1000FE01F7CF81149104A104B104B9F0D5015D
:10BB2000C401805F984DAF4FBF4FBC01CD016C1970
:10BB30007D098E099F0928EE33E040E050E00E9425
:10BB4000E0E3CA01B9010E945D3703C08FE30E94A0
:10BB5000AF348AE00E94AF3480E00E94E9A60E94E0
:10BB60006C342091EE033091EF034091F00350913B
:10BB7000F103612F702F832D922D0E94FED69F77A7
:10BB800081149104A104B10449F420E030E040E8BC
:10BB90005FE30E9405E087FF0BC008C020E030E0B3
:10BBA00040E450E40E9448D9181614F446015701A5
:10BBB00080911702882309F46FCF81149104A104A6
:10BBC000B10409F442CF80E1C81A87E2D80AE1083B
:10BBD000F108C818D908EA08FB08F7FE5DCF35CF91
:10BBE000DF91CF911F910F91FF90EF90DF90CF9059
:10BBF000BF90AF909F908F907F906F905F904F908D
:10BC00003F902F9008952F923F924F925F926F92A4
:10BC10007F928F929F92AF92BF92CF92DF92EF92DC
:10BC2000FF920F931F93CF93DF9383E090E0909365
:10BC3000B7038093B6030E948FC081E08093170200
:10BC40001092840C1092830C412C512C320110E084
:10BC500000E080E8382E9FEB292E812C912C540196
:10BC60006091220C7091230C072E000C880B990B0D
:10BC70000E940BE07B01D82FC92F9B01482F592F21
:10BC8000612F702F832D922D0E9405E0882369F18A
:10BC90002091CC0B3091CD0B4091CE0B5091CF0B1E
:10BCA000B7018D2F9C2F0E9405E087FF1BC080915C
:10BCB0003D0F90913E0F029709F09DC0DF91CF910B
:10BCC0001F910F91FF90EF90DF90CF90BF90AF90BA
:10BCD0009F908F907F906F905F904F903F902F90AC
:10BCE0000C944FC01E2D0F2D1E010E94F5716B018B
:10BCF0007C01DC01CB0184199509A609B709B7FDC0
:10BD000036C02601370188EE480E83E0581E611CBC
:10BD1000711CDEDDEAE6FEE08491EF0121968823C6
:10BD200021F00E94AF34FE01F7CF81149104A104E9
:10BD3000B104B9F0D501C401805F984DAF4FBF4F3A
:10BD4000BC01CD016C197D098E099F0928EE33E0F5
:10BD500040E050E00E94E0E3CA01B9010E945D3773
:10BD600003C08FE30E94AF348AE00E94AF3480E0CA
:10BD70000E94E9A60E946C342091CC0B3091CD0B2F
:10BD80004091CE0B5091CF0B612F702F832D922DB0
:10BD90000E94FED69F7781149104A104B10449F456
:10BDA00020E030E040E85FE30E9405E087FF0BC041
:10BDB00008C020E030E040EA50E40E9448D918165C
:10BDC00014F44601570180911702882309F46FCFBC
:10BDD00081149104A104B10409F442CF80E1C81A8E
:10BDE00087E2D80AE108F108C818D908EA08FB0870
:10BDF000F7FE5DCF35CFDF91CF911F910F91FF906F
:10BE0000EF90DF90CF90BF90AF909F908F907F90FA
:10BE10006F905F904F903F902F900895F8940E94FC
:10BE20006334882331F08091CC0E8F5F8F708093C4
:10BE3000CC0E78940895CF92DF92EF92FF920F93F9
:10BE40001F93CF93DF936C018B017A01EC01CD56E8
:10BE5000D44F888187FF04C0FB011182108224C067
:10BE60008CE08C9D90018D9D300D11248881A9015D
:10BE7000480F511D87FD5A958091390F90E0481762
:10BE8000590794F48881A901480F511D87FD5A95DF
:10BE9000CA01FA01EE0FFF1F8E0F9F1FFC01E35333
:10BEA000F14F808186FD19C088818F5F88838CE087
:10BEB0008C9D90018D9D300D11248881A901480F22
:10BEC000511D87FD5A958091390F90E04817590709
:10BED000BCF488818C3044F113C08881280F311D57
:10BEE00087FD3A95F901EE0FFF1F2E0F3F1FF90155
:10BEF000E353F14F808160E08F730E945271D4CF81
:10BF0000F80180819181049680349C4918F480E482
:10BF10009CE904C0F801808191810496F701918326
:10BF200080838FEF888345C0F801408151818881EB
:10BF3000B901680F711D87FD7A95CB01FB01EE0FEA
:10BF4000FF1F8E0F9F1FFC01E353F14F81819281F0
:10BF5000840F951FF701918380838881A901480F81
:10BF6000511D87FD5A95CA01FA01EE0FFF1F8E0F72
:10BF70009F1FFC01E353F14F808186FF1AC0888127
:10BF8000280F311D87FD3A95F901EE0FFF1F2E0F87
:10BF90003F1FF901E353F14F808161E08F73DF911F
:10BFA000CF911F910F91FF90EF90DF90CF900C9465
:10BFB0005271DF91CF911F910F91FF90EF90DF9021
:10BFC000CF9008956091EE037091EF038091F0039C
:10BFD0009091F1030895F894029709F03CC02091E4
:10BFE00006019FB7F894809108018F7E8093080125
:10BFF0009FBF9FB7662329F0F8948091080180685D
:10C0000004C0F894809108018F77809308019FBF46
:10C010009FB7F894809108018062809308019FBFC8
:10C020008BE090E00197F1F79FB7F89480910801B9
:10C030008F7D809308019FBF9FB727FF05C0F894AD
:10C0400080910801806804C0F894809108018F777E
:10C05000809308019FBF78940895880F991F880FD7
:10C06000991FFC01ED57F44F40815181628173812A
:10C07000FC01E05CFB4F4083518362837383E0915A
:10C08000810BF091820B86899789A08DB18D809369
:10C09000BA0B9093BB0BA093BC0BB093BD0B089550
:10C0A00088E893E19093B90B8093B80B80916F006F
:10C0B0008D7F80936F000E946334882311F0AEDE81
:10C0C000FACF1092820B1092810B80916F008260E8
:10C0D00080936F000895CF93DF932FB7F894EC010E
:10C0E000CC0FDD1FCC0FDD1FFE01ED57F44F60813B
:10C0F0007181828193812FBF0E940BE0C05DDB4F75
:10C10000288139814A815B810E946AE0DF91CF9169
:10C1100008950E946334882321F080E00E94E9A6FC
:10C12000F8CF08958091800B9FB780FF09C0F894E5
:10C13000809108018160809308019FBF8FEF08C044
:10C14000F894809108018E7F809308019FBF81E061
:10C15000809318028091800B9FB781FF09C0F894EB
:10C16000809108018860809308019FBF8FEF08C00D
:10C17000F89480910801877F809308019FBF81E038
:10C18000809319028091800B9FB782FF09C0F894B9
:10C19000809108018F77809308019FBF8FEF08C0BF
:10C1A000F894809108018068809308019FBF81E026
:10C1B00080931A028091800B83FF03C08D9A8FEFCA
:10C1C00002C08D9881E080931B0208951F920F9208
:10C1D0000FB60F9211240BB60F92BF92CF92DF923F
:10C1E000EF92FF920F931F932F933F934F935F9381
:10C1F0006F937F938F939F93AF93BF93EF93FF932F
:10C20000CF93DF9300D01F92CDB7DEB78091520459
:10C21000813021F080915204823079F482E0809361
:10C2200052041092820B1092810B0E946334882377
:10C2300021F08091CC0E8093CB0E80916E008B7F8D
:10C2400080936E0080916F008D7F80936F00789453
:10C25000C090B40BD090B50BE090B60BF090B70B3C
:10C26000C114D104E104F10441F080911202811162
:10C2700004C680911904811100C68091B80B909179
:10C28000B90B0097C9F08C01015011091093B90B3B
:10C290000093B80B1092820B1092810BBFDD012B23
:10C2A00041F48BEE99E19093960C8093950C0E944B
:10C2B000623688EC90E08CC1C090810BD090820BEC
:10C2C000C114D10409F089C10E946334882361F04C
:10C2D0009091CC0E11E5919FF0011124E059F94F96
:10C2E0008081886080836F01D092820BC092810B25
:10C2F000C114D10409F46AC1D60196965C9196974F
:10C300008091800B11964C9158130AC0242F30E075
:10C3100080911C02082E000C990B2817390729F070
:10C320005093800B40931C02FDDE1092B00B1092D4
:10C33000B10B1092B20B1092B30BF60183AD94AD1A
:10C340008134FCE99F0728F481320EE4900748F01D
:10C3500002C080E49CE9969587959695879524E0A0
:10C3600007C0813117E2910730F09695879522E05A
:10C370002093AF0B08C021E02093AF0B80329105D2
:10C3800010F480E290E08C0100521109011528E0C0
:10C390001207D8F0E12FFF27EE0FFF1FEE0FFF1F50
:10C3A000CF0185519A4EFC01329645915491AA27AE
:10C3B000059F9001049F210D3A1F06942A1F3A1FE2
:10C3C0001124FC01859194911CC098013695279504
:10C3D0002C7F25513E4EF90185919491F9013296B9
:10C3E00065917491A80147705527649F9001659FDE
:10C3F000300D749F300D112443E0369527954A95F2
:10C40000E1F7821B930B8436910588F487E8E82EC8
:10C4100083E0F82ED7018D917D01882319F00E94C9
:10C42000AF34F8CFC8010E94BAB184E690E090938F
:10C43000AE0B8093AD0B8091AF0B8093AC0BF601EC
:10C44000FF96808191819093AB0B8093AA0B8134EE
:10C45000BCE99B0728F48132EEE49E0748F002C055
:10C4600080E49CE9969587959695879524E007C08A
:10C470008131F7E29F0730F09695879522E020936F
:10C48000AF0B08C021E02093AF0B8032910510F470
:10C4900080E290E08C0100521109011528E012079A
:10C4A000D8F0E12FFF27EE0FFF1FEE0FFF1FCF0188
:10C4B00085519A4EFC01329645915491AA27059FC9
:10C4C0009001049F210D3A1F06942A1F3A1F112440
:10C4D000FC01859194911CC09801369527952C7F7D
:10C4E00025513E4EF90185919491F901329665915D
:10C4F0007491A80147705527649F9001659F300D86
:10C50000749F300D112473E0369527957A95E1F7E5
:10C51000821B930B8436910588F457E8E52E53E08F
:10C52000F52ED7018D917D01882319F00E94AF343B
:10C53000F8CFC8010E94BAB184E690E0AC0160E097
:10C5400070E04093A60B5093A70B6093A80B7093D9
:10C55000A90B9093890080938800F60186899789BA
:10C56000A08DB18DB695A79597958795B095A09517
:10C57000909581959F4FAF4FBF4F8093A20B9093A3
:10C58000A30BA093A40BB093A50B80939E0B909349
:10C590009F0BA093A00BB093A10B80939A0B909349
:10C5A0009B0BA0939C0BB0939D0B8093960B909349
:10C5B000970BA093980BB093990B1092BA0B109213
:10C5C000BB0B1092BC0B1092BD0B07C080ED97E027
:10C5D00090938900809388001DC48091120281117C
:10C5E00086C480911904811182C42091AF0B22234B
:10C5F00009F4BDC1E091810BF091820B4091960B43
:10C600005091970B6091980B7091990B868197814F
:10C61000A085B185840F951FA61FB71F8093960B29
:10C620009093970BA093980BB093990B181619063B
:10C630001A061B060CF48F9AE091810BF091820B85
:10C6400040919A0B50919B0B60919C0B70919D0BAC
:10C6500082859385A485B585840F951FA61FB71F76
:10C6600080939A0B90939B0BA0939C0BB0939D0B84
:10C67000181619061A061B0644F49FB7F894809101
:10C6800008018460809308019FBFE091810BF091C5
:10C69000820B40919E0B50919F0B6091A00B70916B
:10C6A000A10B86859785A089B189840F951FA61F48
:10C6B000B71F80939E0B90939F0BA093A00BB093FA
:10C6C000A10B181619061A061B0644F49FB7F89416
:10C6D000809108018062809308019FBFE091810BE7
:10C6E000F091820B4091A20B5091A30B6091A40B8F
:10C6F0007091A50B82899389A489B589840F951FB0
:10C70000A61FB71F8093A20B9093A30BA093A40B1B
:10C71000B093A50B181619061A061B060CF48C9A72
:10C720008091960B9091970BA091980BB091990BDB
:10C73000181619061A061B0684F5E091810BF09174
:10C74000820B46895789608D718D841B950BA60BD2
:10C75000B70B8093960B9093970BA093980BB09385
:10C76000990B809118024091830B5091840B60913A
:10C77000850B7091860B082E000C990BAA0BBB0B36
:10C78000840F951FA61FB71F8093830B9093840B74
:10C79000A093850BB093860B8F9880919A0B909104
:10C7A0009B0BA0919C0BB0919D0B181619061A06B5
:10C7B0001B06BCF5E091810BF091820B46895789ED
:10C7C000608D718D841B950BA60BB70B80939A0B14
:10C7D00090939B0BA0939C0BB0939D0B809119029F
:10C7E0004091870B5091880B6091890B70918A0B57
:10C7F000082E000C990BAA0BBB0B840F951FA61FCC
:10C80000B71F8093870B9093880BA093890BB093ED
:10C810008A0B9FB7F894809108018B7F8093080161
:10C820009FBF80919E0B90919F0BA091A00BB09108
:10C83000A10B181619061A061B06BCF5E091810B10
:10C84000F091820B46895789608D718D841B950B01
:10C85000A60BB70B80939E0B90939F0BA093A00BFE
:10C86000B093A10B80911A0240918B0B50918C0BCD
:10C8700060918D0B70918E0B082E000C990BAA0BFA
:10C88000BB0B840F951FA61FB71F80938B0B909334
:10C890008C0BA0938D0BB0938E0B9FB7F894809167
:10C8A00008018F7D809308019FBF8091A20B90911A
:10C8B000A30BA091A40BB091A50B181619061A068C
:10C8C0001B0684F5E091810BF091820B4689578914
:10C8D000608D718D841B950BA60BB70B8093A20BFB
:10C8E0009093A30BA093A40BB093A50B80911B0274
:10C8F00040918F0B5091900B6091910B7091920B26
:10C90000082E000C990BAA0BBB0B840F951FA61FBA
:10C91000B71F80938F0B9093900BA093910BB093C4
:10C92000920B8C988091BA0B9091BB0BA091BC0B91
:10C93000B091BD0B0196A11DB11D8093BA0B9093D0
:10C94000BB0BA093BC0BB093BD0B2150E091810BAE
:10C95000F091820B46895789608D718D84179507F8
:10C96000A607B70708F443CEBB24B39401C0B12C8B
:10C970004091BA0B5091BB0B6091BC0B7091BD0BF9
:10C98000E090810BF090820BF701828D938DA48D46
:10C99000B58D84179507A607B70708F4EEC0409138
:10C9A000A60B5091A70B6091A80B7091A90B02A147
:10C9B00013A124A135A1AA27419FB12D529FC001E7
:10C9C000629F900D619F800D911D429FB00D811D52
:10C9D0009A1F519FB00D811D9A1F609FB00D811D40
:10C9E0009A1F509FB10D8A1F9A1FB6958A1F9A1FD2
:10C9F000349F800D911D359F900D1124D701DF9636
:10CA00002D913C91820F931F9093AB0B8093AA0BB7
:10CA100043AD54AD65AD76ADA0E0B0E04817590721
:10CA20006A077B0720F45093AB0B4093AA0B8091CD
:10CA3000AA0B9091AB0B8134BCE99B0728F481329F
:10CA4000EEE49E0748F002C080E49CE99695879545
:10CA50009695879524E007C08131F7E29F0730F073
:10CA60009695879522E02093AF0B08C021E0209394
:10CA7000AF0B8032910510F480E290E08C010052FF
:10CA80001109011528E01207E8F0E12FFF27EE0F4A
:10CA9000FF1FEE0FFF1FCF0185519A4EFC0132960A
:10CAA00025913491AA27039FA001029F410D5A1F8F
:10CAB00006944A1F5A1F1124FC0125913491241B0E
:10CAC000350B1EC0A801569547954C7F45515E4ECB
:10CAD000FA0125913491FA01329665917491A80179
:10CAE00047705527649FC001659F900D749F900DFE
:10CAF0001124B3E096958795BA95E1F7281B390B79
:10CB00002436310588F4F7E8EF2EF3E0FF2ED70145
:10CB10008D917D01882319F00E94AF34F8CFC801B0
:10CB20000E94BAB124E630E080911202811104C063
:10CB300080911904882339F0C901293BBBE03B07E8
:10CB400008F0D8C101C0C901909389008093880082
:10CB50008091A60B9091A70BA091A80BB091A90B67
:10CB6000820F931FA11DB11D8093A60B9093A70B5D
:10CB7000A093A80BB093A90B31C14091BA0B50916F
:10CB8000BB0B6091BC0B7091BD0BF701868D978D2F
:10CB9000A0A1B1A184179507A607B70708F0ECC0BC
:10CBA0000091B00B1091B10B2091B20B3091B30BEF
:10CBB00009831A832B833C8342A153A164A175A1ED
:10CBC000AA27059FB12D169F6001269FD00C259F97
:10CBD000C00CD11C069FB00DC11CDA1E159FB00DF4
:10CBE000C11CDA1E249FB00DC11CDA1E149FB10DAA
:10CBF000CA1EDA1EB695CA1EDA1E709FC00CD11C62
:10CC0000719FD00C11248091AA0B9091AB0BED5B1E
:10CC1000FF4FC816D90680F48C199D0940815181B7
:10CC2000628173816C01E12CF12CC416D506E606F5
:10CC3000F70620F4CA0102C08081918181341CE989
:10CC4000910728F481322EE4920748F002C080E474
:10CC50009CE9969587959695879524E007C0813144
:10CC600037E2930730F09695879522E02093AF0B3B
:10CC700008C021E02093AF0B8032910510F480E2D0
:10CC800090E08C0100521109011548E01407E8F00A
:10CC9000E12FFF27EE0FFF1FEE0FFF1FCF01855182
:10CCA0009A4EFC01329625913491AA27039FA00148
:10CCB000029F410D5A1F06944A1F5A1F1124FC015E
:10CCC00025913491241B350B1EC0C801969587957C
:10CCD0008C7F85519E4EFC0125913491FC0132964A
:10CCE00065917491A80147705527649FC001659FA5
:10CCF000900D749F900D112443E0969587954A9569
:10CD0000E1F7281B390B2436310588F487E8E82E33
:10CD100083E0F82ED7018D917D01882319F00E94C0
:10CD2000AF34F8CFC8010E94BAB124E630E0809158
:10CD30001202811104C080911904882339F0C901BD
:10CD4000293BBBE03B0708F0F0C001C0C90190934C
:10CD500089008093880089819A81AB81BC81820F90
:10CD6000931FA11DB11D8093B00B9093B10BA093A5
:10CD7000B20BB093B30B32C02091AD0B3091AE0B20
:10CD800080911202811104C0809119048823F1F06E
:10CD9000293BEBE03E07D0F0C90168EB7BE00E9445
:10CDA000C8D6883E43E0940708F0DAC08854944F10
:10CDB000A901481B590B60E070E04093B40B5093FD
:10CDC000B50B6093B60B7093B70B9C013093890041
:10CDD000209388008091AC0B8093AF0B209188004A
:10CDE00030918900809184009091850040962817A9
:10CDF000390748F480918400909185004096909383
:10CE0000890080938800BB2029F01092820B109239
:10CE1000810B04D8F89480910612882321F0809128
:10CE20006E008B7F03C080916E00846080936E00E3
:10CE300080916F00826080936F000F900F900F9031
:10CE40000F90DF91CF91FF91EF91BF91AF919F91A3
:10CE50008F917F916F915F914F913F912F911F9192
:10CE60000F91FF90EF90DF90CF90BF900F900BBE8F
:10CE70000F900FBE0F901F9018950E941B85F9EB25
:10CE8000CF16FBE0DF06E104F10488F008EBC01ADE
:10CE90000BE0D00AE108F108C092B40BD092B50BB8
:10CEA000E092B60BF092B70B88EB9BE009C0C6018D
:10CEB0001092B40B1092B50B1092B60B1092B70BE8
:10CEC0009093890080938800209188003091890098
:10CED000809184009091850040962817390708F0CA
:10CEE00099CF8091840090918500409671CB0E94EB
:10CEF0001B857BCB68EB7BE00E94C8D6883E03E0B5
:10CF0000900780F48854944FA901481B590B60E0A6
:10CF100070E04093B40B5093B50B6093B60B7093D5
:10CF2000B70B12CE88EB9BE0EFCF68EB7BE00E9463
:10CF3000C8D6883E13E0910780F48854944FA90125
:10CF4000481B590B60E070E04093B40B5093B50B55
:10CF50006093B60B7093B70BFACE88EB9BE0EFCFE4
:10CF600088EB9BE025CFCF92DF92EF92FF920F9359
:10CF70001F93CF93DF938C01EB0160E070E00E9480
:10CF8000A7B287FD89C0C03282E0D8070CF042C04A
:10CF9000F801828168E572E0681B710987FD73956D
:10CFA000660F771F660F771FCB01770FAA0BBB0B9E
:10CFB000218148E850E06A01C21AD10827FDD394C4
:10CFC000CC0CDD1CCC0CDD1C0D2C000CEE08FF087D
:10CFD000D7FD0AC0C53BD10514F0C4EBD0E09E01DB
:10CFE000DD0F440B550B03C020E030E0A901BC016C
:10CFF000CD016C197D098E099F090E94D1E324EBB4
:10D0000030E040E050E00E9402E4C20ED31EE41E75
:10D01000F51EE601F8019081943280F5818128E8BF
:10D0200030E0281B310987FD3395220F331F220F73
:10D03000331FC217D3077CF0F801828128E532E064
:10D04000281B310987FD3395220F331F220F331F11
:10D050002C173D070CF4E90122972FB7F894892F7C
:10D0600090E0FC01EE0FFF1F8E0F9F1FFC01E353AA
:10D07000F14FCC0FDD1FD283C1832FBF62E370E07D
:10D0800080E090E0DF91CF911F910F91FF90EF90A2
:10D09000DF90CF900C94BD71DF91CF911F910F91D4
:10D0A000FF90EF90DF90CF9008951F920F920FB6F0
:10D0B0000F9211240BB60F922F933F934F935F93D0
:10D0C0006F937F938F939F93AF93BF93EF93FF9350
:10D0D00048E251E064E271E082E090E00E941B5F70
:10D0E000FF91EF91BF91AF919F918F917F916F9140
:10D0F0005F914F913F912F910F900BBE0F900FBEFC
:10D100000F901F9018951F920F920FB60F92112437
:10D110000BB60F922F933F934F935F936F937F9331
:10D120008F939F93AF93BF93EF93FF9348EA50E0A1
:10D1300064EA70E081E090E00E941B5FFF91EF9154
:10D14000BF91AF919F918F917F916F915F914F911F
:10D150003F912F910F900BBE0F900FBE0F901F901D
:10D1600018951F920F920FB60F9211240BB60F92C3
:10D170002F933F934F935F936F937F938F939F93DF
:10D18000AF93BF93EF93FF9348E950E064E970E0F9
:10D1900080E090E00E941B5FFF91EF91BF91AF9103
:10D1A0009F918F917F916F915F914F913F912F91BF
:10D1B0000F900BBE0F900FBE0F901F901895CF923F
:10D1C000DF92EF92FF92CF93DF936A017B01FC0124
:10D1D0008491EF012196882321F00E94AF34FE0153
:10D1E000F7CF4AE0C701B601DF91CF91FF90EF90F2
:10D1F000DF90CF900C94BB36CF93DF930E944F50BB
:10D200008823E9F0E7E3FEE18491EF0121968111A3
:10D2100003C0CDEDD3E004C00E94AF34FE01F4CFD3
:10D220008991882319F00E94AF34FACF8AE00E94D6
:10D23000AF3480910B0490910C04816010C0E0E643
:10D24000FEE18491EF012196882321F00E94AF3402
:10D25000FE01F7CF80910B0490910C048E7F909388
:10D260000C0480930B04DF91CF9108954F925F924D
:10D270006F927F928F929F92AF92BF92CF92DF92E6
:10D28000EF92FF920F931F93CF93DF93CDB7DEB74B
:10D29000C154D1090FB6F894DEBF0FBECDBFCE0189
:10D2A00001965C0180E4F50111928A95E9F74091BD
:10D2B000550C5091560C6091570C7091580C40933E
:10D2C000C9115093CA116093CB117093CC118EE7A2
:10D2D0009FE00E94E87B8AE0982E882483948091C6
:10D2E000810F882309F41EC1C090C911D090CA11C2
:10D2F000E090CB11F090CC1181E0C81AD108E10880
:10D30000F10810E081E01C141D041E041F04F4F554
:10D31000882309F44BC0C092C911D092CA11E0927F
:10D32000CB11F092CC11B701A6018EE79FE00E94CD
:10D33000E87B8091860F9091870FA091880FB09124
:10D34000890F8093C9119093CA11A093CB11B09308
:10D35000CC118EE79FE00E94107E8F3FEFEF9E077B
:10D3600071F08A3011F08D3021F4812F882510E082
:10D3700007C0833219F011E08B3309F410E081E02B
:10D38000F1E0CF1AD108E108F108BDCF1092C91120
:10D390001092CA111092CB111092CC1140E050E0C3
:10D3A000BA018EE79FE00E94E87BBCC026013701EE
:10D3B0002FEF421A520A620A720A4092C911509221
:10D3C000CA116092CB117092CC11B301A2018EE709
:10D3D0009FE00E94E87B411451046104710409F448
:10D3E000A1C0992009F4A0C000E010E0F12C409108
:10D3F000C9115091CA116091CB117091CC118091DB
:10D40000C5119091C611A091C711B091C8114817CC
:10D4100059076A077B0708F06AC08091860F9091D0
:10D42000870FA091880FB091890F8093C9119093B5
:10D43000CA11A093CB11B093CC118EE79FE00E944C
:10D44000107E9C01982F2F3FFFEF3F0789F08A3015
:10D4500041F40115110551F2F501E00FF11F1082A1
:10D4600046C08D30B1F3833271F18A3371F52BC030
:10D47000EAE5F8E284917F012FEFE21AF20A8823AD
:10D4800051F022969FAF22970E94AF34F701229667
:10D490009FAD2297EFCFE1E2FAE184917F012FEF78
:10D4A000E21AF20A882351F022969FAF22970E9437
:10D4B000AF34F70122969FAD2297EFCF9332B9F0A8
:10D4C0009A3339F614C0FF2091F00F33110508F09C
:10D4D0008ECF9B3349F0F1108ACFF501E00FF11F99
:10D4E00020830F5F1F4F83CFFF24F39480CFC501AC
:10D4F0000E94E18385E40E940D34882319F00E9484
:10D50000DA3316C04092C9115092CA116092CB1101
:10D510007092CC11B301A2018EE79FE00E94E87BDC
:10D520009A94DDCE91100CC083E090E00E946B6075
:10D53000609378127093791280937A1290937B1291
:10D54000CF5BDF4F0FB6F894DEBF0FBECDBFDF91CC
:10D55000CF911F910F91FF90EF90DF90CF90BF90F0
:10D56000AF909F908F907F906F905F904F900895B5
:10D570001F93CF93DF9300D01F92CDB7DEB780917A
:10D580004D0F81110AC08091BE0B882309F4ACC0F5
:10D590009091820C992309F4A8C00E942BB369834F
:10D5A0007A838B839C831092550C1092560C1092A8
:10D5B000570C1092580C0E946334882309F444C01D
:10D5C00011E50E946334882359F1E091CC0E1E9F2F
:10D5D000F0011124E059F94F82819381A481B58132
:10D5E000892B8A2B8B2BA9F0E091CC0E31E5E39FA0
:10D5F000F0011124E059F94F82819381A481B58112
:10D600008093550C9093560CA093570CB093580CE4
:10D6100007C08091CC0E8F5F8F708093CC0ED1CFDE
:10D62000E091CC0E81E5E89FF0011124E059F94F1B
:10D6300087A190A5A1A5B2A580935D0290935E02FB
:10D64000A0935F02B09360028091550C9091560CAC
:10D65000A091570CB091580C892B8A2B8B2BA1F0E1
:10D6600005DE84E690E00E941AC8CE0101960E9471
:10D67000494C0E941D4C81E0809352040E946BB281
:10D680000E948EB280E031C08091550620915606EE
:10D6900090E0921729F330E4839FF0011124EB5AB4
:10D6A000FB4F3081313029F08F5F8830D8F080E037
:10D6B00019C031813093550C32813093560C33812F
:10D6C0003093570C34813093580C4091550C509145
:10D6D000560C6091570C7091580C452B462B472BDC
:10D6E00019F3BECF9F5FD5CF81E00F900F900F90C1
:10D6F0000F90DF91CF911F910895CF93DF930E94F8
:10D70000EF4BE7EFF9E18491EF012196882321F0B7
:10D710000E94AF34FE01F7CFDF91CF9108958F9231
:10D720009F92AF92BF92CF92DF92EF92FF920F93B0
:10D730001F93CF93DF93CDB7DEB7E4970FB6F8947E
:10D74000DEBF0FBECDBF0E944F50882309F4B2C484
:10D750001091000168EC70E080E090E00ED68091BE
:10D76000000185FDB9C415FDB7C481E08093820C2A
:10D770008091820C882309F436C140E060E087EB99
:10D780009DE1DAD6E4E8FDE184918F010F5F1F4F40
:10D79000882321F00E94AF34F801F6CF0E94C98C93
:10D7A00082E090E00E94F93280E090E0A0EAB0E4EC
:10D7B000898B9A8BAB8BBC8B20E030E040E251E44C
:10D7C0006091741270917512809176129091771217
:10D7D0000E94FFD669837A838B839C83BE016F5E30
:10D7E0007F4FCE0101960E9432320E94578CA8953D
:10D7F00080916B120E94EE5640E060E089E69CE169
:10D800009BD6E6E5FCE184918F010F5F1F4F8823D3
:10D8100021F00E94AF34F801F6CFECE3FCE18491F3
:10D820008F010F5F1F4F882321F00E94AF34F80152
:10D83000F6CF80E00E94E9A6E2E2FCE184918F014C
:10D840000F5F1F4F882321F00E94AF34F801F6CFFD
:10D850000E9455C764E670E080E090E01CD60E940C
:10D86000C6B1EDE0FCE184918F010F5F1F4F88236B
:10D8700021F00E94AF34F801F6CF0E948EA9EBEEA2
:10D88000FBE184918F010F5F1F4F811109C010913F
:10D89000A20E0E940EA6112339F00E94578C04C0DC
:10D8A0000E94AF34F801EDCF0E948A30E0ECFBE13A
:10D8B00084918F010F5F1F4F811107C023E0E22E7B
:10D8C000F12CCC24C394D12C04C00E94AF34F801B5
:10D8D000EFCF40E061E08CE89BE12ED6E9E7FBE189
:10D8E00084918F010F5F1F4F882321F00E94AF3476
:10D8F000F801F6CF20E030E048E452E4609167128E
:10D90000709168128091691290916A120E94FFD6FC
:10D9100060936712709368128093691290936A12F1
:10D9200060E070E080E490E40E949E300E94896094
:10D93000F092840CE092830C1092EB0341E062E0E1
:10D9400089E69BE1F9D5E3E5FBE184918F010F5F67
:10D950001F4F882321F00E94AF34F801F6CFE1E396
:10D96000FBE184918F010F5F1F4F882321F00E94FC
:10D97000AF34F801F6CF80911F0C9091200C0097E6
:10D9800021F481E00E94E9A6F6CFD092840CC092E7
:10D99000830C019709F49DCF40E061E081E09BE1B9
:10D9A000CBD5EDEEFAE184918F010F5F1F4F8823F5
:10D9B00021F00E94AF34F801F6CF1092820C9ED570
:10D9C000EDECFAE184918F010F5F1F4F882321F066
:10D9D0000E94AF34F801F6CF1092780C1092820CAE
:10D9E000E4E6FDE10CC0EEEEFDE184918F010F5FF6
:10D9F0001F4F8823A9F30E94AF34F801F6CF84911A
:10DA00008F010F5F1F4F882321F00E94AF34F80170
:10DA1000F6CFF0904E0FFF2009F43BC31092C003E5
:10DA20001092BF030E94C98C82E090E00E94F932FC
:10DA300080914E0F811112C040E060E087EA9AE1C8
:10DA40007BD5E2E8FAE184918F010F5F1F4F8823B5
:10DA500009F4A6C20E94AF34F801F5CF1A8A198AD8
:10DA600084EB94E09A8389839E012F5E3F4F42E0CE
:10DA700050E0BE016F5D7F4FCE0101960E941550B0
:10DA800089A19AA19093230C8093220C80E00E949C
:10DA90009BB780910B0490910C04846090930C04CC
:10DAA00080930B049E012F5E3F4F42E050E0BE0189
:10DAB0006F5D7F4FCE0101960E94155089A19AA1FA
:10DAC0000E944E349E012F5E3F4F42E050E06CE4D6
:10DAD00074E0CE0101960E9415509E012F5E3F4FCB
:10DAE00041E050E06BE672E1CE0101960E941550D4
:10DAF0009E012F5E3F4F42E050E066E572E0CE01AE
:10DB000001960E9415509E012F5E3F4F44E050E069
:10DB10006DE572E0CE0101960E9415509E012F5EC8
:10DB20003F4F44E050E065E57CE0CE0101960E9465
:10DB300015509E012F5E3F4F4EE050E06DED73E0BB
:10DB4000CE0101960E9415509E012F5E3F4F44E08A
:10DB500050E06CE672E1CE0101960E9415509E01E4
:10DB60002F5E3F4F44E050E060E772E1CE01019646
:10DB70000E9415509E012F5E3F4F44E050E064E745
:10DB800072E1CE0101960E9415509E012F5E3F4F1B
:10DB900044E050E068E772E1CE0101960E94155022
:10DBA0009E012F5E3F4F44E050E0BE016F5C7F4F0F
:10DBB000CE0101960E94155010916B1284E690E000
:10DBC000909357028093560280E090E0A0EFB1E47A
:10DBD00080935D0290935E02A0935F02B093600217
:10DBE00090E1ECE6F2E1DE01519601900D929A95FA
:10DBF000E1F780E1ECE6F2E1DF011D928A95E9F7B9
:10DC000080E00E94EE560E94035E0E94F45CA8959C
:10DC1000812F0E94EE56E9E6FAE184918F010F5FB1
:10DC20001F4F882321F00E94AF34F801F6CF80E126
:10DC3000FE017196ACE6B2E101900D928A95E1F792
:10DC400080E1ECE6F2E1DE01119601900D928A95F9
:10DC5000E1F7AE01475F5F4FBE016B5F7F4FCE01C3
:10DC600001960E9424A219A21AA21BA21CA2BE0104
:10DC70006F5D7F4F80E090E00E94E29419A21AA2AB
:10DC80001BA21CA2BE016F5D7F4F81E090E00E944D
:10DC9000E294BE01675F7F4F82E090E00E94E294D1
:10DCA00019A21AA21BA21CA2BE016F5D7F4F83E0C6
:10DCB00090E00E94E294C0906B12E5E8FEE1E590EE
:10DCC000F59005911491812C912C90E8A92E90E467
:10DCD000B92E89A29AA2ABA2BCA21DA21EA21FA20B
:10DCE00018A619A61AA61BA61CA69E012F5D3F4FBB
:10DCF000AE01475F5F4FBE016B5D7F4FCE018996DE
:10DD00000E94E9950E948960C0906B1289A29AA234
:10DD1000ABA2BCA28091741290917512A091761260
:10DD2000B0917712409170125091711260917212FD
:10DD30007091731200916C1210916D1220916E12FD
:10DD400030916F120DA31EA32FA338A749A75AA77E
:10DD50006BA77CA78DA79EA7AFA7B8ABE5E6FAE1B6
:10DD600084918F010F5F1F4F882321F00E94AF34F1
:10DD7000F801F6CF6DA17EA18FA198A542E00E9487
:10DD8000EA3AE0E6FAE184918F010F5F1F4F8823A2
:10DD900021F00E94AF34F801F6CF69A57AA58BA5D2
:10DDA0009CA542E00E94EA3AEBE5FAE184918F01FA
:10DDB0000F5F1F4F882321F00E94AF34F801F6CF88
:10DDC0006DA57EA58FA598A942E00E94EA3AE6E5F6
:10DDD000FAE184918F010F5F1F4F882321F00E9489
:10DDE000AF34F801F6CF69A17AA18BA19CA142E0E2
:10DDF0000E94EA3A8AE00E94AF34AE01435D5F4F71
:10DE0000BE01675D7F4FCE0185960E9424A2E2E5A8
:10DE1000FAE184918F010F5F1F4F882321F00E9448
:10DE2000AF34F801F6CF6DA17EA18FA198A542E095
:10DE30000E94EA3AEDE4FAE184918F010F5F1F4FEF
:10DE4000882321F00E94AF34F801F6CF69A57AA5A6
:10DE50008BA59CA542E00E94EA3AE8E4FAE18491AD
:10DE60008F010F5F1F4F882321F00E94AF34F8010C
:10DE7000F6CF6DA57EA58FA598A942E00E94EA3A4B
:10DE8000E3E4FAE184918F010F5F1F4F882321F0B3
:10DE90000E94AF34F801F6CF69A17AA18BA19CA1B1
:10DEA00042E00E94EA3A8AE00E94AF34E12CF12C71
:10DEB00000EF11E49E012F5D3F4FAE01435D5F4FC8
:10DEC000BE01675D7F4FCE0185960E94E995EFE325
:10DED000FAE184918F010F5F1F4F882321F00E9488
:10DEE000AF34F801F6CF6DA17EA18FA198A542E0D5
:10DEF0000E94EA3AEAE3FAE184918F010F5F1F4F33
:10DF0000882321F00E94AF34F801F6CF69A57AA5E5
:10DF10008BA59CA542E00E94EA3AE5E3FAE18491F0
:10DF20008F010F5F1F4F882321F00E94AF34F8014B
:10DF3000F6CF6DA57EA58FA598A942E00E94EA3A8A
:10DF4000E0E3FAE184918F010F5F1F4F882321F0F6
:10DF50000E94AF34F801F6CF69A17AA18BA19CA1F0
:10DF600042E00E94EA3A8AE00E94AF340E9489604F
:10DF700068E772E183E090E00E94E2940E945333EC
:10DF800080910B0490910C04826090930C04809318
:10DF90000B0480914F04809355061092560602C0E0
:10DFA000F1109DC080910B0490910C0484609093BB
:10DFB0000C0480930B0440E061E08DED93E00E943F
:10DFC000A9AB8091810F811112C040E060E085E231
:10DFD0009DE1B2D2EEEFFCE184918F010F5F1F4F04
:10DFE000882309F47CC00E94AF34F801F5CF85DBAB
:10DFF0004091550C5091560C6091570C7091580CF3
:10E000004093C9115093CA116093CB117093CC11F6
:10E010008EE79FE00E94E87B80914E0F882319F0E5
:10E0200081E080934D0F89A99AA9ABA9BCA98093DF
:10E030003F0F9093400FA093410FB093420F81E0A8
:10E0400090E090933E0F80933D0FCFD16093430FAC
:10E050007093440F8093450F9093460FEFEDFCE1D2
:10E0600084918F010F5F1F4F811103C00DED13E0ED
:10E0700004C00E94AF34F801F3CFF80181918F0101
:10E08000882319F00E94AF34F8CF8AE00E94AF34A1
:10E0900026C0ECE3FDE184918F010F5F1F4F8823C1
:10E0A00021F00E94AF34F801F6CF40E060E080ED4F
:10E0B0009CE110C0EEE1FEE184918F010F5F1F4FE4
:10E0C000882321F00E94AF34F801F6CF40E060E0F1
:10E0D0008DE09EE131D203C01092820C49CBE496D0
:10E0E0000FB6F894DEBF0FBECDBFDF91CF911F9169
:10E0F0000F91FF90EF90DF90CF90BF90AF909F90E7
:10E100008F900895CF92DF92EF92FF920F931F931B
:10E11000CF93DF936C017A018B01C0E0D0E0CE1584
:10E12000DF0589F0D8016D918D01D601ED91FC914B
:10E130000190F081E02DC6011995892B11F47E0123
:10E1400002C02196ECCFC701DF91CF911F910F91B3
:10E15000FF90EF90DF90CF90089590E0FC01319711
:10E16000E231F10508F04EC08827E052FF4F8F4F93
:10E170000C94EFD6809180008F7703C0809180004F
:10E180008F7D80938000089580918000877FF9CFF4
:10E1900084B58F7702C084B58F7D84BD089580914A
:10E1A000B0008F7703C08091B0008F7D8093B00066
:10E1B0000895809190008F7707C0809190008F7DA7
:10E1C00003C080919000877F809390000895809194
:10E1D000A0008F7707C08091A0008F7D03C0809141
:10E1E000A000877F8093A0000895809120018F7701
:10E1F00007C0809120018F7D03C080912001877F1F
:10E200008093200108953FB7F8948091290C909154
:10E210002A0CA0912B0CB0912C0C26B5A89B05C004
:10E220002F3F19F00196A11DB11D3FBFBA2FA92F95
:10E23000982F8827820F911DA11DB11DBC01CD0112
:10E2400042E0660F771F881F991F4A95D1F70895FE
:10E250000E94EFD9CF93DF93282F30E0F901EA58DD
:10E26000F04E8491F901E05DF04ED491F901E65150
:10E27000F14EC491CC2389F081116FDFEC2FF0E0D7
:10E28000EE0FFF1FE053F14EA591B491EC91ED23F9
:10E2900081E090E021F480E002C080E090E0DF9136
:10E2A000CF9108951F93CF93DF93282F30E0F9018A
:10E2B000EA58F04E8491F901E05DF04ED491F901F5
:10E2C000E651F14EC491CC23C1F0162F811145DFE8
:10E2D000EC2FF0E0EE0FFF1FEA54F14EA591B49140
:10E2E0008FB7F894111105C09C91ED2FE095E923AB
:10E2F00002C0EC91ED2BEC938FBFDF91CF911F917A
:10E300000895CF93DF9390E0FC01E05DF04E2491FF
:10E31000FC01E651F14E8491882361F190E0880F71
:10E32000991FFC01E456F14EC591D491FC01EA54C9
:10E33000F14EA591B491611109C09FB7F8948881FD
:10E34000209582238883EC912E230BC0623061F4E8
:10E350009FB7F8943881822F809583238883EC912E
:10E360002E2B2C939FBF06C08FB7F894E8812E2BDD
:10E3700028838FBFDF91CF9108958F929F92AF92A4
:10E38000BF92CF92DF92EF92FF926B017C013BDF55
:10E390004B015C01C114D104E104F104E9F033DF65
:10E3A000DC01CB0188199909AA09BB09883E934071
:10E3B000A105B10578F321E0C21AD108E108F108FE
:10E3C00088EE880E83E0981EA11CB11CC114D104F4
:10E3D000E104F10421F7DECFFF90EF90DF90CF90C2
:10E3E000BF90AF909F908F9008952FB7F894609151
:10E3F000250C7091260C8091270C9091280C2FBF32
:10E4000008951F920F920FB60F9211242F933F93EE
:10E410008F939F93AF93BF938091250C9091260C7F
:10E42000A091270CB091280C3091240C23E0230FED
:10E430002D3720F40196A11DB11D05C026E8230F3C
:10E440000296A11DB11D2093240C8093250C90935E
:10E45000260CA093270CB093280C8091290C909146
:10E460002A0CA0912B0CB0912C0C0196A11DB11D72
:10E470008093290C90932A0CA0932B0CB0932C0C16
:10E48000BF91AF919F918F913F912F910F900FBEB0
:10E490000F901F901895CF92DF92EF92FF926B0131
:10E4A0007C0183E3C816D104E104F10468F082E33F
:10E4B000C81AD108E108F10862E370E080E090E05A
:10E4C0005CDF0E9413BCEDCFC701B60156DFFF90A1
:10E4D000EF90DF90CF900C9413BC9093230C80931B
:10E4E000220C80E00E949BB780910B0490910C0459
:10E4F000846090930C0480930B040895209115027E
:10E50000309116022336310529F0C9018657910949
:10E51000029788F48091130290911402281739070A
:10E5200051F00E94C83C8091130290911402909384
:10E530001602809315020895AF92BF92CF92DF9298
:10E54000EF92FF920F931F93CF93DF93CDB7DEB778
:10E55000A4970FB6F894DEBF0FBECDBF8C01262F57
:10E56000B42E892B49F4213009F443C0223009F438
:10E570004EC021117AC02EC08DEDE82E82E0F82E1B
:10E5800090E2A92ECE0101966C01F6018A2D11921E
:10E590008A95E9F7D601A801405E5F4FF8018491A2
:10E5A000882341F00F5F1F4F8A3021F08D930417AD
:10E5B0001507A1F740E2B601C7012CA30E94E83C71
:10E5C000F2E0EF0EF11C2CA185EEE81682E0F806D1
:10E5D000E1F6C9CF8091150290911602833691051C
:10E5E00009F443C083E690E00E94C83C83E690E0D3
:10E5F00038C0809115029091160286379105A9F1D5
:10E6000086E790E00E94C83C86E790E02AC091E04F
:10E61000B9121AC0B092210C1092200C10921F0C4B
:10E6200080E397E19BA38AA365E97EE1CE01829610
:10E630000E94C7B088E397E19BA38AA36DE87EE1BF
:10E64000CE0182960E94C7B0809115029091160269
:10E650008737910551F087E790E00E94C83C87E733
:10E6600090E09093160280931502A4960FB6F8944A
:10E67000DEBF0FBECDBFDF91CF911F910F91FF90F5
:10E68000EF90DF90CF90BF90AF90089580EA95E132
:10E690000E9498B084E00E9495BD882329F0809163
:10E6A000D8118C5F8093D811089580E095E10E9485
:10E6B00098B086E10E9495BD882329F08091D811F9
:10E6C0008A5E8093D8110895CF93DF931F921F9293
:10E6D000CDB7DEB781E894E10E9498B080E20E9455
:10E6E00095BD882389F08091D811825E8093D811DE
:10E6F000CE0101960E948FBF81E029813A81232BB0
:10E7000009F480E080931E0C0E9487BF8CE10E9478
:10E7100095BD882349F08DE392E00E9461BF80910E
:10E72000D811805F8093D8110F900F90DF91CF9117
:10E73000089580E094E10E9498B080E20E9495BD27
:10E740008823E9F189E392E00E9461BF85E392E0CA
:10E750000E9461BF2CEA35EC47E25EE3609135022E
:10E760007091360280913702909138020E946AE0DF
:10E77000609335027093360280933702909338028B
:10E7800081E392E00E9461BF2CEA35EC47E25EE350
:10E790006091310270913202809133029091340283
:10E7A0000E94ECD76093310270933202809333025F
:10E7B000909334028091D8118C5E8093D8110E947E
:10E7C00087BF84E10E9495BD8823F9F08DE292E035
:10E7D0000E948FBF8FE292E00E948FBF89E292E099
:10E7E0000E948FBF8BE292E00E948FBF80E090E09A
:10E7F00090931B0C80931A0C90931D0C80931C0C0F
:10E800008091D8118C5F8093D811089580E893E1AE
:10E810000E9498B084E00E9495BD84E20C9495BD5E
:10E82000CF93DF9380E893E10E9498B0C8EDD1E1E7
:10E8300088818C5F888380E00E944EB088818C5DE7
:10E84000888380E0DF91CF910C944EB00F931F939B
:10E85000CF93DF9300D01F92CDB7DEB780E892E16F
:10E860000E9498B080E20E9495BD81110BC00E9469
:10E8700087BF80E20E9495BD882309F448C00AEF53
:10E880001BE023C085E892E10E9461BF89E892E124
:10E890000E9461BF8DE892E10E9461BF81E992E12F
:10E8A0000E9461BF0E9472A28AE09CE00E9461BF48
:10E8B0008EE09CE00E9461BF82E19CE00E9461BF0B
:10E8C00086E19CE00E9461BFD2CFCE0101960E94FA
:10E8D00015BF89819A81AB81BC81F80181939193A5
:10E8E000A193B1938F01FCE00A301F0771F786EF07
:10E8F0009BE00E9461BF82EF9BE00E9461BF8EEEB1
:10E900009BE00E9461BF8AEE9BE00E9461BF0E9473
:10E9100087BF88E10E9495BD882321F1CE01019631
:10E920000E9415BF89819A81AB81BC818093E60BDF
:10E930009093E70BA093E80BB093E90B82EE9BE07A
:10E940000E9461BF82ED9BE00E9461BF86ED9BE06B
:10E950000E9461BF8AED9BE00E9461BF8EED9BE04B
:10E960000E9461BF0E9487BF88E10E9495BD8823F5
:10E9700089F08AE194E00E9461BF8EE194E00E94F8
:10E9800061BF82E294E00E9461BF8091D811845FF0
:10E990008093D8110F900F900F900F90DF91CF912F
:10E9A0001F910F910895CF93DF931F921F92CDB7C0
:10E9B000DEB780E291E10E9498B086E10E9495BDA9
:10E9C000882309F451C08091D8118E5F8093D811AB
:10E9D000CE0101960E948FBF89E392E00E9461BF41
:10E9E00085E392E00E9461BF2CEA35EC47E25EE3EA
:10E9F0006091350270913602809137029091380211
:10EA00000E946AE060933502709336028093370269
:10EA10009093380281E392E00E9461BF2CEA35ECCA
:10EA200047E25EE3609131027091320280913302DD
:10EA3000909134020E94ECD76093310270933202BD
:10EA400080933302909334028091D8118C5F80932D
:10EA5000D81189819A8141DDCE0101960E948FBF34
:10EA600089819A810E944E340F900F90DF91CF914F
:10EA70000895CF93DF931F921F92CDB7DEB780E248
:10EA800091E10E9498B080916B1290E09A83898303
:10EA9000CE0101960E947DB080916B1290E0880FAC
:10EAA000991F8E5D934F0E947DB0609139027091E5
:10EAB0003A0280913B0290913C020E94D8BF2CEA1E
:10EAC00035EC47E25EE36091350270913602809149
:10EAD0003702909138020E94ECD70E94D8BF2CEAEE
:10EAE00035EC47E25EE36091310270913202809131
:10EAF0003302909134020E946AE00E94D8BFE8ED90
:10EB0000F1E180818C5F808380ED9BE00E947DB08D
:10EB100080E00E944EB00F900F90DF91CF9108954A
:10EB2000AF92BF92CF92DF92EF92FF920F931F931B
:10EB3000CF93DF93CDB7DEB761970FB6F894DEBF02
:10EB40000FBECDBFB82ECE0101967C0181E1F70149
:10EB500011928A95E9F785EDC82E82E0D82E00E063
:10EB600010E090E1A92E8981811103C08A81882358
:10EB700029F0F7012A2D11922A95E9F7B1101EC04C
:10EB800040E1B701C6010E94E83C0F5F1F4F82E0E1
:10EB9000C80ED11C0430110531F761960FB6F894F8
:10EBA000DEBF0FBECDBFDF91CF911F910F91FF90C0
:10EBB000EF90DF90CF90BF90AF9008952091160412
:10EBC0003091170420173107D9F2C901801B910B2E
:10EBD0008036EAEE9E07A0F660E070E001970E94A2
:10EBE00056AB40E150E06DE57FE0C7010E9460DA7E
:10EBF0006EE270E0C7010E9437DAFC018081882351
:10EC000009F4BECF1192FACF1F93CF93DF9300D0B8
:10EC10001F92CDB7DEB7182F2091CB0B22307CF49A
:10EC2000220F330BF901E35DFD4F808191819C83BD
:10EC30008B83F901E75DFD4F8081918106C084E0FF
:10EC400091E09C838B8384E690E09A8389831123EF
:10EC500021F089819A810E944E348B819C813DDC18
:10EC600080916B12811108C080911A0C90911B0C3D
:10EC700090934D0480934C0483E197E10E9498B0F7
:10EC8000CE0103960E947DB0112329F0CE0101969A
:10EC90000E947DB005C08091D8118E5F8093D811FD
:10ECA00080E00E944EB08B819C810F900F900F905E
:10ECB0000F90DF91CF911F910895CF92EF92FF9225
:10ECC0000F931F93CF93DF93CDB7DEB72C970FB67B
:10ECD000F894DEBF0FBECDBF80E096DFBC0180910F
:10ECE000CC0E2091CB0E90E030E02F5F3F4F2F7085
:10ECF00033278217930709F46DC065507109072EF9
:10ED0000000C880B990B0E940BE09B01AC016091F9
:10ED1000CC0B7091CD0B8091CE0B9091CF0B0E94BC
:10ED200048D918160CF056C020E030E040E050E41E
:10ED3000609178127091791280917A1290917B1281
:10ED40000E94FED6609378127093791280937A12A3
:10ED500090937B12C0906B128091741290917512F7
:10ED6000A0917612B0917712409170125091711269
:10ED7000609172127091731200916C1210916D1269
:10ED800020916E1230916F1209831A832B833C837A
:10ED90004D835E836F83788789879A87AB87BC872B
:10EDA000AE01475F5F4FBE016B5F7F4FCE010196A3
:10EDB0000E9424A2E12CF12C00E410E428E732E1C7
:10EDC000AE01475F5F4FBE016B5F7F4FCE01019683
:10EDD0000E94E9952C960FB6F894DEBF0FBECDBF0A
:10EDE000DF91CF911F910F91FF90EF90CF900895F9
:10EDF000CF92EF92FF920F931F93CF93DF93CDB7F4
:10EE0000DEB72C970FB6F894DEBF0FBECDBF80E003
:10EE1000FBDEBC018091CC0E2091CB0E90E030E067
:10EE20002F5F3F4F2F7033278217930709F46DC070
:10EE300065507109072E000C880B990B0E940BE09E
:10EE40009B01AC016091CC0B7091CD0B8091CE0BEE
:10EE50009091CF0B0E9448D918160CF056C020E0B4
:10EE600030E040E050E46091781270917912809126
:10EE70007A1290917B120E94FFD660937812709361
:10EE8000791280937A1290937B12C0906B128091CA
:10EE9000741290917512A0917612B09177124091F0
:10EEA00070125091711260917212709173120091F0
:10EEB0006C1210916D1220916E1230916F120983B5
:10EEC0001A832B833C834D835E836F837887898786
:10EED0009A87AB87BC87AE01475F5F4FBE016B5F10
:10EEE0007F4FCE0101960E9424A2E12CF12C00E478
:10EEF00010E428E732E1AE01475F5F4FBE016B5F70
:10EF00007F4FCE0101960E94E9952C960FB6F8949A
:10EF1000DEBF0FBECDBFDF91CF911F910F91FF904C
:10EF2000EF90CF9008952F923F924F925F926F9201
:10EF30007F928F929F92AF92BF92CF92DF92EF9289
:10EF4000FF920F931F93CF93DF93CDB7DEB76097F8
:10EF50000FB6F894DEBF0FBECDBF1C014D875E8794
:10EF60006F87788B0E9463348111F7C083E0281685
:10EF7000310461F520E030E044E353E46091CC0BD0
:10EF80007091CD0B8091CE0B9091CF0B0E9448D900
:10EF900018160CF0E2C02D853E854F85588960918A
:10EFA00078127091791280917A1290917B120E945E
:10EFB000FFD6609378127093791280937A129093AF
:10EFC0007B1280E090E0A0E4B0E465C08101000F16
:10EFD000111F000F111FF801E459FD4E8080918030
:10EFE000A280B38080915C02811115C020E030E0E6
:10EFF0004AE754E4C501B4010E94FED66B017C01CE
:10F0000020E030E04AE754E4C501B4010E94FFD695
:10F010002B013C010EC0F801E154F44FC080D180B7
:10F02000E280F380F801E35EFD4F40805180628012
:10F0300073802D853E854F855889C501B4010E9496
:10F04000FFD64B015C01A70196010E9405E0F80183
:10F05000E459FD4E87FD05C080829182A282B38271
:10F0600004C0C082D182E282F38204591D4EA30102
:10F070009201F80160817181828193810E9448D957
:10F0800018162CF4F801408251826282738280E06B
:10F0900090E0A8E4B2E480930D0490930E04A09352
:10F0A0000F04B0931004C0906B1280900D049090E8
:10F0B0000E04A0900F04B090100420E030E0A901ED
:10F0C000C501B4010E9448D918165CF0F101EE0F99
:10F0D000FF1FEE0FFF1FE358F14E85909590A5900E
:10F0E000B4908091741290917512A0917612B091A3
:10F0F000771240917012509171126091721270915A
:10F10000731200916C1210916D1220916E12309159
:10F110006F1209831A832B833C834D835E836F8335
:10F12000788789879A87AB87BC87AE01475F5F4F37
:10F13000BE016B5F7F4FCE0101960E9424A2850124
:10F14000740128E732E1AE01475F5F4FBE016B5F9C
:10F150007F4FCE0101960E94E99560960FB6F89414
:10F16000DEBF0FBECDBFDF91CF911F910F91FF90FA
:10F17000EF90DF90CF90BF90AF909F908F907F9057
:10F180006F905F904F903F902F900895809156061A
:10F19000883060F488E79EE19093960C8093950CFC
:10F1A0000E946236809118048D7F03C080911804FC
:10F1B00082608093180408952F923F924F925F923D
:10F1C0006F927F928F929F92AF92BF92CF92DF9277
:10F1D000EF92FF920F931F93CF93DF9300D01F9274
:10F1E000CDB7DEB79C838B834B015A01DC011396AC
:10F1F0008C91811103C08FEF9FEFEBC0EB81FC81FD
:10F20000818180FFF8CFAB81BC8151960D911D911A
:10F210002D913C91549718964D915D916D917C91F3
:10F220001B97C501A0E0B0E068017901C41AD50AB6
:10F23000E60AF70AC816D906EA06FB0618F45801CA
:10F24000A41AB50A75018B819C8104969A838983DF
:10F25000612C92E0792EE114F10409F48BC0AB81AA
:10F26000BC8118964D915D916D917C911B976A01BF
:10F27000B1E0DB22EB81FC8123811A012B0189E0C3
:10F2800056944794379427948A95D1F7818D928D1F
:10F29000223061F4FC01828D938DA48DB58DBC016B
:10F2A000CD01620D731D841D951D4AC0DC011496AD
:10F2B0001C9111501221C114D10401F511111EC06D
:10F2C000452B462B472B59F4EB81FC818589968988
:10F2D000A789B08D84839583A683B7830FC0AB8144
:10F2E000BC8114964D915D916D917C911797298108
:10F2F0003A810E940756882309F47DCFEB81FC8177
:10F30000218D328D84819581A681B7810297A109D3
:10F31000B109F901058404C0880F991FAA1FBB1FFA
:10F320000A94D2F74685578560897189840F951FA5
:10F33000A61FB71FBC01CD01610F711D811D911D5D
:10F3400093012C193D0987012E153F0508F4890109
:10F350000115F2E01F0779F52091970E3091980E74
:10F360004091990E50919A0E621773078407950782
:10F3700019F421C0C5012DC09401AB01BC018091DD
:10F38000A00E9091A10E0E94E0A3882309F433CF30
:10F39000800E911EEB81FC8180859185A285B385CD
:10F3A000800F911FA11DB11D80879187A287B38710
:10F3B000E01AF10A50CF40E00E943D55882309F43D
:10F3C0001ACFB6016956734FA801C4010E9409DA29
:10F3D000DFCF0F900F900F900F90DF91CF911F9183
:10F3E0000F91FF90EF90DF90CF90BF90AF909F90E4
:10F3F0008F907F906F905F904F903F902F900895E7
:10F400003F924F925F926F927F928F929F92AF92B4
:10F41000BF92CF92DF92EF92FF920F931F93CF9301
:10F42000DF93CDB7DEB72C970FB6F894DEBF0FBED3
:10F43000CDBF5C01DC0159968D909C905A97F401E8
:10F4400081859285A385B4859C01AD012F5F3F4FD7
:10F450004F4F5F4F29873A874B875C87D5011496BA
:10F46000CD90DD90ED90FC901797C114D104E1048C
:10F47000F10439F0BFEFCB1ADB0AEB0AFB0A312C9F
:10F4800007C0F401C080D180E280F380332433943C
:10F49000260137011D821E821F821886F401818594
:10F4A0009285A385B4852D813E814F81588528178B
:10F4B00039074A075B0708F064C089859A85AB85E0
:10F4C000BC858C159D05AE05BF0550F482E0C82EA5
:10F4D000D12CE12CF12C92E0492E512C612C712C75
:10F4E0009E012F5F3F4FB701A601C4010E9407563E
:10F4F000882309F446C089819A81AB81BC81892B1C
:10F500008A2B8B2B41F0260137019FEF491A590AAC
:10F51000690A790A05C0C414D504E604F70491F019
:10F520002D813E814F8158852F5F3F4F4F4F5F4F59
:10F530002D833E834F8358873FEFC31AD30AE30AD4
:10F54000F30AACCF0FEF1FEF2FEF3FE0B301A201A3
:10F55000C4010E947655F82E882399F0D50114969F
:10F560004D915D916D917C91179741155105610504
:10F57000710549F093018201C4010E947655811101
:10F5800002C0F12C29C0D50114964D925D926D9266
:10F590007C921797332051F0D301C2010196A11D2F
:10F5A000B11DF40180839183A283B383F501858922
:10F5B0009689A789B08D892B8A2B8B2B69F4D5016D
:10F5C00055964D925D926D927C92589711968C91C2
:10F5D0001197806811968C938F2D2C960FB6F89406
:10F5E000DEBF0FBECDBFDF91CF911F910F91FF9076
:10F5F000EF90DF90CF90BF90AF909F908F907F90D3
:10F600006F905F904F903F900895CF9380919F0EA1
:10F610008823B9F14091970E5091980E6091990E00
:10F6200070919A0E27E93CE08091A00E9091A10E76
:10F630000E947EA3C82F811102C0C0E023C0409168
:10F640009B0E50919C0E60919D0E70919E0E4115E7
:10F6500051056105710591F027E93CE08091A00E0C
:10F660009091A10E0E947EA3882339F310929B0EE5
:10F6700010929C0E10929D0E10929E0E10929F0E54
:10F6800001C0C1E08C2FCF910895DF92EF92FF92DD
:10F690000F931F93CF93DF937C01EB018A018DE0E1
:10F6A000D82E40E250E0BE01C70186DD80329105D0
:10F6B00039F021E0892B09F420E0822F81953EC0AA
:10F6C0002881222399F1253E61F32E3251F3011551
:10F6D000110541F13B853F733F3021F54A8D5B8D2C
:10F6E000452B01F52F713FEF320F3230D8F430E067
:10F6F00021503109D29EC001D39E900D1124D80112
:10F70000A80FB91FFE0120E0AD01253088F431813A
:10F710003D932F5F32962D30C1F7288126FF02C01E
:10F72000FA0115862B8523FDBCCF08C080E006C0FA
:10F730002B3010F43481ECCF3681EACFDF91CF91BA
:10F740001F910F91FF90EF90DF900895CF93DF937B
:10F75000EC018B818823B1F1898187FF30C06C85F2
:10F760007D858E859F8541E00E943D55882351F11E
:10F77000E88980E2E89FF0011124DF01A956B34F28
:10F78000109701F18C91853EE9F08B81823050F425
:10F7900049895A896B897C895C964D935D936D93F9
:10F7A0007C935F978D899E89AF89B88DE956F34F19
:10F7B000938F828FB58BA48B89818F778983DF911B
:10F7C000CF9123CF81E0888380E0DF91CF910895AE
:10F7D0008F929F92AF92BF92CF92DF92EF92FF9261
:10F7E0000F931F93CF93DF93EC018B81811102C0A4
:10F7F00080E077C009891A892B893C89041715078D
:10F8000026073707A8F36A017B01823029F4C886EE
:10F81000D986EA86FB860DC0C114D104E104F10447
:10F8200051F41C821D821E821F82188619861A8638
:10F830001B8681E056C088849984AA84BB84E98DA4
:10F84000FA8D258530E0275F3F4FB501A401415077
:10F85000510961097109022E04C076956795579583
:10F8600047950A94D2F7D701C6010197A109B109BA
:10F8700004C0B695A795979587952A95D2F78417D2
:10F880009507A607B70720F089288A288B2849F40E
:10F890004D895E896F89788D4C835D836E837F830C
:10F8A00004C0841B950BA60BB70B4C015D018E01A8
:10F8B0000C5F1F4F81149104A104B10409F4A7CF78
:10F8C0004C815D816E817F819801898D9A8D0E9426
:10F8D000075691E0891A9108A108B1088111EACF71
:10F8E00087CFDF91CF911F910F91FF90EF90DF9025
:10F8F000CF90BF90AF909F908F9008952F923F929E
:10F900004F925F926F927F928F929F92AF92BF922F
:10F91000CF92DF92EF92FF920F931F93CF93DF93DB
:10F9200000D01F92CDB7DEB78C014B011A01DC016C
:10F9300013968C9113978130C1F411968C9181FFAD
:10F9400014C082FF18C0F801418952896389748903
:10F9500080859185A285B38584179507A607B7078B
:10F9600051F0C80135DF811106C081E0F8018083C4
:10F970008FEF9FEF2DC1610185C0D80159968D9100
:10F980009C915A97FC01248121502A013B0139E0C6
:10F9900076946794579447943A95D1F7722E7420D1
:10F9A0007A01F1E0FF22772009F478C080E092E04C
:10F9B0008E199F0956018C159D0508F45C01D8012C
:10F9C00059962D913C915A9714968D919D910D9039
:10F9D000BC91A02D0297A109B109F901058404C0C9
:10F9E000880F991FAA1FBB1F0A94D2F74685578517
:10F9F00060897189840F951FA61FB71F9C01AD01F7
:10FA0000270D311D411D511D29013A01A11432E07C
:10FA1000B30609F089C08091970E9091980EA0913D
:10FA2000990EB0919A0E84159505A605B70569F44F
:10FA300010929F0E8FEF9FEFDC018093970E9093B3
:10FA4000980EA093990EB0939A0E9401B301A2015F
:10FA50008091A00E9091A10E0E947EA3882309F4AC
:10FA600084CFF80180859185A285B3858A0D9B1D81
:10FA7000A11DB11D80879187A287B3878A0C9B1C2B
:10FA8000CA18DB08D80118964D915D916D917C9153
:10FA90001B97C114D10409F070CF7BC0E114F104AD
:10FAA00009F084CF14964D915D916D917C911797DB
:10FAB000411551056105710559F455968D919D913A
:10FAC0000D90BC91A02D0097A105B10539F521C07D
:10FAD0009E012F5F3F4F0E940756882309F445CFB0
:10FAE00089819A81AB81BC81F801218D328DF90128
:10FAF0002789203139F4883FFFEF9F07A105B10521
:10FB000040F40CC0883F2FEF9207A2072FE0B20706
:10FB100028F0C80175DC811149CF27CFF801848313
:10FB20009583A683B78342CFE114F10411F5D80180
:10FB300018964D915D916D917C911B9751968D9189
:10FB40009D910D90BC91A02D481759076A077B071E
:10FB500080F05BDD882309F408CF81E080939F0E5D
:10FB60004092970E5092980E6092990E70929A0E53
:10FB700008C041E0C301B2010E943D55882309F449
:10FB8000F4CEA501B401C7018956934F0E9409DA4A
:10FB900068CF51968D919D910D90BC91A02D8417A9
:10FBA0009507A607B70740F4F801418B528B638B8A
:10FBB000748B818180688183D80111968C9183FD3B
:10FBC00002C0C10105C0C801C1DD8111FACFCDCE8F
:10FBD0000F900F900F900F90DF91CF911F910F9189
:10FBE000FF90EF90DF90CF90BF90AF909F908F905D
:10FBF0007F906F905F904F903F902F900895CF939C
:10FC0000DF931F92CDB7DEB7698341E050E0BE01BC
:10FC10006F5F7F4F049672DE0F90DF91CF91089552
:10FC2000CF93DF931F92CDB7DEB741E050E0BE0126
:10FC30006F5F7F4FC1DA019719F4898190E002C0AC
:10FC40008FEF9FEF0F90DF91CF9108958F929F924A
:10FC5000AF92BF92CF92DF92EF92FF920F931F93DA
:10FC6000CF93DF93EC018B017A01D22EDB01599601
:10FC70008D919C915A979A8F898F40E050E0BA01FC
:10FC8000C801A6DDC12CF80180859185A285B385C8
:10FC9000418952896389748984179507A607B70734
:10FCA00008F054C025E0B695A795979587952A95B5
:10FCB000D1F7E82FEF70BE2ED80113968C918230C9
:10FCC00008F455C0C801ACDF97FD51C0F80180852C
:10FCD0009185A285B3854F96A11DB11D808791871F
:10FCE000A287B387F0E2BF9EC0011124BC01695610
:10FCF000734F61157105D9F1DB012C91222319F0A5
:10FD0000253EC9F469C1C1100DC04091970E5091B4
:10FD1000980E6091990E70919A0E4C875D876E8750
:10FD20007F87B88AFC01E956F34F8081882361F010
:10FD3000CC24C394A8CF4BE050E0C7010E94FCD96B
:10FD4000892B09F0A0CF15C0CC24C3948D2D8274CB
:10FD5000823469F4CC2009F481C0B8886C857D8533
:10FD60008E859F8541E00E943D5581116BC080E0EA
:10FD700036C1D7FCFCCF20E2B29EF00111249F01D6
:10FD80002956334FD9011B968C91817121F08D2D0D
:10FD9000827109F055C08091970E9091980EA091B4
:10FDA000990EB0919A0E8C879D87AE87BF87B88ACF
:10FDB000E956F34F4489558960E070E0BA01552750
:10FDC00044274D8B5E8B6F8B788F828D938DA0E057
:10FDD000B0E0482B592B6A2B7B2B4D8B5E8B6F8BA6
:10FDE000788FD9011B968C91887151F4848D958DF3
:10FDF000A68DB78D898B9A8BAB8BBC8B81E00CC0A9
:10FE00008031F1F49E012F5E3F4F898D9A8D0E94C3
:10FE100088568823A9F084E08B838D2D8F70898389
:10FE20001C821D821E821F82188619861A861B86D6
:10FE3000D4FEBCC0CE010E94D9B18111B7C097CF0A
:10FE40001B8295CF6889F0E26F9FB001112469563B
:10FE5000734F6115710509F08AC089CFD8011396D7
:10FE60008C911397823009F482CF51968D919D9198
:10FE70000D90BC91A02D803E9F4FAF41B10508F081
:10FE800076CFC801BDDA882309F471CFBEDB8823A1
:10FE900009F46DCFD80159962D913C915A9714963B
:10FEA0008D919D910D90BC91A02D0297A109B10952
:10FEB000F901058404C0880F991FAA1FBB1F0A946B
:10FEC000D2F786849784A088B188880E991EAA1ECE
:10FED000BB1E81E080939F0E8092970E9092980EA9
:10FEE000A092990EB0929A0E80E092E0E7E9FCE0D1
:10FEF000DF019C011D9221503040E1F7CC24C394D6
:10FF0000D8015996ED91FC915A978481C81698F4BE
:10FF100027E93CE0B501A4014C0D511D611D711D87
:10FF20008091A00E9091A10E0E947EA3882309F4D7
:10FF30001ECFC394E5CF80E092E0A0E0B0E005845E
:10FF400004C0880F991FAA1FBB1F0A94D2F7F8019B
:10FF50004189528963897489840F951FA61FB71F31
:10FF6000818B928BA38BB48B67E97CE0B12C80E210
:10FF7000DB011D928A95E9F78BE0F701DB01019027
:10FF80000D928A95E1F781E298E2FB01918B808BDB
:10FF900020E038E037872687938B828B918F808F84
:10FFA000378B268B32DB8111E6CEE1CED5FE12C037
:10FFB00049895A896B897C89CE01DF91CF911F9144
:10FFC0000F91FF90EF90DF90CF90BF90AF909F90F8
:10FFD0008F90FECB81E003C0C110AACE96CEDF91F8
:10FFE000CF911F910F91FF90EF90DF90CF90BF9036
:10FFF000AF909F908F9008950F931F93CF93DF93AF
:020000021000EC
:10000000FC012381222311F080E044C08B01EC012C
:10001000FB018789803139F18032B1F783E08B832E
:10002000F801428D538D648D758D4D8B5E8B6F8B7A
:10003000788F9E012F5E3F4FC8010E94885688230B
:1000400019F31A8F098F81E089831C821D821E8219
:100050001F82188619861A861B861C861D861E8698
:100060001F86188A17C082E08B831D8A1E8A1F8A0A
:10007000188EFB01808D918DA0E0B0E025E0880F07
:10008000991FAA1FBB1F2A95D1F7898B9A8BAB8B1F
:10009000BC8BD7CFDF91CF911F910F9108950F9314
:1000A0001F93CF93DF93EB01FC012381211102C049
:1000B00080E040C02250223028F48FE288831982E9
:1000C00081E038C08C01FC01648575858685978543
:1000D00040E00E943D55882359F3F8014089F0E241
:1000E0004F9FA00111249A012956334F232B01F36E
:1000F00020E030E090E06EE2F901E40FF51FE956F0
:10010000F34F7081703271F02830310529F4DE012F
:10011000A90FB11D6C939F5FDE01A90FB11D708106
:100120007C939F5F2F5F3F4F2B30310529F7C90F1D
:10013000D11D1882DF91CF911F910F910895CF9318
:10014000DF93EC0103DB1B82DF91CF9108952F92A7
:100150003F924F925F926F927F928F929F92AF9257
:10016000BF92CF92DF92EF92FF920F931F93CF93A4
:10017000DF93CDB7DEB7C554D1090FB6F894DEBF13
:100180000FBECDBF3C015B018A01322E1C8E1F8E3B
:1001900019821C82672B11F410E0A7C0FC01838137
:1001A0008111FACFFA0180818F3261F4CA018C018A
:1001B0000196F80120812F32D1F3F501838182501D
:1001C000823010F475010AC0618D728DCE010196E6
:1001D00013DF882309F3CE0101967C016E019CE1B7
:1001E000C90ED11C26014E01E7E38E0E911CFBE0E7
:1001F000F80D2596FFAF2597CE01019624969FAF67
:100200008EAF24972696CFAE26972D2C35C080E250
:10021000819325969FAD25979E13F9CFD80190E045
:1002200027E04A2F3B2F8D91811128C08FA9803262
:1002300009F4B2CF842F932F8C01FC012081019609
:100240002F32D1F3222309F44AC021E0A401B701DF
:10025000C601FCDC882309F49FCFEA14FB0411F0EB
:10026000C7016DDFC414D50499F126969FAD26977A
:10027000822D7601C92ED82EF401C9CF8F32B1F26A
:100280008E3219F0ECEBFFE10AC02A3009F484CF7A
:1002900098E02AE0C6CF3196381709F47DCF349123
:1002A0003111F9CF291708F477CF813208F474CFD0
:1002B0008F3709F471CF31E0390FF401E90FF11DE7
:1002C0009FE9980F9A3108F480528083932FA9CF29
:1002D00023969FAD239724968FAD2497CACF232DC5
:1002E000A401B701C301B2DC182FCE0101960E9410
:1002F0004834CE014C960E944834812FCB5BDF4FAF
:100300000FB6F894DEBF0FBECDBFDF91CF911F9126
:100310000F91FF90EF90DF90CF90BF90AF909F90A4
:100320008F907F906F905F904F903F902F900895A7
:100330004F925F926F927F92AF92BF92CF92DF9275
:10034000EF92FF920F931F93CF93DF93009709F4DF
:1003500056C0FC01208121FD52C0EB018C0143A459
:1003600054A465A476A4ABA4BCA4CDA4DEA495013A
:10037000A601C301B2010E9405E087FF40C0A301AE
:100380009201C301B2010E946AE02B013C01F80115
:1003900087A990ADA1ADB2ADBC01CD0190589B0134
:1003A000AC010E94FFD6F80123A934A945A956A99A
:1003B0000E946AE09B01AC01C301B2010E94FED61B
:1003C0000E9491D97B018C019B01AC01B501C60152
:1003D0000E9405E087FF02C0750186019701A80110
:1003E000B501C6010E9405E0882349F0A701B801C4
:1003F0004BA75CA76DA77EA7888181608883DF916A
:10040000CF911F910F91FF90EF90DF90CF90BF9011
:10041000AF907F906F905F904F9008952F923F9292
:100420004F925F926F927F928F929F92AF92BF9204
:10043000CF92DF92EF92FF920F931F93CF93DF93B0
:10044000CDB7DEB768970FB6F894DEBF0FBECDBF4D
:100450001C015B018A01DC01DB966D917D918D9120
:100460009C91DE970E9409E06B017C01F5012081DF
:100470003181428153810E946AE00E94D5D70E9457
:1004800063D869877A878B879C87D8012D913D91A6
:100490004D915C91C701B6010E946AE00E94D5D7D8
:1004A0000E9463D86D877E878F87988B29853A85D0
:1004B0004B855C85283731054105510540F488E7B7
:1004C00090E0A0E0B0E089879A87AB87BC872D8554
:1004D0003E854F855889283731054105510540F43F
:1004E00088E790E0A0E0B0E08D879E87AF87B88B6B
:1004F0009101295B3F4FD9018D919D910D90BC9148
:10050000A02D8D839E83AF83B887BC01CD010E944F
:100510000BE069837A838B839C8369857A858B85DD
:100520009C850E9409E0698B7A8B8B8B9C8B20E0E9
:1005300030E0A90169817A818B819C810E9405E06C
:10054000882339F1A7019601C701B6010E946AE02C
:100550004B015C0129893A894B895C89CA01B9013F
:100560000E946AE09B01AC01C501B4010E94FED665
:100570004B015C0129813A814B815C81CA01B9013F
:100580000E94FFD69B01AC01C501B4010E94ECD7CB
:1005900003C060E070E0CB010E94D5D70E945DD817
:1005A0002B013C016D817E818F819885909580958E
:1005B000709561957F4F8F4F9F4F0E940BE04B01CD
:1005C0005C016D857E858F8598890E9409E06D8329
:1005D0007E838F83988720E030E0A901C501B401B4
:1005E0000E9405E0882349F12D813E814F81588585
:1005F000CA01B9010E946AE06D8B7E8B8F8B988F48
:10060000A7019601C701B6010E946AE09B01AC01F7
:100610006D897E898F89988D0E94FED66B017C0141
:10062000A5019401C501B4010E94FFD69B01AC0154
:10063000C701B6010E94ECD703C060E070E0CB01B7
:100640000E9492D8F10186889788A08CB18C7501A0
:100650006401C418D508E608F7080E945DD8C61AD8
:10066000D70AE80AF90AF7FE6BC020E030E0A901DA
:1006700069817A818B819C810E9405E0882309F43D
:1006800047C029813A814B815C81CA01B9010E942E
:10069000FFD66B017C01C501B4010E9409E09B01FA
:1006A000AC01C701B6010E946AE06B017C01298997
:1006B0003A894B895C89CA01B9010E946AE09B01B1
:1006C000AC01C701B6010E94FED66B017C012D81F1
:1006D0003E814F815885CA01B9010E946AE09B01A1
:1006E000AC01C701B6010E94FFD66B017C0120E07E
:1006F00030E040E850E469817A818B819C810E94DE
:100700006AE09B01AC01C701B6010E94ECD703C0AF
:1007100060E070E0CB010E94D5D70E945DD82B012C
:100720003C0197FF03C0412C512C3201481459045D
:100730006A047B0410F024013501C12CD12C760110
:100740008FB7F894D1019C9193FD21C0F101428EA5
:10075000538E648E758EC40CD51CE61CF71C5E96F9
:10076000CD92DD92ED92FC929197FF9629853A8584
:100770004B855C85208331834283538334962D855A
:100780003E854F85588920833183428353838FBFB1
:1007900068960FB6F894DEBF0FBECDBFDF91CF9144
:1007A0001F910F91FF90EF90DF90CF90BF90AF908F
:1007B0009F908F907F906F905F904F903F902F9081
:1007C0000895CF92DF92EF92FF920F931F93CF93F2
:1007D000DF9310924D0C10924C0C2FE32093500C91
:1007E00010924F0C10924E0C1092480C1092490C23
:1007F00010924A0C10924B0C9C01F90190812F5FD2
:100800003F4F9032D1F39E34B1F4818190ED980F37
:100810009A3020F08D3211F08B3269F43296DF017C
:1008200031962C9120532A30D0F3CD01FC01019652
:1008300020812032D9F3F093520CE093510C8F01B8
:100840000F5F1F4FC0816AE270E0C8010E9437DA73
:10085000009731F0FC01319780818032E1F3118201
:10086000CD3429F0C43519F0C73409F0DBC0F801E4
:1008700080810F5F1F4F8032D1F380538A3008F0A0
:10088000D1C0C093500C10924F0C10924E0C4AE005
:1008900020914E0C30914F0C429FC001439F900D10
:1008A000112490934F0C80934E0C3196DF011197D9
:1008B0002C91022E000C330B20533109280F391FC5
:1008C00030934F0C20934E0C808180538A3000F37C
:1008D000CF013196DC014C914032D1F3CD34D1F4CB
:1008E0002E31310591F03CF42731310571F02C3176
:1008F000310581F40AC02537310564F02737310509
:1009000024F0203AE3E03E0729F490934D0C8093C5
:100910004C0C88C010924D0C10924C0CD091510C84
:1009200061E070E0FD0131968C91882309F47AC072
:100930008132A1F4CD3491F42032310579F4F09371
:100940004D0CE0934C0C63E270E0CF010E9437DA6B
:10095000009709F467C0DC011C9264C081548A319D
:10096000A0F5AF01FA0190814F5F5F4F9032D1F354
:1009700040ED490F4A3038F043ED490F423018F04E
:100980009B3209F03FC0AF01C82ED12C860193E005
:10099000159507959A95E1F7085B134F87707B01D2
:1009A00002C0EE0CFF1C8A95E2F7C701D8019C91AA
:1009B000892B8C934115510511F04D1B01C040E06E
:1009C000D601A25DB34F4C930AC080914C0C90911C
:1009D0004D0C892B21F4B0934D0CA0934C0C8081CD
:1009E00081548A3110F4DF019DCFDF0131969C9153
:1009F00090539A30D0F3CD01FC01019640814032F2
:100A0000D9F3F1CF40914C0C50914D0C452B39F45A
:100A1000AF014150510950934D0C40934C0C40E0B4
:100A200050E0B2CFDF91CF911F910F91FF90EF90E7
:100A3000DF90CF9008950F931F93CF93DF93E091B2
:100A4000810BF091820B4681578160857185141668
:100A5000150616061706E4F42091800B20FF18C037
:100A60003FB12091540C3095832F81702E7F822BC3
:100A70008093540C9091530C9170892349F080918C
:100A8000541481608093541480E090E00E942D60A3
:100A9000E091810BF091820B82859385A485B585C9
:100AA000181619061A061B0654F58091800B81FF53
:100AB00026C080B12091540C422F50E08695869537
:100AC00091E08927082F017010E022273327201B8F
:100AD000310B2427352722703327242735272093ED
:100AE000540C8091530C8270282349F08091541447
:100AF00082608093541481E090E00E942D60E09128
:100B0000810BF091820B86859785A089B189181693
:100B100019061A061B0674F58091800B82FF2AC005
:100B200080911904882331F1909100018091540C37
:100B3000282F30E093FB992790F9C92F80E0D82F18
:100B4000882799278C1B9D0B8227932784709927D0
:100B5000822793278093540C9091530C947089238F
:100B600049F08091541484608093541482E090E0A2
:100B70000E942D608091540C8093530CDF91CF9193
:100B80001F910F910895AF92BF92CF92DF92EF9293
:100B9000FF920F931F93CF93C82F882319F0E2E899
:100BA000F2E20CC0E5E7F8E284918F010F5F1F4F7E
:100BB0008823A9F30E94AF34F801F6CF84918F0106
:100BC0000F5F1F4F882321F00E94AF34F801F6CF4A
:100BD000CC2319F0E5E6F2E20CC0E5E7F8E28491F7
:100BE0008F010F5F1F4F8823A9F30E94AF34F801D4
:100BF000F6CF84918F010F5F1F4F882321F00E9451
:100C0000AF34F801F6CF8AE00E94AF34C1112CC096
:100C1000E5E7F8E284918F010F5F1F4F882321F0F1
:100C20000E94AF34F801F6CFE2E5F2E284918F0141
:100C30000F5F1F4F882321F00E94AF34F801F6CFD9
:100C400080911E0C882321F08AE00E94AF343AC0C4
:100C5000E7E4F2E284918F010F5F1F4F882391F147
:100C60000E94AF34F801F6CF40913D0250913E0210
:100C700060913F02709140028EE392E20E941A94CA
:100C80008AE00E94AF3480911E0C811127C0CC23D2
:100C900019F0E3E3F2E20CC0E5E7F8E284918F019A
:100CA0000F5F1F4F8823A9F30E94AF34F801F6CFDE
:100CB00084918F010F5F1F4F882381F00E94AF3412
:100CC000F801F6CFE5E7F8E284918F010F5F1F4F3F
:100CD000882351F20E94AF34F801F6CFC11124C02D
:100CE000E5E7F8E284918F010F5F1F4F882321F021
:100CF0000E94AF34F801F6CFE2E2F2E284918F0174
:100D00000F5F1F4F882321F00E94AF34F801F6CF08
:100D1000E5E7F8E284918F010F5F1F4F882321F0F0
:100D20000E94AF34F801F6CF40918512509186129F
:100D300060918712709188128AE192E20E941A945F
:100D40004091891250918A1260918B1270918C128D
:100D500087E192E20E941A9440918D1250918E1276
:100D600060918F127091901284E192E20E941A9425
:100D7000409191125091921260919312709194123D
:100D800081E192E20E941A948AE00E94AF34C1117C
:100D900024C0E5E7F8E284918F010F5F1F4F88239D
:100DA00021F00E94AF34F801F6CFE3EFF1E2849135
:100DB0008F010F5F1F4F882321F00E94AF34F8018D
:100DC000F6CFE5E7F8E284918F010F5F1F4F88238C
:100DD00021F00E94AF34F801F6CF40910A0C5091F7
:100DE0000B0C60910C0C70910D0C8AEE91E20E943C
:100DF0001A9440910E0C50910F0C6091100C709150
:100E0000110C87EE91E20E941A944091120C5091BD
:100E1000130C6091140C7091150C84EE91E20E94F9
:100E20001A944091160C5091170C6091180C709107
:100E3000190C81EE91E20E941A948AE00E94AF346C
:100E4000C11124C0E5E7F8E284918F010F5F1F4FC5
:100E5000882321F00E94AF34F801F6CFEFEBF1E2E6
:100E600084918F010F5F1F4F882321F00E94AF34C0
:100E7000F801F6CFE5E7F8E284918F010F5F1F4F8D
:100E8000882321F00E94AF34F801F6CF4091FA0B8D
:100E90005091FB0B6091FC0B7091FD0B86EB91E286
:100EA0000E94DF684091FE0B5091FF0B6091000C97
:100EB0007091010C83EB91E20E94DF684091020C7B
:100EC0005091030C6091040C7091050C80EB91E241
:100ED0000E94DF684091060C5091070C6091080C4D
:100EE0007091090C8DEA91E20E94DF688AE00E940D
:100EF000AF34C11124C0E5E7F8E284918F010F5FA0
:100F00001F4F882321F00E94AF34F801F6CFE3E6AB
:100F1000F1E284918F010F5F1F4F882321F00E941F
:100F2000AF34F801F6CFE5E7F8E284918F010F5F67
:100F30001F4F882321F00E94AF34F801F6CF409173
:100F4000F60B5091F70B6091F80B7091F90B8AE555
:100F500091E20E941A944091F20B5091F30B609130
:100F6000F40B7091F50B87E591E20E941A94409181
:100F7000EE0B5091EF0B6091F00B7091F10B84E54B
:100F800091E20E941A948AE00E94AF34C11124C0F9
:100F9000E5E7F8E284918F010F5F1F4F882321F06E
:100FA0000E94AF34F801F6CFE0EEF0E284918F01B9
:100FB0000F5F1F4F882321F00E94AF34F801F6CF56
:100FC000E5E7F8E284918F010F5F1F4F882321F03E
:100FD0000E94AF34F801F6CF4091EA0B5091EB0B31
:100FE0006091EC0B7091ED0B87ED90E20E941A94EA
:100FF0004091E20B5091E30B6091E40B7091E50B93
:1010000084ED90E20E941A944091E60B5091E70B18
:101010006091E80B7091E90B81ED90E20E94DF682E
:101020004091D20B5091D30B6091D40B7091D50BA2
:101030008EEC90E20E941A944091D60B5091D70BFF
:101040006091D80B7091D90B8BEC90E20E941A94AE
:101050004091DA0B5091DB0B6091DC0B7091DD0B52
:1010600088EC90E20E941A944091DE0B5091DF0BC5
:101070006091E00B7091E10B85EC90E20E941A9474
:101080008AE00E94AF34C11124C0E5E7F8E2849100
:101090008F010F5F1F4F882321F00E94AF34F801AA
:1010A000F6CFE7EBF0E284918F010F5F1F4F8823AB
:1010B00021F00E94AF34F801F6CFE5E7F8E2849121
:1010C0008F010F5F1F4F882321F00E94AF34F8017A
:1010D000F6CF40911A0450911B0460911C0470914A
:1010E0001D048EEA90E20E941A9440911E045091D1
:1010F0001F0460912004709121048BEA90E20E9409
:101100001A94409122045091230460912404709118
:10111000250488EA90E20E941A948AE00E94AF3483
:10112000C11124C0E5E7F8E284918F010F5F1F4FE2
:10113000882321F00E94AF34F801F6CFE4E9F0E211
:1011400084918F010F5F1F4F882321F00E94AF34DD
:10115000F801F6CFE5E7F8E284918F010F5F1F4FAA
:10116000882321F00E94AF34F801F6CF61E070E0EF
:1011700080919512811102C060E070E08BE890E2EE
:101180000E9437948AE00E94AF34CC2379F08DE23C
:10119000A82E82E0B82E99E2C92E92E0D92E2AE13B
:1011A000E22E2CE0F22E00E010E024C0E5E7F8E2A9
:1011B00084918F010F5F1F4F882321F00E94AF346D
:1011C000F801F6CFEEE6F0E284918F010F5F1F4F3A
:1011D000882321F00E94AF34F801F6CFE5E7F8E26A
:1011E00084918F010F5F1F4F882389F20E94AF34D3
:1011F000F801F6CFB80185E690E20E943794F50138
:10120000619171915F0182E690E20E943794F6014C
:10121000619171916F018FE590E20E943794F7011F
:10122000619171917F018CE590E20E9437948AE090
:101230000E94AF340130110519F001E010E0DACF5F
:10124000C11124C0E5E7F8E284918F010F5F1F4FC1
:10125000882321F00E94AF34F801F6CFEDE4F0E2EC
:1012600084918F010F5F1F4F882321F00E94AF34BC
:10127000F801F6CFE5E7F8E284918F010F5F1F4F89
:10128000882321F00E94AF34F801F6CF4091390253
:1012900050913A0260913B0270913C0284E490E2EA
:1012A0000E941A942CEA35EC47E25EE36091350225
:1012B0007091360280913702909138020E94ECD7EB
:1012C000AB01BC0181E490E20E94FD932CEA35EC75
:1012D00047E25EE360913102709132028091330205
:1012E000909134020E946AE0AB01BC018EE390E26F
:1012F0000E94FD938AE00E94AF34C11124C0E5E74B
:10130000F8E284918F010F5F1F4F882321F00E9424
:10131000AF34F801F6CFE8E2F0E284918F010F5F7D
:101320001F4F882321F00E94AF34F801F6CFE5E784
:10133000F8E284918F010F5F1F4F882321F00E94F4
:10134000AF34F801F6CF4091961350919713609106
:101350009813709199138FE190E20E941A948AE099
:10136000CF911F910F91FF90EF90DF90CF90BF90A2
:10137000AF900C94AF34CF93DF9325E832E1CAE00D
:10138000DCE0AAEFBBE080E090E0FC01E15FFF4D14
:101390004591559165917491F901419351936193F0
:1013A00071939F01FC01E150F04E4591559165917B
:1013B00074914993599369937993FC01E151F04EEB
:1013C00045915591659174914D935D936D937D9386
:1013D000049680319105C9F680E090E0AAEFB3E46D
:1013E0008093F60B9093F70BA093F80BB093F90B47
:1013F0008093F20B9093F30BA093F40BB093F50B47
:101400008093EE0B9093EF0BA093F00BB093F10B46
:101410001092EA0B1092EB0B1092EC0B1092ED0B6A
:1014200080E29EE4A0E0B0E08093E60B9093E70BAF
:10143000A093E80BB093E90B1092E20B1092E30B30
:101440001092E40B1092E50B80E090E0A0E0B1E494
:101450008093D20B9093D30BA093D40BB093D50B66
:1014600080E090E0A0E2B1E48093D60B9093D70B9C
:10147000A093D80BB093D90B8DEC9CECACECBEE3F5
:101480008093DA0B9093DB0BA093DC0BB093DD0B16
:1014900080E090E0A0E8BFE38093DE0B9093DF0B49
:1014A000A093E00BB093E10B10921A0410921B046E
:1014B00010921C0410921D0410921E0410921F041E
:1014C00010922004109221041092220410922304FE
:1014D00010922404109225040E9449301092961311
:1014E00010929713109298131092991388EC90E031
:1014F00090932E0280932D0280EF90E09093300223
:1015000080932F0282E390E090932A028093290235
:1015100085E590E090932C0280932B0210921B0C97
:1015200010921A0C10921D0C10921C0C87ED93EA6D
:10153000A5E0B2E48093390290933A02A0933B0273
:10154000B0933C0285E090EAA6E7BEE380933502C3
:1015500090933602A0933702B09338028CEC96E653
:10156000A0E9B4E48093310290933202A093330255
:10157000B093340210921E0C80E090E0A0E4B0E43E
:1015800080933D0290933E02A0933F02B0934002AD
:101590001092120210922D0C0E947E50E5E7F8E2A4
:1015A0008491EF012196882321F00E94AF34FE013F
:1015B000F7CFECECFFE18491EF012196882321F035
:1015C0000E94AF34FE01F7CFDF91CF910895EF92E3
:1015D000FF921F93CF93DF931F92CDB7DEB7182FE3
:1015E000E3EBF2E284917F012FEFE21AF20A882303
:1015F00031F099830E94AF34F7019981F3CFE12F45
:10160000F92F84917F019FEFE91AF90A882321F0CD
:101610000E94AF34F701F5CFEAE9F2E284917F014D
:101620002FEFE21AF20A882321F00E94AF34F7016B
:10163000F5CF0F90DF91CF911F91FF90EF9008951C
:101640008F929F92AF92BF92CF92DF92EF92FF92D2
:101650000F931F93CF93DF93CDB7DEB7EA970FB603
:10166000F894DEBF0FBECDBF80914E0F882309F4E2
:101670000BC18EE79FE00E94A67B8EE79FE00E9451
:101680009F8010924C0F10924B0FE0904C0CF090FA
:101690004D0C80914E0F882309F4F6C00E946BB266
:1016A0001D8218861C821B8289EE92E09A838983B0
:1016B00089E99FE09093B90F8093B80FF70180817B
:1016C0008F3209F064C06FE270E0C7010E9437DA20
:1016D0008C010F5F1F4FCE0101964C0101151105C2
:1016E00009F45BC06FE270E0C8010E9437DA6C0158
:1016F000009709F453C00817190708F04FC05C01A0
:10170000A01AB10AA501B801CE0180960E9460DA44
:10171000E0E2F0E0EC0FFD1FEA0DFB1D10828E01F0
:10172000005E1F4FF80181918F01882319F00E94FC
:10173000AF34F8CF8AE00E94AF346091B80F709157
:10174000B90F6115710511F06C5F7F4F21E0AE019B
:10175000405E5F4FCE0105960E94A78081110FC0A9
:10176000BE01605E7F4F8EEE93E20E9450948EE247
:101770000E94AF348AE00E94AF34C40183C09092CB
:10178000B90F8092B80F86010F5F1F4FA7CF8AEB6A
:101790009FE09093B90F8093B80F87016091B80FC5
:1017A0007091B90F6115710511F06C5F7F4F18A230
:1017B0001BA222E0A801CE0180960E94A780811181
:1017C00002C0F12C1EC0CE0180960E94D9B18823A0
:1017D000C1F36CA57DA58EA59FA541E00E943D5556
:1017E000882379F3E8A980E2E89FF0011124E95603
:1017F000F34F309731F385EE80831BA20E94057B67
:10180000F82ECE0180960E944834FF2009F1E8ECC2
:10181000F3E284917F019FEFE91AF90A882321F00E
:101820000E94AF34F701F5CFF80181918F01882331
:1018300019F00E94AF34F8CF8AE00E94AF341092C2
:10184000C9111092CA111092CB111092CC1118C06C
:10185000E6EDF3E284917F019FEFE91AF90A88230C
:1018600021F00E94AF34F701F5CFF80181918F018B
:10187000882319F00E94AF34F8CF8EE20E94AF3473
:10188000CE0101960E942CA6EA960FB6F894DEBF10
:101890000FBECDBFDF91CF911F910F91FF90EF90C1
:1018A000DF90CF90BF90AF909F908F900895CF9290
:1018B000DF92EF92FF92CF93DF9381E08093170244
:1018C000C1E080911702882309F45CC0CC2309F49D
:1018D00059C080E00E94E9A68091220C9091230CCF
:1018E0008A3A910514F482ED90E00E941BA6609163
:1018F000220C7091230CC0E06115710511F3072EC5
:10190000000C880B990B0E940BE09B01AC016091CD
:10191000CC0B7091CD0B8091CE0B9091CF0B0E9490
:10192000FED66B017C0120E030E0A9010E9448D97D
:1019300018165CF020E030E040EA50ECC701B60138
:101940000E9405E087FFBDCF0BC020E030E040EAF9
:1019500050E4C701B6010E9448D918160CF0B1CF67
:1019600040E061E089E893E20E949C72E6E7F3E2DE
:101970008491EF012196882309F4A2CF0E94AF340D
:10198000FE01F6CFDF91CF91FF90EF90DF90CF90E7
:1019900008950E9489600E94903481E08093120231
:1019A00080E090E00E943BA481E090E00E943BA494
:1019B00080912D0C809312020C9477342F923F92D9
:1019C0004F925F926F927F928F929F92AF92BF924F
:1019D000CF92DF92EF92FF920F931F93CF93DF93FB
:1019E000CDB7DEB7E1970FB6F894DEBF0FBECDBF1F
:1019F00089E090E09093B7038093B603D090B90349
:101A000081E0D8260091BA0308271091BB0318275C
:101A1000D11002C0002319F0E5E7F8E203C011116C
:101A2000FBCFE0C084917F012FEFE21AF20A8823F6
:101A300021F00E94AF34F701F5CFE9ECF2E2849196
:101A40007F013FEFE31AF30A882321F00E94AF34AD
:101A5000F701F5CFDD2069F0E7ECF2E284917F0138
:101A60009FEFE91AF90A882321F00E94AF34F701A9
:101A7000F5CF002369F0E5ECF2E284917F01AFEF4E
:101A8000EA1AFA0A882321F00E94AF34F701F5CF51
:101A9000111103C0EBEBF2E20CC0E3ECF2E2849133
:101AA0008F010F5F1F4F8823A9F30E94AF34F80105
:101AB000F6CF84918F010F5F1F4F882309F46CC00C
:101AC0000E94AF34F801F5CFC0907412D090751217
:101AD000E0907612F090771220915D1430915E14B0
:101AE00040915F14509160148AE52EA73FA748AB40
:101AF00059AB0E943C342EA53FA548A959A9811194
:101B00009EC0C701B6010E94FED66B017C0120E099
:101B100030E040E251EC0E9448D987FD93C020E0BC
:101B200030E040E251E4C701B6010E9405E018161A
:101B30000CF488C088E50E943C34882309F49BC0DB
:101B40000E94DA332B013C0189E50E943C34882352
:101B500009F498C00E94DA334B015C0189E40E94C9
:101B60003C34882309F495C00E94BA33182F8AE4C4
:101B70000E943C34882309F48EC00E94BA33082F97
:101B8000A3019201C301B2010E94D3D9882309F4B1
:101B900084C0183008F407C180910B0490910C04A4
:101BA000806190930C0480930B041092B703109201
:101BB000B603E1960FB6F894DEBF0FBECDBFDF913E
:101BC000CF911F910F91FF90EF90DF90CF90BF903A
:101BD000AF909F908F907F906F905F904F903F90CD
:101BE0002F9008952224239480919512811101C091
:101BF000212C87E50E940D34882309F4F0C08091E0
:101C00005B0690915C06892B09F05ECFEAE5F8E26D
:101C100084918F010F5F1F4F882321F00E94AF3402
:101C2000F801F6CFE4E6F3E284918F010F5F1F4FD6
:101C3000882309F4B1CF0E94AF34F801F5CF0E9498
:101C4000DA3363CFEAE5F8E284918F010F5F1F4F2B
:101C5000882321F00E94AF34F801F6CFE7E5F3E2E4
:101C600084918F010F5F1F4F882309F495CF0E9445
:101C7000AF34F801F5CF412C512C50EC652E5FE7C5
:101C8000752E62CF812C912C40ECA42E4FE7B42E00
:101C900065CF8FEF6BCF8FEF72CFA5019401C50198
:101CA000B4010E94D3D9811174CF6091570670910D
:101CB0005806072E000C880B990B0E940BE0209110
:101CC00055143091561440915714509158140E9455
:101CD000FFD69B01AC01C301B2010E94FED6698709
:101CE0007A878B879C8720E030E040E05FE3412CDF
:101CF000512C3201C301B2010E946AE09B01AC0188
:101D000069857A858B859C850E94FFD6A301920107
:101D10000E94ECD70E945DD8162F609159067091F1
:101D20005A06072E000C880B990B0E940BE020919D
:101D3000591430915A1440915B1450915C140E94D4
:101D4000FFD69B01AC01C501B4010E94FED62B0158
:101D50003C0120E030E040E05FE3812C912C540115
:101D6000C501B4010E946AE09B01AC01C301B2014C
:101D70000E94FFD6A50194010E94ECD70E945DD875
:101D800017FD06C018300CF017E067FF04C009C04B
:101D900067FD0BC410E0062F68300CF4FACE07E0A4
:101DA000F8CE00E0F6CE093008F0F6CE80E00E94D2
:101DB0000930B8E01B02F0011124E00FF11D07FD0E
:101DC000FA95EE0FFF1FEE0FFF1FEA56FD4EC08281
:101DD000D182E282F382822D0E940930DDCE8AE434
:101DE0000E940D34882319F00E944930D5CE86E533
:101DF0000E943C34882329F00E94AA337DA36CA35F
:101E000002C01DA21CA2ECA1FDA1359768F0EFE273
:101E1000F3E284918F010F5F1F4F882309F4BCCE3A
:101E20000E94AF34F801F5CF84E40E940D34382EBF
:101E3000882319F00E94CB33382E8AE50E943C3467
:101E4000882339F00E94DA336AA77BA78CA79DA765
:101E500004C01AA61BA61CA61DA683E50E943C343E
:101E6000882319F00E94DA3304C060E070E08AEF42
:101E700095E420E030E040E752E40E94ECD7609324
:101E80006F0270937002809371029093720220E04F
:101E900030E04CE052E460915514709156148091FA
:101EA0005714909158140E94FFD66B017C018CE46A
:101EB0000E943C34882321F00E94DA336B017C01BC
:101EC000C701B6010E945DD869877A878B879C8796
:101ED00009851A8520E030E043EC53E46091551405
:101EE0007091561480915714909158140E94FFD607
:101EF0006B017C0182E50E943C34882321F00E9422
:101F0000DA336B017C01C701B6010E945DD82B0159
:101F10003C017D8F6C8F20E030E040E251E4609125
:101F2000591470915A1480915B1490915C140E9422
:101F3000FFD66B017C0186E40E943C34882321F0AB
:101F40000E94DA336B017C01C701B6010E945DD8A3
:101F50006D877E878F87988B2D853E853F8B2E8B57
:101F600020E030E043EC53E46091591470915A142E
:101F700080915B1490915C140E94FFD66B017C01F0
:101F800082E40E943C34882321F00E94DA336B0102
:101F90007C01C701B6010E945DD8698B7A8B8B8B5F
:101FA0009C8B89899A899FA38EA3A985BA85BD0137
:101FB000BB0F880B990B0E940BE068A379A38AA33F
:101FC0009BA3C0905514D0905614E0905714F090F5
:101FD000581420E030E048EC51E4C701B6010E94FB
:101FE000FFD69B01AC0168A179A18AA19BA10E94A7
:101FF00005E087FD09C0B1E0BD8BC2010997081754
:10200000190724F41D8A02C0E1E0ED8BB201052C12
:10201000000C880B990B0E940BE04B015C0120E047
:1020200030E048EC53E4C701B6010E94FFD69B01A3
:10203000AC01C501B4010E9448D901E018164CF06A
:1020400089859A8509962C8D3D8D821793070CF40E
:1020500000E0AD85BE85BD01BB0F880B990B0E94CA
:102060000BE06C8F7D8F8E8F9F8FC0905914D09016
:102070005A14E0905B14F0905C1420E030E0A90169
:10208000C701B6010E94FFD69B01AC016C8D7D8D0E
:102090008E8D9F8D0E9405E011E087FD09C0898922
:1020A0009A890997EE89FF89E817F9070CF410E07F
:1020B00029893A89B901330F880B990B0E940BE0EB
:1020C0004B015C0120E030E048EC53E4C701B6016D
:1020D0000E94FFD69B01AC01C501B4010E9448D902
:1020E000FF24F39418164CF08D859E850996AEA1B9
:1020F000BFA18A179B070CF4F12CBD89B1110BC04D
:10210000002321F080E293E262DA0AC0111108C0D4
:10211000F1100BC011C088E293E259DA0111F2CF3D
:10212000112319F088E193E252DAFF2009F434CD4B
:1021300081E193E24CDA30CDECA1FDA1EF2BD1F09F
:10214000EAEFF2E284918F010F5F1F4F882321F0A5
:102150000E94AF34F801F6CF332061F0E1EEF2E2F5
:1021600084918F010F5F1F4F882321F00E94AF34AD
:10217000F801F6CF0E94896010929512311006C0C6
:1021800084E690E00E941AC80E9453330E94903463
:1021900081E00E94B63481119AC1C20129853A8535
:1021A000821B930B07E010E0B8010E94DCD65B01B4
:1021B000072E000C880B990B0E940BE06EA37FA3E7
:1021C00088A799A789899A89AD85BE858A1B9B0BAB
:1021D000B8010E94DCD68B01072E000C880B990BEE
:1021E0000E940BE06B017C0160915B0670915C06C4
:1021F000072E000C880B990B0E940BE09B01AC0191
:102200006EA17FA188A599A50E9405E081114EC00D
:1022100060915D0670915E06072E000C880B990B8D
:102220000E940BE09B01AC01C701B6010E9405E0D2
:1022300081113CC06091570670915806072E000C22
:10224000880B990B0E940BE0209155143091561485
:1022500040915714509158140E94FFD69B01AC0135
:1022600068A179A18AA19BA10E9405E081111EC0ED
:102270006091590670915A06072E000C880B990B35
:102280000E940BE02091591430915A1440915B1434
:1022900050915C140E94FFD69B01AC016C8D7D8D2A
:1022A0008E8D9F8D0E9405E08823B1F13110209220
:1022B00095120E944930B0925C06A0925B06109382
:1022C0005E0600935D06209155143091561440919E
:1022D00057145091581468A179A18AA19BA10E941A
:1022E000FED60E945DD870935806609357062091E1
:1022F000591430915A1440915B1450915C146C8DB8
:102300007D8D8E8D9F8D0E94FED60E945DD870932C
:102310005A0660935906212C85E40E940D348E8B59
:10232000882319F00E94CB338E8B00E010E01D8AC9
:10233000BFEFB98BEFEFED87F7E0F987ED89F1E0BB
:10234000EF27ED8BC801012E000CAA0BBB0B888F69
:10235000998FAA8FBB8FF9852D85F21709F49DC03F
:10236000A9856A2FAA0F770B880B990B0E940BE0A7
:102370009B01AC016EA17FA188A599A50E946AE08E
:102380009B01AC0168A179A18AA19BA10E94FFD603
:102390002B013C01688D798D8A8D9B8D0E940BE00D
:1023A0009B01AC01C701B6010E946AE09B01AC0130
:1023B0006C8D7D8D8E8D9F8D0E94FFD64B015C01B3
:1023C00020E030E0A901C301B2010E9405E087FDD1
:1023D00005C020E030E040E05FE303C020E030E0F3
:1023E000A901C301B2010E94FFD60E9492D86D8359
:1023F0007E838F83988720E030E0A901C501B40176
:102400000E9405E087FD05C020E030E040E05FE38A
:1024100003C020E030E0A901C501B4010E94FFD64D
:102420000E9492D869837A838B839C832CA14E89E6
:10243000BE016F5F7F4FCE0105960E94D5CA4B014A
:102440005C019B01AC010E94D3D9811140C0C8013D
:10245000B985E8E0BE02800D911D1124880F991FF7
:10246000880F991F9C012A563D4E39012AA53BA58C
:102470004CA55DA5C501B4010E94FFD6D3016D93A3
:102480007D938D939C93139780E00E94E9A6B98574
:10249000E989BE0FB987212C5ECF0730110591F075
:1024A0002D89211107C03FEF398B8FEF8D8797E082
:1024B000998705C0A1E0A98BB8E0BD8719860F5F99
:1024C0001F4F3CCF80E00E94B634882319F0209241
:1024D000951262CB0E947734311024C013E087E05C
:1024E000E82E03E0FE2CF11ADE2CD01A21E041E0A8
:1024F000602F812F0E94C3CC21E04FEF602F8F2DE2
:102500000E94C3CC2FEF41E06D2D812F0E94C3CCE0
:102510002FEF4FEF6D2D8F2D0E94C3CC015020F770
:102520001150F8F60E9439CE0E949C2F311018C02D
:102530008CE692E10E9466C89B01AC016091741226
:102540007091751280917612909177120E94FED64A
:102550006093741270937512809376129093771231
:102560000E94A95B81E090E09093840C8093830C9F
:10257000332011F0822D01C081E0809395120E94DA
:10258000F24CEFECF2E284918F010F5F1F4F882332
:1025900021F00E94AF34F801F6CF80919512882384
:1025A00009F4FACA0E945333F7CA00E010E0FECBE8
:1025B000DF92EF92FF920F931F93CF93DF9300D0A0
:1025C0001F92CDB7DEB7182F85E090E09093B70348
:1025D0008093B6030E948960D090951280E00E949B
:1025E00009300E94903481E080931202111119C0C9
:1025F00088E50E940D34F82E89E50E940D34082FDD
:102600008AE50E940D34E82EF11006C0011113C0B6
:10261000882369F0F02E10C0002369F0F02E182FE7
:102620000BC0FF24F39401E0EE24E39402C0F82EE3
:10263000082F11E001C010E00E948A300E9453333D
:10264000111105C0F11003C0002309F440C020E0BF
:1026500030E040E850E460915D1470915E14809128
:102660005F14909160140E94FFD660936312709380
:1026700064128093651290936612209174123091C7
:10268000751240917612509177120E9448D918160F
:102690005CF419821A821B821C82BE016F5F7F4F1D
:1026A00083E692E10E943232111105C0F11003C09D
:1026B000011107C00CC080E090E00E943BA41123F0
:1026C000B9F381E090E00E943BA4111102C0EE201A
:1026D00021F082E090E00E943BA40E94533380915D
:1026E0002D0C80931202D09295120E9477340E9492
:1026F000A95B1092B7031092B6030F900F900F9042
:102700000F90DF91CF911F910F91FF90EF90DF908D
:102710000895BF92CF92DF92EF92FF920F931F9393
:10272000CF93DF938BE5E82E82E1F82E0CE612E1E1
:102730009CEBC92E93E0D92ECDE7D2E0BC2E84E0ED
:10274000B80E89910E940D348823D9F00E94DA33A3
:10275000F6012081211104C02091C003222331F011
:10276000F801208131814281538103C020E030E0B3
:10277000A9010E94FFD6F70160837183828393834E
:102780000AC0F80180819181A281B381F701808321
:102790009183A283B383F4E0EF0EF11C0C5F1F4F13
:1027A0008FEFC81AD80ABC12CCCF86E40E943C3402
:1027B0008823C9F00E94DA3320E030E0A9010E94AA
:1027C00048D9181684F40E94DA3320E030E040E75C
:1027D00052E40E94ECD760935D0270935E02809396
:1027E0005F0290936002DF91CF911F910F91FF9054
:1027F000EF90DF90CF90BF900895CF92DF92EF924D
:10280000FF92CF93DF936A017B01FC018491EF017A
:102810002196882321F00E94AF34FE01F7CF42E0D9
:10282000C701B601DF91CF91FF90EF90DF90CF907D
:102830000C94EA3ACF92DF92EF92FF92CF93DF931C
:102840006A017B01FC018491EF012196882321F02C
:102850000E94AF34FE01F7CF42E0C701B601DF911D
:10286000CF91FF90EF90DF90CF900C94EA3A0F93C6
:102870001F93CF93DF938B01FC018491EF0121968D
:10288000882321F00E94AF34FE01F7CFB801110F69
:10289000880B990BDF91CF911F910F910C945D37AD
:1028A0000F931F93CF93DF931F921F92CDB7DEB785
:1028B000FC0184918F010F5F1F4F811102C08B01BA
:1028C00008C069837A830E94AF34F80169817A81F4
:1028D000F0CFF80181918F01882319F00E94AF3465
:1028E000F8CF0F900F90DF91CF911F910F91089526
:1028F0008F929F92AF92BF92CF92DF92EF92FF9210
:102900000F931F93CF93DF9300D01F92CDB7DEB705
:102910008AEF882E8BE0982E95E8A92E92E1B92EA9
:102920000AE51CE0C12CD12C7601C394F40161911D
:102930007191819191914F01F501219131914191D5
:1029400051915F0129833A834B835C830E9409E0A4
:1029500029813A814B815C810E946AE00E9463D8A0
:10296000F80161937193819391938F01C616D706F5
:10297000E806F90610F46B017C01FAE08F16FCE022
:102980009F06A1F66FEF7FEFCB01A70196010E9492
:10299000E0E320936F0C3093700C4093710C5093D4
:1029A000720C0F900F900F900F90DF91CF911F91AD
:1029B0000F91FF90EF90DF90CF90BF90AF909F90DE
:1029C0008F900895CF92DF92EF92FF92CF93DF9393
:1029D000EC01FB01C080D180E280F380FC01FF2785
:1029E000EE0FFF1FEE0FFF1FEB57FD4E20813181D1
:1029F00042815381C701B6010E946AE00E9453D907
:102A0000CC0FDD1FCC0FDD1FFE01E554F14F6083BD
:102A1000718382839383C701B6010E945DD82FB76B
:102A2000F894FE01ED57F44F6083718382839383A2
:102A30002FBFC555D14F188219821A821B82DF9190
:102A4000CF91FF90EF90DF90CF9008952F923F921B
:102A50004F925F926F927F928F929F92AF92BF92AE
:102A6000CF92DF92EF92FF920F931F93CF93DF935A
:102A700000D01F92CDB7DEB77B016A011901A5E82E
:102A8000B2E12D913D914D915C91FC01608171818C
:102A9000828193810E946AE00E9453D92B013C01FC
:102AA0000BEB1EE0D8016D937D938D939C93139750
:102AB0002091891230918A1240918B1250918C1280
:102AC000F70160817181828193810E946AE00E9496
:102AD00053D94B015C01D80114966D937D938D936E
:102AE0009C93179720918D1230918E1240918F12E6
:102AF00050919012F60160817181828193810E94D0
:102B00006AE00E9453D96B017C01D80118966D933D
:102B10007D938D939C931B972091911230919212EB
:102B20004091931250919412F101608171818281E0
:102B300093810E946AE00E9453D9D8011C966D933C
:102B40007D938D939C931F9769837A838B839C835A
:102B50000E9489602FB7F894E3E8FBE0408251823D
:102B60006282738284829582A682B782C086D18671
:102B7000E286F38669817A818B819C81648775877F
:102B8000868797872FBF1092A70E1092A80E1092DB
:102B9000A90E1092AA0E80E1EBEAFEE0DF011D9281
:102BA0008A95E9F70F900F900F900F90DF91CF91DA
:102BB0001F910F91FF90EF90DF90CF90BF90AF905B
:102BC0009F908F907F906F905F904F903F902F904D
:102BD00008952F923F924F925F926F927F928F92C1
:102BE0009F92AF92BF92CF92DF92EF92FF920F939C
:102BF0001F93CF93DF93CDB7DEB7C657D1090FB67A
:102C0000F894DEBF0FBECDBF2B014A0159017E2CC7
:102C1000FDAA0DAF23961FAF23976C2C2091851230
:102C2000309186124091871250918812DC016D918B
:102C30007D918D919C910E946AE00E9453D9AF963C
:102C40006CAF7DAF8EAF9FAFAF972091891230915F
:102C50008A1240918B1250918C12F2016081718125
:102C6000828193810E946AE00E9453D9E3966CAFFF
:102C70007DAF8EAF9FAFE39720918D1230918E1272
:102C800040918F1250919012D4016D917D918D9150
:102C90009C910E946AE00E9453D9E7966CAF7DAF89
:102CA0008EAF9FAFE7972091911230919212409191
:102CB000931250919412F501608171818281938108
:102CC0000E946AE00E9453D9A4966CAF7DAF8EAF8C
:102CD0009FAFA4978091BB0E9091BC0EA091BD0EAA
:102CE000B091BE0EAF968CAC9DACAEACBFACAF9706
:102CF000881A990AAA0ABB0A8091BF0E9091C00E49
:102D0000A091C10EB091C20EE396CCACDDACEEAC9E
:102D1000FFACE397C81AD90AEA0AFB0A8091C30EEE
:102D20009091C40EA091C50EB091C60EE7960CAD61
:102D30001DAD2EAD3FADE797081B190B2A0B3B0BC2
:102D400009AB1AAB2BAB3CAB8091590C83FF0EC087
:102D5000A4962CAD3DAD4EAD5FADA4972093C70EAC
:102D60003093C80E4093C90E5093CA0E8091C70E7F
:102D70009091C80EA091C90EB091CA0EA4960CAD48
:102D80001DAD2EAD3FADA497081B190B2A0B3B0BB5
:102D9000C901B80195018401002737FD039511276A
:102DA000222733270DA7F7FE03C0402F42604DA70F
:102DB00009A91AA92BA93CA937FF03C01DA51460B6
:102DC0001DA797FF03C00DA508600DA7062D10E0F5
:102DD0000E940BE0F801EE0FFF1FEE0FFF1FEF5BED
:102DE000FD4F20813181428153810E946AE01B01A5
:102DF0002C01000F111FF801EF5FFD4F6081718101
:102E0000072E000C880B990B0E940BE09B01AC0174
:102E1000C201B1010E946AE02AE037ED43E25CE3BF
:102E20000E946AE069AF7AAF8BAF9CAF20E030E0E0
:102E3000A9010E9448D918165CF420E030E040E077
:102E40005FE369AD7AAD8BAD9CAD0E94FFD60AC041
:102E500029AD3AAD4BAD5CAD60E070E080E09FE342
:102E60000E94FED60E945DD822966CAF7DAF8EAFD9
:102E70009FAF22978091CB0E8F5F8F70A5968FAFFB
:102E8000A5978091CC0EA5961FADA597811308C07C
:102E900080915204811104C080E00E94E9A6F1CF24
:102EA0008091520481110C94F2A1E091CB0E0E2F6F
:102EB00010E01CA70BA711E5E19FF0011124E059D8
:102EC000F94F10820DA506A3D501C401B7FE07C0B6
:102ED00088279927DC0188199909AA09BB098683E3
:102EE0009783A087B18781E50BA51CA5809FF00182
:102EF000819FF00D1124E059F94FD701C601F7FE6B
:102F000007C088279927DC018C199D09AE09BF09E4
:102F100082879387A487B58781E50BA51CA5809F31
:102F2000F001819FF00D1124E059F94F89A99AA968
:102F3000ABA9BCA9B7FF07C0B095A09590958195A6
:102F40009F4FAF4FBF4F86879787A08BB18B81E58F
:102F50000BA51CA5809FF001819FF00D1124E05965
:102F6000F94F22962CAD3DAD4EAD5FAD2297228B31
:102F7000338B448B558B46815781608571850285E3
:102F8000138524853585041715072607370714F49C
:102F90008A019B0181E5ABA5BCA58A9FF0018B9FAF
:102FA000F00D1124E059F94F86859785A089B189E4
:102FB00080179107A207B30774F422968CAD9DADDC
:102FC000AEADBFAD229780179107A207B30774F487
:102FD000D901C80111C022960CAD1DAD2EAD3FAD7B
:102FE0002297081719072A073B0734F022968CAD61
:102FF0009DADAEADBFAD229721E50BA51CA5209FD1
:10300000F001219FF00D1124E059F94F868B978B29
:10301000A08FB18F0697A105B10510F40C94F2A111
:10302000DF01A55BBF4F80914C0490914D048D93BF
:103030009C936182452B462B472B09F08E9881E5A6
:103040000BA51CA5809FF001819FF00D1124E05974
:10305000F94F82859385A485B585892B8A2B8B2B87
:1030600009F0749881E50BA51CA5809FF001819F54
:10307000F00D1124E059F94F86859785A089B18913
:10308000892B8A2B8B2B41F09FB7F89480910801F4
:103090008F7E809308019FBF22962CAD3DAD4EAD33
:1030A0005FAD2297232B242B252BB1F080916E0C42
:1030B000882319F0815080936E0C611004C08B98A6
:1030C00080E280936E0C2090EA0B3090EB0B009125
:1030D000EC0B1091ED0B08C02090E20B3090E30B4D
:1030E0000091E40B1091E50B9101A801672D7DA9DA
:1030F0008DAD23969FAD23970E9405E087FD02C00A
:103100000C94EAA1C501B4010E940BE020913004A7
:103110003091310440913204509133040E946AE0AE
:103120002B013C01698B7A8B8B8B9C8BC701B60181
:103130000E940BE020913404309135044091360414
:10314000509137040E946AE04B015C016D8B7E8BCD
:103150008F8B988F69A97AA98BA99CA90E940BE0F3
:10316000209138043091390440913A0450913B0445
:103170000E946AE06B017C01698F7A8F8B8F9C8F34
:1031800020913C0430913D0440913E0450913F0415
:1031900069AD7AAD8BAD9CAD0E946AE06D8F7E8F7C
:1031A0008F8F98A321E54BA55CA5249FF001259F57
:1031B000F00D1124E059F94F268137814085518562
:1031C0002DA73EA74FA758AB263031054105510525
:1031D000D4F4228533854485558526303105410553
:1031E00051058CF426853785408951892630310573
:1031F0004105510544F4DC01CB01BF7783AB94ABAF
:10320000A5ABB6AB32C0A3019201C301B2010E94CB
:103210006AE02B013C01A5019401C501B4010E94A3
:103220006AE09B01AC01C301B2010E94FFD64B01D1
:103230005C01A7019601C701B6010E946AE09B01EB
:10324000AC01C501B4010E94FFD60E9491D921E5CD
:103250004BA55CA5249FF001259FF00D1124E0599A
:10326000F94F63AB74AB85AB96AB81E5ABA5BCA561
:103270008A9FF0018B9FF00D1124E059F94F23A98B
:1032800034A945A956A9A0962CAF3DAF4EAF5FAF6C
:10329000A09760E070E080E89FE30E94ECD728965A
:1032A0006CAF7DAF8EAF9FAF28979B01AC01B10192
:1032B000C8010E946AE06B017C018091CB0E909165
:1032C000CC0E891B8F7029968FAF2997A701960185
:1032D00060E074E284E799E40E94ECD70E9453D93D
:1032E0004B015C0129968FAD299782508630C0F53D
:1032F0008091E60B9091E70BA091E80BB091E90B60
:1033000088169906AA06BB0658F588199909AA09CC
:10331000BB09BC01CD01660F771F881F991F299635
:103320004FAD2997042F10E020E030E0A90198016B
:103330000E94E0E3CA01B9010E9409E00E9453D94A
:10334000680D791D8A1D9B1D0E9409E09B01AC013F
:1033500060E074E284E799E40E94ECD76B017C01A1
:10336000A7019601A0966CAD7DAD8EAD9FADA097E7
:103370000E946AE060966CAF7DAF8EAF9FAF6097A2
:1033800081E5ABA5BCA58A9F80018B9F100D112400
:103390000059194F60962CAD3DAD4EAD5FAD6097B5
:1033A000D80197962D933D934D935C939A9756969B
:1033B0002D913D914D915C91599729AB3AAB4BAB17
:1033C0005CABCA01B9010E9409E069AF7AAF8BAF6B
:1033D0009CAFA70196010E946AE00E94D5D70E9487
:1033E00063D864966CAF7DAF8EAF9FAF6497F801E2
:1033F00063AF74AF85AF96AF8E010F5E1F4F2496FB
:103400001FAF0EAF24970051110966961FAF0EAF84
:1034100066970AE01CE06C961FAF0EAF6C978E01AA
:103420000F5D1F4F1AA709A766960EAD1FAD6697D1
:1034300068961FAF0EAF6897212C312C10E81DAB9A
:103440000FE30DAF2496AEADBFAD24976D917D9186
:103450008D919D912496BFAFAEAF2497A7019601A1
:103460000E946AE06896EEADFFAD68976193719334
:10347000819391936896FFAFEEAF68974B015C0123
:10348000E894B7F86C96AEADBFAD6C974D905D907B
:103490006D907D906C96BFAFAEAF6C97A30192011B
:1034A000C501B4010E9448D91816A4F4A5019401DD
:1034B000C301B2010E94ECD75B018C019B01AC01FE
:1034C000B1018DA99DAD0E9448D918161CF41501B3
:1034D0000DAB1DAF24960EAD1FAD249729A53AA5BF
:1034E0000217130709F0AECF20E030E040E85FE3B9
:1034F000B1018DA99DAD0E9405E087FF4BC07E0103
:1035000031E1E30EF11C66960EAD1FAD6697910199
:103510004DA95DADD8016D917D918D919C910E94D9
:103520006AE0F80161937193819391938F01EE1595
:10353000FF0569F781E52BA53CA5829F8001839F4C
:10354000100D11240059194F91014DA95DAD6096E0
:103550006CAD7DAD8EAD9FAD60970E946AE0D801E5
:1035600097966D937D938D939C939A9764966CAD8B
:103570007DAD8EAD9FAD64970E9409E091014DA98C
:103580005DAD0E946AE00E9463D8F80163AF74AF3A
:1035900085AF96AF28962CAD3DAD4EAD5FAD28976B
:1035A00069AD7AAD8BAD9CAD0E946AE06DAB7EAB30
:1035B0008FAB98AF0DA51EA52FA538A9012B022B07
:1035C000032B59F581E50BA51CA5809FF001819F78
:1035D000F00D1124E059F94F82859385A485B585B6
:1035E000892B8A2B8B2BC9F486859785A089B18975
:1035F000892B8A2B8B2B89F42091F20B3091F30BC2
:103600004091F40B5091F50B6DA97EA98FA998AD4F
:103610000E946AE00E94D5D735C222962CAD3DADFE
:103620004EAD5FAD2297232B242B252B49F06091C3
:10363000F60B7091F70B8091F80B9091F90B08C085
:103640006091EE0B7091EF0B8091F00B9091F10B6C
:103650002DA93EA94FA958AD0E946AE00E94D5D776
:103660000E9463D86B017C0180916F0C9091700C6B
:10367000A091710CB091720C09A91AA92BA93CA9AF
:1036800080179107A207B30708F4E9C02DA53EA54E
:103690004FA558A9232B242B252B61F120915A0CDF
:1036A00030915B0C40915C0C50915D0C2C153D05EC
:1036B0004E055F05F8F469A97AA98BA99CA90E9417
:1036C000D1E34B015C01A70196016DA57EA58FA5F5
:1036D00098A90E94D1E386169706A806B90650F469
:1036E000C501B4012DA53EA54FA558A90E94E0E350
:1036F00069017A0181E50BA51CA5809FF001819FDE
:10370000F00D1124E059F94F82849384A484B58488
:1037100081149104A104B10441F120915E0C309117
:103720005F0C4091600C5091610C2C153D054E05CD
:103730005F05D8F469A97AA98BA99CA90E94D1E355
:103740002B013C01A7019601C501B4010E94D1E300
:10375000461657066806790640F4C301B201A50172
:1037600094010E94E0E369017A0181E50BA51CA5A3
:10377000809FF001819FF00D1124E059F94F86845C
:103780009784A088B18881149104A104B10441F107
:103790002091620C3091630C4091640C5091650C47
:1037A0002C153D054E055F05D8F469A97AA98BA9AA
:1037B0009CA90E94D1E32B013C01A7019601C50100
:1037C000B4010E94D1E3461657066806790640F414
:1037D000C301B201A50194010E94E0E369017A01ED
:1037E00081E50BA51CA5809FF001819FF00D1124A0
:1037F000E059F94F82889388A488B5888114910490
:10380000A104B10409F442C12091660C3091670C07
:103810004091680C5091690C2C153D054E055F05D3
:1038200008F034C169A97AA98BA99CA90E94D1E3A7
:103830002B013C01A7019601C501B4010E94D1E30F
:10384000461657066806790608F020C1C301B20182
:10385000A50194010E94E0E369017A0117C12DA539
:103860003EA54FA558A9232B242B252BB9F16091F8
:103870005A0C70915B0C80915C0C90915D0C6C15F6
:103880007D058E059F0550F50E9409E029AD3AADF2
:103890004BAD5CAD0E946AE04B015C016DA57EA55D
:1038A0008FA598A90E940BE02B013C01C701B6012E
:1038B0000E9409E0A30192010E946AE0A50194011F
:1038C0000E9448D9181654F4A3019201C501B4010D
:1038D0000E94ECD70E9463D86B017C0181E50BA5A7
:1038E0001CA5809FF001819FF00D1124E059F94F34
:1038F00042845384648475844114510461047104C6
:10390000A9F160915E0C70915F0C8091600C9091B8
:10391000610C6C157D058E059F0540F50E9409E040
:1039200029AD3AAD4BAD5CAD0E946AE04B015C0144
:10393000C301B2010E940BE02B013C01C701B6019B
:103940000E9409E0A30192010E946AE0A50194018E
:103950000E9448D9181654F4A3019201C501B4017C
:103960000E94ECD70E9463D86B017C0181E50BA516
:103970001CA5809FF001819FF00D1124E059F94FA3
:10398000468457846088718841145104610471042D
:10399000A9F16091620C7091630C8091640C90911C
:1039A000650C6C157D058E059F0540F50E9409E0AC
:1039B00029AD3AAD4BAD5CAD0E946AE04B015C01B4
:1039C000C301B2010E940BE02B013C01C701B6010B
:1039D0000E9409E0A30192010E946AE0A5019401FE
:1039E0000E9448D9181654F4A3019201C501B401EC
:1039F0000E94ECD70E9463D86B017C0181E50BA586
:103A00001CA5809FF001819FF00D1124E059F94F12
:103A100082889388A488B58881149104A104B10494
:103A2000A9F16091660C7091670C8091680C90917F
:103A3000690C6C157D058E059F0540F50E9409E017
:103A400029AD3AAD4BAD5CAD0E946AE02B013C0163
:103A5000C501B4010E940BE04B015C01C701B60136
:103A60000E9409E0A50194010E946AE0A30192016D
:103A70000E9448D9181654F4A5019401C301B2015B
:103A80000E94ECD70E9463D86B017C0181E52BA5D5
:103A90003CA5829F8001839F100D11240059194F6E
:103AA000F801E95BFF4FC082D182E282F382C70155
:103AB000B6010E9409E06B017C012DA93EA94FA926
:103AC00058AD0E94ECD76A966CAF7DAF8EAF9FAFBA
:103AD0006A97D801D7966D937D938D939C93DA97CF
:103AE00020E030E040E85BE4C701B6010E946AE0F4
:103AF00020E034E244EF59E40E94ECD70E945DD804
:103B0000F80162A373A384A395A3F7A1FEAFD80124
:103B10009896BC91BDA7F801F1A5F9ABD8019A968A
:103B2000BC91B9AF02ED1BE0A7961FAF0EAFA797F0
:103B30002E0111E1410E511C32ED232E3BE0332EBC
:103B400066966EAC7FAC66970EAD0DAB1DA51DAF36
:103B50002396FFAF23972596BFAF259710E0D3019B
:103B60008D909D90AD90BD903D01E894B7F8F10126
:103B7000C190D190E190F1901F01A7019601C5017C
:103B8000B4010E9448D91816B4F5112359F12EAD8D
:103B90003DA549A959ADC701B6010E946AE06B0174
:103BA0007C012DA93DAD23964FAD239725965FADA2
:103BB0002597C501B4010E946AE0A70196010E9401
:103BC00048D91816BCF4A5019401C701B6010E949A
:103BD000ECD76DAB7DAF23968FAF239725969FAF24
:103BE000259708C0CDAADDAE2396EFAE2397259684
:103BF000FFAE259711E06414750409F0B0CF299643
:103C00000FAD2997023008F474C13090A70E2090B0
:103C1000A80E1091A90E0091AA0E27E137EB41EDF5
:103C200058E3632D722D812F902F0E9448D91816CA
:103C30000CF05FC121E06B962FAF6B972EAD3DA5C9
:103C400049A959AD632D722D812F902F0E9448D91B
:103C50001816A4F06B961FAE6B972EAD3DA549A923
:103C600059AD632D722D812F902F0E94ECD7AB960A
:103C70006CAF7DAF8EAF9FAFAB9714C0232D322DAD
:103C8000412F502F6EAD7DA589A999AD0E94ECD72B
:103C9000AB966CAF7DAF8EAF9FAFAB973EAC2DA414
:103CA00019A909AD4BEA5EE062965FAF4EAF62972D
:103CB00080E090E0A0E8BFE32C968CAF9DAFAEAF64
:103CC000BFAF2C972D961FAE2D976296AEADBFADB0
:103CD0006297CD90DD90ED90FD906296BFAFAEAF54
:103CE00062976696EEADFFAD669781909190A19038
:103CF000B1906696FFAFEEAF66976B96FFAD6B9790
:103D0000FF2361F0AB962CAD3DAD4EAD5FADAB97F3
:103D1000C701B6010E946AE06B017C012D962FADB0
:103D20002D972223C1F02C962CAD3DAD4EAD5FAD4D
:103D30002C97C701B6010E946AE06B017C012C96AA
:103D40002CAD3DAD4EAD5FAD2C97C501B4010E94C9
:103D50006AE04B015C01A5019401C701B6010E9414
:103D600048D920E030E0A90118162CF5C501B401AE
:103D70000E9448D918164CF020E030E0A901C70194
:103D8000B6010E9405E087FF05C0A5019401C701A7
:103D9000B60124C02401350177FA709477F8709445
:103DA000A3019201C701B6010E9448D918165CF51B
:103DB0002601370128C0C501B4010E9405E087FD36
:103DC00009C020E030E0A901C701B6010E9448D92E
:103DD00018164CF4A7019601C501B4010E94FED645
:103DE0002B013C0110C02601370177FA709477F857
:103DF0007094A5019401C301B2010E9448D918161C
:103E000014F024013501A796AEADBFADA797CD90B4
:103E1000DD90ED90FD90A796BFAFAEAFA797A7013D
:103E20009601C301B2010E9448D91816ECF4A3010F
:103E30009201C701B6010E94ECD79B01AC012C9600
:103E40006CAD7DAD8EAD9FAD2C970E946AE02C9637
:103E50006CAF7DAF8EAF9FAF2C972D96BFAD2D97DA
:103E6000BF5F2D96BFAF2D976296EEADFFAD629707
:103E7000EB5BFE4009F029CF2D963FAD2D97332304
:103E800081F02C962CAD3DAD4EAD5FAD2C97632DE2
:103E9000722D812F902F0E946AE0362E272E182F28
:103EA000092F24EA30E74DE75FE3632D722D812F60
:103EB000902F0E946AE06B017C019B01AC01609134
:103EC0006A0C70916B0C80916C0C90916D0C0E943F
:103ED00048D918161CF5A70196016DA97DAD23964A
:103EE0008FAD239725969FAD25970E9448D9181628
:103EF000ACF481E50BA51CA5809FF001819FF00D1E
:103F00001124E059F94F8081846080833DA82DAC55
:103F100023961FAD239725960FAD259781E52BA5F9
:103F20003CA5829FF001839FF00D1124E059F94FC9
:103F3000832D922DA12FB02F87A790ABA1ABB2AB51
:103F40006A966CAD7DAD8EAD9FAD6A9790589B0122
:103F5000AC010E94FFD6A0962CAD3DAD4EAD5FAD3D
:103F6000A0970E946AE09B01AC016BE077ED83E2D1
:103F70009BE30E94FED60E9491D96B017C019B01BC
:103F8000AC01632D722D812F902F0E9405E087FDDB
:103F900004C03C2C2D2C1E2D0F2D81E54BA55CA5BE
:103FA000849FF001859FF00D1124E059F94F832D76
:103FB000922DA12FB02F83A794A7A5A7B6A7B08055
:103FC0009601A7016EAD7DA589A999AD0E9405E076
:103FD000181614F481E001C083E091E5ABA5BCA5FF
:103FE0009A9F90019B9F300D1124F901E059F94FE0
:103FF0007F01B82AB08280E1FE013196ABEABEE0D3
:1040000001900D928A95E1F78EAD9DA5A9A9B9AD54
:104010008093A70E9093A80EA093A90EB093AA0E1A
:104020008DA99DAD2396AFAD23972596BFAD25975E
:1040300080936A0C90936B0CA0936C0CB0936D0CF6
:104040002EAD3DA549A959ADBC01CD010E94ECD7CB
:104050006DA37EA38FA398A72EAD3DA549A959AD09
:10406000632D722D812F902F0E94ECD769A37AA324
:104070008BA39CA3AE014B5D5F4FBE016F5D7F4F75
:10408000C7010E940E828091550C9091560CA09110
:10409000570CB091580CF70182839383A483B583A6
:1040A000A5960FADA5970093CB0EAF962CAD3DAD69
:1040B0004EAD5FADAF972093BB0E3093BC0E4093D7
:1040C000BD0E5093BE0EE3968CAD9DADAEADBFADB3
:1040D000E3978093BF0E9093C00EA093C10EB09350
:1040E000C20EE7960CAD1DAD2EAD3FADE797009328
:1040F000C30E1093C40E2093C50E3093C60EA49623
:104100002CAD3DAD4EAD5FADA4972093C70E30935F
:10411000C80E4093C90E5093CA0E8091CB0E909159
:10412000CC0E891B8F70843048F41091CC0EF12C8A
:1041300000E080E090E021E5E22E9EC04090CC0EB1
:104140008091CB0E83508F70F82EA12CB12C00E003
:1041500010E091E5592EF41441F30115110521F0F9
:10416000D8018C9182FDE1CF8FEF8F0D8F70F82EEB
:10417000589EC0011124FC01E059F94FFCA7EBA7A0
:104180000115110509F474C0A114B10409F470C03B
:10419000D8019F967C909F97D096CC90D097D1963F
:1041A000DC90D197D296EC90D297272D3C2D4D2DB7
:1041B0005E2D9B966D917D918D919C919E970E9415
:1041C00005E0882309F454C0F801608061FC42C016
:1041D000D5019B968D909D90AD90BC909E97A5012A
:1041E0009401672D7C2D8D2D9E2D0E9405E01816C3
:1041F0008CF5A5019401C501B4010E946AE04B0150
:104200005C01F80187A990ADA1ADB2ADBC01CD01B3
:1042100090589B01AC010E94FFD6D801D3962D91F6
:104220003D914D915C91D6970E946AE09B01AC0153
:10423000C501B4010E94FED60E9491D91B015C0108
:104240009B01AC01672D7C2D8D2D9E2D0E9405E0DC
:1042500087FF04C0272C3C2CAD2CBE2CC101D501FE
:10426000F80183A794A7A5A7B6A7862D81608083B0
:1042700058010BA51CA56FCF2091CB0E121791F002
:10428000E19E90011124A9014059594F6A016F2DF7
:10429000702F0E9498811F5F1F708F2D902FFC2C14
:1042A0000D2DEACF6F2D702F0E949881F090CC0ECB
:1042B00000E010E081E5E82E4F2D0F2C000C550B8F
:1042C0008091CB0E90E04817590709F44DC0E49E49
:1042D000C001E59E900D1124DC01A059B94F6D017C
:1042E00001151105D9F1F801808180FD03C08C9181
:1042F00080FF34C0D80197968D909D90AD90BC9072
:104300009A97E49EF001E59EF00D1124E059F94FD3
:10431000A501940163A574A585A596A50E94ECD777
:1043200069A37AA38BA39CA3A5019401F80163A5BB
:1043300074A585A596A50E94ECD76DA37EA38FA337
:1043400098A7AE014F5D5F4FBE016B5D7F4FC80107
:104350000E940E82D8018C918E7F8C9381E08F0D0C
:104360008F70F82E8601A8CF0115110569F1F801AB
:10437000C7A0D0A4E1A4F2A4A70196016DEC7CEC47
:104380008CE49DE30E94ECD769A37AA38BA39CA342
:10439000A7019601D8019B966D917D918D919C917D
:1043A0009E970E94ECD76DA37EA38FA398A7AE0122
:1043B0004F5D5F4FBE016B5D7F4FC8010E940E8253
:1043C000F80180818E7F808380916F00826080936E
:1043D0006F0008C0272C3DA80DAD23961FAD239775
:1043E0000C948298CA58DF4F0FB6F894DEBF0FBE08
:1043F000CDBFDF91CF911F910F91FF90EF90DF9094
:10440000CF90BF90AF909F908F907F906F905F9074
:104410004F903F902F900895CF93DF932091951266
:10442000222379F0EC010E9466C89B01AC016885EB
:1044300079858A859B850E94FED6688779878A87D9
:104440009B87DF91CF910895CF92DF92EF92FF92F9
:104450000F931F93CF93DF93CDB7DEB72C970FB693
:10446000F894DEBF0FBECDBF20919512222359F1E3
:104470008A01DB01AC01CE0101962CE0FC01119216
:104480002A95E9F7FA01C080D180E280F380C982E1
:10449000DA82EB82FC824D915D916D917C914D832E
:1044A0005E836F8378870E9466C89B01AC01F80128
:1044B00060817181828193810E94FFD6F8016083BF
:1044C0007183828393832C960FB6F894DEBF0FBE60
:1044D000CDBFDF91CF911F910F91FF90EF90DF90B3
:1044E000CF900895EF92FF920F931F93CF93DF9396
:1044F000CDB7DEB72C970FB6F894DEBF0FBECDBF99
:1045000005E812E180E3E82E84E0F82EF80121911D
:104510003191419151918F0160E070E080E89FE31B
:104520000E94ECD7F70161937193819391937F017E
:10453000F2E105391F0751F780916C1290916D12CD
:10454000A0916E12B0916F1289839A83AB83BC8362
:104550008091701290917112A0917212B0917312A9
:104560008D839E83AF83B88780917412909175126A
:10457000A0917612B091771289879A87AB87BC8712
:10458000AE01475F5F4FBE016B5F7F4FCE0101966B
:104590005BDF28E732E1AE01475F5F4FBE016B5F33
:1045A0007F4FCE0101960E9426950E9478942C960A
:1045B0000FB6F894DEBF0FBECDBFDF91CF911F9134
:1045C0000F91FF90EF90089561E0FC0180810C94C1
:1045D00052718EBD0DB407FEFDCF08958FEF8EBDD5
:1045E0000DB407FEFDCF8EB508950F931F93CF93A3
:1045F000DF938B010E94F571EB01F0DF8F3F49F0F3
:104600000E94F5716C1B7D0B60177107B0F380E0A1
:1046100001C081E0DF91CF911F910F910895CF925A
:10462000DF92EF92FF921F93CF93DF9300D01F9200
:10463000CDB7DEB76C01162FFC019281892F806AFD
:1046400086958CBD90FD03C081E0963009F480E032
:104650008DBD60E0F601808129833A834B835C83C2
:104660000E9452716CE271E0C601BFDF812F80644D
:10467000B0DF88E1E82EF12C5C814B813A81298101
:10468000DA01C9010E2C04C0B695A79597958795B8
:104690000A94D2F729833A834B835C839ADFF8E04C
:1046A000EF1AF10829813A814B815C8188EFE81685
:1046B0008FEFF80629F7112321F0183021F08FEF42
:1046C00003C085E901C087E884DF1C3009F486DF78
:1046D00010E084DFF601838387FF04C01F3F11F0E1
:1046E0001F5FF7CF0F900F900F900F90DF91CF913A
:1046F0001F91FF90EF90DF90CF9008950F931F933D
:10470000CF93DF93EC0189018C81833039F089E00C
:10471000440F551F661F771F8A95D1F79A01AB0189
:1047200068E1CE017CDF882311F086E02FC08EEF98
:104730008EBD80E090E00DB407FEFDCFF801E80FDC
:10474000F91F20812EBD0DB407FEFDCF21812EBDA6
:104750000296811522E0920771F70DB407FEFDCF96
:104760008FEF37DF8FEF35DF39DF8B838F71853048
:1047700029F083E18983CE0127DF09C068E572E073
:10478000CE0133DF182F811106C087E18983CE0166
:104790001BDF10E00FC020E030E0A9016DE0CE018A
:1047A0003EDF811103C01ADF882311F086E1EECFCE
:1047B000CE010ADF812FDF91CF911F910F910895D4
:1047C000EF92FF920F931F93CF93DF93EC01790148
:1047D0008C81833039F089E0440F551F661F771FA5
:1047E0008A95D1F79A01AB0161E1CE0118DF8823E8
:1047F00029F084E08983CE01E7DE35C00E94F5719F
:104800008B01ECDE8B838F3F49F40E94F571601BB6
:10481000710B6D327140A8F381E103C08E3F39F016
:104820008FE08983CE01D0DE8FEFD3DE1CC08FEF07
:104830008EBDF701D701A150BE4F0DB407FEFDCFCD
:104840009EB591938EBDEA17FB07B9F70DB407FE2D
:10485000FDCF8EB58C93C2DEC1DECE01B5DE8FEF0B
:10486000B8DE81E001C080E0DF91CF911F910F9110
:10487000FF90EF9008956F927F928F929F92AF92E8
:10488000BF92CF92DF92EF92FF920F931F93CF933D
:10489000DF9300D01F92CDB7DEB73C01FC01E75299
:1048A000F94DF4900F2D0F2C000C110B82E06816BF
:1048B000710429F481E00E94B6348111D7C088E5E3
:1048C00092E0089FB001099F700D189F700D112490
:1048D000072E000C880B990B0E940BE0AB01BC016A
:1048E00000E010E09801C3010E94883582E068165C
:1048F000710489F405ED16E2F801659175918591D1
:10490000949120E030E040E850E40E9405E087FD0B
:104910000EC0F80107C0F301EE0FFF1FEE0FFF1FDF
:10492000E353F94D259135914591549104C020E010
:1049300030E040E850E46F2DFF0C770B880B990BAB
:1049400029833A834B835C830E940BE029813A815F
:104950004B815C810E946AE06B017C0120E030E0C9
:10496000A9010E9405E0882309F44EC000E010E090
:104970009801B701A6017058C3010E948835F30160
:10498000E653F94D8491811119C0E5E7F8E284916D
:104990008F010F5F1F4F882321F00E94AF34F80171
:1049A000F6CFE8EAF6E284918F010F5F1F4F88236C
:1049B00021F00E94AF34F801F6CF8AE0F301EE0F48
:1049C000FF1FEE0FFF1FE358F14E85909590A590C5
:1049D000B490682F70E080E090E00E940BE09B01B3
:1049E000AC01C501B4010E94ECD74B015C01A701E9
:1049F0009601C701B6010E94FFD6AB01BC0195012B
:104A00008401C3010E948835C3010E94F9320E94CB
:104A10005333C301880F991F880F991FFC01E55A72
:104A2000FD4EDC01A459BD4E8D919D910D90BC9120
:104A3000A02D80839183A283B38382E068167104E2
:104A4000A9F480E00F900F900F900F90DF91CF911D
:104A50001F910F91FF90EF90DF90CF90BF90AF909C
:104A60009F908F907F906F900C94B6340F900F9022
:104A70000F900F90DF91CF911F910F91FF90EF90CA
:104A8000DF90CF90BF90AF909F908F907F906F906E
:104A90000895CF93DF938091850C9091860CA0911F
:104AA000870CB091880C8093910C9093920CA093FA
:104AB000930CB093940CEAE5F8E28491EF0121960F
:104AC000882321F00E94AF34FE01F7CFE1E3F6E244
:104AD0008491EF012196882321F00E94AF34FE01DA
:104AE000F7CF6EE571E080E090E00E944B7210928B
:104AF0000302DF91CF910895CF92DF92EF92FF9260
:104B0000CF93DF93EC01C090BF0BD090C00BE0902F
:104B1000C10BF090C20BA7019601688179818A814F
:104B20009B810E9405E087FF04C0C882D982EA8287
:104B3000FB82C090C30BD090C40BE090C50BF090EB
:104B4000C60BA70196016C817D818E819F810E9499
:104B500005E087FF04C0CC82DD82EE82FF82C09038
:104B6000C70BD090C80BE090C90BF090CA0BA701FF
:104B70009601688579858A859B850E9405E087FF77
:104B800004C0C886D986EA86FB86C0901D02D090F4
:104B90001E02E0901F02F0902002A701960168819A
:104BA00079818A819B810E9448D9181624F4C88291
:104BB000D982EA82FB82C0902102D0902202E0904A
:104BC0002302F0902402A70196016C817D818E81E1
:104BD0009F810E9448D9181624F4CC82DD82EE828F
:104BE000FF82C0902502D0902602E0902702F0902C
:104BF0002802A7019601688579858A859B850E9490
:104C000048D9181624F4C886D986EA86FB86DF912F
:104C1000CF91FF90EF90DF90CF9008951092A30E68
:104C20001092A40E1092A50E1092A60E1092A20E33
:104C300080E00C949BB79093230C8093220C80E02F
:104C40000E949BB780910B0490910C048460909318
:104C50000C0480930B04089529EE32E0FC013183AB
:104C6000208304960C9448341F920F920FB60F9233
:104C700011240BB60F922F933F934F935F936F9333
:104C80007F938F939F93AF93BF93CF93DF93EF93D4
:104C9000FF938091060181FD42C080915004909164
:104CA0005104892B09F03BC040E060E08EE095E2C2
:104CB0000E949C72E0E0F5E28491EF012196882346
:104CC00021F00E94AF34FE01F7CF8E9A109282122B
:104CD000749A109283128B9A8091820C882339F0F7
:104CE0008091810C811103C00E941D4C04C00E9460
:104CF000B86A811114C08E9874988B9840E060E077
:104D000089EE94E20E949C72E2EDF4E28491EF015C
:104D10002196882321F00E94AF34FE01F7CFFF9146
:104D2000EF91DF91CF91BF91AF919F918F917F9143
:104D30006F915F914F913F912F910F900BBE0F900C
:104D40000FBE0F901F9018951F920F920FB60F92E3
:104D500011240F900FBE0F901F9018951F920F9265
:104D60000FB60F9211240F900FBE0F901F90189541
:104D7000EAE5F8E28491EF012196882321F00E9470
:104D8000AF34FE01F7CFE2EBF4E28491EF0121961C
:104D9000882321F00E94AF34FE01F7CF0E94E6B7CE
:104DA0000E9457C72FEF8BE49DE121508040904037
:104DB000E1F700C00000F8942FEF84E39CE021505D
:104DC00080409040E1F700C000000E94E6B7A8953F
:104DD000FECF4F925F926F927F928F929F92AF928F
:104DE000BF92CF92DF92EF92FF920F931F93CF93D8
:104DF000DF93082F0E941C3D0E94F5716B017C011E
:104E000010915102112309F465C08091830C909197
:104E1000840C009709F45EC04091890C50918A0C73
:104E200060918B0C70918C0C46015701841A950A85
:104E3000A60AB70AB7FC60C08330910509F134F4C3
:104E400001970CF447C0E5E7F8E206C0049709F0C3
:104E500041C0E5E7F8E22AC08491EF01219688235A
:104E600021F00E94AF34FE01F7CFE1E3F4E2849138
:104E7000EF012196882371F10E94AF34FE01F7CF34
:104E8000E5E7F8E28491EF012196882321F00E9462
:104E9000AF34FE01F7CFEAE1F4E28491EF0121960D
:104EA0008823C1F00E94AF34FE01F7CF8491EF0157
:104EB0002196882321F00E94AF34FE01F7CFE2E073
:104EC000F4E28491EF012196882321F00E94AF340F
:104ED000FE01F7CF212F30E0A8EEB3E00E9428E4D6
:104EE000C60ED71EE81EF91EC092890CD0928A0CFD
:104EF000E0928B0CF0928C0CC091770CCC2391F04B
:104F00000E94F571C090730CD090740CE090750CF9
:104F1000F090760CDC01CB018C199D09AE09BF091C
:104F2000B7FFCBC180914D0F811106C080913D0F1D
:104F300090913E0F0197B9F48091000185FD13C057
:104F40008091820C81110FC081E08093820C80934C
:104F5000810C83E494E29093960C8093950C0E94CC
:104F600062360E94896080915606883010F40E9453
:104F7000D2370E94F57180907D0C90907E0CA090AD
:104F80007F0CB090800C81149104A104B10499F1BC
:104F9000C090790CD0907A0CE0907B0CF0907C0C57
:104FA000C80CD91CEA1CFB1C9B01AC012C193D0947
:104FB0004E095F0957FD1FC0EAE5F8E28491EF0151
:104FC0002196882321F00E94AF34FE01F7CF609133
:104FD000510C7091520C88E794E20E9450948AE040
:104FE0000E94AF3440E060E081E594E20E949C7250
:104FF00088E494E2BDDE2091780C211128C08090D5
:10500000520290905302A0905402B0905502811425
:105010009104A104B104D9F0C090790CD0907A0C1D
:10502000E0907B0CF0907C0CC80CD91CEA1CFB1C9B
:10503000DC01CB018C199D09AE09BF09B7FD07C082
:10504000011105C00E946334882309F454C1C09142
:105050004C040E946334811102C08C2F12C0E09175
:10506000CC0E31E5E39FF0011124E554F94F808126
:105070009091CC0E2091CB0E921719F09F5F9F70EC
:10508000F9CF8093031280914E04882309F403C161
:105090000091490210914A02D0914B02C0914C02FA
:1050A0006091220C7091230C6E5F7F4F072E000CD5
:1050B000880B990B0E940BE098014D2F5C2F0E94EA
:1050C00005E087FDE8C0F090CC0E912CA12CB12C0E
:1050D000E12C81E5882E8091CB0EF81609F45CC096
:1050E0008F2D90E0889EF001899EF00D1124E059EB
:1050F000F94F4681578160857185452B462B472B9B
:1051000081F44285538564857585452B462B472B55
:1051100041F44685578560897189452B462B472B7D
:10512000B1F1889E9001899E300D1124A90140594A
:10513000594F6A01FA0162897389848995890E94AD
:105140000BE02B013C01F60166897789808D918DFA
:105150000E9409E09B01AC01C301B2010E94ECD79F
:10516000F60127A130A541A552A50E946AE03B01A6
:105170006C019B01AC01692D7A2D8B2D9E2D0E9417
:1051800005E087FF04C0962CA72CBC2CED2C81E0F9
:105190008F0D8F70F82E9FCF20914D0230914E02CF
:1051A00040914F0250915002692D7A2D8B2D9E2DEA
:1051B0000E946AE09B01AC01B8018D2F9C2F0E94D8
:1051C000FFD66B017C0198014D2F5C2F0E9405E0FA
:1051D00087FD14C00091450210914602D09147020C
:1051E000C091480298014D2F5C2FB601C7010E9463
:1051F00048D918161CF08601DE2DCF2DC0908D0CDD
:10520000D0908E0CE0908F0CF090900CA70196013E
:10521000B8018D2F9C2F0E9405E087FF1CC020E065
:1052200037ED43EA5CE3B8018D2F9C2F0E946AE0C2
:105230004B015C0128E431EE4AE75FE3C701B601A8
:105240000E946AE09B01AC01C501B4010E94FFD637
:105250008B01D82FC92FC801AD2FBC2F80938D0C87
:1052600090938E0CA0938F0CB093900CB8018D2F5F
:105270009C2F0E945DD87093230C6093220C80E0D9
:105280000E949BB780910B0490910C0484609093D2
:105290000C0480930B04DF91CF911F910F91FF902D
:1052A000EF90DF90CF90BF90AF909F908F907F90C6
:1052B0006F905F904F900C9413BC0E94F5716B013E
:1052C0007C012C2F30E0A8EEB3E00E9428E4DC0142
:1052D000CB018C0D9D1DAE1DBF1D8093730C909353
:1052E000740CA093750CB093760C0E94685C8AE0F5
:1052F0000E94AF3417CE8E9A10928212749A109236
:1053000083129FB7F894809108018061809308010F
:105310009FBF109284120E9455C799CE1F93CF93BE
:10532000DF9383E090E09093840C8093830C81E082
:105330008093EB03E3E1F6E28491EF012196811182
:1053400002C011E01AC00E94AF34FE01F5CF66DC46
:105350000E94578C40E060E084E495E20E949C72D9
:10536000E1E3F5E28491EF012196811126C00E94CC
:10537000C6B11093EB0381E02CDD8091EB03882311
:1053800001F18091A20E8823B1F340E060E08EEB42
:1053900095E20E949C72EBEAF5E28491EF0121967E
:1053A000882321F00E94AF34FE01F7CF8091EB03F8
:1053B000882369F281E00DDDF9CF0E94AF34FE0150
:1053C000D1CF81E090E09093840C8093830CEBE14B
:1053D000F5E28491EF012196882321F00E94AF34F9
:1053E000FE01F7CFDF91CF911F9108954F925F9209
:1053F0006F927F928F929F92AF92BF92FF920F9384
:105400001F93CF93DF93182F80E191E19093A10E2A
:105410008093A00E10922C1182E090E0A0E0B0E00A
:105420008093151190931611A0931711B093181132
:1054300010929F0E10929B0E10929C0E10929D0E39
:1054400010929E0E8FEF9FEFDC018093970E90934A
:10545000980EA093990EB0939A0E112379F11530FE
:1054600008F0F9C040E060E070E0CB010E943D55DB
:10547000882309F4F0C020E1129FC001112489574C
:10548000934FFC01E254FE4F20812F7709F0E3C0D7
:105490003C9640815181628173814436510561059A
:1054A000710508F4D8C0349780809180A280B380C1
:1054B00081149104A104B10421F4CDC0812C912C5C
:1054C000540140E0C501B4010E943D55F82E8823E7
:1054D00009F4C1C08091A20C9091A30C8115924057
:1054E00009F0B9C0A091A70CAA2309F4B4C0609137
:1054F000A50C7091A60C6115710509F4ACC0209142
:10550000A40C222309F4A7C0A093271120931911FA
:1055100080E030E0E1E0F0E0C82FAF01082E02C0EB
:10552000440F551F0A94E2F72417350741F0982FCE
:105530008F5F983089F789E0809322118CC0809327
:1055400022112091AD0C3091AE0C2115310519F0CE
:1055500040E050E008C02091BB0C3091BC0C409161
:10556000BD0C5091BE0C20931A1130931B11409327
:105570001C1150931D1124013501460E571E611C4C
:10558000711C409228115092291160922A11709238
:105590002B11E091A80CF091A90CF0932E11E0933F
:1055A0002D11B0E00E941EE4460E571E681E791EA3
:1055B00040922F115092301160923111709232113D
:1055C00085E0EE0FFF1F8A95E1F7E150FE4FEF2FC8
:1055D000FF27E6954E0E5F1E611C711C4092231141
:1055E0005092241160922511709226112091AA0CDC
:1055F0003091AB0C2115310521F0890120E030E01C
:1056000008C00091B70C1091B80C2091B90C3091E2
:10561000BA0CB501A4014419550966097709400F70
:10562000511F621F731F04C0769567955795479564
:10563000CA95D2F740931E1150931F116093201109
:1056400070932111453F2FE052076105710528F441
:105650008CE080932C11F12C1AC0453F5F4F6105FF
:10566000710510F480E111C08091C30C9091C40CBD
:10567000A091C50CB091C60C80932F11909330115E
:10568000A0933111B093321180E280932C118F2DB1
:10569000DF91CF911F910F91FF90BF90AF909F909E
:1056A0008F907F906F905F904F900895EF92FF9250
:1056B0000F931F93CF93DF93CDB7DEB76F970FB6DE
:1056C000F894DEBF0FBECDBF7B0108EB1FE02AEBD5
:1056D0003FE0F8013183208322E030E03093D311A2
:1056E0002093D2119093D5118093D41140E050E0D3
:1056F000BA018EEB9FE00E94E87BF80180819181E6
:105700002BE1FC013496DE01159601900D922A954D
:10571000E1F7FC01828193819C838B8389EE92E087
:105720009A838983A701BE016F5F7F4F8AE993E067
:10573000C8D7CE01019690DA6F960FB6F894DEBF07
:105740000FBECDBFDF91CF911F910F91FF90EF90D2
:1057500008956F927F928F929F92AF92BF92DF9245
:10576000EF92FF920F931F93CF93DF93CDB7DEB7E6
:10577000AD970FB6F894DEBF0FBECDBF20914E0F90
:10578000222309F4F1C1D62E7C018091810F882358
:1057900009F4A4C0442309F4BCC1809133118823C7
:1057A00051F1EAE5F8E284918F010F5F1F4F8823E2
:1057B00021F00E94AF34F801F6CFE7E1F8E28491DE
:1057C0008F010F5F1F4F882321F00E94AF34F80133
:1057D000F6CF40E060E082EE97E20E949C7261E0CA
:1057E00070E080E090E00E945D378AE00E94AF3474
:1057F00089ED97E2BDDA8FE280933811B12C21E078
:1058000009E311E19FE1A92E80910F11B816B8F4B8
:10581000AB9CC0011124B8018352904F2DA70E9468
:105820004F80C8012DA58C010196F80130813323EA
:1058300021F02D3811F02F5FF6CFB394E5CF27FD7F
:1058400008C0B8018EE79FE00E944F80E5E7F8E2CC
:1058500003C0F8011082FACF84918F010F5F1F4FB0
:10586000882321F00E94AF34F801F6CFB70180EC15
:1058700097E20E94509460913311FDE86F9FB00150
:105880001124685C7E4E85EB97E20E945094409113
:10589000C9115091CA116091CB117091CC118FEA4E
:1058A00097E20E94DF688AE00E94AF348091331152
:1058B00094E0899FF0011124EC5CFE4E4091C911E7
:1058C0005091CA116091CB117091CC1140835183DA
:1058D000628373838F5F809333110DC010923311F5
:1058E00082E0B82E18C1B70182EA97E20E94509474
:1058F0008AE00E94AF34EFD51D8218861C821B827D
:1059000089EE92E09A83898389E99FE09093B90FA9
:105910008093B80FF70180818F3209F067C087014B
:105920000F5F1F4FCE0101963C010115110509F4CF
:1059300063C06FE270E0C8010E9437DA5C01009733
:1059400009F45BC00817190708F057C04C01801A0A
:10595000910AA401B801CE0180960E9460DAE0E2CB
:10596000F0E0EC0FFD1FE80DF91D1082FE01B0966E
:105970004F018F01F80181918F01882319F00E9456
:10598000AF34F8CF8AE00E94AF346091B80F7091C5
:10599000B90F6115710511F06C5F7F4F21E0AE0109
:1059A000405E5F4FCE0105960E94A780811116C010
:1059B000EEE8F7E284918F010F5F1F4F882321F0FB
:1059C0000E94AF34F801F6CFF40181914F01882392
:1059D00019F00E94AF34F8CF8EE295C07092B90FE3
:1059E0006092B80F85010F5F1F4F9FCF8AEB9FE03A
:1059F0009093B90F8093B80F87019091B80F809161
:105A0000B90F692F782FDD2009F45EC0611571058B
:105A100011F06C5F7F4F21E0A8018EE79FE00E94AC
:105A2000A780882309F43EC080918F0F9091900F3A
:105A3000A091910FB091920F8093C5119093C611D0
:105A4000A093C711B093C811B80180E897E20E94F3
:105A500050944091C5115091C6116091C711709139
:105A6000C81188E797E20E94DF688AE00E94AF349D
:105A70001092C9111092CA111092CB111092CC1130
:105A8000E9E6F7E284917F019FEFE91AF90A88239A
:105A900021F00E94AF34F701F5CFB80180E090E02B
:105AA00005DE0BC0B80185E597E20E9450948EE2B6
:105AB0000E94AF348AE00E94AF3484E690E0909375
:105AC00057028093560221C06115710511F06C5F79
:105AD0007F4F26E5A8018EE79FE00E94A7808111F5
:105AE00009C0B80181E497E20E9450948EE20E94BE
:105AF000AF3408C081E080934B0FB7018FE297E28B
:105B00000E9450948AE00E94AF34CE010196A4D83E
:105B10002BC0BB24B394E5E7F8E284918F010F5FBB
:105B20001F4F882321F00E94AF34F801F6CFEAEA34
:105B3000F7E284918F010F5F1F4F882321F00E94AD
:105B4000AF34F801F6CFE1E0BE1619F00BE913E02F
:105B500002C001EA13E0F80181918F01882309F462
:105B6000C2CE0E94AF34F7CFAD960FB6F894DEBF29
:105B70000FBECDBFDF91CF911F910F91FF90EF909E
:105B8000DF90BF90AF909F908F907F906F9008951F
:105B9000CF92DF92EF92FF921F93CF93DF931092F9
:105BA0004E0F8091A00F882321F08DE99FE00E9485
:105BB0009F80109214111092111185E3809310119F
:105BC0000E94F571EB01A89561E0809110110E948F
:105BD000817180E191E10E94E4A22398229A219AA6
:105BE000209A289A85E08093121182E58CBD1DBC15
:105BF0001AE08FEF0E94E9A21150D9F720E030E0BF
:105C0000A90160E080E191E10E940FA3182F809329
:105C10001311813049F00E94F5716C1B7D0B613DC1
:105C2000774060F381E054C02AEA31E040E050E080
:105C300068E080E191E10E940FA382FF03C010930E
:105C400014110EC014E00E94EEA2809313111150A3
:105C5000D1F78A3A11F082E03BC082E080931411C0
:105C600080911411823021F0C12CD12C760105C015
:105C7000C12CD12CE12C80E4F82E20E030E0A901E9
:105C800067E380E191E10E940FA3A701960169E219
:105C900080E191E10E940FA380931311882349F0C2
:105CA0000E94F5716C1B7D0B613D774030F38AE0FB
:105CB0000FC080911411823011F520E030E0A9016D
:105CC0006AE380E191E10E940FA3882351F088E00C
:105CD0008093111180E191E10E94E4A2E5E7F8E2EE
:105CE00019C00E94EEA2807C803C19F483E080936E
:105CF00014110E94EEA20E94EEA20E94EEA280E188
:105D000091E10E94E4A21092121181E06FDB8111F7
:105D100031C015C08491EF012196882321F00E94A3
:105D2000AF34FE01F7CFE1E2F7E28491EF01219673
:105D3000882309F456C00E94AF34FE01F6CF80E0FC
:105D400055DB811117C0EAE5F8E28491EF01219655
:105D5000882321F00E94AF34FE01F7CFEDE0F7E297
:105D60008491EF012196882309F43BC00E94AF344F
:105D7000FE01F6CF65E171E18DE99FE00E94FC7FB5
:105D8000811116C0EAE5F8E28491EF01219688239B
:105D900021F00E94AF34FE01F7CFECEFF6E28491E0
:105DA000EF0121968823E9F00E94AF34FE01F7CF7E
:105DB00081E080934E0FE5E7F8E28491EF012196B0
:105DC000882321F00E94AF34FE01F7CFE0EFF6E226
:105DD0008491EF012196882321F00E94AF34FE01C7
:105DE000F7CF8BE1EDE9FFE0AEEBBFE001900D9264
:105DF0008A95E1F780919B0F90919C0F9093BD0F36
:105E00008093BC0F89E99FE09093B90F8093B80FFE
:105E1000DF91CF911F91FF90EF90DF90CF90089589
:105E20002F923F924F925F926F927F928F929F92AA
:105E3000AF92BF92CF92DF92EF92FF920F931F9398
:105E4000CF93DF93CDB7DEB7AA970FB6F894DEBF36
:105E50000FBECDBF2DB63EB6811117C08091D111B6
:105E6000882309F4FDC00E94F5710091CD111091B5
:105E7000CE112091CF113091D011DC01CB01801BCC
:105E8000910BA20BB30BB7FFEBC01092D111809115
:105E90004E0F811106C07CDE80914E0F882309F4DD
:105EA000DFC08091790F8F938091780F8F9387EE69
:105EB00096E29F938F938E010F5D1F4F1F930F9359
:105EC0000E94D6DF0F900F900F900F900F900F90C1
:105ED000F12CF80101900020E9F73197E01BF10B5C
:105EE000FE1684F46801CF0CD11CF7FCDA94F6019D
:105EF0008081082E000C990B0E94F4D9F601808352
:105F0000F394E7CF40E050E0BA018DE99FE00E94B2
:105F1000E87BC12C9E012F5F3F4F790180EE482E18
:105F200086E2582E9CED892E96E2992E8091A00F44
:105F3000823028F4C11014C08FEF9FEF16C08091FB
:105F4000A50F9091A60FA091A70FB091A80F8F71E8
:105F50009927AA27BB27892B8A2B8B2B59F70AC095
:105F60008091780F9091790F01969093790F80939B
:105F7000780F76C040E050E0B7018DE99FE00E94C5
:105F8000457B1816BCF6F70101900020E9F7319720
:105F9000DE2EDE18DA94FFEFDF1669F05701AD0C44
:105FA000B11CD7FCBA94F501808190E00E94F4D92D
:105FB000F5018083EFCF8A858E3709F4B7CF45E0AE
:105FC00050E0B801C7010E9452DA892B09F0AECF28
:105FD0006DB67EB6F80101900020E9F7CF01801B75
:105FE000910B04962DB73EB7281B390B0FB6F894CA
:105FF0003EBF0FBE2DBF8DB79EB701966C011F939C
:106000000F935F924F92DF928F930E94D6DF5601DB
:1060100094E0A90EB11C0F900F900F900F900F906D
:106020000F90F5018081882349F0082E000C990B10
:106030000E94F4D9F50181935F01F3CF60E0C601BE
:106040000E943E369092960C8092950C0E94623689
:106050000FB6F8947EBE0FBE6DBECC24C39466CF3F
:106060000FB6F8943EBE0FBE2DBEAA960FB6F8949A
:10607000DEBF0FBECDBFDF91CF911F910F91FF907B
:10608000EF90DF90CF90BF90AF909F908F907F90D8
:106090006F905F904F903F902F9008951F93CF93F4
:1060A000DF93182F4091D811442331F069ED71E14D
:1060B00080E092E10E94993CC091D811D0E0AE01FD
:1060C00060E070E089ED91E10E9412DA2091001207
:1060D00030910112112319F0210F311D04C0D59503
:1060E000C7952C0F3D1F3093011220930012109280
:1060F000D811DF91CF911F910895CF93DF93EC01D9
:1061000028ED31E1D9019C91E1E0E90FA92FB0E040
:10611000A852BE4E898111968C939E5FD9019C93A3
:10612000F0E0E852FE4E88818183DF91CF9108959F
:10613000CF93DF93E8EDF1E191A780A787E2A9ED86
:10614000B1E1ED0119928A95E9F71082DF91CF91C3
:106150000895CF93DF9320E030E040E251E40E94C5
:106160006AE00E9463D8C8EDD1E1E881AE2FB0E0CB
:10617000A852BE4E11967C9382E08E0F8883EF5F0B
:10618000F0E0E852FE4E6183DF91CF9108950F93C6
:106190001F93CF93DF938C01EB01FB018491882344
:1061A00011F03196FBCF8AE50E94923C85EA0E946D
:1061B000923C8BE00E94923C82E80E94923CF80163
:1061C00081810E94923CF80180810E94923CFE01F4
:1061D000049119E0115069F0002339F0802F0E94DA
:1061E000923C2196FE010491F5CF80E00E94923C02
:1061F000F1CFDF91CF911F910F9108950F931F93CE
:10620000CF93DF93EC01688179818A819B8120E1C2
:106210003EE040E050E00E94E0E3822F243678F038
:10622000E091D81191E09E0F9093D811F0E0E852E0
:10623000FE4E64E60E94BCD6805D8183892F8A3041
:1062400078F0E091D81191E09E0F9093D811F0E092
:10625000E852FE4E6AE00E94BCD6805D8183892FA1
:10626000E091D811AE2FB0E0A852BE4E90E3980F47
:1062700011969C9382E08E0F8093D811EF5FF0E02F
:10628000E852FE4E8AE38183688179818A819B810D
:1062900020E13EE040E050E00E94E0E36883798343
:1062A0008A839B832CE330E040E050E00E94E0E3EF
:1062B000822F2A3031054105510578F0E091D8113F
:1062C00091E09E0F9093D811F0E0E852FE4E6AE004
:1062D0000E94BCD6805D8183892F0091D811E02F68
:1062E000F0E0E852FE4E805D818312E0100F1093C3
:1062F000D811E1E0E00FF0E0E852FE4E8AE381833E
:10630000688179818A819B812CE330E040E050E014
:106310000E94E0E3362F6A3071058105910570F027
:106320000D5F0093D811E12FF0E0E852FE4E862F6A
:106330006AE00E94BCD6805D8183392F2091D811FC
:10634000E22FF0E0E852FE4E80E3830F818381E08C
:10635000820F90E2883038F4E82FF0E0E852FE4EE9
:1063600091838F5FF7CF8093D811DF91CF911F91E9
:106370000F910895BC0180E090E04AE00E94BB3696
:106380008DE00E94AF348AE00C94AF340E94F57126
:10639000DC01CB0188539045AF4FBF4F8093A30ED4
:1063A0009093A40EA093A50EB093A60E1092A20EE9
:1063B00008958F929F92AF92BF92CF92DF92EF9209
:1063C000FF920F931F93CF93DF9300D01F92CDB70F
:1063D000DEB7FC018381813011F080E06BC08181E8
:1063E00081FFFBCF81899289A389B489892B8A2B6C
:1063F0008B2B09F45EC07F0140E050E0BA01CF0171
:106400000E94E87B882349F3F70185889688A7884E
:10641000B08CC18CD28C82E090E0A0E0B0E0F601BC
:1064200080839183A283B3839E012F5F3F4FB50189
:10643000A401C6010E940756882379F200E010E00B
:106440009801B501A401C6010E947655882329F25E
:1064500089809A80AB80BC80F6018789803141F4C5
:10646000F8EF8F16FFEF9F06A104B10448F4DCCFCC
:1064700088EF88168FEF9806A8068FE0B806A0F27E
:10648000F701158A168A178A108E118A128A138AC2
:10649000148A818180688183C7010E94A67B88233A
:1064A00009F49BCF40E050E0BA01C7010E94E87BAD
:1064B00001C081E00F900F900F900F90DF91CF916E
:1064C0001F910F91FF90EF90DF90CF90BF90AF9012
:1064D0009F908F90089510924D0F8091810F882387
:1064E00021F08EE79FE00C949F800895FC01DB0172
:1064F0008C9120813181382798E0A901440F551FE4
:1065000037FD06C09A019150C1F731832083089569
:106510009A01B1E22B27B0E13B27F5CF80913D0FE7
:1065200090913E0F0197029710F080E0089510922D
:106530003E0F10923D0F0E94F5716093470F7093CC
:10654000480F8093490F90934A0F81E00895CF93AD
:10655000DF93EC012881243208F05BC030E016168E
:10656000170664F4F901EE0FFF1FE20FF31FE35368
:10657000F14F6F738081807C682B6083F901EE0F8F
:10658000FF1F2E0F3F1FF901E353F14F808161E0A0
:106590008F730E94817119821A8288816CE00E9437
:1065A000BCD69CE0899FB001112440E050E09A01E4
:1065B000260F371FF901EE0FFF1F2E0F3F1FF901A6
:1065C000E353F14F908196FD16C04F5F5F4F4C3003
:1065D000510569F781111FC01092900082E08093ED
:1065E00091001092950010929400C19A80917100D0
:1065F0008260809371008881E82FF0E09F01220F74
:10660000331FE20FF31FE353F14F908190649083A7
:106610001FC08FEF1DC0813069F41092A00082E08E
:106620008093A1001092A5001092A40089BB8093D2
:106630007200E1CF8230F9F610922001809321019F
:1066400010922501109224018ABB80937300D3CF4E
:10665000DF91CF9108950F931F9380913D0F9091FB
:106660003E0F019719F40E94F57108C06091470F21
:106670007091480F8091490F90914A0F0091430FFC
:106680001091440F2091450F3091460F601B710B04
:10669000820B930B28EE33E040E050E00E94E0E3F1
:1066A00080913F0F9091400FA091410FB091420F08
:1066B000BC01CD01620F731F841F951F1F910F91A5
:1066C00008952F923F924F925F926F927F928F9296
:1066D0009F92AF92BF92CF92DF92EF92FF920F9371
:1066E0001F93CF93DF93CDB7DEB7C257D1090FB653
:1066F000F894DEBF0FBECDBF7C015B014A012DB710
:106700003EB7AF963FAF2EAFAF97AD961FAEAD97EA
:106710002B0134E0430E511C8E01015A1F4F99EE9C
:10672000692E92E0792E80E490E08C0F9D1F0496F4
:10673000E1969FAF8EAFE197F5018781823008F433
:1067400088C184859585A685B7858F719927AA27E5
:10675000BB27892B8A2B8B2B09F07BC12DE53FE0D2
:10676000232B11F010925D0F4DE55FE0BE016F5FCE
:106770007F4FC2010E94457B18160CF06AC18C85C0
:10678000482F4871403109F0DAC02091D211309180
:10679000D311215031092230310508F4D0C02DB673
:1067A0003EB6BE016F5F7F4FC8010E94275581E052
:1067B000F70190819111BBC0E1E0F0E0D8010D90AC
:1067C0000020E9F7E01BF10BEA0FFB1F31962DB714
:1067D0003EB72E1B3F0B0FB6F8943EBF0FBE2DBF2A
:1067E000EDB7FEB731966F01811102C0B70102C04B
:1067F00067EA73E0C6010E944BDAB801C6010E9445
:106800002CDA67EA73E0C6010E942CDA25961FAEE7
:10681000259728961FAE289724961FAE1EAE249764
:1068200022967FAE6EAE229721E0A801B201E196DA
:106830008EAD9FADE1970E94A780811150C08091DD
:10684000D2119091D311892B09F049C0E5E7F8E204
:1068500084919F012F5F3F4F882381F0E2962FAFF5
:10686000E297E3963FAFE3970E94AF34E2962FADF5
:10687000E297E3963FADE397F901EACFE1E6F8E26C
:1068800084919F012F5F3F4F811102C0980110C07A
:10689000E2962FAFE297E3963FAFE3970E94AF34C3
:1068A000E2962FADE297E3963FADE397F901E8CF8B
:1068B000F90181919F01882379F0E2962FAFE29749
:1068C000E3963FAFE3970E94AF34E3963FADE39783
:1068D000E2962FADE297ECCF8AE00E94AF348BE1D5
:1068E000FE01EC5BFF4FDE01959601900D928A95BB
:1068F000E1F724968EAD9FAD24979CA38BA37AA23B
:1069000069A240E050E0BE016F5D7F4FC601D9DE55
:10691000CE0181960E942CA6CE01805C9F4F0E94E2
:106920002CA60FB6F8943EBE0FBE2DBE05CF80E05C
:1069300001900020E9F73197EE19FF093FCF9981C7
:10694000992309F486C0953E09F4F6CE9E3209F4E7
:10695000F3CE90915D0F9E3209F4EECE8A7009F06D
:10696000EBCE81E0403109F080E080934F0F811140
:1069700008C08985873409F0DFCE8A858E3709F40F
:10698000DBCE8091D2119091D3118130910579F0B5
:1069900082309105C1F1892B09F0CECEBE016F5F27
:1069A0007F4F80E59FE00E94275567010AC08091D4
:1069B000D4119091D51101969093D5118093D41153
:1069C000BBCEF60181916F01882319F00E94AF348C
:1069D000F8CF80E5C82E8FE0D82EF60181916F01A7
:1069E000882319F00E94AF34F8CF80E20E94AF34C0
:1069F0006D8D7E8D8F8D98A14AE00E94BB368AE016
:106A00000E94AF3499CEBE016F5F7F4F80E59FE05B
:106A10000E9427558114910441F060E57FE0C40194
:106A20000E9419DA892B69F414C0AD963FADAD9779
:106A3000832F90E02091D4113091D51182179307C4
:106A400041F0AD963FADAD973F5FAD963FAFAD978F
:106A500073CEAF968EAD9FADAF970FB6F8949EBF35
:106A60000FBE8DBFCE58DF4F0FB6F894DEBF0FBEFE
:106A7000CDBFDF91CF911F910F91FF90EF90DF90ED
:106A8000CF90BF90AF909F908F907F906F905F90CE
:106A90004F903F902F9008956091CC0B7091CD0B4B
:106AA0008091CE0B9091CF0B08952F923F924F92F1
:106AB0005F926F927F928F929F92AF92BF92CF928E
:106AC000DF92EF92FF92CF93DF9300D01F92CDB76A
:106AD000DEB76090220C7090230C8090CC0B9090CD
:106AE000CD0BA090CE0BB090CF0BB301072C000CB8
:106AF000880B990B0E940BE0A50194010E94FED621
:106B00006B017C0160931D1270931E1280931F1203
:106B10009093201220ED3CEC4CE45DE36091310257
:106B20007091320280913302909134020E946AE0A7
:106B30001B012C012091191230911A1240911B1245
:106B400050911C12C501B4010E94FED69B01AC01FC
:106B5000C201B1010E946AE01B012C0123E333E36F
:106B600043E75FE36091151270911612809117123E
:106B7000909118120E946AE09B01AC01C201B10120
:106B80000E94FFD669837A838B839C83609315125E
:106B90007093161280931712909318128092191204
:106BA00090921A12A0921B12B0921C128091A20E07
:106BB000882321F081E080931412B9C020E030E0F6
:106BC00040EA51E4C701B6010E9448D9181624F4DE
:106BD00081E080931412A4C020E030E040EA51EC40
:106BE000C701B6010E9405E087FDE4CF672811F3D5
:106BF00080911412882351F01092101210921112E9
:106C00001092121210921312109214122091390243
:106C100030913A0240913B0250913C02C701B601CB
:106C20000E946AE02B013C0160930C1270930D12DC
:106C300080930E1290930F12209110123091111226
:106C40004091121250911312C701B6010E94FFD653
:106C50004B015C0160931012709311128093121219
:106C600090931312209135023091360240913702F1
:106C7000509138020E946AE09B01AC0160930812B7
:106C80007093091280930A1290930B12C301B20100
:106C90000E94FFD629813A814B815C810E94FED6F9
:106CA0002B013C0120E030E04FE753E40E9448D93B
:106CB00020E030E0A9011816ACF4C701B6010E942B
:106CC00048D918166CF5A7019601C501B4010E94B8
:106CD000FED660931012709311128093121290934B
:106CE00013121EC0C301B2010E9405E087FF22C03B
:106CF00020E030E0A901C701B6010E9405E087FF4E
:106D000016C0A7019601C501B4010E94FED660938A
:106D1000101270931112809312129093131207C0E5
:106D2000412C512C8FE7682E83E4782E03C0412C30
:106D3000512C3201C301B2010F900F900F900F90B0
:106D4000DF91CF91FF90EF90DF90CF90BF90AF9009
:106D50009F908F907F906F905F904F903F902F907B
:106D600008952F923F924F925F926F927F928F92EF
:106D70009F92AF92BF92CF92DF92EF92FF920F93CA
:106D80001F93CF93DF93EC0145E859E281E090E057
:106D9000FA0125913491C217D3070CF05DC09C0114
:106DA00021503109220F331F220F331FD901AD5754
:106DB000B64DFD01659174912F57364DF901A5909F
:106DC000B490FC01EE0FFF1FEE0FFF1FED57F64DC5
:106DD000E590F490FD01C590D490FA0105911491CD
:106DE000F90125903490072E000C880B990B0E9416
:106DF0000BE02B013C01CA19DB09BE01DD0F880B3A
:106E0000990B0E940BE04B015C01B7016C197D09E5
:106E1000072E000C880B990B0E940BE09B01AC0124
:106E2000C501B4010E946AE06B017C01B8016219DE
:106E30007309072E000C880B990B0E940BE09B0135
:106E4000AC01C701B6010E94ECD79B01AC01C301A4
:106E5000B2010E94FFD611C001964C5F5F4F803493
:106E6000910509F095CFEFE7FAE265917491072E4D
:106E7000000C880B990B0E940BE0DF91CF911F91C2
:106E80000F91FF90EF90DF90CF90BF90AF909F90C9
:106E90008F907F906F905F904F903F902F900895CC
:106EA000CF92DF92EF92FF92C090EE03D090EF036B
:106EB000E090F003F090F1038091D00B9091D10B12
:106EC0000697BC01990F880B990B0E940BE09B0160
:106ED000AC01C701B6010E9405E087FF1FC020E09A
:106EE00030E040E050E4C701B6010E94FFD60E94A6
:106EF00063D870933C1260933B120E94F571DC01E1
:106F0000CB0180529C46AB4FBF4F8093371290937A
:106F10003812A0933912B0933A1208C01092371267
:106F2000109238121092391210923A12FF90EF908C
:106F3000DF90CF900895CF92DF92EF92FF92C090B2
:106F4000CC0BD090CD0BE090CE0BF090CF0B80917E
:106F5000220C9091230C0897BC01990F880B990B78
:106F60000E940BE09B01AC01C701B6010E9405E045
:106F700087FF1FC020E030E040E050E4C701B601C9
:106F80000E94FFD60E9463D8709336126093351228
:106F90000E94F571DC01CB0180549B42AE4FBF4F84
:106FA0008093311290933212A0933312B093341223
:106FB00008C01092311210923212109233121092B5
:106FC0003412FF90EF90DF90CF90089510924E040E
:106FD0001092230C1092220C80E0ADDF80910B0404
:106FE00090910C04846090930C0480930B0480E0D7
:106FF00090E00E944E3492DA1092230C1092220CF0
:1070000080E099DF80910B0490910C048460909350
:107010000C0480930B0410920512A5981092D10BCA
:107020001092D00B1092041275980895CF92DF92AF
:10703000FF920F931F93CF93DF931F921F92CDB7B1
:10704000DEB7F82E8A0180910302882309F454C028
:10705000EAE5F8E284916F019FEFC91AD90A882303
:1070600041F069837A830E94AF34F60169817A81A5
:10707000F1CFFB0184916F019FEFC91AD90A8823D0
:1070800021F00E94AF34F601F5CFEDEEF8E28491E5
:107090006F019FEFC91AD90A882321F00E94AF34EB
:1070A000F601F5CF8091500490915104029721F19F
:1070B000F7FC0FC06F2DFF0C770B880B990B0E940C
:1070C0005D378AE00E94AF3440E061E08FEA98E2E9
:1070D00011C0E8EEF8E284916F019FEFC91AD90A56
:1070E000882321F00E94AF34F601F5CF40E061E043
:1070F0008BE798E20E949C7280910712811108C070
:107100001092030281E080930712C8010E94B8A682
:107110000F900F90DF91CF911F910F91FF90DF9013
:10712000CF9054CF1F920F920FB60F9211240BB62F
:107130000F920F931F932F933F934F935F936F93F0
:107140007F938F939F93AF93BF93CF93DF93EF93EF
:10715000FF938091061281116EC181E08093061227
:1071600080916E008B7F80936E00789480915B029B
:107170008F37F0F08F579091051290935A12992300
:1071800011F0A59A01C0A5989091041290935912FC
:10719000992311F0759A01C075982091031230E07F
:1071A0003595279520935812232B81F0739A0FC0A1
:1071B00090915A12891708F0A59890915912891741
:1071C00008F0759890915812891708F073988F5F9E
:1071D00080935B029091571281E089278093571228
:1071E0008091590290915A028230910599F1A4F44C
:1071F000009761F1019709F047C080917800909164
:10720000790020914C1230914D12820F931F909370
:107210004D1280934C1238C08330910539F1049798
:1072200099F580915612811103C086E08093561221
:1072300080915612815080935612882329F183E061
:1072400090E090935A02809359021EC010927B00E6
:1072500081E404C088E080937B0086E480937C0016
:1072600080917A00806480937A000EC080917800CB
:107270009091790020914A1230914B12820F931F06
:1072800090934B1280934A12C0915902D0915A02A6
:10729000209709F05DC0809158028F5F80311CF407
:1072A0008093580255C010925802809102128111A9
:1072B00013C080914C1290914D129093491280937B
:1072C000481280914A1290914B12909347128093EA
:1072D000461281E0809302128AE0ECE4F2E1DF01E1
:1072E0001D928A95E9F710924B1210924A12009162
:1072F00048121091491211950195110980910704C6
:1073000090910804919581959109801791070CF44B
:1073100056C080910E0290910F029195819591092E
:10732000081719070CF45AC0009146121091471221
:107330008091050490910604801791070CF05DC0C0
:1073400080910C0290910D02081719070CF064C08F
:10735000CE01019665E070E00E94DCD690935A025F
:107360008093590200E010E0E801CC0FDD1FC45803
:10737000DD4E888199811816190644F461E0C80130
:107380000E94EB5F88819981019709C0892B49F0A0
:1073900060E0C8010E94EB5F888199810196998322
:1073A00088830F5F1F4F03301105F1F6F894109298
:1073B000061280916E00846080936E003CC08091C4
:1073C000220C9091230C181619060CF0A2CF42EE55
:1073D0005AE26FEE7AE280E029DE9BCF8091220CA8
:1073E0009091230C181619060CF09ECF42EB5AE22E
:1073F0006FEB7AE280E01ADE97CF8091D00B90910C
:10740000D10B181619060CF09BCF41ED5AE26FEE26
:107410007AE28FEF0BDE94CF8091D00B9091D10B5D
:10742000181619060CF094CF41EA5AE26FEB7AE293
:107430008FEFFCDD8DCFFF91EF91DF91CF91BF9169
:10744000AF919F918F917F916F915F914F913F91FC
:107450002F911F910F910F900BBE0F900FBE0F90A9
:107460001F9018952F923F924F925F926F927F924A
:107470008F929F92AF92BF92CF92DF92EF92FF9244
:107480000F931F93CF93DF9300D000D0CDB7DEB71B
:107490001C017A8369832B833C834D835E832701A0
:1074A0003801D7FE14C080913D12882309F4B3C07F
:1074B000F101118210821092421210924312109226
:1074C000441210924512EE24E394F12C16C0F601FA
:1074D000EE55F14F8081882309F4C9C0F101118272
:1074E0001082F601EE0FFF1FEE0FFF1FE25CFD4E54
:1074F00010821182128213827601F10180819181C2
:1075000082309105F9F08330910509F466C0019746
:1075100009F0AFC0F701EE0FFF1FEE0FFF1FE25C97
:10752000FD4E20813181428153816B817C818D812F
:107530009E810E9405E087FD9CC082E090E0F10101
:10754000918380838701000F111F000F111F025CC0
:107550001D4EB401990C880B990B0E940BE09B0106
:10756000AC01F80160817181828193810E94FED615
:107570009B01AC016B817C818D819E810E9448D9E9
:1075800087FD16C00E94F5716B017C0128EE33E087
:10759000D5010E94F7D6DC01CB018C0D9D1DAE1DDF
:1075A000BF1DE981FA8180839183A283B38361C087
:1075B0000E94F571E981FA81008111812281338174
:1075C000DC01CB01801B910BA20BB30BB7FD51C0AB
:1075D00083E090E0F1019183808341E85AE261E920
:1075E0007AE28C2D26960FB6F894DEBF0FBECDBF83
:1075F000DF91CF911F910F91FF90EF90DF90CF908F
:10760000BF90AF909F908F907F906F905F904F90C2
:107610003F902F900BCDEE24E394F12C8701000FC7
:10762000111F000F111F025C1D4EA3019201F801F2
:1076300060817181828193810E9405E0882309F431
:107640005CCFF801408251826282738201E010E0D7
:1076500020E030E0A901C301B2010E9448D9181608
:1076600014F000E010E0F1011183008346CF7601B1
:10767000D5CF26960FB6F894DEBF0FBECDBFDF91F3
:10768000CF911F910F91FF90EF90DF90CF90BF901F
:10769000AF909F908F907F906F905F904F903F90B2
:1076A0002F9008952F923F924F925F926F927F9208
:1076B0008F929F92AF92BF92CF92DF92EF92FF9202
:1076C0000F931F93CF93DF93EC0145E859E281E0DC
:1076D00090E0FA0125913491C217D3070CF05DC0F8
:1076E0009C0121503109220F331F220F331FD90172
:1076F000AD57B64DFD01659174912F57364DF90187
:10770000A590B490FC01EE0FFF1FEE0FFF1FED5789
:10771000F64DE590F490FD01C590D490FA010591E5
:107720001491F90125903490072E000C880B990BC9
:107730000E940BE02B013C01CA19DB09BE01DD0FE1
:10774000880B990B0E940BE04B015C01B7016C198F
:107750007D09072E000C880B990B0E940BE09B0102
:10776000AC01C501B4010E946AE06B017C01B80163
:1077700062197309072E000C880B990B0E940BE00D
:107780009B01AC01C701B6010E94ECD79B01AC0183
:10779000C301B2010E94FFD611C001964C5F5F4F3A
:1077A0008034910509F095CFEFE7FAE26591749185
:1077B000072E000C880B990B0E940BE0DF91CF91F4
:1077C0001F910F91FF90EF90DF90CF90BF90AF90FF
:1077D0009F908F907F906F905F904F903F902F90F1
:1077E000089560E08091481290914912BADA60934E
:1077F000CC0B7093CD0B8093CE0B9093CF0B8091DD
:107800004612909147124EDF6093EE037093EF03A0
:107810008093F0039093F103A8958FB7F89410929A
:1078200002128FBF08954F925F926F927F928F9254
:107830009F92AF92BF92CF92DF92EF92FF920F93FF
:107840001F938091021281110FC01F910F91FF9021
:10785000EF90DF90CF90BF90AF909F908F907F90F0
:107860006F905F904F900895BCDF0E94F5712B01DF
:107870003C018091A20E811117C08091A30E9091BE
:10788000A40EA091A50EB091A60E0097A105B1057A
:1078900059F0A3019201281B390B4A0B5B0B57FDD2
:1078A00003C081E08093A20E6091220C7091230CA2
:1078B000072E000C880B990B0E940BE02091CC0B3B
:1078C0003091CD0B4091CE0B5091CF0B14E0812E17
:1078D000912C08E2A02EB12CC12CD12C7B018C0163
:1078E0006DE272E18BE292E1BDDDC090CC0BD090F5
:1078F000CD0BE090CE0BF090CF0B809109049091CE
:107900000A04BC01990F880B990B0E940BE09B01A4
:10791000AC01C701B6010E9448D91816CCF4609199
:10792000100270911102072E000C880B990B0E9417
:107930000BE09B01AC01C701B6010E9405E087FF87
:1079400007C080E0B2D80E945DD87595679501C0E8
:1079500060E0609305128091311290913212A091F3
:107960003312B09134120097A105B105F1F0A301D3
:107970009201281B390B4A0B5B0B57FD16C08CD8A4
:107980006B017C018091351290913612BC0180E030
:1079900090E00E9409E09B01AC01C701B6010E9482
:1079A00005E087FDB3C080E0C6DA80913712909180
:1079B0003812A0913912B0913A120097A105B10581
:1079C00049F1A3019201281B390B4A0B5B0B57FDB0
:1079D00021C00E94E25F6B017C0180913B1290917B
:1079E0003C12BC0180E090E00E9409E09B01AC01E8
:1079F000C701B6010E9405E087FF86C040E060E055
:107A000089E299E20E949C724BE059E26AE179E2D4
:107A10008FEF0CDB8091271290912812A0912912F0
:107A2000B0912A12A3019201281B390B4A0B5B0B60
:107A300057FD0BCF38E8430E33E1531E611C711C18
:107A400040922712509228126092291270922A12A4
:107A50006091D00B7091D10B072E000C880B990B05
:107A60000E940BE02091EE033091EF034091F00370
:107A70005091F103E2E08E2E912CF8E7AF2EB12C5D
:107A8000CC24CA94DC2C7B018C0161E272E185E29A
:107A900092E1E8DC80913D12811132C0C090EE038A
:107AA000D090EF03E090F003F090F10320E030E09D
:107AB00040EA50ECC701B6010E9448D987FD20C0BA
:107AC00020E030E042ED52E4C701B6010E9405E03B
:107AD0001816B4F06091D00B7091D10B072E000CEA
:107AE000880B990B0E940BE09B01AC01C701B6010A
:107AF0000E9405E087FD17C080E080930412A5CEA8
:107B0000109204127598A1CECBD984CF40E060E0EA
:107B100084E699E20E949C7246E459E265E579E2C6
:107B200080E084DA42CF8FE7E8CFCF93DF93C82F8E
:107B300010921B148AE50E94923C85EA0E94923CB6
:107B400084E00E94923C83E80E94923C8091011262
:107B50000E94923C809100120E94923CD0E0D59508
:107B6000C7958C2F0E94923C80E197E220911B14D4
:107B70002111A4C0019700000000000000000000D7
:107B800000000000000000000000000000000000F5
:107B900000000000000000000000000000000000E5
:107BA00000000000000000000000000000000000D5
:107BB00000000000000000000000000000000000C5
:107BC00000000000000000000000000000000000B5
:107BD00000000000000000000000000000000000A5
:107BE0000000000000000000000000000000000095
:107BF0000000000000000000000000000000000085
:107C00000000000000000000000000000000000074
:107C10000000000000000000000000000000000064
:107C20000000000000000000000000000000000054
:107C30000000000000000000000000000000000044
:107C40000000000000000000000000000000000034
:107C50000000000000000000000000000000000024
:107C60000000000000000000000000000000000014
:107C70000000000000000000000000000000000004
:107C800000000000000000000000000000000000F4
:107C900000000000000000000000000000000000E4
:107CA00000000000000000000000000000000000D4
:107CB000000000000000009709F058CF10921B143C
:107CC000892B81F480E02091001230910112C20FC3
:107CD000D31FD0930112C09300121092D811DF91DC
:107CE000CF91089580919A1390E0A9EDB1E1EBE96D
:107CF000F3E19F012B5933412817390718F42191DB
:107D00002D93F7CF81E0DFCF8F929F92AF92BF92FA
:107D1000CF92DF92EF92FF921F93CF93DF93C090A9
:107D20006102D0906202E0906302F0906402A701C9
:107D30009601C701B6010E94D3D981115AC0A7018B
:107D4000960160919613709197138091981390917A
:107D500099130E94FED66B017C0120E030E0A9015E
:107D60000E9405E0882311F186E9A82E82E1B82E51
:107D700018E0C0E0D0E045018C0E9D1EA7019601E1
:107D8000F40160817181828193810E94FED6F401A9
:107D900060837183828393832496C032D10559F71F
:107DA0001150F0E2AF0EB11C1111E3CF809195128A
:107DB0008823F9F020918D1230918E1240918F120C
:107DC00050919012C701B6010E946AE00E9453D9F7
:107DD00020918412222369F0209180123091811227
:107DE000719561957109620F731F70938112609391
:107DF00080128091961390919713A0919813B0914F
:107E000099138093610290936202A0936302B093EE
:107E10006402DF91CF911F91FF90EF90DF90CF90A0
:107E2000BF90AF909F908F900895CF93DF93FC0108
:107E3000A8EDB1E1CC9181E08C0F8C93D0E0C852D9
:107E4000DE4E498150E060E070E040835183628300
:107E50007383CC9181E08C0F8C93762F652F542FF8
:107E60004427D0E0C852DE4E8981482B408351839D
:107E700062837383CC9181E08C0F8C93762F652F76
:107E8000542F4427D0E0C852DE4E8981482B4083CE
:107E90005183628373838C9191E0980F9C93762F2A
:107EA000652F542F4427A82FB0E0A852BE4E11963C
:107EB0008C91482B4083518362837383DF91CF91F0
:107EC00008950F931F93CF93DF9300D01F92CDB7E8
:107ED000DEB78C01CE010196A8DF69817A818B81A2
:107EE0009C810E940BE020E030E040E251E40E94DF
:107EF000ECD7F80160837183828393830F900F9096
:107F00000F900F90DF91CF911F910F91089587E20D
:107F1000E9EDF1E1DF011D928A95E9F70895A8EDF9
:107F2000B1E1EC9121E02E0F2C93F0E0E852FE4EEF
:107F3000218130E0FC0131832083EC9141E04E0F40
:107F40004C93322F2227F0E0E852FE4E4181242B41
:107F5000FC01318320830895CF93DF93EC0128ED5A
:107F600031E1D9019C9141E0490FA92FB0E0A8521D
:107F7000BE4E8B8111968C93A2E0A90FE42FF0E006
:107F8000E852FE4E8A81818343E0490FF901B0E057
:107F9000A852BE4E898111968C939C5F9083E42FEA
:107FA000F0E0E852FE4E88818183DF91CF91089501
:107FB000CF93DF9300D01F92CDB7DEB720E030E043
:107FC00040E251E40E946AE00E945DD869837A83AE
:107FD0008B839C83CE010196BFDF0F900F900F9093
:107FE0000F90DF91CF910895EF92FF920F931F931F
:107FF000CF93DF93CDB7DEB76F970FB6F894DEBFA0
:108000000FBECDBF88EBE82E8FE0F82E8AEB9FE005
:10801000F7019183808381E090E09093D311809366
:10802000D21104ED11E1F8011182108240E050E01C
:10803000BA018EEB9FE00E94E87BF701808191817D
:108040002BE1FC013496DE01159601900D922A95E4
:10805000E1F7FC01828193819C838B8389EE92E01E
:108060009A83898340E050E0BE016F5F7F4F8AE9C9
:1080700093E00E9461B3CE0101960E942CA6F80104
:10808000808191816F960FB6F894DEBF0FBECDBF91
:10809000DF91CF911F910F91FF90EF900895809104
:1080A0003D0F90913E0F81309105B9F1029759F43F
:1080B0000E942BB360933F0F7093400F8093410F4A
:1080C0009093420F18C01092430F1092440F1092D9
:1080D000450F1092460F1092470F1092480F1092C2
:1080E000490F10924A0F10923F0F1092400F1092BA
:1080F000410F1092420F81E090E090933E0F8093E9
:108100003D0F0E94F5716093430F7093440F80936D
:10811000450F9093460F81E0089580E00895809187
:108120003D0F90913E0F019791F482E090E0909383
:108130003E0F80933D0F0E94F5716093470F70933F
:10814000480F8093490F90934A0F81E0089580E093
:1081500008952F923F924F925F926F927F928F92EB
:108160009F92AF92BF92CF92DF92EF92FF920F93C6
:108170001F93CF93DF93CDB7DEB7C255D1090FB6AA
:10818000F894DEBF0FBECDBF9AAF89AF362EDC01AB
:108190008D909D90AD90BC9013972401350177FA96
:1081A000709477F870941496CD90DD90ED90FC90DB
:1081B0001797A701960150582D8F3E8F4F8F58A3C8
:1081C000A3019201C301B2010E946AE06DA37EA3E4
:1081D0008FA398A72D8D3E8D4F8D58A1CA01B9014F
:1081E0000E946AE09B01AC016DA17EA18FA198A5C0
:1081F0000E94FFD60E9491D96BAF7CAF8DAF9EAF2E
:1082000080916C1290916D12A0916E12B0916F12CC
:108210008DA39EA3AFA3B8A7A5019401BC01CD0176
:108220000E94FFD62B966CAF7DAF8EAF9FAF2B9782
:10823000209170123091711240917212509173120C
:1082400029A73AA74BA75CA7A701960169A57AA51C
:108250008BA59CA50E94FFD62F966CAF7DAF8EAFED
:108260009FAF2F9780915B1290915C12A0915D124D
:10827000B0915E128DA79EA7AFA7B8AB2B962CAD81
:108280003DAD4EAD5FAD2B97BC01CD010E94FED63A
:108290006B017C0120915F1230916012409161125C
:1082A0005091621229AB3AAB4BAB5CAB2F962CAD25
:1082B0003DAD4EAD5FAD2F9769A97AA98BA99CA959
:1082C0000E94FED64B015C01809174129091751250
:1082D000A0917612B09177128DAB9EABAFABB8AFD9
:1082E0009C01AD01609163127091641280916512DE
:1082F000909166120E94FED669A37AA38BA39CA3D9
:1083000020916712309168124091691250916A125F
:1083100023962CAF3DAF4EAF5FAF2397809178127D
:1083200090917912A0917A12B0917B1263968CAFE2
:108330009DAFAEAFBFAF6397A7019601C301B20176
:108340000E946AE027966CAF7DAF8EAF9FAF2797F4
:10835000A50194016D8D7E8D8F8D98A10E946AE09C
:108360009B01AC0127966CAD7DAD8EAD9FAD27977F
:108370000E94FFD627966CAF7DAF8EAF9FAF279739
:10838000A5019401C301B2010E946AE04B015C01A6
:10839000A70196016D8D7E8D8F8D98A10E946AE058
:1083A0009B01AC01C501B4010E94FED627962CADFD
:1083B0003DAD4EAD5FAD27970E947DD76B017C012F
:1083C00020E030E0A9010E9405E087FF0AC02BED04
:1083D0003FE049EC50E4C701B6010E94FFD66B01B3
:1083E0007C01332051F02BED3FE049EC50E4C70114
:1083F000B6010E94FED66B017C0120E030E0A901AD
:10840000C701B6010E9405E0811120C02DA53EA53F
:108410004FA558A96DA17EA18FA198A50E9405E046
:10842000811114C029A93AA94BA95CA969A57AA50B
:108430008BA59CA50E9405E0811108C09BEDC92E6B
:108440009FE0D92E99ECE92E90E4F92E2BAD3CADAE
:108450004DAD5EADC701B6010E946AE09B01AC0163
:108460000E946AE04B015C0129A13AA14BA15CA1E9
:10847000CA01B9010E946AE09B01AC01C501B401C7
:108480000E94FFD60E9491D94B015C012FE632E198
:1084900043E85AE30E9405E087FD2CC2C501B40100
:1084A0000E9492D80E9463D87AA769A7DB01AB2B00
:1084B00021F4E1E0F0E0FAA7E9A729A53AA5B9017E
:1084C00080E090E00E9409E04B015C019B01AC015F
:1084D000C701B6010E94ECD76DA37EA38FA398A716
:1084E000A501940169A17AA18BA19CA10E94ECD75E
:1084F0006BAF7CAF8DAF9EAF63962CAD3DAD4EADF7
:108500005FAD639723966CAD7DAD8EAD9FAD239728
:108510000E94FED6A50194010E94ECD723966CAF71
:108520007DAF8EAF9FAF23972DA13EA14FA158A540
:10853000CA01B9010E946AE020E030E040E05FE358
:108540000E946AE09B01AC0160E070E080E89FE37C
:108550000E94FED66DA77EA78FA798AB8DA99EA976
:10856000AFA9B8AD89879A87AB87BC8763962CADD6
:108570003DAD4EAD5FAD63972D873E874F87588BDE
:108580006091560270915702072E000C880B990BD0
:108590000E940BE020915D0230915E0240915F02EB
:1085A000509160020E946AE02AE037ED43E25CE30A
:1085B0000E946AE069AB7AAB8BAB9CAB0E94F57111
:1085C0009B01AC0128533F4F4F4F5F4F2DAB3EAB4C
:1085D0004FAB58AF22242394312C39E139A329A57C
:1085E0003AA52216330609F443C11DD90E94F5713C
:1085F000DC01CB012DA93EA94FA958AD821B930BDD
:10860000A40BB50BB7FD0FC00E94F5719B01AC0127
:1086100028533F4F4F4F5F4F2DAB3EAB4FAB58AF43
:1086200080E00E94E9A639A1315039A33323E9F152
:108630002DA53EA54FA558A96D8D7E8D8F8D98A136
:108640000E946AE06B017C012DA13EA14FA158A5BB
:10865000C301B2010E946AE0A70196010E94FFD601
:108660006B017C012DA53EA54FA558A9C301B20100
:108670000E946AE04B015C012DA13EA14FA158A5CB
:108680006D8D7E8D8F8D98A10E946AE09B01AC015B
:10869000C501B4010E94FED62B013C01C601D701E1
:1086A0008D8F9E8FAF8FB8A366C0B10180E090E040
:1086B0000E9409E02DA13EA14FA158A50E946AE0A9
:1086C0006B017C010E94E9D76D8F7E8F8F8F98A3FD
:1086D000C701B6010E9486D94B015C01A9ADBAADB4
:1086E000CD90DD90ED90FC901397F7FAF094F7F8A9
:1086F000F09414962D913D914D915C91179729A37B
:108700003AA34BA35CA32D8D3E8D4F8D58A1C7017D
:10871000B6010E946AE02B013C01A501940169A108
:108720007AA18BA19CA10E946AE09B01AC01C301CC
:10873000B2010E94FFD62B013C01A5019401C701A3
:10874000B6010E946AE06B017C012D8D3E8D4F8D3C
:1087500058A169A17AA18BA19CA10E946AE09B010A
:10876000AC01C701B6010E94FED66D8F7E8F8F8F40
:1087700098A3B9E1B9A3A30192012B966CAD7DAD8D
:108780008EAD9FAD2B970E94FFD669837A838B8332
:108790009C832D8D3E8D4F8D58A12F966CAD7DAD58
:1087A0008EAD9FAD2F970E94FFD66D837E838F8302
:1087B00098872BAD3CAD4DAD5EAD69857A858B85D7
:1087C0009C850E94FFD669877A878B879C87239632
:1087D0002CAD3DAD4EAD5FAD23976D857E858F850C
:1087E00098890E94FFD66D877E878F87988B8091AE
:1087F0005C02882321F0CE0101960E947CA5C090E6
:108800006B1289819A81AB81BC81898B9A8BAB8BEE
:10881000BC8B8D819E81AF81B8858D8B9E8BAF8BFC
:10882000B88F89859A85AB85BC85898F9A8FAB8FE8
:10883000BC8FAE01475E5F4FBE016B5E7F4FCE01C6
:1088400041960E9424A2E9A8FAA80BA91CA99E019E
:10885000235F3F4FAE01475E5F4FBE016B5E7F4FB0
:10886000CE0141960E94E995EFEF2E1A3E0AB7CE4F
:10887000C0906B1280915B1290915C12A0915D127E
:10888000B0915E12898B9A8BAB8BBC8B80915F12FF
:1088900090916012A0916112B09162128D8B9E8BAB
:1088A000AF8BB88F8091631290916412A091651282
:1088B000B0916612898F9A8FAB8FBC8FAE01475EE5
:1088C0005F4FBE016B5E7F4FCE0141960E9424A296
:1088D000E9A8FAA80BA91CA927E632E1AE01475E78
:1088E0005F4FBE016B5E7F4FCE0141960E94E995BE
:1088F0000E949430CE5ADF4F0FB6F894DEBF0FBE01
:10890000CDBFDF91CF911F910F91FF90EF90DF903E
:10891000CF90BF90AF909F908F907F906F905F901F
:108920004F903F902F9008952F923F924F925F92D9
:108930006F927F928F929F92AF92BF92CF92DF926F
:10894000EF92FF920F931F93CF93DF93CDB7DEB7D4
:10895000E8970FB6F894DEBF0FBECDBF6DA77EA718
:108960008FA798AB8A01190180916C1290916D12BA
:10897000A0916E12B0916F128D8B9E8BAF8BB88FC2
:10898000C0905514D0905614E0905714F09058149D
:10899000A0915706B0915806BEA3ADA3BD01BB0F71
:1089A000880B990B0E940BE02B013C0180911C1459
:1089B00090911D14A0911E14B0911F14898B9A8B55
:1089C000AB8BBC8BA70196016D897E898F89988DB1
:1089D0000E94FED6A30192010E94FED629893A89FF
:1089E0004B895C890E946AE00E945DD869AB7AABD2
:1089F0008BAB9CAB8091701290917112A09172120E
:108A0000B0917312898F9A8FAB8FBC8F809159145C
:108A100090915A14A0915B14B0915C1489A39AA30D
:108A2000ABA3BCA3A0915906B0915A06B8A7AFA3B7
:108A3000BD01BB0F880B990B0E940BE04B015C0141
:108A40008091201490912114A0912214B0912314AC
:108A500089A79AA7ABA7BCA729A13AA14BA15CA162
:108A6000698D7A8D8B8D9C8D0E94FED6A501940117
:108A70000E94FED629A53AA54BA55CA50E946AE0F6
:108A80000E945DD86DAB7EAB8FAB98AF80915B12CF
:108A900090915C12A0915D12B0915E128D8F9E8FAD
:108AA000AF8FB8A3A7019601BC01CD010E94FED6ED
:108AB000A30192010E94FED629893A894B895C89DB
:108AC0000E946AE00E945DD82B013C0180915F12F8
:108AD00090916012A0916112B0916212898B9A8B71
:108AE000AB8BBC8B29A13AA14BA15CA1BC01CD01F0
:108AF0000E94FED6A50194010E94FED629A53AA5A2
:108B00004BA55CA50E946AE00E945DD829A93AA9FC
:108B10002730310514F026E030E037FF02C020E0B6
:108B200030E04DA95EA94730510514F046E050E011
:108B3000DA0157FF02C0A0E0B0E0A20147305105C2
:108B400014F046E050E02A0157FF02C0412C512C9E
:108B5000AB016730710514F046E050E057FF02C0EA
:108B600040E050E02415350519F5A417B50749F57F
:108B70006DA57EA58FA598A90E949E30E8960FB698
:108B8000F894DEBF0FBECDBFDF91CF911F910F9143
:108B9000FF90EF90DF90CF90BF90AF909F908F901D
:108BA0007F906F905F904F903F902F900C949430F7
:108BB0004216530634F4722F4A175B070CF473C144
:108BC00009C0742D4A175B072CF46A2F421653060E
:108BD00031F482C0642F4216530609F479C0272F5E
:108BE000072E000C330BAA24A394B12C02C0AA0CAC
:108BF000BB1C7A95E2F7F501E023F123EF2B09F492
:108C000067C0EBE5F2E1DE01119680E101900D9283
:108C10008A95E1F780915B0690915C06289FB001F0
:108C2000299F700D389F700D1124ADA1BEA16A0F50
:108C30007B1F072E000C880B990B0E940BE0A701ED
:108C400096010E94FFD660935B1270935C12809332
:108C50005D1290935E122D893E894F89588D0E9436
:108C6000FED66B017C012D893E894F89588D6D8D13
:108C70007E8D8F8D98A10E94FED69B01AC01C7010D
:108C8000B6010E94ECD76B017C01298D3A8D4B8D8A
:108C90005C8D69897A898B899C890E94FED6A7019F
:108CA00096010E946AE09B01AC01698D7A8D8B8DE3
:108CB0009C8D0E94FFD660935F1270936012809328
:108CC000611290936212A094B0940A211B217EC07D
:108CD0004A175B0709F44CCF862F062E000C990B20
:108CE000AA24A394B12C02C0AA0CBB1C6A95E2F77B
:108CF000950122213321232B09F43ACFEBE5F2E150
:108D0000DE01119620E101900D922A95E1F7209164
:108D10005D0630915E06829FB001839F700D929F29
:108D2000700D11242FA138A5620F731F072E000CA0
:108D3000880B990B0E940BE029A13AA14BA15CA1E1
:108D40000E94FFD660935F1270936012809361124D
:108D500090936212298D3A8D4B8D5C8D0E94FED6C8
:108D60006B017C01298D3A8D4B8D5C8D69897A89E7
:108D70008B899C890E94FED69B01AC01C701B6017C
:108D80000E94ECD76B017C012D893E894F89588D5B
:108D90006D8D7E8D8F8D98A10E94FED6A7019601C4
:108DA0000E946AE09B01AC016D897E898F89988D54
:108DB0000E94FFD660935B1270935C1280935D12E9
:108DC00090935E12A094B0942A203B20809074125D
:108DD00090907512A0907612B0907712A501940130
:108DE0006091631270916412809165129091661285
:108DF0000E94FED6A70196010E946AE09B01AC0189
:108E0000C501B4010E94FFD660936312709364128F
:108E100080936512909366128090781290907912E8
:108E2000A0907A12B0907B12A50194016091671214
:108E3000709168128091691290916A120E94FED618
:108E4000A70196010E946AE09B01AC01C501B40133
:108E50000E94FFD660936712709368128093691224
:108E600090936A129101A8016DA57EA58FA598A97E
:108E70005BDD8D8D9E8DAF8DB8A189839A83AB8389
:108E8000BC8389899A89AB89BC898D839E83AF8392
:108E9000B887FE013196ABE5B2E180E101900D9219
:108EA0008A95E1F761CD6A2F9ACE8B9A08958E9AB2
:108EB000E2E8F2E11082749A11829FB7F894A8E078
:108EC000B1E08C9180618C939FBF1282EECF8E981F
:108ED00074989FB7F894E8E0F1E080818F7E8083FA
:108EE0009FBF8B980895CF92DF92EF92FF92C09030
:108EF0003D02D0903E02E0903F02F090400280910F
:108F00001E0C882321F120E030E0A901C701B60141
:108F10000E9405E08823D9F020E030E040E05FE3E4
:108F2000C701B6010E946AE09B01AC010E946AE0A1
:108F30002BED3FE049E450E40E946AE09B01AC0164
:108F400060E070E080E89FE30E94ECD704C060E03E
:108F500070E080E89FE36093410270934202809347
:108F6000430290934402FF90EF90DF90CF900895DA
:108F700080915C02882321F08BE592E10E947CA520
:108F80000E946C3420915B1230915C1240915D1212
:108F900050915E1260916C1270916D1280916E1200
:108FA00090916F120E9405E081111DC020915F1207
:108FB0003091601240916112509162126091701272
:108FC0007091711280917212909173120E9405E05B
:108FD000811109C060915D0270915E0280915F0213
:108FE0009091600223C06091560270915702072E43
:108FF000000C880B990B0E940BE020915D023091D0
:109000005E0240915F02509160020E946AE02AE095
:1090100037ED43E25CE30E946AE02091951222233F
:1090200029F02FEF3FEF4FEF5FEF7ECC0E949E3095
:109030000C949430CF93DF93EC0180E090E00E9499
:109040006B60609348147093491480934A14909312
:109050004B1481E090E00E946B6060934C1470931D
:109060004D1480934E1490934F1482E090E00E9430
:109070006B606093501470935114809352149093CA
:10908000531488E494E10E940CA2C436D10551F433
:109090008CE0E8E4F4E1ACE6B2E101900D928A954F
:1090A000E1F711C0CC0FDD1FCC0FDD1FFE01E4592D
:1090B000FD4EC85BDB4E88819981AA81BB8180838C
:1090C0009183A283B383DF91CF9108954F925F92F2
:1090D0006F927F928F929F92AF92BF92CF92DF92C8
:1090E000EF92FF920F931F93CF93DF93EC012091A8
:1090F000551430915614409157145091581468816A
:1091000079818A819B810E94FED66B017C0140910E
:10911000570650915806BA01550F880B990B0E94BB
:109120000BE09B01AC01C701B6010E94FED66B01AA
:109130007C012091591430915A1440915B14509144
:109140005C146C817D818E819F810E94FED64B01D3
:109150005C018091590690915A06BC01990F880BC9
:10916000990B0E940BE09B01AC01C501B4010E9468
:10917000FED64B015C01A701960160916B027091D4
:109180006C0280916D0290916E020E9405E088232E
:1091900009F463C0C0926B02D0926C02E0926D023F
:1091A000F0926E0220911C1430911D1440911E14F7
:1091B00050911F14C701B6010E946AE02B013C01C7
:1091C0000E9492D86B017C0120E030E0A9010E944E
:1091D00005E087FD11C020E030E040EE50E4C7011B
:1091E000B6010E9448D9181654F4C12CD12CA0EE17
:1091F000EA2EA0E4FA2E03C0C12CD12C7601A701DF
:109200009601C301B2010E94FED62B013C0120E071
:1092100030E0A9010E9405E087FD09C04092441496
:1092200050924514609246147092471408C01092F0
:109230004414109245141092461410924714C7011A
:10924000B6010E945DD86093431466301CF481E03F
:10925000860F01C087E080934214A50194016091BC
:109260006702709168028091690290916A020E947F
:1092700005E0D0916602C0914314811103C0DC1354
:1092800063C022C18092670290926802A092690234
:10929000B0926A022091201430912114409122143E
:1092A00050912314C501B4010E946AE04B015C0196
:1092B0000E9492D86B017C0120E030E0A9010E945D
:1092C00005E087FD11C020E030E040EE50E4C7012A
:1092D000B6010E9448D9181654F4C12CD12CF0EED6
:1092E000EF2EF0E4FF2E03C0C12CD12C7601A70194
:1092F0009601C501B4010E94FED64B015C0120E03D
:1093000030E0A9010E9405E087FD09C080923E146B
:1093100090923F14A0924014B092411408C0109251
:109320003E1410923F141092401410924114C70141
:10933000B6010E945DD860933D14663014F46F5FEF
:1093400001C067E060933C1400913D14DC1305C03C
:1093500080916502801709F46DC0C0936602009386
:109360006502002E000C110B28E0C202C00111247E
:10937000FC01E00FF11FEE0FFF1FEE0FFF1FEA567B
:10938000FD4E2081318142815381209338143093E6
:10939000391440933A1450933B14C0913C140C2E52
:1093A000000CDD0BFC01EC0FFD1FEE0FFF1FEE0F9D
:1093B000FF1FEA56FD4E60817181828193810E9478
:1093C000FED66093341470933514809336149093C2
:1093D00037148091421428E08202C0011124FC015C
:1093E000E00FF11FEE0FFF1FEE0FFF1FEA56FD4EBD
:1093F0002081318142815381209330143093311484
:109400004093321450933314C80FD91FCC0FDD1F73
:10941000CC0FDD1FCA56DD4E688179818A819B8120
:109420000E94FED660932C1470932D1480932E14FA
:1094300090932F1480903E1490903F14A09040146D
:10944000B090411420913414309135144091361469
:1094500050913714C501B4010E946AE0209138147C
:109460003091391440913A1450913B140E94FFD628
:109470006B017C01609328147093291480932A1443
:1094800090932B1420912C1430912D1440912E1474
:1094900050912F14C501B4010E946AE0209130144C
:1094A0003091311440913214509133140E94FFD600
:1094B000A70196010E94FED6609324147093251490
:1094C000809326149093271420912414309125140E
:1094D00040912614509127146091441470914514C2
:1094E00080914614909147140E946AE020912814BC
:1094F0003091291440912A1450912B140E94FFD6C8
:10950000DF91CF911F910F91FF90EF90DF90CF905F
:10951000BF90AF909F908F907F906F905F904F9093
:109520000895CF93DF930E946C34E0915506F0E0EC
:10953000EA5DFB4F8081882381F0EAE0FBE28491C1
:10954000EF012196882321F00E94AF34FE01F7CF6E
:109550008AE0DF91CF910C94AF34DF91CF910895E1
:10956000CF93DF930E945B3BE1E0FBE28491EF014C
:109570002196882321F00E94AF34FE01F7CF80911D
:10958000850C9091860CA091870CB091880CBC0141
:10959000CD016F5F7F4F8F4F9F4F0E945D378AE0F5
:1095A0000E94AF34DF91CF91BCCF2F923F924F9268
:1095B0005F926F927F928F929F92AF92BF92CF9263
:1095C000DF92EF92FF920F931F93CF93DF93CDB76C
:1095D000DEB76E970FB6F894DEBF0FBECDBF9A8F81
:1095E000898F1B01042F122FDC014D905D906D902F
:1095F0007C9020E030E048EC51E4C301B2010E94CD
:10960000FED66B017C01698B7A8B8B8B9C8BD10195
:109610008D919D910D90BC91A02D8D8B9E8BAF8BCC
:10962000B88F8D879E87AF87B88B809159149091A2
:109630005A14A0915B14B0915C148B8F9C8FAD8FEA
:10964000BE8F8090551490905614A0905714B090EF
:109650005814A5019401C301B2010E94FED62B014A
:109660003C0124EF3DEF47EC51E40E9448D987FFCD
:1096700007C0C12CD12C80ECE82E8FE7F82E68C1F2
:1096800021E230E048EC53E4C301B2010E9405E05E
:1096900018167CF32B8D3C8D4D8D5E8D6D897E89EA
:1096A0008F89988D0E94FED62B013C012FE632E176
:1096B00043E85AEB0E9448D987FDDBCF21E230E036
:1096C00048EC53E4C301B2010E9405E018168CF285
:1096D000A5019401C701B6010E94FED66B017C0171
:1096E0002FE632E143E85AEB0E9448D987FDC1CF0B
:1096F00021E230E048EC53E4C701B6010E9405E0E6
:1097000018160CF4B6CF40905D0250905E02609047
:109710005F027090600260E070E080E890E40E9478
:10972000393280916F0290917002A0917102B091D4
:10973000720280935D0290935E02A0935F02B093E9
:10974000600219821A821B821C829E012F5F3F4F8A
:1097500044E752E1BE01635F7F4FCE0141960E9414
:10976000503181E00E94B634811183CF0E946C3465
:1097700020E030E040E850E460915D1470915E14A8
:1097800080915F14909160140E94FFD66B017C0160
:1097900069877A878B879C87809096139090971320
:1097A000A0909813B090991320E030E0A901C50172
:1097B000B4010E9405E087FF0AC0A5019401C7011A
:1097C000B6010E94FED669877A878B879C87209195
:1097D000741230917512409176125091771269850A
:1097E0007A858B859C850E9405E087FF0FC080E00D
:1097F00090E0A0E2B2E489839A83AB83BC83BE018C
:109800006F5F7F4FCE0109960E94323281E00E9445
:10981000433580E090E0A0EAB1E48D839E83AF837E
:10982000B88720E030E04DEC53E460915D14709116
:109830005E1480915F14909160140E94FED669833B
:109840007A838B839C83BE016B5F7F4FCE01019631
:109850000E94323280E00E9443351092541482E01C
:1098600090E0E8DB0E94533320915D1430915E1448
:1098700040915F1450916014609174127091751250
:1098800080917612909177120E94FED620919613C5
:109890003091971340919813509199130E94FFD6DD
:1098A0006B017C01011107C060E070E080E890E48A
:1098B0000E94393205C080E00E94B6348111D9CEB1
:1098C000133008F43DC0E7E1FBE284918F010F5FA4
:1098D0001F4F882321F00E94AF34F801F6CFA98DE5
:1098E000BA8D6D917D918D919C9143E00E94EA3AF1
:1098F000E2E1FBE284918F010F5F1F4F882321F08B
:109900000E94AF34F801F6CFF1016081718182814C
:10991000938143E00E94EA3AEDE0FBE284918F01FB
:109920000F5F1F4F882321F00E94AF34F801F6CF5C
:1099300043E0C701B6010E94EA3A8AE00E94AF34D0
:1099400040925D0250925E0260925F0270926002ED
:10995000C701B6016E960FB6F894DEBF0FBECDBF3D
:10996000DF91CF911F910F91FF90EF90DF90CF90FB
:10997000BF90AF909F908F907F906F905F904F902F
:109980003F902F9008952F923F924F925F926F9247
:109990007F928F929F92AF92BF92CF92DF92EF927F
:1099A000FF920F931F93CF93DF93CDB7DEB72C9722
:1099B0000FB6F894DEBF0FBECDBF182F062FF42EC2
:1099C000522E862F90E09C878B87E8E01E9FD00167
:1099D0001124BA87A987FD01E80FF91FEE0FFF1FB9
:1099E000EE0FFF1FEA56FD4E6081718182819381E7
:1099F0009B01AC010E94D3D9882309F421C18AE0DC
:109A00000E94AF341F0D602F650DF8E01F9FD0013D
:109A10001124EB85FC85EA0FFB1FEE0FFF1FEE0FF5
:109A2000FF1FEA56FD4EA080B180C280D3801F0D7B
:109A300028E0129FA0011124EB85FC85E40FF51F9F
:109A4000EE0FFF1FEE0FFF1FEA56FD4EE080F18084
:109A500002811381862F90E029853A85280F391FCE
:109A6000F901EE0FFF1FEE0FFF1FEA56FD4E90802B
:109A7000818072806380262F250D30E069857A858C
:109A8000620F731FFB01EE0FFF1FEE0FFF1FEA5661
:109A9000FD4E5080418032802380A80FB91FAA0F4D
:109AA000BB1FAA0FBB1FAA56BD4E8C91898311966E
:109AB0009C9111979A831296EC911297EB831396CF
:109AC000FC91FC83FA01E20FF31FEE0FFF1FEE0F74
:109AD000FF1FEA56FD4E20812D8381818E83928166
:109AE0009F83A381A8879701A801B701C8010E949D
:109AF000D3D9882321F0E12CF12C00E010E095016E
:109B0000A601B501C6010E94D3D9882311F05701DF
:109B10006801252D342D432D522D652D742D832D57
:109B2000922D0E94D3D9882321F0512C412C312C25
:109B3000212C292D382D472D562D692D782D872D37
:109B4000962D0E94D3D9882311F0420131012D8135
:109B50003E814F8158856D817E818F8198850E94DD
:109B6000D3D9882321F01D821E821F821886298165
:109B70003A814B815C8169817A818B819C810E94D1
:109B8000D3D9882341F0BD81B983EE81EA83FF8177
:109B9000FB8328852C832B853C8589859A85280F16
:109BA000391F220F331F220F331FD901AA56BD4E72
:109BB000BA87A9879501A601B501C6010E94FFD603
:109BC0009701A8010E94FED66B017C01292D382D3A
:109BD000472D562D692D782D872D962D0E94FFD665
:109BE000252D342D432D522D0E94FED69B01AC0114
:109BF000C701B6010E94FFD66B017C0129813A8121
:109C00004B815C8169817A818B819C810E94FFD626
:109C10002D813E814F8158850E94FED69B01AC016B
:109C2000C701B6010E94FFD620E030E040E450E4D6
:109C30000E94ECD7E985FA856083718382839383E0
:109C40002C960FB6F894DEBF0FBECDBFDF91CF913B
:109C50001F910F91FF90EF90DF90CF90BF90AF904A
:109C60009F908F907F906F905F904F903F902F903C
:109C700008958F929F92AF92BF92CF92DF92EF9210
:109C8000FF920F931F93CF93DF93E7EDFAE0849158
:109C9000EF012196882321F00E94AF34FE01F7CF17
:109CA000C12CD12C7601C0E080E20E94AF34CF5F9E
:109CB000C630D1F7C701B6010E945D378FEFC81AD1
:109CC000D80AE80AF80A88E0C816D104E104F104C9
:109CD00051F78AE00E94AF3406E912E1C12CD12C81
:109CE000760180E20E94AF34C701B6010E945D3761
:109CF000C0E0D0E080E20E94AF34F801EC0FFD1F1D
:109D000080809180A280B380A5019401C501B40137
:109D10000E94D3D9811112C020E030E0A901C50111
:109D2000B4010E9448D987FD03C08BE20E94AF3482
:109D300043E0C501B4010E94EA3A0AC0B12C80E2B6
:109D40000E94AF34B39486E0B81611F08DE3F8CFDB
:109D5000A096C11581E0D80769F68AE00E94AF3469
:109D60008FEFC81AD80AE80AF80A0C5F1F4F88E07C
:109D7000C816D104E104F10409F0B3CF8AE0DF9101
:109D8000CF911F910F91FF90EF90DF90CF90BF90F8
:109D9000AF909F908F900C94AF34CF93DF9300D00F
:109DA00000D0CDB7DEB7789484B5826084BD84B529
:109DB000816084BD85B5826085BD85B5816085BDC6
:109DC00080916E00816080936E001092810080917E
:109DD0008100826080938100809181008160809306
:109DE0008100809180008160809380008091B1002B
:109DF00084608093B1008091B00081608093B00056
:109E000080919100826080939100809191008160A7
:109E10008093910080919000816080939000809168
:109E2000A10082608093A1008091A1008160809355
:109E3000A1008091A00081608093A0008091210109
:109E400082608093210180912101816080932101B2
:109E50008091200181608093200180917A0084604C
:109E600080937A0080917A00826080937A0080915A
:109E70007A00816080937A0080917A008068809374
:109E80007A001092C100809101018F7D80930101C1
:109E90009FB7F894809102018062809302019FBF76
:109EA0008091030490910404892B69F482E890E086
:109EB0000E949EDA22E8FC0111922A95E9F790931C
:109EC00004048093030482E08093C0001092C500D4
:109ED00080E18093C4008091C10080618093C100C3
:109EE0008091C10088608093C1008091C10080682A
:109EF0008093C10080E490E00E949EDA90932F044A
:109F000080932E0480E00E9410AFE8EDFCE0849185
:109F10008F010F5F1F4F882321F00E94AF34F8019B
:109F2000F6CFE5E7F8E284918F010F5F1F4F88239A
:109F300021F00E94AF34F801F6CF14B710FF0DC026
:109F4000EFECFCE084917F012FEFE21AF20A882304
:109F500021F00E94AF34F701F5CF11FF0DC0EEEBF9
:109F6000FCE084917F013FEFE31AF30A882321F09C
:109F70000E94AF34F701F5CF12FF0DC0ECEAFCE010
:109F800084917F019FEFE91AF90A882321F00E944A
:109F9000AF34F701F5CF13FF0DC0EBE9FCE084917E
:109FA0007F012FEFE21AF20A882321F00E94AF34DA
:109FB000F701F5CF15FF0CC0EAE8FCE084918F01B2
:109FC0000F5F1F4F882321F00E94AF34F801F6CFB6
:109FD00014BEE3E8FCE084918F010F5F1F4F8823DC
:109FE00021F00E94AF34F801F6CF80E20E94AF3436
:109FF000ECE7FCE084918F010F5F1F4F882321F075
:10A000000E94AF34F801F6CF8AE00E94AF34E5E752
:10A01000F8E284918F010F5F1F4F882321F00E9487
:10A02000AF34F801F6CFECE6FCE084918F010F5FCE
:10A030001F4F882321F00E94AF34F801F6CFEBE5E3
:10A04000FCE084918F010F5F1F4F882321F00E9455
:10A05000AF34F801F6CFE8E3FCE084918F010F5FA5
:10A060001F4F882321F00E94AF34F801F6CFE1E2C0
:10A07000FCE084918F010F5F1F4F882321F00E9425
:10A08000AF34F801F6CFE5E7F8E284918F010F5F76
:10A090001F4F882321F00E94AF34F801F6CF809142
:10A0A000611490916214FE0131967F01BF01009707
:10A0B00019F0681B790B02C06756744182E19CE07D
:10A0C0000E94379460E175E08BEF9BE00E9437942B
:10A0D0008AE00E94AF34E6E2F4E091E088E08E0F7F
:10A0E00091938E13FDCF0E9494508CE0EAE1F4E04E
:10A0F000ACE6B2E101900D928A95E1F70E945333EC
:10A100009D9A6D9A6B9A87ED80937A0010927E00EB
:10A1100010927D0080917E00826080937E0080910D
:10A120007D00806480937D0080E888BD80916E0012
:10A13000846080936E006AEF70E080E090E00E949F
:10A14000BD718BEF9FEF90930A048093090460E048
:10A1500080910E0290910F020E94B1B620E030E093
:10A1600040EA50EC0E9405E087FF0AC080910E0291
:10A1700090910F02409790930F0280930E02E7CFC9
:10A180008BE391E0909311028093100260E0809144
:10A190000704909108040E94B1B620E030E84DE930
:10A1A00053E40E9448D9181654F480910704909102
:10A1B000080440969093080480930704E7CF8091A9
:10A1C0000C0290910D020E9452BB20E030E040EA68
:10A1D00050EC0E9405E087FF0AC080910C0290912C
:10A1E0000D02409790930D0280930C02E8CF80916E
:10A1F0000504909106040E9452BB20E030E042ED3D
:10A2000052E40E9448D9181654F4809105049091A4
:10A21000060440969093060480930504E8CF98E2E4
:10A2200088E10FB6F894A895809360000FBE9093D4
:10A2300060001092520480910701816080930701B1
:10A2400080910701886080930701809107018068F1
:10A2500080930701859A869A8E9A6C9A749A809157
:10A2600007018061809307019FB7F89480910801EE
:10A270008061809308019FBF839A8B9A8098889A07
:10A280000A98129A80910101877F809301019FB7FC
:10A29000F894809102018860809302019FBF879AA1
:10A2A0008F988E9A10928212809107018460809319
:10A2B00007019FB7F894809108018B7F8093080174
:10A2C0009FBF749A109283128091070180628093DD
:10A2D00007019FB7F894809108018F7D8093080152
:10A2E0009FBF9FB7F8948091080180618093080117
:10A2F0009FBF10928412849A8C988B9A80918000D0
:10A300008C7F8093800080918100877E886080931D
:10A310008100809180008F73809380008091810004
:10A32000887F82608093810080E090E49093890030
:10A3300080938800109285001092840080916F00B5
:10A34000826080936F0081E08093120278940E9473
:10A35000926067E070E08AE39FE00E94A7B2E0911C
:10A360003A0FF0E0CF01880F991FE80FF91FE35370
:10A37000F14F80818F7B80836AE570E08AE39FE004
:10A380000E94B3671092190460E081E30E9481711A
:10A390009FB7F89480910B01816080930B019FBF60
:10A3A00082E08093D0001092D50080E18093D400A9
:10A3B00086E08093D2008091D10080618093D100AB
:10A3C0008091D10088608093D1008091D100806815
:10A3D0008093D1008091D1008F7D8093D1008091B6
:10A3E000150290911602019751F081E090E00E94D1
:10A3F000C83C81E090E09093160280931502198288
:10A400001A821B821C8280E88C8382E08A838FEF11
:10A410008B8380EA90E09E838D8344E0B701CE0178
:10A4200005960E94993C64E670E080E090E00E940E
:10A43000BD718091090180FD0EC08091180481607A
:10A440008093180480E790E10E9498B081E090E04A
:10A450009A83898306C080E790E10E9498B01A82AF
:10A460001982C7010E947DB080E00E944EB0109218
:10A4700017041092160485E490E0909314028093E0
:10A480001302909316028093150280910901817046
:10A49000809315048DEC9CECACECBDE3809311042F
:10A4A00090931204A0931304B093140480E090E0FE
:10A4B000A0EFB1E480930D0490930E04A0930F04D9
:10A4C000B093100481E090E09E838D8381E297E158
:10A4D0000E9498B0CE0105960E947DB080E00E9457
:10A4E0004EB08CE291E09E838D8382E297E10E94E0
:10A4F00098B0CE0105960E947DB080E00E944EB0DB
:10A5000080910B0490910C04846090930C048093D0
:10A510000B0488E697E19A83898340E16BE773E057
:10A52000C7010E94E83C80EA90E00E947F30809161
:10A530006D00826080936D00DA9A8091680084607B
:10A54000809368000E94FC688DE0582E9AE0492EA6
:10A5500020E0C22E20E0D22EAA24A394B12C809118
:10A560005606883010F40E94D23780E00E9410AF67
:10A5700080915606882309F498C080914B0F882358
:10A5800009F47EC000915506F0E40F9F800111246C
:10A59000055A1B4F6DE77DE0C8010E94BCDF892B87
:10A5A000F9F08EE79FE00E94A67B8EE79FE00E9475
:10A5B0009F8010924C0F10924B0FEAE6FDE08491C1
:10A5C0008F010F5F1F4F882341F00E94AF34F801C5
:10A5D000F6CF80914C0F811153C00E9491CA52C096
:10A5E000F80101900020E9F731974F01801A910A94
:10A5F00010927E0F6EE470E0C80139D73C010097DD
:10A6000029F4F4013197E00FF11F0CC060E270E013
:10A610002ED78C010F5F1F4F6AE270E0C30127D76E
:10A62000FC013197518242821382F801019000208F
:10A63000E9F73197AF01401B510BB8018EE79FE05E
:10A640000E947E7C80917E0F882309F4C2CFEAE5C8
:10A65000F8E284918F010F5F1F4F882321F00E9441
:10A66000AF34F801F6CFEFEDFCE084918F010F5F7E
:10A670001F4F882309F4ADCF0E94AF34F801F5CF06
:10A680000E94E215F89480915606882369F0815063
:10A6900080935606809155068F5F883018F480931A
:10A6A000550602C010925506789480915414882360
:10A6B000A9F1E5E7F8E284918F010F5F1F4F88232E
:10A6C00021F00E94AF34F801F6CFE2E0FDE0849182
:10A6D0008F010F5F1F4F882321F00E94AF34F801D4
:10A6E000F6CF8091541480FD1CC18091541484FDD8
:10A6F00018C18091541481FD2FC18091541485FD9F
:10A700002BC18091541482FD42C18091541486FD66
:10A710003EC18AE00E94AF341092541480E00E943F
:10A72000E9A680915304909154048230910501F17F
:10A730005CF4019709F05FC080916F008D7F80937A
:10A740006F00E1E1FDE017C08330910541F005970E
:10A7500009F051C00E9489600E9457C74CC0F8940C
:10A760000E94B86A7894809152048130E1F343C02A
:10A770000E948F6B40C084918F010F5F1F4F882311
:10A7800021F00E94AF34F801F6CF0E946BB20E9414
:10A790008EB280914E04811110924E0480E090E0C0
:10A7A0000E941BA680E090E00E944E3410924D045F
:10A7B00010924C040E946334882331F08091CC0EB7
:10A7C0008F5F8F708093CB0E80916F00826080933B
:10A7D0006F000E94C98C81E00E94B6340E9457C766
:10A7E00080914F0480935506109256060E944F5058
:10A7F00081110E94EF4B80915204823091F41092AB
:10A80000520480914F048093550610925606809111
:10A81000530490915404039721F0B0925104A092F4
:10A8200050048091500490915104019709F064C044
:10A8300080914D0F81110E94B86A40E060E08FE383
:10A840009DE00E949C72EFE2FDE084918F010F5F1A
:10A850001F4F882321F00E94AF34F801F6CF0E94E9
:10A86000C98CE0E2FDE084918F010F5F1F4F8823C8
:10A8700021F00E94AF34F801F6CF0E9457C70E9422
:10A880008EB20E94E6B71092170280E88C8385E0B2
:10A89000898382E08A838FEF8B8380EA90E09E83B6
:10A8A0008D8344E0B701CE0105960E94993C8091CA
:10A8B000150290911602892B61F080E090E00E94D1
:10A8C000C83C1092140210921302109216021092B9
:10A8D00015022FEF39E688E1215030408040E1F742
:10A8E00000C0000082E090E09093510480935004F7
:10A8F00080E59DE00E94B8A6809153049091540495
:10A90000039721F40E94C98C0E947E721092540415
:10A9100010925304C114D10409F421CE0E94000006
:10A920001ECE609140047091410480914204909148
:10A9300043040E940BE02091300430913104409197
:10A940003204509133040E946AE0AB01BC018EEFE7
:10A950009CE00E941A94CDCE60914404709145040D
:10A9600080914604909147040E940BE020913404AA
:10A970003091350440913604509137040E946AE0CA
:10A98000AB01BC018AEF9CE00E941A94BACE6091A0
:10A9900048047091490480914A0490914B040E94AC
:10A9A0000BE0209138043091390440913A045091E1
:10A9B0003B040E946AE0AB01BC0186EF9CE00E9470
:10A9C0001A94A7CE8F929F92AF92BF92CF92EF929E
:10A9D000FF920F931F93CF93DF93CDB7DEB72C97E2
:10A9E0000FB6F894DEBF0FBECDBF182F2091110413
:10A9F0003091120440911304509114046091961305
:10AA0000709197138091981390919913112311F0DD
:10AA1000F6D101C0F3D14B015C0120E030E040EA07
:10AA200051EC36D487FD72C020E030E040EA51E4BA
:10AA3000C501B4010E9405E018160CF467C020910E
:10AA40001104309112044091130450911404609148
:10AA50007412709175128091761290917712112371
:10AA600011F0CDD101C0CAD16093741270937512E8
:10AA70008093761290937712C0906B12809174122B
:10AA800090917512A0917612B09177124091701248
:10AA900050917112609172127091731200916C1248
:10AAA00010916D1220916E1230916F1209831A83EA
:10AAB0002B833C834D835E836F83788789879A8756
:10AAC000AB87BC87AE01475F5F4FBE016B5F7F4FB7
:10AAD000CE0101960E9424A2E12CF12C00E212E4A6
:10AAE00028E732E1AE01475F5F4FBE016B5F7F4FEA
:10AAF000CE0101960E94E9950E948960809296138A
:10AB000090929713A0929813B09299132C960FB627
:10AB1000F894DEBF0FBECDBFDF91CF911F910F9193
:10AB2000FF90EF90CF90BF90AF909F908F9008953F
:10AB300086E40E940D3480934E04882351F00E94D5
:10AB4000DA3360934D0270934E0280934F029093DC
:10AB5000500283E50E940D34882351F00E94DA33BD
:10AB60006093490270934A0280934B0290934C0287
:10AB700082E40E940D34882351F00E94DA336093FE
:10AB800045027093460280934702909348020895CD
:10AB9000CF93DF9389ED9FE0892B71F48AEB9FE0DF
:10ABA0000E942CA689E99FE00E942CA68AE79FE0DC
:10ABB000DF91CF910C942CA6C0E0D0E0CE01805163
:10ABC0009F4E0E942CA66F97CA3C8EEFD807B1F714
:10ABD000E5CF1092D8111092CC0E1092CB0E80E1DE
:10ABE000EBEBFEE0DF01982F1D929A95E9F7EBEA77
:10ABF000FEE0DF011D928A95E9F71092A70E1092F0
:10AC0000A80E1092A90E1092AA0E10927E0F10920A
:10AC1000810F10927D0F10927C0F89EE92E090933D
:10AC20007B0F80937A0F10929D0F1092A00F1092BD
:10AC30009C0F10929B0F90939A0F8093990F1092F4
:10AC4000BE0F1092C10F1092BD0F1092BC0F9093C7
:10AC5000BB0F8093BA0F20E030E0AC01C901855BE7
:10AC6000904FFC01EE56FF4F1082339610823597BD
:10AC700011821082329751834083215E3F4F2633E9
:10AC8000B1E03B0759F789E180931111109214113B
:10AC900010922C1110924C0F10924B0F10924E0FDD
:10ACA00010924D0F1092C5111092C6111092C7113B
:10ACB0001092C8111092C9111092CA111092CB11A2
:10ACC0001092CC1110920F1110923311E9EDFFE0A8
:10ACD000DF01C9011D920197E9F781E08093D1114D
:10ACE0001092790F1092780F0E94F571DC01CB0160
:10ACF00088579C4EAF4FBF4F8093CD119093CE118C
:10AD0000A093CF11B093D01110923E0F10923D0F2F
:10AD10001092430F1092440F1092450F1092460F5D
:10AD20001092470F1092480F1092490F10924A0F3D
:10AD300010923F0F1092400F1092410F1092420F4D
:10AD40008091390F843220F08FEF80933A0F08956D
:10AD500091E0980F9093390F80933A0F90E0FC01A7
:10AD6000EE0FFF1F8E0F9F1FFC01E353F14F88EB87
:10AD70009BE0928381830895991B79E004C0991F19
:10AD8000961708F0961B881F7A95C9F78095089545
:10AD9000AA1BBB1B51E107C0AA1FBB1FA617B70701
:10ADA00010F0A61BB70B881F991F5A95A9F780951D
:10ADB0009095BC01CD01089597FB072E16F40094E1
:10ADC00006D077FD08D0E4DF07FC05D03EF490956F
:10ADD00081959F4F0895709561957F4F0895EE0F6F
:10ADE000FF1F881F8BBF0790F691E02D19940E94DA
:10ADF00028E4B7FF0895821B930B08955058BB2792
:10AE0000AA2713D00C9481E30E9473E338F00E94C8
:10AE10007AE320F039F49F3F19F426F40C9470E3A0
:10AE20000EF4E095E7FB0C946AE3E92F0E9492E3AD
:10AE300058F3BA17620773078407950720F079F46F
:10AE4000A6F50C94B4E30EF4E0950B2EBA2FA02DCA
:10AE50000B01B90190010C01CA01A0011124FF27C7
:10AE6000591B99F0593F50F4503E68F11A16F040C2
:10AE7000A22F232F342F4427585FF3CF46953795C1
:10AE80002795A795F0405395C9F77EF41F16BA0B86
:10AE9000620B730B840BBAF09150A1F0FF0FBB1F34
:10AEA000661F771F881FC2F70EC0BA0F621F731F7D
:10AEB000841F48F4879577956795B795F7959E3FDA
:10AEC00008F0B0CF9395880F08F09927EE0F97956B
:10AED000879508950E9473E360F080E891E009F49B
:10AEE0009EEF0E947AE328F040E851E071F45EEFB3
:10AEF0000CC00C9470E30C94B4E3E92FE0780E944A
:10AF000092E340F3092E052AB1F3261737074807C5
:10AF1000590738F00E2E07F8E02569F0E025E064C7
:10AF20000AC0EF6307F8009407FADB01B9019D013D
:10AF3000DC01CA01AD01EF9365D00E9481E30AD024
:10AF40005F91552331F02BED3FE049E450FD49EC92
:10AF500056CF0895DF93DD27B92FBF7740E85FE331
:10AF60001616170648075B0710F4D92F95D19F9343
:10AF70008F937F936F9314D2E4EEF1E010D10E948F
:10AF800081E32F913F914F915F910E9476E0DD2305
:10AF900049F09058A2EA2AED3FE049EC5FE3D0780F
:10AFA0005D2743DFDF910C9481E35AD188F09F370E
:10AFB00048F4911116F40C94B5E360E070E080E879
:10AFC0009FE3089526F01B16611D711D811DBEC0F3
:10AFD000D8C00CD1E39532C112D00C9481E30E9409
:10AFE0007AE358F00E9473E340F029F45F3F29F0C0
:10AFF0000C946AE351110C94B5E30C9470E30E9435
:10B0000092E368F39923B1F3552391F3951B550B04
:10B01000BB27AA2762177307840738F09F5F5F4F2B
:10B02000220F331F441FAA1FA9F335D00E2E3AF06A
:10B03000E0E832D091505040E695001CCAF72BD082
:10B04000FE2F29D0660F771F881FBB1F26173707D3
:10B050004807AB07B0E809F0BB0B802DBF01FF2705
:10B0600093585F4F3AF09E3F510578F00C946AE395
:10B070000C94B5E35F3FE4F3983ED4F3869577955F
:10B080006795B795F7959F5FC9F7880F911D9695BE
:10B09000879597F90895E1E0660F771F881FBB1F1A
:10B0A000621773078407BA0720F0621B730B840BC7
:10B0B000BA0BEE1F88F7E095089505D06894B1119A
:10B0C0000C94B5E308950E949AE388F09F5798F096
:10B0D000B92F9927B751B0F0E1F0660F771F881F9D
:10B0E000991F1AF0BA95C9F714C0B13091F00E94B7
:10B0F000B4E3B1E008950C94B4E3672F782F882768
:10B10000B85F39F0B93FCCF3869577956795B395DD
:10B11000D9F73EF490958095709561957F4F8F4F4C
:10B120009F4F08959DD088F09F3748F4911116F0F5
:10B130000C94B5E360E070E080E89FEB089526F49E
:10B140001B16611D711D811D01C01BC0882371F478
:10B15000772321F09850872B762F07C0662311F4B0
:10B1600099270DC09051862B70E060E02AF09A95E7
:10B17000660F771F881FDAF7880F9695879597F9DE
:10B1800008959F3F31F0915020F48795779567950A
:10B19000B795880F911D9695879597F90895DF9338
:10B1A000CF931F930F93FF92EF92DF927B018C015D
:10B1B000689405C0DA2EEF0199D7FE01E894A591B5
:10B1C0002591359145915591AEF3EF012EDEFE01AB
:10B1D0009701A801DA9479F7DF90EF90FF900F9133
:10B1E0001F91CF91DF9108950C9470E30E949AE330
:10B1F000D8F3E894E0E0BB279F57F0F02AED3FE05A
:10B2000049EC06C0EE0FBB0F661F771F881F28F0A2
:10B21000B23A62077307840728F0B25A620B730BC5
:10B22000840BE3959A9572F7803830F49A95BB0FAA
:10B23000661F771F881FD2F79048A5CFEF93E0FFD6
:10B2400006C0A2EA2AED3FE049EC5FEBEEDD0E948A
:10B2500081E30F90039401FC9058E1E1F2E0AEC06D
:10B260000E949AE3A0F0BEE7B91788F4BB279F3885
:10B2700060F41616B11D672F782F8827985FF7CFD7
:10B28000869577956795B11D93959639C8F308957E
:10B29000FDD608F48FEF08959B01AC0160E070E0EB
:10B2A00080E89FE399CE0E949AE358F19E5760F19F
:10B2B0009851A0F0E9F0983020F5092E9927660FF3
:10B2C000771F881F991F0A94D1F712C0062E672F87
:10B2D000782F8827985F11F4000C07C0993FB4F3CA
:10B2E0008695779567959395D9F7611D711D811D99
:10B2F0003EF490958095709561957F4F8F4F9F4F4D
:10B30000089568940C94B5E30C94B4E39F936EDFB6
:10B310000F9007FCEE5F92CF19F416F40C9470E3D3
:10B3200030CF0E949AE3C0F39923D1F3BEF39F5725
:10B33000550B87FF3CD00024A0E640EA90018058DE
:10B340005695979528F4805C660F771F881F20F02C
:10B3500026173707480730F4621B730B840B20292C
:10B3600031294A2BA69517940794202531254A2781
:10B3700058F7660F771F881F20F0261737074807F2
:10B3800030F4620B730B840B200D311D411DA09511
:10B3900081F7B901842F9158880F96958795089564
:10B3A0009B01AC0197C672D6880B990B08959150FA
:10B3B0005040660F771F881FD2F708959F938F9391
:10B3C0007F936F93FF93EF939B01AC0183D6EF9133
:10B3D000FF91E5DE2F913F914F915F917BC681E018
:10B3E00090E0F8940C9437E49111089581548A51B7
:10B3F00008F4805E855A0895FB01DC0104C08D913C
:10B400000190801921F441505040C8F7881B990BD6
:10B410000895FB01DC0102C001900D9241505040A3
:10B42000D8F70895DC0101C06D9341505040E0F71A
:10B430000895FB01DC018D9181341CF08B350CF4F7
:10B44000805E619161341CF06B350CF4605E861B8C
:10B45000611189F3990B0895FB01DC010D90002027
:10B46000E9F7119701900D920020E1F70895FC0192
:10B470008191861721F08823D9F79927089531976C
:10B48000CF010895FB01DC018D910190801901101D
:10B49000D9F3990B0895FB01DC0101900D92002076
:10B4A000E1F70895FB01DC014150504030F08D91EF
:10B4B0000190801919F40020B9F7881B990B0895A1
:10B4C000FB01DC014150504048F001900D920020FA
:10B4D000C9F701C01D9241505040E0F708950F9305
:10B4E0001F93CF93DF93CDB7DEB72E970FB6F894A7
:10B4F000DEBF0FBECDBF0E891F8986E08C831A8305
:10B5000009838FEF9FE79E838D83AE01465E5F4F79
:10B51000688D798DCE01019640D62F813885F8014E
:10B52000E20FF31F10822E960FB6F894DEBF0FBE07
:10B53000CDBFDF91CF911F910F910895CF93DF93EE
:10B540008230910510F482E090E0E0916314F09174
:10B55000641420E030E0C0E0D0E0309711F1408189
:10B56000518148175907C0F04817590761F4828183
:10B570009381209719F09B838A832BC09093641446
:10B580008093631426C02115310519F04217530723
:10B5900018F49A01BE01DF01EF010280F381E02D72
:10B5A000DCCF2115310509F1281B390B2430310579
:10B5B00090F412968D919C9113976115710521F06D
:10B5C000FB019383828304C090936414809363147B
:10B5D000FD01329644C0FD01E20FF31F8193919368
:10B5E000225031092D933C933AC02091611430913F
:10B5F0006214232B41F4209175023091760230932E
:10B600006214209361142091730230917402211509
:10B61000310541F42DB73EB7409177025091780241
:10B62000241B350BE0916114F0916214E217F307CB
:10B63000A0F42E1B3F0B2817390778F0AC014E5FA2
:10B640005F4F2417350748F04E0F5F1F5093621469
:10B65000409361148193919302C0E0E0F0E0CF0148
:10B66000DF91CF9108950F931F93CF93DF930097AE
:10B6700009F48CC0FC01329713821282009163148A
:10B68000109164140115110581F420813181820F1C
:10B69000931F20916114309162142817390779F5AE
:10B6A000F0936214E093611471C0D80140E050E05F
:10B6B000AE17BF0750F412962D913C911397AD0130
:10B6C0002115310509F1D901F3CF9D01DA01338349
:10B6D000228360817181860F971F8217930769F417
:10B6E000EC0128813981260F371F2E5F3F4F3183B0
:10B6F00020838A819B8193838283452B29F4F09355
:10B700006414E093631442C01396FC93EE93129773
:10B71000ED01499159919E01240F351FE217F3075E
:10B7200071F480819181840F951F029611969C93EC
:10B730008E938281938113969C938E931297E0E06F
:10B74000F0E0D80112968D919C911397009719F013
:10B75000F8018C01F6CF8D919C9198012E5F3F4F9F
:10B76000820F931F209161143091621428173907BA
:10B7700069F4309729F4109264141092631402C093
:10B78000138212821093621400936114DF91CF919F
:10B790001F910F9108956F927F928F929F92AF9217
:10B7A000BF92CF92DF92EF92FF920F931F93CF93AE
:10B7B000DF93EC017B016115710519F0DB018D93BD
:10B7C0009C938E010F5F1F4F7880872D90E0A5D34B
:10B7D000892B11F0E801F5CFBDE27B1205C00F5FA8
:10B7E0001F4F7980C1E008C0EBE27E1204C08E01D9
:10B7F0000E5F1F4F7980C0E06801F1E0CF1AD108D9
:10B8000043E050E067E27BE2C6018FD3892BE9F485
:10B81000680122E0C20ED11C45E050E062E27BE20A
:10B82000C60183D3892B21F4680187E0C80ED11C9F
:10B83000E114F10419F0D701CD92DC92C111F9C0E5
:10B8400060E070E080E89FE7FDC043E050E06FE11A
:10B850007BE2C6016AD3892B51F4E114F10409F4A7
:10B86000EDC00E5F1F4FF70111830083E7C0680131
:10B8700060E070E0CB0100E010E0F601D0EDD70D04
:10B88000DA3050F52C2F2260622E2C2F2870C2FF48
:10B8900005C0211127C00F5F1F4F24C0222311F0C4
:10B8A00001501109A5E0B0E09B01AC01C7D74B01E5
:10B8B0005C01880C991CAA1CBB1CC501B4016D0F4E
:10B8C000711D811D911D6839A9E97A078A07A9E1CF
:10B8D0009A0740F0C66005C0DE3F51F4C3FD44C086
:10B8E000C8606C2EBFEFCB1ADB0A7080C62DC5CFA7
:10B8F0002D2F2F7D2531C1F540814D3211F4C061CE
:10B9000006C04B3221F0319621E030E006C032967D
:10B91000D60111964C9122E030E0A0EDA40FAA30A0
:10B9200018F0E21BF30B20C040E050E04038BCE0D0
:10B930005B075CF49A01220F331F220F331F420F63
:10B94000531F440F551F4A0F511D3196DF011197A8
:10B950002C91A0EDA20FAA3048F3C4FF03C051956B
:10B9600041955109040F151FC1FF07C0E114F104EF
:10B9700021F03197D701ED93FC934BD3C370C330C3
:10B9800019F06B017C0106C06B017C01F7FAF094A1
:10B99000F7F8F09420E030E0A901C701B60135D3F3
:10B9A000882309F443C017FF06C0119501951109BA
:10B9B000CEE3DBE202C0C6E5DBE25E01B8E1AB1A32
:10B9C000B1084601BE2DAF2D90E2E92EF12C0E15E7
:10B9D0001F057CF0FE012591359145915491B401EC
:10B9E0008B2F9A2F77D34B01B82FA92F0E191F0930
:10B9F000EECF2497F594E794CA15DB0541F764016F
:10BA0000EB2EFA2E8E2D880F8F2D881F8F3F41F041
:10BA100020E030E0A901C701B601F7D2811106C0CC
:10BA200082E290E09093661480936514C701B6019A
:10BA300009C060E070E080E89FEF04C060E070E063
:10BA400080EC9FE7DF91CF911F910F91FF90EF90D6
:10BA5000DF90CF90BF90AF909F908F907F906F902E
:10BA600008952F923F924F925F926F927F928F92A2
:10BA70009F92AF92BF92CF92DF92EF92FF920F937D
:10BA80001F93CF93DF935C016B017A016115710500
:10BA900019F0FB0191838083E114F10429F0C701BF
:10BAA0000297839708F0EEC0E5012196F501108119
:10BAB000812F90E032D2892B11F05E01F5CF1D323B
:10BAC00029F42196F501118101E007C01B3221F410
:10BAD000E5012296F501118100E0E114F10459F12C
:10BAE000F0E1EF16F10461F41033E1F488818F7D09
:10BAF000883569F519812296026070E1E72EF12CF4
:10BB000088E0E816F10439F12CF4F2E0EF16F104C4
:10BB1000C1F12AC08AE0E816F10479F0E0E1EE16FE
:10BB2000F10411F550E1E52EF12C812C912CA12C82
:10BB300068E0B62E2BC01033C9F23AE0E32EF12CA8
:10BB40004CEC842E982CA82C4CE0B42E1FC010E393
:10BB5000E114F104A9F698E0E92EF12C812C912C46
:10BB6000A12C20E1B22E12C060E070E080E090E8ED
:10BB700097010F2C000C440B550B22D649015A019A
:10BB800005C0812C912CA12C80E4B82E60E020E02F
:10BB900030E0A90127010F2C000C660877081E0170
:10BBA000E0EDE10FEA3060F08FEB810F8A3110F4A5
:10BBB000E9EC05C08FE9810F8A3120F5E9EAE10F50
:10BBC0008E2F90E08E159F05ECF467FD17C082164E
:10BBD0009306A406B50688F0C301B201E2D59B0125
:10BBE000AC012E0F311D411D511D21303105410584
:10BBF000F0E85F0710F461E001C06FEF2196F101FA
:10BC00001081CDCF802F8170C114D10471F06623D3
:10BC100029F02197F601D183C08307C001FF19C025
:10BC20002297F601D183C08314C067FF12C081112F
:10BC300005C02FEF3FEF4FEF5FE704C020E030E09B
:10BC400040E050E882E290E090936614809365149F
:10BC500016C0882341F050954095309521953F4F6F
:10BC60004F4F5F4F0CC057FF0AC082E290E09093A5
:10BC70006614809365142FEF3FEF4FEF5FE7B90134
:10BC8000CA0104C060E070E080E090E0DF91CF91F5
:10BC90001F910F91FF90EF90DF90CF90BF90AF90EA
:10BCA0009F908F907F906F905F904F903F902F90DC
:10BCB00008952F923F924F925F926F927F928F9250
:10BCC0009F92AF92BF92CF92DF92EF92FF920F932B
:10BCD0001F93CF93DF9300D000D0CDB7DEB75C01C8
:10BCE0006B017A016115710519F0DB018D939C934D
:10BCF000E114F10429F0C7010297839708F0D9C035
:10BD00003501BFEF6B1A7B0AF5011081812F90E09E
:10BD100004D1892B11F05301F3CF1D3249F43501C1
:10BD2000F2E06F0E711CD50111961C9101E009C063
:10BD30001B3231F43501B2E06B0E711CF50111813B
:10BD400000E0E114F10409F4C2C0F0E1EF16F104DF
:10BD500089F4103391F5D3018C918F7D883509F0EA
:10BD6000B0C011961C91B2E06B0E711C026050E1E4
:10BD7000E52EF12CEAE0EE16F10409F4AEC0F0E194
:10BD8000EF16F104D1F028E0E216F10451F438E0A6
:10BD9000E32EF12C88248A94982CA82C4FE1B42E01
:10BDA00012C06FEF7FEFCB0197010F2C000C440BFB
:10BDB000550B06D549015A0106C088248A94982C4F
:10BDC000A82C2FE0B22E7E826D8260E020E030E071
:10BDD000A90127010F2C000C660877082D803E80F2
:10BDE000E0EDE10FEA3060F08FEB810F8A3110F463
:10BDF000E9EC05C08FE9810F8A3188F5E9EAE10FA6
:10BE00008E2F90E08E159F0554F56F3F01F182163D
:10BE10009306A406B506D0F0C301B201C2D42E2FFA
:10BE200030E040E050E029833A834B835C83260F67
:10BE3000371F481F591F89819A81AB81BC81281700
:10BE400039074A075B0710F061E001C06FEFED8131
:10BE5000FE813196FE83ED83D1011C91BFCFC114C9
:10BE6000D10489F0662339F08D819E810197F60116
:10BE70009183808308C001FF06C08D819E81029757
:10BE8000D6018D939C9300FF07C050954095309547
:10BE900021953F4F4F4F5F4F67FF10C082E290E008
:10BEA00090936614809365146FEF7FEF8FEF9FEF91
:10BEB0001BC060E070E080E090E016C0B901CA01EC
:10BEC00013C010E3E114F10409F461CF53CF103330
:10BED00009F441CF9AE0E92EF12C89E9882E982CBB
:10BEE000A82C89E1B82E6FCF26960FB6F894DEBF46
:10BEF0000FBECDBFDF91CF911F910F91FF90EF90BB
:10BF0000DF90CF90BF90AF909F908F907F906F9079
:10BF10005F904F903F902F90089591112CC38032E5
:10BF200019F089508550D0F70895FB01DC0141508C
:10BF3000504088F08D9181341CF08B350CF4805E7C
:10BF4000659161341CF06B350CF4605E861B6111E9
:10BF500071F3990B0895881BFCCFFB01DC01415064
:10BF6000504048F005900D920020C9F701C01D9285
:10BF700041505040E0F70895FB0155915523A9F039
:10BF8000BF01DC014D9145174111E1F759F4CD0195
:10BF90000590002049F04D9140154111C9F3FB0176
:10BFA0004111EFCF81E090E0019708950F931F9327
:10BFB000CF93DF93CDB7DEB72E970FB6F894DEBFE1
:10BFC0000FBECDBF0E891F898EE08C831A83098333
:10BFD0008FEF9FE79E838D83AE01465E5F4F688D36
:10BFE000798DCE010196D9D02F813885F801E20FE5
:10BFF000F31F10822E960FB6F894DEBF0FBECDBF92
:10C00000DF91CF911F910F91089540D008F481E006
:10C010000895E89409C097FB3EF49095809570953B
:10C0200061957F4F8F4F9F4F9923A9F0F92F96E984
:10C03000BB279395F695879577956795B795F111F9
:10C04000F8CFFAF4BB0F11F460FF1BC06F5F7F4F96
:10C050008F4F9F4F16C0882311F096E911C07723A8
:10C0600021F09EE8872F762F05C0662371F096E8B1
:10C07000862F70E060E02AF09A95660F771F881F80
:10C08000DAF7880F9695879597F90895990F000824
:10C09000550FAA0BE0E8FEEF16161706E807F9079A
:10C0A000C0F012161306E407F50798F0621B730B35
:10C0B000840B950B39F40A2661F0232B242B252BB6
:10C0C00021F408950A2609F4A140A6958FEF811D59
:10C0D000811D08950BD015C306D328F00BD318F09B
:10C0E000952309F0F7C2FCC211243FC31BD3A0F370
:10C0F000959FD1F3950F50E0551F629FF001729FFD
:10C10000BB27F00DB11D639FAA27F00DB11DAA1F1B
:10C11000649F6627B00DA11D661F829F2227B00D68
:10C12000A11D621F739FB00DA11D621F839FA00DF3
:10C13000611D221F749F3327A00D611D231F849F43
:10C14000600D211D822F762F6A2F11249F5750409A
:10C150008AF0E1F088234AF0EE0FFF1FBB1F661F35
:10C16000771F881F91505040A9F79E3F510570F0EE
:10C17000B1C2FBC25F3FECF3983EDCF38695779546
:10C180006795B795F795E7959F5FC1F7FE2B880FE9
:10C19000911D9695879597F908952F923F924F920A
:10C1A0005F926F927F928F929F92AF92BF92CF9247
:10C1B000DF92EF92FF920F931F93CF93DF93CDB750
:10C1C000DEB72C970FB6F894DEBF0FBECDBF7C0153
:10C1D0006B018A01FC0117821682838181FFB0C145
:10C1E000CE0101964C01F7019381F60193FD8591F3
:10C1F00093FF81916F01882309F49EC1853239F440
:10C2000093FD859193FF81916F01853221F4B701F0
:10C2100090E0CAD1E8CF512C312C20E02032A0F49C
:10C220008B3269F030F4803259F0833269F4206146
:10C230002CC08D3239F0803339F4216026C0226061
:10C24000246023C0286021C027FD27C030ED380FAF
:10C250003A3078F426FF06C0FAE05F9E300D1124D4
:10C26000532E13C08AE0389E300D1124332E2062E5
:10C270000CC08E3221F426FD5FC1206406C08C36CE
:10C2800011F4206802C0883641F4F60193FD8591CF
:10C2900093FF81916F018111C1CF982F9F7D95549C
:10C2A000933028F40C5F1F4FFFE3F9830DC08336F2
:10C2B00031F0833771F0833509F057C021C0F801A0
:10C2C000808189830E5F1F4F44244394512C540175
:10C2D00014C03801F2E06F0E711CF801A080B1802B
:10C2E00026FF03C0652D70E002C06FEF7FEFC50130
:10C2F0002C874FD12C0183012C852F77222E16C03D
:10C300003801F2E06F0E711CF801A080B18026FFA9
:10C3100003C0652D70E002C06FEF7FEFC5012C8771
:10C320002DD12C012C852068222E830123FC19C0DD
:10C33000832D90E048165906A0F4B70180E290E002
:10C3400033D13A94F5CFF50127FC859127FE8191F1
:10C350005F01B70190E028D131103A94F1E04F1A13
:10C3600051084114510479F7DEC0843611F0893642
:10C3700031F5F80127FF07C06081718182819381C7
:10C380000C5F1F4F08C060817181072E000C880B65
:10C39000990B0E5F1F4F2F76722E97FF09C0909555
:10C3A0008095709561957F4F8F4F9F4F2068722EBB
:10C3B0002AE030E0A40130D1A82EA81843C0853768
:10C3C00029F42F7EB22E2AE030E025C0F22FF97F2B
:10C3D000BF2E8F36C1F018F4883579F0ADC08037A4
:10C3E00019F0883721F0A8C02F2F2061B22EB4FE9B
:10C3F0000DC08B2D8460B82E09C024FF0AC09F2F6A
:10C400009660B92E06C028E030E005C020E130E09B
:10C4100002C020E132E0F801B7FE07C060817181FF
:10C42000828193810C5F1F4F06C06081718180E023
:10C4300090E00E5F1F4FA401EFD0A82EA818FB2D8F
:10C44000FF777F2E76FE0BC0372D3E7FA51450F46C
:10C4500074FE0AC072FC08C0372D3E7E05C0BA2C9F
:10C46000372D03C0BA2C01C0B52C34FF0DC0FE011E
:10C47000EA0DF11D8081803311F4397E09C032FF4D
:10C4800006C0B394B39404C0832F867809F0B394A4
:10C4900033FD12C030FF06C05A2CB31418F4530CED
:10C4A0005B18B32CB31460F4B70180E290E03C87D2
:10C4B0007BD0B3943C85F6CFB31410F43B1801C085
:10C4C000312C34FF11C0B70180E390E03C876CD081
:10C4D0003C8532FF16C031FD03C088E790E002C002
:10C4E00088E590E0B7010CC0832F867851F031FFCA
:10C4F00002C08BE201C080E237FD8DE2B70190E01F
:10C5000053D0A51430F4B70180E390E04DD05A9495
:10C51000F8CFAA94F401EA0DF11D8081B70190E0F3
:10C5200043D0A110F6CF332009F45DCEB70180E2ED
:10C5300090E03AD03A94F7CFF7018681978102C014
:10C540008FEF9FEF2C960FB6F894DEBF0FBECDBFD6
:10C55000DF91CF911F910F91FF90EF90DF90CF90DF
:10C56000BF90AF909F908F907F906F905F904F9013
:10C570003F902F900895992788270895FC010590F2
:10C58000615070400110D8F7809590958E0F9F1FD5
:10C590000895FC016150704001900110D8F780951A
:10C5A00090958E0F9F1F08950F931F93CF93DF9346
:10C5B000FB01238121FD03C08FEF9FEF28C022FFE5
:10C5C00016C046815781248135814217530744F4B0
:10C5D000A081B1819D012F5F3F4F318320838C93D8
:10C5E000268137812F5F3F4F3783268310C0EB01B1
:10C5F000092F182F0084F185E02D1995892BE1F67C
:10C600008E819F8101969F838E83812F902FDF9152
:10C61000CF911F910F910895FA01AA27283051F167
:10C62000203181F1E8946F936E7F6E5F7F4F8F4F63
:10C630009F4FAF4FB1E03ED0B4E03CD0670F781FC2
:10C64000891F9A1FA11D680F791F8A1F911DA11DA7
:10C650006A0F711D811D911DA11D20D009F46894E0
:10C660003F912AE0269F11243019305D3193DEF688
:10C67000CF010895462F4770405D4193B3E00FD03E
:10C68000C9F7F6CF462F4F70405D4A3318F0495D29
:10C6900031FD4052419302D0A9F7EACFB4E0A6950C
:10C6A0009795879577956795BA95C9F7009761052E
:10C6B000710508959B01AC010A2E06945795479584
:10C6C00037952795BA95C9F7620F731F841F951F79
:10C6D000A01D089597F99F6780E870E060E00895D5
:10C6E0009FEF80EC089500240A941616170618068A
:10C6F0000906089500240A94121613061406050666
:10C700000895092E0394000C11F4882352F0BB0FF6
:10C7100040F4BF2B11F460FF04C06F5F7F4F8F4F59
:10C720009F4F089557FD9058440F551F59F05F3F94
:10C7300071F04795880F97FB991F61F09F3F79F043
:10C7400087950895121613061406551FF2CF4695C5
:10C75000F1DF08C0161617061806991FF1CF869547
:10C760007105610508940895E894BB27662777272B
:10C77000CB0197F90895F999FECF92BD81BDF89A42
:10C78000992780B50895262FF999FECF1FBA92BD3B
:10C7900081BD20BD0FB6F894FA9AF99A0FBE0196A2
:10C7A0000895DB018F939F9349D0BF91AF91A29FD2
:10C7B000800D911DA39F900DB29F900D112408959F
:10C7C000A1E21A2EAA1BBB1BFD010DC0AA1FBB1F95
:10C7D000EE1FFF1FA217B307E407F50720F0A21B07
:10C7E000B30BE40BF50B661F771F881F991F1A9474
:10C7F00069F760957095809590959B01AC01BD019E
:10C80000CF010895052E97FB16F400940FD057FD25
:10C8100005D0D6DF07FC02D046F408C050954095FD
:10C82000309521953F4F4F4F5F4F089590958095DC
:10C83000709561957F4F8F4F9F4F089509D0A59FA9
:10C84000900DB49F900DA49F800D911D112408950B
:10C85000A29FB001B39FC001A39F700D811D112441
:10C86000911DB29F700D811D1124911D089515E138
:10C87000CEEAD5E100E006C0802FFE010E94EFD68F
:10C880002196011DCF3AD10780E00807A9F7F89457
:02C89000FFCFD8
:10C8920063640001C8000000E8030000FF3FFF3F9F
:10C8A200FF3F01FFFFFFFF0101010101FF0000C87F
:10C8B200430000C8430000C84332005500C800F0DE
:10C8C20000CC66904405A0763ED7A3054200004006
:10C8D200400000803F00007A4300005243CDCCCCA0
:10C8E2003D02C0D401006400FF050001010000C840
:10C8F200410000C07F9D9DF0FF79C4F0FF79C455CF
:10C902005505430000671480000100000058595A81
:10C9120045FF3F1CC6FF3F1CC60000000004000587
:10C922000006000700080009000A000B000C000DB9
:10C93200006666A0426666A0426626C8439A99BC13
:10C942004200009643000096430000A0400000C849
:10C9520041B80B0000B80B000064000000B80B00E7
:10C962000056303700101018102010281080119037
:10C9720011A011B01100000000FF7D8270000000C4
:10C9820000287182706F70656E00545249474745A6
:10C99200524544004F6E20004F666600496E766134
:10C9A2006C696420657874727564657200504944DC
:10C9B200204175746F74756E6520737461727400B2
:10C9C200504944204175746F74756E6520666169C3
:10C9D2006C656421204261642065787472756465B7
:10C9E20072206E756D626572004D313038004D31C6
:10C9F2003132004D343130004D333033204525641F
:10CA0200204335205325642055310041756720327B
:10CA12003820323031390053746570726174652088
:10CA2200746F6F20686967683A2000667265736880
:0ACA320000646F696E67002F0000BA
:00000001FF
