:100000000C94C4180C9404190C9404190C9404193D
:100010000C9404190C9404190C9404190C940419EC
:100020000C9404190C9404190C9404190C940419DC
:100030000C9404190C9404190C9404190C940419CC
:100040000C9404190C9463810C9404190C940419F5
:100050000C9404190C945A800C9404190C94F0D14B
:100060000C9404190C94074F0C94F34E0C9404193F
:100070000C9404190C9404190C9404190C9404198C
:100080000C948A4D0C9404190C9404190C940419C2
:100090000C94C94E0C94FD4E0C9404190C94041944
:1000A0000C9404190C9404190C945C4D0C940419D0
:1000B0000C9404190C9404190C9404190C9404194C
:1000C0000C9404190C9404190C9404190C949F4E6C
:1000D0000C94694E0C9404190C9404190C94041992
:1000E0000C940419084AD73B3BCE016E84BCBFFD7B
:1000F000C12F3D6C74319ABD56833DDA3D00C77FF8
:1001000011BED9E4BB4C3E916BAAAABE0000008090
:100110003F05A84CCDB2D44EB93836A9020C50B91F
:10012000918688083CA6AAAA2ABE000000803F004B
:100130004E414E494E495459494E46CDCCCC3D0ACC
:10014000D7233C17B7D13877CC2B329595E6241FAF
:10015000B14F0A000020410000C84200401C462068
:10016000BCBE4CCA1B0E5AAEC59D7400407A10F33B
:100170005A00A0724E18090010A5D4E80000E876D5
:1001800048170000E40B54020000CA9A3B0000002C
:10019000E1F505000080969800000040420F000045
:1001A00000A08601000000102700000000E8030006
:1001B0000000006400000000000A000000000001D0
:1001C00000000000002C76D888DC674F0823DFC1D0
:1001D000DFAE59E1B1B796E5E3E453C63AE651998B
:1001E0007696E8E6C28426EB898C9B62ED407C6FB4
:1001F000FCEFBC9C9F40F2BAA56FA5F490055A2A6B
:10020000F75C936B6CF9676DC11BFCE0E40D47FE76
:10021000F520E6B500D0ED902E030094357705006B
:1002200080841E080000204E0A000000C80C3333F2
:1002300033330F986E12831141EF8D2114893BE601
:100240005516CFFEE6DB18D1844B381BF77C1D908A
:100250001DA4BBE424203284725E228100C9F124F3
:10026000ECA1E53D27434F4D4D554E49434154497F
:100270004F4E0044525952554E004552524F525320
:1002800000494E464F004543484F00322E312E78EC
:10029000202876322E302E36290057616E68616F25
:1002A000204439204D4B33203530300053544F50CB
:1002B0005045442E20005072696E7465722073742C
:1002C0006F707065642064756520746F206572724C
:1002D0006F72732E2046697820746865206572728B
:1002E0006F7220616E6420757365204D3939392035
:1002F000746F20726573746172742E202854656D5A
:1003000070657261747572652069732072657365BA
:10031000742E2053657420697420616674657220A0
:1003200072657374617274696E67290A004E6F207A
:10033000436865636B73756D2077697468206C69B9
:100340006E65206E756D6265722C204C6173742031
:100350004C696E653A20004E6F20436865636B738D
:10036000756D2077697468206C696E65206E756D97
:100370006265722C204C617374204C696E653A2062
:1003800000636865636B73756D206D69736D61746F
:1003900063682C204C617374204C696E653A2000B0
:1003A0004C696E65204E756D626572206973206EB2
:1003B0006F74204C617374204C696E65204E756DAE
:1003C0006265722B312C204C617374204C696E6510
:1003D0003A20004D3131300053657269616C2073F1
:1003E0007461747573206D69736D617463680A005C
:1003F00053442072656164206572726F720A0074E2
:100400006F6F206D75636820696E616374697665CE
:100410002074696D65202D2063757272656E74207D
:10042000636F6D6D616E643A20002121204B494C51
:100430004C20636175736564206279200062757376
:10044000793A2070617573656420666F7220696EF9
:100450007075740A00627573793A207061757365FE
:100460006420666F7220757365720A006275737915
:100470003A2070726F63657373696E670A00534444
:1004800020436172642072656164206572726F72CC
:10049000004D31303030530046696C616D656E74CB
:1004A0002072756E6F757420452564004D363030AE
:1004B000002066696C616D656E745F72756E6F7534
:1004C00074200066696C616D656E745F72756E6F25
:1004D000757420540046696C616D656E7452756E5A
:1004E0006F7574205400506C65617365205265739C
:1004F000657400706F7765726F6666004B494C4C8F
:1005000045442E20005072696E7465722068616CDB
:100510007465642E206B696C6C28292063616C6C97
:100520006564210A006563686F3A004572726F72F4
:100530003A0042696C696E656172204C6576656C43
:10054000696E6720477269643A0A005072696E7476
:10055000204F626A002F2F616374696F6E3A006EDC
:100560006F74696669636174696F6E20006E6F7481
:10057000696669636174696F6E200070726F6D7077
:10058000745F00626567696E00656E640073686F12
:100590007700627574746F6E00486F74656E6420C6
:1005A000746F6F20636F6C640A004D323453004DDA
:1005B000323320004739322E394500473146004753
:1005C00031463630305A00473146333030305800EB
:1005D0004D31303650004D31303953004D323030CE
:1005E00044004739322E395A004D343230530047D7
:1005F000323852305859004731463630305A004769
:1006000039322E395A004739322E394530004D31B2
:10061000303953004D31393053004D34323053307E
:10062000004F46460A004661646520486569676870
:10063000742000426564204C6576656C696E6720A5
:10064000004661696C656420746F20656E61626C40
:100650006520426564204C6576656C696E670A00AA
:10066000496E76616C6964206D6573682E0A004777
:1006700031205A31302046313230300A473120584B
:100680003235302059323530204636303030005047
:10069000726F62696E6720506F696E740025532017
:1006A00025692F2569002E0A002F0050726F62699C
:1006B0006E67206D65736820706F696E742000200E
:1006C0002844525952554E290047323920417574F9
:1006D0006F20426564204C6576656C696E67003FEB
:1006E00020284C2C522C462C4229206F7574206FE8
:1006F0006620626F756E64732E0A0020756E6974D1
:10070000732F6D696E290A003F46656564726174D6
:10071000652028532920746F6F206C6F772E202856
:100720005573696E6720003F2856296572626F73A2
:1007300065206C6576656C20696D706C6175736998
:10074000626C652028302D34292E0A004261642015
:100750005A2076616C75650A004E6F2062696C697B
:100760006E65617220677269640A0020440020206F
:100770004D323030205300202844697361626C652B
:1007800064293A0046696C616D656E742073657406
:1007900074696E67730020204D3230312058004D4F
:1007A000617820416363656C65726174696F6E2066
:1007B00028756E6974732F7332290020204D3230F2
:1007C000332058004D6178206665656472617465F8
:1007D000732028756E6974732F73290020520020CE
:1007E000204D323034205000416363656C65726186
:1007F00074696F6E2028756E6974732F73322920A7
:1008000028503C7072696E742D616363656C3E2084
:10081000523C726574726163742D616363656C3EF2
:1008200020543C74726176656C2D616363656C3E27
:10083000290020540020530020204D323035204222
:1008400000416476616E6365642028423C6D696E88
:100850005F7365676D656E745F74696D655F7573F1
:100860003E20533C6D696E5F6665656472617465B8
:100870003E20543C6D696E5F74726176656C5F6694
:10088000656564726174653E20583C6D61785F6A8D
:1008900065726B3E20593C6D61785F6A65726B3E94
:1008A000205A3C6D61785F6A65726B3E20453C6DF5
:1008B00061785F6A65726B3E290020440020490020
:1008C00020204D333031205000486F74656E642015
:1008D0005049440070617573656400486561642027
:1008E00063616E6E6F74206265207061726B656407
:1008F00000506175736500496E7365727420666996
:100900006C616D656E7420616E64207072657373C6
:1009100020627574746F6E0A005265686561742098
:10092000446F6E6500526568656174696E672E2E4E
:100930002E005265686561740048656174657220B7
:1009400054696D656F7574005072657373206275BC
:1009500074746F6E20746F2068656174206E6F7A96
:100960007A6C650A004E6F7A7A6C65205061726B02
:1009700065640044697361626C6552756E6F75746D
:100980000050757267654D6F7265005061757365D3
:1009900064004C6F61642046696C616D656E742003
:1009A00054004C6F61642046696C616D656E740023
:1009B000496E736572742066696C616D656E742032
:1009C000616E6420707265737320627574746F6EEB
:1009D0000A00726573756D656400526573756D69A3
:1009E0006E6700203B0020550020204D363033201C
:1009F0004C0046696C616D656E74206C6F61642F8C
:100A0000756E6C6F616400203B200020204D3431F6
:100A100033205300506F7765722D6C6F73732072A3
:100A200065636F766572790020496E76616C6964E2
:100A30002065787472756465722000536C6565700A
:100A40002E2E2E005B505D61726B696E6720737491
:100A5000796C652028302E2E34292E003F496E7681
:100A6000616C696420005A2050726F626520506189
:100A70007374204265640A005A2050726F626520C8
:100A8000506173742042656400473238004D6573CD
:100A90006820706F696E74206F7574206F662072A5
:100AA000616E67650A00626567696E00436F6E7408
:100AB000696E7565004D302053746F70004D3120A4
:100AC00053746F7000436C69636B20746F205265C0
:100AD00073756D652E2E2E004E6F204D6F76652E30
:100AE00000456E642066696C65206C6973740A0049
:100AF000426567696E2066696C65206C6973740A6B
:100B0000004E6F206D656469610A00534420636183
:100B100072642072656C65617365640A0052657366
:100B2000756D696E6720534400526573756D65007D
:100B3000506175736520534400286E6F2066696CA0
:100B400065290043757272656E742066696C653A3A
:100B500020004E6F74205344207072696E74696E69
:100B6000670A005344207072696E74696E67206270
:100B700079746520005072696E742074696D653AED
:100B800020007061757365006F6B004C696E653A8B
:100B900020006F666600860281027A027302650297
:100BA00044454255473A004D3131322053687574FF
:100BB000646F776E004D31313320530057616E689A
:100BC000616F204439204D4B3320353030204F4663
:100BD000462E0020732E0A00496E6163746976699F
:100BE00074792074696D656F757420002F2F00571C
:100BF00041524E494E4721204C6F77205A204A657A
:100C0000726B206D6179206C65616420746F207552
:100C10006E77616E746564207061757365732E0AFA
:100C2000002058003B200020204D61783A20002011
:100C30000020204D696E3A2000203B200020204DEE
:100C4000323131205300250A0046523A0020466CCA
:100C50006F773A20003A200020536572766F2000AB
:100C6000206F7574206F662072616E67650A00538D
:100C70006572766F200050726F6265204F666673F2
:100C80006574205A0050726F6265204F6666736506
:100C900074205A0064697300656E00432900616224
:100CA0006C656420286D696E2074656D702000434A
:100CB0006F6C642065787472756465732061726509
:100CC0002000203B20486F73742068616E646C695B
:100CD0006E6720006D6D00203B204D6F74696F6E54
:100CE0002064697374616E636520006D6D00203B44
:100CF0002044697374616E6365200046696C616DA0
:100D0000656E742072756E6F757420004D343231CB
:100D100020696E636F727265637420706172616DB9
:100D2000657465722075736167650A004D65736847
:100D300020706F696E74206F7574206F6620726109
:100D40006E67650A004F6666736574732041707044
:100D50006C696564004D494E2F4D415820546F6FAA
:100D60002046617200546F6F206661722066726F58
:100D70006D204D494E2F4D41580A00454550524F68
:100D80004D204F4B0A00290A0020746F20003F5A63
:100D9000206F7574206F662072616E676520280071
:100DA000290A0020746F20003F59206F7574206F4E
:100DB000662072616E6765202800290A0020746F22
:100DC00020003F58206F7574206F662072616E6737
:100DD000652028004D383400446F6E6520707269BC
:100DE0006E74696E672066696C650A004D3737005E
:100DF0004D33310020204D323036205800486F6D81
:100E000065206F6666736574004361703A00434FF6
:100E10004E4649475F4558504F5254004D45415446
:100E20005041434B00434F4F4C45525F54454D504A
:100E300045524154555245004348414D4245525F49
:100E400054454D50455241545552450045505F421E
:100E50004142595354455000424142595354455020
:100E600050494E470041524353004D4F54494F4E55
:100E70005F4D4F44455300544845524D414C5F50DF
:100E8000524F54454354494F4E00455854454E44E3
:100E900045445F4D323000435553544F4D5F4649F2
:100EA000524D574152455F55504C4F4144004C46BE
:100EB0004E5F5752495445004C4F4E475F46494C90
:100EC000454E414D45004155544F5245504F5254A7
:100ED0005F53445F5354415455530053445F57523A
:100EE00049544500524550454154004D554C5449D4
:100EF0005F564F4C554D45005344434152440050BA
:100F0000524F4D50545F535550504F525400484F1C
:100F100053545F414354494F4E5F434F4D4D414EF3
:100F2000445300454D455247454E43595F50415249
:100F300053455200434153455F4C494748545F4233
:100F400052494748544E45535300544F47474C4528
:100F50005F4C494748545300534F465457415245FC
:100F60005F504F574552004255494C445F504552DF
:100F700043454E54004C4556454C494E475F44410D
:100F80005441005A5F50524F42450052554E4F5502
:100F900054004155544F4C4556454C005052494E13
:100FA000545F4A4F420050524F47524553530041FD
:100FB00055544F5245504F52545F54454D50004187
:100FC00055544F5245504F52545F504F5300564F57
:100FD0004C554D455452494300454550524F4D00E4
:100FE00042494E4152595F46494C455F5452414E29
:100FF000534645520053455249414C5F584F4E5F4E
:10100000584F4646004649524D574152455F4E4162
:101010004D453A4D61726C696E20627567666978FC
:101020002D322E312E782044392076322E302E3635
:10103000202853657020313620323032362032324B
:101040003A32303A32312920534F555243455F43AB
:101050004F44455F55524C3A6769746875622E6318
:101060006F6D2F4C652D53796C32312F57414E489F
:10107000414F2D4475706C696361746F722D392016
:1010800050524F544F434F4C5F56455253494F4E69
:101090003A312E30204D414348494E455F54595016
:1010A000453A57616E68616F204439204D4B3320BB
:1010B000353030204B494E454D41544943533A4316
:1010C000617274657369616E204558545255444588
:1010D000525F434F554E543A3120555549443A6377
:1010E000656465326132662D343161322D343734B6
:1010F000382D396231322D633535633632663336F9
:101100003766660047322F47332062616420706182
:1011100072616D65746572730A005A2050726F6255
:101120006520506173742042656400205A3A0020A3
:10113000593A0042656420583A004732384F00203F
:101140003B0020204D3835312058005A2D50726F09
:101150006265204F666673657400220A00656E71D1
:1011600075657565696E672022006F6B0A005265B0
:1011700073656E643A20002569730025696D20252A
:101180006973002569682025696D2025697300252C
:101190006964202569682025696D2025697300250B
:1011A000697920256964202569682025696D2025D5
:1011B000697300436F6F6C696E672E2E2E00453188
:1011C0002025530020460020420020204D3130349D
:1011D0002053004175746F2054656D7020436F6E0D
:1011E00074726F6C0020573A0042656420436F6F41
:1011F0006C696E672E2E2E0042656420486561740E
:10120000696E672E2E2E0023646566696E65204424
:10121000454641554C545F005049442074756E69F1
:101220006E6720646F6E65004175746F74756E65CE
:10123000206661696C6564212054696D656F757401
:101240002E004175746F74756E65206661696C65FA
:1012500064212054656D70657261747572652074C7
:101260006F6F20686967682E004175746F74756EC2
:1012700065206661696C656421204261642065783F
:101280007472756465722E00504944204175746F04
:1012900074756E65004B4420004B4920004B502074
:1012A000005049442074756E696E6720646F6E65E6
:1012B000002066696E69736865642120507574202A
:1012C000746865206C617374204B702C204B69200E
:1012D000616E64204B6420636F6E7374616E74730F
:1012E0002066726F6D2062656C6F7720696E746F17
:1012F00020436F6E66696775726174696F6E2E68E0
:101300000A00504944204175746F74756E65002061
:101310006661696C6564212074696D656F75740A16
:1013200000504944204175746F74756E65004175B5
:10133000746F74756E65206661696C6564212054F4
:10134000696D656F75742E00206661696C65642136
:101350002054656D706572617475726520746F6F6D
:1013600020686967680A00504944204175746F74A9
:10137000756E6500504944204379636C65730025A0
:10138000532025692F256900204B643A2000204B0B
:10139000693A2000204B703A200020436C6173733F
:1013A000696320504944200A002054753A200020E7
:1013B0004B753A2000206D61783A2000206D696EEF
:1013C0003A200020643A200020626961733A2000CC
:1013D00048656174696E672E2E2E002073746172E9
:1013E000740A00504944204175746F74756E65002D
:1013F0004175746F74756E65206661696C656421F2
:101400002054656D706572617475726520746F6FBC
:1014100020686967682E00206661696C6564212018
:1014200054656D706572617475726520746F6F209C
:10143000686967680A00504944204175746F747583
:101440006E6500504944204175746F74756E650077
:101450003F28432979636C6573206E6F7420706C2C
:1014600061757369626C6520283E3D33292E0A0040
:10147000206661696C656421204261642068656151
:101480007465722069640A00504944204175746F84
:1014900074756E6500002002000000951F000001B9
:1014A0002002000000951F000002200200000095AD
:1014B0001F0000032002000000951F00000420020E
:1014C0000000004E4F0000052002000000591F00E0
:1014D00000062000000000361F0000072002000068
:1014E00000031F0000082002000000171F00000971
:1014F00020020000007F3800000A20020000009354
:101500001900000B2002000000641B00000E2002E6
:10151000000000CD1E00000F2002000000B31E00DE
:1015200000102002000000325000001120020000D4
:1015300000055000001220020000000550000014B9
:101540002002000000DD4F0000152002000000F323
:101550001E0000162002000000821E00001720025C
:101560000000004D1E00001820020000008B190032
:10157000001920020000003F1D00001A200000009A
:1015800000A34300001B20000000005D2800001C99
:1015900020020000007F1900001D20020000006CE6
:1015A0001900001E2002000000E11D00001F2002A3
:1015B0000000007E430000202002000000101D00FB
:1015C00000212002000000101D0000222002000067
:1015D00000101D0000232002000000CF1C0000248A
:1015E000200200000064190000252000000000C453
:1015F0001C000026200000000053420000272002AB
:101600000000006D43000028200200000059430044
:1016100000292002000000451900002A20020000D5
:10162000008C1C00002B2000000000F74200002C62
:101630002002000000E34200002D2002000000C153
:101640004200002E20020000007C1C00002F200021
:101650000000003F19000020300200000000008957
:101660007C2530200000000000327C453020000046
:10167000000000327C6530200000000000327C85D4
:1016800030200000000000327CA530200000000067
:1016900000327CC530020000000000DE7CC6302035
:1016A0000000000000F97BE6300201000000000F9E
:1016B00086E8300F0100000000FE96F730020100BE
:1016C000000000387ABE310200000000000F9AF8D6
:1016D000300201110200004479F9300201000000DB
:1016E00000277AFC300201D7070000DA78FD3002CB
:1016F00001DB0700004479FE300200000000001307
:101700007AFF300201A30D0000DA7800310201A750
:101710000D000044790131020000000000137A0539
:1017200031020100000000077A063102011D0E009F
:101730000070780731020009020000EF79083102D9
:101740000100000000BD7B093102000000000061C3
:101750007722310200F3060000257823310200F5DC
:1017600006000025782431020000000000DB792506
:101770003102000A020000257826310201200A0009
:1017800000DA7827310201240A0000DA78283102D1
:1017900001280A0000DA7829310200F7060000EF7C
:1017A000792A31020000000000AE7B2B31020000DC
:1017B000000000C3792C3102000C02000025782DB6
:1017C00031040100000000C87A2F3104010000003C
:1017D000008C7A3131040100000000507A33311856
:1017E000009A020000FE7A4B311800000000005BF6
:1017F0007B633110008B020000FE7A73310200001F
:101800000000002172743102000000000022727595
:1018100031180000000000357B8D311800000000F9
:1018200000247BA531180000000000137BBD3102AD
:101830000000000000DF990040020100001119AA19
:101840007901402002FA06701C467B214002000804
:1018500002F771D9772240020000008F249B792380
:101860004002000000C724917900500200000000EF
:1018700000387A0150000000000619000000000046
:10188000000000000000004E6F7420616C6C6F77E8
:101890006564207768696C652069646C65004E6FCB
:1018A0007420616C6C6F77656420647572696E6713
:1018B000207072696E74004E6F2053442043617231
:1018C000642044657465637465640043616E6E6F83
:1018D0007420656E746572207375626469723A2053
:1018E000004E6F2066696C652073656C6563746576
:1018F00064004D323500526573756D6500554920A1
:10190000506175736500726573756D65004D323495
:1019100000436F6F6C696E672E2E2E004D35303090
:101920000047323900486F6D696E672072657175C6
:10193000697265640054656D706572617475726575
:1019400020746F6F206C6F77004732385A0047322F
:101950003858590047323858595A00486F6D696EE7
:10196000672E2E2E00457865637574696E67206357
:101970006F6D6D616E642E2E2E004D353030004D32
:10198000353032004D3939390A4D32383050305304
:10199000313630004D353030005049442061757487
:1019A0006F74756E696E672E2E2E004D3330334383
:1019B00025644525645325645531004265642050F3
:1019C00049442064697361626C6564004D31303054
:1019D000304300496E76616C6964207265636F768E
:1019E0006572792064617461004D3130303000429D
:1019F00075737900BD31000033314B316331733180
:101A0000743175318D31A531000023400000224032
:101A100000002B312C3121402D312F31313100008C
:101A20002A310000014000002631273128312931B8
:101A30000000FF30003124312531000022312331F4
:101A40000000FF300031FC30FD300831093100006A
:101A5000FF300031FC30FD3000000631073100005E
:101A60000531000000400000FF3000310131FC3042
:101A7000FD30FE300000FF300031FC30FD30000052
:101A8000FF300031FC30FD30E630E830005000001F
:101A90000031FD300040F830F93006310000FF30F1
:101AA0000031FC30FD30E630E830F730BE31000068
:101AB00020302530453065308530A530C530C63002
:101AC0000000FF300031FC30FD3000004D3530307B
:101AD0000050726F62696E67206661696C656400B0
:101AE00050726F62696E67207375636365737366A6
:101AF000756C00022B7D033E9A044A9A0A82A00B61
:101B000016A00CE29F0D26770E3C720F3172100565
:101B1000A011C89F13277216237200000001C21A79
:101B200002B01A039E1A04901A05801A06761A0744
:101B3000681A08641A09601A0B5A1A0C501A0D42D6
:101B40001A0E3C1A0F321A10281A11241A12201ACF
:101B500013121A140E1A150A1A16F819F9F41900A4
:101B6000000047305A3130004732380047323800E1
:101B700047305A30004730582564592564004730B3
:101B80005A340047323800486F6D696E672E2E2E2A
:101B90000042757379004457494E204755492F4FED
:101BA0005320757064617465207265717569726522
:101BB00064002564782564782564002D002D002DAF
:101BC0000063616E63656C005072696E74204162DF
:101BD0006F72746564004469736D6973730055496D
:101BE0002041626F72746564006F70656E005452BC
:101BF00049474745524544003A200066696C616D8B
:101C0000656E74007A5F6D696E00795F6D696E0054
:101C1000785F6D696E005265706F7274696E6720CF
:101C2000656E6473746F70207374617475730A00E9
:101C300020746F6F206C6F6E672065787472757397
:101C4000696F6E2070726576656E7465640A002037
:101C5000636F6C6420657874727573696F6E207041
:101C6000726576656E7465640A00486F6D6520253F
:101C700073204669727374000000000000000000C9
:101C8000000000005761726E696E673A20486F6D00
:101C9000696E672042756D702044697669736F7252
:101CA000203C20310A000202020000FA430000FA40
:101CB000430000FA430000A0400000A040000000E4
:101CC0004053544F505045442E20005072696E745A
:101CD00065722073746F707065642064756520741C
:101CE0006F206572726F72732E2046697820746857
:101CF00065206572726F7220616E64207573652055
:101D00004D39393920746F20726573746172742E85
:101D1000202854656D7065726174757265206973F1
:101D20002072657365742E20536574206974206178
:101D3000667465722072657374617274696E672966
:101D40000A00206572726F72202D207265737461B3
:101D500072742077697468204D3939390A00424C11
:101D6000546F7563680021212053544F50206361E4
:101D70006C6C65642062656361757365206F6620B5
:101D8000000000FA430000FA430000FA430000009C
:101D9000000000000000000000454550524F4D205B
:101DA0007772697465206661696C65640053657457
:101DB00074696E67732053746F72656400290A003A
:101DC0002062797465733B206372632000536574ED
:101DD00074696E67732053746F72656420280020E5
:101DE0004D61726C696E3D563930290A0045455087
:101DF000524F4D2076657273696F6E206D69736DF9
:101E0000617463682028454550524F4D3D0045455B
:101E100050524F4D206461746173697A6520657218
:101E2000726F722E0A004572723A20454550524F29
:101E30004D2043524300202863616C63756C6174CC
:101E4000656429210A0020213D2000454550524F5C
:101E50004D20435243206D69736D61746368202D7A
:101E6000202873746F726564292000454550524FD5
:101E70004D20436F72727570740A002053697A6541
:101E80003A2000496E6465783A200053746F726599
:101E9000642073657474696E677320726574726907
:101EA00065766564002062797465733B20637263B4
:101EB00020002073746F7265642073657474696E9A
:101EC00067732072657472696576656420280045C1
:101ED0004550524F4D2072656164206661696C65A2
:101EE0006400454550524F4D20496E697469616CDC
:101EF000697A65640A00454550524F4D20496E6924
:101F00007469616C697A656400454550524F4D2093
:101F100072657365740048617264636F6465642000
:101F200044656661756C742053657474696E67737B
:101F3000204C6F6164656400000096430000964386
:101F40000000A0400000C8416666A0426666A0424C
:101F50006626C8439A99BC42B80B0000B80B000033
:101F600064000000B80B000020286D6D2900203BA4
:101F7000204C6576656C696E67200020204D3432F8
:101F8000302053004175746F20426564204C6576A3
:101F9000656C696E67004F4646004F4E00203B203F
:101FA00053656E736F722000204C00204400202087
:101FB0004D34313220530046696C616D656E74207A
:101FC00072756E6F75742073656E736F7200204A40
:101FD000002020473239205720490020204D31343D
:101FE000392043203B20556E69747320696E20436D
:101FF000656C736975730A0054656D706572617400
:1020000075726520556E6974730020204732312047
:102010003B004C696E65617220556E6974730024D3
:10202000F4D43050C38D20C3A24117828B7011129B
:102030007A900D826CDA0AA861E108C758660761D8
:102040005142061F4B5E05C145A6041B41120409FF
:102050003D9703723931034136DB0266339202D475
:10206000305302812E1D02642CEE01762AC501B187
:1020700028A101102781018F2564012B244A01E149
:10208000223401AD2120018D200C01811FFC00852F
:102090001EED00981DDF00B91CD200E71BC7002011
:1020A0001BBB00651AB200B319A9000A19A0006A87
:1020B000189800D217920040178A00B61684003292
:1020C000167E00B41579003B157400C7146F0058D4
:1020D000146A00EE1366008813620026135E00C8BF
:1020E000125B006D12570016125500C1115100709D
:1020F000114E0022114C00D61049008D10460047A9
:1021000010450002104200C00F4000800F3E004208
:102110000F3C00060F3A00CC0E3900930E37005CDE
:102120000E3500270E3400F30D3200C10D31009042
:102130000D2F00610D2F00320D2D00050D2C00D943
:102140000C2A00AF0C2A00850C28005D0C280035F5
:102150000C27000E0C2500E90B2500C40B2400A061
:102160000B23007D0B22005B0B21003A0B21001991
:102170000B2000F90A1F00DA0A1F00BB0A1E009D8F
:102180000A1D00800A1C00640A1C00480A1C002C5E
:102190000A1B00110A1A00F7091A00DD091900C408
:1021A000091900AB091800930918007B091700648E
:1021B0000917004D09170036091600200915000BF4
:1021C000091500F6081500E1081500CC081400B840
:1021D000081400A4081300910813007E0813006B74
:1021E000081200590812004708120035081200238F
:1021F0000811001208110001081000F1071100E099
:10220000071000D0071000C0070F00B1071000A191
:10221000070F0092070F0083070F0074070E006678
:10222000070E0058070E004A070E003C070E002E4E
:10223000070D0021070D0014070D0007070D00FA18
:10224000060D00ED060C00E1060D00D4060C00C8DA
:10225000060C00BC060C00B0060B00A5060C00998D
:10226000060B008E060B0083060B0078060B006D34
:10227000060B0062060B0057060A004D060A0043D3
:10228000060B0038060A002E060A00240609001B69
:10229000060A0011060A0007060900FE050A00F4F6
:1022A000050900EB050900E2050900D9050900D080
:1022B000050900C7050800BF050900B6050900ADFE
:1022C000050800A50508009D050800950509008C76
:1022D000050800840508007C050700750508006DE9
:1022E000050800650507005E050800560507004F54
:1022F00005080047050700400507003905070032BB
:102300000507002B050700240507001D050700161B
:102310000507000F0506000905070002050600FC79
:10232000040700F5040600EF040700E8040600E2D5
:10233000040600DC040600D6040600D0040700C929
:10234000040500C4040600BE040600B8040600B27A
:10235000040600AC040600A6040500A10406009BC8
:1023600004050096040600900405008B0406008511
:10237000040500800405007B040500760406007057
:102380000405006B04050066040500610405005C9B
:1023900004050057040500520405004D04050048DB
:1023A000040400440405003F0405003A0404003618
:1023B000040500310405002C040400280405002352
:1023C0000404001F0405001A04040016040400128B
:1023D0000405000D040400090404000504040001C0
:1023E000040500FC030400F8030400F4030400F0F7
:1023F000030400EC030400E8030400E4030400E029
:10240000030400DC030400D8030400D4030300D158
:10241000030400CD030400C9030400C50304000045
:1024200000000000000000000000000000000000AC
:1024300000000000000000D1036D6403570D034746
:10244000C6023B8B023259022B2E0225090221E8DB
:10245000011CCC011AB201179B01148701137401EE
:102460001163010F54010E46010D39010D2C010BB2
:1024700021010A17010A0D0109040108FC0008F4F2
:102480000007ED0007E60007DF0006D90006D300CD
:1024900005CE0006C80005C30004BF0005BA00044D
:1024A000B60004B20004AE0004AA0004A60003A310
:1024B00000049F00039C000399000396000393000F
:1024C000029100038E00028C000389000287000342
:1024D0008400028200028000027E00027C00027AF8
:1024E000000278000276000175000273000271009C
:1024F000017000026E00016D00026B00016A0002B3
:102500006800016700026500016400016300016268
:1025100000026000015F00015E00015D00015C00DF
:10252000015B00015A0001590001580001570001E8
:1025300056000155000154000153000152000151A1
:1025400000005100015000014F00014E00014D00FC
:10255000004D00014C00014B00014A00004A0001FF
:1025600049000148000048000147000146000046BC
:102570000001450000450001440001430000430004
:102580000142000042000141000041000140000002
:102590004000013F00003F00013E00003E00013DC1
:1025A00000003D00013C00003C00013B00003B00FE
:1025B000013A00003A0001390000390000390001F9
:1025C00038000038000137000037000037000136BE
:1025D00000003600003600013500003500013400EF
:1025E00000340000340001330000330000330001E8
:1025F00032000032000032000131000031000031B1
:1026000000003100013000003000003000012F00D8
:10261000002F00002F00002F00012E00002E0000D0
:102620002E00012D00002D00002D00002D00012C9A
:1026300000002C00002C00002C00012B00002B00BF
:10264000002B00002B00012A00002A00002A0000B5
:102650002A00002A00012900002900002900002981
:1026600000012800002800002800002800002800A1
:102670000127000027000027000027000027000195
:102680002600002600002600002600002600002666
:102690000001250000250000250000250000250080
:1026A0000025000124000024000024000024000074
:1026B0002400002400012300002300002300002345
:1026C000000023000023000122000022000022005D
:1026D0000022000022000022000022000121000050
:1026E0002100002100002100002100002100002124
:1026F0000001200000200000200000200000200039
:10270000002000002000002000011F00001F00002A
:102710001F00001F00001F00001F00001F000020FE
:10272000436F756E7420583A00426564004531006D
:10273000626564002C2073797374656D2073746F07
:102740007070656421204865617465725F49443A20
:1027500020004572723A204D415854454D50004D6D
:10276000415854454D5020747269676765726564BD
:102770000048656174696E67204661696C65640034
:1027800048656174696E67206661696C65640045BF
:1027900072723A204D494E54454D50004D494E54A9
:1027A000454D5020747269676765726564005448CE
:1027B00045524D414C2052554E41574159005468A5
:1027C00065726D616C2052756E6177617900202FA2
:1027D000002042403A0020403A0020573A000009C9
:1027E000121B242D363F48415A536C657E771910D1
:1027F0000B023D342F265158434A757C676E323B9D
:102800002029161F040D7A7368615E574C452B22F0
:1028100039300F061D14636A7178474E555C646D3C
:10282000767F4049525B2C253E3708011A137D7490
:102830006F6659504B42353C272E1118030A565FDC
:10284000444D727B60691E170C053A3328214F46B0
:102850005D546B627970070E151C232A313841488C
:10286000535A656C777E09001B122D243F36585150
:102870004A437C756E671019020B343D262F737A1C
:102880006168575E454C3B3229201F160D046A6370
:1028900078714E475C55222B3039060F141D252CBC
:1028A000373E0108131A6D647F7649405B523C3510
:1028B0002E2718110A03747D666F5059424B171E5C
:1028C000050C333A21285F564D447B7269600E0730
:1028D0001C152A233831464F545D626B7079000015
:1028E0002110422063308440A550C660E770088103
:1028F00029914AA16BB18CC1ADD1CEE1EFF131127A
:10290000100273325222B5529442F772D662399352
:1029100018837BB35AA3BDD39CC3FFF3DEE36224C9
:10292000433420040114E664C774A44485546AA5A2
:102930004BB528850995EEE5CFF5ACC58DD5533659
:10294000722611163006D776F6669556B4465BB7F2
:102950007AA719973887DFF7FEE79DD7BCC7C44829
:10296000E5588668A7784008611802282338CCC942
:10297000EDD98EE9AFF9488969990AA92BB9F55AB9
:10298000D44AB77A966A711A500A333A122AFDDB92
:10299000DCCBBFFB9EEB799B588B3BBB1AABA66C89
:1029A000877CE44CC55C222C033C600C411CAEEDE2
:1029B0008FFDECCDCDDD2AAD0BBD688D499D977E99
:1029C000B66ED55EF44E133E322E511E700E9FFF32
:1029D000BEEFDDDFFCCF1BBF3AAF599F788F8891E8
:1029E000A981CAB1EBA10CD12DC14EF16FE18010CC
:1029F000A100C230E3200450254046706760B983CF
:102A00009893FBA3DAB33DC31CD37FE35EF3B1021B
:102A10009012F322D2323542145277625672EAB5DE
:102A2000CBA5A89589856EF54FE52CD50DC5E2346B
:102A3000C324A01481046674476424540544DBA7AE
:102A4000FAB79987B8975FE77EF71DC73CD7D326BB
:102A5000F2369106B01657667676154634564CD93E
:102A60006DC90EF92FE9C899E9898AB9ABA944580B
:102A7000654806782768C018E1088238A3287DCB0E
:102A80005CDB3FEB1EFBF98BD89BBBAB9ABB754A5B
:102A9000545A376A167AF10AD01AB32A923A2EFD9E
:102AA0000FED6CDD4DCDAABD8BADE89DC98D267CAB
:102AB000076C645C454CA23C832CE01CC10C1FEFEE
:102AC0003EFF5DCF7CDF9BAFBABFD98FF89F176EFB
:102AD000367E554E745E932EB23ED10EF01E7C3C77
:102AE0003E5E2B3D3F2F5B5D3B2C2A225C005761F5
:102AF000726E696E673A00534420436172642049E4
:102B00006E6974204661696C00534420636172648D
:102B1000206F6B0A006F70656E526F6F7420666174
:102B2000696C65640A00766F6C756D652E696E69F7
:102B300074206661696C65640A004E6F20534420FE
:102B4000636172640A000A4D3234004D323320252D
:102B500073002E0A006F70656E206661696C656493
:102B60002C2046696C653A200046696C65207365C7
:102B70006C65637465640A002053697A653A2000C5
:102B800046696C65206F70656E65643A2000454E3D
:102B90004420535542524F5554494E450A00222075
:102BA000706F73002220706172656E743A22005358
:102BB0005542524F5554494E452043414C4C207488
:102BC00061726765743A220053756263616C6C20B0
:102BD0004F766572666C6F770045786365656465EE
:102BE00064206D617820535542524F5554494E45EB
:102BF0002064657074683A002E0A0044656C657440
:102C0000696F6E206661696C65642C2046696C652D
:102C10003A200046696C652064656C657465643AA9
:102C20000057726974696E6720746F2066696C65FD
:102C30003A2000667265736800646F696E670020F1
:102C400066696C653A20004E6F7720002F617574BD
:102C50006F25632E67002001400130013B014001D8
:102C600036016001310170012C0190012701B00192
:102C70002201C0011D01F0011801100213013002F0
:102C80000E016002090190020401C002FF0000036E
:102C9000FA004003F5008003F000D003EB002004AD
:102CA000E6007004E100E004DC004005D700C00548
:102CB000D2004006CD00D006C8008007C30030080F
:102CC000BE00F008B900C009B400B00AAF00B00BF4
:102CD000AA00D00CA500000EA000500F9B00C01051
:102CE00096005012910000148C00C0158700B01798
:102CF0008200B0197D00D01B7800001E73004020B8
:102D00006E0090226900F024640040275F00902943
:102D10005A00E02B5500102E500020304B0010328E
:102D20004600E033410090353C00103737007038E2
:102D30003200A0392D00B03A2800A03B2300603CAF
:102D40001E00103D1900903D1400103E0F00703E13
:102D50000A00C03E0500003F0000403FFBFF803FEF
:102D6000F6FFC03FF1FF2020506C616E6E6572422D
:102D7000756666657242797465733A200020467202
:102D80006565204D656D6F72793A200020436F6D47
:102D900070696C65643A205365702031362032309A
:102DA00032360A00204C617374205570646174657A
:102DB000643A20323032362D30392D3038207C20A4
:102DC000417574686F723A2053796C3231202B2030
:102DD000436C617564650A004D61726C696E2032E6
:102DE0002E312E78202876322E302E36290A0020D9
:102DF000536F6674776172652052657365740A005B
:102E0000205761746368646F672052657365740A44
:102E1000002042726F776E206F7574205265736563
:102E2000740A002045787465726E616C2052657377
:102E300065740A00506F77657255700A007374618B
:102E400072740A004732385859004D313030310021
:102E50006572726F722077726974696E6720746F21
:102E60002066696C650A00446F6E6520736176693F
:102E70006E672066696C652E0A004D323900456E1A
:102E80006473746F707300255320256320256320BD
:102E9000256320256300205A3A0020593A00205823
:102EA0003A00656E6473746F7073206869743A20B9
:102EB0000000000A0B02090C0D0E080703040100B4
:102EC0000000000000000000000000000000000002
:102ED00000000000000000000000000000121110BF
:102EE00000000000000000000000000000000000E2
:102EF0000000000000000000486F6D696E6720460A
:102F000061696C656400FFFFFF205A3A2000207958
:102F10003A200042656420583A200050726F62697E
:102F20006E67204661696C65640A0050726F626961
:102F30006E67204661696C65640043616E6E6F74F4
:102F4000206F70656E20737562646972200052454F
:102F500053554D45204F5054494F4E533A00486504
:102F60006174696E672E2E2E000000436C69636BDE
:102F700020746F2068656174000000526573756D80
:102F8000696E672E2E2E00000050757267696E679D
:102F90002E2E2E0000004C6F6164696E672E2E2E5F
:102FA000000000496E7365727420616E6420436C8A
:102FB00069636B000000436C69636B20746F20636E
:102FC0006F6E74696E7565000000456A65637469AB
:102FD0006E672E2E2E000000506C656173652077A1
:102FE0006169742E2E2E0000005061726B696E674D
:102FF0002E2E2E000000220A00556E6B6E6F776E2B
:1030000020636F6D6D616E643A2022006F6B005714
:10301000616E68616F204439204D4B33203530306C
:103020002052656164792E005072696E74696E6712
:103030002E2E2E005072696E742050617573656477
:1030400000204500205A0020590020204D39322010
:10305000580053746570732070657220756E6974C2
:103060000000002200250028002B002E0031003433
:103070000002010000050108010B010000210024ED
:103080000027002A002D0030003300010100000459
:103090000107010A010505050507050808080802DA
:1030A0000202020A0A0808040404040101010101E1
:1030B0000101010303030303030303040707070CD0
:1030C0000C0C0C0C0C0C0C02020202060606060686
:1030D0000606060B0B0B0B0B0B0B0B010210202033
:1030E000080810204010204080020102010804025C
:1030F00001010204081020408080402010080402D2
:10310000018004020180402010080402010804022A
:103110000101020408102040800102040810204030
:10312000804572726F722077726974696E6720745D
:103130006F20454550524F4D210A0020746F6F207B
:103140006C6F6E6720657874727573696F6E20702E
:10315000726576656E7465640A0020636F6C642026
:10316000657874727573696F6E2070726576656EBE
:103170007465640A0020453A00205A3A0020593A02
:1031800000583A000FE5F1E411241FBECFEFD1E261
:10319000DEBFCDBF00E00CBF84B78093911714BE93
:1031A0000FB6F894A89580916000886180936000C4
:1031B000109260000FBE14E0A0E0B2E0ECE2F9EF84
:1031C00001E00BBF02C007900D92A03EB107D9F7F6
:1031D00027E1A0EEB4E001C01D92A139B207E1F7EA
:1031E00018E1C3ECD8E100E006C021970109802F67
:1031F000FE010E941BF9C23CD10780E00807A9F735
:103200000E9484E60C9485FC0C94000080911B07BE
:103210008F5F80931B078A3018F080EF80935A09E4
:103220000895CF93FC01808191818115904429F507
:10323000FB01C1816C2F70E090E080E00E946BF296
:1032400020E030E048EC52E40E944BFB18160CF4EE
:10325000C4E62C2F30E0AFEFB0E00E94D9F824E6AE
:1032600030E040E050E00E94B3F82F3F310519F004
:1032700010F02FEF30E020937A14CF910895109240
:103280001F0781E0809321070895FB0181818F3F13
:1032900019F0882381F008952CE330E030930D027B
:1032A00020930C0280931E0785E08093080281E042
:1032B00080932107089588EC90E090930D0280930D
:1032C0000C0210921E07F0CFFB0181818093F7065C
:1032D00081E0809321070895FB01808191819827E7
:1032E00089279827893C910510F088EC90E090930D
:1032F0000B0280930A0281E0809321070895FB016D
:10330000818191E0980F923028F48093100281E03F
:10331000809321070895FB0181818093090281E058
:10332000809321070895CF92DF92EF92FF92CF937F
:10333000DF93FB01C081D181DC27CD27DC27BE01D3
:103340000D2E000C880B990B0E946DF26B017C0115
:1033500020E030E040E251E40E9467F287FD0DC0BA
:1033600020E030E04AEF53E4C701B6010E944BFB76
:1033700018162CF4C4EFD1E002C0CAE0D0E0D0931C
:103380001202C093110281E080932107DF91CF9157
:10339000FF90EF90DF90CF900895CF93DF93C0918F
:1033A000DB07D091DC0781E0CE31D105E4F020E0ED
:1033B00030E040E05FE36091D7077091D8078091DB
:1033C000D9079091DA070E9424F90E9468FA6C1BD1
:1033D0007D0B77FF03C071956195710981E06330C2
:1033E00071050CF080E0DF91CF91089587FD26C034
:1033F000811111C08091B20A2091B30A8217F1F0B5
:10340000E22FF0E0EE54F54F828190E02F5F2F77AE
:103410002093B30A0895813089F48091300A209175
:10342000310A821759F0E22FF0E0E05DF54F82811A
:1034300090E02F5F2F772093310A08958FEF9FEF51
:103440000895CF93DF93DB01F9019C919130C1F096
:10345000943080F094509C938830D1F48081918195
:10346000009771F0019791838083480F591FEA01FB
:10347000188206C08C3539F49C5F9C93943041F4DB
:10348000DF91CF9108958B3339F781E08C93F8CF9A
:1034900020813181B9016F5F7F4F71836083420F5B
:1034A000531FEA018883808191818F3591056CF7E4
:1034B000E7CF0F931F9381E00091820D1091830D50
:1034C0002091840D3091850D40917E0D50917F0D9E
:1034D0006091800D7091810D04171507260737073D
:1034E00008F480E01F910F91089590E080E0089526
:1034F0002091BD14833021F425FD0CC024FD0CC0A7
:1035000030E0A90102C0559547958A95E2F7CA01B6
:103510008170089581E0089580E008950F931F93CE
:10352000CF93DF93EC010FE519E0F80120813181A1
:1035300042815381688179818A819B810E9424F92B
:10354000688379838A839B83F8012481358146814E
:1035500057816C817D818E819F810E9424F96C83CB
:103560007D838E839F83F801208531854285538535
:10357000688579858A859B850E9424F96887798783
:103580008A879B87DF91CF911F910F91089580913A
:10359000390684FD0BC080913B0687FD07C09091E2
:1035A0003C06937081E019F480E0089581E008956D
:1035B0002FEB280F2A3108F047C0E22FF0E080916E
:1035C000390690913A06A0913B06B0913C0604C0A2
:1035D000B695A795979587952A95D2F780FD02C055
:1035E00081700895E55BFA4FE081EE2341F180910F
:1035F000750990917609E80FF92FF11D808190ED02
:10360000980F9A3030F08E3251F4818180538A3095
:1036100098F4F0934205E093410581E008958D32DE
:1036200011F08B3249F4818190ED980F9A3088F334
:103630008E3211F48281EACFF0E0E0E0EACF10921E
:10364000420510924105E9CF80E00895B1DF88235B
:1036500041F081E02091410530914205232B09F48E
:1036600080E008950F931F93CF93DF93C82FD0E08E
:10367000FE01EE0FFF1FE95EFD4F71836083CC0FEB
:10368000DD1FCC0FDD1F8E010B5A1D4F072E000CC6
:10369000880B990B0E946DF22AE037ED43E25CE360
:1036A0000E94CCF2C95CD84F288139814A815B8164
:1036B0000E94CCF2F8016083718382839383DF914F
:1036C000CF911F910F910895FC01808191818B30E2
:1036D000904259F4FB016081718176276727762734
:1036E00080E0C0DF81E080932107089580913B074F
:1036F00081110EC020911D0230911E02215031090E
:1037000081E04091A70D5091A80D421753070CF08E
:1037100080E008958F929F92AF92BF92CF92DF92F6
:10372000EF92FF92FC01828158E5C52E52E0D52E22
:10373000C81AD10887FDD394CC0CDD1CCC0CDD1C41
:103740000D2C000CEE08FF08818178E8872E912C63
:10375000881A910887FD9394880C991C880C991CF1
:10376000092C000CAA08BB0880818F3FD1F190E0A2
:10377000FC01EE0FFF1FE80FF91FE753F24F8181A5
:10378000928133E0880F991F3A95E1F7B0E0A0E00D
:1037900044E0B595A795979587954A95D1F70296F8
:1037A0009C012F5F3F4F032E000C440B550B281933
:1037B00039094A095B09A4EBB0E00E94CFF8A701E0
:1037C0009601281939094A095B090E94B3F8C90111
:1037D000FF90EF90DF90CF90BF90AF909F908F9031
:1037E000089590E080E0DCCF91E090933E069091C8
:1037F000D10095FD0CC09091D00095FF08C080933A
:10380000D6008091D00080648093D00008952091EC
:10381000C1062F5F2F720FB607FC27C09091C2061A
:10382000921328C09091D00095FF1EC09091C206BF
:103830004091C106941306C09091D1009F7D909352
:10384000D10012C0E92FF0E0EF53F94F32819F5FB2
:103850009F723093D6009093C2063091D0003064AE
:103860003093D000491741F3D9CF9091C2069213FB
:1038700001C0FBCFE091C106F0E0EF53F94F828326
:103880002093C1068091D10080628093D100089579
:103890000F931F93CF93DF93EC01162F042F8AE52C
:1038A000A3DF85EAA1DF83E0800F9EDF812F9CDF0D
:1038B0008D2F9ADF8C2FDF91CF911F910F9194CF95
:1038C00040E355E760E070E08FEE99E10C94269BB1
:1038D00040E355E760E070E08FEE99E10C94269BA1
:1038E000FC014281442339F084819581009719F0CD
:1038F00050E00C9407FC0895CF93FB01C181C130C7
:1039000031F40E94D199811104C0C0932107CF9155
:1039100008950E94C098F9CFCF93DF93EB010E94E6
:10392000059B81110AC040E355E760E070E08FEE2F
:1039300099E1DF91CF910C94269B888199819827FA
:103940008927982720911E072F3F29F02223A9F0CD
:10395000DF91CF9108958135910514F080E590E0D5
:103960008530910514F485E090E090930D028093EA
:103970000C0281E080932107EBCF833221E0920794
:103980007CF382E291E0ECCFEAEFF6E081E2DF0146
:103990001D928A95E9F781E0809321070895CF93DE
:1039A000FB018091F706813029F050F1823019F146
:1039B000CF91089560E070E080E89FE3218122309C
:1039C00069F118F5222319F09058213089F7C0E0E9
:1039D00024E0C29FF0011124E05EF54F2081318187
:1039E000428153810E9424F94C2F0E94F6CE81E03F
:1039F00080932107DDCF6DEC7CEC8CEC9DE3DECF7A
:103A000060E070E080E291E4D9CF243021F028F02A
:103A10009058253069F6C2E0DBCF9058C1E0D8CF8E
:103A2000CF93DF93EC01FB016081718176276727DB
:103A30007627072E000C880B990B0E946DF220E070
:103A400030E040E251E40E9400FA288139812132BD
:103A5000F0E23F0749F0223240E2340771F02032B1
:103A6000304241F440E001C041E00E94F6CE81E0E6
:103A700080932107DF91CF91089542E0F6CF8F9296
:103A80009F92AF92BF92CF92DF92EF92FF92CF932D
:103A9000DF9380915D098770873091F040E355E7AF
:103AA00060E070E085E299E1DF91CF91FF90EF90C7
:103AB000DF90CF90BF90AF909F908F900C94269BFB
:103AC000EB010E94059B811107C040E355E760E0D0
:103AD00070E08FEE99E1E8CF8981833009F454C01A
:103AE000B8F4813009F466C0C12CD12C60EFE62E09
:103AF00061E4F62E823009F45AC0DF91CF91FF9035
:103B0000EF90DF90CF90BF90AF909F908F900895EF
:103B1000843009F446C0C12CD12C9BEEE92E93E4ED
:103B2000F92E812C912C20EFA22E21E4B22E85308B
:103B300021F720E030E040E850E46091280A7091DD
:103B4000290A80912A0A90912B0A0E9424F942E0C6
:103B50000E94F6CE40E0C501B4010E94F6CE41E0DD
:103B6000C701B6010E94F6CE42E060E070E0CB01F2
:103B7000DF91CF91FF90EF90DF90CF90BF90AF900B
:103B80009F908F900C94F6CEC12CD12C40EFE42E58
:103B900041E4F42E812C912C5BEEA52E53E4B52E3E
:103BA000C8CFC12CD12C3BEEE32E33E4F32E4601DB
:103BB0005701BFCFC12CD12C8AE7E82E83E4F82E21
:103BC000F6CFCF93DF93EB010E94059B81110AC0D2
:103BD00040E355E760E070E08FEE99E1DF91CF912F
:103BE0000C94269B809110028F5F8230E0F420E0DD
:103BF00030E04AE253E46091A30D7091A40D8091EE
:103C0000A50D9091A60D0E9467F287FF07C040E3C3
:103C100055E760E070E085E399E1E0CF8981882392
:103C200029F0813039F1DF91CF91089560910A0236
:103C300070910B0290E080E00E946BF29B01AC015E
:103C400060912C0A70912D0A80912E0A90912F0A72
:103C50000E9423F960932C0A70932D0A80932E0AF8
:103C600090932F0A60E070E080E090E4DF91CF91C4
:103C70000C94289160910A0270910B0290E080E010
:103C80000E946BF220912C0A30912D0A40912E0A4D
:103C900050912F0A0E9424F9DDCFCF93DF93EB01DF
:103CA0000E94059B811103C0DF91CF9111CE8981C4
:103CB00090910902923029F09330C1F0DF91CF91B9
:103CC0000895882371F06DEC7CEC8CEC9DEB0E94E8
:103CD00098CF0E9499D10E94179B81E08093210781
:103CE000EDCF6DEC7CEC8CEC9DE3F1CF882329F0DB
:103CF0006AE077ED83E29CEBEACF6AE077ED83E25E
:103D00009CE3E5CFCF93DF93EB010E94059B8111EC
:103D100003C0DF91CF91D4CD688179817627672761
:103D20007627072E000C880B990B0E946DF220E07D
:103D300030E048EC52E40E9400FA20911D0E3091D0
:103D40001E0E40911F0E5091200E0E9423F90E94DA
:103D500098CF0E9499D10E94179B81E08093210700
:103D6000DF91CF910895FB018181882319F0813083
:103D700079F008956AE077ED83E29CE30E9498CFA2
:103D80000E9499D10E94179B81E08093210708959A
:103D90006AE077ED83E29CEBF1CFFB0160817181FA
:103DA000762767277627072E000C880B990B0E9431
:103DB0006DF220E030E048EC52E40E9400FA2091DD
:103DC0001D0E30911E0E40911F0E5091200E0E942C
:103DD00023F90E9498CF0E9499D10E94179B81E0FD
:103DE000809321070895FB018181813031F0823079
:103DF00039F081E08093210708950E947082F9CF05
:103E00000E944882F6CFCF93FB01C181C13051F4AB
:103E10000E94B799811108C00E94D199811104C0F4
:103E2000C0932107CF910895CF910C94C098CF9360
:103E3000FB01C181C13031F40E94B799811104C0E6
:103E4000C0932107CF91089546EF58E16DEF78E1D7
:103E500084E00E941ACB84E390E30E9490C782EF33
:103E600098E19093180980931709ECCF80910E0286
:103E700090910F0297FF08C040E355E760E070E0C3
:103E800081EE98E10C94269B0E9426DC882381F029
:103E90008091860D85FD0CC00E94059B811101C09B
:103EA0000FCD87E799E00E94F1D283E080935A0911
:103EB0000895CF93DF93FB0181818130D1F040F0F1
:103EC000823019F181E080932107DF91CF9108952D
:103ED0008091860D86FDF9CF10921D0710921C0768
:103EE0008FEF9FEF90930F0280930E020E9465D296
:103EF000E9CF80911C0790911D07009731F301973E
:103F000090931D0780931C07DDCFC0911C07D091B3
:103F10001D0726960E94D8DB8C179D07B0F2809172
:103F20001C0790911D070196EBCF1F93CF93DF9352
:103F3000EC01FB011181888199818130904289F4E3
:103F40008091860D84FD0BC040E355E760E070E092
:103F500087EB98E1DF91CF911F910C94269B0E94F3
:103F60004ED2888199818230904279F40E94B7992B
:103F7000882339F040E355E760E070E08EE998E18E
:103F8000E9CF0E94D1998111F5CF88819981833041
:103F9000904231F010935A09DF91CF911F9108950B
:103FA0000E94B7998111F6CF0E94D1998111F2CF69
:103FB00040E355E760E070E087E898E1CBCFFC0193
:103FC00001900020E9F79F0121503109281B390B8E
:103FD0002F33310540F4FC01E20FF31F60832E33D1
:103FE000310509F011820895CF93DF93EC0140E48D
:103FF00050E00E9461F1CE01DF91CF910895AB01B5
:10400000BC014093820D5093830D6093840D709397
:10401000850D8DED96E10C94E9D6EF92FF920F930A
:104020001F93CF93DF93CDB7DEB764970FB6F894A5
:10403000DEBF0FBECDBF7C01FB016081718182813B
:1040400093818E010F5F1F4F248141E00E9493ED09
:10405000F70101900020E9F79F01215031092E1945
:104060003F092E31310550F44FE150E0421B530B14
:10407000BC01C701820F931F0E94B0F1C701649673
:104080000FB6F894DEBF0FBECDBFDF91CF911F9169
:104090000F91FF90EF900895CF93DF93EC01FC0117
:1040A00001900020E9F7CF0101978C1B9D0B8F3306
:1040B000910540F440E450E0481B590B8C0F9D1FC4
:1040C0000E94B0F1CE01DF91CF910895EF92FF925F
:1040D0000F931F93CF93DF93CDB7DEB764970FB6DF
:1040E000F894DEBF0FBECDBF7C01FB016081718102
:1040F000828193818E010F5F1F4F248141E00E94D6
:1041000093EDBC01C701C8DF64960FB6F894DEBF1B
:104110000FBECDBFDF91CF911F910F91FF90EF9018
:1041200008950C94C6C58091410590914205009771
:1041300031F04AE050E070E060E00C9433F060E071
:1041400070E0CB0108958091410590914205009760
:1041500031F04AE050E070E060E00C9406EF60E07F
:1041600070E0CB010895EFDF97FD0AC0ECDF6F3FF1
:1041700071058105910509F02CF4E5DF862F08957E
:1041800080E008958FEF0895CF93C62F5FDA8823DC
:1041900011F0CF91E8CF8C2FCF91089580914105F8
:1041A00090914205892B39F0DEDF91E0811101C049
:1041B00090E0892F089591E0FCCFCF93DF93C82F33
:1041C000D62F44DA882319F0DF91CF91E7CF8C2FD7
:1041D000EFD9811101C08D2FDF91CF910895B3DF09
:1041E000CB010895CF93DF93EB0130DA882319F0E8
:1041F000DF91CF91F4CFCE01DF91CF9108950F934E
:104200001F93CF938091410590914205009709F14A
:10421000FC018F01C1912C2F2F7DA1F0C53431F00D
:10422000C53621F0C83511F0C83799F7F80110826A
:1042300070E060E00E94B0EDF801C083CF911F9163
:104240000F91089570E060E0CF911F910F910C9451
:10425000B0ED60E070E0CB01F1CFCF92DF92EF9252
:10426000FF926A017B01F2D9882329F0FF90EF9039
:10427000DF90CF90C4CFC701B601FF90EF90DF90E1
:10428000CF900895EF92FF920F931F93CF93DF93F8
:10429000CDB7DEB72C970FB6F894DEBF0FBECDBFFB
:1042A0007C017F936F9389EC94E09F938F938E01B1
:1042B0000F5F1F4F1F930F930E9455FCB801C7015A
:1042C000EBDE0F900F900F900F900F900F902C96A9
:1042D0000FB6F894DEBF0FBECDBFDF91CF911F9117
:1042E0000F91FF90EF900895EF92FF920F931F931D
:1042F000CF93DF93CDB7DEB7A4970FB6F894DEBFA8
:104300000FBECDBFF82E8093CF098FE18F1508F433
:1043100089C08091CE09F81624F081E08F0D80933A
:10432000CE0981E090E00F2C02C0880F991F0A94FB
:10433000E2F7092E000CAA0BBB0B4091D00950915B
:10434000D1096091D2097091D30984239523A623C2
:10435000B72321E0892B8A2B8B2B09F420E02093B3
:10436000CD09F7FC62C04FE150E06BE475E08E01CF
:104370000F5F1F4FC8010E9461F1F80101900020FA
:10438000E9F7CF010197801B910B8E31910560F405
:1043900020E2F801E80FF91F20838D31910521F00B
:1043A0008C0F9D1FFC0112828F2D0F2C000C990B7E
:1043B0009F93FF9289EC94E09F938F937E01F0E2AC
:1043C000EF0EF11CFF92EF920E9455FCF801019054
:1043D0000020E9F7CF010197801B910B0F900F9000
:1043E0000F900F900F900F908E31910548F44FE190
:1043F00050E0481B590BB701800F911F0E94B0F18C
:1044000040E060E0C8010E94E898A4960FB6F894D6
:10441000DEBF0FBECDBFDF91CF911F910F91FF90F7
:10442000EF9008951092CD099CCF0E9494CAEDCFD1
:10443000CF92DF92EF92FF92CF936B017C01C42F5A
:104440008091BE148F5F09F4CEC08093BE1480911A
:10445000BE148093781520E030E040E752E460918C
:1044600013027091140280911502909116020E941D
:10447000CCF20E946DFA7093D0146093CF148091A7
:104480001102909112029093D2148093D1148091D2
:104490001702909118029093D4148093D314C09271
:1044A000D514D092D614E092D714F092D8148091FB
:1044B0007715C0FB80F98093771587E0EDECF9E084
:1044C000A9EDB4E101900D928A95E1F78CE0EAE064
:1044D000F9E0A0EEB4E101900D928A95E1F78CE04D
:1044E000EFE5F9E0ACEEB4E101900D928A95E1F7C9
:1044F000809159079091771580FB94F990937715E7
:10450000882381F08091550790915607A091570715
:10451000B09158078093F8149093F914A093FA146B
:10452000B093FB148091A70D9091A80D9093FD146A
:104530008093FC148091DB079091DC079093FF142B
:104540008093FE1480917A148093001580917715E2
:1045500090918D0990FB83F98093771580918E0956
:1045600090918F09A0919009B091910980930115C4
:1045700090930215A0930315B09304150E94CC9656
:1045800060937215709373158093741590937515DD
:104590008091BD14809376159091D4098091771500
:1045A00093FB81F990913B0790FB82F980937715FB
:1045B00080E00E94E0DF40E050E0BA018EE795E144
:1045C0000E94E9D64BEB50E06EEB74E18EE795E18B
:1045D0000E940BD88EE795E1CF91FF90EF90DF908E
:1045E000CF900C94D97D81E030CF0E942DC60E94DF
:1045F000FCC51092C0070895AF92BF92CF92DF9290
:10460000EF92FF920F931F93CF935C016B018A018E
:1046100087519B4F7C01DC01CC91C7FF3DC0FB0162
:1046200011821082CF5FD701CC93CC300CF053C0F5
:104630008CE08A9DF0018B9DF00D1124CF018C0F31
:10464000911DC7FD9A952091110E2817190609F0A2
:104650000CF441C0F60120813181FC01EE0FFF1FF7
:10466000E80FF91FE753F24F81819281820F931F68
:10467000D80111969C938E93808187FF3DC061E0A5
:104680008F77CF911F910F91FF90EF90DF90CF9098
:10469000BF90AF900C94F4CF8CE08A9DF0018B9D7D
:1046A000F00D1124CF018C0F911DC7FD9A9520911B
:1046B000110E2817190609F00CF4B4CFFC01EE0F07
:1046C000FF1FE80FF91FE753F24F808160E08F77FB
:1046D0000E94F4CFA7CFF6018081918104968034A7
:1046E000FCE99F0710F480E49CE9D80111969C93A3
:1046F0008E938FEFF7018083CF911F910F91FF90E1
:10470000EF90DF90CF90BF90AF900895AF92BF929F
:10471000CF92DF92EF920F931F93CF935B01C42F41
:10472000122F62E8B5D8C5010E9475F16C018C2F7B
:1047300090E0C816D90620F5C114D10431F1CC1986
:10474000112379F0011110C010E000E00C151D05D7
:10475000E1F0F501E00FF11F849146D80F5F1F4F84
:10476000F5CF10E0011107C08C199D09969587952A
:104770001C2F181BC82FC15030F080E235D8FBCF5A
:104780006C01C0E0E1CFC12FDFCF10E2E11001C02A
:1047900010E0C15018F0812F27D8FBCFCF911F9187
:1047A0000F91EF90DF90CF90BF90AF900895AF92B0
:1047B000BF92CF92DF92EF920F931F93CF935B0143
:1047C000C42F122F62E864D8F50101900020E9F7A8
:1047D00031976F01CA18DB088C2F90E0C816D906F4
:1047E00018F5C114D10429F1CC19112369F0011174
:1047F0000EC0CA0CDB1CCA14DB04D9F0F501819190
:104800005F010E94F41BF7CF10E0011107C08C1963
:104810009D09969587951C2F181BC82FC15038F0FD
:1048200080E20E94F41BFACF6C01C0E0E2CFC12FFE
:10483000E0CF10E2E11001C010E0C15020F0812F64
:104840000E94F41BFACFCF911F910F91EF90DF9050
:10485000CF90BF90AF900895FF920F931F93CF9387
:10486000DF93F62E072F142F62E812D8CF2DD02F0A
:10487000115020F089910E94F41BFACFDF91CF9163
:104880001F910F91FF90089525E934E1F9014591B9
:1048900054914115510571F04817590741F4CB0166
:1048A0004AE050E0B9010E943BF181E00895265FA3
:1048B0003F4F61F780E00895CF93DF931F921F92DF
:1048C000CDB7DEB7853608F084E6682F70E090E05B
:1048D00080E00E946DF220E030E04FE753E40E9458
:1048E000CCF220E030E048EC52E40E9400FA20E0F4
:1048F00030E0A9010E9424F90E9457FB6093EC0369
:104900001A821982698342E0BE016F5F7F4F81EA9C
:1049100090E0A2DF0F900F90DF91CF910895FB01FF
:104920008181CADF0C94179BCF93DF931F921F9254
:10493000CDB7DEB7853608F084E680931F02682F76
:1049400070E090E080E00E946BF220E030E04EEBFF
:1049500052E40E94CCF220E030E048EC52E40E94A5
:1049600000FA20E030E040EA50E40E9424F90E947E
:1049700057FB69836A8342E0BE016F5F7F4F82E825
:1049800090E06ADF0F900F90DF91CF910895FB01C7
:104990008181CADF0C94179B6091EC0370E090E07A
:1049A00080E00E946BF220E030E048EC52E40E948C
:1049B000CCF220E030E04FE753E40E9400FA20E020
:1049C00030E0A9010E9424F90E9457FB862F089528
:1049D0008091F906882321F08091F806811109C0A1
:1049E00041E063E88FE090E00E94481C81E00C9475
:1049F000F41B0895CF93DF93C091DB07D091DC07C0
:104A0000209729F16091D7077091D8078091D90735
:104A10009091DA070E9468FA6E5F7F4F24976C17B7
:104A20007D07ACF47093C3076093C2070E941AD14C
:104A3000605679478E4F9F4F6093C4077093C507A8
:104A40008093C6079093C707DF91CF910895109286
:104A5000C4071092C5071092C6071092C707F4CF7B
:104A60002F923F924F925F926F927F928F929F927E
:104A7000AF92BF92CF92DF92EF92FF920F931F936C
:104A8000CF93DF93D62FC72FFC0180809180A28027
:104A9000B380C501B40120E831E541E050E00E9457
:104AA00091F8C9016DE671E00E94F4F86B017C0198
:104AB000C501B40120E13EE040E050E00E9491F8E1
:104AC000CA01B90128E130E040E050E00E9491F8CD
:104AD000362E272E062F172F8CE3482E512C612CB3
:104AE000712CC501B401A30192010E9491F8B62E68
:104AF000A72ECA01B901A30192010E9491F8CB012E
:104B0000C114D10479F1AF92BF927F936F932F922A
:104B10003F92FF92EF92DF92CF928FE991E19F93C4
:104B20008F93CF93DF930E9400F28DB79EB70E96BE
:104B30000FB6F8949EBF0FBE8DBF8D2F9C2FDF91B7
:104B4000CF911F910F91FF90EF90DF90CF90BF908A
:104B5000AF909F908F907F906F905F904F903F901D
:104B60002F900895E114F104C9F0AF92BF927F93A2
:104B70006F932F923F92FF92EF928FE891E19F9374
:104B80008F93CF93DF930E9400F2EDB7FEB73C9670
:104B90000FB6F894FEBF0FBEEDBFCFCF012BB9F01B
:104BA000AF92BF927F936F932F923F9283E891E1F0
:104BB0009F938F93CF93DF930E9400F28DB79EB7A0
:104BC0000A960FB6F8949EBF0FBE8DBFB6CF892B45
:104BD000A9F0AF92BF927F936F938BE791E19F9380
:104BE0008F93CF93DF930E9400F2EDB7FEB7389614
:104BF0000FB6F894FEBF0FBEEDBF9FCFAF92BF922E
:104C000087E791E19F938F93CF93DF930E9400F208
:104C10000F900F900F900F900F900F908ECF8F925C
:104C20009F92AF92BF92CF92DF92EF92FF920F933B
:104C30001F93CF93DF9310926605109265052FE3C3
:104C400020936A0510926905109268051092670515
:104C50001092390610923A0610923B0610923C06CA
:104C60009C01F90190812F5F3F4F9032D1F39E3428
:104C7000C9F4818190ED980F9A3020F08D3211F0B7
:104C80008B3281F432969F012F5F3F4F808180539A
:104C90008A3008F44CC09F012F5F3F4F80818032E3
:104CA00009F447C0F0937609E09375098F010F5F0F
:104CB0001F4FC0816AE270E0C8010E942AFC009781
:104CC00031F0FC01319780818032E1F31182CD34E3
:104CD00021F0C43511F0C734E9F4D8018C910F5F8D
:104CE0001F4F8032D1F380538A30A0F4C0936A05FD
:104CF00030E020E06AE0FD0131968C9180532A3942
:104D000099E13907D0F030936905209368058FE366
:104D100080936A05DF91CF911F910F91FF90EF90E3
:104D2000DF90CF90BF90AF909F908F900895F90142
:104D3000AACFF901B0CFDF01DECF293999E13907D8
:104D400011F4863000F7629FA001639F500D11247B
:104D50009A01280F311D808190ED980F9A3058F3F9
:104D600030936905209368058E3261F4129690E0C5
:104D70004AE0FD011196808150ED580F5A30C0F085
:104D800090936705DF0131968C918032D9F3CD3451
:104D9000F9F42E31310539F088F42731310519F055
:104DA0002C313105A9F4B0936605A0936505B2CF07
:104DB000949F800D112490ED980FDBCF253731059E
:104DC00038F02737310578F3203AE3E03E0759F30E
:104DD000D091750940E050E0BA0110E000E0C12C2C
:104DE000D12C7601C394FD0131968C91882309F46E
:104DF0007FC08132E1F4CD34D1F420323105B9F4F1
:104E00004093390650933A0660933B0670933C06F4
:104E1000F0936605E093650563E270E0CF010E94C0
:104E20002AFC009709F476CFFC01108273CF8154DD
:104E30008A3108F058C0DF019D91903291F0A0EDC9
:104E4000A90FAA30E8F09E3271F4918190539A3004
:104E5000B8F00115110519F48F010150110990E006
:104E600013C0FD01E8CF9D3211F09B3291F7918183
:104E7000A0EDA90FAA3020F09E3259F79281E6CF1B
:104E80009E2F9D1B309759F3A82FB0E04601570184
:104E900004C0880C991CAA1CBB1C8A95D2F748290F
:104EA00059296A297B29A55BBA4F9C93808181543B
:104EB000DF018A3108F497CFDF018191882309F45B
:104EC00092CF90ED980F9A30B8F393ED980F9230FF
:104ED00098F38B3289F3CD010196EC91E03209F021
:104EE00082CFDC01F8CF0115110501F78D01DECF6E
:104EF00010936605009365054093390650933A0672
:104F000060933B0670933C0605CFCF93DF93EC0193
:104F10008991882319F00E94C6C5FACF8DE00E94BE
:104F2000C6C58AE0DF91CF910C94C6C50C940FC71B
:104F300090915E09992321F0682F80E00E94F094FF
:104F400080E00895682F70E090E080E00C9477C7CF
:104F50001F93CF93DF931BEBCEEBD4E1FE01812FA8
:104F600011928A95E9F70E943AD2882359F0FE01FE
:104F700011921A95E9F786E994E0DF91CF911F919C
:104F80000C9405E0DF91CF911F9108958091BE149C
:104F9000882361F090917815891308C08091860D5F
:104FA00084FF04C085E095E10C94F2DD80E0089573
:104FB000FC01238121110C94D97D0895CF93DF93B7
:104FC000C091A70DD091A80D209729F16091A30D54
:104FD0007091A40D8091A50D9091A60D0E9468FA84
:104FE0006E5F7F4F26976C177D07ACF47093E807D0
:104FF0006093E7070E941AD160547B428E4F9F4F07
:105000006093E9077093EA078093EB079093EC07AE
:10501000DF91CF9108951092E9071092EA0710925C
:10502000EB071092EC07F4CFCF93DF93EC0189915B
:10503000882319F00E94C6C5FACFDF91CF91089559
:10504000682F70E090E080E00C940FC7CF93C1E030
:1050500020E030E0A90160914407709145078091FC
:105060004607909147070E9467F2811101C0C0E096
:105070008C2FCF910895CF93C82F882319F0E6DFA6
:105080008823C9F080918D098C17A9F00E94918422
:1050900080E29AE00E948E8680918D0991E08927B6
:1050A00080938D09882321F080E29AE00E946E832C
:1050B000CF910C940A93CF9108950E94059B811182
:1050C00002C00C94601C80E0D6DF0E94179B81E038
:1050D0008093210708954F925F926F927F928F92F3
:1050E0009F92AF92BF92CF92DF92EF92FF920F9377
:1050F0001F93CF93DF93EC0120913C0730913D0744
:1051000040913E0750913F07688179818A819B8158
:105110000E9423F96B017C012091400730914107E7
:1051200040914207509143076C817D818E819F8120
:105130000E9423F94B015C01A701960160912905AA
:1051400070912A0580912B0590912C050E9467F2A1
:10515000882309F45AC0C0922905D0922A05E0920A
:105160002B05F0922C0520912105309122054091CC
:10517000230550912405C701B6010E94CCF22B01F2
:105180003C010E9499FA6B017C0120E030E0A9010A
:105190000E9467F287FD7AC020E030E040E850E4EA
:1051A000C701B6010E944BFB181634F4C12CD12C58
:1051B000C0E8EC2EC0E4FC2EA7019601C301B201A9
:1051C0000E9423F92B013C0120E030E0A9010E945C
:1051D00067F287FD5FC04092190550921A056092F0
:1051E0001B0570921C05C701B6010E9468FA609306
:1051F0001705062E000C770B6F5F7F4F643071052B
:1052000014F064E070E060931505D09113051091DF
:105210001705A501940160912D0570912E058091CF
:105220002F05909130050E9467F281113CC0D11387
:1052300094C02091FB043091FC044091FD045091F6
:10524000FE046091190570911A0580911B059091DB
:105250001C050E94CCF22091FF0430910005409182
:105260000105509102050E9424F9DF91CF911F9111
:105270000F91FF90EF90DF90CF90BF90AF909F90F5
:105280008F907F906F905F904F900895C12CD12C9C
:10529000760192CF1092190510921A0510921B05F3
:1052A00010921C05A0CF80922D0590922E05A09201
:1052B0002F05B092300520912505309126054091AB
:1052C000270550912805C501B4010E94CCF24B017D
:1052D0005C010E9499FA6B017C0120E030E0A90199
:1052E0000E9467F287FDFDC020E030E040E850E416
:1052F000C701B6010E944BFB181634F4C12CD12C07
:10530000B0E8EB2EB0E4FB2EA7019601C501B40175
:105310000E9423F94B015C0120E030E0A9010E94CA
:1053200067F287FDE2C080921D0590921E05A09253
:105330001F05B0922005C701B6010E9468FA60936C
:105340001805062E000C770B6F5F7F4F64307105D8
:1053500014F064E070E060931605C0911805D11355
:1053600005C0809114058C1709F470C08091170551
:105370009091180590931405809313050C2E000C42
:10538000DD0B25E01203C0011124FC01EC0FFD1F11
:10539000EE0FFF1FEE0FFF1FE65AF84F20813181FD
:1053A0004281538120930F053093100540931105DE
:1053B0005093120500911605002E000C110BFC01F4
:1053C000E00FF11FEE0FFF1FEE0FFF1FE65AF84F21
:1053D00060817181828193810E9423F960930B0522
:1053E00070930C0580930D0590930E052091150583
:1053F00035E02303F0011124CE0FDF1FCC0FDD1F9A
:10540000CC0FDD1FC65AD84F288139814A815B8174
:1054100020930705309308054093090550930A052A
:10542000E00FF11FEE0FFF1FEE0FFF1FE65AF84FC0
:1054300060817181828193810E9423F960930305C9
:1054400070930405809305059093060580901D05D3
:1054500090901E05A0901F05B090200520910B058F
:1054600030910C0540910D0550910E05C501B40118
:105470000E94CCF220910F0530911005409111054A
:10548000509112050E9424F96B017C01C092FF0427
:10549000D0920005E0920105F092020520910305EB
:1054A000309104054091050550910605C501B401F0
:1054B0000E94CCF220910705309108054091090522
:1054C00050910A050E9424F9A70196010E9423F930
:1054D0006093FB047093FC048093FD049093FE049E
:1054E000A8CEC12CD12C76010FCF10921D051092A1
:1054F0001E0510921F05109220051DCFE9E2F5E070
:1055000080EF9FEFA9E7B4EC84839583A683B783EC
:1055100080839183A283B383E3E1F5E08DE9818306
:10552000808308958F929F92AF92BF92CF92DF9225
:10553000EF92FF92FC0198E0A4E4B7E001900D9295
:105540009A95E1F788E0FB01ACE3B7E001900D929A
:105550008A95E1F7C0904407D0904507E090460750
:10556000F090470720E030E0A901C701B6010E9492
:1055700067F28823E1F1A701960160E070E080E81E
:105580009FE30E9400FA6B017C0180904807909095
:105590004907A0904A07B0904B0720E030E0A901EE
:1055A000C501B4010E9467F2882329F1A501940185
:1055B00060E070E080E89FE30E9400FAC09221055D
:1055C000D0922205E0922305F092240560932505F0
:1055D000709326058093270590932805FF90EF9000
:1055E000DF90CF90BF90AF909F908F900895C12C87
:1055F000D12C7601CACF60E070E0CB01DFCF8F9273
:105600009F92AF92BF92EF92FF920F931F93CF930F
:10561000DF931092400710924107109242071092B8
:10562000430710923C0710923D0710923E071092DC
:105630003F07109248071092490710924A071092AC
:105640004B0710924407109245071092460710929C
:1056500047070AE517E0C0E0812C912C80ECA82ECA
:105660008FE7B82E7801D0E0F70181929192A19254
:10567000B1927F016D2F8C2F0E94BAA0DF5FD530D1
:1056800099F7CF5F0C5E1F4FC53061F7DF91CF9167
:105690001F910F91FF90EF90BF90AF909F908F90D0
:1056A0000895EFE6F0E08081826080830895809124
:1056B0006F0990917009892B79F480916F0990910D
:1056C0007009892B49F420916F093091700981E0AC
:1056D000232B19F480E0089581E00895CF93DF93A0
:1056E000EC01FE0184912196882319F00E949120FB
:1056F000F8CFDF91CF910895CF93DF93EB01EEDFE9
:10570000CE01DF91CF9190CCCF92DF92EF92FF92BA
:105710006A017B01E3DF42E0C701B601FF90EF9031
:10572000DF90CF900C94A3C78BE295E0D7CF85E2B2
:1057300095E0D4CF8AE00C949120CF93DF936BE473
:1057400071E10E94EAC9C091210ED091220E4881D8
:1057500059816A817B8182E491E1D6DF4C815D8150
:105760006E817F8187E490E3CFDF40911D0E5091E1
:105770001E0E60911F0E7091200E84E490E3C4DF32
:105780008FE391E1ABDF88E69FE1A8DFDF91CF9166
:10579000D1CF0F931F93CF938C01C62F89E09EE04A
:1057A0009DDFC8019BDF8AE30E94C6C580E38C0FA2
:1057B0000E949120CF911F910F91BCCFCF9385E094
:1057C00090E18CDFB7DFE0915A0282E6E89FF001BA
:1057D0001124E354FD4FC08160E085EF9FE0D9DFE5
:1057E00060E080EE9FE0D5DF61E089ED9FE0D1DFF2
:1057F00061E08EEC9FE0CDDF60E08FEB9FE0C9DFE2
:1058000061E08FEA9FE0C5DF60E086EA9FE0C1DFEC
:1058100061E08CE99FE0BDDF61E082E99FE0B9DFF4
:1058200061E08BE89FE0B5DF61E083E89FE0B1DFF6
:1058300061E085E79FE0ADDF60E087E69FE0A9DFFC
:1058400060E088E59FE0A5DF60E08AE49FE0A1DFFB
:1058500060E084E39FE09DDF60E083E29FE099DF0A
:1058600061E08EE09FE095DF61E08FEF9EE091DFE9
:1058700061E088EF9EE08DDF60E08BEE9EE089DFE7
:1058800060E084EE9EE085DF61E08BED9EE081DFED
:1058900060E086EC9EE07DDF60E088EB9EE079DFF3
:1058A00060E08EEA9EE075DF60E087E99EE071DFF0
:1058B00060E08AE89EE06DDF61E087E79EE069DFF7
:1058C00060E08AE69EE065DF61E085E69EE061DFFC
:1058D00061E088E59EE05DDF60E08CE49EE059DFFA
:1058E00060E088E39EE055DF60E085E29EE051DF06
:1058F000C7FD1AC060E080917A1590917B15CC238A
:1059000039F0C13089F461E080917C1590917D156A
:105910000E94751A682F61708CE19EE03ADF60E0AA
:105920008EE09EE0CF9135CF80E0F4CFCF92DF9232
:10593000EF92FF926A017B01D1DEC701B6010E949E
:1059400077C7FF90EF90DF90CF90F4CE0F931F9327
:10595000CF93883038F5082F082E000C110BC0911A
:10596000791591E001C0990F8A95EAF7909379151E
:105970000E9494C787E6809FF001819FF00D11245B
:10598000E559FA4F40815181628173814F5F5F4FCA
:105990006F4F7F4F8EE691E1C9DF8AE691E19EDE8F
:1059A000C0937915CF911F910F910895EF92FF92B7
:1059B0000F931F93CF93DF937C01C62F062F062EE4
:1059C000000C110B80E0683028F481E001C0880FE2
:1059D0006A95EAF7D091791580937915A5DE87E667
:1059E000809FF001819FF00D1124E559FA4F40810D
:1059F000518162817381C70199DF8C2F0E94F61952
:105A00000196D9F78C2FA2DF87E6809FF001819F56
:105A1000F00D1124E559FA4F15821482D0937915AF
:105A2000DF91CF911F910F91FF90EF9008950F9309
:105A30001F93CF93811111C0C42F8B0178DE84E2B4
:105A40009CE04CDEC8014ADECC2339F08AE30E9498
:105A50009120CF911F910F916DCECF911F910F91FA
:105A60000895CF93C82F41E062EF79E0E0DFC111E4
:105A700001C05DDE40914D0750914E0760914F0788
:105A80007091500789EE99E03FDE409151075091A7
:105A90005207609153077091540786EE99E034DE07
:105AA00083EE99E01BDE88E69FE118DECF9142CEBF
:105AB000CF93C82F41E069EC78E0B9DFC11101C094
:105AC00036DE4091BB0D5091BC0D6091BD0D7091C3
:105AD000BE0D80EC98E018DE21E732EB47E25EE392
:105AE0006091BF0D7091C00D8091C10D9091C20D5C
:105AF0000E9400FAAB01BC018DEB98E005DE21E7C6
:105B000032EB47E25EE36091C30D7091C40D80916A
:105B1000C50D9091C60D0E94CCF2AB01BC018AEB81
:105B200098E0F2DDCF9106CECF92DF92EF92FF9216
:105B30006A017B01D3DD42E0C701B6010E94A3C721
:105B4000FF90EF90DF90CF90F5CDCF93DF936DEF87
:105B50007DE00E94EAC9CAE0D9E0488159816A81A2
:105B60007B8184EF9DE0D0DD4C815D816E817F8102
:105B700087E490E3C9DD488559856A857B8584E49F
:105B800090E3DF91CF91D0CFCF93DF9361E478E0C2
:105B90000E94EAC96091E5097091E6098091E709E0
:105BA0009091E8090E946BF2AB01BC0188E398E098
:105BB000ABDD4091150A5091160A6091170A709159
:105BC000180A85E398E0A0DD4091190A50911A0A5D
:105BD00060911B0A70911C0A82E398E095DDC7E989
:105BE000D9E0488159816A817B8181E29CE08CDD2A
:105BF0004C815D816E817F8187E490E385DD4885FE
:105C000059856A857B8584E490E37EDD4C855D85DE
:105C10006E857F8581E490E3DF91CF9185CFCF932F
:105C2000DF9368EE77E00E94EAC9C5EDD9E04CA9A0
:105C30005DA96EA97FA98FED97E066DD48AD59ADEE
:105C40006AAD7BAD8CED97E05FDD4CAD5DAD6EADCB
:105C50007FAD82E398E0DF91CF9166CFCF93DF9362
:105C600064EC77E00E94EAC9C5EDD9E04CA15DA1E2
:105C70006EA17FA18BEB97E047DD48A559A56AA5EA
:105C80007BA587E490E340DD4CA55DA56EA57FA5CF
:105C900084E490E339DD48A959A96AA97BA981E484
:105CA00090E332DDDF91CF9145CDCF93DF936FE964
:105CB00077E00E94EAC9C5EDD9E0688179818A81DF
:105CC0009B810E946BF2AB01BC0186E997E01CDD71
:105CD0006C817D818E819F810E946BF2AB01BC0142
:105CE00087E490E311DD688579858A859B850E942C
:105CF0006BF2AB01BC0184E490E306DD6C857D852D
:105D00008E859F850E946BF2AB01BC0181E490E31C
:105D1000FBDCDF91CF910ECDCF93811110C007DD59
:105D200084E29CE0DBDC84E897E0D8DC80915907D2
:105D3000811103C087E797E0D1DCFCDCF8DCC0917F
:105D400059078EE697E0CADC8C2FFCD840915507A6
:105D50005091560760915707709158078BE697E06E
:105D6000CF91E2CECF93DF93EB01B8DCCE01B6DC6E
:105D7000DF91CF91DFCCCF9364E17AE00E94EAC952
:105D8000C0914C07C05D8BE09AE0A8DC8C2F0E948C
:105D9000C6C580914C0766E97FE1882311F06AE966
:105DA0007FE187E09AE0CF91DDCF0F931F93CF93F0
:105DB000DF938C01D62FC09179158FEF80937915E1
:105DC00085E595E08BDCC80189DCD111B3DCC0939B
:105DD0007915DF91CF911F910F9108950F931F9324
:105DE000CF93DF938C01D62FC09179158FEF8093DD
:105DF000791560E08BE795E0D8DFC8016FDCD11141
:105E000099DCC0937915DF91CF911F910F9108957F
:105E1000EF92FF921F93CF93DF937C0160E082E9C2
:105E200095E0DCDFC9E7D5E118818FEF888380E258
:105E30000E949120C70152DC7DDC1883DF91CF9155
:105E40001F91FF90EF90089561E08DE895E0C6CF37
:105E500061E089E895E0C2CF0F931F93CF93DF9362
:105E6000D82F8B01C42FF4DFD093710960E083E851
:105E700095E0B4DFD09179158FEF8093791580E2AA
:105E80000E949120C8012ADCCC2319F08C2F0E949B
:105E9000912050DCD0937915DF91CF911F910F9114
:105EA000089540E0BC0182E0D7DF8CEA9AE0B0DFE1
:105EB000CBCFEF92FF921F93CF93DF937C01C9E783
:105EC000D5E118818FEF888360E08DE695E06DDF86
:105ED000C70104DC2FDC1883DF91CF911F91FF9065
:105EE000EF9008952F923F924F925F926F927F9220
:105EF0008F929F92AF92BF92CF92DF92EF92FF92DA
:105F00000F931F93CF93DF93CDB7DEB7C854D1095A
:105F10000FB6F894DEBF0FBECDBF70E060E085E441
:105F20000E94F220811125C065E070E083E40E94A8
:105F3000F2208C0103970CF047C080E594E1C85B28
:105F4000DF4F0FB6F894DEBF0FBECDBFDF91CF910C
:105F50001F910F91FF90EF90DF90CF90BF90AF9087
:105F60009F908F907F906F905F904F903F902F9079
:105F7000B5CB88E894E1B2DB80E794E1AFDB40E3A6
:105F800055E760E070E089E692E10E94269B60E0C0
:105F900083E0C85BDF4F0FB6F894DEBF0FBECDBF06
:105FA000DF91CF911F910F91FF90EF90DF90CF90F5
:105FB000BF90AF909F908F907F906F905F904F9029
:105FC0003F902F900C94DBC583E50E94261B88230D
:105FD00009F459C00E94EF209E838D8360E085E51F
:105FE0000E94DD208FAF83E494E10E9490C70AA74E
:105FF000033074F10E941AD16F87788B898B9A8B4A
:1060000040E355E760E070E088E892E10E94269B5B
:1060100060E083E00E94DBC54D805E8023E2421693
:1060200021E05206ACF186E394E158DB87E194E18C
:1060300055DB40E355E760E070E082E492E10E94C6
:10604000269B60E083E00E94DBC580EF93E131DFB7
:10605000C85BDF4F0FB6F894DEBF0FBECDBFDF9138
:10606000CF911F910F91FF90EF90DF90CF90BF9055
:10607000AF909F908F907F906F905F904F903F90E8
:106080002F900C9494CA24EB30E03E832D83A6CF4E
:106090004D805E80B201550C880B990B0E946DF209
:1060A0006B8B7C8B8D8B9E8B2F85388949895A8988
:1060B00020543B424E4F5F4F29AF3AAF4BAF5CAFDE
:1060C00083EE93E10BDB8BED93E108DB0E94918083
:1060D0008FE78093A90D80ED93E10E9490C781E046
:1060E000809316098F849888A988BA8888AA99AA63
:1060F000AAAABBAA1AA21BA21CA21DA21EA21FA270
:1061000018A619A619861A861B861C86FFE7CF2EAD
:10611000D12CE12CF12C198230E43F8B4CE1488FDB
:1061200056E4598F1A8E1B8E1C8E1D8EAFE74A2E99
:10613000512C612C712C4E8E5F8E68A279A21CAA04
:106140001DAA1EAA1FAA18AE1CA61DA61EA61FA623
:1061500021E02BA71E861D86212C312C00E010E0AB
:106160004AA4042C000C55085EAE4DAE8D819E8174
:106170004E962C01990F6608770824964CAE5DAEBA
:106180006EAE7FAE24972D813E812E5131092901BB
:10619000052C000C6608770828964CAE5DAE6EAEF6
:1061A0007FAE289780911609882309F4ABC00E941E
:1061B0001AD16D837E838F8398875090D20729965A
:1061C0005FAE2997552021F00E94C6AF1092D207EA
:1061D00080913D06811108C06624639460923D065B
:1061E0000E9463A110923D0629967FAC29977720E3
:1061F00009F465C02090A30D3090A40D0091A50D69
:106200001091A60D2A8D3B8D4C8D5D8DB101C8017D
:106210000E944BFB181624F42A8E3B8E0C8F1D8F88
:1062200029813F89488D598DB101C8010E9467F2CB
:1062300087FF04C029823F8A088F198F4BA49101E0
:10624000A8016B897C898D899E89442009F4A1C1AC
:106250000E9467F287FF33C04D815E816F81788530
:10626000481959096A097B09483B2BE05207610527
:10627000710528F1D701C6014E8C5F8C68A079A00A
:1062800084199509A609B709B595A7959795879596
:106290008093A90D4CA75DA76EA77FA75B885A8E38
:1062A0006C886B8E7D887C8E4E884D8E4D805E8096
:1062B0006F8078844F86588A698A7A8A1BA62496CA
:1062C0006CAD7DAD8EAD9FAD24970E946DF29101B6
:1062D000A8010E9467F287FF30C087E693E1FED9EC
:1062E00088E493E1FBD940E355E760E070E082E4A5
:1062F00092E10E94269B60E083E00E94DBC580EF74
:1063000093E1D7DD0E94918035C15BEEC52ED12C83
:10631000E12CF12CA7C134E1432E512C612C712CBE
:1063200044E1C42ED12CE12CF12CA8C12601370167
:10633000CE8CDF8CE8A0F9A060C288A999A9AAA98F
:10634000BBA94D805E806F80788484199509A60969
:10635000B709181619061A061B060CF446C080E089
:106360000E94D2A8E7D9A30192012053384F4F4F82
:106370005F4F28AB39AB4AAB5BAB4CA8411080C038
:106380002DA93EA94FA958ADB101C8010E944BFBF0
:1063900018160CF05BC020E030E040E050E4B101A2
:1063A000C8010E9424F96DAB7EAB8FAB98AF2D81F5
:1063B0003E814F81588520543B424E4F5F4F29AF5D
:1063C0003AAF4BAF5CAF20E030E040E051E46B8986
:1063D0007C898D899E890E9423F99101A8010E94E0
:1063E00067F2881F8827881F8CAB8F859889A989B9
:1063F000BA8988169906AA06BB0610F4D501C4010D
:106400004D805E806F807884481A590A6A0A7B0A38
:10641000D301C20181389F44A241B10508F445C0AF
:1064200040E355E760E070E088E292E10E94269B3D
:1064300060E083E00E94DBC58EE293E13ADD81E219
:1064400093E14CD98FE093E149D95CCF89AD9AAD06
:10645000ABADBCAD4D805E806F80788484199509AA
:10646000A609B70941E757E260E877E2181619066E
:106470001A061B060CF4B9CF80E00E946DAEB5CFB2
:1064800028966CAD7DAD8EAD9FAD28970E946DF2C4
:106490009B01AC01B101C8010E9467F287FFA5CF43
:1064A0004EEA57E26EEB77E2E7CF4DAC5EAC6D841F
:1064B0007E84461457040CF075CE82E093E10ED929
:1064C00081EB92E10BD981EA92E1F3DC87E092E182
:1064D00005D949855A856B857C858DE992E124DB58
:1064E00087E092E1FBD84EA15FA168A579A589E973
:1064F00092E11ADB87E092E1F1D84AA15BA16CA19D
:106500007DA185E992E110DB7FAC772099F1498488
:106510005A846B847C844092BB0D5092BC0D609277
:10652000BD0D7092BE0D21E732EB47E25EE36EA136
:106530007FA188A599A50E94CCF26093BF0D7093AE
:10654000C00D8093C10D9093C20D21E732EB47E25D
:106550005EE36AA17BA18CA19DA10E9400FA6093D9
:10656000C30D7093C40D8093C50D9093C60D81E04B
:106570008093AA0D1092160940E355E760E070E0A1
:1065800088E192E10E94269B60E083E00E94DBC5E7
:106590005FCD0E944BFB18160CF091CE4D805E80B3
:1065A0006F8078842F85388949895A89421A530A1D
:1065B000640A750A38EB43163BE053066104710424
:1065C00008F47DCE4D855E85452B09F4AFCE6CA5D4
:1065D0007DA58EA59FA5640D751D861D971D0E9426
:1065E0006DF24B015C0120E030E0A9010E9467F2EE
:1065F000882311F16CA57DA58EA59FA56419750949
:10660000860997090E946DF22B013C016E8D7F8DEA
:1066100088A199A10E946DF29B01AC01C301B20156
:106620000E94CCF2A50194010E9400FA0E9457FB3F
:10663000C60ED71EE81EF91E54E1C516D104E104AA
:10664000F1040CF468CE8CEEC816D104E104F10418
:106650000CF05BCE2601370190E8C916D104E104A5
:10666000F10464F0260137012EEF30E040E050E005
:106670002C193D094E095F0969017A01B301A20194
:1066800088EC93E10E943881B701A60183EC93E185
:106690000E94388149815F89688D798D8CEB93E107
:1066A00033D84A8D5B8D6C8D7D8D85EB93E12CD835
:1066B0004D855E85433051050CF49FC029813F898B
:1066C000488D598D6A8D7B8D8C8D9D8D0E9423F90F
:1066D00069837A838B839C832FE632E143E85AE314
:1066E0000E944BFB18160CF088C0C701B6010E942F
:1066F0006DF220E030E040E850E40E94CCF269877F
:106700007A878B879C872BED3FE049E450E46981D1
:106710007A818B819C810E94CCF220E030E040E0C5
:106720005FE30E94CCF29B01AC0169857A858B8581
:106730009C850E9400FA69837A838B839C832FE671
:1067400032E143E85AE3C501B4010E94CCF24B01A7
:106750005C012AE939E949E15FE369817A818B814A
:106760009C810E94CCF269877A878B879C879B01EA
:10677000AC010E9424F9A50194010E9400FA6EA3C5
:106780007FA388A799A729853A854B855C85C50194
:10679000B4010E94CCF220E030E040E05EE30E94D1
:1067A000CCF26AA37BA38CA39DA349815A816B8100
:1067B0007C818FEA93E10E94842BB501A40189EAD0
:1067C00093E1B2D98AE993E10E946E2B49855A85FB
:1067D0006B857C8584E993E10E94842B4EA15FA1A7
:1067E00068A579A58EE893E10E94842B4AA15BA15C
:1067F0006CA17DA188E893E197D9D701C601840DEA
:10680000951DA61DB71DB595A7959795879580935E
:10681000A90D5EAD5F938AA58F939E859F93AD85ED
:10682000AF9324E733E13F932F938FE793E19F9357
:106830008F931F920E9442D12D853E852F5F3F4F3F
:106840003E872D870FB6F894DEBF0FBECDBF5B89A4
:1068500059838C898F8B9D89988FAE89A98FCE8E15
:10686000DF8EE8A2F9A2730162018D809E80AF8065
:10687000B88429964FAC29974BA621CDEF92FF9271
:106880001F93CF93DF937C01C9E7D5E118818FEF88
:10689000888360E08FE595E088DAC7010E9485274C
:1068A0001883DF91CF911F91FF90EF900895AF92E1
:1068B000BF92CF92DF92EF92FF920F931F93CF93ED
:1068C000DF93EC0182E395E00E946E2B209711F498
:1068D000CAE5D7E010E007E0015021F080E20E9415
:1068E0009120FACF812F0E9420281F5F153099F741
:1068F0000E949A2B10E080E20E949120812F0E943A
:1069000020285E0105E080E20E949120F501C08010
:10691000D180E280F380A7019601C701B6010E94F1
:10692000D3FB882351F180E20E9491208DE30E94E5
:1069300091208DE30E9491208DE30E9491208DE3B0
:106940000E9491208DE30E9491200150F4E1AF0E4E
:10695000B11C0111D8CF0E949A2B1F5F24961530CD
:1069600051F6DF91CF911F910F91FF90EF90DF9043
:10697000CF90BF90AF900C949A2B20E030E0A9010B
:10698000C701B6010E944BFB87FD03C08BE20E944A
:10699000912043E0C701B6010E94A3C7D6CF2F9232
:1069A0003F924F925F926F927F928F929F92AF929F
:1069B000BF92CF92DF92EF92FF920F931F93CF93EC
:1069C000DF93CDB7DEB769970FB6F894DEBF0FBE81
:1069D000CDBF83E50E94D81A898330908D09882322
:1069E00019F00E94CE20382E8091200A9091210A21
:1069F000A091220AB091230A8C8B9D8BAE8BBF8B0A
:106A00008091240A9091250AA091260AB091270A24
:106A1000888B998BAA8BBB8B8091280A9091290A2D
:106A2000A0912A0AB0912B0A8C879D87AE87BF87D9
:106A30009981992329F0311003C080E00E943B28FE
:106A40008091390690913A06A0913B06B0913C06A0
:106A500025E1B695A795979587952A95D1F74C018D
:106A60005D01E1E08E229924AA24BB240E942628FD
:106A7000882309F4C6C083E40E94D81A882309F445
:106A8000A8C00E94FF202B013C018AE597E09B8370
:106A90008A839D838C83B5E0B983188E10E008EC5F
:106AA000E2ECE9871E82212CF8ECFF8322E42887A0
:106AB0008C819D819B878A8795E0998FAA85BB856C
:106AC000CD90DD90ED90FD90BB87AA872E81322D71
:106AD0004F815885C701B6010E9467F287FF04C045
:106AE000CE822D2CEF82F886288D312F402F5985AC
:106AF000C701B6010E944BFB181624F4C88E1D2D49
:106B00000E2DF986B98DB150B98FB111D7CFE9816A
:106B1000E150E9838C819D8144969D838C83E111B2
:106B2000C7CF288D312F402F59856E81722D8F81CF
:106B300098850E9424F920E030E040E05FE30E9465
:106B4000CCF2A30192010E9424F92B013C012DEB10
:106B500037E346E855EB0E944BFB87FD0AC02DEB5F
:106B600037E346E855E3C301B2010E9467F2181605
:106B700084F580E00E943B2810E0AA81BB81BD83A0
:106B8000AC8300E0EC81FD816191719181919191E3
:106B9000FD83EC837F01F4E0EF1AF108A301920179
:106BA0000E9423F9D7016D937D938D939C93139746
:106BB000602F812F0E94BAA00F5F053019F71F5F69
:106BC000EA81FB817496FB83EA831530B1F60E945B
:106BD0007E2A89288A288B2839F00E942628882333
:106BE00019F090E080E063DE8AE50E94D81A8823DD
:106BF00021F00E94FF200E9421CA832D0E943B2881
:106C00000CC0311004C089288A288B2869F30E949F
:106C1000972B80E696E00E946E2B332051F08091F6
:106C20008D09811106C00E94942B81E496E00E9498
:106C30006E2B0E94972B80918D0966E97FE1882356
:106C400011F06AE97FE183E396E08CD80E94972BEC
:106C500086E296E00E946E2BC0908E09D0908F093C
:106C6000E0909009F090910920E030E0A901C7017F
:106C7000B6010E944BFB18160CF055C042E0C7014C
:106C8000B6010E94A3C78DE00E94C6C58AE00E949B
:106C9000C6C52C893D894E895F896091200A709113
:106CA000210A8091220A9091230A0E9467F28111A1
:106CB00020C0288939894A895B896091240A7091AA
:106CC000250A8091260A9091270A0E9467F2811175
:106CD00010C02091280A3091290A40912A0A509127
:106CE0002B0A6C857D858E859F850E9467F288239F
:106CF000F9F069960FB6F894DEBF0FBECDBFDF91F5
:106D0000CF911F910F91FF90EF90DF90CF90BF90A8
:106D1000AF909F908F907F906F905F904F903F903B
:106D20002F900C94659381E296E00E946E2BB1CF78
:106D300069960FB6F894DEBF0FBECDBFDF91CF913D
:106D40001F910F91FF90EF90DF90CF90BF90AF9089
:106D50009F908F907F906F905F904F903F902F907B
:106D60000895BC0190E080E00C940FC70F931F932F
:106D7000CF9384E50E94261BC0E08823F1F00E9497
:106D8000B320C82F1816CCF40E94972B00916805E9
:106D9000109169058DE40E94C6C5C801E2DF88E252
:106DA0009AE00E946E2B6C2FCC0F770B880B990BFF
:106DB0000E9477C70E949A2BCFEF8C2FCF911F9103
:106DC0000F910895BC01990F880B990B0C9477C70C
:106DD000109243050C94F522CF93DF93EB010E94B0
:106DE0006E2BCE01DF91CF91EDCFCF93DF9363ED8B
:106DF00071E10E94EAC9CEEDD7E0688179818AEC21
:106E000091E1EADF6A817B8187EC91E1E5DF4C81EA
:106E10005D816E817F8184EC91E1DF91CF910C9453
:106E2000942DFF920F931F93CF93DF93811113C083
:106E30004091390650913A0660913B0670913C06AC
:106E4000452B462B472B39F481E0DF91CF911F91E1
:106E50000F91FF90CACF9091D40993FD8EC0C82F97
:106E600085DF082F87FD89C083E50E94261BD82F68
:106E7000882331F10E94EF200E94749961E08C2FE9
:106E80000E94B0976091A70D7091A80D072E000C7D
:106E9000880B990B0E946DF22091A30D3091A40DE7
:106EA0004091A50D5091A60D0E944BFB18160CF4B5
:106EB0004EC083EB91E1DD2309F44BC01D2F03C0CD
:106EC000C1113FC010E083E50E94261B882331F0EA
:106ED0000E94EF209093DF078093DE0782E40E94F8
:106EE000261B882331F00E94EF209093E1078093C6
:106EF000E00786E40E94D81A8823D9F10E94FF2077
:106F00006093E2077093E3078093E4079093E507AB
:106F1000FF24F39420E030E0A9010E9467F2811180
:106F200001C0F12CF092E607CC2339F1112329F1AD
:106F30006D2F802FDF91CF911F910F91FF900C94B7
:106F40009DA982E50E94261B811194CFBBCF80EDC5
:106F500093E19F938F938EEB91E19F938F931F9279
:106F60000E9442D10F900F900F900F900F9011E060
:106F7000AACF60E070E0CB01C3CFDF91CF911F912A
:106F80000F91FF9008958C01EB01F42E0E949180E7
:106F90000115110509F46FC00E94972BC8010E94CA
:106FA0006E2B0E949A2B209711F4C7EFDEE280919E
:106FB000FA0480FD33C081608093FA04C8010E9406
:106FC000979A209751F0EE24E39401E021E040E20B
:106FD000BE0180E291E10E94862387EF9EE2009746
:106FE00051F0EE24E39401E021E040E2BC0180E4B2
:106FF00091E10E948623EE24E39401E021E040E247
:1070000066EE74E080E691E10E94862368EC83E0FE
:107010000E94DBC561E08AEF0E94A89A0E94942B2F
:1070200085E095E00E946E2B61E083EF94E00E9482
:10703000D52E89EE93E0019739F000C00000EEE50F
:10704000F9E03197F0F7F7CFF89489EE93E00197E4
:1070500039F000C00000E6EEF3E03197F0F7F7CF2B
:107060000E949180FF2021F00E944882A895FECFC7
:107070000E940D82FBCF209711F4C7EFDEE20CEFE8
:1070800014E095CFCF92DF92EF92FF926B017C01DB
:1070900083E3C816D104E104F10470F082E3C81A56
:1070A000D108E108F10862E370E080E090E00E941E
:1070B00080D00E9453B0ECCFC701B6010E9480D0AF
:1070C000FF90EF90DF90CF900C9453B09091860D8D
:1070D00094FB882780F994FF06C081E09091E01628
:1070E000911101C080E00895F1DF882339F080918B
:1070F000860D82FB882780F991E089270895CF9338
:10710000FB01C181C13031F40E94D199811104C0C9
:10711000C0932107CF9108950E94059B811103C060
:10712000CF910C94601C0E9494CADEDF882331F05A
:107130008DE099E1909318098093170961E086E04A
:1071400099E10E94D52ECF910C944E9780916A0DB3
:10715000811105C080918409823009F0C5CF81E09A
:107160000895F4DF81110DC01092D0091092D10959
:107170001092D2091092D3091092CE098FEF0E947B
:1071800074210C944E979091860D92FB882780F97C
:1071900092FF05C097FB882780F991E08927089521
:1071A0004F925F926F927F928F929F92AF92BF9217
:1071B000CF92DF92EF92FF920F931F93CF93DF93C3
:1071C00000D01F92CDB7DEB719821A821B821C82B3
:1071D00095E0A92E94E0B92ECE0101964C0120E253
:1071E000C22E2AE0D22E37E2E32E37E0F32E10E053
:1071F00000E0F50181915F010E94261BF40181935B
:107200004F01882321F08091CD09882359F0F601A0
:1072100080819181A281B381F70180839183A283D0
:10722000B38318C00E94FF202B013C01802F0E94D5
:10723000781A882309F4A4C0F601208131814281A3
:107240005381C301B2010E9424F9F7016083718365
:10725000828393830F5F1F4FF4E0CF0ED11C84E035
:10726000E80EF11C0330110521F685E40E94261B6F
:107270008C83882309F494C00E94FF206B017C0159
:1072800083E00E94781A882371F020912C0A3091B3
:107290002D0A40912E0A50912F0AC701B6010E9473
:1072A00024F96B017C01C0923307D0923407E0923D
:1072B0003507F092360780914C07882379F163DF18
:1072C000882361F18C81882349F18981811103C070
:1072D0008A81882319F12DEC3CEC4CE45DE360914C
:1072E000C7147091C8148091C9149091CA140E9457
:1072F00024F99B01AC016091280A7091290A8091C0
:107300002A0A90912B0A0E944BFB18163CF440E08D
:1073100060E070E080E090E40E94182240E050E0DD
:10732000BA0186E40E942D2120E030E0A9010E94EC
:107330004BFB181684F40E94FF2020E030E040E769
:1073400052E40E9400FA6093130270931402809337
:107350001502909316020F900F900F900F90DF91EF
:10736000CF911F910F91FF90EF90DF90CF90BF9042
:10737000AF909F908F907F906F905F904F90089507
:10738000F801EE0FFF1FEE0FFF1FE15AF64F2081AD
:10739000318142815381C301B2010E9423F955CF4B
:1073A00080912C0A90912D0AA0912E0AB0912F0A5B
:1073B0008093330790933407A0933507B093360733
:1073C0007ACF80915909833018F0EADE0C9488B3A3
:1073D000089580914C07811102C00C94A827D3DE38
:1073E000882339F040E060E070E080E090E40C94A5
:1073F0001822089580916A0D811105C08091840939
:10740000813019F0C0CE80E0089581E008952F9278
:107410003F924F925F926F927F928F929F92AF9224
:10742000BF92CF92DF92EF92FF920F931F93CF9371
:10743000DF93CDB7DEB767970FB6F894DEBF0FBE08
:10744000CDBF782E8091590247E6E42E66246394DE
:10745000843008F4A3C50E941AD16B017C0171101D
:1074600005C080916A0D882309F433C2C0926B096C
:10747000D0926C09E0926D09F0926E0981E0409122
:1074800045055091460560914705709148054115A5
:1074900051056105710509F41EC200916B09109137
:1074A0006C0920916D0930916E0946015701801ACF
:1074B000910AA20AB30A9501840104171507260749
:1074C000370708F408C20E94942B009175091091A7
:1074D00076098AE294E00E946E2BB8018FEF93E068
:1074E0000E947C2B0E949A2B40E070E060E090E0CC
:1074F00080E02DC18091300A9091310A5CC5AF2C9B
:10750000B12C8A3019F08D3009F022C1EA9CF001CB
:10751000EB9CF00D1124E559FA4FDF01AA59BF4F3A
:107520001C9284819581DF01A80FB91F16961C92C9
:10753000892B19F40E9453B05CC5FE9CC001112434
:107540009C012F583A4F6901158214828901F80174
:107550008191803209F452C08E3409F0C8C00115FF
:10756000110509F4C4C063ED73E0C8010E9496F1EF
:107570004C01892B41F06EE470E0C80104960E9432
:107580002AFC009709F4C8014AE050E070E060E08E
:1075900001960E9406EF1B012C01EA9CF001EB9C76
:1075A000F00D1124E559FA4F80819181A281B381B8
:1075B000AC01BD014F5F5F4F6F4F7F4F2416350603
:1075C00046065706E9F08928D9F4AC01BD014150BF
:1075D000510961097109241635064606570634F02B
:1075E00082159305A405B5050CF003C56F2D80EA3F
:1075F00093E00E94D62CF12C20E0D3C48F01A7CFBA
:107600006AE270E0C8010E944AFC9C01009709F1FF
:10761000982F901B912C992339F09150F801E90F84
:10762000F11D80819826F7CF4AE050E070E060E0DD
:10763000C90101960E9406EF292D30E050E040E09C
:10764000621773078407950741F06F2D81E893E077
:10765000D0CF6F2D87E593E0CCCFEA9CF001EB9C77
:10766000F00D1124E559FA4F208231824282538273
:1076700080915909813039F567E470E0C8010E94B2
:107680002AFC009701F14AE050E070E060E00196CA
:107690000E9406EF6430710581059105A0F4B09059
:1076A0007915862D0F2C01C0880F0A94EAF7809374
:1076B000791586EB92E00E946E2B8CEA92E00E9494
:1076C00090C7B0927915F80180818D3479F5838166
:1076D000823391F1883301F1803341F58181843324
:1076E00029F58281813311F50E9448931FC0809152
:1076F000860D80FFBDCF6AE77EE2C8010E9496F149
:10770000009731F0FC01838180538A3008F0B0CFBC
:107710006F2D8DE293E06DCF8281803339F48181CA
:10772000813321F41092160910921F074F2D60E04B
:10773000C6010E947FC65DC482818133B9F7818111
:107740008133A1F741E070E060E087EA9BE01BDC59
:10775000FE9CB00111249B0121593A4FAB014F58B7
:107760005A4F6F527A4F0E94211A43C440915B02D4
:10777000242F30E00A3061F00D3051F0882309F4F5
:107780009AC089819A81009719F001969A8389831A
:107790001092EB0489819A81F29EF001F39EF00D24
:1077A0001124E75AFD4FDF01A80FB91F13961C9251
:1077B000892B61F50E9453B00E94591A882309F45D
:1077C00032C48DED96E10E94D97D80917D0D882394
:1077D00009F467C0815080937D0D8D9DC0011124F7
:1077E00062E08256974F0E9488DEE0917D0D24E092
:1077F000E29FF0011124E656F74F6081718182818A
:1078000093810E94FF1F0E94E8D20DC41A82198240
:1078100083818D3479F48481823361F48581853369
:1078200049F4868180538A3028F08091860D8B7FC1
:107830008093860DF29EF001F39EF00D1124E45426
:10784000FD4FC0824F9DF0011124E354FD4F608233
:10785000220F331F220F331FF901E15BF44F809198
:107860005F0B9091600BA091610BB091620B8083D4
:107870009183A283B3834F5F443080F440935B02D3
:10788000809159028F5F8093590280925F0B909292
:10789000600BA092610BB092620B8ECF10925B02D4
:1078A000EFCF0E94D8D28091860D88608093860D9C
:1078B000E0925909B8C34F9DA0011124445A5D4F6D
:1078C0009E012F5F3F4F6BEE74E0802F0E94211AC4
:1078D000AAC380E0D4CD2091250E9091260E2917C1
:1078E00041F0C0926B09D0926C09E0926D09F09260
:1078F0006E0940910202509103026091040270915E
:107900000502452B462B472B29F0291709F4A6C061
:107910001092F4048091F0049091F104A091F2048B
:10792000B091F3048C199D09AE09BF091816190608
:107930001A061B060CF450C12091250E8091260ECC
:1079400090917B14281709F4BAC0E091260E23E623
:10795000E29FF0011124EB56F14F8081891741F02D
:1079600080937B140E941AD180917A1480937814AA
:107970008091E607882309F422C1A090DE07B09029
:10798000DF07C50102972091A70D3091A80D281798
:1079900039070CF414C19090260E612C712C812CA7
:1079A0001F8A8091250E891509F48CC0892D90E0DD
:1079B00033E6389FF001399FF00D1124E95BF14F58
:1079C000458D568D678D70A1452B462B472B81F435
:1079D00041A152A163A174A1452B462B472B41F431
:1079E00045A156A167A170A5452B462B472B89F1D0
:1079F000E3E6E89F8001E99F100D1124095B114F18
:107A0000F80161A572A583A594A50E946BF21B01E4
:107A10002C01F80165A576A587A590A90E946BF2B7
:107A20009B01AC01C201B1010E9400FAF801218161
:107A30003281438154810E94CCF22B018C0193014D
:107A4000482D5F890E944BFB18161CF43201802ED2
:107A50001F8B892D0E942289982EA3CF811158CF88
:107A60000E941AD100916B0910916C0920916D0947
:107A700030916E09601B710B820B930B0091020217
:107A800010910302209104023091050260177107E2
:107A90008207930708F43CCF8091F40481113ACF18
:107AA00081E08093F40480E00E941C8281E00E94C7
:107AB0001C8282E00E941C820E940D822BCF80914A
:107AC0007A144CCFB301882D9F890E9468FA072E43
:107AD000000C880B990B0E946DF22091E207309107
:107AE000E3074091E4075091E5070E94CCF22B0197
:107AF0003C01B501BB0C880B990B0E946DF29B01F8
:107B0000AC01C301B2010E9424F93B014C01609118
:107B1000E0077091E107072E000C880B990B0E947B
:107B20006DF25B018C019B01AC01B301C4010E94A9
:107B30004BFB181614F0530184014090EC04509054
:107B4000ED046090EE047090EF049501A801C3016C
:107B5000B2010E944BFB1816D4F420E037ED43EA43
:107B60005CE3B501C8010E94CCF24B015C0128E442
:107B700031EE4AE75FE3C301B2010E94CCF29B0100
:107B8000AC01C501B4010E9424F95B018C01C5015F
:107B9000D8018093EC049093ED04A093EE04B0938D
:107BA000EF04B501C8010E9468FA6232F1E07F0774
:107BB00014F062E271E07093A80D6093A70D24E6C3
:107BC000C20ED11CE11CF11CC092F004D092F10451
:107BD000E092F204F092F3040E9453B080915909AC
:107BE000882309F4AEC180912002882309F4A4C03F
:107BF000809143058111A0C080916A0D811104C05C
:107C0000F9DB882309F498C0F8948091000186FB81
:107C1000882780F99091F90498278093F90480913E
:107C2000C107892B8093C1078091000111E0082FC3
:107C3000007285FF03C010E00E942DC61093C0079C
:107C4000002379F020E030E0A9016091700D70917F
:107C5000710D8091720D9091730D0E9467F287FDF6
:107C60009AC010E020E030E0A90160916B0D7091A6
:107C70006C0D80916D0D90916E0D0E9467F287FDE5
:107C800098C07894112309F457C001E0009343058C
:107C90000E94F5220093C00780916A0D81114AC0AD
:107CA0001F921F9288E994E09F938F931F9285E122
:107CB0008F93CE0101967C019F938F930E94C4F114
:107CC000C7010E9426D160E083E00E94DBC540E34B
:107CD00065ED74E081E00E942C2F0E94242F10910A
:107CE000490560E010270FB6F894DEBF0FBECDBF88
:107CF00084ED98E061F483EC94E00E94D52E80E35B
:107D00000E9491200E949A2B60E082E89BE00E94F2
:107D1000D52E81EB94E00E946E2B80E30E9491208F
:107D20000E949A2B112331F08CEA94E09093180969
:107D3000809317090E949184809109018095817038
:107D400010910002181709F477C0012F1F3F09F4A2
:107D500000E080930002882371F164EF71E080E01D
:107D600090E090D90E947BDB8091860D84FD25C038
:107D7000101324C040E355E760E070E08EE794E024
:107D80000E94269B80912007823019F481E0809325
:107D90005A09012F20C080E090E0A0E8BFEB80935B
:107DA0006B0D90936C0DA0936D0DB0936E0D11E063
:107DB00059CF11E066CF00E0DBCF01E017FD09C02D
:107DC00080912007101774F5813019F482E08093B8
:107DD0005A090E9455A3002379F117FF2DC0809105
:107DE000860D84FF19C00E943AD2882379F081E081
:107DF0000E94E0DF4BEB50E06EEB74E18EE795E123
:107E00000E9486D98EE795E10E94D97D0E94C627FF
:107E100081110CC00E94A82781E080937C0D0E94F4
:107E200028DE0AC08230A9F681E0D1CF81E994E052
:107E300090931809809317090E941AD16B017C0155
:107E400010910102112321F180914A05882301F14B
:107E50004091F5045091F6046091F7047091F80494
:107E60004C195D096E097F091416150616061706CA
:107E70000CF1009179159FEF90937915833009F4F7
:107E800088C00CF077C081300CF07CC0009379156D
:107E9000212F30E0A8EEB3E00E94D9F8C60ED71E1D
:107EA000E81EF91EC092F504D092F604E092F704A1
:107EB000F092F80480913D06811107C081E0809323
:107EC0003D060E9463A110923D0680918B0D882390
:107ED000C1F10E941AD16B017C018091870D9091B4
:107EE000880DA091890DB0918A0D8C199D09AE095C
:107EF000BF09181619061A061B061CF120918B0DD6
:107F000030E0A8EEB3E00E94D9F8C60ED71EE81EF6
:107F1000F91EC092870DD092880DE092890DF092E3
:107F20008A0D1091791580918C0D8093791580912F
:107F30001609811104C00E94D2A80E949A2B1093A6
:107F4000791567960FB6F894DEBF0FBECDBFDF91EF
:107F5000CF911F910F91FF90EF90DF90CF90BF9046
:107F6000AF909F908F907F906F905F904F903F90D9
:107F70002F900895843009F089CF0E94972B8DE3CC
:107F800094E004C00E94972B8CE694E00E946E2B34
:107F90007DCF0E94972B85E594E0F8CF20E080E02C
:107FA000F82E80915902843050F5F110A3CA8091C7
:107FB000B20A9091B30A891B8F7790E0892BD1F098
:107FC0008F2D0E94F61997FF9ACA10917915862D68
:107FD0000F2C01C0880F0A94EAF7809379150E944C
:107FE000942B88ED93E00E946E2B0E9494C710930F
:107FF000791521E081E0F812D3CF2111CFCFC3D87A
:10800000882309F428CA8091860D83FD24CA1A8228
:10801000198292E6F92E24E0E22E39E6D32ECC2402
:10802000C39466246A9480915902843008F013CA7C
:108030000E94591A81110FCA1E8A41E050E0BE0108
:108040006A5E7F4F8DED96E10E9486D90E8910E021
:10805000019711F00FEF1FEF8090E5169090E61654
:10806000A090E716B090E8168092820D9092830D52
:10807000A092840DB092850D0E94591A0F3F1007EF
:1080800009F074CB811172CB0E94942B80EF93E0A6
:108090000E946E2BC8CF2F923F924F925F926F92A9
:1080A0007F928F929F92AF92BF92CF92DF92EF9288
:1080B000FF920F931F93CF93DF93CDB7DEB7AA97AD
:1080C0000FB6F894DEBF0FBECDBF9091D40993FDDB
:1080D00067C1182F83E50E94261B89A3882309F412
:1080E00058C10E94EF20803591050CF072C1909329
:1080F000DC078093DB070E94FA246091DB07709114
:10810000DC07072E000C880B990B0E946DF2209162
:10811000D7073091D8074091D9075091DA070E94CC
:108120004BFB18160CF058C188EF91E10E9490C7E4
:1081300001E0612F6027812F0E94B097112309F47D
:108140002FC1009316091B8E1C8E1D8E1E8E1AA227
:108150001BA21CA21DA21FA22CE328A73CE139A749
:1081600086E48AA71E8A1F8A90E8988FAFEBA98FB2
:108170001A8EB1E0BEA3812C912C5401FE013196E0
:108180001F016091DB077091DC07072E000C880B44
:10819000990B0E946DF27B018C012E893F89488DDD
:1081A000598D0E9467F28823B9F02091D70730914A
:1081B000D8074091D9075091DA07F9A1B701C80152
:1081C000F1110DC10E9467F2881F8827881F8A8FCE
:1081D000EE8AFF8A088F198F0E941AD16B017C01E9
:1081E0008AA19BA1ACA1BDA18C199D09AE09BF09B3
:1081F000181619061A061B06ACF1D701C6018851DC
:108200009C4FAF4FBF4F8AA39BA3ACA3BDA380E0FD
:108210000E94D2A845E150E065EE71E1C1010E94E3
:1082200061F11D8A81149104A104B10409F4EAC02A
:10823000C501B401605F784D8F4F9F4F6C197D0968
:108240008E099F0928EE33E040E050E00E9491F84B
:10825000BA01A901C1010E94357FC1010E94142801
:108260000E949A2B80E0D3D80E941AD160936B09A8
:1082700070936C0980936D0990936E09B091D70744
:10828000BF8FE091D807E8A30091D9071091DA07D2
:108290002B2F3E2FA8016E897F89888D998D0E9492
:1082A00023F92B013C0120E030E0A9010E944BFBA7
:1082B00087FF04C077FA709477F870948114910462
:1082C000A104B10409F0BCC020E030E040E85FE365
:1082D000C301B2010E9467F287FF10C0FEA1812C8A
:1082E000912C5401FF2331F085E0882E8DE0982EEB
:1082F000A12CB12C8C0C9D1CAE1CBF1C2A8D2223E2
:1083000091F18B8D9C8DAD8DBE8D0097A105B10532
:1083100049F08C199D09AE09BF09181619061A06ED
:108320001B060CF12F8D38A1A8016FA178A589A596
:108330009AA50E9423F920E030E040E85FE30E9424
:1083400067F287FD50C0D701C601805A9541AF4FF3
:10835000BF4F8B8F9C8FAD8FBE8F9F8D9FA3A8A18A
:10836000A8A709A71AA7809116098823E1F181140B
:108370009104A104B10459F0C818D908EA08FB080F
:10838000B0E1CB16B7E2DB06E104F10460F51EA212
:10839000F8CE112329F082E50E94261B8111A1CE7F
:1083A000AA960FB6F894DEBF0FBECDBFDF91CF9176
:1083B0001F910F91FF90EF90DF90CF90BF90AF9003
:1083C0009F908F907F906F905F904F903F902F90F5
:1083D000089580E590E08BCE89EE91E1A7CE0E94D2
:1083E00067F287FF09C0809116098823C9F21092AD
:1083F00016090E9494CAD4CFEE8AFF8A088F198F7B
:108400001A8EEACED1010D900020E9F7CD01019737
:10841000821993098431910508F01FCFF101E80F0B
:10842000F91FBFE3B0838331910509F416CFE2E071
:10843000F0E0EC0FFD1F8E0F9F1FDC011C920DCF93
:1084400020E030E040E450E4C301B2010E944BFB65
:1084500018160CF053CF4601570150CFCF93DF933E
:10846000EC0188818823E1F08A30D1F08D30C1F0B1
:108470004FEF61E0CE010E947FC6882369F00E9421
:10848000972BBE018DE591E10E947C2B8AE591E15D
:10849000DF91CF910C946E2B80E00E94073AE1CFE0
:1084A000DF91CF9108958091FA06882371F00E94A0
:1084B000059B811102C00C94601C61E185E699E185
:1084C0000E94C0CF8AEF96E0C9CF08955F926F9265
:1084D0007F928F929F92AF92BF92CF92DF92EF9254
:1084E000FF920F931F93CF93DF93CDB7DEB77C013D
:1084F0006DB67EB610E000E08DB69EB6F701E00FD7
:10850000F11F549068018FEFC81AD80A552019F04E
:108510009AE059121FC08DB79EB78C199D090FB6EE
:10852000F8949EBF0FBE8DBF01965C01A801B701F4
:108530000E943BF1F501E00FF11F1082C5018EDFB3
:10854000552051F0EC0CFD1C0FB6F8949EBE0FBEEA
:108550008DBED2CF8601D2CF0FB6F8947EBE0FBEAD
:108560006DBEDF91CF911F910F91FF90EF90DF9043
:10857000CF90BF90AF909F908F907F906F905F90C3
:108580000895FB0181818130E9F40E94059B8111EE
:1085900008C040E355E760E070E08FEE99E10C948D
:1085A000269B0E94C627811107C040E355E760E083
:1085B00070E083ED99E1F3CF83E080935A0989EE6F
:1085C00099E184CF0895CF93FB01C181C13069F453
:1085D0000E94059B811103C0CF910C94601CC09335
:1085E0005A098CEC99E1CF9171CFCF9108950F93F7
:1085F0001F93CF93DF93CDB7DEB768970FB6F8948C
:10860000DEBF0FBECDBF0E94059B811109C040E3B4
:1086100055E760E070E08FEE99E10E94269B06C06E
:1086200080911E078F3F69F0882391F068960FB6FE
:10863000F894DEBF0FBECDBFDF91CF911F910F9198
:10864000089540E355E760E070E08BEB99E1E5CFFA
:1086500080910D028F9380910C028F931F921F9235
:10866000809108028B3008F18AE01F928F938BEA89
:1086700099E19F938F931F9288E18F938E010F5FF3
:108680001F4F1F930F930E94C4F163E189E999E1A1
:108690000E94C0CFC801E2DE84E999E117DF0FB67E
:1086A000F894DEBF0FBECDBFC1CF8330F0F683E0BC
:1086B000DCCFFB018181882319F0813051F00895CE
:1086C0000E94059B811102C00C94681C84E899E10A
:1086D000FDCE86E180935A090895FB0181818130A6
:1086E00061F40E94059B811102C00C94601C8FE70D
:1086F00099E1ECDE8AE799E1E9CE0895CF93DF9323
:10870000EB010E94059B811104C0DF91CF910C9475
:10871000681CC981609120078BE599E10E94C0CF58
:10872000C13059F028F0C23059F0DF91CF9108954F
:1087300084E599E1DF91CF91C9CE8EE499E1FACF3A
:1087400089E499E1F7CF80915D098770873041F026
:1087500040E355E760E070E085E299E10C94269BE8
:108760000E94059B811102C00C94601C8EE08093D6
:108770005A0981E299E1AADE8CE199E1A7CE2F9214
:108780003F924F925F926F927F928F929F92AF92A1
:10879000BF92CF92DF92EF92FF920F931F93CF93EE
:1087A000DF93CDB7DEB7C557D1090FB6F894DEBF5A
:1087B0000FBECDBF90915909933008F41DC1182FF9
:1087C0000E94D03882E50E94261B882309F43CC110
:1087D0000E94FF202B013C0120E030E0A9010E9413
:1087E00067F2882309F402C18090200A9090210A40
:1087F000A090220AB090230A2091240A3091250AE1
:108800004091260A5091270A2D8F3E8F4F8F58A3F3
:10881000C0902707D0902807E0902907F0902A07FA
:1088200080912B0790912C07A0912D07B0912E07D6
:1088300089A39AA3ABA3BCA3A7019601C501B40168
:108840000E9467F281110DC029A13AA14BA15CA140
:108850006D8D7E8D8F8D98A10E9467F2882309F41B
:10886000C5C0A5019401C701B6010E9423F920E00B
:1088700030E040E05FE30E94CCF26B017C012D8D83
:108880003E8D4F8D58A169A17AA18BA19CA10E9418
:1088900023F920E030E040E05FE30E94CCF26D8FEE
:1088A0007E8F8F8F98A320E030E0A901C301B20131
:1088B0000E9467F2881F8827881F181709F4B6C01E
:1088C00020E030E040E85FEB29A33AA34BA35CA390
:1088D000A7019601C701B6010E94CCF24B015C01D1
:1088E0002D8D3E8D4F8D58A1CA01B9010E94CCF249
:1088F0009B01AC01C501B4010E9424F90E9491FBC7
:108900004B015C01AC019B01C301B2010E9423F940
:1089100069A77AA78BA79CA7A5019401C301B201FF
:108920000E9424F99B01AC0169A57AA58BA59CA5A1
:108930000E94CCF22B013C0120E030E0A9010E9412
:108940004BFB87FD7CC0C301B2010E9491FB69A76C
:108950007AA78BA79CA76D8D7E8D8F8D98A190583F
:10896000A50194010E9400FA29A13AA14BA15CA1A2
:108970000E94CCF229A53AA54BA55CA50E94CCF299
:10898000A70196010E9424F92B013C01A501940145
:10899000C701B6010E9400FA29A13AA14BA15CA12E
:1089A0000E94CCF229A53AA54BA55CA50E94CCF269
:1089B0002D8D3E8D4F8D58A10E9424F96D8F7E8F95
:1089C0008F8F98A320E030E0A901C301B2010E947B
:1089D00067F28111F0C420E030E0A9016D8D7E8D39
:1089E0008F8D98A10E9467F28111E5C40E94942B9B
:1089F00084E091E10E946E2BCB58DF4F0FB6F894C4
:108A0000DEBF0FBECDBFDF91CF911F910F91FF90C1
:108A1000EF90DF90CF90BF90AF909F908F907F901E
:108A20006F905F904F903F902F90089580E090E07E
:108A3000A0E8BFE389A39AA3ABA3BCA349CF19A61F
:108A40001AA61BA61CA687CF89E40E94261B412CD0
:108A5000512C3201882321F00E94FF202B013C0180
:108A60008AE40E94261B882309F497C40E94FF20F1
:108A7000A5CF2DA13EA14FA158A569A17AA18BA197
:108A80009CA10E94CCF26B017C012DA53EA54FA5B7
:108A900058A969A57AA58BA59CA50E94CCF29B013B
:108AA000AC01C701B6010E9424F96B017C012DA520
:108AB0003EA54FA558A969A17AA18BA19CA10E94AE
:108AC000CCF24B015C012DA13EA14FA158A569A597
:108AD0007AA58BA59CA50E94CCF29B01AC01C50197
:108AE000B4010E9423F9A70196010E9497F96B0136
:108AF0007C0120E030E0A9010E9467F2882309F49C
:108B0000B7C020E030E0A901C701B6010E9467F2BA
:108B100087FFB9C082E090E0812B8130910509F494
:108B2000B5C0029709F4BDC020E030E0A901C7013B
:108B3000B6010E944BFB4601570187FF04C0B7FAFC
:108B4000B094B7F8B0942BED3FE049EC50E4C50188
:108B5000B4010E9400FA20E030E040E952E40E94B3
:108B6000CCF20E94EAF90E946DFA1B018091280A5A
:108B70009091290AA0912A0AB0912B0A62968CAF93
:108B80009DAFAEAFBFAF629720912C0A30912D0AF6
:108B900040912E0A50912F0A66962CAF3DAF4EAFF2
:108BA0005FAF66979C01AD0160912F077091300710
:108BB00080913107909132070E9423F96DA77EA71B
:108BC0008FA798AB66962CAD3DAD4EAD5FAD669769
:108BD0006091330770913407809135079091360783
:108BE0000E9423F92B013C01A50194012E966CAD46
:108BF0007DAD8EAD9FAD2E970E94CCF269AB7AAB66
:108C00008BAB9CAB27E137EB41ED58E30E9467F259
:108C100087FF50C02DEB37E346E855EB6DA57EA5E9
:108C20008FA598A90E944BFB87FD44C02DEB37E32D
:108C300046E855E36DA57EA58FA598A90E9467F229
:108C40001816C4F12DEB37E346E855EBC301B2012A
:108C50000E944BFB87FD0AC02DEB37E346E855E346
:108C6000C301B2010E9467F2181614F40E94E139A0
:108C70000E941AD160936B0970936C0980936D09FF
:108C800090936E09B9CE90E080E046CF2BED3FE0A7
:108C900049EC50E4C701B6010E9423F96B017C0145
:108CA00043CF2BED3FE049EC50E4C701B6010E94F1
:108CB00024F9F4CF2AE037ED43E25CE3609113023C
:108CC0007091140280911502909116020E94CCF2CC
:108CD0004B015C016091110270911202072E000C91
:108CE000880B990B0E946DF29B01AC01C501B40188
:108CF0000E94CCF26BAF7CAF8DAF9EAF69A97AA911
:108D00008BA99CA90E9499FA162F872E982EA92E1E
:108D1000B10190E080E00E946BF21B01082F9DA33F
:108D20009B01482F592F612F782D892D9A2D0E9454
:108D30004BFB181624F4212E382C092DADA29101DD
:108D4000402F5DA169A97AA98BA99CA90E9400FA6C
:108D50004B015C0120E030E040E85FE30E944BFB08
:108D600018160CF09AC269A97AA98BA99CA90E942D
:108D7000EAF90E946DFA7EAB6DAB198A1A8A1B8ADA
:108D80001C8A1D8A1E8A1F8A188E198E1A8E1B8EA7
:108D90001C8E4DA95EA94230510508F454C2BA0197
:108DA00090E080E00E946BF223966CAF7DAF8EAFB7
:108DB0009FAF23979B01AC01C701B6010E9400FA47
:108DC0006FAB78AF89AF9AAF9B01AC010E94CCF238
:108DD0006B017C01AC019B016FA978AD89AD9AADA7
:108DE0000E94CCF220E030E040EC50E40E9400FA17
:108DF0009B01AC016FA978AD89AD9AAD0E9423F9B2
:108E0000A6966CAF7DAF8EAF9FAFA69720E030E007
:108E100040E05FE3C701B6010E94CCF29B01AC01C8
:108E200060E070E080E89FE30E9423F9AA966CAFAF
:108E30007DAF8EAF9FAFAA9723962CAD3DAD4EADC3
:108E40005FAD23976DA57EA58FA598A90E9400FA16
:108E5000E2966CAF7DAF8EAF9FAFE29723962CADBD
:108E60003DAD4EAD5FAD2397C301B2010E9400FA44
:108E7000E6966CAF7DAF8EAF9FAFE69762968CADF6
:108E80009DADAEADBFAD629789879A87AB87BC8732
:108E900066962CAD3DAD4EAD5FAD66972D873E8796
:108EA0004F87588B0E941AD19B01AC0128533F4F2A
:108EB0004F4F5F4FAE962CAF3DAF4EAF5FAFAE970B
:108EC0000091D5091091D6092091D7093091D80980
:108ED0006091D9097091DA098091DB099091DC09E0
:108EE000061717072807390710F4C901B8010E94AF
:108EF0006BF26A966CAF7DAF8EAF9FAF6A97E090D2
:108F0000FD09F090FE090091FF091091000AA09060
:108F1000F909B090FA09C090FB09D090FC099501BD
:108F2000A601B701C8010E944BFB181614F4750185
:108F300086012BAD3CAD4DAD5EADCA01B9010E94BD
:108F4000CCF26DA37DA71C016A962CAD3DAD4EAD54
:108F50005FAD6A972E966CAD7DAD8EAD9FAD2E97B1
:108F60000E94CCF25B016C019701A801B701C80116
:108F70000E94CCF27B018C019501A6016DA17DA51B
:108F8000C1010E944BFB18161CF4ADA2BDA6160130
:108F90002DA13DA5A101B701C8010E9467F287FF7D
:108FA00003C0EDA2FDA6180149A05AA06BA07CA0A9
:108FB00039E126963FAF269741E050E025965FAF16
:108FC0004EAF25970E9453B00E941AD1AE960CADB9
:108FD0001DAD2EAD3FADAE97061B170B280B390B01
:108FE00010161106120613067CF09B01AC012853E3
:108FF0003F4F4F4F5F4FAE962CAF3DAF4EAF5FAF81
:10900000AE9780E00E94073A26963FAD26973150F2
:1090100026963FAF269725964EAD5FAD2597BA01B0
:1090200090E080E00E946BF22A966CAF7DAF8EAF2D
:109030009FAF2A9726965FAD2697552309F45AC10C
:109040009201A301A6966CAD7DAD8EAD9FADA697A6
:109050000E94CCF26B017C0129A53AA54BA55CA529
:10906000AA966CAD7DAD8EAD9FADAA970E94CCF255
:109070009B01AC01C701B6010E9424F97B018C0160
:109080009201A301AA966CAD7DAD8EAD9FADAA975E
:109090000E94CCF24B015C0129A53AA54BA55CA529
:1090A000A6966CAD7DAD8EAD9FADA6970E94CCF21D
:1090B0009B01AC01C501B4010E9423F92B013C01C5
:1090C000C701D80189A79AA7ABA7BCA79201A301A2
:1090D0006E966CAD7DAD8EAD9FAD6E970E9424F9FE
:1090E00069837A838B839C8329A53AA54BA55CA5CC
:1090F000A2966CAD7DAD8EAD9FADA2970E9424F976
:109100006D837E838F8398872A962CAD3DAD4EADBF
:109110005FAD2A97E2966CAD7DAD8EAD9FADE297C7
:109120000E94CCF262962CAD3DAD4EAD5FAD629724
:109130000E9424F969877A878B879C872A962CADB1
:109140003DAD4EAD5FAD2A97E6966CAD7DAD8EAD73
:109150009FADE6970E94CCF266962CAD3DAD4EAD2C
:109160005FAD66970E9424F96D877E878F87988B05
:10917000CE0101960E94489023962CAD3DAD4EAD98
:109180005FAD239769A97AA98BA99CA90E9400FACF
:109190002A962CAD3DAD4EAD5FAD2A970E94CCF224
:1091A0009B01AC0169A97AA98BA99CA90E9423F90A
:1091B0006B017C016A962CAD3DAD4EAD5FAD6A97FB
:1091C000CA01B9010E9424F99B01AC01C701B60193
:1091D0000E94CCF27B018C012DA13DA5A1010E9432
:1091E0004BFB18161CF4EDA0FDA48101C701D801AA
:1091F000898F9A8FAB8FBC8F9E012F5E3F4F4BADF7
:109200005CAD6DAD7EADCE0101960E94F7C888239E
:10921000D1F02E962CAD3DAD4EAD5FAD2E972D8B82
:109220003E8B4F8B588F25964EAD5FAD25974F5F88
:109230005F4F25965FAF4EAF25978DA99EA98417E6
:10924000950709F0BFCE80E1E7E2F7E0DE01119675
:1092500001900D928A95E1F7CE0101960E94489007
:109260001D8A1E8A1F8A188E198E1A8E1B8E1C8EBE
:109270009E012F5E3F4F4BAD5CAD6DAD7EADCE011F
:1092800001960E94F7C880E1E7E2F7E0A0E2BAE0C9
:1092900001900D928A95E1F7EBCC2DEC3CEC4CEC77
:1092A0005DE3C501B4010E9467F287FF1FC02DEC8A
:1092B0003CEC4CEC5DE369A97AA98BA99CA90E94BE
:1092C00000FA0E9499FA4B015C0120E030E040E88E
:1092D0005FE30E9467F287FF06C0812C912C80E833
:1092E000A82E8FE3B82EC501B40143CDB101802F64
:1092F0009DA13FCD2A962CAD3DAD4EAD5FAD2A97D9
:109300006FA978AD89AD9AAD0E94CCF24B015C019A
:109310000E94FDF96B017C01C501B4010E9487FB2D
:109320004B015C01A701960169A17AA18BA19CA1C7
:109330000E94CCF22B013C012D8D3E8D4F8D58A10A
:10934000C501B4010E94CCF29B01AC01C301B20182
:109350000E9424F92B013C01A501940169A17AA185
:109360008BA19CA10E94CCF24B015C012D8D3E8D06
:109370004F8D58A1C701B6010E94CCF29B01AC01F0
:10938000C501B4010E9423F969A77AA78BA79CA7FE
:1093900089E126968FAF269799CE20E030E0A9018B
:1093A000C301B2010E9467F2882309F41FCB1D8E0E
:1093B0001E8E1F8E18A2A3019201505829A33AA312
:1093C0004BA35CA38D8D9E8DAF8DB8A1B05889A79E
:1093D0009AA7ABA7BCA7A3019201C301B2010E9447
:1093E000CCF26B017C012D8D3E8D4F8D58A1CA01B1
:1093F000B9010E94CCF29B01AC01C701B6010E94E9
:1094000024F90E9491FB2E966CAF7DAF8EAF9FAF7B
:109410002E978090200A9090210AA090220AB09066
:10942000230AA3019201C501B4010E9424F96E969A
:109430006CAF7DAF8EAF9FAF6E972091240A3091B5
:10944000250A4091260A5091270A29AB3AAB4BAB2B
:109450005CAB2D8D3E8D4F8D58A169A97AA98BA942
:109460009CA90E9424F9A2966CAF7DAF8EAF9FAFEE
:10947000A297409027075090280760902907709086
:109480002A076E962CAD3DAD4EAD5FAD6E97C30114
:10949000B2010E9423F96DA37EA38FA398A7C09069
:1094A0002B07D0902C07E0902D07F0902E07A29666
:1094B0002CAD3DAD4EAD5FADA297C701B6010E9488
:1094C00023F96DA77EA78FA798ABA3019201C501D1
:1094D000B4010E9423F94B015C012DEB37E346E810
:1094E00055EB0E944BFB87FDC4CA2DEB37E346E8E2
:1094F00055E3C501B4010E9467F218160CF4B9CA0D
:10950000A701960169A97AA98BA99CA90E9423F9B0
:109510006B017C012DEB37E346E855EB0E944BFBDA
:1095200087FDA7CA2DEB37E346E855E3C701B6012F
:109530000E9467F218160CF49CCA28E4222E312CE3
:109540003BED832E3FE0932E39ECA32E30E4B32E77
:109550009BEDC92E9FE0D92E99ECE92E90ECF92EC7
:10956000111104CB7501640101CBCF93C82F8091F9
:10957000D40983FD0AC00E94761B882331F08091B4
:109580001D0290911E020E9474998EE59FE20E9436
:1095900032A1CC2329F061E080E0CF910C949DA909
:1095A00080913B0791E089278093160980911609E5
:1095B0008823F1F020E030E040E05FE36091A30D0C
:1095C0007091A40D8091A50D9091A60D0E9424F993
:1095D0000E9468FA2091A70D3091A80D621B730BB1
:1095E00077FF03C07195619571096230710544F48C
:1095F000109216098091D40983FF06C081E00FC044
:1096000080E00E94073AD2CF0E94761B8823B1F3F4
:109610000E94972B89E995E00E946E2B80E0CF9104
:109620000895CF92DF92EF92FF92CF93DF936B0179
:109630007C01D42FC0914A0583E080934A0581E0E4
:1096400080931F07C114D104E104F10431F00E949A
:109650001AD1C60ED71EE81EF91E80911F07882357
:10966000C1F0C114D104E104F10421F48D2F0E9452
:10967000073AF3CF0E941AD1A7019601261B370B98
:10968000480B590BDA01C901181619061A061B06F0
:109690006CF310921F07C0934A05DF91CF91FF90A2
:1096A000EF90DF90CF90089581E00895DC01EC9178
:1096B0008E2F90E0FC01EE0FFF1FE80FF91FE7531C
:1096C000F24F80818F7780830895009719F001977A
:1096D00089F008951092900082E08093910010929A
:1096E000950010929400C19A8091710082608093DD
:1096F000710008951092A00082E08093A100109262
:10970000A5001092A40089BB8093720008957F92F7
:109710008F929F92AF92BF92CF92DF92EF92FF9281
:109720000F931F93CF93DF936C01EB01FC018081BA
:10973000883108F0C4C090E0FC01EE0FFF1FE80F75
:10974000F91FE753F24F80818F770E94CBC9F60152
:109750001182128280812CE0622F0E94E8F8829FA1
:10976000B001112430E020E0AB01420F531FFA0199
:10977000EE0FFF1FE40FF51FE753F24F908197FDA7
:1097800007C02F5F3F4F2C30310571F790E09DDF10
:10979000F6017080E72CF12C8701000F111FF801F2
:1097A000EE0DFF1DE753F24F80818068808377FCC8
:1097B00086C0C032F2E0DF070CF040C0F6018281C3
:1097C00028E532E0281B310987FD3395220F331F2E
:1097D000220F331F032E000C440B550B818178E8B8
:1097E000872E912C881A910887FD9394880C991CD8
:1097F000880C991C092C000CAA08BB0860E070E0DA
:10980000CB01D7FD0AC0BE01C53BD10514F064EB06
:1098100070E0072E000C880B990B281939094A09AA
:109820005B090E9482F824EB30E040E050E00E94A7
:10983000B3F8820E931EA41EB51EE401F7E1F715DE
:1098400058F1F6012281318188E890E0831B91096B
:1098500037FD9395880F991F880F991FC817D9074F
:1098600074F088E592E0821B910927FD9395880F9B
:10987000991F880F991FC817D9070CF4CE012FB76D
:10988000F8940E0D1F1DF801E753F24F0297880F51
:10989000991F928381832FBF62E370E080E090E0A4
:1098A000DF91CF911F910F91FF90EF90DF90CF90BC
:1098B000BF90AF909F908F907F900C944238DF9133
:1098C000CF911F910F91FF90EF90DF90CF90BF90BD
:1098D000AF909F908F907F9008950F931F93CF9399
:1098E000C82F8B0182E19EE00E948A1BC817B1F04D
:1098F0006C2F70E082E19EE00ADFF80160817181E7
:10990000828193816737F1E07F078105910520F41B
:1099100067E771E080E090E00E94423880910001AA
:1099200083FB882780F9CF911F910F910895CF93E2
:10993000DF9300D01F92CDB7DEB78EEE92E0A0E0AD
:10994000B0E089839A83AB83BC83BE016F5F7F4F96
:109950008AE5C3DF0F900F900F900F90DF91CF91AA
:109960000895CF93DF9300D01F92CDB7DEB78EEE70
:1099700092E0A0E0B0E089839A83AB83BC83BE0110
:109980006F5F7F4F8AE0A9DF0F900F900F900F90CD
:10999000DF91CF910895CF93DF9300D01F92CDB781
:1099A000DEB784EF91E0A0E0B0E089839A83AB83D7
:1099B000BC83BE016F5F7F4F80EA8FDF0F900F90F7
:1099C0000F900F90DF91CF910895CF92DF92EF9299
:1099D000FF921F93CF93DF9300D01F92CDB7DEB7D6
:1099E0008EEEC82E82E0D82EE12CF12CC982DA82CC
:1099F000EB82FC82BE016F5F7F4F8AE56EDF8111D3
:109A00000EC010E0812F0F900F900F900F90DF91FC
:109A1000CF911F91FF90EF90DF90CF900895BBDF23
:109A2000C982DA82EB82FC82BE016F5F7F4F8AE5DA
:109A300054DF182F882329F30E94C897E3CFCF92D1
:109A4000DF92EF92FF921F93CF93DF9300D01F928C
:109A5000CDB7DEB78EEEC82E82E0D82EE12CF12CE9
:109A6000C982DA82EB82FC82BE016F5F7F4F8AE09F
:109A700034DF81110EC010E0812F0F900F900F90F6
:109A80000F90DF91CF911F91FF90EF90DF90CF90DB
:109A9000089581DF4CDF65DF4ADFC982DA82EB821D
:109AA000FC82BE016F5F7F4F8AE017DF182F88238B
:109AB00011F30E94C897E0CF1F920F920FB60F923A
:109AC00011240BB60F922F933F934F935F936F9395
:109AD0007F938F939F93AF93BF93EF93FF9348EA46
:109AE00050E064EA70E081E090E00E94FC22FF9187
:109AF000EF91BF91AF919F918F917F916F915F9106
:109B00004F913F912F910F900BBE0F900FBE0F9072
:109B10001F9018951F920F920FB60F9211240BB63B
:109B20000F922F933F934F935F936F937F938F93F6
:109B30009F93AF93BF93EF93FF9348E950E064E99D
:109B400070E090E080E00E94FC22FF91EF91BF91D5
:109B5000AF919F918F917F916F915F914F913F91C5
:109B60002F910F900BBE0F900FBE0F901F90189566
:109B700080913E068823D1F10FB607FC2DC090914D
:109B8000C1068091C206981304C08091D00086FD62
:109B90002DC08091D00085FF1EC08091C20620910B
:109BA000C106821306C08091D1008F7D8093D100C1
:109BB00012C0E82FF0E0EF53F94F92818F5F8F7260
:109BC0009093D6008093C2069091D00090649093B9
:109BD000D000281741F3D3CF9091C1068091C206DF
:109BE000981303C08091D00086FFF6CF0895CF93DD
:109BF000DF9300D000D01F921F92CDB7DEB7FE01D9
:109C0000339696E0DF011D929A95E9F79AE59983DC
:109C100095EA9A838C834D836E8348E0BE016F5F23
:109C20007F4F80EB90E00E942C24A2DF62E370E083
:109C300080E090E00E9480D028960FB6F894DEBFB6
:109C40000FBECDBFDF91CF910895CF93DF9300D0AA
:109C500000D01F921F92CDB7DEB7FE01339696E07B
:109C6000DF011D929A95E9F79AE5998395EA9A831F
:109C700091E098878C834D836E8348E0BE016F5FCF
:109C80007F4F80EB90E00E942C2472DF62E370E053
:109C900080E090E00E9480D028960FB6F894DEBF56
:109CA0000FBECDBFDF91CF91089580913F06909177
:109CB00040062FEF3FEF981751F0E92FF0E0E15CFD
:109CC000F94F228130E09F5F9F7790934006C90152
:109CD00008951F920F920FB60F9211240BB60F9298
:109CE0002F938F939F93EF93FF938091C2062091C0
:109CF000C106821306C08091D1008F7D8093D10070
:109D000012C0E82FF0E0EF53F94F92818F5F8F720E
:109D10009093D6008093C2069091D0009064909367
:109D2000D000281741F3FF91EF919F918F912F91D0
:109D30000F900BBE0F900FBE0F901F9018951F92A3
:109D40000F920FB60F9211240BB60F922F938F9391
:109D50009F93EF93FF939091D60020914006E0915E
:109D60003F0681E08E0F8F77281729F0F0E0E15C45
:109D7000F94F9283E82FE0933F06FF91EF919F9177
:109D80008F912F910F900BBE0F900FBE0F901F90D1
:109D900018951F920F920FB60F9211240BB60F92C7
:109DA0002F938F939F93EF93FF939091CE002091E9
:109DB000310AE091300A81E08E0F8F77281729F061
:109DC000F0E0E05DF54F9283E82FE093300AFF91D9
:109DD000EF919F918F912F910F900BBE0F900FBE1F
:109DE0000F901F9018951F920F920FB60F9211248B
:109DF0000F900FBE0F901F9018951F920F920FB6E5
:109E00000F9211240F900FBE0F901F9018951F9264
:109E10000F920FB60F9211240BB60F922F938F93C0
:109E20009F93EF93FF939091C6002091B30AE09126
:109E3000B20A81E08E0F8F77281729F0F0E0EE54F8
:109E4000F54F9283E82FE093B20AFF91EF919F9133
:109E50008F912F910F900BBE0F900FBE0F901F9000
:109E600018958EBD0DB407FEFDCF08958FEF8EBD02
:109E70000DB407FEFDCF8EB50895909164009B7FD1
:109E800090936400982F906A96959CBD80FD03C0C6
:109E900091E0863009F490E09DBD08950F931F93E3
:109EA000CF93DF93CDB7DEB76B970FB6F894DEBFD5
:109EB0000FBECDBFFB01018110E080911C07909186
:109EC0001D07800F911F0E9426DC882309F457C0CC
:109ED0008091860D85FF66C010921D0710921C07A9
:109EE0008FEF9FEF90930F0280930E028091340BBF
:109EF00007E719E0882311F004E31BE019821C82B4
:109F00008091B71569E975E1882311F064EB75E17B
:109F100021E0A801CE0101960E9446AB8823D1F131
:109F20008BE1FE013196A4EBB5E101900D928A958B
:109F3000E1F78091860D8F7B8093860DA0917B0D3C
:109F4000AA3080F481E08A0F80937B0D8BE18A9F99
:109F5000D0011124A153BA4EE4EBF5E101900D922A
:109F60008A95E1F78FEF9FEF909327028093260267
:109F7000CE0101960E94D82781E0809321076B963D
:109F80000FB6F894DEBF0FBECDBFDF91CF911F910A
:109F90000F9108950E94972BB8018BEC98E10E94D5
:109FA00087DFE6CF80911C0790911D07080F191FCE
:109FB00010930F0200930E02DFCFFB0181818F3FD0
:109FC00091F0882341F08E3FF9F446E060E070E0C4
:109FD000CB010E944B9A0E94AE9960E070E0CB01E9
:109FE0000E94829906C046E060E070E0CB010E94CA
:109FF0004B9A40E355E760E070E081E199E10E940F
:10A00000269B81E0809321070895CF93DF93FB0186
:10A01000C081D181DC27CD27DC27FC0180819181A3
:10A020008131F0E29F0731F08231904281F0DF917F
:10A03000CF910895BE01DD0F880B990B0E946DF240
:10A0400046E00E944B9A81E080932107F0CF0E9466
:10A05000AE99BE01DD0F880B990B0E946DF20E9434
:10A060008299F1CFFB018181823091F0833019F127
:10A070008130E9F40E94AE9960E070E088E493E4F6
:10A080000E94829946E060E070E080E792E40DC0B3
:10A090000E94AE9960E070E080E793E40E948299AC
:10A0A00046E060E070E080EA92E40E944B9A81E032
:10A0B0008093210708950E94AE9960E070E080E7E8
:10A0C00093E4DECF2F923F924F925F926F927F92F6
:10A0D0008F929F92AF92BF92CF92DF92EF92FF92B8
:10A0E0000F931F93CF93DF93CDB7DEB762970FB671
:10A0F000F894DEBF0FBECDBF0E94B63687FDD4C335
:10A1000088ED9FE20E9432A185E40E94261B812CEB
:10A11000912CA12C30E4B32E882379F00E94FF20EB
:10A120004B015C0120E030E0A9010E944BFB87FF5E
:10A1300004C0B7FAB094B7F8B0948CE0EDEEF3E059
:10A14000DE01119601900D928A95E1F788E50E9453
:10A15000261B882351F040E050E0BA0188E50E94B8
:10A160002D2169837A838B839C8389E50E94261B3A
:10A17000882351F040E050E0BA0189E50E942D218A
:10A180006D837E838F8398878AE50E94261B8823B0
:10A1900051F040E050E0BA018AE50E942D21698724
:10A1A0007A878B879C87C0905107D0905207E090A8
:10A1B0005307F090540785E50E94261B882321F061
:10A1C0000E94FF206B017C0120E030E0A901C70163
:10A1D000B6010E944BFB87FF04C0F7FAF094F7F832
:10A1E000F0946AE070E082E40E94F22080916A0DAF
:10A1F00081115AC361E084ED98E00E94D52E46EDAE
:10A200005BE161EF78E085E00E941ACB10916A0D66
:10A2100081E0810F80936A0D0E94C3388E87882366
:10A2200041F08091860D8B7F8093860D1E5F109389
:10A230006A0D0E94739780E1E0E2FAE0A1E3B5E0E5
:10A2400001900D928A95E1F787E00E94B78F8D8784
:10A25000811157C129852F878A85888B2B85298B6A
:10A260008C858A8B2090280A3090290A40902A0AEF
:10A2700050902B0A20E030E040E251E4C201B101ED
:10A280000E9424F93B018C0120E030E04AEF53E4C6
:10A290000E944BFB181624F4612C712C0AEF13E476
:10A2A0009301A8016F85788989899A890E944BFB5F
:10A2B000181624F46F84788809891A89A2019101FB
:10A2C000B301C8010E9423F92E85222351F0209169
:10A2D0004C07222331F041E02D85211140E00E94FE
:10A2E00018220E94918420E030E0A901C501B40148
:10A2F0000E9467F2882369F00E94FC83811109C0E3
:10A30000C501B401905820E030E040E752E40E94DB
:10A310007C928D858111E1C2BE016F5F7F4F0E94EB
:10A32000F19720E030E0A901C701B6010E9467F271
:10A33000882309F451C062E080E017D9882309F42A
:10A340004BC08AEC9FE20E9432A120E030E040E75F
:10A3500052E460E070E080E591EC0E947C9268E855
:10A3600073E180E090E00E94423820E030E048EC69
:10A3700051E460E070E088EA91E40E947C92809071
:10A380000D0A90900E0AA0900F0AB090100A80E07B
:10A3900090E0A8ECB1E480930D0A90930E0AA0938C
:10A3A0000F0AB093100AC701B601905820E030E0C0
:10A3B00040E251E40E947C9280920D0A90920E0A33
:10A3C000A0920F0AB092100A0E940D8264E670E01B
:10A3D00080E090E00E9442380E940D8264E670E0C6
:10A3E00080E090E00E94423860E083E00E94E4CA8E
:10A3F0000E94972B87EF98E00E946E2B0E941AD143
:10A40000685370458F4F9F4F6093C8077093C9077B
:10A410008093CA079093CB071092CC0710914A05FE
:10A4200083E080934A0585E699E00E94512F85E6F6
:10A4300099E00E9432A181E080931F0780911F075D
:10A44000882309F463C08091CC07882309F455C0A0
:10A450008BE69FE20E9432A10E94972B88E499E04C
:10A460000E946E2B40E069E379E082E00E942C2F8D
:10A4700082E399E00E94082F0E94242F89E399E04B
:10A480000E9432A141E060E070E0CB01CAD840E018
:10A4900065E279E085E00E942C2F0E94242F85E25E
:10A4A00099E00E9490C70E94AE9960E080E05DD87C
:10A4B00060E083E00E94E4CA0E94972B87EF98E057
:10A4C0000E946E2B0E941AD1685370458F4F9F4F88
:10A4D0006093C8077093C9078093CA079093CB070E
:10A4E0001092CC0789E199E00E94512F89E199E00F
:10A4F0000E9432A181E080931F0781E00E94073A09
:10A500009DCF60E070E080E090E4DECE10934A05DD
:10A5100070E060E082E50E94F2208C01C0904D075F
:10A52000D0904E07E0904F07F09050078CE40E94C7
:10A53000261B882321F00E94FF206B017C0120E074
:10A5400030E0A901C701B6010E944BFB87FF04C0A0
:10A55000F7FAF094F7F8F09480916A0D882309F4E3
:10A56000A3C1B090CC070E94AE998091A70D9091A5
:10A57000A80D801791071CF4C8010E94749960E02F
:10A5800080E00E94B54A882309F4A5C0BB2061F190
:10A5900083EA9FE20E9432A10E94972B80EB99E010
:10A5A0000E946E2BB0904A0583E080934A0581E0BB
:10A5B00080931F0782EA99E00E9432A140E362E99A
:10A5C00079E082E00E942C2F8CEA9AE00E94082F0A
:10A5D0000E94242F80911F07882321F081E00E9490
:10A5E000073AF8CFB0924A0586E99FE20E9432A16D
:10A5F00020E030E0A901C701B6010E9467F288237C
:10A6000021F180900D0A90900E0AA0900F0AB09050
:10A61000100A80E090E0A8ECB1E480930D0A9093DA
:10A620000E0AA0930F0AB093100A20E030E040EC2D
:10A6300050E4C701B6010E947C9280920D0A90926C
:10A640000E0AA0920F0AB092100A23E0D22E89E8D7
:10A650009FE20E9432A120E030E040E450E460E05C
:10A6600070E088E492E40E947C928091430593E735
:10A67000E92E99E0F92E811104C08CEAE82E8AE0D7
:10A68000F82E40E06BE879E081E00E942C2F81E811
:10A6900099E00E94082FC7010E94082F0E94242FD2
:10A6A000F0904A05D0924A0510921F071092440577
:10A6B0008EE49FE20E9432A180914405811104C082
:10A6C00081E00E94073AF8CFF0924A05813009F400
:10A6D000BECF0E94282F101611063CF4C8010E941C
:10A6E000749960E080E00E949DA98BE79FE20E9440
:10A6F00032A160E081E00E94B54A20E030E040E70E
:10A7000052E460E070E080E090EC0E947C9287E090
:10A710000E94B78F81115CC080912C0A90912D0A04
:10A72000A0912E0AB0912F0A4091280A5091290A2F
:10A7300060912A0A70912B0A009135051091360517
:10A740002091370530913805C0903105D090320501
:10A75000E0903305F0903405C0922707D092280787
:10A76000E0922907F0922A0700932B0710932C07F9
:10A7700020932D0730932E0740932F0750933007D7
:10A7800060933107709332078093330790933407B7
:10A79000A0933507B093360760E070E088EC92E450
:10A7A0000E9415B68091390590913A05A0913B051C
:10A7B000B0913C0580932F0790933007A093310709
:10A7C000B093320760E070E080EA90E40E9415B632
:10A7D00020E030E040E752E460E070E080E090E4A8
:10A7E0000E947C92C0903D05D0903E05E0903F05D0
:10A7F000F090400520E030E0A901C701B6010E94B9
:10A8000067F287FF08C020E030E040E752E4C7016C
:10A81000B6010E947C9280913D0590913E05A091E9
:10A820003F05B091400580932C0A90932D0AA09388
:10A830002E0AB0932F0A8093330790933407A09386
:10A840003507B09336070E94B39261E082ED99E03C
:10A850000E94D52E80916A0D815080936A0D46ED3D
:10A860005BE16AED79E085E00E941ACB8091840972
:10A87000823011F40E944E9780916A0D882381F0F6
:10A88000815080936A0D0E94E8D280914C07882302
:10A8900039F040E060E070E080E090E40E9418222F
:10A8A0000E94E8360E9494CA62960FB6F894DEBF02
:10A8B0000FBECDBFDF91CF911F910F91FF90EF9011
:10A8C000DF90CF90BF90AF909F908F907F906F90D0
:10A8D0005F904F903F902F9008958BED98E00E94ED
:10A8E00090C71FCD2F923F924F925F926F927F92AF
:10A8F0008F929F92AF92BF92CF92DF92EF92FF9290
:10A900000F931F93CF93DF93CDB7DEB7E1970FB6C9
:10A91000F894DEBF0FBECDBF89AB20914A0528ABAE
:10A9200011E010934A0580916A058D3409F4FCC248
:10A93000843509F443C08734E9F4209168053091E7
:10A9400069052B31310509F481C0B8F42430310593
:10A9500058F42230310580F181E02230310509F0D0
:10A9600080E00E94BF432AC02430310579F12531AF
:10A97000310521F10E947ADE21C02A32310509F425
:10A980004EC160F42D31310509F417C108F481C0BE
:10A990002E31310579F70E94936910C02B353105AE
:10A9A00009F41BC22C35310509F41BC22A353105C7
:10A9B00009F71092BD1402C00E94E13989A98111E2
:10A9C0000C94635D0E94B9CA0C94635D80E50E949B
:10A9D000261BC12CD12C7601882321F00E949320C4
:10A9E0006B017C0183E50E94261B882361F00E9495
:10A9F000FF2020E030E04AE754E40E94CCF20E94BD
:10AA00006DFA6B017C010E949184C114D104E104B0
:10AA1000F104A1F280917C14811104C08BE39AE0CF
:10AA20000E9490C70E941AD14B015C010E941AD16A
:10AA3000681979098A099B096C157D058E059F05A2
:10AA400008F0BCCF80E00E94073AF0CF87E00E9478
:10AA5000EAAD8111B3CF70E060E080E50E94F220A2
:10AA60008530910578F49CE0E9EFF3E0DE01119682
:10AA700001900D929A95E1F7BE016F5F7F4F0E94A2
:10AA8000F1979CCF64E47AE08CE59AE00E94B22EC4
:10AA900095CF87E00E94B78F811111C08091390650
:10AAA00090913A06A0913B06B0913C064EE0B695D7
:10AAB000A795979587954A95D1F780FD7FCF0E94FE
:10AAC00091840E941AD160936B0970936C098093F2
:10AAD0006D0990936E091092360280E00E943B2827
:10AAE0000E94099181E0809308090E94E194C0903E
:10AAF0003906D0903A06E0903B06F0903C0639E1EA
:10AB0000F694E794D794C7943A95D1F7C0FE0DC058
:10AB100081E00E94B78F182F82E00E94B78F111139
:10AB20000C940B6911E0811101C010E0809139068D
:10AB300090913A06A0913B06B0913C0627E1B6956C
:10AB4000A795979587952A95D1F780FF02C00C9419
:10AB5000FF67112311F40C940268012F10E08C2D73
:10AB60008170982E0C94126841E060E070E080E8FB
:10AB700090E40C94FC6888E79AE00E9490C70E94D9
:10AB8000972B86E69AE00E946E2B0E940A93809192
:10AB9000070980930809992049F040915E0921E056
:10ABA00060E070E080E890E40E9411920E94F090D2
:10ABB0000E94659303CF982EE8CF0E941AD160932C
:10ABC0006B0970936C0980936D0990936E09809165
:10ABD0008D0981111DC08091390690913A06A0918E
:10ABE0003B06B0913C06FDE0B695A79597958795F5
:10ABF000FA95D1F780FF04C089E89AE00E943D6988
:10AC000087E00E94EAAD8111D9CE0E94CB6AD6CEF0
:10AC100060E08FE40E94DD208823E9F2CFCE8091AE
:10AC20005909833008F4CACE89E40E94261BE82E15
:10AC300000E0882319F00E94EF20082F8AE40E9488
:10AC4000261BF82E10E0882319F00E94EF20182F01
:10AC5000EE2011F0053020F4FF2039F0153028F0F7
:10AC60008DE89AE00E946E2BA9CE80E1E0E2FAE046
:10AC7000A7E2B7E001900D928A95E1F7EE2011F17D
:10AC8000602F70E090E080E00E946DF22091440718
:10AC90003091450740914607509147070E94CCF2FA
:10ACA00020913C0730913D0740913E0750913F076E
:10ACB0000E9424F96093270770932807809329073F
:10ACC00090932A07FF2011F1612F70E090E080E05F
:10ACD0000E946DF2209148073091490740914A0740
:10ACE00050914B070E94CCF22091400730914107D0
:10ACF00040914207509143070E9424F960932B072B
:10AD000070932C0780932D0790932E07809139061E
:10AD100090913A06A0913B06B0913C06EFE0B695C3
:10AD2000A79597958795EA95D1F780FF38C0EE20D3
:10AD3000D1F0E091210EF091220E208131814281EB
:10AD4000538160912707709128078091290790917E
:10AD50002A070E9423F9609327077093280780939E
:10AD6000290790932A07FF20D1F0E091210EF0915E
:10AD7000220E248135814681578160912B07709185
:10AD80002C0780912D0790912E070E9423F9609344
:10AD90002B0770932C0780932D0790932E0740E08C
:10ADA00050E0BA0186E40E942D216B017C0120E075
:10ADB00030E0A9010E944BFB18165CF420E030E063
:10ADC00040E752E4C701B6010E9400FA0E9415B69E
:10ADD000F5CD60E070E0CB01F9CF8FE08093BD143A
:10ADE000EDCD80916705882381F1893009F0E6CDAA
:10ADF00065E0A62E64E0B62E70E2C72E7AE0D72E6C
:10AE0000E12C10E000E0D5018D915D010E94261B30
:10AE1000F82E882361F0033011F0E82EF12E0E9405
:10AE2000FF20F60160837183828393831F2D0F5F60
:10AE3000F4E0CF0ED11C043031F7EE2009F464C0E9
:10AE40000E940A930E946593B9CD85E094E099A78A
:10AE500088A74FE5642E49E0742E50E2452E5AE053
:10AE6000552E10E000E0A8A5B9A58D91B9A7A8A717
:10AE70000E94261B382E8823E9F10E94FF206B01D7
:10AE80007C01033049F0F3012081318142815381FB
:10AE90000E9423F96B017C01D2012D913D914D91CE
:10AEA0005C91C701B6010E9423F94B015C012DEBB7
:10AEB00037E346E855EB0E944BFB87FD0AC02DEBBC
:10AEC00037E346E855E3C501B4010E9467F218165E
:10AED0008CF40330F9F0A5019401F30160817181D4
:10AEE000828193810E9424F9D3016D937D938D9388
:10AEF0009C9313970F5FB4E06B0E711CE4E04E0E51
:10AF0000511C043009F0AFCF112309F49BCF0E94EC
:10AF1000B39298CFC0922C0AD0922D0AE0922E0ABA
:10AF2000F0922F0A132DE6CF809168059091690564
:10AF30008837910511F40C942B6008F0D2C181354B
:10AF4000910509F403C708F03DC18931910509F461
:10AF5000C3C408F0E3C08431910509F45CC408F06F
:10AF600084C08131910509F419C408F058C00297D2
:10AF700008F000CD80E50E94261BC12CD12C760163
:10AF8000882321F00E9493206B017C0183E50E94BD
:10AF9000261B882361F00E94FF2020E030E04AE772
:10AFA00054E40E94CCF20E946DFA6B017C010E9475
:10AFB00091848091650590916605009709F4DBC343
:10AFC0000E94F3A000916505109166050115110519
:10AFD00009F4D6C30E94282F82E08093710960E0B3
:10AFE00086EA9AE00E94EE2EB09079158FEF80935A
:10AFF000791580E20E949120C8010E9414280E94C5
:10B000009A2BB09279158CEA9AE00E94082F0E9440
:10B01000242F40E0C701B6010E94114BCFCC4297CC
:10B0200009F0A8CC83E50E94261B882309F4B4C646
:10B030000E941AD160936B0970936C0980936D091B
:10B0400090936E090E94FF2020E030E04AE754E42C
:10B050000E94CCF20E946DFA609302027093030288
:10B060008093040290930502A9CC8631910509F4DE
:10B0700004C408F4FFC38731910509F41BC4489741
:10B0800009F078CC0E94AE9961E080E00E949DA911
:10B0900083E50E94261B882321F00E94A3200E94A2
:10B0A000FF1F84E50E94261B8823A9F00E94A3208D
:10B0B0006B017C010E943397C0922207D092230734
:10B0C000E0922407F0922507CD28CE28CF2819F04A
:10B0D00081E0809384090E946638882381F00E9471
:10B0E000E8D20E94B13885E095E10E9491D2109299
:10B0F0005F0B1092600B1092610B1092620B61E07B
:10B1000086E099E10E94D52E46ED5BE16DE17BE0A2
:10B1100085E00E941ACB0E9494CA50CC8E319105D2
:10B1200009F483C498F48B31910509F419C408F427
:10B1300008C48C31910509F470C44D9709F01ACCFC
:10B140008091860D8E7F8093860D38CC8B3491054F
:10B1500009F499C460F58F31910509F476C480979C
:10B1600009F008CC0E94C33881110E94918480911B
:10B17000860D84FF23CC60E080E50E94DD20182F3F
:10B18000682F80916505909166050E9488DE83E5B1
:10B190000E94261B882321F00E94A3200E94FF1FEB
:10B1A0000E94E8D211110ACC0E94B13807CC8C342D
:10B1B000910509F46CC48D34910509F0DBCB0E9434
:10B1C0008F97FCCB8C36910509F433C508F054C039
:10B1D0008C35910509F430C688F58335910509F45D
:10B1E000D3C508F4C9C58435910509F41BCF85354D
:10B1F000910509F0BFCB83E50E94D81A882309F492
:10B20000FDC50E941AD160936B0970936C098093FD
:10B210006D0990936E090E94FF2020E030E04AE71C
:10B2200054E40E94CCF20E946DFA6093450570933D
:10B2300046058093470590934805C0CB8936910514
:10B2400009F433C440F48836910509F093CB80E0CB
:10B250000E941137B3CB8A36910509F450C48B365E
:10B26000910509F087CB60E080E50E94C420811140
:10B27000A5CB10927A14A2CB8137910509F419C598
:10B28000A8F48E36910509F45CC408F409C48F361D
:10B29000910509F48BC48037910509F06BCB41E02F
:10B2A00070E060E087EA9BE00E94C3378537910534
:10B2B00009F46AC658F48237910509F45DC68337EC
:10B2C000910509F057CB0E94DE2B78CB863791058C
:10B2D00009F46EC68737910509F04CCB0E94909413
:10B2E0006DCB8239F1E09F0711F40C94316408F0C2
:10B2F000F0C08E3C910511F40C94AB6108F055C080
:10B30000883C910509F4AFC6E0F48C38910509F446
:10B31000F1C458F48937910509F02CCB1092080933
:10B32000109207090E94E19449CB8B39910509F4E9
:10B33000E6C48E3B910509F01DCB81E00E944B4095
:10B340003DCB8B3C910509F4F7C6B0F4893C9105DF
:10B3500009F010CB8091390684FDC3C680913B066D
:10B36000887809F0BEC680913C06837009F0B9C6A2
:10B3700081E00E94552E22CB8C3C910509F410C728
:10B380008D3C910509F0F6CA8091390690913A06F4
:10B39000A0913B06B0913C06892B8A2B8B2B09F0A0
:10B3A00054C781E00E94C42D09CB8232A1E09A07E4
:10B3B00011F40C942E6308F03EC08C3D910511F4FD
:10B3C0000C948E6278F4833D910509F0D3CA83E52D
:10B3D0000E94D81A882309F4EFC70E94CE208093D8
:10B3E0003502ECCA8D3D910511F40C94D46288317C
:10B3F000914009F0BFCA80E50E94261B882309F40A
:10B40000DDCA0E94EF208C01892B11F00C9421637E
:10B4100083E50E94261B882311F40C9409630E9483
:10B42000EF2097FF02C00C940363BC0182E19EE011
:10B430000E94874BC3CA8F32F1E09F0711F40C942E
:10B44000296480F58D32A1E09A0711F40C94B4635D
:10B450008E32914009F08ECA83E50E94D81A182FC7
:10B46000882331F00E94EF2090931E0280931D02EA
:10B4700080E50E94D81A811104C0112311F40C94A4
:10B48000056420911D0230911E02232B11F40C94AF
:10B49000FF63882311F40C9402640E94CE208093F1
:10B4A0003B078CCA8039E1E09E0711F40C942D64AF
:10B4B0008139914009F05ECA60E082E50E94DD209A
:10B4C00090915E099111BECC682F81E00E94F094AA
:10B4D000B9CC873F21E0920711F40C94086608F07C
:10B4E000B9C0853AB1E09B0711F40C94DA64D8F442
:10B4F0008C39F1E09F0711F40C943B6438F48A39DD
:10B50000914009F037CA0E94489358CA8D39B1E07A
:10B510009B0711F40C949A67843A914009F02ACA67
:10B520000E94CF344BCA843FF1E09F0711F40C9482
:10B53000006608F082C08C3AA1E09A0711F40C94DE
:10B540005565863E914009F015CA84E50E94D81AD7
:10B550008823A1F01092D0091092D1091092D2093B
:10B560001092D3091092CE098FEF0E94742161E0EE
:10B5700070E084E50E94F2208093CE0983E50E946A
:10B58000261B882321F00E94EF200E9474218091C5
:10B59000390690913A06A0913B06B0913C0662E0D4
:10B5A000B695A795979587956A95D1F780FF06C0C0
:10B5B0008091CF09803210F40E943EE180E50E9424
:10B5C000261B882331F00E94EF20803210F40E9465
:10B5D0003EE185E50E94261B882309F4EFC90E94FD
:10B5E000EF20803208F0EAC941E050E0082E02C0A6
:10B5F000440F551F0A94E2F740955095052E000C14
:10B60000660B770B0091D0091091D1092091D209D6
:10B610003091D30940235123622373234093D009EF
:10B620005093D1096093D2097093D3099091CF09B7
:10B630008913C4C91092CD09C1C9853FE1E09E07B5
:10B6400011F40C940466863F914009F093C90E945E
:10B65000589BB4C9833523E0920711F40C94996682
:10B66000A8F58C30B2E09B0711F40C941166A0F49D
:10B67000883F914009F07EC981E08093BE070E9417
:10B6800085A31092BE07811199C90E94972B8BE761
:10B690009DE00E946E2B92C9883522E0920711F43A
:10B6A0000C9415668B35924009F064C980913A0676
:10B6B00083FF02C00C94196680913B06887111F0DB
:10B6C0000C94196681E00E94312D78C9873EB3E061
:10B6D0009B0711F40C948167B0F48C36F3E09F075C
:10B6E00009F4ADC2803A934009F044C92091650540
:10B6F000309166059091860D92609093860DC901F8
:10B700000E9493DF5BC9883EA3E09A0711F40C9472
:10B71000BA67893E934009F02DC90E9491848091B7
:10B72000860D877F8B7F8093860D80917C0D8111A4
:10B730000C94F8670E94A8270E94CC966D3371057F
:10B740008105910520F080EF9DE00E943D698CEE1F
:10B750009DE00E943D69109179158FEF80937915D6
:10B7600088ED9DE00E946E2B1093791584ED9DE08D
:10B770000E943D6923C985EC9AE00E9432A122CC47
:10B780008091680590916905892B29F08DEB9AE0ED
:10B790000E94512F3ECC85EB9AE0FACF0E94C71A47
:10B7A000882391F185E40E94D81A882361F0809162
:10B7B000410590914205892B21F00E94EF208111D3
:10B7C00002C00E94158235E0E32E34E0F32E10E033
:10B7D000F70121917F0121548091390690913A0619
:10B7E000A0913B06B0913C0604C0B695A7959795ED
:10B7F00087952A95D2F780FF03C0812F0E944F8240
:10B800001F5F133029F7DAC888ED9AE00E9490C7CD
:10B810000E947082D3C88091860D84FF24C080EF7F
:10B820009AE00E946E2B8091860D84FF17C089E9F3
:10B8300095E10E94307F8BE1E9E9F5E1DE011196A7
:10B8400001900D928A95E1F770E060E0CE010196DB
:10B850000E9468E0CE0101960E94D82781EE9AE00E
:10B860000E946E2BABC80E94972B81E09BE00E9448
:10B870006E2BA4C80E947BDBA1C80E94C338811133
:10B880009DC88091860D84FF99C80E94D8D280916E
:10B89000860D8F7E80648093860D8FEF9FEF90934F
:10B8A0002702809326020E94972B8BE09BE00E9448
:10B8B0006E2B84C88091650590916605FC012191ED
:10B8C000222331F02032D9F7DF0111971C92F7CFF4
:10B8D00060E00E9488DE72C80E94C338882329F085
:10B8E0008091860D8B7F8093860D80914C078823F5
:10B8F00039F040E060E070E080E090E40E941822BF
:10B900000E9473970E9494CA49E25BE060E37BE087
:10B9100084E00E941ACB61E082E89BE00E94D52E71
:10B920000E941AD1685370458F4F9F4F6093C8078C
:10B930007093C9078093CA079093CB071092CC07E6
:10B940003DC88091860D84FF39C883E50E94261B7F
:10B95000882309F433C80E94A3200E94FF1F2EC829
:10B960008091390690913A06A0913B06B0913C0631
:10B9700022E0B695A795979587952A95D1F780FFF0
:10B980001BC083E49BE00E946E2B8091E01688230D
:10B9900071F0BE016F5F7F4F8DED96E10E94FC7DDF
:10B9A000CE0101960E9414280E949A2B07C889E3B1
:10B9B0009BE00E946E2BF8CF0E94C338811104C017
:10B9C0000E947438882319F1C0907E0DD0907F0DAD
:10B9D000E090800DF090810D8090820D9090830D0D
:10B9E000A090840DB090850D83E69BE00E946E2BA5
:10B9F000C501B4010E9496278FE20E94C6C5C70107
:10BA0000B6010E9496270E949A2B0C94DE5482E580
:10BA10009BE00E946E2B0C94DE5480916505909102
:10BA200066050E9493DF0C94DE548091860D84FDA0
:10BA300002C00C94DE540E94D3D68091650590918B
:10BA400066050E9405E00C94DE540E94CC966C8F33
:10BA50007D8F8E8F9F8FBE016F5F7F4FCE014C9683
:10BA60000E94302540E061E0CE0101960E94E898F6
:10BA70000E94972BBE016F5F7F4F85E79BE00E947E
:10BA800087DF0C94DE540E94B1380C94DE540E947F
:10BA9000739761E082E89BE00E94D52E0C94DE54FF
:10BAA00081E00E9411370C94DE540E94B636182FA4
:10BAB00087FD09C088E89BE00E946E2B812F0E94C1
:10BAC000D2A80E949A2B98A990934A05E1960FB6A6
:10BAD000F894DEBF0FBECDBFDF91CF911F910F91C4
:10BAE000FF90EF90DF90CF90BF90AF909F908F909E
:10BAF0007F906F905F904F903F902F90089560E0FF
:10BB000080E50E94C42081110C94DE548091390696
:10BB100060917A14062F80FD02C00FEF10E083E5DC
:10BB20000E94261B882349F00E9493208B016F3FBF
:10BB3000710519F010F00FEF10E000937A140C94D7
:10BB4000DE548EE40E94261B8823B9F00E94A320B5
:10BB5000E0915A0222E6E29FF0011124E354FD4FE6
:10BB6000E081A7E6EA02F0011124E559FA4F60836B
:10BB70007183828393830C94DE54E0915A02B2E67F
:10BB8000EB9FF0011124E354FD4FE08127E6E20230
:10BB9000F0011124E559FA4F40815181628173818E
:10BBA0008BE89BE00E94962C0C94DE5483E50E9467
:10BBB000261B882321F00E94B3208093D4090E9481
:10BBC000972B80EA9BE00E946E2B8091D4098823FA
:10BBD00069F106E9E02E0BE0F02E10E000E020E035
:10BBE000F701C590D490C114D104B9F08091D40963
:10BBF00090E0002E02C0959587950A94E2F780FFA9
:10BC00000CC0BB24B394B20E222319F08CE20E9424
:10BC10009120C6010E946E2B2B2D0F5F1F4F82E0DB
:10BC2000E80EF11C05301105D9F6BECE82E99BE085
:10BC3000C0CE1092160910921F070C94DE5483E5B3
:10BC40000E94261B882311F40C94DE540E94B3201A
:10BC500090917109109271099230F9F0943009F1C4
:10BC6000913011F00C94DE54882399F0813011F05A
:10BC70000C94DE5482E08093440580914305882330
:10BC800011F40C94DE54109220020E94E8360C94B9
:10BC9000DE54909344050C94DE5410921F070C94CC
:10BCA000DE548DE099E190931809809317090C9464
:10BCB000DE5483E50E94261B882369F00E94B3208E
:10BCC0008D3320F4809301020C94DE548CE3809336
:10BCD00001020C94DE540E94972B1091010285EB17
:10BCE0009BE00E946E2B812F0E9420280E949A2B9D
:10BCF0000C94DE5480E00E944B400C94DE5483E5AB
:10BD00000E94261B882311F40C94DE540E94B32059
:10BD1000182F8C3308F08CE380938B0D0E941AD17E
:10BD20006B017C01212F30E0A8EEB3E00E94D9F82E
:10BD3000C60ED71EE81EF91EC092870DD092880D40
:10BD4000E092890DF0928A0D0C94DE540E94538685
:10BD500010927A140E9491800E948F970E94A827C7
:10BD600068EE73E080E090E00E9442388CEB9BE04C
:10BD70000E9490C70C94DE548091BD148F7D806129
:10BD80008093BD140C94DE548091BD148F7E80622C
:10BD90008093BD140C94DE540E94C71A882351F17D
:10BDA0000E94918485E40E94D81A81110E940D821C
:10BDB00015E0E12E14E0F12E10E0D7012D917D0168
:10BDC00021548091390690913A06A0913B06B0919A
:10BDD0003C0604C0B695A795979587952A95D2F706
:10BDE00080FF03C0812F0E941C821F5F133029F740
:10BDF0000C94DE540E9453860C94DE5460914505E9
:10BE000070914605809147059091480528EE33E0F2
:10BE100040E050E00E9491F869017A0188ED9BE0D2
:10BE20000E946E2BC701B6010E94962783ED9BE00E
:10BE30000E946E2B0C94DE540E94B63687FF02C01F
:10BE40000C94DE548091390684FD09C080913B0634
:10BE500087FD05C080913C06837009F488C0A5E089
:10BE6000CA2EA4E0DA2EB5EDEB2EB9E0FB2E10E0E1
:10BE7000F60181916F010E94261B882359F013302F
:10BE800099F00E94FF20D70154966D937D938D9376
:10BE90009C9357971F5FB4E0EB0EF11C143041F7F1
:10BEA0000E946E840C94DE540E94FF204B015C01C2
:10BEB00020E030E040EA51E40E9467F287FF4EC084
:10BEC000A50194016091F5097091F6098091F70937
:10BED0009091F8090E9400FA2B013C01AC019B01F2
:10BEE0006091A3097091A4098091A5099091A60978
:10BEF0000E94CCF26093A3097093A4098093A509D2
:10BF00009093A609A30192016091050A7091060A17
:10BF10008091070A9091080A0E94CCF26093050A6A
:10BF20007093060A8093070A9093080A6091B309F8
:10BF30007091B4098091B5099091B6090E946BF295
:10BF4000A30192010E94CCF20E946DFA6093B309A2
:10BF50007093B4098093B5099093B6098092F5095E
:10BF60009092F609A092F709B092F80993CF81E078
:10BF70000E94F6C90C94DE540E940EC887E39EE02E
:10BF80000E9448810C94DE5480916505909166056D
:10BF9000009751F0FC012081222331F040E061E064
:10BFA0000E94E8980C94DE540E9494CA0C94DE54CB
:10BFB000009165051091660524E08FEFF12C30E0CB
:10BFC000215009F1D8019C91492F4B7F4134A1F4B4
:10BFD00011964C914133B9F49134B1F1953409F48F
:10BFE00031E0A8014E5F5F4F8A014F5F5F4FD8017C
:10BFF0009C919032C9F3E4CF903529F4F8019181F6
:10C0000090539A30F8F0E0907915833000F588234A
:10C0100001F19FEF980F81E001C0880F9A95EAF730
:10C020008093791531110E94972BFF2021F08CEE1F
:10C030009BE00E946E2BC8010E948527E092791533
:10C040000C94DE54892FCDCFFF24F394CACF8E2DCC
:10C05000E7CF8FEFE5CF10930809109307090E94EF
:10C06000E1940C94DE548091390683FD09C08091DF
:10C070003B068C7029F481E00E948C2E0C94DE54D7
:10C080000E94B636182F87FF02C00C94DE54009130
:10C09000590784E40E94261BF82E8823B1F00E94E1
:10C0A000FF204B015C0120E030E0A9010E9467F213
:10C0B0008823A9F0B4E01B02F0011124EB5AF84FD9
:10C0C00080829182A282B3820F2D602F83E50E942D
:10C0D000DD20809359070E942E870C94DE5480E067
:10C0E000F8CF0E94B63687FF02C00C94DE5405E0FC
:10C0F00014E0E5EDEE2EE9E0FE2EF9E0CF2EF4E0BF
:10C10000DF2EF80181918F010E94261B882361F0A8
:10C110000E94FF200E946DFAD7016D937D938D934D
:10C120009C9313970E942084B4E0EB0EF11CC01680
:10C13000D10639F70C94DE548091390684FD0DC088
:10C1400080913B06887849F480913C06837029F4FD
:10C1500081E00E942E2E0C94DE540E94B63687FF9A
:10C1600002C00C94DE5475E0E72E74E0F72E10E068
:10C1700000E0F70181917F010E94261B882349F08E
:10C180000E94FF20F801EB52F64F64A375A386A32B
:10C1900097A30C5F1F4F0031110559F70C94DE5423
:10C1A00080913A0687FD09C080913B068E7029F484
:10C1B00081E00E940F2E0C94DE5483E50E94261B22
:10C1C000882391F00E94FF206093090A70930A0A65
:10C1D00080930B0A90930C0A6093110A7093120AD1
:10C1E0008093130A9093140A80E50E94261B8823EB
:10C1F00051F00E94FF206093090A70930A0A80930D
:10C200000B0A90930C0A82E50E94261B882351F0AA
:10C210000E94FF2060930D0A70930E0A80930F0A0C
:10C220009093100A84E50E94261B882311F40C9435
:10C23000DE540E94FF206093110A7093120A8093CB
:10C24000130A9093140A0C94DE5482E40E94261B75
:10C25000882351F00E9493206093E5097093E609CA
:10C260008093E7099093E80983E50E94261B8823C1
:10C2700051F00E94FF206093150A7093160A809374
:10C28000170A9093180A84E50E94261B882351F010
:10C290000E94FF206093190A70931A0A80931B0A68
:10C2A00090931C0A88E50E94261B882351F00E9467
:10C2B000FF20609397097093980980939909909350
:10C2C0009A0989E50E94261B882351F00E94FF20CD
:10C2D00060939B0970939C0980939D0990939E099C
:10C2E0008AE50E94261B182F882351F00E94FF2008
:10C2F00060939F097093A0098093A1099093A2096C
:10C3000085E40E94261B882351F00E94FF20609341
:10C31000A3097093A4098093A5099093A6091123FA
:10C3200011F40C94DE542DEC3CEC4CEC5DE360918C
:10C330009F097091A0098091A1099091A2090E9482
:10C3400067F2181614F40C94DE548FEE9BE00E94F2
:10C350006E2B0C94DE548091390690913A06A09190
:10C360003B06B0913C0605E014E05AE0E52E59E0AA
:10C37000F52E68E0C62E64E0D62E892B8A2B8B2BF7
:10C3800029F481E00E94A52D0C94DE54D8018D91F2
:10C390008D010E94261B882339F00E94FF20F7019F
:10C3A0006083718382839383F4E0EF0EF11CC016E7
:10C3B000D10661F70C94225710913502105D8DE380
:10C3C0009CE00E946E2B812F0E94C6C58091350291
:10C3D0006AE97FE1811102C066E97FE189E39CE0BF
:10C3E0000E94B22E8091370290913802A0913902BA
:10C3F000B0913A028C8F9D8FAE8FBF8F80913B02A0
:10C4000090913C02A0913D02B0913E0288A399A375
:10C41000AAA3BBA380913F0290914002A091410248
:10C42000B09142028CA39DA3AEA3BFA3CE014C96B4
:10C430000E948E1A8091430290914402A09145027D
:10C44000B091460289839A83AB83BC838091470273
:10C4500090914802A0914902B0914A028D839E8337
:10C46000AF83B88780914B0290914C02A0914D020E
:10C47000B0914E0289879A87AB87BC87CE0101961F
:10C480000E948E1ACCA0DDA0EEA0FFA048A059A06B
:10C490006AA07BA08C8C9D8CAE8CBF8C81E39CE0D1
:10C4A0000E946E2BB501A40181E29CE00E94842BC6
:10C4B000B301A20187E490E30E94842BB701A60197
:10C4C00084E490E30E94842B8FE29CE00E946E2B18
:10C4D000C984DA84EB84FC844D805E806F8078842C
:10C4E00089809A80AB80BC8087E29CE00E946E2BA2
:10C4F000B501A40181E29CE00E94842BB301A2015A
:10C5000087E490E30E94842BB701A60184E490E3C2
:10C510000E94842B0E949A2B0C94DE548091390641
:10C5200090913A06A0913B06B0913C0660911102B1
:10C53000709112020097A105B10551F489E49CE0C5
:10C540000E94EC3686E49CE00E946E2B0C94DE5434
:10C550008C019D0141E136952795179507954A95E0
:10C56000D1F700FF08C020910602309107023093F6
:10C57000120220931102B695A7959795879580FF93
:10C5800004C0709307026093060283E50E94261B95
:10C59000882311F40C94DE540E94EF209093120231
:10C5A000809311020C94DE540E94B636182F87FF38
:10C5B00002C00C94DE5483E50E94261B882341F0C0
:10C5C0000E94EF20BC01812F0E94321B0C94DE548C
:10C5D0000E94972B85E40E94C6C580E3810F0E94CC
:10C5E0009120E12FEE0FFF0BE95EFD4F608171811D
:10C5F0008DE49CE00E94EC3685E20E9491200E942E
:10C600009A2B0C94DE5482E19EE00E94564B0C94CF
:10C61000DE540E94972B70E060E088E59CE00E9469
:10C62000EC3682E19EE00E948A1B8C0185E59CE04D
:10C630000E946E2BC8010E94E2360E949A2B0C9435
:10C64000DE540E94942BB8018FE69CE00E94EC36E9
:10C6500080E69CE00E946E2B0C94DE548AE50E94DA
:10C66000261B882309F45CC00E94FF2020E030E0F4
:10C6700040E050EC0E9467F2C12CD12CE12C20EC60
:10C68000F22E87FD13C00E94FF2020E030E040E042
:10C6900050E40E944BFBC12CD12CE12C90E4F92EEC
:10C6A000181624F00E94FF206B017C012091F109F3
:10C6B0003091F2094091F3095091F409C701B60194
:10C6C0000E94CCF20E9468FACB010E945FD161E027
:10C6D00080E50E94DD20882341F1A7019601609149
:10C6E0001D0E70911E0E80911F0E9091200E0E94C3
:10C6F00024F960931D0E70931E0E80931F0E90936D
:10C70000200E0E94972B40911D0E50911E0E60919D
:10C710001F0E7091200E85E89CE00E94942D05C0AC
:10C7200083E50E94261B81119FCF80913B0687FDE8
:10C7300014C080913C06837081F40E94972B409135
:10C740001D0E50911E0E60911F0E7091200E86E7F7
:10C750009CE00E94942D0C94DE5482E50E94D81A2D
:10C760008111EBCF0C94DE548091390683FD09C012
:10C7700080913A06817829F481E00E94582D0C942A
:10C78000DE5480E50E94261B882351F00E94FF2082
:10C790006093BB0D7093BC0D8093BD0D9093BE0D47
:10C7A00089E40E94261B882381F00E94FF2021E754
:10C7B00032EB47E25EE30E94CCF26093BF0D7093D0
:10C7C000C00D8093C10D9093C20D84E40E94261B7E
:10C7D000882381F00E94FF2021E732EB47E25EE3ED
:10C7E0000E9400FA6093C30D7093C40D8093C50D31
:10C7F0009093C60D81E08093AA0D0C94DE5481E0E5
:10C800000C944F5A80E00C944F5A0E94972BE09062
:10C810001D02F0901E0280913B0708E91CE0811187
:10C8200002C004E91CE08FEA9CE00E946E2BC80164
:10C830000E946E2B8EE99CE00E946E2BC7010E9425
:10C84000E2368BE99CE00E946E2B0E949A2B0C949E
:10C85000DE540E94722F0C94DE540E9491840C943A
:10C86000DE5460E082E50E94DD200E9498270E944D
:10C8700065930C94DE5480913906887809F049C09C
:10C8800080913B06867009F044C00E94972B8091EE
:10C8900020020AE91FE1811102C006E91FE18BEFC6
:10C8A0009CE00E946E2BC8010E946E2B4091E40315
:10C8B0005091E5036091E6037091E7038EEE9CE0F2
:10C8C0000E94842B8BEE9CE00E946E2B4091E8032B
:10C8D0005091E9036091EA037091EB0387ED9CE0CE
:10C8E0000E94842B84ED9CE00E946E2B8091490570
:10C8F0000AE91FE1811102C006E91FE182EC9CE018
:10C900000E946E2BC8010E946E2B0E949A2B0C94E1
:10C91000DE5488E40E94D81A882321F00E94CE2099
:10C9200080934905C0903906D0903A06E0903B06C6
:10C93000F0903C0681E1F694E794D794C7948A95E9
:10C94000D1F721E0C222DD24EE24FF2483E50E94FA
:10C95000D81A182FCD28CE28CF2811F4882341F0DB
:10C960000E94E836112321F00E94CE2080932002FD
:10C9700084E40E94261B882351F00E94FF206093CC
:10C98000E4037093E5038093E6039093E7038CE45C
:10C990000E94261B882311F40C94DE540E94FF2071
:10C9A0006093E8037093E9038093EA039093EB03A9
:10C9B0000C94DE546FEF7FEF89E40E94F220082F81
:10C9C0006FEF7FEF8AE40E94F220182F8AE50E9421
:10C9D000261BD12C811107C081E50E94261BD82E71
:10C9E000882309F410C4C02E81E0800F863008F03F
:10C9F00054C0912E81E0810F863008F04EC00E9415
:10CA0000FF202B013C01F02E07FDF12C07FF02C097
:10CA100004E0C02E812E17FD812C17FF02C014E008
:10CA2000912EB5E03B2ECF14A0F1E82C3F9C500195
:10CA300011249E1460F10E2D10E020E030E0A901D9
:10CA4000DD2069F0F501E00FF11FEE0FFF1FEE0F83
:10CA5000FF1FE65AF84F20813181428153810A0D30
:10CA60001B1D000F111F000F111F065A184FC30185
:10CA7000B2010E9424F9D8016D937D938D939C930C
:10CA800013976E2D8F2D0E94BAA0E394D2CFF3940A
:10CA9000CACF0E947E2A0C94DE540E94942B8CE212
:10CAA0009DE00E946E2B0C94DE5487E00E94EAAD5C
:10CAB00081110C94DE5478E7C72E7CE1D72EE0E29A
:10CAC0002E2EEAE03E2E8E010F5F1F4FF12CE12C3F
:10CAD000F6016591759185919491F1018190919004
:10CAE000A190B1901F01A50194010E9423F92B018F
:10CAF0003C01D8014D925D926D927C92139720E09B
:10CB000030E040EA51EC0E944BFB87FD0AC020E078
:10CB100030E040EA51E4C301B2010E9467F2181606
:10CB20007CF4F701EA5FF04DE4911E164CF4B7FA7D
:10CB3000B094B7F8B094F80180829182A282B38257
:10CB4000D8018D909D90AD90BC9020E030E040EAFF
:10CB500051ECC501B4010E944BFB87FD43C020E0AE
:10CB600030E040EA51E4C501B4010E9467F21816B2
:10CB7000CCF1BFEFEB1AFB0AE4E0CE0ED11C0C5F48
:10CB80001F4FF3E0EF16F10409F0A2CF89819A81DB
:10CB9000AB81BC8180930A0990930B09A0930C0987
:10CBA000B0930D098D819E81AF81B88580930E0968
:10CBB00090930F09A0931009B093110989859A8564
:10CBC000AB85BC858093120990931309A093140937
:10CBD000B09315090E94659385E49DE00E9490C77B
:10CBE0000C94DE540E94942B85E69DE00E946E2BEF
:10CBF00041E061E085E59DE00E941D990C94DE54C2
:10CC00000E94089D0C94DE540E940BA80C94DE54E4
:10CC100061E083E50E94DD2081270E9477820C94E9
:10CC2000DE540E94C0980C94DE540E9462500C9412
:10CC3000DE540E94B636082F87FF02C00C94DE54E3
:10CC400085E50E94261B882361F10E94FF204B018D
:10CC50005C01E02E002E000CFF0820E030E0A9016E
:10CC60000E944BFB87FF04C0B7FAB094B7F8B094AA
:10CC700020E030E048E453E4C501B4010E944BFBDE
:10CC8000970153E0220F331F5A95E1F7235B384F8A
:10CC90001816D4F1D90114968D929D92AD92BC9242
:10CCA00017978CE40E94261B882311F40C94DE5401
:10CCB0000E94FF206B017C01002E000C110B20E074
:10CCC00030E0A9010E944BFB87FF04C0F7FAF09403
:10CCD000F7F8F09420E030E048E453E4C701B601EF
:10CCE0000E944BFB980143E0220F331F4A95E1F766
:10CCF000235B384F181694F0D901CD92DD92ED9256
:10CD0000FC9213970C94DE5480E090E0A8E4B3E426
:10CD1000F90184839583A683B783C3CF80E090E035
:10CD2000A8E4B3E4F90180839183A283B3830C94D4
:10CD3000DE5480913B0687FD09C080913C068370DC
:10CD400029F481E00E949D2B0C94DE543090150E46
:10CD50004090160E5090170E6090180E7090190E9D
:10CD600080901A0E20901B0EF0911C0EF8A7C09018
:10CD70001D0ED0901E0EE0901F0EF090200E88E544
:10CD80000E94261B182F882309F48AC00E94FF20C6
:10CD9000962EA72EB82E092F20E030E04AEF53EC54
:10CDA0000E944BFB87FD0DC020E030E04AEF53E4CA
:10CDB000692D7A2D8B2D902F0E9467F218160CF09A
:10CDC00071C06CE07EEF82EC9DE00E94EC3664EF77
:10CDD00071E08DEB9DE00E94EC368AEB9DE00E94B5
:10CDE0006E2B10E089E50E94261B882361F10E94CA
:10CDF000FF20962EA72EB82E092F20E030E04AEF14
:10CE000053EC0E944BFB87FD0DC020E030E04AEF61
:10CE100053E4692D7A2D8B2D902F0E9467F21816FE
:10CE20000CF044C06CE07EEF88EA9DE00E94EC3696
:10CE300064EF71E083EA9DE00E94EC3680EA9DE0B9
:10CE40000E946E2B10E08AE50E94261B882399F130
:10CE50000E94FF206B017C0120E030E040EA51ECB1
:10CE60000E944BFB87FD0AC020E030E040EA51E41D
:10CE7000C701B6010E9467F21816ECF46CEE7FEF62
:10CE80008EE89DE00E94EC3664E170E089E89DE068
:10CE90000E94EC3686E89DE00E946E2B0C94DE54D6
:10CEA00011E0A0CF392C2501602E9CCF792C8A2C43
:10CEB0002B2C08A7C8CF112311F40C94DE54832D1A
:10CEC000942DA52DB62D8093150E9093160EA0933C
:10CED000170EB093180E872D982DA22DB8A580930C
:10CEE000190E90931A0EA0931B0EB0931C0EC092B5
:10CEF0001D0ED0921E0EE0921F0EF092200E0C948A
:10CF0000DE5483E08093590910921F0A60E083E5A4
:10CF10000E94DD2081110C94DE54E0915A0222E639
:10CF2000E29FF0011124E354FD4F80810E94A62C62
:10CF30000C94DE548091390690913A06A0913B06FC
:10CF4000B0913C06892B8A2B8B2B29F481E00E941F
:10CF5000BB2E0C94DE5483E50E94D81A882311F46A
:10CF60000C94DE540E94CE2080934C070E94E93935
:10CF70000C94DE540E94C627882311F40C94DE54CE
:10CF80008091390690913A06A0913B06B0913C06FB
:10CF9000AC01BD0132E176956795579547953A9575
:10CFA000D1F740FF06C061E088EF0E94A89A0C9478
:10CFB000DE5422E0B695A795979587952A95D1F7E7
:10CFC00080FF12C00E94A8278091200783508230E2
:10CFD00010F00C94DE5460E083E00E94DBC585E035
:10CFE00080935A090C94DE540E946AE10C94DE543A
:10CFF0000E9428DE81110C94DE540C949A5B11116E
:10D0000007C011E000913C06017001130C94AF556C
:10D010008C2D8170012F81130C94AF5511E001E02C
:10D020009924939482E50E94261B882309F4C0C0AA
:10D030000E94FF202B013C0120E030E0A9010E946A
:10D0400067F2FF24F3948111CAC00E94CB4C0E9466
:10D05000974C112319F080E00E945395002319F09A
:10D0600081E00E945395992011F40C94C55580914C
:10D07000390690913A06A0913B06B0913C0617E024
:10D08000B695A795979587951A95D1F780FD8BC092
:10D0900083E00E94EAAD81110C94DB550E940A9353
:10D0A0008091280A9091290AA0912A0AB0912B0A0E
:10D0B0008CA79DA7AEA7BFA780932F07909330079B
:10D0C000A0933107B09332070091210E1091220EE8
:10D0D000D8012D913D914D915C9160E070E08AE71F
:10D0E00093E40E9423F92B013C01409227075092C0
:10D0F00028076092290770922A07F8012481358158
:10D100004681578160E070E08AE793E40E9423F94A
:10D1100068A779A78AA79BA760932B0770932C0712
:10D1200080932D0790932E0727E137EB41ED58EBC5
:10D130000E944BFB87FF02C00C94BB5523E030E0FC
:10D140004AEF53E468A579A58AA59BA50E9467F2DA
:10D15000181614F40C94BB5527E137EB41ED58EB4E
:10D16000C301B2010E944BFB87FF02C00C94BB5568
:10D1700023E030E04AEF53E4C301B2010E9467F2BA
:10D18000181614F40C94BB55A12CB12C6501ECA419
:10D19000FDA40EA51FA528A539A54AA55BA5C30119
:10D1A000B2010E94509182E00E9453950C94C555A3
:10D1B000F12E111103C0F92C0111F02E4091BF077F
:10D1C00041110C94B55584E00E94B78F81110C94E5
:10D1D000B455412C512C80E8682E80E4782E2091A3
:10D1E000280A3091290A40912A0A50912B0AC3013A
:10D1F000B2010E9424F940E0FF2009F42ACF20E088
:10D200000E94119222CF0E94942B8CE09DE00E94FC
:10D210006E2B0C94DE54882309F4F3CEFFCEDF92FC
:10D22000EF92FF920F931F93CF93DF93EC01E09067
:10D230007509F09076098AE0D82E6AE070E0CE0198
:10D240000E942AFC8C01009711F0FC011082CE0193
:10D250000E940F2681E00E9472540115110519F0F9
:10D26000E801D992EACFC701DF91CF911F910F91C9
:10D27000FF90EF90DF900C940F26CF92DF92EF9209
:10D28000FF920F931F93CF93DF93CDB7DEB7C156B5
:10D29000D1090FB6F894DEBF0FBECDBF8C01C09090
:10D2A0007509D09076096AE070E0C8010E944FF1DC
:10D2B0007C01801B910BE114F10419F4C8010E9458
:10D2C00075F11982A2961FAEA297AC018036910526
:10D2D00014F040E650E04F5F5F4FB801CE01019679
:10D2E0000E9461F1CE0101960E940F2681E00E940A
:10D2F0007254E114F10421F087010F5F1F4FD3CF67
:10D30000C6010E940F26CF59DF4F0FB6F894DEBF3B
:10D310000FBECDBFDF91CF911F910F91FF90EF9086
:10D32000DF90CF9008954F925F926F927F928F928D
:10D330009F92AF92BF92CF92DF92EF92FF920F93A4
:10D340001F93CF93DF93CDB7DEB7EE970FB6F89468
:10D35000DEBF0FBECDBF88E0E0E2FAE0DE019096CE
:10D3600001900D928A95E1F788E50E94261B88239B
:10D3700081F00E94FF2020915F0930916009409167
:10D380006109509162090E9423F968A379A38AA3D5
:10D390009BA389E50E94261B882381F00E94FF2021
:10D3A00020916309309164094091650950916609A3
:10D3B0000E9423F96CA37DA38EA39FA3CE01809628
:10D3C0000E9430CB882309F4DBC080E00E943B2818
:10D3D0000E9409918AE391E150DF61E085E40E94B7
:10D3E000DD202CA13DA14EA15FA12FAB38AF49AFED
:10D3F0005AAF48A059A06AA07BA0E12C082FC30116
:10D40000B2010E9462CC6B017C01AC019B010E94C5
:10D41000D3FB811187C020915F0930916009409151
:10D42000610950916209C301B2010E9424F94B01C4
:10D430005C01209163093091640940916509509124
:10D4400066096FA978AD89AD9AAD0E9424F96BAFDA
:10D450007CAF8DAF9EAF4FE150E063E371E1CE0151
:10D4600001960E9461F18AAA9BAAACAABDAA82E099
:10D470008EABBE016E5C7F4FCE0101960E940D20E7
:10D480005C01DC010D900020E9F7CD0101978A19BC
:10D490009B098E31910550F44FE150E0481B590B28
:10D4A0006FE271E18A0D9B1D0E9461F12BAD3CADD5
:10D4B0004DAD5EAD2DA73EA74FA758AB82E089AB1F
:10D4C000BE01635D7F4FC5010E940D205C01C8A6AF
:10D4D000D9A6EAA6FBA683E08CA7D5010D90002073
:10D4E000E9F7CD0101978A199B098E31910550F416
:10D4F0004FE150E0481B590B6BE271E18A0D9B1D17
:10D500000E9461F1BE01685D7F4FC5010E940D2040
:10D51000CE0101960E94852740E060E0CE01019691
:10D520000E94E8980E94F090E090280AF090290A62
:10D5300000912A0A10912B0AA12CB12C65012FA968
:10D5400038AD49AD5AADC301B2010E9450910E945D
:10D550006593EE960FB6F894DEBF0FBECDBFDF9198
:10D56000CF911F910F91FF90EF90DF90CF90BF90E0
:10D57000AF909F908F907F906F905F904F900895A5
:10D580008AE191E10E946E2B0E949A2B8AE191E13F
:10D590000E9490C7DECF2F923F924F925F926F9280
:10D5A0007F928F929F92AF92BF92CF92DF92EF9233
:10D5B000FF920F931F93CF93DF93CDB7DEB7CA5976
:10D5C000D1090FB6F894DEBF0FBECDBF80918D0993
:10D5D000888B8091390690913A06A0913B06B091D4
:10D5E0003C06AC01BD0116E17695679557954795C8
:10D5F0001A95D1F740FF00C10E942628811107C06B
:10D600000E94942B89E597E00E946E2B0FC18AE55A
:10D610000E94261B882339F10E94FF202091670970
:10D62000309168094091690950916A090E9423F973
:10D630006B017C0120E030E040E251ECC701B60113
:10D640000E944BFB87FD0AC020E030E040E251E43D
:10D65000C701B6010E9467F2181674F40E94942B59
:10D660008CE497E0D1CFC090280AD090290AE090AE
:10D670002A0AF0902B0ADECF40E050E060EC7FE712
:10D6800088E50E942D2120915F0930916009409129
:10D690006109509162090E9423F92B013C0140E08D
:10D6A00050E060EC7FE789E50E942D21209163091D
:10D6B0003091640940916509509166090E9423F9EF
:10D6C0004B015C016FEF89E40E94C420182F6FEFBB
:10D6D0008AE40E94C420082FA3019201C301B20171
:10D6E0000E94D3FB811156C0A5019401C501B4016C
:10D6F0000E94D3FB81114EC020913C0730913D0721
:10D7000040913E0750913F07C301B2010E9423F9A7
:10D7100020914407309145074091460750914707B3
:10D720000E9400FA20E030E040E05FE30E9424F92C
:10D730000E9468FA162F20914007309141074091CE
:10D74000420750914307C501B4010E9423F920917B
:10D7500048073091490740914A0750914B070E9472
:10D7600000FA20E030E040E05FE30E9424F90E94EC
:10D7700068FA062F812F012E000C990B97FD34C0FB
:10D780000597A4F5802F002E000C990B97FD30C053
:10D79000059784F5153008F049C0053008F046C0FB
:10D7A00080E00E943B2825E01202F0011124E00FE6
:10D7B000F11D07FDFA95EE0FFF1FEE0FFF1FE65A52
:10D7C000F84FC082D182E282F3820E947E2A602FCB
:10D7D000812F0E94BAA08889882341F181E00E94AC
:10D7E0003B280E94659322C010E0CCCF14E0CACF42
:10D7F00000E0D0CF04E0CECF79E0B695A79597951D
:10D8000087957A95D1F780FD0CC070E060E086E5E1
:10D810000E94F2209A838983059710F187E297E0AE
:10D82000F3CE80E00E943B280E94FF2AC656DF4FBD
:10D830000FB6F894DEBF0FBECDBFDF91CF911F9121
:10D840000F91FF90EF90DF90CF90BF90AF909F909F
:10D850008F907F906F905F904F903F902F900895A2
:10D8600060E084E40E94DD208F8740E050E0BA0150
:10D870008AE50E942D216BA77CA78DA79EA740E07B
:10D8800050E06AEF75E483E50E942D216B017C0175
:10D8900020E030E040E752E40E9467F287FF12C0C8
:10D8A00040E050E060E772E488E097E00E94842B5B
:10D8B0008BEF96E00E946E2BC12CD12C60E7E62EF8
:10D8C00062E4F62E20E030E040E752E4C701B60102
:10D8D0000E9400FA60934F027093500280935102AD
:10D8E000909352020091210E1091220EF801C080F7
:10D8F000D180E280F38020E030E0A901C701B601C9
:10D900000E9424F9C956DF4F6883C759D040C856D2
:10D91000DF4F7883C859D040C756DF4F8883C95935
:10D92000D040C656DF4F9883CA59D04020E030E03F
:10D930004CE052E40E9467F287FF16C0C956DF4FE1
:10D940001882C759D040C856DF4F1882C859D040F6
:10D95000FCE0C756DF4FF883C959D04022E4C656D1
:10D96000DF4F2883CA59D04020E030E04AEF53E42B
:10D97000C701B6010E9424F9CD56DF4F6883C35911
:10D98000D040672ECC56DF4F8883C459D040CB5649
:10D99000DF4F9883C559D04020E030E045EF53E495
:10D9A0000E944BFB181694F4CD56DF4F1882C359D2
:10D9B000D040612C85EFCC56DF4F8883C459D040CE
:10D9C00093E4CB56DF4F9883C559D040F80184804B
:10D9D0009580A680B78020E030E0A901C501B401A0
:10D9E0000E9424F97B018C0120E030E040E251E408
:10D9F0000E9467F287FF04C0E12CF12C00E211E4E1
:10DA000020E030E04AEF53E4C501B4010E9424F95C
:10DA1000B62EC72ED82ECA56DF4F9883C659D0408F
:10DA200020E030E045EF53E40E944BFB181654F41D
:10DA3000B12CC12C55EFD52EF3E4CA56DF4FF88335
:10DA4000C659D04088E40E94D81A882309F457C2E6
:10DA50000E94FF200E9468FA1B0177FF02C06F5FDF
:10DA60007F4F7595679571956195710966507F4FE8
:10DA7000072E000C880B990B0E946DF2762E872ED4
:10DA8000982EA92E9701A8010E944BFB181624F48A
:10DA9000E72CF82C092D1A2DC956DF4F2881C759BC
:10DAA000D040C856DF4F3881C859D040C756DF4FE5
:10DAB0004881C959D040C656DF4F5881CA59D04015
:10DAC000672D782D892D9A2D0E944BFB1816A4F0F6
:10DAD000C956DF4F7880C759D040C856DF4F88807D
:10DAE000C859D040C756DF4F9880C959D040C65654
:10DAF000DF4FA880CA59D040872D982DA92DBA2D67
:10DB00008B8B9C8BAD8BBE8BC701D8018F8B988F75
:10DB1000A98FBA8FB101330C880B990B0E946DF25B
:10DB20001B012C01AC019B01B701C8010E9424F923
:10DB30007B018C012B2D3C2D4D2DCA56DF4F58817A
:10DB4000C659D0400E9467F287FF08C0BE2CCF2C78
:10DB5000D02ECA56DF4F1883C659D040A20191017A
:10DB6000672D782D892D9A2D0E9424F97B018C0137
:10DB7000CD56DF4F2881C359D040362DCC56DF4FCC
:10DB80004881C459D040CB56DF4F5881C559D04049
:10DB90000E9467F287FF10C0CD56DF4FE882C3595D
:10DBA000D0406F2CCC56DF4F0883C459D040CB56A1
:10DBB000DF4F1883C559D040CD56DF4F8881C359F8
:10DBC000D040962DCC56DF4FA881C459D040CB56BB
:10DBD000DF4FB881C559D0408B8F9C8FAD8FBE8FE2
:10DBE0008B2D9C2DAD2DCA56DF4FB881C659D04024
:10DBF0008F8F98A3A9A3BAA3CE0143960E9430CBDE
:10DC0000882309F4CBC1CE014B960E9430CBD82E8D
:10DC1000882309F4C3C12F89388D498D5A8D6F8DA2
:10DC200078A189A19AA10E9423F920E030E040E880
:10DC30005EE30E94CCF24B015C012B893C894D894B
:10DC40005E896B8D7C8D8D8D9E8D0E9423F920E0E9
:10DC500030E040E85EE30E94CCF26BA37CA38DA38E
:10DC60009EA38FA298A6A9A6BAA689819A81181602
:10DC700019066CF489EC96E00E946E2B8F85882340
:10DC800021F08FEB96E00E946E2B0E949A2B0E944F
:10DC900091840E94099180E00E943B2820E041E0AD
:10DCA00060E070E080E890E40E9411928F8581111D
:10DCB00046C0209144073091450740914607509156
:10DCC00047076BA17CA18DA19EA10E9467F28111E3
:10DCD00030C0209148073091490740914A07509140
:10DCE0004B076FA178A589A59AA50E9467F28111BB
:10DCF00020C020913C0730913D0740913E07509154
:10DD00003F076B897C898D899E890E9467F281110A
:10DD100010C0209140073091410740914207509137
:10DD200043076F89788D898D9A8D0E9467F28823C9
:10DD300031F080E00E943B280E94FF2A188A60E0B0
:10DD400085E40E94DD20882309F42BC121E0CD5613
:10DD5000DF4F2883C359D0401B861C861D861E8634
:10DD60001A8A2FE8A22E26E0B22E3DE9832E36E055
:10DD7000932E0A8905300CF022C16B857C858D8538
:10DD80009E859B01AC010E94D3FB811118C1CC245C
:10DD9000C39495E0392ED11005C0CC24CA94332405
:10DDA0003A9484E091E0D926102F110F110F100F33
:10DDB0001F5F898B09896A89031509F4FCC0062E47
:10DDC000000C770B880B990B0E946DF22FA138A5E0
:10DDD00049A55AA50E94CCF22F89388D498D5A8DBC
:10DDE0000E9424F92B013C01602F000F770B880B58
:10DDF000990B0E946DF22BA13CA14DA15EA10E9446
:10DE0000CCF22B893C894D895E890E9424F96B8371
:10DE10007C838D839E834F82588669867A8689812A
:10DE20009A81892B91F08BEA96E00E946E2B812FCC
:10DE30000E94202889EA96E00E946E2B89E10E94C8
:10DE4000202886EA96E00E946E2B1F92E9E1EF936C
:10DE50001F921F93BF92AF929F928F921F920E9428
:10DE600042D12F81388549855A856B817C818D818E
:10DE70009E81E980CD56DF4F0881C359D0400E9472
:10DE800062CC2B013C014B865C866D867E860FB68C
:10DE9000F894DEBF0FBECDBFAC019B010E94D3FB47
:10DEA000811186C009892A8825E0020370011124A6
:10DEB000E20CF11C27FCFA94EE0CFF1CEE0CFF1C8C
:10DEC00081E090E08C0F9D1FE80EF91EA3019201E6
:10DED0006BA57CA58DA59EA50E9424F9F70166A7D8
:10DEE00077A780AB91AB622D802F0E94BAA0188AD1
:10DEF00081E00E94073A1F5F89898C0D5ACFA701E4
:10DF0000B80186E40E942D211B012C01C956DF4F68
:10DF10004881C759D040C856DF4F5881C859D040B2
:10DF2000C756DF4F6881C959D040C656DF4F788148
:10DF3000CA59D0408CE40E942D216B8B7C8B8D8B39
:10DF40009E8B2F8A388E498E5A8E4B2D5C2D6D2DCF
:10DF5000CA56DF4F7881C659D04082E40E942D21F5
:10DF60006B017C01CD56DF4F4881C359D040562DFF
:10DF7000CC56DF4F6881C459D040CB56DF4F7881F3
:10DF8000C559D04082E50E942D216B8F7C8F8D8FEB
:10DF90009E8FCF8ED8A2E9A2FAA22ECE8FED96E068
:10DFA00033CB83E0CD56DF4F8883C359D040D4CEE6
:10DFB00088890E943B288A898F5F8A8BDACE0E94EB
:10DFC00094CA80E00E949827882359F088890E948B
:10DFD0003B2880E090E0A0ECBFE78B879C87AD8773
:10DFE000BE876B857C858D859E859B01AC010E94DB
:10DFF000D3FB811110C08F858823A9F0CE018F96A5
:10E000000E9457348F85882319F08889882319F056
:10E0100081E00E943B280E94F0900E9491848FE64C
:10E0200096E02BD9DECBBE016D5E7F4FCE0183968D
:10E030000E94922A84E6FE01BF96AAE5B7E001900D
:10E040000D928A95E1F70E947E2A90E080E0D8CF79
:10E050001F93CF93DF9380915A0292E6899FE0014C
:10E060001124FE01E354FD4F208190E0283028F474
:10E0700091E001C0990F2A95EAF7109179159093D4
:10E08000791580939609C45ADD4F8091D40980FF99
:10E0900005C00E94972BCE010E948527CE010E94C9
:10E0A0000F2680E00E94725410937915DF91CF9172
:10E0B0001F910895DC01680F791F90E080E02D9199
:10E0C000E92FFF27E227EE0FFF1FE252F74D2591C0
:10E0D0003491982F8827822793276A177B0779F72F
:10E0E00008950F931F93CF93DF93CDB7DEB760975B
:10E0F0000FB6F894DEBF0FBECDBF8C01DC01ED91F1
:10E10000FC910280F381E02DBE016F5F7F4F199576
:10E11000882309F464C08981807CC9F56F816370AC
:10E1200070E0762F6627770F770F8885B4E08B9F96
:10E13000C0011124682B792B898582958695869557
:10E140008370682B6F5F7F4F90E080E02A8523709B
:10E15000220F3B8537FB332730F9232B3E813F705D
:10E16000230F3327331F2750310904C0660F771F51
:10E17000881F991F2A95D2F760960FB6F894DEBFD4
:10E180000FBECDBFDF91CF911F910F9108958034C5
:10E1900019F568856695669570E090E080E0CB01A2
:10E1A000772766272A85622B098510E0102F002724
:10E1B000012E000C220B330B602B712B822B932B27
:10E1C0006F5F7F4F8F4F9F4F4AE0660F771F881F0B
:10E1D000991F4A95D1F7D0CF8BE0F801848360E096
:10E1E00070E0CB01C9CF0895FC0182810895CF93DF
:10E1F000DF93C091A70DD091A80D81E0CE31D1055C
:10E20000E4F020E030E040E05FE36091A30D709126
:10E21000A40D8091A50D9091A60D0E9424F90E9455
:10E2200068FA6C1B7D0B77FF03C0719561957109CE
:10E2300081E0653071050CF080E0DF91CF910895A9
:10E24000FC0190E1A6E7B8E001900D929A95E1F704
:10E2500008950F931F9320912102203148F0F4E09C
:10E260009695879577956795FA95D1F722952F70B2
:10E27000243048F0E2E09695879577956795EA9582
:10E28000D1F726952695223020F09695879577959B
:10E290006795611528E0720781059105C8F0811125
:10E2A0004BC023E0729FA0011124415E5B4DFA0137
:10E2B00025913491FA013296E4916E9F412D1124FB
:10E2C000000C411DC901841B91091F910F910895F4
:10E2D000613271058105910550F160527109810922
:10E2E00091098B019C0183E0369527951795079539
:10E2F0008A95D1F7000F111F000F111F015E1F4DEE
:10E30000F80125913491F801329645915491677046
:10E31000649FC001659F900D112443E096958795F9
:10E320004A95E1F7A901481B590BCA01CECFEFE18D
:10E33000F0E285919491C9CF8EE190E0C6CF9091A3
:10E340006F0081E091FD02C080E0089590916F0020
:10E350009D7F90936F000895FC017081472F50E0DE
:10E36000062E02C0559547950A94E2F740FF14C067
:10E370004091260750E0062E02C0559547950A9415
:10E38000E2F740FF09C021E030E001C0220F6A95AA
:10E39000EAF72095272320830895DC01ED91FC9175
:10E3A0001197208130E012968C91F90102C0F59509
:10E3B000E7958A95E2F7CF0181700895809159021F
:10E3C00081110DC08091170990911809892B39F49A
:10E3D00081E090911909911103C080E0089581E0D6
:10E3E00008959B01692F782F832F922F0895CF9343
:10E3F000DF93FC019281992369F0C481D581209734
:10E4000049F0923051F0943071F0913019F4FB01E1
:10E4100080818883DF91CF910895FB018081918174
:10E4200098278927F6CFFB016081718182819381D2
:10E43000D8DF6883EFCF9B01692F782F832F922F2E
:10E4400008950895089510921B0781E00895109291
:10E450001E0788EC90E090930D0280930C0281E0FF
:10E4600008958FEF809310028AE090E090930B0262
:10E4700080930A0281E00895E3EFF6E011821082B2
:10E480001382128281E00895CF93DF93C091A70D8C
:10E49000D091A80D209729F16091A30D7091A40D42
:10E4A0008091A50D9091A60D0E9468FA6E5F7F4F36
:10E4B00026976C177D07ACF47093E8076093E70725
:10E4C0000E941AD160547B428E4F9F4F6093E907A0
:10E4D0007093EA078093EB079093EC07DF91CF915D
:10E4E00008951092E9071092EA071092EB07109234
:10E4F000EC07F4CFCF93DF93EC018D810E943D4F69
:10E5000060E08B81DF91CF910C94F4CFAF92BF92FA
:10E51000DF92EF92FF920F931F93CF93DF9300D080
:10E5200000D0CDB7DEB77C01D62E122F032FB42E2C
:10E53000A52EE0DF0E94C9D11E821D828D2D806430
:10E540008983AA82BB820C831D838E010F5F1F4FBC
:10E55000CE010696D801E0E02D91F0E0EE0FFF1F0E
:10E56000E227E252F84DE491A817B907A9F7EE0F98
:10E57000E160EE83580186E0A80EB11CF80181919C
:10E580008F010E94314F0A151B05C1F7FCE0DF1215
:10E5900002C00E94364F10E00E94364FF70186837A
:10E5A00087FF04C01F3F11F01F5FF6CF26960FB6FE
:10E5B000F894DEBF0FBECDBFDF91CF911F910F91B9
:10E5C000FF90EF90DF90BF90AF90089561E0FC0165
:10E5D00083810E94F4CF8FEF0C94314F0F931F93E0
:10E5E000CF938C0187DF0E94C9D1C82F81110AC047
:10E5F00082E1F8018483C801E9DF8C2FCF911F915C
:10E600000F9108958DEF0E94314F0E94C9D1C82FFC
:10E61000F2CF8F929F92AF92BF92CF92DF92EF9202
:10E62000FF920F931F93CF93DF93EC016A017B015D
:10E63000590120E030E0A90167E368DFA5019801F6
:10E6400067E1CE0163DF811125C08F81833039F00E
:10E6500089E0CC0CDD1CEE1CFF1C8A95D1F7A701CC
:10E66000960169E1CE0152DF11E0882319F010E034
:10E6700087E08C83CE01AADF812FDF91CF911F919C
:10E680000F91FF90EF90DF90CF90BF90AF909F9051
:10E690008F90089589E08C8310E0ECCFEF92FF9289
:10E6A0000F931F93CF93DF93EC01E62E8A0160E076
:10E6B00072E0CA01FFDCF82E892FEEBCF801980148
:10E6C0003E5F0DB407FEFDCF90819EBD0DB407FEE9
:10E6D000FDCF91819EBD3296E217F30791F70DB4FD
:10E6E00007FEFDCF0E94314F8F2D0E94314F0E94B7
:10E6F000364F8E838F71853061F083E18C83CE013C
:10E7000065DF80E0DF91CF911F910F91FF90EF9037
:10E71000089581E0F7CFEF92FF921F93CF93DF939D
:10E72000EC017B01E7DE0E94C9D1182F81110BC0DB
:10E7300085E18C83CE014ADF812FDF91CF911F913C
:10E74000FF90EF900895A7016CEFCE01A7DF182F7F
:10E75000F1CF0F931F93CF93DF93EC0189018F814A
:10E76000833039F089E0440F551F661F771F8A9563
:10E77000D1F79A01AB0168E1CE01C8DE882321F010
:10E7800086E08C8310E007C0A8016EEFCE0186DF23
:10E79000811109C011E0CE0119DF812FDF91CF91E6
:10E7A0001F910F9108950E94C9D1182F811103C0A4
:10E7B00087E18C83F0CF20E030E0A9016DE0CE014D
:10E7C000A5DE811104C00E94364F882319F386E12B
:10E7D000D8CF1F93CF93DF93EC018CDE20E030E0A5
:10E7E000A9016CE0CE0192DE11E0882319F010E05F
:10E7F00083E08C83CE01EADE812FDF91CF911F91E0
:10E8000008951F93CF93DF93EC018F81833039F00C
:10E8100089E0440F551F661F771F8A95D1F79A012B
:10E82000AB0162E1CE0172DE11E0882319F010E045
:10E8300085E08C83CE01CADE812FDF91CF911F91BD
:10E8400008958F929F92AF92BF92CF92DF92FF92E4
:10E850000F931F93CF93DF93EC018B016A010E940A
:10E860001AD14B015C012CE2820E21E0921EA11C08
:10E87000B11C0E94364F8E838F3F99F40E941AD1AB
:10E88000A5019401261B370B480B590BDA01C9016E
:10E89000181619061A061B0664F381E18C8310E032
:10E8A00028C08E3F09F03EC0C60101972FEF2EBD54
:10E8B000F8014FEF0DB407FEFDCF2EB521934EBDED
:10E8C0009F01201B310B28173907A0F30DB407FE59
:10E8D000FDCF2EB5800F911FFC0120830E94364F83
:10E8E000F82E0E94364FB82E80912502811110C05B
:10E8F00011E0CE016BDE812FDF91CF911F910F913F
:10E90000FF90DF90CF90BF90AF909F908F90089531
:10E91000B601C801CFDB3F2D2B2D8217930741F3A2
:10E920008BE1BCCF8FE0BACF0F931F93CF93DF93D0
:10E93000EC018B01DFDD40E052E0B801CE01DF9158
:10E94000CF911F910F917DCFAF92BF92CF92DF9267
:10E95000EF92FF920F931F93CF93DF93EC016A0125
:10E960007B0159018F81833039F089E0CC0CDD1CAB
:10E97000EE1CFF1C8A95D1F713E004E0A701960175
:10E9800061E1CE01C3DD882369F00C83CE011EDE78
:10E990001150D1F020E030E0A9016CE0CE01B6DDED
:10E9A0001C82ECCF40E052E0B501CE014ADF882363
:10E9B00069F3DF91CF911F910F91FF90EF90DF905E
:10E9C000CF90BF90AF90089580E0F3CF8F929F9249
:10E9D000AF92BF92CF92DF92EF92FF920F931F936D
:10E9E000CF93DF93EC01062F1F821C824B830E9482
:10E9F0001AD16B017C0120EDC20E27E0D21EE11C72
:10EA0000F11CA89561E08B810E94F4CF8B810E945C
:10EA1000CBC9209A289A219A2398229A81E00E94B1
:10EA20003D4F85E08D830E943D4F1AE08FEF0E949D
:10EA3000314F1150D9F7A89520E030E0A90160E0EE
:10EA4000CE0164DD8E838130B1F00E941AD1A7011E
:10EA50009601261B370B480B590BDA01C901181612
:10EA600019061A061B0644F381E08C83CE01AEDD45
:10EA70001A8280E081C021E030E040E050E06BE3AA
:10EA8000CE0144DD91E0813009F090E090932502C1
:10EA9000A8952AEA31E040E050E068E0CE0136DD9A
:10EAA000853069F581E08F83A8958F81812C912C29
:10EAB0005401823029F4812C912CA12C80E4B82EB1
:10EAC00020E030E0A90167E3CE0120DDA50194013B
:10EAD00069E2CE011BDD8E83882369F10E941AD181
:10EAE000A7019601261B370B480B590BDA01C90108
:10EAF000181619061A061B061CF38AE0B6CF14E096
:10EB00000E94364F8E831150D9F78A3A11F482E071
:10EB1000CACF0E941AD1A7019601261B370B480BBA
:10EB2000590BDA01C901181619061A061B060CF44E
:10EB3000B0CF82E09ACF8F818230B9F420E030E00C
:10EB4000A9016AE3CE01E2DC882311F088E08DCFD1
:10EB50000E94364F807C803C11F483E08F830E94BA
:10EB6000364F0E94364F0E94364FCE012FDD81E096
:10EB70008A83073070F40D83DF91CF911F910F913D
:10EB8000FF90EF90DF90CF90BF90AF909F908F90CD
:10EB9000089588E18C836DCF0F931F93CF93DF93FC
:10EBA000EC018B0120E030E0A90169E0AFDC8111CC
:10EBB00009C040E150E0B801CE01DF91CF911F9133
:10EBC0000F913FCE80E18C83CE0100DD80E0DF91AC
:10EBD000CF911F910F910895CF93C82FB0DB94E090
:10EBE000C99F90011124F901E659F74F2A58374F70
:10EBF000D9014D915D916D917C91408351836283E8
:10EC0000738391E090936908882319F0CF910C9455
:10EC1000512BCF910895CF93DF9300D0CDB7DEB7BE
:10EC20008091030878998DC081608093030880915A
:10EC30000308029988C082608093030890910001C4
:10EC40008091030893FF81C08460809303088091C2
:10EC5000030890910208981709F479C092E0909304
:10EC600001088093020880910809811105C08091F4
:10EC70005E09882309F478C088EC9DE09A83898333
:10EC80001B82CE01019689DB8823A1F087EC9DE0F1
:10EC90009A838983CE01019680DB81110BC080911C
:10ECA000000880FF07C080915C09816080935C0947
:10ECB00080E092DF88EC9DE09A83898381E08B83FA
:10ECC000CE0101966ADB8823A1F087EC9DE09A8350
:10ECD0008983CE01019661DB81110BC08091000810
:10ECE00081FF07C080915C09826080935C0981E0AC
:10ECF00073DF88EC9DE09A83898382E08B83CE0169
:10ED000001964BDB882381F187EC9DE09A83898310
:10ED1000CE01019642DB811127C080915E098823D4
:10ED200019F18091000882FF1FC080915C09846006
:10ED300080935C0982E00F900F900F90DF91CF914C
:10ED40004BCF8E7F72CF8D7F77CF8B7F7ECF8091A1
:10ED50000108882309F487CF81508093010881112D
:10ED600082CF909300087FCF0F900F900F90DF918C
:10ED7000CF9108954091BE0721E0422761E070E005
:10ED80000C9495C94091BE0721E042276CE070E0E9
:10ED90000C9495C94091BE0721E0422762E070E0E3
:10EDA0000C9495C94091BE0721E0422761E070E0D4
:10EDB0000C9495C94091BE0721E0422768E070E0BD
:10EDC0000C9495C94091BE0721E042276CE070E0A9
:10EDD0000C9495C94091BE0721E0422764E070E0A1
:10EDE0000C9495C941E061E070E00C9495C941E054
:10EDF00062E070E00C9495C94091BE0721E0422783
:10EE00000C9495C964E070E00C94B3D062E070E0BB
:10EE10000C94B3D061E070E00C94B3D061E070E08A
:10EE20000C94B3D06CE070E00C94B3D0CF93C82FA7
:10EE3000CB010E946E2B69EE7BE1CC2311F06EEECC
:10EE40007BE188EF9BE1CF910C94B22E0E942628A3
:10EE5000882329F081E0809316080E943B2881E0F6
:10EE600008958091860D83FD28C00E94663888230E
:10EE700031F180917E0D90917F0DA091800DB09128
:10EE8000810D0097A105B105D1F0BC01CD016D59EF
:10EE90007F4F8F4F9F4F24E630E040E050E00E94CC
:10EEA00091F86091820D7091830D8091840D909105
:10EEB000850D0E9491F8822F089584E6089580E0E0
:10EEC00008957F928F929F92AF92BF92CF92DF92DE
:10EED000EF92FF920F931F93CF93DF93CDB7DEB7DF
:10EEE000E2970FB6F894DEBF0FBECDBF6C01CE0126
:10EEF00001967C0110E000E04C0195E0A92EB12CB8
:10EF000025E0722EC801B5010E9408F9789EF00133
:10EF1000799EF00D1124E60FF71FEE0FFF1FEE0F85
:10EF2000FF1FE65AF84F20E030E04AE754E46081E2
:10EF30007181828193810E94CCF20E9457FB7627D7
:10EF400067277627F701619371937F010F5F1F4F4A
:10EF500009311105B9F642E3B401F60180819181CE
:10EF60000E942C24E2960FB6F894DEBF0FBECDBFF0
:10EF7000DF91CF911F910F91FF90EF90DF90CF9095
:10EF8000BF90AF909F908F907F900895CF93DF9325
:10EF90001F921F92CDB7DEB77A83698342E0BE012C
:10EFA0006F5F7F4F0E942C240F900F90DF91CF91C5
:10EFB00008950F931F93CF93DF9300D01F921F925A
:10EFC000CDB7DEB7DC0112969C911297992309F117
:10EFD0001496ED91FC9115973097D9F08D019230F0
:10EFE00079F0943001F19130A1F420818D919C91C0
:10EFF0002D8341E0BE016B5F7F4F0E942C2409C02E
:10F00000608170E0762767277627FD0180819181F6
:10F01000BDDF0F900F900F900F900F90DF91CF9169
:10F020001F910F910895608170E090E080E0D9D940
:10F03000F8012081318169837A838B839C8344E04A
:10F04000BE016F5F7F4FC901D8CF0F931F93CF933E
:10F05000DF9300D01F921F92CDB7DEB7DC0112966E
:10F060009C911297992301F11496ED91FC911597BB
:10F070003097D1F08D01923079F09430F9F09130E1
:10F0800099F48D919C9120812D8341E0BE016B5FAD
:10F090007F4F0E942C2408C06081718176276727EA
:10F0A00076278D919C9172DF0F900F900F900F90AB
:10F0B0000F90DF91CF911F910F9108956081718121
:10F0C00090E080E08ED9F8012081318169837A83D4
:10F0D0008B839C8344E0BE016F5F7F4FC901D9CF12
:10F0E0000F931F93CF93DF9300D01F921F92CDB742
:10F0F000DEB7DC0112969C9112979923B9F1149610
:10F10000ED91FC911597309789F18D019230D9F0EE
:10F110009430B1F1913051F520E030E048EC52E408
:10F1200060817181828193810E94CCF20E9457FBA1
:10F13000F801808191816D8341E0BE016B5F7F4F5B
:10F140000E942C2413C020E030E048EC52E460819F
:10F150007181828193810E94CCF20E9457FB7627B5
:10F1600067277627F8018081918110DF0F900F903B
:10F170000F900F900F90DF91CF911F910F910895F5
:10F1800020E030E048EC52E460817181828193811B
:10F190000E94CCF20E9457FB24D9F80120813181D2
:10F1A00069837A838B839C8344E0BE016F5F7F4FCA
:10F1B000C901C6CF0F931F93CF93DF9300D01F9247
:10F1C0001F92CDB7DEB7DC0112969C91129799235E
:10F1D000B9F11496ED91FC911597309789F18D0155
:10F1E0009230D9F09430B1F1913051F520E030E017
:10F1F00040E251E460817181828193810E94CCF26E
:10F200000E9457FBF801808191816D8341E0BE012E
:10F210006B5F7F4F0E942C2413C020E030E040E25F
:10F2200051E460817181828193810E94CCF20E94BD
:10F2300057FB762767277627F80180819181A6DE24
:10F240000F900F900F900F900F90DF91CF911F9123
:10F250000F91089520E030E040E251E46081718137
:10F26000828193810E94CCF20E9457FBBAD8F801A8
:10F270002081318169837A838B839C8344E0BE0142
:10F280006F5F7F4FC901C6CF0F931F93CF93DF935B
:10F2900000D01F921F92CDB7DEB7DC0112969C9171
:10F2A0001297992301F11496ED91FC9115973097DF
:10F2B000D1F08D01923079F09430F9F0913099F4D9
:10F2C0008D919C9120812D8341E0BE016B5F7F4F2A
:10F2D0000E942C2408C060817181762767277627D9
:10F2E0008D919C9153DE0F900F900F900F900F9087
:10F2F000DF91CF911F910F91089560817181072E49
:10F30000000C880B990B6DD8F8012081318169833D
:10F310007A838B839C8344E0BE016F5F7F4FC9017A
:10F32000D7CF60911F0270E0762767277627FC0110
:10F33000808191812BCECF93DF93EC010E94CC246E
:10F34000682F70E078276727762788819981DF9179
:10F35000CF911CCEFC01808191818115904491F464
:10F3600080917A1424E6829FC001112481589F4F16
:10F370006FEF70E00E9408F976276727762780E014
:10F3800090E404CE0895FC0190911E07992339F072
:10F39000913069F09F3F71F461E070E002C062E07B
:10F3A00070E076276727762780819181EFCD64E032
:10F3B00070E0F7CF0895FC01909110029F3F34F068
:10F3C00019162CF462E070E0913019F0089561E0B4
:10F3D00070E076276727762780819181D7CDDC0181
:10F3E0001496ED91FC91309789F0E08170E060E037
:10F3F000E43028F4F0E0EA58FB4F608170E07627B3
:10F4000067277627FC0180819181C0CD0895FC019A
:10F4100090911C08977070E060E011F060E071E07E
:10F4200080819181B3CDFC01808191818E3FF0E399
:10F430009F0739F062E271E0813021E3920719F011
:10F44000089560E570E07627672776279FCDFC0159
:10F4500080819181893F904351F4609117027091AE
:10F46000180276276727762789EF90E38FCD0895D6
:10F47000FC0180819181873FF0E39F0721F0811596
:10F48000904531F00895EDDC682F70E0853610F07E
:10F4900064E670E076276727762787EF90E376CDDE
:10F4A0000F931F93CF93DF9300D01F92CDB7DEB79A
:10F4B00020911E07211127C08C0121E732EB47E282
:10F4C0005EE36091C30D7091C40D8091C50D909164
:10F4D000C60D0E94CCF220E030E048EC52E40E94DD
:10F4E000CCF20E9457FB0E941B72F80120813181EF
:10F4F00069837A838B839C8344E0BE016F5F7F4F77
:10F50000C9010E942C240F900F900F900F90DF9153
:10F51000CF911F910F9108950F931F93CF93DF9376
:10F5200000D01F92CDB7DEB720911E07211127C052
:10F530008C0121E732EB47E25EE36091BF0D7091F1
:10F54000C00D8091C10D9091C20D0E9400FA20E083
:10F5500030E048EC52E40E94CCF20E9457FB0E943B
:10F560001B72F8012081318169837A838B839C83AC
:10F5700044E0BE016F5F7F4FC9010E942C240F90B1
:10F580000F900F900F90DF91CF911F910F910895E1
:10F590000F931F93CF93DF9300D01F92CDB7DEB7A9
:10F5A00020911E07211121C08C0120E030E048ECA1
:10F5B00052E46091BB0D7091BC0D8091BD0D909196
:10F5C000BE0D0E94CCF20E9457FB0E941B72F801F4
:10F5D0002081318169837A838B839C8344E0BE01DF
:10F5E0006F5F7F4FC9010E942C240F900F900F90E6
:10F5F0000F90DF91CF911F910F910895EF920F938C
:10F60000FC014281442361F06481758161157105BB
:10F6100039F0E12C00E021E0808191810E94862375
:10F620000F91EF900895EF920F93EE24E39400E092
:10F6300021E0FC0142816FEB7BE1808191810E949E
:10F6400086230F91EF900895EF920F93EE24E394A9
:10F6500000E021E0FC0142816DEB7BE18081918142
:10F660000E9486230F91EF900895EF920F93EE245E
:10F67000E39400E021E0FC0142816BEB7BE18081BF
:10F6800091810E9486230F91EF900895EF920F933E
:10F69000FC014281442361F064817581611571052B
:10F6A00039F0E12C00E021E0808191810E94D72394
:10F6B0000F91EF9008958F929F92AF92BF92CF9249
:10F6C000DF92EF920F93CF93DF93CDB7DEB75C015C
:10F6D0008DB69EB6FC0122818DB79EB7821B910923
:10F6E0000FB6F8949EBF0FBE8DBFEDB7FEB7319633
:10F6F0006F0191E09F9384EF8F939F938F939F93DC
:10F700008F9382EB9BE19F938F931F922F93DF92B6
:10F71000EF930E94C4F1EE24E39400E021E0F501B0
:10F720004281B601808191810E94D7238DB79EB717
:10F730000C960FB6F8949EBF0FBE8DBF0FB6F8940F
:10F740009EBE0FBE8DBEDF91CF910F91EF90DF90E7
:10F75000CF90BF90AF909F908F900895CF93DF93FD
:10F76000EC0146E065E082E10E94254E60E071E038
:10F7700088819981DF91CF9109CCCF93DF93EC0100
:10F7800080918D0945E065E0882369F08DE00E9455
:10F79000254E61E070E0762767277627888199817A
:10F7A000DF91CF91F3CB8DE00E94F74D70E060E0E8
:10F7B000F2CF8230910571F034F40097A1F042E06D
:10F7C000019749F008958330910559F045E0049779
:10F7D00011F0089543E0662341F065E082E00C9467
:10F7E000254E44E0F8CF41E0F6CF65E082E00C948E
:10F7F000F74DEF920F93CF93DF93EC0180910E02C0
:10F8000090910F0297FF09C087EF9EE2892BF1F4D8
:10F81000DF91CF910F91EF9008950E9426DC88230D
:10F8200099F38091340B67E779E0882311F064E362
:10F830007BE06115710561F3EE24E39400E021E0C3
:10F840004A81888199810E94D723E2CFEE24E394F4
:10F8500000E021E04A8167EF7EE2888199810E9481
:10F860008623D6CFEF920F93CF93DF93EC0188815D
:10F870009981853620E39207B9F160F4853220E35F
:10F880009207B1F18534904371F0DF91CF910F91E0
:10F89000EF900895853820E3920741F1853A90432F
:10F8A000A1F784E001C081E020911C0730911D0781
:10F8B000820F932F911D0E9426DC8823D9F080911E
:10F8C000340B67E779E0882311F064E37BE061158E
:10F8D0007105D9F2EE24E39400E021E04A818881A9
:10F8E00099810E94D723D1CF82E0DECF83E0DCCFA5
:10F8F00080E0DACF87EF9EE2009739F2EE24E394BE
:10F9000000E021E04A81BC01888199810E94862320
:10F91000BCCFAF92BF92CF92DF92EF92FF920F9344
:10F920001F93CF93DF9300D000D000D01F92CDB7AC
:10F93000DEB76C01CE0101967C0110E000E05C01B5
:10F9400080911C0790911D07800F911F0E9426DC5B
:10F95000811126C0F7011182108260E0C80129DF01
:10F960000F5F1F4FF2E0EF0EF11C0530110541F75C
:10F970004AE0B501F601808191810E942C242A96EB
:10F980000FB6F894DEBF0FBECDBFDF91CF911F91B0
:10F990000F91FF90EF90DF90CF90BF90AF900895C0
:10F9A0008091860D85FD07C080E091E0F70191838D
:10F9B000808361E0D3CF80E092E0F8CFEF92FF92B6
:10F9C0000F931F93CF93DF937C018091860D46E0C8
:10F9D00065E086FD2EC082E00E94254EC1E0D0E0A9
:10F9E00080911C0790911D07892B49F1C26047E067
:10F9F00065E082E00E94254E00911C0710911D07D2
:10FA00000B5F1F4F0E94D8DB08171907F0F4C46082
:10FA100048E065E082E00E94254E7C2F6D2FF701C3
:10FA200080819181DF91CF911F910F91FF90EF9095
:10FA3000ADCA82E00E94F74DD0E0C0E0D1CF47E0F0
:10FA400065E082E00E94F74DD7CF48E065E082E0B4
:10FA50000E94F74DE2CF8091860D86FD03C00E9483
:10FA600065D2F9CF10921D0710921C078FEF9FEF00
:10FA700090930F0280930E0281E008958F929F92DF
:10FA8000AF92BF92DF92EF92FF920F931F93CF93AB
:10FA9000DF9300D000D000D01F92CDB7DEB7F82E94
:10FAA000D62E6111109221070DE11BE143E050E0D9
:10FAB000B801CE0101960E943BF18A819B8100979B
:10FAC00041F02981F21629F00D5F1F4F79F790E080
:10FAD00080E08C010115110509F456C0F8018591EB
:10FAE0009491009709F450C0BE016F5F7F4F0E9450
:10FAF0004424882309F445C089859A85892B09F413
:10FB000040C0D11003C08C8180FF3BC0EB8026E059
:10FB1000E20E0E941AD14B015C0138EE830E33E0F5
:10FB2000931EA11CB11CF12C8091C2069091C106BC
:10FB3000891B990B9C012150310937FF02C02F5CB2
:10FB40003F4F2E151F04C0F40E941AD1A501940145
:10FB5000261B370B480B590BDA01C9011816190679
:10FB60001A061B0624F50E94B84D62E370E080E09F
:10FB700090E00E9480D0D8CFE985FA85CE01019629
:10FB800019950E5F1F4FA6CF81E02A960FB6F89405
:10FB9000DEBF0FBECDBFDF91CF911F910F91FF90C0
:10FBA000EF90DF90BF90AF909F908F90089580E08E
:10FBB000ECCFCF93DF93EC010E949FD61B82DF91A5
:10FBC000CF910895CF93DF93EC01462F41706C8560
:10FBD0007D858E859F850E9498D3882351F08889E2
:10FBE00020E2829FC00111248D59944FDF91CF9163
:10FBF000089590E080E0FACFCF93DF93EB01FC0112
:10FC00002381211104C080E0DF91CF91089522501B
:10FC1000223028F48FE28883198281E0F5CF60E0FA
:10FC2000D1DF009781F3DC0160E080E09EE22D915E
:10FC3000203299F0883031F49E01260F311DF901F0
:10FC400090836F5F9E01260F311DAD014150510918
:10FC5000FA014081F90140836F5F8F5F8B3039F784
:10FC6000FE01E60FF11D1082D8CF3F924F925F92B6
:10FC70006F927F928F929F92AF92BF92CF92DF92BC
:10FC8000EF92FF920F931F93CF93DF93CDB7DEB721
:10FC90002C970FB6F894DEBF0FBECDBF5C01DC0120
:10FCA00059968D909C90F40181859285A385B485A9
:10FCB0009C01AD012F5F3F4F4F4F5F4F29873A8720
:10FCC0004B875C87D50114964D905D906D907C902C
:10FCD0001797411451046104710409F459C0BFEF2E
:10FCE0004B1A5B0A6B0A7B0A312C730162011D827D
:10FCF0001E821F821886F40181859285A385B485B2
:10FD00002D813E814F815885281739074A075B07A7
:10FD100008F056C089859A85AB85BC858C159D05F4
:10FD2000AE05BF0550F482E0C82ED12CE12CF12C99
:10FD300092E0492E512C612C712C9E012F5F3F4F78
:10FD4000B701A601C4010E94B4D58823C9F18981F5
:10FD50009A81AB81BC81892B8A2B8B2B01F12601E7
:10FD600037019FEF491A590A690A790A2D813E81A4
:10FD70004F8158852F5F3F4F4F4F5F4F2D833E83FD
:10FD80004F8358873FEFC31AD30AE30AF30AB3CF6E
:10FD9000408051806280738033243394A6CFC41492
:10FDA000D504E604F70411F70FEF1FEF2FEF3FE044
:10FDB000B701A601C4010E9423D5782E81111AC073
:10FDC000712C872D2C960FB6F894DEBF0FBECDBFD9
:10FDD000DF91CF911F910F91FF90EF90DF90CF9027
:10FDE000BF90AF909F908F907F906F905F904F905B
:10FDF0003F900895F50144815581668177814115D1
:10FE000051056105710539F097018601C4010E9411
:10FE100023D58823A9F2D5011496CD92DD92ED92D7
:10FE2000FC921797332051F0D701C6010196A11D0E
:10FE3000B11DF40180839183A283B383F501858989
:10FE40009689A789B08D892B8A2B8B2B09F0B9CF86
:10FE5000C58AD68AE78AF08E818180688183B1CF96
:10FE600040E050E0BA010C94E9D6EF92FF920F9374
:10FE70001F93CF93DF93CDB7DEB72C970FB6F894CF
:10FE8000DEBF0FBECDBF8C017F936F935F934F9307
:10FE900083ED94E09F938F939E012F5F3F4F7901F5
:10FEA0003F932F930E9455FCF80101900020E9F741
:10FEB000CF010197801B910B0FB6F894DEBF0FBEE8
:10FEC000CDBF8431910548F445E150E0481B590B02
:10FED000B701800F911F0E94B0F1C8012C960FB698
:10FEE000F894DEBF0FBECDBFDF91CF911F910F9170
:10FEF000FF90EF900895809124028F3708F44CC052
:10FF00008F579091A90D90939908992309F440C0B7
:10FF1000A59A9091DD07909398089923D9F1759A45
:10FF20009091771491110BC02091781430E03595A1
:10FF3000279520937914232B09F440C0739A8F5F7F
:10FF4000809324028091970891E0892780939708F5
:10FF500080912302980F85300CF090E0823009F4F4
:10FF60007AC074F5882309F441C0813009F468C06F
:10FF7000909323020E940B768091CB099091CC093B
:10FF8000009729F001979093CC098093CB090895AD
:10FF9000A598BFCF7598C4CF90919908891708F09C
:10FFA000A59890919808891708F075989091771402
:10FFB0009111C5CF90917914891708F27398BFCF2A
:10FFC000843009F460C00CF459C0853089F6209162
:10FFD0009608211102C0809396088091960881505E
:10FFE00080939608882321F295E0C2CF8091220267
:10FFF0008F5F80311CF480932202BACF10922202CC
:020000021000EC
:100000008091D207811113C020919F0D3091A00DD6
:100010003093A20D2093A10D2091D3073091D407E6
:100020003093D6072093D50781E08093D2071092B2
:10003000A00D10929F0D1092D4071092D30798CF65
:1000400010927B0081E480937C0080917A00806430
:1000500080937A008DCF80917A0086FD27C04091F1
:1000600078005091790020919F0D3091A00D240FC0
:10007000351F3093A00D20939F0D7ACF88E0809399
:100080007B0086E4E0CF80917A0086FD11C040912C
:100090007800509179002091D3073091D407240F34
:1000A000351F3093D4072093D30762CF92E060CFFF
:1000B00094E05ECF0F930FB70F9300916E000D7F0A
:1000C00000936E0078940F930BB70F930CB70F92B9
:1000D0001F922F933F934F935F936F937F938F93D1
:1000E0009F93AF93BF93EF93FF93112404DFFF918E
:1000F000EF91BF91AF919F918F917F916F915F91A0
:100100004F913F912F911F900F900CBF0F910BBFFC
:100110000F910260F89400936E000F910FBF0F9142
:100120001895CF93DF93CFE9DDE0198618861092FA
:10013000E6070E9444721A86A598C3EDD7E0198697
:1001400018860E94FA241A867598DF91CF91089537
:100150008F929F92AF92BF92CF92DF92EF92FF92D7
:100160000F931F93CF93DF93B4E4A0E06A2F70E066
:10017000AB014B0F511D55954795411119C0E8E54D
:10018000FCE265917491072E000C880B990B0E947C
:100190006DF2DF91CF911F910F91FF90EF90DF9063
:1001A000CF90BF90AF909F908F900895B42FE0CFE5
:1001B000A41711F0B41303C0E4E6FDE2E2CF9A0104
:1001C00021503109220F331F220F331FF901EA5A40
:1001D000F34DE590F490F901E65AF34DC591D491B1
:1001E0008E159F0518F3A42FC817D90708F4BECFA2
:1001F000F901E85AF34D05911491F901E45AF34DD0
:10020000C590D4908E199F09BC0190E080E00E94B7
:100210006BF24B015C01B601601B710B072E000CE9
:10022000880B990B0E946DF29B01AC01C501B401D2
:100230000E94CCF24B015C01CE19DF09BE0190E0B7
:1002400080E00E946BF29B01AC01C501B4010E94E9
:1002500000FA6B017C01B801110F880B990B0E9409
:100260006DF29B01AC01C701B6010E9424F991CF48
:10027000CF92DF92EF92FF926A017B010E946E2B78
:10028000C701B601FF90EF90DF90CF900C9477C735
:10029000CF93DF93EC01488159816A817B818FE1A3
:1002A00097E2E6DF4C815D816E817F818DE791E38E
:1002B000DFDF488559856A857B8589E791E3DF9192
:1002C000CF910C94962C0F930FB70F9300916E0063
:1002D0000F930D7F00936E0000916F000D7F0093D0
:1002E0006F000F930BB70F930CB70F921F922F93C2
:1002F0003F934F935F936F937F938F939F93AF93AE
:10030000BF93EF93FF931124D4D7FF91EF91BF9147
:10031000AF919F918F917F916F915F914F913F919D
:100320002F911F900F900CBF0F910BBF0F91026088
:10033000F89400936F000F9100936E000F910FBF20
:100340000F911895CF93DF9300D0CDB7DEB700C0E3
:1003500000C087EC9DE09A8389831B82CE010196C1
:100360000E94CD7190910801811101C0909591700A
:1003700090930601811148C08FEF80931D0887EC90
:100380009DE09A83898381E08B83CE0101960E9450
:10039000CD7190910801811101C090959870909352
:1003A0000601811133C08FEF80931E0887EC9DE01A
:1003B0009A83898382E08B83CE0101960E94CD715E
:1003C0009091080181119095907890930601811188
:1003D0001FC08FEF80931F0887EC9DE09A8389836D
:1003E00083E08B83CE0101960E94CD71882391F02A
:1003F0008D9881E08093200800C000C00F900F907E
:100400000F90DF91CF91089581E0B7CF81E0CCCFFD
:1004100081E0E0CF8D9A8FEFEDCF80911C08877F30
:1004200080931C088B9A81E008958B9880911C081A
:10043000886080931C08089521E030E0082E02C0F7
:10044000220F331F0A94E2F72095309590911C08F3
:10045000292320931C08813061F020F0823071F054
:1004600081E008958E9A80915D098E7F80935D0969
:10047000F7CF749A80915D098D7FF8CF8091080144
:10048000809580718093060180915D098B7FEECF0E
:1004900080E0D2DF81E0D0DF82E0CEDFBECF8130EE
:1004A000B9F0A0F08230B1F021E030E0082E01C0B8
:1004B000220F0A94EAF790911C08922B90931C0843
:1004C000823019F481E08093BF0708958E98ECCFB5
:1004D0007498EACF90910801907190930601E4CF4F
:1004E00080E0DDDF81E0DBDF82E0D9DF9ECF8F922D
:1004F0009F92AF92BF92CF92DF92EF92FF920F93B3
:100500001F93CF93DF93C82F41E062E170E20E9416
:10051000172DC11102C00E94972B8AE090E20E9421
:100520006E2B88E69FE10E946E2B0E949A2B8C2FE7
:100530000E94F53641E068EF7FE18C2F0E94172D75
:10054000C11102C00E94972B8BED9FE10E946E2B80
:100550008C2F0E948C2E8C2F0E94F6C98C2F0E940B
:100560002E2E8C2F0E94552E8C2F0E940F2E8C2FFA
:100570000E94C42D8C2F0E94A52D64E87FE18C2F52
:100580000E94EAC9D0918D0906E91FE1DD2311F02F
:100590000AE91FE1C0908E09D0908F09E090900980
:1005A000F09091098BE79FE10E946E2B8D2F0E94A6
:1005B000A22784E490E30E946E2B42E0C701B601BB
:1005C0000E94A3C78EE69FE10E946E2BC8010E9485
:1005D0006E2B0E949A2B0E9426288823A9F18AE577
:1005E000E82E87E0F82ED0E0670110E0C11102C0CC
:1005F0000E94972BF60180809180A280B38081EDCC
:100600009FE10E946E2B812F0E9420288EEC9FE19B
:100610000E946E2B8D2F0E94202884E490E30E947C
:100620006E2B45E0C501B4010E94A3C70E949A2B1E
:100630001F5FF4E1CF0ED11C1530C1F6DF5F84E0FF
:10064000E80EF11CD53081F68C2F0E94582D8C2F8E
:100650000E94BB2E8C2F0E949D2B8C2F0E94312D2F
:1006600067EB7FE18C2F0E94EAC9C09120028EEADD
:100670009FE10E946E2B8C2F0E94A2274091E403E1
:100680005091E5036091E6037091E7038BEA9FE1E7
:100690000E94842B4091E8035091E9036091EA03A2
:1006A0007091EB0388EA9FE10E94842B80912002E5
:1006B00066E97FE1882311F06AE97FE18DE99FE136
:1006C000DF91CF911F910F91FF90EF90DF90CF902E
:1006D000BF90AF909F908F900C94B22E4F925F92EC
:1006E0006F927F928F929F92AF92BF92CF92DF9242
:1006F000EF92FF92CF93DF9300D000D0CDB7DEB75B
:100700009E838D830E946B284B015C01AD81BE816D
:1007100018964D905D906D907C901B97AC019B015D
:10072000C301B2010E9423F96B017C0180918E0903
:1007300090918F09A0919009B091910989839A8332
:10074000AB83BC8320E030E0A901BC01CD010E9455
:1007500067F2882349F020E030E0A901C701B60123
:100760000E9467F21816ECF0AD81BE811896CD920A
:10077000DD92ED92FC921B9726960FB6F894DEBFA1
:100780000FBECDBFDF91CF91FF90EF90DF90CF9064
:10079000BF90AF909F908F907F906F905F904F90A1
:1007A000089529813A814B815C81C301B2010E9485
:1007B0004BFB87FFE1CF2091890930918A09409155
:1007C0008B0950918C09C501B4010E94CCF29B01A8
:1007D000AC0160E070E080E89FE30E9423F99B0198
:1007E000AC01C701B6010E9400FAED81FE8160876D
:1007F000718782879387C0CFCF93DF9380913B0728
:10080000811119C0C0911D02D0911E02219720E0D4
:1008100030E040E05FE36091A30D7091A40D809102
:10082000A50D9091A60D0E9424F90E9468FA21E07E
:100830006C177D070CF020E0822FDF91CF91089597
:10084000AF92BF92CF92DF92EF92FF920F931F93DE
:10085000CF93DF93C5EDD9E007EA19E085EEA82E26
:1008600089E0B82EC12CD12C7601C394699179917D
:10087000899199910E946BF2288939894A895B890B
:100880000E94CCF20E946DFAF801619371938193FA
:1008900091938F01C616D706E806F90610F46B018E
:1008A0007C01AC16BD0611F76FEF7FEFCB01A701FE
:1008B00096010E9491F82093B7093093B8094093AC
:1008C000B9095093BA09DF91CF911F910F91FF9011
:1008D000EF90DF90CF90BF90AF9008950F931F934C
:1008E000CF93DF9309EE19E0CBEBD9E0F80121912A
:1008F0003191419151918F0160E070E080E89FE378
:100900000E9400FA6993799389939993F9E0CB3C1B
:10091000DF0761F70E9471C9DF91CF911F910F919D
:100920008FCF9091250E8091260E981306C080914E
:10093000CB099091CC09892B21F080E00E94073AE5
:10094000F0CF08954F925F926F927F928F929F9215
:10095000AF92BF92CF92DF92EF92FF92CF93DF934D
:10096000EC0180E1FE01A7E2BEE001900D928A95C4
:10097000E1F72091F5093091F6094091F70950917E
:10098000F8096C857D858E859F850E94CCF20E943A
:1009900057FB6B017C012091F1093091F2094091E4
:1009A000F3095091F409688579858A859B850E94B1
:1009B000CCF20E9457FB4B015C012091ED09309174
:1009C000EE094091EF095091F0096C817D818E8193
:1009D0009F810E94CCF20E9457FB2B013C01209189
:1009E000E9093091EA094091EB095091EC096881DD
:1009F00079818A819B810E94CCF20E9457FB60938F
:100A0000370E7093380E8093390E90933A0E4092C1
:100A10003B0E50923C0E60923D0E70923E0E8092C4
:100A20003F0E9092400EA092410EB092420EC092A4
:100A3000430ED092440EE092450EF092460E9091F5
:100A4000250E8091260E981781F0DF91CF91FF90AF
:100A5000EF90DF90CF90BF90AF909F908F907F905E
:100A60006F905F904F900C9434C95BDF0E949F7130
:100A7000C82F87E39EE00E942071CC2381F0DF9194
:100A8000CF91FF90EF90DF90CF90BF90AF909F906D
:100A90008F907F906F905F904F900C94512BDF91CF
:100AA000CF91FF90EF90DF90CF90BF90AF909F904D
:100AB0008F907F906F905F904F900895CF92DF92CC
:100AC000EF92FF92CF93DF93C82F0E949F7194E023
:100AD000C99FE0011124FE01EA58F74FC080D18080
:100AE000E280F38081110E94512BC554D64FC7017B
:100AF000B6010E946DF2288139814A815B810E9492
:100B0000CCF2DF91CF91FF90EF90DF90CF900895DE
:100B10008F929F92AF92BF92CF92DF92EF92FF920D
:100B20001F93CF93DF93CDB7DEB760970FB6F894DE
:100B3000DEBF0FBECDBF182F80E0C0DF4B015C01D0
:100B40008092040890920508A0920608B0920708C7
:100B500081E0B4DF6B017C01C0920808D0920908E3
:100B6000E0920A08F0920B0882E0A8DF60930C087C
:100B700070930D0880930E0890930F081D861E86B3
:100B80001F86188A89829A82AB82BC82CD82DE82DD
:100B9000EF82F88669877A878B879C8783E08EDF70
:100BA0006D877E878F87988B80918D09882319F0B8
:100BB000CE01019693DD1E3FD9F480E1FE0131960E
:100BC000A0E2BAE001900D928A95E1F760960FB627
:100BD000F894DEBF0FBECDBFDF91CF911F91FF9084
:100BE000EF90DF90CF90BF90AF909F908F9008953F
:100BF00084E0189FF0011124DF01A05EB54F81E071
:100C000090E08C0F9D1FE80FF91F40815181628198
:100C100073814D935D936D937C931397D7CF0F930F
:100C20001F93CF93DF9300D01F92CDB7DEB78C0117
:100C300080915D0982FF33C082E040DF20E030E038
:100C400048E452E40E94CCF20E9468FA0E946DF2DD
:100C50002AE037ED43EA5CE30E94CCF220E030E08A
:100C600048EC52E40E94CCF20E9457FB0E941B7297
:100C7000F8012081318169837A838B839C8344E0EE
:100C8000BE016F5F7F4FC9010E942C240F900F900F
:100C90000F900F90DF91CF911F910F91089560E019
:100CA00070E0CB01CBCF9091250E8091260E98134A
:100CB00007C08091CB099091CC09892B09F4E8CB2E
:100CC00080E00E94073AEFCFCF92DF92EF92FF923F
:100CD000CF93DF93C82F0E949F7194E0C99FE001DA
:100CE0001124FE01E659F74FC080D180E280F380E5
:100CF00081110E94512BC554D64FC701B6010E94E5
:100D00006DF2288139814A815B810E94CCF2DF91AA
:100D1000CF91FF90EF90DF90CF9008958F929F92A8
:100D2000AF92BF92CF92DF92EF92FF92CF93DF9379
:100D300020918D09222309F47FC0EC0180908E0957
:100D400090908F09A0909009B090910920E030E038
:100D5000A901C501B4010E9467F2882309F477C094
:100D6000C884D984EA84FB8420E030E0A901C7016B
:100D7000B6010E9467F218160CF069C0A501940133
:100D8000C701B6010E944BFB87FF56C02091850921
:100D9000309186094091870950918809C701B601B1
:100DA0000E9467F2882321F1C0928509D0928609BA
:100DB000E0928709F09288092091890930918A0987
:100DC00040918B0950918C09C701B6010E94CCF269
:100DD0009B01AC0160E070E080E89FE30E9423F992
:100DE0006093190270931A0280931B0290931C0265
:100DF000C0901902D0901A02E0901B02F0901C02E1
:100E000020E030E0A901C701B6010E9467F2882303
:100E100099F0CE010E946B28A70196010E94CCF2A6
:100E20009B01AC01688579858A859B850E9424F9A0
:100E3000688779878A879B87DF91CF91FF90EF90B2
:100E4000DF90CF90BF90AF909F908F900895C12C6E
:100E5000D12C80E8E82E8FE3F82EDBCFCF92DF9203
:100E6000EF92FF92C0905507D0905607E090570739
:100E7000F090580780915907882309F44FC020E06B
:100E800030E0A901C701B6010E9467F2882309F486
:100E900045C020E030E040E05FE3C701B6010E94BA
:100EA000CCF29B01AC010E94CCF22BED3FE049E477
:100EB00050E40E94CCF29B01AC0160E070E080E85D
:100EC0009FE30E9400FA6B017C01C0923707D09229
:100ED0003807E0923907F0923A0760911702709153
:100EE0001802072E000C880B990B0E946DF22AE065
:100EF00037ED43E25CE30E94CCF2A70196010E9429
:100F0000CCF26093550270935602809357029093EF
:100F10005802FF90EF90DF90CF900895C12CD12C14
:100F200080E8E82E8FE3F82ED0CF2F923F924F9299
:100F30005F926F927F928F929F92AF92BF92CF9269
:100F4000DF92EF92FF920F931F93CF93DF93CDB772
:100F5000DEB766970FB6F894DEBF0FBECDBF1C019B
:100F60006A017B0128013901DC0155968D909D9025
:100F7000AD90BC90589720E030E0A901CB01B601BC
:100F80000E9467F2882309F44EC1A7019601C501AA
:100F9000B4010E94CCF20E9457FBD62EE72EF82E09
:100FA000C92EA3019201C501B4010E94CCF20E9496
:100FB00057FBDD82EE82FF82C8862D813E814F8104
:100FC0005885203231054105510548F420E2822E32
:100FD000912CA12CB12C8D829E82AF82B886698320
:100FE0007A838B839C8329813A814B815C81203277
:100FF00031054105510548F480E2882E912CA12C41
:10100000B12C89829A82AB82BC82F101FE968081EA
:101010009181A281B3818097A105B10540F480E25E
:1010200090E0A0E0B0E080839183A283B383D101FC
:101030009D968D909D90AD90BC90D0978B8A9C8A08
:10104000AD8ABE8AF101E65BFF4F608171818281CA
:101050009381611571058105910509F4ECC00E9429
:101060006DF29B01AC0160E070E080E89FE30E94BC
:1010700000FA20E030E040E05FE30E94CCF26B0138
:101080007C01F101FE9660817181828193810E94D1
:101090006BF29B01AC010E94CCF22B013C016981F7
:1010A0007A818B819C810E946BF29B01AC010E9432
:1010B000CCF29B01AC01C301B2010E9423F9A7014C
:1010C00096010E94CCF269877A878B879C876D8115
:1010D0007E818F8198850E946BF29B01AC010E94FA
:1010E000CCF29B01AC01C301B2010E9423F9A7011C
:1010F00096010E94CCF22B013C010E94EAF90E9469
:1011000068FA6B017C0169857A858B859C850E94D4
:10111000EAF90E9468FA46015701860E971EA81E3A
:10112000B91E2B893C894D895E89281939094A09DC
:101130005B0957FF32C06B897C898D899E890E942B
:101140006BF2A30192010E9424F929853A854B850F
:101150005C850E9423F920E030E040E05FE30E94DC
:10116000CCF20E9457FBC12CD12C760197FD0DC00B
:101170006B017C018B889C88AD88BE888C149D0493
:10118000AE04BF0414F4750164016B897C898D89F8
:101190009E896C197D098E099F09D101D196CD9246
:1011A000DD92ED92FC92D4978B889C88AD88BE88A6
:1011B000861A970AA80AB90AD501C401F10185ABBC
:1011C00096ABA7ABB0AFEE5BFF4F8D809E80AF803C
:1011D000B88480829182A282B38291012A5B3F4FC0
:1011E000D90189809A80AB80BC808D929D92AD920E
:1011F000BC92139766960FB6F894DEBF0FBECDBFB4
:10120000DF91CF911F910F91FF90EF90DF90CF90E2
:10121000BF90AF909F908F907F906F905F904F9016
:101220003F902F900895F101EE5BFF4FD080E18059
:10123000F280C380B6CEC12CD12C760160E070E084
:10124000CB01ABCF8F3010F48F5F08958F5008958E
:10125000CF93DF939091260E8091250E891740F051
:10126000891B41F4D0E0C0E0CE01DF91CF91089519
:10127000805FF6CF9091230E992351F0833030F4A4
:101280008FEF890F19F08093230EECCF1092230E6D
:10129000C091260E83E6C89FE0011124C95BD14F9F
:1012A000888180FDDFCF8091260ECCDF8093240ED5
:1012B000DBCF2F923F924F925F926F927F928F92ED
:1012C0009F92AF92BF92CF92DF92EF92FF920F93D5
:1012D0001F93CF93DF9300D000D000D01F921F92B6
:1012E000CDB7DEB78FEF9FEF909389008093880092
:1012F0002AE02D8310E000E0809167089091680853
:10130000892B09F0B1C1809169088823D9F08091B7
:1013100094099091950910926908892B09F4A4C148
:1013200010929509109294091092C80D9091250E73
:101330008091260E981709F497C18091260E82DFBE
:101340008093260E8091940990919509892B09F438
:101350008BC140915D0850915E0860915F0870916B
:1013600060088091590890915A08A0915B08B0914B
:101370005C08481759076A077B0708F075C1C090D9
:101380002102D12CF12CE12C841B950BA60BB70B61
:10139000C816D906EA06FB0610F4D701C601E82FE5
:1013A000840F951FA61FB71F80935D0890935E085A
:1013B000A0935F08B093600891E0C0902108D0909E
:1013C0002208E0902308F0902408409135085091BD
:1013D0003608609137087091380840902508509081
:1013E00026086090270870902808440D551D661D3A
:1013F000771D80E077FD05C04C195D096E097F09F6
:1014000081E0409335085093360860933708709315
:1014100038084091390850913A0860913B08709122
:101420003C084090290850902A0860902B08709042
:101430002C08440D551D661D771D77FD05C0826083
:101440004C195D096E097F094093390850933A0899
:1014500060933B0870933C0840913D0850913E08D2
:1014600060913F087091400840902D0850902E08E0
:1014700060902F0870903008440D551D661D771D33
:1014800077FD05C084604C195D096E097F094093A2
:101490003D0850933E0860933F0870934008409188
:1014A000410850914208609143087091440840906F
:1014B0003108509032086090330870903408440D21
:1014C000551D661D771D77FD05C088604C195D09A7
:1014D0006E097F0940934108509342086093430886
:1014E00070934408911104C02091840030918500CC
:1014F000282F30E0482F417080FF1CC080911D08CC
:10150000082E000C990BAA0BBB0BC0907608D0904C
:101510007708E0907808F09079088C0D9D1DAE1D3D
:10152000BF1D8093760890937708A0937808B093B6
:1015300079088F9A21FB552750F95887198621FF82
:1015400021C080911E08082E000C990BAA0BBB0B22
:10155000C0907A08D0907B08E0907C08F0907D08DD
:101560008C0D9D1DAE1DBF1D80937A0890937B0846
:10157000A0937C08B0937D088091080180958470C9
:101580008093060122FB222420F8312C22FF21C067
:1015900080911F08082E000C990BAA0BBB0BC09062
:1015A0007E08D0907F08E0908008F09081088C0D34
:1015B0009D1DAE1DBF1D80937E0890937F08A09354
:1015C0008008B09381088091080180958072809393
:1015D0000601F3E035952795FA95E1F721153105D8
:1015E000E1F080912008082E000C990BAA0BBB0B90
:1015F000C0908208D0908308E0908408F09085081D
:101600008C0D9D1DAE1DBF1D809382089093830895
:10161000A0938408B09385088C9A8091840090915F
:101620008500809184009091850041118F98888475
:101630009984892829F0809108018470809306019B
:10164000232829F080910801807280930601232BC2
:1016500009F08C98EE2321F0809184009091850010
:10166000E15090E009F0A9CEA0905302B09054024E
:10167000BF82AE82AB2809F052C080906F09909073
:1016800070099A8289828114910409F43DC0F09016
:10169000060182E00E944F8200C000C080910801D4
:1016A000181419040CF4809580788093060100C00A
:1016B00000C080910801809580728093060100C06F
:1016C000000082E090E00197F0F7809108018072BD
:1016D0008093060100C000C080910801F7FC80954E
:1016E00080788093060100C000C0A980BA808091F4
:1016F0006F09909170091A141B040CF0A5C2019790
:101700009093700980936F090E94572B882309F4E6
:101710009DC280ED97E09093540280935302789499
:101720008091670890916808892B09F0FAC120918F
:10173000840030918500809121028230B0F0409188
:10174000650850916608420F531F609161087091BF
:1017500062086417750748F090E095958795809327
:101760002102109264081092630831952195310985
:101770003093660820936508109262081092610801
:10178000E0909409F0909509E114F10409F4CCC3B8
:1017900080915D0890915E08A0915F08B09160080B
:1017A0004091590850915A0860915B0870915C080B
:1017B00084179507A607B70708F453C28091200243
:1017C000882309F465C080916A0D811105C00E94CB
:1017D000FA39882309F455C0D70199966D917D9106
:1017E0008D919C919C97611571058105910509F476
:1017F00048C0DD962C9123FF2CC20E946DF22091EF
:10180000C7093091C8094091C9095091CA090E947D
:10181000CCF26B017C01AC019B0160916B0D70916E
:101820006C0D80916D0D90916E0D0E9423F9609367
:101830006B0D70936C0D80936D0D90936E0D809178
:101840006F0D81110E942DC68091C007811119C0B2
:10185000A70196016091700D7091710D8091720DCC
:101860009091730D0E9423F96093700D7093710D28
:101870008093720D9093730D8091740D81110E946D
:10188000FCC58091C10780FD0E94FCC51092C10774
:1018900010929509109294091092C80D9091250EFE
:1018A0008091260E981709F43FC38091260ECADC5A
:1018B0008093260E60EDE62E67E0F62E8091940967
:1018C00090919509892B09F028C1C2DC9093950964
:1018D00080939409892B09F420C1809094099090F9
:1018E00095099B868A86D4018C9182FDF1C2F40110
:1018F000E15BFF4F80819181A281B38180936E155E
:1019000090936F15A0937015B093711580E1349684
:10191000AFEBB4E101900D928A95E1F780E0EA85A2
:10192000FB85458C568C678C70A091E04114510466
:101930006104710409F490E090FB80F9AA85BB85ED
:101940009196CD90DD90ED90FC90949791E0C1142C
:10195000D104E104F10409F490E090FB81F9EA85F7
:10196000FB8545A156A167A170A591E041155105E0
:101970006105710509F490E090FB82F98093C80D30
:10198000EA85FB8585A596A5A7A5B0A980935908EA
:1019900090935A08A0935B08B0935C08882499241C
:1019A0005401881A990AAA0ABB0A809235089092B3
:1019B0003608A0923708B092380880923908909281
:1019C0003A08A0923B08B0923C0880923D08909261
:1019D0003E08A0923F08B092400880924108909241
:1019E0004208A0924308B092440881A492A4A3A400
:1019F000B4A4880C991CAA1CBB1C8092310890923C
:101A00003208A0923308B0923408440C551C661C6E
:101A1000771C409225085092260860922708709201
:101A20002808CC0CDD1CEE1CFF1CC0922908D092AB
:101A30002A08E0922B08F0922C08440F551F661FCD
:101A4000771F40932D0850932E0860932F087093B2
:101A50003008880F991FAA1FBB1F809321089093FD
:101A60002208A0932308B093240810925D081092D6
:101A70005E0810925F081092600881A992A9A3A93C
:101A8000B4A98093550890935608A0935708B09333
:101A9000580885A996A9A7A9B0AD80934508909349
:101AA0004608A0934708B09348089091C70D85ADAC
:101AB000981721F08093C70D0E94A2810E940B7697
:101AC0001092640810926308E0919409F0919509CE
:101AD000EE5BFF4F608171818281938160934D083D
:101AE00070934E0880934F08909350080E9429717C
:101AF0007C0196958795B0E0A0E08093490890938B
:101B00004A08A0934B08B0934C08809351089093D7
:101B10005208A0935308B0935408F0926808E092DA
:101B200067088E809F80892871F480916708909162
:101B300068088A3F910538F47AEFA72EB12CB0924D
:101B40006808A09267082091530230915402809156
:101B50006708909168082F3F320709F4FBC1AC0178
:101B6000569547952417350708F0E3C15093540262
:101B70004093530280365AEE950708F4C5C160E6DB
:101B80007AEE2091530230915402A9016217730733
:101B900008F4AB01841B950B909368088093670849
:101BA0002F3F320731F0241B350B30935402209322
:101BB0005302040F151FF8948091840090918500C2
:101BC00040967D8171507D83772321F00817190796
:101BD00008F492CB409184005091850020916508D3
:101BE00030916608240F351F3093660820936508EE
:101BF0000817190708F08AC120912102203138F412
:101C0000220F20932102109264081092630890938F
:101C10008900809388002B960FB6F894DEBF0FBE24
:101C2000CDBFDF91CF911F910F91FF90EF90DF908B
:101C3000CF90BF90AF909F908F907F906F905F906C
:101C40004F903F902F90089501965ACD8FEF9FEFC0
:101C500062CD90958095709561957F4F8F4F9F4F86
:101C6000CCCD40915508509156086091570870911D
:101C7000580884179507A607B70708F080C080901A
:101C8000510890905208A0905308B090540889824F
:101C90009A82AB82BC82F70181AD92ADA3ADB4ADA7
:101CA000B501A401EE27499FF12D5A9F90016A9F2B
:101CB000300D699F200D311D4A9FF00D211D3E1FE3
:101CC000599FF00D211D3E1F689FF00D211D3E1FE5
:101CD000589FF10D2E1F3E1FB49FFF0F201D311D79
:101CE000B59F300D1124F701EE5BFF4F808191818C
:101CF000A281B381820F931FA11DB11D80934D0856
:101D000090934E08A0934F08B0935008B701625CBF
:101D10007F4FFB01408151816281738148175907D0
:101D20006A077B0740F440934D0850934E08609338
:101D30004F087093500860914D0870914E08809143
:101D40004F08909150080E9429717C0189819A81E5
:101D5000AB81BC818E0D9F1DA11DB11D80935108CB
:101D600090935208A0935308B093540810924908D6
:101D700010924A0810924B0810924C089FCD409147
:101D800045085091460860914708709148088417AB
:101D90009507A607B70708F46CC080904908909093
:101DA0004A08A0904B08B0904C0889829A82AB8276
:101DB000BC82F70181AD92ADA3ADB4ADB501A40174
:101DC000EE27499FF12D5A9F90016A9F300D699F20
:101DD000200D311D4A9FF00D211D3E1F599FF00D12
:101DE000211D3E1F689FF00D211D3E1F589FF10DC4
:101DF0002E1F3E1FB49FFF0F201D311DB59F300DBC
:101E00001124A90170E060E080914D0890914E0886
:101E1000A0914F08B0915008F701EA5BFF4FC080D6
:101E2000D180E280F380481759076A077B0758F48E
:101E3000841B950BA60BB70BC816D906EA06FB0642
:101E400010F46C017D01C701B6010E9429717C016B
:101E500089819A81AB81BC818E0D9F1DA11DB11D11
:101E60008093490890934A08A0934B08B0934C087C
:101E700025CD8091630890916408892B21F5970105
:101E8000225C3F4FD901CD90DD90ED90FC90C701D1
:101E9000B6010E9429719093640880936308969517
:101EA0008795B0E0A0E08093490890934A08A093FA
:101EB0004B08B0934C08C0924D08D0924E08E09267
:101EC0004F08F0925008E0906308F0906408F6CC58
:101ED000AA85BB858C9182FF04C0CD014D960E94DE
:101EE000207110929509109294091092C80D90914A
:101EF000250E8091260E981709F4E7CC8091260EC6
:101F0000A1D98093260EE1CCBC013BCE8091610823
:101F100090916208841B950B800F911F909362082B
:101F200080936108C80173CE80EDE82E87E0F82E1B
:101F3000CCCC8036AAEE9A0708F021CEA9018217F0
:101F4000930708F4AC01841B950B90936808809369
:101F5000670829CE8036BAEE9B07B0F240E65AEE0B
:101F600080569A4E909368088093670822CECF934C
:101F7000DF931F92CDB7DEB7898360E0CE01019673
:101F80000E94AC7161E0CE0101960E94AC7162E0EA
:101F9000CE0101960E94AC7189810F90DF91CF91A3
:101FA00008954F925F926F927F928F929F92AF921D
:101FB000BF92CF92DF92EF92FF92FC01408051805E
:101FC0006280738084809580A680B780C084D1842D
:101FD000E284F38420E030E0A901C301B2010E9451
:101FE00067F2811125C020E030E0A901C501B401EC
:101FF0000E9467F281111CC020E030E0A901C701F6
:10200000B6010E944BFB87FF04C0F7FAF094F7F883
:10201000F094C701B601FF90EF90DF90CF90BF9092
:10202000AF909F908F907F906F905F904F900895AA
:10203000A3019201C301B2010E94CCF22B013C0129
:10204000A5019401C501B4010E94CCF29B01AC0131
:10205000C301B2010E9424F94B015C01A701960162
:10206000C701B6010E94CCF29B01AC01C501B401CD
:102070000E9424F9FF90EF90DF90CF90BF90AF9037
:102080009F908F907F906F905F904F900C9491FBFA
:102090008F929F92AF92BF92CF92DF92EF92FF9278
:1020A000CF93DF9320913502222309F48EC0EC01F7
:1020B00080912607E82E80FF2CC0809037029090F8
:1020C0003802A0903902B0903A02288139814A81C1
:1020D0005B81C501B4010E944BFB181624F4888271
:1020E0009982AA82BB828090430290904402A09081
:1020F0004502B0904602288139814A815B81C50141
:10210000B4010E9467F287FF04C088829982AA8284
:10211000BB82E1FE2CC080903B0290903C02A090DC
:102120003D02B0903E022C813D814E815F81C50110
:10213000B4010E944BFB181624F48C829D82AE825F
:10214000BF828090470290904802A0904902B090D0
:102150004A022C813D814E815F81C501B4010E94FC
:1021600067F287FF04C08C829D82AE82BF82E2FE4E
:102170002CC0C0903F02D0904002E0904102F0900D
:102180004202288539854A855B85C701B6010E94D0
:102190004BFB181624F4C886D986EA86FB86C090C5
:1021A0004B02D0904C02E0904D02F0904E022885F8
:1021B00039854A855B85C701B6010E9467F287FFB2
:1021C00004C0C886D986EA86FB86DF91CF91FF904E
:1021D000EF90DF90CF90BF90AF909F908F90089539
:1021E0008091120890911308A0911408B0911508DD
:1021F0008093130290931402A0931502B0931602D9
:10220000809110089091110890931202809311020E
:1022100008958091130290911402A0911502B0913B
:1022200016028093120890931308A0931408B09399
:1022300015088091110290911202909311088093D9
:10224000100884E690E090931202809311020895A2
:10225000CF93DF93CDB7DEB72C970FB6F894DEBFE0
:102260000FBECDBFAB01BC0119821A821B821C823A
:102270001D821E821F82188619861A861B861C865E
:102280009E012F5F3F4F80E29AE00E94F7C82C9694
:102290000FB6F894DEBF0FBECDBFDF91CF9108958A
:1022A0004F925F926F927F92AF92BF92CF92DF92E6
:1022B000EF92FF920F931F93CF93DF9300D000D044
:1022C00000D01F92CDB7DEB769837A838B839C835E
:1022D0002D833E834F8358872701380120E030E06B
:1022E000A901B501C6010E9467F2811175C0109164
:1022F0004F02809150028A879091510299870091F4
:102300005202A12CB12C80E2C82E92E4D92EA30156
:1023100092016091280A7091290A80912A0A90916D
:102320002B0A0E9467F287FF0BC04092280A509246
:10233000290A60922A0A70922B0AB501C60188DF29
:1023400089819A81AB81BC818093200A9093210A74
:10235000A093220AB093230A8D819E81AF81B88514
:102360008093240A9093250AA093260AB093270A03
:10237000612F7A858985902F6BDFA301920160918F
:10238000280A7091290A80912A0A90912B0A0E94AA
:102390004BFB18165CF44092280A5092290A60926E
:1023A0002A0A70922B0AB501C60152DF2A960FB68F
:1023B000F894DEBF0FBECDBFDF91CF911F910F917B
:1023C000FF90EF90DF90CF90BF90AF907F906F9095
:1023D0005F904F900C9491841A2DBA86C9860D2D6A
:1023E00096CFAF92BF92CF92DF92EF92FF920F9370
:1023F0001F937B018C0159016A01E0E2FAE024811C
:10240000358146815781608171818281938148DF66
:102410001F910F91FF90EF90DF90CF90BF90AF9002
:1024200008958F929F92AF92BF92CF92DF92EF92D8
:10243000FF92CF936B017C01C22F4423C9F080909F
:102440001D0E90901E0EA0901F0EB090200E20E04A
:1024500030E0A901C501B4010E9467F287FF08C0FE
:10246000A5019401C701B6010E9423F96B017C010B
:1024700020E030E04AEF53E4C701B6010E944BFB75
:10248000181634F4C12CD12C8AEFE82E83E4F82EF0
:102490008090280A9090290AA0902A0AB0902B0ACE
:1024A000C11108C0A7019601C501B4010E944BFBF0
:1024B0001816C4F0A7019601C501B4010E9467F285
:1024C000882381F020E030E040E252E4C701B60109
:1024D000CF91FF90EF90DF90CF90BF90AF909F9003
:1024E0008F907FCFCF91FF90EF90DF90CF90BF90F4
:1024F000AF909F908F9008958F929F92AF92BF92CE
:10250000CF92DF92EF92FF92CF93DF934B015C016A
:1025100069017A010E94E836C0E2DAE020915502B2
:10252000309156024091570250915802C501B401B2
:102530000E9400FA2C853D854E855F850E9424F916
:102540006C877D878E879F87C701B60181DEDF910B
:10255000CF91FF90EF90DF90CF90BF90AF909F9082
:102560008F900C949184CF92DF92EF92FF92C09063
:102570002C0AD0902D0AE0902E0AF0902F0A20917C
:10258000F5093091F6094091F7095091F809C70112
:10259000B6010E94CCF20E9457FB6093430E7093E9
:1025A000440E8093450E9093460EC092330ED09207
:1025B000340EE092350EF092360E9091250E8091F9
:1025C000260E981731F0FF90EF90DF90CF900C948B
:1025D00034C90E9491840E949F714091430E509192
:1025E000440E6091450E7091460E409382085093C0
:1025F00083086093840870938508882331F0FF90E6
:10260000EF90DF90CF900C94512BFF90EF90DF90E4
:10261000CF9008950C9471C9AF92BF92CF92DF9280
:10262000EF92FF920F931F93CF937B018C0159017F
:102630006A012091240A3091250A4091260A50917E
:10264000270A6091200A7091210A8091220A9091B4
:10265000230A26DE80915C09C82FC47082FD13C056
:1026600010925C0982E00E948885D4DF81E0C1116C
:1026700080E0CF911F910F91FF90EF90DF90CF906E
:10268000BF90AF9008950E94E54C882349F3F1CFA5
:102690000E949F719091260E9093250E9093240E88
:1026A00094E69093230E21ED33E03093CC092093F0
:1026B000CB0981110E94512B81E0809369080E940F
:1026C00091848EEF0E948885A5CFCF93DF93CDB7FD
:1026D000DEB72C970FB6F894DEBF0FBECDBF0E94B9
:1026E0000EC80E949F719CE0E6E7F8E0DE011196BB
:1026F00001900D929A95E1F781110E94512BCE0124
:1027000001960E9448812C960FB6F894DEBF0FBE4A
:10271000CDBFDF91CF9108954F925F926F927F92DC
:102720008F929F92AF92BF92CF92DF92EF92FF92E1
:10273000CF93DF9300D01F92CDB7DEB78091200AF0
:102740009091210AA091220AB091230A89839A8349
:10275000AB83BC834090240A5090250A6090260ADF
:102760007090270A8090280A9090290AA0902A0A3F
:10277000B0902B0AC0902C0AD0902D0AE0902E0A1F
:10278000F0902F0A0E94208481E08093AA0D0E947D
:102790002E87A7E3B2E090E080E0FC01E357F24E21
:1027A00045915591659174914D935D936D937D9392
:1027B000FC01EF57F24E4591559165917491189631
:1027C0004D935D936D937C931B9704968C3091058C
:1027D00021F7609118087091190880911A0890915A
:1027E0001B080E9421CA0E947E2A0E946E842981B1
:1027F0003A814B815C816091200A7091210A80911D
:10280000220A9091230A0E9467F281112AC0A30133
:1028100092016091240A7091250A8091260A909174
:10282000270A0E9467F281111CC0A50194016091E2
:10283000280A7091290A80912A0A90912B0A0E94F5
:1028400067F281110EC0A701960160912C0A709168
:102850002D0A80912E0A90912F0A0E9467F28823F8
:1028600099F00F900F900F900F90DF91CF91FF9004
:10287000EF90DF90CF90BF90AF909F908F907F9020
:102880006F905F904F9021CF0F900F900F900F900F
:10289000DF91CF91FF90EF90DF90CF90BF90AF90FE
:1028A0009F908F907F906F905F904F9008950F93BF
:1028B0001F93CF93DF93EC010FE519E0F80120811E
:1028C000318142815381688179818A819B810E9413
:1028D00024F9688379838A839B83F8012481358175
:1028E000468157816C817D818E819F810E9424F970
:1028F0006C837D838E839F83F8012085318542859B
:102900005385688579858A859B850E9424F9688727
:1029100079878A879B87DF91CF911F910F910895C7
:10292000CF93DF9300D01F92CDB7DEB787E791E05A
:10293000A0E0B0E089839A83AB83BC83BE016F5F64
:102940007F4F8CE30E946D4C86E19CE10E946E2BD0
:102950008FB1809560E17CE181700E94167780B133
:1029600082FB882780F96AE07CE191E089270E9458
:1029700016778091000164E07CE183FB882780F971
:102980000E941677809100016BEF7BE185FB882721
:1029900080F90E9416778091000183FD09C00E9492
:1029A000B14C0F900F900F900F90DF91CF91089541
:1029B0000E94974C0F900F900F900F90DF91CF9146
:1029C000089580910809811104C080915E098823CF
:1029D00031F062E070E080E090E00C9442380895BD
:1029E0004F925F926F927F92AF92BF92CF92DF929F
:1029F000EF92FF920F931F93CF93DF9300D01F921C
:102A00001F92CDB7DEB78D83162F20E041E060E046
:102A100070E080E890E405DD4090200A5090210AA3
:102A20006090220A7090230A8091240A9091250ACE
:102A3000A091260AB091270A89839A83AB83BC832D
:102A40009D81992369F10E941F4D111112C0E090E0
:102A5000280AF090290A00912A0A10912B0AA12C29
:102A6000B12C650129813A814B815C81C301B2019E
:102A700017DCAD81A0935E090F900F900F900F901F
:102A80000F90DF91CF911F910F91FF90EF90DF900A
:102A9000CF90BF90AF907F906F905F904F9091CF0D
:102AA0000E94E54CD2CF4F925F926F927F928F92AD
:102AB0009F92AF92BF92CF92DF92EF92FF920F93CD
:102AC0001F93CF93C82FE82EF12CF701EA5FF04D4A
:102AD000D490823009F03BC080915E09811103C01F
:102AE00060E081E07DDF0E941F4D811117C10DEB79
:102AF0001CE1F80145905590659074906D2D0D2C5A
:102B0000000C770B880B990B0E946DF24B015C0156
:102B100020E030E0A901C301B2010E9467F28823DE
:102B2000B1F0F80185919591A591B4916C018D0159
:102B300020E030E040E850E4BC01CD010E9467F2A3
:102B400087FF1BC0C12CD12C00E810E416C06D2DEE
:102B5000DD0C770B880B990B0E946DF24B015C0129
:102B6000F701EE0FFF1FEE0FFF1FEB54F34E8591A1
:102B70009591A591B4916C018D01A5019401B601C7
:102B8000C8010E94CCF22B013C016701CC0CDD1C7A
:102B9000CC0CDD1CF601E755F34E659175918591DE
:102BA000949120E030E040EC5FE30E94CCF2A5017C
:102BB00094010E94CCF2AB01BC0100E010E098014E
:102BC0008C2F0E9430CE20E030E0A901C301B20179
:102BD0000E9467F2882341F100E010E09801C230C2
:102BE00031F40E94E54C00E010E020E232E4B30151
:102BF000A20170588C2F0E9430CEC23009F489C0D7
:102C0000A3019201C301B2010E9424F94B015C01AE
:102C1000C23009F094C000E010E020EA31E4B501D0
:102C2000A4018C2F0E9430CEC23011F40E94E54CDA
:102C300081E090E00C2E01C0880F0A94EAF7909191
:102C40005D09982B90935D0990912607892B8093BD
:102C50002607F601E858F34E259135914591549198
:102C60008601005E154FF601E65FF64F60817181C7
:102C7000828193810E9424F9F801608371838283A9
:102C80009383C230D1F420911D0E30911E0E4091DD
:102C90001F0E5091200E6091280A7091290A809190
:102CA0002A0A90912B0A0E9423F96093280A7093B4
:102CB000290A80932A0A90932B0AF601E15AF64FCB
:102CC0001082118212821382A5DCF601E95DF84FB1
:102CD000D601A05EB54F8D919D910D90BC91A02D18
:102CE00080839183A283B383C23009F045C080E022
:102CF000CF911F910F91FF90EF90DF90CF90BF90F9
:102D0000AF909F908F907F906F905F904F900C94BA
:102D100098270E941F4D882309F472CFCF911F91ED
:102D20000F91FF90EF90DF90CF90BF90AF909F906A
:102D30008F907F906F905F904F900C94E54CF701CF
:102D4000EA55F34E6491611107C00E94972B84E805
:102D50009CE10E946E2B6AE070E090E080E00E94AF
:102D60006BF29B01AC0160E070E080E792E40E94AE
:102D700000FA8B019C0153CFCF911F910F91FF90CF
:102D8000EF90DF90CF90BF90AF909F908F907F900B
:102D90006F905F904F9008950F931F9380918409D7
:102DA000813019F50E941AD10091F8071091F907A6
:102DB0002091FA073091FB07601B710B820B930B7C
:102DC00028EE33E040E050E00E9491F86091220745
:102DD000709123078091240790912507620F731F3C
:102DE000841F951F1F910F9108956091FC077091AA
:102DF000FD078091FE079091FF07D6CFCF92DF921B
:102E0000EF920F93CF93DF93CDB7DEB769970FB6ED
:102E1000F894DEBF0FBECDBF6C01BEDF6E8B7F8B23
:102E2000888F998FBE016F5F7F4FCE0146960E94BB
:102E30003025EE24E39400E021E0F6014281BE015A
:102E40006F5F7F4F808191810E94D72369960FB673
:102E5000F894DEBF0FBECDBFDF91CF910F91EF9001
:102E6000DF90CF900895109284091092F807109285
:102E7000F9071092FA071092FB071092FC071092C4
:102E8000FD071092FE071092FF0710922207109282
:102E900023071092240710922507089583E080935A
:102EA0005A09809184098130E1F08230C1F474DFE5
:102EB000609322077093230780932407909325073C
:102EC00081E0809384090E941AD16093F80770937F
:102ED000F9078093FA079093FB0781E00895C3DF19
:102EE000EFCF80E00895CF93C091840980E0C13096
:102EF000A1F460E083E00E94DBC5C093210782E07B
:102F0000809384090E941AD16093FC077093FD0797
:102F10008093FE079093FF0781E0CF910895809101
:102F2000840981508230D0F4809120078350823010
:102F300038F460E083E00E94DBC585E080935A09A5
:102F4000109284090E941AD16093FC077093FD07C8
:102F50008093FE079093FF0781E0089580E0089535
:102F60002091A70D3091A80D263531053CF4209114
:102F7000DB073091DC072630310524F0882339F057
:102F80000C94B138662319F0CADF0C9494CA0895E2
:102F90000E94942B86E69DE10E946E2B8EE59DE1BA
:102FA0000E946E2B82E49DE10E946E2B0E94918014
:102FB000B6DF80915909813099F00E94942B8BECF7
:102FC0009CE10E946E2B81EC9CE10E9490C76EE513
:102FD00071E080E090E00E94423881E080935909DE
:102FE0000895AF92BF92CF92DF92EF92FF920F932C
:102FF0001F93CF93DF93EB01823009F45EC0B0F5ED
:10300000813009F450C0E884F9840A851B8520E0EA
:1030100030E040E251E46091280A7091290A8091E1
:103020002A0A90912B0A0E9424F95B016C0120E08E
:1030300030E04AEF53E40E944BFB181634F4A12C05
:10304000B12CFAEFCF2EA3E4DA2E9501A601B70139
:10305000C8010E944BFB181614F07501860120E090
:1030600030E040EA50E4B701C80125C0833009F4DC
:1030700049C0843041F6E090280AF090290A009176
:103080002A0A10912B0A2C813D814E815F81688133
:1030900079818A819B81A12CB12CE8ECCE2EE2E4CF
:1030A000DE2EFED857C0688579858A859B8520E00D
:1030B00030E040EA50E495D9DECF288539854A854D
:1030C0005B856091280A7091290A80912A0A909163
:1030D0002B0A0E9424F96B017C0120E030E04AEFCA
:1030E00053E40E9467F287FD06C0C12CD12C1AEF71
:1030F000E12E13E4F12E20E030E040EA50E4C70175
:10310000B601D9CF20E030E040E251E46091280AD6
:103110007091290A80912A0A90912B0A0E9424F921
:103120006B017C0120E030E04AEF53E40E944BFB4E
:103130001816DCF020E030E0A901C701B6010E94BA
:1031400067F287FD19C020E030E040EA50E4C70193
:10315000B60147D9DF91CF911F910F91FF90EF906A
:10316000DF90CF90BF90AF90B0CAC12CD12CBAEFF6
:10317000EB2EB3E4FB2EE7CFC12CD12C7601E3CFAD
:103180001092160910921F070E94C3388823C9F0B5
:103190000E9466389091860D80FB97F99093860D7A
:1031A00061E081EC9BE10E94D52EB9DE46ED5BE14A
:1031B0006EED7BE185E00E941ACB88EC9BE10C94DC
:1031C00090C78091860D84FFEBCF0E94D3D6E8CFC5
:1031D0000F931F93CF93DF931F921F92CDB7DEB74C
:1031E00020911F0A211118C08C014423E1F00E9494
:1031F000592F40E450E0B8018CE794E10E9461F15E
:103200008FE390E09A838983CE0101960E945EC687
:103210008CE794E10E9426D10F900F90DF91CF911F
:103220001F910F9108950E943E3440E450E0B80190
:103230008CE794E10E94B0F1E3CFFF920F931F93CC
:10324000CF93DF93CDB7DEB7A1970FB6F894DEBF6B
:103250000FBECDBF8C01F42E67FF03C010921F0A72
:1032600060E020911F0A862F062E000C990B28176C
:10327000190609F03CF560931F0AC801FF2071F19F
:103280000E94592F19821F8E4FE150E0B801CE01E4
:103290000196FF2031F10E9461F140E450E0BE014F
:1032A0006F5F7F4F8CE794E10E94B0F18FE390E075
:1032B00099A388A3CE0180960E945EC68CE794E114
:1032C0000E9426D1A1960FB6F894DEBF0FBECDBFE7
:1032D000DF91CF911F910F91FF9008950E943E348E
:1032E000D1CF0E94B0F1D9CF823221E0920714F001
:1032F00082E291E09093A80D8093A70D1092E607CB
:103300000C94DE27CF92DF92EF92FF926B017C014B
:1033100020E030E0A9010E9467F287FD14C020E0A0
:1033200030E041E953E4C701B6010E944BFB181697
:1033300074F0C701B6010E9457FBCB01FF90EF90DC
:10334000DF90CF90D1CFC12CD12C7601F2CFC12C00
:10335000D12C81E9E82E83E4F82EEBCFE8ECF7E0FE
:10336000108211821282138214820C94DE279091B3
:10337000250E8091260E981312C00E94DE718111D5
:103380000FC00E94C33881110BC00E947438811194
:1033900007C080918409813011F00C94A63881E037
:1033A0000895E5DF882351F00E947438811106C02A
:1033B00081E090918409923009F080E008950F93A4
:1033C0001F93CF93DF938C01ECDF41E061E0882312
:1033D000D1F089EF0E94254EC1E0D0E080915B09D9
:1033E0008823B9F0C26042E065E089EF0E94254E73
:1033F0007C2F6D2FF80180819181DF91CF911F91FA
:103400000F910C94C67789EF0E94F74DD0E0C0E091
:10341000E5CF42E065E089EF0E94F74DE9CF0F93D9
:103420001F93CF93DF938C01A2DF41E061E08823FB
:10343000C9F083E00E94254EC1E0D0E0B2DF8823CE
:10344000B9F0C26042E061E083E00E94254E7C2F2B
:103450006D2FF80180819181DF91CF911F910F91A4
:103460000C94C67783E00E94F74DD0E0C0E0E6CF31
:1034700042E061E083E00E94F74DE9CF78DF8823E6
:1034800011F081E008958DDF8111FBCF95E09093DD
:103490005A090895F3CFCF92DF92EF92FF926B011A
:1034A0007C01463059F51092CD071092CE0710924C
:1034B000CF071092D0071092D1070E94FA2420E083
:1034C00030E0A901C701B6010E9467F287FF1EC064
:1034D000C12CD12C7601C701B6010E9457FB603583
:1034E000710514F060E570E07093DC076093DB0712
:1034F000FF90EF90DF90CF900C94FA242FDFC7015C
:10350000B601FF90EF90DF90CF90FCCE20E030E04E
:1035100040EA52E4C701B6010E944BFB1816DCF6E4
:10352000C12CD12C80EAE82E82E4F82ED4CFEF9281
:103530000F93009751F0BC01EE24E39401E021E0E9
:1035400040E280E091E10E9486230F91EF90089580
:10355000EF92FF921F93CF93DF9300D01F92CDB7CE
:10356000DEB7909120079A3F09F43EC0993F79F465
:10357000893F11F0809334026623B1F190915B0989
:10358000992329F090911F07911110921F07182F6E
:1035900083EFE82E8AE1F82E43E050E0B701CE0138
:1035A00001960E943BF1EA81FB81309731F08981DD
:1035B000181324C019958823B9F061E0812F0E9467
:1035C0003E7D882389F0109320071C821B828AE5A8
:1035D000898381E08A831C8344E0BE016F5F7F4F53
:1035E00084E890E00E942C240F900F900F900F9091
:1035F000DF91CF911F91FF90EF90089583E0E80E47
:10360000F11CE114F10441F6D8CF9091250E809180
:10361000260E98130AC00E94DE71811106C0209107
:10362000250E9091260E81E0291380E008950E94D6
:103630001AD16C507E4F8F4F9F4F6093F407709359
:10364000F5078093F6079093F70708958F929F925E
:10365000AF92BF92EF920F934A015B01009751F036
:10366000EE24E39401E020E040E2BC0180E090E33E
:103670000E94862381149104A104B104A9F00E9440
:103680001AD1860E971EA81EB91E8092750D9092B3
:10369000760DA092770DB092780D0F91EF90BF90BC
:1036A000AF909F908F900895812C912C5401EDCF75
:1036B000CF92DF92EF92FF921F93CF93DF93CDB71C
:1036C000DEB72C970FB6F894DEBF0FBECDBFA5EDC9
:1036D000B9E090E080E0FC01E85AF04E4591559148
:1036E000659174914D935D936D937D93FC01E85BBF
:1036F000F04E459155916591749150964D935D931F
:103700006D937C935397FC01E85CF04E4591559185
:103710006591749190964D935D936D937C9393977F
:10372000049680319105B9F680E29EE4A0E0B0E015
:103730008093E5099093E609A093E709B093E8091F
:1037400080E090E0A8E4B4E48093090A90930A0A28
:10375000A0930B0AB0930C0A80930D0A90930E0A63
:10376000A0930F0AB093100A80E090E0AAE7B4E4B7
:103770008093110A9093120AA093130AB093140A2B
:103780001092150A1092160A1092170A1092180A2F
:103790001092190A10921A0A10921B0A10921C0A0F
:1037A000C12CD12C80E2E82E81E4F82EC09297093A
:1037B000D0929809E0929909F0929A09C0929B09D7
:1037C000D0929C09E0929D09F0929E098DEC9CECB0
:1037D000ACECBEE380939F099093A009A093A1094C
:1037E000B093A20980E090E0A0E8BFE38093A30932
:1037F0009093A409A093A509B093A60910920A0971
:1038000010920B0910920C0910920D0910920E09DA
:1038100010920F09109210091092110910921209BA
:1038200010921309109214091092150911E01093C7
:1038300020020E94E83680E090E0A0EAB0E48093A5
:10384000E4039093E503A093E603B093E70380E8D5
:1038500096E9A8E1BBE48093E8039093E903A09381
:10386000EA03B093EB03C0921808D0921908E092D3
:103870001A08F0921B0880E00E943B280E94FF2A51
:1038800082ED90E09093DF078093DE078AEF90E06F
:103890009093E1078093E0078DEC9CECACECBDE3EA
:1038A0008093E2079093E307A093E407B093E507C2
:1038B0001092E6078CE0E9E0F4E0DE011196019059
:1038C0000D928A95E1F789819A81AB81BC818093C1
:1038D000150E9093160EA093170EB093180E8D81AF
:1038E0009E81AF81B8858093190E90931A0EA09394
:1038F0001B0EB0931C0E89859A85AB85BC85809381
:103900001D0E90931E0EA0931F0EB093200E87EDF8
:1039100093EAA5E0B2E48093BB0D9093BC0DA09315
:10392000BD0DB093BE0D80EC93E8A6E7BEE3809397
:10393000BF0D9093C00DA093C10DB093C20D8CE547
:1039400097E7A0E9B4E48093C30D9093C40DA093CE
:10395000C50DB093C60D10934C070E94E939109223
:10396000590780E090E0A0EEBFE380935507909365
:103970005607A0935707B093580710920809109262
:1039800007091FD880E090E0A8ECB2E480935107CB
:1039900090935207A0935307B093540710924D078A
:1039A00010924E0710924F07109250070E948C936E
:1039B00086E19FE10E94592F0E94972B86E19FE1AB
:1039C0000E946E2B0E949A2B82E30E945C2484E664
:1039D0000E94942480911708811106C01093170843
:1039E00060E081E00E94DBC540E355E760E070E005
:1039F00089E09FE12C960FB6F894DEBF0FBECDBFD5
:103A0000DF91CF911F91FF90EF90DF90CF901ECE6E
:103A1000CF92DF92EF92FF920F931F93CF93DF939A
:103A2000CDB7DEB7CC5AD1090FB6F894DEBF0FBEC2
:103A3000CDBFCF55DF4F188219821A821B82C15A1F
:103A4000D04084E690E0909393098093920910927D
:103A50007A0D1092790D8091D7049091D804A0919D
:103A6000D904B091DA04CB55DF4F88839983AA83B8
:103A7000BB83C55AD04064E070E0CE018B559F4FA8
:103A80000E94B3D0809192099091930902969093ED
:103A900093098093920910927A0D1092790D81ED1D
:103AA00092E0C755DF4F99838883C95AD040CE0131
:103AB00087559F4F0E94067781E0C455DF4F88836A
:103AC000CC5AD040CE0184559F4F0E940A7768E4BB
:103AD00070E085ED99E00E94B3D060E170E087E985
:103AE00099E00E94B3D08AE097EDA3EABCE3CF55FA
:103AF000DF4F88839983AA83BB83C15AD040CE010C
:103B00008F559F4F0E9402778AE099E00E941277BA
:103B100080E292E00E940E7784EE93E00E940277AA
:103B200088EE93E00E94027780918E0990918F0930
:103B3000A0919009B091910989839A83AB83BC834A
:103B40008E010F5F1F4FC8010E94027768E070E08E
:103B50008EED97E00E94B3D0CF55DF4F18821982C7
:103B60001A821B82C15AD04083E0C356DF4F88833C
:103B7000CD59D0407E019DE6E90EF11CF70180830E
:103B8000CE018F559F4F0E940277CE0183569F4FE3
:103B90000E940A77C7010E940A7780E09CE09A831E
:103BA0008983C8010E9406773AE0D32EDA94DD209B
:103BB00031F0CE018F559F4F0E940277F7CF85E1FC
:103BC0009EE00E941277CF55DF4F188219821A8229
:103BD0001B82C15AD0402AE0D22EDA94DD2031F087
:103BE000CE018F559F4F0E940277F7CF85E0D82EE8
:103BF000F701D082C356DF4FD882CD59D040C701DC
:103C00000E940A77CE0183569F4F0E940A7780E672
:103C10009CE69A838983C8010E94067768E070E079
:103C200084E497E00E94B3D068E070E08CE397E012
:103C30000E94B3D064E670E08AE597E00E94B3D0BA
:103C40001982CC24CA94F701C082C8010E940E7761
:103C5000C7010E940A7764E070E08AE794E00E945E
:103C6000B3D0809109098983C8010E940E778091A1
:103C7000BB0D9091BC0DA091BD0DB091BE0D89837F
:103C80009A83AB83BC8321E732EB47E25EE360912A
:103C9000BF0D7091C00D8091C10D9091C20D0E9419
:103CA00000FA6D837E838F83988721E732EB47E2AA
:103CB0005EE36091C30D7091C40D8091C50D90912C
:103CC000C60D0E94CCF269877A878B879C8780E03B
:103CD00090E0A0E8BFE38D879E87AF87B88B198AF5
:103CE0001A8A1B8A1C8A64E170E0C8010E94B3D062
:103CF00084E190E09A838983C8010E9406778CE072
:103D0000E5E1F4E0D80101900D928A95E1F76CE0CD
:103D100070E0C8010E94B3D08CE0E5E1F4E0D80186
:103D200001900D928A95E1F76CE070E0C8010E9465
:103D3000B3D01982C8010E940A778FE78983C8012E
:103D40000E940A77C982C8010E940A77E1E2F4E082
:103D5000D80101900D92DA94E1F765E070E0C801B6
:103D60000E94B3D080914C07F70180831A82198298
:103D7000C7010E940E77C8010E94067780E2E6E242
:103D8000F4E0D80101900D928A95E1F760E270E0CD
:103D9000C8010E94B3D0F7011082C7010E940E77BC
:103DA00089E597E00E940E7785E597E00E9402770B
:103DB000CF55DF4F188219821A821B82C15AD04018
:103DC000CE018F559F4F0E94027782E1F801119238
:103DD0008A95E9F762E170E0C8010E94B3D084E2FD
:103DE000E6E4F4E0D80101900D928A95E1F764E2EF
:103DF00070E0C8010E94B3D090E1D92EF8018D2D5A
:103E000011928A95E9F760E170E0C8010E94B3D091
:103E10001A82198262E070E0C8010E94B3D0F801F2
:103E20001192DA94E9F760E170E0C8010E94B3D022
:103E30008CE6F80111928A95E9F76CE670E0C8010A
:103E40000E94B3D068E070E08DE497E00E94B3D0A8
:103E50008CE0F70111928A95E9F7C555DF4F18827A
:103E6000CB5AD04080E090E0A0E4B0E4C356DF4FEE
:103E700088839983AA83BB83CD59D040C7010E9410
:103E80001277CE0185559F4F0E940A77CE01835647
:103E90009F4F0E94027780E3F70111928A95E9F71C
:103EA0000E94CC24082F10911F0280918D0981114E
:103EB0000E94262891E0F701908301831283838377
:103EC00060E370E0C7010E94B3D0009192091091A5
:103ED0009309045611098091790D90917A0DF7019B
:103EE0009183808384E690E0909393098093920974
:103EF00064E070E08EE794E00E94B3D0C7010E94B6
:103F000006770E94972B8DEC9DE10E946E2BC801D5
:103F10000E94B136F701C080D180F12CE12C80ECF9
:103F20009DE10E946E2BC701B6010E9496278DEB82
:103F30009DE10E946E2B013D124001F18EEE9AE24E
:103F40000E946E2B8EE09EE10E946E2B40E355E7AF
:103F500060E070E089E99DE179DB80E0C455DF4FE6
:103F60000FB6F894DEBF0FBECDBFDF91CF911F918A
:103F70000F91FF90EF90DF90CF9008958DEA9DE133
:103F80000E9490C78DEA9DE10E94592F81E0E6CF03
:103F9000EAEFF6E081E2DF011D928A95E9F7809170
:103FA000F906803320F08091F806813248F440E32E
:103FB00055E760E070E086E99BE148DB80E008952A
:103FC00081E00895CF9380E00E943B2880915D09B5
:103FD0008770C1E0873059F018DBC82F81110AC003
:103FE00040E355E760E070E081E99BE12FDB8C2F37
:103FF000CF9108956CE087E89BE10E94C0CF8CE6EA
:104000009BE10E946642C0E0F2CFCF931092F70688
:10401000FCDAC82F811107C040E355E760E070E08B
:1040200081E99BE113DB8C2FCF910895EF92FF92F2
:104030001F93CF93DF93CDB7DEB764970FB6F89495
:10404000DEBF0FBECDBF82E080930902DEDA182FFB
:10405000811114C040E355E760E070E081E99BE125
:10406000F5DA812F64960FB6F894DEBF0FBECDBF90
:10407000DF91CF911F91FF90EF90089580915D099E
:1040800087708730A1F520E030E040E850E460918F
:10409000280A7091290A80912A0A90912B0A0E947D
:1040A00067F287FF04C08EE79BE10E9466421F9281
:1040B0008AEF8F931F928F9385E79BE19F938F9356
:1040C0001F9284E18F93CE0101967C019F938F9381
:1040D0000E94C4F1C7010E942E4280E79BE10E942A
:1040E00066420FB6F894DEBF0FBECDBFBACF6BE00D
:1040F00087E89BE10E94C0CF83E89BE10E94664273
:1041000010E0AFCFCF93809116080E943B287DDA54
:10411000C82F81110AC040E355E760E070E081E9F3
:104120009BE194DA8C2FCF91089580915D0987707F
:104130008730A9F420E030E040E251E46091280AA1
:104140007091290A80912A0A90912B0A0E9467F2A5
:1041500087FFE8CF82E69BE10E946642E3CF6AE0F8
:1041600087E89BE10E94C0CF88E69BE10E946642FF
:10417000C0E0D8CF909120079E3031F09D3091F56E
:1041800081E0809321070895962F990F990F960F3C
:10419000980FE1E0F0E0903110F4F0E0E0E0EE0F95
:1041A000FF1FED50F94F9F7021E030E002C0220F59
:1041B000331F9A95E2F740815181242B352B3183AF
:1041C00020838430ECF26430DCF20E9426288111D6
:1041D000D7CF1092F6061092F5061092F4061092C0
:1041E000F306CECF0895EF920F93CF93DF93EC01B8
:1041F00087EF9EE29CD9209751F0EE24E39401E0F2
:1042000021E040E2BE0180E291E10E94D72387EFE6
:104210009EE2009791F0EE24E39401E021E040E279
:10422000BC0180E491E10E94862321E040E267EF37
:104230007EE280E691E10E94862360E083E00E94B6
:10424000DBC580912007893F11F08093340281E023
:1042500080935B0989EF80935A09DF91CF910F9189
:10426000EF900895CF92DF92EF92FF920F931F93FA
:10427000CF93DF93CDB7DEB77C01CDB6DEB60E941B
:1042800075F101962DB73EB7281B390B0FB6F89480
:104290003EBF0FBE2DBF0DB71EB70F5F1F4FB7013B
:1042A000C8010E945AF1C8019EDF0FB6F894DEBE25
:1042B0000FBECDBEDF91CF911F910F91FF90EF9078
:1042C000DF90CF9008955F926F927F928F929F922E
:1042D000AF92BF92CF92DF92EF92FF920F931F9314
:1042E000CF93DF9300D000D000D01F92CDB7DEB7C0
:1042F000EDB6FEB6809117088823A9F080912007BB
:104300008A3F89F00E941AD14B015C0180915A09C1
:10431000882339F110925A099091200789131EC001
:1043200081E0809321070FB6F894FEBE0FBEEDBE6C
:104330002A960FB6F894DEBF0FBECDBFDF91CF91A6
:104340001F910F91FF90EF90DF90CF90BF90AF90B3
:104350009F908F907F906F905F90089560E0F8D865
:10436000E2CF8091F307811119C088EB9BE0A0E0B8
:10437000B0E088199909AA09BB09181619061A0686
:104380001B0664F081E08093F3070E94E82480918B
:1043900020078111C8CF60E081E0E1CF9091210733
:1043A000809120074091EF075091F0076091F1074D
:1043B0007091F207481959096A097B091416150604
:1043C0001606170694F024EF820E21E0921EA11C1F
:1043D000B11C8092EF079092F007A092F107B09283
:1043E000F207692F0E943E7D9ECF9111ECCF893F4D
:1043F00009F072C080915B09882309F465C080913F
:104400001F07882309F464C08091750D9091760D83
:10441000A091770DB091780D0097A105B10509F035
:1044200077C08091F4079091F507A091F607B091BD
:10443000F7070097A105B10509F07BC0AA24A39452
:104440009091EE0780913F0620914006821B8F7766
:1044500009F469CF913009F48FC008F485C0923017
:1044600009F492C0933071F780913F069091400615
:10447000891B8F779091ED07891708F454CF0E941C
:10448000554EC82E8091ED07DD24DA94D80E8DB6F6
:104490009EB68150990BEDB7FEB7E81BF90B0FB62E
:1044A000F894FEBF0FBEEDBF0DB71EB70F5F1F4FD5
:1044B0003801DA94FFEFDF1609F471C00E94554EFF
:1044C000F30181933F01F5CFA0D8882309F49CCF55
:1044D00061E08091340243CF8E3009F095CF95D8BA
:1044E000882309F491CF60E083E00E94DBC50E943D
:1044F0002628882351F080EE9AE140E355E760E0FA
:1045000070E0A4D860E08DE02ACF81ED9AE1F5CF8C
:1045100088199909AA09BB09181619061A061B0653
:104520000CF47FCF40E050E0BA0187EF9EE28ED8D6
:10453000FACE88199909AA09BB09181619061A068C
:104540001B060CF47BCF61D8882309F477CF109237
:10455000F4071092F5071092F6071092F7078CEC0B
:104560009AE10E946642DFCE0E94554E8A3509F0DC
:1045700067CFA092EE0764CF0E94554E853A69F44A
:1045800082E08093EE075CCF0E94554E8093ED074A
:1045900083508E3710F483E0F4CF80E0F2CFF3E85D
:1045A000CF1619F01092EE0772C0F8018081918148
:1045B000982789279827B280BB0C8F30910559F432
:1045C000F2E0BF1208C0F80183818093F90684816C
:1045D0008093F806E7CFBE016F5F7F4F0E944424AF
:1045E000882301F38F819885892BE1F20E941AD1EB
:1045F00060936B0970936C0980936D0990936E09B9
:104600005B80511008C0EF81F88570E060E0CE015A
:1046100001961995C7CF8C8181FF3FC0CDB6DEB61C
:10462000452D50E02DB73EB7241B350B0FB6F8943F
:104630003EBF0FBE2DBF8DB79EB701963C0170E007
:1046400060E00E9410FCD301F801339690E080E016
:104650002B2D30E08B1570F4851560F44191019697
:10466000821793072CF44F3F19F450815F3F11F0EC
:104670004D93F0CFEF81F885B301CE0101961995E6
:104680001092EE070FB6F894DEBE0FBECDBE0FB689
:10469000F8949EBE0FBE8DBED3CEB51083CFB801A9
:1046A0006D5F7F4FEF81F885B2CF1092D00080917F
:1046B000D00082608093D0001092D50080E180937A
:1046C000D4008091D10080618093D1008091D1008D
:1046D00088608093D1008091D10080688093D10060
:1046E0008091D1008F7D8093D10010923E060E9470
:1046F000E8248091F307882321F081E0809321074B
:10470000089561E080E00C94A89A2F923F924F9216
:104710005F926F927F928F929F92AF92BF92CF9251
:10472000DF92EF92FF920F931F93CF93DF93CDB75A
:10473000DEB7C558D1090FB6F894DEBF0FBECDBFA6
:10474000CDB6DEB684E690E090939309809392090B
:1047500010927A0D1092790D41E064E070E08E01C4
:104760000F5F1F4FC8010E9495C943E050E06EE7FC
:1047700074E0C8010E943CFC892BE1F5CE0183580E
:104780009F4F0E94F776E9961CAE1DAE1EAE1FAE7F
:10479000E99710927A0D1092790DCE0185589F4FAE
:1047A0000E94F776ED968EAD9FADED97813D9240DC
:1047B00009F45DC08EEE9AE20E946E2B8EE09EE1BF
:1047C0000E946E2B0E94972B609192097091930921
:1047D0006456710983E89EE10E94EC368BE79EE106
:1047E0000E946E2B81ED92E00E94B1360E949A2BBE
:1047F00012E012C08C81882319F08FE389831A821A
:104800000E94972BB8018DEE9DE10E947C2B8FEDCD
:104810009DE10E946E2B11E08091BE07811107C0BF
:1048200080915909833018F080E00E947782812FAF
:104830000FB6F894DEBE0FBECDBECB57DF4F0FB61E
:10484000F894DEBF0FBECDBFDF91CF911F910F91C6
:10485000FF90EF90DF90CF90BF90AF909F908F90A0
:104860007F906F905F904F903F902F900895CE0172
:104870008F579F4F0E94F276ADB6BEB6CF57DF4F2F
:104880006881C158D04070E06D5F7F4F660F771F21
:10489000660F771F8DB79EB7861B970B0FB6F894E0
:1048A0009EBF0FBE8DBFEDB7FEB73196CE57DF4F1F
:1048B000F983E883C258D040CF010E94FC76409132
:1048C000BE0781E0482764E070E085EE99E00E9431
:1048D00095C9CF57DF4F6881C158D04070E06D5FF8
:1048E0007F4F660F771F660F771F8DB79EB7861BAA
:1048F000970B0FB6F8949EBF0FBE8DBFEDB7FEB7F6
:104900003196CC57DF4FF983E883C458D040CF01AC
:104910000E94FC76CF57DF4F6881C158D04070E0CD
:104920006D5F7F4F660F771F660F771F8DB79EB73E
:10493000861B970B0FB6F8949EBF0FBE8DBFEDB7C9
:10494000FEB731964F01CF010E94FC76F090BE0772
:10495000F11058C0CF57DF4F8881C158D04090E048
:104960000296A5EDB9E070E060E030E020E044E6BA
:104970005FE1821793070CF41EC1CE57DF4FE88129
:10498000F981C258D040E60FF71F40805180628005
:1049900073804D925D926D927D92821793070CF415
:1049A00010C1CC57DF4FE881F981C458D040E60FE1
:1049B000F71F20803180E280E38121016E2C7E2E62
:1049C00050964D925D926D927C9253978217930709
:1049D0000CF401C1F401E60FF71F20803180E28062
:1049E000E38121016E2C7E2E90964D925D926D9208
:1049F0007C9293972F5F3F4F6C5F7F4F2430310540
:104A000009F0B7CF89E09AE00E94EA768DE09AE05B
:104A10000E94EA7681E19AE00E94EA7685E19AE0D6
:104A20000E94EA7689E19AE00E94EA7641E04F2509
:104A300060E170E087E999E00E9495C9CE018B584A
:104A40009F4F0E94EA760FB6F894BEBE0FBEADBE71
:104A50008AE099E00E94E276CE0187589F4F0E943B
:104A6000BA768091BE07811109C081E0EA969FADB8
:104A7000EA97911101C080E080932002809120028A
:104A800081110E94E836CE0183599F4F0E94EA7639
:104A9000F090BE07F1101DC0E1968CAC9DACAEACA1
:104AA000BFACE19720E030E0A901C501B4010E944C
:104AB0004BFB181634F0812C912CE0EAAE2EE0E48A
:104AC000BE2E8092E4039092E503A092E603B0929A
:104AD000E703C8010E94EA76F11027C089809A8016
:104AE000AB80BC8020E030E0A901C501B4010E9488
:104AF0004BFB181654F420E030E543EC57E4C501B5
:104B0000B4010E9467F287FD08C070E8872E76E93D
:104B1000972E78E1A72E7BE4B72E8092E80390923F
:104B2000E903A092EA03B092EB0388E198E00E94C7
:104B3000EA7641E04F2568E070E08EED97E00E9454
:104B400095C9CE018B589F4F0E94EA76CE018758B7
:104B50009F4F0E94F276CE0183599F4F0E94F276BA
:104B6000C8010E94F776EA96EFACEA97AE964FAD91
:104B7000AE9783EC2E2D2827F0E12F9F9001112472
:104B8000842790E0982F88279295907F82279327FB
:104B900029813A818217930709F033C2E49E70019C
:104BA000112421E0E21AF10800F1CE018B589F4F49
:104BB0000E94EA76F6CFFA01459055906590749080
:104BC000E8CEE4E5FFE145905590659074901201C0
:104BD000E62CE72DF2CEE4E4FFE145905590659098
:104BE00074901201E62CE72DFCCE85E19EE00E9438
:104BF000E2765AE0F52EFA94CE01FF2029F08B5888
:104C00009F4F0E94EA76F7CF80589F4F0E94F2761E
:104C1000CE0181589F4F0E94F276CE0187589F4F58
:104C20000E94F776C058DF4F8881C058D04033ECDF
:104C30008327E0E18E9FC0011124C158DF4F2881F6
:104C4000CF57D040232730E0322F22273295307FB4
:104C500082279327EB962EAD3FADEB9782179307F4
:104C600009F0CFC1CE0183599F4F0E94DA76C80167
:104C70000E94DA76C058DF4F8881C058D040853016
:104C800009F084C1C158DF4F9881CF57D04095308B
:104C900009F07EC18091BE07811102C00E943B28AD
:104CA000B801CE0183599F4F0E94922A4091BE07BE
:104CB00081E0482764E670E08AE597E00E9495C9A4
:104CC000CE0183599F4F0E94D276C8010E94BA76C6
:104CD0004091BE07FF24F3944F2564E070E0C801C3
:104CE0000E9495C989E099E00E94D2764091BE0762
:104CF0004F2564E170E0C8010E9495C9F090BE079D
:104D0000F1103AC089809A80AB80BC80A5019401E3
:104D1000C501B4010E94D3FB81112EC049845A847D
:104D20006B847C846D817E818F8198858092BB0DA0
:104D30009092BC0DA092BD0DB092BE0D21E732EB5A
:104D400047E25EE30E94CCF26093BF0D7093C00D0A
:104D50008093C10D9093C20D21E732EB47E25EE3F1
:104D6000C301B2010E9400FA6093C30D7093C40D99
:104D70008093C50D9093C60DC8010E94CA76C801E4
:104D80000E94C276C8010E94C276C8010E94BA760B
:104D9000C8010E94BA76C8010E94BA7685E0F8017F
:104DA00011928A95E9F741E04F2565E070E0C8016E
:104DB0000E9495C9CE0183599F4F0E94D276C801A7
:104DC0000E94CA764091BE07411105C0AE968FADD4
:104DD000AE9780934C07FF24F3944F2560E270E078
:104DE000C8010E9495C9CE0183599F4F0E94D27677
:104DF0004091BE074F2569E070E0C8010E9495C947
:104E00004091BE0741110FC08981809359078A8163
:104E10009B81AC81BD818093550790935607A093E9
:104E20005707B0935807FF24F3944F2562E170E0D1
:104E3000C8010E9495C94091BE074F2564E270E009
:104E4000C8010E9495C94091BE074F2560E170E0FE
:104E5000C8010E9495C94091BE074F2562E070E0ED
:104E6000C8010E9495C94091BE074F2560E170E0DE
:104E7000C8010E9495C94091BE074F256CE670E0BD
:104E8000C8010E9495C94091BE074F2568E070E0B7
:104E90008DE497E00E9495C9C8010E94E276CE0198
:104EA00087589F4F0E94BA76CE0183599F4F0E9428
:104EB000EA7680E3F80111928A95E9F74091BE07FE
:104EC0004F2560E370E0C8010E9495C98091BE073C
:104ED00081111AC08A81FB801C810981011101C0E6
:104EE00082E30E945C24011102C084E6F82E8F2D1B
:104EF0000E949424002341F0812F11110E94262842
:104F0000809316080E943B28809192099091930902
:104F10008533934009F04ECC2091790D30917A0D74
:104F2000EF968EAD9FADEF972817390709F045C072
:104F30008091BE07811122C00E94972B0091790DAC
:104F400010917A0D8EE794E00E94142882EB9EE186
:104F50000E946E2B81ED92E00E94B13685EA9EE1BF
:104F60000E946E2BC8010E94B13689E20E94C6C51C
:104F70000E949A2B8BE89EE10E94592F8091BE07D8
:104F8000811102C00E948C9310E046CC8630C8F597
:104F9000C158DF4F9881CF57D040963090F5899F08
:104FA00070011124F1E0EF1AF10808F489CECE0166
:104FB0008B589F4F0E94EA76F5CF8EEE9AE20E94C0
:104FC0006E2BEF960EAD1FADEF978BE49EE10E9426
:104FD0006E2BC8010E94B1360091790D10917A0DA7
:104FE00086E49EE10E946E2BC8010E94B13686E3E2
:104FF0009EE10E946E2B86E29EE10E94592F13E0F3
:105000000BCC8EEE9AE20E946E2B8BE69EE10E9404
:105010006E2B14E001CCCF93C1E0C093BE0775DBCB
:105020001092BE0781111AC070DB882359F040E34B
:1050300055E760E070E08FEC9EE10E94269B80E0E7
:10504000CF91089580911708811106C0C093170869
:1050500060E081E00E94DBC581E0F2CF0E94589BB6
:105060000E94589B0E94089D882319F080E00E94AE
:10507000778286EF9EE10E9490C70E94972B82EE76
:105080009EE10E946E2BDBCFCF92DF92EF92FF92D8
:105090000F931F93CF93DF93CDB7DEB7E8970FB68B
:1050A000F894DEBF0FBECDBF6801790122E48F3FC7
:1050B00009F024E580E289831A828E010F5F1F4F79
:1050C000F80101900020E9F7CF010197801B910BB7
:1050D0008233910510F5F801E80FF91F2083813321
:1050E000910521F08C0F9D1FFC011282F8010190A7
:1050F0000020E9F7CF010197801B910B82339105C6
:1051000060F42AE3F801E80FF91F20838133910549
:1051100021F08C0F9D1FFC0112824CAB5DAB6EAB7E
:105120007FAB82E088AFBE016C5C7F4FC8010E94FC
:10513000D0C6F80101900020E9F7CF010197801B4C
:10514000910B8233910550F443E350E0481B590B17
:105150006EEC77E2800F911F0E9461F1CCAADDAA6C
:10516000EEAAFFAA82E088AFBE016C5C7F4FC80147
:105170000E94D0C6C8010E94142862E070E080E05E
:1051800090E00E9480D0E8960FB6F894DEBF0FBE84
:10519000CDBFDF91CF911F910F91FF90EF90DF90E6
:1051A000CF900895DF92EF92FF920F931F93CF93CA
:1051B000DF93CDB7DEB7C157D1090FB6F894DEBF84
:1051C0000FBECDBFF82E6091A70D7091A80D072ED0
:1051D000000C880B990B0E946DF28B019C01409191
:1051E000A30D5091A40D6091A50D7091A60D80E8BE
:1051F0004BDF6091DB077091DC07072E000C880BFA
:10520000990B0E946DF28B019C014091D707509140
:10521000D8076091D9077091DA078FEF35DF8FEFEC
:10522000F81631F0FF2009F485C0F12CE12C03C001
:10523000E090DD07F12C45E650E066ED77E28E0167
:105240000F5F1F4FC8010E9461F1FF92EF9289EC3E
:1052500094E09F938F937E01E6E6EE0EF11CFF92A1
:10526000EF920E9455FCF80101900020E9F7CF0170
:105270000197801B910B0F900F900F900F900F9044
:105280000F908436910548F445E650E0481B590BD1
:10529000B701800F911F0E94B0F1D090DD07F80197
:1052A00001900020E9F7CF010197801B910B843614
:1052B000910550F445E650E0481B590B61ED77E24B
:1052C000800F911F0E9461F11F92DF9289EC94E0A0
:1052D0009F938F93FF92EF920E9455FCF8010190EB
:1052E0000020E9F7CF010197801B910B0F900F90E1
:1052F0000F900F900F900F908436910548F445E67B
:1053000050E0481B590BB701800F911F0E94B0F16C
:10531000C8010E941428CF58DF4F0FB6F894DEBFA3
:105320000FBECDBFDF91CF911F910F91FF90EF90F6
:10533000DF900895E090A90D7DCF2F923F924F927C
:105340005F926F927F928F929F92AF92BF92CF9215
:10535000DF92EF92FF920F931F93CF93DF93CDB71E
:10536000DEB7AC970FB6F894DEBF0FBECDBF8BA7EC
:105370006CA72091E6072AA71092E60781E08093A8
:1053800016091B8E1C8E1D8E1E8E1AA21BA21CA21D
:105390001DA21EA23CE33FA38CE188A796E499A737
:1053A0001E8A1F8AA0E8A88FBFEBB98F1A8EE1E092
:1053B000E9A3812C912C54019E012F5F3F4F1901CD
:1053C00080911609882309F43CC181149104A10439
:1053D000B10461F0C818D908EA08FB0830E1C31627
:1053E00037E2D306E104F10408F02BC16091A70D68
:1053F0007091A80D072E000C880B990B0E946DF27E
:105400007B018C012E893F89488D598D0E9467F25E
:105410008823B9F02091A30D3091A40D4091A50DE2
:105420005091A60D8CA5B7018111D4C0C8010E946E
:1054300067F2881F8827881F8A8FEE8AFF8A088F65
:10544000198F0E941AD16B017C018AA19BA1ACA18A
:10545000BDA18C199D09AE09BF09181619061A06B7
:105460001B06A4F1D701C60188519C4FAF4FBF4F17
:105470008AA39BA3ACA3BDA38BA594DE45E150E01A
:105480006AED77E2C1010E9461F11D8A81149104E5
:10549000A104B10409F4A9C0C501B401605F784D4D
:1054A0008F4F9F4F6C197D098E099F0928EE33E0BD
:1054B00040E050E00E9491F8BA01A901C1010E94A8
:1054C000357FC1010E9414280E949A2B80E00E941F
:1054D000073A0E941AD160936B0970936C0980930C
:1054E0006D0990936E09B091A30DBF8FE091A40D4B
:1054F000E8A30091A50D1091A60D2B2F3E2FA8011A
:105500006E897F89888D998D0E9423F92B013C013A
:1055100020E030E0A9010E944BFB87FF04C077FA2E
:10552000709477F8709481149104A104B10409F087
:105530007AC020E030E040E85FE3C301B2010E949E
:1055400067F287FF10C0F9A1812C912C5401FF2331
:1055500031F085E0882E8DE0982EA12CB12C8C0C9A
:105560009D1CAE1CBF1C2A8D222391F18B8D9C8D1E
:10557000AD8DBE8D0097A105B10549F08C199D092F
:10558000AE09BF09181619061A061B060CF12F8D55
:1055900038A1A8016EA17FA188A599A50E9423F931
:1055A00020E030E040EC5FE30E9467F287FD49C0F5
:1055B000D701C601805A9541AF4FBF4F8B8F9C8F4B
:1055C000AD8FBE8F9F8D9EA3A8A1AFA308A719A7DB
:1055D00019A2F6CEC8010E9467F287FD32C0EE8A9A
:1055E000FF8A088F198F1A8E2CCFD1010D900020C1
:1055F000E9F7CD010197821993098431910508F0EB
:1056000060CFF101E80FF91FBFE3B083833191054B
:1056100009F457CFE2E0F0E0EC0FFD1F8E0F9F1F63
:10562000DC011C924ECF20E030E040EA50E4C301A0
:10563000B2010E944BFB18160CF095CF46015701A2
:1056400092CF10911609112321F0109216090E9491
:1056500094CABAA5B093E607812FAC960FB6F8941A
:10566000DEBF0FBECDBFDF91CF911F910F91FF9095
:10567000EF90DF90CF90BF90AF909F908F907F90F2
:105680006F905F904F903F902F9008952F923F9290
:105690004F925F926F927F928F929F92AF92BF9242
:1056A000CF92DF92EF92FF920F931F93CF93DF93EE
:1056B000CDB7DEB7C454D1090FB6F894DEBF0FBE24
:1056C000CDBF7C014B015A01222E19821C821C8EF7
:1056D0001F8E6115710511F410E0B6C1DC0113963F
:1056E0008C918111F9CFFA0180818B018F32D1F435
:1056F000DB0113968C9113978250823060F059969B
:105700006D917C91CE014C960E942CDB8E01045E43
:105710001F4F882309F3C5015C010196F501208123
:105720002F32D1F39E012F5F3F4F6901290130E2F3
:10573000332E2496CFAE24972596DFAE25973E01D3
:105740003CE1630E711C22963FAE229721963FAE3C
:1057500021973FAE3EAE3DAE3CAE3BAE3AAE39AE2B
:1057600038AE3FAA950190E047E0D9018D9188239A
:1057700061F18F3251F18E3239F44A3009F4ACCFF5
:1057800098E04AE09D01F1CFEEEDFAE22491222368
:1057900021F031968213FACF9FCF491708F49CCF9E
:1057A000813208F499CF8F3709F496CF3FE9380F4B
:1057B0003A3108F420EEE7E3F0E0EC0FFD1FE90FCB
:1057C000F11D820F80839F5FDDCF8FA9803209F4A6
:1057D00083CF5901D9018C912F5F3F4F8F32C9F38D
:1057E0008823A9F00815190519F0C8010E94D97D70
:1057F00024969FAD249725968FAD25974C145D0474
:1058000011F4962D872D8601C92ED82E9CCFF80134
:10581000818D928DD7015A969C938E935997C8018A
:105820000E94307FC12CF80180859185A285B385C7
:10583000418952896389748984179507A607B70738
:1058400008F056C025E0B695A795979587952A95B7
:10585000D1F7F82FFF70DF2ED80113968C9182308C
:1058600008F43ACF23961FAE239741E050E0BE01E3
:105870006E5B7F4FC8010E9486D9019709F02CCF3B
:10588000F80180859185A285B3854F96A11DB11D34
:1058900080879187A287B387F0E2DF9EB001112451
:1058A0006D59744F6115710509F416CFDB018C91A8
:1058B000882341F0853E09F04DC0CC2029F0CC244E
:1058C000C394B1CFC1100EC08091630D9091640D4F
:1058D000A091650DB091660DF70184879587A68725
:1058E000B787D08ADB018C918111E9CFCC24C39496
:1058F000822D8274823409F0EFCECC2009F4C7C027
:10590000F701D08861E0C7010E94E27D009709F4A9
:10591000E3CE20E2DC011D922A95E9F72BE0FE019F
:10592000F796DC0101900D922A95E1F721E238E229
:10593000FC01318B208B40E058E057874687338B42
:10594000228B318F208F578B468B0E944FD3811132
:105950000AC0C2CE4BE050E0CE01C7960E94FAFBCF
:10596000892B09F060CF2D2D30E0F901B5E0EE0F65
:10597000FF1FBA95E1F7DF01AD59B44F1B968C912B
:10598000817121F0822D827109F020C1D7015996D1
:105990008D919C915A974091630D5091640D609147
:1059A000650D7091660D1C964D935D936D937C9380
:1059B0001F975096DC925097ED59F44F8488958844
:1059C000B12CA12C54019924882455968D929D9236
:1059D000AD92BC925897428D538D70E060E048299B
:1059E00059296A297B2955964D935D936D937C9334
:1059F0005897A5E0220F331FAA95E1F7D901AD59B9
:105A0000B44F1B962C91287109F0D2C0848D958DCE
:105A1000A68DB78DF701818B928BA38BB48B81E020
:105A20008383822D8F70F701818314821582168201
:105A30001782108611861286138611E024FE04C098
:105A4000C7010E947CD7182FCE014C960E94D82700
:105A5000CE0101960E94D827812FCC5BDF4F0FB675
:105A6000F894DEBF0FBECDBFDF91CF911F910F9194
:105A7000FF90EF90DF90CF90BF90AF909F908F906E
:105A80007F906F905F904F903F902F900895D80136
:105A900013968C911397823009F41ECE51968D91F6
:105AA0009D910D90BC91A02D803E9F4FAF41B105BF
:105AB00008F012CEC8010E94357E882309F40CCE6E
:105AC0000E944FD3882309F407CED8015996ED914F
:105AD000FC915A9714968D909D90AD90BC9017971D
:105AE000B2E08B1A9108A108B108858504C0880C22
:105AF000991CAA1CBB1C8A95D2F786859785A0891C
:105B0000B189880E991EAA1EBB1E81E08093670D85
:105B10008092630D9092640DA092650DB092660D17
:105B2000E3E6FBE080E092E0DF019C011D92215062
:105B30003040E1F7DD24D394D8015996ED91FC91E2
:105B40008481D816C0F48091680D9091690DDC01B4
:105B5000ED91FC910288F389E02D23E63BE0B5014D
:105B6000A4014D0D511D611D711D1995882309F466
:105B7000B3CDD394E1CF258580E092E0A0E0B0E002
:105B800004C0880F991FAA1FBB1F2A95D2F7F801DE
:105B90004189528963897489840F951FA61FB71F95
:105BA000818B928BA38BB48B83E69BE0D12CB1CEFF
:105BB000203161F497012F5E3F4F0E9436D6882333
:105BC00029F084E0D70113968C932BCFD70113963D
:105BD0001C9282CDCF92DF92EF92FF920F931F9390
:105BE000CF93DF93CDB7DEB7A7970FB6F894DEBF9C
:105BF0000FBECDBF182F0E94B78F812309F46BC051
:105C00004091DB045091DC046091DD047091DE046E
:105C100048A359A36AA37BA330E020E0E0E090E032
:105C2000AC01022E02C0559547950A94E2F740FF59
:105C300011C064E270E06C0F7D1F6E0F711D40E2B9
:105C400050E04C0F5D1F420F531FDA014C91DB01F6
:105C50004C93EF5F2F5F3F4F2330310509F78E01E3
:105C60000C5D1F4FE00FF12FF11D108219821F8E66
:105C70001F930F938AE6E82E8CE1F82EFF92EF92A5
:105C80001F928EE18F93CE0101966C019F938F93AB
:105C90000E94C4F10E94972BC6010E9485271F9382
:105CA0000F93FF92EF921F920E9442D10FB6F89489
:105CB000DEBF0FBECDBF81E0A7960FB6F894DEBF62
:105CC0000FBECDBFDF91CF911F910F91FF90EF904D
:105CD000DF90CF90089580E0EFCFCF92DF92EF92E8
:105CE000FF921F93CF93DF93CDB7DEB72C970FB6FC
:105CF000F894DEBF0FBECDBF182F6B017A018091E3
:105D000059098330A8F080918608811111C00E9442
:105D1000942BC6010E946E2B84E397E20E946E2BA7
:105D20001F3FA1F580E397E20E946E2B0E949A2B01
:105D30000E949180A89580918608811135C081E0EC
:105D40008093860882E0809359090E94918087E0C1
:105D500041DF811111C08CE0EAE6F4E0DE0111962A
:105D600001900D928A95E1F7BE016F5F7F4F80E051
:105D70000E94F1970E94918469E277E21F3F11F03F
:105D80006DE277E240E0C7010E94C33717FDCECF36
:105D900085E40E94C6C5612F012E000C770B880B8D
:105DA000990B0E9477C7C2CF2C960FB6F894DEBF2E
:105DB0000FBECDBFDF91CF911F91FF90EF90DF908D
:105DC000CF9008952F923F924F925F926F927F9261
:105DD0008F929F92AF92BF92CF92DF92EF92FF92FB
:105DE0000F931F93CF93DF9300D01F921F92CDB7D5
:105DF000DEB71C0149835A836B837C8328013901F8
:105E0000ED82860181E090E02E2D2F3F11F090E091
:105E100080E025E0289FF001299FF00D1124E85330
:105E2000F84F8481882309F45EC0F1011482158241
:105E3000168217821086F10184818230A1F08330AE
:105E400009F482C08130B9F529813A814B815C81A6
:105E500065817681878190850E944BFB18165CF1E5
:105E600082E0F101848329813A814B815C81F101D7
:105E700065817681878190850E9423F96B017C0181
:105E80000E941AD12B013C01A5019401C701B60162
:105E90000E9467F218160CF446C09801A8EEB3E011
:105EA0000E94D9F8460E571E681E791EF1014082E5
:105EB0005182628273820F900F900F900F900F901B
:105EC000DF91CF911F910F91FF90EF90DF90CF90D6
:105ED000BF90AF909F908F907F906F905F904F900A
:105EE0003F902F900895A3019201F1016581768181
:105EF000878190850E9467F2882309F49CCFF10185
:105F00004582568267827086FF24F39420E030E059
:105F1000A901C301B2010E944BFB18160CF0F12C31
:105F2000F101F48288CFF10180819181A281B38156
:105F300084199509A609B709181619061A061B0629
:105F40000CF4B9CF83E084834EEA57E26EEB77E23C
:105F50008D810F900F900F900F900F90DF91CF9148
:105F60001F910F91FF90EF90DF90CF90BF90AF9077
:105F70009F908F907F906F905F904F903F902F9069
:105F8000ACCE42E557E26FE577E2A7CECF93DF9341
:105F9000A8958091A10D9091A20D2091A10D309115
:105FA000A20D82179307A9F70E9467C86093A30DFB
:105FB0007093A40D8093A50D9093A60D8091D507A5
:105FC0009091D6072091D5073091D6078217930775
:105FD000A9F70E94A8806093D7077093D807809391
:105FE000D9079093DA07C091A10DD091A20D8091AD
:105FF000A10D9091A20DC817D907A9F780912E0283
:1060000090912F02C817D90710F480E0BADF809171
:10601000A70D9091A80D181619066CF480912C020A
:1060200090912D028C179D0730F44FE857E26CE9F0
:1060300077E280E052DE8091D5079091D6072091DB
:10604000D5073091D60782179307A9F720912A0226
:1060500030912B028217930710F48FEF92DF80911B
:10606000DB079091DC0718161906D4F4209128025A
:10607000309129028091D5079091D6074091D5079C
:106080005091D60784179507A9F72817390740F4C8
:106090004FE857E26CE977E28FEFDF91CF911DCEA9
:1060A000DF91CF9108954F925F926F927F928F927E
:1060B0009F92AF92BF92CF92DF92EF92FF920F9397
:1060C0001F93CF93DF93CDB7DEB72E970FB6F8941B
:1060D000DEBF0FBECDBF80915909811118C0A895B0
:1060E0002E960FB6F894DEBF0FBECDBFDF91CF91D5
:1060F0001F910F91FF90EF90DF90CF90BF90AF90E6
:106100009F908F907F906F905F904F9008958091B7
:1061100095088111E5CF81E0809395088091D207A1
:10612000811103C010929508DBCF30DF1092D207A7
:106130000E941AD12B013C0160913202709133020E
:10614000072E000C880B990B0E946DF29B01AC018D
:106150006091A30D7091A40D8091A50D9091A60D55
:106160000E944BFB181614F480E00BDF8091CC07E3
:10617000811118C08091C8079091C907A091CA07E2
:10618000B091CB070097A105B10561F0841995097D
:10619000A609B709181619061A061B061CF081E095
:1061A0008093CC076091A70D7091A80D072E000C6D
:1061B000880B990B0E946DF28B019C014091A30DFD
:1061C0005091A40D6091A50D7091A60D812C912C7C
:1061D000E0E8AE2EE0E4BE2EF8E2CF2ED12CE12C8A
:1061E0008DE89DE0EFDD8090A30D9090A40DA09030
:1061F000A50DB090A60D6091300270913102072E6E
:10620000000C880B990B0E946DF29B01AC01C5013B
:10621000B4010E944BFB18160CF032C2609132029E
:1062200070913302072E000C880B990B0E946DF2BF
:106230009B01AC01C501B4010E9467F287FF20C237
:106240008091CC0790918D08911109C02FE93DE014
:1062500030938C0820938B0891E090938D088823CD
:1062600009F4CFC0C12CD12C7601C701B6010E9420
:1062700068FA759567956093A90D8091E9079091EB
:10628000EA07A091EB07B091EC070097A105B105D3
:10629000B9F084199509A609B709181619061A063E
:1062A0001B0674F0C501B4010E9468FA2091E7074B
:1062B0003091E807621773070CF4E4C10E9444723E
:1062C00020E030E044EB52E46091D7077091D807AA
:1062D0008091D9079091DA070E944BFB181614F4AD
:1062E0008FEF4FDE8091C4079091C507A091C6073C
:1062F000B091C7070097A105B105E9F08419950988
:10630000A609B709181619061A061B06A4F060910B
:10631000D7077091D8078091D9079091DA070E942A
:1063200068FA2091C2073091C307621773070CF413
:10633000B0C10E94FA248091870890918808A091AA
:106340008908B0918A0884199509A609B709181611
:1063500019061A061B060CF4E5CED301C2018857B4
:106360009C4EAF4FBF4F8093870890938808A093AF
:106370008908B0938A088091D107811118C0809153
:10638000CD079091CE07A091CF07B091D00700978D
:10639000A105B10561F084199509A609B709181678
:1063A00019061A061B061CF081E08093D107609144
:1063B000DB077091DC07072E000C880B990B0E94FD
:1063C0006DF28B019C014091D7075091D8076091E5
:1063D000D9077091DA07812C912CA12C80E4B82E7A
:1063E00098E7C92ED12CEE24EA9486E99DE0EADCF8
:1063F0008091D107882309F455C11092DD07759863
:1064000091CE80918B0890918C089E878D87DC01BE
:1064100014968D919D910D90BC91A02D8D839E839E
:10642000AF83B887ED85FE8560857185072E000CEA
:10643000880B990B0E946DF26B017C0120E030E02B
:10644000A9010E9467F2882391F02D813E814F813E
:106450005885C701B6010E9423F96B017C0120E039
:1064600030E040EA51EC0E9467F287FF09C081E00A
:10647000AD85BE851B968C93C12CD12C7601D0C0E6
:1064800020E030E040EA51E4C701B6010E944BFB36
:1064900018165CF481E0ED85FE858387C12CD12C34
:1064A0004FE7E42E43E4F42EBBC0AD85BE851B96BA
:1064B0008C911B97882369F0FD01148A158A168A2E
:1064C000178A58961D921D921D921C925B971B96DF
:1064D0001C92ED85FE85248D358D468D578DC70127
:1064E000B6010E94CCF269877A878B879C87AD853D
:1064F000BE8550966D937D938D939C935397909604
:106500002D913D914D915C919397C701B6010E94E9
:10651000CCF2ED85FE8524893589468957890E940C
:1065200024F96B017C0120E030E0A9010E9467F2B0
:1065300087FD9BC020E030E04FE753E4C701B60180
:106540000E944BFB18160CF494C0AD85BE85549682
:10655000CD92DD92ED92FC92579758968D919D9138
:106560000D90BC91A02D89839A83AB83BC832D8130
:106570003E814F815885ED85FE85648575858685CC
:1065800097850E9423F9AD85BE8594962D913D9106
:106590004D915C9197970E94CCF229813A814B8171
:1065A0005C810E9423F920ED3CEC4CE45DE30E9409
:1065B000CCF229813A814B815C810E9424F9698364
:1065C0007A838B839C83ED85FE85608F718F828FAC
:1065D000938FA701960169857A858B859C850E949A
:1065E00024F929813A814B815C810E9424F920E0C1
:1065F00030E0A9010E9424F96B017C0120E030E029
:10660000A9010E9467F287FD37CF20E030E04FE715
:1066100053E4C701B6010E944BFB18160CF43ECFA1
:106620008D819E81AF81B885ED85FE8584879587B4
:10663000A687B78720E030E0A901C701B6010E9414
:1066400067F287FD0FCE20E030E04FE753E4C7014B
:10665000B6010E944BFB18160CF007CEC12CD12CB2
:106660003FE7E32E33E4F32E00CEC12CD12C76018C
:106670006CCFC12CD12C5FE7E52E53E4F52E65CF0E
:1066800060E0F9CD41E757E260E877E280E025DBA2
:1066900017CE41E757E260E877E28FEF1EDB4BCE83
:1066A0008FE733C0C090D707D090D807E090D907C4
:1066B000F090DA0720E030E040EA50E4C701B6018C
:1066C0000E944BFB87FD99CE20E030E044EB52E482
:1066D000C701B6010E9467F218160CF48ECE6091C5
:1066E000DB077091DC07072E000C880B990B0E94CA
:1066F0006DF2A70196010E9423F920E030E0A90184
:106700000E944BFB181664F280E08093DD070ACDEF
:106710002F923F924F925F926F927F928F929F92B1
:10672000AF92BF92CF92DF92EF92FF920F931F939F
:10673000CF93DF93CDB7DEB7C054D1090FB6F8942D
:10674000DEBF0FBECDBF87E297E00E9448908091E8
:10675000D40983FD6EC020912C0A30912D0A4091FE
:106760002E0A50912F0A609133077091340780915F
:106770003507909136070E9467F2882309F459C0C3
:106780000E94FC83182F882331F00E94972B8FE4FE
:106790009CE10E946E2B20912C0A30912D0A409191
:1067A0002E0A50912F0A609133077091340780911F
:1067B0003507909136070E9423F96B017C0120E098
:1067C00030E0A9010E944BFB87FF04C0F7FAF09468
:1067D000F7F8F094209155023091560240915702FB
:1067E00050915802C701B6010E94CCF220E030E07F
:1067F00048E453E40E944BFB1816CCF40E94972BFC
:1068000080E39CE10E946E2B8091330790913407C6
:10681000A0913507B091360780932C0A90932D0AEA
:10682000A0932E0AB0932F0A0E94B39202C01111B6
:10683000EBCF2AE037ED43E25CE360911302709105
:10684000140280911502909116020E94CCF26B0105
:106850007C016091110270911202072E000C880BCE
:10686000990B0E946DF29B01AC01C701B6010E9419
:10687000CCF26DAB7EAB8FAB98AF80918D09882346
:1068800011F1C0902F07D0903007E0903107F090C1
:10689000320780908E0990908F09A0909009B09057
:1068A000910920E030E0A901C501B4010E9467F21E
:1068B000882309F442C0A5019401C701B6010E94D2
:1068C00067F287FD3AC019821A821B821C821D82E0
:1068D0001E821F82188619861A861B861C869E01B8
:1068E0002F5F3F4F4DA95EA96FA978AD87E297E072
:1068F0000E94F7C880E1E7E2F7E0A0E2BAE0019089
:106900000D928A95E1F7C05CDF4F0FB6F894DEBFB9
:106910000FBECDBFDF91CF911F910F91FF90EF90F0
:10692000DF90CF90BF90AF909F908F907F906F90AF
:106930005F904F903F902F9008952091200A3091C2
:10694000210A4091220A5091230A609127077091F1
:1069500028078091290790912A070E9423F92B018B
:106960003C01498A5A8A6B8A7C8A2091240A309198
:10697000250A4091260A5091270A60912B077091B1
:106980002C0780912D0790912E070E9423F969AB67
:106990007AAB8BAB9CAB6D8B7E8B8F8B988F209162
:1069A000280A3091290A40912A0A50912B0AC701DE
:1069B000B6010E9423F969AF7AAF8BAF9CAF698FA4
:1069C0007A8F8B8F9C8F20912C0A30912D0A4091C9
:1069D0002E0A50912F0A60913307709134078091ED
:1069E0003507909136070E9423F94B015C018D8E8B
:1069F0009E8EAF8EB8A220E030E0A901C301B201A3
:106A00000E9467F281110CC020E030E0A90169A961
:106A10007AA98BA99CA90E9467F2882309F453CF15
:106A2000CE0141960E94D18F6B017C012DEB37E3A3
:106A300046E855E30E9467F287FF0FC020E030E090
:106A4000A901C501B4010E944BFB7501640187FFD8
:106A500004C0F7FAF094F7F8F0942DEB37E346E82A
:106A600055E3C701B6010E9467F287FD43CF20E0DE
:106A700030E040EA50E4C701B6010E9400FA0E94EB
:106A80006DFA1B01672B19F422242394312CB101D8
:106A900090E080E00E946BF29B01AC0160E070E04E
:106AA00080E89FE30E9400FA6DA77EA78FA798ABAE
:106AB0009B01AC01C301B2010E94CCF221966CAFE4
:106AC0007DAF8EAF9FAF21972DA53EA54FA558A9AD
:106AD00069A97AA98BA99CA90E94CCF269AB7AAB6F
:106AE0008BAB9CAB2DA53EA54FA558A969AD7AAD42
:106AF0008BAD9CAD0E94CCF22B013C012DA53EA597
:106B00004FA558A9C501B4010E94CCF24B015C010C
:106B10002DA53EA54FA558A9C701B6010E94CCF2EC
:106B200069A37AA38BA39CA31DA21EA21FA218A6D1
:106B300019A61AA61BA61CA680E1E0E2FAE08E01C7
:106B40000F5F1F4FD80101900D928A95E1F70E94C7
:106B50001AD16B017C0128ECC20ED11CE11CF11C86
:106B600081E0281A310809F45AC00E941AD1A701FD
:106B70009601261B370B480B590B121613061406E9
:106B800015060CF450C06B017C01A8ECCA0ED11C98
:106B9000E11CF11C80E00E94073A21962CAD3DAD2E
:106BA0004EAD5FAD219769817A818B819C810E9476
:106BB00024F969837A838B839C8329A93AA94BA9F9
:106BC0005CA96D817E818F8198850E9424F96D83F7
:106BD0007E838F839887A301920169857A858B854F
:106BE0009C850E9424F969877A878B879C87A501F9
:106BF00094016D857E858F8598890E9424F96D8723
:106C00007E878F87988B9E012F5D3F4F4DA95EA990
:106C10006FA978ADC8010E94F7C88111A1CF9E016C
:106C20002F5D3F4F5FCE3FDAB8CF4F925F926F92AA
:106C30007F928F929F92AF92BF92CF92DF92EF920C
:106C4000FF92CF93DF936B017C01809013029090B1
:106C50001402A0901502B0901602C0911102D091BA
:106C6000120284E690E09093120280931102409009
:106C7000550250905602609057027090580280E082
:106C800090E0A0E8BFE38093550290935602A09352
:106C90005702B093580220E030E0A901C7010E94DA
:106CA00067F2882341F0C0921302D0921402E0925E
:106CB0001502F09216022CDD4092550250925602B7
:106CC0006092570270925802D0931202C093110240
:106CD0008092130290921402A0921502B0921602B2
:106CE000DF91CF91FF90EF90DF90CF90BF90AF906A
:106CF0009F908F907F906F905F904F900895FC01D0
:106D000020818091790D90917A0D922728E0AC0135
:106D1000880F991F57FD07C02150C9F790937A0D2E
:106D20008093790D0895F1E28F27F0E19F27F4CF4A
:106D30003FB7F8948091FF1690910017A09101172A
:106D4000B091021726B5A89B05C02F3F19F00196F8
:106D5000A11DB11D3FBFBA2FA92F982F8827BC01B5
:106D6000CD01620F711D811D911D42E0660F771FDD
:106D7000881F991F4A95D1F70895FC01938591FDCD
:106D800013C0987121E0903109F020E08091860DC8
:106D900020FB85F98093860D903141F08085873402
:106DA00019F481858E3711F480E0089581E008950B
:106DB000FC0120E03EE2DB014D91BD01403249F093
:106DC000283011F430833196DB0111974C914083C8
:106DD00031962F5F2B3079F710820895CF93DF9390
:106DE000EC01CB01E881F981608171810E94FC7D19
:106DF00028813981D901ED91FC91AA81BB818C91C7
:106E00009081992359F08936C8F4CF010196F90190
:106E1000918380838C918F5F8C93EACF893670F455
:106E20008FE28083E881F98180819181019691834D
:106E30008083EA81FB8180818F5F8083DF91CF91A6
:106E400008952F923F924F925F926F927F928F920E
:106E50009F92AF92BF92CF92DF92EF92FF920F93E9
:106E60001F93CF93DF93CDB7DEB7C859D1090FB6C3
:106E7000F894DEBF0FBECDBF8C01E0964FAFE09718
:106E8000252E362EE2967FAFE297C258DF4F398328
:106E90002883CE57D0402091E9093091EA094091EA
:106EA000EB095091EC09DC016D917D918D919C91E4
:106EB0000E94CCF20E9457FBC457DF4F688379834E
:106EC0008A839B83CC58D0402091ED093091EE0904
:106ED0004091EF095091F009F80164817581868134
:106EE00097810E94CCF20E9457FBC057DF4F688306
:106EF00079838A839B83C059D0402091F1093091D6
:106F0000F2094091F3095091F409D80118966D9156
:106F10007D918D919C911B970E94CCF20E9457FB12
:106F2000CC56DF4F688379838A839B83C459D040D2
:106F3000D8011C962D913D914D915C911F97A39680
:106F40002CAF3DAF4EAF5FAFA3972091F5093091C5
:106F5000F6094091F7095091F809A3966CAD7DAD03
:106F60008EAD9FADA3970E94CCF20E9457FBC058F4
:106F7000DF4F688379838A839B83C058D04080E148
:106F8000F801DE01AF5BBF4F01900D928A95E1F7EA
:106F90008091D40983FD04C08091CD098823F1F04C
:106FA000C058DF4F088119812A813B81C058D040E9
:106FB0000093430E1093440E2093450E3093460EDB
:106FC000A3962CAD3DAD4EAD5FADA3972093330E90
:106FD0003093340E4093350E5093360E9091260E1A
:106FE0008091250E891738F0891B8F3031F480E0AD
:106FF0000E94073AF3CF805FF7CF8091250E0E9461
:107000002289C856DF4F8883C859D0400091250E89
:107010008091CB099091CC09892B11F00C94BAC5C1
:107020008091370E9091380EA091390EB0913A0EA2
:10703000C457DF4F88809980AA80BB80CC58D0404D
:10704000881A990AAA0ABB0A80913B0E90913C0EBD
:10705000A0913D0EB0913E0EC057DF4F288139817F
:107060004A815B81C059D040281B390B4A0B5B0B0E
:1070700067962CAF3DAF4EAF5FAF679780913F0EE5
:107080009091400EA091410EB091420ECC56DF4F30
:10709000288139814A815B81C459D040281B390B32
:1070A0004A0B5B0B6B962CAF3DAF4EAF5FAF6B9750
:1070B0008091430E9091440EA091450EB091460EE2
:1070C000C058DF4FC880D980EA80FB80C058D040CC
:1070D000C81AD90AEA0AFB0A09F481C00E94FC8393
:1070E000882339F1C058DF4F88819981AA81BB81FB
:1070F000C058D0408093430E9093440EA093450E09
:10710000B093460EA3962CAD3DAD4EAD5FADA397AB
:107110002093330E3093340E4093350E5093360E39
:107120000E94972B8AE591E30E946E2BC12CD12CF3
:107130007601C701B6010E946DF22091550230918F
:10714000560240915702509158020E94CCF22B01F6
:107150003C0120E030E0A9010E944BFB87FF04C006
:1071600077FA709477F8709420E030E048E453E4C4
:107170006091F5097091F6098091F7099091F809ED
:107180000E94CCF2A30192010E9467F287FF27C000
:10719000C058DF4F88819981AA81BB81C058D040F7
:1071A0008093430E9093440EA093450EB093460EE9
:1071B000A3962CAD3DAD4EAD5FADA3972093330E9E
:1071C0003093340E4093350E5093360E0E94972B19
:1071D0008BE391E30E946E2BC12CD12C760110E041
:1071E00081E0181419041A041B040CF080E080FBE1
:1071F00010F981E067962CAD3DAD4EAD5FAD679760
:1072000012161306140615060CF080E080FB11F927
:1072100081E06B962CAD3DAD4EAD5FAD6B97121618
:107220001306140615060CF080E080FB12F981E0CD
:107230001C141D041E041F040CF080E080FB13F9D5
:10724000C701B6010E946DF220915502309156029D
:1072500040915702509158020E94CCF26B017C0180
:1072600020E030E0A9010E944BFB87FF66C4C70104
:10727000B6019058402F50E0A1965FAF4EAFA19756
:1072800053E6059F90011124D901A95BB14FA9963E
:10729000BFAFAEAFA9970E946DFAAF966CAF7DAF4E
:1072A0008EAF9FAFAF97A996EEADFFADA9971082B5
:1072B00015AF6B964CAC5DAC6EAC7FAC6B9777FE4C
:1072C00008C07094609450944094411C511C611CFF
:1072D000711C67960CAD1DAD2EAD3FAD6797A7969F
:1072E0000CAF1DAF2EAF3FAFA79737FF0DC0309546
:1072F0002095109501951F4F2F4F3F4FA7960CAF2C
:107300001DAF2EAF3FAFA7976F968CAE9DAEAEAEC2
:10731000BFAE6F97B7FE0DC022273327A9012819EA
:1073200039094A095B096F962CAF3DAF4EAF5FAF8D
:107330006F976F968CAD9DADAEADBFAD6F97A996B3
:10734000EEADFFADA997858F968FA78FB0A3A796B7
:107350000CAD1DAD2EAD3FADA79701A312A323A386
:1073600034A345A256A267A270A6C501B4010E942B
:107370006DF22091BB093091BC094091BD0950913B
:10738000BE090E94CCF2EA966CAF7DAF8EAF9FAF84
:10739000EA9767966CAD7DAD8EAD9FAD67970E9405
:1073A0006DF22091BF093091C0094091C1095091FF
:1073B000C2090E94CCF267966CAF7DAF8EAF9FAFD3
:1073C00067976B966CAD7DAD8EAD9FAD6B970E9450
:1073D0006DF22091C3093091C4094091C5095091C3
:1073E000C6090E94CCF24B015C01EA960CAD1DADC2
:1073F0002EAD3FADEA9709AB1AAB2BAB3CAB679612
:107400002CAD3DAD4EAD5FAD67972DAB3EAB4FABF9
:1074100058AF89AE9AAEABAEBCAE2091C7093091E1
:10742000C8094091C9095091CA09C701B6010E9413
:10743000CCF2E6966CAF7DAF8EAF9FAFE69721960C
:107440006CAF7DAF8EAF9FAF21976F968CAD9DAD2A
:10745000AEADBFAD6F970697A105B1050CF077C330
:10746000A7960CAD1DAD2EAD3FADA797063011050B
:10747000210531050CF06BC316E04116510461047F
:1074800071040CF064C320E030E0A901E6966CAD15
:107490007DAD8EAD9FADE6970E944BFB87FF50C33D
:1074A000E6968CAD9DADAEADBFADE697B05823E688
:1074B000A1960EAD1FADA197209FF001219FF00D69
:1074C0001124E95BF14F818B928BA38BB48B83E604
:1074D000A1960EAD1FADA197809FF001819FF00D89
:1074E0001124E95BF14FAF962CAD3DAD4EAD5FADD4
:1074F000AF9721A732A743A754A7458D568D678D17
:1075000070A101A112A123A134A185A196A1A7A1D7
:10751000B0A580179107A207B30710F4D901C801DD
:1075200084179507A607B70710F4DB01CA01AF96C9
:107530000CAD1DAD2EAD3FADAF9780179107A207E3
:10754000B30710F4D901C80123E6A1960EAD1FAD13
:10755000A197209FF001219FF00D1124E95BF14FCD
:1075600085A796A7A7A7B0AB0697A105B10510F40C
:107570000C949DC5E25BFF4F80917A148083452B6C
:10758000462B472B19F080E00E944F8283E6A1969C
:107590000EAD1FADA197809FF001819FF00D1124CA
:1075A000E95BF14F81A192A1A3A1B4A1892B8A2B00
:1075B0008B2B19F081E00E944F8283E6A1960EADDD
:1075C0001FADA197809FF001819FF00D1124E95B11
:1075D000F14F85A196A1A7A1B0A5892B8A2B8B2B52
:1075E00019F082E00E944F82AF962CAD3DAD4EADBA
:1075F0005FADAF97232B242B252B11F40C94BCC526
:107600000E941582E090150AF090160A0091170A60
:107610001091180A9701A801E0966FADE097722DBE
:10762000832DE2969FADE2970E9467F287FD08C026
:10763000E096EFACE097F22C032DE2961FADE297B7
:1076400083E6A1964EAD5FADA197849FF001859F23
:10765000F00D1124E95BF14F81889288A388B488EA
:10766000A501940160E070E080E89FE30E9400FAC9
:10767000EA966CAF7DAF8EAF9FAFEA979701A801F6
:107680000E94CCF26B017C019091240E8091250E1A
:10769000891708F4B7C2891BE2968FAFE297A7015A
:1076A000960160E074E284E799E40E9400FA0E9487
:1076B00057FB2B013C01E2968FADE297825086305A
:1076C000A0F56091E5097091E6098091E709909134
:1076D000E809641975098609970916161706180628
:1076E00019061CF5660F771F881F991FE2960FADCC
:1076F000E297202F30E050E040E00E94B3F8CA014A
:10770000B9010E946DF20E9468FA640D751D861D14
:10771000971D0E946DF29B01AC0160E074E284E76A
:1077200099E40E9400FA6B017C01A7019601C50152
:10773000B4010E94CCF2EE966CAF7DAF8EAF9FAFDE
:10774000EE9783E6A1962EAD3FADA197829F800173
:10775000839F100D1124095B114FEE968CAD9DADEA
:10776000AEADBFADEE97F80181839283A383B4835E
:1077700025A536A547A550A9A7962CAF3DAF4EAF7E
:107780005FAFA797CA01B9010E946BF26F966CAF09
:107790007DAF8EAF9FAF6F979B01AC01C701B60164
:1077A0000E94CCF20E94EAF90E946DFACC57DF4F9A
:1077B000688379838A839B83C458D040F801FE96FE
:1077C00060837183828393838E010F5C1F4FE196E8
:1077D0001FAF0EAFE19700511109C657DF4F198354
:1077E0000883CA58D04009EF19E0C857DF4F198302
:1077F0000883C858D0408E01035C1F4F63961FAFAB
:107800000EAF6397212C312C10E864961FAF64975C
:107810000FE368960FAF6897E196AEADBFADE19705
:107820002D913D914D915D91E196BFAFAEAFE19746
:10783000C701B6010E94CCF24B015C01C657DF4F75
:10784000E881F981CA58D04081929192A192B19277
:10785000C657DF4FF983E883CA58D04020E030E0B4
:10786000A9010E944BFB87FF04C0B7FAB094B7F898
:10787000B094C857DF4FA881B981C858D0404D9007
:107880005D906D907D90C857DF4FB983A883C8582D
:10789000D040A5019401C301B2010E9467F287FFA5
:1078A0001AC0A5019401C301B2010E9400FA5B0154
:1078B0008C01910164964FAD649768965FAD6897AF
:1078C0000E9467F287FF07C0150164960FAF6497A7
:1078D00068961FAF689763960EAD1FAD6397E196EC
:1078E0002EAD3FADE1970217130709F095CFA70121
:1078F0009601E6966CAD7DAD8EAD9FADE6970E948C
:10790000CCF26B017C01CDA6DEA6EFA6F8AA20E0A2
:1079100030E0A9010E944BFB4601570187FF04C0DC
:10792000B7FAB094B7F8B0944090050A5090060AA0
:107930006090070A7090080AA5019401C301B20182
:107940000E9467F287FF1AC0A5019401C301B2012A
:107950000E9400FA5B018C01910164964FAD64971F
:1079600068965FAD68970E9467F287FF07C01501B0
:1079700064960FAF649768961FAF689720E030E079
:1079800040E85FE3B10164968FAD649768969FAD60
:1079900068970E9467F287FF81C0910164964FAD9E
:1079A000649768965FAD689769A17AA18BA19CA145
:1079B0000E94CCF269A37AA38BA39CA39101649645
:1079C0004FAD649768965FAD68976DA17EA18FA15A
:1079D00098A50E94CCF26DA37EA38FA398A79101D6
:1079E00064964FAD649768965FAD689769A57AA570
:1079F0008BA59CA50E94CCF269A77AA78BA79CA710
:107A0000910164964FAD649768965FAD6897C70122
:107A1000B6010E94CCF26DA77EA78FA798AB83E634
:107A2000A1964EAD5FADA197849F8001859F100DFB
:107A30001124095B114F78015EE3E50EF11CCC5770
:107A4000DF4F688179818A819B81C458D0400E9430
:107A50006BF2910164964FAD649768965FAD68973D
:107A60000E94CCF20E946DFAD7016D937D938D93A5
:107A70009C931397910164964FAD649768965FADA0
:107A80006897EE966CAD7DAD8EAD9FADEE970E9482
:107A9000CCF2F80161837283838394836F962CAD5B
:107AA0003DAD4EAD5FAD6F97EA966CAD7DAD8EADE1
:107AB0009FADEA970E94CCF22B013C0183E6A19690
:107AC0000EAD1FADA197809FF001819FF00D112495
:107AD000E95BF14F458A568A678A708E858C968C51
:107AE000A78CB0A081149104A104B10409F08CC04A
:107AF00081A192A1A3A1B4A1892B8A2B8B2B09F080
:107B000083C085A196A1A7A1B0A5892B8A2B8B2B19
:107B100009F07AC020910D0A30910E0A40910F0AA7
:107B20005091100AC301B2010E94CCF20E94EAF9FE
:107B30000E946DFA6B017C0165C1C701B6019ACB49
:107B4000E6968CAD9DADAEADBFADE697B0CCC2585C
:107B5000DF4FA881B981CE57D040CD90DD90ED9018
:107B6000FC9020E030E0A901C701B6010E9467F255
:107B7000882389F083E6A1960EAD1FADA197809F63
:107B8000F001819FF00D1124E95BF14FC18AD28A87
:107B9000E38AF48A9CCCEA962CAD3DAD4EAD5FAD48
:107BA000EA9729833A834B835C8367968CAD9DADBE
:107BB000AEADBFAD67978D839E83AF83B88789864F
:107BC0009A86AB86BC86E6960CAD1DAD2EAD3FAD5C
:107BD000E6970D871E872F87388BCE0101960E946E
:107BE000D18F23E6A1960EAD1FADA197209FF00186
:107BF000219FF00D1124E95BF14F618B728B838B18
:107C0000948B65CC805F47CDAF962CAD3DAD4EAD2E
:107C10005FADAF97232B242B252B09F40CC22091A9
:107C2000090A30910A0A40910B0A50910C0AC301CB
:107C3000B2010E94CCF20E94EAF90E946DFA6B0137
:107C40007C018091B7099091B809A091B909B091D0
:107C5000BA09A996EEADFFADA99701A112A123A182
:107C600034A167960CAF1DAF2EAF3FAF679705A14C
:107C700016A127A130A56B960CAF1DAF2EAF3FAF5D
:107C80006B9701A512A523A534A5AB960CAF1DAF2C
:107C90002EAF3FAFAB97A7960CAD1DAD2EAD3FAD50
:107CA000A79780179107A207B30708F4CDC18114E5
:107CB0009104A104B104E1F06091A7097091A809B1
:107CC0008091A9099091AA096C157D058E059F05E3
:107CD00078F4A90198010E9482F8A50194010E94FC
:107CE00091F82C153D054E055F0510F469017A01E8
:107CF00067962CAD3DAD4EAD5FAD6797232B242B22
:107D0000252B21F16091AB097091AC098091AD09EF
:107D10009091AE096C157D058E059F05B8F4A79668
:107D20002CAD3DAD4EAD5FADA7970E9482F8679632
:107D30002CAD3DAD4EAD5FAD67970E9491F82C150F
:107D40003D054E055F0510F469017A016B968CAD17
:107D50009DADAEADBFAD6B97892B8A2B8B2B21F1DF
:107D60006091AF097091B0098091B1099091B20909
:107D70006C157D058E059F05B8F4A7962CAD3DAD1D
:107D80004EAD5FADA7970E9482F86B962CAD3DADCE
:107D90004EAD5FAD6B970E9491F82C153D054E05D9
:107DA0005F0510F469017A01AB960CAD1DAD2EADE7
:107DB0003FADAB97012B022B032B21F16091B3094F
:107DC0007091B4098091B5099091B6096C157D0543
:107DD0008E059F05B8F4A7962CAD3DAD4EAD5FADB9
:107DE000A7970E9482F8AB962CAD3DAD4EAD5FAD2E
:107DF000AB970E9491F82C153D054E055F0510F4D8
:107E000069017A0183E6A1962EAD3FADA197829FCD
:107E10008001839F100D1124095B114FF801E65B6F
:107E2000FF4FC082D182E282F382C701B6010E9475
:107E30006BF26B017C012DEB37E346E051E40E94CD
:107E4000CCF20E946DFAD801D9966D937D938D93F3
:107E50009C93DC97A3019201C701B6010E9400FA2E
:107E6000F801618F728F838F948F20E030E040E0C3
:107E70005FE30E94CCF2A30192010E9400FA6B0121
:107E80007C01D8011196BC91A496BFAFA497F801CC
:107E9000F2816C96FFAF6C97D8011396BC91AC96AB
:107EA000BFAFAC97F801F481E096FFAFE097A496DE
:107EB0002FADA4976C963FAD6C974B2F5F2FA49678
:107EC0006FADA4976C967FAD6C978B2F9F2F0E9400
:107ED000CCF264966FAF649768967FAF6897A89668
:107EE0008FAFA897E3969FAFE3979B01AC01B601D4
:107EF000C7010E944BFB181664F06496CFAE6497DE
:107F00006896DFAE6897A896EFAEA897E396FFAEA7
:107F1000E39780E1FE01B196DE01519601900D924A
:107F20008A95E1F7E2960FADE297002309F470C05D
:107F30002090751710917617E2961FAFE297009187
:107F40007717E7960FAFE797309078172DEB37E369
:107F500046E855E3622D712F802F932D0E9467F222
:107F600087FD56C0222D312F402F532DA4966FAD83
:107F7000A4976C967FAD6C97AC968FADAC97E0965E
:107F80009FADE0970E9467F287FF71C1222D312FCC
:107F9000402F532DA4966FADA4976C967FAD6C9730
:107FA000AC968FADAC97E0969FADE0970E9400FA3B
:107FB0002B013C0199E7292E97E1392E8E010F5EA6
:107FC0001F4F29E8E22E27E1F22ED1012D913D919C
:107FD0004D915D911D01F80181909190A190B1901A
:107FE0008F016F01F4E0CF1AD108C301B2010E94E2
:107FF000CCF29B01AC01C501B4010E9423F9D6016A
:108000006D937D938D939C931397E214F304E9F69B
:10801000A4962FACA4976C960FAD6C97E2960FAF19
:10802000E297AC961FADAC97E7961FAFE797E09647
:108030003FACE09764C12091110A3091120A40913F
:10804000130A5091140AF3CD81149104A104B104D0
:1080500009F43FC06091A7097091A8098091A9090E
:108060009091AA096C157D058E059F0590F50E94DB
:108070006BF26F962CAD3DAD4EAD5FAD6F970E942C
:10808000CCF2E6966CAF7DAF8EAF9FAFE697C501A1
:10809000B4010E946BF29B01AC01E6966CAD7DAD24
:1080A0008EAD9FADE6970E9400FA4B015C01C701BF
:1080B000B6010E946BF29B01AC01C501B4010E94A4
:1080C00067F287FF06C0C501B4010E946DFA6B011B
:1080D0007C0167962CAD3DAD4EAD5FAD6797232B10
:1080E000242B252BD9F16091AB097091AC098091BB
:1080F000AD099091AE096C157D058E059F0570F553
:108100000E946BF26F962CAD3DAD4EAD5FAD6F979B
:108110000E94CCF24B015C0167966CAD7DAD8EADDB
:108120009FAD67970E946BF29B01AC01C501B40142
:108130000E9400FA4B015C01C701B6010E946BF27C
:108140009B01AC01C501B4010E9467F287FF06C024
:10815000C501B4010E946DFA6B017C016B968CAD78
:108160009DADAEADBFAD6B97892B8A2B8B2BD9F113
:108170006091AF097091B0098091B1099091B209F5
:108180006C157D058E059F0570F50E946BF26F964C
:108190002CAD3DAD4EAD5FAD6F970E94CCF24B0163
:1081A0005C016B966CAD7DAD8EAD9FAD6B970E9403
:1081B0006BF29B01AC01C501B4010E9400FA4B01B6
:1081C0005C01C701B6010E946BF29B01AC01C501C5
:1081D000B4010E9467F287FF06C0C501B4010E9486
:1081E0006DFA6B017C01AB960CAD1DAD2EAD3FADB4
:1081F000AB97012B022B032B09F404CE6091B3093A
:108200007091B4098091B5099091B6096C157D05FE
:108210008E059F0508F0F6CD0E946BF26F962CAD8F
:108220003DAD4EAD5FAD6F970E94CCF24B015C014E
:10823000AB966CAD7DAD8EAD9FADAB970E946BF2F2
:108240009B01AC01C501B4010E9400FA4B015C0125
:10825000C701B6010E946BF29B01AC01C501B401DC
:108260000E9467F287FFCECDC501B40161CCA49610
:108270002FADA4976C963FAD6C97AC964FADAC9775
:10828000E0965FADE097622DE2967FADE297E796CC
:108290008FADE797932D0E9400FA4B015C012E01F0
:1082A000B1E14B0E511C09E717E13E01E1E26E0E10
:1082B000711CD2012D913D914D915D912D01F801DF
:1082C000C190D190E190F1908F01CD010497EC968F
:1082D0009FAF8EAFEC97C501B4010E94CCF2A7010D
:1082E00096010E9423F9EC96AEADBFADEC976D936D
:1082F0007D938D939C93139764147504D1F68E012E
:108300000F5E1F4F27E939E0EC963FAF2EAFEC9799
:10831000AE014F5D5F4F63965FAF4EAF6397812CA9
:10832000912C80E8A82E8FE3B82ED801CD90DD9057
:10833000ED90FD908D0120E030E0A901C701B6016C
:108340000E944BFB87FF04C0F7FAF094F7F8F09413
:10835000EC96EEADFFADEC9741905190619071902D
:10836000EC96FFAFEEAFEC97A5019401C701B60103
:108370000E94CCF29B01AC01C301B2010E9467F2E2
:1083800087FF08C0A7019601C301B2010E9400FA4D
:108390004B015C0163962EAD3FAD6397201731070B
:1083A00021F6A5019401622DE2967FADE297E79652
:1083B0008FADE797932D0E94CCF29B01AC010E94F8
:1083C000CCF26B017C0164962FAD649768963FAD4B
:1083D0006897A8964FADA897E3965FADE3970E9484
:1083E00067F287FF0CC06496CFAC64976896DFACE9
:1083F0006897A896EFACA897E396FFACE39783E65F
:10840000A1964EAD5FADA197849F8001859F100D11
:108410001124C801895B914FA601B701DC011D96AB
:108420004D935D936D937C93509764964FAD649795
:1084300068965FAD6897A8966FADA897E3967FADF5
:10844000E397FC01458356836783708719964D93A4
:108450005D936D937C931C97EE5BFF4F10821182AE
:1084600012821382FC0120812160208320E1FE0121
:10847000B196A9E7B7E101900D922A95E1F7A4968C
:108480004FADA4976C965FAD6C97AC966FADAC9703
:10849000E0967FADE0974093751750937617609301
:1084A000771770937817C457DF4F288139814A8135
:1084B0005B81CC58D0402093370E3093380E4093D8
:1084C000390E50933A0EC057DF4F288139814A81C7
:1084D0005B81C059D04020933B0E30933C0E4093BB
:1084E0003D0E50933E0ECC56DF4F288139814A8194
:1084F0005B81C459D04020933F0E3093400E40938F
:10850000410E5093420EC058DF4F288139814A8175
:108510005B81C058D0402093430E3093440E40936B
:10852000450E5093460E815B9F4FE091960934E0D3
:10853000E39FF0011124E15BF44F4081518162819E
:108540007381DC014D935D936D937C9313978091C0
:10855000270E9091280EA091290EB0912A0E8983A2
:108560009A83AB83BC8380912B0E90912C0EA091AB
:108570002D0EB0912E0E8D839E83AF83B887809190
:108580002F0E9091300EA091310EB091320E89874E
:108590009A87AB87BC878091330E9091340EA0915F
:1085A000350EB091360E8D879E87AF87B88BCE0182
:1085B00001960E945794D801A656B14F80E1FE0162
:1085C000319601900D928A95E1F780E1FE01EF5B13
:1085D000FF4FA7E2BEE001900D928A95E1F79091DE
:1085E000250E8091260E981303C084E68093230EF7
:1085F000C856DF4F0881C859D0400093250EC25895
:10860000DF4FA881B981CE57D0401896FC901897BB
:1086100019960C9119971A961C911A971B96EC9023
:1086200064962FAD649768963FAD6897A8964FAD56
:10863000A897E3965FADE3976F2D702F812F9E2D46
:108640000E944BFB181664F46496FFAE649768961C
:108650000FAF6897A8961FAFA897E396EFAEE39782
:108660001091250E112309F40CC11150D090240E45
:10867000F12CE12C03E61D1509F4BBC0612E712C11
:10868000069DF001079DF00D1124E95BF14F8081FB
:1086900082FD20C1E114F10421F0F701808180FF07
:1086A000A8C0069DF001079DF00D1124E95BF14F74
:1086B00025803680478050842585A0962FAFA097CF
:1086C0003685A4963FAFA497878440896C964FAFB8
:1086D0006C97482D6C965FAD6C97C201B1010E94FA
:1086E00067F2882309F485C0E114F10409F4CBC0D2
:1086F000D7011596CC9015971696BC90169717969D
:10870000AC9017971896FC90069DC001079D900DA0
:108710001124FC01E95BF14FAD96FFAFEEAFAD97D1
:10872000618D728D838D948D90589B01AC010E9458
:1087300024F9AD96AEADBFADAD9751962D913D915B
:108740004D915C9154970E94CCF29B01AC016C2D31
:108750007B2D8A2D9F2D0E9423F9962EA72EB82EB1
:10876000C92E262F372F482F592FA0966FADA097CF
:10877000A4967FADA497882D6C969FAD6C970E94B0
:1087800067F287FD8DC0292D3A2D4B2D5C2DC2013E
:10879000B1010E9467F2882361F1069DF001079DF7
:1087A000F00D1124E95BF14F80818160808320917D
:1087B00094093091950980919409909195098217B7
:1087C000930709F078C0109FC0011124FC01E95BF8
:1087D000F14F7F01069DC001079D900D1124E21706
:1087E000F30709F06AC0FC01E95BF14F80818E7FDD
:1087F0008083C090260EB091250EE796BFAFE79715
:10880000B12CA4961FAEA497212C312CF12CE12C75
:10881000E796EFADE797EC1509F46CC18C2C912C21
:10882000F3E6CF9EC00111248C01095B114FA19684
:108830001FAF0EAFA197D8018C9182FD56C18C91CC
:1088400080FF16C0E114F10409F055C019966D912E
:108850007D918D919C911C97F80165837683878328
:1088600090870E9491FBB62EA4967FAFA4971C011F
:108870008C2D0E942289C82EA196EEACFFACA19748
:10888000C7CF1FE0F3CE6496CFAC64976896BFACB9
:108890006897A896AFACA897E396FFACE39734CF60
:1088A000A0969FACA097A496AFACA497B82C6C965A
:1088B000CFAC6C9772CF9C017ECF895B914F492DD5
:1088C0005A2D6B2D7C2DDC0115964D935D936D9388
:1088D0007C931897112369F011508D2DD090240EA0
:1088E000D81609F4C8CE811709F483CF0E942289D3
:1088F000F5CF1FE0F2CFD7018C9181608C938091EE
:10890000940990919509209194093091950928171F
:10891000390789F5B3E6B89DF001B99DF00D112432
:10892000E95BF14FA184D28403851485E816F9062A
:1089300021F58A2D9D2DD80185839683A783B08745
:10894000EE5BFF4F80819181A281B381892B8A2BBD
:108950008B2B61F4D701AA5BBF4F8D919D910D9038
:10896000BC91A02D80839183A283B383D7018C9186
:108970008E7F8C937DCFC901C6CF4580568067809E
:1089800070842A2D3D2DA801C301B2010E9467F217
:10899000882309F487C0D70115962D913D914D91FB
:1089A0005C9118976F962CAF3DAF4EAF5FAF6F974E
:1089B000C301B2010E944BFB18160CF063C0F70113
:1089C000618D728D838D948D90589B01AC010E94B6
:1089D00024F9D70151962D913D914D915C91549779
:1089E0000E94CCF29B01AC016F966CAD7DAD8EAD5B
:1089F0009FAD6F970E9423F96C966FAF6C97AC9602
:108A00007FAFAC97E0968FAFE097E2969FAFE2978B
:108A10009B01AC01C301B2010E944BFB181694F5F7
:108A20002A2D3D2DA8016C966FAD6C97AC967FAD4D
:108A3000AC97E0968FADE097E2969FADE2970E94EB
:108A400067F287FD0CC06C96AFAC6C97AC96DFAC50
:108A5000AC97E0960FADE097E2961FADE297B3E6D4
:108A6000B89DF001B99DF00D1124E95BF14F8A2DFD
:108A70009D2DD80185839683A783B08785879687A8
:108A8000A787B08B03E6089DF001099DF00D112426
:108A9000E95BF14F85819681A781B08581879287B7
:108AA000A387B48713E6189DF001199DF00D1124DA
:108AB000E95BF14F65817681878190850E9491FB0A
:108AC0004B01A82ED92E8B01282F392F4B2DA49680
:108AD0005FADA497B101C7010E949587B82CA496F9
:108AE0009FAEA4972A2C3D2C41CFA196FFAEEEAEAF
:108AF000A197BECEE114F10401F1F701808180FF5E
:108B00001CC064966FAD649768967FAD6897A89611
:108B10008FADA897E3969FADE3970E9491FB8B01E1
:108B20009C014B2DA4965FADA497B101C7010E9493
:108B30009587D7018C918E7F8C930E94512B81E079
:108B4000C856DF4F0FB6F894DEBF0FBECDBFDF9122
:108B5000CF911F910F91FF90EF90DF90CF90BF903A
:108B6000AF909F908F907F906F905F904F903F90CD
:108B70002F90089580E0E4CFE090190AF0901A0A4F
:108B800000911B0A10911C0A0C940ABB9091791554
:108B900090FF06C09091C00095FFFCCF8093C60067
:108BA0009091791591FF06C09091C80095FFFCCF78
:108BB0008093CE000895CF93DF9300D01F92CDB75E
:108BC000DEB7611104C06091EC03662371F01C8272
:108BD0001B82898381E08A836B8344E0BE016F5FDF
:108BE0007F4F80EA90E00E942C240F900F900F900E
:108BF0000F90DF91CF910895CF92DF92EF92FF9285
:108C0000C090E803D090E903E090EA03F090EB0312
:108C1000A70196016091700D7091710D8091720D98
:108C20009091730D0E9467F287FD04C080916A0DD8
:108C3000882379F0C092700DD092710DE092720D80
:108C4000F092730D1092740DFF90EF90DF90CF9023
:108C5000089581E08093740DF7CFCF92DF92EF9269
:108C6000FF92C090E403D090E503E090E603F0901B
:108C7000E703A701960160916B0D70916C0D8091D7
:108C80006D0D90916E0D0E9467F287FD04C080917A
:108C90006A0D882379F0C0926B0DD0926C0DE09232
:108CA0006D0DF0926E0D10926F0DFF90EF90DF90B2
:108CB000CF90089581E080936F0DF7CF8CE794E11A
:108CC000FC0101900020E9F7CF018C5B9441813CCD
:108CD0009F4760F4ECE7F4E18FE390E027AD207C60
:108CE000203839F084589B4EFC0110828CE794E1C7
:108CF0000895019731978F3F980781F7F7CF1F931A
:108D0000CF93DF93FC0120812B3309F447C02091DE
:108D10005902243008F042C0C42FD62FBC018091E4
:108D20005B0212E6819FC0011124845A9D4F0E946C
:108D300035FC20915B02822F90E0189FF001199F73
:108D4000F00D1124DF01A454BD4FDC93E354FD4F1B
:108D5000C083880F991F880F991FFC01E15BF44FB6
:108D600080915F0B9091600BA091610BB091620BB1
:108D700080839183A283B3832F5F243060F4209398
:108D80005B02809159028F5F8093590281E0DF91ED
:108D9000CF911F91089510925B02F3CF80E0F7CF3F
:108DA000EF92FF920F931F93CF93DF93CDB7DEB770
:108DB00064970FB6F894DEBF0FBECDBF7C01FB01F8
:108DC00060817181828193818E010F5F1F4F22E04C
:108DD00041E00E9493EDF70101900020E9F79F0127
:108DE000215031092E193F092233310550F443E354
:108DF00050E0421B530BBC01C701820F931F0E941E
:108E0000B0F1C70164960FB6F894DEBF0FBECDBFB8
:108E1000DF91CF911F910F91FF90EF9008958F9266
:108E20009F92AF92BF92EF92FF921F93CF93DF93E7
:108E3000CDB7DEB7A0970FB6F894DEBF0FBECDBF9B
:108E4000611571058105910589F120E04AE0842EC4
:108E5000912CA12CB12C11E0120FEE24E394F12CF3
:108E6000EC0EFD1EE20EF11C27FDFA94A501940103
:108E70000E9491F8F7016083B901CA01212F6115A1
:108E800071058105910539F7115008F1E1E0F0E035
:108E9000EC0FFD1FE10FF11D17FDFA95908187E39F
:108EA0009A3008F480E3890F71DEEECF80E3A0965C
:108EB0000FB6F894DEBF0FBECDBFDF91CF911F91EB
:108EC000FF90EF90BF90AF909F908F905FCEA09655
:108ED0000FB6F894DEBF0FBECDBFDF91CF911F91CB
:108EE000FF90EF90BF90AF909F908F900895CF929A
:108EF000DF92EF92FF926B017C01F7FE0AC0F094C3
:108F0000E094D094C094C11CD11CE11CF11C8DE2F2
:108F10003DDEC701B601FF90EF90DF90CF907FCF8D
:108F200041E060E00C94E8988091791580FF04C0DE
:108F30009091B20A9093B30A81FF04C08091300AE5
:108F40008093310A08958F929F92AF92BF92CF92F1
:108F5000DF92EF92FF92CF936B017C01B42E20E061
:108F600030E0A9010E9467F287FF06C08DE20EDEA5
:108F7000F7FAF094F7F8F094C0E060E070E080E079
:108F80009FE3CB1541F02DEC3CEC4CEC5DE30E94F3
:108F9000CCF2CF5FF6CFA70196010E9424F96B01B6
:108FA0007C010E946DFA4B015C0139DFCC2361F139
:108FB000C501B4010E946BF29B01AC01C701B6016F
:108FC0000E9423F96B017C018EE2E0DDC150E0F0EC
:108FD00020E030E040E251E4C701B6010E94CCF24B
:108FE0006B017C010E946DFA4B015C0118DFC50129
:108FF000B4010E946BF29B01AC01C701B6010E9453
:1090000023F96B017C01E2CFCF91FF90EF90DF90CD
:10901000CF90BF90AF909F908F900895CF93DF93A4
:10902000CDB7DEB760970FB6F894DEBF0FBECDBFE9
:10903000E0E2FAE080819181A281B38189839A8301
:10904000AB83BC8384819581A681B7818D839E8308
:10905000AF83B88780859185A285B38589879A87F4
:10906000AB87BC8784859585A685B7858D879E87C8
:10907000AF87B88BCE0101960E94579449815A81DF
:109080006B817C8181E891E30E94842B4D815E811C
:109090006F8178858DE791E30E94842B49855A85FD
:1090A0006B857C8589E791E30E94842B4D855E85E5
:1090B0006F85788985E791E30E94842B60960FB6CF
:1090C000F894DEBF0FBECDBFDF91CF9108958F9290
:1090D0009F92AF92BF92CF92DF92EF92FF920F9347
:1090E0001F93CF93DF93B4E4A0E06A2F70E0AB014D
:1090F0004B0F511D55954795411119C0E8E5FCE20C
:1091000065917491072E000C880B990B0E946DF2EB
:10911000DF91CF911F910F91FF90EF90DF90CF9053
:10912000BF90AF909F908F900895B42FE0CF4A17D3
:1091300011F0B41303C0E4E6FDE2E2CF9A0121503E
:109140003109220F331F220F331FF901EA5AF34D61
:10915000E590F490F901E65AF34DC591D4918E153E
:109160009F0518F3A42FC817D90708F4BECFF9013B
:10917000E85AF34D05911491F901E45AF34DC59065
:10918000D4908E199F09BC0190E080E00E946BF2A0
:109190004B015C01B601601B710B072E000C880BA4
:1091A000990B0E946DF29B01AC01C501B4010E94B4
:1091B000CCF24B015C01CE19DF09BE0190E080E0EA
:1091C0000E946BF29B01AC01C501B4010E9400FA40
:1091D0006B017C01B801110F880B990B0E946DF295
:1091E0009B01AC01C701B6010E9424F991CFCF9237
:1091F000DF92EF92FF920F931F93CF93DF93CDB740
:10920000DEB760970FB6F894DEBF0FBECDBFFC018E
:109210006A017B01890190E1DE01119601900D92B6
:109220009A95E1F7CE0101960E948E868091CB0936
:109230009091CC09892BB1F49801B701A601CE0118
:1092400001960E9421B760960FB6F894DEBF0FBE5C
:10925000CDBFDF91CF911F910F91FF90EF90DF90E5
:10926000CF90089580E0EFCFCF93DF939091260EBB
:109270008091250E891738F0891B8F3031F480E0FA
:109280000E94073AF3CF805FF7CF8091250E0E94AE
:109290002289A091250E93E6A99FD0011124FD01FA
:1092A000E95BF14FEF0119929A95E9F7908194608B
:1092B0009083AC59B14F90E1E7E3FEE001900D924D
:1092C0009A95E1F72091250E9091260E291303C05F
:1092D00094E69093230E8093250EDF91CF910C940A
:1092E000512BCF93DF93CDB7DEB760970FB6F894CD
:1092F000DEBF0FBECDBF80E1E0E2FAE0DE011196F5
:1093000001900D928A95E1F7CE0101960E948E861A
:10931000CE0101960E94A28460960FB6F894DEBF3B
:109320000FBECDBFDF91CF910895DF92EF92FF92F4
:109330000F931F93CF93DF931F92CDB7DEB78C01AE
:10934000D42E7C01E60EF71E80919209909193092C
:109350000E946CF88983DD2011F0F8018083CE0132
:1093600001960E947FB6809192099091930901968F
:1093700090939309809392090F5F1F4F0E151F055D
:1093800019F780E00F90DF91CF911F910F91FF901F
:10939000EF90DF90089590E0FC01E552FF4C24919E
:1093A0008B569F4CFC018491882399F090E0880FA4
:1093B000991FFC01E558FF4CA591B491FC01EF59B0
:1093C000FF4C859194918FB7F894EC91E22BEC933C
:1093D0008FBF0895CF93C82F41E00E94172DC11170
:1093E00003C0CF910C94972BCF910895CF93DF9327
:1093F00062E570E3EFDFC5EDD9E04C895D896E89E8
:109400007F898AE490E30E94842B488D598D6A8D70
:109410007B8D87E490E30E94842B4C8D5D8D6E8D57
:109420007F8D84E490E30E94842B48A159A16AA116
:109430007BA181E490E30E94842BDF91CF910C9477
:109440009A2BCF92DF92EF92FF92CF936B017C0128
:10945000AC019B0160918E0970918F0980919009F8
:10946000909191090E9467F2882309F457C0C09136
:109470008D0980E00E943B2820E030E0A901C7016F
:10948000B6010E944BFB18161CF0C12CD12C7601A2
:10949000C0928E09D0928F09E0929009F0929109C2
:1094A0002DEB37E346E855EBC701B6010E944BFBB5
:1094B00087FD0AC02DEB37E346E855E3C701B60147
:1094C0000E9467F2181634F5A701960160E070E07B
:1094D00080E89FE30E9400FA6093890970938A09EB
:1094E00080938B0990938C0980EF9FEFA9E7B4ECF0
:1094F0008093850990938609A0938709B093880982
:10950000CC2361F081E0CF91FF90EF90DF90CF907E
:109510000C943B2860E070E0CB01DECFCF91FF9050
:10952000EF90DF90CF9008950E94A63881111BC064
:109530000E94C338882369F08091340B811106C0E2
:1095400087E799E040E061E00C94E89884E39BE0D1
:10955000F9CF80918409813049F08FE090E341E0B8
:109560006FEF0C941D9984E390E3F9CF88E290E3C8
:10957000F6CFCF93E0915A024E2F50E092E6E99F4A
:10958000F0011124E354FD4F20812830D8F4C0911C
:10959000791581E001C0880F2A95EAF78093791543
:1095A000949FF001959FF00D1124E454FD4F8081AC
:1095B000811106C08CE090E30E946E2B0E949A2BD2
:1095C000C0937915CF91089581508A3090F5E82F96
:1095D000880FFF0B8827E051F5438F4F0C941BF940
:1095E000FACA01CB04CB07CBFECA0ACB16CB0DCBF4
:1095F00010CB13CB88ED9FE20C9432A18AEC9FE252
:10960000FBCF86EB9FE2F8CF83EA9FE2F5CF86E9B6
:109610009FE2F2CF89E89FE2EFCF8BE79FE2ECCFAA
:109620008BE69FE2E9CF8EE59FE2E6CF8EE49FE2F4
:10963000E3CF0895CF93DF939091710991110DC0FD
:10964000EA0140E00E942C2F209719F0CE010E94E1
:10965000082FDF91CF910C94242FDF91CF910895A3
:109660004F925F926F927F928F929F92AF92BF9232
:10967000CF92DF92EF92FF92CF93DF9300D000D092
:109680001F921F92CDB7DEB7DC011496CD90DD900E
:10969000ED90FC9017978D909D90AD90BC90E091CF
:1096A000210EF091220EFE83ED8384819581A681A7
:1096B000B78189839A83AB83BC839C01AD01C701C9
:1096C000B6010E9423F92B013C01AD81BE818D9131
:1096D0009D910D90BC91A02D8D839E83AF83B88703
:1096E00027E137EB41ED58EBC301B2010E944BFB80
:1096F00087FDD1C023E030E04AEF53E4C301B2015B
:109700000E9467F218160CF4C6C02D813E814F816D
:109710005885C501B4010E9423F92B013C0127E1C2
:1097200037EB41ED58EB0E944BFB87FDB4C023E0C3
:1097300030E04AEF53E4C301B2010E9467F2181609
:109740000CF4A9C020E030E0A9016D817E818F81F9
:1097500098850E9424F92B013C0120E030E04CE088
:1097600052E40E9467F287FF06C0412C512C3CE076
:10977000632E32E4732E27E137EB41ED58E3C3014A
:10978000B2010E9423F99B01AC01C501B4010E9402
:109790004BFB87FD80C020E030E04AEF53E46D8151
:1097A0007E818F8198850E9424F92B013C0120E065
:1097B00030E045EF53E40E944BFB181634F4412C83
:1097C000512C25EF622E23E4722E27E137EB41ED79
:1097D00058E3C301B2010E9424F99B01AC01C50109
:1097E000B4010E9467F218160CF455C020E030E076
:1097F000A90169817A818B819C810E9424F94B01A6
:109800005C0120E030E040E251E40E9467F287FF13
:1098100006C0812C912C90E2A92E91E4B92E27E16B
:1098200037EB41ED58E3C501B4010E9423F99B01D8
:10983000AC01C701B6010E944BFB87FD2CC020E0A4
:1098400030E04AEF53E469817A818B819C810E94E8
:1098500024F94B015C0120E030E045EF53E40E9425
:109860004BFB181634F4812C912C85EFA82E83E441
:10987000B82E27E137EB41ED58E3C501B4010E9452
:1098800024F99B01AC01B1E0B983C701B6010E9484
:1098900067F218160CF41982898128960FB6F8948D
:1098A000DEBF0FBECDBFDF91CF91FF90EF90DF9075
:1098B000CF90BF90AF909F908F907F906F905F9070
:1098C0004F9008952F923F924F925F926F927F92A6
:1098D0008F929F92AF92BF92CF92DF92EF92FF92C0
:1098E0000F931F93CF93DF93CDB7DEB76A970FB671
:1098F000F894DEBF0FBECDBF6D877E878F87988BB4
:10990000298B3A8B4B8B5C8B0D8BEA8E4090280A0F
:109910005090290A60902A0A70902B0A20E030E0CB
:1099200040E850E4C301B2010E944BFB181634F02A
:10993000412C512C40E8642E40E4742E8D859E8588
:10994000AF85B88989839A83AB83BC8389899A89D7
:10995000AB89BC898D839E83AF83B88749865A863D
:109960006B867C86CE0101967BDE882309F46DC16F
:10997000E090210EF090220ED7012D913D914D9156
:109980005C916D857E858F8598890E9423F96E8B09
:109990007F8B888F998F69837A838B839C83F70170
:1099A000248135814681578169897A898B899C898F
:1099B0000E9423F99B01AC012D833E834F8358877E
:1099C000A0904F02B0905002C0905102D09052022D
:1099D000830172016E897F89888D998D0E945091D3
:1099E0008091000183FD0E94CB4C80915E09811122
:1099F00004C060E081E00E94F094C0901D0ED09001
:109A00001E0EE0901F0EF090200E46015701B7FA8F
:109A1000B094B7F8B09480915D09282E312C35941C
:109A200027943594279420E030E0A901C701B601BE
:109A30000E9467F287FFD2C0B82DA92DFA2DEB2D19
:109A400020E030E040E151E46B2F7A2F8F2F9E2FE2
:109A50000E9424F92B013C012091280A3091290A07
:109A600040912A0A50912B0A0E9467F287FF16C084
:109A70000E941F4D811112C020E030E040E252E40C
:109A8000C301B2010E940C93811108C020E041E0A3
:109A900060E070E080E890E40E9411920E941F4D07
:109AA000182F811128C020E030E040E050E4C501CB
:109AB000B4010E9423F92B013C01C10180959095CE
:109AC000817099272AE0289FB001299F700D1124E9
:109AD000072E000C880B990B0E946DF29B01AC01C4
:109AE000C301B2010E9423F920E030E040EA51E4D2
:109AF0000E940C93182F4090280A5090290A6090D9
:109B00002A0A70902B0AA701960160E070E080E4B9
:109B100090E40E9423F9A30192010E9467F287FF5B
:109B20009BC0412C512C20EC622E2FE7722E2091ED
:109B30001D0E30911E0E40911F0E5091200EC3013C
:109B4000B2010E9424F96B017C01AC019B010E94CF
:109B5000D3FB811153C0FD89F13068F0F33008F474
:109B600042C0F33041F420E041E060E070E080E882
:109B700090E40E9411928A8D833008F44BC02091AA
:109B80005F093091600940916109509162096D85CA
:109B90007E858F8598890E9424F9AB01BC0183E101
:109BA0009FE20E94842B20916309309164094091C7
:109BB00065095091660969897A898B899C890E9417
:109BC00024F9AB01BC018EE09FE20E94842BB70117
:109BD000A60189E09FE20E94942D1CC0B0E0A0E0A5
:109BE000F0E0E0E02DCF80E00E949827882319F272
:109BF000C12CD12C90ECE92E9FE7F92E80E00E9439
:109C000098278BE29FE28CD90E94942B8BE19FE2F4
:109C10000E946E2BC701B6016A960FB6F894DEBF9C
:109C20000FBECDBFDF91CF911F910F91FF90EF90AD
:109C3000DF90CF90BF90AF909F908F907F906F906C
:109C40005F904F903F902F900895C12CD12C80ECC5
:109C5000E82E8FE7F82EDECF112309F468CF61CF0D
:109C60006F927F928F929F92AF92BF92CF92DF922C
:109C7000EF92FF920F931F93CF93DF93CDB7DEB791
:109C80006C970FB6F894DEBF0FBECDBF782E4A0199
:109C90005B016801790120E030E0A901C701B8014A
:109CA0000E9467F2811111C0772019F081E07812CB
:109CB00091C060E070E081E695E420E030E040E7AC
:109CC00052E40E9400FA6B017C01072D10E0F801BC
:109CD000EA5FF04DE491772473941E160CF4712C16
:109CE0006624639420E030E0A901C501B4010E941C
:109CF0004BFB18160CF0612C80E00E945E85698396
:109D00007A838B839C8381E00E945E856D837E8352
:109D10008F83988782E00E945E8569877A878B8728
:109D20009C8783E00E945E856D877E878F87988BF6
:109D3000000F111F000F111FE1E0F0E0EC0FFD1FFD
:109D40000E0F1F1FF8011082118212821382CE01A2
:109D500001960E94A284F80180829182A282B3823D
:109D6000198A1A8A1B8A1C8A1D8A1E8A1F8A188EC3
:109D7000198E1A8E1B8E1C8E8091CB099091CC0966
:109D8000892B49F49E012F5E3F4FB701A601CE01FA
:109D900001960E9421B70E949184761431F080913F
:109DA0005C098823E1F010925C096C960FB6F89478
:109DB000DEBF0FBECDBFDF91CF911F910F91FF90FE
:109DC000EF90DF90CF90BF90AF909F908F907F905B
:109DD0006F90089560E070E086E195E46ECF40E01A
:109DE00070E060E088EF9EE20E94C3377F928F921E
:109DF0009F92AF92BF92CF92DF92EF92FF920F931A
:109E00001F93CF93DF93762E872E982EA92EC42FE3
:109E100080913502882309F47FC080913602811138
:109E20007BC0413009F456C0423009F464C0F09060
:109E300037020091380210913902D0913A02B09065
:109E40004302C0904402D0904502E09046022F2D7C
:109E5000302F412F5D2F672D782D892D9A2D0E944F
:109E600067F287FD12C02B2D3C2D4D2D5E2D672DE9
:109E7000782D892D9A2D0E944BFBFB2C8601DE2D1F
:109E800018161CF0F72C8401DA2D84E0C89FA0017D
:109E90001124FA01E05EF54F8F2D902FA12FBD2FD9
:109EA00080839183A283B38345565B4FFA0160811F
:109EB000718182819381DF91CF911F910F91FF90EA
:109EC000EF90DF90CF90BF90AF909F908F907F905A
:109ED0000C942891F0903B0200913C0210913D02BD
:109EE000D0913E02B0904702C0904802D090490203
:109EF000E0904A02ACCFF0903F02009140021091F6
:109F00004102D0914202B0904B02C0904C02D090DE
:109F10004D02E0904E029BCFB12C80E5C82E93EC11
:109F2000D92E27E4E22EF12C00E513ECD7EC8FCFED
:109F3000CF92DF92EF92FF922091C3093091C40932
:109F40004091C5095091C6090E9400FA6B017C013D
:109F500020E030E0A9010E944BFB181664F4C70111
:109F6000B6010E94EAF90E9468FACB01FF90EF90D7
:109F7000DF90CF900895C701B6010E9499FAF3CF00
:109F8000CF92DF92EF920F93CF936C01C62F87EFA2
:109F90009EE20E94979AEE24E39401E021E040E2E1
:109FA000B60180E291E10E94862321E040E267EF62
:109FB0007EE280E491E10E94862321E040E267EFA7
:109FC0007EE280E691E10E948623C93F11F0C093B2
:109FD000340210925B0989EF80935A09CF910F9157
:109FE000EF90DF90CF900895282F30E0F901EF54E3
:109FF000F14D9491F901E552FF4C44912B563F4CA1
:10A00000F9012491222309F435C0992311F19150CB
:10A010009231F8F4E92FF0E08827EE5EFF428F4F8F
:10A020000C941BF943D047D024D03BD03FD029D04B
:10A030004AD050D054D05AD05ED062D068D06CD0C4
:10A0400029D070D076D07AD0809180008F7780939D
:10A050008000E22FF0E0EE0FFF1FEF59FF4CA591BB
:10A06000B4918FB7F894EC91611148C040954E239C
:10A070004C938FBF0895809180008F7DE8CF8091B1
:10A080008000877FE4CF84B58F7784BDE2CF84B52D
:10A090008F7DFBCF8091B0008F778093B000D9CFB8
:10A0A0008091B0008F7DF9CF809190008F77809361
:10A0B0009000CFCF809190008F7DF9CF809190005C
:10A0C000877FF5CF8091A0008F778093A000C1CFCC
:10A0D0008091A0008F7DF9CF8091A000877FF5CF80
:10A0E000809120018F7780932001B3CF8091200150
:10A0F0008F7DF9CF80912001877FF5CF4E2BB8CF90
:10A100008F929F92AF92BF92CF92DF92EF92FF9287
:10A110006B017C010E9498B64B015C01C114D10413
:10A12000E104F104B9F00E9498B6681979098A0926
:10A130009B09683E73408105910580F321E0C21AB6
:10A14000D108E108F10888EE880E83E0981EA11C72
:10A15000B11CE4CFFF90EF90DF90CF90BF90AF9015
:10A160009F908F9008959F92AF92BF92CF92DF926F
:10A17000EF92FF920F931F93CF93DF931F92CDB770
:10A18000DEB78C016C01C60ED71EF12CE12CC01677
:10A19000D10609F44DC0A0909209B0909309F8013E
:10A1A00091908F019982C5010E946CF8981691F1E7
:10A1B000692DC5010E9474F8FFEFEF1AFF0AC7016D
:10A1C0008F779927892BF9F062E070E080E090E0CA
:10A1D00097DFC5010E946CF899818917D9F00E9418
:10A1E000972B81E291E30E946E2B81E00F90DF912B
:10A1F000CF911F910F91FF90EF90DF90CF90BF9084
:10A20000AF909F90089562E070E080E090E00E943F
:10A210004238DFCFCE0101960E947FB6809192092D
:10A220009091930901969093930980939209AFCFEF
:10A2300080E0DCCF2FB7F8946091FB167091FC168C
:10A240008091FD169091FE162FBF0895EF920F9307
:10A25000EE24E39401E020E040E2BC0180E090E3E2
:10A260000E94D723E7DF605D7A488F4F9F4F60934E
:10A27000750D7093760D8093770D9093780D0F91F7
:10A28000EF900895CF93DF93CDB7DEB780911F0A8B
:10A29000811112C09E01275F3F4F4F8158856FE3A8
:10A2A00070E08CE794E10E942FF28CE794E10E9429
:10A2B0003E348CE794E1CADFDF91CF910895CF93CC
:10A2C000DF93EC0184E00E94B78F81112FC0809151
:10A2D0000317909104178C0F9D1F90930417809380
:10A2E000031780916F0990917009C80FD91FD093FF
:10A2F0007009C0936F099EDF60936B0970936C09BE
:10A3000080936D0990936E090E94572B882371F0FA
:10A310008091530290915402019641F4109254029C
:10A3200010925302DF91CF910C94512BDF91CF917A
:10A330000895CF92DF92EF92FF92CF93DF93EC01DB
:10A34000BC01990F880B990B0E946DF22091C309F3
:10A350003091C4094091C5095091C6090E94CCF2C0
:10A360006B017C01CE01ABDFC5E1DEE0A701960108
:10A37000688579858A859B850E9424F96887798715
:10A380008A879B87DF91CF91FF90EF90DF90CF90EE
:10A390000895CF92DF92EF92FF924CDF6B017C0128
:10A3A00028E5C20E22E0D21EE11CF11C0E94364FAD
:10A3B0008F3FA1F03FDFA7019601261B370B480B0B
:10A3C000590BDA01C901181619061A061B0674F38F
:10A3D00080E0FF90EF90DF90CF90089581E0F9CF7B
:10A3E0001F920F920FB60F9211242F933F938F93CA
:10A3F0009F93AF93BF938091FB169091FC16A09111
:10A40000FD16B091FE163091FA1623E0230F2D377A
:10A4100058F50196A11DB11D2093FA168093FB16E5
:10A420009093FC16A093FD16B093FE168091FF1634
:10A4300090910017A0910117B09102170196A11DEC
:10A44000B11D8093FF1690930017A0930117B0934E
:10A450000217BF91AF919F918F913F912F910F90D4
:10A460000FBE0F901F90189526E8230F0296A11D8E
:10A47000B11DD2CFCF9321E046E954E069E975E1FF
:10A480008EE795E10E9446ABC82F882321F08EE726
:10A4900095E10E94D97D8C2FCF9108958BE1E9E958
:10A4A000F5E1A4EBB5E101900D928A95E1F7809179
:10A4B000860D80648093860D10927B0D8FEF9FEF49
:10A4C0009093270280932602089580917B0D882324
:10A4D000F1F02FEF3FEF30932702209326028150B7
:10A4E00080937B0DE9E9F5E1882351F08150990BC8
:10A4F0002BE1289FF001299FF00D1124E153FA4E22
:10A500008BE1A4EBB5E101900D928A95E1F7809182
:10A510007B0D811105C09091860D90649093860DFE
:10A5200008950F931F93CF93DF9300D000D01F9215
:10A53000CDB7DEB79C012F5F3F4F3F832E832FE2C5
:10A54000FC01208381E08D83CE0106969A83898366
:10A5500001979C838B8310E00BE180917B0D181792
:10A5600058F4109FB001112461537A4ECE01019628
:10A570000E94EEB61F5FF1CF8D818B3558F46DEDE3
:10A5800076E1CE0101960E94EEB68E819F81019701
:10A590009F838E83EE81FF81108227960FB6F894F9
:10A5A000DEBF0FBECDBFDF91CF911F910F910895F8
:10A5B00010926A0D8091860D8F778093860D0E9490
:10A5C0006638882321F08DED96E10C94D97D0895AD
:10A5D0008091860D84FF04C08460877F8093860D00
:10A5E0000895CF92DF92EF92FF920F931F93CF9334
:10A5F000DF93CDB7DEB7EDB6FEB6DC010D900020DF
:10A60000E9F79D01281B390B285F3F4FEDB7FEB7D7
:10A61000E21BF30B0FB6F894FEBF0FBEEDBF0DB7F4
:10A620001EB70F5F1F4F9F938F938BE49BE29F9307
:10A630008F931F930F930E9400F26801F4E0CF0EF6
:10A64000D11C0F900F900F900F900F900F90D6018C
:10A650008D916D01882349F0082E000C990B0E9402
:10A66000F2FBF60131978083F2CF66E47BE2C8010A
:10A670000E9444F140E450E0B80189E199E00E9471
:10A68000B0F10FB6F894FEBE0FBEEDBEDF91CF91D4
:10A690001F910F91FF90EF90DF90CF900895CF938F
:10A6A0008091670DC1E08823C9F08091680D909179
:10A6B000690D4091630D5091640D6091650D70912D
:10A6C000660DDC01ED91FC910288F389E02D23E613
:10A6D0003BE01995C82F811104C0C0E08C2FCF91A9
:10A6E000089540914B1750914C1760914D17709100
:10A6F0004E174115510561057105B9F08091680D3E
:10A700009091690DDC01ED91FC910288F389E02DB7
:10A7100023E63BE01995882301F310924B17109222
:10A720004C1710924D1710924E171092670DD6CFFE
:10A73000CF92DF92EF92FF92CF936B017C01C42FF7
:10A740008091630D9091640DA091650DB091660D9F
:10A750008C159D05AE05BF0519F1A1DF811107C05C
:10A7600080E0CF91FF90EF90DF90CF90089580919F
:10A77000680D9091690DDC01ED91FC910088F189E3
:10A78000E02D23E63BE0B701A6011995882341F3AC
:10A79000C092630DD092640DE092650DF092660D4B
:10A7A00081E0CC23F1F28093670DDBCF8F929F92F3
:10A7B000AF92BF92CF92DF92EF92FF92CF93DF934F
:10A7C0009093690D8093680D1092661782E090E077
:10A7D000A0E0B0E080934F1790935017A0935117CB
:10A7E000B09352171092670D10924B1710924C179E
:10A7F00010924D1710924E178FEF9FEFDC01809350
:10A80000630D9093640DA093650DB093660D662360
:10A8100009F46EC040E060E070E0CB0189DF811197
:10A820000DC0C0E08C2FDF91CF91FF90EF90DF90B3
:10A83000CF90BF90AF909F908F9008958091210D01
:10A840008F7779F780912D0D90912E0DA0912F0D7E
:10A85000B091300D84369105A105B10510F3C0907B
:10A86000290DD0902A0DE0902B0DF0902C0DC114E5
:10A87000D104E104F104A9F240E0C701B60158DFB8
:10A88000C82F882371F280916E0B90916F0B811508
:10A89000924039F6A091730BAA2319F26091710BC3
:10A8A0007091720B6115710509F4BBCF2091700B8B
:10A8B000222309F4B6CFA09361172093531790E099
:10A8C00080E030E0E1E0F0E0D82FAF01082E02C0D8
:10A8D000440F551F0A94E2F72417350769F041E049
:10A8E000480F01968930910579F740935C1799CF0D
:10A8F000C12CD12C7601C0CF80935C172091790BAD
:10A9000030917A0B50E040E02115310541F420915F
:10A91000870B3091880B4091890B50918A0B2093C3
:10A9200054173093551740935617509357174601B5
:10A930005701860E971EA11CB11C8092621790923F
:10A940006317A0926417B0926517E091740BF091B1
:10A95000750BF0936817E0936717B0E00E94CFF88B
:10A96000DC01CB01880D991DAA1DBB1D80936917C1
:10A9700090936A17A0936B17B0936C1725E0EE0FB6
:10A98000FF1F2A95E1F7E150FE4FEF2FFF27E695D5
:10A990008E0F9F1FA11DB11D80935D1790935E17B1
:10A9A000A0935F17B09360178090760B9090770B11
:10A9B000B12CA12C8114910441F48090830B9090D0
:10A9C000840BA090850BB090860BC81AD90AEA0AAE
:10A9D000FB0AC80CD91CEA1CFB1C04C0F694E794C3
:10A9E000D794C794DA95D2F7C0925817D0925917D6
:10A9F000E0925A17F0925B1785EFC8168FE0D806E1
:10AA0000E104F10420F48CE0809366170ACF80E122
:10AA100025EFC2162FEFD206E104F10488F08091F1
:10AA20008F0B9091900BA091910BB091920B809312
:10AA3000691790936A17A0936B17B0936C1780E215
:10AA400080936617EFCE4F925F926F927F928F92B4
:10AA50009F92AF92BF92CF92DF92EF92FF920F93AD
:10AA60001F93CF93DF93EC014230510561057105CF
:10AA700090F480E0DF91CF911F910F91FF90EF90C4
:10AA8000DF90CF90BF90AF909F908F907F906F900E
:10AA90005F904F90089589859A85AB85BC85019616
:10AAA000A11DB11D84179507A607B70710F38F895D
:10AAB0008031C1F5852E962EA72EBB248B899C89CB
:10AAC000AD89BE89880E991EAA1EBB1E28013901B8
:10AAD0006A017B0141E0C501B4012ADE882349F205
:10AAE0009F89903181F5DD24EE24FF24F601EE0FDD
:10AAF000FF1FED59F44F118300839A89923008F4B7
:10AB0000B9CF4D815E816F817885840E951EA61E1A
:10AB1000B71E80924B1790924C17A0924D17B0928F
:10AB20004E17A8CF803209F0A4CF8B899C89AD89BC
:10AB3000BE894A015B01E7E0B694A7949794879495
:10AB4000EA95D1F7BFCFE894C7F8DD24EE24FF24BF
:10AB5000F601EE0FFF1FEE0FFF1FED59F44F40827D
:10AB6000518262827382C9CFCF92DF92EF92FF92BD
:10AB70000F931F93CF93DF93FC0181859285A3856B
:10AB8000B4850196A11DB11D84179507A607B707C7
:10AB900050F480E0DF91CF911F910F91FF90EF90E3
:10ABA000DF90CF90089587898031A9F5BB27A72F23
:10ABB000962F852FC388D488E588F6888C0D9D1D37
:10ABC000AE1DBF1DE9016A017B018F014091630D3C
:10ABD0005091640D6091650D7091660D8417950715
:10ABE000A607B70749F5F8018789803161F5B701F4
:10ABF000A601552766277727440F551F4D59544FF7
:10AC0000FA0180819181B0E0A0E088839983AA83D2
:10AC1000BB8381E0BFCF803209F0BBCFC388D4882B
:10AC2000E588F688DB01CA01C7E0B695A795979538
:10AC30008795CA95D1F7C2CF40E0BC01CD0178DD40
:10AC40008111D1CFA6CFB701A6014F77552766272F
:10AC50007727440F551F440F551F4D59544FFA0184
:10AC600080819181A281B381BF70CFCF4F925F92DB
:10AC70006F927F92AF92BF92CF92DF92EF92FF924C
:10AC80000F931F93CF93DF9300D01F92CDB7DEB702
:10AC90008C0149835A836B837C835901C12CD12C4D
:10ACA0007601412C82E0582E612C712C49815A8109
:10ACB0006B817C819E012F5F3F4FC80155DF882348
:10ACC00019F1F8018585A301920104C0220F331FF9
:10ACD000441F551F8A95D2F7DA01C901C80ED91E43
:10ACE000EA1EFB1E49815A816B817C8187898031F4
:10ACF000F1F481E0483F5F4F61057105B8F2F5015D
:10AD0000C082D182E282F3820F900F900F900F9059
:10AD1000DF91CF911F910F91FF90EF90DF90CF9037
:10AD2000BF90AF907F906F905F904F90089581E0BB
:10AD3000483F5F4F6F4F7F4008F4B8CFE0CFCF93CD
:10AD4000DF93EC018B81882341F1898187FF22C049
:10AD500061E0CE010E94E27DFC01892BF1F080814F
:10AD6000853ED9F08B81823040F489899A89AB89FC
:10AD7000BC89848F958FA68FB78F8D899E89938F7D
:10AD8000828F8D899E89AF89B88DB58BA48B89817F
:10AD90008F778983DF91CF9182CC81E0888380E0B7
:10ADA000DF91CF9108958DED96E1C9DF8DED96E1AC
:10ADB0000E94D97D8091860D8D7F8E7F8093860D38
:10ADC0001092820D1092830D1092840D1092850DB9
:10ADD00008958F929F92AF92BF92CF92DF92EF929F
:10ADE000FF920F931F93CF93DF93EC018B8181111F
:10ADF0000EC080E0DF91CF911F910F91FF90EF90F7
:10AE0000DF90CF90BF90AF909F908F900895098969
:10AE10001A892B893C89041715072607370748F339
:10AE20004A015B01823031F488869986AA86BB8606
:10AE300081E0E0CF81149104A104B10449F41886A3
:10AE400019861A861B861C821D821E821F82F0CFE5
:10AE5000088519852A853B85E98DFA8D858590E0E1
:10AE60000996B901A8014150510961097109082EDB
:10AE700004C076956795579547950A94D2F7750162
:10AE80006401E1E0CE1AD108E108F10804C0F694AB
:10AE9000E794D794C7948A95D2F7C416D506E606E8
:10AEA000F70620F0012B022B032B09F58D899E89D3
:10AEB000AF89B88D8C839D83AE83BF838E010C5F79
:10AEC0001F4FC114D104E104F10409F4ADCF4C814A
:10AED0005D816E817F819801898D9A8D45DE91E03B
:10AEE000C91AD108E108F1088111EBCF82CFC41A49
:10AEF000D50AE60AF70AE2CF8F929F92AF92BF92ED
:10AF0000CF92DF92EF92FF920F931F93CF93DF9335
:10AF100000D01F92CDB7DEB7FC018381813091F064
:10AF200080E00F900F900F900F90DF91CF911F91C5
:10AF30000F91FF90EF90DF90CF90BF90AF909F90D8
:10AF40008F900895818181FFEBCF81899289A389B8
:10AF5000B489892B8A2B8B2B09F45BC07F0140E0DD
:10AF600050E0BA01CF0135DF8823D1F2F701C18C5F
:10AF7000D28C85889688A788B08C82E090E0A0E08B
:10AF8000B0E0F60180839183A283B3839E012F5F9B
:10AF90003F4FB501A401C601E7DD882309F4C0CF06
:10AFA00000E010E09801B501A401C6014CDD882342
:10AFB00009F4B6CF89809A80AB80BC80F60187897E
:10AFC0008031F1F4F8EF8F16FFEF9F06A104B10472
:10AFD000E8F2F701158A168A178A108E118A128AEA
:10AFE000138A148A818180688183C701A8DE88233F
:10AFF00009F496CF40E050E0BA01C701EADE91CFF4
:10B0000088EF88168FEF9806A8068FE0B80608F735
:10B01000BDCF81E086CF2F923F924F925F926F9289
:10B020007F928F929F92AF92BF92CF92DF92EF92D8
:10B03000FF920F931F93CF93DF9300D01F92CDB752
:10B04000DEB78C014B011A01DC0113968C9113972A
:10B05000813009F0CEC011968C9181FFCAC082FD6B
:10B06000B5C06101D80118964D915D916D917C91AB
:10B070001B97C114D10409F417C159968D919C9165
:10B080005A97FC0174802FEF270D2A013B0139E00C
:10B0900076946794579447943A95D1F7722E74201A
:10B0A0007A01F1E0FF22711020C0E114F104E9F40B
:10B0B00014964D915D916D917C91179741155105B5
:10B0C0006105710509F09BC055968D919D910D907C
:10B0D000BC91A02D0097A105B10509F0A8C0C80139
:10B0E0000E94357E882309F484C0A12C82E0B82E0A
:10B0F000AE18BF08CA14DB0408F45601D8015996EB
:10B100004D915C915A9714968D919D910D90BC91A3
:10B11000A02D0297A109B109FA01258504C0880F65
:10B12000991FAA1FBB1F2A95D2F7468557856089AC
:10B130007189840F951FA61FB71F9C01AD01270DB4
:10B14000311D411D511D29013A01A11432E0B30600
:10B1500009F07BC08091630D9091640DA091650D05
:10B16000B091660D481659066A067B0669F410927E
:10B17000670D8FEF9FEFDC018093630D9093640D5B
:10B18000A093650DB093660D8091680D9091690D47
:10B19000DC01ED91FC910288F389E02D9401B3016B
:10B1A000A2011995882329F1F80180859185A2854E
:10B1B000B3858A0D9B1DA11DB11D80879187A28734
:10B1C000B3878A0C9B1CCA18DB084CCFF801418955
:10B1D00052896389748980859185A285B3854817D2
:10B1E00059076A077B0709F43CCFC801F2DD8111DA
:10B1F00038CF81E0D8018C938FEF9FEF6BC09E0119
:10B200002F5F3F4FB1DC8823A1F389819A81AB8105
:10B21000BC81F801218D328DF9012789203169F433
:10B22000883FFFEF9F07A105B10508F058CFF8014F
:10B2300084839583A683B78358CF883F2FEF9207E7
:10B24000A2072FE0B20798F34ACFE114F10429F5E1
:10B25000F801408551856285738581899289A3892A
:10B26000B489481759076A077B07B8F018DA8823AA
:10B2700009F4BFCF81E08093670D4092630D509237
:10B28000640D6092650D7092660DA501B401C70151
:10B290008D59944F0E9407FC87CF41E0C301B20152
:10B2A00047DA8111F2CFA5CFF80181899289A3896C
:10B2B000B48984179507A607B70738F48181418BB5
:10B2C000528B638B748B80688183F801818183FD4D
:10B2D00018C0C1010F900F900F900F90DF91CF9188
:10B2E0001F910F91FF90EF90DF90CF90BF90AF90A4
:10B2F0009F908F907F906F905F904F903F902F9096
:10B300000895C8011CDD8111E4CF73CF2F923F92C5
:10B310004F925F926F927F928F929F92AF92BF9265
:10B32000CF92DF92EF92FF920F931F93CF93DF9311
:10B33000EC014B017A018B81811115C08FEF9FEFDA
:10B34000DF91CF911F910F91FF90EF90DF90CF9001
:10B35000BF90AF909F908F907F906F905F904F9035
:10B360003F902F900895898180FFE8CF89899A893D
:10B37000AB89BC89488559856A857B85841B950B7B
:10B38000A60BB70BA70170E060E084179507A6072E
:10B39000B70708F47C0167011E0124E0220E311C6E
:10B3A000C114D10409F4A7C0488559856A857B85F5
:10B3B0005A0181E0B822898D9A8D2A013B0129E04A
:10B3C00076946794579447942A95D1F72B81FC0182
:10B3D000223079F5628D738D848D958D640D751D88
:10B3E000861D971D00E012E00A191B09C016D10640
:10B3F00008F486010115E2E01E0771F44090630D28
:10B400005090640D6090650D7090660D6415750523
:10B410008605970509F04CC040E08AD9882309F4D5
:10B420008DCFB5016D59744FA801C4010E9407FC6E
:10B4300051C0148111501421A114B10471F41111DF
:10B440000CC0452B462B472B51F58D899E89AF8922
:10B45000B88D8C839D83AE83BF83E98DFA8D4C803C
:10B460005D806E807F8022E0421A51086108710879
:10B47000858504C0440C551C661C771C8A95D2F740
:10B4800086859785A089B189480E591E6A1E7B1E44
:10B49000C301B201610F711D811D911DA3CF4C81AC
:10B4A0005D816E817F8191015FDB8111D6CF46CFB7
:10B4B000A091680DB091690DED91FC9111970088F4
:10B4C000F189E02D9401AB01BC01CD0119958823D0
:10B4D00009F434CF800E911E88859985AA85BB8595
:10B4E000800F911FA11DB11D88879987AA87BB87EF
:10B4F000C01AD10A55CFC70123CFBF92CF92DF9296
:10B50000EF92FF920F931F93CF93DF93EB01FC0118
:10B510002381223008F49CC0408551856285738563
:10B520004F71552766277727452B462B472B09F068
:10B530008FC08C011092350B1092340BC12CDD247E
:10B54000DA947E01FBE0EF0EF11C8DE0B82E40E2B4
:10B5500050E0BE01C801DADE8032910581F021E0C1
:10B56000892B09F420E0822F8195DF91CF911F91E3
:10B570000F91FF90EF90DF90CF90BF9008952881BA
:10B58000222309F467C0253E11F02E3229F41092CF
:10B59000350B1092340BDBCF3B853F733F3009F006
:10B5A00042C04A8D5B8D452B61F52F713FEF320F05
:10B5B000323038F58D85213041F1C81229C0215033
:10B5C000330BB29EC001B39E900D1124DC01AC5C24
:10B5D000B44FFE0120E02B30F0F0468157814F3F01
:10B5E000510519F010F04FE550E04D932F5F329662
:10B5F0002D3089F7288126FF04C0FC01EF5BF44F52
:10B6000010822B8523FDA3CFB0CFC82ED12CD7CF4E
:10B61000DD24D394D4CF253018F044815581DFCF79
:10B6200041815281DCCFD1100EC0FE0120E020FB11
:10B63000279527F93191230FEE16FF06C1F7C216A1
:10B6400001F3DD24D3941092350B1092340BD9CF33
:10B650008FEF8BCF80E089CF0F931F93CF93DF9332
:10B66000FC012381222331F080E0DF91CF911F91F3
:10B670000F9108958B01EC01FB018789803139F529
:10B6800082E08B831D8A1E8A1F8A188E808D918D81
:10B69000B0E0A0E025E0880F991FAA1FBB1F2A95E4
:10B6A000D1F7898B9A8BAB8BBC8B1A8F098F81E07A
:10B6B0008983188619861A861B861C821D821E8223
:10B6C0001F82188A1C861D861E861F86CECF80325A
:10B6D00059F683E08B83428D538D648D758D4D8B30
:10B6E0005E8B6F8B788F9E012F5E3F4FC801BEDA55
:10B6F0008111DBCFB9CF8091860D8F7E8093860D2F
:10B700008FEF9FEF909327028093260280919C15E4
:10B71000882321F089E995E10E94D97D45E360E025
:10B720008DE697E10E94E67481110CC00E94972B70
:10B730008AE39BE20E946E2B8091860D84FF2DC0D0
:10B740000C944ED261E08DE697E130D881110DC0A6
:10B7500060E08DE697E12AD8811107C08EEE9AE26B
:10B760000E946E2B86E29BE2E5CF6FE477E189E9E8
:10B7700095E172DF811107C08EEE9AE20E946E2B76
:10B7800085E19BE2D7CF8091860D80618093860D05
:10B790000E94972B89E09BE2CDCF809159098823A5
:10B7A00031F041E061E087EF9AE20C941D99089531
:10B7B0000F931F93CF93DF93CDB7DEB7EB970FB601
:10B7C000F894DEBF0FBECDBF8091860D84FF3BC0D5
:10B7D000809126029091270297FF26C08BE1E4EB2F
:10B7E000F5E1DE01919601900D928A95E1F7CE0187
:10B7F00081960E94307F10E000E0BE016F5F7F4FB6
:10B80000CE0181967ADE18163CF4CE0101960E9494
:10B81000BDB6080F111DF1CF109327020093260229
:10B82000CE0181960E94D82780912602909127020E
:10B83000EB960FB6F894DEBF0FBECDBFDF91CF9170
:10B840001F910F91089590E080E0F2CFEF92FF9268
:10B850000F931F93CF93DF93CDB7DEB7EB970FB660
:10B86000F894DEBF0FBECDBF8C01A2DF98012F5F21
:10B870003F4F82179307B0F19BDF01977C01E01ADD
:10B88000F10A84EB95E10E94307F8BE1E4EBF5E176
:10B89000DE01919601900D928A95E1F710E000E0AB
:10B8A000BE016F5F7F4FCE01819627DE181684F4AC
:10B8B000CE0101960E94BDB6882391F3E016F106F1
:10B8C000F9F4BE016F5F7F4F87E799E00E94D8B619
:10B8D000CE0181960E94D827A89581E090917709A2
:10B8E000911101C080E0EB960FB6F894DEBF0FBE59
:10B8F000CDBFDF91CF911F910F91FF90EF900895F1
:10B900000F5F1F4FCDCF0F931F93CF93DF93CDB713
:10B91000DEB7EB970FB6F894DEBF0FBECDBF8C013C
:10B9200084EB95E10E94307F8BE1E4EBF5E1DE01F1
:10B93000919601900D928A95E1F7BE016F5F7F4F5E
:10B94000CE018196DADD1816A4F4CE0101960E948C
:10B95000BDB6882391F3BE016F5F7F4F87E799E003
:10B960000E94D8B667E779E0C8010E9417FC892BCE
:10B9700021F7CE0181960E94D827EB960FB6F89456
:10B98000DEBF0FBECDBFDF91CF911F910F91089504
:10B99000EF92FF921F93CF93DF93C82F7B011091FB
:10B9A00079158FEF809379150E94972BC130C1F0E4
:10B9B000C3E3DCE287E49CE20E946E2BCE010E948E
:10B9C0006E2BB7018FE39CE20E947C2B0E949A2B86
:10B9D00010937915DF91CF911F91FF90EF9008950B
:10B9E000C9E3DCE2E7CFBC0185E59BE20E947C2B4A
:10B9F00082E59BE20C946E2B2F923F924F925F92C6
:10BA00006F927F928F929F92AF92BF92CF92DF926E
:10BA1000EF92FF920F931F93CF93DF931F921F928A
:10BA2000CDB7DEB7382E7B012DB73EB73A832983D9
:10BA300080914317811107C01092281710922B177D
:10BA400081E08093431780912017811107C01092E5
:10BA500005171092081781E080932017DA018C9166
:10BA60008F3209F082C089E995E1F70191838083E3
:10BA70004F5F5F4F311010927B0DF7014080518076
:10BA80008A0128E2C22E27E1D22E3BE1232E0115A6
:10BA90001105B9F16DB67EB66FE270E0C8010E9483
:10BAA0002AFC5C010817190738F5AC01401B510B43
:10BAB00055274F5F5F4F2DB73EB7241B350B0FB691
:10BAC000F8943EBF0FBE2DBF8DB79EB701964C01B7
:10BAD000B8010E94B0F1C6010E94D97DD7016D91D5
:10BAE0007C9121E0A401C6010E9446AB811143C0B4
:10BAF000C40179DF10E000E00FB6F8947EBE0FBEFF
:10BB00006DBE3320A9F0D701ED91FC918BE1A4EB40
:10BB1000B5E101900D928A95E1F791E080917B0D5E
:10BB2000811190E08091860D90FB86F98093860DBF
:10BB3000C801E981FA810FB6F894FEBF0FBEEDBFD0
:10BB40000F900F90DF91CF911F910F91FF90EF9089
:10BB5000DF90CF90BF90AF909F908F907F906F902D
:10BB60005F904F903F902F90089584EB95E1D7011F
:10BB70008D939C9382CFF70180819181481659065D
:10BB800011F00E94D97DD701CD92DC92332099F03B
:10BB9000A0917B0DAA3078F481E08A0F80937B0D11
:10BBA0002A9ED0011124A153BA4EF601822D019094
:10BBB0000D928A95E1F7B8E2CB16B7E1DB0669F49E
:10BBC00095E0C92E97E1D92E85010F5F1F4F0FB663
:10BBD000F8947EBE0FBE6DBE5ACF88E2C82E87E1B4
:10BBE000D82EF2CF1F93CF93DF93CDB7DEB76D97EB
:10BBF0000FB6F894DEBF0FBECDBF1D8E1C8EAC01FC
:10BC0000BE01645E7F4F80E0F7DE10E00097A9F090
:10BC100019821C826C8D7D8D21E0AC01CE010196D4
:10BC20000E9446AB182F882321F0CE0101960E9476
:10BC3000D97DCE0101960E94D827812F6D960FB62F
:10BC4000F894DEBF0FBECDBFDF91CF911F91089555
:10BC5000EF92FF921F93CF93DF9300D000D000D0DC
:10BC60001F92CDB7DEB78091860D84FF44DD8091B1
:10BC7000860D84FF3BC00E94C627811137C080918A
:10BC80007C0D90E08F969F938F938CE49CE29F9322
:10BC90008F93CE0101967C019F938F930E9400F2B7
:10BCA0008091860D0F900F900F900F900F900F9036
:10BCB00084FF1CC0C70196DF182F8823B9F00E94AB
:10BCC0004ED2C7010E94F1D280917C0D8F5F80938C
:10BCD0007C0D812F2A960FB6F894DEBF0FBECDBF24
:10BCE000DF91CF911F91FF90EF90089510927C0DFE
:10BCF00010E0EFCF0E94972B609175097091760943
:10BD000089EF9FE20E947C2B86EF9FE20C946E2BC2
:10BD10008F929F92AF92BF92EF92FF920F931F93D9
:10BD2000CF93DF931F921F92CDB7DEB77C01809136
:10BD3000860D84FD03C0C70156DE6BC0613009F477
:10BD40007BC008F473C0623009F4D8C08091860DBE
:10BD5000877F8B7F8093860D0E94D8D2A701BE017A
:10BD60006F5F7F4F81E048DE8C01009721F369818E
:10BD70007A8121E0AC018DED96E10E9446AB8823EB
:10BD800009F4C3C08091EE169091EF16A091F016C1
:10BD9000B091F11680937E0D90937F0DA093800D4E
:10BDA000B093810D1092820D1092830D1092840D2C
:10BDB0001092850DF09079158FEF80937915B80169
:10BDC00080E89BE20E947C2B80907E0D90907F0DFE
:10BDD000A090800DB090810D88E79BE20E946E2BB1
:10BDE000C501B4010E9496270E949A2B89E69BE226
:10BDF0000E946E2BF0927915C80185DD8091340B7D
:10BE0000882311F004E31BE040E060E0C8010E94D9
:10BE1000E8980F900F90DF91CF911F910F91FF90B5
:10BE2000EF90BF90AF909F908F900895B70182E000
:10BE3000AFDD10927D0D8ACF0E946638811104C05B
:10BE4000B70181E0A5DD82CF80917D0D882399F037
:10BE50000E94942B89ED9BE20E946E2B81E090E082
:10BE60000E94E2360E949A2B40E070E060E088EC8D
:10BE70009BE20E94C3378EE998E00E9491D2E09144
:10BE80007D0D84E0E89FF0011124E656F74F809184
:10BE9000820D9091830DA091840DB091850D8083CA
:10BEA0009183A283B3830E94972BB7018FEA9BE211
:10BEB0000E947C2B60917D0D89E6689FB001112462
:10BEC0006256774F84EA9BE20E947C2B8090820D21
:10BED0009090830DA090840DB090850D8EE99BE22B
:10BEE0000E946E2BC501B4010E9496270E949A2BD6
:10BEF00080917D0D8F5F80937D0D28CF0E94972BC1
:10BF00008EE89BE20E946E2B21CFC80115CFCF9304
:10BF1000DF93EB010E946E2BCE010E941428DF916B
:10BF2000CF910C949A2BEF92FF920F931F93CF9384
:10BF3000DF931F921F92CDB7DEB72091860D24FFAD
:10BF400033C07C01BC0182E023DD10927D0D809125
:10BF5000860D877F8B7F8093860D0E94D8D2A701A4
:10BF6000BE016F5F7F4F80E047DD8C01C701011587
:10BF7000110521F169817A8126E5A8018DED96E10F
:10BF80000E9446AB8823C9F08091860D8160809322
:10BF9000860DC801B8DCB80181E29CE2B8DF40E060
:10BFA00060E0C8010E94E8980F900F90DF91CF9158
:10BFB0001F910F91FF90EF900895C80114DDF4CF09
:10BFC000CF939091860D94FF1EC090918115911191
:10BFD0001AC02AE5811121E0C82F46E954E069E939
:10BFE00075E18EE795E10E9446AB811104C086E9B8
:10BFF00094E0CF91F8CCC11106C066E974E081E20B
:10C000009CE2CF9184CFCF910895FF920F931F931D
:10C01000CF93DF93CDB7DEB76D970FB6F894DEBF41
:10C020000FBECDBF2091860D24FF28C0AC01BE01FC
:10C03000645E7F4F80E0E0DC8C010097F9F06C8D4E
:10C040007D8D19821C8222E0AC01CE0101960E94F6
:10C0500046AB81111FC0F12CCE0101960E94D8275A
:10C06000B801FF2061F183E19CE251DF1092820D63
:10C070001092830D1092840D1092850D6D960FB65F
:10C08000F894DEBF0FBECDBFDF91CF911F910F910E
:10C09000FF900895CE0101960E947CD78823D9F2A3
:10C0A00061E0CE0101960E94E27D0097A1F225EEAB
:10C0B000FC0120831C820E944FD3F82ECDCF8BEF42
:10C0C0009BE20E947C2B88EF9BE20E946E2BD6CFD6
:10C0D0002F923F924F925F926F927F928F929F9298
:10C0E000AF92BF92CF92DF92EF92FF920F931F9386
:10C0F000CF93DF93CDB7DEB7C655D1090FB6F8940D
:10C10000DEBF0FBECDBF5C017B016DB67EB6BE014A
:10C110006F5F7F4FC501F1D918160CF069C08C858F
:10C120008871803109F083C08DB69EB610E000E0C2
:10C13000E114F10439F0F70101900020E9F78F01D3
:10C140000E191F09C8010D962DB73EB7281B390BD4
:10C150000FB6F8943EBF0FBE2DBF8DB79EB70196A8
:10C160006C01080F191FE114F10439F0B7010E94A6
:10C1700035FC8FE2F80131978083BE016F5F7F4FFE
:10C18000C8010E94D8B61CAE1FAE21E0A801B501BF
:10C19000CE01CC960E9446AB8823D9F08BE1FE01FC
:10C1A000FC96DE01919601900D928A95E1F7B60119
:10C1B000CE0181968DDFCE0181960E94D827CE01D7
:10C1C000CC960E94D8270FB6F8949EBE0FBE8DBEA7
:10C1D0009ECF0E94972BB8018AE39FE298DECE01A2
:10C1E000CC960E94D8270FB6F8949EBE0FBE8DBE87
:10C1F0000FB6F8947EBE0FBE6DBECA5ADF4F0FB6A3
:10C20000F894DEBF0FBECDBFDF91CF911F910F918C
:10C21000FF90EF90DF90CF90BF90AF909F908F9066
:10C220007F906F905F904F903F902F900895CE0138
:10C2300001960E94BDB6882309F469CFE114F10488
:10C2400031F0C7010E9414288FE20E94C6C52D8CD0
:10C250003E8C4F8C58A0BE016F5F7F4F87E799E0FF
:10C260000E94D8B60E94142880E20E94C6C5C2016E
:10C27000B1010E9496270E949A2B49CF0F931F93DA
:10C2800041E050E0082E02C0440F551F0A94E2F727
:10C29000052E000C660B770B0091D0091091D10987
:10C2A0002091D2093091D309402B512B622B732B53
:10C2B0004093D0095093D1096093D2097093D30968
:10C2C0009091CF09891303C081E08093CD091F911C
:10C2D0000F9108952F923F924F925F926F927F92AB
:10C2E0008F929F92AF92BF92CF92DF92EF92FF9286
:10C2F0000F931F93CF93DF93CDB7DEB7CB5AD109FE
:10C300000FB6F894DEBF0FBECDBF2091BF143091A1
:10C31000C0144091C1145091C214CC55DF4F2883F2
:10C3200039834A835B83C45AD0408091C31490916F
:10C33000C414A091C514B091C614C855DF4F8883AA
:10C340009983AA83BB83C85AD040B090C714A090E9
:10C35000C8143090C9142090CA142091CB14309185
:10C36000CC144091CD145091CE14C056DF4F288389
:10C3700039834A835B83C05AD04080916E15909177
:10C380006F15A0917015B0917115C656DF4F888357
:10C390009983AA83BB83CA59D0408091771581FFC6
:10C3A00005C09091D40998609093D40982FB8827A6
:10C3B00080F980933B078091860D87FDF8C28AE162
:10C3C00096E00E943D690091FE141091FF14011542
:10C3D000110599F08091860D87FDE9C264E176E050
:10C3E000CE0101960E94F41FB801CE0101960E9471
:10C3F0004221CE0101960E940F690091FC14109118
:10C40000FD14043B110514F404EB10E08091860D3B
:10C4100087FDCDC26EE076E0CE0101960E94F41F4A
:10C42000B801CE0101960E944221CE0101960E94E0
:10C430000F698091860D87FDBAC22091D514309185
:10C44000D6144091D7145091D8146B2D7A2D832D8A
:10C45000922D0E9424F94B018C0186E096E00E9407
:10C460003D69809177156401780180FD04C0CB2C73
:10C47000DA2CE32CF22C8091860D87FD98C2C60140
:10C48000D701C057DF4F88839983AA83BB83C059E4
:10C49000D04033E0732ECC56DF4F7882C459D04061
:10C4A0006FEF75E0CE0101960E94F41FBE01605748
:10C4B0007F4FCE0101960E946620CE0101960E9418
:10C4C0000F699401A801B601C7010E9467F287FFB6
:10C4D00026C08091860D87FD6AC2C401D801C55768
:10C4E000DF4F88839983AA83BB83CB58D040C15741
:10C4F000DF4F7882CF58D04067EF75E0CE010196CC
:10C500000E94F41FBE0165577F4FCE0101960E9425
:10C510006620CE0101960E940F6964017801809126
:10C52000860D87FD44C28FEE95E00E943D6987E04D
:10C5300080935D09809326078091860D87FD37C221
:10C5400040900115509002156090031570900415ED
:10C550008091771583FB882780F9C256DF4F888347
:10C56000CE59D040C156DF4F1882CF59D040C25665
:10C57000DF4F88809980CE59D04090E3890E911C7E
:10C5800069EE75E08E010F5F1F4FC8010E94F41F16
:10C59000B401C8010E944221EB964CAE5DAE6EAE76
:10C5A0007FAEEB9721E0EC962FAFEC976AE50E9407
:10C5B000DF1FBE0169587F4F0E946620C8010E949C
:10C5C0000F698091860D87FDF2C1C601D701CA5758
:10C5D000DF4F88839983AA83BB83C658D04023E06A
:10C5E000F22EC657DF4FF882CA58D04062EE75E08F
:10C5F000C8010E94F41FBE016A577F4FC8010E9404
:10C600006620C8010E940F698091771584FF27C0BA
:10C610008091860D87FDCBC18091F8149091F9141B
:10C62000A091FA14B091FB14CB56DF4F8883998305
:10C63000AA83BB83C559D040C756DF4FF882C9597A
:10C64000D0406CED75E0C8010E94F41FBE016B562E
:10C650007F4FC8010E946620C8010E940F69E090C8
:10C66000FC14F090FD148091860D87FB882780F9DB
:10C67000E114F10471F081119AC166ED75E0C80111
:10C680000E94F41FB701C8010E944221C8010E9404
:10C690000F69E0900015F12C8091860D87FB8827AB
:10C6A00080F9E114F10441F1811181C160ED75E07F
:10C6B000C8010E94F41F1F921F928CEC94E09F937C
:10C6C0008F936E01A2E6CA0ED11CDF92CF920E9418
:10C6D00055FCB601C8010E944C2063E50E94DF1F93
:10C6E000B7010E944221C8010E940F690F900F906C
:10C6F0000F900F900F900F908091860D87FD57C17E
:10C7000067EC75E0C8010E94F41FCC55DF4F28810B
:10C7100039814A815B81C45AD040E6962CAF3DAF47
:10C720004EAF5FAFE69793E0F92EE796FFAEE7973F
:10C73000BE016E587F4FC8010E946620C855DF4F6A
:10C74000288139814A815B81C85AD040E1962CAF5B
:10C750003DAF4EAF5FAFE197E296FFAEE29769E57E
:10C760000E94DF1FBE0163597F4F0E946620C801EF
:10C770000E940F698091860D87FD19C18B2D9A2D1E
:10C78000A32DB22DCF57DF4F88839983AA83BB8314
:10C79000C158D040CB57DF4FF882C558D0406FEB1F
:10C7A00075E0C8010E94F41FBE016F577F4FC8019A
:10C7B0000E946620C8010E940F698091860D87FD46
:10C7C000F6C0E090CF14D090D0146BEB75E0C801A8
:10C7D0000E94F41FDF92EF928CEC94E09F938F9372
:10C7E0006E0132E6C30ED11CDF92CF920E9455FC3F
:10C7F000B601C8010E944C20C8010E940F698091B7
:10C80000D1149091D21490931202809311026091EE
:10C81000D3147091D41480E00E94321B8091860D55
:10C820000F900F900F900F900F900F9087FDBFC04B
:10C83000C056DF4F88819981AA81BB81C05AD04000
:10C84000C458DF4F88839983AA83BB83CC57D040D9
:10C85000C058DF4FF882C058D04064EB75E0C80183
:10C860000E94F41FBE0164587F4FC8010E946620D9
:10C87000C8010E940F6987E0E9EDF4E1ADECB9E091
:10C8800001900D928A95E1F78091CF090E94742161
:10C890008CE0E0EEF4E1AAE0B9E001900D928A9517
:10C8A000E1F78CE0ECEEF4E1AFE5B9E001900D9238
:10C8B0008A95E1F7809176158093BD1481E080938D
:10C8C0004C070E94E9398091860D87FD70C041E6D2
:10C8D00050E06FEA75E0C8010E9461F1D8010D9047
:10C8E0000020E9F7CD010197801B910B803691055F
:10C8F00050F441E650E0481B590B65E075E1800FAC
:10C90000911F0E94B0F1C8010E940F698091860DAD
:10C9100087FD4DC0909072158090731570907415BE
:10C92000609075156AEA75E0C8010E94F41FC3564D
:10C93000DF4FB881CD59D040BF93C456DF4FE88157
:10C94000CC59D040EF93C556DF4FF881CB59D0403A
:10C95000FF93C656DF4F2881CA59D0402F938FECE2
:10C96000E82E84E0F82EFF92EF92DF92CF920E94A1
:10C9700055FCB601C8010E944C2064E50E94DF1FEF
:10C980005C016F927F928F929F92FF92EF92DF9263
:10C99000CF920E9455FCB601C5010E944C20C801EF
:10C9A0000E940F690FB6F894DEBF0FBECDBFC5550C
:10C9B000DF4F0FB6F894DEBF0FBECDBFDF91CF9132
:10C9C0001F910F91FF90EF90DF90CF90BF90AF90AD
:10C9D0009F908F907F906F905F904F903F902F909F
:10C9E0000895CF93DF938EE795E10E94D8278DEDD0
:10C9F00096E10E94D827CDEDD6E16B97CE010E943B
:10CA0000D82785E1CF3CD807C1F784EB95E10E9498
:10CA1000D82789E995E1DF91CF910C94D8278091AF
:10CA2000860D847E8B7F8093860D1092820D1092EE
:10CA3000830D1092840D1092850D10927E0D109230
:10CA40007F0D1092800D1092810D10927D0D10922D
:10CA50007C0D10927B0DEFECF5E18EE091E0DF01B3
:10CA60009C011D9221503040E1F780910A018E7F98
:10CA700080930A0180910B01809581708093090158
:10CA80001092991510929C151092B4151092B7152A
:10CA9000108213827B9636E1ED3DF307C9F78FEAEA
:10CAA00094E090936E1780936D1710926F1789E141
:10CAB0008093711710927417109266171092DD16FA
:10CAC0001092E01681E08093AA0D1092AB0D1092A7
:10CAD000AC0D1092AD0D1092AE0D1092AF0D1092E4
:10CAE000B00D1092B10D1092B20D1092B30D1092C4
:10CAF000B40D1092B50D1092B60D1092B70D1092A4
:10CB0000B80D1092B90D1092BA0D1092BB0D109283
:10CB1000BC0D1092BD0D1092BE0D1092BF0D109263
:10CB2000C00D1092C10D1092C20D1092C30D109243
:10CB3000C40D1092C50D1092C60D10928D0D10925D
:10CB40008E0D10928F0D1092900D1092910D1092EB
:10CB5000960D1092970D1092980D1092990D1092BB
:10CB60009A0D9FEF90938C0D1092C80D1092C70DE7
:10CB70008091110E883108F0C4C091E0980F909315
:10CB8000110E8093120E90E0FC01EE0FFF1FE80FD4
:10CB9000F91FE753F24F88EB9BE09283818385E195
:10CBA0009EE09093220E8093210E1092430E1092DD
:10CBB000440E1092450E1092460E10923F0E1092A7
:10CBC000400E1092410E1092420E10923B0E1092A7
:10CBD0003C0E10923D0E10923E0E1092370E1092A7
:10CBE000380E1092390E10923A0E1092330E1092A7
:10CBF000340E1092350E1092360E10922F0E1092A7
:10CC0000300E1092310E1092320E10922B0E1092A6
:10CC10002C0E10922D0E10922E0E1092270E1092A6
:10CC2000280E1092290E10922A0E1092851710923B
:10CC300086171092871710928817109281171092FA
:10CC40008217109283171092841710927D171092FA
:10CC50007E1710927F1710928017109279171092FA
:10CC60007A1710927B1710927C17109275171092FA
:10CC7000761710927717109278171092260E10924E
:10CC8000250E1092240E1092230EE7E4FEE087E7B3
:10CC900094E115AEED59FF4F8E179F07D1F7109213
:10CCA00077148DE080937B1410927C141092BB1447
:10CCB00080E08E7F8D7F8B7F877F8093BD14109265
:10CCC0007E15109281151092D9141092DA141092D8
:10CCD000DB141092DC141092DD141092DE1410920A
:10CCE000DF1483E0809379158AE897E190937B15B0
:10CCF00080937A1589E897E190937D1580937C1550
:10CD000008959093120E4BCFCF93DF93CDB7DEB73C
:10CD1000AB970FB6F894DEBF0FBECDBF789484B545
:10CD2000826084BD84B5816084BD85B5826085BD27
:10CD300085B5816085BD80916E00816080936E00B5
:10CD400010928100809181008260809381008091A7
:10CD50008100816080938100809180008160809358
:10CD600080008091B10084608093B1008091B00018
:10CD700081608093B00080919100826080939100E7
:10CD800080919100816080939100809190008160FA
:10CD9000809390008091A10082608093A100809197
:10CDA000A10081608093A1008091A00081608093A8
:10CDB000A000809121018260809321018091210156
:10CDC0008160809321018091200181608093200106
:10CDD00080917A00846080937A0080917A008260EA
:10CDE00080937A0080917A00816080937A008091AC
:10CDF0007A00806880937A001092C1003090911779
:10CE000014BE1092C0008091C00082608093C00068
:10CE10001092C50087E08093C4008091C1008061BA
:10CE20008093C1008091C10088608093C10080918F
:10CE3000C10080688093C1000E941AD16B017C01FF
:10CE400028EEC20E23E0D21EE11CF11C8AE897E115
:10CE50000E94544B882309F47CC01092C800809132
:10CE6000C80082608093C8001092CD0080E180935A
:10CE7000CC008091C90080618093C9008091C90075
:10CE800088608093C9008091C90080688093C90040
:10CE90000E941AD16B017C0138EEC30E33E0D31E21
:10CEA000E11CF11C89E897E10E94544B882309F4A6
:10CEB00060C08DE39EE20E946E2B80910101806133
:10CEC0008093010180910201807180930001809123
:10CED000820490918304A0918404B09185048F878B
:10CEE000988BA98BBA8BAE01415F5F4F5DA34CA3BA
:10CEF000CE0143969C8B8B8BC12C14E2D12E14EF68
:10CF0000E12EF12CACA1BDA1ED91BDA3ACA30E2EE1
:10CF1000000CFF0BEF54F14DE491E250E13108F0C9
:10CF20006DC1F0E08827E856F8418F4F0C941BF94B
:10CF3000FEE8FEE8FEE8FEE8FEE8C9E7C9E737E8F4
:10CF400037E837E849E849E849E8FEE858E858E8AA
:10CF500058E80E941AD1A7019601261B370B480BEF
:10CF6000590BDA01C901181619061A061B068CF3AB
:10CF700074CF0E941AD1A7019601261B370B480BCC
:10CF8000590BDA01C901181619061A061B068CF38B
:10CF900090CFB2E0BF8B1F8E1E8EE1EBF0E0FE8BD8
:10CFA000ED8B20EB30E03B8F2A8F66246A94712C46
:10CFB0008EE0E6E8F4E0DE01119601900D928A958C
:10CFC000E1F7930150E040E0FBE0220F331F441FE4
:10CFD000551FFA95D1F7C701B6010E9491F82901B2
:10CFE000FFEF4F1A5F0A2F89223009F070C031E03D
:10CFF00038A743E049A7CE0101969FA38EA391E0F5
:10D000009C8FA1E0AD8F1BA2EFEFF0E0F98FE88FCE
:10D01000AEA1BFA10D911D91BFA3AEA3C801B0E009
:10D02000A0E0EF89E23009F457C080329105A105F4
:10D03000B10509F4B0C080389105A105B10509F426
:10D04000AAC09801A8EEB3E00E94D9F89B01AC01F8
:10D05000C701B6010E9491F8C9010197369527953D
:10D060000097E1F541E050E059A348A33EC033E00A
:10D070003F8B46E950E05F8F4E8F81E990E09E8BB9
:10D080008D8BA0E9B0E0BB8FAA8F66246A94762CC2
:10D090008FCFB4E0BF8BE6EAF0E0FF8FEE8F21EA9E
:10D0A00030E03E8B2D8B40EA50E05B8F4A8FEDCF16
:10D0B00055E05F8B86E291E09F8F8E8FA1E2B1E019
:10D0C000BE8BAD8BE0E2F1E0FB8FEA8FDECF5AE062
:10D0D00058A76EE069A78FCF9301C30179A268A218
:10D0E0008615970510F499A388A32115310509F435
:10D0F000A3C16AA2272C2615370510F42AA3232ED4
:10D1000028A139A12F5F3F4FD8010E94D9F89B0178
:10D11000AC01C701B6010E9491F849013BA72AA7BB
:10D120009801AAA1B22D0E94D9F89B01AC01220F4F
:10D13000331F441F551FC701B6010E9491F8D90142
:10D1400069EE461663E0560608F47AC1B20188EE2D
:10D1500093E0FB01E81BF90B8AA59BA5893E934050
:10D1600008F472C1B40188EE93E0681B790BA93E04
:10D17000B34008F46DC1C901A8EEB3E08A1B9B0B54
:10D180006E177F0720F48617970708F065C18E1782
:10D190009F0708F46BC14C8D4F5F4C8F483009F0EE
:10D1A00037CFAA8DBB8D8C918C7F9D8D9370892BF1
:10D1B0008C93ED89FE892081FD8D8F2F90E09595D0
:10D1C00087959595879563E0880F991F6A95E1F794
:10D1D000277E822BAD89BE898C938C91887FBBA1E1
:10D1E0008B2BED89FE898083FF89F23039F0E88D41
:10D1F000F98DAE8DBF8D1196FC93EE932B893C89F2
:10D200004CA15DA12417350709F07CCE8091010166
:10D210008F7D8093010180910201809580728093BF
:10D220000001809101018F7B8093010180910201B7
:10D2300080958074809300010E94E83630FE04C01F
:10D2400084E39EE20E946E2B31FE04C083E29EE2E4
:10D250000E946E2B32FE04C081E19EE20E946E2B82
:10D2600033FE04C080E09EE20E946E2B35FE04C0B7
:10D270008FEE9DE20E946E2B88ED9DE20E946E2B48
:10D280000E94972B84EA9DE20E946E2B0E94972BAE
:10D290008CE89DE20E946E2B0E94972B80918B1749
:10D2A00090918C178E010F5F1F4FB801009709F402
:10D2B000E6C0681B790B8DE79DE20E94EC3686E69E
:10D2C0009DE20E946E2B80E396E00E94B1360E94A0
:10D2D0009A2B0E9455A30E9494CA0E947BDB8091E6
:10D2E000F816811107C00E940BA8882319F081E06D
:10D2F0008093F81620910A0930910B0940910C098E
:10D3000050910D096091200A7091210A8091220AA2
:10D310009091230A0E9424F96093200A7093210AB5
:10D320008093220A9093230A20910E0930910F09CD
:10D3300040911009509111096091240A7091250AB9
:10D340008091260A9091270A0E9424F96093240A6A
:10D350007093250A8093260A9093270A2091120938
:10D360003091130940911409509115096091280AD0
:10D370007091290A80912A0A90912B0A0E9424F91F
:10D380006093280A7093290A80932A0A90932B0AA3
:10D390000E940A939D9AA5986D9A7598809177142A
:10D3A000811102C06B9A739A87ED80937A00109274
:10D3B0007E0010927D0080917E00826080937E00CE
:10D3C00080917D00806480937D0080E887BD80919E
:10D3D0006E00826080936E00E4E6FDE2C590D4901A
:10D3E00055E0C516D1041CF445E0C42ED12CD092D2
:10D3F0003102C09230020D2C000CEE08FF08A09004
:10D400002C02B0902D02C5010E9467C82B013C017F
:10D41000C701B6010E946DF29B01AC01C301B201CC
:10D420000E9467F287FF2EC060E1A61AB108B09291
:10D430002D02A0922C02E3CF51E05AA3212C60CE02
:10D44000C20168EE73E085CEC40168EE73E08DCE54
:10D45000D90188EE93E092CE240199A59D8FAC8DE1
:10D46000ABA3E8A1F9A1F98FE88F95CE2901F8A522
:10D47000FD8F2C8D2BA33AA1388F298E8CCE61592C
:10D48000774119CFE8E5FCE2C590D49081E0C81A55
:10D49000D10892E3C91691E0D90624F031E3C32EF6
:10D4A000DD24D394D0923302C09232020D2C000CB2
:10D4B000EE08FF08A0902E02B0902F02C5010E9436
:10D4C00067C82B013C01C701B6010E946DF29B01A8
:10D4D000AC01C301B2010E944BFB181644F4A0E159
:10D4E000AA0EB11CB0922F02A0922E02E3CF80911F
:10D4F0002802909129020E94A88020E030E040EAB2
:10D5000050E4E5D787FF0AC0809128029091290254
:10D5100040979093290280932802E9CF80912A02B4
:10D5200090912B020E94A88020E030E044EB52E46E
:10D530000E944BFB181654F480912A0290912B0202
:10D54000409690932B0280932A02E8CF0E94339753
:10D550008098889A0A98129A80910101877F809317
:10D5600001018091020180958870809300011092E2
:10D570000809109207090E94E194809107018160D7
:10D580008093070180910701886080930701809153
:10D590000701806880930701859A869A8E9A6C9A13
:10D5A000749A80910701806180930701809108013E
:10D5B0008095807180930601839A8B9A879A8F98C1
:10D5C0008E9A80915D098E7F80935D09809107011D
:10D5D0008460809307018091080184708093060124
:10D5E000749A80915D098D7F80935D098091070118
:10D5F0008062809307018091080180728093060108
:10D6000080910801809580718093060180915D0969
:10D610008B7F80935D09849A8C988B9A809180008F
:10D620008C7F8093800080918100877E88608093CA
:10D630008100809180008F738093800080918100B1
:10D64000887F82608093810080E090E490938900DD
:10D650008093880010928500109284000E94512BC4
:10D6600078940E94A2818091120E883108F041C006
:10D6700090E0FC01EE0FFF1FE80FF91FE753F24F98
:10D68000808180788760808387E00E94CBC9109278
:10D69000130E1092140E8091120E2CE0622F0E9435
:10D6A000E8F890E0829FB001112430E020E0AB0167
:10D6B000420F531FFA01EE0FFF1FE40FF51FE75350
:10D6C000F24F408147FD07C02F5F3F4F2C3031059F
:10D6D00071F70E94654BE091120E8E2F90E0FC01D5
:10D6E000EE0FFF1FE80FF91FE753F24F80818068AC
:10D6F000808382E19EE00E94564B6AE570E082E101
:10D700009EE00E94874B10925E090E94E1940E9465
:10D71000CB4C0E94974C80910909882319F10E94F3
:10D72000B14C76E9C72ED12CE12CF12CC982DA82DA
:10D73000EB82FC82B80186E90E946D4CC982DA82D4
:10D74000EB82FC82B80182E80E946D4CC982DA82C9
:10D75000EB82FC82B80186E90E946D4C0E94974CD6
:10D760001092090988E198E20FB6F894A895809381
:10D7700060000FBE909360000E94282F83E080938A
:10D7800059092DE0322E3AE0432E44E4842E4EE235
:10D79000942E53E0552E6EE7662E6EE2762E80E0D4
:10D7A0000E94073A8091860D87FF1EC010927C0D63
:10D7B000877F8B7F8093860D0E94D8D210925B0268
:10D7C00010925A02109259020E9448930E948F9719
:10D7D0000E94918010927A14109216090E94A82734
:10D7E000909218098092170980915909EDB6FEB6FA
:10D7F00010E000E0843009F441C0ADB6BEB66091DF
:10D8000017097091180910E000E06115710509F021
:10D8100067C080911909882309F400C1E9E1F9E0A2
:10D820008F0109511940F190FF2019F0BAE0FB1265
:10D83000F7CF0115110559F0F801E75EF64F108298
:10D8400089E199E00E940F2680E00E94725481E0F5
:10D85000F11001C080E0800F982FE92FF0E0E75E23
:10D86000F64F2081E92FE81BF0E0E75EF64F2083BA
:10D87000222309F470C09F5FF0CF8C01F801E65BB2
:10D88000F14DE491C8010196EE2311F0EA30A9F7B9
:10D89000EDB7FEB7E81BF90B0FB6F894FEBF0FBE4D
:10D8A000EDBF2DB73EB72F5F3F4F6901A8016AE476
:10D8B0007EE2C901E0D4F601E00FF11F10824FEFC4
:10D8C00061E0C6010E947FC60FB6F894FEBE0FBE8F
:10D8D000EDBE882309F491CF509259098ECF86016D
:10D8E000FB01E00FF11F249068013FEFC31AD30A38
:10D8F000222019F04AE02412F2CF8DB79EB78C197E
:10D900009D090FB6F8949EBF0FBE8DBFADB7BEB7D1
:10D9100011967D01A801CD01AED4F701E00FF11FF2
:10D920001082222009F477C080911709909118097C
:10D93000C80ED91ED0921809C0921709012B31F0D8
:10D94000C7010E940F2680E00E9472540FB6F8941F
:10D95000BEBE0FBEADBE90915C098091F9169817BE
:10D9600009F41DCF80915C098093F91680915C09C0
:10D97000882309F414CF0E94972B82EA9EE20E942A
:10D980006E2B80915C0910E280FF0AC080E00E944B
:10D990006486AB01BC018EE99EE20E94842B18E5EF
:10D9A00080915C0900E281FF0AC081E00E946486E8
:10D9B000AB01BC018AE99EE20E94842B09E58091BB
:10D9C0005C0982FFADC082E00E946486AB01BC01AD
:10D9D00086E99EE20E94842B9AE5F92E0E949A2BFA
:10D9E0001F9280E28F931F92FF921F920F931F92BC
:10D9F0001F937F926F9287E89EE29F938F931F926F
:10DA00000E9442D1EDB7FEB73D960FB6F894FEBF27
:10DA10000FBEEDBFC4CED12CC12C8CCF809159024A
:10DA2000882309F498CF8091860D80FF64C000910F
:10DA30005A02E2E60E9F80011124045A1D4F6AE744
:10DA40007EE2C80173D4009739F0DC0113968C9103
:10DA500080538A3008F048C0F80101900020E9F7AF
:10DA600031977F01E01AF10A1092DD166EE470E042
:10DA7000C8010E942AFC6C01009739F5B1E0EB1A4D
:10DA8000F108F801EE0DFF1D318242821382F80188
:10DA900001900020E9F73197AF01401B510BB8010D
:10DAA0008DED96E10E940BD88091DD16882331F030
:10DAB0000E94942B80E59EE20E946E2B8091860D41
:10DAC00081FD19C00E94B9CA18C060E270E00E94CE
:10DAD0002AFC8C010F5F1F4F6AE270E0C6010E94B2
:10DAE0002AFCFC013197D0CF0E94D3D687E69EE274
:10DAF0000E946E2BE7CF0E942870809159028823E4
:10DB000009F429CF90915A029F5F943030F490939A
:10DB10005A028150809359021ECF10925A02F9CFB7
:10DB200080E2F82E5BCFEF920F931F93CF93DF939A
:10DB3000E80134E047FD34E1042E000C550B57FF9B
:10DB400003C0519541955109E32E022F242FAE01B8
:10DB50007BD7CE01DF91CF911F910F91EF90089568
:10DB60008F929F92AF92BF92CF92DF92EF92FF92ED
:10DB70000F931F93CF93DF935C017B0161157105B8
:10DB800019F0DB018D939C9385010F5F1F4FF50109
:10DB9000D0818D2F90E067D36C01892BA9F5DD3200
:10DBA000A9F50F5F1F4FD5011196DC91C1E0580117
:10DBB000F1E0AF1AB10843E050E068E371E0C5015D
:10DBC0009DD3892B61F5680182E0C80ED11C45E028
:10DBD00050E063E371E0C60191D3892B21F4680121
:10DBE00097E0C90ED11CE114F10419F0D701CD92D0
:10DBF000DC9260E070E080E89FEFC111FAC060E065
:10DC000070E080E89FE7F5C05801BECFDB3229F411
:10DC100085010E5F1F4FF501D181C0E0C8CF43E001
:10DC200050E060E371E0C50169D3892BE9F0F801A8
:10DC300010E000E020E030E0A9015F01B0ED8B2EA4
:10DC40008D0E89E08815C8F19C2E689491F88C2F70
:10DC50008870C2FF16C0811102C00F5F1F4F31963E
:10DC6000D501DC91C92DE9CFE114F10429F00E5F53
:10DC70001F4FF7011183008360E070E080EC9FE7A5
:10DC8000B8C0882311F001501109A5E0B0E00E944E
:10DC9000CFF89B01AC01220F331F441F551F280DE5
:10DCA000311D411D511D283999E93907490799E16D
:10DCB0005907A8F2C6609C2ED2CFAEEF8A1206C0DA
:10DCC000C3FD3CC09C2E689493F8C9CFDF7DD5344A
:10DCD000A9F580818D3239F4C061DF01129681810E
:10DCE00062E070E006C0DF018B32C1F3119661E0A3
:10DCF00070E080535D01A61AB70A8A30F8F4E0E8B4
:10DD0000CE16ECE0DE065CF4B601660F771F660FF8
:10DD1000771FC60ED71ECC0CDD1CC80ED11C5D01B2
:10DD2000FFEFAF1ABF0A8C9180538A3098F1C4FF7D
:10DD300003C0D194C194D1080C0D1D1DC1FF09C0B1
:10DD4000E114F10431F081E0A81AB108D701AD92D5
:10DD5000BC92CA01B901BFD3C370C33009F4905853
:10DD60004B015C0120E030E0A901B1D3882309F424
:10DD70003EC0C7E6D1E017FF05C011950195110916
:10DD8000CFE4D1E06E01B8E1CB1AD10880E2E82EF1
:10DD9000F12C0EC0D501B3CFFE01259135914591EF
:10DDA00054910E191F09C501B401F6D34B015C0152
:10DDB000D501C4010E151F057CF72497F594E7944F
:10DDC000CC16DD06A9F78A2F880F8B2F881F8F3F6F
:10DDD00041F020E030E0A901C501B40178D3811100
:10DDE00006C082E290E09093901780938F17C50150
:10DDF000B401DF91CF911F910F91FF90EF90DF90D1
:10DE0000CF90BF90AF909F908F9008953F924F9288
:10DE10005F926F927F928F929F92AF92BF92CF92BA
:10DE2000DF92EF92FF920F931F93CF93DF935C01EA
:10DE30006B017A016115710519F0FB0191838083F3
:10DE4000E114F10451F0C7010297839730F040E0EC
:10DE500030E020E090E06AC05E01E5012196F50126
:10DE60001081812F90E0FFD1892BB1F71D3201F590
:10DE70002196F501118101E0E114F10409F4E6C0F5
:10DE8000F0E1EF16F10409F088C0103359F48881ED
:10DE90008F7D883509F07CC0198122960260F0E1FF
:10DEA000EF2EF12C812C912CA12C88E0B82E92C061
:10DEB0001B3221F4E5012296F501118100E0DCCF4F
:10DEC000EAE0EE16F10409F4C7C0F0E1EF16F10440
:10DED00009F073C0E7CF78E0E72EF12C812C912C6C
:10DEE000A12C60E1B62E76C021E0ADC0302F31709C
:10DEF000C114D10431F0222371F12197F601D183AD
:10DF0000C08327FF2EC060E070E080E090E8311110
:10DF100004C06FEF7FEF8FEF9FE722E230E0309396
:10DF2000901720938F17462F372F282F642F732F8A
:10DF3000822FDF91CF911F910F91FF90EF90DF9093
:10DF4000CF90BF90AF909F908F907F906F905F9099
:10DF50004F903F90089501FF04C02297F601D183AE
:10DF6000C083332341F090958095709561957F4FE4
:10DF70008F4F9F4FD8CF97FFD6CF82E290E09093FC
:10DF8000901780938F176FEF7FEF8FEF9FE7CBCFC7
:10DF900010E3E114F10409F49ECF28E0E216F10445
:10DFA00009F49CCF0CF08CCF812C912CA12CE0E4B7
:10DFB000BE2E82E0E816F10469F060E070E080E0D7
:10DFC00090E897010F2C000C440B550B0E9491F820
:10DFD00049015A0120E060E070E0CB0127010F2CDD
:10DFE000000C66087708FE0150ED352E310E39E041
:10DFF000331570F43FEB310F49EC342E3A3138F0E1
:10E000003FE9310F3A3108F071CF39EA332E310E42
:10E010003E141F040CF06ACF27FD15C08616970624
:10E02000A806B90678F0A30192010E9482F8630D58
:10E03000711D811D911D61307105810520E89207D8
:10E0400008F452CF2FEF21961081CDCF103309F471
:10E050001ECF2AE0E22EF12C9CEC892E982CA82CC5
:10E060009CE0B92EB7CF3F924F925F926F927F9212
:10E070008F929F92AF92BF92CF92DF92EF92FF92D8
:10E080000F931F93CF93DF935C016B017A016115AE
:10E09000710519F0FB0191838083E114F10449F0CB
:10E0A000C7010297839728F060E070E0CB0199C028
:10E0B0005E01E5012196F5011081812F90E0D3D01A
:10E0C000892BB1F71D3209F05BC02196F501118152
:10E0D00001E0E114F10409F4B9C0F0E1EF16F10434
:10E0E00009F09AC0103341F488818F7D883509F09A
:10E0F0008EC0198122960260E0E1EE2EF12C882478
:10E100008A94982CA82CFFE0BF2E20E060E070E0FD
:10E11000CB0127010F2C000C66087708FE0150ED9B
:10E12000352E310E39E0331568F43FEB310F49ECF1
:10E13000342E3A3130F03FE9310F3A31A8F539EA5F
:10E14000332E310E3E141F047CF52F3FB1F086169E
:10E150009706A806B90630F1A3019201D3D7232D63
:10E1600030E050E040E0620F731F841F951F62177C
:10E17000730784079507B0F021E021961081CECF78
:10E180001B3221F4E5012296F501118100E0A1CFB7
:10E1900078E0E72EF12C88248A94982CA82C6FE143
:10E1A000B62EB3CF2FEFE9CFC114D10431F0222323
:10E1B00051F12197F601D183C08300FF07C09095EC
:10E1C0008095709561957F4F8F4F9F4F2F3F49F4FA
:10E1D00082E290E09093901780938F176FEF7FEF1C
:10E1E000CB01DF91CF911F910F91FF90EF90DF90C6
:10E1F000CF90BF90AF909F908F907F906F905F90E7
:10E200004F903F90089501FFD8CF2297D3CF10E3CE
:10E21000E114F10409F4BCCF3AE0E316F104E1F0B3
:10E2200080E1E816F10409F467CFE8E0EE16F104A6
:10E2300009F4B1CF6FEF7FEFCB0197010F2C000CEA
:10E24000440B550B6ED749015A015FCF103309F4C7
:10E250004BCF9AE0E92EF12C89E9882E982CA82C36
:10E2600089E1B82E52CF91113FC6803219F0895002
:10E270008550D0F70895FB01DC0102C005900D9296
:10E2800041505040D8F70895FB01DC010D9000206B
:10E29000E9F7119705900D920020E1F70895FC0130
:10E2A0000590061621F00020D9F7C0010895319796
:10E2B000CF010895FB01DC0105900D920020E1F7EC
:10E2C0000895DC01FB014150504058F049F00590A1
:10E2D0000D920020C1F7E61BF70B3197CF0108958F
:10E2E0001C9205900020E9F7F6CFFC010590002074
:10E2F000E9F7809590958E0F9F1F0895FB01DC0133
:10E300004150504088F08D9181341CF08B350CF4D5
:10E31000805E659161341CF06B350CF4605E861B89
:10E32000611171F3990B0895881BFCCFFB01559186
:10E330005523A9F0BF01DC014D9145174111E1F7CB
:10E3400059F4CD010590002049F04D91401541113F
:10E35000C9F3FB014111EFCF81E090E001970895EF
:10E36000DC01FB014150504058F049F001900D9202
:10E370000020C1F7E61BF70B3197CF0108951C92DF
:10E3800001900020E9F7F6CF0F931F93CF93DF930F
:10E39000CDB7DEB72E970FB6F894DEBF0FBECDBF58
:10E3A0000E891F89888D998D2EE02C831A8309830D
:10E3B00097FF02C080E090E801979E838D83AE01B5
:10E3C000445E5F4F6A8D7B8DCE01019648D14D81B1
:10E3D0005E8157FD0AC02F813885421753070CF420
:10E3E0009A01020F131FF80110822E960FB6F894AF
:10E3F000DEBF0FBECDBFDF91CF911F910F9108956A
:10E400000F931F93CF93DF93CDB7DEB72E970FB641
:10E41000F894DEBF0FBECDBF0E891F898EE08C83BE
:10E420001A8309838FEF9FE79E838D83AE01465E3B
:10E430005F4F688D798DCE01019611D12F8138857E
:10E44000020F131FF80110822E960FB6F894DEBF4C
:10E450000FBECDBFDF91CF911F910F9108950F9304
:10E460001F93CF93DF93CDB7DEB72E970FB6F894F7
:10E47000DEBF0FBECDBF8C01FA018EE08C831A8304
:10E48000098377FF02C060E070E8615071097E8304
:10E490006D83A901BF01CE010196E1D04D815E815E
:10E4A00057FD0AC02F813885421753070CF49A0193
:10E4B000020F131FF80110822E960FB6F894DEBFDC
:10E4C0000FBECDBFDF91CF911F910F91089540D026
:10E4D00008F481E00895E89409C097FB3EF4909514
:10E4E0008095709561957F4F8F4F9F4F9923A9F02D
:10E4F000F92F96E9BB279395F695879577956795BC
:10E50000B795F111F8CFFAF4BB0F11F460FF1BC0FF
:10E510006F5F7F4F8F4F9F4F16C0882311F096E992
:10E5200011C0772321F09EE8872F762F05C0662340
:10E5300071F096E8862F70E060E02AF09A95660FF9
:10E54000771F881FDAF7880F9695879597F90895B2
:10E55000990F0008550FAA0BE0E8FEEF16161706F4
:10E56000E807F907C0F012161306E407F50798F05C
:10E57000621B730B840B950B39F40A2661F0232B75
:10E58000242B252B21F408950A2609F4A140A695F1
:10E590008FEF811D811D08950BD064C555D528F0DE
:10E5A0005AD518F0952309F046C54BC511248EC5E0
:10E5B0006AD5A0F3959FD1F3950F50E0551F629F48
:10E5C000F001729FBB27F00DB11D639FAA27F00DCC
:10E5D000B11DAA1F649F6627B00DA11D661F829FF3
:10E5E0002227B00DA11D621F739FB00DA11D621FD8
:10E5F000839FA00D611D221F749F3327A00D611DF5
:10E60000231F849F600D211D822F762F6A2F1124D6
:10E610009F5750408AF0E1F088234AF0EE0FFF1F29
:10E62000BB1F661F771F881F91505040A9F79E3F60
:10E63000510570F000C54AC55F3FECF3983EDCF32E
:10E64000869577956795B795F795E7959F5FC1F79D
:10E65000FE2B880F911D9695879597F908952F9217
:10E660003F924F925F926F927F928F929F92AF9262
:10E67000BF92CF92DF92EF92FF920F931F93CF93AF
:10E68000DF9300D000D000D01F921F92CDB7DEB72D
:10E690007C013B018A01FC0117821682838181FF84
:10E6A000D0C1CE0101965C01F7019381F30193FD86
:10E6B000859193FF81913F01882309F449C18532F7
:10E6C00039F493FD859193FF81913F01853221F4C7
:10E6D000B70190E022D4E8CF912C212C312CFFE11E
:10E6E000F31538F08B3211F190F4803209F1833256
:10E6F00029F137FC3CC020ED280F2A3050F536FEBA
:10E7000020C08AE0989E200D1124922E06C08D32E2
:10E7100091F0803371F7689430F8F30193FD85919F
:10E7200093FF81913F018111DACF21C0689431F8C4
:10E73000689432F8F2CF689433F8EFCF689434F8E5
:10E74000ECCFEAE02E9E200D1124222E689435F89D
:10E75000E4CF8E3229F436FCFBC0689436F8DDCF66
:10E760008C3619F4689437F8D8CF8836B1F2982FE0
:10E770009F7D95549330D8F0833691F18337B1F172
:10E78000833509F05EC02801F2E04F0E511CF801FC
:10E79000C080D180692D70E036FC02C06FEF7FEF42
:10E7A000C601A5D34C01689437F882010AC00C5FFA
:10E7B0001F4FFFE3F98388248394912C6501E8942B
:10E7C00037F833FE2AC0522C8114910459F5552094
:10E7D00009F46ACFB70180E290E09FD35A94F7CF53
:10E7E000F801808189830E5F1F4FE5CF2801F2E099
:10E7F0004F0E511CF801C080D180692D70E036FCAD
:10E8000002C06FEF7FEFC6017DD34C018201D7CFED
:10E81000B70180E290E081D32A942814190409F00A
:10E82000B8F7D1CFF60137FC859137FE81916F01A2
:10E83000B70190E072D351105A94F1E08F1A910809
:10E84000C3CF843619F0893609F073C0F80137FE5A
:10E8500067C060817181828193810C5F1F4FF32DAE
:10E86000FF763F2E97FF09C0909580957095619532
:10E870007F4F8F4F9F4F689437F82AE030E0A50113
:10E880007CD3C82ECA188C2C432C36FE0CC0E894BE
:10E8900040F8C91440F434FE05C032FC03C0F32D27
:10E8A000FE7E4F2E892C44FEA6C0FE01EC0DF11D0C
:10E8B0008081803309F098C0242D297E422E842D3A
:10E8C0008870582E43FCA5C040FE9FC09C2C82142B
:10E8D00018F42C0C922C981844FEA1C0B70180E3C8
:10E8E00090E01BD342FE08C088E790E041FE02C0E2
:10E8F00088E590E0B70111D3C91408F49CC0CA940C
:10E90000D12C9FEFC91AD90ACA0CDB1CF6018291DF
:10E910006F01B70190E001D3AC14BD04B9F757CF34
:10E9200060817181072E000C880B990B0E5F1F4FC1
:10E9300096CFD32CE894D4F82AE030E08537E1F183
:10E94000232D297FD22E8F36A9F1F0F4883551F18D
:10E95000F701868197812B960FB6F894DEBF0FBE24
:10E96000CDBFDF91CF911F910F91FF90EF90DF907E
:10E97000CF90BF90AF909F908F907F906F905F905F
:10E980004F903F902F900895803749F0883701F7D6
:10E99000D4FE02C06894D2F820E130E00DC0689443
:10E9A000D4F8F6CF34FE03C0822F8660D82E20E143
:10E9B00032E002C028E030E0F801D7FE0EC06081EE
:10E9C0007181828193810C5F1F4FA501D6D2C82E21
:10E9D000CA183D2CE89437F856CF6081718190E0D9
:10E9E00080E00E5F1F4FF1CF42FC02C0839467CFDF
:10E9F0008394839464CF842D867809F460CFF6CF16
:10EA0000B70180E290E089D283948214C8F3512C3C
:10EA100063CF522C5818821408F45ECFF8CF842D9F
:10EA2000867809F469CF8BE241FE80E247FC8DE2F3
:10EA3000B70190E060CFB70180E390E06ED29A9486
:10EA40005BCF8FEF9FEF87CF8F929F92AF92BF9256
:10EA5000CF92DF92EF92FF920F931F93CF93DF93AA
:10EA600000D000D000D0CDB7DEB76A01F22EB02EB4
:10EA7000102FFBE3AF2EA01608F41BE31F5F012F3E
:10EA800027E0AE014F5F5F4F57D1BC018981982FBE
:10EA90009970913009F44EC09BE2E1FC04C09E2DB8
:10EAA0009170E0FC49C05E2D5071E82FE87083FF43
:10EAB00055C084E0911101C083E0EF2DE81B8F1554
:10EAC00008F0E0E0D6018E2F20E25523C9F199230A
:10EAD00029F0D6019C93C60101966C0196012D5F29
:10EAE0003F4FE2FE33C08EE4D6018C9391E4119641
:10EAF0009C93119712968C93D9018E2F90E28111DD
:10EB00002AC0E20FF32FF11D10828EEF9FEF29969E
:10EB10000FB6F894DEBF0FBECDBFDF91CF911F912E
:10EB20000F91FF90EF90DF90CF90BF90AF909F90AC
:10EB30008F9008959DE2B7CF90E2B5CF2D9381508D
:10EB40008111FCCFCE0ED11CE0E0C1CF8EE6D60104
:10EB50008C9391E6CCCF9D938150D1CF482F4470B8
:10EB600082FF3DC084E0911101C083E08F1510F455
:10EB7000EF2DE81BD6018E2F20E2552309F19923B2
:10EB800029F0D6019C93C60101966C0196012D5F78
:10EB90003F4FE2FE1BC089E4D6018C938EE41196B0
:10EBA0008C93119786E412968C93D9018E2F90E264
:10EBB000882309F4A6CF9D938150FACF2D938150DD
:10EBC0008111FCCFCE0ED11CE0E0D9CF89E6D60171
:10EBD0008C938EE611968C93119786E6E4CF9B0179
:10EBE00077FF02C030E020E0A1E0B0E0911102C068
:10EBF000B0E0A0E0F9013196AE0FBF1F8B2C912C35
:10EC0000BB2009F461C05401EFEFAE1ABE0AAA0D91
:10EC1000BB1DFA161B0619F014F04F2D4A1B51119B
:10EC200088C0E3FC59C07601A42FB0E2A1114FC007
:10EC3000C40ED11C992309F45BC040E0D6011196A3
:10EC4000F60190836D01552309F448C0012F060F8A
:10EC50009A81582F507184FF03C0913309F40150F9
:10EC600010160CF047C0093008F008E0EEE2FE2E66
:10EC70005B01A01AB10885019194819491082F3FFE
:10EC8000320729F4D601FC92F60131966F01621722
:10EC9000730794F1021713077CF5DB01A21BB30B7A
:10ECA000AA24A394B12CAC0EBD1EAA0DBB1D1196B7
:10ECB0008C9121503109D601119628153905F4F0AF
:10ECC000F60180836D01DBCFB12CA12CA0CFF70121
:10ECD000B1937F01A150AACF9111B0CFD601942F4B
:10ECE00050E302C05D9391509111FCCFC40ED11C32
:10ECF00040E0ACCF01E0BACF80E3DBCF621773070F
:10ED000031F4963388F4953311F4552369F0F60104
:10ED10008083FD01842F90E2811108C0A40FB11DF2
:10ED20001C9290E080E0F3CE81E3F1CF919381508B
:10ED3000F3CF911183CF8ACF283008F027E0332713
:10ED4000DA01990F311D87FD91600096610571050B
:10ED500039F432602E5F3D9330E32A95E1F7089550
:10ED60009F3F30F080387105610509F03C5F3C5FE2
:10ED70003D93913008F08068911DDF93CF931F93EE
:10ED80000F93FF92EF92192F987F9695E92F969502
:10ED90009695E90FFF27EB53FE4F99273327EE2473
:10EDA000FF24A701E70105900894079428F4360F83
:10EDB000E71EF81E491F511D660F771F881F991FF8
:10EDC0000694A1F70590079428F4E70EF81E491F52
:10EDD000561FC11D770F881F991F661F0694A1F744
:10EDE0000590079428F4F80E491F561FC71FD11D20
:10EDF000880F991F661F771F0694A1F70590079447
:10EE000020F4490F561FC71FD81F990F661F771F81
:10EE1000881F0694A9F784911095177041F0D69534
:10EE2000C79557954795F794E7941A95C1F7EBE680
:10EE3000F1E0689415901591359165919591059043
:10EE40007FE27395E118F10A430B560BC90BD00909
:10EE5000C0F7E10CF11E431F561FC91FD01D7EF4E1
:10EE6000703311F48A95E6CFE894015030F0080F22
:10EE70000AF40027021708F4202F2395022F7A3373
:10EE800028F079E37D932A95E9F710C07D932A95C0
:10EE900089F6069497956795379517951794E11815
:10EEA000F10A430B560BC90BD00998F023957E91BC
:10EEB00073957A3308F070E37C932013B8F77E9152
:10EEC00070617D9330F0839571E37D9370E32A95B3
:10EED000E1F71124EF90FF900F911F91CF91DF91F7
:10EEE000992787FD90950895992788270895FC0113
:10EEF0000590615070400110D8F7809590958E0F65
:10EF00009F1F0895FC016150704001900110D8F7D7
:10EF1000809590958E0F9F1F08950F931F93CF9309
:10EF2000DF93182F092FEB018B8181FD09C01FEFA3
:10EF30000FEF812F902FDF91CF911F910F910895A7
:10EF400082FF14C02E813F818C819D812817390753
:10EF50003CF4E881F981CF0101969983888310837D
:10EF60008E819F8101969F838E83E3CFE885F9850B
:10EF7000812F1995892BA1F3DACFFA01AA2728301E
:10EF800051F1203181F1E8946F936E7F6E5F7F4F76
:10EF90008F4F9F4FAF4FB1E03ED0B4E03CD0670FF2
:10EFA000781F891F9A1FA11D680F791F8A1F911D45
:10EFB000A11D6A0F711D811D911DA11D20D009F495
:10EFC00068943F912AE0269F11243019305D3193D7
:10EFD000DEF6CF010895462F4770405D4193B3E0C0
:10EFE0000FD0C9F7F6CF462F4F70405D4A3318F067
:10EFF000495D31FD4052419302D0A9F7EACFB4E018
:10F00000A6959795879577956795BA95C9F70097CF
:10F010006105710508959B01AC010A2E0694579570
:10F02000479537952795BA95C9F7620F731F841FC7
:10F03000951FA01D089597F99F6780E870E060E034
:10F0400008959FEF80EC089500240A941616170681
:10F0500018060906089500240A94121613061406C9
:10F0600005060895092E0394000C11F4882352F02C
:10F07000BB0F40F4BF2B11F460FF04C06F5F7F4FE4
:10F080008F4F9F4F089557FD9058440F551F59F0CB
:10F090005F3F71F04795880F97FB991F61F09F3F85
:10F0A00079F087950895121613061406551FF2CFAE
:10F0B0004695F1DF08C0161617061806991FF1CFFE
:10F0C00086957105610508940895E894BB27662725
:10F0D0007727CB0197F90895F999FECF92BD81BDAD
:10F0E000F89A992780B50895262FF999FECF1FBA6F
:10F0F00092BD81BD20BD0FB6F894FA9AF99A0FBE61
:10F1000001960895DB018F939F9349D0BF91AF91F2
:10F11000A29F800D911DA39F900DB29F900D112471
:10F120000895A1E21A2EAA1BBB1BFD010DC0AA1F48
:10F13000BB1FEE1FFF1FA217B307E407F50720F060
:10F14000A21BB30BE40BF50B661F771F881F991FDB
:10F150001A9469F760957095809590959B01AC0124
:10F16000BD01CF010895052E97FB16F400940FD032
:10F1700057FD05D0D6DF07FC02D046F408C05095F5
:10F180004095309521953F4F4F4F5F4F0895909593
:10F190008095709561957F4F8F4F9F4F089509D04F
:10F1A000A59F900DB49F900DA49F800D911D1124DB
:10F1B0000895A29FB001B39FC001A39F700D811D50
:10F1C0001124911DB29F700D811D1124911D089570
:10F1D000991B79E004C0991F961708F0961B881FA9
:10F1E0007A95C9F780950895AA1BBB1B51E107C00A
:10F1F000AA1FBB1FA617B70710F0A61BB70B881FC7
:10F20000991F5A95A9F780959095BC01CD01089555
:10F2100097FB072E16F4009406D077FD08D0E4DFA4
:10F2200007FC05D03EF4909581959F4F0895709509
:10F2300061957F4F0895EE0FFF1F881F8BBF0790CA
:10F24000F691E02D19945058BB27AA270ED00ACF6B
:10F25000FBDE30F000DF20F031F49F3F11F41EF4AC
:10F26000F0CE0EF4E095E7FBE6CEE92F0CDF80F35D
:10F27000BA17620773078407950718F071F49EF5B3
:10F2800024CF0EF4E0950B2EBA2FA02D0B01B9015F
:10F2900090010C01CA01A0011124FF27591B99F00C
:10F2A000593F50F4503E68F11A16F040A22F232F18
:10F2B000342F4427585FF3CF469537952795A79568
:10F2C000F0405395C9F77EF41F16BA0B620B730B0F
:10F2D000840BBAF09150A1F0FF0FBB1F661F771F80
:10F2E000881FC2F70EC0BA0F621F731F841F48F435
:10F2F000879577956795B795F7959E3F08F0B3CFBB
:10F300009395880F08F09927EE0F979587950895A4
:10F310009BDE58F080E891E009F49EEF9CDE28F037
:10F3200040E851E059F45EEF09C08BCECECEE92F14
:10F33000E078A9DE68F3092E052AC1F326173707FE
:10F340004807590738F00E2E07F8E02569F0E02548
:10F35000E0640AC0EF6307F8009407FADB01B90123
:10F360009D01DC01CA01AD01EF9359D07BDE0AD0CB
:10F370005F91552331F02BED3FE049E450FD49EC1E
:10F3800063CF0895DF93DD27B92FBF7740E85FE3B0
:10F390001616170648075B0710F4D92F81D19F93E3
:10F3A0008F937F936F93FBD1E4EEF0E0FED05ADEB3
:10F3B0002F913F914F915F91FBD8DD2349F09058F9
:10F3C000A2EA2AED3FE049EC5FE3D0785D274DDF0C
:10F3D000DF9148CE49D180F09F3740F491110EF46F
:10F3E00075CE60E070E080E89FE3089526F01B167C
:10F3F000611D711D811DB0C0CAC0FED0E39523C13F
:10F400000CD030CE28DE40F01FDE30F021F45F3F1C
:10F4100019F011CE51115ACE14CE35DE98F399233E
:10F42000C9F35523B1F3951B550BBB27AA276217C8
:10F430007307840738F09F5F5F4F220F331F441F0D
:10F44000AA1FA9F333D00E2E3AF0E0E830D0915045
:10F450005040E695001CCAF729D0FE2F27D0660F32
:10F46000771F881FBB1F261737074807AB07B0E871
:10F4700009F0BB0B802DBF01FF2793585F4F2AF087
:10F480009E3F510568F0D7CD21CE5F3FECF3983E0B
:10F49000DCF3869577956795B795F7959F5FC9F7E4
:10F4A000880F911D9695879597F90895E1E0660F6D
:10F4B000771F881FBB1F621773078407BA0720F0E6
:10F4C000621B730B840BBA0BEE1F88F7E09508954F
:10F4D00004D06894B111FACD0895DDDD88F09F570E
:10F4E00090F0B92F9927B751A0F0D1F0660F771F90
:10F4F000881F991F1AF0BA95C9F712C0B13081F070
:10F50000E4DDB1E00895E1CD672F782F8827B85F5B
:10F5100039F0B93FCCF3869577956795B395D9F7D0
:10F520003EF490958095709561957F4F8F4F9F4FDA
:10F5300008959AD080F09F3740F491110EF0C6CD17
:10F5400060E070E080E89FEB089526F41B16611DD3
:10F55000711D811D01C01BC0882371F4772321F028
:10F560009850872B762F07C0662311F499270DC07A
:10F570009051862B70E060E02AF09A95660F771F15
:10F58000881FDAF7880F9695879597F908959F3F1A
:10F5900031F0915020F4879577956795B795880F4E
:10F5A000911D9695879597F90895DF93CF931F93B3
:10F5B0000F93FF92EF92DF927B018C01689406C05B
:10F5C000DA2EEF010E94D8F2FE01E894A591259170
:10F5D000359145915591A6F3EF0147DEFE01970164
:10F5E000A801DA9471F7DF90EF90FF900F911F91CF
:10F5F000CF91DF91089525CD4EDDE8F3E894E0E06A
:10F60000BB279F57F0F02AED3FE049EC06C0EE0F14
:10F61000BB0F661F771F881F28F0B23A6207730777
:10F62000840728F0B25A620B730B840BE3959A950A
:10F6300072F7803830F49A95BB0F661F771F881FCA
:10F64000D2F79048A6CFEF93E0FF06C0A2EA2AEDDA
:10F650003FE049EC5FEB09DE05DD0F90039401FC10
:10F660009058E1E1F1E0ABC016DDA0F0BEE7B917BC
:10F6700088F4BB279F3860F41616B11D672F782FCA
:10F680008827985FF7CF869577956795B11D9395F5
:10F690009639C8F308950E94A8F208F48FEF0895F0
:10F6A0009B01AC0160E070E080E89FE3A9CEF3DC51
:10F6B00058F19E5758F19851A0F0E9F0983020F594
:10F6C000092E9927660F771F881F991F0A94D1F773
:10F6D00012C0062E672F782F8827985F11F4000C30
:10F6E00007C0993FB4F38695779567959395D9F7B9
:10F6F000611D711D811D3EF49095809570956195F9
:10F700007F4F8F4F9F4F08956894E0CCDECC9F933E
:10F7100073DF0F9007FCEE5F96CF11F40EF491CCDF
:10F7200036CFB9DCD0F39923D9F3CEF39F57550BDD
:10F7300087FF3ED00024A0E640EA9001805856950D
:10F74000979528F4805C660F771F881F20F0261796
:10F750003707480730F4621B730B840B20293129CB
:10F760004A2BA69517940794202531254A2758F748
:10F77000660F771F881F20F026173707480730F4D9
:10F78000620B730B840B200D311D411DA09581F779
:10F79000B901842F9158880F9695879508959B01FC
:10F7A000AC010C94CCF20E94A8F2880B990B08953E
:10F7B00091505040660F771F881FD2F708959F938E
:10F7C0008F937F936F93FF93EF939B01AC010E9404
:10F7D000CCF2EF91FF91E9DE2F913F914F915F9134
:10F7E0000C94CCF29111089581548A5108F4805EF2
:10F7F000855A0895FB01DC0104C08D9101908019A8
:10F8000021F441505040C8F7881B990B0895FB0123
:10F81000DC0102C001900D9241505040D8F708958C
:10F82000DC0101C06D9341505040E0F70895FB01A9
:10F83000DC018D9181341CF08B350CF4805E61917C
:10F8400061341CF06B350CF4605E861B611189F32A
:10F85000990B0895FC018191861721F08823D9F72F
:10F86000992708953197CF010895FB01DC0101909C
:10F870000D920020E1F70895FB01DC01415050405A
:10F8800030F08D910190801919F40020B9F7881B90
:10F89000990B0895FC0181E090E00190061609F4AF
:10F8A000CF010020D1F7019708950F931F93CF93B5
:10F8B000DF93CDB7DEB72E970FB6F894DEBF0FBE3D
:10F8C000CDBF0E891F8986E08C831A8309838FEF51
:10F8D0009FE79E838D83AE01465E5F4F688D798D75
:10F8E000CE0101960E942FF32F813885020F131F3E
:10F8F000F80110822E960FB6F894DEBF0FBECDBF72
:10F90000DF91CF911F910F91089518E1C3ECD8E1D9
:10F9100000E005C0802FFE018EDC2196011DC43C55
:0CF92000D10780E00807B1F7F894FFCF92
:10F92C00FF05C0D40100640005020A00C800FFFFF7
:10F93C00FF64005555854264000000803FAA0064B6
:10F94C000101FF060101FFFFFF3F0000FF3F000028
:10F95C000000FF3F0101000000000000000000005B
:10F96C000000000000FA430000FA430000FA43557F
:10F97C00550543FFFF0000803F0000000000000021
:10F98C00000000000000000000000000000000006B
:10F99C00000000000000000000000000000000005B
:10F9AC00000000000000000000000000000000004B
:10F9BC00000000000000000000000000000000003B
:10F9CC00000000000000000000000000000000002B
:10F9DC0000000000000000000000000000FF00001C
:10F9EC00000000000000000000000000000000000B
:10F9FC0000000000000000000000000000000000FB
:10FA0C0000000000000000000000000000000000EA
:10FA1C0000000000000000000000000000000000DA
:10FA2C0000000000000000000000000000000000CA
:10FA3C00000000000000000000000000000000FFBB
:10FA4C0000000000000000000000000000000000AA
:10FA5C00000000000000000000000000000000009A
:10FA6C00000000000000000000000000000000008A
:10FA7C00000000000000000000000000000000007A
:10FA8C00000000000000000000000000000000006A
:10FA9C00000000000000000000000000000000005A
:10FAAC0000FF00000000000000000000000000004B
:10FABC00000000000000000000000000000000003A
:10FACC00000000000000000000000000000000002A
:10FADC00000000000000000000000000000000001A
:10FAEC00000000000000000000000000000000000A
:10FAFC0000000000000000000000000000000000FA
:10FB0C00000000FF0000A0408096184BFF00004052
:10FB1C004000004040000000000000404000004059
:10FB2C00400000000058595A450000C84100000030
:10FB3C00006666A6BF0000C07F0000C07F0000C04A
:10FB4C007FFF003C000100004040000034420000F8
:10FB5C000000000000000000000000005041000008
:10FB6C00000000000041640000006400000003007D
:10FB7C0000006400000064000000030000000300AB
:10FB8C000000030000001E000000000040400000C8
:10FB9C00404000000000010204080A005A005639D7
:10FBAC0030000A05062E01000800200040008000ED
:10FBBC000001000400002F504C520000004842008D
:10FBCC00004842000080400000004000000000E6B9
:10FBDC0074CC7501749474E97309738B73EE72A40D
:10FBEC0074A9737170F470F3702564002575002589
:10FBFC006C7500256C64004552520058595A00002F
:00000001FF
