:100000000C94B3170C94F3170C94F3170C94F31788
:100010000C94F3170C94F3170C94F3170C94F31738
:100020000C94F3170C94F3170C94F3170C94F31728
:100030000C94F3170C94F3170C94F3170C94F31718
:100040000C94F3170C94F7800C94F3170C94F3179B
:100050000C94F3170C94EE7F0C94F3170C9498D136
:100060000C94F3170C94FD530C94E9530C94F31770
:100070000C94F3170C94F3170C94F3170C94F317D8
:100080000C9480520C94F3170C94F3170C94F31700
:100090000C94BF530C94F3530C94F3170C94F31774
:1000A0000C94F3170C94F3170C9452520C94F3170E
:1000B0000C94F3170C94F3170C94F3170C94F31798
:1000C0000C94F3170C94F3170C94F3170C949553AA
:1000D0000C945F530C94F3170C94F3170C94F317D0
:1000E0000C94F317084AD73B3BCE016E84BCBFFD8E
:1000F000C12F3D6C74319ABD56833DDA3D00C77FF8
:1001000011BED9E4BB4C3E916BAAAABE0000008090
:100110003F05A84CCDB2D44EB93836A9020C50B91F
:10012000918688083CA6AAAA2ABE000000803F004B
:100130004E414E494E495459494E46CDCCCC3D0ACC
:10014000D7233C17B7D13877CC2B329595E6241FAF
:10015000B14F0A000020410000C84200401C462068
:10016000BCBE4CCA1B0E5AAEC59D7400407A10F33B
:100170005A00A0724E18090010A5D4E80000E876D5
:1001800048170000E40B54020000CA9A3B0000002C
:10019000E1F505000080969800000040420F000045
:1001A00000A08601000000102700000000E8030006
:1001B0000000006400000000000A000000000001D0
:1001C00000000000002C76D888DC674F0823DFC1D0
:1001D000DFAE59E1B1B796E5E3E453C63AE651998B
:1001E0007696E8E6C28426EB898C9B62ED407C6FB4
:1001F000FCEFBC9C9F40F2BAA56FA5F490055A2A6B
:10020000F75C936B6CF9676DC11BFCE0E40D47FE76
:10021000F520E6B500D0ED902E030094357705006B
:1002200080841E080000204E0A000000C80C3333F2
:1002300033330F986E12831141EF8D2114893BE601
:100240005516CFFEE6DB18D1844B381BF77C1D908A
:100250001DA4BBE424203284725E228100C9F124F3
:10026000ECA1E53D27434F4D4D554E49434154497F
:100270004F4E0044525952554E004552524F525320
:1002800000494E464F004543484F00627567666916
:10029000782D322E312E780057616E68616F2044C0
:1002A00039204D4B320053544F505045442E2000BE
:1002B0005072696E7465722073746F70706564201B
:1002C00064756520746F206572726F72732E20469C
:1002D000697820746865206572726F7220616E643F
:1002E00020757365204D39393920746F207265731C
:1002F000746172742E202854656D70657261747516
:1003000072652069732072657365742E205365745D
:1003100020697420616674657220726573746172FD
:1003200074696E67290A004E6F20436865636B73BA
:10033000756D2077697468206C696E65206E756DC7
:100340006265722C204C617374204C696E653A2092
:10035000004E6F20436865636B73756D2077697419
:1003600068206C696E65206E756D6265722C204C1C
:10037000617374204C696E653A2000636865636B35
:1003800073756D206D69736D617463682C204C61A9
:100390007374204C696E653A20004C696E65204E7E
:1003A000756D626572206973206E6F74204C617385
:1003B00074204C696E65204E756D6265722B312C10
:1003C000204C617374204C696E653A20004D3131C8
:1003D000300053657269616C2073746174757320A9
:1003E0006D69736D617463680A00534420726561BE
:1003F00064206572726F720A00746F6F206D75638E
:100400006820696E6163746976652074696D652022
:100410002D2063757272656E7420636F6D6D616EF1
:10042000643A20002121204B494C4C2063617573B4
:1004300065642062792000627573793A2070617575
:1004400073656420666F7220696E7075740A00624D
:100450007573793A2070617573656420666F7220D8
:10046000757365720A00627573793A2070726F63F2
:10047000657373696E670A00534420436172642098
:1004800072656164206572726F72004D3130303078
:100490005300506F776572204F7574616765004631
:1004A000696C616D656E742072756E6F7574204530
:1004B0002564004D363030002066696C616D656ED4
:1004C000745F72756E6F7574200066696C616D651E
:1004D0006E745F72756E6F757420540046696C613E
:1004E0006D656E7452756E6F7574205400506C6536
:1004F00061736520526573657400706F7765726F04
:100500006666004B494C4C45442E20005072696E83
:100510007465722068616C7465642E206B696C6C04
:1005200028292063616C6C6564210A006563686F2B
:100530003A004572726F723A0042696C696E656189
:1005400072204C6576656C696E6720477269643A03
:100550000A005072696E74204F626A002F2F616327
:1005600074696F6E3A006E6F74696669636174696D
:100570006F6E20006E6F74696669636174696F6E77
:10058000200070726F6D70745F00626567696E0045
:10059000656E640073686F7700627574746F6E00C7
:1005A000486F74656E6420746F6F20636F6C640AAB
:1005B000004D323453004D323320004739322E394A
:1005C0004500473146004731463630305A00473102
:1005D000463330303058004D31303650004D3130D8
:1005E0003953004D32303044004739322E395A00E9
:1005F0004D34323053004732385230585900473169
:10060000463630305A004739322E395A004739328F
:100610002E394530004D31303953004D313930538A
:10062000004D3432305330004F46460A0046616474
:1006300065204865696768742000426564204C65E0
:1006400076656C696E6720004661696C656420742C
:100650006F20656E61626C6520426564204C657632
:10066000656C696E670A00496E76616C6964206D1D
:100670006573682E0A0050726F62696E6720506F52
:10068000696E740025532025692F2569002E0A0004
:100690002F0050726F62696E67206D6573682070FD
:1006A0006F696E742000202844525952554E29001B
:1006B000473239204175746F20426564204C65765D
:1006C000656C696E67003F20284C2C522C462C42EA
:1006D00029206F7574206F6620626F756E64732EAB
:1006E0000A0020756E6974732F6D696E290A003FC8
:1006F00046656564726174652028532920746F6FA4
:10070000206C6F772E20285573696E6720003F2874
:1007100056296572626F7365206C6576656C206919
:100720006D706C61757369626C652028302D342999
:100730002E0A00426164205A2076616C75650A00B9
:100740004E6F2062696C696E6561722067726964C0
:100750000A007061757365640048656164206361B7
:100760006E6E6F74206265207061726B65640050FC
:100770006175736500496E736572742066696C619A
:100780006D656E7420616E64207072657373206293
:100790007574746F6E0A0052656865617420446FE9
:1007A0006E6500526568656174696E672E2E2E0055
:1007B00052656865617400486561746572205469AA
:1007C0006D656F7574005072657373206275747413
:1007D0006F6E20746F2068656174206E6F7A7A6C1A
:1007E000650A004E6F7A7A6C65205061726B6564A1
:1007F0000044697361626C6552756E6F7574005068
:10080000757267654D6F7265005061757365640040
:100810004C6F61642046696C616D656E7420540094
:100820004C6F61642046696C616D656E7400496E41
:10083000736572742066696C616D656E7420616E9B
:100840006420707265737320627574746F6E0A0031
:10085000726573756D656400526573756D696E6759
:100860000020496E76616C696420657874727564E5
:1008700065722000536C6565702E2E2E005B505DF6
:1008800061726B696E67207374796C652028302EF5
:100890002E34292E003F496E76616C696420005A1F
:1008A0002050726F62652050617374204265640A43
:1008B000005A2050726F6265205061737420426547
:1008C0006400473238004D65736820706F696E743C
:1008D000206F7574206F662072616E67650A006212
:1008E0006567696E00436F6E74696E7565004D30A3
:1008F0002053746F70004D312053746F7000436C3F
:1009000069636B20746F20526573756D652E2E2E92
:10091000004E6F204D6F76652E00456E642066692F
:100920006C65206C6973740A00426567696E2066A5
:10093000696C65206C6973740A004E6F206D656484
:1009400069610A00534420636172642072656C65BA
:10095000617365640A00526573756D696E67205333
:100960004400526573756D65005061757365205361
:100970004400286E6F2066696C65290043757272A9
:10098000656E742066696C653A20004E6F74205362
:1009900044207072696E74696E670A005344207057
:1009A00072696E74696E6720627974652000507296
:1009B000696E742074696D653A20007061757365A5
:1009C000006F6B004C696E653A20006F66660086AA
:1009D0000281027A027302650244454255473A0099
:1009E0004D3131322053687574646F776E004D312C
:1009F000313320530057616E68616F204439204DB8
:100A00004B32204F46462E0020732E0A00496E615D
:100A1000637469766974792074696D656F75742083
:100A20000020204D39322058002F2F002044002074
:100A3000204D32303020530020204D3230312058AC
:100A40000020450020204D32303320580020520035
:100A500020204D323034205000204A002054002005
:100A6000530020204D3230352042003F4A206F7520
:100A700074206F662072616E67652028302E3031D9
:100A800020746F20302E33290A0020204D3230365A
:100A900020580020580020204D61783A2000200086
:100AA00020204D696E3A2000203B200020204D324E
:100AB0003131205300250A0046523A0020466C6F1F
:100AC000773A20003A200020536572766F2000208C
:100AD0006F7574206F662072616E67650A005365DA
:100AE00072766F200050726F6265204F6666736584
:100AF00074205A0050726F6265204F666673657489
:100B0000205A0020440020490020204D333031205D
:100B1000500064697300656E0043290061626C6572
:100B20006420286D696E2074656D702000436F6CC1
:100B30006420657874727564657320617265200045
:100B4000203B20486F73742068616E646C696E6727
:100B5000200046696C616D656E742072756E6F75EC
:100B60007420004D34323120696E636F7272656398
:100B70007420706172616D65746572207573616750
:100B8000650A004D65736820706F696E74206F751B
:100B900074206F662072616E67650A004F66667327
:100BA000657473204170706C696564004D494E2F07
:100BB0004D415820546F6F2046617200546F6F2072
:100BC0006661722066726F6D204D494E2F4D4158FF
:100BD0000A00454550524F4D204F4B0A00203B0024
:100BE00020550020204D363033204C004F46460023
:100BF0004F4E00203B200020204D34313320530045
:100C00004D383400446F6E65207072696E74696E81
:100C1000672066696C650A004D3737004D33310037
:100C20004361703A00434F4E4649475F4558504F25
:100C30005254004D4541545041434B00434F4F4C9B
:100C400045525F54454D504552415455524500431D
:100C500048414D4245525F54454D504552415455CF
:100C600052450045505F424142595354455000425D
:100C70004142595354455050494E47004152435305
:100C8000004D4F54494F4E5F4D4F4445530054481B
:100C900045524D414C5F50524F54454354494F4E7D
:100CA00000455854454E4445445F4D32300043554D
:100CB00053544F4D5F4649524D574152455F555031
:100CC0004C4F4144004C464E5F5752495445004CEE
:100CD0004F4E475F46494C454E414D4500415554A6
:100CE0004F5245504F52545F53445F5354415455F3
:100CF000530053445F5752495445005245504541B3
:100D000054004D554C54495F564F4C554D4500537A
:100D100044434152440050524F4D50545F5355503C
:100D2000504F525400484F53545F414354494F4E23
:100D30005F434F4D4D414E445300454D455247454D
:100D40004E43595F50415253455200434153455F12
:100D50004C494748545F4252494748544E455353C3
:100D600000544F47474C455F4C4947485453005344
:100D70004F4654574152455F504F574552004255D8
:100D8000494C445F50455243454E54004C455645EE
:100D90004C494E475F44415441005A5F50524F42C4
:100DA000450052554E4F5554004155544F4C4556F1
:100DB000454C005052494E545F4A4F420050524FEA
:100DC0004752455353004155544F5245504F52548A
:100DD0005F54454D50004155544F5245504F525469
:100DE0005F504F5300564F4C554D455452494300A8
:100DF000454550524F4D0042494E4152595F464978
:100E00004C455F5452414E5346455200534552495A
:100E1000414C5F584F4E5F584F4646004649524D31
:100E2000574152455F4E414D453A4D61726C696E76
:100E3000206275676669782D322E312E782028530E
:100E4000657020313420323032362031353A31323B
:100E50003A31312920534F555243455F434F444562
:100E60005F55524C3A6769746875622E636F6D2FD7
:100E70004D61726C696E4669726D776172652F4D56
:100E800061726C696E2050524F544F434F4C5F5605
:100E9000455253494F4E3A312E30204D4143484937
:100EA0004E455F545950453A57616E68616F204412
:100EB00039204D4B32204B494E454D415449435307
:100EC0003A43617274657369616E20455854525596
:100ED0004445525F434F554E543A3120555549448D
:100EE0003A63656465326132662D343161322D3486
:100EF0003734382D396231322D63353563363266F9
:100F000033363766660047322F47332062616420EC
:100F1000706172616D65746572730A005A20507257
:100F20006F626520506173742042656400205A3AF4
:100F30000020593A0042656420583A004732384F41
:100F40000020286D6D2900203B00205A0020590008
:100F500020204D383531205800290A0020746F2098
:100F6000003F5A206F7574206F662072616E67654E
:100F7000202800290A0020746F20003F59206F7537
:100F800074206F662072616E6765202800290A0050
:100F900020746F20003F58206F7574206F66207298
:100FA000616E6765202800220A00656E717565759F
:100FB00065696E672022006F6B0A00526573656E6B
:100FC000643A20002569730025696D202569730046
:100FD0002569682025696D202569730025696420CD
:100FE0002569682025696D202569730025697920A8
:100FF000256964202569682025696D2025697300AD
:1010000020460020420020204D3130342053004340
:101010006F6F6C696E672E2E2E00453120255300B0
:1010200020573A0042656420436F6F6C696E672EEB
:101030002E2E004265642048656174696E672E2E0D
:101040002E0023646566696E652044454641554C13
:10105000545F005049442074756E696E6720646F58
:101060006E65004175746F74756E65206661696C9C
:101070006564212054696D656F75742E0041757427
:101080006F74756E65206661696C656421205465B6
:101090006D706572617475726520746F6F20686918
:1010A00067682E004175746F74756E65206661699E
:1010B0006C65642120426164206578747275646592
:1010C000722E00504944204175746F74756E65002E
:1010D0004B4420004B4920004B50200050494420F5
:1010E00074756E696E6720646F6E65002066696E48
:1010F0006973686564212050757420746865206C7C
:10110000617374204B702C204B6920616E64204BFE
:101110006420636F6E7374616E74732066726F6D9A
:101120002062656C6F7720696E746F20436F6E6606
:10113000696775726174696F6E2E680A0050494460
:10114000204175746F74756E6500206661696C6509
:1011500064212074696D656F75740A0050494420DC
:101160004175746F74756E65004175746F74756E3A
:1011700065206661696C6564212054696D656F75D1
:10118000742E00206661696C6564212054656D7061
:101190006572617475726520746F6F206869676825
:1011A0000A00504944204175746F74756E65005093
:1011B0004944204379636C65730025532025692FCA
:1011C000256900204B643A2000204B693A2000201A
:1011D0004B703A200020436C61737369632050495F
:1011E00044200A002054753A2000204B753A200014
:1011F000206D61783A2000206D696E3A20002064ED
:101200003A200020626961733A2000486561746980
:101210006E672E2E2E002073746172740A0050497E
:1012200044204175746F74756E65004175746F74F8
:10123000756E65206661696C6564212054656D700A
:101240006572617475726520746F6F206869676874
:101250002E00206661696C6564212054656D70659F
:1012600072617475726520746F6F20686967680AAF
:1012700000504944204175746F74756E6500504983
:1012800044204175746F74756E65003F2843297959
:10129000636C6573206E6F7420706C617573696226
:1012A0006C6520283E3D33292E0A00206661696C5A
:1012B00065642120426164206865617465722069FB
:1012C000640A00504944204175746F74756E65005E
:1012D000002002000000831E000001200200000028
:1012E000831E0000022002000000831E0000032075
:1012F00002000000831E000004200200000044548D
:101300000000052002000000471E0000062000002B
:101310000000241E0000072002000000F11D000054
:10132000082002000000051E000009200200000045
:10133000E93700000A2002000000821800000B209C
:1013400002000000531A00000E2002000000BB1D26
:1013500000000F2002000000A11D0000102002006C
:10136000000028550000112002000000FB5400007E
:10137000122002000000FB540000142002000000B4
:10138000D3540000152002000000E11D00001620CB
:1013900002000000701D00001720020000003B1D2D
:1013A00000001820020000007A1800001920020036
:1013B00000002D1C00001A20000000005243000015
:1013C0001B20000000006D2800001C20020000000F
:1013D0006E1800001D20020000005B1800001E2097
:1013E00002000000CF1C00001F20020000002D435F
:1013F0000000202002000000FE1B0000212002004F
:101400000000FE1B0000222002000000FE1B000066
:10141000232002000000BD1B000024200200000069
:1014200053180000252000000000B21B00002620F9
:1014300000000000024200002720020000001C43C0
:1014400000002820020000000843000029200200BC
:101450000000341800002A20020000007B1B00005E
:101460002B2000000000A64200002C2002000000FB
:10147000924200002D2002000000704200002E2049
:10148000020000006B1B00002F20000000002E183F
:10149000000020300200000000003A7C25302000CF
:1014A00000000000E37B4530200000000000E37BEB
:1014B0006530200000000000E37B85302000000044
:1014C0000000E37BA530200000000000E37BC53076
:1014D0000200000000008F7CC630200000000000E9
:1014E000AA7BE630020100000000AB84E8300F0167
:1014F000000000002195F730020100000000837910
:10150000BE310200000000006398F83002011102B1
:1015100000008F78F9300201000000007279FC3081
:101520000201F40700002578FD300201F8070000F1
:101530008F78FE300200000000005E79FF3002016B
:10154000A70D0000257800310201AB0D00008F7857
:1015500001310200000000005E7905310201000047
:101560000000527906310201210E0000BB770731DD
:101570000200090200003A7908310201000000006F
:101580006E7B0931020000000000487A223102001F
:101590008F060000707723310200910600007077FB
:1015A00024310200000000002679253102000A02E1
:1015B00000007077263102012F0A000025782731BC
:1015C0000201330A0000257828310201370A0000A1
:1015D000257829310200930600003A792A31020069
:1015E000000000005F7B2B310200000000000E793C
:1015F0002C3102000C02000070772D310401000034
:101600000000127A2F31040100000000D679313138
:101610000401000000009B7933311800980200009B
:10162000AD7A4B311800000000000A7B63311000D6
:101630008B020000AD7A7331020000000000EA71F5
:101640007431020000000000EB71753118000000D9
:101650000000E47A8D31180000000000D37AA53133
:10166000180000000000C27ABD3102000000000036
:1016700033980040020100000018F5780140200274
:1016800094065F1BF57A214002000802C07124779E
:101690002240020000007C24E67823400200000083
:1016A000B424DC780050020000000000837901506F
:1016B00000000000F517000000000000000000001E
:1016C00000004E6F7420616C6C6F776564207768E2
:1016D000696C652069646C65004E6F7420616C6C88
:1016E0006F77656420647572696E67207072696EC9
:1016F00074004E6F2053442043617264204465742B
:1017000065637465640043616E6E6F7420656E740A
:101710006572207375626469723A20004E6F2066AC
:10172000696C652073656C6563746564004D323562
:1017300000526573756D650055492050617573657C
:1017400000726573756D65004D323400436F6F6CC8
:10175000696E672E2E2E004D35303000473239002D
:10176000486F6D696E672072657175697265640096
:1017700054656D706572617475726520746F6F2049
:101780006C6F77004732385A004732385859004753
:10179000323858595A00486F6D696E672E2E2E00E8
:1017A000457865637574696E6720636F6D6D616EF2
:1017B000642E2E2E004D353030004D353032004D28
:1017C0003939390A4D323830503053313630004DC6
:1017D00035303000504944206175746F74756E69FE
:1017E0006E672E2E2E004D3330334325644525641D
:1017F0005325645531004265642050494420646992
:101800007361626C6564004D313030304300496E65
:1018100076616C6964207265636F766572792064A5
:10182000617461004D31303030004275737900BD14
:1018300031000033314B3163317331743175318D87
:1018400031A531000023400000224000002B312C44
:101850003121402D312F31313100002A310000017A
:1018600040000026312731283129310000FF3000A7
:1018700031243125310000223123310000FF3000B6
:1018800031FC30FD30083109310000FF300031FCFF
:1018900030FD300000063107310000053100000046
:1018A000400000FF3000310131FC30FD30FE3000DF
:1018B00000FF300031FC30FD300000FF300031FC13
:1018C00030FD30E630E830005000000031FD3000DF
:1018D00040F830F93006310000FF300031FC30FDB7
:1018E00030E630E830F730BE31000020302530459A
:1018F0003065308530A530C530C6300000FF30007F
:1019000031FC30FD30000002DC7C039298049E988C
:101910000A94A00B28A00CF49F0DC6760E05720F3A
:10192000FA711017A011DA9F13F07116EC71000014
:101930000001FD1802EB1803D91804CB1805BB18D9
:1019400006B11807A318089F18099B180B95180CC7
:101950008B180D7D180E77180F6D18106318115F16
:1019600018125B18134D181449181545181633181A
:10197000F92F1800000047305A3130004732380044
:101980004732380047305A300047305825645925CF
:10199000640047305A340047323800486F6D696E32
:1019A000672E2E2E0042757379004457494E20470A
:1019B00055492F4F532075706461746520726571AD
:1019C0007569726564002564782564782564002D46
:1019D000002D002D004D3530300050726F62696E61
:1019E00067206661696C65640050726F62696E673A
:1019F000207375636365737366756C0063616E63F2
:101A0000656C005072696E742041626F7274656417
:101A1000004469736D6973730055492041626F72A8
:101A2000746564006F70656E0054524947474552B3
:101A30004544003A200066696C616D656E74007AF9
:101A40005F6D696E00795F6D696E00785F6D696EBC
:101A5000005265706F7274696E6720656E6473748E
:101A60006F70207374617475730A0020746F6F2037
:101A70006C6F6E6720657874727573696F6E207015
:101A8000726576656E7465640A0020636F6C64200D
:101A9000657874727573696F6E2070726576656EA5
:101AA0007465640A00486F6D65202573204669726D
:101AB00073740000000000000000000000000057E8
:101AC00061726E696E673A20486F6D696E67204279
:101AD000756D702044697669736F72203C20310AFD
:101AE0000002020400009643000096430000C84331
:101AF0000000A0400000A0400000004053544F50A0
:101B00005045442E20005072696E746572207374C3
:101B10006F707065642064756520746F20657272E3
:101B20006F72732E20466978207468652065727222
:101B30006F7220616E6420757365204D39393920CC
:101B4000746F20726573746172742E202854656DF1
:101B50007065726174757265206973207265736552
:101B6000742E205365742069742061667465722038
:101B700072657374617274696E67290A00206572F8
:101B8000726F72202D207265737461727420776990
:101B90007468204D3939390A00424C546F756368B6
:101BA0000021212053544F502063616C6C656420E8
:101BB00062656361757365206F662000000096435F
:101BC000000096430000C843000000000000000031
:101BD00000000000454550524F4D207772697465F2
:101BE000206661696C65640053657474696E67731F
:101BF0002053746F72656400290A0020627974654D
:101C0000733B20637263200053657474696E67735D
:101C10002053746F726564202800204D61726C69D6
:101C20006E3D563930290A00454550524F4D2076B9
:101C3000657273696F6E206D69736D61746368207E
:101C400028454550524F4D3D00454550524F4D207F
:101C50006461746173697A65206572726F722E0AAD
:101C6000004572723A20454550524F4D2043524331
:101C700000202863616C63756C6174656429210AB6
:101C80000020213D2000454550524F4D20435243F6
:101C9000206D69736D61746368202D202873746FE3
:101CA000726564292000454550524F4D20436F72A4
:101CB000727570740A002053697A653A2000496E83
:101CC0006465783A200053746F726564207365749C
:101CD00074696E67732072657472696576656400F5
:101CE0002062797465733B206372632000207374F3
:101CF0006F7265642073657474696E6773207265B2
:101D000074726965766564202800454550524F4DD0
:101D10002072656164206661696C656400454550A8
:101D2000524F4D20496E697469616C697A65640A25
:101D300000454550524F4D20496E697469616C6988
:101D40007A656400454550524F4D20726573657445
:101D50000048617264636F64656420446566617500
:101D60006C742053657474696E6773204C6F616482
:101D700065640000009643000096430000A0400008
:101D800000C8410000A0420000A0420000C843007B
:101D900000C842B80B0000B80B000064000000103F
:101DA00027000024F4D43050C38D20C3A2411782F1
:101DB0008B7011127A900D826CDA0AA861E108C763
:101DC000586607615142061F4B5E05C145A6041BBC
:101DD000411204093D9703723931034136DB026633
:101DE000339202D4305302812E1D02642CEE017610
:101DF0002AC501B128A101102781018F2564012B7B
:101E0000244A01E1223401AD2120018D200C018101
:101E10001FFC00851EED00981DDF00B91CD200E7F5
:101E20001BC700201BBB00651AB200B319A9000A2A
:101E300019A0006A189800D217920040178A00B6BD
:101E400016840032167E00B41579003B157400C765
:101E5000146F0058146A00EE13660088136200269F
:101E6000135E00C8125B006D12570016125500C1B8
:101E700011510070114E0022114C00D61049008DF6
:101E80001046004710450002104200C00F4000807D
:101E90000F3E00420F3C00060F3A00CC0E39009373
:101EA0000E37005C0E3500270E3400F30D3200C1F2
:101EB0000D3100900D2F00610D2F00320D2D00050A
:101EC0000D2C00D90C2A00AF0C2A00850C28005DCF
:101ED0000C2800350C27000E0C2500E90B2500C44A
:101EE0000B2400A00B23007D0B22005B0B21003A8A
:101EF0000B2100190B2000F90A1F00DA0A1F00BB92
:101F00000A1E009D0A1D00800A1C00640A1C00486D
:101F10000A1C002C0A1B00110A1A00F7091A00DD1E
:101F2000091900C4091900AB091800930918007BAE
:101F3000091700640917004D09170036091600201B
:101F40000915000B091500F6081500E1081500CC6D
:101F5000081400B8081400A4081300910813007EA8
:101F60000813006B081200590812004708120035C8
:101F7000081200230811001208110001081000F1D6
:101F8000071100E0071000D0071000C0070F00B1D4
:101F9000071000A1070F0092070F0083070F0074BE
:101FA000070E0066070E0058070E004A070E003C99
:101FB000070E002E070D0021070D0014070D000766
:101FC000070D00FA060D00ED060C00E1060D00D429
:101FD000060C00C8060C00BC060C00B0060B00A5E1
:101FE000060C0099060B008E060B0083060B00788A
:101FF000060B006D060B0062060B0057060A004D2B
:10200000060A0043060B0038060A002E060A0024C2
:102010000609001B060A0011060A0007060900FE51
:10202000050A00F4050900EB050900E2050900D9DD
:10203000050900D0050900C7050800BF050900B65D
:10204000050900AD050800A50508009D05080095D7
:102050000509008C050800840508007C050700754B
:102060000508006D050800650507005E05080056B7
:102070000507004F05080047050700400507003920
:10208000050700320507002B050700240507001D82
:10209000050700160507000F0506000905070002E1
:1020A000050600FC040700F5040600EF040700E83D
:1020B000040600E2040600DC040600D6040600D094
:1020C000040700C9040500C4040600BE040600B8E5
:1020D000040600B2040600AC040600A6040500A134
:1020E0000406009B04050096040600900405008B7E
:1020F00004060085040500800405007B04050076C5
:10210000040600700405006B040500660405006108
:102110000405005C04050057040500520405004D49
:1021200004050048040400440405003F0405003A87
:1021300004040036040500310405002C04040028C2
:10214000040500230404001F0405001A04040016FB
:10215000040400120405000D040400090404000531
:1021600004040001040500FC030400F8030400F467
:10217000030400F0030400EC030400E8030400E49B
:10218000030400E0030400DC030400D8030400D4CB
:10219000030300D1030400CD030400C9030400C5F8
:1021A0000304000000000000000000000000000028
:1021B0000000000000000000000000D1036D640377
:1021C000570D0347C6023B8B023259022B2E0225C4
:1021D000090221E8011CCC011AB201179B011487E6
:1021E000011374011163010F54010E46010D3901F1
:1021F0000D2C010B21010A17010A0D010904010828
:10220000FC0008F40007ED0007E60007DF0006D930
:102210000006D30005CE0006C80005C30004BF00B9
:1022200005BA0004B60004B20004AE0004AA00041B
:10223000A60003A300049F00039C000399000396DB
:1022400000039300029100038E00028C00038900BA
:10225000028700038400028200028000027E0002E6
:102260007C00027A00027800027600017500027399
:1022700000027100017000026E00016D00026B002F
:10228000016A000268000167000265000164000144
:102290006300016200026000015F00015E00015DF9
:1022A00000015C00015B00015A0001590001580067
:1022B000015700015600015500015400015300016F
:1022C0005200015100005100015000014F00014E29
:1022D00000014D00004D00014C00014B00014A007F
:1022E000004A000149000148000048000147000180
:1022F000460000460001450000450001440001433E
:102300000000430001420000420001410000410082
:10231000014000004000013F00003F00013E00007E
:102320003E00013D00003D00013C00003C00013B3F
:1023300000003B00013A00003A000139000039007A
:102340000039000138000038000137000037000074
:102350003700013600003600003600013500003538
:102360000001340000340000340001330000330069
:102370000033000132000032000032000131000061
:102380003100003100003100013000003000003029
:1023900000012F00002F00002F00002F00012E0051
:1023A000002E00002E00012D00002D00002D000049
:1023B0002D00012C00002C00002C00002C00012B13
:1023C00000002B00002B00002B00012A00002A0037
:1023D000002A00002A00002A00012900002900002C
:1023E00029000029000128000028000028000028FA
:1023F0000000280001270000270000270000270018
:10240000002700012600002600002600002600000C
:1024100026000026000125000025000025000025DB
:1024200000002500002500012400002400002400F5
:1024300000240000240000240001230000230000E9
:1024400023000023000023000023000122000022BB
:1024500000002200002200002200002200002200D2
:1024600001210000210000210000210000210000C6
:102470002100002100012000002000002000002099
:1024800000002000002000002000002000011F00AC
:10249000001F00001F00001F00001F00001F0000A1
:1024A0001F000020436F756E7420583A0042656427
:1024B00000453100626564002C2073797374656D8A
:1024C0002073746F70706564212048656174657253
:1024D0005F49443A20004572723A204D41585445B4
:1024E0004D50004D415854454D50207472696767F6
:1024F000657265640048656174696E67204661694C
:102500006C65640048656174696E67206661696C1A
:102510006564004572723A204D494E54454D500055
:102520004D494E54454D5020747269676765726518
:102530006400544845524D414C2052554E4157413C
:102540005900546865726D616C2052756E617761D7
:102550007900202F002042403A0020403A002057C6
:102560003A000009121B242D363F48415A536C652E
:102570007E7719100B023D342F265158434A757C43
:10258000676E323B2029161F040D7A7368615E570F
:102590004C452B2239300F061D14636A7178474E63
:1025A000555C646D767F4049525B2C253E370801AF
:1025B0001A137D746F6659504B42353C272E111803
:1025C000030A565F444D727B60691E170C053A334F
:1025D00028214F465D546B627970070E151C232A23
:1025E00031384148535A656C777E09001B122D24FF
:1025F0003F3658514A437C756E671019020B343DC3
:10260000262F737A6168575E454C3B3229201F168E
:102610000D046A6378714E475C55222B3039060FE2
:10262000141D252C373E0108131A6D647F7649402E
:102630005B523C352E2718110A03747D666F505982
:10264000424B171E050C333A21285F564D447B72CE
:1026500069600E071C152A233831464F545D626BA2
:10266000707900002110422063308440A550C6607C
:10267000E770088129914AA16BB18CC1ADD1CEE13F
:10268000EFF13112100273325222B5529442F772B6
:10269000D662399318837BB35AA3BDD39CC3FFF38F
:1026A000DEE36224433420040114E664C774A444C6
:1026B00085546AA54BB528850995EEE5CFF5ACC5DF
:1026C0008DD55336722611163006D776F666955696
:1026D000B4465BB77AA719973887DFF7FEE79DD72F
:1026E000BCC7C448E5588668A77840086118022826
:1026F0002338CCC9EDD98EE9AFF9488969990AA97F
:102700002BB9F55AD44AB77A966A711A500A333AF5
:10271000122AFDDBDCCBBFFB9EEB799B588B3BBBCE
:102720001AABA66C877CE44CC55C222C033C600C85
:10273000411CAEED8FFDECCDCDDD2AAD0BBD688D1E
:10274000499D977EB66ED55EF44E133E322E511ED5
:10275000700E9FFFBEEFDDDFFCCF1BBF3AAF599F6E
:10276000788F8891A981CAB1EBA10CD12DC14EF10E
:102770006FE18010A100C230E32004502540467074
:102780006760B9839893FBA3DAB33DC31CD37FE39F
:102790005EF3B1029012F322D232354214527762C4
:1027A0005672EAB5CBA5A89589856EF54FE52CD56F
:1027B0000DC5E234C324A014810466744764245414
:1027C0000544DBA7FAB79987B8975FE77EF71DC77F
:1027D0003CD7D326F2369106B01657667676154664
:1027E00034564CD96DC90EF92FE9C899E9898AB9CF
:1027F000ABA94458654806782768C018E1088238B4
:10280000A3287DCB5CDB3FEB1EFBF98BD89BBBABDE
:102810009ABB754A545A376A167AF10AD01AB32A03
:10282000923A2EFD0FED6CDD4DCDAABD8BADE89D2E
:10283000C98D267C076C645C454CA23C832CE01C53
:10284000C10C1FEF3EFF5DCF7CDF9BAFBABFD98FBE
:10285000F89F176E367E554E745E932EB23ED10EA3
:10286000F01E7C3C3E5E2B3D3F2F5B5D3B2C2A22C5
:102870005C005761726E696E673A00534420436191
:10288000726420496E6974204661696C005344206B
:1028900063617264206F6B0A006F70656E526F6FB8
:1028A00074206661696C65640A00766F6C756D658D
:1028B0002E696E6974206661696C65640A004E6FEA
:1028C00020534420636172640A000A4D3234004D83
:1028D0003233202573002E0A006F70656E2066610A
:1028E000696C65642C2046696C653A200046696C09
:1028F000652073656C65637465640A002053697AAA
:10290000653A200046696C65206F70656E65643AB3
:102910002000454E4420535542524F5554494E4590
:102920000A002220706F73002220706172656E743D
:102930003A2200535542524F5554494E4520434187
:102940004C4C207461726765743A2200537562635F
:10295000616C6C204F766572666C6F7700457863AA
:102960006565646564206D617820535542524F550A
:1029700054494E452064657074683A002E0A00443C
:10298000656C6574696F6E206661696C65642C2086
:1029900046696C653A200046696C652064656C6523
:1029A0007465643A0057726974696E6720746F20A9
:1029B00066696C653A2000667265736800646F69C9
:1029C0006E67002066696C653A20004E6F772000C4
:1029D0002F6175746F25632E67002001400130015F
:1029E0003B01400136016001310170012C01900171
:1029F0002701B0012201C0011D01F00118011002E0
:102A0000130130020E016002090190020401C002AC
:102A1000FF000003FA004003F5008003F000D0033C
:102A2000EB002004E6007004E100E004DC00400557
:102A3000D700C005D2004006CD00D006C8008007F0
:102A4000C3003008BE00F008B900C009B400B00AE5
:102A5000AF00B00BAA00D00CA500000EA000500FD4
:102A60009B00C01096005012910000148C00C015FD
:102A70008700B0178200B0197D00D01B7800001EBF
:102A8000730040206E0090226900F024640040270B
:102A90005F0090295A00E02B5500102E5000203086
:102AA0004B0010324600E033410090353C001037B7
:102AB000370070383200A0392D00B03A2800A03B12
:102AC0002300603C1E00103D1900903D1400103E94
:102AD0000F00703E0A00C03E0500003F0000403F6E
:102AE000FBFF803FF6FFC03FF1FF2020506C616E7E
:102AF0006E657242756666657242797465733A20D6
:102B0000002046726565204D656D6F72793A200030
:102B100020436F6D70696C65643A20536570203195
:102B20003420323032360A00204C617374205570E4
:102B300064617465643A20323032362D30392D307C
:102B400038207C20417574686F723A2053796C325A
:102B500031202B20436C617564650A004D61726CF5
:102B6000696E206275676669782D322E312E780A7B
:102B70000020536F667477617265205265736574C7
:102B80000A00205761746368646F6720526573653B
:102B9000740A002042726F776E206F757420526540
:102BA0007365740A002045787465726E616C2052FA
:102BB000657365740A00506F77657255700A00730B
:102BC000746172740A004732385859004D31303000
:102BD00031006572726F722077726974696E672056
:102BE000746F2066696C650A00446F6E65207361BE
:102BF00076696E672066696C652E0A004D32390071
:102C0000456E6473746F707300255320256320250F
:102C10006320256320256300205A3A0020593A009A
:102C200020583A00656E6473746F7073206869741D
:102C30003A200000000A0B02090C0D0E08070304DD
:102C40000100000000000000000000000000000083
:102C50000000000000000000000000000000001262
:102C60001110000000000000000000000000000043
:102C700000000000000000000000486F6D696E67F2
:102C8000204661696C656400FFFFFF205A3A20000E
:102C900020793A200042656420583A200050726F33
:102CA00062696E67204661696C65640A0050726FE4
:102CB00062696E67204661696C65640043616E6E8F
:102CC0006F74206F70656E20737562646972200086
:102CD000524553554D45204F5054494F4E533A009D
:102CE00048656174696E672E2E2E000000436C6982
:102CF000636B20746F206865617400000052657317
:102D0000756D696E672E2E2E000000507572676912
:102D10006E672E2E2E0000004C6F6164696E672E68
:102D20002E2E000000496E7365727420616E64205F
:102D3000436C69636B000000436C69636B20746FC4
:102D400020636F6E74696E7565000000456A656387
:102D500074696E672E2E2E000000506C65617365DD
:102D600020776169742E2E2E0000005061726B690D
:102D70006E672E2E2E000000220A00556E6B6E6FBD
:102D8000776E20636F6D6D616E643A2022006F6B09
:102D90000057616E68616F204439204D4B322052DC
:102DA000656164792E005072696E74696E672E2EAB
:102DB0002E005072696E7420506175736564000056
:102DC000002200250028002B002E003100340002D4
:102DD000010000050108010B01000021002400276B
:102DE000002A002D0030003300010100000401071B
:102DF000010A010505050507050808080802020281
:102E0000020A0A0808040404040101010101010185
:102E1000010303030303030303040707070C0C0C5C
:102E20000C0C0C0C0C020202020606060606060634
:102E3000060B0B0B0B0B0B0B0B01021020200808D1
:102E4000102040102040800201020108040201010C
:102E500002040810204080804020100804020180F5
:102E6000040201804020100804020108040201014C
:102E70000204081020408001020408102040804510
:102E800072726F722077726974696E6720746F2036
:102E9000454550524F4D210A00DB0FC93F45BCDA72
:102EA0003F8FB30240FCF0274056946140FE4B9B9D
:102EB0004084A5D840E0231841346A5641E8599728
:102EC0004164DBD5416E271742B4B75542CE1A97FD
:102ED00042C8AED542B5885A43D40684BFA65FA780
:102EE000BF7443E0BF10B11AC01C2C58C0E8F6975D
:102EF000C0B849D6C04E4E17C124D355C1802497BF
:102F0000C1A0B5D5C1121A17C244AE55C2781797E1
:102F1000C26CACD5C267885AC320746F6F206C6FC7
:102F20006E6720657874727573696F6E2070726554
:102F300076656E7465640A0020636F6C6420657842
:102F400074727573696F6E2070726576656E7465E4
:102F5000640A0020453A00205A3A0020593A0058A5
:102F60003A00B7E499E411241FBECFEFD1E2DEBFEF
:102F7000CDBF00E00CBF84B78093931714BE0FB68B
:102F8000F894A89580916000886180936000109209
:102F900060000FBE14E0A0E0B2E0EEECF7EF01E05D
:102FA0000BBF02C007900D92AE3FB107D9F727E1E2
:102FB000AEEFB4E001C01D92A339B207E1F717E10B
:102FC000C2EBD7E100E006C021970109802FFE0186
:102FD0000E945AF8C13BD10780E00807A9F70E9478
:102FE0000CE60C94D6FB0C9400008091B5068F5F24
:102FF0008093B5068A3018F080EF809375090895A4
:10300000CF93FC01808191818115904429F5FB01CA
:10301000C1816C2F70E090E080E00E94AAF120E076
:1030200030E048EC52E40E949CFA18160CF4C4E616
:103030002C2F30E0AFEFB0E00E9418F824E630E02B
:1030400040E050E00E94F2F72F3F310519F010F0F8
:103050002FEF30E020937C14CF91089510923E071B
:1030600081E0809340070895FB0181818F3F19F033
:10307000882381F008952CE330E030930D022093F3
:103080000C028093B80685E08093080281E080936B
:103090004007089588EC90E090930D0280930C0215
:1030A0001092B806F0CFFB0181818093930681E0F6
:1030B000809340070895FB0180819181982789279B
:1030C0009827893C910510F088EC90E090930B02D2
:1030D00080930A0281E0809340070895FB0181817B
:1030E00091E0980F923028F48093100281E0809351
:1030F00040070895FB0181818093090281E080935C
:1031000040070895CF92DF92EF92FF92CF93DF9323
:10311000FB01C081D181DC27CD27DC27BE010D2E2C
:10312000000C880B990B0E94ACF16B017C0120E034
:1031300030E040E251E40E94A6F187FD0DC020E09E
:1031400030E04AEF53E4C701B6010E949CFA18161A
:103150002CF4C4EFD1E002C0CAE0D0E0D093120258
:10316000C093110281E080934007DF91CF91FF90DF
:10317000EF90DF90CF900895CF93DF93C091F80741
:10318000D091F90781E0CE31D105E4F020E030E0C4
:1031900040E05FE36091F4077091F5078091F607D6
:1031A0009091F7070E9475F80E94B9F96C1B7D0B8E
:1031B00077FF03C071956195710981E063307105F6
:1031C0000CF080E0DF91CF91089587FD26C081113A
:1031D00011C08091C10A2091C20A8217F1F0E22F3A
:1031E000F0E0EF53F54F828190E02F5F2F7720932F
:1031F000C20A0895813089F480913F0A2091400AE3
:10320000821759F0E22FF0E0E15CF54F828190E007
:103210002F5F2F772093400A08958FEF9FEF089537
:10322000CF93DF93DB01F9019C919130C1F0943091
:1032300080F094509C938830D1F4808191810097E4
:1032400071F0019791838083480F591FEA0118821A
:1032500006C08C3539F49C5F9C93943041F4DF9127
:10326000CF9108958B3339F781E08C93F8CF20818B
:103270003181B9016F5F7F4F71836083420F531FAC
:10328000EA018883808191818F3591056CF7E7CFC2
:103290000F931F9381E00091860D1091870D20916F
:1032A000880D3091890D4091820D5091830D609170
:1032B000840D7091850D041715072607370708F44C
:1032C00080E01F910F91089590E080E00895209193
:1032D000BF14833021F425FD0CC024FD0CC030E068
:1032E000A90102C0559547958A95E2F7CA018170F8
:1032F000089581E0089580E008950F931F93CF9380
:10330000DF93EC010AE719E0F80120813181428165
:103310005381688179818A819B810E9475F86883D5
:1033200079838A839B83F801248135814681578183
:103330006C817D818E819F810E9475F86C837D8375
:103340008E839F83F801208531854285538568856A
:1033500079858A859B850E9475F8688779878A8731
:103360009B87DF91CF911F910F910895809158060F
:1033700084FD0BC080915A0687FD07C090915B06C3
:10338000937081E019F480E0089581E008952FEBB7
:10339000280F2A3108F047C0E22FF0E0809158064C
:1033A00090915906A0915A06B0915B0604C0B6955B
:1033B000A795979587952A95D2F780FD02C08170D1
:1033C0000895E659FA4FE081EE2341F1809190098A
:1033D00090919109E80FF92FF11D808190ED980FE0
:1033E0009A3030F08E3251F4818180538A3098F4D3
:1033F000F0936105E093600581E008958D3211F04E
:103400008B3249F4818190ED980F9A3088F38E3297
:1034100011F48281EACFF0E0E0E0EACF109261059A
:1034200010926005E9CF80E00895B1DF882341F074
:1034300081E02091600530916105232B09F480E043
:1034400008950F931F93CF93DF93C82FD0E0FE0111
:10345000EE0FFF1FE95EFD4F71836083CC0FDD1F10
:10346000CC0FDD1F8E010B5A1D4F072E000C880B51
:10347000990B0E94ACF12AE037ED43E25CE30E9435
:103480000BF2CA5AD84F288139814A815B810E9448
:103490000BF2F8016083718382839383DF91CF9174
:1034A0001F910F910895FC01808191818B30904292
:1034B00059F4FB016081718176276727762780E0C8
:1034C000C0DF81E080934007089580915A07811101
:1034D0000EC020911D0230911E022150310981E061
:1034E0004091AB0D5091AC0D421753070CF080E0AA
:1034F00008958F929F92AF92BF92CF92DF92EF92F8
:10350000FF92FC01828158E5C52E52E0D52EC81AE3
:10351000D10887FDD394CC0CDD1CCC0CDD1C0D2C0C
:10352000000CEE08FF08818178E8872E912C881A1C
:10353000910887FD9394880C991C880C991C092C80
:10354000000CAA08BB0880818F3FD1F190E0FC01FC
:10355000EE0FFF1FE80FF91FE353F24F81819281B5
:1035600033E0880F991F3A95E1F7B0E0A0E044E01E
:10357000B595A795979587954A95D1F702969C01A1
:103580002F5F3F4F032E000C440B550B28193909B0
:103590004A095B09A4EBB0E00E940EF8A70196016E
:1035A000281939094A095B090E94F2F7C901FF90FD
:1035B000EF90DF90CF90BF90AF909F908F90089545
:1035C00090E080E0DCCF91E090935C069091D10098
:1035D00095FD0CC09091D00095FF08C08093D60057
:1035E0008091D00080648093D000089520915D0682
:1035F0002F5F2F720FB607FC27C090915E069213C3
:1036000028C09091D00095FF1EC090915E06409119
:103610005D06941306C09091D1009F7D9093D100D8
:1036200012C0E92FF0E0E35AF94F32819F5F9F7299
:103630003093D60090935E063091D0003064309382
:10364000D000491741F3D9CF90915E06921301C083
:10365000FBCFE0915D06F0E0E35AF94F82832093BF
:103660005D068091D10080628093D10008950F9310
:103670001F93CF93DF93EC01162F042F8AE5A3DF6E
:1036800085EAA1DF83E0800F9EDF812F9CDF8D2FF5
:103690009ADF8C2FDF91CF911F910F9194CF40E350
:1036A00055E760E070E08AE298E10C947A9940E393
:1036B00055E760E070E08AE298E10C947A99FC01A9
:1036C0004281442339F084819581009719F050E0BC
:1036D0000C9458FB0895CF93FB01C181C13031F4A4
:1036E0000E942598811104C0C0934007CF9108958E
:1036F0000E94E396F9CFCF93DF93EB010E94599993
:1037000081110AC040E355E760E070E08AE298E189
:10371000DF91CF910C947A99888199819827892794
:1037200098272091B8062F3F29F02223A9F0DF9196
:10373000CF9108958536910514F084E690E08530A8
:10374000910514F485E090E090930D0280930C02B3
:1037500081E080934007EBCF863F910584F385EFAE
:1037600090E0EDCFE4E9F6E081E2DF011D928A9579
:10377000E9F781E0809340070895CF93FB018091A2
:103780009306813029F050F1823019F1CF910895DC
:1037900060E070E080E89FE32181223069F118F554
:1037A000222319F09058213089F7C0E024E0C29F0D
:1037B000F0011124E15DF54F208131814281538177
:1037C0000E9475F84C2F0E949ECE81E080934007A6
:1037D000DDCF6DEC7CEC8CEC9DE3DECF60E070E047
:1037E00080E291E4D9CF243021F028F090582530A0
:1037F00069F6C2E0DBCF9058C1E0D8CFCF93DF931A
:10380000EC01FB0160817181762767277627072EFF
:10381000000C880B990B0E94ACF120E030E040E2F4
:1038200051E40E9451F9288139812132F0E23F07A9
:1038300049F0223240E2340771F02032304241F444
:1038400040E001C041E00E949ECE81E080934007AD
:10385000DF91CF91089542E0F6CF8F929F92AF9281
:10386000BF92CF92DF92EF92FF92CF93DF9380913E
:1038700078098770873091F040E355E760E070E0A9
:1038800080E697E1DF91CF91FF90EF90DF90CF90AE
:10389000BF90AF909F908F900C947A99EB010E940B
:1038A0005999811107C040E355E760E070E08AE272
:1038B00098E1E8CF8981833009F454C0B8F48130AD
:1038C00009F466C0C12CD12C60EFE62E61E4F62E1F
:1038D000823009F45AC0DF91CF91FF90EF90DF90D2
:1038E000CF90BF90AF909F908F900895843009F44F
:1038F00046C0C12CD12C97E8E92E93E4F92E812CF7
:10390000912C20EFA22E21E4B22E853021F720E069
:1039100030E040E850E46091370A7091380A8091B5
:10392000390A90913A0A0E9475F842E00E949ECEB0
:1039300040E0C501B4010E949ECE41E0C701B6013E
:103940000E949ECE42E060E070E0CB01DF91CF911B
:10395000FF90EF90DF90CF90BF90AF909F908F90AF
:103960000C949ECEC12CD12C40EFE42E41E4F42ED9
:10397000812C912C57E8A52E53E4B52EC8CFC12C2D
:10398000D12C37E8E32E33E4F32E46015701BFCFA5
:10399000C12CD12C86E1E82E83E4F82EF6CFCF930C
:1039A000DF93EB010E94599981110AC040E355E76A
:1039B00060E070E08AE298E1DF91CF910C947A990F
:1039C000809110028F5F8230E0F420E030E04AE224
:1039D00053E46091A70D7091A80D8091A90D90916D
:1039E000AA0D0E94A6F187FF07C040E355E760E0FB
:1039F00070E080E797E1E0CF8981882329F081306A
:103A000039F1DF91CF91089560910A0270910B0214
:103A100090E080E00E94AAF19B01AC0160913B0A1A
:103A200070913C0A80913D0A90913E0A0E9474F880
:103A300060933B0A70933C0A80933D0A90933E0A40
:103A400060E070E080E090E4DF91CF910C944B8FC8
:103A500060910A0270910B0290E080E00E94AAF14E
:103A600020913B0A30913C0A40913D0A50913E0A18
:103A70000E9475F8DDCFCF93DF93EB010E94599937
:103A8000811103C0DF91CF9112CE898190910902FB
:103A9000923029F09330C1F0DF91CF9108958823BF
:103AA00071F06DEC7CEC8CEC9DEB0E9440CF0E94A1
:103AB00041D10E946B9981E080934007EDCF6DEC7E
:103AC0007CEC8CEC9DE3F1CF882329F06AE077ED64
:103AD00083E29CEBEACF6AE077ED83E29CE3E5CFFB
:103AE000CF93DF93EB010E945999811103C0DF91BD
:103AF000CF91D5CD68817981762767277627072EE4
:103B0000000C880B990B0E94ACF120E030E048ECEF
:103B100052E40E9451F92091210E3091220E4091E1
:103B2000230E5091240E0E9474F80E9440CF0E94F0
:103B300041D10E946B9981E080934007DF91CF9142
:103B40000895FB018181882319F0813079F008956F
:103B50006AE077ED83E29CE30E9440CF0E9441D16E
:103B60000E946B9981E08093400708956AE077EDA9
:103B700083E29CEBF1CFFB0160817181762767279F
:103B80007627072E000C880B990B0E94ACF120E0E1
:103B900030E048EC52E40E9451F92091210E30911E
:103BA000220E4091230E5091240E0E9474F80E9420
:103BB00040CF0E9441D10E946B9981E080934007E1
:103BC0000895FB018181813031F0823039F081E04C
:103BD0008093400708950E940382F9CF0E94DB8101
:103BE000F6CFCF93FB01C181C13051F40E940B98F5
:103BF000811108C00E942598811104C0C09340071C
:103C0000CF910895CF910C94E396CF93FB01C1819E
:103C1000C13031F40E940B98811104C0C093400759
:103C2000CF91089541E357E168E377E184E00E9492
:103C3000C2CA82EB9DE20E946FC78DE297E190932A
:103C4000330980933209ECCF80910E0290910F02DC
:103C500097FF08C040E355E760E070E08CE197E132
:103C60000C947A990E94CEDB882381F080918A0D92
:103C700085FD0CC00E945999811101C010CD82E9C7
:103C800099E00E9499D283E0809375090895CF93BB
:103C9000DF93FB0181818130D1F040F0823019F156
:103CA00081E080934007DF91CF91089580918A0D44
:103CB00086FDF9CF1092B7061092B6068FEF9FEFF0
:103CC00090930F0280930E020E940DD2E9CF809153
:103CD000B6069091B706009731F301979093B70617
:103CE0008093B606DDCFC091B606D091B706269672
:103CF0000E9480DB8C179D07B0F28091B6069091F0
:103D0000B7060196EBCF1F93CF93DF93EC01FB0136
:103D10001181888199818130904289F480918A0D46
:103D200084FD0BC040E355E760E070E082EF96E170
:103D3000DF91CF911F910C947A990E94F6D18881DE
:103D400099818230904279F40E940B98882339F04F
:103D500040E355E760E070E089ED96E1E9CF0E942D
:103D600025988111F5CF888199818330904231F077
:103D700010937509DF91CF911F9108950E940B98C0
:103D80008111F6CF0E9425988111F2CF40E355E7CB
:103D900060E070E082EC96E1CBCFFC010190002066
:103DA000E9F79F0121503109281B390B2F333105C9
:103DB00040F4FC01E20FF31F60832E33310509F05C
:103DC00011820895CF93DF93EC0140E450E00E940C
:103DD000A0F0CE01DF91CF910895AB01BC014093DB
:103DE000860D5093870D6093880D7093890D8FED2C
:103DF00096E10C9491D6EF92FF920F931F93CF937D
:103E0000DF93CDB7DEB764970FB6F894DEBF0FBE71
:103E1000CDBF7C01FB0160817181828193818E0124
:103E20000F5F1F4F248141E00E94D2ECF701019007
:103E30000020E9F79F01215031092E193F092E3149
:103E4000310550F44FE150E0421B530BBC01C70158
:103E5000820F931F0E94EFF0C70164960FB6F8948B
:103E6000DEBF0FBECDBFDF91CF911F910F91FF90AD
:103E7000EF900895CF93DF93EC01FC0101900020B7
:103E8000E9F7CF0101978C1B9D0B8F33910540F40F
:103E900040E450E0481B590B8C0F9D1F0E94EFF02F
:103EA000CE01DF91CF910895EF92FF920F931F9370
:103EB000CF93DF93CDB7DEB764970FB6F894DEBF2C
:103EC0000FBECDBF7C01FB01608171818281938136
:103ED0008E010F5F1F4F248141E00E94D2ECBC0194
:103EE000C701C8DF64960FB6F894DEBF0FBECDBF22
:103EF000DF91CF911F910F91FF90EF9008950C9457
:103F000007C6682F70E090E080E00C94EEC68091C8
:103F1000600590916105009731F04AE050E070E053
:103F200060E00C9472EF60E070E0CB010895809146
:103F3000600590916105009731F04AE050E070E033
:103F400060E00C9445EE60E070E0CB010895EFDF97
:103F500097FD0AC0ECDF6F3F71058105910509F0FF
:103F60002CF4E5DF862F089580E008958FEF089503
:103F7000CF93C62F5ADA882311F0CF91E8CF8C2F38
:103F8000CF9108958091600590916105892B39F05A
:103F9000DEDF91E0811101C090E0892F089591E06A
:103FA000FCCFCF93DF93C82FD62F3FDA882319F0A9
:103FB000DF91CF91E7CF8C2FEAD9811101C08D2FEE
:103FC000DF91CF910895B3DFCB010895CF93DF93B5
:103FD000EB012BDA882319F0DF91CF91F4CFCE01DA
:103FE000DF91CF9108950F931F93CF938091600538
:103FF00090916105009709F1FC018F01C1912C2F6F
:104000002F7DA1F0C53431F0C53621F0C83511F04F
:10401000C83799F7F801108270E060E00E94EFEC79
:10402000F801C083CF911F910F91089570E060E077
:10403000CF911F910F910C94EFEC60E070E0CB01F9
:10404000F1CFCF92DF92EF92FF926A017B01EDD91F
:10405000882329F0FF90EF90DF90CF90C4CFC70165
:10406000B601FF90EF90DF90CF9008954F925F924E
:104070006F927F92AF92BF92CF92DF92EF92FF92B8
:104080000F931F93CF93DF938FE0A82E84E0B82E79
:104090000FE21AE0C6E4D7E09AE7C92E99E0D92EDC
:1040A000F12CF50181915F01C0D9882321F0809125
:1040B000DC09882351F0F80180819181A281B381CC
:1040C00088839983AA83BB8315C08DDF2B013C01B4
:1040D0008F2DFDD8882309F463C0F8012081318138
:1040E00042815381C301B2010E9475F868837983CC
:1040F0008A839B83F3940C5F1F4F2496F4E0CF0ECA
:10410000D11C83E0F812CDCF85E48FD9882309F440
:1041100051C069DF6B017C0183E0D9D8882371F03D
:1041200020913B0A30913C0A40913D0A50913E0A51
:10413000C701B6010E9475F86B017C01C09252075D
:10414000D0925307E0925407F092550740E050E0B8
:10415000BA0186E476DF20E030E0A9010E949CFAF3
:1041600018167CF440DF20E030E040E752E40E9483
:1041700051F9609313027093140280931502909387
:104180001602DF91CF911F910F91FF90EF90DF907A
:10419000CF90BF90AF907F906F905F904F900895B9
:1041A000F6012081318142815381C301B2010E9415
:1041B00074F89CCF80913B0A90913C0AA0913D0AF3
:1041C000B0913E0A8093520790935307A0935407EF
:1041D000B0935507BBCF80917409833018F046DF48
:1041E0000C94D3B00895EF92FF920F931F93CF9347
:1041F000DF93CDB7DEB72C970FB6F894DEBF0FBEB6
:10420000CDBF7C017F936F9387EE94E09F938F9354
:104210008E010F5F1F4F1F930F930E94A6FBB801E3
:10422000C70128DE0F900F900F900F900F900F9006
:104230002C960FB6F894DEBF0FBECDBFDF91CF91A5
:104240001F910F91FF90EF900895EF92FF920F93BF
:104250001F93CF93DF93CDB7DEB7A4970FB6F89433
:10426000DEBF0FBECDBFF82E8093DE098FE18F1524
:1042700008F489C08091DD09F81624F081E08F0DE3
:104280008093DD0981E090E00F2C02C0880F991F18
:104290000A94E2F7092E000CAA0BBB0B4091DF0930
:1042A0005091E0096091E1097091E209842395231E
:1042B000A623B72321E0892B8A2B8B2B09F420E03E
:1042C0002093DC09F7FC62C04FE150E062E575E045
:1042D0008E010F5F1F4FC8010E94A0F0F8010190EE
:1042E0000020E9F7CF010197801B910B8E319105DA
:1042F00060F420E2F801E80FF91F20838D31910569
:1043000021F08C0F9D1FFC0112828F2D0F2C000CB1
:10431000990B9F93FF9287EE94E09F938F937E017A
:10432000F0E2EF0EF11CFF92EF920E94A6FBF80163
:1043300001900020E9F7CF010197801B910B0F90AE
:104340000F900F900F900F900F908E31910548F4C1
:104350004FE150E0481B590BB701800F911F0E949D
:10436000EFF040E060E0C8010E940B97A4960FB602
:10437000F894DEBF0FBECDBFDF91CF911F910F919B
:10438000FF90EF9008951092DC099CCF0E943CCAE8
:10439000EDCFCF92DF92EF92FF92CF936B017C0132
:1043A000C42F8091C0148F5F09F4CEC08093C014D5
:1043B0008091C01480937A1520E030E040E752E409
:1043C000609113027091140280911502909116026F
:1043D0000E940BF20E94BEF97093D2146093D11424
:1043E00080911102909112029093D4148093D3146F
:1043F00080911702909118029093D6148093D5144F
:10440000C092D714D092D814E092D914F092DA1452
:1044100080917915C0FB80F98093791587E0ECEDE8
:10442000F9E0ABEDB4E101900D928A95E1F78CE0F3
:10443000E5E2F9E0A2EEB4E101900D928A95E1F790
:104440008CE0EAE7F9E0AEEEB4E101900D928A95D6
:10445000E1F78091DC079091791580FB94F99093B6
:104460007915882381F08091D8079091D907A09180
:10447000DA07B091DB078093FA149093FB14A093B2
:10448000FC14B093FD148091AB0D9091AC0D909302
:10449000FF148093FE148091F8079091F907909390
:1044A00001158093001580917C14809302158091F2
:1044B00079159091A80990FB83F9809379158091E3
:1044C000A9099091AA09A091AB09B091AC09809378
:1044D000031590930415A0930515B09306150E943B
:1044E000EF9460937415709375158093761590937F
:1044F00077158091BF14809378159091E30980918E
:10450000791593FB81F990915A0790FB82F980937A
:10451000791580E00E9488DF40E050E0BA0180E831
:1045200095E10E9491D64BEB50E060EC74E180E89D
:1045300095E10E94B3D780E895E1CF91FF90EF908D
:10454000DF90CF900C948A7D81E030CFAF92BF9204
:10455000CF92DF92EF92FF920F931F93CF935C0164
:104560006B018A01895F9A4F7C01DC01CC91C7FF06
:104570003DC0FB0111821082CF5FD701CC93CC30BC
:104580000CF053C08CE08A9DF0018B9DF00D11243E
:10459000CF018C0F911DC7FD9A952091150E2817FC
:1045A000190609F00CF441C0F60120813181FC01AB
:1045B000EE0FFF1FE80FF91FE353F24F8181928145
:1045C000820F931FD80111969C938E93808187FF51
:1045D0003DC061E08F77CF911F910F91FF90EF90D9
:1045E000DF90CF90BF90AF900C949CCF8CE08A9DD1
:1045F000F0018B9DF00D1124CF018C0F911DC7FD93
:104600009A952091150E2817190609F00CF4B4CFCD
:10461000FC01EE0FFF1FE80FF91FE353F24F8081FB
:1046200060E08F770E949CCFA7CFF60180819181B7
:1046300004968034FCE99F0710F480E49CE9D801DB
:1046400011969C938E938FEFF7018083CF911F91EA
:104650000F91FF90EF90DF90CF90BF90AF900895B3
:10466000AF92BF92CF92DF92EF920F931F93CF93AF
:104670005B01C42F122F62E80E94371BC5010E9404
:10468000B4F06C018C2F90E0C816D90630F5C11437
:10469000D10441F1CC19112381F0011111C010E0B6
:1046A00000E00C151D05F1F0F501E00FF11F8491FC
:1046B0000E94E31A0F5F1F4FF4CF10E0011107C0F3
:1046C0008C199D09969587951C2F181BC82FC150D2
:1046D00038F080E20E94E31AFACF6C01C0E0DFCF2D
:1046E000C12FDDCF10E2E11001C010E0C15020F079
:1046F000812F0E94E31AFACFCF911F910F91EF9073
:10470000DF90CF90BF90AF900895AF92BF92CF92BD
:10471000DF92EF920F931F93CF935B01C42F122F61
:1047200062E80E94371BF50101900020E9F73197FC
:104730006F01CA18DB088C2F90E0C816D90618F54F
:10474000C114D10429F1CC19112369F001110EC053
:10475000CA0CDB1CCA14DB04D9F0F50181915F019E
:104760000E94E31AF7CF10E0011107C08C199D09D0
:10477000969587951C2F181BC82FC15038F080E2E2
:104780000E94E31AFACF6C01C0E0E2CFC12FE0CF64
:1047900010E2E11001C010E0C15020F0812F0E9412
:1047A000E31AFACFCF911F910F91EF90DF90CF9046
:1047B000BF90AF900895EF920F93CF93DF93EC01EA
:1047C00089E79CE20E94EB98209749F0EE24E3945D
:1047D00001E021E040E2BE0180E291E196DF89E75D
:1047E0009CE2009781F0EE24E39401E021E040E2B6
:1047F000BC0180E491E134DF21E040E269E77CE242
:1048000080E691E12DDF60E083E00E941CC680918C
:104810003F07893F11F08093340281E0809376094D
:1048200089EF80937509DF91CF910F91EF900895F3
:10483000FF920F931F93CF93DF93F62E072F142F22
:1048400062E80E94371BCF2DD02F115020F08991A4
:104850000E94E31AFACFDF91CF911F910F91FF9041
:10486000089520ED32E1F90145915491411551052A
:1048700071F04817590741F4CB014AE050E0B90103
:104880000E947AF081E00895265F3F4F61F780E053
:104890000895CF93DF931F921F92CDB7DEB7853671
:1048A00008F084E6682F70E090E080E00E94ACF1B0
:1048B00020E030E04FE753E40E940BF220E030E0CC
:1048C00048EC52E40E9451F920E030E0A9010E9436
:1048D00075F80E94A8FA6093E4031A82198269832A
:1048E00042E0BE016F5F7F4F81EA90E0A1DF0F9051
:1048F0000F90DF91CF910895FB018181CADF0C9465
:104900006B99CF93DF931F921F92CDB7DEB7853699
:1049100008F084E680931F02682F70E090E080E04A
:104920000E94AAF120E030E04EEB52E40E940BF22C
:1049300020E030E048EC52E40E9451F920E030E001
:1049400040EA50E40E9475F80E94A8FA69836A83DD
:1049500042E0BE016F5F7F4F82E890E069DF0F9019
:104960000F90DF91CF910895FB018181CADF0C94F4
:104970006B996091E40370E090E080E00E94AAF1FE
:1049800020E030E048EC52E40E940BF220E030E0FE
:104990004FE753E40E9451F920E030E0A9010E9462
:1049A00075F80E94A8FA862F089580913C07882305
:1049B00021F080913B07811109C041E063E88FE05D
:1049C00090E00E94371B81E00C94E31A0895109246
:1049D000D0008091D00082608093D0001092D500EA
:1049E00080E18093D4008091D10080618093D100D8
:1049F0008091D10088608093D1008091D10080683F
:104A00008093D1008091D1008F7D8093D10010924E
:104A10005C06CBDF80913D07882321F081E0809305
:104A20004007089561E080E00C94FC98CF93DF93F9
:104A3000C091F807D091F907209729F16091F40708
:104A40007091F5078091F6079091F7070E94B9F9E8
:104A50006E5F7F4F24976C177D07ACF47093E0076F
:104A60006093DF070E94C2D0605A75418F4F9F4FFD
:104A70006093E1077093E2078093E3079093E40764
:104A8000DF91CF9108951092E1071092E207109202
:104A9000E3071092E407F4CF2F923F924F925F9278
:104AA0006F927F928F929F92AF92BF92CF92DF923E
:104AB000EF92FF920F931F93CF93DF93D62FC72FC1
:104AC000FC0180809180A280B380C501B40120E800
:104AD00031E541E050E00E94D0F7C9016DE671E098
:104AE0000E9433F86B017C01C501B40120E13EE076
:104AF00040E050E00E94D0F7CA01B90128E130E05F
:104B000040E050E00E94D0F7362E272E062F172FB8
:104B10008CE3482E512C612C712CC501B401A301EA
:104B200092010E94D0F7B62EA72ECA01B901A301A7
:104B300092010E94D0F7CB01C114D10479F1AF9258
:104B4000BF927F936F932F923F92FF92EF92DF92EB
:104B5000CF928CEE9FE09F938F93CF93DF930E9431
:104B60003FF18DB79EB70E960FB6F8949EBF0FBE5D
:104B70008DBF8D2F9C2FDF91CF911F910F91FF90B3
:104B8000EF90DF90CF90BF90AF909F908F907F90ED
:104B90006F905F904F903F902F900895E114F10433
:104BA000C9F0AF92BF927F936F932F923F92FF9283
:104BB000EF928CED9FE09F938F93CF93DF930E94B2
:104BC0003FF1EDB7FEB73C960FB6F894FEBF0FBEAF
:104BD000EDBFCFCF012BB9F0AF92BF927F936F9310
:104BE0002F923F9280ED9FE09F938F93CF93DF931F
:104BF0000E943FF18DB79EB70A960FB6F8949EBFFC
:104C00000FBE8DBFB6CF892BA9F0AF92BF927F9315
:104C10006F9388EC9FE09F938F93CF93DF930E94D5
:104C20003FF1EDB7FEB738960FB6F894FEBF0FBE52
:104C3000EDBF9FCFAF92BF9284EC9FE09F938F9385
:104C4000CF93DF930E943FF10F900F900F900F9042
:104C50000F900F908ECF8F929F92AF92BF92CF9274
:104C6000DF92EF92FF920F931F93CF93DF931092F7
:104C70008505109284052FE32093890510928805FD
:104C800010928705109286051092580610925906C8
:104C900010925A0610925B069C01F90190812F5FD9
:104CA0003F4F9032D1F39E34C9F4818190ED980F3B
:104CB0009A3020F08D3211F08B3281F432969F01C0
:104CC0002F5F3F4F808180538A3008F44CC09F0192
:104CD0002F5F3F4F8081803209F447C0F0939109E4
:104CE000E09390098F010F5F1F4FC0816AE270E06F
:104CF000C8010E947BFB009731F0FC013197808155
:104D00008032E1F31182CD3421F0C43511F0C73483
:104D1000E9F4D8018C910F5F1F4F8032D1F380539B
:104D20008A30A0F4C093890530E020E06AE0FD01FC
:104D300031968C9180532A3999E13907D0F030931C
:104D40008805209387058FE380938905DF91CF91B4
:104D50001F910F91FF90EF90DF90CF90BF90AF9099
:104D60009F908F900895F901AACFF901B0CFDF018C
:104D7000DECF293999E1390711F4863000F7629FB7
:104D8000A001639F500D11249A01280F311D8081CD
:104D900090ED980F9A3058F330938805209387054B
:104DA0008E3261F4129690E04AE0FD011196808106
:104DB00050ED580F5A30C0F090938605DF013196C0
:104DC0008C918032D9F3CD34F9F42E31310539F09C
:104DD00088F42731310519F02C313105A9F4B0934D
:104DE0008505A0938405B2CF949F800D112490ED8A
:104DF000980FDBCF2537310538F02737310578F3A9
:104E0000203AE3E03E0759F3D091900940E050E0AA
:104E1000BA0110E000E0C12CD12C7601C394FD0151
:104E200031968C91882309F47FC08132E1F4CD342E
:104E3000D1F420323105B9F4409358065093590605
:104E400060935A0670935B06F0938505E0938405A2
:104E500063E270E0CF010E947BFB009709F476CFFC
:104E6000FC01108273CF81548A3108F058C0DF01F1
:104E70009D91903291F0A0EDA90FAA30E8F09E32FA
:104E800071F4918190539A30B8F00115110519F41D
:104E90008F010150110990E013C0FD01E8CF9D3250
:104EA00011F09B3291F79181A0EDA90FAA3020F06B
:104EB0009E3259F79281E6CF9E2F9D1B309759F372
:104EC000A82FB0E04601570104C0880C991CAA1C09
:104ED000BB1C8A95D2F7482959296A297B29A659EA
:104EE000BA4F9C9380818154DF018A3108F497CFB7
:104EF000DF018191882309F492CF90ED980F9A30C9
:104F0000B8F393ED980F923098F38B3289F3CD017B
:104F10000196EC91E03209F082CFDC01F8CF011567
:104F2000110501F78D01DECF1093850500938405EF
:104F3000409358065093590660935A0670935B0647
:104F400005CFCF93DF93EC018991882319F00E945C
:104F500007C6FACF8DE00E9407C68AE0DF91CF91A5
:104F60000C9407C60C94EEC690917909992321F010
:104F7000682F80E00E94139380E008951F93CF93E1
:104F8000DF931BEBC0ECD4E1FE01812F11928A95D7
:104F9000E9F70E94E2D1882359F0FE0111921A9597
:104FA000E9F784EB94E0DF91CF911F910C94ADDF92
:104FB000DF91CF911F9108958091C014882361F0F3
:104FC00090917A15891308C080918A0D84FF04C0DE
:104FD00087E095E10C949ADD80E00895FC0123813F
:104FE00021110C948A7D0895CF93DF93C091AB0D6E
:104FF000D091AC0D209729F16091A70D7091A80D6B
:105000008091A90D9091AA0D0E94B9F96E5F7F4F12
:1050100024976C177D07ACF470930508609304081F
:105020000E94C2D0605C73468F4F9F4F609306080A
:10503000709307088093080890930908DF91CF9137
:10504000089510920608109207081092080810920E
:105050000908F4CFCF93DF93EC018991882319F0ED
:105060000E9407C6FACFDF91CF910895CF93C1E098
:1050700020E030E0A901609163077091640780919E
:105080006507909166070E94A6F1811101C0C0E0FA
:105090008C2FCF910895CF93C82F882319F0E6DF86
:1050A0008823C9F08091A8098C17A9F00E942D834C
:1050B0008FE29AE00E942A858091A80991E08927D1
:1050C0008093A809882321F08FE29AE00E940A8247
:1050D000CF910C942D91CF9108950E9459998111EF
:1050E00002C00C944F1B80E0D6DF0E946B9981E0D8
:1050F0008093400708954F925F926F927F928F92B4
:105100009F92AF92BF92CF92DF92EF92FF920F9356
:105110001F93CF93DF93EC0120915B0730915C07E5
:1051200040915D0750915E07688179818A819B81FA
:105130000E9474F86B017C0120915F073091600739
:1051400040916107509162076C817D818E819F81C2
:105150000E9474F84B015C01A7019601609148051B
:105160007091490580914A0590914B050E94A6F1E6
:10517000882309F45AC0C0924805D0924905E092AC
:105180004A05F0924B052091400530914105409130
:10519000420550914305C701B6010E940BF22B0155
:1051A0003C010E94EAF96B017C0120E030E0A9019A
:1051B0000E94A6F187FD7AC020E030E040E850E48C
:1051C000C701B6010E949CFA181634F4C12CD12CE8
:1051D000C0E8EC2EC0E4FC2EA7019601C301B20189
:1051E0000E9474F82B013C0120E030E0A9010E94EC
:1051F000A6F187FD5FC04092380550923905609254
:105200003A0570923B05C701B6010E94B9F9609357
:105210003605062E000C770B6F5F7F4F64307105EB
:1052200014F064E070E060933405D0913205109181
:105230003605A501940160914C0570914D05809152
:105240004E0590914F050E94A6F181113CC0D113EB
:1052500094C020911A0530911B0540911C05509176
:105260001D05609138057091390580913A0590913E
:105270003B050E940BF220911E0530911F054091C5
:105280002005509121050E9475F8DF91CF911F9163
:105290000F91FF90EF90DF90CF90BF90AF909F90D5
:1052A0008F907F906F905F904F900895C12CD12C7C
:1052B000760192CF109238051092390510923A0576
:1052C00010923B05A0CF80924C0590924D05A09284
:1052D0004E05B0924F05209144053091450540910F
:1052E000460550914705C501B4010E940BF24B01E0
:1052F0005C010E94EAF96B017C0120E030E0A90129
:105300000E94A6F187FDFDC020E030E040E850E4B7
:10531000C701B6010E949CFA181634F4C12CD12C96
:10532000B0E8EB2EB0E4FB2EA7019601C501B40155
:105330000E9474F84B015C0120E030E0A9010E945A
:10534000A6F187FDE2C080923C0590923D05A092B7
:105350003E05B0923F05C701B6010E94B9F96093BE
:105360003705062E000C770B6F5F7F4F6430710599
:1053700014F064E070E060933505C0913705D113F7
:1053800005C0809133058C1709F470C080913605F3
:105390009091370590933305809332050C2E000CC5
:1053A000DD0B25E01203C0011124FC01EC0FFD1FF1
:1053B000EE0FFF1FEE0FFF1FE559F84F20813181DF
:1053C0004281538120932E0530932F054093300561
:1053D0005093310500913505002E000C110BFC0196
:1053E000E00FF11FEE0FFF1FEE0FFF1FE559F84F03
:1053F00060817181828193810E9474F860932A0593
:1054000070932B0580932C0590932D0520913405E6
:1054100035E02303F0011124CE0FDF1FCC0FDD1F79
:10542000CC0FDD1FC559D84F288139814A815B8156
:10543000209326053093270540932805509329058E
:10544000E00FF11FEE0FFF1FEE0FFF1FE559F84FA2
:1054500060817181828193810E9474F8609322053A
:1054600070932305809324059093250580903C0537
:1054700090903D05A0903E05B0903F0520912A05F3
:1054800030912B0540912C0550912D05C501B4019B
:105490000E940BF220912E0530912F05409130058E
:1054A000509131050E9475F86B017C01C0921E0578
:1054B000D0921F05E0922005F0922105209122054F
:1054C000309123054091240550912505C501B40173
:1054D0000E940BF220912605309127054091280566
:1054E000509129050E9475F8A70196010E9474F851
:1054F00060931A0570931B0580931C0590931D05FE
:10550000A8CEC12CD12C76010FCF10923C05109261
:105510003D0510923E0510923F051DCFE8E4F5E0F1
:1055200080EF9FEFA9E7B4EC84839583A683B783CC
:1055300080839183A283B383E2E3F5E08DE98183E5
:10554000808308958F929F92AF92BF92CF92DF9205
:10555000EF92FF92FC0198E0A3E6B7E001900D9274
:105560009A95E1F788E0FB01ABE5B7E001900D9279
:105570008A95E1F7C0906307D0906407E0906507D3
:10558000F090660720E030E0A901C701B6010E9453
:10559000A6F18823E1F1A701960160E070E080E8C0
:1055A0009FE30E9451F96B017C0180906707909006
:1055B0006807A0906907B0906A0720E030E0A90171
:1055C000C501B4010E94A6F1882329F1A501940127
:1055D00060E070E080E89FE30E9451F9C0924005CE
:1055E000D0924105E0924205F09243056093440554
:1055F000709345058093460590934705FF90EF9083
:10560000DF90CF90BF90AF909F908F900895C12C66
:10561000D12C7601CACF60E070E0CB01DFCF8F9252
:105620009F92AF92BF92EF92FF920F931F93CF93EF
:10563000DF9310925F07109260071092610710923B
:10564000620710925B0710925C0710925D07109240
:105650005E07109267071092680710926907109210
:105660006A07109263071092640710926507109200
:1056700066070BE617E0C0E0812C912C80ECA82E89
:105680008FE7B82E7801D0E0F70181929192A19234
:10569000B1927F016D2F8C2F0E94CCA0DF5FD5309F
:1056A00099F7CF5F0C5E1F4FC53061F7DF91CF9147
:1056B0001F910F91FF90EF90BF90AF909F908F90B0
:1056C0000895EFE6F0E08081826080830895809104
:1056D0008A0990918B09892B79F480918A0990919C
:1056E0008B09892B49F420918A0930918B0981E03B
:1056F000232B19F480E0089581E00895CF93DF9380
:10570000EC01FE0184912196882319F00E947F1FED
:10571000F8CFDF91CF910895CF93DF93EB01EEDFC8
:10572000CE01DF91CF9196CCCF92DF92EF92FF9294
:105730006A017B01E3DF42E0C701B601FF90EF9011
:10574000DF90CF900C9482C782E395E0D7CF8CE2B4
:1057500095E0D4CF8AE00C947F1F0F931F93CF93D3
:105760008C01C62F80E29CE0C9DFC801C7DF8AE355
:105770000E9407C680E38C0F0E947F1FCF911F916C
:105780000F91E8CFCF938CE19EE0B8DFE3DFE091AB
:105790005A0282E6E89FF0011124E354FD4FC081D4
:1057A00060E08CE09EE0D9DF60E087EF9DE0D5DF30
:1057B00061E080EF9DE0D1DF61E085EE9DE0CDDF2F
:1057C00060E086ED9DE0C9DF61E086EC9DE0C5DF2D
:1057D00060E08DEB9DE0C1DF61E083EB9DE0BDDF2C
:1057E00061E089EA9DE0B9DF61E082EA9DE0B5DF32
:1057F00061E08AE99DE0B1DF61E08CE89DE0ADDF2A
:1058000060E08EE79DE0A9DF60E08FE69DE0A5DF28
:1058100060E081E69DE0A1DF60E08BE49DE09DDF3C
:1058200060E08AE39DE099DF61E085E29DE095DF3D
:1058300061E086E19DE091DF61E08FE09DE08DDF3A
:1058400060E082E09DE089DF60E08BEF9CE085DF37
:1058500061E082EF9CE081DF60E08DED9CE07DDF28
:1058600060E08FEC9CE079DF60E085EC9CE075DF28
:1058700060E08EEA9CE071DF60E081EA9CE06DDF31
:1058800061E08EE89CE069DF60E081E89CE065DF34
:1058900061E08CE79CE061DF61E08FE69CE05DDF2A
:1058A00060E083E69CE059DF60E08FE49CE055DF38
:1058B00060E08CE39CE051DFC7FD1AC060E080919E
:1058C0007C1590917D15CC2339F0C13089F461E0CD
:1058D00080917E1590917F150E946419682F6170E8
:1058E00083E39CE03ADF60E085E29CE0CF9135CF36
:1058F00080E0F4CFCF92DF92EF92FF926A017B01BA
:10590000FDDEC701B6010E9456C7FF90EF90DF9001
:10591000CF9020CF0F931F93CF93883038F5082F67
:10592000082E000C110BC0917B1591E001C0990F5E
:105930008A95EAF790937B150E9473C787E6809F4C
:10594000F001819FF00D1124E657FA4F40815181FB
:10595000628173814F5F5F4F6F4F7F4F8BEB9FE093
:10596000C9DF87EB9FE0CADEC0937B15CF911F9103
:105970000F910895EF92FF920F931F93CF93DF93B0
:105980007C01C62F062F062E000C110B80E068301C
:1059900028F481E001C0880F6A95EAF7D0917B1561
:1059A00080937B15D1DE87E6809FF001819FF00D0B
:1059B0001124E657FA4F4081518162817381C701FA
:1059C00099DF8C2F0E94E5180196D9F78C2FA2DF62
:1059D00087E6809FF001819FF00D1124E657FA4F72
:1059E00015821482D0937B15DF91CF911F910F9177
:1059F000FF90EF900895CF92DF92EF92FF926A01AD
:105A00007B017CDE42E0C701B6010E9482C7FF90A5
:105A1000EF90DF90CF909ECECF93DF93EB016EDEC1
:105A2000CE016CDEDF91CF9195CE0F931F93CF9374
:105A3000DF938C01D62FC0917B158FEF80937B1560
:105A40008CE595E05BDEC80159DED11183DEC093A1
:105A50007B15DF91CF911F910F9108950F931F93A5
:105A6000CF93DF938C01D62FC0917B158FEF80935E
:105A70007B1560E082E895E0D8DFC8013FDED111F8
:105A800069DEC0937B15DF91CF911F910F9108952F
:105A9000EF92FF921F93CF93DF937C0160E089E93F
:105AA00095E0DCDFCBE7D5E118818FEF888380E2DA
:105AB0000E947F1FC70122DE4DDE1883DF91CF9148
:105AC0001F91FF90EF90089561E084E995E0C6CFC3
:105AD00061E080E995E0C2CF0F931F93CF93DF93EE
:105AE000D82F8B01C42FF4DFD0938C0960E08AE8B3
:105AF00095E0B4DFD0917B158FEF80937B1580E22A
:105B00000E947F1FC801FADDCC2319F08C2F0E9460
:105B10007F1F20DED0937B15DF91CF911F910F91D6
:105B2000089540E0BC0182E0D7DF85EE98E0B0DF69
:105B3000CBCFEF92FF921F93CF93DF937C01CBE704
:105B4000D5E118818FEF888360E084E795E06DDF11
:105B5000C701D4DDFFDD1883DF91CF911F91FF9046
:105B6000EF9008952F923F924F925F926F927F92A3
:105B70008F929F92AF92BF92CF92DF92EF92FF925D
:105B80000F931F93CF93DF93CDB7DEB7C854D109DE
:105B90000FB6F894DEBF0FBECDBF70E060E085E4C5
:105BA0000E94E61F811125C065E070E083E40E9439
:105BB000E61F8C0103970CF047C08BE892E1C85BAD
:105BC000DF4F0FB6F894DEBF0FBECDBFDF91CF9190
:105BD0001F910F91FF90EF90DF90CF90BF90AF900B
:105BE0009F908F907F906F905F904F903F902F90FD
:105BF00085CD83EC92E182DD8BEA92E17FDD40E3AB
:105C000055E760E070E084EA90E10E947A9960E0F4
:105C100083E0C85BDF4F0FB6F894DEBF0FBECDBF89
:105C2000DF91CF911F910F91FF90EF90DF90CF9078
:105C3000BF90AF909F908F907F906F905F904F90AC
:105C40003F902F900C941CC683E50E94151A882360
:105C500009F457C00E94E31F9E838D8360E085E5B1
:105C60000E94D11F8FAF8EE792E10E946FC70AA7F3
:105C7000033064F10E94C2D06F87788B898B9A8B36
:105C800040E355E760E070E083EC90E10E947A9990
:105C900060E083E00E941CC64D815E81463F510555
:105CA000ACF181E792E12ADD82E592E127DD40E374
:105CB00055E760E070E08DE790E10E947A9960E03E
:105CC00083E00E941CC68BE292E133DFC85BDF4FAA
:105CD0000FB6F894DEBF0FBECDBFDF91CF911F91FD
:105CE0000F91FF90EF90DF90CF90BF90AF909F907B
:105CF0008F907F906F905F904F903F902F900C947B
:105D00003CCA24EB30E03E832D83A8CF4D805E80DB
:105D1000B201550C880B990B0E94ACF16B8B7C8BFC
:105D20008D8B9E8B2F85388949895A89205C334613
:105D30004F4F5F4F29AF3AAF4BAF5CAF8EE192E16F
:105D4000DDDC86E192E1DADC0E9425808FE780933A
:105D5000AD0D8BE092E10E946FC781E08093310925
:105D60008F849888A988BA8888AA99AAAAAABBAA5F
:105D70001AA21BA21CA21DA21EA21FA218A619A62F
:105D800019861A861B861C86FFE7CF2ED12CE12CA4
:105D9000F12C198230E43F8B4CE1488F56E4598F47
:105DA0001A8E1B8E1C8E1D8EAFE74A2E512C612C35
:105DB000712C4E8E5F8E68A279A21CAA1DAA1EAA03
:105DC0001FAA18AE1CA61DA61EA61FA621E02BA763
:105DD0001E861D86212C312C00E010E04AA4042CE4
:105DE000000C55085EAE4DAE8D819E814E962C0105
:105DF000990F6608770824964CAE5DAE6EAE7FAE06
:105E000024972D813E812E5131092901052C000C4A
:105E10006608770828964CAE5DAE6EAE7FAE2897CA
:105E200080913109882391F10E94C2D06D837E83D5
:105E30008F8398875090EF0729965FAE299751106E
:105E400028C00E94E19D24966CAD7DAD8EAD9FADC6
:105E500024970E94ACF19101A8010E94A6F187FF4E
:105E60009DC082EA91E14ADC83E891E147DC40E3AE
:105E700055E760E070E08DE790E10E947A9960E07C
:105E800083E00E941CC68BE292E153DE0E942580D3
:105E9000A2C10E9411AD1092EF070E94E19D2090D7
:105EA000A70D3090A80D0091A90D1091AA0D2A8D73
:105EB0003B8D4C8D5D8DB101C8010E949CFA181676
:105EC00024F42A8E3B8E0C8F1D8F29813F89488DAB
:105ED000598DB101C8010E94A6F187FF04C0298233
:105EE0003F8A088F198F6BA49101A8016B897C8967
:105EF0008D899E89662009F47DC10E94A6F187FFE5
:105F0000A2CF4D815E816F817885481959096A0950
:105F10007B09483B2BE052076105710508F493CFDC
:105F2000D701C6014E8C5F8C68A079A084199509B1
:105F3000A609B709B595A795979587958093AD0D57
:105F40004CA75DA76EA77FA75B885A8E6C886B8E67
:105F50007D887C8E4E884D8E4D805E806F807884EB
:105F60004F86588A698A7A8A1BA66DCF5BEEC52E4A
:105F7000D12CE12CF12CA7C134E1432E512C612C02
:105F8000712C44E1C42ED12CE12CF12CA8C12601A6
:105F90003701CE8CDF8CE8A0F9A05CC288A999A952
:105FA000AAA9BBA94D805E806F8078848419950969
:105FB000A609B709181619061A061B060CF446C0DE
:105FC00080E00E941DA6C6DBA30192012053384F3A
:105FD0004F4F5F4F28AB39AB4AAB5BAB4CA841107E
:105FE00080C02DA93EA94FA958ADB101C8010E949A
:105FF0009CFA18160CF05BC020E030E040E050E462
:10600000B101C8010E9475F86DAB7EAB8FAB98AF44
:106010002D813E814F815885205C33464F4F5F4F25
:1060200029AF3AAF4BAF5CAF20E030E040EC50E43A
:106030006B897C898D899E890E9474F89101A801E1
:106040000E94A6F1881F8827881F8CAB8F859889AE
:10605000A989BA8988169906AA06BB0610F4D50143
:10606000C4014D805E806F807884481A590A6A0A9C
:106070007B0AD301C20181389F44A241B10508F4D3
:1060800045C040E355E760E070E083E690E10E94A0
:106090007A9960E083E00E941CC689E691E149DDBF
:1060A0008CE591E12BDB8AE491E128DBEFCE89AD31
:1060B0009AADABADBCAD4D805E806F8078848419A5
:1060C0009509A609B70945EF54E264E075E2181690
:1060D00019061A061B060CF4B9CF80E00E94B8AB73
:1060E000B5CF28966CAD7DAD8EAD9FAD28970E9443
:1060F000ACF19B01AC01B101C8010E94A6F187FF80
:10610000A5CF42E355E262E475E2E7CF4DAC5EAC69
:106110006D847E84461457040CF082CE8DE391E1A9
:10612000EDDA8CEE90E1EADA8CED90E102DD82E4CA
:1061300090E1E4DA49855A856B857C8588ED90E1AC
:106140005ADC82E490E1DADA4EA15FA168A579A574
:1061500084ED90E150DC82E490E1D0DA4AA15BA1C9
:106160006CA17DA180ED90E146DC7FAC772099F1B8
:1061700049845A846B847C844092BF0D5092C00D38
:106180006092C10D7092C20D21E732EB47E25EE3EF
:106190006EA17FA188A599A50E940BF26093C30D03
:1061A0007093C40D8093C50D9093C60D21E732EB1B
:1061B00047E25EE36AA17BA18CA19DA10E9451F9F7
:1061C0006093C70D7093C80D8093C90D9093CA0D4D
:1061D00081E08093AE0D1092310940E355E760E015
:1061E00070E083E590E10E947A9960E083E00E948C
:1061F0001CC66CCD0E949CFA18160CF024CE4D8063
:106200005E806F8078842F85388949895A89421A3F
:10621000530A640A750A38EB43163BE053066104DF
:10622000710408F410CE4D855E85452B09F4AFCE80
:106230006CA57DA58EA59FA5640D751D861D971D5A
:106240000E94ACF14B015C0120E030E0A9010E940A
:10625000A6F1882311F16CA57DA58EA59FA56419D3
:106260007509860997090E94ACF12B013C016E8DDE
:106270007F8D88A199A10E94ACF19B01AC01C30163
:10628000B2010E940BF2A50194010E9451F90E94F3
:10629000A8FAC60ED71EE81EF91E54E1C516D10491
:1062A000E104F1040CF468CE8CEEC816D104E104CC
:1062B000F1040CF05BCE2601370190E8C916D10439
:1062C000E104F10464F0260137012EEF30E040E0F4
:1062D00050E02C193D094E095F0969017A01B301AB
:1062E000A20183E092E10E94CC80B701A6018EEF6B
:1062F00091E10E94CC8049815F89688D798D87EF1B
:1063000091E112DA4A8D5B8D6C8D7D8D80EF91E18C
:106310000BDA4D855E85433051050CF49BC0298115
:106320003F89488D598D6A8D7B8D8C8D9D8D0E9406
:1063300074F869837A838B839C832FE632E143E888
:106340005AE30E949CFA18160CF084C0C701B601EB
:106350000E94ACF120E030E040E850E40E940BF2F3
:1063600069877A878B879C872BED3FE049E450E46F
:1063700069817A818B819C810E940BF220E030E060
:1063800040E05FE30E940BF29B01AC0169857A85D6
:106390008B859C850E9451F969837A838B839C83CA
:1063A0002FE632E143E85AE3C501B4010E940BF243
:1063B0004B015C012AE939E949E15FE369817A81AE
:1063C0008B819C810E940BF269877A878B879C87DF
:1063D0009B01AC010E9475F8A50194010E9451F93E
:1063E0006EA37FA388A799A729853A854B855C85ED
:1063F000C501B4010E940BF220E030E040E05EE312
:106400000E940BF26AA37BA38CA39DA349815A81AE
:106410006B817C818AEE91E187D9B501A40184EE7C
:1064200091E1E9DA85ED91E169D949855A856B8574
:106430007C858FEC91E178D94EA15FA168A579A503
:1064400089EC91E171D94AA15BA16CA17DA183EC9A
:1064500091E1D1DAD701C601840D951DA61DB71DA6
:10646000B595A795979587958093AD0D5EAD5F9394
:106470008AA58F939E859F93AD85AF932FEA31E1D7
:106480003F932F938AEB91E19F938F931F920E94EA
:10649000EAD02D853E852F5F3F4F3E872D870FB673
:1064A000F894DEBF0FBECDBF5B8959838C898F8B7B
:1064B0009D89988FAE89A98FCE8EDF8EE8A2F9A232
:1064C000730162018D809E80AF80B88429964FACA5
:1064D00029974BA6B8CCEF92FF921F93CF93DF93EF
:1064E0007C01CBE7D5E118818FEF888360E086E6F9
:1064F00095E09BDAC7010E94A1271883DF91CF9115
:106500001F91FF90EF900895AF92BF92CF92DF92CC
:10651000EF92FF920F931F93CF93DF93EC0189E3E8
:1065200095E0ECD8209711F4CBE6D7E010E007E037
:10653000015021F080E20E947F1FFACF812F0E943C
:10654000811F1F5F153099F705D910E080E20E9486
:106550007F1F812F0E94811F5E0105E080E20E9463
:106560007F1FF501C080D180E280F380A7019601F2
:10657000C701B6010E9424FB882341F180E20E94FA
:106580007F1F8DE30E947F1F8DE30E947F1F8DE39D
:106590000E947F1F8DE30E947F1F8DE30E947F1F5B
:1065A0000150F4E1AF0EB11C0111D8CFD3D81F5F59
:1065B0002496153059F6DF91CF911F910F91FF90DE
:1065C000EF90DF90CF90BF90AF90C4C820E030E054
:1065D000A901C701B6010E949CFA87FD03C08BE2A6
:1065E0000E947F1F43E0C701B6010E9482C7D8CF37
:1065F0002F923F924F925F926F927F928F929F92D3
:10660000AF92BF92CF92DF92EF92FF920F931F93C0
:10661000CF93DF93CDB7DEB769970FB6F894DEBF9F
:106620000FBECDBF83E50E94C71989833090A809AA
:10663000882319F00E94C21F382E80912F0A909152
:10664000300AA091310AB091320A8C8B9D8BAE8BAF
:10665000BF8B8091330A9091340AA091350AB09192
:10666000360A888B998BAA8BBB8B8091370A9091C5
:10667000380AA091390AB0913A0A8C879D87AE8773
:10668000BF879981992329F0311003C080E00E94CF
:106690004B288091580690915906A0915A06B091C6
:1066A0005B0625E1B695A795979587952A95D1F72D
:1066B0004C015D01E1E08E229924AA24BB240E94B2
:1066C0003628882309F4C6C083E40E94C7198823AA
:1066D00009F4A8C00E94F31F2B013C018BE697E050
:1066E0009B838A839D838C83B5E0B983188E10E0E9
:1066F00008ECE2ECE9871E82212CF8ECFF8322E40F
:1067000028878C819D819B878A8795E0998FAA85B0
:10671000BB85CD90DD90ED90FD90BB87AA872E8143
:10672000322D4F815885C701B6010E94A6F187FF1F
:1067300004C0CE822D2CEF82F886288D312F402F79
:106740005985C701B6010E949CFA181624F4C88E18
:106750001D2D0E2DF986B98DB150B98FB111D7CF3E
:10676000E981E150E9838C819D8144969D838C83EE
:10677000E111C7CF288D312F402F59856E81722DA1
:106780008F8198850E9475F820E030E040E05FE35B
:106790000E940BF2A30192010E9475F82B013C01AB
:1067A0002DEB37E346E855EB0E949CFA87FD0AC0C3
:1067B0002DEB37E346E855E3C301B2010E94A6F191
:1067C000181684F580E00E944B2810E0AA81BB8156
:1067D000BD83AC8300E0EC81FD8161917191819179
:1067E0009191FD83EC837F01F4E0EF1AF108A3019E
:1067F00092010E9474F8D7016D937D938D939C93C1
:106800001397602F812F0E94CCA00F5F053019F7DE
:106810001F5FEA81FB817496FB83EA831530B1F632
:106820000E948E2A89288A288B2839F00E943628CF
:10683000882319F090E080E067DE8AE50E94C7199E
:10684000882321F00E94F31F0E94C9C9832D0E9452
:106850004B280CC0311004C089288A288B2869F382
:106860000E94A72B87E696E00E947E2B332051F0F2
:106870008091A809811106C00E94A42B88E496E0AB
:106880000E947E2B0E94A72B8091A8096CEE7BE0D2
:10689000882311F060EF7BE08AE396E0BDD80E9488
:1068A000A72B8DE296E00E947E2BC090A909D09084
:1068B000AA09E090AB09F090AC0920E030E0A90112
:1068C000C701B6010E949CFA18160CF055C042E0B0
:1068D000C701B6010E9482C78DE00E9407C68AE008
:1068E0000E9407C62C893D894E895F8960912F0AD5
:1068F0007091300A8091310A9091320A0E94A6F17B
:10690000811120C0288939894A895B896091330ABD
:106910007091340A8091350A9091360A0E94A6F14E
:10692000811110C02091370A3091380A4091390AFC
:1069300050913A0A6C857D858E859F850E94A6F1CF
:106940008823F9F069960FB6F894DEBF0FBECDBF6D
:10695000DF91CF911F910F91FF90EF90DF90CF903B
:10696000BF90AF909F908F907F906F905F904F906F
:106970003F902F900C94889188E296E00E947E2BA5
:10698000B1CF69960FB6F894DEBF0FBECDBFDF91D1
:10699000CF911F910F91FF90EF90DF90CF90BF901C
:1069A000AF909F908F907F906F905F904F903F90AF
:1069B0002F900895BC0190E080E00C94EEC60F93F8
:1069C0001F93CF9384E50E94151AC0E08823F1F04D
:1069D0000E94A71FC82F1816CCF40E94A72B009165
:1069E0008705109188058DE40E9407C6C801E2DF83
:1069F00081E698E00E947E2B6C2FCC0F770B880BE2
:106A0000990B0E9456C70E94AA2BCFEF8C2FCF91D3
:106A10001F910F910895BC01990F880B990B0C944D
:106A200056C71092620585E0809319050895CF93AB
:106A3000DF93EB010E947E2BCE01DF91CF91EBCF54
:106A4000FF920F931F93CF93DF93D82F81112BC009
:106A50008091580690915906A0915A06B0915B0614
:106A6000892B8A2B8B2BF9F46091FB077091FC0723
:106A700086E090E1DCDF6091FD077091FE0783E026
:106A800090E1D5DF4091FF07509100086091010827
:106A90007091020880E090E1DF91CF911F910F91FA
:106AA000FF900C94FB2C8091E30983FD8DC087DF60
:106AB000082F87FD89C083E50E94151AC82F8823F7
:106AC00031F10E94E31F0E94979761E08D2F0E9491
:106AD000D3956091AB0D7091AC0D072E000C880B17
:106AE000990B0E94ACF12091A70D3091A80D409117
:106AF000A90D5091AA0D0E949CFA18160CF44EC0D4
:106B00008FE090E1CC2309F44BC01C2F03C0D111BE
:106B10003FC010E083E50E94151A882331F00E94DF
:106B2000E31F9093FC078093FB0782E40E94151AF1
:106B3000882331F00E94E31F9093FE078093FD07A6
:106B400086E40E94C7198823D9F10E94F31F60933D
:106B5000FF07709300088093010890930208FF24B8
:106B6000F39420E030E0A9010E94A6F1811101C058
:106B7000F12CF0920308DD2339F1112329F16C2F58
:106B8000802FDF91CF911F910F91FF900C94E8A679
:106B900082E50E94151A811194CFBBCF8BE092E160
:106BA0009F938F938AE190E19F938F931F920E940E
:106BB000EAD00F900F900F900F900F9011E0AACF96
:106BC00060E070E0CB01C3CFDF91CF911F910F91B7
:106BD000FF9008953F924F925F926F927F928F92B3
:106BE0009F92AF92BF92CF92DF92EF92FF920F935C
:106BF0001F93CF93DF9380915A0687FD3FC080910A
:106C00005B068370D9F5C091250ED091260E488180
:106C100059816A817B8180E59FE00E94942B4C81A1
:106C20005D816E817F818DE49FE00E94942B409175
:106C3000210E5091220E6091230E7091240E8AE451
:106C40009FE00E94942B87E49FE00E947E2B81E4CA
:106C50009FE00E947E2BDF91CF911F910F91FF90BB
:106C6000EF90DF90CF90BF90AF909F908F907F90EC
:106C70006F905F904F903F900C94AA2B6090190EEC
:106C800070901A0E80901B0E90901C0EA0901D0EFE
:106C9000B0901E0E00911F0E1091200EC090210E7C
:106CA000D090220EE090230EF090240E88E50E94F2
:106CB000151AC82F882309F494C00E94F31F362E9A
:106CC000472E582ED92F20E030E046E953EC0E94A1
:106CD0009CFA87FD0DC020E030E046E953E4632DC7
:106CE000742D852D9D2F0E94A6F118160CF07BC0E7
:106CF00064ED7EEF85E99FE09ADE6CE271E080E969
:106D00009FE095DE8DE89FE00E947E2BC0E089E544
:106D10000E94151A882351F10E94F31F362E472E28
:106D2000582ED92F20E030E046E953EC0E949CFA1F
:106D300087FD0DC020E030E046E953E4632D742D5B
:106D4000852D9D2F0E94A6F118160CF051C064ED00
:106D50007EEF8BE79FE06BDE6CE271E086E79FE001
:106D600066DE83E79FE00E947E2BC0E08AE50E94FA
:106D7000151A882309F441C00E94F31F6B017C019E
:106D800020E030E040EA51EC0E949CFA87FD0AC006
:106D900020E030E040EA51E4C701B6010E94A6F1CC
:106DA00018165CF56CEE7FEF81E69FE040DE64E153
:106DB00070E08CE59FE03BDE89E59FE0DF91CF91BD
:106DC0001F910F91FF90EF90DF90CF90BF90AF9009
:106DD0009F908F907F906F905F904F903F900C941A
:106DE0007E2BC1E094CF632C742C852C9D2E8FCFED
:106DF000A32CB42C052D1D2FB9CFCC23E1F0C3015A
:106E0000D4018093190E90931A0EA0931B0EB09389
:106E10001C0EC501D80180931D0E90931E0EA093E9
:106E20001F0EB093200EC092210ED092220EE0923F
:106E3000230EF092240EDF91CF911F910F91FF90BE
:106E4000EF90DF90CF90BF90AF909F908F907F900A
:106E50006F905F904F903F9008958C01EB01F42E5E
:106E60000E9425800115110509F46FC00E94A72B0F
:106E7000C8010E947E2B0E94AA2B209711F4C9E71B
:106E8000DCE28091180580FD33C081608093180595
:106E9000C8010E94EB98209751F0EE24E39401E0A2
:106EA00021E040E2BE0180E291E10E94302389E7C7
:106EB0009CE2009751F0EE24E39401E021E040E2EF
:106EC000BC0180E491E10E943023EE24E39401E0D0
:106ED00021E040E26DEE74E080E691E10E94302313
:106EE00068EC83E00E941CC661E08AEF0E94FC9877
:106EF0000E94A42B8CE095E00E947E2B61E08AEF3B
:106F000094E00E94152D89EE93E0019739F000C0BE
:106F10000000EEE5F9E03197F0F7F7CFF89489EE4D
:106F200093E0019739F000C00000E6EEF3E03197FE
:106F3000F0F7F7CF0E942580FF2021F00E94DB812F
:106F4000A895FECF0E94A081FBCF209711F4C9E73E
:106F5000DCE203E015E095CFCF92DF92EF92FF9253
:106F60006B017C0183E3C816D104E104F10470F0E5
:106F700082E3C81AD108E108F10862E370E080E01A
:106F800090E00E9428D00E949EADECCFC701B601D0
:106F90000E9428D0FF90EF90DF90CF900C949EAD90
:106FA00090918A0D94FB882780F994FF06C081E0B8
:106FB0009091E216911101C080E00895F1DF8823DD
:106FC00039F080918A0D82FB882780F991E089272A
:106FD0000895CF93FB01C181C13031F40E942598FF
:106FE000811104C0C0934007CF9108950E94599920
:106FF000811103C0CF910C944F1B0E943CCADEDF6D
:10700000882331F088E497E1909333098093320923
:1070100061E081E497E10E94152DCF910C94719568
:107020008091B408811105C080919F09823009F0D8
:10703000C5CF81E00895F4DF81110DC01092DF0902
:107040001092E0091092E1091092E2091092DD0914
:107050008FEF0E9425210C94719590918A0D92FBDF
:10706000882780F992FF05C097FB882780F991E077
:10707000892708958091CF07811102C00C94BE2703
:10708000ECDF882339F040E060E070E080E090E4DD
:107090000C94C921089581E00895DC01EC918E2FB4
:1070A00090E0FC01EE0FFF1FE80FF91FE353F24FD2
:1070B00080818F7780830895CF93DF93EC01E62F53
:1070C000660FFF0BED5CF34DE491E250E13108F007
:1070D000B0C0F0E08827E059F74C8F4F0C945AF875
:1070E00081381939193919391939AB388D38CF38F0
:1070F000CD38AD38F338F138D13819391739153959
:10710000F53882E1E5EEF3E0DE0101900D928A951B
:10711000E1F7CE01DF91CF91089581E020EB30E0DF
:107120003983288321EB30E03B832A831D821C8234
:1071300023EB30E03F832E8324EB30E03987288730
:107140001B861A861D861C8692E09E878F8781E0AB
:10715000888B198ADECF80E0E1CF81E08F5F20E964
:1071600030E03983288321E930E03B832A8322E918
:1071700030E03D832C8328E930E03F832E832AE9E9
:1071800030E0398728872CE930E03B872A8726E9D9
:1071900030E03D872C8793E0D8CF80E0DFCF80E0E0
:1071A000DECF81E08F5F20EA30E03983288321EA57
:1071B00030E03B832A8322EA30E03D832C8328EAB7
:1071C00030E03F832E832AEA30E0398728872CEA93
:1071D00030E03B872A8726EA30E03D872C8794E021
:1071E000B4CF80E0DFCF80E0DECF81E08F5F20E2B0
:1071F00031E03983288321E231E03B832A8322E294
:1072000031E03D832C8328E231E03F832E832AE264
:1072100031E0398728872CE231E03B872A8726E254
:1072200031E03D872C8795E090CF80E0DFCF80E094
:10723000DECF82E1FE0111928A95E9F76ACF2F92A3
:107240003F924F925F926F927F928F929F92AF92F6
:10725000BF92CF92DF92EF92FF920F931F93CF9343
:10726000DF93CDB7DEB767970FB6F894DEBF0FBEDA
:10727000CDBF782E8091590227E6E22E66246394D2
:10728000843008F43AC60E94C2D06B017C017110B0
:1072900005C08091B408882309F433C2C0928609DE
:1072A000D0928709E0928809F092890981E04091A3
:1072B00064055091650560916605709167054115FB
:1072C00051056105710509F41EC2009186091091EE
:1072D0008709209188093091890946015701801A50
:1072E000910AA20AB30A950184010417150726071B
:1072F000370708F408C20E94A42B0091900910914E
:10730000910984E294E00E947E2BB80189EF93E01A
:107310000E948C2B0E94AA2B40E070E060E090E07D
:1073200080E02DC180913F0A9091400AF3C5AF2CB7
:10733000B12C8A3019F08D3009F022C1EA9CF0019D
:10734000EB9CF00D1124E657FA4FDF01AA59BF4F0D
:107350001C9284819581DF01A80FB91F16961C929B
:10736000892B19F40E949EADF3C5FE9CC001112427
:107370009C0120573A4F6901158214828901F80156
:107380008191803209F452C08E3409F0C8C00115D1
:10739000110509F4C4C06DEC73E0C8010E94D5F07A
:1073A0004C01892B41F06EE470E0C80104960E9404
:1073B0007BFB009709F4C8014AE050E070E060E010
:1073C00001960E9445EE1B012C01EA9CF001EB9C0A
:1073D000F00D1124E657FA4F80819181A281B3818B
:1073E000AC01BD014F5F5F4F6F4F7F4F24163506D5
:1073F00046065706E9F08928D9F4AC01BD01415091
:10740000510961097109241635064606570634F0FC
:1074100082159305A405B5050CF09AC56F2D8AE970
:1074200093E00E94BA2CF12C20E06AC58F01A7CF0F
:107430006AE270E0C8010E949BFB9C01009709F181
:10744000982F901B912C992339F09150F801E90F56
:10745000F11D80819826F7CF4AE050E070E060E0AF
:10746000C90101960E9445EE292D30E050E040E030
:10747000621773078407950741F06F2D8BE793E040
:10748000D0CF6F2D81E593E0CCCFEA9CF001EB9C4F
:10749000F00D1124E657FA4F208231824282538246
:1074A00080917409813039F567E470E0C8010E9469
:1074B0007BFB009701F14AE050E070E060E001964C
:1074C0000E9445EE6430710581059105A0F4B090ED
:1074D0007B15862D0F2C01C0880F0A94EAF7809344
:1074E0007B1580EB92E00E947E2B86EA92E00E9460
:1074F0006FC7B0927B15F80180818D3479F5838157
:10750000823391F1883301F1803341F581818433F5
:1075100029F58281813311F50E946B911FC0809102
:107520008A0D80FFBDCF6CEF7BE2C8010E94D5F0D1
:10753000009731F0FC01838180538A3008F0B0CF8E
:107540006F2D87E293E06DCF8281803339F48181A2
:10755000813321F41092310910923E074F2D60E0E3
:10756000C6010E945EC6F4C482818133B9F781816D
:107570008133A1F741E070E060E080EE99E06DDCDE
:10758000FE9CB00111249B0122573A4FAB0140579A
:107590005A4F60517A4F0E941019DAC440915B0231
:1075A000242F30E00A3061F00D3051F0882309F4C7
:1075B0009AC089819A81009719F001969A838983EC
:1075C0001092090589819A81F29EF001F39EF00DD7
:1075D0001124E75AFD4FDF01A80FB91F13961C9223
:1075E000892B61F50E949EAD0E944819882309F4F9
:1075F000C9C48FED96E10E948A7D8091810D882318
:1076000009F467C081508093810D8D9DC0011124C4
:1076100062E08754974F0E9430DEE091810D24E0B4
:10762000E29FF0011124EB54F74F60817181828158
:1076300093810E94ED1E0E9490D2A4C41A821982E6
:1076400083818D3479F48481823361F4858185333B
:1076500049F4868180538A3028F080918A0D8B7F8F
:1076600080938A0DF29EF001F39EF00D1124E454F4
:10767000FD4FC0824F9DF0011124E354FD4F608205
:10768000220F331F220F331FF901E25AF44F80916A
:107690006E0B90916F0BA091700BB091710B80836A
:1076A0009183A283B3834F5F443080F440935B02A5
:1076B000809159028F5F8093590280926E0B909255
:1076C0006F0BA092700BB092710B8ECF10925B0279
:1076D000EFCF0E9480D280918A0D886080938A0DBE
:1076E000E09274094FC44F9DA0011124445A5D4F8C
:1076F0009E012F5F3F4F69E075E0802F0E941019B7
:1077000041C480E0D4CD2091290E90912A0E2917F2
:1077100041F0C0928609D0928709E0928809F092E0
:107720008909409102025091030260910402709114
:107730000502452B462B472B21F02917A9F1109262
:10774000120580910E0590910F05A0911005B09142
:1077500011058C199D09AE09BF09181619061A06DC
:107760001B060CF4D4C12091290E80912A0E909111
:107770007D14281709F449C0E0912A0E23E6E29F00
:10778000F0011124E756F14F8081891709F47AC07E
:1077900080937D140E94C2D000917C1410E00115EA
:1077A0001105B1F560E026C18111C9CF0E94C2D098
:1077B00000918609109187092091880930918909E3
:1077C000601B710B820B930B00910202109103025C
:1077D0002091040230910502601771078207930718
:1077E00008F4ADCF809112058111ABCF81E0809379
:1077F000120580E00E94AF8181E00E94AF8182E0AB
:107800000E94AF810E94A0819CCF80917C14BDCF4B
:1078100061E00F3F110509F4EDC065E0CE0101966E
:107820004BDC8989882309F4E0C0E981FA819F85CE
:10783000888991119DC0608190E023E030E0A9012A
:10784000481B590B440F551F042E01C0220F0A94E8
:10785000EAF72095262362E070E001C0660F4A95A2
:10786000EAF7262B2083FC013396EE0FFF1F81E001
:1078700090E08C0F9D1FE80FF91F0190F081E02D23
:107880001183008380910308882309F433C1A090F9
:10789000FB07B090FC07C50102972091AB0D30911A
:1078A000AC0D281739070CF425C190902A0E612CD5
:1078B000712C812C1F8A8091290E891509F49EC094
:1078C000892D90E023E6289FF001299FF00D1124D7
:1078D000E55BF14F458D568D678D70A1452B462B8D
:1078E000472B81F441A152A163A174A1452B462BE2
:1078F000472B41F445A156A167A170A5452B462B06
:10790000472B89F133E6389F8001399F100D1124F0
:10791000055B114FF80161A572A583A594A50E948E
:10792000AAF11B012C01F80165A576A587A590A9F0
:107930000E94AAF19B01AC01C201B1010E9451F960
:10794000F80121813281438154810E940BF22B0185
:107950008C019301482D5F890E949CFA18161CF433
:107960003201802E1F8B892D0E94BE87982EA3CFB7
:107970002A89211187CFAFEFB0E0923029F0AD8591
:10798000BE850D90BC91A02D608190E023E030E099
:10799000A901481B590B440F551F042E01C0220F8B
:1079A0000A94EAF72095262362E070E001C0660F92
:1079B0004A95EAF7262B20830396880F991FE1E06A
:1079C000F0E0EC0FFD1F8E0F9F1FFC01A080B18027
:1079D00098010E9418F82FEF30E040E050E00E943C
:1079E000D0F7F501318320834DCF61E00F371105CA
:1079F00008F4D8CE85E00E949CCF44CFB301882DF7
:107A00009F890E94B9F9072E000C880B990B0E94E0
:107A1000ACF12091FF07309100084091010850918E
:107A200002080E940BF22B013C01B501BB0C880B34
:107A3000990B0E94ACF19B01AC01C301B2010E9401
:107A400075F83B014C016091FD077091FE07072E10
:107A5000000C880B990B0E94ACF15B018C019B011F
:107A6000AC01B301C4010E949CFA181614F0530132
:107A7000840140900A0550900B0560900C057090B1
:107A80000D059501A801C301B2010E949CFA1816C8
:107A9000D4F420E037ED43EA5CE3B501C8010E946D
:107AA0000BF24B015C0128E431EE4AE75FE3C301CE
:107AB000B2010E940BF29B01AC01C501B4010E940E
:107AC00075F85B018C01C501D80180930A0590937C
:107AD0000B05A0930C05B0930D05B501C8010E94DC
:107AE000B9F9653F710514F065EF70E07093AC0D66
:107AF0006093AB0DF4E6CF0ED11CE11CF11CC092DB
:107B00000E05D0920F05E0921005F09211050E942B
:107B10009EAD80917409882309F4C2C1809120022E
:107B2000882309F477C080916205811173C0109198
:107B3000B408111108C080919F09813021F08DDABD
:107B4000882309F4C1C08091190587FD03C08150C5
:107B5000809319058091000185FF03C085E0809323
:107B600019058091190587FF55C001E00093620552
:107B700085E08093190511114BC01F921F928FE968
:107B800094E09F938F931F9285E18F939E012F5FC7
:107B90003F4F79013F932F930E9403F1C7010E9449
:107BA000CED060E083E00E941CC640E36CED74E040
:107BB00081E00E946C2D0E94642D1091680560E0A8
:107BC00010270FB6F894DEBF0FBECDBF82E597E059
:107BD00061F48AEC94E00E94152D80E30E947F1FDF
:107BE0000E94AA2B60E08BEB99E00E94152D88EB98
:107BF00094E00E947E2B80E30E947F1F0E94AA2BAC
:107C0000112331F083EB94E0909333098093320990
:107C10000E942D8322DA882309F456C08091CF0771
:107C2000882309F44FC08091060181FD4BC08091EB
:107C300017058F5F80931705833008F445C0809047
:107C4000370A9090380AA090390AB0903A0A20E09A
:107C500030E040E050E4C501B4010E9475F86B01CA
:107C60007C0120E030E847EC53E40E94A6F187FD58
:107C700007C0C12C80E8D82E87ECE82E83E4F82ECC
:107C8000A5019401C701B6010E9474F86B017C0143
:107C900020E030E0A9010E94A6F187FF03C0C12CBB
:107CA000D12C7601DAD9882329F040E0C701B6014A
:107CB0000E94C9210E94258040E070E060E082E9D6
:107CC00094E05DCC10921705809109018095817038
:107CD00010910002181709F467C0012F1F3F09F423
:107CE00000E0809300028823F1F064EF71E080E00F
:107CF00090E032D90E9423DB80918A0D84FD15C06B
:107D0000101314C040E355E760E070E088E794E0AA
:107D10000E947A9980913F07823019F481E0809324
:107D20007509012F10C000E0EBCF01E017FD09C07D
:107D300080913F07101774F5813019F482E0809329
:107D400075090E94E724002379F117FF2DC0809167
:107D50008A0D84FF19C00E94E2D1882379F081E066
:107D60000E9488DF4BEB50E060EC74E180E895E125
:107D70000E942ED980E895E10E948A7D0E94DC272E
:107D800081110CC00E94BE2781E08093800D0E946B
:107D9000D0DD0AC08230A9F681E0D1CF8BE894E033
:107DA00090933309809332090E94C2D06B017C0109
:107DB00010910102112321F180916905882301F1BD
:107DC00040911305509114056091150570911605A9
:107DD0004C195D096E097F0914161506160617065B
:107DE0000CF100917B159FEF90937B15833009F484
:107DF0007FC00CF06EC081300CF073C000937B1517
:107E0000212F30E0A8EEB3E00E9418F8C60ED71E6E
:107E1000E81EF91EC0921305D0921405E0921505D4
:107E2000F09216050E94E19D80918F0D8823C1F18B
:107E30000E94C2D06B017C0180918B0D90918C0DC2
:107E4000A0918D0DB0918E0D8C199D09AE09BF09C1
:107E5000181619061A061B061CF120918F0D30E02A
:107E6000A8EEB3E00E9418F8C60ED71EE81EF91E51
:107E7000C0928B0DD0928C0DE0928D0DF0928E0DF4
:107E800010917B158091900D80937B158091310925
:107E9000811104C00E941DA60E94AA2B10937B157D
:107EA00067960FB6F894DEBF0FBECDBFDF91CF91BE
:107EB0001F910F91FF90EF90DF90CF90BF90AF9008
:107EC0009F908F907F906F905F904F903F902F90FA
:107ED0000895843009F092CF0E94A72B87E394E0A5
:107EE00004C00E94A72B86E694E00E947E2B86CFDA
:107EF0000E94A72B8FE494E0F8CF20E080E0F82EDA
:107F000080915902843050F5F1100CCA8091C10A59
:107F10009091C20A891B8F7790E0892BD1F08F2D29
:107F20000E94E51897FF03CA10917B15862D0F2C30
:107F300001C0880F0A94EAF780937B150E94A42B56
:107F400082ED93E00E947E2B0E9473C710937B15F5
:107F500021E081E0F812D3CF2111CFCF7ED8882342
:107F600009F491C980918A0D83FD8DC91A82198205
:107F700002E6F02E84E0E82E99E6D92ECC24C394B4
:107F800066246A9480915902843008F07CC90E946A
:107F90004819811178C91E8A41E050E0BE016A5E2D
:107FA0007F4F8FED96E10E942ED90E8910E0019748
:107FB00011F00FEF1FEF8090E7169090E816A09059
:107FC000E916B090EA168092860D9092870DA092E5
:107FD000880DB092890D0E9448190F3F100709F0D3
:107FE000DDCA8111DBCA0E94A42B8AEE93E00E94B5
:107FF0007E2BC8CF2F923F924F925F926F927F92CB
:108000008F929F92AF92BF92CF92DF92EF92FF92A8
:108010000F931F93CF93DF93CDB7DEB7AA970FB619
:10802000F894DEBF0FBECDBF9091E30993FD67C109
:10803000182F83E50E94151A89A3882309F458C1D3
:108040000E94E31F843691050CF072C19093F907EA
:108050008093F8070E9416256091F8077091F90740
:10806000072E000C880B990B0E94ACF12091F407AD
:108070003091F5074091F6075091F7070E949CFA5E
:1080800018160CF058C183E390E10E946FC701E01D
:10809000612F6027812F0E94D395112309F42FC1EE
:1080A000009331091B8E1C8E1D8E1E8E1AA21BA2E0
:1080B0001CA21DA21FA22CE328A73CE139A786E43D
:1080C0008AA71E8A1F8A90E8988FAFEBA98F1A8E15
:1080D000B1E0BEA3812C912C5401FE0131961F0109
:1080E0006091F8077091F907072E000C880B990B27
:1080F0000E94ACF17B018C012E893F89488D598DFE
:108100000E94A6F18823B9F02091F4073091F50779
:108110004091F6075091F707F9A1B701C801F11195
:108120000DC10E94A6F1881F8827881F8A8FEE8ABA
:10813000FF8A088F198F0E94C2D06B017C018AA12F
:108140009BA1ACA1BDA18C199D09AE09BF09181650
:1081500019061A061B06ACF1D701C60188519C4FBF
:10816000AF4FBF4F8AA39BA3ACA3BDA380E00E94E7
:108170001DA645E150E060E270E1C1010E94A0F05F
:108180001D8A81149104A104B10409F4EAC0C50157
:10819000B401605F784D8F4F9F4F6C197D098E0938
:1081A0009F0928EE33E040E050E00E94D0F7BA018A
:1081B000A901C1010E94E67EC1010E942A280E94F5
:1081C000AA2B80E03CD80E94C2D0609386097093AD
:1081D00087098093880990938909B091F407BF8F2C
:1081E000E091F507E8A30091F6071091F7072B2F10
:1081F0003E2FA8016E897F89888D998D0E9474F821
:108200002B013C0120E030E0A9010E949CFA87FF8D
:1082100004C077FA709477F8709481149104A104E3
:10822000B10409F0BCC020E030E040E85FE3C301E6
:10823000B2010E94A6F187FF10C0FEA1812C912CF3
:108240005401FF2331F085E0882E8DE0982EA12C7B
:10825000B12C8C0C9D1CAE1CBF1C2A8D222391F1CD
:108260008B8D9C8DAD8DBE8D0097A105B10549F01C
:108270008C199D09AE09BF09181619061A061B06A6
:108280000CF12F8D38A1A8016FA178A589A59AA519
:108290000E9474F820E030E040E85FE30E94A6F11D
:1082A00087FD50C0D701C601805A9541AF4FBF4FDF
:1082B0008B8F9C8FAD8FBE8F9F8D9FA3A8A1A8A7EA
:1082C00009A71AA7809131098823E1F1811491044B
:1082D000A104B10459F0C818D908EA08FB08B0E1B4
:1082E000CB16B7E2DB06E104F10460F51EA2F8CE7E
:1082F000112329F082E50E94151A8111A1CEAA96B8
:108300000FB6F894DEBF0FBECDBFDF91CF911F91A6
:108310000F91FF90EF90DF90CF90BF90AF909F9024
:108320008F907F906F905F904F903F902F90089527
:1083300084E690E08BCE84E290E1A7CE0E94A6F185
:1083400087FF09C0809131098823C9F21092310951
:108350000E943CCAD4CFEE8AFF8A088F198F1A8EEA
:10836000EACED1010D900020E9F7CD0101978219E5
:1083700093098431910508F01FCFF101E80FF91F2F
:10838000BFE3B0838331910509F416CFE2E0F0E05A
:10839000EC0FFD1F8E0F9F1FDC011C920DCF20E004
:1083A00030E040E450E4C301B2010E949CFA181688
:1083B0000CF053CF4601570150CFCF93DF93EC0120
:1083C00088818823E1F08A30D1F08D30C1F04FEF01
:1083D00061E0CE010E945EC6882369F00E94A72B4F
:1083E000BE018AEA9FE00E948C2B87EA9FE0DF9122
:1083F000CF910C947E2B80E00E941F39E1CFDF915A
:10840000CF91089580919406882371F00E94599924
:10841000811102C00C944F1B61E180EA97E10E9438
:1084200068CF84E996E0C9CF08955F926F927F92FA
:108430008F929F92AF92BF92CF92DF92EF92FF9274
:108440000F931F93CF93DF93CDB7DEB77C016DB64B
:108450007EB610E000E08DB69EB6F701E00FF11F8A
:10846000549068018FEFC81AD80A552019F09AE085
:1084700059121FC08DB79EB78C199D090FB6F8947D
:108480009EBF0FBE8DBF01965C01A801B7010E947F
:108490007AF0F501E00FF11F1082C5018EDF552043
:1084A00051F0EC0CFD1C0FB6F8949EBE0FBE8DBEB5
:1084B000D2CF8601D2CF0FB6F8947EBE0FBE6DBE6E
:1084C000DF91CF911F910F91FF90EF90DF90CF90B0
:1084D000BF90AF909F908F907F906F905F90089526
:1084E000FB0181818130E9F40E945999811108C012
:1084F00040E355E760E070E08AE298E10C947A99F5
:108500000E94DC27811107C040E355E760E070E07E
:108510008EE098E1F3CF83E08093750984E298E1DF
:1085200084CF0895CF93FB01C181C13069F40E94CB
:108530005999811103C0CF910C944F1BC0937509B9
:1085400087E098E1CF9171CFCF9108950F931F935A
:10855000CF93DF93CDB7DEB768970FB6F894DEBF41
:108560000FBECDBF0E945999811109C040E355E764
:1085700060E070E08AE298E10E947A9906C08091FA
:10858000B8068F3F69F0882391F068960FB6F8948B
:10859000DEBF0FBECDBFDF91CF911F910F91089528
:1085A00040E355E760E070E086EF97E1E5CF80912A
:1085B0000D028F9380910C028F931F921F928091D6
:1085C00008028B3008F18AE01F928F9386EE97E1C4
:1085D0009F938F931F9288E18F938E010F5F1F4FA0
:1085E0001F930F930E9403F163E184ED97E10E94D2
:1085F00068CFC801E2DE8FEC97E117DF0FB6F89481
:10860000DEBF0FBECDBFC1CF8330F0F683E0DCCF3D
:10861000FB018181882319F0813051F008950E9477
:108620005999811102C00C94571B8FEB97E1FDCE35
:1086300086E1809375090895FB018181813061F4A1
:108640000E945999811102C00C944F1B8AEB97E14B
:10865000ECDE85EB97E1E9CE0895CF93DF93EB0154
:108660000E945999811104C0DF91CF910C94571B3E
:10867000C98160913F0786E997E10E9468CFC130C8
:1086800059F028F0C23059F0DF91CF9108958FE86A
:1086900097E1DF91CF91C9CE89E897E1FACF84E8DD
:1086A00097E1F7CF809178098770873041F040E3F8
:1086B00055E760E070E080E697E10C947A990E94BB
:1086C0005999811102C00C944F1B8EE0809375095B
:1086D0008CE597E1AADE87E597E1A7CE2F923F923E
:1086E0004F925F926F927F928F929F92AF92BF92C2
:1086F000CF92DF92EF92FF920F931F93CF93DF936E
:10870000CDB7DEB7C557D1090FB6F894DEBF0FBE9F
:10871000CDBF90917409933008F41DC1182F0E94A9
:10872000362082E50E94151A882309F43CC10E9474
:10873000F31F2B013C0120E030E0A9010E94A6F1CB
:10874000882309F402C180902F0A9090300AA090EB
:10875000310AB090320A2091330A3091340A4091A4
:10876000350A5091360A2D8F3E8F4F8F58A3C090F7
:108770004607D0904707E0904807F090490780915E
:108780004A0790914B07A0914C07B0914D0789A3E0
:108790009AA3ABA3BCA3A7019601C501B4010E9493
:1087A000A6F181110DC029A13AA14BA15CA16D8D4B
:1087B0007E8D8F8D98A10E94A6F1882309F4C5C0F3
:1087C000A5019401C701B6010E9474F820E030E0D1
:1087D00040E05FE30E940BF26B017C012D8D3E8D2A
:1087E0004F8D58A169A17AA18BA19CA10E9474F818
:1087F00020E030E040E05FE30E940BF26D8F7E8F5F
:108800008F8F98A320E030E0A901C301B2010E943C
:10881000A6F1881F8827881F181709F4B6C020E022
:1088200030E040E85FEB29A33AA34BA35CA3A70188
:108830009601C701B6010E940BF24B015C012D8D20
:108840003E8D4F8D58A1CA01B9010E940BF29B01C8
:10885000AC01C501B4010E9475F80E94E2FA4B0117
:108860005C01AC019B01C301B2010E9474F869A7CD
:108870007AA78BA79CA7A5019401C301B2010E940E
:1088800075F89B01AC0169A57AA58BA59CA50E94F2
:108890000BF22B013C0120E030E0A9010E949CFA80
:1088A00087FD7CC0C301B2010E94E2FA69A77AA7E2
:1088B0008BA79CA76D8D7E8D8F8D98A19058A5015B
:1088C00094010E9451F929A13AA14BA15CA10E94F7
:1088D0000BF229A53AA54BA55CA50E940BF2A701B6
:1088E00096010E9475F82B013C01A5019401C70176
:1088F000B6010E9451F929A13AA14BA15CA10E94A5
:108900000BF229A53AA54BA55CA50E940BF22D8D73
:108910003E8D4F8D58A10E9475F86D8F7E8F8F8F81
:1089200098A320E030E0A901C301B2010E94A6F1A2
:108930008111F0C420E030E0A9016D8D7E8D8F8D16
:1089400098A10E94A6F18111E5C40E94A42B86E0A3
:108950009FE00E947E2BCB58DF4F0FB6F894DEBF0E
:108960000FBECDBFDF91CF911F910F91FF90EF9080
:10897000DF90CF90BF90AF909F908F907F906F903F
:108980005F904F903F902F90089580E090E0A0E896
:10899000BFE389A39AA3ABA3BCA349CF19A61AA688
:1089A0001BA61CA687CF89E40E94151A412C512CC6
:1089B0003201882321F00E94F31F2B013C018AE43D
:1089C0000E94151A882309F497C40E94F31FA5CFAB
:1089D0002DA13EA14FA158A569A17AA18BA19CA16F
:1089E0000E940BF26B017C012DA53EA54FA558A955
:1089F00069A57AA58BA59CA50E940BF29B01AC01F1
:108A0000C701B6010E9475F86B017C012DA53EA53A
:108A10004FA558A969A17AA18BA19CA10E940BF234
:108A20004B015C012DA13EA14FA158A569A57AA5D6
:108A30008BA59CA50E940BF29B01AC01C501B40162
:108A40000E9474F8A70196010E94E8F86B017C016E
:108A500020E030E0A9010E94A6F1882309F4B7C004
:108A600020E030E0A901C701B6010E94A6F187FF0E
:108A7000B9C082E090E0812B8130910509F4B5C046
:108A8000029709F4BDC020E030E0A901C701B6019A
:108A90000E949CFA4601570187FF04C0B7FAB094C0
:108AA000B7F8B0942BED3FE049EC50E4C501B401B8
:108AB0000E9451F920E030E040E952E40E940BF2BC
:108AC0000E943BF90E94BEF91B018091370A9091E8
:108AD000380AA091390AB0913A0A62968CAF9DAFDC
:108AE000AEAFBFAF629720913B0A30913C0A4091F4
:108AF0003D0A50913E0A66962CAF3DAF4EAF5FAF38
:108B000066979C01AD0160914E0770914F0780916F
:108B10005007909151070E9474F86DA77EA78FA708
:108B200098AB66962CAD3DAD4EAD5FAD669760914E
:108B300052077091530780915407909155070E94F6
:108B400074F82B013C01A50194012E966CAD7DAD0E
:108B50008EAD9FAD2E970E940BF269AB7AAB8BABBB
:108B60009CAB27E137EB41ED58E30E94A6F187FF6C
:108B700050C02DEB37E346E855EB6DA57EA58FA5DC
:108B800098A90E949CFA87FD44C02DEB37E346E884
:108B900055E36DA57EA58FA598A90E94A6F118168C
:108BA000C4F12DEB37E346E855EBC301B2010E9457
:108BB0009CFA87FD0AC02DEB37E346E855E3C30175
:108BC000B2010E94A6F1181614F40E94EB200E9434
:108BD000C2D0609386097093870980938809909327
:108BE0008909B9CE90E080E046CF2BED3FE049EC1B
:108BF00050E4C701B6010E9474F86B017C0143CFB9
:108C00002BED3FE049EC50E4C701B6010E9475F836
:108C1000F4CF2AE037ED43E25CE3609113027091F8
:108C2000140280911502909116020E940BF24B01E2
:108C30005C016091110270911202072E000C880BEA
:108C4000990B0E94ACF19B01AC01C501B4010E94DB
:108C50000BF26BAF7CAF8DAF9EAF69A97AA98BA9E0
:108C60009CA90E94EAF9162F872E982EA92EB101F1
:108C700090E080E00E94AAF11B01082F9DA39B01B8
:108C8000482F592F612F782D892D9A2D0E949CFAFB
:108C9000181624F4212E382C092DADA29101402F55
:108CA0005DA169A97AA98BA99CA90E9451F94B01E0
:108CB0005C0120E030E040E85FE30E949CFA181677
:108CC0000CF09AC269A97AA98BA99CA90E943BF9C8
:108CD0000E94BEF97EAB6DAB198A1A8A1B8A1C8A68
:108CE0001D8A1E8A1F8A188E198E1A8E1B8E1C8E44
:108CF0004DA95EA94230510508F454C2BA0190E072
:108D000080E00E94AAF123966CAF7DAF8EAF9FAF3B
:108D100023979B01AC01C701B6010E9451F96FABCB
:108D200078AF89AF9AAF9B01AC010E940BF26B0147
:108D30007C01AC019B016FA978AD89AD9AAD0E9411
:108D40000BF220E030E040EC50E40E9451F99B012E
:108D5000AC016FA978AD89AD9AAD0E9474F8A69662
:108D60006CAF7DAF8EAF9FAFA69720E030E040E0C4
:108D70005FE3C701B6010E940BF29B01AC0160E00A
:108D800070E080E89FE30E9474F8AA966CAF7DAF14
:108D90008EAF9FAFAA9723962CAD3DAD4EAD5FAD84
:108DA00023976DA57EA58FA598A90E9451F9E296FB
:108DB0006CAF7DAF8EAF9FAFE29723962CAD3DADEC
:108DC0004EAD5FAD2397C301B2010E9451F9E69603
:108DD0006CAF7DAF8EAF9FAFE69762968CAD9DADC9
:108DE000AEADBFAD629789879A87AB87BC87669621
:108DF0002CAD3DAD4EAD5FAD66972D873E874F875D
:108E0000588B0E94C2D09B01AC0128533F4F4F4F5B
:108E10005F4FAE962CAF3DAF4EAF5FAFAE970091B8
:108E2000E4091091E5092091E6093091E709609184
:108E3000E8097091E9098091EA099091EB09061718
:108E400017072807390710F4C901B8010E94AAF1D1
:108E50006A966CAF7DAF8EAF9FAF6A97E0900C0AB9
:108E6000F0900D0A00910E0A10910F0AA090080AC6
:108E7000B090090AC0900A0AD0900B0A9501A60189
:108E8000B701C8010E949CFA181614F475018601F6
:108E90002BAD3CAD4DAD5EADCA01B9010E940BF2E8
:108EA0006DA37DA71C016A962CAD3DAD4EAD5FADA7
:108EB0006A972E966CAD7DAD8EAD9FAD2E970E94BC
:108EC0000BF25B016C019701A801B701C8010E9478
:108ED0000BF27B018C019501A6016DA17DA5C1015D
:108EE0000E949CFA18161CF4ADA2BDA616012DA175
:108EF0003DA5A101B701C8010E94A6F187FF03C0EB
:108F0000EDA2FDA6180149A05AA06BA07CA039E1F2
:108F100026963FAF269741E050E025965FAF4EAFD3
:108F200025970E949EAD0E94C2D0AE960CAD1DAD9D
:108F30002EAD3FADAE97061B170B280B390B101645
:108F40001106120613067CF09B01AC0128533F4F1B
:108F50004F4F5F4FAE962CAF3DAF4EAF5FAFAE976A
:108F600080E00E941F3926963FAD26973150269605
:108F70003FAF269725964EAD5FAD2597BA0190E09D
:108F800080E00E94AAF12A966CAF7DAF8EAF9FAFB2
:108F90002A9726965FAD2697552309F45AC1920168
:108FA000A301A6966CAD7DAD8EAD9FADA6970E9438
:108FB0000BF26B017C0129A53AA54BA55CA5AA96ED
:108FC0006CAD7DAD8EAD9FADAA970E940BF29B015B
:108FD000AC01C701B6010E9475F87B018C019201BA
:108FE000A301AA966CAD7DAD8EAD9FADAA970E94F0
:108FF0000BF24B015C0129A53AA54BA55CA5A696F1
:109000006CAD7DAD8EAD9FADA6970E940BF29B011E
:10901000AC01C501B4010E9474F82B013C01C701E9
:10902000D80189A79AA7ABA7BCA79201A3016E9606
:109030006CAD7DAD8EAD9FAD6E970E9475F8698366
:109040007A838B839C8329A53AA54BA55CA5A29620
:109050006CAD7DAD8EAD9FADA2970E9475F86D830E
:109060007E838F8398872A962CAD3DAD4EAD5FAD44
:109070002A97E2966CAD7DAD8EAD9FADE2970E94D2
:109080000BF262962CAD3DAD4EAD5FAD62970E9486
:1090900075F869877A878B879C872A962CAD3DADBA
:1090A0004EAD5FAD2A97E6966CAD7DAD8EAD9FADB2
:1090B000E6970E940BF266962CAD3DAD4EAD5FADCE
:1090C00066970E9475F86D877E878F87988BCE0193
:1090D00001960E946B8E23962CAD3DAD4EAD5FADDB
:1090E000239769A97AA98BA99CA90E9451F92A966C
:1090F0002CAD3DAD4EAD5FAD2A970E940BF29B01AA
:10910000AC0169A97AA98BA99CA90E9474F86B018A
:109110007C016A962CAD3DAD4EAD5FAD6A97CA013C
:10912000B9010E9475F89B01AC01C701B6010E940C
:109130000BF27B018C012DA13DA5A1010E949CFA9F
:1091400018161CF4EDA0FDA48101C701D801898F78
:109150009A8FAB8FBC8F9E012F5E3F4F4BAD5CADA6
:109160006DAD7EADCE0101960E94D6C88823D1F0A8
:109170002E962CAD3DAD4EAD5FAD2E972D8B3E8B1B
:109180004F8B588F25964EAD5FAD25974F5F5F4F44
:1091900025965FAF4EAF25978DA99EA98417950799
:1091A00009F0BFCE80E1E6E4F7E0DE011196019020
:1091B0000D928A95E1F7CE0101960E946B8E1D8A71
:1091C0001E8A1F8A188E198E1A8E1B8E1C8E9E0167
:1091D0002F5E3F4F4BAD5CAD6DAD7EADCE010196C8
:1091E0000E94D6C880E1E6E4F7E0AFE2BAE0019081
:1091F0000D928A95E1F7EBCC2DEC3CEC4CEC5DE369
:10920000C501B4010E94A6F187FF1FC02DEC3CEC04
:109210004CEC5DE369A97AA98BA99CA90E9451F93C
:109220000E94EAF94B015C0120E030E040E85FE396
:109230000E94A6F187FF06C0812C912C80E8A82E01
:109240008FE3B82EC501B40143CDB101802F9DA19C
:109250003FCD2A962CAD3DAD4EAD5FAD2A976FA99F
:1092600078AD89AD9AAD0E940BF24B015C010E9472
:109270004EF96B017C01C501B4010E94D8FA4B0183
:109280005C01A701960169A17AA18BA19CA10E9412
:109290000BF22B013C012D8D3E8D4F8D58A1C50148
:1092A000B4010E940BF29B01AC01C301B2010E9408
:1092B00075F82B013C01A501940169A17AA18BA14C
:1092C0009CA10E940BF24B015C012D8D3E8D4F8DB8
:1092D00058A1C701B6010E940BF29B01AC01C50168
:1092E000B4010E9474F869A77AA78BA79CA789E1AB
:1092F00026968FAF269799CE20E030E0A901C301D2
:10930000B2010E94A6F1882309F41FCB1D8E1E8E88
:109310001F8E18A2A3019201505829A33AA34BA370
:109320005CA38D8D9E8DAF8DB8A1B05889A79AA7EB
:10933000ABA7BCA7A3019201C301B2010E940BF22B
:109340006B017C012D8D3E8D4F8D58A1CA01B90155
:109350000E940BF29B01AC01C701B6010E9475F897
:109360000E94E2FA2E966CAF7DAF8EAF9FAF2E9724
:1093700080902F0A9090300AA090310AB090320A63
:10938000A3019201C501B4010E9475F86E966CAFFD
:109390007DAF8EAF9FAF6E972091330A3091340A24
:1093A0004091350A5091360A29AB3AAB4BAB5CABD6
:1093B0002D8D3E8D4F8D58A169A97AA98BA99CA9A5
:1093C0000E9475F8A2966CAF7DAF8EAF9FAFA2974B
:1093D00040904607509047076090480770904907B3
:1093E0006E962CAD3DAD4EAD5FAD6E97C301B20133
:1093F0000E9474F86DA37EA38FA398A7C0904A071C
:10940000D0904B07E0904C07F0904D07A2962CAD02
:109410003DAD4EAD5FADA297C701B6010E9474F895
:109420006DA77EA78FA798ABA3019201C501B401D8
:109430000E9474F84B015C012DEB37E346E855EBD5
:109440000E949CFA87FDC4CA2DEB37E346E855E33A
:10945000C501B4010E94A6F118160CF4B9CAA701FF
:10946000960169A97AA98BA99CA90E9474F86B013D
:109470007C012DEB37E346E855EB0E949CFA87FD13
:10948000A7CA2DEB37E346E855E3C701B6010E94B2
:10949000A6F118160CF49CCA28E4222E312C3BEDC0
:1094A000832E3FE0932E39ECA32E30E4B32E9BEDB8
:1094B000C92E9FE0D92E99ECE92E90ECF92E1111CE
:1094C00004CB7501640101CB2F923F924F925F92C2
:1094D0006F927F928F929F92AF92BF92CF92DF92C4
:1094E000EF92FF920F931F93CF93DF93CDB7DEB729
:1094F000CA59D1090FB6F894DEBF0FBECDBF809117
:10950000A809888B8091580690915906A0915A0617
:10951000B0915B06AC01BD0116E176956795579554
:1095200047951A95D1F740FF00C10E943628811156
:1095300007C00E94A42B80E497E00E947E2B0FC1FD
:109540008AE50E94151A882339F10E94F31F2091A1
:1095500082093091830940918409509185090E94C4
:1095600074F86B017C0120E030E040E251ECC7016F
:10957000B6010E949CFA87FD0AC020E030E040E27C
:1095800051E4C701B6010E94A6F1181674F40E94B6
:10959000A42B83E397E0D1CFC090370AD090380A4C
:1095A000E090390AF0903A0ADECF40E050E060ECFB
:1095B0007FE788E50E94212020917A0930917B097C
:1095C00040917C0950917D090E9474F82B013C0167
:1095D00040E050E060EC7FE789E50E942120209187
:1095E0007E0930917F0940918009509181090E9444
:1095F00074F84B015C016FEF89E40E94B81F182FCB
:109600006FEF8AE40E94B81F082FA3019201C301E3
:10961000B2010E9424FB811156C0A5019401C5012D
:10962000B4010E9424FB81114EC020915B07309150
:109630005C0740915D0750915E07C301B2010E9433
:1096400074F8209163073091640740916507509149
:1096500066070E9451F920E030E040E05FE30E949D
:1096600075F80E94B9F9162F20915F0730916007B5
:109670004091610750916207C501B4010E9474F8DE
:1096800020916707309168074091690750916A07F8
:109690000E9451F920E030E040E05FE30E9475F85D
:1096A0000E94B9F9062F812F012E000C990B97FD0E
:1096B00034C00597A4F5802F002E000C990B97FD60
:1096C00030C0059784F5153008F049C0053008F022
:1096D00046C080E00E944B2825E01202F0011124D0
:1096E000E00FF11D07FDFA95EE0FFF1FEE0FFF1FB4
:1096F000E559F84FC082D182E282F3820E948E2A1D
:10970000602F812F0E94CCA08889882341F181E0BD
:109710000E944B280E94889122C010E0CCCF14E018
:10972000CACF00E0D0CF04E0CECF79E0B695A795C0
:10973000979587957A95D1F780FD0CC070E060E031
:1097400086E50E94E61F9A838983059710F18EE0D3
:1097500097E0F3CE80E00E944B280E940F2BC65664
:10976000DF4F0FB6F894DEBF0FBECDBFDF91CF91B4
:109770001F910F91FF90EF90DF90CF90BF90AF902F
:109780009F908F907F906F905F904F903F902F9021
:10979000089560E084E40E94D11F8F8740E050E08C
:1097A000BA018AE50E9421206BA77CA78DA79EA7FE
:1097B00040E050E669EF75E483E50E9421206B01EB
:1097C0007C0120E030E040E752E40E94A6F187FFF0
:1097D00012C040E050E060E772E48FEE96E00E9435
:1097E000942B82EE96E00E947E2BC12CD12C60E758
:1097F000E62E62E4F62E20E030E040E752E4C701B6
:10980000B6010E9451F960934F0270935002809309
:109810005102909352020091250E1091260EF801EC
:10982000C080D180E280F38020E030E0A901C70150
:10983000B6010E9475F8C956DF4F6883C759D040FA
:10984000C856DF4F7883C859D040C756DF4F88834A
:10985000C959D040C656DF4F9883CA59D04020E03E
:1098600030E040E251E40E94A6F187FF16C0C956DD
:10987000DF4F1882C759D040C856DF4F1882C859E9
:10988000D040F0E2C756DF4FF883C959D04021E4F9
:10989000C656DF4F2883CA59D04020E030E046E961
:1098A00053E4C701B6010E9475F8CD56DF4F6883B7
:1098B000C359D040672ECC56DF4F8883C459D0405F
:1098C000CB56DF4F9883C559D04020E030E041E9C6
:1098D00053E40E949CFA181694F4CD56DF4F188278
:1098E000C359D040612C81E9CC56DF4F8883C459DD
:1098F000D04093E4CB56DF4F9883C559D040F80150
:1099000084809580A680B78020E030E0A901C50161
:10991000B4010E9475F87B018C0120E030E040E248
:1099200051E40E94A6F187FF04C0E12CF12C00E273
:1099300011E420E030E046E953E4C501B4010E949F
:1099400075F8B62EC72ED82ECA56DF4F9883C65943
:10995000D04020E030E041E953E40E949CFA181620
:1099600054F4B12CC12C51E9D52EF3E4CA56DF4F83
:10997000F883C659D04088E40E94C719882309F4A7
:1099800057C20E94F31F0E94B9F91B0177FF02C062
:109990006F5F7F4F759567957195619571096A56EF
:1099A0007F4F072E000C880B990B0E94ACF1762E8E
:1099B000872E982EA92E9701A8010E949CFA1816AE
:1099C00024F4E72CF82C092D1A2DC956DF4F2881D5
:1099D000C759D040C856DF4F3881C859D040C75604
:1099E000DF4F4881C959D040C656DF4F5881CA5908
:1099F000D040672D782D892D9A2D0E949CFA18163B
:109A0000A4F0C956DF4F7880C759D040C856DF4F01
:109A10008880C859D040C756DF4F9880C959D04078
:109A2000C656DF4FA880CA59D040872D982DA92D42
:109A3000BA2D8B8B9C8BAD8BBE8BC701D8018F8BC6
:109A4000988FA98FBA8FB101330C880B990B0E94A4
:109A5000ACF11B012C01AC019B01B701C8010E94B4
:109A600075F87B018C012B2D3C2D4D2DCA56DF4FF7
:109A70005881C659D0400E94A6F187FF08C0BE2C6D
:109A8000CF2CD02ECA56DF4F1883C659D040A20122
:109A90009101672D782D892D9A2D0E9475F87B01F3
:109AA0008C01CD56DF4F2881C359D040362DCC567E
:109AB000DF4F4881C459D040CB56DF4F5881C5593C
:109AC000D0400E94A6F187FF10C0CD56DF4FE8823C
:109AD000C359D0406F2CCC56DF4F0883C459D040B7
:109AE000CB56DF4F1883C559D040CD56DF4F888104
:109AF000C359D040962DCC56DF4FA881C459D040D1
:109B0000CB56DF4FB881C559D0408B8F9C8FAD8F1E
:109B1000BE8F8B2D9C2DAD2DCA56DF4FB881C659F7
:109B2000D0408F8F98A3A9A3BAA3CE0143960E94D9
:109B3000D8CA882309F4CBC1CE014B960E94D8CA5B
:109B4000D82E882309F4C3C12F89388D498D5A8DA9
:109B50006F8D78A189A19AA10E9474F820E030E06D
:109B600040E85EE30E940BF24B015C012B893C89CB
:109B70004D895E896B8D7C8D8D8D9E8D0E9474F8D4
:109B800020E030E040E85EE30E940BF26BA37CA390
:109B90008DA39EA38FA298A6A9A6BAA689819A8111
:109BA000181619066CF480EB96E00E947E2B8F85C8
:109BB000882321F086EA96E00E947E2B0E94AA2B41
:109BC0000E942D830E942C8F80E00E944B2820E071
:109BD00041E060E070E080E291E40E9434908F8583
:109BE000811146C020916307309164074091650759
:109BF000509166076BA17CA18DA19EA10E94A6F148
:109C0000811130C020916707309168074091690742
:109C100050916A076FA178A589A59AA50E94A6F11F
:109C2000811120C020915B0730915C0740915D0756
:109C300050915E076B897C898D899E890E94A6F16F
:109C4000811110C020915F0730916007409161073A
:109C5000509162076F89788D898D9A8D0E94A6F147
:109C6000882331F080E00E944B280E940F2B188A35
:109C700060E085E40E94D11F882309F42BC121E014
:109C8000CD56DF4F2883C359D0401B861C861D86C6
:109C90001E861A8A26E7A22E26E0B22E34E8832EEC
:109CA00036E0932E0A8905300CF022C16B857C8545
:109CB0008D859E859B01AC010E9424FB811118C1FA
:109CC000CC24C39495E0392ED11005C0CC24CA947D
:109CD00033243A9484E091E0D926102F110F110F0C
:109CE000100F1F5F898B09896A89031509F4FCC06D
:109CF000062E000C770B880B990B0E94ACF12FA15C
:109D000038A549A55AA50E940BF22F89388D498D97
:109D10005A8D0E9475F82B013C01602F000F770BC4
:109D2000880B990B0E94ACF12BA13CA14DA15EA127
:109D30000E940BF22B893C894D895E890E9475F83F
:109D40006B837C838D839E834F82588669867A8657
:109D500089819A81892B91F082E996E00E947E2B7D
:109D6000812F0E94811F80E996E00E947E2B89E16D
:109D70000E94811F8DE896E00E947E2B1F92E9E1F0
:109D8000EF931F921F93BF92AF929F928F921F9259
:109D90000E94EAD02F81388549855A856B817C8164
:109DA0008D819E81E980CD56DF4F0881C359D04017
:109DB0000E940ACC2B013C014B865C866D867E8618
:109DC0000FB6F894DEBF0FBECDBFAC019B010E9461
:109DD00024FB811186C009892A8825E002037001CD
:109DE0001124E20CF11C27FCFA94EE0CFF1CEE0C83
:109DF000FF1C81E090E08C0F9D1FE80EF91EA3016F
:109E000092016BA57CA58DA59EA50E9475F8F70112
:109E100066A777A780AB91AB622D802F0E94CCA064
:109E2000188A81E00E941F391F5F89898C0D5ACFE3
:109E3000A701B80186E40E9421201B012C01C9560C
:109E4000DF4F4881C759D040C856DF4F5881C859A5
:109E5000D040C756DF4F6881C959D040C656DF4F42
:109E60007881CA59D0408CE40E9421206B8B7C8B76
:109E70008D8B9E8B2F8A388E498E5A8E4B2D5C2D62
:109E80006D2DCA56DF4F7881C659D04082E40E94BA
:109E900021206B017C01CD56DF4F4881C359D04052
:109EA000562DCC56DF4F6881C459D040CB56DF4F7A
:109EB0007881C559D04082E50E9421206B8F7C8F2C
:109EC0008D8F9E8FCF8ED8A2E9A2FAA22ECE86ECDD
:109ED00096E033CB83E0CD56DF4F8883C359D04023
:109EE000D4CE88890E944B288A898F5F8A8BDACEEC
:109EF0000E943CCA80E00E94B427882359F08889D8
:109F00000E944B2880E090E0A0ECBFE78B879C8705
:109F1000AD87BE876B857C858D859E859B01AC0159
:109F20000E9424FB811110C08F85882381F0CE010F
:109F30008F960E9484328F85882319F08889882320
:109F400019F081E00E944B280E94138FE3CBBE01E1
:109F50006D5E7F4FCE0183960E94A22A84E6FE01A9
:109F6000BF96ABE6B7E001900D928A95E1F70E94AB
:109F70008E2A90E080E0DDCFCF93C82F8091E30957
:109F800083FD0AC00E94651A882331F080911D026A
:109F900090911E020E94979780EE9CE20E94D997B2
:109FA000CC2329F061E080E0CF910C94E8A6809169
:109FB0005A0791E0892780933109809131098823DC
:109FC000F1F020E030E040E05FE36091A70D709198
:109FD000A80D8091A90D9091AA0D0E9475F80E947C
:109FE000B9F92091AB0D3091AC0D621B730B77FF6B
:109FF00003C07195619571096230710544F4109246
:10A0000031098091E30983FF06C081E00FC080E041
:10A010000E941F39D2CF0E94651A8823B1F30E9493
:10A02000A72B80EA95E00E947E2B80E0CF910895D7
:10A03000CF92DF92EF92FF92CF93DF936B017C017F
:10A04000D42FC091690583E08093690581E08093F6
:10A050003E07C114D104E104F10431F00E94C2D0E2
:10A06000C60ED71EE81EF91E80913E078823C1F058
:10A07000C114D104E104F10421F48D2F0E941F3991
:10A08000F3CF0E94C2D0A7019601261B370B480BC5
:10A09000590BDA01C901181619061A061B066CF3CA
:10A0A00010923E07C0936905DF91CF91FF90EF902A
:10A0B000DF90CF900895009719F0019789F00895E7
:10A0C0001092900082E0809391001092950010927F
:10A0D0009400C19A8091710082608093710008950C
:10A0E0001092A00082E08093A1001092A50010922F
:10A0F000A40089BB8093720008957F928F929F92F3
:10A10000AF92BF92CF92DF92EF92FF920F931F9385
:10A11000CF93DF936C01EB01FC018081883108F063
:10A12000C4C090E0FC01EE0FFF1FE80FF91FE353DE
:10A13000F24F80818F770E94AAC9F60111821282A4
:10A1400080812CE0622F0E9427F8829FB0011124A9
:10A1500030E020E0AB01420F531FFA01EE0FFF1F6A
:10A16000E40FF51FE353F24F908197FD07C02F5F77
:10A170003F4F2C30310571F790E09DDFF601708084
:10A18000E72CF12C8701000F111FF801EE0DFF1DC8
:10A19000E353F24F80818068808377FC86C0C032B1
:10A1A000F2E0DF070CF040C0F601828128E532E0E2
:10A1B000281B310987FD3395220F331F220F331FD0
:10A1C000032E000C440B550B818178E8872E912CCF
:10A1D000881A910887FD9394880C991C880C991C07
:10A1E000092C000CAA08BB0860E070E0CB01D7FD89
:10A1F0000AC0BE01C53BD10514F064EB70E0072E28
:10A20000000C880B990B281939094A095B090E942F
:10A21000C1F724EB30E040E050E00E94F2F7820EFC
:10A22000931EA41EB51EE401F7E1F71558F1F601DF
:10A230002281318188E890E0831B910937FD939555
:10A24000880F991F880F991FC817D90774F088E5E0
:10A2500092E0821B910927FD9395880F991F880F23
:10A26000991FC817D9070CF4CE012FB7F8940E0D1B
:10A270001F1DF801E353F24F0297880F991F928335
:10A2800081832FBF62E370E080E090E0DF91CF91A7
:10A290001F910F91FF90EF90DF90CF90BF90AF9004
:10A2A0009F908F907F900C94AC37DF91CF911F914E
:10A2B0000F91FF90EF90DF90CF90BF90AF909F9065
:10A2C0008F907F9008950F931F93CF93C82F8B018A
:10A2D00086E19EE00E94791AC817B1F06C2F70E0F9
:10A2E00086E19EE00ADFF8016081718182819381BD
:10A2F000643FF1E07F078105910520F464EF71E090
:10A3000080E090E00E94AC378091000183FB8827B9
:10A3100080F9CF911F910F910895CF93DF9300D0D3
:10A320001F92CDB7DEB78EEE92E0A0E0B0E0898359
:10A330009A83AB83BC83BE016F5F7F4F8AE5C3DF27
:10A340000F900F900F900F90DF91CF910895CF93C2
:10A35000DF9300D01F92CDB7DEB78EEE92E0A0E083
:10A36000B0E089839A83AB83BC83BE016F5F7F4F6C
:10A370008AE0A9DF0F900F900F900F90DF91CF919F
:10A380000895CF93DF9300D01F92CDB7DEB784EF4F
:10A3900091E0A0E0B0E089839A83AB83BC83BE01E7
:10A3A0006F5F7F4F80EA8FDF0F900F900F900F90BD
:10A3B000DF91CF910895CF92DF92EF92FF921F939A
:10A3C000CF93DF9300D01F92CDB7DEB78EEEC82EAD
:10A3D00082E0D82EE12CF12CC982DA82EB82FC8259
:10A3E000BE016F5F7F4F8AE56EDF81110EC010E006
:10A3F000812F0F900F900F900F90DF91CF911F91B1
:10A40000FF90EF90DF90CF900895BBDFC982DA8292
:10A41000EB82FC82BE016F5F7F4F8AE554DF182F0D
:10A42000882329F30E94EB95E3CFCF92DF92EF923E
:10A43000FF921F93CF93DF9300D01F92CDB7DEB76B
:10A440008EEEC82E82E0D82EE12CF12CC982DA8261
:10A45000EB82FC82BE016F5F7F4F8AE034DF8111A7
:10A460000EC010E0812F0F900F900F900F90DF9192
:10A47000CF911F91FF90EF90DF90CF90089581DFF3
:10A480004CDF65DF4ADFC982DA82EB82FC82BE01E3
:10A490006F5F7F4F8AE017DF182F882311F30E9428
:10A4A000EB95E0CF1F920F920FB60F9211240BB6CF
:10A4B0000F922F933F934F935F936F937F938F935D
:10A4C0009F93AF93BF93EF93FF9348EA50E064EA02
:10A4D00070E081E090E00E94A622FF91EF91BF9191
:10A4E000AF919F918F917F916F915F914F913F912C
:10A4F0002F910F900BBE0F900FBE0F901F901895CD
:10A500001F920F920FB60F9211240BB60F922F933A
:10A510003F934F935F936F937F938F939F93AF93EB
:10A52000BF93EF93FF9348E950E064E970E090E057
:10A5300080E00E94A622FF91EF91BF91AF919F9181
:10A540008F917F916F915F914F913F912F910F90DC
:10A550000BBE0F900FBE0F901F90189580915C0658
:10A560008823D1F10FB607FC2DC090915D06809134
:10A570005E06981304C08091D00086FD2DC08091A6
:10A58000D00085FF1EC080915E0620915D0682137B
:10A5900006C08091D1008F7D8093D10012C0E82F3A
:10A5A000F0E0E35AF94F92818F5F8F729093D6005B
:10A5B00080935E069091D00090649093D00028170D
:10A5C00041F3D3CF90915D0680915E06981303C04E
:10A5D0008091D00086FFF6CF0895CF93DF9300D00F
:10A5E00000D01F921F92CDB7DEB7FE01339696E0E2
:10A5F000DF011D929A95E9F79AE5998395EA9A8386
:10A600008C834D836E8348E0BE016F5F7F4F80EB8C
:10A6100090E00E941824A2DF62E370E080E090E006
:10A620000E9428D028960FB6F894DEBF0FBECDBF8B
:10A63000DF91CF910895CF93DF9300D000D01F9288
:10A640001F92CDB7DEB7FE01339696E0DF011D9273
:10A650009A95E9F79AE5998395EA9A8391E0988724
:10A660008C834D836E8348E0BE016F5F7F4F80EB2C
:10A6700090E00E94182472DF62E370E080E090E0D6
:10A680000E9428D028960FB6F894DEBF0FBECDBF2B
:10A69000DF91CF9108958091B9069091BA062FEF7E
:10A6A0003FEF981751F0E92FF0E0E754F94F22817E
:10A6B00030E09F5F9F779093BA06C90108951F927B
:10A6C0000F920FB60F9211240BB60F922F938F9308
:10A6D0009F93EF93FF9380915E0620915D06821316
:10A6E00006C08091D1008F7D8093D10012C0E82FE9
:10A6F000F0E0E35AF94F92818F5F8F729093D6000A
:10A7000080935E069091D00090649093D0002817BB
:10A7100041F3FF91EF919F918F912F910F900BBE7D
:10A720000F900FBE0F901F9018951F920F920FB6AB
:10A730000F9211240BB60F922F938F939F93EF9349
:10A74000FF939091D6002091BA06E091B90681E07E
:10A750008E0F8F77281729F0F0E0E754F94F928396
:10A76000E82FE093B906FF91EF919F918F912F9180
:10A770000F900BBE0F900FBE0F901F9018951F9259
:10A780000F920FB60F9211240BB60F922F938F9347
:10A790009F93EF93FF939091CE002091400AE09118
:10A7A0003F0A81E08E0F8F77281729F0F0E0E15CF7
:10A7B000F54F9283E82FE0933F0AFF91EF919F912D
:10A7C0008F912F910F900BBE0F900FBE0F901F9087
:10A7D00018951F920F920FB60F9211240F900FBE73
:10A7E0000F901F9018951F920F920FB60F92112481
:10A7F0000F900FBE0F901F9018951F920F920FB6DB
:10A800000F9211240BB60F922F938F939F93EF9378
:10A81000FF939091C6002091C20AE091C10A81E0A5
:10A820008E0F8F77281729F0F0E0EF53F54F9283C2
:10A83000E82FE093C10AFF91EF919F918F912F91A3
:10A840000F900BBE0F900FBE0F901F9018958EBDEE
:10A850000DB407FEFDCF08958FEF8EBD0DB407FE3A
:10A86000FDCF8EB50895909164009B7F9093640016
:10A87000982F906A96959CBD80FD03C091E086302C
:10A8800009F490E09DBD08950F931F93CF93DF933C
:10A89000CDB7DEB76B970FB6F894DEBF0FBECDBF56
:10A8A000FB01018110E08091B6069091B706800F00
:10A8B000911F0E94CEDB882309F457C080918A0D36
:10A8C00085FF66C01092B7061092B6068FEF9FEF15
:10A8D00090930F0280930E028091430B02E919E0DE
:10A8E000882311F003E41BE019821C828091B915C2
:10A8F0006BE975E1882311F066EB75E121E0A801B1
:10A90000CE0101960E9491A88823D1F18BE1FE012E
:10A910003196A6EBB5E101900D928A95E1F7809111
:10A920008A0D8F7B80938A0DA0917F0DAA3080F4D1
:10A9300081E08A0F80937F0D8BE18A9FD0011124E3
:10A94000AF52BA4EE6EBF5E101900D928A95E1F730
:10A950008FEF9FEF9093270280932602CE010196FE
:10A960000E94EE2781E0809340076B960FB6F89423
:10A97000DEBF0FBECDBFDF91CF911F910F91089524
:10A980000E94A72BB80186E097E10E942FDFE6CF57
:10A990008091B6069091B706080F191F10930F0209
:10A9A00000930E02DFCFFB0181818F3F91F088235E
:10A9B00041F08E3FF9F446E060E070E0CB010E9488
:10A9C0009F980E94D09760E070E0CB010E94A4970E
:10A9D00006C046E060E070E0CB010E949F9840E333
:10A9E00055E760E070E08CE497E10E947A9981E09D
:10A9F000809340070895CF93DF93FB01C081D181FD
:10AA0000DC27CD27DC27FC01808191818131F0E2B8
:10AA10009F0731F08231904281F0DF91CF9108950C
:10AA2000BE01DD0F880B990B0E94ACF146E00E943D
:10AA30009F9881E080934007F0CF0E94D097BE019D
:10AA4000DD0F880B990B0E94ACF10E94A497F1CF07
:10AA5000FB018181823091F0833019F18130E9F47A
:10AA60000E94D09760E070E088E493E40E94A4978D
:10AA700046E060E070E080E792E40DC00E94D0976D
:10AA800060E070E080E793E40E94A49746E060E015
:10AA900070E080EA92E40E949F9881E080934007F2
:10AAA00008950E94D09760E070E080E793E4DECFE5
:10AAB0002F923F924F925F926F927F928F929F92CE
:10AAC000AF92BF92CF92DF92EF92FF920F931F93BC
:10AAD000CF93DF93CDB7DEB762970FB6F894DEBFA2
:10AAE0000FBECDBF0E94DF3487FDD3C38AE59DE250
:10AAF0000E94D99785E40E94151A812C912CA12CD3
:10AB000030E4B32E882379F00E94F31F4B015C01DF
:10AB100020E030E0A9010E949CFA87FF04C0B7FA48
:10AB2000B094B7F8B0948CE0E7EFF3E0DE01119653
:10AB300001900D928A95E1F788E50E94151A882305
:10AB400051F040E050E0BA0188E50E94212069837D
:10AB50007A838B839C8389E50E94151A882351F0A0
:10AB600040E050E0BA0189E50E9421206D837E8398
:10AB70008F8398878AE50E94151A882351F040E058
:10AB800050E0BA018AE50E94212069877A878B8785
:10AB90009C87C090D407D090D507E090D607F0905E
:10ABA000D70785E50E94151A882321F00E94F31F1C
:10ABB0006B017C0120E030E0A901C701B6010E94D1
:10ABC0009CFA87FF04C0F7FAF094F7F8F0946AE073
:10ABD00070E082E40E94E61F8091B408811159C39D
:10ABE00061E082E597E00E94152D41E15AE16FE6B0
:10ABF00077E085E00E94C2CA1091B40881E0810F1D
:10AC00008093B4080E942D388E87882341F080916C
:10AC10008A0D8B7F80938A0D1E5F1093B4080E946B
:10AC2000969580E1EFE2FAE0A0E5B5E001900D92A3
:10AC30008A95E1F787E00E94DA8D8D87811157C1EF
:10AC400029852F878A85888B2B85298B8C858A8BF4
:10AC50002090370A3090380A4090390A50903A0ACA
:10AC600020E030E040E050E4C201B1010E9475F8FC
:10AC70003B018C0120E030E048EC53E40E949CFA58
:10AC8000181624F4612C712C08EC13E49301A8012C
:10AC90006F85788989899A890E949CFA181624F40C
:10ACA0006F84788809891A89A2019101B301C801CA
:10ACB0000E9474F82E85222351F02091CF07222381
:10ACC00031F041E02D85211140E00E94C9210E9410
:10ACD0002D8320E030E0A901C501B4010E94A6F156
:10ACE000882369F00E949882811109C0C501B401CE
:10ACF000905820E030E040E752E40E949F908D851C
:10AD00008111E0C2BE016F5F7F4F0E94149620E068
:10AD100030E0A901C701B6010E94A6F1882309F419
:10AD200051C062E080E028D9882309F44BC08CE44C
:10AD30009DE20E94D99720E030E040E752E460E0D5
:10AD400070E080E591EC0E949F9068E873E180E0FC
:10AD500090E00E94AC3720E030E048EC51E460E045
:10AD600070E088EA91E40E949F9080901C0A909085
:10AD70001D0AA0901E0AB0901F0A80E090E0A8EC87
:10AD8000B1E480931C0A90931D0AA0931E0AB0930D
:10AD90001F0AC701B601905820E030E040E251E4BC
:10ADA0000E949F9080921C0A90921D0AA0921E0AF7
:10ADB000B0921F0A0E94A08164E670E080E090E0FB
:10ADC0000E94AC370E94A08164E670E080E090E0D1
:10ADD0000E94AC3760E083E00E948CCA0E94A72BDF
:10ADE00085E797E00E947E2B0E94C2D06853704591
:10ADF0008F4F9F4F6093E5077093E6078093E707B7
:10AE00009093E8071092E9071091690583E0809319
:10AE1000690583EE97E00E94912D83EE97E00E94F2
:10AE2000D99781E080933E0780913E07882309F4FB
:10AE300063C08091E907882309F455C08DEE9CE238
:10AE40000E94D9970E94A72B86EC97E00E947E2B48
:10AE500040E067EB77E082E00E946C2D80EB97E0AA
:10AE60000E94482D0E94642D87EB97E00E94D9979D
:10AE700041E060E070E0CB01DBD840E063EA77E0DE
:10AE800085E00E946C2D0E94642D83EA97E00E9469
:10AE90006FC70E94D09760E080E06ED860E083E0EA
:10AEA0000E948CCA0E94A72B85E797E00E947E2B08
:10AEB0000E94C2D0685370458F4F9F4F6093E50743
:10AEC0007093E6078093E7079093E8071092E907ED
:10AED00087E997E00E94912D87E997E00E94D99732
:10AEE00081E080933E0781E00E941F399DCF60E0A2
:10AEF00070E080E090E4DECE1093690570E060E0E1
:10AF000082E50E94E61F8C01C090D007D090D10747
:10AF1000E090D207F090D3078CE40E94151A8823A2
:10AF200021F00E94F31F6B017C0120E030E0A901B9
:10AF3000C701B6010E949CFA87FF04C0F7FAF0949B
:10AF4000F7F8F0948091B408882309F4A2C1B09076
:10AF5000E9070E94D0978091AB0D9091AC0D8017BE
:10AF600091071CF4C8010E94979760E080E004D824
:10AF7000882309F4A5C0BB2061F185E29DE20E940F
:10AF8000D9970E94A72B8EE298E00E947E2BB0906A
:10AF9000690583E08093690581E080933E0780E244
:10AFA00098E00E94D99740E360E178E082E00E9457
:10AFB0006C2D85EE98E00E94482D0E94642D8091B2
:10AFC0003E07882321F081E00E941F39F8CFB0921C
:10AFD000690588E19DE20E94D99720E030E0A9014F
:10AFE000C701B6010E94A6F1882321F180901C0AB6
:10AFF00090901D0AA0901E0AB0901F0A80E090E079
:10B00000A8ECB1E480931C0A90931D0AA0931E0A39
:10B01000B0931F0A20E030E040EC50E4C701B601D5
:10B020000E949F9080921C0A90921D0AA0921E0A74
:10B03000B0921F0A23E0D22E8BE09DE20E94D997A6
:10B0400020E030E040E450E460E070E088E492E426
:10B050000E949F908091620591EFE92E97E0F92E72
:10B06000811104C085EEE82E88E0F82E40E069E00A
:10B0700078E081E00E946C2D8FEF97E00E94482DD0
:10B08000C7010E94482D0E94642DF0906905D0925E
:10B09000690510923E071092630580ED9CE20E94C4
:10B0A000D99780916305811104C081E00E941F3906
:10B0B000F8CFF0926905813009F4BECF0E94682D67
:10B0C000101611063CF4C8010E94979760E080E0DA
:10B0D0000E94E8A68DEF9CE20E94D99760E081E093
:10B0E0000E94BC4F20E030E040E752E460E070E0B6
:10B0F00080E090EC0E949F9087E00E94DA8D8111A1
:10B100005CC080913B0A90913C0AA0913D0AB091AD
:10B110003E0A4091370A5091380A6091390A70917D
:10B120003A0A009154051091550520915605309129
:10B130005705C0905005D0905105E0905205F09011
:10B140005305C0924607D0924707E0924807F09215
:10B15000490700934A0710934B0720934C073093FD
:10B160004D0740934E0750934F07609350077093DD
:10B1700051078093520790935307A0935407B093BD
:10B18000550760E070E088EC92E40E9460B3809123
:10B19000580590915905A0915A05B0915B0580938F
:10B1A0004E0790934F07A0935007B093510760E06C
:10B1B00070E080EA90E40E9460B320E030E040E775
:10B1C00052E460E070E080E090E40E949F90C090C4
:10B1D0005C05D0905D05E0905E05F0905F0520E095
:10B1E00030E0A901C701B6010E94A6F187FF08C09F
:10B1F00020E030E040E752E4C701B6010E949F9092
:10B2000080915C0590915D05A0915E05B0915F0510
:10B2100080933B0A90933C0AA0933D0AB0933E0A68
:10B220008093520790935307A0935407B093550708
:10B230000E94D69061E080E598E00E94152D8091F3
:10B24000B40881508093B40841E15AE168E578E0A0
:10B2500085E00E94C2CA80919F09823011F40E9449
:10B2600071958091B408882381F081508093B4084F
:10B270000E9490D28091CF07882339F040E060E0AF
:10B2800070E080E090E40E94C9210E9411350E9484
:10B290003CCA62960FB6F894DEBF0FBECDBFDF91F9
:10B2A000CF911F910F91FF90EF90DF90CF90BF90C3
:10B2B000AF909F908F907F906F905F904F903F9056
:10B2C0002F90089589E597E00E946FC720CD2F92B7
:10B2D0003F924F925F926F927F928F929F92AF9226
:10B2E000BF92CF92DF92EF92FF920F931F93CF9373
:10B2F000DF93CDB7DEB7E1970FB6F894DEBF0FBE90
:10B30000CDBF89AB2091690528AB21E02093690569
:10B31000809189058D3409F4FCC2843509F443C059
:10B320008734E9F420918705309188052B31310568
:10B3300009F481C0B8F42430310558F422303105C5
:10B3400080F181E02230310509F080E00E946E43F7
:10B350002AC02430310579F12531310521F10E94CF
:10B3600022DE21C02A32310509F44EC160F42D31AC
:10B37000310509F417C108F481C02E31310579F780
:10B380000E94B96E10C02B35310509F41BC22C3553
:10B39000310509F41BC22A35310509F71092BF1493
:10B3A00002C00E94EB2089A981110C941A630E94AB
:10B3B00061CA0C941A6380E50E94151AC12CD12C25
:10B3C0007601882321F00E94871F6B017C0183E5B1
:10B3D0000E94151A882361F00E94F31F20E030E0DC
:10B3E0004AE754E40E940BF20E94BEF96B017C0113
:10B3F0000E942D83C114D104E104F104A1F28091D3
:10B400007E14811104C084E798E00E946FC70E94F7
:10B41000C2D04B015C010E94C2D0681979098A0927
:10B420009B096C157D058E059F0508F0BCCF80E05B
:10B430000E941F39F0CF87E00E9435AB8111B3CF56
:10B4400070E060E080E50E94E61F8530910578F4A9
:10B450009CE0E3E0F4E0DE01119601900D929A95F4
:10B46000E1F7BE016F5F7F4F0E9414969CCF6DE79E
:10B4700078E085E998E00E940C2D95CF87E00E9446
:10B48000DA8D811111C08091580690915906A091D2
:10B490005A06B0915B061EE0B695A79597958795DD
:10B4A0001A95D1F780FD7FCF0E942D830E94C2D0D4
:10B4B000609386097093870980938809909389091E
:10B4C0001092360280E00E944B280E942C8F81E06F
:10B4D000809323090E940493C0905806D090590687
:10B4E000E0905A06F0905B06A9E1F694E794D794B1
:10B4F000C794AA95D1F7C0FE0DC081E00E94DA8DF5
:10B50000182F82E00E94DA8D11110C94316E11E037
:10B51000811101C010E08091580690915906A091C8
:10B520005A06B0915B06F7E1B695A7959795879572
:10B53000FA95D1F780FF02C00C94256D112311F408
:10B540000C94286D012F10E08C2D8170982E0C9496
:10B55000386D41E060E070E080EA90E40C94226E87
:10B5600081EB98E00E946FC70E94A72B8FE998E0BB
:10B570000E947E2B0E942D918091220980932309A5
:10B58000992049F04091790921E060E070E080EA7B
:10B5900090E40E9434900E94138F0E94889103CF00
:10B5A000982EE8CF0E94C2D06093860970938709D5
:10B5B00080938809909389098091A80981111DC001
:10B5C0008091580690915906A0915A06B0915B0659
:10B5D0006DE0B695A795979587956A95D1F780FF09
:10B5E00004C082EC98E00E94636E87E00E9435AB55
:10B5F0008111D9CE0E94644AD6CE60E08FE40E94C9
:10B60000D11F8823E9F2CFCE80917409833008F4EA
:10B61000CACE89E40E94151AE82E00E0882319F0AA
:10B620000E94E31F082F8AE40E94151AF82E10E0EA
:10B63000882319F00E94E31F182FEE2011F0053027
:10B6400020F4FF2039F0153028F086EC98E00E94B5
:10B650007E2BA9CE80E1EFE2FAE0A6E4B7E001900C
:10B660000D928A95E1F7EE2011F1602F70E090E0E5
:10B6700080E00E94ACF12091630730916407409113
:10B680006507509166070E940BF220915B0730918D
:10B690005C0740915D0750915E070E9475F86093CA
:10B6A0004607709347078093480790934907FF2008
:10B6B00011F1612F70E090E080E00E94ACF12091E8
:10B6C0006707309168074091690750916A070E94A7
:10B6D0000BF220915F073091600740916107509114
:10B6E00062070E9475F860934A0770934B07809336
:10B6F0004C0790934D078091580690915906A09160
:10B700005A06B0915B065FE0B695A7959795879529
:10B710005A95D1F780FF38C0EE20D1F0E091250E88
:10B72000F091260E2081318142815381609146073C
:10B730007091470780914807909149070E9474F8DB
:10B740006093460770934707809348079093490793
:10B75000FF20D1F0E091250EF091260E2481358155
:10B760004681578160914A0770914B0780914C0741
:10B7700090914D070E9474F860934A0770934B07AD
:10B7800080934C0790934D0740E050E0BA0186E467
:10B790000E9421206B017C0120E030E0A9010E9481
:10B7A0009CFA18165CF420E030E040E752E4C70150
:10B7B000B6010E9451F90E9460B3F5CD60E070E0DF
:10B7C000CB01F9CF8FE08093BF14EDCD809186053A
:10B7D000882381F1893009F0E6CD3FE0A32E34E0E3
:10B7E000B32E4FE2C42E4AE0D42EE12C10E000E04C
:10B7F000D5018D915D010E94151AF82E882361F004
:10B80000033011F0E82EF12E0E94F31FF601608341
:10B810007183828393831F2D0F5FF4E0CF0ED11CC1
:10B82000043031F7EE2009F464C00E942D910E948B
:10B830008891B9CD8FE094E099A788A79AE7692EFF
:10B8400099E0792E2FE2422E2AE0522E10E000E0FD
:10B85000A8A5B9A58D91B9A7A8A70E94151A382E39
:10B860008823E9F10E94F31F6B017C01033049F04A
:10B87000F30120813181428153810E9474F86B0170
:10B880007C01D2012D913D914D915C91C701B60192
:10B890000E9474F84B015C012DEB37E346E855EB51
:10B8A0000E949CFA87FD0AC02DEB37E346E855E37A
:10B8B000C501B4010E94A6F118168CF40330F9F00A
:10B8C000A5019401F30160817181828193810E94BD
:10B8D00075F8D3016D937D938D939C9313970F5FB0
:10B8E000B4E06B0E711CE4E04E0E511C043009F004
:10B8F000AFCF112309F49BCF0E94D69098CFC0926E
:10B900003B0AD0923C0AE0923D0AF0923E0A132D87
:10B91000E6CF80918705909188058837910511F4CD
:10B920000C94FD6508F0D2C18135910509F4C5C7B5
:10B9300008F03DC18931910509F47FC508F0E3C0E5
:10B940008431910509F410C508F084C08131910556
:10B9500009F4CDC408F058C0029708F000CD80E586
:10B960000E94151AC12CD12C7601882321F00E9447
:10B97000871F6B017C0183E50E94151A882361F003
:10B980000E94F31F20E030E04AE754E40E940BF2EB
:10B990000E94BEF96B017C010E942D838091840579
:10B9A00090918505009709F48FC40E94DB230091D4
:10B9B0008405109185050115110509F48AC40E94BA
:10B9C000682D82E080938C0960E08FED98E00E9402
:10B9D0002E2DB0907B158FEF80937B1580E20E9417
:10B9E0007F1FC8010E942A280E94AA2BB0927B15B3
:10B9F00085EE98E00E94482D0E94642D40E0C7012A
:10BA0000B6010E941850CFCC429709F0A8CC83E52C
:10BA10000E94151A882309F476C70E94C2D0609349
:10BA200086097093870980938809909389090E94F9
:10BA3000F31F20E030E04AE754E40E940BF20E943A
:10BA4000BEF9609302027093030280930402909304
:10BA50000502A9CC8631910509F4BBC408F4B5C42C
:10BA60008731910509F4D6C4489709F078CC0E9433
:10BA7000D09761E080E00E94E8A683E50E94151A55
:10BA8000882321F00E94971F0E94ED1E84E50E94EA
:10BA9000151A8823A9F00E94971F6B017C010E9450
:10BAA0005695C0924107D0924207E0924307F09228
:10BAB0004407CD28CE28CF2819F081E080939F0934
:10BAC0000E94D037882381F00E9490D20E941B38B8
:10BAD00087E095E10E9439D210926E0B10926F0BA5
:10BAE0001092700B1092710B61E081E497E10E945B
:10BAF000152D41E15AE166E579E085E00E94C2CA70
:10BB00000E943CCA50CC8E31910509F445C598F489
:10BB10008B31910509F4DAC408F4C5C48C31910560
:10BB200009F432C54D9709F01ACC80918A0D8E7FA9
:10BB300080938A0D38CC8B34910509F45BC560F590
:10BB40008F31910509F438C5809709F008CC0E941F
:10BB50002D3881110E942D8380918A0D84FF23CC82
:10BB600060E080E50E94D11F182F682F8091840526
:10BB7000909185050E9430DE83E50E94151A882386
:10BB800021F00E94971F0E94ED1E0E9490D2111179
:10BB90000ACC0E941B3807CC8C34910509F42EC5C1
:10BBA0008D34910509F0DBCB0E94B295FCCB8C362D
:10BBB000910509F4F5C508F054C08C35910509F4D8
:10BBC000F2C688F58335910509F495C608F48BC64D
:10BBD0008435910509F41BCF8535910509F0BFCB5C
:10BBE00083E50E94C719882309F4BFC60E94C2D00A
:10BBF00060938609709387098093880990938909D7
:10BC00000E94F31F20E030E04AE754E40E940BF268
:10BC10000E94BEF960936405709365058093660584
:10BC200090936705C0CB8936910509F4F5C440F4BB
:10BC30008836910509F093CB80E00E942035B3CB84
:10BC40008A36910509F412C58B36910509F087CB28
:10BC500060E080E50E94B81F8111A5CB10927C1492
:10BC6000A2CB8137910509F4DBC5A8F48E36910586
:10BC700009F41EC508F4CBC48F36910509F44DC5EF
:10BC80008037910509F06BCB41E070E060E080EE19
:10BC900099E00E942D378537910509F447C758F47C
:10BCA0008237910509F43AC78337910509F057CBDC
:10BCB0000E94C22B78CB8637910509F44BC7873792
:10BCC000910509F04CCB0E94B3926DCB8239F1E023
:10BCD0009F0711F40C94906A08F063C18E3C9105A3
:10BCE00011F40C94B56708F0C7C0883C910509F4BD
:10BCF0008CC7E0F48C38910509F4B3C558F4893742
:10BD0000910509F02CCB10922309109222090E9470
:10BD1000049349CB8B39910509F4A8C58E3B910555
:10BD200009F01DCB81E00E94FA3F3DCB8B3C910591
:10BD300009F4E6C708F055C0893C910509F00FCB1E
:10BD40008091580684FDB4C780915A06887809F01E
:10BD5000AFC780915B06837009F0AAC76091E409C0
:10BD60007091E5098091E6099091E7090E94AAF196
:10BD7000AB01BC0188E39AE00E94942B6091E80932
:10BD80007091E9098091EA099091EB090E94AAF16A
:10BD9000AB01BC018DE49FE00E94942B6091EC0903
:10BDA0007091ED098091EE099091EF090E94AAF13E
:10BDB000AB01BC018AE49FE00E94942B6091F009E2
:10BDC0007091F1098091F2099091F3090E94AAF112
:10BDD000AB01BC0181E49AE00E94942B0E94AA2B43
:10BDE000E2CA8C3C910509F4EEC78D3C910509F03F
:10BDF000B6CA8091580690915906A0915A06B09102
:10BE00005B06892B8A2B8B2B11F00C945967609160
:10BE1000F4097091F5098091F6099091F7090E9453
:10BE2000AAF1AB01BC0182E69AE00E94942B4091FA
:10BE3000240A5091250A6091260A7091270A8FE5FD
:10BE40009AE00E94942B4091280A5091290A60910F
:10BE50002A0A70912B0A8CE59AE00E94942B40915B
:10BE6000B2095091B3096091B4097091B50989E59F
:10BE70009AE00E94FB2C97CA8232A1E09A0711F443
:10BE80000C945A6908F03FC08C3D910511F40C9454
:10BE9000BA6880F4833D910509F061CA83E50E9488
:10BEA000C719882311F40C9408680E94C21F80935C
:10BEB000350279CA8D3D910511F40C9400698831E1
:10BEC000914009F04CCA80E50E94151A882309F4B4
:10BED0006ACA0E94E31F8C01892B11F00C944D69F2
:10BEE00083E50E94151A882311F40C9435690E9489
:10BEF000E31F97FF02C00C942F69BC0186E19EE00E
:10BF00000E947D5050CA8F32F1E09F0711F40C94CB
:10BF1000886A80F58D32A1E09A0711F40C94E069EB
:10BF20008E32914009F01BCA83E50E94C719182F71
:10BF3000882331F00E94E31F90931E0280931D021C
:10BF400080E50E94C719811104C0112311F40C94DB
:10BF5000646A20911D0230911E02232B11F40C946F
:10BF60005E6A882311F40C94616A0E94C21F809358
:10BF70005A0719CA8039E1E09E0711F40C948C6AC3
:10BF80008139914009F0EBC960E082E50E94D11F40
:10BF90009091790991114BCC682F81E00E94139305
:10BFA00046CC863F21E0920711F40C94046C08F013
:10BFB000DAC0853AB1E09B0711F40C94FB6AD8F41F
:10BFC0008C39F1E09F0711F40C949A6A38F48A399D
:10BFD000914009F0C4C90E946B91E5C98D39B1E067
:10BFE0009B0711F40C94AD6C843A914009F0B7C9E9
:10BFF0000E94F832D8C9863EF1E09F0711F40C94F4
:10C00000846B08F0A3C08C3A914009F0A8C987E07E
:10C010000E9435AB8111C7C973EBC72E7AE1D72EC9
:10C02000EFE22E2EEAE03E2E8E010F5F1F4FF12C25
:10C03000E12CF6016591759185919491F1018190C2
:10C040009190A190B1901F01A50194010E9474F8F4
:10C050002B013C01D8014D925D926D927C92139719
:10C0600020E030E040EA51EC0E949CFA87FD0AC0D3
:10C0700020E030E040EA51E4C301B2010E94A6F1A1
:10C0800018167CF4F701E857F34DE4911E164CF4B2
:10C09000B7FAB094B7F8B094F80180829182A28286
:10C0A000B382D8018D909D90AD90BC9020E030E09F
:10C0B00040EA51ECC501B4010E949CFA87FF02C01E
:10C0C0000C94766B20E030E040EA51E4C501B40105
:10C0D0000E94A6F1181614F40C94766BBFEFEB1ABD
:10C0E000FB0AE4E0CE0ED11C0C5F1F4FF3E0EF160D
:10C0F000F10409F09ECF89819A81AB81BC81809344
:10C10000250990932609A0932709B09328098D81CA
:10C110009E81AF81B8858093290990932A09A093C5
:10C120002B09B0932C0989859A85AB85BC858093B2
:10C130002D0990932E09A0932F09B09330090E94E6
:10C1400088918CE99BE00E946FC72DC9843FB1E0C4
:10C150009B0711F40C94006C853F914009F0FFC8D7
:10C160000E945BA520C98335F3E09F0711F40C946E
:10C17000906C08F054C08C30A2E09A0711F40C9433
:10C18000086CA0F4883F914009F0E9C881E08093F1
:10C19000DD070E9405A11092DD07811104C90E94EC
:10C1A000A72B82ED9BE00E947E2BFDC88835F2E034
:10C1B0009F0711F40C940C6C8B35924009F0CFC89A
:10C1C0008091590683FF02C00C94106C80915A062E
:10C1D000887111F00C94106C4091D0075091D107E8
:10C1E0006091D2077091D30783EE9BE00E94942B5D
:10C1F0004091D4075091D5076091D6077091D70729
:10C2000080EE9BE00E94942B8DED9BE00E947E2BA4
:10C2100081E49FE00E947E2B0E94AA2BC4C8873E27
:10C22000A3E09A0711F40C94946CB0F48C36E3E01C
:10C230009E0709F4BBC2803A934009F090C8209150
:10C2400084053091850590918A0D926090938A0DB6
:10C25000C9010E943BDFA7C8883E23E0920711F482
:10C260000C94E06C893E934009F079C80E942D83BC
:10C2700080918A0D877F8B7F80938A0D8091800DBE
:10C2800081110C941E6D0E94BE270E94EF946D33A5
:10C2900071058105910520F08CE19CE00E94636EA0
:10C2A00088E19CE00E94636E10917B158FEF809374
:10C2B0007B1584E09CE00E947E2B10937B1580E030
:10C2C0009CE00E94636E6FC88EEF98E00E94D99741
:10C2D0006ECB8091870590918805892B29F086EF98
:10C2E00098E00E94912D8ACB8EEE98E0FACF0E94C2
:10C2F000B619882391F185E40E94C719882361F05B
:10C300008091600590916105892B21F00E94E31FC7
:10C31000811102C00E94A8818FE0E82E84E0F82EEF
:10C3200010E0F70121917F012154809158069091EE
:10C330005906A0915A06B0915B0604C0B695A79520
:10C34000979587952A95D2F780FF03C0812F0E9489
:10C35000E2811F5F133029F726C881E199E00E942E
:10C360006FC70E9403821FC880918A0D84FF25C079
:10C3700089E299E00E947E2B80918A0D84FF17C08C
:10C380008BE995E10E94E17E8BE1EBE9F5E1DE01CD
:10C39000119601900D928A95E1F770E060E0CE0170
:10C3A00001960E9410E0CE0101960E94EE278AE1DC
:10C3B00099E00E947E2B0C94D3590E94A72B8AE30C
:10C3C00099E00E947E2B0C94D3590E9423DB0C949D
:10C3D000D3590E942D3881110C94D35980918A0D24
:10C3E00084FD02C00C94D3590E9480D280918A0DA2
:10C3F0008F7E806480938A0D8FEF9FEF909327024A
:10C40000809326020E94A72B84E499E00E947E2B51
:10C410000C94D3598091840590918505FC0121915C
:10C42000222331F02032D9F7DF0111971C92F7CF88
:10C4300060E00E9430DE0C94D3590E942D3888238E
:10C4400029F080918A0D8B7F80938A0D8091CF0790
:10C45000882339F040E060E070E080E090E40E94E2
:10C46000C9210E9496950E943CCA42E659E069E6BD
:10C4700079E084E00E94C2CA61E08BEB99E00E94FF
:10C48000152D0E94C2D0685370458F4F9F4F609307
:10C49000E5077093E6078093E7079093E80710920B
:10C4A000E9070C94D35980918A0D84FD02C00C9445
:10C4B000D35983E50E94151A882311F40C94D3599B
:10C4C0000E94971F0E94ED1E0C94D359809158062C
:10C4D00090915906A0915A06B0915B0602E0B6957C
:10C4E000A795979587950A95D1F780FF1CC08CE793
:10C4F00099E00E947E2B8091E216882379F0BE019C
:10C500006F5F7F4F8FED96E10E94AD7DCE0101966A
:10C510000E942A280E94AA2B0C94D35982E799E002
:10C520000E947E2BF7CF0E942D38811104C00E94FB
:10C53000DE37882319F1C090820DD090830DE090F2
:10C54000840DF090850D8090860D9090870DA090C1
:10C55000880DB090890D8CE999E00E947E2BC50171
:10C56000B4010E94B2278FE20E9407C6C701B6013C
:10C570000E94B2270E94AA2B0C94D3598BE899E011
:10C580000E947E2B0C94D35980918405909185054F
:10C590000E943BDF0C94D35980918A0D84FD02C028
:10C5A0000C94D3590E947BD6809184059091850587
:10C5B0000E94ADDF0C94D3590E94EF946C8F7D8F55
:10C5C0008E8F9F8FBE016F5F7F4FCE014C960E9472
:10C5D0004C2540E061E0CE0101960E940B970E943D
:10C5E000A72BBE016F5F7F4F8EEA99E00E942FDF7D
:10C5F0000C94D3590E941B380C94D3590E949695E1
:10C6000061E08BEB99E00E94152D0C94D35981E0E9
:10C610000E9420350C94D3590E94DF34182F87FDD7
:10C6200009C081EC99E00E947E2B812F0E941DA6FB
:10C630000E94AA2B98A990936905E1960FB6F894E9
:10C64000DEBF0FBECDBFDF91CF911F910F91FF9045
:10C65000EF90DF90CF90BF90AF909F908F907F90A2
:10C660006F905F904F903F902F90089560E080E52D
:10C670000E94B81F81110C94D35980915806609183
:10C680007C14062F80FD02C00FEF10E083E50E94AE
:10C69000151A882349F00E94871F8B016F3F71058F
:10C6A00019F010F00FEF10E000937C140C94D359A4
:10C6B0008EE40E94151A8823B9F00E94971FE0911A
:10C6C0005A0222E6E29FF0011124E354FD4FE0817B
:10C6D000A7E6EA02F0011124E657FA4F608371835E
:10C6E000828393830C94D359E0915A02B2E6EB9F74
:10C6F000F0011124E354FD4FE08127E6E202F0014E
:10C700001124E657FA4F408151816281738184EC94
:10C7100099E00E947A2C0C94D35983E50E94151A53
:10C72000882321F00E94A71F8093E3090E94A72B72
:10C7300089ED99E00E947E2B8091E309882369F1BD
:10C740001FECE12E19E0F12E10E000E020E0F701EF
:10C75000C590D490C114D104B9F08091E30990E060
:10C76000002E02C0959587950A94E2F780FF0CC0D1
:10C77000BB24B394B20E222319F08CE20E947F1FD7
:10C78000C6010E947E2B2B2D0F5F1F4F82E0E80E0B
:10C79000F11C05301105D9F6BDCE8BEC99E0C0CE69
:10C7A0001092310910923E070C94D35983E50E94F0
:10C7B000151A882311F40C94D3590E94A71F909145
:10C7C0008C0910928C099230F9F0943009F1913073
:10C7D00011F00C94D359882399F0813011F00C9406
:10C7E000D35982E08093630580916205882311F418
:10C7F0000C94D359109220020E9411350C94D359F5
:10C80000909363050C94D35910923E070C94D3591E
:10C8100088E497E190933309809332090C94D359BB
:10C8200083E50E94151A882369F00E94A71F8D33A3
:10C8300020F4809301020C94D3598CE3809301027D
:10C840000C94D3590E94A72B109101028EEE99E00F
:10C850000E947E2B812F0E94811F0E94AA2B0C9484
:10C86000D35980E00E94FA3F0C94D35983E50E948B
:10C87000151A882311F40C94D3590E94A71F182F5E
:10C880008C3308F08CE380938F0D0E94C2D06B0133
:10C890007C01212F30E0A8EEB3E00E9418F8C60E0C
:10C8A000D71EE81EF91EC0928B0DD0928C0DE0921F
:10C8B0008D0DF0928E0D0C94D3590E94EF8410923E
:10C8C0007C140E9425800E94B2950E94BE2768EECB
:10C8D00073E080E090E00E94AC3785EF99E00E9421
:10C8E0006FC70C94D3598091BF148F7D8061809362
:10C8F000BF140C94D3598091BF148F7E80628093B3
:10C90000BF140C94D3590E94B619882351F10E9488
:10C910002D8385E40E94C71981110E94A081BFE088
:10C92000EB2EB4E0FB2E10E0D7012D917D012154B8
:10C930008091580690915906A0915A06B0915B06D5
:10C9400004C0B695A795979587952A95D2F780FF4D
:10C9500003C0812F0E94AF811F5F133029F70C9411
:10C96000D3590E94EF840C94D3596091640570915F
:10C970006505809166059091670528EE33E040E0FB
:10C9800050E00E94D0F769017A018DE09AE00E94A0
:10C990007E2BC701B6010E94B22788E09AE00E9470
:10C9A0007E2B0C94D3590E94DF3487FF02C00C9475
:10C9B000D3598091580684FD09C080915A0687FD9D
:10C9C00005C080915B06837009F474C0FFE0CF2E30
:10C9D000F4E0DF2EA4EEEA2EA9E0FA2E10E0F60134
:10C9E00081916F010E94151A882359F0133099F034
:10C9F0000E94F31FD70154966D937D938D939C9362
:10CA000057971F5FB4E0EB0EF11C143041F70E9402
:10CA10000A830C94D3590E94F31F4B015C0120E060
:10CA200030E040EA51E40E94A6F187FF3AC0A50138
:10CA300094016091040A7091050A8091060A909110
:10CA4000070A0E9451F92B013C01AC019B01609146
:10CA5000140A7091150A8091160A9091170A0E9483
:10CA60000BF26093140A7093150A8093160A909340
:10CA7000170A6091C2097091C3098091C40990910D
:10CA8000C5090E94AAF1A30192010E940BF20E9423
:10CA9000BEF96093C2097093C3098093C40990934F
:10CAA000C5098092040A9092050AA092060AB092E3
:10CAB000070AA7CF4091F8095091F9096091FA0946
:10CAC0007091FB0981E29AE00E94942B4091FC094D
:10CAD0005091FD096091FE097091FF098DE49FE07E
:10CAE0000E94942B4091000A5091010A6091020A21
:10CAF0007091030A8AE49FE00E94942B4091040AFB
:10CB00005091050A6091060A7091070A81E49AE043
:10CB10000E94942B0E94AA2B0C94D3590E94EDC71B
:10CB20008BE39EE00E94DC800C94D35980918405B5
:10CB300090918505009751F0FC012081222331F06E
:10CB400040E061E00E940B970C94D3590E943CCACC
:10CB50000C94D359009184051091850524E08FEF42
:10CB6000F12C30E0215009F1D8019C91492F4B7FE5
:10CB70004134A1F411964C914133B9F49134B1F19F
:10CB8000953409F431E0A8014E5F5F4F8A014F5F91
:10CB90005F4FD8019C919032C9F3E4CF903529F4CE
:10CBA000F801918190539A30F8F0E0907B15833032
:10CBB00000F5882301F19FEF980F81E001C0880FF5
:10CBC0009A95EAF780937B1531110E94A72BFF20DD
:10CBD00021F089E29AE00E947E2BC8010E94A127E1
:10CBE000E0927B150C94D359892FCDCFFF24F39479
:10CBF000CACF8E2DE7CF8FEFE5CF20932309209367
:10CC000022090E9404930C94D3598091580683FD05
:10CC10001EC080915A068C70D1F41091DC078FE20F
:10CC20009AE00E947E2B612F70E090E080E00E94ED
:10CC300056C74091D8075091D9076091DA07709193
:10CC4000DB078CE29AE00E94FB2C0C94D3590E94E3
:10CC5000DF34182F87FF02C00C94D3590091DC07F2
:10CC600084E40E94151AF82E8823B1F00E94F31F65
:10CC70004B015C0120E030E0A9010E94A6F188236D
:10CC8000A9F0B4E01B02F0011124E852F84F8082B1
:10CC90009182A282B3820F2D602F83E50E94D11F63
:10CCA0008093DC070E94CA850C94D35980E0F8CFAA
:10CCB0000E94DF3487FF02C00C94D3590FE014E0C8
:10CCC000E4EEEE2EE9E0FE2EF80181918F010E9444
:10CCD000151A882361F00E94F31F0E94BEF9D70144
:10CCE0006D937D938D939C9313970E94BC82B4E0C7
:10CCF000EB0EF11CE4E003311E0731F70C94D3591D
:10CD00008091580684FD3CC080915A068878C1F510
:10CD100080915B068370A1F54091080A5091090A41
:10CD200060910A0A70910B0A84E49AE00E94942BA5
:10CD300040910C0A50910D0A60910E0A70910F0AF1
:10CD40008DE49FE00E94942B4091100A5091110AAB
:10CD50006091120A7091130A8AE49FE00E94942B5A
:10CD60004091140A5091150A6091160A7091170AA1
:10CD700081E49AE00E94942B0E94AA2B0C94D35930
:10CD80000E94DF3487FF02C00C94D3597FE0E72E66
:10CD900074E0F72E10E000E0D7018D917D010E9434
:10CDA000151A882349F00E94F31FF801EC51F64F41
:10CDB00064A375A386A397A30C5F1F4F00311105D1
:10CDC00059F70C94D3598091590687FD2AC0809158
:10CDD0005A068E7031F54091180A5091190A6091E7
:10CDE0001A0A70911B0A80E59AE00E94942B4091E8
:10CDF0001C0A50911D0A60911E0A70911F0A8DE451
:10CE00009AE00E94942B4091200A5091210A60914F
:10CE1000220A7091230A8CE59AE00E94FB2C0C9464
:10CE2000D35983E50E94151A882391F00E94F31FBD
:10CE30006093180A7093190A80931A0A90931B0A38
:10CE40006093200A7093210A8093220A9093230A08
:10CE500080E50E94151A882351F00E94F31F609309
:10CE6000180A7093190A80931A0A90931B0A82E594
:10CE70000E94151A882351F00E94F31F60931C0A28
:10CE800070931D0A80931E0A90931F0A84E50E94E6
:10CE9000151A882311F40C94D3590E94F31F609340
:10CEA000200A7093210A8093220A9093230A0C94FB
:10CEB000D35982E40E94151A882351F00E94871FDB
:10CEC0006093F4097093F5098093F6099093F7093C
:10CED00083E50E94151A882351F00E94F31F609386
:10CEE000240A7093250A8093260A9093270A84E5E2
:10CEF0000E94151A882351F00E94F31F6093280A9C
:10CF00007093290A80932A0A90932B0A8AE40E943C
:10CF1000151A882311F40C94D3590E94F31F6B0146
:10CF20007C012AE037ED43E25CE30E949CFA87FD36
:10CF300014C02AE939E949E95EE3C701B6010E9454
:10CF4000A6F1181654F0C092B209D092B309E0923B
:10CF5000B409F092B5090C94D3590E94A42B8BE626
:10CF60009AE00E947E2B0C94D359809158069091A0
:10CF70005906A0915A06B0915B060FE014E055E205
:10CF8000E52E59E0F52E62E1C62E64E0D62E892BFF
:10CF90008A2B8B2B31F54091250950912609609100
:10CFA0002709709128098AE89AE00E94942B409101
:10CFB000290950912A0960912B0970912C098DE45F
:10CFC0009FE00E94942B40912D0950912E09609171
:10CFD0002F09709130098AE49FE00E94FB2C0C9489
:10CFE000D359F80181918F010E94151A882341F0CD
:10CFF0000E94F31FD7016D937D938D939C9313979C
:10D00000B4E0EB0EF11CC016D10659F70C94175C76
:10D0100010913502105D8CEA9AE00E947E2B812FE0
:10D020000E9407C68091350260EF7BE0811102C04B
:10D030006CEE7BE088EA9AE00E940C2D809137022A
:10D0400090913802A0913902B0913A028C8F9D8F55
:10D05000AE8FBF8F80913B0290913C02A0913D0228
:10D06000B0913E0288A399A3AAA3BBA380913F02DB
:10D0700090914002A0914102B09142028CA39DA3E5
:10D08000AEA3BFA3CE014C960E947D1980914302AE
:10D0900090914402A0914502B091460289839A83FF
:10D0A000AB83BC838091470290914802A0914902D2
:10D0B000B0914A028D839E83AF83B88780914B02E3
:10D0C00090914C02A0914D02B0914E0289879A87AF
:10D0D000AB87BC87CE0101960E947D19CCA0DDA054
:10D0E000EEA0FFA048A059A06AA07BA08C8C9D8CCC
:10D0F000AE8CBF8C80EA9AE00E947E2BB501A40121
:10D1000083E99AE00E94942BB301A2018DE49FE091
:10D110000E94942BB701A6018AE49FE00E94942B01
:10D120008EE99AE00E947E2BC984DA84EB84FC8429
:10D130004D805E806F80788489809A80AB80BC80CF
:10D1400086E99AE00E947E2BB501A40183E99AE06A
:10D150000E94942BB301A2018DE49FE00E94942BC6
:10D16000B701A6018AE49FE00E94942B0E94AA2B9B
:10D170000C94D3598091580690915906A0915A0663
:10D18000B0915B0660911102709112020097A105A7
:10D19000B10551F488EB9AE00E94173585EB9AE0CF
:10D1A0000E947E2B0C94D3598C019D0141E1369550
:10D1B0002795179507954A95D1F700FF08C020914C
:10D1C0000602309107023093120220931102B695A5
:10D1D000A7959795879580FF04C070930702609389
:10D1E000060283E50E94151A882311F40C94D35982
:10D1F0000E94E31F90931202809311020C94D35962
:10D200000E94DF34182F87FF02C00C94D35983E5A6
:10D210000E94151A882341F00E94E31FBC01812F50
:10D220000E94211A0C94D3590E94A72B85E40E94D6
:10D2300007C680E3810F0E947F1FE12FEE0FFF0BD7
:10D24000E95EFD4F608171818CEB9AE00E94173599
:10D2500085E20E947F1F0E94AA2B0C94D35986E17D
:10D260009EE00E944D380C94D3590E94A72B70E089
:10D2700060E087EC9AE00E94173586E19EE00E940C
:10D28000791A8C0184EC9AE00E947E2BC8010E94DE
:10D290000B350E94AA2B0C94D3590E94A42BB801E1
:10D2A0008EED9AE00E9417358FEC9AE00E947E2B5B
:10D2B0000C94D3598AE50E94151A882309F45CC09E
:10D2C0000E94F31F20E030E040E050EC0E94A6F105
:10D2D000C12CD12CE12C20ECF22E87FD13C00E9432
:10D2E000F31F20E030E040E050E40E949CFAC12CA3
:10D2F000D12CE12C90E4F92E181624F00E94F31F93
:10D300006B017C012091000A3091010A4091020AD0
:10D310005091030AC701B6010E940BF20E94B9F9AD
:10D32000CB010E9407D161E080E50E94D11F8823D4
:10D3300041F1A70196016091210E7091220E80911A
:10D34000230E9091240E0E9475F86093210E709325
:10D35000220E8093230E9093240E0E94A72B4091BF
:10D36000210E5091220E6091230E7091240E84EFB5
:10D370009AE00E94FB2C05C083E50E94151A8111DA
:10D380009FCF80915A0687FD14C080915B06837001
:10D3900081F40E94A72B4091210E5091220E6091A2
:10D3A000230E7091240E85EE9AE00E94FB2C0C94C3
:10D3B000D35982E50E94C7198111EBCF0C94D35940
:10D3C0008091580683FD3CC0809159068178C1F553
:10D3D0004091BF0D5091C00D6091C10D7091C20D73
:10D3E00089E09BE00E94942B21E732EB47E25EE369
:10D3F0006091C30D7091C40D8091C50D9091C60DC3
:10D400000E9451F9AB01BC0186E09BE00E94942B85
:10D4100021E732EB47E25EE36091C70D7091C80DE2
:10D420008091C90D9091CA0D0E940BF2AB01BC0115
:10D4300083E09BE00E94942B0E94AA2B0C94D3596A
:10D4400080E50E94151A882351F00E94F31F609313
:10D45000BF0D7093C00D8093C10D9093C20D89E4F0
:10D460000E94151A882381F00E94F31F21E732EBF6
:10D4700047E25EE30E940BF26093C30D7093C40D0C
:10D480008093C50D9093C60D84E40E94151A8823DD
:10D4900081F00E94F31F21E732EB47E25EE30E9436
:10D4A00051F96093C70D7093C80D8093C90D909387
:10D4B000CA0D81E08093AE0D0C94D35981E00C9499
:10D4C000B75F80E00C94B75F0E94A72BE0901D022D
:10D4D000F0901E0280915A0706E11BE0811102C004
:10D4E00002E11BE08DE29BE00E947E2BC8010E94BE
:10D4F0007E2B8CE19BE00E947E2BC7010E940B35A6
:10D5000089E19BE00E947E2B0E94AA2B0C94D359A8
:10D510000E94B22D0C94D3590E942D830C94D359A0
:10D5200060E082E50E94D11F0E94B4270E9488918A
:10D530000C94D3598091580687FD28C080915A06D3
:10D54000867021F50E94A72B8091200200EF1BE03E
:10D55000811102C00CEE1BE082E59BE00E947E2B55
:10D56000C8010E947E2B8091680500EF1BE08111AD
:10D5700002C00CEE1BE080E49BE00E947E2BC80101
:10D580000E947E2B0E94AA2B0C94D35988E40E94FF
:10D59000C719882321F00E94C21F80936805C0909C
:10D5A0005806D0905906E0905A06F0905B0681E14B
:10D5B000F694E794D794C7948A95D1F7E1E0CE2208
:10D5C000DD24EE24FF2483E50E94C719182FCD28FF
:10D5D000CE28CF2821F4882311F40C94D3590E942B
:10D5E0001135112311F40C94D3590E94C21F80935A
:10D5F00020020C94D3596FEF7FEF89E40E94E61F5D
:10D60000082F6FEF7FEF8AE40E94E61F182F8AE54C
:10D610000E94151AD12C811107C081E50E94151AAC
:10D62000D82E882309F415C3C02E81E0800F8630E0
:10D6300008F054C0912E81E0810F863008F04EC072
:10D640000E94F31F2B013C01F02E07FDF12C07FF78
:10D6500002C004E0C02E812E17FD812C17FF02C0EE
:10D6600014E0912EB5E03B2ECF14A0F1E82C3F9CA6
:10D67000500111249E1460F10E2D10E020E030E0E6
:10D68000A901DD2069F0F501E00FF11FEE0FFF1F8A
:10D69000EE0FFF1FE559F84F208131814281538100
:10D6A0000A0D1B1D000F111F000F111F0559184FE8
:10D6B000C301B2010E9475F8D8016D937D938D93DB
:10D6C0009C9313976E2D8F2D0E94CCA0E394D2CF04
:10D6D000F394CACF0E948E2A0C94D3590E94A42B93
:10D6E00083E89BE00E947E2B0C94D3590E94A42BCC
:10D6F0008CEB9BE00E947E2B41E061E08CEA9BE09A
:10D700000E9440970C94D35984E50E94C71988233E
:10D71000A1F01092DF091092E0091092E109109235
:10D72000E2091092DD098FEF0E94252161E070E08F
:10D7300084E50E94E61F8093DD0983E50E94151AA7
:10D74000882321F00E94E31F0E9425218091580622
:10D7500090915906A0915A06B0915B0662E0B69589
:10D76000A795979587956A95D1F780FF06C0809118
:10D77000DE09803210F40E94E6E080E50E94151A6E
:10D78000882331F00E94E31F803210F40E94E6E00B
:10D7900085E50E94151A882311F40C94D3590E9430
:10D7A000E31F803210F00C94D35941E050E0082E72
:10D7B00002C0440F551F0A94E2F740955095052E7C
:10D7C000000C660B770B0091DF091091E0092091A6
:10D7D000E1093091E20940235123622373234093EE
:10D7E000DF095093E0096093E1097093E209909199
:10D7F000DE0989130C94D3591092DC090C94D35987
:10D800000E941A9B0C94D3590E94AC990C94D35942
:10D810000E94E3960C94D3590E9458550C94D35906
:10D820000E94DF34082F87FF02C00C94D35985E58E
:10D830000E94151A882361F10E94F31F4B015C01BD
:10D84000E02E002E000CFF0820E030E0A9010E942D
:10D850009CFA87FF04C0B7FAB094B7F8B09420E000
:10D8600030E048E453E4C501B4010E949CFA9701FA
:10D8700053E0220F331F5A95E1F72053384F181603
:10D88000D4F1D90114968D929D92AD92BC921797C6
:10D890008CE40E94151A882311F40C94D3590E9429
:10D8A000F31F6B017C01002E000C110B20E030E017
:10D8B000A9010E949CFA87FF04C0F7FAF094F7F8D8
:10D8C000F09420E030E048E453E4C701B6010E9440
:10D8D0009CFA980143E0220F331F4A95E1F7205349
:10D8E000384F181694F0D901CD92DD92ED92FC924A
:10D8F00013970C94D35980E090E0A8E4B3E4F901C5
:10D9000084839583A683B783C3CF80E090E0A8E4A7
:10D91000B3E4F90180839183A283B3830C94D35938
:10D920000E94EA350C94D35983E0809374091092D5
:10D930002E0A60E083E50E94D11F81110C94D35917
:10D94000E0915A0222E6E29FF0011124E354FD4FD8
:10D9500080810E948A2C0C94D35980915806909112
:10D960005906A0915A06B0915B06892B8A2B8B2B06
:10D97000C1F41091CF07105D87EF9BE00E947E2BD2
:10D98000812F0E9407C68091CF0760EF7BE0811155
:10D9900002C06CEE7BE083EF9BE00E940C2D0C94A8
:10D9A000D35983E50E94C719882311F40C94D359E5
:10D9B0000E94C21F8093CF070E943A380C94D3591B
:10D9C0000E94DC27882311F40C94D35980915806C7
:10D9D00090915906A0915A06B0915B06AC01BD0129
:10D9E00032E176956795579547953A95D1F740FF7F
:10D9F00006C061E088EF0E94FC980C94D35922E0A5
:10DA0000B695A795979587952A95D1F780FF12C06F
:10DA10000E94BE2780913F078350823010F00C9403
:10DA2000D35960E083E00E941CC685E080937509AD
:10DA30000C94D3590E9412E10C94D3590E94D0DD6A
:10DA400081110C94D3590C944361111107C011E05A
:10DA500000915B06017001130C94A45A8C2D817007
:10DA6000012F81130C94A45A11E001E0992493949E
:10DA700082E50E94151A882309F4C0C00E94F31F92
:10DA80002B013C0120E030E0A9010E94A6F1FF2417
:10DA9000F3948111CAC00E94C1510E948D5111237B
:10DAA00019F080E00E947693002319F081E00E9433
:10DAB0007693992011F40C94BA5A8091580690915B
:10DAC0005906A0915A06B0915B0677E0B695A795E6
:10DAD000979587957A95D1F780FD8BC083E00E945A
:10DAE00035AB81110C94D05A0E942D918091370A48
:10DAF0009091380AA091390AB0913A0A8CA79DA753
:10DB0000AEA7BFA780934E0790934F07A0935007EF
:10DB1000B09351070091250E1091260ED8012D913A
:10DB20003D914D915C9160E070E086E193E40E944C
:10DB300074F82B013C0140924607509247076092CF
:10DB4000480770924907F801248135814681578141
:10DB500060E070E086E193E40E9474F868A779A71A
:10DB60008AA79BA760934A0770934B0780934C0743
:10DB700090934D0727E137EB41ED58EB0E949CFA5B
:10DB800087FF02C00C94B05A23E030E046E953E42A
:10DB900068A579A58AA59BA50E94A6F1181614F47C
:10DBA0000C94B05A27E137EB41ED58EBC301B201B9
:10DBB0000E949CFA87FF02C00C94B05A23E030E028
:10DBC00046E953E4C301B2010E94A6F1181614F409
:10DBD0000C94B05AA12CB12C6501ECA4FDA40EA5A7
:10DBE0001FA528A539A54AA55BA5C301B2010E94BE
:10DBF000738F82E00E9476930C94BA5AF12E111121
:10DC000003C0F92C0111F02E4091DE0741110C9454
:10DC1000AA5A84E00E94DA8D81110C94A95A412CF1
:10DC2000512CE0EA6E2EE0E47E2E2091370A3091EE
:10DC3000380A4091390A50913A0AC301B2010E9450
:10DC400075F840E0FF2009F42ACF20E00E943490CC
:10DC500022CF0E94A42B83E69BE00E947E2B0C9493
:10DC6000D359882309F4F3CEFFCEDF92EF92FF92CF
:10DC70000F931F93CF93DF93EC01E0909009F09006
:10DC800091098AE0D82E6AE070E0CE010E947BFB09
:10DC90008C01009711F0FC011082CE010E942B260E
:10DCA00081E00E9467590115110519F0E801D99228
:10DCB000EACFC701DF91CF911F910F91FF90EF90B5
:10DCC000DF900C942B26CF92DF92EF92FF920F936E
:10DCD0001F93CF93DF93CDB7DEB7C156D1090FB6EF
:10DCE000F894DEBF0FBECDBF8C01C0909009D090DC
:10DCF00091096AE070E0C8010E948EF07C01801BEF
:10DD0000910BE114F10419F4C8010E94B4F01982D6
:10DD1000A2961FAEA297AC018036910514F040E6A2
:10DD200050E04F5F5F4FB801CE0101960E94A0F016
:10DD3000CE0101960E942B2681E00E946759E114D2
:10DD4000F10421F087010F5F1F4FD3CFC6010E945E
:10DD50002B26CF59DF4F0FB6F894DEBF0FBECDBFD5
:10DD6000DF91CF911F910F91FF90EF90DF90CF90B7
:10DD700008954F925F926F927F928F929F92AF928F
:10DD8000BF92CF92DF92EF92FF920F931F93CF93A8
:10DD9000DF93CDB7DEB7EE970FB6F894DEBF0FBEB8
:10DDA000CDBF88E0EFE2FAE0DE01909601900D929F
:10DDB0008A95E1F788E50E94151A882381F00E9470
:10DDC000F31F20917A0930917B0940917C09509191
:10DDD0007D090E9474F868A379A38AA39BA389E5AF
:10DDE0000E94151A882381F00E94F31F20917E095A
:10DDF00030917F0940918009509181090E9474F807
:10DE00006CA37DA38EA39FA3CE0180960E94D8CA47
:10DE1000882309F4DBC080E00E944B280E942C8FED
:10DE20008CE39FE050DF61E085E40E94D11F2CA1CC
:10DE30003DA14EA15FA12FAB38AF49AF5AAF48A06B
:10DE400059A06AA07BA0E12C082FC301B2010E9457
:10DE50000ACC6B017C01AC019B010E9424FB811167
:10DE600087C020917A0930917B0940917C095091BB
:10DE70007D09C301B2010E9475F84B015C0120913C
:10DE80007E0930917F0940918009509181096FA9E5
:10DE900078AD89AD9AAD0E9475F86BAF7CAF8DAF50
:10DEA0009EAF4FE150E065E37FE0CE0101960E9416
:10DEB000A0F08AAA9BAAACAABDAA82E08EABBE0142
:10DEC0006E5C7F4FCE0101960E94FB1E5C01DC015F
:10DED0000D900020E9F7CD0101978A199B098E3139
:10DEE000910550F44FE150E0481B590B61E37FE08E
:10DEF0008A0D9B1D0E94A0F02BAD3CAD4DAD5EADDB
:10DF00002DA73EA74FA758AB82E089ABBE01635D4A
:10DF10007F4FC5010E94FB1E5C01C8A6D9A6EAA6D8
:10DF2000FBA683E08CA7D5010D900020E9F7CD0179
:10DF300001978A199B098E31910550F44FE150E009
:10DF4000481B590B6DE27FE08A0D9B1D0E94A0F0DB
:10DF5000BE01685D7F4FC5010E94FB1ECE01019688
:10DF60000E94A12740E060E0CE0101960E940B973D
:10DF70000E94138FE090370AF090380A0091390A16
:10DF800010913A0AA12CB12C65012FA938AD49ADE9
:10DF90005AADC301B2010E94738F0E948891EE9620
:10DFA0000FB6F894DEBF0FBECDBFDF91CF911F91AA
:10DFB0000F91FF90EF90DF90CF90BF90AF909F9028
:10DFC0008F907F906F905F904F9008958CE19FE0CD
:10DFD0000E947E2B0E94AA2B8CE19FE00E946FC7BB
:10DFE000DECF1F93CF93DF9380915A0292E6899FF1
:10DFF000E0011124FE01E354FD4F208190E0283020
:10E0000028F491E001C0990F2A95EAF710917B1549
:10E0100090937B158093B109C45ADD4F8091E30939
:10E0200080FF05C00E94A72BCE010E94A127CE0130
:10E030000E942B2680E00E94675910937B15DF9188
:10E04000CF911F910895DC01680F791F90E080E067
:10E050002D91E92FFF27E227EE0FFF1FEE59F94D13
:10E0600025913491982F8827822793276A177B0759
:10E0700079F708950F931F93CF93DF93CDB7DEB752
:10E0800060970FB6F894DEBF0FBECDBF8C01DC01E8
:10E09000ED91FC910280F381E02DBE016F5F7F4F17
:10E0A0001995882309F464C08981807CC9F56F8142
:10E0B000637070E0762F6627770F770F8885B4E05E
:10E0C0008B9FC0011124682B792B898582958695B9
:10E0D00086958370682B6F5F7F4F90E080E02A8584
:10E0E0002370220F3B8537FB332730F9232B3E81EA
:10E0F0003F70230F3327331F2750310904C0660FA9
:10E10000771F881F991F2A95D2F760960FB6F8944B
:10E11000DEBF0FBECDBFDF91CF911F910F9108954C
:10E12000803419F568856695669570E090E080E02A
:10E13000CB01772766272A85622B098510E0102FEF
:10E140000027012E000C220B330B602B712B822B2E
:10E15000932B6F5F7F4F8F4F9F4F4AE0660F771F64
:10E16000881F991F4A95D1F7D0CF8BE0F80184839F
:10E1700060E070E0CB01C9CF0895FC018281089571
:10E18000CF93DF93C091AB0DD091AC0D81E0CE3138
:10E19000D105E4F020E030E040E05FE36091A70DBE
:10E1A0007091A80D8091A90D9091AA0D0E9475F80B
:10E1B0000E94B9F96C1B7D0B77FF03C071956195C7
:10E1C000710981E0633071050CF080E0DF91CF913F
:10E1D0000895FC0190E1A0E9B8E001900D929A95B4
:10E1E000E1F708950F931F9320912102203148F009
:10E1F000F4E09695879577956795FA95D1F72295EE
:10E200002F70243048F0E2E09695879577956795D2
:10E21000EA95D1F726952695223020F09695879598
:10E2200077956795611528E0720781059105C8F01B
:10E2300081114BC023E0729FA00111244D555E4D0A
:10E24000FA0125913491FA013296E4916E9F412DA5
:10E250001124000C411DC901841B91091F910F91CC
:10E260000895613271058105910550F1605271097F
:10E27000810991098B019C0183E0369527951795BB
:10E2800007958A95D1F7000F111F000F111F0D552B
:10E29000124EF80125913491F8013296459154912E
:10E2A0006770649FC001659F900D112443E09695AF
:10E2B00087954A95E1F7A901481B590BCA01CECFB2
:10E2C000E3EAFDE185919491C9CF8EE190E0C6CF5C
:10E2D00090916F0081E091FD02C080E008959091DF
:10E2E0006F009D7F90936F000895FC017081472F10
:10E2F00050E0062E02C0559547950A94E2F740FF7C
:10E3000014C04091450750E0062E02C05595479530
:10E310000A94E2F740FF09C021E030E001C0220F7B
:10E320006A95EAF72095272320830895DC01ED9173
:10E33000FC911197208130E012968C91F90102C076
:10E34000F595E7958A95E2F7CF0181700895809160
:10E35000590281110DC08091320990913309892BA6
:10E3600039F481E090913409911103C080E008955F
:10E3700081E008959B01692F782F832F922F0895B4
:10E38000CF93DF93FC019281992369F0C481D581F9
:10E39000209749F0923051F0943071F0913019F497
:10E3A000FB0180818883DF91CF910895FB018081FB
:10E3B000918198278927F6CFFB0160817181828145
:10E3C0009381D8DF6883EFCF9B01692F782F832F4C
:10E3D000922F0895089508951092B50681E008954A
:10E3E0001092B80688EC90E090930D0280930C0296
:10E3F00081E008958FEF809310028AE090E090937F
:10E400000B0280930A0281E00895EFE8F6E01182A2
:10E4100010821382128281E00895CF93DF93C0911E
:10E42000AB0DD091AC0D209729F16091A70D7091A3
:10E43000A80D8091A90D9091AA0D0E94B9F96E5F67
:10E440007F4F24976C177D07ACF470930508609399
:10E4500004080E94C2D0605C73468F4F9F4F609348
:10E460000608709307088093080890930908DF91C5
:10E47000CF9108951092060810920708109208088C
:10E4800010920908F4CFCF93DF93EC018D810E94A5
:10E49000335460E08B81DF91CF910C949CCFAF928D
:10E4A000BF92DF92EF92FF920F931F93CF93DF9370
:10E4B00000D000D0CDB7DEB77C01D62E122F032FAF
:10E4C000B42EA52EE0DF0E9471D11E821D828D2DFB
:10E4D00080648983AA82BB820C831D838E010F5FB7
:10E4E0001F4FCE010696D801E0E02D91F0E0EE0F2F
:10E4F000FF1FE227EE59FA4DE491A817B907A9F7D3
:10E50000EE0FE160EE83580186E0A80EB11CF80121
:10E5100081918F010E9427540A151B05C1F7FCE069
:10E52000DF1202C00E942C5410E00E942C54F7010C
:10E53000868387FF04C01F3F11F01F5FF6CF26962A
:10E540000FB6F894DEBF0FBECDBFDF91CF911F9104
:10E550000F91FF90EF90DF90BF90AF90089561E032
:10E56000FC0183810E949CCF8FEF0C9427540F9362
:10E570001F93CF938C0187DF0E9471D1C82F811127
:10E580000AC082E1F8018483C801E9DF8C2FCF91B2
:10E590001F910F9108958DEF0E9427540E9471D111
:10E5A000C82FF2CF8F929F92AF92BF92CF92DF92FD
:10E5B000EF92FF920F931F93CF93DF93EC016A01C9
:10E5C0007B01590120E030E0A90167E368DFA50184
:10E5D000980167E1CE0163DF811125C08F8183300F
:10E5E00039F089E0CC0CDD1CEE1CFF1C8A95D1F7BC
:10E5F000A701960169E1CE0152DF11E0882319F0ED
:10E6000010E087E08C83CE01AADF812FDF91CF91CC
:10E610001F910F91FF90EF90DF90CF90BF90AF9040
:10E620009F908F90089589E08C8310E0ECCFEF925B
:10E63000FF920F931F93CF93DF93EC01E62E8A0195
:10E6400060E072E0CA01FFDCF82E892FEEBCF80111
:10E6500098013E5F0DB407FEFDCF90819EBD0DB4C5
:10E6600007FEFDCF91819EBD3296E217F30791F729
:10E670000DB407FEFDCF0E9427548F2D0E94275412
:10E680000E942C548E838F71853061F083E18C83DE
:10E69000CE0165DF80E0DF91CF911F910F91FF9058
:10E6A000EF90089581E0F7CFEF92FF921F93CF9301
:10E6B000DF93EC017B01E7DE0E9471D1182F8111FD
:10E6C0000BC085E18C83CE014ADF812FDF91CF9192
:10E6D0001F91FF90EF900895A7016CEFCE01A7DF87
:10E6E000182FF1CF0F931F93CF93DF93EC01890184
:10E6F0008F81833039F089E0440F551F661F771FE3
:10E700008A95D1F79A01AB0168E1CE01C8DE882372
:10E7100021F086E08C8310E007C0A8016EEFCE01E7
:10E7200086DF811109C011E0CE0119DF812FDF9151
:10E73000CF911F910F9108950E9471D1182F8111CF
:10E7400003C087E18C83F0CF20E030E0A9016DE0C9
:10E75000CE01A5DE811104C00E942C54882319F338
:10E7600086E1D8CF1F93CF93DF93EC018CDE20E0BE
:10E7700030E0A9016CE0CE0192DE11E0882319F0AF
:10E7800010E083E08C83CE01EADE812FDF91CF9110
:10E790001F9108951F93CF93DF93EC018F818330F6
:10E7A00039F089E0440F551F661F771F8A95D1F70E
:10E7B0009A01AB0162E1CE0172DE11E0882319F00B
:10E7C00010E085E08C83CE01CADE812FDF91CF91EE
:10E7D0001F9108958F929F92AF92BF92CF92DF9236
:10E7E000FF920F931F93CF93DF93EC018B016A018C
:10E7F0000E94C2D04B015C012CE2820E21E0921EED
:10E80000A11CB11C0E942C548E838F3F99F40E944E
:10E81000C2D0A5019401261B370B480B590BDA0116
:10E82000C901181619061A061B0664F381E18C83C8
:10E8300010E028C08E3F09F03EC0C60101972FEFBF
:10E840002EBDF8014FEF0DB407FEFDCF2EB521937D
:10E850004EBD9F01201B310B28173907A0F30DB4C3
:10E8600007FEFDCF2EB5800F911FFC0120830E9473
:10E870002C54F82E0E942C54B82E80912502811120
:10E8800010C011E0CE016BDE812FDF91CF911F917F
:10E890000F91FF90DF90CF90BF90AF909F908F909F
:10E8A0000895B601C801CFDB3F2D2B2D82179307AA
:10E8B00041F38BE1BCCF8FE0BACF0F931F93CF937F
:10E8C000DF93EC018B01DFDD40E052E0B801CE01C7
:10E8D000DF91CF911F910F917DCFAF92BF92CF92D9
:10E8E000DF92EF92FF920F931F93CF93DF93EC0190
:10E8F0006A017B0159018F81833039F089E0CC0CAA
:10E90000DD1CEE1CFF1C8A95D1F713E004E0A70183
:10E91000960161E1CE01C3DD882369F00C83CE014D
:10E920001EDE1150D1F020E030E0A9016CE0CE01F4
:10E93000B6DD1C82ECCF40E052E0B501CE014ADFEB
:10E94000882369F3DF91CF911F910F91FF90EF9092
:10E95000DF90CF90BF90AF90089580E0F3CF8F927B
:10E960009F92AF92BF92CF92DF92EF92FF920F935E
:10E970001F93CF93DF93EC01062F1F821C824B83E2
:10E980000E94C2D06B017C0120EDC20E27E0D21E96
:10E99000E11CF11CA89561E08B810E949CCF8B81CA
:10E9A0000E94AAC9209A289A219A2398229A81E043
:10E9B0000E94335485E08D830E9433541AE08FEF18
:10E9C0000E9427541150D9F7A89520E030E0A90102
:10E9D00060E0CE0164DD8E838130B1F00E94C2D050
:10E9E000A7019601261B370B480B590BDA01C90109
:10E9F000181619061A061B0644F381E08C83CE0113
:10EA0000AEDD1A8280E081C021E030E040E050E0DD
:10EA10006BE3CE0144DD91E0813009F090E090930A
:10EA20002502A8952AEA31E040E050E068E0CE01F6
:10EA300036DD853069F581E08F83A8958F81812C43
:10EA4000912C5401823029F4812C912CA12C80E44A
:10EA5000B82E20E030E0A90167E3CE0120DDA5015A
:10EA6000940169E2CE011BDD8E83882369F10E9447
:10EA7000C2D0A7019601261B370B480B590BDA01B0
:10EA8000C901181619061A061B061CF38AE0B6CF30
:10EA900014E00E942C548E831150D9F78A3A11F455
:10EAA00082E0CACF0E94C2D0A7019601261B370B75
:10EAB000480B590BDA01C901181619061A061B066C
:10EAC0000CF4B0CF82E09ACF8F818230B9F420E08D
:10EAD00030E0A9016AE3CE01E2DC882311F088E08E
:10EAE0008DCF0E942C54807C803C11F483E08F8376
:10EAF0000E942C540E942C540E942C54CE012FDDD5
:10EB000081E08A83073070F40D83DF91CF911F91EC
:10EB10000F91FF90EF90DF90CF90BF90AF909F90BC
:10EB20008F90089588E18C836DCF0F931F93CF93BF
:10EB3000DF93EC018B0120E030E0A90169E0AFDC5C
:10EB4000811109C040E150E0B801CE01DF91CF91C1
:10EB50001F910F913FCE80E18C83CE0100DD80E0DC
:10EB6000DF91CF911F910F910895CF93C82FB0DB04
:10EB700094E0C99F90011124F901EC57F74F2057F9
:10EB8000374FD9014D915D916D917C9140835183B7
:10EB90006283738391E090938308882319F0CF9167
:10EBA0000C94612BCF910895CF93DF9300D0CDB714
:10EBB000DEB780912309811105C0809179098823EE
:10EBC00009F482C080911D08789978C08160809393
:10EBD0001D0880911D08029973C0826080931D08F2
:10EBE0009091000180911D0893FF6CC08460809318
:10EBF0001D088CEC9DE09A8389831B82CE010196CF
:10EC000095DB8823A1F08BEC9DE09A838983CE016C
:10EC100001968CDB81110BC080911D0880FF07C01D
:10EC20008091770981608093770980E09EDF8CEC8A
:10EC30009DE09A83898381E08B83CE01019676DB08
:10EC40008823A1F08BEC9DE09A838983CE01019605
:10EC50006DDB81110BC080911D0881FF07C0809181
:10EC6000770982608093770981E07FDF8CEC9DE0FB
:10EC70009A83898382E08B83CE01019657DB8823B8
:10EC800019F18BEC9DE09A838983CE0101964EDBCE
:10EC900081111AC0809179098823B1F080911D08F3
:10ECA00082FF12C08091770984608093770982E0A7
:10ECB0000F900F900F90DF91CF9157CF8E7F87CF1E
:10ECC0008D7F8CCF8B7F93CF0F900F900F90DF9124
:10ECD000CF9108954091DD0721E0422761E070E087
:10ECE0000C9474C94091DD0721E042276CE070E08C
:10ECF0000C9474C94091DD0721E0422762E070E086
:10ED00000C9474C94091DD0721E0422761E070E076
:10ED10000C9474C94091DD0721E0422768E070E05F
:10ED20000C9474C94091DD0721E042276CE070E04B
:10ED30000C9474C94091DD0721E0422764E070E043
:10ED40000C9474C941E061E070E00C9474C941E036
:10ED500062E070E00C9474C94091DD0721E0422725
:10ED60000C9474C964E070E00C945BD062E070E0D5
:10ED70000C945BD061E070E00C945BD061E070E0DB
:10ED80000C945BD06CE070E00C945BD00E94362851
:10ED9000882329F081E0809330080E944B2881E08D
:10EDA0000895CF93C82FCB010E947E2B64E27AE1B5
:10EDB000CC2311F069E27AE183E39AE1CF910C94DC
:10EDC0000C2D80918A0D83FD28C00E94D0378823A6
:10EDD00031F18091820D9091830DA091840DB091BD
:10EDE000850D0097A105B105D1F0BC01CD016D598C
:10EDF0007F4F8F4F9F4F24E630E040E050E00E946D
:10EE0000D0F76091860D7091870D8091880D90915B
:10EE1000890D0E94D0F7822F089584E6089580E03E
:10EE20000895CF93DF931F921F92CDB7DEB77A83F9
:10EE3000698342E0BE016F5F7F4F0E9418240F90EC
:10EE40000F90DF91CF9108950F931F93CF93DF938E
:10EE500000D01F921F92CDB7DEB7DC0112969C91B5
:10EE60001297992309F11496ED91FC91159730971B
:10EE7000D9F08D01923079F0943001F19130A1F404
:10EE800020818D919C912D8341E0BE016B5F7F4F6E
:10EE90000E94182409C0608170E0762767277627D2
:10EEA000FD0180819181BDDF0F900F900F900F9039
:10EEB0000F90DF91CF911F910F910895608170E0C5
:10EEC00090E080E057DAF8012081318169837A830C
:10EED0008B839C8344E0BE016F5F7F4FC901D8CF15
:10EEE0000F931F93CF93DF9300D01F921F92CDB744
:10EEF000DEB7DC0112969C911297992301F11496CA
:10EF0000ED91FC9115973097D1F08D01923079F009
:10EF10009430F9F0913099F48D919C9120812D835A
:10EF200041E0BE016B5F7F4F0E94182408C06081E2
:10EF300071817627672776278D919C9172DF0F90DC
:10EF40000F900F900F900F90DF91CF911F910F9125
:10EF500008956081718190E080E00CDAF8012081F1
:10EF6000318169837A838B839C8344E0BE016F5F28
:10EF70007F4FC901D9CF0F931F93CF93DF9300D059
:10EF80001F921F92CDB7DEB7DC0112969C911297AB
:10EF90009923B9F11496ED91FC911597309789F169
:10EFA0008D019230D9F09430B1F1913051F520E0DB
:10EFB00030E048EC52E460817181828193810E944B
:10EFC0000BF20E94A8FAF801808191816D8341E0E3
:10EFD000BE016B5F7F4F0E94182413C020E030E019
:10EFE00048EC52E460817181828193810E940BF22E
:10EFF0000E94A8FA762767277627F80180819181F9
:10F0000010DF0F900F900F900F900F90DF91CF9126
:10F010001F910F91089520E030E048EC52E46081A8
:10F020007181828193810E940BF20E94A8FAA2D979
:10F03000F8012081318169837A838B839C8344E04A
:10F04000BE016F5F7F4FC901C6CF0F931F93CF9350
:10F05000DF9300D01F921F92CDB7DEB7DC0112966E
:10F060009C9112979923B9F11496ED91FC91159703
:10F07000309789F18D019230D9F09430B1F191300F
:10F0800051F520E030E040E251E4608171818281FD
:10F0900093810E940BF20E94A8FAF801808191816D
:10F0A0006D8341E0BE016B5F7F4F0E94182413C047
:10F0B00020E030E040E251E46081718182819381FF
:10F0C0000E940BF20E94A8FA762767277627F8019C
:10F0D00080819181A6DE0F900F900F900F900F907E
:10F0E000DF91CF911F910F91089520E030E040E231
:10F0F00051E460817181828193810E940BF20E94B0
:10F10000A8FA38D9F8012081318169837A838B8309
:10F110009C8344E0BE016F5F7F4FC901C6CF0F9350
:10F120001F93CF93DF9300D01F921F92CDB7DEB70E
:10F13000DC0112969C911297992301F11496ED919E
:10F14000FC9115973097D1F08D01923079F0943081
:10F15000F9F0913099F48D919C9120812D8341E0BB
:10F16000BE016B5F7F4F0E94182408C060817181CF
:10F170007627672776278D919C9153DE0F900F900D
:10F180000F900F900F90DF91CF911F910F910895E5
:10F1900060817181072E000C880B990BEBD8F80168
:10F1A0002081318169837A838B839C8344E0BE0113
:10F1B0006F5F7F4FC901D7CF60911F0270E0762744
:10F1C00067277627FC01808191812BCECF93DF9337
:10F1D000EC010E94B924682F70E078276727762712
:10F1E00088819981DF91CF911CCEFC018081918132
:10F1F0008115904491F480917C1424E6829FC00193
:10F20000112481589F4F6FEF70E00E9447F87627D6
:10F210006727762780E090E404CE0895FC01909162
:10F22000B806992339F0913069F09F3F71F461E09D
:10F2300070E002C062E070E0762767277627808161
:10F240009181EFCD64E070E0F7CF0895FC019091DB
:10F2500010029F3F34F019162CF462E070E09130F8
:10F2600019F0089561E070E076276727762780819E
:10F270009181D7CDDC011496ED91FC91309789F006
:10F28000E08170E060E0E43028F4F0E0E057FB4F0C
:10F29000608170E0762767277627FC018081918165
:10F2A000C0CD0895FC0190913608977070E060E041
:10F2B00011F060E071E080819181B3CDFC0180812B
:10F2C00091818E3FF0E39F0739F065EF70E0813068
:10F2D00021E3920719F0089564E670E07627672726
:10F2E00076279FCDFC0180819181893F904351F425
:10F2F000609117027091180276276727762789EFA9
:10F3000090E38FCD0895FC0180819181873FF0E3E8
:10F310009F0721F08115904531F0089552DD682F47
:10F3200070E0853610F064E670E076276727762770
:10F3300087EF90E376CD0F931F93CF93DF9300D0A9
:10F340001F92CDB7DEB72091B806211126C08C01DF
:10F3500021E732EB47E25EE36091C70D7091C80D83
:10F360008091C90D9091CA0D0E940BF220E030E00F
:10F3700048EC52E40E940BF20E94A8FA25D8F8014A
:10F380002081318169837A838B839C8344E0BE0131
:10F390006F5F7F4FC9010E9418240F900F900F904C
:10F3A0000F90DF91CF911F910F9108950F931F93AD
:10F3B000CF93DF9300D01F92CDB7DEB72091B80670
:10F3C000211127C08C0121E732EB47E25EE3609117
:10F3D000C30D7091C40D8091C50D9091C60D0E9412
:10F3E00051F920E030E048EC52E40E940BF20E9418
:10F3F000A8FA0E94E471F8012081318169837A833F
:10F400008B839C8344E0BE016F5F7F4FC9010E94E4
:10F4100018240F900F900F900F90DF91CF911F91B4
:10F420000F9108950F931F93CF93DF9300D01F92F6
:10F43000CDB7DEB72091B806211121C08C0120E0A4
:10F4400030E048EC52E46091BF0D7091C00D8091A6
:10F45000C10D9091C20D0E940BF20E94A8FA0E9469
:10F46000E471F8012081318169837A838B839C83E5
:10F4700044E0BE016F5F7F4FC9010E9418240F90C6
:10F480000F900F900F90DF91CF911F910F910895E2
:10F490007F928F929F92AF92BF92CF92DF92EF9224
:10F4A000FF920F931F93CF93DF93CDB7DEB7E29711
:10F4B0000FB6F894DEBF0FBECDBF6C01CE01019632
:10F4C0007C0110E000E04C0195E0A92EB12C25E074
:10F4D000722EC801B5010E9447F8789EF001799E0E
:10F4E000F00D1124E60FF71FEE0FFF1FEE0FFF1FA9
:10F4F000E559F84F20E030E04AE754E4608171813B
:10F50000828193810E940BF20E94A8FA76276727D6
:10F510007627F701619371937F010F5F1F4F0931C8
:10F520001105B9F642E3B401F601808191810E9490
:10F530001824E2960FB6F894DEBF0FBECDBFDF9160
:10F54000CF911F910F91FF90EF90DF90CF90BF90E0
:10F55000AF909F908F907F900895EF920F93FC0152
:10F560004281442361F0648175816115710539F030
:10F57000E12C00E021E0808191810E9430230F91F5
:10F58000EF900895EF920F93EE24E39400E021E0D2
:10F59000FC01428163ED79E1808191810E943023F9
:10F5A0000F91EF900895EF920F93EE24E39400E013
:10F5B00021E0FC01428161ED79E1808191810E942D
:10F5C00030230F91EF900895EF920F93EE24E39480
:10F5D00000E021E0FC0142816FEC79E180819181C2
:10F5E0000E9430230F91EF900895EF920F93FC014A
:10F5F0004281442361F0648175816115710539F0A0
:10F60000E12C00E021E0808191810E9485230F910F
:10F61000EF9008958F929F92AF92BF92CF92DF9218
:10F62000EF920F93CF93DF93CDB7DEB75C018DB62A
:10F630009EB6FC0192812DB73EB7291B31090FB64A
:10F64000F8943EBF0FBE2DBFEDB7FEB731966F01E8
:10F6500081E08F9320E92F938F932CE22F938F9348
:10F660002F9326EC39E13F932F931F929F93DF92C4
:10F67000EF930E9403F1EE24E39400E021E0F50112
:10F680004281B601808191810E9485232DB73EB7CA
:10F69000245F3F4F0FB6F8943EBF0FBE2DBF0FB68D
:10F6A000F8949EBE0FBE8DBEDF91CF910F91EF906B
:10F6B000DF90CF90BF90AF909F908F900895CF93A1
:10F6C000DF93EC0146E065E082E10E941B5360E0BD
:10F6D00071E088819981DF91CF91A3CBCF93DF93A4
:10F6E000EC018091A80945E065E0882369F08DE090
:10F6F0000E941B5361E070E0762767277627888198
:10F700009981DF91CF918DCB8DE00E94ED5270E019
:10F7100060E0F2CF8230910571F034F40097A1F0EF
:10F7200042E0019749F008958330910559F045E092
:10F73000049711F0089543E0662341F065E082E00C
:10F740000C941B5344E0F8CF41E0F6CF65E082E033
:10F750000C94ED52EF920F93CF93DF93EC018091D5
:10F760000E0290910F0297FF09C089E79CE2892B56
:10F77000F1F4DF91CF910F91EF9008950E94CEDBCD
:10F78000882399F38091430B62E979E0882311F093
:10F7900063E47BE06115710561F3EE24E39400E01E
:10F7A00021E04A81888199810E948523E2CFEE245D
:10F7B000E39400E021E04A8169E77CE28881998155
:10F7C0000E943023D6CFEF920F93CF93DF93EC01BB
:10F7D00088819981853620E39207B9F160F48532FA
:10F7E00020E39207B1F18534904371F0DF91CF911E
:10F7F0000F91EF900895853820E3920741F1853A03
:10F800009043A1F784E001C081E02091B6063091D9
:10F81000B706820F932F911D0E94CEDB8823D9F06B
:10F820008091430B62E979E0882311F063E47BE087
:10F8300061157105D9F2EE24E39400E021E04A81DC
:10F84000888199810E948523D1CF82E0DECF83E039
:10F85000DCCF80E0DACF89E79CE2009739F2EE2432
:10F86000E39400E021E04A81BC01888199810E94F3
:10F870003023BCCFAF92BF92CF92DF92EF92FF9234
:10F880000F931F93CF93DF9300D000D000D01F922F
:10F89000CDB7DEB76C01CE0101967C0110E000E02F
:10F8A0005C018091B6069091B706800F911F0E946F
:10F8B000CEDB811126C0F7011182108260E0C80101
:10F8C00029DF0F5F1F4FF2E0EF0EF11C053011052D
:10F8D00041F74AE0B501F601808191810E94182428
:10F8E0002A960FB6F894DEBF0FBECDBFDF91CF9141
:10F8F0001F910F91FF90EF90DF90CF90BF90AF904E
:10F90000089580918A0D85FD07C080E091E0F701A0
:10F910009183808361E0D3CF80E092E0F8CFEF92D3
:10F92000FF920F931F93CF93DF937C0180918A0DF9
:10F9300046E065E086FD2EC082E00E941B53C1E0D8
:10F94000D0E08091B6069091B706892B49F1C2604C
:10F9500047E065E082E00E941B530091B6061091DB
:10F96000B7060B5F1F4F0E9480DB08171907F0F4E2
:10F97000C46048E065E082E00E941B537C2F6D2F3D
:10F98000F70180819181DF91CF911F910F91FF90BD
:10F99000EF9047CA82E00E94ED52D0E0C0E0D1CFA4
:10F9A00047E065E082E00E94ED52D7CF48E065E095
:10F9B00082E00E94ED52E2CF80918A0D86FD03C065
:10F9C0000E940DD2F9CF1092B7061092B6068FEFB3
:10F9D0009FEF90930F0280930E0281E008958F9223
:10F9E0009F92AF92BF92DF92EF92FF920F931F937D
:10F9F000CF93DF9300D000D000D01F92CDB7DEB7F9
:10FA0000F82ED62E61111092400701E319E143E070
:10FA100050E0B801CE0101960E947AF08A819B8164
:10FA2000009741F02981F21629F00D5F1F4F79F7F9
:10FA300090E080E08C010115110509F456C0F80131
:10FA400085919491009709F450C0BE016F5F7F4F7C
:10FA50000E943124882309F445C089859A85892B21
:10FA600009F440C0D11003C08C8180FF3BC0EB8003
:10FA700026E0E20E0E94C2D04B015C0138EE830EFC
:10FA800033E0931EA11CB11CF12C80915E06909175
:10FA90005D06891B990B9C012150310937FF02C07B
:10FAA0002F5C3F4F2E151F04C0F40E94C2D0A50149
:10FAB0009401261B370B480B590BDA01C9011816A4
:10FAC00019061A061B0624F50E94AE5262E370E086
:10FAD00080E090E00E9428D0D8CFE985FA85CE0159
:10FAE000019619950E5F1F4FA6CF81E02A960FB69B
:10FAF000F894DEBF0FBECDBFDF91CF911F910F9164
:10FB0000FF90EF90DF90BF90AF909F908F900895FF
:10FB100080E0ECCFCF93DF93EC010E9447D61B82AD
:10FB2000DF91CF910895CF93DF93EC01462F417081
:10FB30006C857D858E859F850E9440D3882351F0FA
:10FB4000888920E2829FC00111248E58944FDF9152
:10FB5000CF91089590E080E0FACFCF93DF93EB014F
:10FB6000FC012381211104C080E0DF91CF91089531
:10FB70002250223028F48FE28883198281E0F5CF69
:10FB800060E0D1DF009781F3DC0160E080E09EE27D
:10FB90002D91203299F0883031F49E01260F311DCD
:10FBA000F90190836F5F9E01260F311DAD01415019
:10FBB0005109FA014081F90140836F5F8F5F8B30FB
:10FBC00039F7FE01E60FF11D1082D8CF3F924F9218
:10FBD0005F926F927F928F929F92AF92BF92CF92DD
:10FBE000DF92EF92FF920F931F93CF93DF93CDB7E6
:10FBF000DEB72C970FB6F894DEBF0FBECDBF5C0109
:10FC0000DC0159968D909C90F40181859285A385A5
:10FC1000B4859C01AD012F5F3F4F4F4F5F4F298748
:10FC20003A874B875C87D50114964D905D906D9017
:10FC30007C901797411451046104710409F459C070
:10FC4000BFEF4B1A5B0A6B0A7B0A312C730162010E
:10FC50001D821E821F821886F40181859285A385EC
:10FC6000B4852D813E814F815885281739074A0771
:10FC70005B0708F056C089859A85AB85BC858C15D5
:10FC80009D05AE05BF0550F482E0C82ED12CE12CB5
:10FC9000F12C92E0492E512C612C712C9E012F5F8A
:10FCA0003F4FB701A601C4010E945CD58823C9F16A
:10FCB00089819A81AB81BC81892B8A2B8B2B01F1A5
:10FCC000260137019FEF491A590A690A790A2D81DD
:10FCD0003E814F8158852F5F3F4F4F4F5F4F2D83A0
:10FCE0003E834F8358873FEFC31AD30AE30AF30AD0
:10FCF000B3CF408051806280738033243394A6CF89
:10FD0000C414D504E604F70411F70FEF1FEF2FEF2B
:10FD10003FE0B701A601C4010E94CBD4782E811127
:10FD20001AC0712C872D2C960FB6F894DEBF0FBE2B
:10FD3000CDBFDF91CF911F910F91FF90EF90DF909A
:10FD4000CF90BF90AF909F908F907F906F905F907B
:10FD50004F903F900895F5014481558166817781E8
:10FD6000411551056105710539F097018601C401FE
:10FD70000E94CBD48823A9F2D5011496CD92DD92AE
:10FD8000ED92FC921797332051F0D701C6010196EE
:10FD9000A11DB11DF40180839183A283B383F5017A
:10FDA00085899689A789B08D892B8A2B8B2B09F0A1
:10FDB000B9CFC58AD68AE78AF08E8181806881832F
:10FDC000B1CF40E050E0BA010C9491D6EF92FF928F
:10FDD0000F931F93CF93DF93CDB7DEB72C970FB65A
:10FDE000F894DEBF0FBECDBF8C017F936F935F93FE
:10FDF0004F9381EF94E09F938F939E012F5F3F4F2E
:10FE000079013F932F930E94A6FBF80101900020F7
:10FE1000E9F7CF010197801B910B0FB6F894DEBF75
:10FE20000FBECDBF8431910548F445E150E0481B39
:10FE3000590BB701800F911F0E94EFF0C8012C965B
:10FE40000FB6F894DEBF0FBECDBFDF91CF911F91EB
:10FE50000F91FF90EF900895809124028F37C8F1A1
:10FE60008F579091AD0D9093B308992381F1A59A86
:10FE70009091FA079093B2089923A1F1759A8F5F38
:10FE8000809324028091B10891E089278093B10882
:10FE900080912302980F85300CF090E0823009F4B5
:10FEA0006EC014F58823B1F1813009F45DC09093E0
:10FEB00023020E94D4758091DA099091DB090097A2
:10FEC00029F001979093DB098093DA090895A598AA
:10FED000CFCF9091B308891708F0A5989091B208F8
:10FEE000891768F27598CBCF843009F460C00CF4A0
:10FEF00059C08530E1F62091B008211102C08093ED
:10FF0000B0088091B00881508093B008882379F2BE
:10FF100095E0CDCF809122028F5F80311CF48093D9
:10FF20002202C5CF109222028091EF07811113C0E7
:10FF30002091A30D3091A40D3093A60D2093A50D13
:10FF40002091F0073091F1073093F3072093F207E7
:10FF500081E08093EF071092A40D1092A30D1092F0
:10FF6000F1071092F007A3CF10927B0081E48093F9
:10FF70007C0080917A00806480937A0098CF809191
:10FF80007A0086FD27C04091780050917900209139
:10FF9000A30D3091A40D240F351F3093A40D209391
:10FFA000A30D85CF88E080937B0086E4E0CF80912D
:10FFB0007A0086FD11C0409178005091790020911F
:10FFC000F0073091F107240F351F3093F10720938C
:10FFD000F0076DCF92E06BCF94E069CF0F930FB72E
:10FFE0000F9300916E000D7F00936E0078940F9335
:10FFF0000BB70F930CB70F921F922F933F934F9312
:020000021000EC
:100000005F936F937F938F939F93AF93BF93EF9380
:10001000FF93112421DFFF91EF91BF91AF919F9149
:100020008F917F916F915F914F913F912F911F9091
:100030000F900CBF0F910BBF0F910260F8940093CB
:100040006E000F910FBF0F911895CF93DF93C3EA06
:10005000DDE019861886109203080E940D721A8638
:10006000A598C0EFD7E0198618860E9416251A8633
:100070007598DF91CF9108958F929F92AF92BF9222
:10008000CF92DF92EF92FF920F931F93CF93DF9364
:10009000B4E4A0E06A2F70E0AB014B0F511D559501
:1000A0004795411119C0ECEDF9E265917491072E65
:1000B000000C880B990B0E94ACF1DF91CF911F913E
:1000C0000F91FF90EF90DF90CF90BF90AF909F90F7
:1000D0008F900895B42FE0CFA41711F0B41303C08C
:1000E000E8EEFAE2E2CF9A0121503109220F331FE4
:1000F000220F331FF901E652F64DE590F490F90115
:10010000E252F64DC591D4918E159F0518F3A42F98
:10011000C817D90708F4BECFF901E452F64D05918E
:100120001491F901E052F64DC590D4908E199F09B3
:10013000BC0190E080E00E94AAF14B015C01B60195
:10014000601B710B072E000C880B990B0E94ACF101
:100150009B01AC01C501B4010E940BF24B015C0193
:10016000CE19DF09BE0190E080E00E94AAF19B0158
:10017000AC01C501B4010E9451F96B017C01B801C9
:10018000110F880B990B0E94ACF19B01AC01C701C8
:10019000B6010E9475F891CFCF92DF92EF92FF9255
:1001A0006A017B010E947E2BC701B601FF90EF9090
:1001B000DF90CF900C9456C7CF93DF93EC0148812A
:1001C00059816A817B8183EA94E2E6DF4C815D811B
:1001D0006E817F818BE59FE2DFDF488559856A85E7
:1001E0007B8587E59FE2DF91CF910C947A2C0F936A
:1001F0000FB70F9300916E000F930D7F00936E0069
:1002000000916F000D7F00936F000F930BB70F935A
:100210000CB70F921F922F933F934F935F936F935F
:100220007F938F939F93AF93BF93EF93FF9311248B
:10023000DCD6FF91EF91BF91AF919F918F917F910C
:100240006F915F914F913F912F911F900F900CBF35
:100250000F910BBF0F910260F89400936F000F9104
:1002600000936E000F910FBF0F911895CF93DF93FE
:1002700000D0CDB7DEB700C000C08BEC9DE09A8304
:1002800089831B82CE0101960E949671909108018C
:10029000811101C09095917090930601811147C022
:1002A0008FEF809337088BEC9DE09A83898381E000
:1002B0008B83CE0101960E94967190910801811165
:1002C0009095987090930601811133C08FEF8093C1
:1002D00038088BEC9DE09A83898382E08B83CE0182
:1002E00001960E94967190910801811190959078E5
:1002F0009093060181111FC08FEF809339088BEC1A
:100300009DE09A83898383E08B83CE0101960E94CE
:100310009671882391F08D9881E080933A0800C00F
:1003200000C00F900F900F90DF91CF91089581E062
:10033000B8CF81E0CCCF81E0E0CF8D9A8FEFEDCFC9
:1003400080913608877F809336088B9A81E00895E4
:100350008B9880913608886080933608089521E054
:1003600030E0082E02C0220F331F0A94E2F72095D6
:10037000309590913608292320933608813061F01A
:1003800020F0823071F081E008958E9A8091780992
:100390008E7F80937809F7CF749A809178098D7F4A
:1003A000F8CF80910801809580718093060180913B
:1003B00078098B7FEECF80E0D2DF81E0D0DF82E072
:1003C000CEDFBECF8130B9F0A0F08230B1F021E0B5
:1003D00030E0082E01C0220F0A94EAF79091360807
:1003E000922B90933608823019F481E08093DE07D7
:1003F00008958E98ECCF7498EACF9091080190718F
:1004000090930601E4CF80E0DDDF81E0DBDF82E076
:10041000D9DF9ECF4F925F926F927F928F929F9281
:10042000AF92BF92CF92DF92EF92FF92CF93DF9382
:1004300000D000D0CDB7DEB79E838D830E947B288D
:100440004B015C01AD81BE8118964D905D906D9021
:100450007C901B97AC019B01C301B2010E9474F810
:100460006B017C018091A9099091AA09A091AB0927
:10047000B091AC0989839A83AB83BC8320E030E0E0
:10048000A901BC01CD010E94A6F1882349F020E01A
:1004900030E0A901C701B6010E94A6F11816ECF0E0
:1004A000AD81BE811896CD92DD92ED92FC921B97A4
:1004B00026960FB6F894DEBF0FBECDBFDF91CF9169
:1004C000FF90EF90DF90CF90BF90AF909F908F9074
:1004D0007F906F905F904F90089529813A814B8172
:1004E0005C81C301B2010E949CFA87FFE1CF209199
:1004F000A4093091A5094091A6095091A709C50109
:10050000B4010E940BF29B01AC0160E070E080E856
:100510009FE30E9474F89B01AC01C701B6010E94E1
:1005200051F9ED81FE816087718782879387C0CF03
:10053000CF93DF9380915A07811119C0C0911D029A
:10054000D0911E02219720E030E040E05FE360910F
:10055000A70D7091A80D8091A90D9091AA0D0E94F0
:1005600075F80E94B9F921E06C177D070CF020E0C6
:10057000822FDF91CF910895AF92BF92CF92DF92F9
:10058000EF92FF920F931F93CF93DF93C4EED9E0C6
:1005900006EB19E084EFA82E89E0B82EC12CD12CEF
:1005A0007601C39469917991899199910E94AAF1F8
:1005B000288939894A895B890E940BF20E94BEF919
:1005C000F80161937193819391938F01C616D706B9
:1005D000E806F90610F46B017C01AC16BD0611F7B4
:1005E0006FEF7FEFCB01A70196010E94D0F7209318
:1005F000C6093093C7094093C8095093C909DF91D0
:10060000CF911F910F91FF90EF90DF90CF90BF900F
:10061000AF9008950F931F93CF93DF9308EF19E0E6
:10062000CAECD9E0F80121913191419151918F01AA
:1006300060E070E080E89FE30E9451F9699379934C
:1006400089939993F9E0CA3DDF0761F70E9450C989
:10065000DF91CF911F910F918FCF9091290E8091B3
:100660002A0E981306C08091DA099091DB09892B34
:1006700021F080E00E941F39F0CF08954F925F92E1
:100680006F927F928F929F92AF92BF92CF92DF92A2
:10069000EF92FF92CF93DF93EC0180E1FE01ABE29A
:1006A000BEE001900D928A95E1F72091040A309105
:1006B000050A4091060A5091070A6C857D858E8552
:1006C0009F850E940BF20E94A8FA6B017C01209189
:1006D000000A3091010A4091020A5091030A68858C
:1006E00079858A859B850E940BF20E94A8FA4B01AE
:1006F0005C012091FC093091FD094091FE09509167
:10070000FF096C817D818E819F810E940BF20E9486
:10071000A8FA2B013C012091F8093091F909409188
:10072000FA095091FB09688179818A819B810E9435
:100730000BF20E94A8FA60933B0E70933C0E8093DC
:100740003D0E90933E0E40923F0E5092400E6092AE
:10075000410E7092420E8092430E9092440EA092EF
:10076000450EB092460EC092470ED092480EE092CF
:10077000490EF0924A0E9091290E80912A0E9817F8
:1007800081F0DF91CF91FF90EF90DF90CF90BF90FD
:10079000AF909F908F907F906F905F904F900C9450
:1007A00013C95BDF0E946871C82F8BE39EE00E9433
:1007B000E970CC2381F0DF91CF91FF90EF90DF9033
:1007C000CF90BF90AF909F908F907F906F905F90F1
:1007D0004F900C94612BDF91CF91FF90EF90DF90C1
:1007E000CF90BF90AF909F908F907F906F905F90D1
:1007F0004F900895CF92DF92EF92FF92CF93DF93C5
:10080000C82F0E94687194E0C99FE0011124FE0185
:10081000E057F74FC080D180E280F38081110E94C1
:10082000612BC653D64FC701B6010E94ACF1288197
:1008300039814A815B810E940BF2DF91CF91FF9059
:10084000EF90DF90CF9008958F929F92AF92BF92DA
:10085000CF92DF92EF92FF921F93CF93DF93CDB7AA
:10086000DEB760970FB6F894DEBF0FBECDBF182F6E
:1008700080E0C0DF4B015C0180921E0890921F084F
:10088000A0922008B092210881E0B4DF6B017C01C6
:10089000C0922208D0922308E0922408F092250802
:1008A00082E0A8DF609326087093270880932808C9
:1008B000909329081D861E861F86188A89829A822F
:1008C000AB82BC82CD82DE82EF82F88669877A872E
:1008D0008B879C8783E08EDF6D877E878F87988BE1
:1008E0008091A809882319F0CE01019693DD1E3F5F
:1008F000D9F480E1FE013196AFE2BAE001900D92A9
:100900008A95E1F760960FB6F894DEBF0FBECDBFB3
:10091000DF91CF911F91FF90EF90DF90CF90BF902C
:10092000AF909F908F90089584E0189FF00111245C
:10093000DF01A15DB54F81E090E08C0F9D1FE80FB6
:10094000F91F40815181628173814D935D936D9355
:100950007C931397D7CF0F931F93CF93DF9300D040
:100960001F92CDB7DEB78C018091780982FF33C02A
:1009700082E040DF20E030E048E452E40E940BF2E5
:100980000E94B9F90E94ACF12AE037ED43EA5CE33A
:100990000E940BF220E030E048EC52E40E940BF29F
:1009A0000E94A8FA0E94E471F801208131816983D4
:1009B0007A838B839C8344E0BE016F5F7F4FC901C4
:1009C0000E9418240F900F900F900F90DF91CF91FD
:1009D0001F910F91089560E070E0CB01CBCF909113
:1009E000290E80912A0E981307C08091DA09909100
:1009F000DB09892B09F4DFCC80E00E941F39EFCF9F
:100A0000CF92DF92EF92FF92CF93DF93C82F0E9495
:100A1000687194E0C99FE0011124FE01EC57F74F83
:100A2000C080D180E280F38081110E94612BC65387
:100A3000D64FC701B6010E94ACF1288139814A81A5
:100A40005B810E940BF2DF91CF91FF90EF90DF90DE
:100A5000CF9008958F929F92AF92BF92CF92DF92E4
:100A6000EF92FF92CF93DF932091A809222309F4FC
:100A70007FC0EC018090A9099090AA09A090AB09D1
:100A8000B090AC0920E030E0A901C501B4010E949A
:100A9000A6F1882309F477C0C884D984EA84FB844A
:100AA00020E030E0A901C701B6010E94A6F11816A6
:100AB0000CF069C0A5019401C701B6010E949CFA1F
:100AC00087FF56C02091A0093091A1094091A20949
:100AD0005091A309C701B6010E94A6F1882321F114
:100AE000C092A009D092A109E092A209F092A309B4
:100AF0002091A4093091A5094091A6095091A70918
:100B0000C701B6010E940BF29B01AC0160E070E0EE
:100B100080E89FE30E9474F86093190270931A02B0
:100B200080931B0290931C02C0901902D0901A026D
:100B3000E0901B02F0901C0220E030E0A901C70108
:100B4000B6010E94A6F1882399F0CE010E947B286D
:100B5000A70196010E940BF29B01AC016885798583
:100B60008A859B850E9475F8688779878A879B8725
:100B7000DF91CF91FF90EF90DF90CF90BF90AF903B
:100B80009F908F900895C12CD12C80E8E82E8FE3A0
:100B9000F82EDBCFCF92DF92EF92FF92C090D80772
:100BA000D090D907E090DA07F090DB078091DC075E
:100BB000882309F44FC020E030E0A901C701B60145
:100BC0000E94A6F1882309F445C020E030E040E00F
:100BD0005FE3C701B6010E940BF29B01AC010E94CA
:100BE0000BF22BED3FE049E450E40E940BF29B0135
:100BF000AC0160E070E080E89FE30E9451F96B0176
:100C00007C01C0925607D0925707E0925807F092A5
:100C100059076091170270911802072E000C880B7B
:100C2000990B0E94ACF12AE037ED43E25CE30E94AD
:100C30000BF2A70196010E940BF26093550270938C
:100C400056028093570290935802FF90EF90DF90E6
:100C5000CF900895C12CD12C80E8E82E8FE3F82E98
:100C6000D0CF2F923F924F925F926F927F928F924E
:100C70009F92AF92BF92CF92DF92EF92FF920F932B
:100C80001F93CF93DF93CDB7DEB766970FB6F89477
:100C9000DEBF0FBECDBF1C016A017B0128013901F7
:100CA000DC0155968D909D90AD90BC90589720E0BA
:100CB00030E0A901CB01B6010E94A6F1882309F416
:100CC0004EC1A7019601C501B4010E940BF20E941A
:100CD000A8FAD62EE72EF82EC92EA3019201C5013F
:100CE000B4010E940BF20E94A8FADD82EE82FF821C
:100CF000C8862D813E814F815885203231054105BE
:100D0000510548F420E2822E912CA12CB12C8D8229
:100D10009E82AF82B88669837A838B839C83298184
:100D20003A814B815C81203231054105510548F4FF
:100D300080E2882E912CA12CB12C89829A82AB82E0
:100D4000BC82F101FE9680819181A281B38180975E
:100D5000A105B10540F480E290E0A0E0B0E080831E
:100D60009183A283B383D1019D968D909D90AD9088
:100D7000BC90D0978B8A9C8AAD8ABE8AF101E65BD3
:100D8000FF4F6081718182819381611571058105B9
:100D9000910509F4ECC00E94ACF19B01AC0160E04C
:100DA00070E080E89FE30E9451F920E030E040E0ED
:100DB0005FE30E940BF26B017C01F101FE96608102
:100DC0007181828193810E94AAF19B01AC010E94F2
:100DD0000BF22B013C0169817A818B819C810E94FD
:100DE000AAF19B01AC010E940BF29B01AC01C30173
:100DF000B2010E9474F8A70196010E940BF2698764
:100E00007A878B879C876D817E818F8198850E94F0
:100E1000AAF19B01AC010E940BF29B01AC01C30142
:100E2000B2010E9474F8A70196010E940BF22B01F7
:100E30003C010E943BF90E94B9F96B017C01698574
:100E40007A858B859C850E943BF90E94B9F9460101
:100E50005701860E971EA81EB91E2B893C894D8905
:100E60005E89281939094A095B0957FF32C06B8925
:100E70007C898D899E890E94AAF1A30192010E941A
:100E800075F829853A854B855C850E9474F820E0C9
:100E900030E040E05FE30E940BF20E94A8FAC12C10
:100EA000D12C760197FD0DC06B017C018B889C884D
:100EB000AD88BE888C149D04AE04BF0414F4750183
:100EC00064016B897C898D899E896C197D098E09E5
:100ED0009F09D101D196CD92DD92ED92FC92D497EB
:100EE0008B889C88AD88BE88861A970AA80AB90A9A
:100EF000D501C401F10185AB96ABA7ABB0AFEE5BFA
:100F0000FF4F8D809E80AF80B88480829182A282C4
:100F1000B38291012A5B3F4FD90189809A80AB80CF
:100F2000BC808D929D92AD92BC92139766960FB63F
:100F3000F894DEBF0FBECDBFDF91CF911F910F910F
:100F4000FF90EF90DF90CF90BF90AF909F908F90E9
:100F50007F906F905F904F903F902F900895F10198
:100F6000EE5BFF4FD080E180F280C380B6CEC12C13
:100F7000D12C760160E070E0CB01ABCF8F3010F464
:100F80008F5F08958F500895CF93DF9390912A0E2D
:100F90008091290E891740F0891B41F4D0E0C0E010
:100FA000CE01DF91CF910895805FF6CF9091270E0B
:100FB000992351F0833030F48FEF890F19F080932B
:100FC000270EECCF1092270EC0912A0E83E6C89F01
:100FD000E0011124C55BD14F888180FDDFCF809176
:100FE0002A0ECCDF8093280EDBCF2F923F924F92B8
:100FF0005F926F927F928F929F92AF92BF92CF92A9
:10100000DF92EF92FF920F931F93CF93DF9300D065
:1010100000D000D01F921F92CDB7DEB78FEF9FEFA9
:1010200090938900809388002AE02D8310E000E0EF
:101030008091810890918208892B09F0B1C180913B
:1010400083088823D9F08091AF099091B00910925C
:101050008308892B09F4A4C11092B0091092AF093A
:101060001092CC0D9091290E80912A0E981709F4B8
:1010700097C180912A0E82DF80932A0E8091AF095A
:101080009091B009892B09F48BC140917708509158
:1010900078086091790870917A088091730890912E
:1010A0007408A0917508B0917608481759076A0727
:1010B0007B0708F075C1C0902102D12CF12CE12CE6
:1010C000841B950BA60BB70BC816D906EA06FB06C0
:1010D00010F4D701C601E82F840F951FA61FB71F74
:1010E0008093770890937808A0937908B0937A0852
:1010F00091E0C0903B08D0903C08E0903D08F09013
:101100003E0840914F0850915008609151087091ED
:10111000520840903F0850904008609041087090FD
:101120004208440D551D661D771D80E077FD05C002
:101130004C195D096E097F0981E040934F08509377
:101140005008609351087093520840915308509191
:10115000540860915508709156084090430850908B
:1011600044086090450870904608440D551D661D62
:10117000771D77FD05C082604C195D096E097F09F6
:101180004093530850935408609355087093560841
:1011900040915708509158086091590870915A0829
:1011A00040904708509048086090490870904A085D
:1011B000440D551D661D771D77FD05C084604C19D3
:1011C0005D096E097F094093570850935808609352
:1011D000590870935A0840915B0850915C086091DF
:1011E0005D0870915E0840904B0850904C086090EC
:1011F0004D0870904E08440D551D661D771D77FDF6
:1012000005C088604C195D096E097F0940935B0831
:1012100050935C0860935D0870935E08911104C060
:101220002091840030918500282F30E0482F4170B4
:1012300080FF1CC080913708082E000C990BAA0B68
:10124000BB0BC0909008D0909108E0909208F0906D
:1012500093088C0D9D1DAE1DBF1D8093900890932B
:101260009108A0939208B09393088F9A21FB552779
:1012700050F95887198621FF21C080913808082E1F
:10128000000C990BAA0BBB0BC0909408D09095084A
:10129000E0909608F09097088C0D9D1DAE1DBF1D27
:1012A0008093940890939508A0939608B09397081C
:1012B00080910801809584708093060122FB22248E
:1012C00020F8312C22FF21C080913908082E000C13
:1012D000990BAA0BBB0BC0909808D0909908E0908E
:1012E0009A08F0909B088C0D9D1DAE1DBF1D80932C
:1012F000980890939908A0939A08B0939B088091BE
:1013000008018095807280930601F3E0359527955A
:10131000FA95E1F721153105E1F080913A08082EA0
:10132000000C990BAA0BBB0BC0909C08D0909D0899
:10133000E0909E08F0909F088C0D9D1DAE1DBF1D76
:1013400080939C0890939D08A0939E08B0939F085B
:101350008C9A809184009091850080918400909176
:10136000850041118F9888849984892829F080917B
:101370000801847080930601232829F080910801D8
:10138000807280930601232B09F08C98EE2321F0C4
:101390008091840090918500E15090E009F0A9CE01
:1013A000A0905302B0905402BF82AE82AB2809F0E5
:1013B00052C080908A0990908B099A828982811408
:1013C000910409F43DC0F090060182E00E94E281A0
:1013D00000C000C080910801181419040CF4809515
:1013E00080788093060100C000C08091080180953C
:1013F00080728093060100C0000082E090E00197B7
:10140000F0F78091080180728093060100C000C04F
:1014100080910801F7FC809580788093060100C0D8
:1014200000C0A980BA8080918A0990918B091A1412
:101430001B040CF03AC2019790938B0980938A09A0
:101440000E94672B882309F432C280ED97E09093C5
:10145000540280935302789480918108909182087D
:10146000892B09F08FC120918400309185008091F3
:1014700021028230B0F040917F0850918008420FE5
:10148000531F60917B0870917C086417750748F0C2
:1014900090E0959587958093210210927E08109296
:1014A0007D083195219531093093800820937F087C
:1014B00010927C0810927B08E091AF09F091B0097E
:1014C000309709F454C38091770890917808A091DF
:1014D0007908B0917A08409173085091740860912E
:1014E00075087091760884179507A607B70708F462
:1014F000E1C11092B0091092AF091092CC0D9091F9
:10150000290E80912A0E981709F431C380912A0E72
:1015100035DD80932A0E60EDE62E67E0F62E809191
:10152000AF099091B009892B09F028C12DDD909366
:10153000B0098093AF09892B09F420C16091AF09EC
:101540007091B0097B876A87DB018C9182FDE3C2D1
:10155000FB01E15BFF4F80819181A281B381809388
:10156000701590937115A0937215B093731580E167
:101570003496A1ECB4E101900D928A95E1F780E0F8
:10158000EA85FB85458C568C678C70A091E04114F0
:1015900051046104710409F490E090FB80F9AA857C
:1015A000BB859196CD90DD90ED90FC90949791E065
:1015B000C114D104E104F10409F490E090FB81F935
:1015C000EA85FB8545A156A167A170A591E041156B
:1015D00051056105710509F490E090FB82F9809353
:1015E000CC0DEA85FB8585A596A5A7A5B0A9809316
:1015F000730890937408A0937508B09376088824B4
:1016000099245401881A990AAA0ABB0A80924F08A1
:1016100090925008A0925108B092520880925308BC
:1016200090925408A0925508B0925608809257089C
:1016300090925808A0925908B0925A0880925B087C
:1016400090925C08A0925D08B0925E0881A492A47A
:10165000A3A4B4A4880C991CAA1CBB1C80924B08A0
:1016600090924C08A0924D08B0924E08440C551C24
:10167000661C771C40923F085092400860924108D7
:1016800070924208CC0CDD1CEE1CFF1CC09243087B
:10169000D0924408E0924508F0924608440F551F46
:1016A000661F771F40934708509348086093490886
:1016B00070934A08880F991FAA1FBB1F80933B088D
:1016C00090933C08A0933D08B0933E081092770891
:1016D000109278081092790810927A0881A992A93C
:1016E000A3A9B4A980936F0890937008A093710880
:1016F000B093720885A996A9A7A9B0AD80935F0899
:1017000090936008A0936108B09362089091CB0D0C
:1017100085AD981721F08093CB0D0E9436810E94F1
:10172000D47510927E0810927D08E091AF09F09177
:10173000B009EE5BFF4F608171818281938160937C
:101740006708709368088093690890936A080E94FC
:10175000F2707C0196958795B0E0A0E080936308D5
:1017600090936408A0936508B093660880936B0813
:1017700090936C08A0936D08B0936E08F092820865
:10178000E09281088E809F80892871F48091810881
:10179000909182088A3F910538F47AEFA72EB12CF8
:1017A000B0928208A0928108209153023091540295
:1017B00080918108909182082F3F320709F4EDC192
:1017C000AC01569547952417350708F0D5C15093BD
:1017D00054024093530280365AEE950708F4B7C17D
:1017E00060E67AEE2091530230915402A90162170B
:1017F000730708F4AB01841B950B909382088093C8
:1018000081082F3F320731F0241B350B30935402EF
:1018100020935302040F151FF89480918400909137
:10182000850040967D8171507D83772321F00817D4
:10183000190708F4FDCB4091840050918500209158
:101840007F0830918008240F351F30938008209343
:101850007F080817190708F07CC120912102203168
:1018600038F4220F2093210210927E0810927D08F6
:1018700090938900809388002B960FB6F894DEBF72
:101880000FBECDBFDF91CF911F910F91FF90EF90D1
:10189000DF90CF90BF90AF909F908F907F906F9090
:1018A0005F904F903F902F9008950196C5CD8FEF98
:1018B0009FEFCDCD40916F085091700860917108F5
:1018C0007091720884179507A607B70708F07DC0C6
:1018D00020916B0830916C0840916D0850916E0812
:1018E00029833A834B835C8381AD92ADA3ADB4ADC4
:1018F000BA01A901FF24499FE12C5A9F90016A9FD8
:10190000300D699F200D311D4A9FE00C211D3F1DA8
:10191000599FE00C211D3F1D689FE00C211D3F1DBC
:10192000589FE10C2F1D3F1DB49FEE0C201D311D53
:10193000B59F300D1124DF01AE5BBF4F8D919D919E
:101940000D90BC91A02D820F931FA11DB11D8093FE
:10195000670890936808A0936908B0936A08FE9698
:101960004081518162817381481759076A077B075B
:1019700040F4409367085093680860936908709337
:101980006A08609167087091680880916908909171
:101990006A080E94F2707C0189819A81AB81BC81C6
:1019A0008E0D9F1DA11DB11D80936B0890936C0837
:1019B000A0936D08B0936E081092630810926408AB
:1019C0001092650810926608AACD40915F08509168
:1019D0006008609161087091620884179507A607F6
:1019E000B70708F46CC06091630870916408809137
:1019F00065089091660869837A838B839C8381ADA7
:101A000092ADA3ADB4AD49815A816B817C81FF2435
:101A1000499FE12C5A9F90016A9F300D699F200DCC
:101A2000311D4A9FE00C211D3F1D599FE00C211DD7
:101A30003F1D689FE00C211D3F1D589FE10C2F1D8D
:101A40003F1DB49FEE0C201D311DB59F300D11249C
:101A5000A90170E060E08091670890916808A0910A
:101A60006908B0916A08EA5BFF4FC080D180E280CC
:101A7000F380481759076A077B0758F4841B950BB6
:101A8000A60BB70BC816D906EA06FB0610F46C01C4
:101A90007D01C701B6010E94F2707C0189819A81A3
:101AA000AB81BC818E0D9F1DA11DB11D809363086C
:101AB00090936408A0936508B093660830CD809138
:101AC0007D0890917E08892B09F5FE96C080D18013
:101AD000E280F380C701B6010E94F27090937E0805
:101AE00080937D0896958795B0E0A0E08093630889
:101AF00090936408A0936508B0936608C092670845
:101B0000D0926808E0926908F0926A08E0907D0837
:101B1000F0907E0804CDAA85BB858C9182FF04C01D
:101B2000CD014D960E94E9701092B0091092AF0954
:101B30001092CC0D9091290E80912A0E981709F4DD
:101B4000F5CC80912A0E1ADA80932A0EEFCCBC01D4
:101B500049CE80917B0890917C08841B950B800F67
:101B6000911F90937C0880937B08C80181CE80ED03
:101B7000E82E87E0F82EDACC8036AAEE9A0708F035
:101B80002FCEAC012817390708F4A901841B950B47
:101B9000909382088093810837CE8036BAEE9B07F7
:101BA000B0F240E65AEE80569A4E909382088093A7
:101BB000810830CECF93DF931F92CDB7DEB78983F4
:101BC00060E0CE0101960E94757161E0CE01019640
:101BD0000E94757162E0CE0101960E947571898143
:101BE0000F90DF91CF9108954F925F926F927F9205
:101BF0008F929F92AF92BF92CF92DF92EF92FF921D
:101C0000FC01408051806280738084809580A68032
:101C1000B780C084D184E284F38420E030E0A9015D
:101C2000C301B2010E94A6F1811125C020E030E07D
:101C3000A901C501B4010E94A6F181111CC020E0D8
:101C400030E0A901C701B6010E949CFA87FF04C0D9
:101C5000F7FAF094F7F8F094C701B601FF90EF900F
:101C6000DF90CF90BF90AF909F908F907F906F90BC
:101C70005F904F900895A3019201C301B2010E94A9
:101C80000BF22B013C01A5019401C501B4010E9496
:101C90000BF29B01AC01C301B2010E9475F84B012C
:101CA0005C01A7019601C701B6010E940BF29B01DE
:101CB000AC01C501B4010E9475F8FF90EF90DF9070
:101CC000CF90BF90AF909F908F907F906F905F90DC
:101CD0004F900C94E2FA8F929F92AF92BF92CF9264
:101CE000DF92EF92FF92CF93DF9320913502222370
:101CF00009F48EC0EC0180914507E82E80FF2CC0CE
:101D00008090370290903802A0903902B0903A0249
:101D1000288139814A815B81C501B4010E949CFA06
:101D2000181624F488829982AA82BB82809043028A
:101D300090904402A0904502B090460228813981DB
:101D40004A815B81C501B4010E94A6F187FF04C0EE
:101D500088829982AA82BB82E1FE2CC080903B02DD
:101D600090903C02A0903D02B0903E022C813D81BB
:101D70004E815F81C501B4010E949CFA181624F4BB
:101D80008C829D82AE82BF828090470290904802F2
:101D9000A0904902B0904A022C813D814E815F8122
:101DA000C501B4010E94A6F187FF04C08C829D8208
:101DB000AE82BF82E2FE2CC0C0903F02D0904002B3
:101DC000E0904102F0904202288539854A855B8582
:101DD000C701B6010E949CFA181624F4C886D98659
:101DE000EA86FB86C0904B02D0904C02E0904D02F8
:101DF000F0904E02288539854A855B85C701B6017A
:101E00000E94A6F187FF04C0C886D986EA86FB86B1
:101E1000DF91CF91FF90EF90DF90CF90BF90AF9088
:101E20009F908F90089580912C0890912D08A091FB
:101E30002E08B0912F088093130290931402A09360
:101E40001502B093160280912A0890912B08909366
:101E5000120280931102089580911302909114024E
:101E6000A0911502B091160280932C0890932D0832
:101E7000A0932E08B0932F08809111029091120226
:101E800090932B0880932A0884E690E090931202A6
:101E9000809311020895CF93DF93CDB7DEB72C97CF
:101EA0000FB6F894DEBF0FBECDBFAB01BC011982E7
:101EB0001A821B821C821D821E821F82188619862E
:101EC0001A861B861C869E012F5F3F4F8FE29AE089
:101ED0000E94D6C82C960FB6F894DEBF0FBECDBFB9
:101EE000DF91CF9108954F925F926F927F92AF9260
:101EF000BF92CF92DF92EF92FF920F931F93CF93F7
:101F0000DF9300D000D000D01F92CDB7DEB7698339
:101F10007A838B839C832D833E834F83588727014D
:101F2000380120E030E0A901B501C6010E94A6F108
:101F3000811175C010914F02809150028A87909153
:101F40005102998700915202A12CB12C80E8C82E31
:101F500090E4D92EA30192016091370A7091380A5A
:101F60008091390A90913A0A0E94A6F187FF0BC02E
:101F70004092370A5092380A6092390A70923A0AAF
:101F8000B501C60188DF89819A81AB81BC818093CC
:101F90002F0A9093300AA093310AB093320A8D81B0
:101FA0009E81AF81B8858093330A9093340AA093C1
:101FB000350AB093360A612F7A858985902F6BDFB9
:101FC000A30192016091370A7091380A8091390A11
:101FD00090913A0A0E949CFA18165CF44092370AD3
:101FE0005092380A6092390A70923A0AB501C601D5
:101FF00052DF2A960FB6F894DEBF0FBECDBFDF9139
:10200000CF911F910F91FF90EF90DF90CF90BF90F5
:10201000AF907F906F905F904F900C942D831A2D0E
:10202000BA86C9860D2D96CFAF92BF92CF92DF921E
:10203000EF92FF920F931F937B018C0159016A016C
:10204000EFE2FAE024813581468157816081718118
:102050008281938148DF1F910F91FF90EF90DF9075
:10206000CF90BF90AF9008958F929F92AF92BF9202
:10207000CF92DF92EF92FF92CF936B017C01C22F40
:102080004423C9F08090210E9090220EA090230E40
:10209000B090240E20E030E0A901C501B4010E94F7
:1020A000A6F187FF08C0A5019401C701B6010E94EF
:1020B00074F86B017C0120E030E048EC53E4C70188
:1020C000B6010E949CFA181634F4C12CD12C88EC6D
:1020D000E82E83E4F82E8090370A9090380AA0907A
:1020E000390AB0903A0AC11108C0A7019601C5018A
:1020F000B4010E949CFA1816C4F0A7019601C5010C
:10210000B4010E94A6F1882381F020E030E040E88D
:1021100050E4C701B601CF91FF90EF90DF90CF90D0
:10212000BF90AF909F908F907FCFCF91FF90EF9017
:10213000DF90CF90BF90AF909F908F9008958F9237
:102140009F92AF92BF92CF92DF92EF92FF92CF9386
:10215000DF934B015C0169017A010E941135CFE2E6
:10216000DAE0209155023091560240915702509189
:102170005802C501B4010E9451F92C853D854E8558
:102180005F850E9475F86C877D878E879F87C70162
:10219000B60181DEDF91CF91FF90EF90DF90CF907D
:1021A000BF90AF909F908F900C942D83CF92DF9231
:1021B000EF92FF92C0903B0AD0903C0AE0903D0A1B
:1021C000F0903E0A2091040A3091050A4091060AD7
:1021D0005091070AC701B6010E940BF20E94A8FAAB
:1021E0006093470E7093480E8093490E90934A0E69
:1021F000C092370ED092380EE092390EF0923A0E1D
:102200009091290E80912A0E981731F0FF90EF904F
:10221000DF90CF900C9413C90E942D830E946871A7
:102220004091470E5091480E6091490E70914A0EB0
:1022300040939C0850939D0860939E0870939F085C
:10224000882331F0FF90EF90DF90CF900C94612BBA
:10225000FF90EF90DF90CF9008950C9450C9AF920B
:10226000BF92CF92DF92EF92FF920F931F93CF9383
:102270007B018C0159016A012091330A3091340AA3
:102280004091350A5091360A60912F0A7091300AB8
:102290008091310A9091320A26DE80917709C82F09
:1022A000C47082FD13C01092770982E00E942484DA
:1022B000D4DF81E0C11180E0CF911F910F91FF9099
:1022C000EF90DF90CF90BF90AF9008950E94DB51C8
:1022D000882349F3F1CF0E94687190912A0E909360
:1022E000290E9093280E94E69093270E21ED33E06B
:1022F0003093DB092093DA0981110E94612B81E080
:10230000809383080E942D838EEF0E942484A5CFA2
:10231000CF93DF93CDB7DEB72C970FB6F894DEBF1F
:102320000FBECDBF0E94EDC70E9468719CE0E0E93E
:10233000F8E0DE01119601900D929A95E1F7811176
:102340000E94612BCE0101960E94DC802C960FB674
:10235000F894DEBF0FBECDBFDF91CF9108954F92AD
:102360005F926F927F928F929F92AF92BF92CF9225
:10237000DF92EF92FF92CF93DF9300D01F92CDB701
:10238000DEB780912F0A9091300AA091310AB09166
:10239000320A89839A83AB83BC834090330A50907E
:1023A000340A6090350A7090360A8090370A90900F
:1023B000380AA090390AB0903A0AC0903B0AD090EF
:1023C0003C0AE0903D0AF0903E0A0E94BC8281E007
:1023D0008093AE0D0E94CA85A7E3B2E090E080E052
:1023E000FC01E853F44E45915591659174914D93DC
:1023F0005D936D937D93FC01E454F44E45915591AA
:102400006591749118964D935D936D937C931B9792
:1024100004968C30910521F7609132087091330851
:1024200080913408909135080E94C9C90E948E2A73
:102430000E940A8329813A814B815C8160912F0A35
:102440007091300A8091310A9091320A0E94A6F16F
:1024500081112AC0A30192016091330A7091340A5C
:102460008091350A9091360A0E94A6F181111CC014
:10247000A50194016091370A7091380A8091390A58
:1024800090913A0A0E94A6F181110EC0A70196010F
:1024900060913B0A70913C0A80913D0A90913E0AFE
:1024A0000E94A6F1882399F00F900F900F900F9043
:1024B000DF91CF91FF90EF90DF90CF90BF90AF90E2
:1024C0009F908F907F906F905F904F9021CF0F9053
:1024D0000F900F900F90DF91CF91FF90EF90DF90D2
:1024E000CF90BF90AF909F908F907F906F905F90B4
:1024F0004F9008950F931F93CF93DF93EC010AE75A
:1025000019E0F8012081318142815381688179810C
:102510008A819B810E9475F8688379838A839B8373
:10252000F80124813581468157816C817D818E81BE
:102530009F810E9475F86C837D838E839F83F80151
:102540002085318542855385688579858A859B8577
:102550000E9475F8688779878A879B87DF91CF917A
:102560001F910F910895CF93DF9300D01F92CDB7A5
:10257000DEB784EF91E0A0E0B0E089839A83AB837B
:10258000BC83BE016F5F7F4F8CE30E94635181E586
:102590009AE10E947E2B8FB180956BE47AE1817085
:1025A0000E94D17680B182FB882780F965E47AE1C8
:1025B00091E089270E94D176809100016FE37AE152
:1025C00083FB882780F90E94D1768091000166E321
:1025D0007AE185FB882780F90E94D17680910001FD
:1025E00083FD09C00E94A7510F900F900F900F908C
:1025F000DF91CF9108950E948D510F900F900F9011
:102600000F90DF91CF91089580912309811104C02B
:1026100080917909882331F062E070E080E090E0F9
:102620000C94AC3708954F925F926F927F92AF9265
:10263000BF92CF92DF92EF92FF920F931F93CF93AF
:10264000DF9300D01F921F92CDB7DEB78D83162F78
:1026500020E041E060E070E080E291E405DD409040
:102660002F0A5090300A6090310A7090320A80919F
:10267000330A9091340AA091350AB091360A8983C1
:102680009A83AB83BC839D81992369F10E94155283
:10269000111112C0E090370AF090380A0091390AFF
:1026A00010913A0AA12CB12C650129813A814B8104
:1026B0005C81C301B20117DCAD81A09379090F9051
:1026C0000F900F900F900F90DF91CF911F910F916E
:1026D000FF90EF90DF90CF90BF90AF907F906F9082
:1026E0005F904F9091CF0E94DB51D2CF4F925F927B
:1026F0006F927F928F929F92AF92BF92CF92DF9212
:10270000EF92FF920F931F93CF93C82FE82EF12CD7
:10271000F701E857F34DD490823009F03BC0809127
:102720007909811103C060E081E07DDF0E941552CC
:10273000811117C108EF1AE1F80145905590659095
:1027400074906D2D0D2C000C770B880B990B0E944B
:10275000ACF14B015C0120E030E0A901C301B20102
:102760000E94A6F18823B1F0F80185919591A59179
:10277000B4916C018D0120E030E040EA50E4BC01EE
:10278000CD010E94A6F187FF1BC0C12CD12C00EA0D
:1027900010E416C06D2DDD0C770B880B990B0E9491
:1027A000ACF14B015C01F701EE0FFF1FEE0FFF1FB5
:1027B000E051F54E85919591A591B4916C018D01F3
:1027C000A5019401B601C8010E940BF22B013C0146
:1027D0006701CC0CDD1CCC0CDD1CF601EC51F54E78
:1027E000659175918591949120E030E040EC5FE334
:1027F0000E940BF2A50194010E940BF2AB01BC01F7
:1028000000E010E098018C2F0E94D8CD20E030E04D
:10281000A901C301B2010E94A6F1882341F100E0A1
:1028200010E09801C23031F40E94DB5100E010E06A
:1028300020E830E4B301A20170588C2F0E94D8CD5B
:10284000C23009F489C0A3019201C301B2010E9400
:1028500075F84B015C01C23009F094C000E010E053
:1028600020E030E4B501A4018C2F0E94D8CDC23005
:1028700011F40E94DB5181E090E00C2E01C0880F22
:102880000A94EAF790917809982B9093780990919F
:102890004507892B80934507F601ED54F54E2591A8
:1028A0003591459154918601015D154FF601EB5D1F
:1028B000F64F60817181828193810E9475F8F801E1
:1028C0006083718382839383C230D1F42091210E7F
:1028D0003091220E4091230E5091240E6091370AC0
:1028E0007091380A8091390A90913A0A0E9474F8DE
:1028F0006093370A7093380A8093390A90933A0AA2
:10290000F601E658F64F1082118212821382A5DC7E
:10291000F601EA5BF84FD601A15DB54F8D919D910F
:102920000D90BC91A02D80839183A283B383C2308C
:1029300009F045C080E0CF911F910F91FF90EF907B
:10294000DF90CF90BF90AF909F908F907F906F90CF
:102950005F904F900C94B4270E941552882309F47D
:1029600072CFCF911F910F91FF90EF90DF90CF909A
:10297000BF90AF909F908F907F906F905F904F909F
:102980000C94DB51F701EF51F54E6491611107C0D2
:102990000E94A72B8FEB9AE10E947E2B6AE070E0E9
:1029A00090E080E00E94AAF19B01AC0160E070E041
:1029B00088E492E40E9451F98B019C0153CFCF919E
:1029C0001F910F91FF90EF90DF90CF90BF90AF904D
:1029D0009F908F907F906F905F904F9008950F938E
:1029E0001F9380919F09813019F50E94C2D00091F8
:1029F0001508109116082091170830911808601BCF
:102A0000710B820B930B28EE33E040E050E00E9404
:102A1000D0F76091410770914207809143079091F0
:102A20004407620F731F841F951F1F910F91089514
:102A30006091190870911A0880911B0890911C08E8
:102A4000D6CFCF92DF92EF920F93CF93DF93CDB794
:102A5000DEB769970FB6F894DEBF0FBECDBF6C012D
:102A6000BEDF6E8B7F8B888F998FBE016F5F7F4F2C
:102A7000CE0146960E944C25EE24E39400E021E02E
:102A8000F6014281BE016F5F7F4F808191810E947C
:102A9000852369960FB6F894DEBF0FBECDBFDF91D8
:102AA000CF910F91EF90DF90CF90089510929F09F2
:102AB0001092150810921608109217081092180814
:102AC0001092190810921A0810921B0810921C08F4
:102AD0001092410710924207109243071092440748
:102AE000089583E08093750980919F098130E1F01A
:102AF0008230C1F474DF6093410770934207809382
:102B000043079093440781E080939F090E94C2D0BD
:102B1000609315087093160880931708909318080F
:102B200081E00895C3DFEFCF80E00895CF93C09197
:102B30009F0980E0C130A1F460E083E00E941CC6E0
:102B4000C093400782E080939F090E94C2D06093A7
:102B5000190870931A0880931B0890931C0881E051
:102B6000CF91089580919F0981508230D0F4809157
:102B70003F078350823038F460E083E00E941CC637
:102B800085E08093750910929F090E94C2D06093DE
:102B9000190870931A0880931B0890931C0881E011
:102BA000089580E008952091AB0D3091AC0D26354D
:102BB00031053CF42091F8073091F90726303105B2
:102BC00024F0882339F00C941B38662319F0CADFEF
:102BD0000C943CCA08950E94A42B81EA9BE10E94B8
:102BE0007E2B89E99BE10E947E2B8DE79BE10E9471
:102BF0007E2B0E942580B6DF80917409813099F088
:102C00000E94A42B86E09BE10E947E2B8CEF9AE130
:102C10000E946FC76EE571E080E090E00E94AC37E3
:102C200081E0809374090895AF92BF92CF92DF92B2
:102C3000EF92FF920F931F93CF93DF93EB018230BC
:102C400009F45EC0B0F5813009F450C0E884F9841D
:102C50000A851B8520E030E040E050E46091370AAF
:102C60007091380A8091390A90913A0A0E9475F859
:102C70005B016C0120E030E048EC53E40E949CFAD8
:102C8000181634F4A12CB12CF8ECCF2EA3E4DA2ED4
:102C90009501A601B701C8010E949CFA181614F00C
:102CA0007501860120E030E040EA50E4B701C80138
:102CB00025C0833009F449C0843041F6E090370ADA
:102CC000F090380A0091390A10913A0A2C813D811E
:102CD0004E815F81688179818A819B81A12CB12C91
:102CE000E8ECCE2EE2E4DE2EFED857C0688579856A
:102CF0008A859B8520E030E040EA50E495D9DECF1C
:102D0000288539854A855B856091370A7091380A34
:102D10008091390A90913A0A0E9475F86B017C0102
:102D200020E030E048EC53E40E94A6F187FD06C0A5
:102D3000C12CD12C18ECE12E13E4F12E20E030E070
:102D400040EA50E4C701B601D9CF20E030E040E0CE
:102D500050E46091370A7091380A8091390A909155
:102D60003A0A0E9475F86B017C0120E030E048ECE3
:102D700053E40E949CFA1816DCF020E030E0A90130
:102D8000C701B6010E94A6F187FD19C020E030E01E
:102D900040EA50E4C701B60147D9DF91CF911F91B6
:102DA0000F91FF90EF90DF90CF90BF90AF90B0CA9F
:102DB000C12CD12CB8ECEB2EB3E4FB2EE7CFC12C09
:102DC000D12C7601E3CF1092310910923E070E9478
:102DD0002D388823C9F00E94D03790918A0D80FB4E
:102DE00097F990938A0D61E08CEF99E10E94152D7F
:102DF000B9DE41E15AE169E17AE185E00E94C2CAA7
:102E000083E09AE10C946FC780918A0D84FFEBCF29
:102E10000E947BD6E8CF0F931F93CF93DF931F922F
:102E20001F92CDB7DEB720912E0A211118C08C0158
:102E30004423E1F00E94992D40E450E0B8018EE770
:102E400094E10E94A0F08FE390E09A838983CE0101
:102E500001960E943DC68EE794E10E94CED00F906D
:102E60000F90DF91CF911F910F9108950E946B32C7
:102E700040E450E0B8018EE794E10E94EFF0E3CF28
:102E8000FF920F931F93CF93DF93CDB7DEB7A19738
:102E90000FB6F894DEBF0FBECDBF8C01F42E67FFD6
:102EA00003C010922E0A60E020912E0A862F062E73
:102EB000000C990B2817190609F03CF560932E0AAF
:102EC000C801FF2071F10E94992D19821F8E4FE1D8
:102ED00050E0B801CE010196FF2031F10E94A0F030
:102EE00040E450E0BE016F5F7F4F8EE794E10E94A7
:102EF000EFF08FE390E099A388A3CE0180960E9423
:102F00003DC68EE794E10E94CED0A1960FB6F8940C
:102F1000DEBF0FBECDBFDF91CF911F910F91FF900C
:102F200008950E946B32D1CF0E94EFF0D9CF853F38
:102F3000910514F085EF90E09093AC0D8093AB0D6C
:102F4000109203080C94F427CF92DF92EF92FF9235
:102F50006B017C0120E030E0A9010E94A6F187FD11
:102F600014C020E030E045E753E4C701B6010E94F9
:102F70009CFA181674F0C701B6010E94A8FACB019A
:102F8000FF90EF90DF90CF90D2CFC12CD12C760163
:102F9000F2CFC12CD12C85E7E82E83E4F82EEBCFBD
:102FA000E5EEF7E0108211821282138214820C94F3
:102FB000F427CF92DF92EF92FF920F931F93CF935C
:102FC000DF93CDB7DEB77C01CDB6DEB60E94B4F09C
:102FD00001962DB73EB7281B390B0FB6F8943EBFAC
:102FE0000FBE2DBF0DB71EB70F5F1F4FB701C80132
:102FF0000E9499F0C8010E94DB230FB6F894DEBE50
:103000000FBECDBEDF91CF911F910F91FF90EF903A
:10301000DF90CF9008959091290E80912A0E9813F9
:1030200012C00E94A77181110FC00E942D3881111A
:103030000BC00E94DE37811107C080919F0981304B
:1030400011F00C94103881E00895E5DF882351F0E9
:103050000E94DE37811106C081E090919F09923075
:1030600009F080E008950F931F93CF93DF938C01B5
:10307000ECDF41E061E08823D1F089EF0E941B532F
:10308000C1E0D0E0809176098823B9F0C26042E0C7
:1030900065E089EF0E941B537C2F6D2FF801808122
:1030A0009181DF91CF911F910F910C94117789EF4E
:1030B0000E94ED52D0E0C0E0E5CF42E065E089EF4C
:1030C0000E94ED52E9CF0F931F93CF93DF938C01B2
:1030D000A2DF41E061E08823C9F083E00E941B5336
:1030E000C1E0D0E0B2DF8823B9F0C26042E061E025
:1030F00083E00E941B537C2F6D2FF801808191810A
:10310000DF91CF911F910F910C94117783E00E9472
:10311000ED52D0E0C0E0E6CF42E061E083E00E9403
:10312000ED52E9CF78DF882311F081E008958DDF3B
:103130008111FBCF95E0909375090895F3CFCF925D
:10314000DF92EF92FF926B017C01463059F51092AD
:10315000EA071092EB071092EC071092ED0710921D
:10316000EE070E94162520E030E0A901C701B60154
:103170000E94A6F187FF1EC0C12CD12C7601C70189
:10318000B6010E94A8FA6436710514F064E670E096
:103190007093F9076093F807FF90EF90DF90CF905E
:1031A0000C941625FDDEC701B601FF90EF90DF906D
:1031B000CF90CACE20E030E048EC52E4C701B6011F
:1031C0000E949CFA1816DCF6C12CD12C88ECE82E53
:1031D00082E4F82ED4CFEF920F93009751F0BC0108
:1031E000EE24E39401E021E040E280E091E10E94DE
:1031F00030230F91EF900895EF92FF921F93CF939A
:10320000DF9300D01F92CDB7DEB790913F079A3F72
:1032100009F43EC0993F79F4893F11F0809334025C
:103220006623B1F190917609992329F090913E0798
:10323000911110923E07182F87E0E82E89E1F82EB1
:1032400043E050E0B701CE0101960E947AF0EA8196
:10325000FB81309731F08981181324C01995882398
:10326000B9F061E0812F0E94EF7C882389F01093F0
:103270003F071C821B828AE5898381E08A831C8345
:1032800044E0BE016F5F7F4F84E890E00E94182405
:103290000F900F900F900F90DF91CF911F91FF90A3
:1032A000EF90089583E0E80EF11CE114F10441F67B
:1032B000D8CF9091290E80912A0E98130AC00E94AF
:1032C000A771811106C02091290E90912A0E81E0EC
:1032D000291380E008950E94C2D06C507E4F8F4F1A
:1032E0009F4F60930C0870930D0880930E08909385
:1032F0000F0808958F929F92AF92BF92EF920F9313
:103300004A015B01009751F0EE24E39401E020E0D4
:1033100040E2BC0180E090E30E94302381149104DC
:10332000A104B104A9F00E94C2D0860E971EA81E67
:10333000B91E8092790D90927A0DA0927B0DB09279
:103340007C0D0F91EF90BF90AF909F908F9008955C
:10335000812C912C5401EDCF1F93CF93DF93CDB7E8
:10336000DEB72C970FB6F894DEBF0FBECDBFA4EE2C
:10337000B9E090E080E0FC01ED56F24E45915591A8
:10338000659174914D935D936D937D93FC01ED5721
:10339000F24E459155916591749150964D935D9380
:1033A0006D937C935397FC01ED58F24E45915591E6
:1033B0006591749190964D935D936D937C939397E3
:1033C000049680319105B9F680E29EE4A0E0B0E079
:1033D0008093F4099093F509A093F609B093F70947
:1033E00080E090E0A8E4B4E48093180A9093190A6E
:1033F000A0931A0AB0931B0A80931C0A90931D0A8B
:10340000A0931E0AB0931F0A8093200A9093210A6A
:10341000A093220AB093230A1092240A1092250A3C
:103420001092260A1092270A1092280A1092290A4E
:1034300010922A0A10922B0A84EF9DEFA4E5BCE3B8
:103440008093B2099093B309A093B409B093B509DE
:103450001092250910922609109227091092280926
:103460001092290910922A0910922B0910922C0906
:1034700010922D0910922E0910922F0910923009E6
:1034800011E0109320020E94113580E090E0A0E24C
:10349000B1E48093320890933308A0933408B0933A
:1034A000350880E00E944B280E940F2B82ED90E0AF
:1034B0009093FC078093FB078AEF90E09093FE07C0
:1034C0008093FD078DEC9CECACECBDE38093FF0793
:1034D00090930008A0930108B0930208109203088B
:1034E0008CE0E3E1F4E0DE01119601900D928A9503
:1034F000E1F789819A81AB81BC818093190E909309
:103500001A0EA0931B0EB0931C0E8D819E81AF816D
:10351000B88580931D0E90931E0EA0931F0EB0933E
:10352000200E89859A85AB85BC858093210E90936A
:10353000220EA093230EB093240E83E29BEDA7EA04
:10354000B1E48093BF0D9093C00DA093C10DB093D3
:10355000C20D84E299E2A3EFBDE38093C30D909383
:10356000C40DA093C50DB093C60D86E493EDA7E6F8
:10357000B4E48093C70D9093C80DA093C90DB09388
:10358000CA0D1093CF070E943A381092DC0780E0F2
:1035900090E0A0EEBFE38093D8079093D907A09363
:1035A000DA07B093DB0710922309109222092CD876
:1035B00080E090E0A8ECB2E48093D4079093D50724
:1035C000A093D607B093D7071092D0071092D107D7
:1035D0001092D2071092D3070E94AF9181E59DE12E
:1035E0000E94992D0E94A72B81E59DE10E947E2BD0
:1035F0000E94AA2B82E30E94492484E60E9481242F
:1036000080913108811106C01093310860E081E09B
:103610000E941CC640E355E760E070E084E49DE151
:103620002C960FB6F894DEBF0FBECDBFDF91CF91C1
:103630001F9160CECF92DF92EF92FF920F931F9374
:10364000CF93DF93CDB7DEB7CC5AD1090FB6F8943C
:10365000DEBF0FBECDBFCF55DF4F188219821A8251
:103660001B82C15AD04084E690E09093AE098093CB
:10367000AD0910927E0D10927D0D8091F504909110
:10368000F604A091F704B091F804CB55DF4F88837E
:103690009983AA83BB83C55AD04064E070E0CE0111
:1036A0008B559F4F0E945BD08091AD099091AE09E0
:1036B00006969093AE098093AD0910927E0D1092FC
:1036C0007D0D85ED92E0C755DF4F99838883C95AF8
:1036D000D040CE0187559F4F0E94B67681E0C455F9
:1036E000DF4F8883CC5AD040CE0184559F4F0E9433
:1036F000BA7668E470E084EE99E00E945BD080E1E5
:10370000EFE1F4E08E010F5F1F4FD80101900D92A1
:103710008A95E1F760E170E0C8010E945BD082EB1E
:1037200099E00E94B27685E299E00E94C27680E23A
:1037300092E00E94BE7619821A821B821C82C80106
:103740000E94B2767E018DE6E80EF11CF701108230
:10375000118212821382C7010E94B2768091A90958
:103760009091AA09A091AB09B091AC0989839A8381
:10377000AB83BC83C8010E94B27668E070E08BEF37
:1037800097E00E945BD0CF55DF4F188219821A82D2
:103790001B82C15AD04083E0C356DF4F8883CD5986
:1037A000D040F7018083CE018F559F4F0E94B276A3
:1037B000CE0183569F4F0E94BA76C7010E94BA7607
:1037C00080E09CE09A838983C8010E94B6763AE043
:1037D000D32EDA94DD2031F0CE018F559F4F0E9419
:1037E000B276F7CF89E19EE00E94C276CF55DF4FD7
:1037F000188219821A821B82C15AD0402AE0D22E26
:10380000DA94DD2031F0CE018F559F4F0E94B276C1
:10381000F7CF85E0D82EF701D082C356DF4FD8828C
:10382000CD59D040C7010E94BA76CE0183569F4F32
:103830000E94BA7680E69CE69A838983C8010E943A
:10384000B67668E070E083E697E00E945BD068E0BF
:1038500070E08BE597E00E945BD064E670E08BE659
:1038600097E00E945BD01982CC24CA94F701C082F1
:10387000C8010E94BE76C7010E94BA7664E070E07B
:1038800088E994E00E945BD0809124098983C80173
:103890000E94BE768091BF0D9091C00DA091C10D88
:1038A000B091C20D89839A83AB83BC8321E732EB4D
:1038B00047E25EE36091C30D7091C40D8091C50D28
:1038C0009091C60D0E9451F96D837E838F839887F6
:1038D00021E732EB47E25EE36091C70D7091C80DBE
:1038E0008091C90D9091CA0D0E940BF269877A8769
:1038F0008B879C8780E090E0A0E8BFE38D879E8760
:10390000AF87B88B198A1A8A1B8A1C8A64E170E017
:10391000C8010E945BD084E190E09A838983C8014A
:103920000E94B6768CE0EFE2F4E0D80101900D92AF
:103930008A95E1F76CE070E0C8010E945BD08CE0F2
:10394000EFE2F4E0D80101900D928A95E1F76CE086
:1039500070E0C8010E945BD01982C8010E94BA764B
:103960008FE78983C8010E94BA76C982C8010E9484
:10397000BA76EBE3F4E0D80101900D92DA94E1F726
:1039800065E070E0C8010E945BD08091CF07F7012D
:1039900080831A821982C7010E94BE76C8010E94E4
:1039A000B67680E2E0E4F4E0D80101900D928A95C9
:1039B000E1F760E270E0C8010E945BD0F70110827D
:1039C000C7010E94BE768CED97E00E94BE7688ED1E
:1039D00097E00E94B276CF55DF4F188219821A8283
:1039E0001B82C15AD040CE018F559F4F0E94B276A4
:1039F00082E1F80111928A95E9F762E170E0C8016D
:103A00000E945BD084E2E0E6F4E0D80101900D92E0
:103A10008A95E1F764E270E0C8010E945BD090E112
:103A2000D92EF8018D2D11928A95E9F760E170E0A9
:103A3000C8010E945BD01A82198262E070E0C8015E
:103A40000E945BD0F8011192DA94E9F760E170E02E
:103A5000C8010E945BD08CE6F80111928A95E9F7C3
:103A60006CE670E0C8010E945BD068E070E080ED19
:103A700097E00E945BD08CE0F70111928A95E9F7FC
:103A8000C555DF4F1882CB5AD04080E090E0A0E4CB
:103A9000B0E4C356DF4F88839983AA83BB83CD5993
:103AA000D040C7010E94C276CE0185559F4F0E942B
:103AB000BA76CE0183569F4F0E94B27680E3F7011B
:103AC00011928A95E9F70E94B924082F10911F02DC
:103AD0008091A80981110E94362891E0F701908316
:103AE00001831283838360E370E0C7010E945BD08F
:103AF0000091AD091091AE090456110980917D0D18
:103B000090917E0DF7019183808384E690E09093FD
:103B1000AE098093AD0964E070E08CE994E00E9406
:103B20005BD064E070E084E994E00E945BD0C70160
:103B30000E94B6760E94A72B88E09CE10E947E2B13
:103B4000C8010E94DA34F701C080D180F12CE12C49
:103B50008BEF9BE10E947E2BC701B6010E94B2272A
:103B600088EF9BE10E947E2B053D124001F182E728
:103B700098E20E947E2B89E49CE10E947E2B40E328
:103B800055E760E070E084ED9BE1B4DB80E0C45574
:103B9000DF4F0FB6F894DEBF0FBECDBFDF91CF91E0
:103BA0001F910F91FF90EF90DF90CF90089588EED6
:103BB0009BE10E946FC788EE9BE10E94992D81E0F6
:103BC000E6CF5F926F927F928F929F92AF92BF9259
:103BD000CF92DF92EF92FF920F931F93CF93DF93D9
:103BE00000D000D000D01F92CDB7DEB7EDB6FEB644
:103BF0008091140881111DC011E010931408809168
:103C000031088823A1F080913F078A3F81F00E940C
:103C1000C2D04B015C0180917509882341F110925B
:103C2000750990913F0789131FC0109340071092A8
:103C300014080FB6F894FEBE0FBEEDBE2A960FB65E
:103C4000F894DEBF0FBECDBFDF91CF911F910F91D2
:103C5000FF90EF90DF90CF90BF90AF909F908F90AC
:103C60007F906F905F90089560E0C6DAE0CF80911A
:103C70003D07811118C088EB9BE0A0E0B0E08819F7
:103C80009909AA09BB09181619061A061B065CF041
:103C900010933D070E94D52480913F078111C7CF23
:103CA00060E081E0E2CF9091400780913F07409132
:103CB000100850911108609112087091130848196A
:103CC00059096A097B09141615061606170694F099
:103CD00024EF820E21E0921EA11CB11C80921008DC
:103CE00090921108A0921208B0921308692F0E94B6
:103CF000EF7C9DCF9111ECCF893F09F072C080918C
:103D00007609882309F465C080913E07882309F469
:103D100064C08091790D90917A0DA0917B0DB09146
:103D20007C0D0097A105B10509F077C080910C08C2
:103D300090910D08A0910E08B0910F080097A10571
:103D4000B10509F07BC0AA24A39490910B0880913F
:103D5000B9062091BA06821B8F7709F468CF91309B
:103D600009F48FC008F485C0923009F492C09330F2
:103D700071F78091B9069091BA06891B8F7790915F
:103D80000A08891708F453CF0E944B53C82E80911C
:103D90000A08DD24DA94D80E8DB69EB68150990BB0
:103DA000EDB7FEB7E81BF90B0FB6F894FEBF0FBED8
:103DB000EDBF0DB71EB70F5F1F4F3801DA94FFEF4D
:103DC000DF1609F471C00E944B53F30181933F0148
:103DD000F5CF6FDA882309F49CCF61E0809134023B
:103DE00044CF8E3009F095CF64DA882309F491CF5F
:103DF00060E083E00E941CC60E943628882351F0B0
:103E000089EE99E140E355E760E070E073DA60E045
:103E10008DE02BCF8AED99E1F5CF88199909AA0990
:103E2000BB09181619061A061B060CF47FCF40E0D2
:103E300050E0BA0189E79CE25DDAF9CE8819990968
:103E4000AA09BB09181619061A061B060CF47BCF23
:103E500030DA882309F477CF10920C0810920D08FD
:103E600010920E0810920F0885ED99E10E941542FC
:103E7000DECE0E944B538A3509F067CFA0920B0823
:103E800064CF0E944B53853A69F482E080930B081B
:103E90005CCF0E944B5380930A0883508E3710F4F6
:103EA00083E0F4CF80E0F2CFF3E8CF1619F0109260
:103EB0000B0872C0F8018081918198278927982783
:103EC000B280BB0C8F30910559F4F2E0BF1208C0EC
:103ED000F801838180933C07848180933B07E7CF7F
:103EE000BE016F5F7F4F0E943124882301F38F81D1
:103EF0009885892BE1F20E94C2D060938609709365
:103F0000870980938809909389095B80511008C0C4
:103F1000EF81F88570E060E0CE0101961995C7CF7A
:103F20008C8181FF3FC0CDB6DEB6452D50E02DB768
:103F30003EB7241B350B0FB6F8943EBF0FBE2DBF06
:103F40008DB79EB701963C0170E060E00E9461FB76
:103F5000D301F801339690E080E02B2D30E08B15F3
:103F600070F4851560F441910196821793072CF443
:103F70004F3F19F450815F3F11F04D93F0CFEF8127
:103F8000F885B301CE010196199510920B080FB672
:103F9000F894DEBE0FBECDBE0FB6F8949EBE0FBE27
:103FA0008DBED3CEB51083CFB8016D5F7F4FEF814B
:103FB000F885B2CFE4E9F6E081E2DF011D928A954F
:103FC000E9F780913C07803320F080913B078132F4
:103FD00048F440E355E760E070E08AEA99E18AD965
:103FE00080E0089581E00895CF9380E00E944B28FF
:103FF000809178098770C1E0873059F05AD9C82F6D
:1040000081110AC040E355E760E070E085EA99E17C
:1040100071D98C2FCF9108956CE08BE999E10E94C2
:1040200068CF80E899E10E941542C0E0F2CFCF93BB
:10403000109293063ED9C82F811107C040E355E77F
:1040400060E070E085EA99E155D98C2FCF91089511
:10405000EF92FF921F93CF93DF93CDB7DEB76497B4
:104060000FB6F894DEBF0FBECDBF82E08093090289
:1040700020D9182F811114C040E355E760E070E0AB
:1040800085EA99E137D9812F64960FB6F894DEBF9F
:104090000FBECDBFDF91CF911F91FF90EF9008959C
:1040A0008091780987708730A1F520E030E040E802
:1040B00050E46091370A7091380A8091390A9091E2
:1040C0003A0A0E94A6F187FF04C082E999E10E94A2
:1040D00015421F9286E98F931F928F9389E899E189
:1040E0009F938F931F9284E18F93CE0101967C0161
:1040F0009F938F930E9403F1C7010E94DD4184E8E2
:1041000099E10E9415420FB6F894DEBF0FBECDBFF5
:10411000BACF6BE08BE999E10E9468CF87E999E11A
:104120000E94154210E0AFCFCF93809130080E94DB
:104130004B28BFD8C82F81110AC040E355E760E083
:1041400070E085EA99E1D6D88C2FCF9108958091BF
:10415000780987708730A9F420E030E040E251E42C
:104160006091370A7091380A8091390A90913A0A21
:104170000E94A6F187FFE8CF86E799E10E941542E9
:10418000E3CF6AE08BE999E10E9468CF8CE799E17F
:104190000E941542C0E0D8CF90913F079E3031F089
:1041A0009D3091F581E0809340070895962F990FF7
:1041B000990F960F980FE1E0F0E0903110F4F0E0E5
:1041C000E0E0EE0FFF1FE157F94F9F7021E030E074
:1041D00002C0220F331F9A95E2F740815181242BB0
:1041E000352B318320838430ECF26430DCF20E9482
:1041F00036288111D7CF1092920610929106109214
:10420000900610928F06CECF08952F923F924F9234
:104210005F926F927F928F929F92AF92BF92CF9256
:10422000DF92EF92FF920F931F93CF93DF93CDB75F
:10423000DEB7C958D1090FB6F894DEBF0FBECDBFA7
:10424000CDB6DEB684E690E09093AE098093AD09DA
:1042500010927E0D10927D0D41E064E070E08E01C1
:104260000F5F1F4FC8010E9474C943E050E06CE922
:1042700074E0C8010E948DFB892B09F052C041E017
:1042800064E070E0CE018B589F4F0E9474C9E9969C
:104290008CAD9DADAEADBFADE9978F3A9E42A044C7
:1042A000BD4009F0FEC3CE018F579F4F0E94A776F5
:1042B000ED961CAE1DAE1EAE1FAEED9710927E0D9C
:1042C00010927D0DCE0181589F4F0E94A776C15854
:1042D000DF4F88819981CF57D040853D924009F4C6
:1042E00051C082E798E20E947E2B89E49CE10E9403
:1042F0007E2B0E94A72B6091AD097091AE09645688
:1043000071098EEB9CE10E94173586EB9CE10E94BF
:104310007E2B85ED92E00E94DA340E94AA2B82E087
:1043200012C08C81882319F08FE389831A820E943E
:10433000A72BB80188E29CE10E948C2B8AE19CE1CA
:104340000E947E2B81E00FB6F894DEBE0FBECDBE7C
:10435000C757DF4F0FB6F894DEBF0FBECDBFDF915A
:10436000CF911F910F91FF90EF90DF90CF90BF9072
:10437000AF909F908F907F906F905F904F903F9005
:104380002F900895CE018B579F4F0E94A276ADB615
:10439000BEB6CB57DF4F6881C558D04070E06D5F27
:1043A0007F4F660F771F660F771F8DB79EB7861BEF
:1043B000970B0FB6F8949EBF0FBE8DBFEDB7FEB73B
:1043C0003196CA57DF4FF983E883C658D040CF01F2
:1043D0000E94AC764091DD0781E0482764E070E000
:1043E00084EF99E00E9474C9CB57DF4F6881C558AC
:1043F000D04070E06D5F7F4F660F771F660F771FAD
:104400008DB79EB7861B970B0FB6F8949EBF0FBE55
:104410008DBFEDB7FEB73196C857DF4FF983E883FC
:10442000C858D040CF010E94AC76CB57DF4F68818F
:10443000C558D04070E06D5F7F4F660F771F660FE5
:10444000771F8DB79EB7861B970B0FB6F8949EBF4C
:104450000FBE8DBFEDB7FEB731964F01CF010E9461
:10446000AC76F090DD07F11058C0CB57DF4F888154
:10447000C558D04090E00296A4EEB9E050E040E08C
:1044800030E020E06FE97DE1821793070CF4DFC094
:10449000CA57DF4FE881F981C658D040E40FF51FB5
:1044A00040805180628073804D925D926D927D92CA
:1044B000821793070CF4D1C0C857DF4FE881F98108
:1044C000C858D040E40FF51F20803180E280E3819E
:1044D00021016E2C7E2E50964D925D926D927C92B3
:1044E0005397821793070CF4C2C0F401E40FF51F31
:1044F00020803180E280E38121016E2C7E2E909617
:104500004D925D926D927C9293972F5F3F4F4C5FDF
:104510005F4F2430310509F0B7CF88E19AE00E945F
:104520009A768CE19AE00E949A7680E29AE00E9464
:104530009A7684E29AE00E949A7688E29AE00E9453
:104540009A76CE0187589F4F0E949A76CE0187585F
:104550009F4F0E949A76CE0187589F4F0E949A766D
:10456000CE0187589F4F0E949A7682EB99E00E9475
:104570009A760FB6F894BEBE0FBEADBE85E299E046
:104580000E949276CE0183589F4F0E946A76F11066
:1045900009C081E0EE969FADEE97911101C080E0D9
:1045A000809320028091200281110E941135CE015A
:1045B00083599F4F0E949A76C8010E949A7682E39F
:1045C00098E00E949A764091DD0781E0482768E0F4
:1045D00070E08BEF97E00E9474C9CE0187589F4F1F
:1045E0000E949A76CE0183589F4F0E94A276CE01F8
:1045F00083599F4F0E94A276C8010E94A776EE962B
:10460000EFACEE97AE964FADAE9783EC2E2D2827EC
:10461000F0E12F9F90011124842790E0982F8827A4
:104620009295907F8227932729813A818217930759
:1046300009F037C2E49E7001112421E0E21AF1086A
:1046400000F1CE0187589F4F0E949A76F6CFFB016A
:10465000459055906590749027CFEFE8FDE1459027
:104660005590659074901201E62CE72D31CFEFE75D
:10467000FDE145905590659074901201E62CE72D70
:104680003BCF89E19EE00E9492765AE0F52EFA94A3
:10469000CE01FF2029F087589F4F0E949A76F7CFCE
:1046A0008C579F4F0E94A276CE018D579F4F0E943C
:1046B000A276CE0183589F4F0E94A776CC57DF4F3A
:1046C0008881C458D04033EC8327E0E18E9FC0013D
:1046D0001124CD57DF4F2881C358D040232730E025
:1046E000322F22273295307F82279327EF962EADE7
:1046F0003FADEF978217930709F0D3C1CE018359DD
:104700009F4F0E948A76C8010E948A76CC57DF4F5D
:104710008881C458D040853009F086C1CD57DF4F1D
:104720009881C358D040953009F080C18091DD0751
:10473000811102C00E944B28B801CE0183599F4FBE
:104740000E94A22A4091DD0781E0482764E670E0DC
:104750008BE697E00E9474C9CE0183599F4F0E9457
:104760008276C8010E946A764091DD07FF24F394A7
:104770004F2564E070E0C8010E9474C984E299E0AA
:104780000E9482764091DD074F2564E170E0C80108
:104790000E9474C9F090DD07F1103AC089809A80B8
:1047A000AB80BC80A5019401C501B4010E9424FB2B
:1047B00081112EC049845A846B847C846D817E81F2
:1047C0008F8198858092BF0D9092C00DA092C10DEF
:1047D000B092C20D21E732EB47E25EE30E940BF29A
:1047E0006093C30D7093C40D8093C50D9093C60D57
:1047F00021E732EB47E25EE3C301B2010E9451F9C7
:104800006093C70D7093C80D8093C90D9093CA0D26
:10481000C8010E947A76C8010E947276C8010E947F
:104820007276C8010E946A76C8010E946A76C80141
:104830000E946A7685E0F80111928A95E9F741E0D5
:104840004F2565E070E0C8010E9474C9CE0183590C
:104850009F4F0E948276C8010E947A764091DD07C0
:10486000411105C0AE968FADAE978093CF07FF2460
:10487000F3944F2560E270E0C8010E9474C9CE0134
:1048800083599F4F0E9482764091DD074F2569E052
:1048900070E0C8010E9474C94091DD0741110FC04A
:1048A00089818093DC078A819B81AC81BD81809363
:1048B000D8079093D907A093DA07B093DB07FF24BA
:1048C000F3944F2562E170E0C8010E9474C94091E1
:1048D000DD074F2564E270E0C8010E9474C9409171
:1048E000DD074F2560E170E0C8010E9474C9409166
:1048F000DD074F2562E070E0C8010E9474C9409155
:10490000DD074F2560E170E0C8010E9474C9409145
:10491000DD074F256CE670E0C8010E9474C9409124
:10492000DD074F2568E070E080ED97E00E9474C9D4
:10493000C8010E949276CE0183589F4F0E946A76EA
:10494000CE0183599F4F0E949A7680E3F80111921D
:104950008A95E9F74091DD074F2560E370E0C801D3
:104960000E9474C98091DD0781111AC08A81FB8081
:104970001C810981011101C082E30E9449240111B7
:1049800002C084E6F82E8F2D0E948124002341F07E
:10499000812F11110E943628809330080E944B28E5
:1049A0008091AD099091AE098933934009F099CC7B
:1049B00020917D0D30917E0DCF57DF4F88819981F9
:1049C000C158D0402817390709F045C08091DD074C
:1049D000811122C00E94A72B00917D0D10917E0DA8
:1049E0008CE994E00E942A288DEE9CE10E947E2BA7
:1049F00085ED92E00E94DA3480EE9CE10E947E2BED
:104A0000C8010E94DA3489E20E9407C60E94AA2BDC
:104A100086EC9CE10E94992D8091DD07811102C0F6
:104A20000E94AF9180E08FCC8630D8F5CD57DF4F14
:104A30009881C358D0409630A0F5899F7001112409
:104A4000F1E0EF1AF10808F487CECE0187589F4FA6
:104A50000E949A76F5CF82E798E20E947E2BCF578C
:104A6000DF4F08811981C158D04086E89CE10E943F
:104A70007E2BC8010E94DA3400917D0D10917E0DCD
:104A800081E89CE10E947E2BC8010E94DA3481E714
:104A90009CE10E947E2B81E69CE10E94992D83E09F
:104AA00052CC82E798E20E947E2B86EA9CE10E942B
:104AB0007E2B84E048CCCF93C1E0C093DD07A5DB1B
:104AC0001092DD0781111AC0A0DB882359F040E362
:104AD00055E760E070E08AE09DE10E947A9980E00D
:104AE000CF91089580913108811106C0C09331089B
:104AF00060E081E00E941CC681E0F2CF0E94AC9988
:104B00000E94AC990E941A9B81E39DE10E946FC7AD
:104B10000E94A72B8DE19DE10E947E2BE0CFCF92DA
:104B2000DF92EF92FF920F931F93CF93DF93CDB756
:104B3000DEB7E8970FB6F894DEBF0FBECDBF6801B1
:104B4000790122E48F3F09F024E580E289831A820B
:104B50008E010F5F1F4FF80101900020E9F7CF0190
:104B60000197801B910B8233910510F5F801E80F36
:104B7000F91F20838133910521F08C0F9D1FFC01CB
:104B80001282F80101900020E9F7CF010197801B04
:104B9000910B8233910560F42AE3F801E80FF91FC5
:104BA00020838133910521F08C0F9D1FFC0112821F
:104BB0004CAB5DAB6EAB7FAB82E088AFBE016C5C93
:104BC0007F4FC8010E94AFC6F80101900020E9F7AD
:104BD000CF010197801B910B8233910550F443E381
:104BE00050E0481B590B62E575E2800F911F0E944F
:104BF000A0F0CCAADDAAEEAAFFAA82E088AFBE018F
:104C00006C5C7F4FC8010E94AFC6C8010E942A2871
:104C100062E070E080E090E00E9428D0E8960FB655
:104C2000F894DEBF0FBECDBFDF91CF911F910F91E2
:104C3000FF90EF90DF90CF900895DF92EF92FF9278
:104C40000F931F93CF93DF93CDB7DEB7C157D10931
:104C50000FB6F894DEBF0FBECDBFF82E6091AB0D3E
:104C60007091AC0D072E000C880B990B0E94ACF1D3
:104C70008B019C014091A70D5091A80D6091A90D49
:104C80007091AA0D80E84BDF6091F8077091F907E9
:104C9000072E000C880B990B0E94ACF18B019C0134
:104CA0004091F4075091F5076091F6077091F7076E
:104CB0008FEF35DF8FEFF81631F0FF2009F485C054
:104CC000F12CE12C03C0E090FA07F12C45E650E00E
:104CD0006AE575E28E010F5F1F4FC8010E94A0F0C8
:104CE000FF92EF9287EE94E09F938F937E01E6E62A
:104CF000EE0EF11CFF92EF920E94A6FBF8010190CC
:104D00000020E9F7CF010197801B910B0F900F90C6
:104D10000F900F900F900F908436910548F445E660
:104D200050E0481B590BB701800F911F0E94EFF014
:104D3000D090FA07F80101900020E9F7CF01019720
:104D4000801B910B8436910550F445E650E0481BDA
:104D5000590B65E575E2800F911F0E94A0F01F922C
:104D6000DF9287EE94E09F938F93FF92EF920E94E1
:104D7000A6FBF80101900020E9F7CF010197801B05
:104D8000910B0F900F900F900F900F900F90843613
:104D9000910548F445E650E0481B590BB701800FD8
:104DA000911F0E94EFF0C8010E942A28CF58DF4FC0
:104DB0000FB6F894DEBF0FBECDBFDF91CF911F912C
:104DC0000F91FF90EF90DF900895E090AD0D7DCFB3
:104DD0002F923F924F925F926F927F928F929F920B
:104DE000AF92BF92CF92DF92EF92FF920F931F93F9
:104DF000CF93DF93CDB7DEB7AC970FB6F894DEBF95
:104E00000FBECDBF8BA76CA7209103082AA71092D5
:104E1000030881E0809331091B8E1C8E1D8E1E8E2F
:104E20001AA21BA21CA21DA21EA23CE33FA38CE15E
:104E300088A796E499A71E8A1F8AA0E8A88FBFEBCF
:104E4000B98F1A8EE1E0E9A3812C912C54019E01C7
:104E50002F5F3F4F190180913109882309F43CC12C
:104E600081149104A104B10461F0C818D908EA08BA
:104E7000FB0830E1C31637E2D306E104F10408F081
:104E80002BC16091AB0D7091AC0D072E000C880BFF
:104E9000990B0E94ACF17B018C012E893F89488DD2
:104EA000598D0E94A6F18823B9F02091A70D309169
:104EB000A80D4091A90D5091AA0D8CA5B7018111A3
:104EC000D4C0C8010E94A6F1881F8827881F8A8F36
:104ED000EE8AFF8A088F198F0E94C2D06B017C0175
:104EE0008AA19BA1ACA1BDA18C199D09AE09BF09E6
:104EF000181619061A061B06A4F1D701C601885117
:104F00009C4FAF4FBF4F8AA39BA3ACA3BDA38BA560
:104F100094DE45E150E06EE575E2C1010E94A0F02B
:104F20001D8A81149104A104B10409F4A9C0C5012A
:104F3000B401605F784D8F4F9F4F6C197D098E09CA
:104F40009F0928EE33E040E050E00E94D0F7BA011C
:104F5000A901C1010E94E67EC1010E942A280E9487
:104F6000AA2B80E00E941F390E94C2D0609386095C
:104F7000709387098093880990938909B091A70D50
:104F8000BF8FE091A80DE8A30091A90D1091AA0D83
:104F90002B2F3E2FA8016E897F89888D998D0E94C5
:104FA00074F82B013C0120E030E0A9010E949CFA3A
:104FB00087FF04C077FA709477F870948114910495
:104FC000A104B10409F07AC020E030E040E85FE3DA
:104FD000C301B2010E94A6F187FF10C0F9A1812C84
:104FE000912C5401FF2331F085E0882E8DE0982E1E
:104FF000A12CB12C8C0C9D1CAE1CBF1C2A8D222315
:1050000091F18B8D9C8DAD8DBE8D0097A105B10565
:1050100049F08C199D09AE09BF09181619061A0620
:105020001B060CF12F8D38A1A8016EA17FA188A5C8
:1050300099A50E9474F820E030E040EC5FE30E9404
:10504000A6F187FD49C0D701C601805A9541AF4FEF
:10505000BF4F8B8F9C8FAD8FBE8F9F8D9EA3A8A1BE
:10506000AFA308A719A719A2F6CEC8010E94A6F1FE
:1050700087FD32C0EE8AFF8A088F198F1A8E2CCFD7
:10508000D1010D900020E9F7CD0101978219930914
:105090008431910508F060CFF101E80FF91FBFE3FB
:1050A000B0838331910509F457CFE2E0F0E0EC0FD3
:1050B000FD1F8E0F9F1FDC011C924ECF20E030E0C1
:1050C00040E450E4C301B2010E949CFA18160CF0AF
:1050D00095CF4601570192CF10913109112321F04C
:1050E000109231090E943CCABAA5B0930308812FDF
:1050F000AC960FB6F894DEBF0FBECDBFDF91CF9157
:105100001F910F91FF90EF90DF90CF90BF90AF90E5
:105110009F908F907F906F905F904F903F902F90D7
:1051200008952F923F924F925F926F927F928F924B
:105130009F92AF92BF92CF92DF92EF92FF920F9326
:105140001F93CF93DF93CDB7DEB7C454D1090FB609
:10515000F894DEBF0FBECDBF7C014B015A01222E59
:1051600019821C821C8E1F8E6115710511F410E0CE
:10517000B6C1DC0113968C918111F9CFFA018081BF
:105180008B018F32D1F4DB0113968C9113978250EF
:10519000823060F059966D917C91CE014C960E94C0
:1051A000D4DA8E01045E1F4F882309F3C5015C0128
:1051B0000196F50120812F32D1F39E012F5F3F4FE1
:1051C0006901290130E2332E2496CFAE249725962B
:1051D000DFAE25973E013CE1630E711C22963FAE87
:1051E000229721963FAE21973FAE3EAE3DAE3CAEFC
:1051F0003BAE3AAE39AE38AE3FAA950190E047E0FB
:10520000D9018D91882361F18F3251F18E3239F4B9
:105210004A3009F4ACCF98E04AE09D01F1CFE2E6D4
:10522000F8E22491222321F031968213FACF9FCF06
:10523000491708F49CCF813208F499CF8F3709F4CD
:1052400096CF3FE9380F3A3108F420EEE7E3F0E07B
:10525000EC0FFD1FE90FF11D820F80839F5FDDCFF3
:105260008FA9803209F483CF5901D9018C912F5F26
:105270003F4F8F32C9F38823A9F00815190519F09B
:10528000C8010E948A7D24969FAD249725968FADF4
:1052900025974C145D0411F4962D872D8601C92E97
:1052A000D82E9CCFF801818D928DD7015A969C9370
:1052B0008E935997C8010E94E17EC12CF801808528
:1052C0009185A285B3854189528963897489841740
:1052D0009507A607B70708F056C025E0B695A7952D
:1052E000979587952A95D1F7F82FFF70DF2ED80173
:1052F00013968C91823008F43ACF23961FAE2397F1
:1053000041E050E0BE016E5B7F4FC8010E942ED984
:10531000019709F02CCFF80180859185A285B3858E
:105320004F96A11DB11D80879187A287B387F0E2B8
:10533000DF9EB00111246E58744F6115710509F498
:1053400016CFDB018C91882341F0853E09F04DC0DA
:10535000CC2029F0CC24C394B1CFC1100EC08091D1
:10536000720D9091730DA091740DB091750DF701B0
:1053700084879587A687B787D08ADB018C918111B6
:10538000E9CFCC24C394822D8274823409F0EFCE0D
:10539000CC2009F4C7C0F701D08861E0C7010E94A2
:1053A000937D009709F4E3CE20E2DC011D922A955B
:1053B000E9F72BE0FE01F796DC0101900D922A95AA
:1053C000E1F721E238E2FC01318B208B40E058E02C
:1053D00057874687338B228B318F208F578B468B95
:1053E0000E94F7D281110AC0C2CE4BE050E0CE013C
:1053F000C7960E944BFB892B09F060CF2D2D30E022
:10540000F901B5E0EE0FFF1FBA95E1F7DF01AE58E5
:10541000B44F1B968C91817121F0822D827109F01D
:1054200020C1D70159968D919C915A974091720D48
:105430005091730D6091740D7091750D1C964D9384
:105440005D936D937C931F975096DC925097EE5826
:10545000F44F84889588B12CA12C54019924882478
:1054600055968D929D92AD92BC925897428D538DD8
:1054700070E060E0482959296A297B2955964D93A7
:105480005D936D937C935897A5E0220F331FAA95E7
:10549000E1F7D901AE58B44F1B962C91287109F051
:1054A000D2C0848D958DA68DB78DF701818B928B9F
:1054B000A38BB48B81E08383822D8F70F70181836E
:1054C0001482158216821782108611861286138620
:1054D00011E024FE04C0C7010E9424D7182FCE017A
:1054E0004C960E94EE27CE0101960E94EE27812F56
:1054F000CC5BDF4F0FB6F894DEBF0FBECDBFDF91A0
:10550000CF911F910F91FF90EF90DF90CF90BF90C0
:10551000AF909F908F907F906F905F904F903F9053
:105520002F900895D80113968C911397823009F427
:105530001ECE51968D919D910D90BC91A02D803ED7
:105540009F4FAF41B10508F012CEC8010E94E67D21
:10555000882309F40CCE0E94F7D2882309F407CEE1
:10556000D8015996ED91FC915A9714968D909D9083
:10557000AD90BC901797B2E08B1A9108A108B108C2
:10558000858504C0880C991CAA1CBB1C8A95D2F77F
:1055900086859785A089B189880E991EAA1EBB1E93
:1055A00081E08093760D8092720D9092730DA0929F
:1055B000740DB092750DE2E7FBE080E092E0DF0150
:1055C0009C011D9221503040E1F7DD24D394D80195
:1055D0005996ED91FC918481D816C0F48091770D95
:1055E0009091780DDC01ED91FC910288F389E02D1A
:1055F00022E73BE0B501A4014D0D511D611D711D58
:105600001995882309F4B3CDD394E1CF258580E0A3
:1056100092E0A0E0B0E004C0880F991FAA1FBB1F52
:105620002A95D2F7F8014189528963897489840FD8
:10563000951FA61FB71F818B928BA38BB48B82E71C
:105640009BE0D12CB1CE203161F497012F5E3F4F0A
:105650000E94DED5882329F084E0D70113968C932D
:105660002BCFD70113961C9282CDCF92DF92EF926F
:10567000FF920F931F93CF93DF93CDB7DEB7A7971A
:105680000FB6F894DEBF0FBECDBF182F0E94DA8D83
:10569000812309F46BC04091F9045091FA046091A0
:1056A000FB047091FC0448A359A36AA37BA330E0D8
:1056B00020E0E0E090E0AC01022E02C05595479555
:1056C0000A94E2F740FF11C064E270E06C0F7D1FA6
:1056D0006E0F711D40E250E04C0F5D1F420F531FD3
:1056E000DA014C91DB014C93EF5F2F5F3F4F23308A
:1056F000310509F78E010C5D1F4FE00FF12FF11DF1
:10570000108219821F8E1F930F9385EAE82E8AE17B
:10571000F82EFF92EF921F928EE18F93CE010196A9
:105720006C019F938F930E9403F10E94A72BC601E7
:105730000E94A1271F930F93FF92EF921F920E9446
:10574000EAD00FB6F894DEBF0FBECDBF81E0A796BA
:105750000FB6F894DEBF0FBECDBFDF91CF911F9182
:105760000F91FF90EF90DF90CF90089580E0EFCF02
:10577000CF92DF92EF92FF921F93CF93DF93CDB73B
:10578000DEB72C970FB6F894DEBF0FBECDBF182F33
:105790006B017A01809174098330A8F08091A00890
:1057A000811111C00E94A42BC6010E947E2B88EBA0
:1057B00094E20E947E2B1F3FA1F584EB94E20E94AD
:1057C0007E2B0E94AA2B0E942580A8958091A0087C
:1057D000811135C081E08093A00882E08093740934
:1057E0000E94258087E041DF811111C08CE0E4E850
:1057F000F4E0DE01119601900D928A95E1F7BE0169
:105800006F5F7F4F80E00E9414960E942D836DEAA7
:1058100074E21F3F11F061EB74E240E0C7010E94A7
:105820002D3717FDCECF85E40E9407C6612F012ECC
:10583000000C770B880B990B0E9456C7C2CF2C9691
:105840000FB6F894DEBF0FBECDBFDF91CF911F9191
:10585000FF90EF90DF90CF9008952F923F924F925C
:105860005F926F927F928F929F92AF92BF92CF92F0
:10587000DF92EF92FF920F931F93CF93DF9300D0AD
:105880001F921F92CDB7DEB71C0149835A836B83E9
:105890007C8328013901ED82860181E090E02E2D84
:1058A0002F3F11F090E080E025E0289FF001299F34
:1058B000F00D1124EB51F84F8481882309F45EC068
:1058C000F10114821582168217821086F1018481FB
:1058D0008230A1F0833009F482C08130B9F529818A
:1058E0003A814B815C8165817681878190850E94B8
:1058F0009CFA18165CF182E0F101848329813A81D7
:105900004B815C81F10165817681878190850E9460
:1059100074F86B017C010E94C2D02B013C01A501EF
:105920009401C701B6010E94A6F118160CF446C0F6
:105930009801A8EEB3E00E9418F8460E571E681EA4
:10594000791EF10140825182628273820F900F9022
:105950000F900F900F90DF91CF911F910F91FF90BB
:10596000EF90DF90CF90BF90AF909F908F907F90FF
:105970006F905F904F903F902F900895A3019201F8
:10598000F10165817681878190850E94A6F1882347
:1059900009F49CCFF1014582568267827086FF240C
:1059A000F39420E030E0A901C301B2010E949CFA07
:1059B00018160CF0F12CF101F48288CFF1018081EE
:1059C0009181A281B38184199509A609B709181696
:1059D00019061A061B060CF4B9CF83E0848342E350
:1059E00055E262E475E28D810F900F900F900F9059
:1059F0000F90DF91CF911F910F91FF90EF90DF906B
:105A0000CF90BF90AF909F908F907F906F905F905E
:105A10004F903F902F90ACCE46ED54E263EE74E28F
:105A2000A7CECF93DF93A8958091A50D9091A60D59
:105A30002091A50D3091A60D82179307A9F70E941A
:105A400046C86093A70D7093A80D8093A90D9093FD
:105A5000AA0D8091F2079091F3072091F2073091FF
:105A6000F30782179307A9F70E943C806093F4071D
:105A70007093F5078093F6079093F707C091A50DF3
:105A8000D091A60D8091A50D9091A60DC817D907AC
:105A9000A9F780912E0290912F02C817D90710F410
:105AA00080E0BADF8091AB0D9091AC0D181619060D
:105AB0006CF480912C0290912D028C179D0730F48C
:105AC00043E155E260E275E280E052DE8091F20748
:105AD0009091F3072091F2073091F3078217930713
:105AE000A9F720912A0230912B028217930710F414
:105AF0008FEF92DF8091F8079091F9071816190639
:105B0000D4F420912802309129028091F2079091DB
:105B1000F3074091F2075091F30784179507A9F70F
:105B20002817390740F443E155E260E275E28FEF50
:105B3000DF91CF911DCEDF91CF9108954F925F926B
:105B40006F927F928F929F92AF92BF92CF92DF928D
:105B5000EF92FF920F931F93CF93DF93CDB7DEB7F2
:105B60002E970FB6F894DEBF0FBECDBF809174099B
:105B7000811118C0A8952E960FB6F894DEBF0FBEFF
:105B8000CDBFDF91CF911F910F91FF90EF90DF90EC
:105B9000CF90BF90AF909F908F907F906F905F90CD
:105BA0004F9008958091AF088111E5CF81E08093F7
:105BB000AF088091EF07811103C01092AF08DBCFCF
:105BC00030DF1092EF070E94C2D02B013C016091A0
:105BD000320270913302072E000C880B990B0E9441
:105BE000ACF19B01AC016091A70D7091A80D809163
:105BF000A90D9091AA0D0E949CFA181614F480E049
:105C00000BDF8091E907811118C08091E507909121
:105C1000E607A091E707B091E8070097A105B10555
:105C200061F084199509A609B709181619061A060C
:105C30001B061CF081E08093E9076091AB0D709129
:105C4000AC0D072E000C880B990B0E94ACF18B0158
:105C50009C014091A70D5091A80D6091A90D7091E4
:105C6000AA0D812C912CE0E8AE2EE0E4BE2EF8E2E5
:105C7000CF2ED12CE12C81E99DE0EFDD8090A70DA6
:105C80009090A80DA090A90DB090AA0D609130023F
:105C900070913102072E000C880B990B0E94ACF119
:105CA0009B01AC01C501B4010E949CFA18160CF0CE
:105CB00032C26091320270913302072E000C880BC1
:105CC000990B0E94ACF19B01AC01C501B4010E948B
:105CD000A6F187FF20C28091E9079091A708911152
:105CE00009C023EA3DE03093A6082093A50891E07F
:105CF0009093A708882309F4CFC0C12CD12C76013A
:105D0000C701B6010E94B9F9759567956093AD0D0D
:105D10008091060890910708A0910808B0910908A1
:105D20000097A105B105B9F084199509A609B7092D
:105D3000181619061A061B0674F0C501B4010E9454
:105D4000B9F92091040830910508621773070CF423
:105D5000E4C10E940D7220E030E04CED52E460910D
:105D6000F4077091F5078091F6079091F7070E946C
:105D70009CFA181614F48FEF4FDE8091E107909192
:105D8000E207A091E307B091E4070097A105B105F0
:105D9000E9F084199509A609B709181619061A0613
:105DA0001B06A4F06091F4077091F5078091F60747
:105DB0009091F7070E94B9F92091DF073091E00731
:105DC000621773070CF4B0C10E9416258091A108D8
:105DD0009091A208A091A308B091A40884199509F4
:105DE000A609B709181619061A061B060CF4E5CE03
:105DF000D301C20188579C4EAF4FBF4F8093A1087B
:105E00009093A208A093A308B093A4088091EE07F2
:105E1000811118C08091EA079091EB07A091EC07DF
:105E2000B091ED070097A105B10561F084199509BE
:105E3000A609B709181619061A061B061CF081E0F8
:105E40008093EE076091F8077091F907072E000C18
:105E5000880B990B0E94ACF18B019C014091F407D7
:105E60005091F5076091F6077091F707812C912CFE
:105E7000A12C80E4B82E94E1C92ED12CEE24EA9412
:105E80008AE99DE0EADC8091EE07882309F455C198
:105E90001092FA07759891CE8091A5089091A60866
:105EA0009E878D87DC0114968D919D910D90BC91FC
:105EB000A02D8D839E83AF83B887ED85FE85608599
:105EC0007185072E000C880B990B0E94ACF16B01B9
:105ED0007C0120E030E0A9010E94A6F1882391F026
:105EE0002D813E814F815885C701B6010E9474F80B
:105EF0006B017C0120E030E040EA51EC0E94A6F109
:105F000087FF09C081E0AD85BE851B968C93C12CAF
:105F1000D12C7601D0C020E030E040EA51E4C70146
:105F2000B6010E949CFA18165CF481E0ED85FE85AE
:105F30008387C12CD12C4FE7E42E43E4F42EBBC061
:105F4000AD85BE851B968C911B97882369F0FD015A
:105F5000148A158A168A178A58961D921D921D92C8
:105F60001C925B971B961C92ED85FE85248D358DCA
:105F7000468D578DC701B6010E940BF269877A875B
:105F80008B879C87AD85BE8550966D937D938D9351
:105F90009C93539790962D913D914D915C91939741
:105FA000C701B6010E940BF2ED85FE852489358973
:105FB000468957890E9475F86B017C0120E030E02A
:105FC000A9010E94A6F187FD9BC020E030E04FE7C9
:105FD00053E4C701B6010E949CFA18160CF494C051
:105FE000AD85BE855496CD92DD92ED92FC92579789
:105FF00058968D919D910D90BC91A02D89839A8387
:10600000AB83BC832D813E814F815885ED85FE8514
:1060100064857585868597850E9474F8AD85BE85F3
:1060200094962D913D914D915C9197970E940BF222
:1060300029813A814B815C810E9474F820ED3CEC0F
:106040004CE45DE30E940BF229813A814B815C8133
:106050000E9475F869837A838B839C83ED85FE8526
:10606000608F718F828F938FA701960169857A85E2
:106070008B859C850E9475F829813A814B815C81D2
:106080000E9475F820E030E0A9010E9475F86B01CC
:106090007C0120E030E0A9010E94A6F187FD37CF06
:1060A00020E030E04FE753E4C701B6010E949CFABC
:1060B00018160CF43ECF8D819E81AF81B885ED8599
:1060C000FE8584879587A687B78720E030E0A90101
:1060D000C701B6010E94A6F187FD0FCE20E030E097
:1060E0004FE753E4C701B6010E949CFA18160CF062
:1060F00007CEC12CD12C3FE7E32E33E4F32E00CEA4
:10610000C12CD12C76016CCFC12CD12C5FE7E52EB0
:1061100053E4F52E65CF60E0F9CD45EF54E264E03D
:1061200075E280E025DB17CE45EF54E264E075E2CE
:106130008FEF1EDB4BCE8FE733C0C090F407D090BB
:10614000F507E090F607F090F70720E030E040EA2E
:1061500050E4C701B6010E949CFA87FD99CE20E069
:1061600030E04CED52E4C701B6010E94A6F11816CA
:106170000CF48ECE6091F8077091F907072E000C91
:10618000880B990B0E94ACF1A70196010E9474F84C
:1061900020E030E0A9010E949CFA181664F280E029
:1061A0008093FA070ACD2F923F924F925F926F929F
:1061B0007F928F929F92AF92BF92CF92DF92EF9297
:1061C000FF920F931F93CF93DF93CDB7DEB7C054E9
:1061D000D1090FB6F894DEBF0FBECDBF86E497E0BD
:1061E0000E946B8E8091E30983FD6EC020913B0A73
:1061F00030913C0A40913D0A50913E0A609152070D
:106200007091530780915407909155070E94A6F111
:10621000882309F459C00E949882182F882331F0EE
:106220000E94A72B8AE89AE10E947E2B20913B0ACC
:1062300030913C0A40913D0A50913E0A60915207CC
:106240007091530780915407909155070E9474F8FC
:106250006B017C0120E030E0A9010E949CFA87FFDD
:1062600004C0F7FAF094F7F8F094209155023091B9
:1062700056024091570250915802C701B6010E9440
:106280000BF220E030E048E453E40E949CFA181638
:10629000CCF40E94A72B8BE69AE10E947E2B809182
:1062A000520790915307A0915407B09155078093DE
:1062B0003B0A90933C0AA0933D0AB0933E0A0E9489
:1062C000D69002C01111EBCF2AE037ED43E25CE338
:1062D0006091130270911402809115029091160240
:1062E0000E940BF26B017C0160911102709112020D
:1062F000072E000C880B990B0E94ACF19B01AC019E
:10630000C701B6010E940BF26DAB7EAB8FAB98AFAD
:106310008091A809882311F1C0904E07D0904F07B3
:10632000E0905007F09051078090A9099090AA0939
:10633000A090AB09B090AC0920E030E0A901C50104
:10634000B4010E94A6F1882309F442C0A50194017A
:10635000C701B6010E94A6F187FD3AC019821A82D0
:106360001B821C821D821E821F82188619861A8635
:106370001B861C869E012F5F3F4F4DA95EA96FA90A
:1063800078AD86E497E00E94D6C880E1E6E4F7E0C5
:10639000AFE2BAE001900D928A95E1F7C05CDF4F61
:1063A0000FB6F894DEBF0FBECDBFDF91CF911F9126
:1063B0000F91FF90EF90DF90CF90BF90AF909F90A4
:1063C0008F907F906F905F904F903F902F900895A7
:1063D00020912F0A3091300A4091310A5091320AAF
:1063E000609146077091470780914807909149074F
:1063F0000E9474F82B013C01498A5A8A6B8A7C8A74
:106400002091330A3091340A4091350A5091360A6E
:1064100060914A0770914B0780914C0790914D070E
:106420000E9474F869AB7AAB8BAB9CAB6D8B7E8BA7
:106430008F8B988F2091370A3091380A4091390A12
:1064400050913A0AC701B6010E9474F869AF7AAF59
:106450008BAF9CAF698F7A8F8B8F9C8F20913B0A7B
:1064600030913C0A40913D0A50913E0A609152079A
:106470007091530780915407909155070E9474F8CA
:106480004B015C018D8E9E8EAF8EB8A220E030E075
:10649000A901C301B2010E94A6F181110CC020E044
:1064A00030E0A90169A97AA98BA99CA90E94A6F14B
:1064B000882309F453CFCE0141960E94F48D6B01DD
:1064C0007C012DEB37E346E855E30E94A6F187FFF8
:1064D0000FC020E030E0A901C501B4010E949CFA80
:1064E0007501640187FF04C0F7FAF094F7F8F0949F
:1064F0002DEB37E346E855E3C701B6010E94A6F14C
:1065000087FD43CF20E030E040EA50E4C701B60108
:106510000E9451F90E94BEF91B01672B19F4222435
:106520002394312CB10190E080E00E94AAF19B01FC
:10653000AC0160E070E080E89FE30E9451F96DA734
:106540007EA78FA798AB9B01AC01C301B2010E944B
:106550000BF221966CAF7DAF8EAF9FAF21972DA52B
:106560003EA54FA558A969A97AA98BA99CA90E9403
:106570000BF269AB7AAB8BAB9CAB2DA53EA54FA5BF
:1065800058A969AD7AAD8BAD9CAD0E940BF22B0181
:106590003C012DA53EA54FA558A9C501B4010E94F7
:1065A0000BF24B015C012DA53EA54FA558A9C701D3
:1065B000B6010E940BF269A37AA38BA39CA31DA230
:1065C0001EA21FA218A619A61AA61BA61CA680E129
:1065D000EFE2FAE08E010F5F1F4FD80101900D929C
:1065E0008A95E1F70E94C2D06B017C0128ECC20EB3
:1065F000D11CE11CF11C81E0281A310809F45AC0B1
:106600000E94C2D0A7019601261B370B480B590BDD
:1066100012161306140615060CF450C06B017C010B
:10662000A8ECCA0ED11CE11CF11C80E00E941F39AD
:1066300021962CAD3DAD4EAD5FAD219769817A813C
:106640008B819C810E9475F869837A838B839C83FC
:1066500029A93AA94BA95CA96D817E818F81988572
:106660000E9475F86D837E838F839887A3019201C2
:1066700069857A858B859C850E9475F869877A87FC
:106680008B879C87A50194016D857E858F85988970
:106690000E9475F86D877E878F87988B9E012F5D8E
:1066A0003F4F4DA95EA96FA978ADC8010E94D6C819
:1066B0008111A1CF9E012F5D3F4F5FCE3FDAB8CF52
:1066C0004F925F926F927F928F929F92AF92BF9202
:1066D000CF92DF92EF92FF92CF93DF936B017C0119
:1066E0008090130290901402A0901502B0901602B0
:1066F000C0911102D091120284E690E090931202B0
:1067000080931102409055025090560260905702BB
:106710007090580280E090E0A0E8BFE380935502BB
:1067200090935602A0935702B093580220E030E0B5
:10673000A901C7010E94A6F1882341F0C09213026B
:10674000D0921402E0921502F09216022CDD4092D3
:106750005502509256026092570270925802D0939E
:106760001202C09311028092130290921402A0921E
:106770001502B0921602DF91CF91FF90EF90DF905B
:10678000CF90BF90AF909F908F907F906F905F90D1
:106790004F900895FC01208180917D0D90917E0D98
:1067A000922728E0AC01880F991F57FD07C02150A0
:1067B000C9F790937E0D80937D0D0895F1E28F27A8
:1067C000F0E19F27F4CF3FB7F894809101179091A3
:1067D0000217A0910317B091041726B5A89B05C016
:1067E0002F3F19F00196A11DB11D3FBFBA2FA92F50
:1067F000982F8827BC01CD01620F711D811D911D4D
:1068000042E0660F771F881F991F4A95D1F70895B8
:10681000FC01938591FD13C0987121E0903109F03E
:1068200020E080918A0D20FB85F980938A0D9031BC
:1068300041F08085873419F481858E3711F480E02A
:10684000089581E00895FC0120E03EE2DB014D91D6
:10685000BD01403249F0283011F430833196DB011C
:1068600011974C91408331962F5F2B3079F710822E
:106870000895CF93DF93EC01CB01E881F98160812A
:1068800071810E94AD7D28813981D901ED91FC9102
:10689000AA81BB818C919081992359F08936C8F4E3
:1068A000CF010196F901918380838C918F5F8C9346
:1068B000EACF893670F48FE28083E881F9818081A4
:1068C0009181019691838083EA81FB8180818F5F32
:1068D0008083DF91CF9108952F923F924F925F92E4
:1068E0006F927F928F929F92AF92BF92CF92DF92E0
:1068F000EF92FF920F931F93CF93DF93CDB7DEB745
:10690000C55AD1090FB6F894DEBF0FBECDBF8C01BA
:10691000EA964FAFEA97252E362EE4967FAFE4979E
:10692000E9963FAF2EAFE9972091F8093091F90928
:106930004091FA095091FB09DC016D917D918D9197
:106940009C910E940BF20E94A8FAC756DF4F688301
:1069500079838A839B83C959D0402091FC09309167
:10696000FD094091FE095091FF09F801648175818C
:10697000868197810E940BF20E94A8FAC356DF4FCE
:10698000688379838A839B83CD59D0402091000A04
:106990003091010A4091020A5091030AD8011896D9
:1069A0006D917D918D919C911B970E940BF20E949D
:1069B000A8FACF55DF4F688379838A839B83C15AB6
:1069C000D040D8011C962D913D914D915C911F971F
:1069D0002F962CAF3DAF4EAF5FAF2F972091040A9B
:1069E0003091050A4091060A5091070A2F966CAD26
:1069F0007DAD8EAD9FAD2F970E940BF20E94A8FA3D
:106A0000C357DF4F688379838A839B83CD58D040F7
:106A100080E1F801DE01D19601900D928A95E1F7AF
:106A20008091E30983FD04C08091DC098823F1F0A3
:106A3000C357DF4F088119812A813B81CD58D0404F
:106A40000093470E1093480E2093490E30934A0E40
:106A50002F962CAD3DAD4EAD5FAD2F972093370EE9
:106A60003093380E4093390E50933A0E90912A0E7F
:106A70008091290E891738F0891B8F3031F480E01E
:106A80000E941F39F3CF805FF7CF8091290E0E94BB
:106A9000BE87CB55DF4F8883C55AD0400091290E61
:106AA0008091DA099091DB09892B11F00C94FBC5D8
:106AB00080913B0E90913C0EA0913D0EB0913E0E08
:106AC000C756DF4F88809980AA80BB80C959D040C3
:106AD000881A990AAA0ABB0A80913F0E9091400E2B
:106AE000A091410EB091420EC356DF4F28813981EB
:106AF0004A815B81CD59D040281B390B4A0B5B0B77
:106B000027962CAF3DAF4EAF5FAF27978091430ED6
:106B10009091440EA091450EB091460ECF55DF4F97
:106B2000288139814A815B81C15AD040281B390BA9
:106B30004A0B5B0B2B962CAF3DAF4EAF5FAF2B9745
:106B40008091470E9091480EA091490EB0914A0E47
:106B5000C357DF4FC880D980EA80FB80CD58D04032
:106B6000C81AD90AEA0AFB0A09F481C00E9498826D
:106B7000882339F1C357DF4F88819981AA81BB816E
:106B8000CD58D0408093470E9093480EA093490E65
:106B9000B0934A0E2F962CAD3DAD4EAD5FAD2F9705
:106BA0002093370E3093380E4093390E50933A0E9F
:106BB0000E94A72B88E39FE20E947E2BC12CD12C40
:106BC0007601C701B6010E94ACF1209155023091C7
:106BD000560240915702509158020E940BF22B012D
:106BE0003C0120E030E0A9010E949CFA87FF04C02C
:106BF00077FA709477F8709420E030E048E453E43A
:106C00006091040A7091050A8091060A9091070A22
:106C10000E940BF2A30192010E94A6F187FF27C0F8
:106C2000C357DF4F88819981AA81BB81CD58D0405D
:106C30008093470E9093480EA093490EB0934A0E4E
:106C40002F962CAD3DAD4EAD5FAD2F972093370EF7
:106C50003093380E4093390E50933A0E0E94A72B72
:106C600089E19FE20E947E2BC12CD12C760110E09D
:106C700081E0181419041A041B040CF080E080FB56
:106C800010F981E027962CAD3DAD4EAD5FAD279755
:106C900012161306140615060CF080E080FB11F99D
:106CA00081E02B962CAD3DAD4EAD5FAD2B9712160E
:106CB0001306140615060CF080E080FB12F981E043
:106CC0001C141D041E041F040CF080E080FB13F94B
:106CD000C701B6010E94ACF12091550230915602D5
:106CE00040915702509158020E940BF26B017C01B7
:106CF00020E030E0A9010E949CFA87FF3CC4C70154
:106D0000B6019058402F50E02D965FAF4EAF2D97B3
:106D100053E6059F90011124D901A55BB14F6596FB
:106D2000BFAFAEAF65970E94BEF9A3966CAF7DAFC3
:106D30008EAF9FAFA3976596EEADFFAD65971082BE
:106D400015AF2B960CAD1DAD2EAD3FAD2B976B96B1
:106D50000CAF1DAF2EAF3FAF6B9737FF0DC0309517
:106D60002095109501951F4F2F4F3F4F6B960CAFFD
:106D70001DAF2EAF3FAF6B9727962CAD3DAD4EADFF
:106D80005FAD279763962CAF3DAF4EAF5FAF639774
:106D900057FF0DC050954095309521953F4F4F4F6F
:106DA0005F4F63962CAF3DAF4EAF5FAF639724014B
:106DB0003501B7FE07C0442455243201481859084C
:106DC0006A087B086596AEADBFAD65975D964D923E
:106DD0005D926D927C92909763960CAD1DAD2EAD39
:106DE0003FAD639791960D931D932D933C9394978C
:106DF0006B960CAD1DAD2EAD3FAD6B9795960D937B
:106E00001D932D933C939897C501B4010E94ACF15A
:106E10002091CA093091CB094091CC095091CD09FC
:106E20000E940BF2A7966CAF7DAF8EAF9FAFA79776
:106E300027966CAD7DAD8EAD9FAD27970E94ACF1CE
:106E40002091CE093091CF094091D0095091D109BC
:106E50000E940BF2AB966CAF7DAF8EAF9FAFAB973E
:106E60002B966CAD7DAD8EAD9FAD2B970E94ACF196
:106E70002091D2093091D3094091D4095091D5097C
:106E80000E940BF2E3966CAF7DAF8EAF9FAFE3979E
:106E9000A7960CAD1DAD2EAD3FADA79709A31AA3C4
:106EA0002BA33CA3AB962CAD3DAD4EAD5FADAB97E8
:106EB0002DA33EA34FA358A7DC01CB0189A79AA716
:106EC000ABA7BCA72091D6093091D7094091D8092A
:106ED0005091D909C701B6010E940BF26F966CAFB1
:106EE0007DAF8EAF9FAF6F976DA77EA78FA798AB33
:106EF00096E049165104610471040CF046C3639690
:106F00000CAD1DAD2EAD3FAD6397063011052105CB
:106F100031050CF03AC36B962CAD3DAD4EAD5FAD77
:106F20006B9726303105410551050CF02EC320E04A
:106F300030E0A9016F966CAD7DAD8EAD9FAD6F97C2
:106F40000E949CFA87FF1AC36F968CAD9DADAEADC3
:106F5000BFAD6F97B05823E62D960EAD1FAD2D97A0
:106F6000209FF001219FF00D1124E55BF14F818BF3
:106F7000928BA38BB48B83E62D960EAD1FAD2D9710
:106F8000809FF001819FF00D1124E55BF14FA396E6
:106F90002CAD3DAD4EAD5FADA39721A732A743A762
:106FA00054A7458D568D678D70A101A112A123A113
:106FB00034A185A196A1A7A1B0A580179107A2072A
:106FC000B30710F4D901C80184179507A607B707BE
:106FD00010F4DB01CA01A3960CAD1DAD2EAD3FAD83
:106FE000A39780179107A207B30710F4D901C8012E
:106FF00023E62D960EAD1FAD2D97209FF001219F0A
:10700000F00D1124E55BF14F85A796A7A7A7B0ABBC
:107010000697A105B10510F40C94DEC5E25BFF4FA5
:1070200080917C148083452B462B472B19F080E000
:107030000E94E28183E62D960EAD1FAD2D97809FB5
:10704000F001819FF00D1124E55BF14F81A192A128
:10705000A3A1B4A1892B8A2B8B2B19F081E00E946C
:10706000E28183E62D960EAD1FAD2D97809FF00136
:10707000819FF00D1124E55BF14F85A196A1A7A199
:10708000B0A5892B8A2B8B2B19F082E00E94E2811C
:10709000A3962CAD3DAD4EAD5FADA397232B242B16
:1070A000252B11F40C94FDC50E94A881E090240AC0
:1070B000F090250A0091260A1091270A9701A8014D
:1070C000EA966FADEA97722D832DE4969FADE49713
:1070D0000E94A6F187FD08C0EA96EFACEA97F22C71
:1070E000032DE4961FADE49783E62D964EAD5FAD7C
:1070F0002D97849FF001859FF00D1124E55BF14FE2
:1071000081899289A389B489ED968CAF9DAFAEAF8A
:10711000BFAFED979C01AD0160E070E080E89FE3B8
:107120000E9451F92B013C019701A8010E940BF22A
:107130006B017C019091280E8091290E891708F42B
:1071400083C2891BE4968FAFE497A701960160E0A4
:1071500074E284E799E40E9451F90E94A8FA4B0175
:107160005C01E4968FADE49782508630A0F5609183
:10717000F4097091F5098091F6099091F709681961
:1071800079098A099B0916161706180619061CF5AF
:10719000660F771F881F991FE4960FADE497202F85
:1071A00030E050E040E00E94F2F7CA01B9010E94CD
:1071B000ACF10E94B9F9680D791D8A1D9B1D0E94D2
:1071C000ACF19B01AC0160E074E284E799E40E94B9
:1071D00051F96B017C01A7019601ED966CAD7DAD77
:1071E0008EAD9FADED970E940BF2C358DF4F6883C1
:1071F00079838A839B83CD57D04083E62D962EAD2D
:107200003FAD2D97829F8001839F100D1124055B58
:10721000114FC358DF4F88819981AA81BB81CD5717
:10722000D040F80181839283A383B48325A536A53A
:1072300047A550A96B962CAF3DAF4EAF5FAF6B9794
:10724000CA01B9010E94AAF163966CAF7DAF8EAFFF
:107250009FAF63979B01AC01C701B6010E940BF27F
:107260000E943BF90E94BEF9CF57DF4F68837983B4
:107270008A839B83C158D040F801FE966083718356
:10728000828393838E010F5D1F4FAD961FAF0EAFAC
:10729000AD9708E01AE0C757DF4F19830883C95834
:1072A000D0408E01035D1F4F23961FAF0EAF239773
:1072B000212C312C10E824961FAF24970FE3289639
:1072C0000FAF2897AD96AEADBFADAD972D913D9167
:1072D0004D915D91AD96BFAFAEAFAD97C701B60111
:1072E0000E940BF24B015C0120E030E0A9010E94FA
:1072F0009CFA87FF04C0B7FAB094B7F8B094C757A8
:10730000DF4FA881B981C958D0400D911D912D91B1
:107310003D91C757DF4FB983A883C958D040CB5799
:10732000DF4F088319832A833B83C558D040A501CA
:107330009401CB57DF4F688179818A819B81C55841
:10734000D0400E94A6F187FF20C0A5019401CB5731
:10735000DF4F688179818A819B81C558D0400E9426
:1073600051F95B018C01910124964FAD2497289629
:107370005FAD28970E94A6F187FF07C015012496EC
:107380000FAF249728961FAF289723960EAD1FADF9
:107390002397AD962EAD3FADAD970217130709F0B9
:1073A00091CFA70196016F966CAD7DAD8EAD9FAD6F
:1073B0006F970E940BF26B017C0120E030E0A90185
:1073C0000E949CFA87FF04C0F7FAF094F7F8F09453
:1073D0008090140A9090150AA090160AB090170A8F
:1073E000A7019601C501B4010E94A6F187FF1AC04A
:1073F000A7019601C501B4010E9451F97B018C01DE
:10740000910124964FAD249728965FAD28970E944E
:10741000A6F187FF07C0170124960FAF249728967F
:107420001FAF289720E030E040E85FE3B1012496E9
:107430008FAD249728969FAD28970E94A6F187FFCD
:1074400041C083E62D964EAD5FAD2D97849F8001A0
:10745000859F100D1124055B114F78015EE3E50E49
:10746000F11CCF57DF4F688179818A819B81C15898
:10747000D0400E94AAF1910124964FAD24972896FE
:107480005FAD28970E940BF20E94BEF9D7016D9361
:107490007D938D939C931397910124964FAD2497E0
:1074A00028965FAD2897C358DF4F688179818A811C
:1074B0009B81CD57D0400E940BF2F801618372830B
:1074C0008383948363962CAD3DAD4EAD5FAD6397E2
:1074D000C301B2010E940BF227966CAF7DAF8EAF55
:1074E0009FAF279783E62D960EAD1FAD2D97809FFA
:1074F000F001819FF00D1124E55BF14F27962CAD33
:107500003DAD4EAD5FAD2797258B368B478B508FAA
:10751000858C968CA78CB0A081149104A104B10431
:1075200009F094C081A192A1A3A1B4A1892B8A2BB7
:107530008B2B09F08BC085A196A1A7A1B0A5892BA3
:107540008A2B8B2B09F082C020911C0A30911D0AD6
:1075500040911E0A50911F0A27966CAD7DAD8EADED
:107560009FAD27970E940BF20E943BF90E94BEF943
:107570006B017C016DC1C701B601C4CB6F968CADA8
:107580009DADAEADBFAD6F97E6CCE996AEADBFADEC
:10759000E997CD90DD90ED90FC9020E030E0A901DE
:1075A000C701B6010E94A6F1882389F083E62D96D3
:1075B0000EAD1FAD2D97809FF001819FF00D11241E
:1075C000E55BF14FC18AD28AE38AF48AD4CCA796CC
:1075D0002CAD3DAD4EAD5FADA79729833A834B836C
:1075E0005C83AB968CAD9DADAEADBFADAB978D83DF
:1075F0009E83AF83B887E3960CAD1DAD2EAD3FAD36
:10760000E39709871A872B873C876F962CAD3DAD92
:107610004EAD5FAD6F972D873E874F87588BCE015C
:1076200001960E94F48D23E62D960EAD1FAD2D9789
:10763000209FF001219FF00D1124E55BF14F618B3C
:10764000728B838B948B97CC805F7BCDA3968CAD14
:107650009DADAEADBFADA397892B8A2B8B2B09F4C3
:1076600000C72091180A3091190A40911A0A5091C6
:107670001B0A27966CAD7DAD8EAD9FAD27970E94FE
:107680000BF20E943BF90E94BEF96B017C018091D4
:10769000C6099091C709A091C809B091C90965961A
:1076A000EEADFFAD659701A112A123A134A12B96E8
:1076B0000CAF1DAF2EAF3FAF2B9705A116A127A191
:1076C00030A5AF960CAF1DAF2EAF3FAFAF9701A562
:1076D00012A523A534A567960CAF1DAF2EAF3FAF03
:1076E00067976B960CAD1DAD2EAD3FAD6B978017B8
:1076F0009107A207B30708F4BDC681149104A10441
:10770000B104E1F06091B6097091B7098091B809B0
:107710009091B9096C157D058E059F0578F4A90136
:1077200098010E94C1F7A50194010E94D0F72C1581
:107730003D054E055F0510F469017A012B962CADCD
:107740003DAD4EAD5FAD2B97232B242B252B21F187
:107750006091BA097091BB098091BC099091BD09F3
:107760006C157D058E059F05B8F46B962CAD3DAD6F
:107770004EAD5FAD6B970E94C1F72B962CAD3DAD22
:107780004EAD5FAD2B970E94D0F72C153D054E05F1
:107790005F0510F469017A01AF968CAD9DADAEAD79
:1077A000BFADAF97892B8A2B8B2B21F16091BE093E
:1077B0007091BF098091C0099091C1096C157D0538
:1077C0008E059F05B8F46B962CAD3DAD4EAD5FAD0B
:1077D0006B970E94C1F7AF962CAD3DAD4EAD5FAD3E
:1077E000AF970E94D0F72C153D054E055F0510F4AC
:1077F00069017A0167960CAD1DAD2EAD3FAD67975F
:10780000012B022B032B21F16091C2097091C30956
:107810008091C4099091C5096C157D058E059F0561
:10782000B8F46B962CAD3DAD4EAD5FAD6B970E943D
:10783000C1F767962CAD3DAD4EAD5FAD67970E9429
:10784000D0F72C153D054E055F0510F469017A014E
:1078500083E62D962EAD3FAD2D97829F8001839FAD
:10786000100D1124055B114FF801E65BFF4FC0823C
:10787000D182E282F382C701B6010E94AAF16B01B4
:107880007C012DEB37E346E051E40E940BF20E94AD
:10789000BEF9D801D9966D937D938D939C93DC9717
:1078A00027962CAD3DAD4EAD5FAD2797C701B60114
:1078B0000E9451F963966CAF7DAF8EAF9FAF639717
:1078C000F801618F728F838F948F20E030E040E069
:1078D0005FE30E940BF227962CAD3DAD4EAD5FAD40
:1078E00027970E9451F964966FAF649724967FAFF3
:1078F000249728968FAF289768969FAF6897D801EE
:1079000011962D913D914D915C911497C757DF4F82
:10791000288339834A835B83C958D040CA01B9019F
:107920000E940BF2AC966FAFAC97EE967FAFEE97DE
:10793000CF57DF4F8883C158D040CB57DF4F988354
:10794000C558D0409B01AC0164966FAD64972496F6
:107950007FAD249728968FAD289768969FAD68973E
:107960000E949CFA1816E4F4AC960FADAC9764969E
:107970000FAF6497EE961FADEE9724961FAF249736
:10798000CF57DF4F0881C158D04028960FAF2897B6
:10799000CB57DF4F1881C558D04068961FAF689706
:1079A000A7962CAD3DAD4EAD5FADA797298B3A8B19
:1079B0004B8B5C8BAB968CAD9DADAEADBFADAB973D
:1079C0008D8B9E8BAF8BB88FE3960CAD1DAD2EAD1E
:1079D0003FADE397098F1A8F2B8F3C8F6F962CAD9D
:1079E0003DAD4EAD5FAD6F972D8F3E8F4F8F58A33E
:1079F000A3968CAD9DADAEADBFADA397892B8A2B61
:107A00008B2B09F44BC68E010F5E1F4F3E0191E296
:107A1000690E711CC12CD12C7601D8018D909D90DE
:107A2000AD90BD908D0120E030E0A901C501B40109
:107A30000E94A6F1882371F0A5019401C501B4014B
:107A40000E940BF29B01AC01C701B6010E9475F8C0
:107A50006B017C016016710601F72DEB37E346E000
:107A600056E3C701B6010E949CFA18160CF046C0F6
:107A7000C701B6010E94E2FA9B01AC0160E070E030
:107A800080E89FE30E9451F96B017C01AC019B01EE
:107A9000A7966CAD7DAD8EAD9FADA7970E940BF202
:107AA000698B7A8B8B8B9C8BA7019601AB966CAD07
:107AB0007DAD8EAD9FADAB970E940BF26D8B7E8B33
:107AC0008F8B988FA7019601E3966CAD7DAD8EAD3F
:107AD0009FADE3970E940BF2698F7A8F8B8F9C8FFB
:107AE000A70196016F966CAD7DAD8EAD9FAD6F9782
:107AF0000E940BF26D8F7E8F8F8F98A3E4960FAD4F
:107B0000E497002309F4F1C6209187173091881774
:107B10004091891750918A17A3962CAF3DAF4EAF75
:107B20005FAFA3972DEB37E346E855E3A3966CAD23
:107B30007DAD8EAD9FADA3970E94A6F187FDD5C602
:107B40008090071790900817A0900917B0900A1717
:107B5000C988DA88EB88FC8880910B1790910C1704
:107B6000A0910D17B0910E176F968CAF9DAFAEAF71
:107B7000BFAF6F970D891E892F89388DA7960CAFDF
:107B80001DAF2EAF3FAFA79720910F173091101761
:107B90004091111750911217AB962CAF3DAF4EAFDD
:107BA0005FAFAB97898D9A8DAB8DBC8DE3968CAF13
:107BB0009DAFAEAFBFAFE3970091131710911417AD
:107BC0002091151730911617E7960CAF1DAF2EAF09
:107BD0003FAFE7972D8D3E8D4F8D58A1CF56DF4F8C
:107BE000288339834A835B83C159D040C501B401DE
:107BF0009058A70196010E940BF22B013C016F9651
:107C00006CAD7DAD8EAD9FAD6F979058A7962CADA6
:107C10003DAD4EAD5FADA7970E940BF29B01AC014D
:107C2000C301B2010E9475F82B013C01AB966CAD0B
:107C30007DAD8EAD9FADAB979058E3962CAD3DAD2D
:107C40004EAD5FADE3970E940BF29B01AC01C30107
:107C5000B2010E9475F82B013C01E7966CAD7DAD39
:107C60008EAD9FADE7979058CF56DF4F2881398171
:107C70004A815B81C159D0400E940BF29B01AC014B
:107C8000C301B2010E9475F82B013C012FEE3FEFBA
:107C90004FE75FE30E949CFA18160CF419C6A50181
:107CA0009401C701B6010E9474F8CB56DF4F688378
:107CB00079838A839B83C559D04069837A838B8378
:107CC0009C836F962CAD3DAD4EAD5FAD6F97A79683
:107CD0006CAD7DAD8EAD9FADA7970E9474F8A79651
:107CE0006CAF7DAF8EAF9FAFA7976D837E838F8381
:107CF0009887AB962CAD3DAD4EAD5FADAB97E3969F
:107D00006CAD7DAD8EAD9FADE3970E9474F8AB96E0
:107D10006CAF7DAF8EAF9FAFAB9769877A878B874C
:107D20009C87E7962CAD3DAD4EAD5FADE797CF5646
:107D3000DF4F688179818A819B81C159D0400E943F
:107D400074F8E3966CAF7DAF8EAF9FAFE3976D870E
:107D50007E878F87988B8E010F5F1F4F6D961FAFA9
:107D60000EAF6D97005F1F4F6D962EAC3FAC6D97B9
:107D7000C12CD12C7601D1018D909D90AD90BD90FC
:107D80001D0120E030E0A901C501B4010E94A6F167
:107D9000882371F0A5019401C501B4010E940BF282
:107DA0009B01AC01C701B6010E9475F86B017C0113
:107DB0000215130501F72DEB37E346E056E3C70143
:107DC000B6010E949CFA18160CF09CC0C701B601BF
:107DD0000E94E2FA9B01AC0160E070E080E89FE362
:107DE0000E9451F96B017C01AC019B01CB56DF4F26
:107DF000688179818A819B81C559D0400E940BF2AC
:107E000069837A838B839C83A7019601A7966CADC7
:107E10007DAD8EAD9FADA7970E940BF26D837E83E3
:107E20008F839887A7019601AB966CAD7DAD8EAD23
:107E30009FADAB970E940BF269877A878B879C87EF
:107E4000A7019601E3966CAD7DAD8EAD9FADE39736
:107E50000E940BF26D877E878F87988B04EE19E066
:107E60006D96EEADFFAD6D97C190D190E190F19020
:107E70006D96FFAFEEAF6D9720E030E0A901C7012E
:107E8000B6010E949CFA87FF04C0F7FAF094F7F855
:107E9000F09426EA3BE944EC5AE3C701B6010E949C
:107EA0009CFA18162CF5D8016D917D918D919C91BD
:107EB0000E94AAF14B015C0163962CAD3DAD4EAD25
:107EC0005FAD6397C701B6010E940BF2A501940153
:107ED0000E949CFA181664F4A7019601C501B4012A
:107EE0000E9451F963966CAF7DAF8EAF9FAF6397E1
:107EF0000C5F1F4F6D96EEADFFAD6D972E163F06D2
:107F000009F0AECFE996AEADBFADE9971496CD902E
:107F1000DD90ED90FC90179720E030E0A901C701BB
:107F2000B6010E94A6F1882309F4E5C363962CAD3F
:107F30003DAD4EAD5FAD6397C701B6010E940BF238
:107F40001B018C01A3962CAD3DAD4EAD5FADA3974B
:107F5000CA01B9010E940BF26B017C019B01AC01CB
:107F6000AC966FADAC97EE967FADEE97CF57DF4FE7
:107F70008881C158D040CB57DF4F9881C558D04039
:107F80000E94A6F187FF10C0AC96CFACAC97EE96DE
:107F9000DFACEE97CF57DF4FE880C158D040CB57CA
:107FA000DF4FF880C558D0409101A801B601C70144
:107FB0000E949CFA181614F46101780180E1FE0118
:107FC0007196A7E0B7E101900D928A95E1F764966A
:107FD0002FAD649724963FAD249728964FAD2897F0
:107FE00068965FAD6897B601C7010E94A6F187FF4A
:107FF0000CC06496CFAC64972496DFAC2497289687
:10800000EFAC28976896FFAC689783E62D96EEADA7
:10801000FFAD2D978E9F80018F9F100D1124F801C9
:10802000E55BF14FC601D70185879687A787B08B9F
:1080300064968FAD649724969FAD24972896AFAD34
:1080400028976896BFAD689785839683A783B08786
:1080500081879287A387B487DF01AE5BBF4F1D92F4
:108060001D921D921C921397808181608083C75757
:10807000DF4F288139814A815B81C958D0402093E4
:108080008717309388174093891750938A17C756DC
:10809000DF4F88819981AA81BB81C959D0408093E3
:1080A0003B0E90933C0EA0933D0EB0933E0EC356F4
:1080B000DF4F288139814A815B81CD59D04020939F
:1080C0003F0E3093400E4093410E5093420ECF55D9
:1080D000DF4F88819981AA81BB81C15AD0408093AA
:1080E000430E9093440EA093450EB093460EC35793
:1080F000DF4F288139814A815B81CD58D040209360
:10810000470E3093480E4093490E50934A0EE15B60
:10811000FF4FA091B10934E0A39FD0011124A25ACE
:10812000B44F8D919D910D90BC91A02D8083918332
:10813000A283B38380912B0E90912C0EA0912D0ED3
:10814000B0912E0E89839A83AB83BC8380912F0ECE
:108150009091300EA091310EB091320E8D839E839E
:10816000AF83B8878091330E9091340EA091350E75
:10817000B091360E89879A87AB87BC878091370E7E
:108180009091380EA091390EB0913A0E8D879E874E
:10819000AF87B88BCE0101960E947A92D801A25681
:1081A000B14F80E1FE01319601900D928A95E1F781
:1081B00080E1FE01F196ABE2BEE001900D928A955E
:1081C000E1F79091290E80912A0E981303C084E65E
:1081D0008093270ECB55DF4F0881C55AD0400093BE
:1081E000290EE996AEADBFADE9971896FC901897A9
:1081F00019960C9119971A961C911A971B96EC9048
:1082000064962FAD649724963FAD249728964FAD82
:10821000289768965FAD68976F2D702F812F9E2DE0
:108220000E949CFA181664F46496FFAE6497249634
:108230000FAF249728961FAF28976896EFAE6897E0
:108240001091290E112309F45DC31150D090280E0E
:10825000F12CE12C03E61D1509F4BBC0612E712C35
:10826000069DF001079DF00D1124E55BF14F808123
:1082700082FD71C3E114F10421F0F701808180FFD8
:10828000A8C0069DF001079DF00D1124E55BF14F9C
:10829000258036804780508425852C962FAF2C97DB
:1082A00036856C963FAF6C978784408960964FAF58
:1082B0006097482D60965FAD6097C201B1010E9442
:1082C000A6F1882309F485C0E114F10409F41CC364
:1082D000D7011596CC9015971696BC9016971796C1
:1082E000AC9017971896FC90069DC001079D900DC5
:1082F0001124FC01E55BF14FA196FFAFEEAFA19712
:10830000618D728D838D948D90589B01AC010E947C
:1083100075F8A196AEADBFADA19751962D913D9147
:108320004D915C9154970E940BF29B01AC016C2D16
:108330007B2D8A2D9F2D0E9474F8962EA72EB82E85
:10834000C92E262F372F482F592F2C966FAD2C97DB
:108350006C967FAD6C97882D60969FAD60970E945C
:10836000A6F187FDDEC2292D3A2D4B2D5C2DC201D1
:10837000B1010E94A6F1882361F1069DF001079DDD
:10838000F00D1124E55BF14F8081816080832091A5
:10839000AF093091B0098091AF099091B00982176F
:1083A000930709F0C9C2109FC0011124FC01E55BCD
:1083B000F14F7F01069DC001079D900D1124E2172A
:1083C000F30709F0BBC2FC01E55BF14F80818E7FB2
:1083D0008083C0902A0EB091290EA896BFAFA897AF
:1083E000B12C6C961FAE6C97212C312CF12CE12C0A
:1083F000A896EFADA897EC1509F4BDC38C2C912C71
:10840000F3E6CF9EC00111248C01055B114F2D9620
:108410001FAF0EAF2D97D8018C9182FDA7C38C9111
:1084200080FF16C0E114F10409F0A6C219966D91FF
:108430007D918D919C911C97F8016583768387834C
:1084400090870E94E2FAB62E6C967FAF6C971C0163
:108450008C2D0E94BE87C82E2D96EEACFFAC2D97BA
:10846000C7CF2091200A3091210A4091220A5091D1
:10847000230AFFC881149104A104B10409F43FC088
:108480006091B6097091B7098091B8099091B909C6
:108490006C157D058E059F0590F50E94AAF16396E7
:1084A0002CAD3DAD4EAD5FAD63970E940BF26B9668
:1084B0006CAF7DAF8EAF9FAF6B97C501B4010E94CB
:1084C000AAF19B01AC016B966CAD7DAD8EAD9FADFD
:1084D0006B970E9451F94B015C01C701B6010E94E4
:1084E000AAF19B01AC01C501B4010E94A6F187FF6E
:1084F00006C0C501B4010E94BEF96B017C012B9638
:108500002CAD3DAD4EAD5FAD2B97232B242B252BF2
:10851000D9F16091BA097091BB098091BC09909121
:10852000BD096C157D058E059F0570F50E94AAF1A9
:1085300063962CAD3DAD4EAD5FAD63970E940BF2DF
:108540004B015C012B966CAD7DAD8EAD9FAD2B9735
:108550000E94AAF19B01AC01C501B4010E9451F92E
:108560004B015C01C701B6010E94AAF19B01AC015D
:10857000C501B4010E94A6F187FF06C0C501B40180
:108580000E94BEF96B017C01AF968CAD9DADAEAD86
:10859000BFADAF97892B8A2B8B2BD9F16091BE0988
:1085A0007091BF098091C0099091C1096C157D053A
:1085B0008E059F0570F50E94AAF163962CAD3DAD26
:1085C0004EAD5FAD63970E940BF24B015C01AF961D
:1085D0006CAD7DAD8EAD9FADAF970E94AAF19B01B2
:1085E000AC01C501B4010E9451F94B015C01C70106
:1085F000B6010E94AAF19B01AC01C501B4010E9421
:10860000A6F187FF06C0C501B4010E94BEF96B0147
:108610007C0167960CAD1DAD2EAD3FAD6797012B6C
:10862000022B032B09F414C96091C2097091C3098C
:108630008091C4099091C5096C157D058E059F0533
:1086400008F006C90E94AAF163962CAD3DAD4EAD6F
:108650005FAD63970E940BF24B015C0167966CADB6
:108660007DAD8EAD9FAD67970E94AAF19B01AC01D5
:10867000C501B4010E9451F94B015C01C701B6016B
:108680000E94AAF19B01AC01C501B4010E94A6F1B0
:1086900087FFDEC8C501B4010C94B6BAA3019201EC
:1086A000A7966CAD7DAD8EAD9FADA7970E940BF2E6
:1086B000698B7A8B8B8B9C8BA3019201AB966CADF3
:1086C0007DAD8EAD9FADAB970E940BF26D8B7E8B17
:1086D0008F8B988FA3019201E3966CAD7DAD8EAD2B
:1086E0009FADE3970E940BF2698F7A8F8B8F9C8FDF
:1086F000A3019201F7C92FEE3FEF4FE75FEBC301F4
:10870000B2010E94A6F187FF08C05FEE452E5524F6
:108710005A945FE7652E5FEB752EA301920160E02E
:1087200070E080E89FE30E9474F820E030E040E0D1
:108730005FE30E940BF20E94E2FA6B017C01209140
:10874000B2093091B3094091B4095091B5096396CB
:108750006CAD7DAD8EAD9FAD63970E940BF2A7010E
:1087600096010E940BF24B015C01A701960160E0AB
:1087700070E080E89FE30E9474F89B01AC01C501A2
:10878000B4010E9451F91B018C0120E030E040E867
:108790005FE3ED966CAD7DAD8EAD9FADED970E9424
:1087A000A6F187FFCFCB23EF34E045E35FEBC301B6
:1087B000B2010E94A6F187FFC5CB20E030E0A901FD
:1087C000C301B2010E94A6F1C12CD12C40E8E42ED5
:1087D0004FEBF42E87FD06C0C12CD12C30E8E32EE0
:1087E0003FE3F32EA7019601C301B2010E940BF2F1
:1087F0004B015C0129E539ED40E053E30E94A6F10D
:1088000087FD63C0A501940160E070E080E89FE30C
:108810000E9474F820E030E040E057E40E940BF240
:108820000E94BEF9CB010E9462F80197880F991F40
:10883000880F991FFC01E752F14D25913591459123
:108840005491FC01E756F14D459055906590749018
:10885000C501B4010E940BF2A30192010E9475F8B8
:108860004B015C0120E030E0A901C701B6010E9484
:108870009CFA181654F4A50194016BED7FE089E48D
:1088800090E40E9474F84B015C0163962CAD3DAD01
:108890004EAD5FAD6397ED966CAD7DAD8EAD9FAD8A
:1088A000ED970E940BF2A50194010E9451F96B0112
:1088B0007C019B01AC01B101C8010E949CFA181611
:1088C0000CF040CB160187013DCB90E080E0AECFAD
:1088D00064962FAC649724963FAC249728960FADEE
:1088E000289768961FAD68972DCB6496CFAC649798
:1088F0002496DFAC24972896EFAC28976896FFACB7
:1089000068975CCB1FE0A2CC6496CFAC64972496AA
:10891000BFAC24972896AFAC28976896FFAC6897B1
:10892000E3CC2C969FAC2C976C96AFAC6C97B82C84
:108930006096CFAC609721CD9C012DCD855B914F8A
:10894000492D5A2D6B2D7C2DDC0115964D935D9391
:108950006D937C931897112369F011508D2DD09051
:10896000280ED81609F477CC811709F432CD0E946D
:10897000BE87F5CF1FE0F2CFD7018C9181608C9339
:108980008091AF099091B0092091AF093091B00961
:108990002817390789F5B3E6B89DF001B99DF00DA8
:1089A0001124E55BF14FA184D28403851485E81678
:1089B000F90621F58A2D9D2DD80185839683A783FD
:1089C000B087EE5BFF4F80819181A281B381892BBB
:1089D0008A2B8B2B61F4D701AA5BBF4F8D919D91A0
:1089E0000D90BC91A02D80839183A283B383D70186
:1089F0008C918E7F8C932CCDC901C6CF458056803B
:108A0000678070842A2D3D2DA801C301B2010E9408
:108A1000A6F1882309F487C0D70115962D913D91C1
:108A20004D915C91189763962CAF3DAF4EAF5FAF01
:108A30006397C301B2010E949CFA18160CF063C040
:108A4000F701618D728D838D948D90589B01AC01DF
:108A50000E9475F8D70151962D913D914D915C91F1
:108A600054970E940BF29B01AC0163966CAD7DADF7
:108A70008EAD9FAD63970E9474F860966FAF60975C
:108A8000A0967FAFA097E8968FAFE897A4969FAF88
:108A9000A4979B01AC01C301B2010E949CFA181675
:108AA00094F52A2D3D2DA80160966FAD6097A09694
:108AB0007FADA097E8968FADE897A4969FADA49759
:108AC0000E94A6F187FD0CC06096AFAC6097A0969F
:108AD000DFACA097E8960FADE897A4961FADA497DA
:108AE000B3E6B89DF001B99DF00D1124E55BF14F9F
:108AF0008A2D9D2DD80185839683A783B08785878E
:108B00009687A787B08B03E6089DF001099DF00DBD
:108B10001124E55BF14F85819681A781B08581871E
:108B20009287A387B48713E6189DF001199DF00D75
:108B30001124E55BF14F65817681878190850E94E4
:108B4000E2FA4B01A82ED92E8B01282F392F4B2D5D
:108B50006C965FAD6C97B101C7010E943186B82C4D
:108B60006C969FAE6C972A2C3D2C41CF2D96FFAE74
:108B7000EEAE2D976DCCE114F10401F1F701808187
:108B800080FF1CC064966FAD649724967FAD2497D8
:108B900028968FAD289768969FAD68970E94E2FA55
:108BA0008B019C014B2D6C965FAD6C97B101C70199
:108BB0000E943186D7018C918E7F8C930E94612B0D
:108BC00081E0CB55DF4F0FB6F894DEBF0FBECDBFAF
:108BD000DF91CF911F910F91FF90EF90DF90CF9099
:108BE000BF90AF909F908F907F906F905F904F90CD
:108BF0003F902F90089580E0E4CFE090280AF09015
:108C0000290A00912A0A10912B0A0C945EB89091BF
:108C10007B1590FF06C09091C00095FFFCCF80931C
:108C2000C60090917B1591FF06C09091C80095FFFA
:108C3000FCCF8093CE000895CF93DF9300D01F9296
:108C4000CDB7DEB7611104C06091E403662371F013
:108C50001C821B82898381E08A836B8344E0BE018E
:108C60006F5F7F4F80EA90E00E9418240F900F9072
:108C70000F900F90DF91CF9108958EE794E1FC0162
:108C800001900020E9F7CF018E5B9441813C9F4722
:108C900060F4EEE7F4E18FE390E027AD207C20382C
:108CA00039F082589B4EFC0110828EE794E10895C2
:108CB000019731978F3F980781F7F7CF1F93CF9395
:108CC000DF93FC0120812B3309F447C02091590226
:108CD000243008F042C0C42FD62FBC0180915B0223
:108CE00012E6819FC0011124845A9D4F0E9486FB89
:108CF00020915B02822F90E0189FF001199FF00DE8
:108D00001124DF01A454BD4FDC93E354FD4FC08315
:108D1000880F991F880F991FFC01E25AF44F809128
:108D20006E0B90916F0BA091700BB091710B8083C3
:108D30009183A283B3832F5F243060F420935B027E
:108D4000809159028F5F8093590281E0DF91CF912A
:108D50001F91089510925B02F3CF80E0F7CFEF925E
:108D6000FF920F931F93CF93DF93CDB7DEB7649736
:108D70000FB6F894DEBF0FBECDBF7C01FB01608152
:108D80007181828193818E010F5F1F4F22E041E04C
:108D90000E94D2ECF70101900020E9F79F012150D9
:108DA00031092E193F092233310550F443E350E0D5
:108DB000421B530BBC01C701820F931F0E94EFF0AF
:108DC000C70164960FB6F894DEBF0FBECDBFDF912A
:108DD000CF911F910F91FF90EF9008958F929F92E6
:108DE000AF92BF92EF92FF921F93CF93DF93CDB7D5
:108DF000DEB7A0970FB6F894DEBF0FBECDBF6115EA
:108E000071058105910589F120E04AE0842E912CBD
:108E1000A12CB12C11E0120FEE24E394F12CEC0EF6
:108E2000FD1EE20EF11C27FDFA94A50194010E949B
:108E3000D0F7F7016083B901CA01212F61157105CF
:108E40008105910539F7115008F1E1E0F0E0EC0FF0
:108E5000FD1FE10FF11D17FDFA95908187E39A3010
:108E600008F480E3890FD3DEEECF80E3A0960FB63F
:108E7000F894DEBF0FBECDBFDF91CF911F91FF9061
:108E8000EF90BF90AF909F908F90C1CEA0960FB6FD
:108E9000F894DEBF0FBECDBFDF91CF911F91FF9041
:108EA000EF90BF90AF909F908F900895CF92DF92F8
:108EB000EF92FF926B017C01F7FE0AC0F094E09400
:108EC000D094C094C11CD11CE11CF11C8DE29FDE2A
:108ED000C701B601FF90EF90DF90CF907FCF41E0C8
:108EE00060E00C940B9780917B1580FF04C09091FB
:108EF000C10A9093C20A81FF04C080913F0A809307
:108F0000400A08958F929F92AF92BF92CF92DF92C4
:108F1000EF92FF92CF936B017C01B42E20E030E002
:108F2000A9010E94A6F187FF06C08DE270DEF7FA64
:108F3000F094F7F8F094C0E060E070E080E09FE328
:108F4000CB1541F02DEC3CEC4CEC5DE30E940BF2B8
:108F5000CF5FF6CFA70196010E9475F86B017C01E7
:108F60000E94BEF94B015C0139DFCC2361F1C501E0
:108F7000B4010E94AAF19B01AC01C701B6010E9495
:108F800074F86B017C018EE242DEC150E0F020E01B
:108F900030E040E251E4C701B6010E940BF26B01E0
:108FA0007C010E94BEF94B015C0118DFC501B401D0
:108FB0000E94AAF19B01AC01C701B6010E9474F89E
:108FC0006B017C01E2CFCF91FF90EF90DF90CF90CB
:108FD000BF90AF909F908F900895CF93DF93CDB7C0
:108FE000DEB760970FB6F894DEBF0FBECDBFEFE2DD
:108FF000FAE080819181A281B38189839A83AB83D6
:10900000BC8384819581A681B7818D839E83AF8344
:10901000B88780859185A285B38589879A87AB8734
:10902000BC8784859585A685B7858D879E87AF8704
:10903000B88BCE0101960E947A9249815A816B8148
:109040007C818FE59FE20E94942B4D815E816F8130
:1090500078858BE59FE20E94942B49855A856B8524
:109060007C8587E59FE20E94942B4D855E856F8508
:10907000788983E59FE20E94942B60960FB6F8945E
:10908000DEBF0FBECDBFDF91CF9108958F929F922B
:10909000AF92BF92CF92DF92EF92FF920F931F9306
:1090A000CF93DF93B4E4A0E06A2F70E0AB014B0FE5
:1090B000511D55954795411119C0ECEDF9E26591A7
:1090C0007491072E000C880B990B0E94ACF1DF9174
:1090D000CF911F910F91FF90EF90DF90CF90BF90B5
:1090E000AF909F908F900895B42FE0CF4A1711F062
:1090F000B41303C0E8EEFAE2E2CF9A01215031093D
:10910000220F331F220F331FF901E652F64DE5906F
:10911000F490F901E252F64DC591D4918E159F0558
:1091200018F3A42FC817D90708F4BECFF901E452E9
:10913000F64D05911491F901E052F64DC590D49089
:109140008E199F09BC0190E080E00E94AAF14B01BA
:109150005C01B601601B710B072E000C880B990B8C
:109160000E94ACF19B01AC01C501B4010E940BF25D
:109170004B015C01CE19DF09BE0190E080E00E9446
:10918000AAF19B01AC01C501B4010E9451F96B0128
:109190007C01B801110F880B990B0E94ACF19B0167
:1091A000AC01C701B6010E9475F891CFCF92DF9252
:1091B000EF92FF920F931F93CF93DF93CDB7DEB75C
:1091C00060970FB6F894DEBF0FBECDBFFC016A01F9
:1091D0007B01890190E1DE01119601900D929A9533
:1091E000E1F7CE0101960E942A858091DA099091DB
:1091F000DB09892BB1F49801B701A601CE010196D4
:109200000E946CB460960FB6F894DEBF0FBECDBF5F
:10921000DF91CF911F910F91FF90EF90DF90CF9052
:10922000089580E0EFCFCF93DF9390912A0E809145
:10923000290E891738F0891B8F3031F480E00E94A5
:109240001F39F3CF805FF7CF8091290E0E94BE8730
:10925000A091290E93E6A99FD0011124FD01E55BA1
:10926000F14FEF0119929A95E9F7908194609083FC
:10927000A859B14F90E1EBE3FEE001900D929A9571
:10928000E1F72091290E90912A0E291303C094E64C
:109290009093270E8093290EDF91CF910C94612B30
:1092A000CF93DF93CDB7DEB760970FB6F894DEBFEC
:1092B0000FBECDBF80E1EFE2FAE0DE011196019032
:1092C0000D928A95E1F7CE0101960E942A85CE0182
:1092D00001960E943E8360960FB6F894DEBF0FBEE3
:1092E000CDBFDF91CF910895DF92EF92FF920F9360
:1092F0001F93CF93DF931F92CDB7DEB78C01D42E8F
:109300007C01E60EF71E8091AD099091AE090E9496
:10931000ABF78983DD2011F0F8018083CE0101963F
:109320000E94CAB38091AD099091AE0901969093C5
:10933000AE098093AD090F5F1F4F0E151F0519F77A
:1093400080E00F90DF91CF911F910F91FF90EF90F0
:10935000DF90089590E0FC01E75CF14D24918D5081
:10936000924DFC018491882399F090E0880F991F19
:10937000FC01E752F24DA591B491FC01E154F24D8C
:10938000859194918FB7F894EC91E22BEC938FBF79
:109390000895CF92DF92EF92FF92CF936B017C0101
:1093A000AC019B016091A9097091AA098091AB0958
:1093B0009091AC090E94A6F1882309F457C0C0918E
:1093C000A80980E00E944B2820E030E0A901C701F5
:1093D000B6010E949CFA18161CF0C12CD12C760103
:1093E000C092A909D092AA09E092AB09F092AC0907
:1093F0002DEB37E346E855EBC701B6010E949CFA16
:1094000087FD0AC02DEB37E346E855E3C701B601F7
:109410000E94A6F1181634F5A701960160E070E0ED
:1094200080E89FE30E9451F96093A4097093A50915
:109430008093A6099093A70980EF9FEFA9E7B4EC6A
:109440008093A0099093A109A093A209B093A309C6
:10945000CC2361F081E0CF91FF90EF90DF90CF902F
:109460000C944B2860E070E0CB01DECFCF91FF90F1
:10947000EF90DF90CF9008950E94103881111BC0AB
:109480000E942D38882369F08091430B811106C01A
:1094900082E999E040E061E00C940B9783E49BE063
:1094A000F9CF80919F09813049F081E99DE241E047
:1094B0006FEF0C94409782EB9DE2F9CF86EA9DE234
:1094C000F6CFCF93E0915A024E2F50E092E6E99FFB
:1094D000F0011124E354FD4F20812830D8F4C091CD
:1094E0007B1581E001C0880F2A95EAF780937B15F0
:1094F000949FF001959FF00D1124E454FD4F80815D
:10950000811106C08EE89DE20E947E2B0E94AA2B4C
:10951000C0937B15CF91089581508A3090F5E82F44
:10952000880FFF0B8827E856F5438F4F0C945AF8A5
:10953000A2CAA9CAACCAAFCAA6CAB2CABECAB5CA6A
:10954000B8CABBCA8AE59DE20C94D9978CE49DE227
:10955000FBCF88E39DE2F8CF85E29DE2F5CF88E17D
:109560009DE2F2CF8BE09DE2EFCF8DEF9CE2ECCF5E
:109570008DEE9CE2E9CF80EE9CE2E6CF80ED9CE2AE
:10958000E3CF0895CF93DF9390918C0991110DC093
:10959000EA0140E00E946C2D209719F0CE010E9454
:1095A000482DDF91CF910C94642DDF91CF910895D8
:1095B0004F925F926F927F928F929F92AF92BF92E3
:1095C000CF92DF92EF92FF92CF93DF9300D000D043
:1095D0001F921F92CDB7DEB7DC011496CD90DD90BF
:1095E000ED90FC9017978D909D90AD90BC90E09180
:1095F000250EF091260EFE83ED8384819581A68150
:10960000B78189839A83AB83BC839C01AD01C70179
:10961000B6010E9474F82B013C01AD81BE818D9191
:109620009D910D90BC91A02D8D839E83AF83B887B3
:1096300027E137EB41ED58EBC301B2010E949CFAE0
:1096400087FDD1C023E030E046E953E4C301B20115
:109650000E94A6F118160CF4C6C02D813E814F81E0
:109660005885C501B4010E9474F82B013C0127E123
:1096700037EB41ED58EB0E949CFA87FDB4C023E024
:1096800030E046E953E4C301B2010E94A6F1181686
:109690000CF4A9C020E030E0A9016D817E818F81AA
:1096A00098850E9475F82B013C0120E030E040E2F3
:1096B00051E40E94A6F187FF06C0412C512C30E2F4
:1096C000632E31E4732E27E137EB41ED58E3C301FC
:1096D000B2010E9474F89B01AC01C501B4010E9463
:1096E0009CFA87FD80C020E030E046E953E46D81BC
:1096F0007E818F8198850E9475F82B013C0120E0C6
:1097000030E041E953E40E949CFA181634F4412CED
:10971000512C21E9622E23E4722E27E137EB41ED33
:1097200058E3C301B2010E9475F89B01AC01C50169
:10973000B4010E94A6F118160CF455C020E030E0E8
:10974000A90169817A818B819C810E9475F84B0106
:109750005C0120E030E040E251E40E94A6F187FF86
:1097600006C0812C912C90E2A92E91E4B92E27E11C
:1097700037EB41ED58E3C501B4010E9474F89B0139
:10978000AC01C701B6010E949CFA87FD2CC020E005
:1097900030E046E953E469817A818B819C810E94A3
:1097A00075F84B015C0120E030E041E953E40E9490
:1097B0009CFA181634F4812C912C81E9A82E83E4AC
:1097C000B82E27E137EB41ED58E3C501B4010E9403
:1097D00075F89B01AC01B1E0B983C701B6010E94E5
:1097E000A6F118160CF41982898128960FB6F89400
:1097F000DEBF0FBECDBFDF91CF91FF90EF90DF9026
:10980000CF90BF90AF909F908F907F906F905F9020
:109810004F9008952F923F924F925F926F927F9256
:109820008F929F92AF92BF92CF92DF92EF92FF9270
:109830000F931F93CF93DF93CDB7DEB76A970FB621
:10984000F894DEBF0FBECDBF6D877E878F87988B64
:10985000298B3A8B4B8B5C8B0D8BEA8E4090370AB1
:109860005090380A6090390A70903A0A20E030E04F
:1098700040EA50E4C301B2010E949CFA181634F089
:10988000412C512C40EA642E40E4742E8D859E8537
:10989000AF85B88989839A83AB83BC8389899A8988
:1098A000AB89BC898D839E83AF83B88749865A86EE
:1098B0006B867C86CE0101967BDE882309F46DC120
:1098C000E090250EF090260ED7012D913D914D91FF
:1098D0005C916D857E858F8598890E9474F86E8B6A
:1098E0007F8B888F998F69837A838B839C83F70121
:1098F000248135814681578169897A898B899C8940
:109900000E9474F89B01AC012D833E834F835887DE
:10991000A0904F02B0905002C0905102D0905202DD
:10992000830172016E897F89888D998D0E94738F62
:109930008091000183FD0E94C151809179098111BC
:1099400004C060E081E00E941393C090210ED0908B
:10995000220EE090230EF090240E46015701B7FA34
:10996000B094B7F8B09480917809282E312C3594B2
:1099700027943594279420E030E0A901C701B6016F
:109980000E94A6F187FFD2C0B82DA92DFA2DEB2D8C
:1099900020E030E040E751E46B2F7A2F8F2F9E2F8D
:1099A0000E9475F82B013C012091370A3091380A4A
:1099B0004091390A50913A0A0E94A6F187FF16C0D9
:1099C0000E941552811112C020E030E040E850E4BE
:1099D000C301B2010E942F91811108C020E041E033
:1099E00060E070E080EA90E40E9434900E9415529A
:1099F000182F811128C020E030E040E050E4C5017C
:109A0000B4010E9474F82B013C01C101809590952E
:109A1000817099272AE0289FB001299F700D112499
:109A2000072E000C880B990B0E94ACF19B01AC0136
:109A3000C301B2010E9474F820E030E040E050E43D
:109A40000E942F91182F4090370A5090380A60904A
:109A5000390A70903A0AA701960160E070E080E44C
:109A600090E40E9474F8A30192010E94A6F187FF7E
:109A70009BC0412C512C20EC622E2FE7722E20919E
:109A8000210E3091220E4091230E5091240EC301DD
:109A9000B2010E9475F86B017C01AC019B010E9430
:109AA00024FB811153C0FD89F13068F0F33008F4D4
:109AB00042C0F33041F420E041E060E070E080EA31
:109AC00090E40E9434908A8D833008F44BC020913A
:109AD0007A0930917B0940917C0950917D096D850F
:109AE0007E858F8598890E9475F8AB01BC0185E958
:109AF0009CE20E94942B20917E0930917F09409135
:109B000080095091810969897A898B899C890E9491
:109B100075F8AB01BC0180E99CE20E94942BB7016F
:109B2000A6018BE89CE20E94FB2C1CC0B0E0A0E0E8
:109B3000F0E0E0E02DCF80E00E94B427882319F206
:109B4000C12CD12C90ECE92E9FE7F92E80E00E94E9
:109B5000B4278DEA9CE2C3D90E94A42B8DE99CE234
:109B60000E947E2BC701B6016A960FB6F894DEBF3D
:109B70000FBECDBFDF91CF911F910F91FF90EF905E
:109B8000DF90CF90BF90AF909F908F907F906F901D
:109B90005F904F903F902F900895C12CD12C80EC76
:109BA000E82E8FE7F82EDECF112309F468CF61CFBE
:109BB0006F927F928F929F92AF92BF92CF92DF92DD
:109BC000EF92FF920F931F93CF93DF93CDB7DEB742
:109BD0006C970FB6F894DEBF0FBECDBF782E4A014A
:109BE0005B016801790120E030E0A901C701B801FB
:109BF0000E94A6F1811111C0772019F081E078123E
:109C000091C060E070E88BE395E420E030E040E74D
:109C100052E40E9451F96B017C01072D10E0F8011C
:109C2000E857F34DE491772473941E160CF4712CCD
:109C30006624639420E030E0A901C501B4010E94CC
:109C40009CFA18160CF0612C80E00E94FA8369835C
:109C50007A838B839C8381E00E94FA836D837E8369
:109C60008F83988782E00E94FA8369877A878B873F
:109C70009C8783E00E94FA836D877E878F87988B0D
:109C8000000F111F000F111FE1E0F0E0EC0FFD1FAE
:109C90000E0F1F1FF8011082118212821382CE0153
:109CA00001960E943E83F80180829182A282B38253
:109CB000198A1A8A1B8A1C8A1D8A1E8A1F8A188E74
:109CC000198E1A8E1B8E1C8E8091DA099091DB09F9
:109CD000892B49F49E012F5E3F4FB701A601CE01AB
:109CE00001960E946CB40E942D83761431F080910D
:109CF00077098823E1F0109277096C960FB6F894F3
:109D0000DEBF0FBECDBFDF91CF911F910F91FF90AE
:109D1000EF90DF90CF90BF90AF909F908F907F900B
:109D20006F90089560E070E080E793E46ECF40E0CC
:109D300070E060E08AE79CE20E942D377F928F926C
:109D40009F92AF92BF92CF92DF92EF92FF920F93CA
:109D50001F93CF93DF93762E872E982EA92EC42F94
:109D600080913502882309F47FC0809136028111E9
:109D70007BC0413009F456C0423009F464C0F09011
:109D800037020091380210913902D0913A02B09016
:109D90004302C0904402D0904502E09046022F2D2D
:109DA000302F412F5D2F672D782D892D9A2D0E9400
:109DB000A6F187FD12C02B2D3C2D4D2D5E2D672D5C
:109DC000782D892D9A2D0E949CFAFB2C8601DE2D80
:109DD00018161CF0F72C8401DA2D84E0C89FA0012E
:109DE0001124FA01E15DF54F8F2D902FA12FBD2F8A
:109DF00080839183A283B38347545B4FFA016081D0
:109E0000718182819381DF91CF911F910F91FF909A
:109E1000EF90DF90CF90BF90AF909F908F907F900A
:109E20000C944B8FF0903B0200913C0210913D024C
:109E3000D0913E02B0904702C0904802D0904902B3
:109E4000E0904A02ACCFF0903F02009140021091A6
:109E50004102D0914202B0904B02C0904C02D0908F
:109E60004D02E0904E029BCFB12C80E5C82E93ECC2
:109E7000D92E27E4E22EF12C00E513ECD7EC8FCF9E
:109E8000CF92DF92EF92FF922091D2093091D309C5
:109E90004091D4095091D5090E9451F96B017C0180
:109EA00020E030E0A9010E949CFA181664F4C70172
:109EB000B6010E943BF90E94B9F9CB01FF90EF90E7
:109EC000DF90CF900895C701B6010E94EAF9F3CF61
:109ED000CF92DF92EF920F93CF936C01C62F89E759
:109EE0009CE20E94EB98EE24E39401E021E040E242
:109EF000B60180E291E10E94302321E040E269E76F
:109F00007CE280E491E10E94302321E040E269E7B5
:109F10007CE280E691E10E943023C93F11F0C093BA
:109F200034021092760989EF80937509CF910F91D1
:109F3000EF90DF90CF900895282F30E0F901ED5C8D
:109F4000F34D9491F901E75CF14D44912D50324D60
:109F5000F9012491222309F435C0992311F191507C
:109F60009231F8F4E92FF0E08827E654F0438F4F60
:109F70000C945AF8EBCFEFCFCCCFE3CFE7CFD1CFD4
:109F8000F2CFF8CFFCCF02D006D00AD010D014D038
:109F9000D1CF18D01ED022D0809180008F778093AF
:109FA0008000E22FF0E0EE0FFF1FE154F24DA5918B
:109FB000B4918FB7F894EC91611148C040954E234D
:109FC0004C938FBF0895809180008F7DE8CF809162
:109FD0008000877FE4CF84B58F7784BDE2CF84B5DE
:109FE0008F7DFBCF8091B0008F778093B000D9CF69
:109FF0008091B0008F7DF9CF809190008F77809312
:10A000009000CFCF809190008F7DF9CF809190000C
:10A01000877FF5CF8091A0008F778093A000C1CF7C
:10A020008091A0008F7DF9CF8091A000877FF5CF30
:10A03000809120018F7780932001B3CF8091200100
:10A040008F7DF9CF80912001877FF5CF4E2BB8CF40
:10A050008F929F92AF92BF92CF92DF92EF92FF9238
:10A060006B017C010E94E3B34B015C01C114D1047C
:10A07000E104F104B9F00E94E3B3681979098A098F
:10A080009B09683E73408105910580F321E0C21A67
:10A09000D108E108F10888EE880E83E0981EA11C23
:10A0A000B11CE4CFFF90EF90DF90CF90BF90AF90C6
:10A0B0009F908F9008959F92AF92BF92CF92DF9220
:10A0C000EF92FF920F931F93CF93DF931F92CDB721
:10A0D000DEB78C016C01C60ED71EF12CE12CC01628
:10A0E000D10609F44DC0A090AD09B090AE09F801B9
:10A0F00091908F019982C5010E94ABF7981691F15A
:10A10000692DC5010E94B3F7FFEFEF1AFF0AC701DF
:10A110008F779927892BF9F062E070E080E090E07A
:10A1200097DFC5010E94ABF799818917D9F00E948A
:10A13000A72B8FE79EE20E947E2B81E00F90DF919C
:10A14000CF911F910F91FF90EF90DF90CF90BF9034
:10A15000AF909F90089562E070E080E090E00E94F0
:10A16000AC37DFCFCE0101960E94CAB38091AD0912
:10A170009091AE0901969093AE098093AD09AFCF4F
:10A1800080E0DCCF2FB7F8946091FD167091FE1639
:10A190008091FF16909100172FBF0895EF920F93B3
:10A1A000EE24E39401E020E040E2BC0180E090E393
:10A1B0000E948523E7DF605D7A488F4F9F4F609351
:10A1C000790D70937A0D80937B0D90937C0D0F9198
:10A1D000EF900895CF93DF93CDB7DEB780912E0A2D
:10A1E000811112C09E01275F3F4F4F8158856FE359
:10A1F00070E08EE794E10E946EF18EE794E10E9498
:10A200006B328EE794E1CADFDF91CF910895CF934F
:10A21000DF93EC0184E00E94DA8D81112FC08091E0
:10A220000517909106178C0F9D1F9093061780932A
:10A23000051780918A0990918B09C80FD91FD09377
:10A240008B09C0938A099EDF609386097093870902
:10A2500080938809909389090E94672B882371F065
:10A260008091530290915402019641F4109254024D
:10A2700010925302DF91CF910C94612BDF91CF911B
:10A280000895CF92DF92EF92FF92CF93DF93EC018C
:10A29000BC01990F880B990B0E94ACF12091D20957
:10A2A0003091D3094091D4095091D5090E940BF205
:10A2B0006B017C01CE01ABDFC9E1DEE0A7019601B5
:10A2C000688579858A859B850E9475F86887798776
:10A2D0008A879B87DF91CF91FF90EF90DF90CF909F
:10A2E0000895CF92DF92EF92FF924CDF6B017C01D9
:10A2F00028E5C20E22E0D21EE11CF11C0E942C5463
:10A300008F3FA1F03FDFA7019601261B370B480BBB
:10A31000590BDA01C901181619061A061B0674F33F
:10A3200080E0FF90EF90DF90CF90089581E0F9CF2B
:10A330001F920F920FB60F9211242F933F938F937A
:10A340009F93AF93BF938091FD169091FE16A091BD
:10A35000FF16B09100173091FC1623E0230F2D3724
:10A3600058F50196A11DB11D2093FC168093FD1692
:10A370009093FE16A093FF16B093001780910117DB
:10A3800090910217A0910317B09104170196A11D97
:10A39000B11D8093011790930217A0930317B093F8
:10A3A0000417BF91AF919F918F913F912F910F9083
:10A3B0000FBE0F901F90189526E8230F0296A11D3F
:10A3C000B11DD2CFCF9321E044EB54E06BE975E1AE
:10A3D00080E895E10E9491A8C82F882321F080E8A9
:10A3E00095E10E948A7D8C2FCF9108958BE1EBE956
:10A3F000F5E1A6EBB5E101900D928A95E1F7809128
:10A400008A0D806480938A0D10927F0D8FEF9FEFED
:10A410009093270280932602089580917F0D8823D0
:10A42000F1F02FEF3FEF3093270220932602815067
:10A4300080937F0DEBE9F5E1882351F08150990B72
:10A440002BE1289FF001299FF00D1124EF52FA4EC5
:10A450008BE1A6EBB5E101900D928A95E1F7809131
:10A460007F0D811105C090918A0D906490938A0DA3
:10A4700008950F931F93CF93DF9300D000D01F92C6
:10A48000CDB7DEB79C012F5F3F4F3F832E832FE276
:10A49000FC01208381E08D83CE0106969A83898317
:10A4A00001979C838B8310E00BE180917F0D18173F
:10A4B00058F4109FB00111246F527A4ECE010196CC
:10A4C0000E9439B41F5FF1CF8D818B3558F46FED49
:10A4D00076E1CE0101960E9439B48E819F81019769
:10A4E0009F838E83EE81FF81108227960FB6F894AA
:10A4F000DEBF0FBECDBFDF91CF911F910F910895A9
:10A500001092B40880918A0D8F7780938A0D0E94F3
:10A51000D037882321F08FED96E10C948A7D089541
:10A5200080918A0D84FF04C08460877F80938A0DA8
:10A530000895CF92DF92EF92FF920F931F93CF93E4
:10A54000DF93CDB7DEB7EDB6FEB6DC010D9000208F
:10A55000E9F79D01281B390B285F3F4FEDB7FEB788
:10A56000E21BF30B0FB6F894FEBF0FBEEDBF0DB7A5
:10A570001EB70F5F1F4F9F938F938FEC98E29F93AF
:10A580008F931F930F930E943FF16801F4E0CF0E69
:10A59000D11C0F900F900F900F900F900F90D6013D
:10A5A0008D916D01882349F0082E000C990B0E94B3
:10A5B00043FBF60131978083F2CF6AEC78E2C80161
:10A5C0000E9483F040E450E0B80184E399E00E94E7
:10A5D000EFF00FB6F894FEBE0FBEEDBEDF91CF9147
:10A5E0001F910F91FF90EF90DF90CF900895CF9340
:10A5F0008091760DC1E08823C9F08091770D90910C
:10A60000780D4091720D5091730D6091740D7091A1
:10A61000750DDC01ED91FC910288F389E02D22E7B4
:10A620003BE01995C82F811104C0C0E08C2FCF9159
:10A63000089540915D1750915E1760915F1770917A
:10A6400060174115510561057105B9F08091770DCD
:10A650009091780DDC01ED91FC910288F389E02D59
:10A6600022E73BE01995882301F310925D171092C1
:10A670005E1710925F17109260171092760DD6CF6A
:10A68000CF92DF92EF92FF92CF936B017C01C42FA8
:10A690008091720D9091730DA091740DB091750D14
:10A6A0008C159D05AE05BF0519F1A1DF811107C00D
:10A6B00080E0CF91FF90EF90DF90CF900895809150
:10A6C000770D9091780DDC01ED91FC910088F18976
:10A6D000E02D22E73BE0B701A6011995882341F35D
:10A6E000C092720DD092730DE092740DF092750DC0
:10A6F00081E0CC23F1F28093760DDBCF8F929F9295
:10A70000AF92BF92CF92DF92EF92FF92CF93DF93FF
:10A710009093780D8093770D1092781782E090E0F7
:10A72000A0E0B0E08093611790936217A093631745
:10A73000B09364171092760D10925D1710925E1709
:10A7400010925F17109260178FEF9FEFDC018093DC
:10A75000720D9093730DA093740DB093750D6623D5
:10A7600009F46EC040E060E070E0CB0189DF811148
:10A770000DC0C0E08C2FDF91CF91FF90EF90DF9064
:10A78000CF90BF90AF909F908F9008958091300DA3
:10A790008F7779F780913C0D90913D0DA0913E0D02
:10A7A000B0913F0D84369105A105B10510F3C0901D
:10A7B000380DD090390DE0903A0DF0903B0DC1145A
:10A7C000D104E104F104A9F240E0C701B60158DF69
:10A7D000C82F882371F280917D0B90917E0B81159B
:10A7E000924039F6A091820BAA2319F26091800B56
:10A7F0007091810B6115710509F4BBCF20917F0B1E
:10A80000222309F4B6CFA09373172093651790E025
:10A8100080E030E0E1E0F0E0D82FAF01082E02C088
:10A82000440F551F0A94E2F72417350769F041E0F9
:10A83000480F01968930910579F740936E1799CFAB
:10A84000C12CD12C7601C0CF80936E172091880B3C
:10A850003091890B50E040E02115310541F4209101
:10A86000960B3091970B4091980B5091990B209338
:10A87000661730936717409368175093691746011E
:10A880005701860E971EA11CB11C809274179092DE
:10A890007517A0927617B0927717E091830BF0911D
:10A8A000840BF0937A17E0937917B0E00E940EF8CA
:10A8B000DC01CB01880D991DAA1DBB1D80937B1760
:10A8C00090937C17A0937D17B0937E1725E0EE0F31
:10A8D000FF1F2A95E1F7E150FE4FEF2FFF27E69586
:10A8E0008E0F9F1FA11DB11D80936F17909370173E
:10A8F000A0937117B09372178090850B9090860B80
:10A90000B12CA12C8114910441F48090920B909071
:10A91000930BA090940BB090950BC81AD90AEA0A31
:10A92000FB0AC80CD91CEA1CFB1C04C0F694E79473
:10A93000D794C794DA95D2F7C0926A17D0926B1762
:10A94000E0926C17F0926D1785EFC8168FE0D8066D
:10A95000E104F10420F48CE0809378170ACF80E1C1
:10A9600025EFC2162FEFD206E104F10488F08091A2
:10A970009E0B90919F0BA091A00BB091A10B809387
:10A980007B1790937C17A0937D17B0937E1780E27E
:10A9900080937817EFCE4F925F926F927F928F9253
:10A9A0009F92AF92BF92CF92DF92EF92FF920F935E
:10A9B0001F93CF93DF93EC01423051056105710580
:10A9C00090F480E0DF91CF911F910F91FF90EF9075
:10A9D000DF90CF90BF90AF909F908F907F906F90BF
:10A9E0005F904F90089589859A85AB85BC850196C7
:10A9F000A11DB11D84179507A607B70710F38F890E
:10AA00008031C1F5852E962EA72EBB248B899C897B
:10AA1000AD89BE89880E991EAA1EBB1E2801390168
:10AA20006A017B0141E0C501B4012ADE882349F2B5
:10AA30009F89903181F5DD24EE24FF24F601EE0F8D
:10AA4000FF1FEE58F44F118300839A89923008F467
:10AA5000B9CF4D815E816F817885840E951EA61ECB
:10AA6000B71E80925D1790925E17A0925F17B0920A
:10AA70006017A8CF803209F0A4CF8B899C89AD895B
:10AA8000BE894A015B01E7E0B694A7949794879446
:10AA9000EA95D1F7BFCFE894C7F8DD24EE24FF2470
:10AAA000F601EE0FFF1FEE0FFF1FEE58F44F40822E
:10AAB000518262827382C9CFCF92DF92EF92FF926E
:10AAC0000F931F93CF93DF93FC0181859285A3851C
:10AAD000B4850196A11DB11D84179507A607B70778
:10AAE00050F480E0DF91CF911F910F91FF90EF9094
:10AAF000DF90CF90089587898031A9F5BB27A72FD4
:10AB0000962F852FC388D488E588F6888C0D9D1DE7
:10AB1000AE1DBF1DE9016A017B018F014091720DDD
:10AB20005091730D6091740D7091750D8417950798
:10AB3000A607B70749F5F8018789803161F5B701A4
:10AB4000A601552766277727440F551F4E58544FA7
:10AB5000FA0180819181B0E0A0E088839983AA8383
:10AB6000BB8381E0BFCF803209F0BBCFC388D488DC
:10AB7000E588F688DB01CA01C7E0B695A7959795E9
:10AB80008795CA95D1F7C2CF40E0BC01CD0178DDF1
:10AB90008111D1CFA6CFB701A6014F7755276627E0
:10ABA0007727440F551F440F551F4E58544FFA0135
:10ABB00080819181A281B381BF70CFCF4F925F928C
:10ABC0006F927F92AF92BF92CF92DF92EF92FF92FD
:10ABD0000F931F93CF93DF9300D01F92CDB7DEB7B3
:10ABE0008C0149835A836B837C835901C12CD12CFE
:10ABF0007601412C82E0582E612C712C49815A81BA
:10AC00006B817C819E012F5F3F4FC80155DF8823F8
:10AC100019F1F8018585A301920104C0220F331FA9
:10AC2000441F551F8A95D2F7DA01C901C80ED91EF3
:10AC3000EA1EFB1E49815A816B817C8187898031A4
:10AC4000F1F481E0483F5F4F61057105B8F2F5010D
:10AC5000C082D182E282F3820F900F900F900F900A
:10AC6000DF91CF911F910F91FF90EF90DF90CF90E8
:10AC7000BF90AF907F906F905F904F90089581E06C
:10AC8000483F5F4F6F4F7F4008F4B8CFE0CFCF937E
:10AC9000DF93EC018B81882341F1898187FF22C0FA
:10ACA00061E0CE010E94937DFC01892BF1F080814F
:10ACB000853ED9F08B81823040F489899A89AB89AD
:10ACC000BC89848F958FA68FB78F8D899E89938F2E
:10ACD000828F8D899E89AF89B88DB58BA48B898130
:10ACE0008F778983DF91CF9182CC81E0888380E068
:10ACF000DF91CF9108958FED96E1C9DF8FED96E159
:10AD00000E948A7D80918A0D8D7F8E7F80938A0D2F
:10AD10001092860D1092870D1092880D1092890D59
:10AD200008958F929F92AF92BF92CF92DF92EF924F
:10AD3000FF920F931F93CF93DF93EC018B818111CF
:10AD40000EC080E0DF91CF911F910F91FF90EF90A7
:10AD5000DF90CF90BF90AF909F908F90089509891A
:10AD60001A892B893C89041715072607370748F3EA
:10AD70004A015B01823031F488869986AA86BB86B7
:10AD800081E0E0CF81149104A104B10449F4188654
:10AD900019861A861B861C821D821E821F82F0CF96
:10ADA000088519852A853B85E98DFA8D858590E092
:10ADB0000996B901A8014150510961097109082E8C
:10ADC00004C076956795579547950A94D2F7750113
:10ADD0006401E1E0CE1AD108E108F10804C0F6945C
:10ADE000E794D794C7948A95D2F7C416D506E60699
:10ADF000F70620F0012B022B032B09F58D899E8984
:10AE0000AF89B88D8C839D83AE83BF838E010C5F29
:10AE10001F4FC114D104E104F10409F4ADCF4C81FA
:10AE20005D816E817F819801898D9A8D45DE91E0EB
:10AE3000C91AD108E108F1088111EBCF82CFC41AF9
:10AE4000D50AE60AF70AE2CF8F929F92AF92BF929D
:10AE5000CF92DF92EF92FF920F931F93CF93DF93E6
:10AE600000D01F92CDB7DEB7FC018381813091F015
:10AE700080E00F900F900F900F90DF91CF911F9176
:10AE80000F91FF90EF90DF90CF90BF90AF909F9089
:10AE90008F900895818181FFEBCF81899289A38969
:10AEA000B489892B8A2B8B2B09F45BC07F0140E08E
:10AEB00050E0BA01CF0135DF8823D1F2F701C18C10
:10AEC000D28C85889688A788B08C82E090E0A0E03C
:10AED000B0E0F60180839183A283B3839E012F5F4C
:10AEE0003F4FB501A401C601E7DD882309F4C0CFB7
:10AEF00000E010E09801B501A401C6014CDD8823F3
:10AF000009F4B6CF89809A80AB80BC80F60187892E
:10AF10008031F1F4F8EF8F16FFEF9F06A104B10422
:10AF2000E8F2F701158A168A178A108E118A128A9A
:10AF3000138A148A818180688183C701A8DE8823EF
:10AF400009F496CF40E050E0BA01C701EADE91CFA4
:10AF500088EF88168FEF9806A8068FE0B80608F7E6
:10AF6000BDCF81E086CF2F923F924F925F926F923A
:10AF70007F928F929F92AF92BF92CF92DF92EF9289
:10AF8000FF920F931F93CF93DF9300D01F92CDB703
:10AF9000DEB78C014B011A01DC0113968C911397DB
:10AFA000813009F0CEC011968C9181FFCAC082FD1C
:10AFB000B5C06101D80118964D915D916D917C915C
:10AFC0001B97C114D10409F417C159968D919C9116
:10AFD0005A97FC0174802FEF270D2A013B0139E0BD
:10AFE00076946794579447943A95D1F7722E7420CB
:10AFF0007A01F1E0FF22711020C0E114F104E9F4BC
:10B0000014964D915D916D917C9117974115510565
:10B010006105710509F09BC055968D919D910D902C
:10B02000BC91A02D0097A105B10509F0A8C0C801E9
:10B030000E94E67D882309F484C0A12C82E0B82E0A
:10B04000AE18BF08CA14DB0408F45601D80159969B
:10B050004D915C915A9714968D919D910D90BC9154
:10B06000A02D0297A109B109FA01258504C0880F16
:10B07000991FAA1FBB1F2A95D2F74685578560895D
:10B080007189840F951FA61FB71F9C01AD01270D65
:10B09000311D411D511D29013A01A11432E0B306B1
:10B0A00009F07BC08091720D9091730DA091740D89
:10B0B000B091750D481659066A067B0669F4109220
:10B0C000760D8FEF9FEFDC018093720D9093730DDF
:10B0D000A093740DB093750D8091770D9091780DBC
:10B0E000DC01ED91FC910288F389E02D9401B3011C
:10B0F000A2011995882329F1F80180859185A285FF
:10B10000B3858A0D9B1DA11DB11D80879187A287E4
:10B11000B3878A0C9B1CCA18DB084CCFF801418905
:10B1200052896389748980859185A285B385481782
:10B1300059076A077B0709F43CCFC801F2DD81118A
:10B1400038CF81E0D8018C938FEF9FEF6BC09E01C9
:10B150002F5F3F4FB1DC8823A1F389819A81AB81B6
:10B16000BC81F801218D328DF9012789203169F4E4
:10B17000883FFFEF9F07A105B10508F058CFF80100
:10B1800084839583A683B78358CF883F2FEF920798
:10B19000A2072FE0B20798F34ACFE114F10429F592
:10B1A000F801408551856285738581899289A389DB
:10B1B000B489481759076A077B07B8F018DA88235B
:10B1C00009F4BFCF81E08093760D4092720D5092CA
:10B1D000730D6092740D7092750DA501B401C701D5
:10B1E0008E58944F0E9458FB87CF41E0C301B201B3
:10B1F00047DA8111F2CFA5CFF80181899289A3891D
:10B20000B48984179507A607B70738F48181418B65
:10B21000528B638B748B80688183F801818183FDFD
:10B2200018C0C1010F900F900F900F90DF91CF9138
:10B230001F910F91FF90EF90DF90CF90BF90AF9054
:10B240009F908F907F906F905F904F903F902F9046
:10B250000895C8011CDD8111E4CF73CF2F923F9276
:10B260004F925F926F927F928F929F92AF92BF9216
:10B27000CF92DF92EF92FF920F931F93CF93DF93C2
:10B28000EC014B017A018B81811115C08FEF9FEF8B
:10B29000DF91CF911F910F91FF90EF90DF90CF90B2
:10B2A000BF90AF909F908F907F906F905F904F90E6
:10B2B0003F902F900895898180FFE8CF89899A89EE
:10B2C000AB89BC89488559856A857B85841B950B2C
:10B2D000A60BB70BA70170E060E084179507A607DF
:10B2E000B70708F47C0167011E0124E0220E311C1F
:10B2F000C114D10409F4A7C0488559856A857B85A6
:10B300005A0181E0B822898D9A8D2A013B0129E0FA
:10B3100076946794579447942A95D1F72B81FC0132
:10B32000223079F5628D738D848D958D640D751D38
:10B33000861D971D00E012E00A191B09C016D106F0
:10B3400008F486010115E2E01E0771F44090720DC9
:10B350005090730D6090740D7090750D64157505A7
:10B360008605970509F04CC040E08AD9882309F486
:10B370008DCFB5016E58744FA801C4010E9458FBCF
:10B3800051C0148111501421A114B10471F4111190
:10B390000CC0452B462B472B51F58D899E89AF89D3
:10B3A000B88D8C839D83AE83BF83E98DFA8D4C80ED
:10B3B0005D806E807F8022E0421A5108610871082A
:10B3C000858504C0440C551C661C771C8A95D2F7F1
:10B3D00086859785A089B189480E591E6A1E7B1EF5
:10B3E000C301B201610F711D811D911DA3CF4C815D
:10B3F0005D816E817F8191015FDB8111D6CF46CF68
:10B40000A091770DB091780DED91FC911197008886
:10B41000F189E02D9401AB01BC01CD011995882380
:10B4200009F434CF800E911E88859985AA85BB8545
:10B43000800F911FA11DB11D88879987AA87BB879F
:10B44000C01AD10A55CFC70123CFBF92CF92DF9246
:10B45000EF92FF920F931F93CF93DF93EB01FC01C9
:10B460002381223008F49CC0408551856285738514
:10B470004F71552766277727452B462B472B09F019
:10B480008FC08C011092440B1092430BC12CDD2411
:10B49000DA947E01FBE0EF0EF11C8DE0B82E40E265
:10B4A00050E0BE01C801DADE8032910581F021E072
:10B4B000892B09F420E0822F8195DF91CF911F9194
:10B4C0000F91FF90EF90DF90CF90BF90089528816B
:10B4D000222309F467C0253E11F02E3229F4109280
:10B4E000440B1092430BDBCF3B853F733F3009F099
:10B4F00042C04A8D5B8D452B61F52F713FEF320FB6
:10B50000323038F58D85213041F1C81229C02150E3
:10B51000330BB29EC001B39E900D1124DC01AD5BD4
:10B52000B44FFE0120E02B30F0F0468157814F3FB1
:10B53000510519F010F04FE550E04D932F5F329612
:10B540002D3089F7288126FF04C0FC01E05BF44F11
:10B5500010822B8523FDA3CFB0CFC82ED12CD7CFFF
:10B56000DD24D394D4CF253018F044815581DFCF2A
:10B5700041815281DCCFD1100EC0FE0120E020FBC2
:10B58000279527F93191230FEE16FF06C1F7C21652
:10B5900001F3DD24D3941092440B1092430BD9CFC6
:10B5A0008FEF8BCF80E089CF0F931F93CF93DF93E3
:10B5B000FC012381222331F080E0DF91CF911F91A4
:10B5C0000F9108958B01EC01FB018789803139F5DA
:10B5D00082E08B831D8A1E8A1F8A188E808D918D32
:10B5E000B0E0A0E025E0880F991FAA1FBB1F2A9595
:10B5F000D1F7898B9A8BAB8BBC8B1A8F098F81E02B
:10B600008983188619861A861B861C821D821E82D3
:10B610001F82188A1C861D861E861F86CECF80320A
:10B6200059F683E08B83428D538D648D758D4D8BE0
:10B630005E8B6F8B788F9E012F5E3F4FC801BEDA05
:10B640008111DBCFB9CF80918A0D8F7E80938A0DD7
:10B650008FEF9FEF909327028093260280919E1593
:10B66000882321F08BE995E10E948A7D45E360E023
:10B670008FE797E10E94AF7481110CC00E94A72B45
:10B680008EEB98E20E947E2B80918A0D84FF2DC064
:10B690000C94F6D161E08FE797E130D881110DC0AD
:10B6A00060E08FE797E12AD8811107C082E798E22E
:10B6B0000E947E2B8AEA98E2E5CF61E677E18BE98A
:10B6C00095E172DF811107C082E798E20E947E2B2C
:10B6D00089E998E2D7CF80918A0D806180938A0DA5
:10B6E0000E94A72B8DE898E2CDCF80917409882322
:10B6F00031F041E061E08BE798E20C9440970895C7
:10B700000F931F93CF93DF93CDB7DEB7EB970FB6B1
:10B71000F894DEBF0FBECDBF80918A0D84FF3BC081
:10B72000809126029091270297FF26C08BE1E6EBDD
:10B73000F5E1DE01919601900D928A95E1F7CE0137
:10B7400081960E94E17E10E000E0BE016F5F7F4FB6
:10B75000CE0181967ADE18163CF4CE0101960E9445
:10B7600008B4080F111DF1CF109327020093260291
:10B77000CE0181960E94EE278091260290912702A9
:10B78000EB960FB6F894DEBF0FBECDBFDF91CF9121
:10B790001F910F91089590E080E0F2CFEF92FF9219
:10B7A0000F931F93CF93DF93CDB7DEB7EB970FB611
:10B7B000F894DEBF0FBECDBF8C01A2DF98012F5FD2
:10B7C0003F4F82179307B0F19BDF01977C01E01A8E
:10B7D000F10A86EB95E10E94E17E8BE1E6EBF5E173
:10B7E000DE01919601900D928A95E1F710E000E05C
:10B7F000BE016F5F7F4FCE01819627DE181684F45D
:10B80000CE0101960E9408B4882391F3E016F10658
:10B81000F9F4BE016F5F7F4F82E999E00E9423B483
:10B82000CE0181960E94EE27A89581E09091920921
:10B83000911101C080E0EB960FB6F894DEBF0FBE09
:10B84000CDBFDF91CF911F910F91FF90EF900895A1
:10B850000F5F1F4FCDCF0F931F93CF93DF93CDB7C4
:10B86000DEB7EB970FB6F894DEBF0FBECDBF8C01ED
:10B8700086EB95E10E94E17E8BE1E6EBF5E1DE01EE
:10B88000919601900D928A95E1F7BE016F5F7F4F0F
:10B89000CE018196DADD1816A4F4CE0101960E943D
:10B8A00008B4882391F3BE016F5F7F4F82E999E06E
:10B8B0000E9423B462E979E0C8010E9468FB892BE9
:10B8C00021F7CE0181960E94EE27EB960FB6F894F1
:10B8D000DEBF0FBECDBFDF91CF911F910F910895B5
:10B8E000EF92FF921F93CF93DF93C82F7B011091AC
:10B8F0007B158FEF80937B150E94A72BC130C1F081
:10B90000C7EBD9E28BEC99E20E947E2BCE010E941C
:10B910007E2BB70183EC99E20E948C2B0E94AA2B0C
:10B9200010937B15DF91CF911F91FF90EF900895B9
:10B93000CDEBD9E2E7CFBC0189ED98E20E948C2BD8
:10B9400086ED98E20C947E2B2F923F924F925F925D
:10B950006F927F928F929F92AF92BF92CF92DF921F
:10B96000EF92FF920F931F93CF93DF931F921F923B
:10B97000CDB7DEB7382E7B012DB73EB73A8329838A
:10B9800080915517811107C010923A1710923D17F8
:10B9900081E08093551780913217811107C0109272
:10B9A000171710921A1781E080933217DA018C91E1
:10B9B0008F3209F082C08BE995E1F7019183808392
:10B9C0004F5F5F4F311010927F0DF7014080518023
:10B9D0008A012AE3C22E27E1D22E3BE1232E011554
:10B9E0001105B9F16DB67EB66FE270E0C8010E9434
:10B9F0007BFB5C010817190738F5AC01401B510BA4
:10BA000055274F5F5F4F2DB73EB7241B350B0FB641
:10BA1000F8943EBF0FBE2DBF8DB79EB701964C0167
:10BA2000B8010E94EFF0C6010E948A7DD7016D9196
:10BA30007C9121E0A401C6010E9491A8811143C01C
:10BA4000C40179DF10E000E00FB6F8947EBE0FBEAF
:10BA50006DBE3320A9F0D701ED91FC918BE1A6EBEF
:10BA6000B5E101900D928A95E1F791E080917F0D0B
:10BA7000811190E080918A0D90FB86F980938A0D68
:10BA8000C801E981FA810FB6F894FEBF0FBEEDBF81
:10BA90000F900F90DF91CF911F910F91FF90EF903A
:10BAA000DF90CF90BF90AF909F908F907F906F90DE
:10BAB0005F904F903F902F90089586EB95E1D701CE
:10BAC0008D939C9382CFF70180819181481659060E
:10BAD00011F00E948A7DD701CD92DC92332099F03B
:10BAE000A0917F0DAA3078F481E08A0F80937F0DBA
:10BAF0002A9ED0011124AF52BA4EF601822D019038
:10BB00000D928A95E1F7BAE3CB16B7E1DB0669F44B
:10BB100097E1C92E97E1D92E85010F5F1F4F0FB610
:10BB2000F8947EBE0FBE6DBE5ACF8AE3C82E87E161
:10BB3000D82EF2CF1F93CF93DF93CDB7DEB76D979B
:10BB40000FB6F894DEBF0FBECDBF1D8E1C8EAC01AC
:10BB5000BE01645E7F4F80E0F7DE10E00097A9F041
:10BB600019821C826C8D7D8D21E0AC01CE01019685
:10BB70000E9491A8182F882321F0CE0101960E94DF
:10BB80008A7DCE0101960E94EE27812F6D960FB619
:10BB9000F894DEBF0FBECDBFDF91CF911F91089506
:10BBA000EF92FF921F93CF93DF9300D000D000D08D
:10BBB0001F92CDB7DEB780918A0D84FF44DD80915E
:10BBC0008A0D84FF3BC00E94DC27811137C0809121
:10BBD000800D90E08F969F938F9380ED99E29F93D5
:10BBE0008F93CE0101967C019F938F930E943FF12A
:10BBF00080918A0D0F900F900F900F900F900F90E3
:10BC000084FF1CC0C70196DF182F8823B9F00E945B
:10BC1000F6D1C7010E9499D28091800D8F5F8093E9
:10BC2000800D812F2A960FB6F894DEBF0FBECDBFD0
:10BC3000DF91CF911F91FF90EF9008951092800DAA
:10BC400010E0EFCF0E94A72B6091900970919109AD
:10BC50008BE79DE20E948C2B88E79DE20C947E2B63
:10BC60008F929F92AF92BF92EF92FF920F931F938A
:10BC7000CF93DF931F921F92CDB7DEB77C018091E7
:10BC80008A0D84FD03C0C70156DE6BC0613009F424
:10BC90007BC008F473C0623009F4D8C080918A0D6B
:10BCA000877F8B7F80938A0D0E9480D2A701BE017F
:10BCB0006F5F7F4F81E048DE8C01009721F369813F
:10BCC0007A8121E0AC018FED96E10E9491A8882352
:10BCD00009F4C3C08091F0169091F116A091F2166C
:10BCE000B091F3168093820D9093830DA093840DF1
:10BCF000B093850D1092860D1092870D1092880DCD
:10BD00001092890DF0907B158FEF80937B15B80111
:10BD100084E099E20E948C2B8090820D9090830D9C
:10BD2000A090840DB090850D8CEF98E20E947E2B40
:10BD3000C501B4010E94B2270E94AA2B8DEE98E2A1
:10BD40000E947E2BF0927B15C80185DD8091430B0C
:10BD5000882311F003E41BE040E060E0C8010E948A
:10BD60000B970F900F90DF91CF911F910F91FF9044
:10BD7000EF90BF90AF909F908F900895B70182E0B1
:10BD8000AFDD1092810D8ACF0E94D037811104C09F
:10BD9000B70181E0A5DD82CF8091810D882399F0E4
:10BDA0000E94A42B8DE599E20E947E2B81E090E019
:10BDB0000E940B350E94AA2B40E070E060E08CE40A
:10BDC00099E20E942D3789EB98E00E9439D2E091E8
:10BDD000810D84E0E89FF0011124EB54F74F80912E
:10BDE000860D9091870DA091880DB091890D80836B
:10BDF0009183A283B3830E94A72BB70183E399E2C7
:10BE00000E948C2B6091810D89E6689FB0011124FE
:10BE10006754774F88E299E20E948C2B8090860DC0
:10BE20009090870DA090880DB090890D82E299E2E4
:10BE30000E947E2BC501B4010E94B2270E94AA2B4A
:10BE40008091810D8F5F8093810D28CF0E94A72B59
:10BE500082E199E20E947E2B21CFC80115CFCF93BA
:10BE6000DF93EB010E947E2BCE010E942A28DF91F6
:10BE7000CF910C94AA2BEF92FF920F931F93CF9325
:10BE8000DF931F921F92CDB7DEB720918A0D24FF5A
:10BE900033C07C01BC0182E023DD1092810D8091D2
:10BEA0008A0D877F8B7F80938A0D0E9480D2A701A5
:10BEB000BE016F5F7F4F80E047DD8C01C701011538
:10BEC000110521F169817A8126E5A8018FED96E1BE
:10BED0000E9491A88823C9F080918A0D8160809387
:10BEE0008A0DC801B8DCB80185EA99E2B8DF40E004
:10BEF00060E0C8010E940B970F900F90DF91CF91E7
:10BF00001F910F91FF90EF900895C80114DDF4CFB9
:10BF1000CF9390918A0D94FF1EC09091831591113B
:10BF20001AC02AE5811121E0C82F44EB54E06BE9E7
:10BF300075E180E895E10E9491A8811104C084EB2D
:10BF400094E0CF91F8CCC11106C064EB74E085EAAF
:10BF500099E2CF9184CFCF910895FF920F931F93D1
:10BF6000CF93DF93CDB7DEB76D970FB6F894DEBFF2
:10BF70000FBECDBF20918A0D24FF28C0AC01BE01A9
:10BF8000645E7F4F80E0E0DC8C010097F9F06C8DFF
:10BF90007D8D19821C8222E0AC01CE0101960E94A7
:10BFA00091A881111FC0F12CCE0101960E94EE27AD
:10BFB000B801FF2061F187E999E251DF1092860D07
:10BFC0001092870D1092880D1092890D6D960FB604
:10BFD000F894DEBF0FBECDBFDF91CF911F910F91BF
:10BFE000FF900895CE0101960E9424D78823D9F2AC
:10BFF00061E0CE0101960E94937D0097A1F225EEAB
:10C00000FC0120831C820E94F7D2F82ECDCF8FE74F
:10C0100099E20E948C2B8CE799E20E947E2BD6CF6E
:10C020002F923F924F925F926F927F928F929F9248
:10C03000AF92BF92CF92DF92EF92FF920F931F9336
:10C04000CF93DF93CDB7DEB7C655D1090FB6F894BD
:10C05000DEBF0FBECDBF5C017B016DB67EB6BE01FB
:10C060006F5F7F4FC501F1D918160CF069C08C8540
:10C070008871803109F083C08DB69EB610E000E073
:10C08000E114F10439F0F70101900020E9F78F0184
:10C090000E191F09C8010D962DB73EB7281B390B85
:10C0A0000FB6F8943EBF0FBE2DBF8DB79EB7019659
:10C0B0006C01080F191FE114F10439F0B7010E9457
:10C0C00086FB8FE2F80131978083BE016F5F7F4F5F
:10C0D000C8010E9423B41CAE1FAE21E0A801B50127
:10C0E000CE01CC960E9491A88823D9F08BE1FE0165
:10C0F000FC96DE01919601900D928A95E1F7B601CA
:10C10000CE0181968DDFCE0181960E94EE27CE0171
:10C11000CC960E94EE270FB6F8949EBE0FBE8DBE41
:10C120009ECF0E94A72BB8018CEB9CE298DECE013B
:10C13000CC960E94EE270FB6F8949EBE0FBE8DBE21
:10C140000FB6F8947EBE0FBE6DBECA5ADF4F0FB653
:10C15000F894DEBF0FBECDBFDF91CF911F910F913D
:10C16000FF90EF90DF90CF90BF90AF909F908F9017
:10C170007F906F905F904F903F902F900895CE01E9
:10C1800001960E9408B4882309F469CFE114F104F0
:10C1900031F0C7010E942A288FE20E9407C62D8C29
:10C1A0003E8C4F8C58A0BE016F5F7F4F82E999E0B3
:10C1B0000E9423B40E942A2880E20E9407C6C2017E
:10C1C000B1010E94B2270E94AA2B49CF0F931F935F
:10C1D00041E050E0082E02C0440F551F0A94E2F7D8
:10C1E000052E000C660B770B0091DF091091E0091A
:10C1F0002091E1093091E209402B512B622B732BE6
:10C200004093DF095093E0096093E1097093E209DC
:10C210009091DE09891303C081E08093DC091F91AE
:10C220000F9108952F923F924F925F926F927F925B
:10C230008F929F92AF92BF92CF92DF92EF92FF9236
:10C240000F931F93CF93DF93CDB7DEB7CB5AD109AE
:10C250000FB6F894DEBF0FBECDBF2091C114309150
:10C26000C2144091C3145091C414CC55DF4F28839D
:10C2700039834A835B83C45AD0408091C51490911E
:10C28000C614A091C714B091C814C855DF4F888355
:10C290009983AA83BB83C85AD040B090C914A09098
:10C2A000CA143090CB142090CC142091CD1430912E
:10C2B000CE144091CF145091D014C056DF4F288334
:10C2C00039834A835B83C05AD04080917015909126
:10C2D0007115A0917215B0917315C656DF4F888302
:10C2E0009983AA83BB83CA59D0408091791581FF75
:10C2F00005C09091E30998609093E30982FB882739
:10C3000080F980935A0780918A0D87FDF8C281E2F7
:10C3100096E00E94636E00910015109101150115C1
:10C32000110599F080918A0D87FDE9C26BE176E0F5
:10C33000CE0101960E94E21EB801CE0101960E9434
:10C34000F320CE0101960E94356E0091FE141091EB
:10C35000FF14043B110514F404EB10E080918A0DE6
:10C3600087FDCDC265E176E0CE0101960E94E21E16
:10C37000B801CE0101960E94F320CE0101960E94E1
:10C38000356E80918A0D87FDBAC22091D714309105
:10C39000D8144091D9145091DA146B2D7A2D832D35
:10C3A000922D0E9475F84B018C018DE096E00E9461
:10C3B000636E809179156401780180FD04C0CB2CF7
:10C3C000DA2CE32CF22C80918A0D87FD98C2C601ED
:10C3D000D701C057DF4F88839983AA83BB83C05995
:10C3E000D04033E0732ECC56DF4F7882C459D04012
:10C3F00066E076E0CE0101960E94E21EBE01605723
:10C400007F4FCE0101960E94541FCE0101960E94DB
:10C41000356E9401A801B601C7010E94A6F187FFFD
:10C4200026C080918A0D87FD6AC2C401D801C55714
:10C43000DF4F88839983AA83BB83CB58D040C157F1
:10C44000DF4F7882CF58D0406EEF75E0CE01019675
:10C450000E94E21EBE0165577F4FCE0101960E94E9
:10C46000541FCE0101960E94356E640178018091BF
:10C470008A0D87FD44C286EF95E00E94636E87E0D7
:10C48000809378098093450780918A0D87FD37C294
:10C490004090031550900415609005157090061596
:10C4A0008091791583FB882780F9C256DF4F8883F6
:10C4B000CE59D040C156DF4F1882CF59D040C25616
:10C4C000DF4F88809980CE59D04090E3890E911C2F
:10C4D00060EF75E08E010F5F1F4FC8010E94E21EE2
:10C4E000B401C8010E94F320EB964CAE5DAE6EAE77
:10C4F0007FAEEB9721E0EC962FAFEC976AE50E94B8
:10C50000CD1EBE0169587F4F0E94541FC8010E9472
:10C51000356E80918A0D87FDF2C1C601D701CA57D9
:10C52000DF4F88839983AA83BB83C658D04023E01A
:10C53000F22EC657DF4FF882CA58D04069EE75E038
:10C54000C8010E94E21EBE016A577F4FC8010E94C7
:10C55000541FC8010E94356E8091791584FF27C051
:10C5600080918A0D87FDCBC18091FA149091FB14C4
:10C57000A091FC14B091FD14CB56DF4F88839983B2
:10C58000AA83BB83C559D040C756DF4FF882C9592B
:10C59000D04063EE75E0C8010E94E21EBE016B56FA
:10C5A0007F4FC8010E94541FC8010E94356EE09061
:10C5B000FE14F090FF1480918A0D87FB882780F984
:10C5C000E114F10471F081119AC16DED75E0C801BB
:10C5D0000E94E21EB701C8010E94F320C8010E9418
:10C5E000356EE0900215F12C80918A0D87FB88272B
:10C5F00080F9E114F10441F1811181C167ED75E029
:10C60000C8010E94E21E1F921F928AEE94E09F933F
:10C610008F936E01A2E6CA0ED11CDF92CF920E94C8
:10C62000A6FBB601C8010E943A1F63E50E94CD1E19
:10C63000B7010E94F320C8010E94356E0F900F9041
:10C640000F900F900F900F9080918A0D87FD57C12A
:10C650006EEC75E0C8010E94E21ECC55DF4F2881C8
:10C6600039814A815B81C45AD040E6962CAF3DAFF8
:10C670004EAF5FAFE69793E0F92EE796FFAEE797F0
:10C68000BE016E587F4FC8010E94541FC855DF4F2E
:10C69000288139814A815B81C85AD040E1962CAF0C
:10C6A0003DAF4EAF5FAFE197E296FFAEE29769E52F
:10C6B0000E94CD1EBE0163597F4F0E94541FC801C6
:10C6C0000E94356E80918A0D87FD19C18B2D9A2DA0
:10C6D000A32DB22DCF57DF4F88839983AA83BB83C5
:10C6E000C158D040CB57DF4FF882C558D04066ECD8
:10C6F00075E0C8010E94E21EBE016F577F4FC8015E
:10C700000E94541FC8010E94356E80918A0D87FDDA
:10C71000F6C0E090D114D090D21462EC75E0C8015C
:10C720000E94E21EDF92EF928AEE94E09F938F9335
:10C730006E0132E6C30ED11CDF92CF920E94A6FB9F
:10C74000B601C8010E943A1FC8010E94356E80914F
:10C75000D3149091D414909312028093110260919B
:10C76000D5147091D61480E00E94211A80918A0D10
:10C770000F900F900F900F900F900F9087FDBFC0FC
:10C78000C056DF4F88819981AA81BB81C05AD040B1
:10C79000C458DF4F88839983AA83BB83CC57D0408A
:10C7A000C058DF4FF882C058D0406BEB75E0C8012D
:10C7B0000E94E21EBE0164587F4FC8010E94541FB0
:10C7C000C8010E94356E87E0EBEDF4E1ACEDB9E015
:10C7D00001900D928A95E1F78091DE090E94252152
:10C7E0008CE0E2EEF4E1A5E2B9E001900D928A95C9
:10C7F000E1F78CE0EEEEF4E1AAE7B9E001900D92EA
:10C800008A95E1F7809178158093BF1481E0809339
:10C81000CF070E943A3880918A0D87FD70C041E6AB
:10C8200050E066EB75E0C8010E94A0F0D8010D90C1
:10C830000020E9F7CD010197801B910B803691050F
:10C8400050F441E650E0481B590B67E075E1800F5A
:10C85000911F0E94EFF0C8010E94356E80918A0DF1
:10C8600087FD4DC090907415809075157090761569
:10C870006090771561EB75E0C8010E94E21EC35617
:10C88000DF4FB881CD59D040BF93C456DF4FE88108
:10C89000CC59D040EF93C556DF4FF881CB59D040EB
:10C8A000FF93C656DF4F2881CA59D0402F938DEE93
:10C8B000E82E84E0F82EFF92EF92DF92CF920E9452
:10C8C000A6FBB601C8010E943A1F64E50E94CD1E76
:10C8D0005C016F927F928F929F92FF92EF92DF9214
:10C8E000CF920E94A6FBB601C5010E943A1FC80163
:10C8F0000E94356E0FB6F894DEBF0FBECDBFC55592
:10C90000DF4F0FB6F894DEBF0FBECDBFDF91CF91E2
:10C910001F910F91FF90EF90DF90CF90BF90AF905D
:10C920009F908F907F906F905F904F903F902F904F
:10C930000895CF93DF9380E895E10E94EE278FED75
:10C9400096E10E94EE27CFEDD6E16B97CE010E94D3
:10C95000EE2785E1C13DD807C1F786EB95E10E943E
:10C96000EE278BE995E1DF91CF910C94EE27809132
:10C970008A0D847E8B7F80938A0D1092860D109293
:10C98000870D1092880D1092890D1092820D1092D1
:10C99000830D1092840D1092850D1092810D1092CE
:10C9A000800D10927F0DE1EDF5E18EE091E0DF0169
:10C9B0009C011D9221503040E1F780910A018E7F49
:10C9C00080930A0180910B01809581708093090109
:10C9D00010929B1510929E151092B6151092B915D3
:10C9E000108213827B9636E1EF3DF307C9F78DEC99
:10C9F00094E09093801780937F171092811789E1BC
:10CA00008093831710928617109278171092DF1672
:10CA10001092E21681E08093AE0D1092AF0D10924D
:10CA2000B00D1092B10D1092B20D1092B30D109284
:10CA3000B40D1092B50D1092B60D1092B70D109264
:10CA4000B80D1092B90D1092BA0D1092BB0D109244
:10CA5000BC0D1092BD0D1092BE0D1092BF0D109224
:10CA6000C00D1092C10D1092C20D1092C30D109204
:10CA7000C40D1092C50D1092C60D1092C70D1092E4
:10CA8000C80D1092C90D1092CA0D1092910D1092FE
:10CA9000920D1092930D1092940D1092950D10928C
:10CAA0009A0D10929B0D10929C0D10929D0D10925C
:10CAB0009E0D9FEF9093900D1092CC0D1092CB0D88
:10CAC0008091150E883108F0A4C091E0980F9093E2
:10CAD000150E8093160E90E0FC01EE0FFF1FE80F7D
:10CAE000F91FE353F24F88EB9BE09283818389E146
:10CAF0009EE09093260E8093250E1092470E109282
:10CB0000480E1092490E10924A0E1092430E109247
:10CB1000440E1092450E1092460E10923F0E109247
:10CB2000400E1092410E1092420E10923B0E109247
:10CB30003C0E10923D0E10923E0E1092370E109247
:10CB4000380E1092390E10923A0E1092330E109247
:10CB5000340E1092350E1092360E10922F0E109247
:10CB6000300E1092310E1092320E10922B0E109247
:10CB70002C0E10922D0E10922E0E109287171092DE
:10CB800088171092891710928A1710922A0E109205
:10CB9000290E1092280E1092270EEBE4FEE08BE790
:10CBA00094E115AEED59FF4F8E179F07D1F7109204
:10CBB0007B148DE080937D1410927E141092BD142E
:10CBC00080E08E7F8D7F8B7F877F8093BF14109254
:10CBD0008015109283151092DB141092DC141092C1
:10CBE000DD141092DE141092DF141092E0141092F3
:10CBF000E11483E080937B158CE897E190937D1599
:10CC000080937C158BE897E190937F1580937E1538
:10CC100008959093160E6BCFCF93DF93CDB7DEB709
:10CC2000EB970FB6F894DEBF0FBECDBF789484B5F6
:10CC3000826084BD84B5816084BD85B5826085BD18
:10CC400085B5816085BD80916E00816080936E00A6
:10CC50001092810080918100826080938100809198
:10CC60008100816080938100809180008160809349
:10CC700080008091B10084608093B1008091B00009
:10CC800081608093B00080919100826080939100D8
:10CC900080919100816080939100809190008160EB
:10CCA000809390008091A10082608093A100809188
:10CCB000A10081608093A1008091A0008160809399
:10CCC000A000809121018260809321018091210147
:10CCD00081608093210180912001816080932001F7
:10CCE00080917A00846080937A0080917A008260DB
:10CCF00080937A0080917A00816080937A0080919D
:10CD00007A00806880937A001092C100E0909317B7
:10CD100014BE1092C0008091C00082608093C00059
:10CD20001092C50087E08093C4008091C1008061AB
:10CD30008093C1008091C10088608093C100809180
:10CD4000C10080688093C1000E94C2D04B015C0189
:10CD500028EE820E23E0921EA11CB11C8CE897E104
:10CD60000E944B38882309F4D5C01092C8008091E6
:10CD7000C80082608093C8001092CD0080E180934B
:10CD8000CC008091C90080618093C9008091C90066
:10CD900088608093C9008091C90080688093C90031
:10CDA0000E94C2D04B015C0138EE830E33E0931E2B
:10CDB000A11CB11C8BE897E10E944B38882309F431
:10CDC000B9C08FEB9BE20E947E2B809101018061B4
:10CDD0008093010180910201807180930001809114
:10CDE000A0049091A104A091A204B091A30489A3EE
:10CDF0009AA3ABA3BCA3AE014F5D5F4F5BAB4AAB45
:10CE0000CE0185969EA38DA3812CA4E29A2EA4EF39
:10CE1000AA2EB12CEAA9FBA96191FBABEAABCE012A
:10CE200001960E945C388A89811129C189898823E9
:10CE300009F425C1FF85FDA70FEF10E0F23011F0D6
:10CE40000FEF1FEF29813A813DAB2CAB4B815C8109
:10CE50005CA74BA78EE0E4EAF4E0DE015396019074
:10CE60000D928A95E1F7980150E040E0FBE0220F37
:10CE7000331F441F551FFA95D1F7C501B4010E9415
:10CE8000D0F719018FEF281A380A9DA5923009F0C2
:10CE900061C0A1E0A8AFE3E0E9AFAE014D5E5F4F36
:10CEA0005FAB4EAB51E059A781E08AA719AAEFEF1B
:10CEB000F0E0F8A7EFA3EEA9FFA9C190D190FFABD6
:10CEC000EEABC601B0E0A0E0FDA5F23009F447C02A
:10CED00080329105A105B10509F49FC08038910504
:10CEE000A105B10509F499C09601A8EEB3E00E942E
:10CEF00018F89B01AC01C501B4010E94D0F7C9012B
:10CF0000019736952795009761F541E050E05FA7BE
:10CF10004EA72EC00E94C2D0A5019401261B370B3C
:10CF2000480B590BDA01C901181619061A061B0617
:10CF30008CF31BCF0E94C2D0A5019401261B370B96
:10CF4000480B590BDA01C901181619061A061B06F7
:10CF50008CF337CFFAE0F8AF2EE029AF9ECF9801DF
:10CF6000C8011FA70EA78017910710F49FA78EA7CF
:10CF70002115310509F4A0C108ABF12E20173107A6
:10CF800010F428ABF32E2EA53FA52F5F3F4FD601FF
:10CF90000E9418F89B01AC01C501B4010E94D0F7B2
:10CFA00029013BAF2AAF9601A8A9BF2D0E9418F80E
:10CFB0009B01AC01220F331F441F551FC501B40153
:10CFC0000E94D0F7B90189EE281683E0380608F4EC
:10CFD00077C1F10188EE93E0E81BF90B8AAD9BADB8
:10CFE000893E934008F470C1D20188EE93E0A81BFB
:10CFF000B90B693E734008F46BC1C90168EE73E078
:10D00000861B970BAE17BF0720F48A179B0708F003
:10D0100063C18E179F0708F469C149A54F5F49A7EF
:10D02000483009F048CFECA9FDA980818C7F9AA5F2
:10D030009370892B8083EBA5FCA52081FAA58F2F07
:10D0400090E0959587959595879563E0880F991F52
:10D050006A95E1F7277E822BEBA5FCA58083808172
:10D06000887FF9A98F2BEBA5FCA58083FDA5F23065
:10D0700031F0ED85FE852FA138A5318320834DA1A8
:10D080005EA18AA99BA94817590709F0C3CE8091D0
:10D0900001018F7D80930101809102018095807252
:10D0A000809300010E941135809107018D7F80934C
:10D0B0000701809108018095827080930601E0FE4F
:10D0C00004C086EB9BE20E947E2BE1FE04C085EA51
:10D0D0009BE20E947E2BE2FE04C083E99BE20E9459
:10D0E0007E2BE3FE04C082E89BE20E947E2BE5FEDD
:10D0F00004C081E79BE20E947E2B8CE59BE20E94AC
:10D100007E2B0E94A72B88E29BE20E947E2B0E942E
:10D11000A72B80E19BE20E947E2B0E94A72B80918F
:10D120008D1790918E178E010F5F1F4FB8010097DA
:10D1300009F4E5C0681B790B81E09BE20E9417357A
:10D140008AEE9AE20E947E2B80E396E00E94DA3417
:10D150000E94AA2B0E94E7240E943CCA0E9423DB63
:10D160008091FA16811107C00E945BA5882319F0EF
:10D1700081E08093FA16209125093091260940918B
:10D1800027095091280960912F0A7091300A8091E7
:10D19000310A9091320A0E9475F860932F0A7093B9
:10D1A000300A8093310A9093320A209129093091F4
:10D1B0002A0940912B0950912C096091330A7091F2
:10D1C000340A8091350A9091360A0E9475F860936E
:10D1D000330A7093340A8093350A9093360A20916B
:10D1E0002D0930912E0940912F09509130096091FD
:10D1F000370A7091380A8091390A90913A0A0E9450
:10D2000075F86093370A7093380A8093390A9093BF
:10D210003A0A0E942D919D9AA5986D9A75988091D1
:10D220007B14811101C06B9A87ED80937A00109274
:10D230007E0010927D0080917E00826080937E004F
:10D2400080917D00806480937D0080E887BD80911F
:10D250006E00826080936E00E8EEFAE2C590D49092
:10D2600095E0C916D1041CF445E0C42ED12CD0920F
:10D270003102C09230020D2C000CEE08FF08A09085
:10D280002C02B0902D02C5010E9446C82B013C0122
:10D29000C701B6010E94ACF19B01AC01C301B20110
:10D2A0000E94A6F187FF2EC0A0E1AA1AB108B09291
:10D2B0002D02A0922C02E3CF51E058ABF12C63CEAB
:10D2C000C101E8EEF3E088CEC201A8EEB3E08FCE54
:10D2D000B90188EE93E094CE120199AD9AA7A9A561
:10D2E000A9ABEEA5FFA5F8A7EFA397CE1901F8AD5E
:10D2F000FAA729A529AB38A93FA3F8A68ECE635972
:10D3000077411ACFECEDF9E2C590D490E1E0CE1A66
:10D31000D108F5E0CF16F1E0DF0624F034E0C32EAB
:10D32000DD24D394D0923302C09232020D2C000C33
:10D33000EE08FF08A0902E02B0902F02C5010E94B7
:10D3400046C82B013C01C701B6010E94ACF19B010C
:10D35000AC01C301B2010E949CFA181644F420E10A
:10D36000A20EB11CB0922F02A0922E02E3CF8091A8
:10D370002802909129020E943C8020E030E040EA9F
:10D3800050E4E4D787FF0AC08091280290912902D7
:10D3900040979093290280932802E9CF80912A0236
:10D3A00090912B020E943C8020E030E04CED52E452
:10D3B0000E949CFA181654F480912A0290912B0234
:10D3C000409690932B0280932A02E8CF0E945695B4
:10D3D0008098889A0A98129A80910101877F809399
:10D3E0000101809102018095887080930001109264
:10D3F0002309109222090E94049380910701816001
:10D4000080930701809107018860809307018091D4
:10D410000701806880930701859A869A8E9A6C9A94
:10D42000749A8091070180618093070180910801BF
:10D430008095807180930601839A8B9A879A8F9842
:10D440008E9A809178098E7F809378098091070168
:10D4500084608093070180910801847080930601A5
:10D46000749A809178098D7F809378098091070163
:10D470008062809307018091080180728093060189
:10D4800080910801809580718093060180917809D0
:10D490008B7F80937809849A8C988B9A80918000F6
:10D4A0008C7F8093800080918100877E886080934C
:10D4B0008100809180008F73809380008091810033
:10D4C000887F82608093810080E090E4909389005F
:10D4D0008093880010928500109284000E94612B36
:10D4E00078940E9436818091160E883108F041C0F0
:10D4F00090E0FC01EE0FFF1FE80FF91FE353F24F1E
:10D50000808180788760808387E00E94AAC910921A
:10D51000170E1092180E8091160E2CE0622F0E94AA
:10D5200027F890E0829FB001112430E020E0AB01A9
:10D53000420F531FFA01EE0FFF1FE40FF51FE353D5
:10D54000F24F408147FD07C02F5F3F4F2C30310520
:10D5500071F70E945B50E091160E8E2F90E0FC0157
:10D56000EE0FFF1FE80FF91FE353F24F8081806831
:10D57000808386E19EE00E944D386AE570E086E196
:10D580009EE00E947D50109279090E9404930E94AF
:10D59000C1510E948D5180912409882319F10E9464
:10D5A000A75176E9C72ED12CE12CF12CC982DA8261
:10D5B000EB82FC82B80186E90E946351C982DA825B
:10D5C000EB82FC82B80182E80E946351C982DA8250
:10D5D000EB82FC82B80186E90E9463510E948D5162
:10D5E0001092240988E198E20FB6F894A8958093E8
:10D5F00060000FBE909360000E94682D83E08093CE
:10D6000074092DE0322E3AE0432E46EC842E4BE294
:10D61000942E53E0552E60E0662E6CE2762E80E06C
:10D620000E941F3980918A0D87FF1EC01092800DC5
:10D63000877F8B7F80938A0D0E9480D210925B023D
:10D6400010925A02109259020E946B910E94B29558
:10D650000E94258010927C14109231090E94BE27EE
:10D66000909233098092320980917409EDB6FEB62A
:10D6700010E000E0843009F441C0ADB6BEB6609160
:10D6800032097091330910E000E06115710509F06D
:10D6900065C080913409882309F400C1E4E3F9E00E
:10D6A0008F0104531940F190FF2019F03AE0F31272
:10D6B000F7CF0115110559F0F801EC5CF64F108217
:10D6C00084E399E00E942B2680E00E94675981E064
:10D6D000F11001C080E0800F982FE92FF0E0EC5CA2
:10D6E000F64F2081E92FE81BF0E0EC5CF64F208339
:10D6F000222309F46FC09F5FF0CF8C01F801E4533F
:10D70000F44DE491C8010196EE2311F0EA30A9F737
:10D710004DB75EB7481B590B0FB6F8945EBF0FBEEE
:10D720004DBF8DB79EB701966C01A8016CEC7BE2F2
:10D73000E1D4F601E00FF11F10824FEF61E0C60166
:10D740000E945EC60FB6F894FEBE0FBEEDBE8823E3
:10D7500009F493CF5092740990CF8601FB01E00F3A
:10D76000F11F249068019FEFC91AD90A222019F0ED
:10D77000AAE02A12F2CFEDB7FEB7EC19FD090FB6F9
:10D78000F894FEBF0FBEEDBF2DB73EB72F5F3F4FE2
:10D790007901A801C901AED4F701E00FF11F108291
:10D7A000222009F478C08091320990913309C80E83
:10D7B000D91ED0923309C0923209012B31F0C70132
:10D7C0000E942B2680E00E9467590FB6F894BEBED7
:10D7D0000FBEADBE909177098091FB16981709F4A2
:10D7E0001ECF809177098093FB168091770988235B
:10D7F00009F415CF0E94A72B84E29CE20E947E2BA5
:10D800008091770910E280FF0AC080E00E940085C5
:10D81000AB01BC0180E29CE20E94942B18E5809150
:10D82000770900E281FF0AC081E00E940085AB0118
:10D83000BC018CE19CE20E94942B09E58091770960
:10D8400082FFADC082E00E940085AB01BC0188E18F
:10D850009CE20E94942B9AE5F92E0E94AA2B1F921B
:10D8600080E28F931F92FF921F920F931F921F933C
:10D870007F926F9289E09CE29F938F931F920E9408
:10D88000EAD02DB73EB7235F3F4F0FB6F8943EBFA7
:10D890000FBE2DBFC4CED12CC12C8BCF809159028D
:10D8A000882309F497CF80918A0D80FF63C000918F
:10D8B0005A0242E6049F80011124045A1D4F6CEF66
:10D8C0007BE2C80172D4009731F0FC018381805360
:10D8D0008A3008F048C0F80101900020E9F731973C
:10D8E0007F01E01AF10A1092DF166EE470E0C801C1
:10D8F0000E947BFB6C01009739F5F1E0EF1AF1080B
:10D90000F801EE0DFF1D318242821382F801019071
:10D910000020E9F73197AF01401B510BB8018FEDA3
:10D9200096E10E94B3D78091DF16882331F00E94E0
:10D93000A42B82ED9BE20E947E2B80918A0D81FDBB
:10D9400019C00E9461CA18C060E270E00E947BFBAF
:10D950008C010F5F1F4F6AE270E0C6010E947BFBE3
:10D96000FC013197D0CF0E947BD689EE9BE20E94CA
:10D970007E2BE7CF0E94F16F80915902882309F432
:10D9800029CF90915A029F5F943030F490935A02BD
:10D990008150809359021ECF10925A02F9CF80E233
:10D9A000F82E5BCFEF920F931F93CF93DF93E80195
:10D9B00034E047FD34E1042E000C550B57FF03C043
:10D9C000519541955109E32E022F242FAE017BD7AB
:10D9D000CE01DF91CF911F910F91EF9008958F921B
:10D9E0009F92AF92BF92CF92DF92EF92FF920F93EE
:10D9F0001F93CF93DF935C017B016115710519F0D3
:10DA0000DB018D939C9385010F5F1F4FF501D08142
:10DA10008D2F90E067D36C01892BA9F5DD32A9F534
:10DA20000F5F1F4FD5011196DC91C1E05801F1E065
:10DA3000AF1AB10843E050E068E371E0C5019DD33F
:10DA4000892B61F5680182E0C80ED11C45E050E0E9
:10DA500063E371E0C60191D3892B21F4680197E05B
:10DA6000C90ED11CE114F10419F0D701CD92DC925A
:10DA700060E070E080E89FEFC111FAC060E070E004
:10DA800080E89FE7F5C05801BECFDB3229F485015D
:10DA90000E5F1F4FF501D181C0E0C8CF43E050E0D9
:10DAA00060E371E0C50169D3892BE9F0F80110E06A
:10DAB00000E020E030E0A9015F01B0ED8B2E8D0E7B
:10DAC00089E08815C8F19C2E689491F88C2F887095
:10DAD000C2FF16C0811102C00F5F1F4F3196D501E2
:10DAE000DC91C92DE9CFE114F10429F00E5F1F4F3D
:10DAF000F7011183008360E070E080EC9FE7B8C01D
:10DB0000882311F001501109A5E0B0E00E940EF841
:10DB10009B01AC01220F331F441F551F280D311DDF
:10DB2000411D511D283999E93907490799E15907DC
:10DB3000A8F2C6609C2ED2CFAEEF8A1206C0C3FDFB
:10DB40003CC09C2E689493F8C9CFDF7DD534A9F5ED
:10DB500080818D3239F4C061DF011296818162E0EB
:10DB600070E006C0DF018B32C1F3119661E070E016
:10DB700080535D01A61AB70A8A30F8F4E0E8CE16A1
:10DB8000ECE0DE065CF4B601660F771F660F771FC8
:10DB9000C60ED71ECC0CDD1CC80ED11C5D01FFEFDC
:10DBA000AF1ABF0A8C9180538A3098F1C4FF03C02A
:10DBB000D194C194D1080C0D1D1DC1FF09C0E11401
:10DBC000F10431F081E0A81AB108D701AD92BC92FE
:10DBD000CA01B901BFD3C370C33009F490584B01D7
:10DBE0005C0120E030E0A901B1D3882309F43EC0F4
:10DBF000C7E6D1E017FF05C0119501951109CFE4E3
:10DC0000D1E06E01B8E1CB1AD10880E2E82EF12C08
:10DC10000EC0D501B3CFFE012591359145915491A8
:10DC20000E191F09C501B401F6D34B015C01D501E2
:10DC3000C4010E151F057CF72497F594E794CC16C4
:10DC4000DD06A9F78A2F880F8B2F881F8F3F41F0A1
:10DC500020E030E0A901C501B40178D3811106C0EC
:10DC600082E290E09093921780939117C501B401DE
:10DC7000DF91CF911F910F91FF90EF90DF90CF90A8
:10DC8000BF90AF909F908F9008953F924F925F9278
:10DC90006F927F928F929F92AF92BF92CF92DF92BC
:10DCA000EF92FF920F931F93CF93DF935C016B0171
:10DCB0007A016115710519F0FB0191838083E114EC
:10DCC000F10451F0C7010297839730F040E030E053
:10DCD00020E090E06AC05E01E5012196F501108127
:10DCE000812F90E0FFD1892BB1F71D3201F52196EC
:10DCF000F501118101E0E114F10409F4E6C0F0E15D
:10DD0000EF16F10409F088C0103359F488818F7D33
:10DD1000883509F07CC0198122960260F0E1EF2E6F
:10DD2000F12C812C912CA12C88E0B82E92C01B32B2
:10DD300021F4E5012296F501118100E0DCCFEAE053
:10DD4000EE16F10409F4C7C0F0E1EF16F10409F092
:10DD500073C0E7CF78E0E72EF12C812C912CA12C19
:10DD600060E1B62E76C021E0ADC0302F3170C11415
:10DD7000D10431F0222371F12197F601D183C083C0
:10DD800027FF2EC060E070E080E090E8311104C011
:10DD90006FEF7FEF8FEF9FE722E230E03093921733
:10DDA00020939117462F372F282F642F732F822F00
:10DDB000DF91CF911F910F91FF90EF90DF90CF9067
:10DDC000BF90AF909F908F907F906F905F904F909B
:10DDD0003F90089501FF04C02297F601D183C083CC
:10DDE000332341F090958095709561957F4F8F4FCB
:10DDF0009F4FD8CF97FFD6CF82E290E090939217B3
:10DE0000809391176FEF7FEF8FEF9FE7CBCF10E3FA
:10DE1000E114F10409F49ECF28E0E216F10409F4BC
:10DE20009CCF0CF08CCF812C912CA12CE0E4BE2E49
:10DE300082E0E816F10469F060E070E080E090E8CC
:10DE400097010F2C000C440B550B0E94D0F7490191
:10DE50005A0120E060E070E0CB0127010F2C000C9C
:10DE600066087708FE0150ED352E310E39E0331586
:10DE700070F43FEB310F49EC342E3A3138F03FE982
:10DE8000310F3A3108F071CF39EA332E310E3E149A
:10DE90001F040CF06ACF27FD15C086169706A8064A
:10DEA000B90678F0A30192010E94C1F7630D711DBC
:10DEB000811D911D61307105810520E8920708F4EC
:10DEC00052CF2FEF21961081CDCF103309F41ECF02
:10DED0002AE0E22EF12C9CEC892E982CA82C9CE0B8
:10DEE000B92EB7CF3F924F925F926F927F928F92EF
:10DEF0009F92AF92BF92CF92DF92EF92FF920F93D9
:10DF00001F93CF93DF935C016B017A01611571055B
:10DF100019F0FB0191838083E114F10449F0C701FA
:10DF20000297839728F060E070E0CB0199C05E0112
:10DF3000E5012196F5011081812F90E0D3D0892B46
:10DF4000B1F71D3209F05BC02196F501118101E0A6
:10DF5000E114F10409F4B9C0F0E1EF16F10409F09D
:10DF60009AC0103341F488818F7D883509F08EC0C6
:10DF7000198122960260E0E1EE2EF12C88248A9429
:10DF8000982CA82CFFE0BF2E20E060E070E0CB01D1
:10DF900027010F2C000C66087708FE0150ED352E86
:10DFA000310E39E0331568F43FEB310F49EC342E74
:10DFB0003A3130F03FE9310F3A31A8F539EA332EE2
:10DFC000310E3E141F047CF52F3FB1F086169706E4
:10DFD000A806B90630F1A3019201D3D7232D30E072
:10DFE00050E040E0620F731F841F951F6217730794
:10DFF00084079507B0F021E021961081CECF1B3227
:10E0000021F4E5012296F501118100E0A1CF78E02D
:10E01000E72EF12C88248A94982CA82C6FE1B62E38
:10E02000B3CF2FEFE9CFC114D10431F0222351F146
:10E030002197F601D183C08300FF07C0909580959A
:10E04000709561957F4F8F4F9F4F2F3F49F482E22C
:10E0500090E090939217809391176FEF7FEFCB0131
:10E06000DF91CF911F910F91FF90EF90DF90CF90B4
:10E07000BF90AF909F908F907F906F905F904F90E8
:10E080003F90089501FFD8CF2297D3CF10E3E1143A
:10E09000F10409F4BCCF3AE0E316F104E1F080E1C9
:10E0A000E816F10409F467CFE8E0EE16F10409F48C
:10E0B000B1CF6FEF7FEFCB0197010F2C000C440B1A
:10E0C000550B6ED749015A015FCF103309F44BCF7E
:10E0D0009AE0E92EF12C89E9882E982CA82C89E168
:10E0E000B82E52CF91113FC6803219F08950855019
:10E0F000D0F70895FB01DC0102C005900D9241505C
:10E100005040D8F70895FB01DC010D900020E9F79D
:10E11000119705900D920020E1F70895FC010590FC
:10E12000061621F00020D9F7C00108953197CF01DC
:10E130000895FB01DC0105900D920020E1F70895A0
:10E14000DC01FB014150504058F049F005900D9220
:10E150000020C1F7E61BF70B3197CF0108951C9201
:10E1600005900020E9F7F6CFFC0105900020E9F7C3
:10E17000809590958E0F9F1F0895FB01DC01415003
:10E18000504088F08D9181341CF08B350CF4805E0A
:10E19000659161341CF06B350CF4605E861B611177
:10E1A00071F3990B0895881BFCCFFB015591552302
:10E1B000A9F0BF01DC014D9145174111E1F759F478
:10E1C000CD010590002049F04D9140154111C9F352
:10E1D000FB014111EFCF81E090E001970895DC0150
:10E1E000FB014150504058F049F001900D92002041
:10E1F000C1F7E61BF70B3197CF0108951C920190F0
:10E200000020E9F7F6CF0F931F93CF93DF93CDB79D
:10E21000DEB72E970FB6F894DEBF0FBECDBF0E89C6
:10E220001F89888D998D2EE02C831A83098397FF8F
:10E2300002C080E090E801979E838D83AE01445E2A
:10E240005F4F6A8D7B8DCE01019648D14D815E81F5
:10E2500057FD0AC02F813885421753070CF49A01E5
:10E26000020F131FF80110822E960FB6F894DEBF2E
:10E270000FBECDBFDF91CF911F910F9108950F93E6
:10E280001F93CF93DF93CDB7DEB72E970FB6F894D9
:10E29000DEBF0FBECDBF0E891F898EE08C831A832F
:10E2A00009838FEF9FE79E838D83AE01465E5F4FAC
:10E2B000688D798DCE01019611D12F813885020F9D
:10E2C000131FF80110822E960FB6F894DEBF0FBE12
:10E2D000CDBFDF91CF911F910F9108950F931F93A1
:10E2E000CF93DF93CDB7DEB72E970FB6F894DEBF8E
:10E2F0000FBECDBF8C01FA018EE08C831A83098397
:10E3000077FF02C060E070E8615071097E836D8321
:10E31000A901BF01CE010196E1D04D815E8157FD7B
:10E320000AC02F813885421753070CF49A01020F57
:10E33000131FF80110822E960FB6F894DEBF0FBEA1
:10E34000CDBFDF91CF911F910F91089540D008F478
:10E3500081E00895E89409C097FB3EF4909580957C
:10E36000709561957F4F8F4F9F4F9923A9F0F92F9B
:10E3700096E9BB279395F695879577956795B79519
:10E38000F111F8CFFAF4BB0F11F460FF1BC06F5FFF
:10E390007F4F8F4F9F4F16C0882311F096E911C011
:10E3A000772321F09EE8872F762F05C0662371F032
:10E3B00096E8862F70E060E02AF09A95660F771F46
:10E3C000881FDAF7880F9695879597F90895990F22
:10E3D0000008550FAA0BE0E8FEEF16161706E8072F
:10E3E000F907C0F012161306E407F50798F0621B50
:10E3F000730B840B950B39F40A2661F0232B242B25
:10E40000252B21F408950A2609F4A140A6958FEF43
:10E41000811D811D08950BD064C555D528F05AD5AE
:10E4200018F0952309F046C54BC511248EC56AD551
:10E43000A0F3959FD1F3950F50E0551F629FF00117
:10E44000729FBB27F00DB11D639FAA27F00DB11D70
:10E45000AA1F649F6627B00DA11D661F829F2227F9
:10E46000B00DA11D621F739FB00DA11D621F839F80
:10E47000A00D611D221F749F3327A00D611D231F56
:10E48000849F600D211D822F762F6A2F11249F57A4
:10E4900050408AF0E1F088234AF0EE0FFF1FBB1FC7
:10E4A000661F771F881F91505040A9F79E3F510566
:10E4B00070F000C54AC55F3FECF3983EDCF38695EB
:10E4C00077956795B795F795E7959F5FC1F7FE2B11
:10E4D000880F911D9695879597F908952F923F92F1
:10E4E0004F925F926F927F928F929F92AF92BF9264
:10E4F000CF92DF92EF92FF920F931F93CF93DF9310
:10E5000000D000D000D01F921F92CDB7DEB77C01A3
:10E510003B018A01FC0117821682838181FFD0C1F1
:10E52000CE0101965C01F7019381F30193FD859182
:10E5300093FF81913F01882309F449C1853239F461
:10E5400093FD859193FF81913F01853221F4B701BD
:10E5500090E022D4E8CF912C212C312CFFE1F3154F
:10E5600038F08B3211F190F4803209F1833229F1C5
:10E5700037FC3CC020ED280F2A3050F536FE20C075
:10E580008AE0989E200D1124922E06C08D3291F0C3
:10E59000803371F7689430F8F30193FD859193FF10
:10E5A00081913F018111DACF21C0689431F86894DC
:10E5B00032F8F2CF689433F8EFCF689434F8ECCFA8
:10E5C000EAE02E9E200D1124222E689435F8E4CF27
:10E5D0008E3229F436FCFBC0689436F8DDCF8C36D9
:10E5E00019F4689437F8D8CF8836B1F2982F9F7D08
:10E5F00095549330D8F0833691F18337B1F1833558
:10E6000009F05EC02801F2E04F0E511CF801C080F5
:10E61000D180692D70E036FC02C06FEF7FEFC6013C
:10E62000A5D34C01689437F882010AC00C5F1F4FD4
:10E63000FFE3F98388248394912C6501E89437F8EB
:10E6400033FE2AC0522C8114910459F5552009F447
:10E650006ACFB70180E290E09FD35A94F7CFF801D8
:10E66000808189830E5F1F4FE5CF2801F2E04F0EB6
:10E67000511CF801C080D180692D70E036FC02C0C9
:10E680006FEF7FEFC6017DD34C018201D7CFB70179
:10E6900080E290E081D32A942814190409F0B8F795
:10E6A000D1CFF60137FC859137FE81916F01B7011B
:10E6B00090E072D351105A94F1E08F1A9108C3CFB1
:10E6C000843619F0893609F073C0F80137FE67C047
:10E6D00060817181828193810C5F1F4FF32DFF76E2
:10E6E0003F2E97FF09C090958095709561957F4F5B
:10E6F0008F4F9F4F689437F82AE030E0A5017CD314
:10E70000C82ECA188C2C432C36FE0CC0E89440F856
:10E71000C91440F434FE05C032FC03C0F32DFE7E64
:10E720004F2E892C44FEA6C0FE01EC0DF11D808108
:10E73000803309F098C0242D297E422E842D8870C4
:10E74000582E43FCA5C040FE9FC09C2C821418F498
:10E750002C0C922C981844FEA1C0B70180E390E0E5
:10E760001BD342FE08C088E790E041FE02C088E566
:10E7700090E0B70111D3C91408F49CC0CA94D12CFD
:10E780009FEFC91AD90ACA0CDB1CF60182916F01EE
:10E79000B70190E001D3AC14BD04B9F757CF608145
:10E7A0007181072E000C880B990B0E5F1F4F96CFBF
:10E7B000D32CE894D4F82AE030E08537E1F1232D1A
:10E7C000297FD22E8F36A9F1F0F4883551F1F70167
:10E7D000868197812B960FB6F894DEBF0FBECDBF12
:10E7E000DF91CF911F910F91FF90EF90DF90CF902D
:10E7F000BF90AF909F908F907F906F905F904F9061
:10E800003F902F900895803749F0883701F7D4FE64
:10E8100002C06894D2F820E130E00DC06894D4F8CA
:10E82000F6CF34FE03C0822F8660D82E20E132E07E
:10E8300002C028E030E0F801D7FE0EC0608171818F
:10E84000828193810C5F1F4FA501D6D2C82ECA18B2
:10E850003D2CE89437F856CF6081718190E080E0DC
:10E860000E5F1F4FF1CF42FC02C0839467CF8394A9
:10E87000839464CF842D867809F460CFF6CFB701F6
:10E8800080E290E089D283948214C8F3512C63CF44
:10E89000522C5818821408F45ECFF8CF842D867855
:10E8A00009F469CF8BE241FE80E247FC8DE2B701BB
:10E8B00090E060CFB70180E390E06ED29A945BCF96
:10E8C0008FEF9FEF87CF8F929F92AF92BF92CF92A1
:10E8D000DF92EF92FF920F931F93CF93DF9300D0BD
:10E8E00000D000D0CDB7DEB76A01F22EB02E102FC7
:10E8F000FBE3AF2EA01608F41BE31F5F012F27E0F8
:10E90000AE014F5F5F4F57D1BC018981982F99703D
:10E91000913009F44EC09BE2E1FC04C09E2D917041
:10E92000E0FC49C05E2D5071E82FE87083FF55C0B0
:10E9300084E0911101C083E0EF2DE81B8F1508F0F2
:10E94000E0E0D6018E2F20E25523C9F1992329F06A
:10E95000D6019C93C60101966C0196012D5F3F4F35
:10E96000E2FE33C08EE4D6018C9391E411969C9321
:10E97000119712968C93D9018E2F90E281112AC0A3
:10E98000E20FF32FF11D10828EEF9FEF29960FB645
:10E99000F894DEBF0FBECDBFDF91CF911F910F91D5
:10E9A000FF90EF90DF90CF90BF90AF909F908F90AF
:10E9B00008959DE2B7CF90E2B5CF2D93815081119C
:10E9C000FCCFCE0ED11CE0E0C1CF8EE6D6018C93F9
:10E9D00091E6CCCF9D938150D1CF482F447082FFD8
:10E9E0003DC084E0911101C083E08F1510F4EF2D3C
:10E9F000E81BD6018E2F20E2552309F1992329F037
:10EA0000D6019C93C60101966C0196012D5F3F4F84
:10EA1000E2FE1BC089E4D6018C938EE411968C93A0
:10EA2000119786E412968C93D9018E2F90E2882359
:10EA300009F4A6CF9D938150FACF2D938150811177
:10EA4000FCCFCE0ED11CE0E0D9CF89E6D6018C9365
:10EA50008EE611968C93119786E6E4CF9B0177FFA3
:10EA600002C030E020E0A1E0B0E0911102C0B0E0CF
:10EA7000A0E0F9013196AE0FBF1F8B2C912CBB206B
:10EA800009F461C05401EFEFAE1ABE0AAA0DBB1D16
:10EA9000FA161B0619F014F04F2D4A1B511188C0AD
:10EAA000E3FC59C07601A42FB0E2A1114FC0C40EFF
:10EAB000D11C992309F45BC040E0D6011196F60100
:10EAC00090836D01552309F448C0012F060F9A81E8
:10EAD000582F507184FF03C0913309F40150101670
:10EAE0000CF047C0093008F008E0EEE2FE2E5B01B2
:10EAF000A01AB10885019194819491082F3F3207A3
:10EB000029F4D601FC92F60131966F016217730762
:10EB100094F1021713077CF5DB01A21BB30BAA24A7
:10EB2000A394B12CAC0EBD1EAA0DBB1D11968C91E9
:10EB300021503109D601119628153905F4F0F60156
:10EB400080836D01DBCFB12CA12CA0CFF701B19355
:10EB50007F01A150AACF9111B0CFD601942F50E3DD
:10EB600002C05D9391509111FCCFC40ED11C40E0C6
:10EB7000ACCF01E0BACF80E3DBCF6217730731F48B
:10EB8000963388F4953311F4552369F0F6018083A8
:10EB9000FD01842F90E2811108C0A40FB11D1C92C9
:10EBA00090E080E0F3CE81E3F1CF91938150F3CFF9
:10EBB000911183CF8ACF283008F027E03327DA017C
:10EBC000990F311D87FD916000966105710539F43B
:10EBD00032602E5F3D9330E32A95E1F708959F3F21
:10EBE00030F080387105610509F03C5F3C5F3D9372
:10EBF000913008F08068911DDF93CF931F930F939E
:10EC0000FF92EF92192F987F9695E92F96959695FA
:10EC1000E90FFF27EB53FE4F99273327EE24FF24FC
:10EC2000A701E70105900894079428F4360FE71E22
:10EC3000F81E491F511D660F771F881F991F0694E4
:10EC4000A1F70590079428F4E70EF81E491F561FF8
:10EC5000C11D770F881F991F661F0694A1F70590A5
:10EC6000079428F4F80E491F561FC71FD11D880F9F
:10EC7000991F661F771F0694A1F70590079420F44B
:10EC8000490F561FC71FD81F990F661F771F881F70
:10EC90000694A9F784911095177041F0D695C79501
:10ECA00057954795F794E7941A95C1F7EBE6F1E08D
:10ECB00068941590159135916591959105907FE235
:10ECC0007395E118F10A430B560BC90BD009C0F735
:10ECD000E10CF11E431F561FC91FD01D7EF4703377
:10ECE00011F48A95E6CFE894015030F0080F0AF449
:10ECF0000027021708F4202F2395022F7A3328F0DB
:10ED000079E37D932A95E9F710C07D932A9589F6DA
:10ED1000069497956795379517951794E118F10A1A
:10ED2000430B560BC90BD00998F023957E91739530
:10ED30007A3308F070E37C932013B8F77E9170610A
:10ED40007D9330F0839571E37D9370E32A95E1F72D
:10ED50001124EF90FF900F911F91CF91DF91992790
:10ED600087FD90950895992788270895FC010590BF
:10ED7000615070400110D8F7809590958E0F9F1FBD
:10ED80000895FC016150704001900110D8F7809502
:10ED900090958E0F9F1F08950F931F93CF93DF932E
:10EDA000182F092FEB018B8181FD09C01FEF0FEF99
:10EDB000812F902FDF91CF911F910F91089582FFA6
:10EDC00014C02E813F818C819D81281739073CF426
:10EDD000E881F981CF0101969983888310838E8120
:10EDE0009F8101969F838E83E3CFE885F985812FEC
:10EDF0001995892BA1F3DACFFA01AA27283051F10E
:10EE0000203181F1E8946F936E7F6E5F7F4F8F4F5B
:10EE10009F4FAF4FB1E03ED0B4E03CD0670F781FBA
:10EE2000891F9A1FA11D680F791F8A1F911DA11D9F
:10EE30006A0F711D811D911DA11D20D009F46894D8
:10EE40003F912AE0269F11243019305D3193DEF680
:10EE5000CF010895462F4770405D4193B3E00FD036
:10EE6000C9F7F6CF462F4F70405D4A3318F0495D21
:10EE700031FD4052419302D0A9F7EACFB4E0A69504
:10EE80009795879577956795BA95C9F70097610526
:10EE9000710508959B01AC010A2E0694579547957C
:10EEA00037952795BA95C9F7620F731F841F951F71
:10EEB000A01D089597F99F6780E870E060E00895CD
:10EEC0009FEF80EC089500240A9416161706180682
:10EED0000906089500240A9412161306140605065E
:10EEE0000895092E0394000C11F4882352F0BB0FEF
:10EEF00040F4BF2B11F460FF04C06F5F7F4F8F4F52
:10EF00009F4F089557FD9058440F551F59F05F3F8C
:10EF100071F04795880F97FB991F61F09F3F79F03B
:10EF200087950895121613061406551FF2CF4695BD
:10EF3000F1DF08C0161617061806991FF1CF86953F
:10EF40007105610508940895E894BB276627772723
:10EF5000CB0197F90895F999FECF92BD81BDF89A3A
:10EF6000992780B50895262FF999FECF1FBA92BD33
:10EF700081BD20BD0FB6F894FA9AF99A0FBE01969A
:10EF80000895DB018F939F9349D0BF91AF91A29FCA
:10EF9000800D911DA39F900DB29F900D1124089597
:10EFA000A1E21A2EAA1BBB1BFD010DC0AA1FBB1F8D
:10EFB000EE1FFF1FA217B307E407F50720F0A21BFF
:10EFC000B30BE40BF50B661F771F881F991F1A946C
:10EFD00069F760957095809590959B01AC01BD0196
:10EFE000CF010895052E97FB16F400940FD057FD1E
:10EFF00005D0D6DF07FC02D046F408C050954095F6
:10F00000309521953F4F4F4F5F4F089590958095D4
:10F01000709561957F4F8F4F9F4F089509D0A59FA1
:10F02000900DB49F900DA49F800D911D1124089503
:10F03000A29FB001B39FC001A39F700D811D112439
:10F04000911DB29F700D811D1124911D0895991B72
:10F0500079E004C0991F961708F0961B881F7A95CF
:10F06000C9F780950895AA1BBB1B51E107C0AA1FD1
:10F07000BB1FA617B70710F0A61BB70B881F991F59
:10F080005A95A9F780959095BC01CD01089597FBFD
:10F09000072E16F4009406D077FD08D0E4DF07FCB5
:10F0A00005D03EF4909581959F4F08957095619598
:10F0B0007F4F0895EE0FFF1F881F8BBF0790F691BB
:10F0C000E02D1994AA27992329F4A85F982B11F40D
:10F0D00080E10895903118F4AD5F9295A395990F52
:10F0E000E8F78A2F992708955058BB27AA270ED0F2
:10F0F000F8CEE9DE30F0EEDE20F031F49F3F11F47F
:10F100001EF4DECE0EF4E095E7FBD4CEE92FFADE56
:10F1100080F3BA17620773078407950718F071F434
:10F120009EF512CF0EF4E0950B2EBA2FA02D0B01F9
:10F13000B90190010C01CA01A0011124FF27591B3C
:10F1400099F0593F50F4503E68F11A16F040A22F42
:10F15000232F342F4427585FF3CF469537952795B3
:10F16000A795F0405395C9F77EF41F16BA0B620BB2
:10F17000730B840BBAF09150A1F0FF0FBB1F661FF9
:10F18000771F881FC2F70EC0BA0F621F731F841F3C
:10F1900048F4879577956795B795F7959E3F08F062
:10F1A000B3CF9395880F08F09927EE0F9795879521
:10F1B000089589DE58F080E891E009F49EEF8ADE38
:10F1C00028F040E851E059F45EEF09C079CEBCCE9A
:10F1D000E92FE07897DE68F3092E052AC1F3261798
:10F1E00037074807590738F00E2E07F8E02569F071
:10F1F000E025E0640AC0EF6307F8009407FADB013A
:10F20000B9019D01DC01CA01AD01EF9359D069DE5E
:10F210000AD05F91552331F02BED3FE049E450FDDA
:10F2200049EC63CF0895DF93DD27B92FBF7740E81E
:10F230005FE31616170648075B0710F4D92F81D134
:10F240009F938F937F936F93FBD1E4EEF0E0FED01A
:10F2500048DE2F913F914F915F91E9D8DD2349F02E
:10F260009058A2EA2AED3FE049EC5FE3D0785D27B1
:10F270004DDFDF9136CE49D180F09F3740F49111B8
:10F280000EF463CE60E070E080E89FE3089526F01E
:10F290001B16611D711D811DB0C0CAC0FED0E39553
:10F2A00023C10CD01ECE16DE40F00DDE30F021F46E
:10F2B0005F3F19F0FFCD511148CE02CE23DE98F307
:10F2C0009923C9F35523B1F3951B550BBB27AA27E7
:10F2D00062177307840738F09F5F5F4F220F331F59
:10F2E000441FAA1FA9F333D00E2E3AF0E0E830D025
:10F2F00091505040E695001CCAF729D0FE2F27D028
:10F30000660F771F881FBB1F261737074807AB07F5
:10F31000B0E809F0BB0B802DBF01FF2793585F4F6A
:10F320002AF09E3F510568F0C5CD0FCE5F3FECF34C
:10F33000983EDCF3869577956795B795F7959F5F2F
:10F34000C9F7880F911D9695879597F90895E1E083
:10F35000660F771F881FBB1F621773078407BA07E2
:10F3600020F0621B730B840BBA0BEE1F88F7E0953D
:10F37000089504D06894B111E8CD0895CBDD88F0EC
:10F380009F5790F0B92F9927B751A0F0D1F0660F91
:10F39000771F881F991F1AF0BA95C9F712C0B130AC
:10F3A00081F0D2DDB1E00895CFCD672F782F882787
:10F3B000B85F39F0B93FCCF3869577956795B395EB
:10F3C000D9F73EF490958095709561957F4F8F4F5A
:10F3D0009F4F08959AD080F09F3740F491110EF01E
:10F3E000B4CD60E070E080E89FEB089526F41B1632
:10F3F000611D711D811D01C01BC0882371F477231D
:10F4000021F09850872B762F07C0662311F4992797
:10F410000DC09051862B70E060E02AF09A95660F3F
:10F42000771F881FDAF7880F9695879597F90895C3
:10F430009F3F31F0915020F4879577956795B79568
:10F44000880F911D9695879597F90895DF93CF932F
:10F450001F930F93FF92EF92DF927B018C016894D0
:10F4600006C0DA2EEF010E9417F2FE01E894A59182
:10F470002591359145915591A6F3EF0147DEFE01A7
:10F480009701A801DA9471F7DF90EF90FF900F9148
:10F490001F91CF91DF91089513CD3CDDE8F3E894FF
:10F4A000E0E0BB279F57F0F02AED3FE049EC06C0B3
:10F4B000EE0FBB0F661F771F881F28F0B23A620756
:10F4C0007307840728F0B25A620B730B840BE39521
:10F4D0009A9572F7803830F49A95BB0F661F771FA4
:10F4E000881FD2F79048A6CFEF93E0FF06C0A2EAAC
:10F4F0002AED3FE049EC5FEB09DEF3DC0F9003946B
:10F5000001FC9058E1E1F1E0ABC004DDA0F0BEE702
:10F51000B91788F4BB279F3860F41616B11D672F02
:10F52000782F8827985FF7CF869577956795B11DD7
:10F5300093959639C8F308950E94E7F108F48FEF88
:10F5400008959B01AC0160E070E080E89FE3A9CEE4
:10F55000E1DC58F19E5758F19851A0F0E9F098304D
:10F5600020F5092E9927660F771F881F991F0A9487
:10F57000D1F712C0062E672F782F8827985F11F4D5
:10F58000000C07C0993FB4F38695779567959395DE
:10F59000D9F7611D711D811D3EF490958095709580
:10F5A00061957F4F8F4F9F4F08956894CECCCCCC00
:10F5B0009F9373DF0F9007FCEE5F96CF11F40EF46C
:10F5C0007FCC36CFA7DCD0F39923D9F3CEF39F5766
:10F5D000550B87FF3ED00024A0E640EA90018058FA
:10F5E0005695979528F4805C660F771F881F20F04A
:10F5F00026173707480730F4621B730B840B20294A
:10F6000031294A2BA69517940794202531254A279E
:10F6100058F7660F771F881F20F02617370748070F
:10F6200030F4620B730B840B200D311D411DA0952E
:10F6300081F7B901842F9158880F96958795089581
:10F640009B01AC010C940BF20E94E7F1880B990B23
:10F65000089591505040660F771F881FD2F7089584
:10F660009F938F937F936F93FF93EF939B01AC01D5
:10F670000E940BF2EF91FF91E9DE2F913F914F91A4
:10F680005F910C940BF29111089581548A5108F402
:10F69000805E855A0895FB01DC0104C08D910190C4
:10F6A000801921F441505040C8F7881B990B0895E8
:10F6B000FB01DC0102C001900D9241505040D8F78F
:10F6C0000895DC0101C06D9341505040E0F708956A
:10F6D000FB01DC018D9181341CF08B350CF4805ED4
:10F6E000619161341CF06B350CF4605E861B611116
:10F6F00089F3990B0895FC018191861721F08823E5
:10F70000D9F7992708953197CF010895FB01DC01BE
:10F7100001900D920020E1F70895FB01DC014150BA
:10F72000504030F08D910190801919F40020B9F704
:10F73000881B990B0895FC0181E090E0019006166A
:10F7400009F4CF010020D1F7019708950F931F937B
:10F75000CF93DF93CDB7DEB72E970FB6F894DEBF09
:10F760000FBECDBF0E891F8986E08C831A83098363
:10F770008FEF9FE79E838D83AE01465E5F4F688D5E
:10F78000798DCE0101960E946EF22F813885020F8D
:10F79000131FF80110822E960FB6F894DEBF0FBE2D
:10F7A000CDBFDF91CF911F910F91089517E1C2EB6B
:10F7B000D7E100E005C0802FFE017CDC2196011D11
:0EF7C000C33BD10780E00807B1F7F894FFCFF4
:10F7CE00FF05C0D40100640005020A00C800FFFF57
:10F7DE00FF64005555854264000000803FAA006416
:10F7EE000101FF060101FFFFFF3F0000FF3F000088
:10F7FE000000FF3F010100000000000000000000BB
:10F80E0000000000009643000096430000C843002D
:10F81E00000543FFFF0000803F00000000000000D5
:10F82E0000000000000000000000000000000000CA
:10F83E0000000000000000000000000000000000BA
:10F84E0000000000000000000000000000000000AA
:10F85E00000000000000000000000000000000009A
:10F86E00000000000000000000000000000000008A
:10F87E0000000000000000000000000000FF00007B
:10F88E00000000000000000000000000000000006A
:10F89E00000000000000000000000000000000005A
:10F8AE00000000000000000000000000000000004A
:10F8BE00000000000000000000000000000000003A
:10F8CE00000000000000000000000000000000002A
:10F8DE00000000000000000000000000000000FF1B
:10F8EE00000000000000000000000000000000000A
:10F8FE0000000000000000000000000000000000FA
:10F90E0000000000000000000000000000000000E9
:10F91E0000000000000000000000000000000000D9
:10F92E0000000000000000000000000000000000C9
:10F93E0000000000000000000000000000000000B9
:10F94E0000FF0000000000000000000000000000AA
:10F95E000000000000000000000000000000000099
:10F96E000000000000000000000000000000000089
:10F97E000000000000000000000000000000000079
:10F98E000000000000000000000000000000000069
:10F99E000000000000000000000000000000000059
:10F9AE00000000FFFF440000000000470048000078
:10F9BE000000000001010100002041000091430001
:10F9CE0000A04100002041000091430000A04158DA
:10F9DE00595A450000C8410000A0C06666A6BF0087
:10F9EE0000204100002041CDCCCC3E0000A04000C4
:10F9FE0000C07F0000C07F0000C07FFF003C000100
:10FA0E0000004040000034420000000000000000F2
:10FA1E000000000000005041000000000000004106
:10FA2E006400000064000000030000006400000099
:10FA3E00640000000300000003000000030000004B
:10FA4E001E00000000002041000091430000A04174
:10FA5E0001020408AF2E400D0A005A00563930003C
:10FA6E000A05062E0100080020004000800000015B
:10FA7E00000400002F504C52000000484200004885
:10FA8E0042000080400000004000000000AF74956E
:10FA9E0075CA735D74B273D2725473B7726D747229
:10FAAE00733A70BD70BC70256400257500256C75A9
:0EFABE0000256C64004552520058595A000051
:00000001FF
