:100000000C9408190C9448190C9448190C9448192C
:100010000C9448190C9448190C9448190C944819DC
:100020000C9448190C9448190C9448190C944819CC
:100030000C9448190C9448190C9448190C944819BC
:100040000C9448190C948D810C9448190C944819FF
:100050000C9448190C9484800C9448190C94BFD2C9
:100060000C9448190C94C54E0C94B14E0C9448193C
:100070000C9448190C9448190C9448190C9448197C
:100080000C94474C0C9448190C9448190C9448193A
:100090000C94874E0C94BB4E0C9448190C94481940
:1000A0000C9448190C9448190C94194C0C94481948
:1000B0000C9448190C9448190C9448190C9448193C
:1000C0000C9448190C9448190C9448190C945D4EE2
:1000D0000C94274E0C9448190C9448190C94481908
:1000E0000C944819084AD73B3BCE016E84BCBFFD37
:1000F000C12F3D6C74319ABD56833DDA3D00C77FF8
:1001000011BED9E4BB4C3E916BAAAABE0000008090
:100110003F05A84CCDB2D44EB93836A9020C50B91F
:10012000918688083CA6AAAA2ABE000000803F004B
:100130004E414E494E495459494E46CDCCCC3D0ACC
:10014000D7233C17B7D13877CC2B329595E6241FAF
:10015000B14F0A000020410000C84200401C462068
:10016000BCBE4CCA1B0E5AAEC59D7400407A10F33B
:100170005A00A0724E18090010A5D4E80000E876D5
:1001800048170000E40B54020000CA9A3B0000002C
:10019000E1F505000080969800000040420F000045
:1001A00000A08601000000102700000000E8030006
:1001B0000000006400000000000A000000000001D0
:1001C00000000000002C76D888DC674F0823DFC1D0
:1001D000DFAE59E1B1B796E5E3E453C63AE651998B
:1001E0007696E8E6C28426EB898C9B62ED407C6FB4
:1001F000FCEFBC9C9F40F2BAA56FA5F490055A2A6B
:10020000F75C936B6CF9676DC11BFCE0E40D47FE76
:10021000F520E6B500D0ED902E030094357705006B
:1002200080841E080000204E0A000000C80C3333F2
:1002300033330F986E12831141EF8D2114893BE601
:100240005516CFFEE6DB18D1844B381BF77C1D908A
:100250001DA4BBE424203284725E228100C9F124F3
:10026000ECA1E53D27434F4D4D554E49434154497F
:100270004F4E0044525952554E004552524F525320
:1002800000494E464F004543484F00322E312E78EC
:10029000202876322E312E30290057616E68616F2A
:1002A000204439204D4B33203430300053544F50CC
:1002B0005045442E20005072696E7465722073742C
:1002C0006F707065642064756520746F206572724C
:1002D0006F72732E2046697820746865206572728B
:1002E0006F7220616E6420757365204D3939392035
:1002F000746F20726573746172742E202854656D5A
:1003000070657261747572652069732072657365BA
:10031000742E2053657420697420616674657220A0
:1003200072657374617274696E67290A004E6F207A
:10033000436865636B73756D2077697468206C69B9
:100340006E65206E756D6265722C204C6173742031
:100350004C696E653A20004E6F20436865636B738D
:10036000756D2077697468206C696E65206E756D97
:100370006265722C204C617374204C696E653A2062
:1003800000636865636B73756D206D69736D61746F
:1003900063682C204C617374204C696E653A2000B0
:1003A0004C696E65204E756D626572206973206EB2
:1003B0006F74204C617374204C696E65204E756DAE
:1003C0006265722B312C204C617374204C696E6510
:1003D0003A20004D3131300053657269616C2073F1
:1003E0007461747573206D69736D617463680A005C
:1003F00053442072656164206572726F720A0074E2
:100400006F6F206D75636820696E616374697665CE
:100410002074696D65202D2063757272656E74207D
:10042000636F6D6D616E643A20002121204B494C51
:100430004C20636175736564206279200062757376
:10044000793A2070617573656420666F7220696EF9
:100450007075740A00627573793A207061757365FE
:100460006420666F7220757365720A006275737915
:100470003A2070726F63657373696E670A00534444
:1004800020436172642072656164206572726F72CC
:10049000004D31303030530046696C616D656E74CB
:1004A0002072756E6F757420452564004D363030AE
:1004B000002066696C616D656E745F72756E6F7534
:1004C00074200066696C616D656E745F72756E6F25
:1004D000757420540046696C616D656E7452756E5A
:1004E0006F7574205400506C65617365205265739C
:1004F000657400706F7765726F6666004B494C4C8F
:1005000045442E20005072696E7465722068616CDB
:100510007465642E206B696C6C28292063616C6C97
:100520006564210A006563686F3A004572726F72F4
:100530003A0042696C696E656172204C6576656C43
:10054000696E6720477269643A0A005072696E7476
:10055000204F626A002F2F616374696F6E3A006EDC
:100560006F74696669636174696F6E20006E6F7481
:10057000696669636174696F6E200070726F6D7077
:10058000745F00626567696E00656E640073686F12
:100590007700627574746F6E00486F74656E6420C6
:1005A000746F6F20636F6C640A004D323453004DDA
:1005B000323320004739322E394500473146004753
:1005C00031463630305A00473146333030305800EB
:1005D0004D31303650004D31303953004D323030CE
:1005E00044004739322E395A004D343230530047D7
:1005F000323852305859004731463630305A004769
:1006000039322E395A004739322E394530004D31B2
:10061000303953004D31393053004D34323053307E
:10062000004F46460A004661646520486569676870
:10063000742000426564204C6576656C696E6720A5
:10064000004661696C656420746F20656E61626C40
:100650006520426564204C6576656C696E670A00AA
:10066000496E76616C6964206D6573682E0A004777
:1006700031205A31302046313230300A473120584B
:100680003230302059323030204636303030005051
:10069000726F62696E6720506F696E740025532017
:1006A00025692F2569002E0A002F0050726F62699C
:1006B0006E67206D65736820706F696E742000200E
:1006C0002844525952554E290047323920417574F9
:1006D0006F20426564204C6576656C696E67003FEB
:1006E00020284C2C522C462C4229206F7574206FE8
:1006F0006620626F756E64732E0A0020756E6974D1
:10070000732F6D696E290A003F46656564726174D6
:10071000652028532920746F6F206C6F772E202856
:100720005573696E6720003F2856296572626F73A2
:1007300065206C6576656C20696D706C6175736998
:10074000626C652028302D34292E0A004261642015
:100750005A2076616C75650A004E6F2062696C697B
:100760006E65617220677269640A0020440020206F
:100770004D323030205300202844697361626C652B
:1007800064293A0046696C616D656E742073657406
:1007900074696E67730020204D3230312058004D4F
:1007A000617820416363656C65726174696F6E2066
:1007B00028756E6974732F7332290020204D3230F2
:1007C000332058004D6178206665656472617465F8
:1007D000732028756E6974732F73290020520020CE
:1007E000204D323034205000416363656C65726186
:1007F00074696F6E2028756E6974732F73322920A7
:1008000028503C7072696E742D616363656C3E2084
:10081000523C726574726163742D616363656C3EF2
:1008200020543C74726176656C2D616363656C3E27
:10083000290020540020530020204D323035204222
:1008400000416476616E6365642028423C6D696E88
:100850005F7365676D656E745F74696D655F7573F1
:100860003E20533C6D696E5F6665656472617465B8
:100870003E20543C6D696E5F74726176656C5F6694
:10088000656564726174653E20583C6D61785F6A8D
:1008900065726B3E20593C6D61785F6A65726B3E94
:1008A000205A3C6D61785F6A65726B3E20453C6DF5
:1008B00061785F6A65726B3E290020440020490020
:1008C00020204D333031205000486F74656E642015
:1008D0005049440070617573656400486561642027
:1008E00063616E6E6F74206265207061726B656407
:1008F00000506175736500496E7365727420666996
:100900006C616D656E7420616E64207072657373C6
:1009100020627574746F6E0A005265686561742098
:10092000446F6E6500526568656174696E672E2E4E
:100930002E005265686561740048656174657220B7
:1009400054696D656F7574005072657373206275BC
:1009500074746F6E20746F2068656174206E6F7A96
:100960007A6C650A004E6F7A7A6C65205061726B02
:1009700065640044697361626C6552756E6F75746D
:100980000050757267654D6F7265005061757365D3
:1009900064004C6F61642046696C616D656E742003
:1009A00054004C6F61642046696C616D656E740023
:1009B000496E736572742066696C616D656E742032
:1009C000616E6420707265737320627574746F6EEB
:1009D0000A00726573756D656400526573756D69A3
:1009E0006E6700203B0020550020204D363033201C
:1009F0004C0046696C616D656E74206C6F61642F8C
:100A0000756E6C6F616400203B200020204D3431F6
:100A100033205300506F7765722D6C6F73732072A3
:100A200065636F766572790020496E76616C6964E2
:100A30002065787472756465722000536C6565700A
:100A40002E2E2E005B505D61726B696E6720737491
:100A5000796C652028302E2E34292E003F496E7681
:100A6000616C696420005A2050726F626520506189
:100A70007374204265640A005A2050726F626520C8
:100A8000506173742042656400473238004D6573CD
:100A90006820706F696E74206F7574206F662072A5
:100AA000616E67650A00626567696E00436F6E7408
:100AB000696E7565004D302053746F70004D3120A4
:100AC00053746F7000436C69636B20746F205265C0
:100AD00073756D652E2E2E004E6F204D6F76652E30
:100AE00000456E642066696C65206C6973740A0049
:100AF000426567696E2066696C65206C6973740A6B
:100B0000004E6F206D656469610A00534420636183
:100B100072642072656C65617365640A0052657366
:100B2000756D696E6720534400526573756D65007D
:100B3000506175736520534400286E6F2066696CA0
:100B400065290043757272656E742066696C653A3A
:100B500020004E6F74205344207072696E74696E69
:100B6000670A005344207072696E74696E67206270
:100B700079746520005072696E742074696D653AED
:100B800020007061757365006F6B004C696E653A8B
:100B900020006F666600860281027A027302650297
:100BA00044454255473A004D3131322053687574FF
:100BB000646F776E004D31313320530057616E689A
:100BC000616F204439204D4B3320343030204F4664
:100BD000462E0020732E0A00496E6163746976699F
:100BE00074792074696D656F757420002F2F00571C
:100BF00041524E494E4721204C6F77205A204A657A
:100C0000726B206D6179206C65616420746F207552
:100C10006E77616E746564207061757365732E0AFA
:100C2000002058003B200020204D61783A20002011
:100C30000020204D696E3A2000203B200020204DEE
:100C4000323131205300250A0046523A0020466CCA
:100C50006F773A20003A200020536572766F2000AB
:100C6000206F7574206F662072616E67650A00538D
:100C70006572766F200050726F6265204F666673F2
:100C80006574205A0050726F6265204F6666736506
:100C900074205A0064697300656E00432900616224
:100CA0006C656420286D696E2074656D702000434A
:100CB0006F6C642065787472756465732061726509
:100CC0002000203B20486F73742068616E646C695B
:100CD0006E6720006D6D00203B204D6F74696F6E54
:100CE0002064697374616E636520006D6D00203B44
:100CF0002044697374616E6365200046696C616DA0
:100D0000656E742072756E6F757420004D343231CB
:100D100020696E636F727265637420706172616DB9
:100D2000657465722075736167650A004D65736847
:100D300020706F696E74206F7574206F6620726109
:100D40006E67650A004F6666736574732041707044
:100D50006C696564004D494E2F4D415820546F6FAA
:100D60002046617200546F6F206661722066726F58
:100D70006D204D494E2F4D41580A00454550524F68
:100D80004D204F4B0A00290A0020746F20003F5A63
:100D9000206F7574206F662072616E676520280071
:100DA000290A0020746F20003F59206F7574206F4E
:100DB000662072616E6765202800290A0020746F22
:100DC00020003F58206F7574206F662072616E6737
:100DD000652028004D383400446F6E6520707269BC
:100DE0006E74696E672066696C650A004D3737005E
:100DF0004D33310020204D323036205800486F6D81
:100E000065206F6666736574004361703A00434FF6
:100E10004E4649475F4558504F5254004D45415446
:100E20005041434B00434F4F4C45525F54454D504A
:100E300045524154555245004348414D4245525F49
:100E400054454D50455241545552450045505F421E
:100E50004142595354455000424142595354455020
:100E600050494E470041524353004D4F54494F4E55
:100E70005F4D4F44455300544845524D414C5F50DF
:100E8000524F54454354494F4E00455854454E44E3
:100E900045445F4D323000435553544F4D5F4649F2
:100EA000524D574152455F55504C4F4144004C46BE
:100EB0004E5F5752495445004C4F4E475F46494C90
:100EC000454E414D45004155544F5245504F5254A7
:100ED0005F53445F5354415455530053445F57523A
:100EE00049544500524550454154004D554C5449D4
:100EF0005F564F4C554D45005344434152440050BA
:100F0000524F4D50545F535550504F525400484F1C
:100F100053545F414354494F4E5F434F4D4D414EF3
:100F2000445300454D455247454E43595F50415249
:100F300053455200434153455F4C494748545F4233
:100F400052494748544E45535300544F47474C4528
:100F50005F4C494748545300534F465457415245FC
:100F60005F504F574552004255494C445F504552DF
:100F700043454E54004C4556454C494E475F44410D
:100F80005441005A5F50524F42450052554E4F5502
:100F900054004155544F4C4556454C005052494E13
:100FA000545F4A4F420050524F47524553530041FD
:100FB00055544F5245504F52545F54454D50004187
:100FC00055544F5245504F52545F504F5300564F57
:100FD0004C554D455452494300454550524F4D00E4
:100FE00042494E4152595F46494C455F5452414E29
:100FF000534645520053455249414C5F584F4E5F4E
:10100000584F4646004649524D574152455F4E4162
:101010004D453A4D61726C696E20627567666978FC
:101020002D322E312E782044392076322E312E303A
:10103000202853657020323020323032362031394A
:101040003A35363A35342920534F555243455F439C
:101050004F44455F55524C3A6769746875622E6318
:101060006F6D2F4C652D53796C32312F57414E489F
:10107000414F2D4475706C696361746F722D392016
:1010800050524F544F434F4C5F56455253494F4E69
:101090003A312E30204D414348494E455F54595016
:1010A000453A57616E68616F204439204D4B3320BB
:1010B000343030204B494E454D41544943533A4317
:1010C000617274657369616E204558545255444588
:1010D000525F434F554E543A3120555549443A6377
:1010E000656465326132662D343161322D343734B6
:1010F000382D396231322D633535633632663336F9
:101100003766660047322F47332062616420706182
:1011100072616D65746572730A005A2050726F6255
:101120006520506173742042656400205A3A0020A3
:10113000593A0042656420583A004732384F00203F
:101140003B0020204D3835312058005A2D50726F09
:101150006265204F666673657400220A00656E71D1
:1011600075657565696E672022006F6B0A005265B0
:1011700073656E643A20002569730025696D20252A
:101180006973002569682025696D2025697300252C
:101190006964202569682025696D2025697300250B
:1011A000697920256964202569682025696D2025D5
:1011B000697300436F6F6C696E672E2E2E00453188
:1011C0002025530020460020420020204D3130349D
:1011D0002053004175746F2054656D7020436F6E0D
:1011E00074726F6C0020573A0042656420436F6F41
:1011F0006C696E672E2E2E0042656420486561740E
:10120000696E672E2E2E0023646566696E65204424
:10121000454641554C545F005049442074756E69F1
:101220006E6720646F6E65004175746F74756E65CE
:10123000206661696C6564212054696D656F757401
:101240002E004175746F74756E65206661696C65FA
:1012500064212054656D70657261747572652074C7
:101260006F6F20686967682E004175746F74756EC2
:1012700065206661696C656421204261642065783F
:101280007472756465722E00504944204175746F04
:1012900074756E65004B4420004B4920004B502074
:1012A000005049442074756E696E6720646F6E65E6
:1012B000002066696E69736865642120507574202A
:1012C000746865206C617374204B702C204B69200E
:1012D000616E64204B6420636F6E7374616E74730F
:1012E0002066726F6D2062656C6F7720696E746F17
:1012F00020436F6E66696775726174696F6E2E68E0
:101300000A00504944204175746F74756E65002061
:101310006661696C6564212074696D656F75740A16
:1013200000504944204175746F74756E65004175B5
:10133000746F74756E65206661696C6564212054F4
:10134000696D656F75742E00206661696C65642136
:101350002054656D706572617475726520746F6F6D
:1013600020686967680A00504944204175746F74A9
:10137000756E6500504944204379636C65730025A0
:10138000532025692F256900204B643A2000204B0B
:10139000693A2000204B703A200020436C6173733F
:1013A000696320504944200A002054753A200020E7
:1013B0004B753A2000206D61783A2000206D696EEF
:1013C0003A200020643A200020626961733A2000CC
:1013D00048656174696E672E2E2E002073746172E9
:1013E000740A00504944204175746F74756E65002D
:1013F0004175746F74756E65206661696C656421F2
:101400002054656D706572617475726520746F6FBC
:1014100020686967682E00206661696C6564212018
:1014200054656D706572617475726520746F6F209C
:10143000686967680A00504944204175746F747583
:101440006E6500504944204175746F74756E650077
:101450003F28432979636C6573206E6F7420706C2C
:1014600061757369626C6520283E3D33292E0A0040
:10147000206661696C656421204261642068656151
:101480007465722069640A00504944204175746F84
:1014900074756E6500002002000000451F00000109
:1014A0002002000000451F0000022002000000454D
:1014B0001F0000032002000000451F00000420025E
:1014C0000000000C4F0000052002000000091F0072
:1014D00000062000000000E91E00000720020000B6
:1014E00000841E0000082002000000981E00000971
:1014F0002002000000303700000A2002000000D760
:101500001900000B2002000000A81B00000E2002A2
:10151000000000181E00000F2002000000FE1D0049
:1015200000102002000000EC4F000011200200001B
:1015300000BF4F0000122002000000BF4F00001447
:1015400020020000009B4F000015200200000074E4
:101550001E0000162002000000B71E000017200227
:101560000000003E1E0000182002000000CF1900FD
:1015700000192002000000FF1C00001A20000000DB
:1015800000644200001B2000000000C12600001C77
:101590002002000000C31900001D2002000000B05E
:1015A0001900001E20020000009A1D00001F2002EA
:1015B0000000003F420000202002000000D01C007C
:1015C00000212002000000D01C00002220020000A8
:1015D00000D01C00002320020000008F1C0000240B
:1015E0002002000000A8190000252000000000844F
:1015F0001C000026200000000024410000272002DB
:101600000000002E4200002820020000001A4200C4
:1016100000292002000000891900002A2002000091
:1016200000501C00002B2000000000C04100002CD6
:101630002002000000AC4100002D200200000092BA
:101640004100002E2002000000401C00002F20005E
:101650000000008319000030200200000056350011
:10166000003220000000003E1C000020300200007C
:10167000000000B37C2530200000000000627C45A3
:1016800030200000000000627C6530200000000077
:1016900000627C8530200000000000627CA53020C4
:1016A0000000000000627CC530020000000000085D
:1016B0007DC6302000000000002F7CE630020100D3
:1016C000000000FA88C031200030070000817BE86C
:1016D000300F0100000000A09BF730020100000065
:1016E000006378BE31020000000000E49EF8300282
:1016F0000113020000E779F93002010000000052F6
:1017000078FC300201070800007C79FD3002010BF3
:10171000080000E779FE300200000000003E78FF7C
:10172000300201E90D00007C7900310201ED0D006D
:1017300000E77901310200000000003E7805310227
:101740000100000000327806310201630E00001231
:101750007907310200090200001A780831020100FD
:10176000000000F37B0931020000000000E37A2250
:1017700031020001070000C778233102000307008F
:1017800000C77824310200000000000678253102ED
:10179000000A020000C778263102015B0200007CCB
:1017A00079273102015F0200007C79283102016350
:1017B0000200007C7929310200050700001A782A0E
:1017C00031020000000000E47B2B31020000000029
:1017D00000EE772C3102000C020000C7782D310496
:1017E0000100000000AD7A2F3104010000000071FB
:1017F0007A3131040100000000357A333118009A43
:10180000020000487B4B31180000000000937B630E
:101810003110008B020000487B7331020000000091
:1018200000DF717431020000000000E071753118B2
:101830000000000000747B8D31180000000000677C
:101840007BA5311800000000005A7BBD310200006A
:10185000000000B49EBF31020000000000C8770005
:101860004002010000551975770140200208070267
:1018700072817B214002000802B5717B7822400210
:101880000000006A4D6677234002000000A24D5C14
:101890007725400201000038359877244002010086
:1018A00000381C8E770050020000000000637801B1
:1018B00050000000004A1900000000000000000075
:1018C0000000004E6F7420616C6C6F776564207748
:1018D00068696C652069646C65004E6F7420616C8A
:1018E0006C6F77656420647572696E6720707269C9
:1018F0006E74004E6F20534420436172642044652F
:101900007465637465640043616E6E6F7420656E08
:10191000746572207375626469723A20004E6F209C
:1019200066696C652073656C6563746564004D322F
:101930003500526573756D650055492050617573AA
:101940006500726573756D65004D323400436F6FCD
:101950006C696E672E2E2E004D35303000473239BF
:1019600000486F6D696E6720726571756972656494
:101970000054656D706572617475726520746F6F67
:10198000206C6F77004732385A0047323858590078
:1019900047323858595A00486F6D696E672E2E2E9F
:1019A00000457865637574696E6720636F6D6D615E
:1019B0006E642E2E2E004D353030004D3530320005
:1019C0004D3939390A4D32383050305331363000C4
:1019D0004D35303000504944206175746F74756E18
:1019E000696E672E2E2E004D333033432564452516
:1019F0006453256455310042656420504944206495
:101A0000697361626C6564004D3130303043004968
:101A10006E76616C6964207265636F766572792099
:101A200064617461004D3130303000BF31254000B9
:101A300000BD31000033314B316331733174317586
:101A4000318D31A531000023400000224000002BE1
:101A5000312C3121402D312F31313100002A31001C
:101A6000000140000026312731283129310000FFD4
:101A7000300031243125310000223123310000FFB4
:101A8000300031FC30FD30083109310000FF3000FA
:101A900031FC30FD30000006310731000005310017
:101AA0000000400000FF3000310131FC30FD30FE0D
:101AB000300000FF300031FC30FD300000FF30000E
:101AC00031FC30FD30E630E8300050BE31C031002E
:101AD000000031FD300040F830F93006310000FFE1
:101AE000300031FC30FD30E630E830F730BE31C038
:101AF00031000020302530453065308530A530C5B7
:101B000030C630000033312440FF300031FC30FD5E
:101B100030000042757379004D3530300050726FDF
:101B200062696E67206661696C65640050726F62FD
:101B3000696E67207375636365737366756C000205
:101B4000557D031A9F04269F0A86A00BFD9F0C66F5
:101B5000A00D07770EFA710FEF7110EF9F11F0765D
:101B600013E57116E17100000001051B02F31A0371
:101B7000DF1A04D11A05BD1A06B31A07A51A08A15F
:101B80001A099D1A0B971A0C8D1A0D7F1A0E791AC5
:101B90000F6F1A10651A11611A125D1A134F1A1479
:101BA0004B1A15471A16351AF9311A172B1A000055
:101BB0000047305A3130004732380047323800474A
:101BC000305A300047305825645925640047305A50
:101BD000340047323800486F6D696E672E2E2E0034
:101BE00042757379004457494E204755492F4F534A
:101BF00020757064617465207265717569726564C1
:101C0000002564782564782564002D002D002D00C2
:101C100063616E63656C005072696E742041626F1F
:101C200072746564004469736D697373005549206B
:101C300041626F7274656400555342006F70656E47
:101C400000545249474745524544003A20006669CE
:101C50006C616D656E74007A5F6D696E00795F6DA1
:101C6000696E00785F6D696E005265706F7274699D
:101C70006E6720656E6473746F7020737461747521
:101C8000730A0020746F6F206C6F6E672065787424
:101C9000727573696F6E2070726576656E746564B7
:101CA0000A0020636F6C6420657874727573696FC5
:101CB0006E2070726576656E7465640A00486F6D9B
:101CC00065202573204669727374000000000000CF
:101CD000000000000040C05761726E696E673A20D4
:101CE000486F6D696E672042756D70204469766932
:101CF000736F72203C20310A000202020000C843C8
:101D00000000C8430080C9430000A0400000A0407C
:101D10000000004053544F505045442E2000507254
:101D2000696E7465722073746F7070656420647579
:101D30006520746F206572726F72732E2046697809
:101D400020746865206572726F7220616E64207500
:101D50007365204D39393920746F20726573746151
:101D600072742E202854656D706572617475726589
:101D70002069732072657365742E20536574206921
:101D8000742061667465722072657374617274691F
:101D90006E67290A00206572726F72202D207265AD
:101DA00073746172742077697468204D3939390A07
:101DB00000424C546F7563680021212053544F50EA
:101DC0002063616C6C656420626563617573652076
:101DD0006F6620000000C8430000C8430000C843ED
:101DE0000000000000000000000040C045455052C7
:101DF0004F4D207772697465206661696C65640077
:101E000053657474696E67732053746F72656400F0
:101E1000290A002062797465733B20637263200095
:101E200053657474696E67732053746F72656420B0
:101E30002800204D61726C696E3D563930290A00C8
:101E4000454550524F4D2076657273696F6E206D17
:101E500069736D617463682028454550524F4D3D4C
:101E600000454550524F4D206461746173697A6535
:101E7000206572726F722E0A004572723A204545D3
:101E800050524F4D2043524300202863616C6375CC
:101E90006C6174656429210A0020213D20004545BC
:101EA00050524F4D20435243206D69736D617463EE
:101EB00068202D202873746F7265642920004545C1
:101EC00050524F4D20436F72727570740A00205348
:101ED000697A653A2000496E6465783A2000537447
:101EE0006F7265642073657474696E6773207265C0
:101EF00074726965766564002062797465733B204D
:101F000063726320002073746F726564207365745C
:101F100074696E6773207265747269657665642092
:101F20002800454550524F4D20726561642066611E
:101F3000696C656400454550524F4D20496E697487
:101F400069616C697A65640A00454550524F4D20BD
:101F5000496E697469616C697A65640045455052DF
:101F60004F4D2072657365740048617264636F64DD
:101F700065642044656661756C742053657474698A
:101F80006E6773204C6F61646564000000964300C7
:101F90000096430000A0400000C8416666A042666B
:101FA00066A0426626C8439A99BC42B80B0000B8A6
:101FB0000B000064000000B80B000020286D6D29A4
:101FC00000203B204C6576656C696E672000202000
:101FD0004D3432302053004175746F2042656420C7
:101FE0004C6576656C696E67004F4646004F4E0043
:101FF000203B2053656E736F722000204C002044FC
:102000000020204D34313220530046696C616D65EB
:102010006E742072756E6F75742073656E736F7257
:1020200000204A0020204732392057204900202034
:102030004D3134392043203B20556E69747320693B
:102040006E2043656C736975730A0054656D706525
:1020500072617475726520556E6974730020204733
:102060003231203B004C696E65617220556E697497
:10207000730024F4D43050C38D20C3A24117828B47
:102080007011127A900D826CDA0AA861E108C758C3
:102090006607615142061F4B5E05C145A6041B4100
:1020A0001204093D9703723931034136DB0266336E
:1020B0009202D4305302812E1D02642CEE01762A46
:1020C000C501B128A101102781018F2564012B24AE
:1020D0004A01E1223401AD2120018D200C01811F34
:1020E000FC00851EED00981DDF00B91CD200E71B27
:1020F000C700201BBB00651AB200B319A9000A195A
:10210000A0006A189800D217920040178A00B616ED
:10211000840032167E00B41579003B157400C71494
:102120006F0058146A00EE136600881362002613CD
:102130005E00C8125B006D12570016125500C111E7
:10214000510070114E0022114C00D61049008D1024
:1021500046004710450002104200C00F4000800FAB
:102160003E00420F3C00060F3A00CC0E3900930EA1
:1021700037005C0E3500270E3400F30D3200C10D20
:102180003100900D2F00610D2F00320D2D00050D37
:102190002C00D90C2A00AF0C2A00850C28005D0CFD
:1021A0002800350C27000E0C2500E90B2500C40B78
:1021B0002400A00B23007D0B22005B0B21003A0BB7
:1021C0002100190B2000F90A1F00DA0A1F00BB0AC0
:1021D0001E009D0A1D00800A1C00640A1C00480A9B
:1021E0001C002C0A1B00110A1A00F7091A00DD094D
:1021F0001900C4091900AB091800930918007B09DC
:102200001700640917004D09170036091600200948
:1022100015000B091500F6081500E1081500CC089B
:102220001400B8081400A4081300910813007E08D5
:1022300013006B08120059081200470812003508F5
:102240001200230811001208110001081000F10704
:102250001100E0071000D0071000C0070F00B10701
:102260001000A1070F0092070F0083070F007407EB
:102270000E0066070E0058070E004A070E003C07C6
:102280000E002E070D0021070D0014070D00070793
:102290000D00FA060D00ED060C00E1060D00D40657
:1022A0000C00C8060C00BC060C00B0060B00A5060E
:1022B0000C0099060B008E060B0083060B007806B7
:1022C0000B006D060B0062060B0057060A004D0658
:1022D0000A0043060B0038060A002E060A002406F0
:1022E00009001B060A0011060A0007060900FE0580
:1022F0000A00F4050900EB050900E2050900D9050B
:102300000900D0050900C7050800BF050900B6058A
:102310000900AD050800A50508009D050800950504
:1023200009008C050800840508007C050700750578
:1023300008006D050800650507005E0508005605E4
:1023400007004F050800470507004005070039054D
:102350000700320507002B050700240507001D05AF
:102360000700160507000F0506000905070002050E
:102370000600FC040700F5040600EF040700E8046B
:102380000600E2040600DC040600D6040600D004C1
:102390000700C9040500C4040600BE040600B80412
:1023A0000600B2040600AC040600A6040500A10461
:1023B00006009B04050096040600900405008B04AB
:1023C000060085040500800405007B0405007604F2
:1023D0000600700405006B04050066040500610436
:1023E00005005C04050057040500520405004D0477
:1023F000050048040400440405003F0405003A04B5
:10240000040036040500310405002C0404002804EF
:102410000500230404001F0405001A040400160428
:102420000400120405000D0404000904040005045E
:10243000040001040500FC030400F8030400F40395
:102440000400F0030400EC030400E8030400E403C8
:102450000400E0030400DC030400D8030400D403F8
:102460000300D1030400CD030400C9030400C50325
:102470000400000000000000000000000000000058
:1024800000000000000000000000D1036D6403574D
:102490000D0347C6023B8B023259022B2E0225093F
:1024A0000221E8011CCC011AB201179B011487011B
:1024B0001374011163010F54010E46010D39010D12
:1024C0002C010B21010A17010A0D0109040108FC66
:1024D0000008F40007ED0007E60007DF0006D9005A
:1024E00006D30005CE0006C80005C30004BF0005E2
:1024F000BA0004B60004B20004AE0004AA0004A6A8
:102500000003A300049F00039C00039900039600AE
:10251000039300029100038E00028C0003890002E5
:102520008700038400028200028000027E00027C99
:1025300000027A0002780002760001750002730042
:10254000027100017000026E00016D00026B00015B
:102550006A0002680001670002650001640001630F
:1025600000016200026000015F00015E00015D0089
:10257000015C00015B00015A000159000158000193
:10258000570001560001550001540001530001524B
:1025900000015100005100015000014F00014E00A8
:1025A000014D00004D00014C00014B00014A0000AC
:1025B0004A00014900014800004800014700014667
:1025C00000004600014500004500014400014300B1
:1025D00000430001420000420001410000410001AF
:1025E0004000004000013F00003F00013E00003E6F
:1025F00000013D00003D00013C00003C00013B00AB
:10260000003B00013A00003A0001390000390000A7
:10261000390001380000380001370000370000376A
:10262000000136000036000036000135000035009C
:102630000134000034000034000133000033000096
:10264000330001320000320000320001310000315D
:102650000000310000310001300000300000300087
:10266000012F00002F00002F00002F00012E00007E
:102670002E00002E00012D00002D00002D00002D49
:1026800000012C00002C00002C00002C00012B006D
:10269000002B00002B00002B00012A00002A000064
:1026A0002A00002A00002A00012900002900002930
:1026B0000000290001280000280000280000280050
:1026C0000028000127000027000027000027000045
:1026D0002700012600002600002600002600002614
:1026E000000026000125000025000025000025002F
:1026F0000025000025000124000024000024000023
:1027000024000024000024000123000023000023F3
:10271000000023000023000023000122000022000B
:1027200000220000220000220000220000220001FE
:1027300021000021000021000021000021000021D3
:1027400000002100012000002000002000002000E7
:10275000002000002000002000002000011F0000D9
:102760001F00001F00001F00001F00001F00001FAF
:10277000000020436F756E7420583A004265640073
:10278000453100626564002C2073797374656D2097
:1027900073746F7070656421204865617465725F41
:1027A00049443A20004572723A204D415854454DF3
:1027B00050004D415854454D50207472696767650B
:1027C0007265640048656174696E67204661696C72
:1027D00065640048656174696E67206661696C654F
:1027E00064004572723A204D494E54454D50004D9B
:1027F000494E54454D50207472696767657265642F
:1028000000544845524D414C2052554E4157415974
:1028100000546865726D616C2052756E61776179E4
:1028200000202F002042403A0020403A0020573A32
:10283000000009121B242D363F48415A536C657E17
:102840007719100B023D342F265158434A757C6787
:102850006E323B2029161F040D7A7368615E574C57
:10286000452B2239300F061D14636A7178474E5587
:102870005C646D767F4049525B2C253E3708011A17
:10288000137D746F6659504B42353C272E11180347
:102890000A565F444D727B60691E170C053A332857
:1028A000214F465D546B627970070E151C232A3147
:1028B000384148535A656C777E09001B122D243F1E
:1028C0003658514A437C756E671019020B343D2609
:1028D0002F737A6168575E454C3B3229201F160DD5
:1028E000046A6378714E475C55222B3039060F1409
:1028F0001D252C373E0108131A6D647F7649405B15
:10290000523C352E2718110A03747D666F505942C8
:102910004B171E050C333A21285F564D447B7269D4
:10292000600E071C152A233831464F545D626B70C8
:102930007900002110422063308440A550C660E732
:1029400070088129914AA16BB18CC1ADD1CEE1EF64
:10295000F13112100273325222B5529442F772D6FC
:1029600062399318837BB35AA3BDD39CC3FFF3DEB4
:10297000E36224433420040114E664C774A444854C
:10298000546AA54BB528850995EEE5CFF5ACC58D04
:10299000D55336722611163006D776F6669556B49C
:1029A000465BB77AA719973887DFF7FEE79DD7BC54
:1029B000C7C448E5588668A77840086118022823EC
:1029C00038CCC9EDD98EE9AFF9488969990AA92BA4
:1029D000B9F55AD44AB77A966A711A500A333A123C
:1029E0002AFDDBDCCBBFFB9EEB799B588B3BBB1AF4
:1029F000ABA66C877CE44CC55C222C033C600C418C
:102A00001CAEED8FFDECCDCDDD2AAD0BBD688D4943
:102A10009D977EB66ED55EF44E133E322E511E70DB
:102A20000E9FFFBEEFDDDFFCCF1BBF3AAF599F7893
:102A30008F8891A981CAB1EBA10CD12DC14EF16F44
:102A4000E18010A100C230E32004502540467067A9
:102A500060B9839893FBA3DAB33DC31CD37FE35ED5
:102A6000F3B1029012F322D23235421452776256F9
:102A700072EAB5CBA5A89589856EF54FE52CD50DE5
:102A8000C5E234C324A01481046674476424540549
:102A900044DBA7FAB79987B8975FE77EF71DC73C75
:102AA000D7D326F2369106B0165766767615463499
:102AB000564CD96DC90EF92FE9C899E9898AB9AB85
:102AC000A94458654806782768C018E1088238A3E9
:102AD000287DCB5CDB3FEB1EFBF98BD89BBBAB9A15
:102AE000BB754A545A376A167AF10AD01AB32A9239
:102AF0003A2EFD0FED6CDD4DCDAABD8BADE89DC925
:102B00008D267C076C645C454CA23C832CE01CC188
:102B10000C1FEF3EFF5DCF7CDF9BAFBABFD98FF8B4
:102B20009F176E367E554E745E932EB23ED10EF0D8
:102B30001E7C3C3E5E2B3D3F2F5B5D3B2C2A225C86
:102B4000005761726E696E673A00534420436172A8
:102B50006420496E6974204661696C0053442063A7
:102B6000617264206F6B0A006F70656E526F6F74D4
:102B7000206661696C65640A00766F6C756D652E00
:102B8000696E6974206661696C65640A004E6F2025
:102B9000534420636172640A000A4D3234004D329E
:102BA00033202573002E0A006F70656E2066616900
:102BB0006C65642C2046696C653A200046696C653A
:102BC0002073656C65637465640A002053697A65D7
:102BD0003A200046696C65206F70656E65643A2026
:102BE00000454E4420535542524F5554494E450AD4
:102BF000002220706F73002220706172656E743A3B
:102C00002200535542524F5554494E452043414CA2
:102C10004C207461726765743A2200537562636177
:102C20006C6C204F766572666C6F770045786365D3
:102C300065646564206D617820535542524F555448
:102C4000494E452064657074683A002E0A00446558
:102C50006C6574696F6E206661696C65642C2046D2
:102C6000696C653A200046696C652064656C657422
:102C700065643A0057726974696E6720746F2066E4
:102C8000696C653A2000667265736800646F696EEE
:102C900067002066696C653A20004E6F7720002F30
:102CA0006175746F25632E67002001400130013B80
:102CB00001400136016001310170012C01900127B2
:102CC00001B0012201C0011D01F001180110021321
:102CD0000130020E016002090190020401C002FFEE
:102CE000000003FA004003F5008003F000D003EB7E
:102CF000002004E6007004E100E004DC004005D799
:102D000000C005D2004006CD00D006C8008007C331
:102D1000003008BE00F008B900C009B400B00AAF26
:102D200000B00BAA00D00CA500000EA000500F9B15
:102D300000C01096005012910000148C00C015873E
:102D400000B0178200B0197D00D01B7800001E7300
:102D50000040206E0090226900F024640040275F4C
:102D60000090295A00E02B5500102E500020304BC7
:102D70000010324600E033410090353C00103737F8
:102D80000070383200A0392D00B03A2800A03B2353
:102D900000603C1E00103D1900903D1400103E0FD5
:102DA00000703E0A00C03E0500003F0000403FFBAF
:102DB000FF803FF6FFC03FF1FF2020506C616E6E38
:102DC000657242756666657242797465733A200071
:102DD0002046726565204D656D6F72793A2000203E
:102DE000436F6D70696C65643A20536570203230B2
:102DF00020323032360A00204C61737420557064E2
:102E0000617465643A20323032362D30392D3038D5
:102E1000207C20417574686F723A2053796C32318E
:102E2000202B20436C617564650A004D61726C69EA
:102E30006E20322E312E78202876322E312E3029F7
:102E40000A0020536F66747761726520526573655E
:102E5000740A00205761746368646F672052657359
:102E600065740A002042726F776E206F757420526D
:102E7000657365740A002045787465726E616C2014
:102E800052657365740A00506F77657255700A0059
:102E900073746172740A004739310A4731205A311C
:102EA0003020463630300A4739300A4732385859D0
:102EB0000A47312059333930204633303030004D05
:102EC00031303031006572726F72207772697469C7
:102ED0006E6720746F2066696C650A00446F6E65CA
:102EE00020736176696E672066696C652E0A004DF5
:102EF000323900456E6473746F707300255320255A
:102F00006320256320256320256300205A3A002092
:102F1000593A0020583A00656E6473746F707320DC
:102F20006869743A200000000A0B02090C0D0E08B3
:102F30000703040100000000000000000000000082
:102F40000000000000000000000000000000000081
:102F5000000012111000000000000000000000003E
:102F600000000000000000000000000000486F6D3D
:102F7000696E67204661696C656400FFFFFF205A37
:102F80003A200020793A200042656420583A200017
:102F900050726F62696E67204661696C65640A00F1
:102FA00050726F62696E67204661696C65640043A8
:102FB000616E6E6F74206F70656E207375626469E8
:102FC000722000524553554D45204F5054494F4EA5
:102FD000533A0048656174696E672E2E2E0000001A
:102FE000436C69636B20746F206865617400000036
:102FF000526573756D696E672E2E2E000000507538
:103000007267696E672E2E2E0000004C6F61646936
:103010006E672E2E2E000000496E7365727420615B
:103020006E6420436C69636B000000436C69636BE2
:1030300020746F20636F6E74696E756500000045C3
:103040006A656374696E672E2E2E000000506C65F1
:1030500061736520776169742E2E2E000000506127
:10306000726B696E672E2E2E000000220A00556ECC
:103070006B6E6F776E20636F6D6D616E643A2022A8
:10308000006F6B0057616E68616F204439204D4BB3
:1030900033203430302052656164792E00507269DB
:1030A0006E74696E672E2E2E005072696E742050F9
:1030B000617573656400204500205A002059002086
:1030C000204D39322058005374657073207065723A
:1030D00020756E69740000002200250028002B0076
:1030E0002E003100340002010000050108010B012F
:1030F00000002100240027002A002D0030003300AA
:1031000001010000040107010A0105050505070585
:1031100008080808020202020A0A08080404040453
:10312000010101010101010103030303030303037F
:10313000040707070C0C0C0C0C0C0C0C020202020E
:1031400006060606060606060B0B0B0B0B0B0B0BF7
:1031500001021020200808102040102040800201A9
:10316000020108040201010204081020408080408E
:10317000201008040201800402018040201008048D
:10318000020108040201010204081020408001022B
:103190000408102040804572726F72207772697443
:1031A000696E6720746F20454550524F4D210A00CB
:1031B00020746F6F206C6F6E672065787472757302
:1031C000696F6E2070726576656E7465640A0020A2
:1031D000636F6C6420657874727573696F6E2070AC
:1031E000726576656E7465640A0020453A00205A5F
:1031F0003A0020593A00583A0057616E68616F20D2
:103200004439204D4B33203430300000DEE5C0E53A
:1032100011241FBECFEFD1E2DEBFCDBF00E00CBF57
:1032200084B78093D71714BE0FB6F894A8958091F1
:103230006000886180936000109260000FBE14E00F
:10324000A0E0B2E0E4E0FBEF01E00BBF02C00790BA
:103250000D92AE3EB107D9F727E1AEEEB4E001C062
:103260001D92A73DB207E1F719E1C7E0D9E100E0FF
:1032700006C021970109802FFE010E94F8F9C6308F
:10328000D10780E00807A9F70E9453E70C9471FD6D
:103290000C940000809129078F5F809329078A3062
:1032A00018F080EF80938B090895CF93FC01808103
:1032B00091818115904429F5FB01C1816C2F70E04B
:1032C00090E080E00E9448F320E030E048EC52E4D7
:1032D0000E9428FC18160CF4C4E62C2F30E0AFEF47
:1032E000B0E00E94B6F924E630E040E050E00E94F1
:1032F00090F92F3F310519F010F02FEF30E02093B7
:10330000C014CF91089510922D0781E080932F076C
:103310000895FB0181818F3F19F0882381F0089582
:103320002CE330E030930D0220930C0280932C07A5
:1033300085E08093080281E080932F07089588EC50
:1033400090E090930D0280930C0210922C07F0CF26
:10335000FB0181818093050781E080932F07089509
:10336000FB0180819181982789279827893C9105C5
:1033700010F088EC90E090930B0280930A0281E0B9
:1033800080932F070895FB01818191E0980F92307F
:1033900028F48093100281E080932F070895FB01A9
:1033A00081818093090281E080932F070895CF9255
:1033B000DF92EF92FF92CF93DF93FB01C081D18127
:1033C000DC27CD27DC27BE010D2E000C880B990BC6
:1033D0000E944AF36B017C0120E030E040E251E4BE
:1033E0000E9444F387FD0DC020E030E04AEF53E433
:1033F000C701B6010E9428FC18162CF4C4EFD1E0D6
:1034000002C0CAE0D0E0D0931402C093130281E05E
:1034100080932F07DF91CF91FF90EF90DF90CF90B7
:103420000895CF93DF93C0910B08D0910C0881E0F1
:10343000CE31D105E4F020E030E040E05FE3609180
:103440000708709108088091090890910A080E9465
:1034500001FA0E9445FB6C1B7D0B77FF03C0719541
:103460006195710981E0633071050CF080E0DF91B6
:10347000CF91089587FD26C0811111C08091D30A94
:103480002091D40A8217F1F0E22FF0E0ED52F54FCF
:10349000828190E02F5F2F772093D40A08958130A6
:1034A00089F48091510A2091520A821759F0E22F33
:1034B000F0E0EF5AF54F828190E02F5F2F77209355
:1034C000520A08958FEF9FEF0895CF93DF93DB01AA
:1034D000F9019C919130C1F0943080F094509C930C
:1034E0008830D1F480819181009771F001979183A8
:1034F0008083480F591FEA01188206C08C3539F4C1
:103500009C5F9C93943041F4DF91CF9108958B336D
:1035100039F781E08C93F8CF20813181B9016F5F59
:103520007F4F71836083420F531FEA01888380813C
:1035300091818F3591056CF7E7CF0F931F9381E051
:103540000091C80D1091C90D2091CA0D3091CB0D7D
:103550004091C40D5091C50D6091C60D7091C70D7D
:10356000041715072607370708F480E01F910F910D
:10357000089590E080E0089520910315833021F4B0
:1035800025FD0CC024FD0CC030E0A90102C05595FA
:1035900047958A95E2F7CA018170089581E0089500
:1035A00080E008950F931F93CF93DF93EC0100E920
:1035B00019E0F8012081318142815381688179814C
:1035C0008A819B810E9401FA688379838A839B8325
:1035D000F80124813581468157816C817D818E81FE
:1035E0009F810E9401FA6C837D838E839F83F80103
:1035F0002085318542855385688579858A859B85B7
:103600000E9401FA688779878A879B87DF91CF912B
:103610001F910F9108958091470684FD0BC0809102
:10362000490687FD07C090914A06937081E019F41E
:1036300080E0089581E008952FEB280F2A3108F0EB
:1036400047C0E22FF0E08091470690914806A09194
:103650004906B0914A0604C0B695A79597958795F7
:103660002A95D2F780FD02C081700895E75AFA4F7B
:10367000E081EE2341F18091A6099091A709E80F1E
:10368000F92FF11D808190ED980F9A3030F08E3235
:1036900051F4818180538A3098F4F0935005E0937F
:1036A0004F0581E008958D3211F08B3249F481810C
:1036B00090ED980F9A3088F38E3211F48281EACF20
:1036C000F0E0E0E0EACF1092500510924F05E9CF0C
:1036D00080E00895B1DF882341F081E020914F051B
:1036E00030915005232B09F480E008950F931F9328
:1036F000CF93DF93C82FD0E0FE01EE0FFF1FE75EF0
:10370000FD4F71836083CC0FDD1FCC0FDD1F8E0159
:10371000095A1D4F072E000C880B990B0E944AF383
:103720002AE037ED43E25CE30E94A9F3CA59D84F7F
:10373000288139814A815B810E94A9F3F801608365
:10374000718382839383DF91CF911F910F910895AD
:10375000FC01808191818B30904259F4FB016081A2
:10376000718176276727762780E0C0DF81E080932C
:103770002F07089580916A0781110EC020911F02C2
:10378000309120022150310981E04091ED0D50919E
:10379000EE0D421753070CF080E008958F929F9230
:1037A000AF92BF92CF92DF92EF92FF92FC018281A3
:1037B00058E5C52E52E0D52EC81AD10887FDD394FE
:1037C000CC0CDD1CCC0CDD1C0D2C000CEE08FF0815
:1037D000818178E8872E912C881A910887FD93942F
:1037E000880C991C880C991C092C000CAA08BB0891
:1037F00080818F3FD1F190E0FC01EE0FFF1FE80FB9
:10380000F91FE15FF14F8181928133E0880F991FA9
:103810003A95E1F7B0E0A0E044E0B595A79597951B
:1038200087954A95D1F702969C012F5F3F4F032E53
:10383000000C440B550B281939094A095B09A4EB04
:10384000B0E00E94ACF9A7019601281939094A098C
:103850005B090E9490F9C901FF90EF90DF90CF9033
:10386000BF90AF909F908F90089590E080E0DCCF64
:10387000FB01818180937B070C94BBA00C94BBA0BF
:10388000CF93FB01C181C13031F40E94A69E81110A
:1038900004C0C0932F07CF9108950E94999DF9CF3E
:1038A000CF93DF93EB010E94DD9F811106C083E17E
:1038B0009BE1DF91CF910C9414D288819981982754
:1038C0008927982720912C072F3F29F02223A9F040
:1038D000DF91CF9108958036910514F08FE590E047
:1038E0008530910514F485E090E090930D0280936B
:1038F0000C0281E080932F07EBCF833221E0920707
:103900007CF382E291E0ECCFE8E0F7E081E2DF01D6
:103910001D928A95E9F781E080932F070895CF9350
:10392000FB0180910507813029F050F1823019F1B7
:10393000CF91089560E070E080E89FE3218122301C
:1039400069F118F5222319F09058213089F7C0E069
:1039500024E0C29FF0011124E55AFD4F20813181FE
:10396000428153810E9401FA4C2F0E94E8CF81E0EE
:1039700080932F07DDCF6DEC7CEC8CEC9DE3DECFEC
:1039800060E070E080E291E4D9CF243021F028F0AB
:103990009058253069F6C2E0DBCF9058C1E0D8CF0F
:1039A000CF93DF93EC01FB0160817181762767275C
:1039B0007627072E000C880B990B0E944AF320E013
:1039C00030E040E251E40E94DDFA28813981213261
:1039D000F0E23F0749F0223240E2340771F0203232
:1039E000304241F440E001C041E00E94E8CF81E074
:1039F00080932F07DF91CF91089542E0F6CF8F9209
:103A00009F92AF92BF92CF92DF92EF92FF92CF93AD
:103A1000DF9380918E098770873071F081E699E19C
:103A2000DF91CF91FF90EF90DF90CF90BF90AF905C
:103A30009F908F900C9414D2EB010E94DD9F811116
:103A400003C083E19BE1ECCF8981833009F455C049
:103A5000B8F4813009F467C0C12CD12C60EFE62E98
:103A600061E4F62E823009F45BC0DF91CF91FF90C4
:103A7000EF90DF90CF90BF90AF909F908F90089580
:103A8000843009F447C0C12CD12C99EBE92E93E482
:103A9000F92E812C912C20EFA22E21E4B22E85301C
:103AA00021F720E030E040E850E46091630270913B
:103AB000640280916502909166020E9401FA42E0E0
:103AC0000E94E8CF40E0C501B4010E94E8CF41E088
:103AD000C701B6010E94E8CF42E060E070E080E4F8
:103AE00090ECDF91CF91FF90EF90DF90CF90BF905F
:103AF000AF909F908F900C94E8CFC12CD12C40EFC9
:103B0000E42E41E4F42E812C912C59EBA52E53E4A4
:103B1000B52EC7CFC12CD12C39EBE32E33E4F32ED5
:103B200046015701BECFC12CD12C88E4E82E83E496
:103B3000F82EF6CFCF93DF93EB010E94DD9F81112A
:103B400006C083E19BE1DF91CF910C9414D2809168
:103B500010028F5F8230C0F420E030E04AE253E48C
:103B60006091E90D7091EA0D8091EB0D9091EC0D53
:103B70000E9444F387FF03C081E799E1E4CF898184
:103B8000882329F0813039F1DF91CF910895609138
:103B90000A0270910B0290E080E00E9448F39B01C2
:103BA000AC01609167027091680280916902909106
:103BB0006A020E9400FA6093670270936802809321
:103BC000690290936A0260E070E080E090E4DF9127
:103BD000CF910C94229460910A0270910B0290E0B4
:103BE00080E00E9448F32091670230916802409182
:103BF000690250916A020E9401FADDCFFB018181C6
:103C0000882319F0813079F008956AE077ED83E236
:103C10009CE30E948AD00E9468D20E94BBA081E0EF
:103C200080932F0708956AE077ED83E29CEBF1CF54
:103C3000FB0160817181762767277627072E000CAC
:103C4000880B990B0E944AF320E030E048EC52E4E4
:103C50000E94DDFA2091630E3091640E4091650E52
:103C60005091660E0E9400FA0E948AD00E9468D28B
:103C70000E94BBA081E080932F070895CF93DF932C
:103C8000EB010E94DD9F811104C0DF91CF910C9464
:103C90009DA3898190910902923029F09330C1F05F
:103CA000DF91CF910895882371F06DEC7CEC8CEC62
:103CB0009DEB0E948AD00E9468D20E94BBA081E046
:103CC00080932F07EDCF6DEC7CEC8CEC9DE3F1CF76
:103CD000882329F06AE077ED83E29CEBEACF6AE083
:103CE00077ED83E29CE3E5CFFB018181813031F008
:103CF000823039F081E080932F0708950E949B82E3
:103D0000F9CF0E947382F6CFCF93FB01C181C130FE
:103D100051F40E948C9E811108C00E94A69E8111C0
:103D200004C0C0932F07CF910895CF910C94999D13
:103D3000CF93FB01C181C13031F40E948C9E81116F
:103D400004C0C0932F07CF91089542E359E169E37E
:103D500079E184E00E940CCC89EA90E30E9467C874
:103D60008EE299E19093490980934809ECCFCF9373
:103D7000DF93EB010E94DD9F811104C0DF91CF91A1
:103D80000C9499A368817981762767277627072E77
:103D9000000C880B990B0E944AF320E030E048ECBD
:103DA00052E40E94DDFA2091630E3091640E40913E
:103DB000650E5091660E0E9400FA0E948AD00E9401
:103DC00068D20E94BBA081E080932F07DF91CF9142
:103DD000089580910E0290910F0297FF04C08DE12B
:103DE00099E10C9414D20E94F5DC882389F080912B
:103DF000CC0D85FD0DC00E94DD9F811102C00C9489
:103E000099A388EA99E00E94C0D383E080938B094C
:103E10000895CF93DF93FB0181818130D1F040F091
:103E2000823019F181E080932F07DF91CF910895BF
:103E30008091CC0D86FDF9CF10922B0710922A07A6
:103E40008FEF9FEF90930F0280930E020E9434D366
:103E5000E9CF80912A0790912B07009731F30197C2
:103E600090932B0780932A07DDCFC0912A07D0912A
:103E70002B0726960E94A7DC8C179D07B0F2809135
:103E80002A0790912B070196EBCF1F93CF93DF93D7
:103E9000EC01FB011181888199818130904269F4A4
:103EA0008091CC0D84FD07C083EF98E1DF91CF9125
:103EB0001F910C9414D20E941DD388819981823065
:103EC000904259F40E948C9E882319F08AED98E163
:103ED000EDCF0E94A69E8111F9CF88819981833010
:103EE000904231F010938B09DF91CF911F9108958B
:103EF0000E948C9E8111F6CF0E94A69E8111F2CF66
:103F000083EC98E1D3CFFC0101900020E9F79F01F9
:103F100021503109281B390B2F33310540F4FC01A6
:103F2000E20FF31F60832E33310509F011820895EB
:103F3000CF93DF93EC0140E450E00E9430F2CE01D9
:103F4000DF91CF910895AB01BC014093C80D509310
:103F5000C90D6093CA0D7093CB0D83E297E10C9469
:103F6000B8D7EF92FF920F931F93CF93DF93CDB704
:103F7000DEB764970FB6F894DEBF0FBECDBF7C01ED
:103F8000FB0160817181828193818E010F5F1F4FE0
:103F9000248141E00E9462EEF70101900020E9F7E0
:103FA0009F01215031092E193F092E31310550F45E
:103FB0004FE150E0421B530BBC01C701820F931F1E
:103FC0000E948DF2C70164960FB6F894DEBF0FBE53
:103FD000CDBFDF91CF911F910F91FF90EF9008958A
:103FE000CF93DF93EC01FC0101900020E9F7CF01B2
:103FF00001978C1B9D0B8F33910540F440E450E0FA
:10400000481B590B8C0F9D1F0E948DF2CE01DF9132
:10401000CF910895EF92FF920F931F93CF93DF9369
:10402000CDB7DEB764970FB6F894DEBF0FBECDBF35
:104030007C01FB0160817181828193818E010F5F20
:104040001F4F248141E00E9462EEBC01C701C8DF1E
:1040500064960FB6F894DEBF0FBECDBFDF91CF914F
:104060001F910F91FF90EF9008950C94D6C5809109
:104070004F0590915005009731F04AE050E070E014
:1040800060E00C9402F160E070E0CB010895809153
:104090004F0590915005009731F04AE050E070E0F4
:1040A00060E00C94D5EF60E070E0CB010895EFDFA5
:1040B00097FD0AC0ECDF6F3F71058105910509F09E
:1040C0002CF4E5DF862F089580E008958FEF0895A2
:1040D000CF93C62FFFDA882311F0CF91E8CF8C2F32
:1040E000CF91089580914F0590915005892B39F01B
:1040F000DEDF91E0811101C090E0892F089591E009
:10410000FCCFCF93DF93C82FD62FE4DA882319F0A2
:10411000DF91CF91E7CF8C2F8FDA811101C08D2FE6
:10412000DF91CF910895B3DFCB010895CF93DF9353
:10413000EB01D0DA882319F0DF91CF91F4CFCE01D3
:10414000DF91CF9108950F931F93CF9380914F05E7
:1041500090915005009709F1FC018F01C1912C2F1E
:104160002F7DA1F0C53431F0C53621F0C83511F0EE
:10417000C83799F7F801108270E060E00E947FEE86
:10418000F801C083CF911F910F91089570E060E016
:10419000CF911F910F910C947FEE60E070E0CB0106
:1041A000F1CFCF92DF92EF92FF926A017B0192DA18
:1041B000882329F0FF90EF90DF90CF90C4CFC70104
:1041C000B601FF90EF90DF90CF900895EF92FF92AD
:1041D0000F931F93CF93DF93CDB7DEB72C970FB616
:1041E000F894DEBF0FBECDBF7C017F936F9387ED48
:1041F00094E09F938F938E010F5F1F4F1F930F9338
:104200000E9441FDB801C701EBDE0F900F900F90A7
:104210000F900F900F902C960FB6F894DEBF0FBE44
:10422000CDBFDF91CF911F910F91FF90EF90089537
:10423000EF92FF920F931F93CF93DF93CDB7DEB72B
:10424000A4970FB6F894DEBF0FBECDBFF82E8093B3
:10425000000A8FE18F1508F489C08091FF09F816D4
:1042600024F081E08F0D8093FF0981E090E00F2C16
:1042700002C0880F991F0A94E2F7092E000CAA0BBE
:10428000BB0B4091010A5091020A6091030A7091A0
:10429000040A84239523A623B72321E0892B8A2BA4
:1042A0008B2B09F420E02093FE09F7FC62C04FE15C
:1042B00050E06BE475E08E010F5F1F4FC8010E9454
:1042C00030F2F80101900020E9F7CF010197801B3F
:1042D000910B8E31910560F420E2F801E80FF91F8F
:1042E00020838D31910521F08C0F9D1FFC011282DE
:1042F0008F2D0F2C000C990B9F93FF9287ED94E06C
:104300009F938F937E01F0E2EF0EF11CFF92EF92EC
:104310000E9441FDF80101900020E9F7CF010197CB
:10432000801B910B0F900F900F900F900F900F909C
:104330008E31910548F44FE150E0481B590BB7010D
:10434000800F911F0E948DF240E060E0C8010E9442
:10435000C19DA4960FB6F894DEBF0FBECDBFDF910E
:10436000CF911F910F91FF90EF9008951092FE0949
:104370009CCF0E9486CBEDCFCF92DF92EF92FF923F
:10438000CF936B017C01C42F809104158F5F09F4DA
:10439000CEC080930415809104158093BE1520E053
:1043A00030E040E752E4609115027091160280916E
:1043B0001702909118020E94A9F30E944AFB709381
:1043C0001615609315158091130290911402909325
:1043D0001815809317158091190290911A029093E5
:1043E0001A1580931915C0921B15D0921C15E092D6
:1043F0001D15F0921E158091BD15C0FB80F98093AC
:10440000BD1587E0EEEFF9E0AFE1B5E101900D9267
:104410008A95E1F78CE0EBE3F9E0A6E2B5E10190E3
:104420000D928A95E1F78CE0E0E9F9E0A2E3B5E1CD
:1044300001900D928A95E1F7809189079091BD15C1
:1044400080FB94F99093BD15882381F080918507B6
:1044500090918607A0918707B091880780933E15B9
:1044600090933F15A0934015B09341158091ED0DA9
:104470009091EE0D909343158093421580910B0817
:1044800090910C0890934515809344158091C01429
:10449000809346158091BD159091BE0990FB83F9DC
:1044A0008093BD158091BF099091C009A091C10969
:1044B000B091C2098093471590934815A093491570
:1044C000B0934A150E946E9B6093B8157093B9150E
:1044D0008093BA159093BB15809103158093BC15FA
:1044E0009091050A8091BD1593FB81F990916A071F
:1044F00090FB82F98093BD1580E00E94AFE040E020
:1045000050E0BA0184EC95E10E94B8D74BEB50E043
:1045100064E075E184EC95E10E94DAD884EC95E1E1
:10452000CF91FF90EF90DF90CF900C94037E81E0CD
:1045300030CF0E94D7C60E94A6C61092F0070895F9
:10454000AF92BF92CF92DF92EF92FF920F931F93A1
:10455000CF935C016B018A0189509B4F7C01DC0188
:10456000CC91C7FF3DC0FB0111821082CF5FD70104
:10457000CC93CC300CF053C08CE08A9DF0018B9D25
:10458000F00D1124CF018C0F911DC7FD9A9520913C
:10459000570E2817190609F00CF441C0F6012081C6
:1045A0003181FC01EE0FFF1FE80FF91FE15FF14FB2
:1045B00081819281820F931FD80111969C938E93D3
:1045C000808187FF3DC061E08F77CF911F910F9170
:1045D000FF90EF90DF90CF90BF90AF900C94E2D01F
:1045E0008CE08A9DF0018B9DF00D1124CF018C0F82
:1045F000911DC7FD9A952091570E2817190609F0AD
:104600000CF4B4CFFC01EE0FFF1FE80FF91FE15FC0
:10461000F14F808160E08F770E94E2D0A7CFF60152
:104620008081918104968034FCE99F0710F480E436
:104630009CE9D80111969C938E938FEFF7018083AC
:10464000CF911F910F91FF90EF90DF90CF90BF908F
:10465000AF90089525E934E1F90145915491411550
:10466000510571F04817590741F4CB014AE050E079
:10467000B9010E940AF281E00895265F3F4F61F779
:1046800080E008956091FA0370E090E080E00E947D
:1046900048F320E030E048EC52E40E94A9F320E027
:1046A00030E04FE753E40E94DDFA20E030E0A9015A
:1046B0000E9401FA0E9434FC862F0895CF93DF9365
:1046C000C0910B08D0910C08209729F16091070840
:1046D000709108088091090890910A080E9445FB92
:1046E0006E5F7F4F24976C177D07ACF47093F307D0
:1046F0006093F2070E9408D2605679478E4F9F4F11
:104700006093F4077093F5078093F6079093F7078B
:10471000DF91CF9108951092F4071092F50710924F
:10472000F6071092F707F4CF2F923F924F925F92C5
:104730006F927F928F929F92AF92BF92CF92DF92B1
:10474000EF92FF920F931F93CF93DF93D62FC72F34
:10475000FC0180809180A280B380C501B40120E873
:1047600031E541E050E00E946EF9C9016DE671E06B
:104770000E94D1F96B017C01C501B40120E13EE04A
:1047800040E050E00E946EF9CA01B90128E130E032
:1047900040E050E00E946EF9362E272E062F172F8C
:1047A0008CE3482E512C612C712CC501B401A3015E
:1047B00092010E946EF9B62EA72ECA01B901A3017B
:1047C00092010E946EF9CB01C114D10479F1AF922C
:1047D000BF927F936F932F923F92FF92EF92DF925F
:1047E000CF928FE991E19F938F93CF93DF930E94B4
:1047F000DDF28DB79EB70E960FB6F8949EBF0FBE32
:104800008DBF8D2F9C2FDF91CF911F910F91FF9026
:10481000EF90DF90CF90BF90AF909F908F907F9060
:104820006F905F904F903F902F900895E114F104A6
:10483000C9F0AF92BF927F936F932F923F92FF92F6
:10484000EF928FE891E19F938F93CF93DF930E9434
:10485000DDF2EDB7FEB73C960FB6F894FEBF0FBE83
:10486000EDBFCFCF012BB9F0AF92BF927F936F9383
:104870002F923F9283E891E19F938F93CF93DF93A1
:104880000E94DDF28DB79EB70A960FB6F8949EBFD0
:104890000FBE8DBFB6CF892BA9F0AF92BF927F9389
:1048A0006F938BE791E19F938F93CF93DF930E9458
:1048B000DDF2EDB7FEB738960FB6F894FEBF0FBE27
:1048C000EDBF9FCFAF92BF9287E791E19F938F9308
:1048D000CF93DF930E94DDF20F900F900F900F9017
:1048E0000F900F908ECF8F929F92AF92BF92CF92E8
:1048F000DF92EF92FF920F931F93CF93DF9310926B
:104900007405109273052FE32093780510927705B4
:10491000109276051092750510924706109248067F
:104920001092490610924A069C01F90190812F5F6E
:104930003F4F9032D1F39E34C9F4818190ED980FAE
:104940009A3020F08D3211F08B3281F432969F0133
:104950002F5F3F4F808180538A3008F44CC09F0105
:104960002F5F3F4F8081803209F447C0F093A70941
:10497000E093A6098F010F5F1F4FC0816AE270E0CC
:10498000C8010E9407FD009731F0FC01319780813A
:104990008032E1F31182CD3421F0C43511F0C734F7
:1049A000E9F4D8018C910F5F1F4F8032D1F380530F
:1049B0008A30A0F4C093780530E020E06AE0FD0181
:1049C00031968C9180532A3999E13907D0F0309390
:1049D0007705209376058FE380937805DF91CF915B
:1049E0001F910F91FF90EF90DF90CF90BF90AF900D
:1049F0009F908F900895F901AACFF901B0CFDF0100
:104A0000DECF293999E1390711F4863000F7629F2A
:104A1000A001639F500D11249A01280F311D808140
:104A200090ED980F9A3058F33093770520937605E0
:104A30008E3261F4129690E04AE0FD011196808179
:104A400050ED580F5A30C0F090937505DF01319644
:104A50008C918032D9F3CD34F9F42E31310539F00F
:104A600088F42731310519F02C313105A9F4B093C0
:104A70007405A0937305B2CF949F800D112490ED1F
:104A8000980FDBCF2537310538F02737310578F31C
:104A9000203AE3E03E0759F3D091A60940E050E008
:104AA000BA0110E000E0C12CD12C7601C394FD01C5
:104AB00031968C91882309F47FC08132E1F4CD34A2
:104AC000D1F420323105B9F440934706509348069B
:104AD0006093490670934A06F0937405E09373055A
:104AE00063E270E0CF010E9407FD009709F476CFE2
:104AF000FC01108273CF81548A3108F058C0DF0165
:104B00009D91903291F0A0EDA90FAA30E8F09E326D
:104B100071F4918190539A30B8F00115110519F490
:104B20008F010150110990E013C0FD01E8CF9D32C3
:104B300011F09B3291F79181A0EDA90FAA3020F0DE
:104B40009E3259F79281E6CF9E2F9D1B309759F3E5
:104B5000A82FB0E04601570104C0880C991CAA1C7C
:104B6000BB1C8A95D2F7482959296A297B29A75A5B
:104B7000BA4F9C9380818154DF018A3108F497CF2A
:104B8000DF018191882309F492CF90ED980F9A303C
:104B9000B8F393ED980F923098F38B3289F3CD01EF
:104BA0000196EC91E03209F082CFDC01F8CF0115DB
:104BB000110501F78D01DECF109374050093730585
:104BC00040934706509348066093490670934A06FF
:104BD00005CFCF93DF93EC018991882319F00E94D0
:104BE000D6C5FACF8DE00E94D6C58AE0DF91CF917D
:104BF0000C94D6C50C94E6C790918F09992321F0A7
:104C0000682F80E00E94929980E00895682F70E0FC
:104C100090E080E00C944EC81F93CF93DF931BEB82
:104C2000C4E0D5E1FE01812F11928A95E9F70E9437
:104C300009D3882359F0FE0111921A95E9F784EA05
:104C400094E0DF91CF911F910C94D4E0DF91CF914C
:104C50001F91089580910415882361F09091BE15ED
:104C6000891308C08091CC0D84FF04C08BE495E1CA
:104C70000C94C1DE80E00895FC01238121110C9485
:104C8000037E0895CF93DF93C091ED0DD091EE0D8B
:104C9000209729F16091E90D7091EA0D8091EB0D5B
:104CA0009091EC0D0E9445FB6E5F7F4F26976C172D
:104CB0007D07ACF470931808609317080E9408D21F
:104CC00060547B428E4F9F4F6093190870931A086F
:104CD00080931B0890931C08DF91CF910895109248
:104CE000190810921A0810921B0810921C08F4CF91
:104CF000CF93DF93EC018991882319F00E94D6C5E8
:104D0000FACFDF91CF910895682F70E090E080E0B6
:104D10000C94E6C7CF93C1E020E030E0A901609198
:104D200073077091740780917507909176070E94C0
:104D300044F3811101C0C0E08C2FCF910895CF932F
:104D4000C82F882319F0E6DF8823C9F08091BE09B7
:104D50008C17A9F00E947C878BE592E00E947989EC
:104D60008091BE0991E089278093BE09882321F0B4
:104D70008BE592E00E945986CF910C940496CF91D6
:104D800008950E94DD9F811102C00C9499A380E0D8
:104D9000D6DF0E94BBA081E080932F0708954F9239
:104DA0005F926F927F928F929F92AF92BF92CF92BB
:104DB000DF92EF92FF920F931F93CF93DF93EC015B
:104DC00020916B0730916C0740916D0750916E07F1
:104DD000688179818A819B810E9400FA6B017C0144
:104DE00020916F07309170074091710750917207C1
:104DF0006C817D818E819F810E9400FA4B015C0154
:104E0000A7019601609137057091380580913905A9
:104E100090913A050E9444F3882309F45AC0C09245
:104E20003705D0923805E0923905F0923A05209185
:104E30002F05309130054091310550913205C70161
:104E4000B6010E94A9F32B013C010E9476FB6B0185
:104E50007C0120E030E0A9010E9444F387FD7AC084
:104E600020E030E040E850E4C701B6010E9428FC91
:104E7000181634F4C12CD12CC0E8EC2EC0E4FC2E62
:104E8000A7019601C301B2010E9400FA2B013C0167
:104E900020E030E0A9010E9444F387FD5FC040920A
:104EA0002705509228056092290570922A05C701AE
:104EB000B6010E9445FB60932505062E000C770B7A
:104EC0006F5F7F4F6430710514F064E070E06093B1
:104ED0002305D091210510912505A501940160912C
:104EE0003B0570913C0580913D0590913E050E94E7
:104EF00044F381113CC0D11394C020910905309135
:104F00000A0540910B0550910C05609127057091A1
:104F100028058091290590912A050E94A9F32091E6
:104F20000D0530910E0540910F05509110050E941E
:104F300001FADF91CF911F910F91FF90EF90DF90D9
:104F4000CF90BF90AF909F908F907F906F905F9029
:104F50004F900895C12CD12C760192CF1092270545
:104F6000109228051092290510922A05A0CF809250
:104F70003B0590923C05A0923D05B0923E052091E4
:104F80003305309134054091350550913605C50102
:104F9000B4010E94A9F34B015C010E9476FB6B01F6
:104FA0007C0120E030E0A9010E9444F387FDFDC0B0
:104FB00020E030E040E850E4C701B6010E9428FC40
:104FC000181634F4C12CD12CB0E8EB2EB0E4FB2E33
:104FD000A7019601C501B4010E9400FA4B015C01D2
:104FE00020E030E0A9010E9444F387FDE2C08092F6
:104FF0002B0590922C05A0922D05B0922E05C7018D
:10500000B6010E9445FB60932605062E000C770B27
:105010006F5F7F4F6430710514F064E070E060935F
:105020002405C0912605D11305C0809122058C1757
:1050300009F470C080912505909126059093220572
:10504000809321050C2E000CDD0B25E01203C0011E
:105050001124FC01EC0FFD1FEE0FFF1FEE0FFF1FD1
:10506000E657F84F208131814281538120931D05FD
:1050700030931E0540931F05509320050091240591
:10508000002E000C110BFC01E00FF11FEE0FFF1FB3
:10509000EE0FFF1FE657F84F608171818281938187
:1050A0000E9400FA6093190570931A0580931B05FE
:1050B00090931C052091230535E02303F001112472
:1050C000CE0FDF1FCC0FDD1FCC0FDD1FC657D84F13
:1050D000288139814A815B8120931505309316051B
:1050E0004093170550931805E00FF11FEE0FFF1FB7
:1050F000EE0FFF1FE657F84F608171818281938127
:105100000E9400FA609311057093120580931305B5
:105110009093140580902B0590902C05A0902D0560
:10512000B0902E052091190530911A0540911B056C
:1051300050911C05C501B4010E94A9F320911D05E1
:1051400030911E0540911F05509120050E9401FAE3
:105150006B017C01C0920D05D0920E05E0920F0507
:10516000F092100520911105309112054091130520
:1051700050911405C501B4010E94A9F320911505B1
:105180003091160540911705509118050E9401FABB
:10519000A70196010E9400FA6093090570930A0521
:1051A00080930B0590930C05A8CEC12CD12C7601D1
:1051B0000FCF10922B0510922C0510922D051092F6
:1051C0002E051DCFE7E3F5E080EF9FEFA9E7B4ECF4
:1051D00084839583A683B78380839183A283B383DB
:1051E000E1E2F5E08DE98183808308958F929F92BB
:1051F000AF92BF92CF92DF92EF92FF92FC0198E0C4
:10520000A3E7B7E001900D929A95E1F788E0FB01E2
:10521000ABE6B7E001900D928A95E1F7C090730775
:10522000D0907407E0907507F090760720E030E0AA
:10523000A901C701B6010E9444F38823E1F1A70147
:10524000960160E070E080E89FE30E94DDFA6B0168
:105250007C018090770790907807A0907907B090B4
:105260007A0720E030E0A901C501B4010E9444F3AF
:10527000882329F1A501940160E070E080E89FE3B4
:105280000E94DDFAC0922F05D0923005E0923105E0
:10529000F0923205609333057093340580933505A1
:1052A00090933605FF90EF90DF90CF90BF90AF9036
:1052B0009F908F900895C12CD12C7601CACF60E0C9
:1052C00070E0CB01DFCF8F929F92AF92BF92EF92AF
:1052D000FF920F931F93CF93DF9310926F0710925B
:1052E0007007109271071092720710926B0710925C
:1052F0006C0710926D0710926E071092770710924C
:1053000078071092790710927A071092730710921B
:10531000740710927507109276070AE817E0C0E04C
:10532000812C912C80ECA82E8FE7B82E7801D0E04C
:10533000F70181929192A192B1927F016D2F8C2FF2
:105340000E94CAA0DF5FD53099F7CF5F0C5E1F4F78
:10535000C53061F7DF91CF911F910F91FF90EF90D2
:10536000BF90AF909F908F900895EFE6F0E080811E
:105370008260808308958091A0099091A109892B72
:1053800079F48091A0099091A109892B49F4209189
:10539000A0093091A10981E0232B19F480E0089540
:1053A00081E00895CF93DF93EC01FE018491219673
:1053B000882319F00E943520F8CFDF91CF9108950E
:1053C000CF93DF93EB01EEDFCE01DF91CF9190CC55
:1053D000CF92DF92EF92FF926A017B01E3DF42E01E
:1053E000C701B601FF90EF90DF90CF900C947AC880
:1053F0008BE295E0D7CF85E295E0D4CF8AE00C949C
:105400003520CF93DF936BE471E10E94DCCAC09139
:10541000670ED091680E488159816A817B8182E450
:1054200091E1D6DF4C815D816E817F818CEB90E3D1
:10543000CFDF4091630E5091640E6091650E7091C4
:10544000660E89EB90E3C4DF8FE391E1ABDF8BEB7A
:105450009FE1A8DFDF91CF91D1CF0F931F93CF931F
:105460008C01C62F89E09EE09DDFC8019BDF8AE3A7
:105470000E94D6C580E38C0F0E943520CF911F91EA
:105480000F91BCCFCF9385E090E18CDFB7DFE09147
:105490006C0282E6E89FF0011124E153FD4FC081C8
:1054A00060E085EF9FE0D9DF60E080EE9FE0D5DF30
:1054B00061E089ED9FE0D1DF61E08EEC9FE0CDDF20
:1054C00060E08FEB9FE0C9DF61E08FEA9FE0C5DF1E
:1054D00060E086EA9FE0C1DF61E08CE99FE0BDDF2C
:1054E00061E082E99FE0B9DF61E08BE89FE0B5DF32
:1054F00061E083E89FE0B1DF61E085E79FE0ADDF39
:1055000060E087E69FE0A9DF60E088E59FE0A5DF37
:1055100060E08AE49FE0A1DF60E084E39FE09DDF3C
:1055200060E083E29FE099DF61E08EE09FE095DF3D
:1055300061E08FEF9EE091DF61E088EF9EE08DDF1C
:1055400060E08BEE9EE089DF60E084EE9EE085DF28
:1055500061E08BED9EE081DF60E086EC9EE07DDF28
:1055600060E088EB9EE079DF60E08EEA9EE075DF28
:1055700060E087E99EE071DF60E08AE89EE06DDF31
:1055800061E087E79EE069DF60E08AE69EE065DF34
:1055900061E085E69EE061DF61E088E59EE05DDF39
:1055A00060E08CE49EE059DF60E088E39EE055DF38
:1055B00060E085E29EE051DFC7FD1AC060E08091A7
:1055C000C0159091C115CC2339F0C13089F461E048
:1055D0008091C2159091C3150E94B91A682F61700D
:1055E0008CE19EE03ADF60E08EE09EE0CF9135CF27
:1055F00080E0F4CFCF92DF92EF92FF926A017B01BD
:10560000D1DEC701B6010E944EC8FF90EF90DF9037
:10561000CF90F4CE0F931F93CF93883038F5082F97
:10562000082E000C110BC091BF1591E001C0990F1D
:105630008A95EAF79093BF150E946BC887E6809F12
:10564000F001819FF00D1124E758FA4F40815181FC
:10565000628173814F5F5F4F6F4F7F4F8EE691E1A5
:10566000C9DF8AE691E19EDEC093BF15CF911F91FD
:105670000F910895EF92FF920F931F93CF93DF93B3
:105680007C01C62F062F062E000C110B80E068301F
:1056900028F481E001C0880F6A95EAF7D091BF1520
:1056A0008093BF15A5DE87E6809FF001819FF00DF6
:1056B0001124E758FA4F4081518162817381C701FB
:1056C00099DF8C2F0E943A1A0196D9F78C2FA2DF0E
:1056D00087E6809FF001819FF00D1124E758FA4F73
:1056E00015821482D093BF15DF91CF911F910F9136
:1056F000FF90EF9008950F931F93CF93811111C0E6
:10570000C42F8B0178DE84E29CE04CDEC8014ADEC7
:10571000CC2339F08AE30E943520CF911F910F915D
:105720006DCECF911F910F910895CF93C82F41E077
:1057300062EF79E0E0DFC11101C05DDE40917D07DD
:1057400050917E0760917F077091800789EE99E004
:105750003FDE4091810750918207609183077091ED
:10576000840786EE99E034DE83EE99E01BDE8BEB56
:105770009FE118DECF9142CECF93C82F41E069EC74
:1057800078E0B9DFC11101C036DE4091010E5091C1
:10579000020E6091030E7091040E80EC98E018DE0A
:1057A00021E732EB47E25EE36091050E7091060E51
:1057B0008091070E9091080E0E94DDFAAB01BC01AA
:1057C0008DEB98E005DE21E732EB47E25EE3609186
:1057D000090E70910A0E80910B0E90910C0E0E9492
:1057E000A9F3AB01BC018AEB98E0F2DDCF9106CEC4
:1057F000CF92DF92EF92FF926A017B01D3DD42E00C
:10580000C701B6010E947AC8FF90EF90DF90CF9059
:10581000F5CDCF93DF936DEF7DE00E94DCCACBE343
:10582000D9E0488159816A817B8184EF9DE0D0DD98
:105830004C815D816E817F818CEB90E3C9DD488571
:1058400059856A857B8589EB90E3DF91CF91D0CF35
:10585000CF93DF9361E478E00E94DCCA6091160A7E
:105860007091170A8091180A9091190A0E9448F3C2
:10587000AB01BC0188E398E0ABDD4091460A509152
:10588000470A6091480A7091490A85E398E0A0DDD3
:1058900040914A0A50914B0A60914C0A70914D0A0E
:1058A00082E398E095DDC8ECD9E0488159816A81AE
:1058B0007B8181E29CE08CDD4C815D816E817F810A
:1058C0008CEB90E385DD488559856A857B8589EB7E
:1058D00090E37EDD4C855D856E857F8586EB90E36C
:1058E000DF91CF9185CFCF93DF9368EE77E00E9471
:1058F000DCCAC6E0DAE04CA95DA96EA97FA98FEDEC
:1059000097E066DD48AD59AD6AAD7BAD8CED97E0B3
:105910005FDD4CAD5DAD6EAD7FAD82E398E0DF91B4
:10592000CF9166CFCF93DF9364EC77E00E94DCCA1F
:10593000C6E0DAE04CA15DA16EA17FA18BEB97E000
:1059400047DD48A559A56AA57BA58CEB90E340DD12
:105950004CA55DA56EA57FA589EB90E339DD48A92F
:1059600059A96AA97BA986EB90E332DDDF91CF913B
:1059700045CDCF93DF936FE977E00E94DCCAC6E0A4
:10598000DAE0688179818A819B810E9448F3AB01CA
:10599000BC0186E997E01CDD6C817D818E819F8151
:1059A0000E9448F3AB01BC018CEB90E311DD6885EC
:1059B00079858A859B850E9448F3AB01BC0189EB00
:1059C00090E306DD6C857D858E859F850E9448F37A
:1059D000AB01BC0186EB90E3FBDCDF91CF910ECDF8
:1059E000CF93811110C007DD84E29CE0DBDC84E80A
:1059F00097E0D8DC80918907811103C087E797E0A1
:105A0000D1DCFCDCF8DCC09189078EE697E0CADCCB
:105A10008C2FFCD8409185075091860760918707AD
:105A2000709188078BE697E0CF91E2CECF93DF931A
:105A3000EB01B8DCCE01B6DCDF91CF91DFCCCF93A8
:105A400064E17AE00E94DCCAC0917C07C05D8BE013
:105A50009AE0A8DC8C2F0E94D6C580917C0769EE65
:105A60007FE1882311F06DEE7FE187E09AE0CF912E
:105A7000DDCF0F931F93CF93DF938C01D62FC0916F
:105A8000BF158FEF8093BF1585E595E08BDCC801CE
:105A900089DCD111B3DCC093BF15DF91CF911F9189
:105AA0000F9108950F931F93CF93DF938C01D62FFF
:105AB000C091BF158FEF8093BF1560E08BE795E035
:105AC000D8DFC8016FDCD11199DCC093BF15DF911D
:105AD000CF911F910F910895EF92FF921F93CF9353
:105AE000DF937C0160E082E995E0DCDFCFEBD5E17C
:105AF00018818FEF888380E20E943520C70152DC35
:105B00007DDC1883DF91CF911F91FF90EF90089576
:105B100061E08DE895E0C6CF61E089E895E0C2CF0D
:105B20000F931F93CF93DF93D82F8B01C42FF4DFF4
:105B3000D093A20960E083E895E0B4DFD091BF156F
:105B40008FEF8093BF1580E20E943520C8012ADCC8
:105B5000CC2319F08C2F0E94352050DCD093BF1538
:105B6000DF91CF911F910F91089540E0BC0182E039
:105B7000D7DF8CEA9AE0B0DFCBCFEF92FF921F9392
:105B8000CF93DF937C01CFEBD5E118818FEF888332
:105B900060E08DE695E06DDFC70104DC2FDC188343
:105BA000DF91CF911F91FF90EF9008952F923F9238
:105BB0004F925F926F927F928F929F92AF92BF921D
:105BC000CF92DF92EF92FF920F931F93CF93DF93C9
:105BD000CDB7DEB7C854D1090FB6F894DEBF0FBEFB
:105BE000CDBF70E060E085E40E949620811125C061
:105BF00065E070E083E40E9496208C0103970CF02E
:105C000043C080E594E1C85BDF4F0FB6F894DEBF78
:105C10000FBECDBFDF91CF911F910F91FF90EF90FD
:105C2000DF90CF90BF90AF909F908F907F906F90BC
:105C30005F904F903F902F90B5CB88E894E1B2DB16
:105C400080E794E1AFDB89E692E10E9414D260E044
:105C500083E0C85BDF4F0FB6F894DEBF0FBECDBF49
:105C6000DF91CF911F910F91FF90EF90DF90CF9038
:105C7000BF90AF909F908F907F906F905F904F906C
:105C80003F902F900C94EBC583E50E946A1B8823FC
:105C900009F451C00E9493209E838D8360E085E5C6
:105CA0000E9481208FAF83E494E10E9467C80AA715
:105CB000033034F10E9408D26F87788B898B9A8BDE
:105CC00088E892E10E9414D260E083E00E94EBC574
:105CD0004D805E8023E2421621E052068CF186E37D
:105CE00094E160DB87E194E15DDB82E492E10E9474
:105CF00014D260E083E00E94EBC580EF93E13DDFCA
:105D0000C85BDF4F0FB6F894DEBF0FBECDBFDF918B
:105D1000CF911F910F91FF90EF90DF90CF90BF90A8
:105D2000AF909F908F907F906F905F904F903F903B
:105D30002F900C9486CB24EB30E03E832D83AECFA6
:105D40004D805E80B201550C880B990B0E944AF37E
:105D50006B8B7C8B8D8B9E8B2F85388949895A89DB
:105D600020543B424E4F5F4F29AF3AAF4BAF5CAF31
:105D700083EE93E117DB8BED93E114DB0E94BB8094
:105D80008FE78093EF0D80ED93E10E9467C881E07B
:105D9000809347098F849888A988BA8888AA99AA85
:105DA000AAAABBAA1AA21BA21CA21DA21EA21FA2C3
:105DB00018A619A619861A861B861C86FFE7CF2E01
:105DC000D12CE12CF12C198230E43F8B4CE1488F2F
:105DD00056E4598F1A8E1B8E1C8E1D8EAFE74A2EED
:105DE000512C612C712C4E8E5F8E68A279A21CAA58
:105DF0001DAA1EAA1FAA18AE1CA61DA61EA61FA677
:105E000021E02BA71E861D86212C312C00E010E0FE
:105E10004AA4042C000C55085EAE4DAE8D819E81C7
:105E20004E962C01990F6608770824964CAE5DAE0D
:105E30006EAE7FAE24972D813E812E51310929010E
:105E4000052C000C6608770828964CAE5DAE6EAE49
:105E50007FAE289780914709882309F4A7C00E9444
:105E600008D26D837E838F8398875090020829968D
:105E70005FAE2997552021F00E94D6AF10920208FC
:105E800080914B06811108C06624639460924B0692
:105E90000E946DA110924B0629967FAC299777201E
:105EA00009F465C02090E90D3090EA0D0091EB0DEA
:105EB0001091EC0D2A8D3B8D4C8D5D8DB101C8018B
:105EC0000E9428FC181624F42A8E3B8E0C8F1D8FFE
:105ED00029813F89488D598DB101C8010E9444F341
:105EE00087FF04C029823F8A088F198F4BA4910134
:105EF000A8016B897C898D899E89442009F495C10C
:105F00000E9444F387FF33C04D815E816F817885A5
:105F1000481959096A097B09483B2BE0520761057A
:105F2000710528F1D701C6014E8C5F8C68A079A05D
:105F300084199509A609B709B595A79597958795E9
:105F40008093EF0D4CA75DA76EA77FA75B885A8E45
:105F50006C886B8E7D887C8E4E884D8E4D805E80E9
:105F60006F8078844F86588A698A7A8A1BA624961D
:105F70006CAD7DAD8EAD9FAD24970E944AF391012B
:105F8000A8010E9444F387FF2CC087E693E10ADA58
:105F900088E493E107DA82E492E10E9414D260E09F
:105FA00083E00E94EBC580EF93E1E7DD0E94BB80B8
:105FB00031C15BEEC52ED12CE12CF12C9FC134E117
:105FC000432E512C612C712C44E1C42ED12CE12C98
:105FD000F12CA0C126013701CE8CDF8CE8A0F9A0FE
:105FE00058C288A999A9AAA9BBA94D805E806F80D3
:105FF000788484199509A609B709181619061A068E
:106000001B060CF446C080E00E94E2A8F7D9A30169
:1060100092012053384F4F4F5F4F28AB39AB4AABFB
:106020005BAB4CA841107CC02DA93EA94FA958AD2F
:10603000B101C8010E9428FC18160CF057C020E0DE
:1060400030E040E050E4B101C8010E9401FA6DABBC
:106050007EAB8FAB98AF2D813E814F815885205408
:106060003B424E4F5F4F29AF3AAF4BAF5CAF20E0A2
:1060700030E040E051E46B897C898D899E890E94E3
:1060800000FA9101A8010E9444F3881F8827881F05
:106090008CAB8F859889A989BA8988169906AA0632
:1060A000BB0610F4D501C4014D805E806F807884FA
:1060B000481A590A6A0A7B0AD301C20181389F44EF
:1060C000A241B10508F441C088E292E10E9414D2D5
:1060D00060E083E00E94EBC58EE293E14EDD81E259
:1060E00093E160D98FE093E15DD960CF89AD9AAD3E
:1060F000ABADBCAD4D805E806F807884841995090E
:10610000A609B70944EC57E263ED77E218161906C1
:106110001A061B060CF4BDCF80E00E947DAEB9CFFD
:1061200028966CAD7DAD8EAD9FAD28970E944AF349
:106130009B01AC01B101C8010E9444F387FFA9CFC4
:1061400041E058E261E178E2E7CF4DAC5EAC6D84AE
:106150007E84461457040CF07DCE82E093E122D970
:1061600081EB92E11FD981EA92E107DD87E092E1BC
:1061700019D949855A856B857C858DE992E138DB93
:1061800087E092E10FD94EA15FA168A579A589E9C1
:1061900092E12EDB87E092E105D94AA15BA16CA1D7
:1061A0007DA185E992E124DB7FAC772099F14984D8
:1061B0005A846B847C844092010E5092020E60924D
:1061C000030E7092040E21E732EB47E25EE36EA10C
:1061D0007FA188A599A50E94A9F36093050E7093ED
:1061E000060E8093070E9093080E21E732EB47E2EC
:1061F0005EE36AA17BA18CA19DA10E94DDFA609360
:10620000090E70930A0E80930B0E90930C0E81E092
:106210008093F00D1092470988E192E10E9414D218
:1062200060E083E00E94EBC56BCD0E9428FC18164D
:106230000CF09DCE4D805E806F8078842F853889EC
:1062400049895A89421A530A640A750A38EB431677
:106250003BE053066104710408F489CE4D855E85E8
:10626000452B09F4B7CE6CA57DA58EA59FA5640D21
:10627000751D861D971D0E944AF34B015C0120E0AD
:1062800030E0A9010E9444F3882311F16CA57DA59B
:106290008EA59FA564197509860997090E944AF37E
:1062A0002B013C016E8D7F8D88A199A10E944AF33C
:1062B0009B01AC01C301B2010E94A9F3A5019401A5
:1062C0000E94DDFA0E9434FCC60ED71EE81EF91E9D
:1062D00054E1C516D104E104F1040CF470CE8CEE47
:1062E000C816D104E104F1040CF063CE2601370195
:1062F00090E8C916D104E104F10464F026013701E5
:106300002EEF30E040E050E02C193D094E095F09C6
:1063100069017A01B301A20188EC93E10E946281D4
:10632000B701A60183EC93E10E94628149815F89F4
:10633000688D798D8CEB93E14BD84A8D5B8D6C8D9C
:106340007D8D85EB93E144D84D855E8543305105C5
:106350000CF49FC029813F89488D598D6A8D7B8DB2
:106360008C8D9D8D0E9400FA69837A838B839C8338
:106370002FE632E143E85AE30E9428FC18160CF09D
:1063800088C0C701B6010E944AF320E030E040E82F
:1063900050E40E94A9F369877A878B879C872BED4D
:1063A0003FE049E450E469817A818B819C810E94BD
:1063B000A9F320E030E040E05FE30E94A9F39B01F5
:1063C000AC0169857A858B859C850E94DDFA69839D
:1063D0007A838B839C832FE632E143E85AE3C5013D
:1063E000B4010E94A9F34B015C012AE939E949E1B2
:1063F0005FE369817A818B819C810E94A9F369871F
:106400007A878B879C879B01AC010E9401FAA501CA
:1064100094010E94DDFA6EA37FA388A799A729851E
:106420003A854B855C85C501B4010E94A9F320E043
:1064300030E040E05EE30E94A9F36AA37BA38CA353
:106440009DA349815A816B817C818FEA93E10E94EF
:10645000E829B501A40189EA93E1CAD98AE993E15F
:106460000E94D22949855A856B857C8584E993E110
:106470000E94E8294EA15FA168A579A58EE893E165
:106480000E94E8294AA15BA16CA17DA188E893E163
:10649000AFD9D701C601840D951DA61DB71DB595B1
:1064A000A795979587958093EF0D5EAD5F938AA52D
:1064B0008F939E859F93AD85AF9324E733E13F9300
:1064C0002F938FE793E19F938F931F920E943EC972
:1064D0002D853E852F5F3F4F3E872D870FB6F89461
:1064E000DEBF0FBECDBF5B8959838C898F8B9D89A1
:1064F000988FAE89A98FCE8EDF8EE8A2F9A27301A4
:1065000062018D809E80AF80B88429964FAC299718
:106510004BA62DCDEF92FF921F93CF93DF937C017B
:10652000CFEBD5E118818FEF888360E08FE595E0B0
:10653000A0DAC7010E94E9251883DF91CF911F914E
:10654000FF90EF900895AF92BF92CF92DF92EF92BB
:10655000FF920F931F93CF93DF93EC0182E395E0BB
:106560000E94D229209711F4CAE8D7E010E007E092
:10657000015021F080E20E943520FACF812F0E9445
:1065800084261F5F153099F70E94FE2910E080E2F3
:106590000E943520812F0E9484265E0105E080E262
:1065A0000E943520F501C080D180E280F380A701F0
:1065B0009601C701B6010E94B0FC882351F180E228
:1065C0000E9435208DE30E9435208DE30E94352006
:1065D0008DE30E9435208DE30E9435208DE30E94DB
:1065E00035200150F4E1AF0EB11C0111D8CF0E944B
:1065F000FE291F5F2496153051F6DF91CF911F9130
:106600000F91FF90EF90DF90CF90BF90AF900C94E0
:10661000FE2920E030E0A901C701B6010E9428FC54
:1066200087FD03C08BE20E94352043E0C701B6011D
:106630000E947AC8D6CF2F923F924F925F926F926C
:106640007F928F929F92AF92BF92CF92DF92EF9202
:10665000FF920F931F93CF93DF93CDB7DEB7699768
:106660000FB6F894DEBF0FBECDBF83E50E941C1BA2
:1066700089833090BE09882319F00E947220382E39
:1066800080915B0290915C02A0915D02B0915E02EC
:106690008C8B9D8BAE8BBF8B80915F029091600243
:1066A000A0916102B0916202888B998BAA8BBB8BFF
:1066B0008091630290916402A0916502B09166029C
:1066C0008C879D87AE87BF879981992329F03110E8
:1066D00003C080E00E949F26809147069091480663
:1066E000A0914906B0914A0625E1B695A7959795E0
:1066F00087952A95D1F74C015D01E1E08E2299241E
:10670000AA24BB240E948A26882309F4C6C083E4F5
:106710000E941C1B882309F4A8C00E94A3202B01FF
:106720003C018AE897E09B838A839D838C83B5E054
:10673000B983188E10E008ECE2ECE9871E82212C68
:10674000F8ECFF8322E428878C819D819B878A87D0
:1067500095E0998FAA85BB85CD90DD90ED90FD9059
:10676000BB87AA872E81322D4F815885C701B6017C
:106770000E9444F387FF04C0CE822D2CEF82F8865E
:10678000288D312F402F5985C701B6010E9428FC62
:10679000181624F4C88E1D2D0E2DF986B98DB15012
:1067A000B98FB111D7CFE981E150E9838C819D8107
:1067B00044969D838C83E111C7CF288D312F402FC4
:1067C00059856E81722D8F8198850E9401FA20E093
:1067D00030E040E05FE30E94A9F3A30192010E9430
:1067E00001FA2B013C012DEB37E346E855EB0E9403
:1067F00028FC87FD0AC02DEB37E346E855E3C301CB
:10680000B2010E9444F3181684F580E00E949F268E
:1068100010E0AA81BB81BD83AC8300E0EC81FD81E7
:106820006191719181919191FD83EC837F01F4E0FD
:10683000EF1AF108A30192010E9400FAD7016D93AB
:106840007D938D939C931397602F812F0E94CAA0F4
:106850000F5F053019F71F5FEA81FB817496FB8398
:10686000EA831530B1F60E94E22889288A288B280D
:1068700039F00E948A26882319F090E080E063DED8
:106880008AE50E941C1B882321F00E94A3200E94FD
:1068900013CB832D0E949F260CC0311004C0892881
:1068A0008A288B2869F30E94FB2980E696E00E94E3
:1068B000D229332051F08091BE09811106C00E9477
:1068C000F82981E496E00E94D2290E94FB29809158
:1068D000BE0969EE7FE1882311F06DEE7FE183E36D
:1068E00096E0A4D80E94FB2986E296E00E94D22975
:1068F000C090BF09D090C009E090C109F090C209D2
:1069000020E030E0A901C701B6010E9428FC18165A
:106910000CF055C042E0C701B6010E947AC88DE074
:106920000E94D6C58AE00E94D6C52C893D894E8931
:106930005F8960915B0270915C0280915D02909131
:106940005E020E9444F3811120C0288939894A8956
:106950005B8960915F027091600280916102909109
:1069600062020E9444F3811110C0209163023091B1
:10697000640240916502509166026C857D858E852A
:106980009F850E9444F38823F9F069960FB6F89426
:10699000DEBF0FBECDBFDF91CF911F910F91FF9052
:1069A000EF90DF90CF90BF90AF909F908F907F90AF
:1069B0006F905F904F903F902F900C945F9681E284
:1069C00096E00E94D229B1CF69960FB6F894DEBF47
:1069D0000FBECDBFDF91CF911F910F91FF90EF9030
:1069E000DF90CF90BF90AF909F908F907F906F90EF
:1069F0005F904F903F902F900895BC0190E080E011
:106A00000C94E6C70F931F93CF9384E50E946A1BF3
:106A1000C0E08823F1F00E945720C82F1816CCF44C
:106A20000E94FB2900917605109177058DE40E9464
:106A3000D6C5C801E2DF88E29AE00E94D2296C2F15
:106A4000CC0F770B880B990B0E944EC80E94FE2931
:106A5000CFEF8C2FCF911F910F910895BC01990F0B
:106A6000880B990B0C944EC8109251050C949922E6
:106A7000FB01608171817627672776276115710593
:106A800021F0709312026093110290E080E00E9466
:106A900048F36093B10D7093B20D8093B30D909352
:106AA000B40DE2DF81E080932F070895CF92DF924B
:106AB000EF92FF92FB018181882339F0813081F0D0
:106AC000FF90EF90DF90CF9008958091220291E0A7
:106AD000892780932202C8DF81E080932F07F0CFBF
:106AE000C090B10DD090B20DE090B30DF090B40D08
:106AF00020E030E0A901C701B6010E9428FC181669
:106B00008CF4C701B6010E944AFB70931202609395
:106B100011021092B10D1092B20D1092B30D10929D
:106B2000B40DD9CF609111027091120290E080E013
:106B30000E9448F36093B10D7093B20D8093B30D32
:106B40009093B40DC8CFCF93DF93EB010E94D2296D
:106B5000CE01DF91CF9182CFCF93DF9363ED71E1CF
:106B60000E94DCCACEE0D8E0688179818AEC91E1AC
:106B7000EADF6A817B8187EC91E1E5DF4C815D8111
:106B80006E817F8184EC91E1DF91CF910C94F82BA1
:106B9000FF920F931F93CF93DF93811113C0409106
:106BA0004706509148066091490670914A06452B68
:106BB000462B472B39F481E0DF91CF911F910F9144
:106BC000FF90CACF9091050A93FD8EC0C82F1ADF9F
:106BD000082F87FD89C083E50E946A1BD82F882370
:106BE00031F10E9493200E94499E61E08C2F0E9407
:106BF000869C6091ED0D7091EE0D072E000C880BB8
:106C0000990B0E944AF32091E90D3091EA0D4091D1
:106C1000EB0D5091EC0D0E9428FC18160CF44EC0A0
:106C200083EB91E1DD2309F44BC01D2F03C0C1119B
:106C30003FC010E083E50E946A1B882331F00E9468
:106C4000932090930F0880930E0882E40E946A1BA1
:106C5000882331F00E9493209093110880931008AC
:106C600086E40E941C1B8823D9F10E94A320609314
:106C70001208709313088093140890931508FF244A
:106C8000F39420E030E0A9010E9444F3811101C097
:106C9000F12CF0921608CC2339F1112329F16D2F34
:106CA000802FDF91CF911F910F91FF900C94ADA990
:106CB00082E50E946A1B811194CFBBCF80ED93E1E6
:106CC0009F938F938EEB91E19F938F931F920E94DE
:106CD0003EC90F900F900F900F900F9011E0AACF28
:106CE00060E070E0CB01C3CFDF91CF911F910F9196
:106CF000FF9008958C01EB01F42E0E94BB800115DA
:106D0000110509F469C00E94FB29C8010E94D2291B
:106D10000E94FE29209711F4CCE6DFE2809108055D
:106D200080FD2DC0816080930805C8010E94739F7B
:106D3000209741F001E021E040E2BE0180E291E1D4
:106D40000E940CC68CE69FE2009741F001E021E032
:106D500040E2BC0180E491E10E940CC601E021E028
:106D600040E266EE74E080E691E10E940CC668ECB9
:106D700083E00E94EBC561E08AEF0E94809F0E9441
:106D8000F82985E095E00E94D22961E083EF94E044
:106D90000E94392D89EE93E0019739F000C0000080
:106DA000EEE5F9E03197F0F7F7CFF89489EE93E04C
:106DB000019739F000C00000E6EEF3E03197F0F7FC
:106DC000F7CF0E94BB80FF2021F00E947382A8951C
:106DD000FECF0E943882FBCF209711F4CCE6DFE291
:106DE0000CEF14E09BCFCF92DF92EF92FF926B01FA
:106DF0007C0183E3C816D104E104F10470F082E35E
:106E0000C81AD108E108F10862E370E080E090E080
:106E10000E946ED10E9463B0ECCFC701B6010E9400
:106E20006ED1FF90EF90DF90CF900C9463B0909173
:106E3000CC0D94FB882780F994FF06C081E09091E7
:106E40002617911101C080E00895F1DF882339F001
:106E50008091CC0D82FB882780F991E089270895E5
:106E6000CF93FB01C181C13031F40E94A69E8111F4
:106E700004C0C0932F07CF9108950E94DD9F811118
:106E800003C0CF910C9499A30E9486CBDEDF8823A8
:106E900031F089E499E1909349098093480961E0D0
:106EA00082E499E10E94392DCF910C94EC9B809162
:106EB000B00D811105C08091B509823009F0C5CFB0
:106EC00081E00895F4DF81110DC01092010A109243
:106ED000020A1092030A1092040A1092FF098FEF1F
:106EE0000E9418210C94EC9B9091CC0D92FB88276A
:106EF00080F992FF05C097FB882780F991E08927E8
:106F000008954F925F926F927F928F929F92AF926D
:106F1000BF92CF92DF92EF92FF920F931F93CF9386
:106F2000DF9300D01F92CDB7DEB719821A821B8281
:106F30001C8293E1A92E94E0B92ECE0101964C015A
:106F40002BE5C22E22E0D22E36E5E32E37E0F32EDB
:106F500010E000E0F50181915F010E946A1BF401DD
:106F600081934F01882321F08091FE09882359F0F5
:106F7000F60180819181A281B381F70180839183A1
:106F8000A283B38318C00E94A3202B013C01802F51
:106F90000E94BC1A882309F4A4C0F6012081318123
:106FA00042815381C301B2010E9401FAF70160835B
:106FB0007183828393830F5F1F4FF4E0CF0ED11C48
:106FC00084E0E80EF11C0330110521F685E40E94EF
:106FD0006A1B8C83882309F494C00E94A3206B0150
:106FE0007C0183E00E94BC1A882371F02091670223
:106FF000309168024091690250916A02C701B6015E
:107000000E9401FA6B017C01C0926207D092630773
:10701000E0926407F092650780917C07882379F1FC
:1070200063DF882361F18C81882349F18981811193
:1070300003C08A81882319F12DEC3CEC4CE45DE31C
:1070400060910D1570910E1580910F15909110158E
:107050000E9401FA9B01AC0160916302709164028D
:1070600080916502909166020E9428FC18163CF4FB
:1070700040E060E070E080E090E40E94BC2140E0ED
:1070800050E0BA0186E40E94D12020E030E0A9015E
:107090000E9428FC181684F40E94A32020E030E00F
:1070A00040E752E40E94DDFA6093150270931602E5
:1070B00080931702909318020F900F900F900F90EB
:1070C000DF91CF911F910F91FF90EF90DF90CF90C4
:1070D000BF90AF909F908F907F906F905F904F90F8
:1070E0000895F801EE0FFF1FEE0FFF1FE057F64F58
:1070F0002081318142815381C301B2010E9400FA93
:1071000055CF8091670290916802A0916902B09179
:107110006A028093620790936307A0936407B09319
:1071200065077ACF80918A09833018F0EADE0C94E3
:1071300098B3089580917C07811102C00C940C26AD
:10714000D3DE882339F040E060E070E080E090E436
:107150000C94BC2108958091B00D811105C08091DF
:10716000B509813019F0C0CE80E0089581E008951E
:107170002F923F924F925F926F927F928F929F9247
:10718000AF92BF92CF92DF92EF92FF920F931F9335
:10719000CF93DF93CDB7DEB767970FB6F894DEBF16
:1071A0000FBECDBF782E80916B0247E6E42E662499
:1071B0006394843008F4C3C50E9408D26B017C013B
:1071C000711005C08091B00D882309F433C2C092BC
:1071D0009C09D0929D09E0929E09F0929F0981E05E
:1071E0004091530550915405609155057091560595
:1071F000411551056105710509F41EC200919C09F4
:1072000010919D0920919E0930919F0946015701D7
:10721000801A910AA20AB30A95018401041715077E
:107220002607370708F408C20E94F8290091A6092A
:107230001091A7098AE294E00E94D229B8018FEF49
:1072400093E00E94E0290E94FE2940E070E060E0A7
:1072500090E080E02DC18091510A9091520A7CC546
:10726000AF2CB12C8A3019F08D3009F022C1EA9C84
:10727000F001EB9CF00D1124E758FA4FDF01AA59F9
:10728000BF4F1C9284819581DF01A80FB91F16960C
:107290001C92892B19F40E9463B07CC5FE9CC0012E
:1072A00011249C0121583A4F6901158214828901E9
:1072B000F8018191803209F452C08E3409F0C8C0BF
:1072C0000115110509F4C4C063ED73E0C8010E9403
:1072D00073F24C01892B41F06EE470E0C801049612
:1072E0000E9407FD009709F4C8014AE050E070E0F1
:1072F00060E001960E94D5EF1B012C01EA9CF00191
:10730000EB9CF00D1124E758FA4F80819181A28106
:10731000B381AC01BD014F5F5F4F6F4F7F4F2416AC
:10732000350646065706E9F08928D9F4AC01BD01B7
:107330004150510961097109241635064606570660
:1073400034F082159305A405B5050CF023C56F2D07
:1073500080EA93E00E943A2BF12C20E0F3C48F01E5
:10736000A7CF6AE270E0C8010E9436FD9C01009739
:1073700009F1982F901B912C992339F09150F80125
:10738000E90FF11D80819826F7CF4AE050E070E0C8
:1073900060E0C90101960E94D5EF292D30E050E050
:1073A00040E0621773078407950741F06F2D81E86D
:1073B00093E0D0CF6F2D87E593E0CCCFEA9CF0012E
:1073C000EB9CF00D1124E758FA4F20823182428263
:1073D000538280918A09813039F567E470E0C801F1
:1073E0000E9407FD009701F14AE050E070E060E084
:1073F00001960E94D5EF6430710581059105A0F4D6
:10740000B090BF15862D0F2C01C0880F0A94EAF7A3
:107410008093BF1586EB92E00E94D2298CEA92E01D
:107420000E9467C8B092BF15F80180818D3479F54C
:107430008381823391F1883301F1803341F5818179
:10744000843329F58281813311F50E9442961FC051
:107450008091CC0D80FFBDCF6FEE7EE2C8010E940F
:1074600073F2009731F0FC01838180538A3008F079
:10747000B0CF6F2D8DE293E06DCF8281803339F4F0
:107480008181813321F41092470910922D074F2DED
:1074900060E0C6010E9456C77DC482818133B9F77E
:1074A00081818133A1F741E070E060E087EA9BE0F1
:1074B00021DCFE9CB00111249B0123583A4FAB0103
:1074C00041585A4F61527A4F0E94651A63C44091E5
:1074D0006D02242F30E00A3061F00D3051F0882326
:1074E00009F49AC089819A81009719F001969A83CC
:1074F00089831092F90489819A81F29EF001F39EAA
:10750000F00D1124E559FD4FDF01A80FB91F1396A7
:107510001C92892B61F50E9463B00E949D1A8823FA
:1075200009F452C483E297E10E94037E8091C30D67
:10753000882309F467C081508093C30D8D9DC001DD
:10754000112462E08153974F0E9457DFE091C30DF1
:1075500024E0E29FF0011124E553F74F608171812F
:10756000828193810E94A31F0E94B7D32DC41A82E7
:10757000198283818D3479F48481823361F4858129
:10758000853349F4868180538A3028F08091CC0D70
:107590008B7F8093CC0DF29EF001F39EF00D1124B1
:1075A000E253FD4FC0824F9DF0011124E153FD4F86
:1075B0006082220F331F220F331FF901E059F44F6D
:1075C0008091800B9091810BA091820BB091830BE5
:1075D00080839183A283B3834F5F443080F44093D0
:1075E0006D0280916B028F5F80936B028092800BA3
:1075F0009092810BA092820BB092830B8ECF10924F
:107600006D02EFCF0E94A7D38091CC0D886080934C
:10761000CC0DE0928A09D8C34F9DA0011124425994
:107620005D4F9E012F5F3F4F69EF74E0802F0E94F6
:10763000651ACAC380E0D4CD20916B0E90916C0E78
:10764000291741F0C0929C09D0929D09E0929E09B1
:10765000F0929F094091020250910302609104024E
:1076600070910502452B462B472B29F0291709F469
:10767000A6C0109202058091FE049091FF04A09193
:107680000005B09101058C199D09AE09BF091816B6
:1076900019061A061B060CF450C120916B0E80913E
:1076A0006C0E9091C114281709F4BAC0E0916C0EC9
:1076B00023E6E29FF0011124E552F14F8081891702
:1076C00041F08093C1140E9408D28091C01480932D
:1076D000BE1480911608882309F422C1A0900E08D8
:1076E000B0900F08C50102972091ED0D3091EE0D7D
:1076F000281739070CF414C190906C0E612C712C72
:10770000812C1F8A80916B0E891509F48CC0892DFC
:1077100090E033E6389FF001399FF00D1124E357D4
:10772000F14F458D568D678D70A1452B462B472B0C
:1077300081F441A152A163A174A1452B462B472B93
:1077400041F445A156A167A170A5452B462B472BB7
:1077500089F1E3E6E89F8001E99F100D11240357AA
:10776000114FF80161A572A583A594A50E9448F365
:107770001B012C01F80165A576A587A590A90E949B
:1077800048F39B01AC01C201B1010E94DDFAF8018E
:1077900021813281438154810E94A9F32B018C0104
:1077A0009301482D5F890E9428FC18161CF43201B1
:1077B000802E1F8B892D0E940D8C982EA3CF8111B6
:1077C00058CF0E9408D200919C0910919D092091E8
:1077D0009E0930919F09601B710B820B930B0091E6
:1077E00002021091030220910402309105026017F9
:1077F00071078207930708F43CCF8091020581113D
:107800003ACF81E08093020580E00E94478281E0C8
:107810000E94478282E00E9447820E9438822BCFDA
:107820008091C0144CCFB301882D9F890E9445FBE5
:10783000072E000C880B990B0E944AF32091120826
:107840003091130840911408509115080E94A9F333
:107850002B013C01B501BB0C880B990B0E944AF32C
:107860009B01AC01C301B2010E9401FA3B014C0132
:107870006091100870911108072E000C880B990B6D
:107880000E944AF35B018C019B01AC01B301C4016E
:107890000E9428FC181614F0530184014090FA0449
:1078A0005090FB046090FC047090FD049501A801C9
:1078B000C301B2010E9428FC1816D4F420E037ED71
:1078C00043EA5CE3B501C8010E94A9F34B015C01E6
:1078D00028E431EE4AE75FE3C301B2010E94A9F355
:1078E0009B01AC01C501B4010E9401FA5B018C014E
:1078F000C501D8018093FA049093FB04A093FC0483
:10790000B093FD04B501C8010E9445FB6232F1E06D
:107910007F0714F062E271E07093EE0D6093ED0D5D
:1079200024E6C20ED11CE11CF11CC092FE04D092D0
:10793000FF04E0920005F09201050E9463B080917F
:107940008A09882309F4CEC180912202882309F490
:10795000B9C0809151058111B5C08091B00D8111E0
:1079600004C0F9DB882309F4ADC0F89480910001CC
:1079700086FB882780F99091070598278093070553
:107980008091F107892B8093F1078091000111E02C
:10799000082F007285FF03C010E00E94D7C6109325
:1079A000F007002381F020E030E0A9016091B10DE3
:1079B0007091B20D8091B30D9091B40D0E9428FC8E
:1079C00018160CF4AAC010E020E030E0A901609184
:1079D000B50D7091B60D8091B70D9091B80D0E94C4
:1079E00044F387FDB7C07894112309F46BC0FF24DA
:1079F000F394F09251050E949922F092F007809141
:107A0000B00D81115DC01F921F9288E994E09F9391
:107A10008F931F9285E18F93CE0101966C019F9306
:107A20008F930E94A1F200E020E040E2B60180E0E6
:107A300090E30E945BC60E9408D2605D7A488F4F37
:107A40009F4F60938B0D70938C0D80938D0D909351
:107A50008E0D60E083E00E94EBC540E365ED74E0CD
:107A600081E00E94902D0E94882D1091570560E0C2
:107A70001F250FB6F894DEBF0FBECDBF84ED98E092
:107A800061F483EC94E00E94392D80E30E9435205C
:107A90000E94FE2960E082E89BE00E94392D81EB84
:107AA00094E00E94D22980E30E9435200E94FE29A2
:107AB000112331F08CEA94E09093490980934809AE
:107AC0000E947C878091090180958170109100024D
:107AD000181709F482C0012F1F3F09F400E08093BA
:107AE00000028823C9F164EF71E080E090E07BD967
:107AF0000E944ADC8091CC0D84FD30C010132FC051
:107B00008EE794E00E9414D280912E07823019F4FF
:107B100081E080938B09012F2FC020E030E0A90184
:107B20006091BA0D7091BB0D8091BC0D9091BD0D0F
:107B30000E9444F387FF47CF80E090E0A0E8BFEBCE
:107B40008093B50D9093B60DA093B70DB093B80D7B
:107B500011E03ACF11E047CF00E0D0CF01E017FDB0
:107B600009C080912E07101774F5813019F482E056
:107B700080938B090E946AA3002379F117FF2DC01F
:107B80008091CC0D84FF19C00E9409D3882379F01D
:107B900081E00E94AFE04BEB50E064E075E184ECE3
:107BA00095E10E9455DA84EC95E10E94037E0E94E3
:107BB0002A2681110CC00E940C2681E08093C20D00
:107BC0000E94F7DE0AC08230A9F681E0D1CF81E9B8
:107BD00094E090934909809348090E9408D26B0170
:107BE0007C0110910102112321F180915805882315
:107BF00001F14091030550910405609105057091D4
:107C000006054C195D096E097F091416150616063E
:107C100017060CF10091BF159FEF9093BF158330AD
:107C200009F488C00CF077C081300CF07CC0009360
:107C3000BF15212F30E0A8EEB3E00E94B6F9C60EC2
:107C4000D71EE81EF91EC0920305D0920405E092EB
:107C50000505F092060580914B06811107C081E071
:107C600080934B060E946DA110924B068091D10D1E
:107C70008823C1F10E9408D26B017C018091CD0D57
:107C80009091CE0DA091CF0DB091D00D8C199D0982
:107C9000AE09BF09181619061A061B061CF1209119
:107CA000D10D30E0A8EEB3E00E94B6F9C60ED71EA3
:107CB000E81EF91EC092CD0DD092CE0DE092CF0DF0
:107CC000F092D00D1091BF158091D20D8093BF1509
:107CD00080914709811104C00E94E2A80E94FE29F8
:107CE0001093BF1567960FB6F894DEBF0FBECDBFD9
:107CF000DF91CF911F910F91FF90EF90DF90CF9088
:107D0000BF90AF909F908F907F906F905F904F90BB
:107D10003F902F900895843009F089CF0E94FB296D
:107D20008DE394E004C00E94FB298CE694E00E945D
:107D3000D2297DCF0E94FB2985E594E0F8CF20E091
:107D400080E0F82E80916B02843050F5F11083CAE8
:107D50008091D30A9091D40A891B8F7790E0892B68
:107D6000D1F08F2D0E943A1A97FF7ACA1091BF1551
:107D7000862D0F2C01C0880F0A94EAF78093BF1557
:107D80000E94F82988ED93E00E94D2290E946BC8D6
:107D90001093BF1521E081E0F812D3CF2111CFCF8E
:107DA000A3D8882309F408CA8091CC0D83FD04CAA6
:107DB0001A82198292E6F92E24E0E22E39E6D32EB9
:107DC000CC24C39466246A9480916B02843008F0BA
:107DD000F3C90E949D1A8111EFC91E8A41E050E04B
:107DE000BE016A5E7F4F83E297E10E9455DA0E89F9
:107DF00010E0019711F00FEF1FEF80902B1790907C
:107E00002C17A0902D17B0902E178092C80D90922D
:107E1000C90DA092CA0DB092CB0D0E949D1A0F3FC2
:107E2000100709F054CB811152CB0E94F82980EF42
:107E300093E00E94D229C8CF2F923F924F925F9237
:107E40006F927F928F929F92AF92BF92CF92DF926A
:107E5000EF92FF920F931F93CF93DF93CDB7DEB7CF
:107E6000AA970FB6F894DEBF0FBECDBF9091050A5A
:107E700093FD67C1182F83E50E946A1B89A388239D
:107E800009F458C10E9493208F3591050CF072C1FE
:107E900090930C0880930B080E945E2360910B085E
:107EA00070910C08072E000C880B990B0E944AF366
:107EB00020910708309108084091090850910A085C
:107EC0000E9428FC18160CF058C188EF91E10E941E
:107ED00067C801E0612F6027812F0E94869C1123D3
:107EE00009F42FC1009347091B8E1C8E1D8E1E8E18
:107EF0001AA21BA21CA21DA21FA22CE328A73CE1D0
:107F000039A786E48AA71E8A1F8A90E8988FAFEB6C
:107F1000A98F1A8EB1E0BEA3812C912C5401FE01D1
:107F200031961F0160910B0870910C08072E000C10
:107F3000880B990B0E944AF37B018C012E893F89A3
:107F4000488D598D0E9444F38823B9F02091070889
:107F5000309108084091090850910A08F9A1B70129
:107F6000C801F1110DC10E9444F3881F8827881FA2
:107F70008A8FEE8AFF8A088F198F0E9408D26B01C0
:107F80007C018AA19BA1ACA1BDA18C199D09AE0960
:107F9000BF09181619061A061B06ACF1D701C6014F
:107FA00088519C4FAF4FBF4F8AA39BA3ACA3BDA3E7
:107FB00080E00E94E2A845E150E065EE71E1C10178
:107FC0000E9430F21D8A81149104A104B10409F4C5
:107FD000EAC0C501B401605F784D8F4F9F4F6C19A7
:107FE0007D098E099F0928EE33E040E050E00E94B1
:107FF0006EF9BA01A901C1010E945F7FC1010E940F
:1080000078260E94FE2980E0B3D80E9408D26093AF
:108010009C0970939D0980939E0990939F09B0914C
:108020000708BF8FE0910808E8A3009109081091A4
:108030000A082B2F3E2FA8016E897F89888D998D84
:108040000E9400FA2B013C0120E030E0A9010E94CF
:1080500028FC87FF04C077FA709477F87094811435
:108060009104A104B10409F0BCC020E030E040E874
:108070005FE3C301B2010E9444F387FF10C0FEA179
:10808000812C912C5401FF2331F085E0882E8DE066
:10809000982EA12CB12C8C0C9D1CAE1CBF1C2A8DC3
:1080A000222391F18B8D9C8DAD8DBE8D0097A10506
:1080B000B10549F08C199D09AE09BF0918161906BA
:1080C0001A061B060CF12F8D38A1A8016FA178A507
:1080D00089A59AA50E9400FA20E030E040E85FE31D
:1080E0000E9444F387FD50C0D701C601805A9541D4
:1080F000AF4FBF4F8B8F9C8FAD8FBE8F9F8D9FA338
:10810000A8A1A8A709A71AA7809147098823E1F188
:1081100081149104A104B10459F0C818D908EA08DF
:10812000FB08B0E1CB16B7E2DB06E104F10460F531
:108130001EA2F8CE112329F082E50E946A1B81114C
:10814000A1CEAA960FB6F894DEBF0FBECDBFDF91C9
:10815000CF911F910F91FF90EF90DF90CF90BF9044
:10816000AF909F908F907F906F905F904F903F90D7
:108170002F9008958FE590E08BCE89EE91E1A7CE08
:108180000E9444F387FF09C0809147098823C9F200
:10819000109247090E9486CBD4CFEE8AFF8A088FBF
:1081A000198F1A8EEACED1010D900020E9F7CD018A
:1081B0000197821993098431910508F01FCFF101CD
:1081C000E80FF91FBFE3B0838331910509F416CF9F
:1081D000E2E0F0E0EC0FFD1F8E0F9F1FDC011C9210
:1081E0000DCF20E030E040E450E4C301B2010E9432
:1081F00028FC18160CF053CF4601570150CFCF93EF
:10820000DF93EC0188818823E1F08A30D1F08D3052
:10821000C1F04FEF61E0CE010E9456C7882369F09C
:108220000E94FB29BE018DE591E10E94E0298AE5CB
:1082300091E1DF91CF910C94D22980E00E94B8386F
:10824000E1CFDF91CF91089580910807882371F0E5
:108250000E94DD9F811102C00C9499A361E181EA23
:1082600099E10E94B2D088E097E0C9CF08955F926B
:108270006F927F928F929F92AF92BF92CF92DF9236
:10828000EF92FF920F931F93CF93DF93CDB7DEB79B
:108290007C016DB67EB610E000E08DB69EB6F701AB
:1082A000E00FF11F549068018FEFC81AD80A5520CB
:1082B00019F09AE059121FC08DB79EB78C199D090D
:1082C0000FB6F8949EBF0FBE8DBF01965C01A8014A
:1082D000B7010E940AF2F501E00FF11F1082C501FB
:1082E0008EDF552051F0EC0CFD1C0FB6F8949EBEAD
:1082F0000FBE8DBED2CF8601D2CF0FB6F8947EBE10
:108300000FBE6DBEDF91CF911F910F91FF90EF9047
:10831000DF90CF90BF90AF909F908F907F906F90A5
:108320005F900895FB0181818130A9F40E94DD9F57
:10833000811104C083E19BE10C9414D20E942A268F
:10834000811103C08FE09AE1F7CF83E080938B091E
:1083500085E29AE18CCF0895CF93FB01C181C130B2
:1083600069F40E94DD9F811103C0CF910C9499A301
:10837000C0938B0988E09AE1CF9179CFCF9108958E
:108380000F931F93CF93DF93CDB7DEB768970FB6E8
:10839000F894DEBF0FBECDBF0E94DD9F811105C0E6
:1083A00083E19BE10E9414D206C080912C078F3F8D
:1083B00069F0882371F068960FB6F894DEBF0FBE9F
:1083C000CDBFDF91CF911F910F91089587EF99E174
:1083D000E9CF80910D028F9380910C028F931F92B1
:1083E0001F92809108028B3008F18AE01F928F93D0
:1083F00087EE99E19F938F931F9288E18F938E016F
:108400000F5F1F4F1F930F930E94A1F263E185ED51
:1084100099E10E94B2D0C801F2DE80ED99E127DF38
:108420000FB6F894DEBF0FBECDBFC5CF8330F0F6D8
:1084300083E0DCCFFB018181882319F0813051F08A
:1084400008950E94DD9F811102C00C949DA380ECD1
:1084500099E10DCF86E180938B090895FB0181811D
:10846000813061F40E94DD9F811102C00C9499A3B8
:108470008BEB99E1FCDE86EB99E1F9CE0895CF9381
:10848000DF93EB010E94DD9F811104C0DF91CF914A
:108490000C949DA3C98160912E0787E999E10E9400
:1084A000B2D0C13059F028F0C23059F0DF91CF91ED
:1084B000089580E999E1DF91CF91D9CE8AE899E1D9
:1084C000FACF85E899E1F7CF80918E0987708730E0
:1084D00021F081E699E10C9414D20E94DD9F811174
:1084E00002C00C9499A38EE080938B098DE599E1ED
:1084F000BEDE88E599E1BBCE2F923F924F925F920C
:108500006F927F928F929F92AF92BF92CF92DF92A3
:10851000EF92FF920F931F93CF93DF93CDB7DEB708
:10852000C557D1090FB6F894DEBF0FBECDBF9091ED
:108530008A09933008F41DC1182F0E94813782E503
:108540000E946A1B882309F43CC10E94A3202B01CE
:108550003C0120E030E0A9010E9444F3882309F4A3
:1085600002C180905B0290905C02A0905D02B0908E
:108570005E0220915F023091600240916102509151
:1085800062022D8F3E8F4F8F58A3C0905607D09018
:108590005707E0905807F090590780915A0790913B
:1085A0005B07A0915C07B0915D0789A39AA3ABA379
:1085B000BCA3A7019601C501B4010E9444F3811137
:1085C0000DC029A13AA14BA15CA16D8D7E8D8F8D2F
:1085D00098A10E9444F3882309F4C5C0A501940121
:1085E000C701B6010E9400FA20E030E040E05FE3FE
:1085F0000E94A9F36B017C012D8D3E8D4F8D58A1FA
:1086000069A17AA18BA19CA10E9400FA20E030E030
:1086100040E05FE30E94A9F36D8F7E8F8F8F98A358
:1086200020E030E0A901C301B2010E9444F3881F99
:108630008827881F181709F4B6C020E030E040E80A
:108640005FEB29A33AA34BA35CA3A7019601C70143
:10865000B6010E94A9F34B015C012D8D3E8D4F8D1B
:1086600058A1CA01B9010E94A9F39B01AC01C5013F
:10867000B4010E9401FA0E946EFC4B015C01AC0146
:108680009B01C301B2010E9400FA69A77AA78BA7D8
:108690009CA7A5019401C301B2010E9401FA9B01AC
:1086A000AC0169A57AA58BA59CA50E94A9F32B0115
:1086B0003C0120E030E0A9010E9428FC87FD7CC03D
:1086C000C301B2010E946EFC69A77AA78BA79CA781
:1086D0006D8D7E8D8F8D98A19058A50194010E947B
:1086E000DDFA29A13AA14BA15CA10E94A9F329A519
:1086F0003AA54BA55CA50E94A9F3A70196010E948B
:1087000001FA2B013C01A5019401C701B6010E94A9
:10871000DDFA29A13AA14BA15CA10E94A9F329A5E8
:108720003AA54BA55CA50E94A9F32D8D3E8D4F8DDA
:1087300058A10E9401FA6D8F7E8F8F8F98A320E041
:1087400030E0A901C301B2010E9444F38111F0C4D9
:1087500020E030E0A9016D8D7E8D8F8D98A10E9463
:1087600044F38111E5C40E94F82984E091E10E945C
:10877000D229CB58DF4F0FB6F894DEBF0FBECDBF66
:10878000DF91CF911F910F91FF90EF90DF90CF90ED
:10879000BF90AF909F908F907F906F905F904F9021
:1087A0003F902F90089580E090E0A0E8BFE389A378
:1087B0009AA3ABA3BCA349CF19A61AA61BA61CA6B5
:1087C00087CF89E40E946A1B412C512C32018823F7
:1087D00021F00E94A3202B013C018AE40E946A1B25
:1087E000882309F497C40E94A320A5CF2DA13EA100
:1087F0004FA158A569A17AA18BA19CA10E94A9F3C0
:108800006B017C012DA53EA54FA558A969A57AA5A8
:108810008BA59CA50E94A9F39B01AC01C701B601E1
:108820000E9401FA6B017C012DA53EA54FA558A918
:1088300069A17AA18BA19CA10E94A9F34B015C01C3
:108840002DA13EA14FA158A569A57AA58BA59CA5F0
:108850000E94A9F39B01AC01C501B4010E9400FA7A
:10886000A70196010E9474FA6B017C0120E030E0C0
:10887000A9010E9444F3882309F4B7C020E030E046
:10888000A901C701B6010E9444F387FFB9C082E085
:1088900090E0812B8130910509F4B5C0029709F46D
:1088A000BDC020E030E0A901C701B6010E9428FC4C
:1088B0004601570187FF04C0B7FAB094B7F8B094E7
:1088C0002BED3FE049EC50E4C501B4010E94DDFA14
:1088D00020E030E040E952E40E94A9F30E94C7FA88
:1088E0000E944AFB1B018091630290916402A09157
:1088F0006502B091660262968CAF9DAFAEAFBFAF1E
:10890000629720916702309168024091690250910C
:108910006A0266962CAF3DAF4EAF5FAF66979C0183
:10892000AD0160915E0770915F0780916007909143
:1089300061070E9400FA6DA77EA78FA798AB669685
:108940002CAD3DAD4EAD5FAD669760916207709105
:10895000630780916407909165070E9400FA2B01DC
:108960003C01A50194012E966CAD7DAD8EAD9FAD01
:108970002E970E94A9F369AB7AAB8BAB9CAB27E136
:1089800037EB41ED58E30E9444F387FF50C02DEBD5
:1089900037E346E855EB6DA57EA58FA598A90E9403
:1089A00028FC87FD44C02DEB37E346E855E36DA571
:1089B0007EA58FA598A90E9444F31816C4F12DEB4B
:1089C00037E346E855EBC301B2010E9428FC87FD5E
:1089D0000AC02DEB37E346E855E3C301B2010E941C
:1089E00044F3181614F40E9492380E9408D260933F
:1089F0009C0970939D0980939E0990939F09B9CE1D
:108A000090E080E046CF2BED3FE049EC50E4C70119
:108A1000B6010E9400FA6B017C0143CF2BED3FE0D1
:108A200049EC50E4C701B6010E9401FAF4CF2AE0F4
:108A300037ED43E25CE3609115027091160280917C
:108A40001702909118020E94A9F34B015C016091FA
:108A5000130270911402072E000C880B990B0E94D0
:108A60004AF39B01AC01C501B4010E94A9F36BAFAD
:108A70007CAF8DAF9EAF69A97AA98BA99CA90E94F2
:108A800076FB162F872E982EA92EB10190E080E05C
:108A90000E9448F31B01082F9DA39B01482F592FCB
:108AA000612F782D892D9A2D0E9428FC181624F408
:108AB000212E382C092DADA29101402F5DA169A96D
:108AC0007AA98BA99CA90E94DDFA4B015C0120E0E8
:108AD00030E040E85FE30E9428FC18160CF09AC2D0
:108AE00069A97AA98BA99CA90E94C7FA0E944AFB8E
:108AF0007EAB6DAB198A1A8A1B8A1C8A1D8A1E8A54
:108B00001F8A188E198E1A8E1B8E1C8E4DA95EA977
:108B10004230510508F454C2BA0190E080E00E944E
:108B200048F323966CAF7DAF8EAF9FAF23979B0129
:108B3000AC01C701B6010E94DDFA6FAB78AF89AF17
:108B40009AAF9B01AC010E94A9F36B017C01AC01BF
:108B50009B016FA978AD89AD9AAD0E94A9F320E081
:108B600030E040EC50E40E94DDFA9B01AC016FA9BB
:108B700078AD89AD9AAD0E9400FAA6966CAF7DAF34
:108B80008EAF9FAFA69720E030E040E05FE3C701E3
:108B9000B6010E94A9F39B01AC0160E070E080E89F
:108BA0009FE30E9400FAAA966CAF7DAF8EAF9FAF95
:108BB000AA9723962CAD3DAD4EAD5FAD23976DA525
:108BC0007EA58FA598A90E94DDFAE2966CAF7DAFD5
:108BD0008EAF9FAFE29723962CAD3DAD4EAD5FAD0E
:108BE0002397C301B2010E94DDFAE6966CAF7DAF18
:108BF0008EAF9FAFE69762968CAD9DADAEADBFAD2B
:108C0000629789879A87AB87BC8766962CAD3DAD06
:108C10004EAD5FAD66972D873E874F87588B0E947C
:108C200008D29B01AC0128533F4F4F4F5F4FAE9688
:108C30002CAF3DAF4EAF5FAFAE970091060A1091DB
:108C4000070A2091080A3091090A60910A0A709176
:108C50000B0A80910C0A90910D0A06171707280736
:108C6000390710F4C901B8010E9448F36A966CAF45
:108C70007DAF8EAF9FAF6A97E0902E0AF0902F0ADB
:108C80000091300A1091310AA0902A0AB0902B0A64
:108C9000C0902C0AD0902D0A9501A601B701C801F9
:108CA0000E9428FC181614F4750186012BAD3CAD0A
:108CB0004DAD5EADCA01B9010E94A9F36DA37DA7B8
:108CC0001C016A962CAD3DAD4EAD5FAD6A972E96F8
:108CD0006CAD7DAD8EAD9FAD2E970E94A9F35B016B
:108CE0006C019701A801B701C8010E94A9F37B019B
:108CF0008C019501A6016DA17DA5C1010E9428FCF2
:108D000018161CF4ADA2BDA616012DA13DA5A1010A
:108D1000B701C8010E9444F387FF03C0EDA2FDA67E
:108D2000180149A05AA06BA07CA039E126963FAF5C
:108D3000269741E050E025965FAF4EAF25970E9401
:108D400063B00E9408D2AE960CAD1DAD2EAD3FAD06
:108D5000AE97061B170B280B390B101611061206BF
:108D600013067CF09B01AC0128533F4F4F4F5F4FE0
:108D7000AE962CAF3DAF4EAF5FAFAE9780E00E9496
:108D8000B83826963FAD2697315026963FAF2697A6
:108D900025964EAD5FAD2597BA0190E080E00E9428
:108DA00048F32A966CAF7DAF8EAF9FAF2A97269679
:108DB0005FAD2697552309F45AC19201A301A696E7
:108DC0006CAD7DAD8EAD9FADA6970E94A9F36B01F2
:108DD0007C0129A53AA54BA55CA5AA966CAD7DADF5
:108DE0008EAD9FADAA970E94A9F39B01AC01C7016C
:108DF000B6010E9401FA7B018C019201A301AA969F
:108E00006CAD7DAD8EAD9FADAA970E94A9F34B01CD
:108E10005C0129A53AA54BA55CA5A6966CAD7DADD8
:108E20008EAD9FADA6970E94A9F39B01AC01C50131
:108E3000B4010E9400FA2B013C01C701D80189A7A7
:108E40009AA7ABA7BCA79201A3016E966CAD7DADAE
:108E50008EAD9FAD6E970E9401FA69837A838B83F2
:108E60009C8329A53AA54BA55CA5A2966CAD7DADCA
:108E70008EAD9FADA2970E9401FA6D837E838F8392
:108E800098872A962CAD3DAD4EAD5FAD2A97E29600
:108E90006CAD7DAD8EAD9FADE2970E94A9F3629659
:108EA0002CAD3DAD4EAD5FAD62970E9401FA698772
:108EB0007A878B879C872A962CAD3DAD4EAD5FADF2
:108EC0002A97E6966CAD7DAD8EAD9FADE6970E947C
:108ED000A9F366962CAD3DAD4EAD5FAD66970E9491
:108EE00001FA6D877E878F87988BCE0101960E944D
:108EF000429323962CAD3DAD4EAD5FAD239769A94E
:108F00007AA98BA99CA90E94DDFA2A962CAD3DADC9
:108F10004EAD5FAD2A970E94A9F39B01AC0169A9F0
:108F20007AA98BA99CA90E9400FA6B017C016A9620
:108F30002CAD3DAD4EAD5FAD6A97CA01B9010E943F
:108F400001FA9B01AC01C701B6010E94A9F37B01A4
:108F50008C012DA13DA5A1010E9428FC18161CF42E
:108F6000EDA0FDA48101C701D801898F9A8FAB8F35
:108F7000BC8F9E012F5E3F4F4BAD5CAD6DAD7EADA6
:108F8000CE0101960E94E9C98823D1F02E962CAD1E
:108F90003DAD4EAD5FAD2E972D8B3E8B4F8B588FD9
:108FA00025964EAD5FAD25974F5F5F4F25965FAF1E
:108FB0004EAF25978DA99EA98417950709F0BFCEBE
:108FC00080E1E6E5F7E0DE01119601900D928A95C9
:108FD000E1F7CE0101960E9442931D8A1E8A1F8AE4
:108FE000188E198E1A8E1B8E1C8E9E012F5E3F4F7F
:108FF0004BAD5CAD6DAD7EADCE0101960E94E9C971
:1090000080E1E6E5F7E0ABE5B2E001900D928A95EC
:10901000E1F7EBCC2DEC3CEC4CEC5DE3C501B4018D
:109020000E9444F387FF1FC02DEC3CEC4CEC5DE349
:1090300069A97AA98BA99CA90E94DDFA0E9476FBF6
:109040004B015C0120E030E040E85FE30E9444F324
:1090500087FF06C0812C912C80E8A82E8FE3B82EC4
:10906000C501B40143CDB101802F9DA13FCD2A960A
:109070002CAD3DAD4EAD5FAD2A976FA978AD89ADF2
:109080009AAD0E94A9F34B015C010E94DAFA6B01D0
:109090007C01C501B4010E9464FC4B015C01A70185
:1090A000960169A17AA18BA19CA10E94A9F32B0131
:1090B0003C012D8D3E8D4F8D58A1C501B4010E94FC
:1090C000A9F39B01AC01C301B2010E9401FA2B017B
:1090D0003C01A501940169A17AA18BA19CA10E94E8
:1090E000A9F34B015C012D8D3E8D4F8D58A1C70119
:1090F000B6010E94A9F39B01AC01C501B4010E9415
:1091000000FA69A77AA78BA79CA789E126968FAF5B
:10911000269799CE20E030E0A901C301B2010E9458
:1091200044F3882309F41FCB1D8E1E8E1F8E18A2B8
:10913000A3019201505829A33AA34BA35CA38D8DA0
:109140009E8DAF8DB8A1B05889A79AA7ABA7BCA731
:10915000A3019201C301B2010E94A9F36B017C013A
:109160002D8D3E8D4F8D58A1CA01B9010E94A9F3E2
:109170009B01AC01C701B6010E9401FA0E946EFC7E
:109180002E966CAF7DAF8EAF9FAF2E9780905B0217
:1091900090905C02A0905D02B0905E02A3019201EB
:1091A000C501B4010E9401FA6E966CAF7DAF8EAF1F
:1091B0009FAF6E9720915F023091600240916102F3
:1091C0005091620229AB3AAB4BAB5CAB2D8D3E8D1F
:1091D0004F8D58A169A97AA98BA99CA90E9401FA6F
:1091E000A2966CAF7DAF8EAF9FAFA297409056070F
:1091F0005090570760905807709059076E962CADA5
:109200003DAD4EAD5FAD6E97C301B2010E9400FA55
:109210006DA37EA38FA398A7C0905A07D0905B0739
:10922000E0905C07F0905D07A2962CAD3DAD4EAD91
:109230005FADA297C701B6010E9400FA6DA77EA795
:109240008FA798ABA3019201C501B4010E9400FA57
:109250004B015C012DEB37E346E855EB0E9428FCFF
:1092600087FDC4CA2DEB37E346E855E3C501B401D9
:109270000E9444F318160CF4B9CAA701960169A913
:109280007AA98BA99CA90E9400FA6B017C012DEBA5
:1092900037E346E855EB0E9428FC87FDA7CA2DEB73
:1092A00037E346E855E3C701B6010E9444F31816B8
:1092B0000CF49CCA28E4222E312C3BED832E3FE097
:1092C000932E39ECA32E30E4B32E9BEDC92E9FE0F4
:1092D000D92E99ECE92E90ECF92E111104CB7501E1
:1092E000640101CBCF93C82F8091050A83FD0AC08A
:1092F0000E94BA1B882331F080911F0290912002B6
:109300000E94499E83ED9FE20E943CA1CC2329F05C
:1093100061E080E0CF910C94ADA980916A0791E063
:10932000892780934709809147098823F1F020E03D
:1093300030E040E05FE36091E90D7091EA0D8091CB
:10934000EB0D9091EC0D0E9401FA0E9445FB2091DB
:10935000ED0D3091EE0D621B730B77FF03C071951D
:10936000619571096230710544F41092470980914A
:10937000050A83FF06C081E00FC080E00E94B83874
:10938000D2CF0E94BA1B8823B1F30E94FB2989E93E
:1093900095E00E94D22980E0CF910895CF92DF928C
:1093A000EF92FF92CF93DF936B017C01D42FC0919A
:1093B000580583E08093580581E080932D07C11400
:1093C000D104E104F10431F00E9408D2C60ED71E88
:1093D000E81EF91E80912D078823C1F0C114D10425
:1093E000E104F10421F48D2F0E94B838F3CF0E94DC
:1093F00008D2A7019601261B370B480B590BDA013F
:10940000C901181619061A061B066CF310922D07CF
:10941000C0935805DF91CF91FF90EF90DF90CF90F0
:10942000089581E00895DC01EC918E2F90E0FC011D
:10943000EE0FFF1FE80FF91FE15FF14F80818F777B
:1094400080830895009719F0019789F0089510928C
:10945000900082E080939100109295001092940009
:10946000C19A80917100826080937100089510927A
:10947000A00082E08093A1001092A5001092A400A9
:1094800089BB8093720008957F928F929F92AF92D2
:10949000BF92CF92DF92EF92FF920F931F93CF93E1
:1094A000DF936C01EB01FC018081883108F0C4C0BE
:1094B00090E0FC01EE0FFF1FE80FF91FE15FF14F95
:1094C00080818F770E94BDCAF6011182128280814D
:1094D0002CE0622F0E94C5F9829FB001112430E078
:1094E00020E0AB01420F531FFA01EE0FFF1FE40F04
:1094F000F51FE15FF14F908197FD07C02F5F3F4F50
:109500002C30310571F790E09DDFF6017080E72C7B
:10951000F12C8701000F111FF801EE0DFF1DE15F17
:10952000F14F80818068808377FC86C0C032F2E092
:10953000DF070CF040C0F601828128E532E0281BED
:10954000310987FD3395220F331F220F331F032E5E
:10955000000C440B550B818178E8872E912C881ADA
:10956000910887FD9394880C991C880C991C092CF0
:10957000000CAA08BB0860E070E0CB01D7FD0AC070
:10958000BE01C53BD10514F064EB70E0072E000C62
:10959000880B990B281939094A095B090E945FF960
:1095A00024EB30E040E050E00E9490F9820E931EE0
:1095B000A41EB51EE401F7E1F71558F1F60122816A
:1095C000318188E890E0831B910937FD9395880FDE
:1095D000991F880F991FC817D90774F088E592E082
:1095E000821B910927FD9395880F991F880F991F5A
:1095F000C817D9070CF4CE012FB7F8940E0D1F1D14
:10960000F801E15FF14F0297880F991F92838183E0
:109610002FBF62E370E080E090E0DF91CF911F9177
:109620000F91FF90EF90DF90CF90BF90AF909F9001
:109630008F907F900C94F336DF91CF911F910F9113
:10964000FF90EF90DF90CF90BF90AF909F908F9062
:109650007F9008950F931F93CF93C82F8B0188E5B8
:109660009EE00E94CE1BC817B1F06C2F70E088E519
:109670009EE00ADFF8016081718182819381673702
:10968000F1E07F078105910520F467E771E080E054
:1096900090E00E94F3368091000183FB882780F9D7
:1096A000CF911F910F910895CF93DF9300D01F9218
:1096B000CDB7DEB78EEE92E0A0E0B0E089839A836A
:1096C000AB83BC83BE016F5F7F4F8AE5C3DF0F9022
:1096D0000F900F900F90DF91CF910895CF93DF936C
:1096E00000D01F92CDB7DEB78EEE92E0A0E0B0E0E2
:1096F00089839A83AB83BC83BE016F5F7F4F8AE00F
:10970000A9DF0F900F900F900F90DF91CF910895E8
:10971000CF93DF9300D01F92CDB7DEB784EF91E0F7
:10972000A0E0B0E089839A83AB83BC83BE016F5F06
:109730007F4F80EA8FDF0F900F900F900F90DF9197
:10974000CF910895CF92DF92EF92FF921F93CF9324
:10975000DF9300D01F92CDB7DEB78EEEC82E82E029
:10976000D82EE12CF12CC982DA82EB82FC82BE0178
:109770006F5F7F4F8AE56EDF81110EC010E0812F91
:109780000F900F900F900F90DF91CF911F91FF904E
:10979000EF90DF90CF900895BBDFC982DA82EB8231
:1097A000FC82BE016F5F7F4F8AE554DF182F88234C
:1097B00029F30E949E9CE3CFCF92DF92EF92FF921B
:1097C0001F93CF93DF9300D01F92CDB7DEB78EEEFD
:1097D000C82E82E0D82EE12CF12CC982DA82EB82ED
:1097E000FC82BE016F5F7F4F8AE034DF81110EC0C3
:1097F00010E0812F0F900F900F900F90DF91CF917D
:109800001F91FF90EF90DF90CF90089581DF4CDFA4
:1098100065DF4ADFC982DA82EB82FC82BE016F5FBC
:109820007F4F8AE017DF182F882311F30E949E9C38
:10983000E0CF1F920F920FB60F9211240BB60F922A
:109840002F933F934F935F936F937F938F939F9348
:10985000AF93BF93EF93FF9348EA50E064EA70E060
:1098600081E090E00E94A022FF91EF91BF91AF9123
:109870009F918F917F916F915F914F913F912F9128
:109880000F900BBE0F900FBE0F901F9018951F9258
:109890000F920FB60F9211240BB60F922F933F9396
:1098A0004F935F936F937F938F939F93AF93BF93E8
:1098B000EF93FF9348E950E064E970E090E080E0C6
:1098C0000E94A022FF91EF91BF91AF919F918F9144
:1098D0007F916F915F914F913F912F910F900BBEB0
:1098E0000F900FBE0F901F90189580914C06882303
:1098F000D1F10FB607FC2DC09091CF068091D00614
:10990000981304C08091D00086FD2DC08091D000B6
:1099100085FF1EC08091D0062091CF06821306C01D
:109920008091D1008F7D8093D10012C0E82FF0E0AC
:10993000E153F94F92818F5F8F729093D60080939D
:10994000D0069091D00090649093D000281741F3F6
:10995000D3CF9091CF068091D006981303C0809109
:10996000D00086FFF6CF089591E090934C06909139
:10997000D10095FD0CC09091D00095FF08C0809358
:10998000D6008091D00080648093D000089520910B
:10999000CF062F5F2F720FB607FC27C09091D0061D
:1099A000921328C09091D00095FF1EC09091D006D0
:1099B0004091CF06941306C09091D1009F7D909363
:1099C000D10012C0E92FF0E0E153F94F32819F5FDF
:1099D0009F723093D6009093D0063091D0003064BF
:1099E0003093D000491741F3D9CF9091D00692130C
:1099F00001C0FBCFE091CF06F0E0E153F94F828345
:109A00002093CF068091D10080628093D100089589
:109A10000F931F93CF93DF93EC01162F042F8AE54A
:109A2000A3DF85EAA1DF83E0800F9EDF812F9CDF2B
:109A30008D2F9ADF8C2FDF91CF911F910F9194CFB3
:109A4000FF920F931F93CF93DF93F62E072F142FC0
:109A500062E8DEDFCF2DD02F115018F0899184DF1E
:109A6000FBCFDF91CF911F910F91FF900895CF937E
:109A7000DF931F921F92CDB7DEB7853608F084E6DC
:109A8000682F70E090E080E00E944AF320E030E030
:109A90004FE753E40E94A9F320E030E048EC52E4A1
:109AA0000E94DDFA20E030E0A9010E9401FA0E9444
:109AB00034FC6093FA031A821982698342E0BE0182
:109AC0006F5F7F4F81EA90E0BBDF0F900F90DF91D7
:109AD000CF910895FB018181CADF0C94BBA0CF9385
:109AE000DF931F921F92CDB7DEB7853608F084E66C
:109AF00080932102682F70E090E080E00E9448F39C
:109B000020E030E04EEB52E40E94A9F320E030E088
:109B100048EC52E40E94DDFA20E030E040EA50E4F4
:109B20000E9401FA0E9434FC69836A8342E0BE010C
:109B30006F5F7F4F82E890E083DF0F900F90DF919F
:109B4000CF910895FB018181CADF0C94BBA0CF9314
:109B5000DF9300D000D01F921F92CDB7DEB7FE0179
:109B6000339696E0DF011D929A95E9F79AE599837D
:109B700095EA9A838C834D836E8348E0BE016F5FC4
:109B80007F4F80EB90E05CDFB0DE62E370E080E06E
:109B900090E00E946ED128960FB6F894DEBF0FBEFB
:109BA000CDBFDF91CF910895CF93DF9300D000D048
:109BB0001F921F92CDB7DEB7FE01339696E0DF010C
:109BC0001D929A95E9F79AE5998395EA9A8391E02F
:109BD00098878C834D836E8348E0BE016F5F7F4F13
:109BE00080EB90E02DDF81DE62E370E080E090E0CA
:109BF0000E946ED128960FB6F894DEBF0FBECDBF7F
:109C0000DF91CF91089580910707882321F08091FB
:109C10000607811107C041E063E88FE090E0F8DEBD
:109C200081E0A2CE089580914D0690914E062FEFCF
:109C30003FEF981751F0E92FF0E0E35BF94F2281F5
:109C400030E09F5F9F7790934E06C90108951F9261
:109C50000F920FB60F9211240BB60F922F938F9382
:109C60009F93EF93FF938091D0062091CF068213AC
:109C700006C08091D1008F7D8093D10012C0E82F63
:109C8000F0E0E153F94F92818F5F8F729093D6008D
:109C90008093D0069091D00090649093D0002817C4
:109CA00041F3FF91EF919F918F912F910F900BBEF8
:109CB0000F900FBE0F901F9018951F920F920FB626
:109CC0000F9211240BB60F922F938F939F93EF93C4
:109CD000FF939091D60020914E06E0914D0681E0D1
:109CE0008E0F8F77281729F0F0E0E35BF94F92830E
:109CF000E82FE0934D06FF91EF919F918F912F9167
:109D00000F900BBE0F900FBE0F901F9018951F92D3
:109D10000F920FB60F9211240BB60F922F938F93C1
:109D20009F93EF93FF939091CE002091520AE09180
:109D3000510A81E08E0F8F77281729F0F0E0EF5A53
:109D4000F54F9283E82FE093510AFF91EF919F9195
:109D50008F912F910F900BBE0F900FBE0F901F9001
:109D600018951F920F920FB60F9211240F900FBEED
:109D70000F901F9018951F920F920FB60F921124FB
:109D80000F900FBE0F901F9018951F920F920FB655
:109D90000F9211240BB60F922F938F939F93EF93F3
:109DA000FF939091C6002091D40AE091D30A81E0FC
:109DB0008E0F8F77281729F0F0E0ED52F54F928340
:109DC000E82FE093D30AFF91EF919F918F912F910C
:109DD0000F900BBE0F900FBE0F901F9018958EBD69
:109DE0000DB407FEFDCF08958FEF8EBD0DB407FEB5
:109DF000FDCF8EB50895909164009B7F9093640091
:109E0000982F906A96959CBD80FD03C091E08630A6
:109E100009F490E09DBD08950F931F93CF93DF93B6
:109E2000CDB7DEB76B970FB6F894DEBF0FBECDBFD0
:109E3000FB01018110E080912A0790912B07800F90
:109E4000911F0E94F5DC882309F457C08091CC0D46
:109E500085FF66C010922B0710922A078FEF9FEFA5
:109E600090930F0280930E028091550B08EA19E03F
:109E7000882311F005E51BE019821C828091FD15F5
:109E80006FED75E1882311F06AEF75E121E0A8011B
:109E9000CE0101960E9456AB8823D1F18BE1FE01E1
:109EA0003196AAEFB5E101900D928A95E1F7809184
:109EB000CC0D8F7B8093CC0DA091C10DAA3080F486
:109EC00081E08A0F8093C10D8BE18A9FD00111241C
:109ED000AB5EB94EEAEFF5E101900D928A95E1F79C
:109EE0008FEF9FEF9093290280932802CE01019675
:109EF0000E943C2681E080932F076B960FB6F89462
:109F0000DEBF0FBECDBFDF91CF911F910F9108959E
:109F10000E94FB29B80187E099E10E9456E0E6CF54
:109F200080912A0790912B07080F191F10930F0299
:109F300000930E02DFCFFB0181818F3F91F08823D8
:109F400041F08E3FD9F446E060E070E0CB010E9422
:109F5000279F0E94839E60E070E0CB010E94579E85
:109F600006C046E060E070E0CB010E94279F8DE4D0
:109F700099E10E9414D281E080932F070895CF9336
:109F8000DF93FB01C081D181DC27CD27DC27FC01D9
:109F9000808191818131F0E29F0731F082319042DE
:109FA00081F0DF91CF910895BE01DD0F880B990BF1
:109FB0000E944AF346E00E94279F81E080932F078A
:109FC000F0CF0E94839EBE01DD0F880B990B0E948B
:109FD0004AF30E94579EF1CFFB018181823091F0BC
:109FE000833019F18130E9F40E94839E60E070E0D3
:109FF00088E493E40E94579E46E060E070E080E7CA
:10A0000092E40DC00E94839E60E070E080E793E4DC
:10A010000E94579E46E060E070E080EA92E40E9471
:10A02000279F81E080932F0708950E94839E60E020
:10A0300070E080E793E4DECF2F923F924F925F92E1
:10A040006F927F928F929F92AF92BF92CF92DF9248
:10A05000EF92FF920F931F93CF93DF93CDB7DEB7AD
:10A0600062970FB6F894DEBF0FBECDBF0E940235D7
:10A0700087FDD6C38DE490E30E943CA185E40E9455
:10A080006A1B812C912CA12C30E4B32E882379F00B
:10A090000E94A3204B015C0120E030E0A9010E9456
:10A0A00028FC87FF04C0B7FAB094B7F8B0948CE0EE
:10A0B000EBEFF3E0DE01119601900D928A95E1F746
:10A0C00088E50E946A1B882351F040E050E0BA0105
:10A0D00088E50E94D12069837A838B839C8389E5FC
:10A0E0000E946A1B882351F040E050E0BA0189E5E4
:10A0F0000E94D1206D837E838F8398878AE50E949A
:10A100006A1B882351F040E050E0BA018AE50E94C2
:10A11000D12069877A878B879C87C0908107D090F0
:10A120008207E0908307F090840785E50E946A1B10
:10A13000882321F00E94A3206B017C0120E030E005
:10A14000A901C701B6010E9428FC87FF04C0F7FAE5
:10A15000F094F7F8F0946AE070E082E40E949620B0
:10A160008091B00D81115CC361E084ED98E00E94A4
:10A17000392D45E25CE161EF78E085E00E940CCC8E
:10A180001091B00D81E0810F8093B00D0E94743763
:10A190008E87882341F08091CC0D8B7F8093CC0DEE
:10A1A0001E5F1093B00D0E94499C80E1EBE5F2E048
:10A1B000AFE3B5E001900D928A95E1F787E00E9448
:10A1C000B1928D87811159C129852F878A85888B06
:10A1D0002B85298B8C858A8B2090630230906402BA
:10A1E000409065025090660220E030E040E251E489
:10A1F000C201B1010E9401FA3B018C0120E030E074
:10A2000048EC53E40E9428FC181624F4612C712CAD
:10A2100008EC13E49301A8016F85788989899A89EC
:10A220000E9428FC181624F46F84788809891A89FA
:10A23000A2019101B301C8010E9400FA2E852223D8
:10A2400051F020917C07222331F041E02D8521112E
:10A2500040E00E94BC210E947C8720E030E0A90100
:10A26000C501B4010E9444F3882369F00E94E78687
:10A27000811109C0C501B401905820E030E040E7E9
:10A2800052E40E9476958D858111E3C2BE016F5F15
:10A290007F4F0E94C79C20E030E0A901C701B601B2
:10A2A0000E9444F3882309F451C062E080E01AD888
:10A2B000882309F44BC08FE390E30E943CA120E087
:10A2C00030E040E752E460E070E080E591EC0E940D
:10A2D000769568E873E180E090E00E94F33620E034
:10A2E00030E048EC51E460E070E088EA91E40E94DC
:10A2F000769580903E0A90903F0AA090400AB090D8
:10A30000410A80E090E0A8ECB1E480933E0A90938B
:10A310003F0AA093400AB093410AC701B601905882
:10A3200020E030E040E251E40E94769580923E0ABF
:10A3300090923F0AA092400AB092410A0E9438824D
:10A3400064E670E080E090E00E94F3360E9438827C
:10A3500064E670E080E090E00E94F33660E083E025
:10A360000E94D6CB0E94FB2987EF98E00E94D22959
:10A370000E9408D2685370458F4F9F4F6093F80733
:10A380007093F9078093FA079093FB071092FC07EC
:10A390001091580583E08093580585E699E00E9466
:10A3A000B52D85E699E00E943CA181E080932D07C0
:10A3B00080912D07882309F465C08091FC078823CC
:10A3C00009F457C080EE9FE20E943CA10E94FB2945
:10A3D00088E499E00E94D22940E069E379E082E0D4
:10A3E0000E94902D82E399E00E946C2D0E94882D9E
:10A3F00089E399E00E943CA141E060E070E0CB017C
:10A400000E94CE4940E065E279E085E00E94902D0F
:10A410000E94882D85E299E00E9467C80E94839E71
:10A4200060E080E00E94724960E083E00E94D6CB49
:10A430000E94FB2987EF98E00E94D2290E9408D24F
:10A44000685370458F4F9F4F6093F8077093F907DB
:10A450008093FA079093FB071092FC0789E199E03B
:10A460000E94B52D89E199E00E943CA181E0809392
:10A470002D0781E00E94B8389BCF60E070E080E05B
:10A4800090E4DCCE1093580570E060E082E50E9415
:10A4900096208C01C0907D07D0907E07E0907F07CA
:10A4A000F09080078CE40E946A1B882321F00E94B0
:10A4B000A3206B017C0120E030E0A901C701B601B7
:10A4C0000E9428FC87FF04C0F7FAF094F7F8F09494
:10A4D0008091B00D882309F4A3C1B090FC070E94BD
:10A4E000839E8091ED0D9091EE0D801791071CF4E5
:10A4F000C8010E94499E60E080E00E947249882362
:10A5000009F4A5C0BB2061F188E190E30E943CA161
:10A510000E94FB2980EB99E00E94D229B090580557
:10A5200083E08093580581E080932D0782EA99E0CB
:10A530000E943CA140E362E979E082E00E94902D14
:10A540008CEA9AE00E946C2D0E94882D80912D0744
:10A55000882321F081E00E94B838F8CFB0925805E6
:10A560008BE090E30E943CA120E030E0A901C7010C
:10A57000B6010E9444F3882321F180903E0A909016
:10A580003F0AA090400AB090410A80E090E0A8EC19
:10A59000B1E480933E0A90933F0AA093400AB0939F
:10A5A000410A20E030E040EC50E4C701B6010E94CF
:10A5B000769580923E0A90923F0AA092400AB0920D
:10A5C000410A23E0D22E8EEF9FE20E943CA120E0C0
:10A5D00030E040E450E460E070E088E492E40E94FF
:10A5E00076958091510593E7E92E99E0F92E811136
:10A5F00004C08CEAE82E8AE0F82E40E06BE879E0AF
:10A6000081E00E94902D81E899E00E946C2DC701A5
:10A610000E946C2D0E94882DF0905805D09258050C
:10A6200010922D071092520583EC9FE20E943CA1EC
:10A6300080915205811104C081E00E94B838F8CFA2
:10A64000F0925805813009F4BECF0E948C2D10166F
:10A6500011063CF4C8010E94499E60E080E00E941F
:10A66000ADA980EF9FE20E943CA160E081E00E94E2
:10A67000724920E030E040E752E460E070E080E0C2
:10A6800090EC0E94769587E00E94B19281115CC0A7
:10A690008091670290916802A0916902B0916A026C
:10A6A000409163025091640260916502709166026C
:10A6B00000914305109144052091450530914605D0
:10A6C000C0903F05D0904005E0904105F0904205D4
:10A6D000C0925607D0925707E0925807F092590758
:10A6E00000935A0710935B0720935C0730935D0734
:10A6F00040935E0750935F07609360077093610714
:10A700008093620790936307A0936407B0936507F3
:10A7100060E070E088EC92E40E9425B680914705E5
:10A7200090914805A0914905B0914A0580935E0734
:10A7300090935F07A0936007B093610760E070E0BB
:10A7400080EA90E40E9425B620E030E040E752E441
:10A7500060E070E080E090E40E947695C0904B0548
:10A76000D0904C05E0904D05F0904E0520E030E093
:10A77000A901C701B6010E9444F387FF08C020E089
:10A7800030E040E752E4C701B6010E94769580911F
:10A790004B0590914C05A0914D05B0914E058093CD
:10A7A000670290936802A0936902B0936A02809353
:10A7B000620790936307A0936407B09365070E94B4
:10A7C000AD9561E082ED99E00E94392D8091B00D48
:10A7D00081508093B00D45E25CE16AED79E085E05F
:10A7E0000E940CCC8091B509823011F40E94EC9B40
:10A7F0008091B00D882381F081508093B00D0E942C
:10A80000B7D380917C07882339F040E060E070E0A6
:10A8100080E090E40E94BC210E9434350E9486CBE7
:10A8200062960FB6F894DEBF0FBECDBFDF91CF9119
:10A830001F910F91FF90EF90DF90CF90BF90AF905E
:10A840009F908F907F906F905F904F903F902F9050
:10A8500008958BED98E00E9467C81DCD2F923F921E
:10A860004F925F926F927F928F929F92AF92BF9220
:10A87000CF92DF92EF92FF920F931F93CF93DF93CC
:10A88000CDB7DEB7E1970FB6F894DEBF0FBECDBFF0
:10A8900089AB2091580528AB11E0109358058091A1
:10A8A00078058D3409F4FCC2843509F443C087343B
:10A8B000E9F420917605309177052B31310509F4C3
:10A8C00081C0B8F42430310558F42230310580F1CC
:10A8D00081E02230310509F080E00E947C422AC0EC
:10A8E0002430310579F12531310521F10E9449DF0C
:10A8F00021C02A32310509F44EC160F42D313105F1
:10A9000009F417C108F481C02E31310579F70E948E
:10A91000516910C02B35310509F41BC22C353105A6
:10A9200009F41BC22A35310509F71092031502C03C
:10A930000E94923889A981110C941F5D0E94ABCBB3
:10A940000C941F5D80E50E946A1BC12CD12C7601FE
:10A95000882321F00E9437206B017C0183E50E944F
:10A960006A1B882361F00E94A32020E030E04AE7C0
:10A9700054E40E94A9F30E944AFB6B017C010E94EF
:10A980007C87C114D104E104F104A1F28091C214C6
:10A99000811104C08BE39AE00E9467C80E9408D22C
:10A9A0004B015C010E9408D2681979098A099B0948
:10A9B0006C157D058E059F0508F0BCCF80E00E94D8
:10A9C000B838F0CF87E00E94FAAD8111B3CF70E0C4
:10A9D00060E080E50E9496208530910578F49CE047
:10A9E000E7E0F4E0DE01119601900D929A95E1F70F
:10A9F000BE016F5F7F4F0E94C79C9CCF64E47AE0EA
:10AA00008CE59AE00E94162D95CF87E00E94B192C6
:10AA1000811111C08091470690914806A091490686
:10AA2000B0914A061EE0B695A795979587951A9519
:10AA3000D1F780FD7FCF0E947C870E9408D260936F
:10AA40009C0970939D0980939E0990939F09109291
:10AA5000380280E00E949F260E94039481E0809348
:10AA600039090E94DB97C0904706D0904806E090D5
:10AA70004906F0904A06F9E1F694E794D794C79412
:10AA8000FA95D1F7C0FE0DC081E00E94B192182F57
:10AA900082E00E94B19211110C94C96811E08111F9
:10AAA00001C010E08091470690914806A0914906A8
:10AAB000B0914A06E7E1B695A79597958795EA95EF
:10AAC000D1F780FF02C00C94BD67112311F40C94E0
:10AAD000C067012F10E08C2D8170982E0C94D067E8
:10AAE00041E060E070E080E291E40C94BA6888E7AD
:10AAF0009AE00E9467C80E94FB2986E69AE00E94BD
:10AB0000D2290E94049680913809809339099920AE
:10AB100049F040918F0921E060E070E080E291E42B
:10AB20000E940B950E94EA930E945F9603CF982E95
:10AB3000E8CF0E9408D260939C0970939D0980938E
:10AB40009E0990939F098091BE0981111DC080913B
:10AB5000470690914806A0914906B0914A065DE0EB
:10AB6000B695A795979587955A95D1F780FF04C01C
:10AB700089E89AE00E94FB6887E00E94FAAD8111A3
:10AB8000D9CE0E94896AD6CE60E08FE40E948120EF
:10AB90008823E9F2CFCE80918A09833008F4CACEA7
:10ABA00089E40E946A1BE82E00E0882319F00E94C5
:10ABB0009320082F8AE40E946A1BF82E10E0882355
:10ABC00019F00E949320182FEE2011F0053020F488
:10ABD000FF2039F0153028F08DE89AE00E94D22944
:10ABE000A9CE80E1EBE5F2E0A6E5B7E001900D9299
:10ABF0008A95E1F7EE2011F1602F70E090E080E09F
:10AC00000E944AF3209173073091740740917507B1
:10AC1000509176070E94A9F320916B0730916C0741
:10AC200040916D0750916E070E9401FA609356079C
:10AC3000709357078093580790935907FF2011F19D
:10AC4000612F70E090E080E00E944AF32091770746
:10AC5000309178074091790750917A070E94A9F3C3
:10AC600020916F07309170074091710750917207E2
:10AC70000E9401FA60935A0770935B0780935C0708
:10AC800090935D078091470690914806A0914906F0
:10AC9000B0914A064FE0B695A795979587954A9546
:10ACA000D1F780FF38C0EE20D1F0E091670EF0912F
:10ACB000680E2081318142815381609156077091E5
:10ACC000570780915807909159070E9400FA6093A6
:10ACD0005607709357078093580790935907FF20A2
:10ACE000D1F0E091670EF091680E248135814681A4
:10ACF000578160915A0770915B0780915C07909132
:10AD00005D070E9400FA60935A0770935B07809377
:10AD10005C0790935D0740E050E0BA0186E40E9432
:10AD2000D1206B017C0120E030E0A9010E9428FCC9
:10AD300018165CF420E030E040E752E4C701B601A9
:10AD40000E94DDFA0E9425B6F5CD60E070E0CB01EF
:10AD5000F9CF8FE080930315EDCD809175058823A1
:10AD600081F1893009F0E6CD23E1A22E24E0B22E54
:10AD70003BE5C32E32E0D32EE12C10E000E0D501FC
:10AD80008D915D010E946A1BF82E882361F00330CB
:10AD900011F0E82EF12E0E94A320F601608371834A
:10ADA000828393831F2D0F5FF4E0CF0ED11C0430FC
:10ADB00031F7EE2009F464C00E9404960E945F9669
:10ADC000B9CD83E194E099A788A780E9682E89E04E
:10ADD000782E9BE5492E92E0592E10E000E0A8A5C0
:10ADE000B9A58D91B9A7A8A70E946A1B382E882300
:10ADF000E9F10E94A3206B017C01033049F0F301CB
:10AE000020813181428153810E9400FA6B017C01D3
:10AE1000D2012D913D914D915C91C701B6010E94E7
:10AE200000FA4B015C012DEB37E346E855EB0E943D
:10AE300028FC87FD0AC02DEB37E346E855E3C50142
:10AE4000B4010E9444F318168CF40330F9F0A50104
:10AE50009401F30160817181828193810E9401FAE2
:10AE6000D3016D937D938D939C9313970F5FB4E003
:10AE70006B0E711CE4E04E0E511C043009F0AFCF94
:10AE8000112309F49BCF0E94AD9598CFC092670221
:10AE9000D0926802E0926902F0926A02132DE6CF26
:10AEA00080917605909177058837910511F40C947F
:10AEB000E75F08F0D2C18135910509F403C708F0B6
:10AEC0003DC18931910509F4C3C408F0E3C0843160
:10AED000910509F45CC408F084C08131910509F43E
:10AEE00019C408F058C0029708F000CD80E50E9410
:10AEF0006A1BC12CD12C7601882321F00E943720B7
:10AF00006B017C0183E50E946A1B882361F00E942B
:10AF1000A32020E030E04AE754E40E94A9F30E9415
:10AF20004AFB6B017C010E947C87809173059091A4
:10AF30007405009709F4DBC30E9403A10091730517
:10AF4000109174050115110509F4D6C30E948C2DCA
:10AF500082E08093A20960E086EA9AE00E94522D86
:10AF6000B090BF158FEF8093BF1580E20E9435200F
:10AF7000C8010E9478260E94FE29B092BF158CEA73
:10AF80009AE00E946C2D0E94882D40E0C701B60116
:10AF90000E94CE49CFCC429709F0A8CC83E50E940D
:10AFA0006A1B882309F4B4C60E9408D260939C09E6
:10AFB00070939D0980939E0990939F090E94A320FE
:10AFC00020E030E04AE754E40E94A9F30E944AFBE3
:10AFD000609302027093030280930402909305022F
:10AFE000A9CC8631910509F404C408F4FFC3873164
:10AFF000910509F41BC4489709F078CC0E94839E00
:10B0000061E080E00E94ADA983E50E946A1B88236D
:10B0100021F00E9447200E94A31F84E50E946A1B22
:10B020008823A9F00E9447206B017C010E94D19BDC
:10B03000C0925107D0925207E0925307F092540702
:10B04000CD28CE28CF2819F081E08093B5090E9441
:10B050001737882381F00E94B7D30E9462378BE4B0
:10B0600095E10E9460D31092800B1092810B109298
:10B07000820B1092830B61E082E499E10E94392DEA
:10B0800045E25CE16DE17BE085E00E940CCC0E9432
:10B0900086CB50CC8E31910509F483C498F48B3162
:10B0A000910509F419C408F408C48C31910509F418
:10B0B00070C44D9709F01ACC8091CC0D8E7F80938F
:10B0C000CC0D38CC8B34910509F499C460F58F31DF
:10B0D000910509F476C4809709F008CC0E94743772
:10B0E00081110E947C878091CC0D84FF23CC60E08D
:10B0F00080E50E948120182F682F80917305909120
:10B1000074050E9457DF83E50E946A1B882321F0A3
:10B110000E9447200E94A31F0E94B7D311110ACC9E
:10B120000E94623707CC8C34910509F46CC48D34CD
:10B13000910509F0DBCB0E94659CFCCB8C36910518
:10B1400009F433C508F054C08C35910509F430C6B4
:10B1500088F58335910509F4D3C508F4C9C584354C
:10B16000910509F41BCF8535910509F0BFCB83E527
:10B170000E941C1B882309F4FDC50E9408D260931D
:10B180009C0970939D0980939E0990939F090E944A
:10B19000A32020E030E04AE754E40E94A9F30E9493
:10B1A0004AFB609353057093540580935505909323
:10B1B0005605C0CB8936910509F433C440F488366E
:10B1C000910509F093CB80E00E94C835B3CB8A3655
:10B1D000910509F450C48B36910509F087CB60E0E6
:10B1E00080E50E9468208111A5CB1092C014A2CBEB
:10B1F0008137910509F419C5A8F48E36910509F433
:10B200005CC408F409C48F36910509F48BC48037F7
:10B21000910509F06BCB41E070E060E087EA9BE0CC
:10B220000E947A368537910509F46AC658F4823748
:10B23000910509F45DC68337910509F057CB0E944B
:10B24000422A78CB8637910509F46EC68737910577
:10B2500009F04CCB0E948A976DCB8239F1E09F07B1
:10B2600011F40C94E86308F0F0C08E3C910511F4E1
:10B270000C94646108F055C0883C910509F4AFC690
:10B28000E0F48C38910509F4F1C458F4893791053C
:10B2900009F02CCB10923909109238090E94DB97E3
:10B2A00049CB8B39910509F4E6C48E3B910509F031
:10B2B0001DCB81E00E941C3F3DCB8B3C910509F4E6
:10B2C000F4C6B0F4893C910509F010CB8091470693
:10B2D00084FDC3C680914906887809F0BEC6809176
:10B2E0004A06837009F0B9C681E00E94B92C22CBCE
:10B2F0008C3C910509F40DC78D3C910509F0F6CA07
:10B300008091470690914806A0914906B0914A065F
:10B31000892B8A2B8B2B09F051C781E00E94282CA6
:10B3200009CB8232A1E09A0711F40C94E56208F08F
:10B330003EC08C3D910511F40C94456278F4833D38
:10B34000910509F0D3CA83E50E941C1B882309F4E8
:10B35000EAC70E94722080933702ECCA8D3D9105A6
:10B3600011F40C948B628831914009F0BFCA80E5DA
:10B370000E946A1B882309F4DDCA0E9493208C0175
:10B38000892B11F00C94D86283E50E946A1B8823F4
:10B3900011F40C94C0620E94932097FF02C00C9499
:10B3A000BA62BC0188E59EE00E94444AC3CA8F325B
:10B3B000F1E09F0711F40C94E06380F58D32A1E079
:10B3C0009A0711F40C946B638E32914009F08ECA87
:10B3D00083E50E941C1B182F882331F00E949320C4
:10B3E0009093200280931F0280E50E941C1B811114
:10B3F00004C0112311F40C94BC6320911F023091FE
:10B400002002232B11F40C94B663882311F40C94BE
:10B41000B9630E94722080936A078CCA8039E1E088
:10B420009E0711F40C94E4638139914009F05ECADF
:10B4300060E082E50E94812090918F099111BECC3D
:10B44000682F81E00E949299B9CC873F21E0920752
:10B4500011F40C94C66508F0B9C0853AB1E09B07B9
:10B4600011F40C949864D8F48C39F1E09F0711F42E
:10B470000C94F26338F48A39914009F037CA0E947B
:10B48000429658CA8D39B1E09B0711F40C94586765
:10B49000843A914009F02ACA0E941B334BCA843F68
:10B4A000F1E09F0711F40C94BE6508F082C08C3A5D
:10B4B000A1E09A0711F40C941365863E914009F0BF
:10B4C00015CA84E50E941C1B8823A1F01092010A72
:10B4D0001092020A1092030A1092040A1092FF09B5
:10B4E0008FEF0E94182161E070E084E50E949620B1
:10B4F0008093FF0983E50E946A1B882321F00E9444
:10B5000093200E9418218091470690914806A091AF
:10B510004906B0914A0662E0B695A795979587953A
:10B520006A95D1F780FF06C08091000A803210F43E
:10B530000E940DE280E50E946A1B882331F00E9480
:10B540009320803210F40E940DE285E50E946A1B70
:10B55000882309F4EFC90E949320803208F0EAC9D9
:10B5600041E050E0082E02C0440F551F0A94E2F754
:10B5700040955095052E000C660B770B0091010A43
:10B580001091020A2091030A3091040A40235123AA
:10B59000622373234093010A5093020A6093030AC3
:10B5A0007093040A9091000A8913C4C91092FE098D
:10B5B000C1C9853FE1E09E0711F40C94C265863F46
:10B5C000914009F093C90E94EA97B4C9833523E0FA
:10B5D000920711F40C945766A8F58C30B2E09B07E3
:10B5E00011F40C94CF65A0F4883F914009F07EC916
:10B5F00081E08093EE070E94A1A31092EE078111D3
:10B6000099C90E94FB298BE79DE00E94D22992C92B
:10B61000883522E0920711F40C94D3658B35924063
:10B6200009F064C98091480683FF02C00C94D76575
:10B6300080914906887111F00C94D76581E00E94D1
:10B64000952B78C9873EB3E09B0711F40C943F67B4
:10B65000B0F48C36F3E09F0709F4ADC2803A934012
:10B6600009F044C920917305309174059091CC0D77
:10B6700092609093CC0DC9010E9462E05BC9883E44
:10B68000A3E09A0711F40C947867893E934009F07F
:10B690002DC90E947C878091CC0D877F8B7F809302
:10B6A000CC0D8091C20D81110C94B6670E940C26BE
:10B6B0000E946E9B6D3371058105910520F080EF2E
:10B6C0009DE00E94FB688CEE9DE00E94FB6810915B
:10B6D000BF158FEF8093BF1588ED9DE00E94D229A2
:10B6E0001093BF1584ED9DE00E94FB6823C985EC93
:10B6F0009AE00E943CA122CC80917605909177053A
:10B70000892B29F08DEB9AE00E94B52D3ECC85EB7C
:10B710009AE0FACF0E940B1B882391F185E40E94E6
:10B720001C1B882361F080914F0590915005892B57
:10B7300021F00E949320811102C00E94408203E107
:10B74000E02E04E0F02E10E0F70121917F0121545A
:10B750008091470690914806A0914906B0914A060B
:10B7600004C0B695A795979587952A95D2F780FF3F
:10B7700003C0812F0E947A821F5F133029F7DAC835
:10B7800088ED9AE00E9467C80E949B82D3C880918E
:10B79000CC0D84FF24C080EF9AE00E94D2298091D2
:10B7A000CC0D84FF17C08FED95E10E945A7F8BE18D
:10B7B000EFEDF5E1DE01119601900D928A95E1F72A
:10B7C00070E060E0CE0101960E9437E1CE01019663
:10B7D0000E943C2681EE9AE00E94D229ABC80E94CA
:10B7E000FB2981E09BE00E94D229A4C80E944ADC88
:10B7F000A1C80E94743781119DC88091CC0D84FF2F
:10B8000099C80E94A7D38091CC0D8F7E80648093CD
:10B81000CC0D8FEF9FEF90932902809328020E9416
:10B82000FB298BE09BE00E94D22984C8809173059C
:10B8300090917405FC012191222331F02032D9F737
:10B84000DF0111971C92F7CF60E00E9457DF72C8AA
:10B850000E947437882329F08091CC0D8B7F8093D0
:10B86000CC0D80917C07882339F040E060E070E0E7
:10B8700080E090E40E94BC210E94499C0E9486CBFB
:10B8800049E25BE060E37BE084E00E940CCC61E095
:10B8900082E89BE00E94392D0E9408D268537045CF
:10B8A0008F4F9F4F6093F8077093F9078093FA07C3
:10B8B0009093FB071092FC073DC88091CC0D84FF4C
:10B8C00039C883E50E946A1B882309F433C80E94A3
:10B8D00047200E94A31F2EC88091470690914806DA
:10B8E000A0914906B0914A0612E0B695A7959795A2
:10B8F00087951A95D1F780FF1BC083E49BE00E94D7
:10B90000D22980912617882371F0BE016F5F7F4F87
:10B9100083E297E10E94267ECE0101960E9478265E
:10B920000E94FE2907C889E39BE00E94D229F8CF34
:10B930000E947437811104C00E942537882319F1B1
:10B94000C090C40DD090C50DE090C60DF090C70D0D
:10B950008090C80D9090C90DA090CA0DB090CB0DED
:10B9600083E69BE00E94D229C501B4010E94FA251A
:10B970008FE20E94D6C5C701B6010E94FA250E9437
:10B98000FE290C949A5482E59BE00E94D2290C94E3
:10B990009A5480917305909174050E9462E00C9412
:10B9A0009A548091CC0D84FD02C00C949A540E944C
:10B9B000A2D780917305909174050E94D4E00C94F5
:10B9C0009A540E946E9B6C8F7D8F8E8F9F8FBE01CD
:10B9D0006F5F7F4FCE014C960E94942340E061E060
:10B9E000CE0101960E94C19D0E94FB29BE016F5F9E
:10B9F0007F4F85E79BE00E9456E00C949A540E948A
:10BA000062370C949A540E94499C61E082E89BE062
:10BA10000E94392D0C949A5481E00E94C8350C94F0
:10BA20009A540E940235182F87FD09C088E89BE0D0
:10BA30000E94D229812F0E94E2A80E94FE2998A983
:10BA400090935805E1960FB6F894DEBF0FBECDBFB8
:10BA5000DF91CF911F910F91FF90EF90DF90CF90EA
:10BA6000BF90AF909F908F907F906F905F904F901E
:10BA70003F902F90089560E080E50E94682081113A
:10BA80000C949A54809147066091C014062F80FD53
:10BA900002C00FEF10E083E50E946A1B882349F083
:10BAA0000E9437208B016F3F710519F010F00FEFE6
:10BAB00010E00093C0140C949A548EE40E946A1B08
:10BAC0008823B9F00E944720E0916C0222E6E29FB1
:10BAD000F0011124E153FD4FE081A7E6EA02F001F5
:10BAE0001124E758FA4F60837183828393830C9407
:10BAF0009A54E0916C02B2E6EB9FF0011124E153FD
:10BB0000FD4FE08127E6E202F0011124E758FA4FE9
:10BB100040815181628173818BE89BE00E94FA2A07
:10BB20000C949A5483E50E946A1B882321F00E949A
:10BB300057208093050A0E94FB2980EA9BE00E941F
:10BB4000D2298091050A882369F1B6E9EB2EBBE082
:10BB5000FB2E10E000E020E0F701C590D490C11466
:10BB6000D104B9F08091050A90E0002E02C09595AD
:10BB700087950A94E2F780FF0CC0BB24B394B20E01
:10BB8000222319F08CE20E943520C6010E94D2299E
:10BB90002B2D0F5F1F4F82E0E80EF11C05301105C1
:10BBA000D9F6BECE82E99BE0C0CE10924709109232
:10BBB0002D070C949A5483E50E946A1B882311F484
:10BBC0000C949A540E9457209091A2091092A209B5
:10BBD0009230F9F0943009F1913011F00C949A54AC
:10BBE000882399F0813011F00C949A5482E080936C
:10BBF000520580915105882311F40C949A541092A7
:10BC000022020E9434350C949A54909352050C945D
:10BC10009A5410922D070C949A5489E499E19093C8
:10BC20004909809348090C949A5483E50E946A1B41
:10BC3000882369F00E9457208D3320F480930102FD
:10BC40000C949A548CE3809301020C949A540E94B1
:10BC5000FB291091010285EB9BE00E94D229812FE4
:10BC60000E9484260E94FE290C949A5480E00E942F
:10BC70001C3F0C949A5483E50E946A1B882311F49C
:10BC80000C949A540E945720182F8C3308F08CE3A0
:10BC90008093D10D0E9408D26B017C01212F30E0EE
:10BCA000A8EEB3E00E94B6F9C60ED71EE81EF91E34
:10BCB000C092CD0DD092CE0DE092CF0DF092D00D6E
:10BCC0000C949A540E943E891092C0140E94BB802A
:10BCD0000E94659C0E940C2668EE73E080E090E074
:10BCE0000E94F3368CEB9BE00E9467C80C949A5438
:10BCF000809103158F7D8061809303150C949A5475
:10BD0000809103158F7E8062809303150C949A5462
:10BD10000E940B1B882351F10E947C8785E40E94BE
:10BD20001C1B81110E943882A3E1EA2EA4E0FA2EA6
:10BD300010E0D7012D917D0121548091470690910B
:10BD40004806A0914906B0914A0604C0B695A79549
:10BD5000979587952A95D2F780FF03C0812F0E947F
:10BD600047821F5F133029F70C949A540E943E8932
:10BD70000C949A5460915305709154058091550527
:10BD80009091560528EE33E040E050E00E946EF9B5
:10BD900069017A0188ED9BE00E94D229C701B601B2
:10BDA0000E94FA2583ED9BE00E94D2290C949A54BC
:10BDB0000E94023587FF02C00C949A548091470676
:10BDC00084FD09C08091490687FD05C080914A061F
:10BDD000837009F488C0E3E1CE2EE4E0DE2EF6E0C5
:10BDE000EF2EFAE0FF2E10E0F60181916F010E9424
:10BDF0006A1B882359F0133099F00E94A320D701C1
:10BE000054966D937D938D939C9357971F5FB4E0E9
:10BE1000EB0EF11C143041F70E9459870C949A5490
:10BE20000E94A3204B015C0120E030E040EA51E495
:10BE30000E9444F387FF4EC0A50194016091260A39
:10BE40007091270A8091280A9091290A0E94DDFAB0
:10BE50002B013C01AC019B016091D4097091D50983
:10BE60008091D6099091D7090E94A9F36093D409D3
:10BE70007093D5098093D6099093D709A3019201B5
:10BE80006091360A7091370A8091380A9091390A88
:10BE90000E94A9F36093360A7093370A8093380A98
:10BEA0009093390A6091E4097091E5098091E6095F
:10BEB0009091E7090E9448F3A30192010E94A9F31F
:10BEC0000E944AFB6093E4097093E5098093E609B8
:10BED0009093E7098092260A9092270AA092280A56
:10BEE000B092290A93CF81E00E94E8CA0C949A5438
:10BEF0000E94E5C88DE79EE00E9472810C949A54DE
:10BF00008091730590917405009751F0FC01208198
:10BF1000222331F040E061E00E94C19D0C949A54CC
:10BF20000E9486CB0C949A5400917305109174056D
:10BF300024E08FEFF12C30E0215009F1D8019C91E1
:10BF4000492F4B7F4134A1F411964C914133B9F400
:10BF50009134B1F1953409F431E0A8014E5F5F4F9F
:10BF60008A014F5F5F4FD8019C919032C9F3E4CFB3
:10BF7000903529F4F801918190539A30F8F0E090CF
:10BF8000BF15833000F5882301F19FEF980F81E002
:10BF900001C0880F9A95EAF78093BF1531110E946E
:10BFA000FB29FF2021F08CEE9BE00E94D229C801E2
:10BFB0000E94E925E092BF150C949A54892FCDCFA9
:10BFC000FF24F394CACF8E2DE7CF8FEFE5CF1093E8
:10BFD0003909109338090E94DB970C949A54809188
:10BFE000470683FD09C0809149068C7029F481E0E1
:10BFF0000E94F02C0C949A540E940235182F87FF4F
:10C0000002C00C949A540091890784E40E946A1B30
:10C01000F82E8823B1F00E94A3204B015C0120E0A0
:10C0200030E0A9010E9444F38823A9F0B4E01B0288
:10C03000F0011124EB57F84F80829182A282B382E3
:10C040000F2D602F83E50E948120809389070E9435
:10C05000198A0C949A5480E0F8CF0E94023587FF29
:10C0600002C00C949A5403E114E076E0E72E7AE0E3
:10C07000F72EF80181918F010E946A1B882361F0DD
:10C080000E94A3200E944AFBD7016D937D938D935C
:10C090009C9313970E940B87B4E0EB0EF11CE4E035
:10C0A00007311E0731F70C949A548091470684FD9E
:10C0B0000DC080914906887849F480914A068370C2
:10C0C00029F481E00E94922C0C949A540E9402352B
:10C0D00087FF02C00C949A5463E1E62E64E0F62ECA
:10C0E00010E000E0D7018D917D010E946A1B88233A
:10C0F00049F00E94A320F801EA5FF54F64A375A3FD
:10C1000086A397A30C5F1F4F0031110559F70C94BC
:10C110009A548091480687FD09C0809149068E7027
:10C1200029F481E00E94732C0C949A5483E50E94B8
:10C130006A1B882391F00E94A32060933A0A7093AF
:10C140003B0A80933C0A90933D0A6093420A7093A5
:10C15000430A8093440A9093450A80E50E946A1B33
:10C16000882351F00E94A32060933A0A70933B0AFF
:10C1700080933C0A90933D0A82E50E946A1B8823C3
:10C1800051F00E94A32060933E0A70933F0A80936F
:10C19000400A9093410A84E50E946A1B882311F4A7
:10C1A0000C949A540E94A3206093420A7093430A0D
:10C1B0008093440A9093450A0C949A5482E40E9416
:10C1C0006A1B882351F00E9437206093160A7093EF
:10C1D000170A8093180A9093190A83E50E946A1B34
:10C1E000882351F00E94A3206093460A7093470A67
:10C1F0008093480A9093490A84E50E946A1B882329
:10C2000051F00E94A32060934A0A70934B0A8093D6
:10C210004C0A90934D0A88E50E946A1B882351F0CE
:10C220000E94A3206093C8097093C9098093CA092A
:10C230009093CB0989E50E946A1B882351F00E94E4
:10C24000A3206093CC097093CD098093CE0990937D
:10C25000CF098AE50E946A1B182F882351F00E949B
:10C26000A3206093D0097093D1098093D209909351
:10C27000D30985E40E946A1B882351F00E94A32001
:10C280006093D4097093D5098093D6099093D70908
:10C29000112311F40C949A542DEC3CEC4CEC5DE31E
:10C2A0006091D0097091D1098091D2099091D30900
:10C2B0000E9444F3181614F40C949A548FEE9BE0E9
:10C2C0000E94D2290C949A54809147069091480676
:10C2D000A0914906B0914A0603E114E05BE3E52E24
:10C2E00059E0F52E892B8A2B8B2B29F481E00E94B3
:10C2F000092C0C949A54F80181918F010E946A1BB9
:10C30000882341F00E94A320D7016D937D938D93E4
:10C310009C931397B4E0EB0EF11CE4E006311E078A
:10C3200051F70C94DE5610913702105D8DE39CE0BE
:10C330000E94D229812F0E94D6C5809137026DEECE
:10C340007FE1811102C069EE7FE189E39CE00E94F8
:10C35000162D8091390290913A02A0913B02B09142
:10C360003C028C8F9D8FAE8FBF8F80913D0290914C
:10C370003E02A0913F02B091400288A399A3AAA3D4
:10C38000BBA38091410290914202A0914302B091DF
:10C3900044028CA39DA3AEA3BFA3CE014C960E94E2
:10C3A000D21A8091450290914602A0914702B09125
:10C3B000480289839A83AB83BC8380914902909120
:10C3C0004A02A0914B02B0914C028D839E83AF83B1
:10C3D000B88780914D0290914E02A0914F02B0918A
:10C3E000500289879A87AB87BC87CE0101960E944D
:10C3F000D21ACCA0DDA0EEA0FFA048A059A06AA050
:10C400007BA08C8C9D8CAE8CBF8C81E39CE00E94C9
:10C41000D229B501A40181E29CE00E94E829B30180
:10C42000A2018CEB90E30E94E829B701A60189EBF9
:10C4300090E30E94E8298FE29CE00E94D229C984FF
:10C44000DA84EB84FC844D805E806F807884898000
:10C450009A80AB80BC8087E29CE00E94D229B50123
:10C46000A40181E29CE00E94E829B301A2018CEBC7
:10C4700090E30E94E829B701A60189EB90E30E94AE
:10C48000E8290E94FE290C949A54809147069091C5
:10C490004806A0914906B0914A0660911302709136
:10C4A00014020097A105B10551F489E49CE00E94B3
:10C4B000A33586E49CE00E94D2290C949A548C0106
:10C4C0009D0141E136952795179507954A95D1F736
:10C4D00000FF08C020910602309107023093140239
:10C4E00020931302B695A7959795879580FF04C072
:10C4F000709307026093060283E50E946A1B8823FB
:10C5000011F40C949A540E949320909314028093F7
:10C5100013020C949A540E940235182F87FF02C010
:10C520000C949A5483E50E946A1B882341F00E9470
:10C530009320BC01812F0E94761B0C949A540E9478
:10C54000FB2985E40E94D6C580E3810F0E94352037
:10C55000E12FEE0FFF0BE75EFD4F608171818DE4EF
:10C560009CE00E94A33585E20E9435200E94FE29AE
:10C570000C949A5488E59EE00E94134A0C949A54B5
:10C580000E94FB2970E060E088E59CE00E94A335F2
:10C5900088E59EE00E94CE1B8C0185E59CE00E9410
:10C5A000D229C8010E942E350E94FE290C949A546B
:10C5B0000E94F829B8018FE69CE00E94A33580E62E
:10C5C0009CE00E94D2290C949A548AE50E946A1B2E
:10C5D000882309F45CC00E94A32020E030E040E002
:10C5E00050EC0E9444F3C12CD12CE12C20ECF22E13
:10C5F00087FD13C00E94A32020E030E040E050E41B
:10C600000E9428FCC12CD12CE12C90E4F92E1816A4
:10C6100024F00E94A3206B017C012091220A30911A
:10C62000230A4091240A5091250AC701B6010E94AD
:10C63000A9F30E9445FBCB010E942ED261E080E568
:10C640000E948120882341F1A70196016091630E29
:10C650007091640E8091650E9091660E0E9401FAB1
:10C660006093630E7093640E8093650E9093660ED4
:10C670000E94FB294091630E5091640E6091650EFB
:10C680007091660E85E89CE00E94F82B05C083E55A
:10C690000E946A1B81119FCF8091490687FD14C0BB
:10C6A00080914A06837081F40E94FB294091630EB9
:10C6B0005091640E6091650E7091660E86E79CE065
:10C6C0000E94F82B0C949A5482E50E941C1B811145
:10C6D000EBCF0C949A548091470683FD09C080915A
:10C6E0004806817829F481E00E94BC2B0C949A546E
:10C6F00080E50E946A1B882351F00E94A32060936A
:10C70000010E7093020E8093030E9093040E89E441
:10C710000E946A1B882381F00E94A32021E732EB4C
:10C7200047E25EE30E94A9F36093050E7093060E44
:10C730008093070E9093080E84E40E946A1B88235E
:10C7400081F00E94A32021E732EB47E25EE30E94E2
:10C75000DDFA6093090E70930A0E80930B0E90938E
:10C760000C0E81E08093F00D0C949A5481E00C94AF
:10C770000B5A80E00C940B5A0E94FB29E0901F0298
:10C78000F090200280916A0708E91CE0811102C044
:10C7900004E91CE08FEA9CE00E94D229C8010E94B3
:10C7A000D2298EE99CE00E94D229C7010E942E3531
:10C7B0008BE99CE00E94D2290E94FE290C949A5495
:10C7C0000E94D62D0C949A540E947C870C949A5403
:10C7D00060E082E50E9481200E94FC250E945F9615
:10C7E0000C949A5480914706887809F04DC0809146
:10C7F000480683FD49C080914906867009F044C00F
:10C800000E94FB29809122020DEE1FE1811102C0DE
:10C8100009EE1FE18BEF9CE00E94D229C8010E9423
:10C82000D2294091F6035091F7036091F80370917B
:10C83000F9038EEE9CE00E94E8298BEE9CE00E94BA
:10C84000D2294091B10D5091B20D6091B30D70910C
:10C85000B40D87ED9CE00E94E82984ED9CE00E94E5
:10C86000D229809157050DEE1FE1811102C009EE1A
:10C870001FE182EC9CE00E94D229C8010E94D229CB
:10C880000E94FE290C949A5488E40E941C1B882361
:10C8900021F00E94722080935705C0904706D090E7
:10C8A0004806E0904906F0904A0681E1F694E79444
:10C8B000D794C7948A95D1F7F1E0CF22DD24EE24F6
:10C8C000FF2483E50E941C1B082F882321F00E946F
:10C8D00072208093220284E40E946A1B882351F014
:10C8E0000E94A3206093F6037093F7038093F803EC
:10C8F0009093F9038CE40E946A1B182F882351F04F
:10C900000E94A3206093B10D7093B20D8093B30D7C
:10C910009093B40DCD28CE28CF2831F4011104C056
:10C92000112311F40C949A540E9434350C949A54A7
:10C930006FEF7FEF89E40E949620082F6FEF7FEF63
:10C940008AE40E949620182F8AE50E946A1BD12C47
:10C95000811107C081E50E946A1BD82E882309F443
:10C9600010C4C02E81E0800F863008F054C0912E94
:10C9700081E0810F863008F04EC00E94A3202B0179
:10C980003C01F02E07FDF12C07FF02C004E0C02E91
:10C99000812E17FD812C17FF02C014E0912EB5E007
:10C9A0003B2ECF14A0F1E82C3F9C500111249E1483
:10C9B00060F10E2D10E020E030E0A901DD2069F0EB
:10C9C000F501E00FF11FEE0FFF1FEE0FFF1FE657FF
:10C9D000F84F20813181428153810A0D1B1D000FC8
:10C9E000111F000F111F0657184FC301B2010E94FB
:10C9F00001FAD8016D937D938D939C9313976E2DBF
:10CA00008F2D0E94CAA0E394D2CFF394CACF0E9484
:10CA1000E2280C949A540E94F8298CE29DE00E942E
:10CA2000D2290C949A5487E00E94FAAD81110C949B
:10CA30009A547BECC72E7CE1D72EEBE52E2EE2E05C
:10CA40003E2E8E010F5F1F4FF12CE12CF6016591F8
:10CA5000759185919491F10181909190A190B190FF
:10CA60001F01A50194010E9400FA2B013C01D8018D
:10CA70004D925D926D927C92139720E030E040EAF7
:10CA800051EC0E9428FC87FD0AC020E030E040EA1B
:10CA900051E4C301B2010E9444F318167CF4F7017B
:10CAA000E558F04DE4911E164CF4B7FAB094B7F87F
:10CAB000B094F80180829182A282B382D8018D90D5
:10CAC0009D90AD90BC9020E030E040EA51ECC50173
:10CAD000B4010E9428FC87FD43C020E030E040EA1A
:10CAE00051E4C501B4010E9444F31816CCF1BFEF24
:10CAF000EB1AFB0AE4E0CE0ED11C0C5F1F4FF3E0F3
:10CB0000EF16F10409F0A2CF89819A81AB81BC8133
:10CB100080933B0990933C09A0933D09B0933E0953
:10CB20008D819E81AF81B88580933F0990934009A4
:10CB3000A0934109B093420989859A85AB85BC854C
:10CB40008093430990934409A0934509B093460903
:10CB50000E945F9685E49DE00E9467C80C949A54F9
:10CB60000E94F82985E69DE00E94D22941E061E01B
:10CB700085E59DE00E94F49D0C949A540E9499834F
:10CB80000C949A540E941FA80C949A5461E083E577
:10CB90000E94812081270E94A2820C949A540E94B4
:10CBA000999D0C949A540E941C500C949A540E9483
:10CBB0000235082F87FF02C00C949A5485E50E9425
:10CBC0006A1B882361F10E94A3204B015C01E02EC7
:10CBD000002E000CFF0820E030E0A9010E9428FC94
:10CBE00087FF04C0B7FAB094B7F8B09420E030E003
:10CBF00048E453E4C501B4010E9428FC970153E0C6
:10CC0000220F331F5A95E1F72358384F1816D4F1E5
:10CC1000D90114968D929D92AD92BC9217978CE497
:10CC20000E946A1B882311F40C949A540E94A3203A
:10CC30006B017C01002E000C110B20E030E0A901FB
:10CC40000E9428FC87FF04C0F7FAF094F7F8F094EC
:10CC500020E030E048E453E4C701B6010E9428FC1C
:10CC6000980143E0220F331F4A95E1F72358384FCC
:10CC7000181694F0D901CD92DD92ED92FC921397A3
:10CC80000C949A5480E090E0A8E4B3E4F901848322
:10CC90009583A683B783C3CF80E090E0A8E4B3E494
:10CCA000F90180839183A283B3830C949A54809179
:10CCB000490687FD09C080914A06837029F481E006
:10CCC0000E94012A0C949A5430905B0E40905C0EA6
:10CCD00050905D0E60905E0E70905F0E8090600EC2
:10CCE0002090610EF091620EF8A7C090630ED09074
:10CCF000640EE090650EF090660E88E50E946A1B57
:10CD0000182F882309F48AC00E94A320962EA72EEC
:10CD1000B82E092F20E030E048EC53EC0E9428FCAC
:10CD200087FD0DC020E030E048EC53E4692D7A2DFA
:10CD30008B2D902F0E9444F318160CF071C060E701
:10CD40007EEF82EC9DE00E94A33560E971E08DEBFF
:10CD50009DE00E94A3358AEB9DE00E94D22910E05D
:10CD600089E50E946A1B882361F10E94A320962E08
:10CD7000A72EB82E092F20E030E048EC53EC0E949B
:10CD800028FC87FD0DC020E030E048EC53E4692D1D
:10CD90007A2D8B2D902F0E9444F318160CF044C06E
:10CDA00060E77EEF88EA9DE00E94A33560E971E0CC
:10CDB00083EA9DE00E94A33580EA9DE00E94D2298B
:10CDC00010E08AE50E946A1B882399F10E94A32043
:10CDD0006B017C0120E030E040EA51EC0E9428FC2D
:10CDE00087FD0AC020E030E040EA51E4C701B60107
:10CDF0000E9444F31816ECF46CEE7FEF8EE89DE091
:10CE00000E94A33564E170E089E89DE00E94A335AB
:10CE100086E89DE00E94D2290C949A5411E0A0CF9C
:10CE2000392C2501602E9CCF792C8A2C2B2C08A71D
:10CE3000C8CF112311F40C949A54832D942DA52D51
:10CE4000B62D80935B0E90935C0EA0935D0EB09315
:10CE50005E0E872D982DA22DB8A580935F0E90931E
:10CE6000600EA093610EB093620EC092630ED092DA
:10CE7000640EE092650EF092660E0C949A5483E074
:10CE800080938A091092500A60E083E50E94812015
:10CE900081110C949A54E0916C0222E6E29FF00119
:10CEA0001124E153FD4F80810E940A2B0C949A5467
:10CEB0008091470690914806A0914906B0914A0694
:10CEC000892B8A2B8B2B29F481E00E941F2D0C9437
:10CED0009A5483E50E941C1B882311F40C949A54E5
:10CEE0000E94722080937C070E949A380C949A5476
:10CEF0000E942A26882311F40C949A5480914706A4
:10CF000090914806A0914906B0914A06AC01BD0136
:10CF100032E176956795579547953A95D1F740FF59
:10CF200006C061E088EF0E94809F0C949A5422E032
:10CF3000B695A795979587952A95D1F780FF12C04A
:10CF40000E940C2680912E078350823010F00C94A2
:10CF50009A5460E083E00E94EBC585E080938B09E2
:10CF60000C949A540E9439E20C949A540E94F7DE71
:10CF700081110C949A540C94565B111107C011E066
:10CF800000914A06017001130C946B558C2D817031
:10CF9000012F81130C946B5511E001E099249394B7
:10CFA00082E50E946A1B882309F4C0C00E94A32066
:10CFB0002B013C0120E030E0A9010E9444F3FF2452
:10CFC000F3948111CAC00E94884B0E94544B1123D4
:10CFD00019F080E00E94F599002319F081E00E9489
:10CFE000F599992011F40C94815580914706909100
:10CFF0004806A0914906B0914A0667E0B695A79504
:10D00000979587956A95D1F780FD8BC083E00E9444
:10D01000FAAD81110C9497550E9404968091630299
:10D0200090916402A0916502B09166028CA79DA7C1
:10D03000AEA7BFA780935E0790935F07A09360079A
:10D04000B09361070091670E1091680ED8012D9181
:10D050003D914D915C9160E070E088E493E40E9422
:10D0600000FA2B013C0140925607509257076092FC
:10D07000580770925907F8012481358146815781FC
:10D0800060E070E088E493E40E9400FA68A779A762
:10D090008AA79BA760935A0770935B0780935C07EE
:10D0A00090935D0727E137EB41ED58EB0E9428FC98
:10D0B00087FF02C00C94775523E030E048EC53E43E
:10D0C00068A579A58AA59BA50E9444F3181614F4B7
:10D0D0000C94775527E137EB41ED58EBC301B201D2
:10D0E0000E9428FC87FF02C00C94775523E030E0B3
:10D0F00048EC53E4C301B2010E9444F3181614F43F
:10D100000C947755A12CB12C6501ECA4FDA40EA5BF
:10D110001FA528A539A54AA55BA5C301B2010E9498
:10D120004A9482E00E94F5990C948155F12E1111D8
:10D1300003C0F92C0111F02E4091EF0741110C941E
:10D14000715584E00E94B19281110C947055412C6C
:10D15000512C70E2672E71E4772E2091630230919A
:10D1600064024091650250916602C301B2010E94BF
:10D1700001FA40E0FF2009F42ACF20E00E940B953D
:10D1800022CF0E94F8298CE09DE00E94D2290C94C5
:10D190009A54882309F4F3CEFFCEDF92EF92FF92E8
:10D1A0000F931F93CF93DF93EC01E090A609F090CB
:10D1B000A7098AE0D82E6AE070E0CE010E9407FD40
:10D1C0008C01009711F0FC011082CE010E947324A3
:10D1D00081E00E942E540115110519F0E801D99241
:10D1E000EACFC701DF91CF911F910F91FF90EF9090
:10D1F000DF900C947324CF92DF92EF92FF920F9303
:10D200001F93CF93DF93CDB7DEB7C156D1090FB6C9
:10D21000F894DEBF0FBECDBF8C01C090A609D090A0
:10D22000A7096AE070E0C8010E941EF27C01801B21
:10D23000910BE114F10419F4C8010E9444F219821F
:10D24000A2961FAEA297AC018036910514F040E67D
:10D2500050E04F5F5F4FB801CE0101960E9430F25F
:10D26000CE0101960E94732481E00E942E54E114A5
:10D27000F10421F087010F5F1F4FD3CFC6010E9439
:10D280007324CF59DF4F0FB6F894DEBF0FBECDBF6A
:10D29000DF91CF911F910F91FF90EF90DF90CF9092
:10D2A00008954F925F926F927F928F929F92AF926A
:10D2B000BF92CF92DF92EF92FF920F931F93CF9383
:10D2C000DF93CDB7DEB7EE970FB6F894DEBF0FBE93
:10D2D000CDBF88E0EBE5F2E0DE01909601900D9283
:10D2E0008A95E1F788E50E946A1B882381F00E94F5
:10D2F000A320209190093091910940919209509179
:10D3000093090E9400FA68A379A38AA39BA389E5E5
:10D310000E946A1B882381F00E94A3202091940917
:10D320003091950940919609509197090E9400FA11
:10D330006CA37DA38EA39FA3CE0180960E9422CCD6
:10D34000882309F4DBC080E00E949F260E9403949A
:10D350008AE391E150DF61E085E40E9481202CA105
:10D360003DA14EA15FA12FAB38AF49AF5AAF48A046
:10D3700059A06AA07BA0E12C082FC301B2010E9432
:10D3800054CD6B017C01AC019B010E94B0FC81116A
:10D3900087C0209190093091910940919209509154
:10D3A0009309C301B2010E9401FA4B015C01209173
:10D3B00094093091950940919609509197096FA968
:10D3C00078AD89AD9AAD0E9401FA6BAF7CAF8DAF9D
:10D3D0009EAF4FE150E063E371E1CE0101960E9400
:10D3E00030F28AAA9BAAACAABDAA82E08EABBE018B
:10D3F0006E5C7F4FCE0101960E94B11F5C01DC0183
:10D400000D900020E9F7CD0101978A199B098E3113
:10D41000910550F44FE150E0481B590B6FE271E168
:10D420008A0D9B1D0E9430F22BAD3CAD4DAD5EAD23
:10D430002DA73EA74FA758AB82E089ABBE01635D25
:10D440007F4FC5010E94B11F5C01C8A6D9A6EAA6FC
:10D45000FBA683E08CA7D5010D900020E9F7CD0154
:10D4600001978A199B098E31910550F44FE150E0E4
:10D47000481B590B6BE271E18A0D9B1D0E9430F233
:10D48000BE01685D7F4FC5010E94B11FCE010196AC
:10D490000E94E92540E060E0CE0101960E94C19D16
:10D4A0000E94EA93E0906302F090640200916502AA
:10D4B00010916602A12CB12C65012FA938AD49ADA0
:10D4C0005AADC301B2010E944A940E945F96EE9643
:10D4D0000FB6F894DEBF0FBECDBFDF91CF911F9185
:10D4E0000F91FF90EF90DF90CF90BF90AF909F9003
:10D4F0008F907F906F905F904F9008958AE191E1B7
:10D500000E94D2290E94FE298AE191E10E9467C807
:10D51000DECF2F923F924F925F926F927F928F92C7
:10D520009F92AF92BF92CF92DF92EF92FF920F93B2
:10D530001F93CF93DF93CDB7DEB7CA59D1090FB68A
:10D54000F894DEBF0FBECDBF8091BE09888B80915D
:10D55000470690914806A0914906B0914A06AC0151
:10D56000BD0116E176956795579547951A95D1F7C0
:10D5700040FF00C10E948A26811107C00E94F8293D
:10D5800089E597E00E94D2290FC18AE50E946A1BB3
:10D59000882339F10E94A32020919809309199099C
:10D5A00040919A0950919B090E9400FA6B017C01FD
:10D5B00020E030E040E251ECC701B6010E9428FCB7
:10D5C00087FD0AC020E030E040E251E4C701B60127
:10D5D0000E9444F3181674F40E94F8298CE497E032
:10D5E000D1CFC0906302D0906402E0906502F090C9
:10D5F0006602DECF40E050E060EC7FE788E50E9405
:10D60000D120209190093091910940919209509137
:10D6100093090E9400FA2B013C0140E050E060ECCD
:10D620007FE789E50E94D1202091940930919509E6
:10D6300040919609509197090E9400FA4B015C01B4
:10D640006FEF89E40E946820182F6FEF8AE40E9430
:10D650006820082FA3019201C301B2010E94B0FC0F
:10D66000811156C0A5019401C501B4010E94B0FC0E
:10D6700081114EC020916B0730916C0740916D076E
:10D6800050916E07C301B2010E9400FA2091730706
:10D690003091740740917507509176070E94DDFA2A
:10D6A00020E030E040E05FE30E9401FA0E9445FB89
:10D6B000162F20916F07309170074091710750919C
:10D6C0007207C501B4010E9400FA209177073091DA
:10D6D00078074091790750917A070E94DDFA20E09F
:10D6E00030E040E05FE30E9401FA0E9445FB062F14
:10D6F000812F012E000C990B97FD34C00597A4F5DE
:10D70000802F002E000C990B97FD30C0059784F5F3
:10D71000153008F049C0053008F046C080E00E948E
:10D720009F2625E01202F0011124E00FF11D07FDF4
:10D73000FA95EE0FFF1FEE0FFF1FE657F84FC0825E
:10D74000D182E282F3820E94E228602F812F0E9420
:10D75000CAA08889882341F181E00E949F260E9407
:10D760005F9622C010E0CCCF14E0CACF00E0D0CF4B
:10D7700004E0CECF79E0B695A795979587957A95F1
:10D78000D1F780FD0CC070E060E086E50E94962035
:10D790009A838983059710F187E297E0F3CE80E0C2
:10D7A0000E949F260E946329C656DF4F0FB6F89449
:10D7B000DEBF0FBECDBFDF91CF911F910F91FF90C4
:10D7C000EF90DF90CF90BF90AF909F908F907F9021
:10D7D0006F905F904F903F902F90089560E084E4A9
:10D7E0000E9481208F8740E050E0BA018AE50E94C4
:10D7F000D1206BA77CA78DA79EA740E050E06AEFE1
:10D8000075E483E50E94D1206B017C0120E030E0CB
:10D8100040E752E40E9444F387FF12C040E050E02A
:10D8200060E772E488E097E00E94E8298BEF96E0D9
:10D830000E94D229C12CD12C60E7E62E62E4F62E9C
:10D8400020E030E040E752E4C701B6010E94DDFA73
:10D85000609351027093520280935302909354024A
:10D860000091670E1091680EF801C080D180E280AF
:10D87000F38020E030E0A901C701B6010E9401FA5F
:10D88000C956DF4F6883C759D040C856DF4F7883E9
:10D89000C859D040C756DF4F8883C959D040C656B3
:10D8A000DF4F9883CA59D04020E030E04CE052E48A
:10D8B0000E9444F387FF16C0C956DF4F1882C7592C
:10D8C000D040C856DF4F1882C859D040FCE0C75638
:10D8D000DF4FF883C959D04022E4C656DF4F288372
:10D8E000CA59D04020E030E048EC53E4C701B6010B
:10D8F0000E9401FACD56DF4F6883C359D040672E8E
:10D90000CC56DF4F8883C459D040CB56DF4F988325
:10D91000C559D04020E030E043EC53E40E9428FC9D
:10D92000181694F4CD56DF4F1882C359D040612C9D
:10D9300083ECCC56DF4F8883C459D04093E4CB5658
:10D94000DF4F9883C559D040F80184809580A68028
:10D95000B78020E030E0A901C501B4010E9401FABE
:10D960007B018C0120E030E040E251E40E9444F36E
:10D9700087FF04C0E12CF12C00E211E420E030E04C
:10D9800048EC53E4C501B4010E9401FAB62EC72E3B
:10D99000D82ECA56DF4F9883C659D04020E030E0D9
:10D9A00043EC53E40E9428FC181654F4B12CC12C0B
:10D9B00053ECD52EF3E4CA56DF4FF883C659D04056
:10D9C00088E40E941C1B882309F457C20E94A320EC
:10D9D0000E9445FB1B0177FF02C06F5F7F4F75956B
:10D9E000679571956195710968537F4F072E000CFB
:10D9F000880B990B0E944AF3762E872E982EA92E1B
:10DA00009701A8010E9428FC181624F4E72CF82C92
:10DA1000092D1A2DC956DF4F2881C759D040C85645
:10DA2000DF4F3881C859D040C756DF4F4881C959A8
:10DA3000D040C656DF4F5881CA59D040672D782D47
:10DA4000892D9A2D0E9428FC1816A4F0C956DF4F84
:10DA50007880C759D040C856DF4F8880C859D04019
:10DA6000C756DF4F9880C959D040C656DF4FA880AF
:10DA7000CA59D040872D982DA92DBA2D8B8B9C8B00
:10DA8000AD8BBE8BC701D8018F8B988FA98FBA8FB2
:10DA9000B101330C880B990B0E944AF31B012C0136
:10DAA000AC019B01B701C8010E9401FA7B018C0106
:10DAB0002B2D3C2D4D2DCA56DF4F5881C659D040D5
:10DAC0000E9444F387FF08C0BE2CCF2CD02ECA562C
:10DAD000DF4F1883C659D040A2019101672D782DE0
:10DAE000892D9A2D0E9401FA7B018C01CD56DF4FC2
:10DAF0002881C359D040362DCC56DF4F4881C459B8
:10DB0000D040CB56DF4F5881C559D0400E9444F3D6
:10DB100087FF10C0CD56DF4FE882C359D0406F2C2D
:10DB2000CC56DF4F0883C459D040CB56DF4F188303
:10DB3000C559D040CD56DF4F8881C359D040962D6E
:10DB4000CC56DF4FA881C459D040CB56DF4FB881A7
:10DB5000C559D0408B8F9C8FAD8FBE8F8B2D9C2D48
:10DB6000AD2DCA56DF4FB881C659D0408F8F98A3CC
:10DB7000A9A3BAA3CE0143960E9422CC882309F41C
:10DB8000CBC1CE014B960E9422CCD82E882309F41B
:10DB9000C3C12F89388D498D5A8D6F8D78A189A188
:10DBA0009AA10E9400FA20E030E040E85EE30E9483
:10DBB000A9F34B015C012B893C894D895E896B8DF2
:10DBC0007C8D8D8D9E8D0E9400FA20E030E040E833
:10DBD0005EE30E94A9F36BA37CA38DA39EA38FA2F7
:10DBE00098A6A9A6BAA689819A81181619066CF476
:10DBF00089EC96E00E94D2298F85882321F08FEB53
:10DC000096E00E94D2290E94FE290E947C870E94F1
:10DC1000039480E00E949F2620E041E060E070E0F5
:10DC200080E890E40E940B958F85811146C0209179
:10DC300073073091740740917507509176076BA177
:10DC40007CA18DA19EA10E9444F3811130C020913E
:10DC50007707309178074091790750917A076FA143
:10DC600078A589A59AA50E9444F3811120C020912E
:10DC70006B0730916C0740916D0750916E076B896F
:10DC80007C898D899E890E9444F3811110C0209166
:10DC90006F073091700740917107509172076F893B
:10DCA000788D898D9A8D0E9444F3882331F080E02D
:10DCB0000E949F260E946329188A60E085E40E94E2
:10DCC0008120882309F42BC121E0CD56DF4F288322
:10DCD000C359D0401B861C861D861E861A8A2FE8D3
:10DCE000A22E26E0B22E3DE9832E36E0932E0A893D
:10DCF00005300CF022C16B857C858D859E859B014E
:10DD0000AC010E94B0FC811118C1CC24C39495E0F1
:10DD1000392ED11005C0CC24CA9433243A9484E01F
:10DD200091E0D926102F110F110F100F1F5F898B53
:10DD300009896A89031509F4FCC0062E000C770BCB
:10DD4000880B990B0E944AF32FA138A549A55AA523
:10DD50000E94A9F32F89388D498D5A8D0E9401FAAE
:10DD60002B013C01602F000F770B880B990B0E9451
:10DD70004AF32BA13CA14DA15EA10E94A9F32B89DE
:10DD80003C894D895E890E9401FA6B837C838D8377
:10DD90009E834F82588669867A8689819A81892BEB
:10DDA00091F08BEA96E00E94D229812F0E9484266E
:10DDB00089EA96E00E94D22989E10E94842686EAB7
:10DDC00096E00E94D2291F92E9E1EF931F921F93E0
:10DDD000BF92AF929F928F921F920E943EC92F8155
:10DDE000388549855A856B817C818D819E81E9804A
:10DDF000CD56DF4F0881C359D0400E9454CD2B012E
:10DE00003C014B865C866D867E860FB6F894DEBF3D
:10DE10000FBECDBFAC019B010E94B0FC811186C03A
:10DE200009892A8825E0020370011124E20CF11C03
:10DE300027FCFA94EE0CFF1CEE0CFF1C81E090E036
:10DE40008C0F9D1FE80EF91EA30192016BA57CA506
:10DE50008DA59EA50E9401FAF70166A777A780AB62
:10DE600091AB622D802F0E94CAA0188A81E00E9487
:10DE7000B8381F5F89898C0D5ACFA701B80186E495
:10DE80000E94D1201B012C01C956DF4F4881C75980
:10DE9000D040C856DF4F5881C859D040C756DF4FD1
:10DEA0006881C959D040C656DF4F7881CA59D040E1
:10DEB0008CE40E94D1206B8B7C8B8D8B9E8B2F8A68
:10DEC000388E498E5A8E4B2D5C2D6D2DCA56DF4FE4
:10DED0007881C659D04082E40E94D1206B017C0138
:10DEE000CD56DF4F4881C359D040562DCC56DF4F19
:10DEF0006881C459D040CB56DF4F7881C559D04096
:10DF000082E50E94D1206B8F7C8F8D8F9E8FCF8E6C
:10DF1000D8A2E9A2FAA22ECE8FED96E033CB83E011
:10DF2000CD56DF4F8883C359D040D4CE88890E9414
:10DF30009F268A898F5F8A8BDACE0E9486CB80E00B
:10DF40000E94FC25882359F088890E949F2680E042
:10DF500090E0A0ECBFE78B879C87AD87BE876B8581
:10DF60007C858D859E859B01AC010E94B0FC811152
:10DF700010C08F858823A9F0CE018F960E94A3320E
:10DF80008F85882319F08889882319F081E00E9401
:10DF90009F260E94EA930E947C878FE696E02BD909
:10DFA000DECBBE016D5E7F4FCE0183960E94F628C8
:10DFB00084E6FE01BF96AAE8B7E001900D928A952B
:10DFC000E1F70E94E22890E080E0D8CF1F93CF9342
:10DFD000DF9380916C0292E6899FE0011124FE019B
:10DFE000E153FD4F208190E0283028F491E001C0FA
:10DFF000990F2A95EAF71091BF159093BF1580935A
:10E00000C709C259DD4F8091050A80FF05C00E94F3
:10E01000FB29CE010E94E925CE010E94732480E0F5
:10E020000E942E541093BF15DF91CF911F91089538
:10E03000DC01680F791F90E080E02D91E92FFF2728
:10E04000E227EE0FFF1FEF5CF64D25913491982FDC
:10E050008827822793276A177B0779F708950F93FC
:10E060001F93CF93DF93CDB7DEB760970FB6F894C9
:10E07000DEBF0FBECDBF8C01DC01ED91FC910280B3
:10E08000F381E02DBE016F5F7F4F1995882309F45E
:10E0900064C08981807CC9F56F81637070E0762FE0
:10E0A0006627770F770F8885B4E08B9FC001112416
:10E0B000682B792B89858295869586958370682B48
:10E0C0006F5F7F4F90E080E02A852370220F3B85B1
:10E0D00037FB332730F9232B3E813F70230F332743
:10E0E000331F2750310904C0660F771F881F991FFF
:10E0F0002A95D2F760960FB6F894DEBF0FBECDBF5B
:10E10000DF91CF911F910F910895803419F56885A3
:10E110006695669570E090E080E0CB0177276627F2
:10E120002A85622B098510E0102F0027012E000C94
:10E13000220B330B602B712B822B932B6F5F7F4F46
:10E140008F4F9F4F4AE0660F771F881F991F4A9590
:10E15000D1F7D0CF8BE0F801848360E070E0CB0191
:10E16000C9CF0895FC0182810895CF93DF93C091B8
:10E17000ED0DD091EE0D81E0CE31D105E4F020E03F
:10E1800030E040E05FE36091E90D7091EA0D80912D
:10E19000EB0D9091EC0D0E9401FA0E9445FB6C1B67
:10E1A0007D0B77FF03C071956195710981E0653042
:10E1B00071050CF080E0DF91CF910895FC0190E1B2
:10E1C000A7EAB8E001900D929A95E1F708950F93B0
:10E1D0001F9320912302203148F0F4E09695879513
:10E1E00077956795FA95D1F722952F70243048F0EE
:10E1F000E2E09695879577956795EA95D1F726950C
:10E200002695223020F0969587957795679561152C
:10E2100028E0720781059105C8F081114BC023E009
:10E22000729FA00111244E585B4DFA012591349143
:10E23000FA013296E4916E9F412D1124000C411D8C
:10E24000C901841B91091F910F91089561327105D5
:10E250008105910550F160527109810991098B0185
:10E260009C0183E036952795179507958A95D1F7F8
:10E27000000F111F000F111F0E581F4DF80125919F
:10E280003491F8013296459154916770649FC001B2
:10E29000659F900D112443E0969587954A95E1F787
:10E2A000A901481B590BCA01CECFE2E7F0E28591E4
:10E2B0009491C9CF8EE190E0C6CF90916F0081E03C
:10E2C00091FD02C080E0089590916F009D7F909332
:10E2D0006F000895FC017081472F50E0062E02C0A8
:10E2E000559547950A94E2F740FF14C040915507B1
:10E2F00050E0062E02C0559547950A94E2F740FF7C
:10E3000009C021E030E001C0220F6A95EAF72095AC
:10E31000272320830895DC01ED91FC911197208142
:10E3200030E012968C91F90102C0F595E7958A9537
:10E33000E2F7CF018170089580916B0281110DC0C9
:10E340008091480990914909892B39F481E0909195
:10E350004A09911103C080E0089581E008959B016E
:10E36000692F782F832F922F0895CF93DF93FC018D
:10E370009281992369F0C481D581209749F0923028
:10E3800051F0943071F0913019F4FB018081888351
:10E39000DF91CF910895FB01808191819827892792
:10E3A000F6CFFB016081718182819381D8DF688320
:10E3B000EFCF9B01692F782F832F922F0895089517
:10E3C00008951092290781E0089510922C0788EC97
:10E3D00090E090930D0280930C0281E008958FEFFE
:10E3E000809310028AE090E090930B0280930A02DF
:10E3F00081E00895E1E0F7E0118210821382128239
:10E4000081E00895FC014281442339F084819581A3
:10E41000009719F050E00C94E4FC0895CF93DF933B
:10E42000C091ED0DD091EE0D209729F16091E90D8D
:10E430007091EA0D8091EB0D9091EC0D0E9445FBDF
:10E440006E5F7F4F26976C177D07ACF470931808AA
:10E45000609317080E9408D260547B428E4F9F4FF2
:10E460006093190870931A0880931B0890931C08F6
:10E47000DF91CF9108951092190810921A08109206
:10E480001B0810921C08F4CFCF93DF93EC018D8111
:10E490000E94FB4E60E08B81DF91CF910C94E2D023
:10E4A000AF92BF92DF92EF92FF920F931F93CF93A1
:10E4B000DF9300D000D0CDB7DEB77C01D62E122F6F
:10E4C000032FB42EA52EE0DF0E9498D21E821D825B
:10E4D0008D2D80648983AA82BB820C831D838E016B
:10E4E0000F5F1F4FCE010696D801E0E02D91F0E0BE
:10E4F000EE0FFF1FE227EF5CF74DE491A817B90775
:10E50000A9F7EE0FE160EE83580186E0A80EB11C7A
:10E51000F80181918F010E94EF4E0A151B05C1F78A
:10E52000FCE0DF1202C00E94F44E10E00E94F44EA4
:10E53000F701868387FF04C01F3F11F01F5FF6CFEE
:10E5400026960FB6F894DEBF0FBECDBFDF91CF91F8
:10E550001F910F91FF90EF90DF90BF90AF900895C3
:10E5600061E0FC0183810E94E2D08FEF0C94EF4EBA
:10E570000F931F93CF938C0187DF0E9498D2C82FEF
:10E5800081110AC082E1F8018483C801E9DF8C2F80
:10E59000CF911F910F9108958DEF0E94EF4E0E9431
:10E5A00098D2C82FF2CF8F929F92AF92BF92CF9204
:10E5B000DF92EF92FF920F931F93CF93DF93EC01C3
:10E5C0006A017B01590120E030E0A90167E368DFBF
:10E5D000A501980167E1CE0163DF811125C08F811C
:10E5E000833039F089E0CC0CDD1CEE1CFF1C8A95D1
:10E5F000D1F7A701960169E1CE0152DF11E088232E
:10E6000019F010E087E08C83CE01AADF812FDF9123
:10E61000CF911F910F91FF90EF90DF90CF90BF901F
:10E62000AF909F908F90089589E08C8310E0ECCF9D
:10E63000EF92FF920F931F93CF93DF93EC01E62E9F
:10E640008A0160E072E0CA01F3DCF82E892FEEBC8B
:10E65000F80198013E5F0DB407FEFDCF90819EBD8D
:10E660000DB407FEFDCF91819EBD3296E217F307F0
:10E6700091F70DB407FEFDCF0E94EF4E8F2D0E9443
:10E68000EF4E0E94F44E8E838F71853061F083E1EE
:10E690008C83CE0165DF80E0DF91CF911F910F91D8
:10E6A000FF90EF90089581E0F7CFEF92FF921F93D4
:10E6B000CF93DF93EC017B01E7DE0E9498D2182F05
:10E6C00081110BC085E18C83CE014ADF812FDF9160
:10E6D000CF911F91FF90EF900895A7016CEFCE01AD
:10E6E000A7DF182FF1CF0F931F93CF93DF93EC0188
:10E6F00089018F81833039F089E0440F551F661FEF
:10E70000771F8A95D1F79A01AB0168E1CE01C8DE87
:10E71000882321F086E08C8310E007C0A8016EEF0B
:10E72000CE0186DF811109C011E0CE0119DF812FF2
:10E73000DF91CF911F910F9108950E9498D2182FC9
:10E74000811103C087E18C83F0CF20E030E0A90184
:10E750006DE0CE01A5DE811104C00E94F44E882335
:10E7600019F386E1D8CF1F93CF93DF93EC018CDEB2
:10E7700020E030E0A9016CE0CE0192DE11E08823B8
:10E7800019F010E083E08C83CE01EADE812FDF9167
:10E79000CF911F9108951F93CF93DF93EC018F8149
:10E7A000833039F089E0440F551F661F771F8A9523
:10E7B000D1F79A01AB0162E1CE0172DE11E088234C
:10E7C00019F010E085E08C83CE01CADE812FDF9145
:10E7D000CF911F9108958F929F92AF92BF92CF9247
:10E7E000DF92FF920F931F93CF93DF93EC018B0186
:10E7F0006A010E9408D24B015C012CE2820E21E0EA
:10E80000921EA11CB11C0E94F44E8E838F3F99F47E
:10E810000E9408D2A5019401261B370B480B590B07
:10E82000DA01C901181619061A061B0664F381E1FC
:10E830008C8310E028C08E3F09F03EC0C6010197CE
:10E840002FEF2EBDF8014FEF0DB407FEFDCF2EB513
:10E8500021934EBD9F01201B310B28173907A0F3D0
:10E860000DB407FEFDCF2EB5800F911FFC01208354
:10E870000E94F44EF82E0E94F44EB82E809127028A
:10E88000811110C011E0CE016BDE812FDF91CF919D
:10E890001F910F91FF90DF90CF90BF90AF909F900E
:10E8A0008F900895B601C801C3DB3F2D2B2D821731
:10E8B000930741F38BE1BCCF8FE0BACF0F931F9347
:10E8C000CF93DF93EC018B01DFDD40E052E0B80134
:10E8D000CE01DF91CF911F910F917DCFAF92BF926B
:10E8E000CF92DF92EF92FF920F931F93CF93DF931C
:10E8F000EC016A017B0159018F81833039F089E095
:10E90000CC0CDD1CEE1CFF1C8A95D1F713E004E053
:10E91000A701960161E1CE01C3DD882369F00C8374
:10E92000CE011EDE1150D1F020E030E0A9016CE0F4
:10E93000CE01B6DD1C82ECCF40E052E0B501CE0145
:10E940004ADF882369F3DF91CF911F910F91FF90E8
:10E95000EF90DF90CF90BF90AF90089580E0F3CF1D
:10E960008F929F92AF92BF92CF92DF92EF92FF92DF
:10E970000F931F93CF93DF93EC01062F1F821C820E
:10E980004B830E9408D26B017C0120EDC20E27E070
:10E99000D21EE11CF11CA89561E08B810E94E2D09F
:10E9A0008B810E94BDCA209A289A219A2398229A84
:10E9B00081E00E94FB4E85E08D830E94FB4E1AE0B1
:10E9C0008FEF0E94EF4E1150D9F7A89520E030E06C
:10E9D000A90160E0CE0164DD8E838130B1F00E9438
:10E9E00008D2A7019601261B370B480B590BDA01F9
:10E9F000C901181619061A061B0644F381E08C8318
:10EA0000CE01AEDD1A8280E081C021E030E040E03E
:10EA100050E06BE3CE0144DD91E0813009F090E0FD
:10EA200090932702A8952AEA31E040E050E068E0A0
:10EA3000CE0136DD853069F581E08F83A8958F8121
:10EA4000812C912C5401823029F4812C912CA12C01
:10EA500080E4B82E20E030E0A90167E3CE0120DD9C
:10EA6000A501940169E2CE011BDD8E83882369F143
:10EA70000E9408D2A7019601261B370B480B590BA1
:10EA8000DA01C901181619061A061B061CF38AE0DA
:10EA9000B6CF14E00E94F44E8E831150D9F78A3A13
:10EAA00011F482E0CACF0E9408D2A7019601261B6A
:10EAB000370B480B590BDA01C901181619061A064B
:10EAC0001B060CF4B0CF82E09ACF8F818230B9F46C
:10EAD00020E030E0A9016AE3CE01E2DC882311F0F6
:10EAE00088E08DCF0E94F44E807C803C11F483E05E
:10EAF0008F830E94F44E0E94F44E0E94F44ECE0189
:10EB00002FDD81E08A83073070F40D83DF91CF9190
:10EB10001F910F91FF90EF90DF90CF90BF90AF903B
:10EB20009F908F90089588E18C836DCF0F931F93F2
:10EB3000CF93DF93EC018B0120E030E0A90169E085
:10EB4000AFDC811109C040E150E0B801CE01DF9196
:10EB5000CF911F910F913FCE80E18C83CE0100DDDC
:10EB600080E0DF91CF911F910F910895CF93C82F2F
:10EB7000A4DB94E0C99F90011124F901E556F74FF9
:10EB80002955374FD9014D915D916D917C9140830D
:10EB900051836283738391E090939A08882319F0DC
:10EBA000CF910C94B529CF910895CF93DF9300D0E6
:10EBB000CDB7DEB78091340878998DC0816080939D
:10EBC000340880913408029988C0826080933408A8
:10EBD000909100018091340893FF81C084608093FC
:10EBE00034088091340890913308981709F479C05B
:10EBF00092E0909332088093330880913909811113
:10EC000005C080918F09882309F478C08EE09EE0CA
:10EC10009A8389831B82CE0101967DDB8823A1F034
:10EC20008DE09EE09A838983CE01019674DB811189
:10EC30000BC08091310880FF07C080918D098160F1
:10EC400080938D0980E092DF8EE09EE09A83898335
:10EC500081E08B83CE0101965EDB8823A1F08DE0FD
:10EC60009EE09A838983CE01019655DB81110BC00A
:10EC70008091310881FF07C080918D098260809367
:10EC80008D0981E073DF8EE09EE09A83898382E0C4
:10EC90008B83CE0101963FDB882381F18DE09EE0DE
:10ECA0009A838983CE01019636DB811127C080913A
:10ECB0008F09882319F18091310882FF1FC080914C
:10ECC0008D09846080938D0982E00F900F900F90E2
:10ECD000DF91CF914BCF8E7F72CF8D7F77CF8B7FA0
:10ECE0007ECF80913208882309F487CF81508093AA
:10ECF0003208811182CF909331087FCF0F900F900F
:10ED00000F90DF91CF9108954091EE0721E04227C7
:10ED100061E070E00C9487CA4091EE0721E0422741
:10ED20006CE070E00C9487CA4091EE0721E0422726
:10ED300062E070E00C9487CA4091EE0721E0422720
:10ED400061E070E00C9487CA4091EE0721E0422711
:10ED500068E070E00C9487CA4091EE0721E04227FA
:10ED60006CE070E00C9487CA4091EE0721E04227E6
:10ED700064E070E00C9487CA41E061E070E00C94BC
:10ED800087CA41E062E070E00C9487CA4091EE07C8
:10ED900021E042270C9487CA64E070E00C94A1D172
:10EDA00062E070E00C94A1D161E070E00C94A1D11C
:10EDB00061E070E00C94A1D16CE070E00C94A1D102
:10EDC000CF93C82FCB010E94D2296CE37CE1CC23E6
:10EDD00011F061E47CE18BE49CE1CF910C94162D61
:10EDE000E8E0F7E081E2DF011D928A95E9F7809182
:10EDF0000707803320F080910607813230F485EEDA
:10EE00009BE10E9414D280E0089581E008950E9461
:10EE10008A26882329F081E0809347080E949F2654
:10EE200081E008958091CC0D83FD28C00E941737A2
:10EE3000882331F18091C40D9091C50DA091C60D2C
:10EE4000B091C70D0097A105B105D1F0BC01CD016E
:10EE50006D597F4F8F4F9F4F24E630E040E050E0E8
:10EE60000E946EF96091C80D7091C90D8091CA0D14
:10EE70009091CB0D0E946EF9822F089584E608953B
:10EE800080E008950E947437811102C00C942537E8
:10EE90000895CF93DF931F921F92CDB7DEB77A8389
:10EEA000698342E0BE016F5F7F4F0E94204D0F904B
:10EEB0000F90DF91CF9108956091210270E0762745
:10EEC00067277627FC0180819181E3CFCF93DF9381
:10EED000EC010E944223682F70E07827672776278D
:10EEE00088819981DF91CF91D4CFFC01808191817C
:10EEF0008115904491F48091C01424E6829FC00152
:10EF0000112481589F4F6FEF70E00E94E5F976273A
:10EF10006727762780E090E4BCCF089560917B0757
:10EF200070E0762767277627FC0180819181B1CF39
:10EF3000CF92DF92EF92FF92CF93DF93EC01C090DC
:10EF4000B10DD090B20DE090B30DF090B40D20E073
:10EF500030E0A901C701B6010E9428FC181644F44C
:10EF6000C701B6010E944AFB70931202609311021E
:10EF700060911102709112027627672776278881A7
:10EF80009981DF91CF91FF90EF90DF90CF9081CF6B
:10EF90000F931F93CF93DF938C01C0912202D0E097
:10EFA00020E030E0A9016091B10D7091B20D809127
:10EFB000B30D9091B40D0E9428FC18160CF4C26099
:10EFC0008091000185FDC4607C2F6D2FF801808148
:10EFD0009181DF91CF911F910F915BCFFC019091B7
:10EFE0002C07992339F0913069F09F3F71F461E06B
:10EFF00070E002C062E070E07627672776278081A4
:10F00000918147CF64E070E0F7CF0895FC019091C3
:10F0100010029F3F34F019162CF462E070E091303A
:10F0200019F0089561E070E07627672776278081E0
:10F0300091812FCFDC011496ED91FC91309789F0EE
:10F04000E08170E060E0E43028F4F0E0EC57FB4F42
:10F05000608170E0762767277627FC0180819181A7
:10F0600018CF0895FC0190914D08977070E060E012
:10F0700011F060E071E0808191810BCFFC01808113
:10F0800091818E3FF0E39F0739F062E271E08130B9
:10F0900021E3920719F008956FE570E0762767275E
:10F0A0007627F7CEFC0180819181893F904351F40E
:10F0B0006091190270911A0276276727762789EFE7
:10F0C00090E3E7CE0895FC0180819181873FF0E3D2
:10F0D0009F0721F08115904531F00895A3DE682F38
:10F0E00070E0853610F064E670E0762767277627B3
:10F0F00087EF90E3CECE0F931F93CF93DF9300D093
:10F100001F921F92CDB7DEB7DC0112969C91129729
:10F11000992309F11496ED91FC9115973097D9F048
:10F120008D01923079F0943001F19130A1F4208179
:10F130008D919C912D8341E0BE016B5F7F4F0E94BA
:10F14000204D09C0608170E0762767277627FD0192
:10F15000808191819EDE0F900F900F900F900F9005
:10F16000DF91CF911F910F910895608170E090E041
:10F1700080E0F5D8F8012081318169837A838B831F
:10F180009C8344E0BE016F5F7F4FC901D8CF0F93CE
:10F190001F93CF93DF9300D01F921F92CDB7DEB79E
:10F1A000DC0112969C911297992301F11496ED912E
:10F1B000FC9115973097D1F08D01923079F0943011
:10F1C000F9F0913099F48D919C9120812D8341E04B
:10F1D000BE016B5F7F4F0E94204D08C0608171812E
:10F1E0007627672776278D919C9153DE0F900F909D
:10F1F0000F900F900F90DF91CF911F910F91089575
:10F200006081718190E080E0AAD8F801208131818D
:10F2100069837A838B839C8344E0BE016F5F7F4F59
:10F22000C901D9CF0F931F93CF93DF9300D01F92C3
:10F230001F92CDB7DEB7DC0112969C9112979923ED
:10F24000B9F11496ED91FC911597309789F18D01E4
:10F250009230D9F09430B1F1913051F520E030E0A6
:10F2600048EC52E460817181828193810E94A9F30C
:10F270000E9434FCF801808191816D8341E0BE01E0
:10F280006B5F7F4F0E94204D13C020E030E048ECC0
:10F2900052E460817181828193810E94A9F30E946E
:10F2A00034FC762767277627F80180819181F1DD8C
:10F2B0000F900F900F900F900F90DF91CF911F91B3
:10F2C0000F91089520E030E048EC52E460817181B4
:10F2D000828193810E94A9F30E9434FC40D8F801F6
:10F2E0002081318169837A838B839C8344E0BE01D2
:10F2F0006F5F7F4FC901C6CF0F931F93CF93DF93EB
:10F3000000D01F921F92CDB7DEB7DC0112969C9100
:10F3100012979923B9F11496ED91FC9115973097B6
:10F3200089F18D019230D9F09430B1F1913051F5DD
:10F3300020E030E040E251E460817181828193817C
:10F340000E94A9F30E9434FCF801808191816D83B1
:10F3500041E0BE016B5F7F4F0E94204D13C020E053
:10F3600030E040E251E460817181828193810E94AA
:10F37000A9F30E9434FC762767277627F80180815D
:10F38000918187DD0F900F900F900F900F90DF917C
:10F39000CF911F910F91089520E030E040E251E4B9
:10F3A00060817181828193810E94A9F30E9434FC63
:10F3B0000E94AF71F8012081318169837A838B8348
:10F3C0009C8344E0BE016F5F7F4FC901C5CF0F939F
:10F3D0001F93CF93DF9300D01F921F92CDB7DEB75C
:10F3E000DC0112969C911297992301F11496ED91EC
:10F3F000FC9115973097D1F08D01923079F09430CF
:10F40000F9F0913099F48D919C9120812D8341E008
:10F41000BE016B5F7F4F0E94204D08C060817181EB
:10F420007627672776278D919C9133DD0F900F907B
:10F430000F900F900F90DF91CF911F910F91089532
:10F4400060817181072E000C880B990B0E94AF71AF
:10F45000F8012081318169837A838B839C8344E026
:10F46000BE016F5F7F4FC901D6CF0F931F93CF931C
:10F47000DF9300D01F92CDB7DEB720912C0721116A
:10F4800027C08C0121E732EB47E25EE36091090E71
:10F4900070910A0E80910B0E90910C0E0E94A9F3B0
:10F4A00020E030E048EC52E40E94A9F30E9434FCD2
:10F4B0000E94D971F8012081318169837A838B831D
:10F4C0009C8344E0BE016F5F7F4FC9010E94204DC5
:10F4D0000F900F900F900F90DF91CF911F910F9190
:10F4E00008950F931F93CF93DF9300D01F92CDB752
:10F4F000DEB720912C07211127C08C0121E732EBC8
:10F5000047E25EE36091050E7091060E8091070E52
:10F510009091080E0E94DDFA20E030E048EC52E4C1
:10F520000E94A9F30E9434FC0E94D971F801208145
:10F53000318169837A838B839C8344E0BE016F5F52
:10F540007F4FC9010E94204D0F900F900F900F9098
:10F55000DF91CF911F910F9108950F931F93CF9338
:10F56000DF9300D01F92CDB7DEB720912C07211179
:10F5700021C08C0120E030E048EC52E46091010EA3
:10F580007091020E8091030E9091040E0E94A9F3D7
:10F590000E9434FC0E94D971F80120813181698375
:10F5A0007A838B839C8344E0BE016F5F7F4FC901E8
:10F5B0000E94204D0F900F900F900F90DF91CF91F0
:10F5C0001F910F9108957F928F929F92AF92BF9259
:10F5D000CF92DF92EF92FF920F931F93CF93DF931F
:10F5E000CDB7DEB7E2970FB6F894DEBF0FBECDBF42
:10F5F0006C01CE0101967C0110E000E04C0195E029
:10F60000A92EB12C25E0722EC801B5010E94E5F9A2
:10F61000789EF001799EF00D1124E60FF71FEE0F92
:10F62000FF1FEE0FFF1FE657F84F20E030E04AE7DC
:10F6300054E460817181828193810E94A9F30E94C8
:10F6400034FC762767277627F701619371937F0152
:10F650000F5F1F4F09311105B9F642E3B401F601FE
:10F66000808191810E94204DE2960FB6F894DEBF12
:10F670000FBECDBFDF91CF911F910F91FF90EF9003
:10F68000DF90CF90BF90AF909F908F907F90089524
:10F690000F93FC014281442359F064817581611507
:10F6A000710531F000E020E0808191810E940CC65C
:10F6B0000F9108950F9301E020E0FC0142816EE07C
:10F6C0007CE1808191810E940CC60F9108950F9377
:10F6D00001E020E0FC0142816CE07CE180819181CD
:10F6E0000E940CC60F9108950F9301E020E0FC01E9
:10F6F00042816AE07CE1808191810E940CC60F9179
:10F7000008950F93FC014281442359F0648175816F
:10F710006115710531F000E020E0808191810E9447
:10F720005BC60F910895AF92BF92CF92DF92EF9296
:10F73000FF920F93CF93DF93CDB7DEB76C01ADB6D9
:10F74000BEB6FC0192812DB73EB7291B31090FB619
:10F75000F8943EBF0FBE2DBFEDB7FEB731967F01C7
:10F7600081E08F9323E92F938F9320E92F938F9339
:10F770002F9321E03CE13F932F931F929F93FF92A1
:10F78000EF930E94A1F201E020E0F6014281B7016F
:10F79000808191810E945BC62DB73EB7245F3F4FA9
:10F7A0000FB6F8943EBF0FBE2DBF0FB6F894BEBE85
:10F7B0000FBEADBEDF91CF910F91FF90EF90DF9024
:10F7C000CF90BF90AF900895CF93DF93EC0146E0C8
:10F7D00065E082E10E94D44D60E071E0888199810A
:10F7E000DF91CF9156CBCF93DF93EC018091BE098F
:10F7F00045E065E0882369F08DE00E94D44D61E02A
:10F8000070E076276727762788819981DF91CF91ED
:10F8100040CB8DE00E94A74D70E060E0F2CF8230D7
:10F82000910571F034F40097A1F042E0019749F09E
:10F8300008958330910559F045E0049711F008953B
:10F8400043E0662341F065E082E00C94D44D44E04F
:10F85000F8CF41E0F6CF65E082E00C94A74D0F931E
:10F86000CF93DF93EC0180910E0290910F0297FFEE
:10F8700008C08CE69FE2892BD9F4DF91CF910F91DC
:10F8800008950E94F5DC8823A1F38091550B68EA66
:10F8900079E0882311F065E57BE06115710569F376
:10F8A00001E020E04A81888199810E945BC6E5CF12
:10F8B00001E020E04A816CE67FE2888199810E9424
:10F8C0000CC6DBCF0F93CF93DF93EC018881998136
:10F8D000853620E39207A1F158F4853220E39207A0
:10F8E00099F18534904369F0DF91CF910F9108959C
:10F8F000853820E3920731F1853A9043A9F784E0F7
:10F9000001C081E020912A0730912B07820F932FAD
:10F91000911D0E94F5DC8823C9F08091550B68EA9F
:10F9200079E0882311F065E57BE061157105E1F26E
:10F9300001E020E04A81888199810E945BC6D4CF92
:10F9400082E0E0CF83E0DECF80E0DCCF8CE69FE298
:10F95000009751F201E020E04A81BC018881998141
:10F960000E940CC6C1CFAF92BF92CF92DF92EF92AE
:10F97000FF920F931F93CF93DF9300D000D000D05E
:10F980001F92CDB7DEB76C01CE0101967C0110E06D
:10F9900000E05C0180912A0790912B07800F911F56
:10F9A0000E94F5DC811126C0F7011182108260E00F
:10F9B000C80135DF0F5F1F4FF2E0EF0EF11C05307D
:10F9C000110541F74AE0B501F601808191810E945D
:10F9D000204D2A960FB6F894DEBF0FBECDBFDF9143
:10F9E000CF911F910F91FF90EF90DF90CF90BF903C
:10F9F000AF9008958091CC0D85FD07C080E091E027
:10FA0000F7019183808361E0D3CF80E092E0F8CF6B
:10FA1000EF92FF920F931F93CF93DF937C0180911E
:10FA2000CC0D46E065E086FD2EC082E00E94D44DFC
:10FA3000C1E0D0E080912A0790912B07892B49F1F2
:10FA4000C26047E065E082E00E94D44D00912A0741
:10FA500010912B070B5F1F4F0E94A7DC0817190797
:10FA6000F0F4C46048E065E082E00E94D44D7C2F51
:10FA70006D2FF70180819181DF91CF911F910F91BF
:10FA8000FF90EF9006CA82E00E94A74DD0E0C0E050
:10FA9000D1CF47E065E082E00E94A74DD7CF48E094
:10FAA00065E082E00E94A74DE2CF8091CC0D86FDFB
:10FAB00003C00E9434D3F9CF10922B0710922A076B
:10FAC0008FEF9FEF90930F0280930E0281E00895D5
:10FAD0008F929F92AF92BF92DF92EF92FF920F931D
:10FAE0001F93CF93DF9300D000D000D01F92CDB7EB
:10FAF000DEB7F82ED62E611110922F0709E61BE112
:10FB000043E050E0B801CE0101960E940AF28A81DA
:10FB10009B81009741F02981F21629F00D5F1F4F5C
:10FB200079F790E080E08C010115110509F456C0C9
:10FB3000F80185919491009709F450C0BE016F5F60
:10FB40007F4F0E942A23882309F445C089859A851E
:10FB5000892B09F440C0D11003C08C8180FF3BC0C9
:10FB6000EB8026E0E20E0E9408D24B015C0138EEE9
:10FB7000830E33E0931EA11CB11CF12C8091D006A2
:10FB80009091CF06891B990B9C012150310937FFB9
:10FB900002C02F5C3F4F2E151F04C0F40E9408D2F4
:10FBA000A5019401261B370B480B590BDA01C9013B
:10FBB000181619061A061B0624F50E94754C62E3F6
:10FBC00070E080E090E00E946ED1D8CFE985FA85A0
:10FBD000CE01019619950E5F1F4FA6CF81E02A96A0
:10FBE0000FB6F894DEBF0FBECDBFDF91CF911F914E
:10FBF0000F91FF90EF90DF90BF90AF909F908F900C
:10FC0000089580E0ECCFCF93DF93EC010E946ED794
:10FC10001B82DF91CF910895CF93DF93EC01462FA4
:10FC200041706C857D858E859F850E9467D4882371
:10FC300051F0888920E2829FC00111248C57944F93
:10FC4000DF91CF91089590E080E0FACFCF93DF93DA
:10FC5000EB01FC012381211104C080E0DF91CF91F1
:10FC600008952250223028F48FE28883198281E09F
:10FC7000F5CF60E0D1DF009781F3DC0160E080E048
:10FC80009EE22D91203299F0883031F49E01260FAA
:10FC9000311DF90190836F5F9E01260F311DAD016B
:10FCA00041505109FA014081F90140836F5F8F5F34
:10FCB0008B3039F7FE01E60FF11D1082D8CF3F924D
:10FCC0004F925F926F927F928F929F92AF92BF926C
:10FCD000CF92DF92EF92FF920F931F93CF93DF9318
:10FCE000CDB7DEB72C970FB6F894DEBF0FBECDBFF1
:10FCF0005C01DC0159968D909C90F4018185928580
:10FD0000A385B4859C01AD012F5F3F4F4F4F5F4FDF
:10FD100029873A874B875C87D50114964D905D9073
:10FD20006D907C901797411451046104710409F49B
:10FD300059C0BFEF4B1A5B0A6B0A7B0A312C730167
:10FD400062011D821E821F821886F40181859285C0
:10FD5000A385B4852D813E814F81588528173907A9
:10FD60004A075B0708F056C089859A85AB85BC8534
:10FD70008C159D05AE05BF0550F482E0C82ED12C30
:10FD8000E12CF12C92E0492E512C612C712C9E011A
:10FD90002F5F3F4FB701A601C4010E9483D688237D
:10FDA000C9F189819A81AB81BC81892B8A2B8B2BEC
:10FDB00001F1260137019FEF491A590A690A790AA8
:10FDC0002D813E814F8158852F5F3F4F4F4F5F4FB1
:10FDD0002D833E834F8358873FEFC31AD30AE30A2C
:10FDE000F30AB3CF40805180628073803324339410
:10FDF000A6CFC414D504E604F70411F70FEF1FEFE4
:10FE00002FEF3FE0B701A601C4010E94F2D5782E82
:10FE100081111AC0712C872D2C960FB6F894DEBF75
:10FE20000FBECDBFDF91CF911F910F91FF90EF904B
:10FE3000DF90CF90BF90AF909F908F907F906F900A
:10FE40005F904F903F900895F50144815581668100
:10FE50007781411551056105710539F097018601DA
:10FE6000C4010E94F2D58823A9F2D5011496CD923F
:10FE7000DD92ED92FC921797332051F0D701C60125
:10FE80000196A11DB11DF40180839183A283B383E8
:10FE9000F50185899689A789B08D892B8A2B8B2BB3
:10FEA00009F0B9CFC58AD68AE78AF08E8181806849
:10FEB0008183B1CF40E050E0BA010C94B8D7EF9203
:10FEC000FF920F931F93CF93DF93CDB7DEB72C979D
:10FED0000FB6F894DEBF0FBECDBF8C017F936F933A
:10FEE0005F934F9381EE94E09F938F939E012F5FDA
:10FEF0003F4F79013F932F930E9441FDF8010190FC
:10FF00000020E9F7CF010197801B910B0FB6F89401
:10FF1000DEBF0FBECDBF8431910548F445E150E00E
:10FF2000481B590BB701800F911F0E948DF2C80129
:10FF30002C960FB6F894DEBF0FBECDBFDF91CF91E8
:10FF40001F910F91FF90EF900895809126028F37B7
:10FF500008F44CC08F579091EF0D9093CA089923E5
:10FF600009F440C0A59A90910D089093C90899236F
:10FF7000D9F1759A9091BD1491110BC02091BE14C6
:10FF800030E0359527952093BF14232B09F440C00A
:10FF9000739A8F5F809326028091C80891E0892729
:10FFA0008093C80880912502980F85300CF090E06E
:10FFB000823009F47AC074F5882309F441C0813095
:10FFC00009F468C0909325020E94D5758091FC09C0
:10FFD0009091FD09009729F001979093FD09809376
:10FFE000FC090895A598BFCF7598C4CF9091CA0811
:10FFF000891708F0A5989091C908891708F0759895
:020000021000EC
:100000009091BD149111C5CF9091BF14891708F23A
:100010007398BFCF843009F460C00CF459C08530A8
:1000200089F62091C708211102C08093C7088091EA
:10003000C70881508093C708882321F295E0C2CF7A
:10004000809124028F5F80311CF480932402BACF08
:100050001092240280910208811113C02091E50DB5
:100060003091E60D3093E80D2093E70D20910308C1
:1000700030910408309306082093050881E08093AE
:1000800002081092E60D1092E50D109204081092ED
:10009000030898CF10927B0081E480937C008091CC
:1000A0007A00806480937A008DCF80917A0086FDFB
:1000B00027C040917800509179002091E50D309152
:1000C000E60D240F351F3093E60D2093E50D7ACF12
:1000D00088E080937B0086E4E0CF80917A0086FD03
:1000E00011C040917800509179002091030830911F
:1000F0000408240F351F309304082093030862CFAF
:1001000092E060CF94E05ECF0F930FB70F93009112
:100110006E000D7F00936E0078940F930BB70F93D2
:100120000CB70F921F922F933F934F935F936F9350
:100130007F938F939F93AF93BF93EF93FF9311247C
:1001400004DFFF91EF91BF91AF919F918F917F91CC
:100150006F915F914F913F912F911F900F900CBF26
:100160000F910BBF0F910260F89400936E000F91F6
:100170000FBF0F911895CF93DF93C5EEDDE0198681
:100180001886109216080E940E721A86A598C3E06F
:10019000D8E0198618860E945E231A867598DF912A
:1001A000CF9108958F929F92AF92BF92CF92DF929C
:1001B000EF92FF920F931F93CF93DF93B4E4A0E0ED
:1001C0006A2F70E0AB014B0F511D559547954111BA
:1001D00019C0EBEAFCE265917491072E000C880BC4
:1001E000990B0E944AF3DF91CF911F910F91FF90DD
:1001F000EF90DF90CF90BF90AF909F908F90089539
:10020000B42FE0CFA41711F0B41303C0E7EBFDE265
:10021000E2CF9A0121503109220F331F220F331FE1
:10022000F901E755F34DE590F490F901E355F34DED
:10023000C591D4918E159F0518F3A42FC817D9071F
:1002400008F4BECFF901E555F34D05911491F9017C
:10025000E155F34DC590D4908E199F09BC0190E0F3
:1002600080E00E9448F34B015C01B601601B710BFA
:10027000072E000C880B990B0E944AF39B01AC01DE
:10028000C501B4010E94A9F34B015C01CE19DF093D
:10029000BE0190E080E00E9448F39B01AC01C501E3
:1002A000B4010E94DDFA6B017C01B801110F880BCB
:1002B000990B0E944AF39B01AC01C701B6010E9451
:1002C00001FA91CFCF92DF92EF92FF926A017B0108
:1002D0000E94D229C701B601FF90EF90DF90CF9026
:1002E0000C944EC8CF93DF93EC01488159816A8109
:1002F0007B8182E797E2E6DF4C815D816E817F81C1
:1003000082EF91E3DFDF488559856A857B858EEE34
:1003100091E3DF91CF910C94FA2A0F930FB70F93CB
:1003200000916E000F930D7F00936E0000916F009F
:100330000D7F00936F000F930BB70F930CB70F92C5
:100340001F922F933F934F935F936F937F938F935E
:100350009F93AF93BF93EF93FF9311240E94448C1C
:10036000FF91EF91BF91AF919F918F917F916F918D
:100370005F914F913F912F911F900F900CBF0F9164
:100380000BBF0F910260F89400936F000F910093E0
:100390006E000F910FBF0F911895CF93DF9300D090
:1003A000CDB7DEB700C000C08DE09EE09A838983A0
:1003B0001B82CE0101960E948B71909108018111E0
:1003C00001C09095917090930601811148C08FEF04
:1003D00080934E088DE09EE09A83898381E08B8331
:1003E000CE0101960E948B7190910801811101C08C
:1003F0009095987090930601811133C08FEF809390
:100400004F088DE09EE09A83898382E08B83CE0142
:1004100001960E948B7190910801811190959078BE
:100420009093060181111FC08FEF809350088DE0DB
:100430009EE09A83898383E08B83CE0101960E949C
:100440008B71882391F08D9881E08093510800C0D2
:1004500000C00F900F900F90DF91CF91089581E031
:10046000B7CF81E0CCCF81E0E0CF8D9A8FEFEDCF99
:1004700080914D08877F80934D088B9A81E0089585
:100480008B9880914D08886080934D08089521E0F5
:1004900030E0082E02C0220F331F0A94E2F72095A5
:1004A000309590914D08292320934D08813061F0BB
:1004B00020F0823071F081E008958E9A80918E094B
:1004C0008E7F80938E09F7CF749A80918E098D7FED
:1004D000F8CF80910801809580718093060180910A
:1004E0008E098B7FEECF80E0D2DF81E0D0DF82E02B
:1004F000CEDFBECF8130B9F0A0F08230B1F021E084
:1005000030E0082E01C0220F0A94EAF790914D08BE
:10051000922B90934D08823019F481E08093EF077D
:1005200008958E98ECCF7498EACF9091080190715D
:1005300090930601E4CF80E0DDDF81E0DBDF82E045
:10054000D9DF9ECF8F929F92AF92BF92CF92DF92D0
:10055000EF92FF920F931F93CF93DF93C82F41E049
:1005600065E670E20E947B2BC11102C00E94FB294C
:100570008DE590E20E94D2298BEB9FE10E94D22967
:100580000E94FE298C2F0E94AC3541E06BE470E2A2
:100590008C2F0E947B2BC11102C00E94FB298EE28E
:1005A00090E20E94D2298C2F0E94F02C8C2F0E9466
:1005B000E8CA8C2F0E94922C8C2F0E94B92C8C2F71
:1005C0000E94732C8C2F0E94282C8C2F0E94092CA7
:1005D00067ED7FE18C2F0E94DCCAD091BE0909EE45
:1005E0001FE1DD2311F00DEE1FE1C090BF09D09097
:1005F000C009E090C109F090C2098EEC9FE10E9411
:10060000D2298D2F0E94062689EB90E30E94D229E1
:1006100042E0C701B6010E947AC881EC9FE10E94C6
:10062000D229C8010E94D2290E94FE290E948A264E
:100630008823A9F18AE8E82E87E0F82ED0E0670148
:1006400010E0C11102C00E94FB29F6018080918058
:10065000A280B38084E290E20E94D229812F0E947E
:10066000842681E290E20E94D2298D2F0E94842666
:1006700089EB90E30E94D22945E0C501B4010E94B4
:100680007AC80E94FE291F5FF4E1CF0ED11C1530FD
:10069000C1F6DF5F84E0E80EF11CD53081F68C2FC7
:1006A0000E94BC2B8C2F0E941F2D8C2F0E94012A90
:1006B0008C2F0E94952B6AE070E28C2F0E94DCCA7E
:1006C000C091220281E090E20E94D2298C2F0E94E8
:1006D00006264091F6035091F7036091F80370915C
:1006E000F9038EEF9FE10E94E8294091B10D5091EE
:1006F000B20D6091B30D7091B40D8BEF9FE10E942C
:10070000E8298091220269EE7FE1882311F06DEEE5
:100710007FE180EF9FE1DF91CF911F910F91FF90DB
:10072000EF90DF90CF90BF90AF909F908F900C9400
:10073000162DCF92DF92EF92FF920F931F93CF93DC
:10074000DF93CDB7DEB7CC5AD1090FB6F894DEBF30
:100750000FBECDBFCF55DF4F188219821A821B8280
:10076000C15AD04084E690E09093C4098093C309B5
:100770001092C00D1092BF0D8091E5049091E60497
:10078000A091E704B091E804CB55DF4F88839983AB
:10079000AA83BB83C55AD04064E070E0CE018B557C
:1007A0009F4F0E94A1D18091C3099091C4090296E4
:1007B0009093C4098093C3091092C00D1092BF0D8D
:1007C00081ED92E0C755DF4F99838883C95AD040A5
:1007D000CE0187559F4F0E94D07681E0C455DF4FF0
:1007E0008883CC5AD040CE0184559F4F0E94D47646
:1007F00068E470E086E09AE00E94A1D160E170E0D8
:1008000088EC99E00E94A1D18AE097EDA3EABCE3CD
:10081000CF55DF4F88839983AA83BB83C15AD040C9
:10082000CE018F559F4F0E94CC768BE399E00E94BA
:10083000DC7682E292E00E94D87686EF93E00E9416
:10084000CC7681EB9DE00E94CC768091BF0990919F
:10085000C009A091C109B091C20989839A83AB8371
:10086000BC838E010F5F1F4FC8010E94CC7668E0E9
:1008700070E08EE098E00E94A1D1CF55DF4F188242
:1008800019821A821B82C15AD04083E0C356DF4FBF
:100890008883CD59D0407E019DE6E90EF11CF70119
:1008A0008083CE018F559F4F0E94CC76CE01835618
:1008B0009F4F0E94D476C7010E94D47680E09CE0CE
:1008C0009A838983C8010E94D0763AE0D32EDA94C5
:1008D000DD2031F0CE018F559F4F0E94CC76F7CFAF
:1008E0008BE59EE00E94DC76CF55DF4F188219829F
:1008F0001A821B82C15AD0402AE0D22EDA94DD201F
:1009000031F0CE018F559F4F0E94CC76F7CF85E016
:10091000D82EF701D082C356DF4FD882CD59D040B0
:10092000C7010E94D476CE0183569F4F0E94D47691
:1009300080E69CE69A838983C8010E94D07668E0AD
:1009400070E083E797E00E94A1D168E070E08BE659
:1009500097E00E94A1D164E670E08AE897E00E94E7
:10096000A1D11982CC24CA94F701C082C8010E9487
:10097000D876C7010E94D47664E070E088E894E0FD
:100980000E94A1D180913A098983C8010E94D8763A
:100990008091010E9091020EA091030EB091040E71
:1009A00089839A83AB83BC8321E732EB47E25EE322
:1009B0006091050E7091060E8091070E9091080EC1
:1009C0000E94DDFA6D837E838F83988721E732EB67
:1009D00047E25EE36091090E70910A0E80910B0E62
:1009E00090910C0E0E94A9F369877A878B879C8768
:1009F00080E090E0A0E8BFE38D879E87AF87B88B4B
:100A0000198A1A8A1B8A1C8A64E170E0C8010E9454
:100A1000A1D184E190E09A838983C8010E94D076B5
:100A20008CE0E7E1F4E0D80101900D928A95E1F7BE
:100A30006CE070E0C8010E94A1D18CE0E7E1F4E035
:100A4000D80101900D928A95E1F76CE070E0C80141
:100A50000E94A1D11982C8010E94D4768FE78983B0
:100A6000C8010E94D476C982C8010E94D476E3E20C
:100A7000F4E0D80101900D92DA94E1F765E070E0BE
:100A8000C8010E94A1D180917C07F70180831A825E
:100A90001982C7010E94D876C8010E94D07680E2F0
:100AA000E8E2F4E0D80101900D928A95E1F760E266
:100AB00070E0C8010E94A1D1F7011082C7010E9415
:100AC000D87689E897E00E94D87685E897E00E947A
:100AD000CC76CF55DF4F188219821A821B82C15AF9
:100AE000D040CE018F559F4F0E94CC7682E1F80115
:100AF00011928A95E9F762E170E0C8010E94A1D1E4
:100B000084E2E8E4F4E0D80101900D928A95E1F7DF
:100B100064E270E0C8010E94A1D190E1D92EF801F1
:100B20008D2D11928A95E9F760E170E0C8010E946D
:100B3000A1D11A82198262E070E0C8010E94A1D19D
:100B4000F8011192DA94E9F760E170E0C8010E94BF
:100B5000A1D18CE6F80111928A95E9F76CE670E074
:100B6000C8010E94A1D168E070E08DE797E00E9483
:100B7000A1D18CE0F70111928A95E9F7C555DF4FB5
:100B80001882CB5AD04080E090E0A0E4B0E4C35695
:100B9000DF4F88839983AA83BB83CD59D040C70197
:100BA0000E94DC76CE0185559F4F0E94D476CE01FF
:100BB00083569F4F0E94CC7680E3F70111928A956D
:100BC000E9F70E944223082F109121028091BE096B
:100BD00081110E948A2690917B0721E0F7012083F2
:100BE000018312838383948360E370E0C7010E94D2
:100BF000A1D10091C3091091C40904561109809133
:100C0000BF0D9091C00DF7019183808384E690E041
:100C10009093C4098093C30964E070E08CE894E089
:100C20000E94A1D1C7010E94D0760E94FB2980E2D8
:100C30009EE10E94D229C8010E94FD34F701C080C4
:100C4000D180F12CE12C83E19EE10E94D229C701E1
:100C5000B6010E94FA2580E19EE10E94D229013D61
:100C60001240E9F081E49BE20E94D22981E69EE1F4
:100C70000E94D2298CEE9DE10E9414D280E0C455DE
:100C8000DF4F0FB6F894DEBF0FBECDBFDF91CF911F
:100C90001F910F91FF90EF90DF90CF90089580E02B
:100CA0009EE10E9467C880E09EE10E94BD2D81E028
:100CB000E6CF4F925F926F927F928F929F92AF9208
:100CC000BF92CF92DF92EF92FF92CF93DF9300D04B
:100CD00000D0CDB7DEB79E838D830E94CF264B0117
:100CE0005C01AD81BE8118964D905D906D907C90B9
:100CF0001B97AC019B01C301B2010E9400FA6B017A
:100D00007C018091BF099091C009A091C109B09167
:100D1000C20989839A83AB83BC8320E030E0A901B8
:100D2000BC01CD010E9444F3882349F020E030E06B
:100D3000A901C701B6010E9444F31816ECF0AD8179
:100D4000BE811896CD92DD92ED92FC921B9726966D
:100D50000FB6F894DEBF0FBECDBFDF91CF91FF90ED
:100D6000EF90DF90CF90BF90AF909F908F907F904B
:100D70006F905F904F90089529813A814B815C81FB
:100D8000C301B2010E9428FC87FFE1CF2091BA097C
:100D90003091BB094091BC095091BD09C501B40116
:100DA0000E94A9F39B01AC0160E070E080E89FE342
:100DB0000E9400FA9B01AC01C701B6010E94DDFA56
:100DC000ED81FE816087718782879387C0CFCF9343
:100DD000DF9380916A07811119C0C0911F02D091E1
:100DE0002002219720E030E040E05FE36091E90DD0
:100DF0007091EA0D8091EB0D9091EC0D0E9401FA3B
:100E00000E9445FB21E06C177D070CF020E0822F4B
:100E1000DF91CF910895AF92BF92CF92DF92EF9280
:100E2000FF920F931F93CF93DF93C6E0DAE008EDB4
:100E300019E086E1A82E8AE0B82EC12CD12C7601CB
:100E4000C39469917991899199910E9448F3288975
:100E500039894A895B890E94A9F30E944AFBF801FB
:100E600061937193819391938F01C616D706E8061B
:100E7000F90610F46B017C01AC16BD0611F76FEF9B
:100E80007FEFCB01A70196010E946EF92093E8093C
:100E90003093E9094093EA095093EB09DF91CF9130
:100EA0001F910F91FF90EF90DF90CF90BF90AF9088
:100EB00008950F931F93CF93DF930AE11AE0CCEECE
:100EC000D9E0F80121913191419151918F0160E078
:100ED00070E080E89FE30E94DDFA6993799389933B
:100EE0009993F9E0CC3FDF0761F70E9463CADF9175
:100EF000CF911F910F918FCF90916B0E80916C0EBF
:100F0000981306C08091FC099091FD09892B21F06E
:100F100080E00E94B838F0CF08954F925F926F92B0
:100F20007F928F929F92AF92BF92CF92DF92EF9279
:100F3000FF92CF93DF93EC0180E1FE01ADE6BEE0CE
:100F400001900D928A95E1F72091260A3091270AA7
:100F50004091280A5091290A6C857D858E859F8550
:100F60000E94A9F30E9434FC6B017C012091220AAB
:100F70003091230A4091240A5091250A6885798589
:100F80008A859B850E94A9F30E9434FC4B015C0179
:100F900020911E0A30911F0A4091200A5091210A87
:100FA0006C817D818E819F810E94A9F30E9434FC17
:100FB0002B013C0120911A0A30911B0A40911C0A16
:100FC00050911D0A688179818A819B810E94A9F3D1
:100FD0000E9434FC60937D0E70937E0E80937F0E92
:100FE0009093800E4092810E5092820E6092830EFA
:100FF0007092840E8092850E9092860EA092870E3B
:10100000B092880EC092890ED0928A0EE0928B0E1A
:10101000F0928C0E90916B0E80916C0E981781F06F
:10102000DF91CF91FF90EF90DF90CF90BF90AF9086
:101030009F908F907F906F905F904F900C9426CAF6
:101040005BDF0E945D71C82F8DE79EE00E94DE701D
:10105000CC2381F0DF91CF91FF90EF90DF90CF9084
:10106000BF90AF909F908F907F906F905F904F90C8
:101070000C94B529DF91CF91FF90EF90DF90CF9046
:10108000BF90AF909F908F907F906F905F904F90A8
:101090000895CF92DF92EF92FF92CF93DF93C82F04
:1010A0000E945D7194E0C99FE0011124FE01E955A1
:1010B000F74FC080D180E280F38081110E94B52972
:1010C000C451D64FC701B6010E944AF32881398125
:1010D0004A815B810E94A9F3DF91CF91FF90EF904D
:1010E000DF90CF9008958F929F92AF92BF92CF9250
:1010F000DF92EF92FF921F93CF93DF93CDB7DEB7CE
:1011000060970FB6F894DEBF0FBECDBF182F80E0FA
:10111000C0DF4B015C018092350890923608A092A6
:101120003708B092380881E0B4DF6B017C01C092CF
:101130003908D0923A08E0923B08F0923C0882E0ED
:10114000A8DF60933D0870933E0880933F0890931A
:1011500040081D861E861F86188A89829A82AB8265
:10116000BC82CD82DE82EF82F88669877A878B87A0
:101170009C8783E08EDF6D877E878F87988B809139
:10118000BE09882319F0CE01019693DD1E3FD9F4E4
:1011900080E1FE013196ABE5B2E001900D928A95B7
:1011A000E1F760960FB6F894DEBF0FBECDBFDF91BA
:1011B000CF911F91FF90EF90DF90CF90BF90AF90B5
:1011C0009F908F90089584E0189FF0011124DF0113
:1011D000A55ABD4F81E090E08C0F9D1FE80FF91FCD
:1011E00040815181628173814D935D936D937C93B6
:1011F0001397D7CF0F931F93CF93DF9300D01F92F6
:10120000CDB7DEB78C0180918E0982FF33C082E0BA
:1012100040DF20E030E048E452E40E94A9F30E945D
:1012200045FB0E944AF32AE037ED43EA5CE30E9463
:10123000A9F320E030E048EC52E40E94A9F30E94B8
:1012400034FC0E94D971F8012081318169837A834D
:101250008B839C8344E0BE016F5F7F4FC9010E9476
:10126000204D0F900F900F900F90DF91CF911F9115
:101270000F91089560E070E0CB01CBCF90916B0EA1
:1012800080916C0E981307C08091FC099091FD0924
:10129000892B09F428C980E00E94B838EFCFCF929B
:1012A000DF92EF92FF92CF93DF93C82F0E945D7180
:1012B00094E0C99FE0011124FE01E556F74FC0807C
:1012C000D180E280F38081110E94B529C451D64FAC
:1012D000C701B6010E944AF3288139814A815B81A6
:1012E0000E94A9F3DF91CF91FF90EF90DF90CF9014
:1012F00008958F929F92AF92BF92CF92DF92EF921A
:10130000FF92CF93DF932091BE09222309F47FC07F
:10131000EC018090BF099090C009A090C109B090E5
:10132000C20920E030E0A901C501B4010E9444F3E4
:10133000882309F477C0C884D984EA84FB8420E038
:1013400030E0A901C701B6010E9444F318160CF061
:1013500069C0A5019401C701B6010E9428FC87FF5E
:1013600056C02091B6093091B7094091B809509103
:10137000B909C701B6010E9444F3882321F1C09244
:10138000B609D092B709E092B809F092B909209154
:10139000BA093091BB094091BC095091BD09C70100
:1013A000B6010E94A9F39B01AC0160E070E080E807
:1013B0009FE30E9400FA60931B0270931C028093CB
:1013C0001D0290931E02C0901B02D0901C02E09060
:1013D0001D02F0901E0220E030E0A901C701B60115
:1013E0000E9444F3882399F0CE010E94CF26A701E2
:1013F00096010E94A9F39B01AC01688579858A85D5
:101400009B850E9401FA688779878A879B87DF918D
:10141000CF91FF90EF90DF90CF90BF90AF909F90D3
:101420008F900895C12CD12C80E8E82E8FE3F82E00
:10143000DBCFCF92DF92EF92FF92C0908507D090E2
:101440008607E0908707F0908807809189078823B6
:1014500009F44FC020E030E0A901C701B6010E94A5
:1014600044F3882309F445C020E030E040E05FE326
:10147000C701B6010E94A9F39B01AC010E94A9F328
:101480002BED3FE049E450E40E94A9F39B01AC013D
:1014900060E070E080E89FE30E94DDFA6B017C0170
:1014A000C0926607D0926707E0926807F0926907DA
:1014B0006091190270911A02072E000C880B990B8B
:1014C0000E944AF32AE037ED43E25CE30E94A9F36D
:1014D000A70196010E94A9F36093570270935802E6
:1014E0008093590290935A02FF90EF90DF90CF9033
:1014F0000895C12CD12C80E8E82E8FE3F82ED0CFB0
:101500002F923F924F925F926F927F928F929F9213
:10151000AF92BF92CF92DF92EF92FF920F931F9301
:10152000CF93DF93CDB7DEB766970FB6F894DEBFE3
:101530000FBECDBF1C016A017B0128013901DC010E
:1015400055968D909D90AD90BC90589720E030E0DE
:10155000A901CB01B6010E9444F3882309F44EC1CE
:10156000A7019601C501B4010E94A9F30E9434FCB1
:10157000D62EE72EF82EC92EA3019201C501B40183
:101580000E94A9F30E9434FCDD82EE82FF82C886AD
:101590002D813E814F81588520323105410551050D
:1015A00048F420E2822E912CA12CB12C8D829E82B7
:1015B000AF82B88669837A838B839C8329813A8141
:1015C0004B815C81203231054105510548F480E2B0
:1015D000882E912CA12CB12C89829A82AB82BC825C
:1015E000F101FE9680819181A281B3818097A1054E
:1015F000B10540F480E290E0A0E0B0E08083918308
:10160000A283B383D1019D968D909D90AD90BC90A7
:10161000D0978B8A9C8AAD8ABE8AF101E65BFF4F28
:1016200060817181828193816115710581059105C8
:1016300009F4ECC00E944AF39B01AC0160E070E049
:1016400080E89FE30E94DDFA20E030E040E05FE3C5
:101650000E94A9F36B017C01F101FE96608171810A
:10166000828193810E9448F39B01AC010E94A9F3FF
:101670002B013C0169817A818B819C810E9448F316
:101680009B01AC010E94A9F39B01AC01C301B20113
:101690000E9400FAA70196010E94A9F369877A8740
:1016A0008B879C876D817E818F8198850E9448F30E
:1016B0009B01AC010E94A9F39B01AC01C301B201E3
:1016C0000E9400FAA70196010E94A9F32B013C0198
:1016D0000E94C7FA0E9445FB6B017C0169857A85EF
:1016E0008B859C850E94C7FA0E9445FB46015701E5
:1016F000860E971EA81EB91E2B893C894D895E89CE
:10170000281939094A095B0957FF32C06B897C895E
:101710008D899E890E9448F3A30192010E9401FADB
:1017200029853A854B855C850E9400FA20E030E0EF
:1017300040E05FE30E94A9F30E9434FCC12CD12C4D
:10174000760197FD0DC06B017C018B889C88AD886C
:10175000BE888C149D04AE04BF0414F475016401AA
:101760006B897C898D899E896C197D098E099F09F9
:10177000D101D196CD92DD92ED92FC92D4978B88D7
:101780009C88AD88BE88861A970AA80AB90AD5012E
:10179000C401F10185AB96ABA7ABB0AFEE5BFF4FD9
:1017A0008D809E80AF80B88480829182A282B38235
:1017B00091012A5B3F4FD90189809A80AB80BC8020
:1017C0008D929D92AD92BC92139766960FB6F89447
:1017D000DEBF0FBECDBFDF91CF911F910F91FF9064
:1017E000EF90DF90CF90BF90AF909F908F907F90C1
:1017F0006F905F904F903F902F900895F101EE5BB6
:10180000FF4FD080E180F280C380B6CEC12CD12CB6
:10181000760160E070E0CB01ABCF8F3010F48F5FCA
:1018200008958F500895CF93DF9390916C0E80911F
:101830006B0E891740F0891B41F4D0E0C0E0CE0167
:10184000DF91CF910895805FF6CF9091690E992333
:1018500051F0833030F48FEF890F19F08093690EC7
:10186000ECCF1092690EC0916C0E83E6C89FE00128
:101870001124C357D14F888180FDDFCF80916C0E3A
:10188000CCDF80936A0EDBCF2F923F924F925F9214
:101890006F927F928F929F92AF92BF92CF92DF9280
:1018A000EF92FF920F931F93CF93DF9300D000D05E
:1018B00000D01F921F92CDB7DEB78FEF9FEF9093AE
:1018C0008900809388002AE02D8310E000E0809159
:1018D000980890919908892B09F0B1C180919A08D4
:1018E0008823D9F08091C5099091C60910929A0871
:1018F000892B09F4A4C11092C6091092C50910924F
:101900000E0E90916B0E80916C0E981709F497C192
:1019100080916C0E82DF80936C0E8091C50990914E
:10192000C609892B09F48BC140918E0850918F080C
:10193000609190087091910880918A0890918B082D
:10194000A0918C08B0918D08481759076A077B074A
:1019500008F075C1C0902302D12CF12CE12C841B1E
:10196000950BA60BB70BC816D906EA06FB0610F4B2
:10197000D701C601E82F840F951FA61FB71F8093BC
:101980008E0890938F08A0939008B093910891E0EF
:10199000C0905208D0905308E0905408F090550839
:1019A00040916608509167086091680870916908D5
:1019B0004090560850905708609058087090590809
:1019C000440D551D661D771D80E077FD05C04C193F
:1019D0005D096E097F0981E04093660850936708AE
:1019E000609368087093690840916A0850916B0889
:1019F00060916C0870916D0840905A0850905B0897
:101A000060905C0870905D08440D551D661D771D43
:101A100077FD05C082604C195D096E097F0940930E
:101A20006A0850936B0860936C0870936D0840913E
:101A30006E0850916F086091700870917108409025
:101A40005E0850905F086090600870906108440DD7
:101A5000551D661D771D77FD05C084604C195D0915
:101A60006E097F0940936E0850936F086093700869
:101A700070937108409172085091730860917408D6
:101A800070917508409062085090630860906408F7
:101A900070906508440D551D661D771D77FD05C0C6
:101AA00088604C195D096E097F0940937208509354
:101AB00073086093740870937508911104C02091A5
:101AC000840030918500282F30E0482F417080FF3E
:101AD0001CC080914E08082E000C990BAA0BBB0B62
:101AE000C090A708D090A808E090A908F090AA0894
:101AF0008C0D9D1DAE1DBF1D8093A7089093A80857
:101B0000A093A908B093AA088F9A21FB552750F9F2
:101B10005887198621FF21C080914F08082E000C9C
:101B2000990BAA0BBB0BC090AB08D090AC08E0900F
:101B3000AD08F090AE088C0D9D1DAE1DBF1D8093AD
:101B4000AB089093AC08A093AD08B093AE08809119
:101B50000801809584708093060122FB222420F8DE
:101B6000312C22FF21C080915008082E000C990BC7
:101B7000AA0BBB0BC090AF08D090B008E090B108A2
:101B8000F090B2088C0D9D1DAE1DBF1D8093AF0857
:101B90009093B008A093B108B093B2088091080167
:101BA0008095807280930601F3E035952795FA952C
:101BB000E1F721153105E1F080915108082E000C64
:101BC000990BAA0BBB0BC090B308D090B408E0905F
:101BD000B508F090B6088C0D9D1DAE1DBF1D8093FD
:101BE000B3089093B408A093B508B093B6088C9A44
:101BF000809184009091850080918400909185006F
:101C000041118F9888849984892829F0809108014E
:101C1000847080930601232829F080910801807246
:101C200080930601232B09F08C98EE2321F08091FC
:101C3000840090918500E15090E009F0A9CEA09039
:101C40005502B0905602BF82AE82AB2809F052C056
:101C50008090A0099090A1099A82898281149104B0
:101C600009F43DC0F090060182E00E947A8200C033
:101C700000C080910801181419040CF48095807834
:101C80008093060100C000C0809108018095807299
:101C90008093060100C0000082E090E00197F0F719
:101CA0008091080180728093060100C000C080917D
:101CB0000801F7FC809580788093060100C000C081
:101CC000A980BA808091A0099091A1091A141B04DF
:101CD0000CF0B4C201979093A1098093A0090E94CF
:101CE000BB29882309F4ACC280ED97E0909356029B
:101CF0008093550278948091980890919908892B47
:101D000009F009C22091840030918500809123025E
:101D10008230B0F04091960850919708420F531FBF
:101D200060919208709193086417750748F090E0ED
:101D300095958795809323021092950810929408A8
:101D40003195219531093093970820939608109288
:101D5000930810929208E090C509F090C609E1142A
:101D6000F10409F4D9C380918E0890918F08A09155
:101D70009008B091910840918A0850918B08609129
:101D80008C0870918D0884179507A607B70708F48B
:101D900062C280912202882309F474C08091B00D40
:101DA000811105C00E94AB38882309F464C0D701B3
:101DB00099966D917D918D919C919C97611571057E
:101DC0008105910509F457C0DD962C9123FF3BC294
:101DD0000E944AF32091F8093091F9094091FA09DB
:101DE0005091FB090E94A9F36B017C01AC019B019E
:101DF0006091B50D7091B60D8091B70D9091B80DB1
:101E00000E9400FA6093B50D7093B60D8093B70DE4
:101E10009093B80D8091B90D81110E94D7C6809121
:101E2000F007811128C020E030E0A9016091B10DD8
:101E30007091B20D8091B30D9091B40D0E9428FC69
:101E40001816CCF4A70196016091BA0D7091BB0DE4
:101E50008091BC0D9091BD0D0E9400FA6093BA0D67
:101E60007093BB0D8093BC0D9093BD0D8091BE0D02
:101E700081110E94A6C68091F10780FD0E94A6C62E
:101E80001092F1071092C6091092C50910920E0E19
:101E900090916B0E80916C0E981709F43DC3809160
:101EA0006C0EBBDC80936C0E60EDE62E67E0F62EC8
:101EB0008091C5099091C609892B09F028C1B3DC2E
:101EC0009093C6098093C509892B09F420C180909D
:101ED000C5099090C6099B868A86D4018C9182FDA3
:101EE000F1C2F401E15BFF4F80819181A281B38156
:101EF0008093B4159093B515A093B615B093B7150C
:101F000080E13496A5E0B5E101900D928A95E1F764
:101F100080E0EA85FB85458C568C678C70A091E04B
:101F2000411451046104710409F490E090FB80F9BC
:101F3000AA85BB859196CD90DD90ED90FC9094970D
:101F400091E0C114D104E104F10409F490E090FBA4
:101F500081F9EA85FB8545A156A167A170A591E0AD
:101F6000411551056105710509F490E090FB82F976
:101F700080930E0EEA85FB8585A596A5A7A5B0A939
:101F800080938A0890938B08A0938C08B0938D0857
:101F9000882499245401881A990AAA0ABB0A8092B3
:101FA000660890926708A0926808B09269088092CB
:101FB0006A0890926B08A0926C08B0926D088092AB
:101FC0006E0890926F08A0927008B092710880928B
:101FD000720890927308A0927408B092750881A458
:101FE00092A4A3A4B4A4880C991CAA1CBB1C809224
:101FF000620890926308A0926408B0926508440C4D
:10200000551C661C771C40925608509257086092E7
:10201000580870925908CC0CDD1CEE1CFF1CC092B5
:102020005A08D0925B08E0925C08F0925D08440F79
:10203000551F661F771F40935E0850935F0860939B
:10204000600870936108880F991FAA1FBB1F8093B7
:10205000520890935308A0935408B09355081092D7
:102060008E0810928F08109290081092910881A902
:1020700092A9A3A9B4A98093860890938708A093F6
:102080008808B093890885A996A9A7A9B0AD8093BF
:10209000760890937708A0937808B0937908909188
:1020A0000D0E85AD981721F080930D0E0E94CD8105
:1020B0000E94D5751092950810929408E091C50978
:1020C000F091C609EE5BFF4F60817181828193813F
:1020D00060937E0870937F088093800890938108B6
:1020E0000E94E7707C0196958795B0E0A0E0809310
:1020F0007A0890937B08A0937C08B0937D08809326
:10210000820890938308A0938408B0938508F09286
:102110009908E09298088E809F80892871F48091B8
:102120009808909199088A3F910538F47AEFA72E84
:10213000B12CB0929908A092980820915502309144
:10214000560280919808909199082F3F320709F420
:10215000F1C1AC01569547952417350708F0F0C139
:10216000509356024093550280365AEE950708F474
:10217000E5C160E67AEE2091550230915602A90140
:102180006217730708F4AB01841B950B90939908B1
:10219000809398082F3F320731F0241B350B309382
:1021A000560220935502040F151FF8948091840065
:1021B0009091850040967D8171507D83772321F039
:1021C0000817190708F483CB4091840050918500CB
:1021D0002091960830919708240F351F3093970867
:1021E000209396080817190708F088C12091230248
:1021F000203138F4220F2093230210929508109278
:10220000940890938900809388002B960FB6F894D9
:10221000DEBF0FBECDBFDF91CF911F910F91FF9019
:10222000EF90DF90CF90BF90AF909F908F907F9076
:102230006F905F904F903F902F90089501964BCDF7
:102240008FEF9FEF53CD90958095709561957F4F5F
:102250008F4F9F4FBDCD4091860850918708609168
:1022600088087091890884179507A607B70708F0B2
:1022700080C08090820890908308A0908408B090DD
:10228000850889829A82AB82BC82F70181AD92ADCA
:10229000A3ADB4ADB501A401EE27499FF12D5A9F1E
:1022A00090016A9F300D699F200D311D4A9FF00DEE
:1022B000211D3E1F599FF00D211D3E1F689FF00DEF
:1022C000211D3E1F589FF10D2E1F3E1FB49FFF0F73
:1022D000201D311DB59F300D1124F701EE5BFF4F1E
:1022E00080819181A281B381820F931FA11DB11DB5
:1022F00080937E0890937F08A0938008B093810814
:10230000B701625C7F4FFB01408151816281738123
:10231000481759076A077B0740F440937E0850939B
:102320007F08609380087093810860917E087091A7
:102330007F0880918008909181080E94E7707C015D
:1023400089819A81AB81BC818E0D9F1DA11DB11D1C
:102350008093820890938308A0938408B0938508A3
:1023600010927A0810927B0810927C0810927D08D7
:102370009FCD4091760850917708609178087091D0
:10238000790884179507A607B70708F46CC08090F2
:102390007A0890907B08A0907C08B0907D08898294
:1023A0009A82AB82BC82F70181AD92ADA3ADB4AD90
:1023B000B501A401EE27499FF12D5A9F90016A9F14
:1023C000300D699F200D311D4A9FF00D211D3E1FCC
:1023D000599FF00D211D3E1F689FF00D211D3E1FCE
:1023E000589FF10D2E1F3E1FB49FFF0F201D311D62
:1023F000B59F300D1124A90170E060E080917E0846
:1024000090917F08A0918008B0918108F701EA5B64
:10241000FF4FC080D180E280F380481759076A07D8
:102420007B0758F4841B950BA60BB70BC816D9066F
:10243000EA06FB0610F46C017D01C701B6010E949B
:10244000E7707C0189819A81AB81BC818E0D9F1DD3
:10245000A11DB11D80937A0890937B08A0937C08FE
:10246000B0937D0825CD8091940890919508892B93
:1024700021F59701225C3F4FD901CD90DD90ED9081
:10248000FC90C701B6010E94E77090939508809375
:10249000940896958795B0E0A0E080937A08909391
:1024A0007B08A0937C08B0937D08C0927E08D092F0
:1024B0007F08E0928008F0928108E0909408F09004
:1024C0009508F6CCAA85BB858C9182FF04C0CD010E
:1024D0004D960E94DE701092C6091092C5091092A6
:1024E0000E0E90916B0E80916C0E981709F4E7CC4C
:1024F00080916C0E92D980936C0EE1CC8091920801
:1025000090919308841B950B800F911F90939308D3
:1025100080939208C80175CE80EDE82E87E0F82EF2
:10252000CECC40E65AEE80569A4E9093990880930E
:10253000980839CE8036AAEE9A0798F7BC011BCED0
:102540008036BAEE9B0708F014CEA90182179307D4
:1025500008F4AC01841B950B90939908809398081C
:102560001CCECF93DF931F92CDB7DEB7898360E097
:10257000CE0101960E946A7161E0CE0101960E942F
:102580006A7162E0CE0101960E946A7189810F90A2
:10259000DF91CF9108954F925F926F927F928F92C9
:1025A0009F92AF92BF92CF92DF92EF92FF92FC0187
:1025B000408051806280738084809580A680B7803F
:1025C000C084D184E284F38420E030E0A901C30117
:1025D000B2010E9444F3811125C020E030E0A9013E
:1025E000C501B4010E9444F381111CC020E030E019
:1025F000A901C701B6010E9428FC87FF04C0F7FAB1
:10260000F094F7F8F094C701B601FF90EF90DF90D7
:10261000CF90BF90AF909F908F907F906F905F9082
:102620004F900895A3019201C301B2010E94A9F342
:102630002B013C01A5019401C501B4010E94A9F33D
:102640009B01AC01C301B2010E9401FA4B015C0184
:10265000A7019601C701B6010E94A9F39B01AC0135
:10266000C501B4010E9401FAFF90EF90DF90CF9076
:10267000BF90AF909F908F907F906F905F904F90A2
:102680000C946EFC8F929F92AF92BF92CF92DF928A
:10269000EF92FF92CF93DF9320913702222309F428
:1026A0008EC0EC0180915507E82E80FF2CC08090F1
:1026B000390290903A02A0903B02B0903C022881EF
:1026C00039814A815B81C501B4010E9428FC18163A
:1026D00024F488829982AA82BB82809045029090DD
:1026E0004602A0904702B0904802288139814A8171
:1026F0005B81C501B4010E9444F387FF04C0888256
:102700009982AA82BB82E1FE2CC080903D0290900B
:102710003E02A0903F02B09040022C813D814E814C
:102720005F81C501B4010E9428FC181624F48C8234
:102730009D82AE82BF828090490290904A02A09012
:102740004B02B0904C022C813D814E815F81C501CE
:10275000B4010E9444F387FF04C08C829D82AE8244
:10276000BF82E2FE2CC0C0904102D0904202E090B5
:102770004302F0904402288539854A855B85C7016C
:10278000B6010E9428FC181624F4C886D986EA8669
:10279000FB86C0904D02D0904E02E0904F02F09028
:1027A0005002288539854A855B85C701B6010E949C
:1027B00044F387FF04C0C886D986EA86FB86DF918A
:1027C000CF91FF90EF90DF90CF90BF90AF909F9010
:1027D0008F9008958091430890914408A0914508F6
:1027E000B09146088093150290931602A0931702A9
:1027F000B09318028091410890914208909314027E
:102800008093130208958091150290911602A09171
:102810001702B09118028093430890934408A09344
:102820004508B0934608809113029091140290934A
:1028300042088093410884E690E0909314028093CC
:1028400013020895CF93DF93CDB7DEB72C970FB661
:10285000F894DEBF0FBECDBFAB01BC0119821A8256
:102860001B821C821D821E821F82188619861A8670
:102870001B861C869E012F5F3F4F8BE592E00E94D6
:10288000E9C92C960FB6F894DEBF0FBECDBFDF911D
:10289000CF9108954F925F926F927F92AF92BF92C5
:1028A000CF92DF92EF92FF920F931F93CF93DF931C
:1028B00000D000D000D01F92CDB7DEB769837A83F5
:1028C0008B839C832D833E834F8358872701380158
:1028D00020E030E0A901B501C6010E9444F3811156
:1028E00075C010915102809152028A8790915302D3
:1028F000998700915402A12CB12C80E2C82E92E459
:10290000D92EA301920160916302709164028091BB
:102910006502909166020E9444F387FF0BC04092CB
:102920006302509264026092650270926602B50181
:10293000C60188DF89819A81AB81BC8180935B026B
:1029400090935C02A0935D02B0935E028D819E81A4
:10295000AF81B88580935F0290936002A09361027B
:10296000B0936202612F7A858985902F6BDFA30176
:10297000920160916302709164028091650290916E
:1029800066020E9428FC18165CF440926302509282
:1029900064026092650270926602B501C60152DF60
:1029A0002A960FB6F894DEBF0FBECDBFDF91CF9150
:1029B0001F910F91FF90EF90DF90CF90BF90AF905D
:1029C0007F906F905F904F900C947C871A2DBA8601
:1029D000C9860D2D96CFAF92BF92CF92DF92EF9224
:1029E000FF920F931F937B018C0159016A01EBE564
:1029F000F2E0248135814681578160817181828135
:102A0000938148DF1F910F91FF90EF90DF90CF905F
:102A1000BF90AF9008958F929F92AF92BF92CF9246
:102A2000DF92EF92FF92CF936B017C01C22F442380
:102A3000C9F08090630E9090640EA090650EB090E7
:102A4000660E20E030E0A901C501B4010E9444F304
:102A500087FF08C0A5019401C701B6010E9400FAD2
:102A60006B017C0120E030E048EC53E4C701B60183
:102A70000E9428FC181634F4C12CD12C88ECE82EC6
:102A800083E4F82E8090630290906402A090650227
:102A9000B0906602C11108C0A7019601C501B4013A
:102AA0000E9428FC1816C4F0A7019601C501B401C4
:102AB0000E9444F3882381F020E030E040E252E4B9
:102AC000C701B601CF91FF90EF90DF90CF90BF90FC
:102AD000AF909F908F907FCFCF91FF90EF90DF903E
:102AE000CF90BF90AF909F908F9008958F929F92BC
:102AF000AF92BF92CF92DF92EF92FF92CF93DF938C
:102B00004B015C0169017A010E943435CBE5D2E0CA
:102B100020915702309158024091590250915A0227
:102B2000C501B4010E94DDFA2C853D854E855F8587
:102B30000E9401FA6C877D878E879F87C701B60147
:102B400081DEDF91CF91FF90EF90DF90CF90BF902B
:102B5000AF909F908F900C947C87CF92DF92EF92F2
:102B6000FF92C0906702D0906802E0906902F090F6
:102B70006A022091260A3091270A4091280A509132
:102B8000290AC701B6010E94A9F30E9434FC609390
:102B9000890E70938A0E80938B0E90938C0EC09248
:102BA000790ED0927A0EE0927B0EF0927C0E90918C
:102BB0006B0E80916C0E981731F0FF90EF90DF90C4
:102BC000CF900C9426CA0E947C870E945D71409130
:102BD000890E50918A0E60918B0E70918C0E4093ED
:102BE000B3085093B4086093B5087093B60888236F
:102BF00031F0FF90EF90DF90CF900C94B529FF90CB
:102C0000EF90DF90CF9008950C9463CAAF92BF927B
:102C1000CF92DF92EF92FF920F931F93CF937B019E
:102C20008C0159016A0120915F023091600240914C
:102C300061025091620260915B0270915C0280912E
:102C40005D0290915E0226DE80918D09C82FC470CE
:102C500082FD13C010928D0982E00E947388D4DF38
:102C600081E0C11180E0CF911F910F91FF90EF9013
:102C7000DF90CF90BF90AF9008950E94A24B882321
:102C800049F3F1CF0E945D7190916C0E90936B0EA1
:102C900090936A0E94E69093690E21ED33E03093A1
:102CA000FD092093FC0981110E94B52981E08093E0
:102CB0009A080E947C878EEF0E947388A5CFCF93DD
:102CC000DF93CDB7DEB72C970FB6F894DEBF0FBEFB
:102CD000CDBF0E94E5C80E945D719CE0E7EAF8E084
:102CE000DE01119601900D929A95E1F781110E94F3
:102CF000B529CE0101960E9472812C960FB6F894E8
:102D0000DEBF0FBECDBFDF91CF9108954F925F928E
:102D10006F927F928F929F92AF92BF92CF92DF92EB
:102D2000EF92FF92CF93DF9300D01F92CDB7DEB723
:102D300080915B0290915C02A0915D02B0915E0275
:102D400089839A83AB83BC8340905F02509060027A
:102D500060906102709062028090630290906402C1
:102D6000A0906502B0906602C0906702D0906802A1
:102D7000E0906902F0906A020E940B8781E08093E4
:102D8000F00D0E94198AA9E3B2E090E080E0FC0116
:102D9000E052F24E45915591659174914D935D933A
:102DA0006D937D93FC01EC52F24E459155916591E6
:102DB000749118964D935D936D937C931B97049635
:102DC0008C30910521F76091490870914A088091F3
:102DD0004B0890914C080E9413CB0E94E2280E945D
:102DE000598729813A814B815C8160915B027091A6
:102DF0005C0280915D0290915E020E9444F3811119
:102E00002AC0A301920160915F02709160028091DB
:102E10006102909162020E9444F381111CC0A501DD
:102E200094016091630270916402809165029091B7
:102E300066020E9444F381110EC0A70196016091C1
:102E40006702709168028091690290916A020E9403
:102E500044F3882399F00F900F900F900F90DF911B
:102E6000CF91FF90EF90DF90CF90BF90AF909F9069
:102E70008F907F906F905F904F9021CF0F900F9029
:102E80000F900F90DF91CF91FF90EF90DF90CF9058
:102E9000BF90AF909F908F907F906F905F904F907A
:102EA00008950F931F93CF93DF93EC0100E919E08E
:102EB000F8012081318142815381688179818A8141
:102EC0009B810E9401FA688379838A839B83F8013E
:102ED00024813581468157816C817D818E819F81DE
:102EE0000E9401FA6C837D838E839F83F801208585
:102EF000318542855385688579858A859B850E94C1
:102F000001FA688779878A879B87DF91CF911F9124
:102F10000F910895CF93DF9300D01F92CDB7DEB706
:102F200087E791E0A0E0B0E089839A83AB83BC831C
:102F3000BE016F5F7F4F8CE30E942A4B89E69CE1C4
:102F40000E94D2298FB1809563E67CE181700E9456
:102F5000E07680B182FB882780F96DE57CE191E025
:102F600089270E94E0768091000167E57CE183FB80
:102F7000882780F90E94E076809100016EE47CE170
:102F800085FB882780F90E94E0768091000183FD0F
:102F900009C00E946E4B0F900F900F900F90DF9121
:102FA000CF9108950E94544B0F900F900F900F9067
:102FB000DF91CF91089580913909811104C08091EA
:102FC0008F09882331F062E070E080E090E00C949B
:102FD000F3360895CF92DF92EF92FF921F93CF9333
:102FE000DF93CDB7DEB72C970FB6F894DEBF0FBED8
:102FF000CDBFA6E0BAE090E080E0FC01E555F04EE0
:1030000045915591659174914D935D936D937D9329
:10301000FC01E556F04E459155916591749150969D
:103020004D935D936D937C935397FC01E557F04E60
:10303000459155916591749190964D935D936D93E3
:103040007C939397049680319105B9F680E29EE4D3
:10305000A0E0B0E08093160A9093170AA093180A94
:10306000B093190A80E090E0A8E4B4E480933A0AAF
:1030700090933B0AA0933C0AB0933D0A80933E0A8A
:1030800090933F0AA093400AB093410A80E090E0F9
:10309000AAE7B4E48093420A9093430AA093440AB7
:1030A000B093450A1092460A1092470A1092480AB5
:1030B0001092490A10924A0A10924B0A10924C0A36
:1030C00010924D0AC12CD12C80E2E82E81E4F82E1A
:1030D000C092C809D092C909E092CA09F092CB09FE
:1030E000C092CC09D092CD09E092CE09F092CF09DE
:1030F0008DEC9CECACECBEE38093D0099093D109AD
:10310000A093D209B093D30980E090E0A0E8BFE398
:103110008093D4099093D509A093D609B093D70989
:1031200010923B0910923C0910923D0910923E0901
:1031300010923F09109240091092410910924209E1
:1031400010924309109244091092450910924609C1
:1031500011E0109322020E94343580E090E0A0EA52
:10316000B0E48093F6039093F703A093F803B09331
:10317000F9031092B10D1092B20D1092B30D10928E
:10318000B40DC0924908D0924A08E0924B08F092E0
:103190004C0880E00E949F260E94632982ED90E007
:1031A00090930F0880930E088AEF90E09093110897
:1031B000809310088DEC9CECACECBDE3809312087E
:1031C00090931308A0931408B09315081092160852
:1031D0008CE0ECE6F4E0DE01119601900D928A9508
:1031E000E1F789819A81AB81BC8180935B0E9093DA
:1031F0005C0EA0935D0EB0935E0E8D819E81AF81BB
:10320000B88580935F0E9093600EA093610EB0938B
:10321000620E89859A85AB85BC858093630E9093F9
:10322000640EA093650EB093660E87ED93EAA5E059
:10323000B2E48093010E9093020EA093030EB0931C
:10324000040E80EC93E8A6E7BEE38093050E90930E
:10325000060EA093070EB093080E8CE597E7A0E941
:10326000B4E48093090E90930A0EA0930B0EB093D2
:103270000C0E10937C070E949A381092890780E008
:1032800090E0A0EEBFE38093850790938607A0931C
:103290008707B093880710923909109238098BDE9E
:1032A00080E090E0A8ECB2E48093810790938207DD
:1032B000A0938307B093840710927D0710927E0736
:1032C00010927F071092800721DD89E69FE10E941E
:1032D000BD2D0E94FB2989E69FE10E94D2290E9410
:1032E000FE2982E30E94374D84E60E946F4D809153
:1032F0004808811106C01093480860E081E00E94F0
:10330000EBC58CE59FE12C960FB6F894DEBF0FBE9F
:10331000CDBFDF91CF911F91FF90EF90DF90CF90C5
:103320000C9414D24F925F926F927F92AF92BF92A1
:10333000CF92DF92EF92FF920F931F93CF93DF9381
:1033400000D01F921F92CDB7DEB78D83162F20E0DD
:1033500041E060E070E080E890E45DDB40905B027B
:1033600050905C0260905D0270905E0280915F02FE
:1033700090916002A0916102B091620289839A8368
:10338000AB83BC839D81992369F10E94DC4B1111B1
:1033900012C0E0906302F090640200916502109107
:1033A0006602A12CB12C650129813A814B815C8197
:1033B000C301B2016FDAAD81A0938F090F900F9016
:1033C0000F900F900F90DF91CF911F910F91FF9071
:1033D000EF90DF90CF90BF90AF907F906F905F9015
:1033E0004F90E9CD0E94A24BD2CF4F925F926F9245
:1033F0007F928F929F92AF92BF92CF92DF92EF9285
:10340000FF920F931F93CF93C82FE82EF12CF70153
:10341000E558F04DD490823009F03BC080918F097F
:10342000811103C060E081E07DDF0E94DC4B8111EF
:1034300017C100E11DE1F801459055906590749029
:103440006D2D0D2C000C770B880B990B0E944AF305
:103450004B015C0120E030E0A901C301B2010E94F0
:1034600044F38823B1F0F80185919591A591B49129
:103470006C018D0120E030E040E850E4BC01CD015A
:103480000E9444F387FF1BC0C12CD12C00E810E43C
:1034900016C06D2DDD0C770B880B990B0E944AF33B
:1034A0004B015C01F701EE0FFF1FEE0FFF1FE85FFE
:1034B000F24E85919591A591B4916C018D01A50174
:1034C0009401B601C8010E94A9F32B013C016701D8
:1034D000CC0CDD1CCC0CDD1CF601E450F34E6591E8
:1034E00075918591949120E030E040EC5FE30E947B
:1034F000A9F3A50194010E94A9F3AB01BC0100E06E
:1035000010E098018C2F0E9422CF20E030E0A9012A
:10351000C301B2010E9444F3882341F100E010E0AE
:103520009801C23031F40E94A24B00E010E020E28A
:1035300032E4B301A20170588C2F0E9422CFC23016
:1035400009F489C0A3019201C301B2010E9401FAEA
:103550004B015C01C23009F094C000E010E020EAA9
:1035600031E4B501A4018C2F0E9422CFC23011F4A6
:103570000E94A24B81E090E00C2E01C0880F0A94BB
:10358000EAF790918E09982B90938E0990915507A8
:10359000892B80935507F601E553F34E259135911C
:1035A000459154918601055A1D4FF601E55CF64F91
:1035B00060817181828193810E9401FAF8016083A8
:1035C000718382839383C230D1F42091630E309152
:1035D000640E4091650E5091660E60916302709189
:1035E000640280916502909166020E9400FA6093E5
:1035F0006302709364028093650290936602F60101
:10360000E057F64F1082118212821382FDDAF60122
:10361000EA5AF84FD601A55ABD4F8D919D910D9054
:10362000BC91A02D80839183A283B383C23009F023
:1036300045C080E0CF911F910F91FF90EF90DF90F8
:10364000CF90BF90AF909F908F907F906F905F9042
:103650004F900C94FC250E94DC4B882309F472CF18
:10366000CF911F910F91FF90EF90DF90CF90BF907F
:10367000AF909F908F907F906F905F904F900C9441
:10368000A24BF701E750F34E6491611107C00E940D
:10369000FB2987ED9CE10E94D2296AE070E090E06E
:1036A00080E00E9448F39B01AC0160E070E080E79D
:1036B00092E40E94DDFA8B019C0153CFCF911F91C0
:1036C0000F91FF90EF90DF90CF90BF90AF909F90C1
:1036D0008F907F906F905F904F9008950F931F93FE
:1036E0008091B509813019F50E9408D2009129080E
:1036F00010912A0820912B0830912C08601B710B27
:10370000820B930B28EE33E040E050E00E946EF90C
:10371000609151077091520780915307909154071F
:10372000620F731F841F951F1F910F910895609161
:103730002D0870912E0880912F0890913008D6CFD7
:10374000EF92FF920F93CF93DF93CDB7DEB76997D8
:103750000FB6F894DEBF0FBECDBF7C01BFDF6E8B0E
:103760007F8B888F998FBE016F5F7F4FCE0146960A
:103770000E94942301E020E0F7014281BE016F5FC7
:103780007F4F808191810E945BC669960FB6F89445
:10379000DEBF0FBECDBFDF91CF910F91FF90EF90B5
:1037A00008951092B5091092290810922A081092D3
:1037B0002B0810922C0810922D0810922E081092AF
:1037C0002F08109230081092510710925207109251
:1037D0005307109254070895CF93DF930E944277C6
:1037E00080932808882309F449C08091550BC8EAC2
:1037F000D9E0882311F0C5E5DBE06EE270E0CE0190
:103800000E9436FD9C01A0E3B7E0E0E09881992397
:1038100071F02C173D0759F0E03249F080EE890F26
:103820008F3508F09FE3EF5F9D932196EFCFF0E097
:10383000E05DF84F108283E080938B098091B50999
:10384000813029F1823009F549DF60935107709387
:103850005207809353079093540781E08093B509F2
:103860000E9408D26093290870932A0880932B083D
:1038700090932C0881E0DF91CF91089568E37CE17B
:1038800080E397E00E9429F2D6CF8BDFE6CF80E07D
:10389000F2CFCF93C091B50980E0C130A1F460E0D0
:1038A00083E00E94EBC5C0932F0782E08093B509A7
:1038B0000E9408D260932D0870932E0880932F08E1
:1038C0009093300881E0CF9108958091B50981509F
:1038D0008230D0F480912E078350823038F460E03B
:1038E00083E00E94EBC585E080938B091092B509B7
:1038F0000E9408D260932D0870932E0880932F08A1
:103900009093300881E0089580E008952091ED0DB6
:103910003091EE0D263531053CF420910B083091A5
:103920000C082630310524F0882339F00C946237D6
:10393000662319F0CADF0C9486CB08950E94F829FB
:1039400089EB9DE10E94D22981EB9DE10E94D22961
:1039500085E99DE10E94D2290E94BB80B6DF80915B
:103960008A09813099F00E94F8298EE19DE10E9438
:10397000D22984E19DE10E9467C86EE571E080E094
:1039800090E00E94F33681E080938A090895AF9217
:10399000BF92CF92DF92EF92FF920F931F93CF933C
:1039A000DF93EB01823009F460C0B0F5813009F497
:1039B00051C0E884F9840A851B8520E030E040E2AC
:1039C00051E460916302709164028091650290916C
:1039D00066020E9401FA5B016C0120E030E048ECD5
:1039E00053E40E9428FC181634F4A12CB12CF8ECF6
:1039F000CF2EA3E4DA2E9501A601B701C8010E94DB
:103A000028FC181614F07501860120E030E040EA29
:103A100050E4B701C80126C0833009F44BC084309C
:103A200041F6E0906302F09064020091650210910B
:103A300066022C813D814E815F81688179818A8116
:103A40009B81A12CB12CE8ECCE2EE2E4DE2E0E946C
:103A50004A9459C0688579858A859B8520E030E045
:103A600040EA50E40E94EB94DCCF288539854A85F2
:103A70005B85609163027091640280916502909110
:103A800066020E9401FA6B017C0120E030E048EC04
:103A900053E40E9444F387FD06C0C12CD12C18ECDE
:103AA000E12E13E4F12E20E030E040EA50E4C701BB
:103AB000B601D8CF20E030E040E251E460916302EB
:103AC0007091640280916502909166020E9401FAF1
:103AD0006B017C0120E030E048EC53E40E9428FCBC
:103AE0001816E4F020E030E0A901C701B6010E94F9
:103AF00044F387FD1AC020E030E040EA50E4C701FB
:103B0000B6010E94EB94DF91CF911F910F91FF902E
:103B1000EF90DF90CF90BF90AF90D1C8C12CD12C47
:103B2000B8ECEB2EB3E4FB2EE6CFC12CD12C760102
:103B3000E2CF1092470910922D070E947437882314
:103B4000C9F00E9417379091CC0D80FB97F99093A4
:103B5000CC0D61E080E19CE10E94392DB6DE45E2AA
:103B60005CE16DE27CE185E00E940CCC87E19CE1A8
:103B70000C9467C88091CC0D84FFEBCF0E94A2D734
:103B8000E8CF0F931F93CF93DF931F921F92CDB770
:103B9000DEB72091500A211116C08C014423D1F0C8
:103BA0000E94BD2D40E450E0B80182EC94E10E94F7
:103BB00030F28FE390E09A838983CE0101960E94D0
:103BC00035C70E9408C70F900F90DF91CF911F91CA
:103BD0000F9108950E948A3240E450E0B80182ECCF
:103BE00094E10E948DF2E5CFFF920F931F93CF9344
:103BF000DF93CDB7DEB7A1970FB6F894DEBF0FBE47
:103C0000CDBF8C01F42E67FF03C01092500A60E014
:103C10002091500A862F062E000C990B28171906A2
:103C200009F02CF56093500AC801FF2061F10E9451
:103C3000BD2D19821F8E4FE150E0B801CE010196D3
:103C4000FF2021F10E9430F240E450E0BE016F5F9E
:103C50007F4F82EC94E10E948DF28FE390E099A374
:103C600088A3CE0180960E9435C70E9408C7A196FE
:103C70000FB6F894DEBF0FBECDBFDF91CF911F917D
:103C80000F91FF9008950E948A32D3CF0E948DF247
:103C9000DBCF823221E0920714F082E291E0909330
:103CA000EE0D8093ED0D109216080C944226CF92E3
:103CB000DF92EF92FF926B017C0120E030E0A901DE
:103CC0000E9444F387FD14C020E030E041E953E452
:103CD000C701B6010E9428FC181674F0C701B6018E
:103CE0000E9434FCCB01FF90EF90DF90CF90D1CFBA
:103CF000C12CD12C7601F2CFC12CD12C81E9E82E38
:103D000083E4F82EEBCFE8EFF7E010821182128205
:103D1000138214820C94422690916B0E80916C0E4B
:103D2000981312C00E949C7181110FC00E944277AB
:103D300081110BC08091B509813031F00E94743738
:103D4000811103C00C94573781E00895E5DF882383
:103D500051F00E942537811106C081E09091B5098C
:103D6000923009F080E008950F931F93CF93DF9373
:103D70008C01ECDF41E061E08823D1F089EF0E9403
:103D8000D44DC1E0D0E080918C098823B9F0C260A5
:103D900042E065E089EF0E94D44D7C2F6D2FF80141
:103DA00080819181DF91CF911F910F910C94497780
:103DB00089EF0E94A74DD0E0C0E0E5CF42E065E08A
:103DC00089EF0E94A74DE9CF0F931F93CF93DF9305
:103DD0008C0180912808C4E0D0E0811102C0D0E0BD
:103DE000C0E09ADF8823D1F0C16041E061E083E068
:103DF0000E94D44DABDF8823B9F0C26042E061E09D
:103E000083E00E94D44D7C2F6D2FF8018081918139
:103E1000DF91CF911F910F910C94497741E061E0C0
:103E200083E00E94A74DE6CF42E061E083E00E947C
:103E3000A74DE9CF71DF882311F081E0089586DF77
:103E40008111FBCF95E090938B090895F3CFCF922A
:103E5000DF92EF92FF926B017C01463059F5109290
:103E6000FD071092FE071092FF07109200081092B3
:103E700001080E945E2320E030E0A901C701B601DD
:103E80000E9444F387FF1EC0C12CD12C7601C701CC
:103E9000B6010E9434FC6F35710514F06FE570E0D7
:103EA00070930C0860930B08FF90EF90DF90CF9019
:103EB0000C945E2328DFC701B601FF90EF90DF90DE
:103EC000CF90F5CE20E030E04EEB52E4C701B601D2
:103ED0000E9428FC1816DCF6C12CD12C8EEBE82EA3
:103EE00082E4F82ED4CF0F93009741F0BC0101E09B
:103EF00021E040E280E091E10E940CC60F9108951C
:103F0000EF92FF921F93CF93DF9300D01F92CDB714
:103F1000DEB790912E079A3F09F43EC0993F79F49D
:103F2000893F11F0809336026623B1F190918C099C
:103F3000992329F090912D07911110922D07182F98
:103F40008FE3E82E8BE1F82E43E050E0B701CE017D
:103F500001960E940AF2EA81FB81309731F0898153
:103F6000181324C019958823B9F061E0812F0E94AD
:103F7000687D882389F010932E071C821B828AE5B6
:103F8000898381E08A831C8344E0BE016F5F7F4F99
:103F900084E890E00E94204D0F900F900F900F90BA
:103FA000DF91CF911F91FF90EF90089583E0E80E8D
:103FB000F11CE114F10441F6D8CF90916B0E809181
:103FC0006C0E98130AC00E949C71811106C020914A
:103FD0006B0E90916C0E81E0291380E00895CF93D1
:103FE00010920507EADFC82F811104C080EE9BE123
:103FF0000E9414D28C2FCF910895EF92FF921F93BD
:10400000CF93DF93CDB7DEB764970FB6F894DEBFDA
:104010000FBECDBF82E080930902CFDF182F811140
:1040200011C080EE9BE10E9414D2812F64960FB6DE
:10403000F894DEBF0FBECDBFDF91CF911F91FF90EF
:10404000EF90089580918E0987708730A1F520E068
:1040500030E040E850E46091630270916402809126
:104060006502909166020E9444F387FF04C08DECC4
:104070009BE10E9437411F9288EC8F931F928F9390
:1040800084EC9BE19F938F931F9284E18F93CE01E9
:1040900001967C019F938F930E94A1F2C7010E9419
:1040A000FF408FEB9BE10E9437410FB6F894DEBFD3
:1040B0000FBECDBFBACF6BE086ED9BE10E94B2D0C0
:1040C00082ED9BE10E94374110E0AFCFCF9380E0BB
:1040D0000E949F2680918E098770C1E0873041F051
:1040E0006CDFC82F811107C080EE9BE10E9414D2C3
:1040F0008C2FCF9108956CE086ED9BE10E94B2D0A9
:104100008BEB9BE10E943741C0E0F2CFCF938091CF
:1041100047080E949F2651DFC82F811107C080EEFB
:104120009BE10E9414D28C2FCF91089580918E092B
:1041300087708730A9F420E030E040E251E46091DC
:1041400063027091640280916502909166020E9400
:1041500044F387FFE8CF81EB9BE10E943741E3CF37
:104160006AE086ED9BE10E94B2D087EB9BE10E9462
:104170003741C0E0D8CF0E9408D26C507E4F8F4F9D
:104180009F4F60932408709325088093260890938E
:104190002708089590912E079E3031F09D3091F5BB
:1041A00081E080932F070895962F990F990F960F0E
:1041B000980FE1E0F0E0903110F4F0E0E0E0EE0F75
:1041C000FF1FEF5FF84F9F7021E030E002C0220F29
:1041D000331F9A95E2F740815181242B352B31838F
:1041E00020838430ECF26430DCF20E948A26811154
:1041F000D7CF109204071092030710920207109273
:104200000107CECF08950F93CF93DF93EC018CE697
:104210009FE269DE209741F001E021E040E2BE012B
:1042200080E291E10E945BC68CE69FE2009781F0FC
:1042300001E021E040E2BC0180E491E10E940CC673
:1042400021E040E26CE67FE280E691E10E940CC64C
:1042500060E083E00E94EBC580912E07893F11F05A
:104260008093360281E080938C0989EF80938B09DB
:10427000DF91CF910F910895CF92DF92EF92FF924D
:104280000F931F93CF93DF93CDB7DEB77C01CDB6ED
:10429000DEB60E9444F201962DB73EB7281B390BBB
:1042A0000FB6F8943EBF0FBE2DBF0DB71EB70F5F00
:1042B0001F4FB701C8010E9429F2C801A4DF0FB641
:1042C000F894DEBE0FBECDBEDF91CF911F910F914E
:1042D000FF90EF90DF90CF9008955F926F927F9262
:1042E0008F929F92AF92BF92CF92DF92EF92FF9206
:1042F0000F931F93CF93DF9300D000D000D01F9275
:10430000CDB7DEB7EDB6FEB6809148088823A9F098
:1043100080912E078A3F89F00E9408D24B015C01F0
:1043200080918B09882339F110928B0990912E0787
:1043300089131EC081E080932F070FB6F894FEBE4C
:104340000FBEEDBE2A960FB6F894DEBF0FBECDBFEE
:10435000DF91CF911F910F91FF90EF90DF90CF9061
:10436000BF90AF909F908F907F906F905F900895D7
:1043700060E0C6DDE2CF80912308811119C088EB8F
:104380009BE0A0E0B0E088199909AA09BB091816BA
:1043900019061A061B0664F081E0809323080E9428
:1043A000034E80912E078111C8CF60E081E0E1CFFC
:1043B00090912F0780912E0740911F08509120085F
:1043C0006091210870912208481959096A097B09EE
:1043D000141615061606170694F024EF820E21E037
:1043E000921EA11CB11C80921F0890922008A092DE
:1043F0002108B0922208692F0E94687D9ECF9111FA
:10440000ECCF893F09F072C080918C09882309F4B0
:1044100065C080912D07882309F464C080918B0DBD
:1044200090918C0DA0918D0DB0918E0D0097A105EE
:10443000B10509F074C08091240890912508A091DD
:104440002608B09127080097A105B10509F086C09C
:10445000AA24A39490911E0880914D0620914E06A7
:10446000821B8F7709F469CF913009F49AC008F460
:1044700090C0923009F49DC0933071F780914D0641
:1044800090914E06891B8F7790911D08891708F42B
:1044900054CF0E94134EC82E80911D08DD24DA945B
:1044A000D80E8DB69EB68150990BEDB7FEB7E81BBE
:1044B000F90B0FB6F894FEBF0FBEEDBF0DB71EB7D8
:1044C0000F5F1F4F3801DA94FFEFDF1609F47CC04D
:1044D0000E94134EF30181933F01F5CF6EDD8823D7
:1044E00009F49CCF61E08091360243CF8E3009F011
:1044F00095CF63DD882309F491CF60E083E00E94CB
:10450000EBC50E948A26882339F08CE29BE10E9449
:1045100014D260E08DE02DCF8DE19BE1F8CF8819BA
:104520009909AA09BB09181619061A061B060CF4E4
:1045300082CF8FE89DE0009741F000E020E040E26C
:10454000BC0180E090E30E945BC610928B0D10923C
:104550008C0D10928D0D10928E0DEFCE8819990949
:10456000AA09BB09181619061A061B060CF470CF07
:1045700024DD882309F46CCF1092240810922508BA
:10458000109226081092270888E19BE10E9437418B
:10459000D4CE0E94134E8A3509F05CCFA0921E083B
:1045A00059CF0E94134E853A69F482E080931E0829
:1045B00051CF0E94134E80931D0883508E3710F404
:1045C00083E0F4CF80E0F2CFF3E8CF1619F0109239
:1045D0001E0872C0F8018081918198278927982749
:1045E000B280BB0C8F30910559F4F2E0BF1208C0C5
:1045F000F801838180930707848180930607E7CFC2
:10460000BE016F5F7F4F0E942A23882301F38F81B1
:104610009885892BE1F20E9408D260939C097093DF
:104620009D0980939E0990939F095B80511008C05B
:10463000EF81F88570E060E0CE0101961995C7CF53
:104640008C8181FF3FC0CDB6DEB6452D50E02DB741
:104650003EB7241B350B0FB6F8943EBF0FBE2DBFDF
:104660008DB79EB701963C0170E060E00E94EDFCC2
:10467000D301F801339690E080E02B2D30E08B15CC
:1046800070F4851560F441910196821793072CF41C
:104690004F3F19F450815F3F11F04D93F0CFEF8100
:1046A000F885B301CE010196199510921E080FB638
:1046B000F894DEBE0FBECDBE0FB6F8949EBE0FBE00
:1046C0008DBEC8CEB51083CFB8016D5F7F4FEF812F
:1046D000F885B2CF1092D0008091D0008260809394
:1046E000D0001092D50080E18093D4008091D10059
:1046F00080618093D1008091D10088608093D10047
:104700008091D10080688093D1008091D1008F7D0D
:104710008093D10010924C060E94034E8091230892
:10472000882321F081E080932F07089561E080E0E5
:10473000E7CB83E19BE10C9414D283E19BE10C94E1
:1047400014D22F923F924F925F926F927F928F92EC
:104750009F92AF92BF92CF92DF92EF92FF920F9310
:104760001F93CF93DF93CDB7DEB7C558D1090FB6EE
:10477000F894DEBF0FBECDBFCDB6DEB684E690E0C6
:104780009093C4098093C3091092C00D1092BF0D7D
:1047900041E064E070E08E010F5F1F4FC8010E948E
:1047A00087CA43E050E06CE874E0C8010E9419FD3C
:1047B000892BE1F5CE0183589F4F0E94C176E9967F
:1047C0001CAE1DAE1EAE1FAEE9971092C00D10922A
:1047D000BF0DCE0185589F4F0E94C176ED968EADDC
:1047E0009FADED97813D924009F45DC081E49BE26D
:1047F0000E94D22981E69EE10E94D2290E94FB29D3
:104800006091C3097091C4096456710986ED9EE1F7
:104810000E94A3358EEC9EE10E94D22981ED92E0A8
:104820000E94FD340E94FE2912E012C08C81882370
:1048300019F08FE389831A820E94FB29B80180E472
:104840009EE10E94E02982E39EE10E94D22911E0CC
:104850008091EE07811107C080918A09833018F09A
:1048600080E00E94A282812F0FB6F894DEBE0FBEB8
:10487000CDBECB57DF4F0FB6F894DEBF0FBECDBF16
:10488000DF91CF911F910F91FF90EF90DF90CF902C
:10489000BF90AF909F908F907F906F905F904F9060
:1048A0003F902F900895CE018F579F4F0E94BC7666
:1048B000ADB6BEB6CF57DF4F6881C158D04070E06B
:1048C0006D5F7F4F660F771F660F771F8DB79EB79F
:1048D000861B970B0FB6F8949EBF0FBE8DBFEDB72A
:1048E000FEB73196CE57DF4FF983E883C258D040E8
:1048F000CF010E94C6764091EE0781E0482764E030
:1049000070E086E19AE00E9487CACF57DF4F688146
:10491000C158D04070E06D5F7F4F660F771F660F04
:10492000771F8DB79EB7861B970B0FB6F8949EBF67
:104930000FBE8DBFEDB7FEB73196CC57DF4FF98371
:10494000E883C458D040CF010E94C676CF57DF4FCE
:104950006881C158D04070E06D5F7F4F660F771F50
:10496000660F771F8DB79EB7861B970B0FB6F8940F
:104970009EBF0FBE8DBFEDB7FEB731964F01CF0181
:104980000E94C676F090EE07F11058C0CF57DF4F67
:104990008881C158D04090E00296A6E0BAE070E06D
:1049A00060E030E020E047EB5FE1821793070CF412
:1049B00010C1CE57DF4FE881F981C258D040E60FD1
:1049C000F71F40805180628073804D925D926D929E
:1049D0007D92821793070CF402C1CC57DF4FE88118
:1049E000F981C458D040E60FF71F20803180E28063
:1049F000E38121016E2C7E2E50964D925D926D9238
:104A00007C925397821793070CF4F3C0F401E60FDE
:104A1000F71F20803180E280E38121016E2C7E2E01
:104A200090964D925D926D927C9293972F5F3F4F3F
:104A30006C5F7F4F2430310509F0B7CF8AE39AE0ED
:104A40000E94B4768EE39AE00E94B47682E49AE003
:104A50000E94B47686E49AE00E94B4768AE49AE0F2
:104A60000E94B47641E04F2560E170E088EC99E067
:104A70000E9487CACE018B589F4F0E94B4760FB612
:104A8000F894BEBE0FBEADBE8BE399E00E94AC763B
:104A9000CE0187589F4F0E9484768091EE07811146
:104AA00009C081E0EA969FADEA97911101C080E0CC
:104AB000809322028091220281110E943435CE011E
:104AC00083599F4F0E94B476F090EE07F1101DC0FD
:104AD000E1968CAC9DACAEACBFACE19720E030E091
:104AE000A901C501B4010E9428FC181634F0812CDC
:104AF000912C70EAA72E70E4B72E8092F603909264
:104B0000F703A092F803B092F903C8010E94B476AB
:104B1000F11019C089809A80AB80BC8020E030E51C
:104B200043EC57E4C501B4010E9444F387FD03C080
:104B3000812C912C54018092B10D9092B20DA092D3
:104B4000B30DB092B40D89E498E00E94B47641E0D0
:104B50004F2568E070E08EE098E00E9487CACE01A1
:104B60008B589F4F0E94B476CE0187589F4F0E946A
:104B7000BC76CE0183599F4F0E94BC76C8010E942B
:104B8000C176EA96EFACEA97AE964FADAE9783EC5E
:104B90002E2D2827F0E12F9F90011124842790E0EB
:104BA000982F88279295907F8227932729813A8191
:104BB0008217930709F039C2E49E7001112421E0A5
:104BC000E21AF10800F1CE018B589F4F0E94B47693
:104BD000F6CFFA014590559065907490F6CEE7EACD
:104BE000FFE145905590659074901201E62CE72DF9
:104BF00000CFE7E9FFE14590559065907490120170
:104C0000E62CE72D0ACF8BE59EE00E94AC765AE0B9
:104C1000F52EFA94CE01FF2029F08B589F4F0E9469
:104C2000B476F7CF80589F4F0E94BC76CE01815852
:104C30009F4F0E94BC76CE0187589F4F0E94C1763D
:104C4000C058DF4F8881C058D04033EC8327E0E163
:104C50008E9FC0011124C158DF4F2881CF57D0400B
:104C6000232730E0322F22273295307F8227932767
:104C7000EB962EAD3FADEB978217930709F0D5C1A8
:104C8000CE0183599F4F0E94A476C8010E94A4764A
:104C9000C058DF4F8881C058D040853009F08AC1A4
:104CA000C158DF4F9881CF57D040953009F084C16B
:104CB0008091EE07811102C00E949F26B801CE01AB
:104CC00083599F4F0E94F6284091EE0781E04827C4
:104CD00064E670E08AE897E00E9487CACE018359B3
:104CE0009F4F0E949C76C8010E9484764091EE07F7
:104CF000FF24F3944F2564E070E0C8010E9487CA46
:104D00008AE399E00E949C764091EE074F2564E18A
:104D100070E0C8010E9487CAF090EE07F1103AC017
:104D200089809A80AB80BC80A5019401C501B40143
:104D30000E94B0FC81112EC049845A846B847C840B
:104D40006D817E818F8198858092010E9092020EF6
:104D5000A092030EB092040E21E732EB47E25EE32D
:104D60000E94A9F36093050E7093060E8093070EC0
:104D70009093080E21E732EB47E25EE3C301B201F4
:104D80000E94DDFA6093090E70930A0E80930B0E59
:104D900090930C0EC8010E949476C8010E948C76F4
:104DA000C8010E948C76C8010E948476C8010E94C6
:104DB0008476C8010E94847685E0F80111928A9574
:104DC000E9F741E04F2565E070E0C8010E9487CA1D
:104DD000CE0183599F4F0E949C76C8010E94947611
:104DE0004091EE07411105C0AE968FADAE9780930E
:104DF0007C07FF24F3944F2560E270E0C8010E9415
:104E000087CACE0183599F4F0E949C764091EE073E
:104E10004F2569E070E0C8010E9487CA4091EE0703
:104E200041110FC08981809389078A819B81AC8160
:104E3000BD818093850790938607A0938707B093E1
:104E40008807FF24F3944F2562E170E0C8010E94B7
:104E500087CA4091EE074F2564E270E0C8010E94C6
:104E600087CA4091EE074F2560E170E0C8010E94BB
:104E700087CA4091EE074F2562E070E0C8010E94AA
:104E800087CA4091EE074F2560E170E0C8010E949B
:104E900087CA4091EE074F256CE670E0C8010E947A
:104EA00087CA4091EE074F2568E070E08DE797E0F4
:104EB0000E9487CAC8010E94AC76CE0187589F4FD6
:104EC0000E948476CE0183599F4F0E94B47680E37E
:104ED000F80111928A95E9F74091EE074F2560E3BA
:104EE00070E0C8010E9487CA8091EE07811120C03E
:104EF0008A81EB801C81FD800981011101C082E360
:104F00000E94374D011102C084E6E82E8E2D0E94CA
:104F10006F4D011101C0F12CF0927B07002341F08D
:104F2000812F11110E948A26809347080E949F2694
:104F30008091C3099091C4098533934009F056CC00
:104F40002091BF0D3091C00DEF968EAD9FADEF97C4
:104F50002817390709F045C08091EE07811122C05A
:104F60000E94FB290091BF0D1091C00D8CE894E0C8
:104F70000E94782685E09FE10E94D22981ED92E08F
:104F80000E94FD3488EF9EE10E94D229C8010E9450
:104F9000FD3489E20E94D6C50E94FE298EED9EE175
:104FA0000E94BD2D8091EE07811102C00E9486965D
:104FB00010E04ECC8630C8F5C158DF4F9881CF57EE
:104FC000D040963090F5899F70011124F1E0EF1ADE
:104FD000F10808F483CECE018B589F4F0E94B4761F
:104FE000F5CF81E49BE20E94D229EF960EAD1FAD72
:104FF000EF978EE99EE10E94D229C8010E94FD34FC
:105000000091BF0D1091C00D89E99EE10E94D22947
:10501000C8010E94FD3489E89EE10E94D22989E7F7
:105020009EE10E94BD2D13E013CC81E49BE20E941F
:10503000D2298EEB9EE10E94D22914E009CCCF93B5
:10504000C1E0C093EE077DDB1092EE07811116C020
:1050500078DB882339F082E29FE10E9414D280E05D
:10506000CF91089580914808811106C0C0934808E7
:1050700060E081E00E94EBC581E0F2CF0E94EA97F8
:105080000E94EA970E949983882319F080E00E9489
:10509000A28289E49FE10E9467C80E94FB2985E300
:1050A0009FE10E94D229DBCFCF92DF92EF92FF9255
:1050B0000F931F93CF93DF93CDB7DEB7E8970FB66B
:1050C000F894DEBF0FBECDBF6801790122E48F3FA7
:1050D00009F024E580E289831A828E010F5F1F4F59
:1050E000F80101900020E9F7CF010197801B910B97
:1050F0008233910510F5F801E80FF91F2083813301
:10510000910521F08C0F9D1FFC011282F801019086
:105110000020E9F7CF010197801B910B82339105A5
:1051200060F42AE3F801E80FF91F20838133910529
:1051300021F08C0F9D1FFC0112824CAB5DAB6EAB5E
:105140007FAB82E088AFBE016C5C7F4FC8010E94DC
:10515000A7C7F80101900020E9F7CF010197801B54
:10516000910B8233910550F443E350E0481B590BF7
:1051700061E278E2800F911F0E9430F2CCAADDAA92
:10518000EEAAFFAA82E088AFBE016C5C7F4FC80127
:105190000E94A7C7C8010E94782662E070E080E004
:1051A00090E00E946ED1E8960FB6F894DEBF0FBE75
:1051B000CDBFDF91CF911F910F91FF90EF90DF90C6
:1051C000CF900895DF92EF92FF920F931F93CF93AA
:1051D000DF93CDB7DEB7C157D1090FB6F894DEBF64
:1051E0000FBECDBFF82E6091ED0D7091EE0D072E24
:1051F000000C880B990B0E944AF38B019C01409193
:10520000E90D5091EA0D6091EB0D7091EC0D80E885
:105210004BDF60910B0870910C08072E000C880B77
:10522000990B0E944AF38B019C0140910708509111
:1052300008086091090870910A088FEF35DF8FEF39
:10524000F81631F0FF2009F485C0F12CE12C03C0E1
:10525000E0900D08F12C45E650E069E278E28E011D
:105260000F5F1F4FC8010E9430F2FF92EF9287ED4F
:1052700094E09F938F937E01E6E6EE0EF11CFF9281
:10528000EF920E9441FDF80101900020E9F7CF0163
:105290000197801B910B0F900F900F900F900F9024
:1052A0000F908436910548F445E650E0481B590BB1
:1052B000B701800F911F0E948DF2D0900D08F80168
:1052C00001900020E9F7CF010197801B910B8436F4
:1052D000910550F445E650E0481B590B64E278E232
:1052E000800F911F0E9430F21F92DF9287ED94E0B1
:1052F0009F938F93FF92EF920E9441FDF8010190DE
:105300000020E9F7CF010197801B910B0F900F90C0
:105310000F900F900F900F908436910548F445E65A
:1053200050E0481B590BB701800F911F0E948DF26E
:10533000C8010E947826CF58DF4F0FB6F894DEBF21
:105340000FBECDBFDF91CF911F910F91FF90EF90D6
:10535000DF900895E090EF0D7DCF2F923F924F9216
:105360005F926F927F928F929F92AF92BF92CF92F5
:10537000DF92EF92FF920F931F93CF93DF93CDB7FE
:10538000DEB7AC970FB6F894DEBF0FBECDBF8BA7CC
:105390006CA7209116082AA71092160881E0809326
:1053A00047091B8E1C8E1D8E1E8E1AA21BA21CA2CC
:1053B0001DA21EA23CE33FA38CE188A796E499A717
:1053C0001E8A1F8AA0E8A88FBFEBB98F1A8EE1E072
:1053D000E9A3812C912C54019E012F5F3F4F1901AD
:1053E00080914709882309F43CC181149104A104E8
:1053F000B10461F0C818D908EA08FB0830E1C31607
:1054000037E2D306E104F10408F02BC16091ED0D01
:105410007091EE0D072E000C880B990B0E944AF339
:105420007B018C012E893F89488D598D0E9444F360
:105430008823B9F02091E90D3091EA0D4091EB0DF0
:105440005091EC0D8CA5B7018111D4C0C8010E9408
:1054500044F3881F8827881F8A8FEE8AFF8A088F67
:10546000198F0E9408D26B017C018AA19BA1ACA17B
:10547000BDA18C199D09AE09BF09181619061A0697
:105480001B06A4F1D701C60188519C4FAF4FBF4FF7
:105490008AA39BA3ACA3BDA38BA594DE45E150E0FA
:1054A0006DE278E2C1010E9430F21D8A81149104FC
:1054B000A104B10409F4A9C0C501B401605F784D2D
:1054C0008F4F9F4F6C197D098E099F0928EE33E09D
:1054D00040E050E00E946EF9BA01A901C1010E94AA
:1054E0005F7FC1010E9478260E94FE2980E00E9411
:1054F000B8380E9408D260939C0970939D098093EC
:105500009E0990939F09B091E90DBF8FE091EA0D3C
:10551000E8A30091EB0D1091EC0D2B2F3E2FA8016D
:105520006E897F89888D998D0E9400FA2B013C013C
:1055300020E030E0A9010E9428FC87FF04C077FA30
:10554000709477F8709481149104A104B10409F067
:105550007AC020E030E040E85FE3C301B2010E947E
:1055600044F387FF10C0F9A1812C912C5401FF2333
:1055700031F085E0882E8DE0982EA12CB12C8C0C7A
:105580009D1CAE1CBF1C2A8D222391F18B8D9C8DFE
:10559000AD8DBE8D0097A105B10549F08C199D090F
:1055A000AE09BF09181619061A061B060CF12F8D35
:1055B00038A1A8016EA17FA188A599A50E9400FA33
:1055C00020E030E040EC5FE30E9444F387FD49C0F7
:1055D000D701C601805A9541AF4FBF4F8B8F9C8F2B
:1055E000AD8FBE8F9F8D9EA3A8A1AFA308A719A7BB
:1055F00019A2F6CEC8010E9444F387FD32C0EE8A9C
:10560000FF8A088F198F1A8E2CCFD1010D900020A0
:10561000E9F7CD010197821993098431910508F0CA
:1056200060CFF101E80FF91FBFE3B083833191052B
:1056300009F457CFE2E0F0E0EC0FFD1F8E0F9F1F43
:10564000DC011C924ECF20E030E040EA50E4C30180
:10565000B2010E9428FC18160CF095CF46015701A4
:1056600092CF10914709112321F0109247090E940F
:1056700086CBBAA5B0931608812FAC960FB6F894D6
:10568000DEBF0FBECDBFDF91CF911F910F91FF9075
:10569000EF90DF90CF90BF90AF909F908F907F90D2
:1056A0006F905F904F903F902F9008952F923F9270
:1056B0004F925F926F927F928F929F92AF92BF9222
:1056C000CF92DF92EF92FF920F931F93CF93DF93CE
:1056D000CDB7DEB7C454D1090FB6F894DEBF0FBE04
:1056E000CDBF7C014B015A01222E19821C821C8ED7
:1056F0001F8E6115710511F410E0B6C1DC0113961F
:105700008C918111F9CFFA0180818B018F32D1F414
:10571000DB0113968C9113978250823060F059967A
:105720006D917C91CE014C960E94FBDB8E01045E54
:105730001F4F882309F3C5015C010196F501208103
:105740002F32D1F39E012F5F3F4F6901290130E2D3
:10575000332E2496CFAE24972596DFAE25973E01B3
:105760003CE1630E711C22963FAE229721963FAE1C
:1057700021973FAE3EAE3DAE3CAE3BAE3AAE39AE0B
:1057800038AE3FAA950190E047E0D9018D9188237A
:1057900061F18F3251F18E3239F44A3009F4ACCFD5
:1057A00098E04AE09D01F1CFE1E3FBE2249122235E
:1057B00021F031968213FACF9FCF491708F49CCF7E
:1057C000813208F499CF8F3709F496CF3FE9380F2B
:1057D0003A3108F420EEE7E3F0E0EC0FFD1FE90FAB
:1057E000F11D820F80839F5FDDCF8FA9803209F486
:1057F00083CF5901D9018C912F5F3F4F8F32C9F36D
:105800008823A9F00815190519F0C8010E94037E24
:1058100024969FAD249725968FAD25974C145D0453
:1058200011F4962D872D8601C92ED82E9CCFF80114
:10583000818D928DD7015A969C938E935997C8016A
:105840000E945A7FC12CF80180859185A285B3857D
:10585000418952896389748984179507A607B70718
:1058600008F056C025E0B695A795979587952A9597
:10587000D1F7F82FFF70DF2ED80113968C9182306C
:1058800008F43ACF23961FAE239741E050E0BE01C3
:105890006E5B7F4FC8010E9455DA019709F02CCF4B
:1058A000F80180859185A285B3854F96A11DB11D14
:1058B00080879187A287B387F0E2DF9EB001112431
:1058C0006C57744F6115710509F416CFDB018C918B
:1058D000882341F0853E09F04DC0CC2029F0CC242E
:1058E000C394B1CFC1100EC08091840D9091850DED
:1058F000A091860DB091870DF70184879587A687C3
:10590000B787D08ADB018C918111E9CFCC24C39475
:10591000822D8274823409F0EFCECC2009F4C7C006
:10592000F701D08861E0C7010E940C7E009709F45E
:10593000E3CE20E2DC011D922A95E9F72BE0FE017F
:10594000F796DC0101900D922A95E1F721E238E209
:10595000FC01318B208B40E058E057874687338B22
:10596000228B318F208F578B468B0E941ED4811142
:105970000AC0C2CE4BE050E0CE01C7960E94D7FCD1
:10598000892B09F060CF2D2D30E0F901B5E0EE0F45
:10599000FF1FBA95E1F7DF01AC57B44F1B968C910E
:1059A000817121F0822D827109F020C1D7015996B1
:1059B0008D919C915A974091840D5091850D6091E5
:1059C000860D7091870D1C964D935D936D937C931E
:1059D0001F975096DC925097EC57F44F8488958827
:1059E000B12CA12C54019924882455968D929D9216
:1059F000AD92BC925897428D538D70E060E048297B
:105A000059296A297B2955964D935D936D937C9313
:105A10005897A5E0220F331FAA95E1F7D901AC579B
:105A2000B44F1B962C91287109F0D2C0848D958DAE
:105A3000A68DB78DF701818B928BA38BB48B81E000
:105A40008383822D8F70F7018183148215821682E1
:105A50001782108611861286138611E024FE04C078
:105A6000C7010E944BD8182FCE014C960E943C26AD
:105A7000CE0101960E943C26812FCC5BDF4F0FB6F2
:105A8000F894DEBF0FBECDBFDF91CF911F910F9174
:105A9000FF90EF90DF90CF90BF90AF909F908F904E
:105AA0007F906F905F904F903F902F900895D80116
:105AB00013968C911397823009F41ECE51968D91D6
:105AC0009D910D90BC91A02D803E9F4FAF41B1059F
:105AD00008F012CEC8010E945F7E882309F40CCE24
:105AE0000E941ED4882309F407CED8015996ED915F
:105AF000FC915A9714968D909D90AD90BC901797FD
:105B0000B2E08B1A9108A108B108858504C0880C01
:105B1000991CAA1CBB1C8A95D2F786859785A089FB
:105B2000B189880E991EAA1EBB1E81E08093880D44
:105B30008092840D9092850DA092860DB092870D73
:105B4000E4E8FBE080E092E0DF019C011D9221503F
:105B50003040E1F7DD24D394D8015996ED91FC91C2
:105B60008481D816C0F48091890D90918A0DDC0152
:105B7000ED91FC910288F389E02D24E83BE0B5012A
:105B8000A4014D0D511D611D711D1995882309F446
:105B9000B3CDD394E1CF258580E092E0A0E0B0E0E2
:105BA00004C0880F991FAA1FBB1F2A95D2F7F801BE
:105BB0004189528963897489840F951FA61FB71F75
:105BC000818B928BA38BB48B84E89BE0D12CB1CEDC
:105BD000203161F497012F5E3F4F0E9405D7882343
:105BE00029F084E0D70113968C932BCFD70113961D
:105BF0001C9282CDCF92DF92EF92FF920F931F9370
:105C0000CF93DF93CDB7DEB7A7970FB6F894DEBF7B
:105C10000FBECDBF182F0E94B192812309F46BC033
:105C20004091E9045091EA046091EB047091EC0416
:105C300048A359A36AA37BA330E020E0E0E090E012
:105C4000AC01022E02C0559547950A94E2F740FF39
:105C500011C064E270E06C0F7D1F6E0F711D40E299
:105C600050E04C0F5D1F420F531FDA014C91DB01D6
:105C70004C93EF5F2F5F3F4F2330310509F78E01C3
:105C80000C5D1F4FE00FF12FF11D108219821F8E46
:105C90001F930F938DEBE82E8CE1F82EFF92EF927D
:105CA0001F928EE18F93CE0101966C019F938F938B
:105CB0000E94A1F20E94FB29C6010E94E9251F93C0
:105CC0000F93FF92EF921F920E943EC90FB6F89475
:105CD000DEBF0FBECDBF81E0A7960FB6F894DEBF42
:105CE0000FBECDBFDF91CF911F910F91FF90EF902D
:105CF000DF90CF90089580E0EFCFCF92DF92EF92C8
:105D0000FF921F93CF93DF93CDB7DEB72C970FB6DB
:105D1000F894DEBF0FBECDBF182F6B017A018091C2
:105D20008A098330A8F08091B708811111C00E94C0
:105D3000F829C6010E94D22987E897E20E94D22959
:105D40001F3FA1F583E897E20E94D2290E94FE2915
:105D50000E94BB80A8958091B708811135C081E071
:105D60008093B70882E080938A090E94BB8087E015
:105D700041DF811111C08CE0E8E7F4E0DE0111960B
:105D800001900D928A95E1F7BE016F5F7F4F80E031
:105D90000E94C79C0E947C876CE777E21F3F11F04E
:105DA00060E877E240E0C7010E947A3617FDCECF67
:105DB00085E40E94D6C5612F012E000C770B880B5D
:105DC000990B0E944EC8C2CF2C960FB6F894DEBF36
:105DD0000FBECDBFDF91CF911F91FF90EF90DF906D
:105DE000CF9008952F923F924F925F926F927F9241
:105DF0008F929F92AF92BF92CF92DF92EF92FF92DB
:105E00000F931F93CF93DF9300D01F921F92CDB7B4
:105E1000DEB71C0149835A836B837C8328013901D7
:105E2000ED82860181E090E02E2D2F3F11F090E071
:105E300080E025E0289FF001299FF00D1124E85013
:105E4000F84F8481882309F45EC0F1011482158221
:105E5000168217821086F10184818230A1F083308E
:105E600009F482C08130B9F529813A814B815C8186
:105E700065817681878190850E9428FC18165CF1E7
:105E800082E0F101848329813A814B815C81F101B7
:105E900065817681878190850E9400FA6B017C0183
:105EA0000E9408D22B013C01A5019401C701B60153
:105EB0000E9444F318160CF446C09801A8EEB3E013
:105EC0000E94B6F9460E571E681E791EF1014082E7
:105ED0005182628273820F900F900F900F900F90FB
:105EE000DF91CF911F910F91FF90EF90DF90CF90B6
:105EF000BF90AF909F908F907F906F905F904F90EA
:105F00003F902F900895A3019201F1016581768160
:105F1000878190850E9444F3882309F49CCFF10186
:105F20004582568267827086FF24F39420E030E039
:105F3000A901C301B2010E9428FC18160CF0F12C33
:105F4000F101F48288CFF10180819181A281B38136
:105F500084199509A609B709181619061A061B0609
:105F60000CF4B9CF83E0848341E058E261E178E248
:105F70008D810F900F900F900F900F90DF91CF9128
:105F80001F910F91FF90EF90DF90CF90BF90AF9057
:105F90009F908F907F906F905F904F903F902F9049
:105FA000ACCE45EA57E262EB77E2A7CECF93DF9320
:105FB000A8958091E70D9091E80D2091E70D309123
:105FC000E80D82179307A9F70E9459C96093E90D5C
:105FD0007093EA0D8093EB0D9093EC0D8091050882
:105FE00090910608209105083091060882179307C2
:105FF000A9F70E94D28060930708709308088093E5
:10600000090890930A08C091E70DD091E80D80919E
:10601000E70D9091E80DC817D907A9F780913002D4
:1060200090913102C817D90710F480E0BADF80914F
:10603000ED0D9091EE0D181619066CF480912E025C
:1060400090912F028C179D0730F442EE57E26FEECD
:1060500077E280E052DE8091050890910608209159
:1060600005083091060882179307A9F720912C02A2
:1060700030912D028217930710F48FEF92DF8091F9
:106080000B0890910C0818161906D4F420912A02D6
:1060900030912B02809105089091060840910508E7
:1060A0005091060884179507A9F72817390740F477
:1060B00042EE57E26FEE77E28FEFDF91CF911DCE88
:1060C000DF91CF9108954F925F926F927F928F925E
:1060D0009F92AF92BF92CF92DF92EF92FF920F9377
:1060E0001F93CF93DF93CDB7DEB72E970FB6F894FB
:1060F000DEBF0FBECDBF80918A09811118C0A8955F
:106100002E960FB6F894DEBF0FBECDBFDF91CF91B4
:106110001F910F91FF90EF90DF90CF90BF90AF90C5
:106120009F908F907F906F905F904F900895809197
:10613000C6088111E5CF81E08093C60880910208EE
:10614000811103C01092C608DBCF30DF1092020825
:106150000E9408D22B013C016091340270913502FB
:10616000072E000C880B990B0E944AF39B01AC018F
:106170006091E90D7091EA0D8091EB0D9091EC0D1D
:106180000E9428FC181614F480E00BDF8091FC07B5
:10619000811118C08091F8079091F907A091FA0732
:1061A000B091FB070097A105B10561F0841995092D
:1061B000A609B709181619061A061B061CF081E075
:1061C0008093FC076091ED0D7091EE0D072E000C91
:1061D000880B990B0E944AF38B019C014091E90DB9
:1061E0005091EA0D6091EB0D7091EC0D812C912C8A
:1061F000E0E8AE2EE0E4BE2EF8E2CF2ED12CE12C6A
:1062000083ED9DE0EFDD8090E90D9090EA0DA09088
:10621000EB0DB090EC0D6091320270913302072EBD
:10622000000C880B990B0E944AF39B01AC01C5013D
:10623000B4010E9428FC18160CF032C2609134029E
:1062400070913502072E000C880B990B0E944AF3BF
:106250009B01AC01C501B4010E9444F387FF20C239
:106260008091FC079091BE08911109C025EE3DE098
:106270003093BD082093BC0891E09093BE0888231A
:1062800009F4CFC0C12CD12C7601C701B6010E9400
:1062900045FB759567956093EF0D80911908909176
:1062A0001A08A0911B08B0911C080097A105B10520
:1062B000B9F084199509A609B709181619061A061E
:1062C0001B0674F0C501B4010E9445FB209117081C
:1062D00030911808621773070CF4E4C10E940E7223
:1062E00020E030E042ED52E4609107087091080828
:1062F0008091090890910A080E9428FC181614F44D
:106300008FEF4FDE8091F4079091F507A091F6078B
:10631000B091F7070097A105B105E9F08419950937
:10632000A609B709181619061A061B06A4F06091EB
:106330000708709108088091090890910A080E9446
:1063400045FB2091F2073091F307621773070CF4B5
:10635000B0C10E945E238091B8089091B908A091C5
:10636000BA08B091BB0884199509A609B70918168F
:1063700019061A061B060CF4E5CED301C201885794
:106380009C4EAF4FBF4F8093B8089093B908A0932D
:10639000BA08B093BB0880910108811118C08091A0
:1063A000FD079091FE07A091FF07B09100080097AC
:1063B000A105B10561F084199509A609B709181658
:1063C00019061A061B061CF081E0809301086091F3
:1063D0000B0870910C08072E000C880B990B0E947B
:1063E0004AF38B019C014091070850910808609185
:1063F000090870910A08812C912CA12C80E4B82EF8
:1064000098E7C92ED12CEE24EA948CED9DE0EADCCD
:1064100080910108882309F455C110920D087598E0
:1064200091CE8091BC089091BD089E878D87DC013C
:1064300014968D919D910D90BC91A02D8D839E837E
:10644000AF83B887ED85FE8560857185072E000CCA
:10645000880B990B0E944AF36B017C0120E030E02D
:10646000A9010E9444F3882391F02D813E814F8140
:106470005885C701B6010E9400FA6B017C0120E03B
:1064800030E040EA51EC0E9444F387FF09C081E00C
:10649000AD85BE851B968C93C12CD12C7601D0C0C6
:1064A00020E030E040EA51E4C701B6010E9428FC38
:1064B00018165CF481E0ED85FE858387C12CD12C14
:1064C0004FE7E42E43E4F42EBBC0AD85BE851B969A
:1064D0008C911B97882369F0FD01148A158A168A0E
:1064E000178A58961D921D921D921C925B971B96BF
:1064F0001C92ED85FE85248D358D468D578DC70107
:10650000B6010E94A9F369877A878B879C87AD853E
:10651000BE8550966D937D938D939C9353979096E3
:106520002D913D914D915C919397C701B6010E94C9
:10653000A9F3ED85FE8524893589468957890E940E
:1065400001FA6B017C0120E030E0A9010E9444F3D4
:1065500087FD9BC020E030E04FE753E4C701B60160
:106560000E9428FC18160CF494C0AD85BE85549684
:10657000CD92DD92ED92FC92579758968D919D9118
:106580000D90BC91A02D89839A83AB83BC832D8110
:106590003E814F815885ED85FE85648575858685AC
:1065A00097850E9400FAAD85BE8594962D913D9108
:1065B0004D915C9197970E94A9F329813A814B8173
:1065C0005C810E9400FA20ED3CEC4CE45DE30E940B
:1065D000A9F329813A814B815C810E9401FA698388
:1065E0007A838B839C83ED85FE85608F718F828F8C
:1065F000938FA701960169857A858B859C850E947A
:1066000001FA29813A814B815C810E9401FA20E0E4
:1066100030E0A9010E9401FA6B017C0120E030E02A
:10662000A9010E9444F387FD37CF20E030E04FE717
:1066300053E4C701B6010E9428FC18160CF43ECFA3
:106640008D819E81AF81B885ED85FE858487958794
:10665000A687B78720E030E0A901C701B6010E94F4
:1066600044F387FD0FCE20E030E04FE753E4C7014D
:10667000B6010E9428FC18160CF007CEC12CD12CB4
:106680003FE7E32E33E4F32E00CEC12CD12C76016C
:106690006CCFC12CD12C5FE7E52E53E4F52E65CFEE
:1066A00060E0F9CD44EC57E263ED77E280E025DB72
:1066B00017CE44EC57E263ED77E28FEF1EDB4BCE53
:1066C0008FE733C0C0900708D0900808E090090811
:1066D000F0900A0820E030E040EA50E4C701B6013B
:1066E0000E9428FC87FD99CE20E030E042ED52E484
:1066F000C701B6010E9444F318160CF48ECE6091C7
:106700000B0870910C08072E000C880B990B0E9447
:106710004AF3A70196010E9400FA20E030E0A901A7
:106720000E9428FC181664F280E080930D080ACDC0
:106730002F923F924F925F926F927F928F929F9291
:10674000AF92BF92CF92DF92EF92FF920F931F937F
:10675000CF93DF93CDB7DEB7C054D1090FB6F8940D
:10676000DEBF0FBECDBF86E597E00E9442938091C9
:10677000050A83FD6EC02091670230916802409146
:10678000690250916A02609162077091630780917B
:106790006407909165070E9444F3882309F459C067
:1067A0000E94E786182F882331F00E94FB2982EA95
:1067B0009CE10E94D22920916702309168024091A9
:1067C000690250916A02609162077091630780913B
:1067D0006407909165070E9400FA6B017C0120E03C
:1067E00030E0A9010E9428FC87FF04C0F7FAF0946A
:1067F000F7F8F094209157023091580240915902D5
:1068000050915A02C701B6010E94A9F320E030E07E
:1068100048E453E40E9428FC1816CCF40E94FB299B
:1068200083E89CE10E94D2298091620790916307DE
:10683000A0916407B0916507809367029093680206
:10684000A0936902B0936A020E94AD9502C0111133
:10685000EBCF2AE037ED43E25CE3609115027091E3
:10686000160280911702909118020E94A9F36B0101
:106870007C016091130270911402072E000C880BAA
:10688000990B0E944AF39B01AC01C701B6010E941B
:10689000A9F36DAB7EAB8FAB98AF8091BE09882317
:1068A00011F1C0905E07D0905F07E0906007F09014
:1068B00061078090BF099090C009A090C109B09075
:1068C000C20920E030E0A901C501B4010E9444F3EF
:1068D000882309F442C0A5019401C701B6010E94B2
:1068E00044F387FD3AC019821A821B821C821D82E2
:1068F0001E821F82188619861A861B861C869E0198
:106900002F5F3F4F4DA95EA96FA978AD86E597E04F
:106910000E94E9C980E1E6E5F7E0ABE5B2E001906D
:106920000D928A95E1F7C05CDF4F0FB6F894DEBF99
:106930000FBECDBFDF91CF911F910F91FF90EF90D0
:10694000DF90CF90BF90AF909F908F907F906F908F
:106950005F904F903F902F90089520915B0230916F
:106960005C0240915D0250915E0260915607709109
:10697000570780915807909159070E9400FA2B0100
:106980003C01498A5A8A6B8A7C8A20915F02309145
:106990006002409161025091620260915A077091C9
:1069A0005B0780915C0790915D070E9400FA69ABDC
:1069B0007AAB8BAB9CAB6D8B7E8B8F8B988F209142
:1069C0006302309164024091650250916602C701F2
:1069D000B6010E9400FA69AF7AAF8BAF9CAF698FA6
:1069E0007A8F8B8F9C8F2091670230916802409143
:1069F000690250916A026091620770916307809109
:106A00006407909165070E9400FA4B015C018D8E2E
:106A10009E8EAF8EB8A220E030E0A901C301B20182
:106A20000E9444F381110CC020E030E0A90169A963
:106A30007AA98BA99CA90E9444F3882309F453CF17
:106A4000CE0141960E94CB926B017C012DEB37E386
:106A500046E855E30E9444F387FF0FC020E030E092
:106A6000A901C501B4010E9428FC7501640187FFDA
:106A700004C0F7FAF094F7F8F0942DEB37E346E80A
:106A800055E3C701B6010E9444F387FD43CF20E0E0
:106A900030E040EA50E4C701B6010E94DDFA0E94EE
:106AA0004AFB1B01672B19F422242394312CB101DA
:106AB00090E080E00E9448F39B01AC0160E070E050
:106AC00080E89FE30E94DDFA6DA77EA78FA798ABB1
:106AD0009B01AC01C301B2010E94A9F321966CAFE6
:106AE0007DAF8EAF9FAF21972DA53EA54FA558A98D
:106AF00069A97AA98BA99CA90E94A9F369AB7AAB71
:106B00008BAB9CAB2DA53EA54FA558A969AD7AAD21
:106B10008BAD9CAD0E94A9F32B013C012DA53EA598
:106B20004FA558A9C501B4010E94A9F34B015C010E
:106B30002DA53EA54FA558A9C701B6010E94A9F3EE
:106B400069A37AA38BA39CA31DA21EA21FA218A6B1
:106B500019A61AA61BA61CA680E1EBE5F2E08E01A1
:106B60000F5F1F4FD80101900D928A95E1F70E94A7
:106B700008D26B017C0128ECC20ED11CE11CF11C77
:106B800081E0281A310809F45AC00E9408D2A701EE
:106B90009601261B370B480B590B121613061406C9
:106BA00015060CF450C06B017C01A8ECCA0ED11C78
:106BB000E11CF11C80E00E94B83821962CAD3DAD5F
:106BC0004EAD5FAD219769817A818B819C810E9456
:106BD00001FA69837A838B839C8329A93AA94BA9FB
:106BE0005CA96D817E818F8198850E9401FA6D83F9
:106BF0007E838F839887A301920169857A858B852F
:106C00009C850E9401FA69877A878B879C87A501FA
:106C100094016D857E858F8598890E9401FA6D8724
:106C20007E878F87988B9E012F5D3F4F4DA95EA970
:106C30006FA978ADC8010E94E9C98111A1CF9E0159
:106C40002F5D3F4F5FCE3FDAB8CF4F925F926F928A
:106C50007F928F929F92AF92BF92CF92DF92EF92EC
:106C6000FF92CF93DF936B017C018090150290908F
:106C70001602A0901702B0901802C0911302D09192
:106C8000140284E690E090931402809313024090E3
:106C90005702509058026090590270905A0280E05A
:106CA00090E0A0E8BFE38093570290935802A0932E
:106CB0005902B0935A0220E030E0A901C7010E94B6
:106CC00044F3882341F0C0921502D0921602E0925C
:106CD0001702F09218022CDD40925702509258028F
:106CE0006092590270925A02D0931402C093130218
:106CF0008092150290921602A0921702B09218028A
:106D0000DF91CF91FF90EF90DF90CF90BF90AF9049
:106D10009F908F907F906F905F904F900895FC01AF
:106D200020818091BF0D9091C00D922728E0AC0189
:106D3000880F991F57FD07C02150C9F79093C00DC8
:106D40008093BF0D0895F1E28F27F0E19F27F4CFE4
:106D50003FB7F8948091451790914617A091471737
:106D6000B091481726B5A89B05C02F3F19F0019692
:106D7000A11DB11D3FBFBA2FA92F982F8827BC0195
:106D8000CD01620F711D811D911D42E0660F771FBD
:106D9000881F991F4A95D1F70895FC01938591FDAD
:106DA00013C0987121E0903109F020E08091CC0D62
:106DB00020FB85F98093CC0D903141F0808587349C
:106DC00019F481858E3711F480E0089581E00895EB
:106DD000FC0120E03EE2DB014D91BD01403249F073
:106DE000283011F430833196DB0111974C914083A8
:106DF00031962F5F2B3079F710820895CF93DF9370
:106E0000EC01CB01E881F981608171810E94267ECD
:106E100028813981D901ED91FC91AA81BB818C91A6
:106E20009081992359F08936C8F4CF010196F90170
:106E3000918380838C918F5F8C93EACF893670F435
:106E40008FE28083E881F98180819181019691832D
:106E50008083EA81FB8180818F5F8083DF91CF9186
:106E600008952F923F924F925F926F927F928F92EE
:106E70009F92AF92BF92CF92DF92EF92FF920F93C9
:106E80001F93CF93DF93CDB7DEB7C859D1090FB6A3
:106E9000F894DEBF0FBECDBF8C01E0964FAFE097F8
:106EA000252E362EE2967FAFE297C258DF4F398308
:106EB0002883CE57D04020911A0A30911B0A409166
:106EC0001C0A50911D0ADC016D917D918D919C9160
:106ED0000E94A9F30E9434FCC457DF4F6883798372
:106EE0008A839B83CC58D04020911E0A30911F0A80
:106EF0004091200A5091210AF801648175818681B0
:106F000097810E94A9F30E9434FCC057DF4F688329
:106F100079838A839B83C059D0402091220A309183
:106F2000230A4091240A5091250AD80118966D91A0
:106F30007D918D919C911B970E94A9F30E9434FC36
:106F4000CC56DF4F688379838A839B83C459D040B2
:106F5000D8011C962D913D914D915C911F97A39660
:106F60002CAF3DAF4EAF5FAFA3972091260A309173
:106F7000270A4091280A5091290AA3966CAD7DAD4D
:106F80008EAD9FADA3970E94A9F30E9434FCC05818
:106F9000DF4F688379838A839B83C058D04080E128
:106FA000F801DE01AF5BBF4F01900D928A95E1F7CA
:106FB0008091050A83FD04C08091FE098823F1F0C9
:106FC000C058DF4F088119812A813B81C058D040C9
:106FD0000093890E10938A0E20938B0E30938C0EA3
:106FE000A3962CAD3DAD4EAD5FADA3972093790E2A
:106FF00030937A0E40937B0E50937C0E90916C0EE2
:1070000080916B0E891738F0891B8F3031F480E046
:107010000E94B838F3CF805FF7CF80916B0E0E944B
:107020000D8CC856DF4F8883C859D04000916B0E35
:107030008091FC099091FD09892B11F00C94CAC52F
:1070400080917D0E90917E0EA0917F0EB091800E6A
:10705000C457DF4F88809980AA80BB80CC58D0402D
:10706000881A990AAA0ABB0A8091810E9091820E11
:10707000A091830EB091840EC057DF4F28813981D3
:107080004A815B81C059D040281B390B4A0B5B0BEE
:1070900067962CAF3DAF4EAF5FAF67978091850E7F
:1070A0009091860EA091870EB091880ECC56DF4F3E
:1070B000288139814A815B81C459D040281B390B12
:1070C0004A0B5B0B6B962CAF3DAF4EAF5FAF6B9730
:1070D0008091890E90918A0EA0918B0EB0918C0EAA
:1070E000C058DF4FC880D980EA80FB80C058D040AC
:1070F000C81AD90AEA0AFB0A09F481C00E94E78685
:10710000882339F1C058DF4F88819981AA81BB81DA
:10711000C058D0408093890E90938A0EA0938B0E16
:10712000B0938C0EA3962CAD3DAD4EAD5FADA39745
:107130002093790E30937A0E40937B0E50937C0E01
:107140000E94FB298FEC91E30E94D229C12CD12C03
:107150007601C701B6010E944AF32091570230918F
:1071600058024091590250915A020E94A9F32B01F2
:107170003C0120E030E0A9010E9428FC87FF04C008
:1071800077FA709477F8709420E030E048E453E4A4
:107190006091260A7091270A8091280A9091290A05
:1071A0000E94A9F3A30192010E9444F387FF27C024
:1071B000C058DF4F88819981AA81BB81C058D040D7
:1071C0008093890E90938A0EA0938B0EB0938C0EB1
:1071D000A3962CAD3DAD4EAD5FADA3972093790E38
:1071E00030937A0E40937B0E50937C0E0E94FB29C5
:1071F00080EB91E30E94D229C12CD12C760110E0C2
:1072000081E0181419041A041B040CF080E080FBC0
:1072100010F981E067962CAD3DAD4EAD5FAD67973F
:1072200012161306140615060CF080E080FB11F907
:1072300081E06B962CAD3DAD4EAD5FAD6B971216F8
:107240001306140615060CF080E080FB12F981E0AD
:107250001C141D041E041F040CF080E080FB13F9B5
:10726000C701B6010E944AF320915702309158029B
:107270004091590250915A020E94A9F36B017C017E
:1072800020E030E0A9010E9428FC87FF66C4C70106
:10729000B6019058402F50E0A1965FAF4EAFA19736
:1072A00053E6059F90011124D901A357B14FA99628
:1072B000BFAFAEAFA9970E944AFBAF966CAF7DAF50
:1072C0008EAF9FAFAF97A996EEADFFADA997108295
:1072D00015AF6B964CAC5DAC6EAC7FAC6B9777FE2C
:1072E00008C07094609450944094411C511C611CDF
:1072F000711C67960CAD1DAD2EAD3FAD6797A7967F
:107300000CAF1DAF2EAF3FAFA79737FF0DC0309525
:107310002095109501951F4F2F4F3F4FA7960CAF0B
:107320001DAF2EAF3FAFA7976F968CAE9DAEAEAEA2
:10733000BFAE6F97B7FE0DC022273327A9012819CA
:1073400039094A095B096F962CAF3DAF4EAF5FAF6D
:107350006F976F968CAD9DADAEADBFAD6F97A99693
:10736000EEADFFADA997858F968FA78FB0A3A79697
:107370000CAD1DAD2EAD3FADA79701A312A323A366
:1073800034A345A256A267A270A6C501B4010E940B
:107390004AF32091EC093091ED094091EE095091AA
:1073A000EF090E94A9F3EA966CAF7DAF8EAF9FAF55
:1073B000EA9767966CAD7DAD8EAD9FAD67970E94E5
:1073C0004AF32091F0093091F1094091F20950916E
:1073D000F3090E94A9F367966CAF7DAF8EAF9FAFA4
:1073E00067976B966CAD7DAD8EAD9FAD6B970E9430
:1073F0004AF32091F4093091F5094091F609509132
:10740000F7090E94A9F34B015C01EA960CAD1DAD92
:107410002EAD3FADEA9709AB1AAB2BAB3CAB6796F1
:107420002CAD3DAD4EAD5FAD67972DAB3EAB4FABD9
:1074300058AF89AE9AAEABAEBCAE2091F809309190
:10744000F9094091FA095091FB09C701B6010E9460
:10745000A9F3E6966CAF7DAF8EAF9FAFE69721960E
:107460006CAF7DAF8EAF9FAF21976F968CAD9DAD0A
:10747000AEADBFAD6F970697A105B1050CF077C310
:10748000A7960CAD1DAD2EAD3FADA79706301105EB
:10749000210531050CF06BC316E04116510461045F
:1074A00071040CF064C320E030E0A901E6966CADF5
:1074B0007DAD8EAD9FADE6970E9428FC87FF50C33F
:1074C000E6968CAD9DADAEADBFADE697B05823E668
:1074D000A1960EAD1FADA197209FF001219FF00D49
:1074E0001124E357F14F818B928BA38BB48B83E6EE
:1074F000A1960EAD1FADA197809FF001819FF00D69
:107500001124E357F14FAF962CAD3DAD4EAD5FADBD
:10751000AF9721A732A743A754A7458D568D678DF6
:1075200070A101A112A123A134A185A196A1A7A1B7
:10753000B0A580179107A207B30710F4D901C801BD
:1075400084179507A607B70710F4DB01CA01AF96A9
:107550000CAD1DAD2EAD3FADAF9780179107A207C3
:10756000B30710F4D901C80123E6A1960EAD1FADF3
:10757000A197209FF001219FF00D1124E357F14FB7
:1075800085A796A7A7A7B0AB0697A105B10510F4EC
:107590000C94ADC5E25BFF4F8091C0148083452BF6
:1075A000462B472B19F080E00E947A8283E6A19651
:1075B0000EAD1FADA197809FF001819FF00D1124AA
:1075C000E357F14F81A192A1A3A1B4A1892B8A2BEA
:1075D0008B2B19F081E00E947A8283E6A1960EAD92
:1075E0001FADA197809FF001819FF00D1124E357FB
:1075F000F14F85A196A1A7A1B0A5892B8A2B8B2B32
:1076000019F082E00E947A82AF962CAD3DAD4EAD6E
:107610005FADAF97232B242B252B11F40C94CCC5F5
:107620000E944082E090460AF090470A0091480A82
:107630001091490A9701A801E0966FADE097722D6D
:10764000832DE2969FADE2970E9444F387FD08C028
:10765000E096EFACE097F22C032DE2961FADE29797
:1076600083E6A1964EAD5FADA197849FF001859F03
:10767000F00D1124E357F14F81889288A388B488D4
:10768000A501940160E070E080E89FE30E94DDFACC
:10769000EA966CAF7DAF8EAF9FAFEA979701A801D6
:1076A0000E94A9F36B017C0190916A0E80916B0E90
:1076B000891708F4B7C2891BE2968FAFE297A7013A
:1076C000960160E074E284E799E40E94DDFA0E948A
:1076D00034FC2B013C01E2968FADE297825086305C
:1076E000A0F56091160A7091170A8091180A90917E
:1076F000190A6419750986099709161617061806D6
:1077000019061CF5660F771F881F991FE2960FADAB
:10771000E297202F30E050E040E00E9490F9CA014B
:10772000B9010E944AF30E9445FB640D751D861D38
:10773000971D0E944AF39B01AC0160E074E284E76C
:1077400099E40E94DDFA6B017C01A7019601C50155
:10775000B4010E94A9F3EE966CAF7DAF8EAF9FAFE0
:10776000EE9783E6A1962EAD3FADA197829F800153
:10777000839F100D11240357114FEE968CAD9DADD4
:10778000AEADBFADEE97F80181839283A383B4833E
:1077900025A536A547A550A9A7962CAF3DAF4EAF5E
:1077A0005FAFA797CA01B9010E9448F36F966CAF0B
:1077B0007DAF8EAF9FAF6F979B01AC01C701B60144
:1077C0000E94A9F30E94C7FA0E944AFBCC57DF4FE0
:1077D000688379838A839B83C458D040F801FE96DE
:1077E00060837183828393838E010F5C1F4FE196C8
:1077F0001FAF0EAFE19700511109C657DF4F198334
:107800000883CA58D0400AE21AE0C857DF4F1983EC
:107810000883C858D0408E01035C1F4F63961FAF8A
:107820000EAF6397212C312C10E864961FAF64973C
:107830000FE368960FAF6897E196AEADBFADE197E5
:107840002D913D914D915D91E196BFAFAEAFE19726
:10785000C701B6010E94A9F34B015C01C657DF4F77
:10786000E881F981CA58D04081929192A192B19257
:10787000C657DF4FF983E883CA58D04020E030E094
:10788000A9010E9428FC87FF04C0B7FAB094B7F89A
:10789000B094C857DF4FA881B981C858D0404D90E7
:1078A0005D906D907D90C857DF4FB983A883C8580D
:1078B000D040A5019401C301B2010E9444F387FFA7
:1078C0001AC0A5019401C301B2010E94DDFA5B0157
:1078D0008C01910164964FAD649768965FAD68978F
:1078E0000E9444F387FF07C0150164960FAF6497A9
:1078F00068961FAF689763960EAD1FAD6397E196CC
:107900002EAD3FADE1970217130709F095CFA70100
:107910009601E6966CAD7DAD8EAD9FADE6970E946B
:10792000A9F36B017C01CDA6DEA6EFA6F8AA20E0A4
:1079300030E0A9010E9428FC4601570187FF04C0DE
:10794000B7FAB094B7F8B0944090360A5090370A1E
:107950006090380A7090390AA5019401C301B20100
:107960000E9444F387FF1AC0A5019401C301B2012C
:107970000E94DDFA5B018C01910164964FAD649722
:1079800068965FAD68970E9444F387FF07C01501B2
:1079900064960FAF649768961FAF689720E030E059
:1079A00040E85FE3B10164968FAD649768969FAD40
:1079B00068970E9444F387FF81C0910164964FADA0
:1079C000649768965FAD689769A17AA18BA19CA125
:1079D0000E94A9F369A37AA38BA39CA39101649647
:1079E0004FAD649768965FAD68976DA17EA18FA13A
:1079F00098A50E94A9F36DA37EA38FA398A79101D8
:107A000064964FAD649768965FAD689769A57AA54F
:107A10008BA59CA50E94A9F369A77AA78BA79CA711
:107A2000910164964FAD649768965FAD6897C70102
:107A3000B6010E94A9F36DA77EA78FA798AB83E636
:107A4000A1964EAD5FADA197849F8001859F100DDB
:107A500011240357114F78015EE3E50EF11CCC575A
:107A6000DF4F688179818A819B81C458D0400E9410
:107A700048F3910164964FAD649768965FAD68973F
:107A80000E94A9F30E944AFBD7016D937D938D93C9
:107A90009C931397910164964FAD649768965FAD80
:107AA0006897EE966CAD7DAD8EAD9FADEE970E9462
:107AB000A9F3F80161837283838394836F962CAD5D
:107AC0003DAD4EAD5FAD6F97EA966CAD7DAD8EADC1
:107AD0009FADEA970E94A9F32B013C0183E6A19692
:107AE0000EAD1FADA197809FF001819FF00D112475
:107AF000E357F14F458A568A678A708E858C968C3B
:107B0000A78CB0A081149104A104B10409F08CC029
:107B100081A192A1A3A1B4A1892B8A2B8B2B09F05F
:107B200083C085A196A1A7A1B0A5892B8A2B8B2BF9
:107B300009F07AC020913E0A30913F0A4091400AF4
:107B40005091410AC301B2010E94A9F30E94C7FAF1
:107B50000E944AFB6B017C0165C1C701B6019ACB4B
:107B6000E6968CAD9DADAEADBFADE697B0CCC2583C
:107B7000DF4FA881B981CE57D040CD90DD90ED90F8
:107B8000FC9020E030E0A901C701B6010E9444F357
:107B9000882389F083E6A1960EAD1FADA197809F43
:107BA000F001819FF00D1124E357F14FC18AD28A71
:107BB000E38AF48A9CCCEA962CAD3DAD4EAD5FAD28
:107BC000EA9729833A834B835C8367968CAD9DAD9E
:107BD000AEADBFAD67978D839E83AF83B88789862F
:107BE0009A86AB86BC86E6960CAD1DAD2EAD3FAD3C
:107BF000E6970D871E872F87388BCE0101960E944E
:107C0000CB9223E6A1960EAD1FADA197209FF00168
:107C1000219FF00D1124E357F14F618B728B838B01
:107C2000948B65CC805F47CDAF962CAD3DAD4EAD0E
:107C30005FADAF97232B242B252B09F40CC2209189
:107C40003A0A30913B0A40913C0A50913D0AC301E7
:107C5000B2010E94A9F30E94C7FA0E944AFB6B017D
:107C60007C018091E8099091E909A091EA09B0911D
:107C7000EB09A996EEADFFADA99701A112A123A131
:107C800034A167960CAF1DAF2EAF3FAF679705A12C
:107C900016A127A130A56B960CAF1DAF2EAF3FAF3D
:107CA0006B9701A512A523A534A5AB960CAF1DAF0C
:107CB0002EAF3FAFAB97A7960CAD1DAD2EAD3FAD30
:107CC000A79780179107A207B30708F4CDC18114C5
:107CD0009104A104B104E1F06091D8097091D9092F
:107CE0008091DA099091DB096C157D058E059F0561
:107CF00078F4A90198010E945FF9A50194010E94FE
:107D00006EF92C153D054E055F0510F469017A01E9
:107D100067962CAD3DAD4EAD5FAD6797232B242B01
:107D2000252B21F16091DC097091DD098091DE093C
:107D30009091DF096C157D058E059F05B8F4A79617
:107D40002CAD3DAD4EAD5FADA7970E945FF9679634
:107D50002CAD3DAD4EAD5FAD67970E946EF92C1511
:107D60003D054E055F0510F469017A016B968CADF7
:107D70009DADAEADBFAD6B97892B8A2B8B2B21F1BF
:107D80006091E0097091E1098091E2099091E30925
:107D90006C157D058E059F05B8F4A7962CAD3DADFD
:107DA0004EAD5FADA7970E945FF96B962CAD3DADD0
:107DB0004EAD5FAD6B970E946EF92C153D054E05DB
:107DC0005F0510F469017A01AB960CAD1DAD2EADC7
:107DD0003FADAB97012B022B032B21F16091E409FE
:107DE0007091E5098091E6099091E7096C157D0590
:107DF0008E059F05B8F4A7962CAD3DAD4EAD5FAD99
:107E0000A7970E945FF9AB962CAD3DAD4EAD5FAD2F
:107E1000AB970E946EF92C153D054E055F0510F4D9
:107E200069017A0183E6A1962EAD3FADA197829FAD
:107E30008001839F100D11240357114FF801E65B59
:107E4000FF4FC082D182E282F382C701B6010E9455
:107E500048F36B017C012DEB37E346E051E40E94CF
:107E6000A9F30E944AFBD801D9966D937D938D9317
:107E70009C93DC97A3019201C701B6010E94DDFA31
:107E8000F801618F728F838F948F20E030E040E0A3
:107E90005FE30E94A9F3A30192010E94DDFA6B0146
:107EA0007C01D8011196BC91A496BFAFA497F801AC
:107EB000F2816C96FFAF6C97D8011396BC91AC968B
:107EC000BFAFAC97F801F481E096FFAFE097A496BE
:107ED0002FADA4976C963FAD6C974B2F5F2FA49658
:107EE0006FADA4976C967FAD6C978B2F9F2F0E94E0
:107EF000A9F364966FAF649768967FAF6897A8966A
:107F00008FAFA897E3969FAFE3979B01AC01B601B3
:107F1000C7010E9428FC181664F06496CFAE6497DF
:107F20006896DFAE6897A896EFAEA897E396FFAE87
:107F3000E39780E1FE01B196DE01519601900D922A
:107F40008A95E1F7E2960FADE297002309F470C03D
:107F50002090BB171091BC17E2961FAFE2970091DB
:107F6000BD17E7960FAFE7973090BE172DEB37E3BD
:107F700046E855E3622D712F802F932D0E9444F324
:107F800087FD56C0222D312F402F532DA4966FAD63
:107F9000A4976C967FAD6C97AC968FADAC97E0963E
:107FA0009FADE0970E9444F387FF71C1222D312FCE
:107FB000402F532DA4966FADA4976C967FAD6C9710
:107FC000AC968FADAC97E0969FADE0970E94DDFA3E
:107FD0002B013C019FEB292E97E1392E8E010F5E7C
:107FE0001F4F2FECE22E27E1F22ED1012D913D9172
:107FF0004D915D911D01F80181909190A190B190FA
:108000008F016F01F4E0CF1AD108C301B2010E94C1
:10801000A9F39B01AC01C501B4010E9400FAD6018D
:108020006D937D938D939C931397E214F304E9F67B
:10803000A4962FACA4976C960FAD6C97E2960FAFF9
:10804000E297AC961FADAC97E7961FAFE797E09627
:108050003FACE09764C12091420A3091430A4091BD
:10806000440A5091450AF3CD81149104A104B1044E
:1080700009F43FC06091D8097091D9098091DA095B
:108080009091DB096C157D058E059F0590F50E948A
:1080900048F36F962CAD3DAD4EAD5FAD6F970E942E
:1080A000A9F3E6966CAF7DAF8EAF9FAFE697C501A3
:1080B000B4010E9448F39B01AC01E6966CAD7DAD26
:1080C0008EAD9FADE6970E94DDFA4B015C01C701C2
:1080D000B6010E9448F39B01AC01C501B4010E94A6
:1080E00044F387FF06C0C501B4010E944AFB6B013F
:1080F0007C0167962CAD3DAD4EAD5FAD6797232BF0
:10810000242B252BD9F16091DC097091DD09809138
:10811000DE099091DF096C157D058E059F0570F5D0
:108120000E9448F36F962CAD3DAD4EAD5FAD6F979D
:108130000E94A9F34B015C0167966CAD7DAD8EADDD
:108140009FAD67970E9448F39B01AC01C501B40144
:108150000E94DDFA4B015C01C701B6010E9448F3A1
:108160009B01AC01C501B4010E9444F387FF06C026
:10817000C501B4010E944AFB6B017C016B968CAD7A
:108180009DADAEADBFAD6B97892B8A2B8B2BD9F1F3
:108190006091E0097091E1098091E2099091E30911
:1081A0006C157D058E059F0570F50E9448F36F964E
:1081B0002CAD3DAD4EAD5FAD6F970E94A9F34B0165
:1081C0005C016B966CAD7DAD8EAD9FAD6B970E94E3
:1081D00048F39B01AC01C501B4010E94DDFA4B01DB
:1081E0005C01C701B6010E9448F39B01AC01C501C7
:1081F000B4010E9444F387FF06C0C501B4010E9488
:108200004AFB6B017C01AB960CAD1DAD2EAD3FADB5
:10821000AB97012B022B032B09F404CE6091E409E8
:108220007091E5098091E6099091E7096C157D054B
:108230008E059F0508F0F6CD0E9448F36F962CAD91
:108240003DAD4EAD5FAD6F970E94A9F34B015C0150
:10825000AB966CAD7DAD8EAD9FADAB970E9448F3F4
:108260009B01AC01C501B4010E94DDFA4B015C0128
:10827000C701B6010E9448F39B01AC01C501B401DE
:108280000E9444F387FFCECDC501B40161CCA49612
:108290002FADA4976C963FAD6C97AC964FADAC9755
:1082A000E0965FADE097622DE2967FADE297E796AC
:1082B0008FADE797932D0E94DDFA4B015C012E01F3
:1082C000B1E14B0E511C0FEB17E13E01E1E26E0EE6
:1082D000711CD2012D913D914D915D912D01F801BF
:1082E000C190D190E190F1908F01CD010497EC966F
:1082F0009FAF8EAFEC97C501B4010E94A9F3A7010F
:1083000096010E9400FAEC96AEADBFADEC976D936E
:108310007D938D939C93139764147504D1F68E010D
:108320000F5E1F4F28EC39E0EC963FAF2EAFEC9775
:10833000AE014F5D5F4F63965FAF4EAF6397812C89
:10834000912C80E8A82E8FE3B82ED801CD90DD9037
:10835000ED90FD908D0120E030E0A901C701B6014C
:108360000E9428FC87FF04C0F7FAF094F7F8F09415
:10837000EC96EEADFFADEC9741905190619071900D
:10838000EC96FFAFEEAFEC97A5019401C701B601E3
:108390000E94A9F39B01AC01C301B2010E9444F306
:1083A00087FF08C0A7019601C301B2010E94DDFA50
:1083B0004B015C0163962EAD3FAD639720173107EB
:1083C00021F6A5019401622DE2967FADE297E79632
:1083D0008FADE797932D0E94A9F39B01AC010E94FA
:1083E000A9F36B017C0164962FAD649768963FAD4D
:1083F0006897A8964FADA897E3965FADE3970E9464
:1084000044F387FF0CC06496CFAC64976896DFACEA
:108410006897A896EFACA897E396FFACE39783E63E
:10842000A1964EAD5FADA197849F8001859F100DF1
:108430001124C8018357914FA601B701DC011D9695
:108440004D935D936D937C93509764964FAD649775
:1084500068965FAD6897A8966FADA897E3967FADD5
:10846000E397FC01458356836783708719964D9384
:108470005D936D937C931C97EE5BFF4F108211828E
:1084800012821382FC0120812160208320E1FE0101
:10849000B196AFEBB7E101900D922A95E1F7A49662
:1084A0004FADA4976C965FAD6C97AC966FADAC97E3
:1084B000E0967FADE0974093BB175093BC17609355
:1084C000BD177093BE17C457DF4F288139814A8189
:1084D0005B81CC58D04020937D0E30937E0E40932C
:1084E0007F0E5093800EC057DF4F288139814A811B
:1084F0005B81C059D0402093810E3093820E40930F
:10850000830E5093840ECC56DF4F288139814A81E7
:108510005B81C459D0402093850E3093860E4093E2
:10852000870E5093880EC058DF4F288139814A81C9
:108530005B81C058D0402093890E30938A0E4093BF
:108540008B0E50938C0E815B9F4FE091C70934E0F6
:10855000E39FF0011124E059F44F40815181628181
:108560007381DC014D935D936D937C9313978091A0
:108570006D0E90916E0EA0916F0EB091700E89836A
:108580009A83AB83BC838091710E9091720EA091FF
:10859000730EB091740E8D839E83AF83B8878091E4
:1085A000750E9091760EA091770EB091780E898716
:1085B0009A87AB87BC878091790E90917A0EA091B3
:1085C0007B0EB0917C0E8D879E87AF87B88BCE01D6
:1085D00001960E945197D801A052B14F80E1FE014F
:1085E000319601900D928A95E1F780E1FE01EF5BF3
:1085F000FF4FADE6BEE001900D928A95E1F79091B4
:108600006B0E80916C0E981303C084E68093690E04
:10861000C856DF4F0881C859D04000936B0EC2582E
:10862000DF4FA881B981CE57D0401896FC9018979B
:1086300019960C9119971A961C911A971B96EC9003
:1086400064962FAD649768963FAD6897A8964FAD36
:10865000A897E3965FADE3976F2D702F812F9E2D26
:108660000E9428FC181664F46496FFAE649768961E
:108670000FAF6897A8961FAFA897E396EFAEE39762
:1086800010916B0E112309F40CC11150D0906A0E99
:10869000F12CE12C03E61D1509F4BBC0612E712CF1
:1086A000069DF001079DF00D1124E357F14F8081E5
:1086B00082FD20C1E114F10421F0F701808180FFE7
:1086C000A8C0069DF001079DF00D1124E357F14F5E
:1086D00025803680478050842585A0962FAFA097AF
:1086E0003685A4963FAFA497878440896C964FAF98
:1086F0006C97482D6C965FAD6C97C201B1010E94DA
:1087000044F3882309F485C0E114F10409F4CBC0D3
:10871000D7011596CC9015971696BC90169717967C
:10872000AC9017971896FC90069DC001079D900D80
:108730001124FC01E357F14FAD96FFAFEEAFAD97BB
:10874000618D728D838D948D90589B01AC010E9438
:1087500001FAAD96AEADBFADAD9751962D913D915D
:108760004D915C9154970E94A9F39B01AC016C2D33
:108770007B2D8A2D9F2D0E9400FA962EA72EB82EB3
:10878000C92E262F372F482F592FA0966FADA097AF
:10879000A4967FADA497882D6C969FAD6C970E9490
:1087A00044F387FD8DC0292D3A2D4B2D5C2DC20140
:1087B000B1010E9444F3882361F1069DF001079DF9
:1087C000F00D1124E357F14F808181608083209167
:1087D000C5093091C6098091C5099091C6098217D3
:1087E000930709F078C0109FC0011124FC01E357E2
:1087F000F14F7F01069DC001079D900D1124E217E6
:10880000F30709F06AC0FC01E357F14F80818E7FC6
:108810008083C0906C0EB0916B0EE796BFAFE79768
:10882000B12CA4961FAEA497212C312CF12CE12C55
:10883000E796EFADE797EC1509F46CC18C2C912C01
:10884000F3E6CF9EC00111248C010357114FA1966E
:108850001FAF0EAFA197D8018C9182FD56C18C91AC
:1088600080FF16C0E114F10409F055C019966D910E
:108870007D918D919C911C97F80165837683878308
:1088800090870E946EFCB62EA4967FAFA4971C0121
:108890008C2D0E940D8CC82EA196EEACFFACA1973A
:1088A000C7CF1FE0F3CE6496CFAC64976896BFAC99
:1088B0006897A896AFACA897E396FFACE39734CF40
:1088C000A0969FACA097A496AFACA497B82C6C963A
:1088D000CFAC6C9772CF9C017ECF8357914F492DBF
:1088E0005A2D6B2D7C2DDC0115964D935D936D9368
:1088F0007C931897112369F011508D2DD0906A0E3A
:10890000D81609F4C8CE811709F483CF0E940D8CC4
:10891000F5CF1FE0F2CFD7018C9181608C938091CD
:10892000C5099091C6092091C5093091C60928173B
:10893000390789F5B3E6B89DF001B99DF00D112412
:10894000E357F14FA184D28403851485E816F90614
:1089500021F58A2D9D2DD80185839683A783B08725
:10896000EE5BFF4F80819181A281B381892B8A2B9D
:108970008B2B61F4D701AA5BBF4F8D919D910D9018
:10898000BC91A02D80839183A283B383D7018C9166
:108990008E7F8C937DCFC901C6CF4580568067807E
:1089A00070842A2D3D2DA801C301B2010E9444F319
:1089B000882309F487C0D70115962D913D914D91DB
:1089C0005C9118976F962CAF3DAF4EAF5FAF6F972E
:1089D000C301B2010E9428FC18160CF063C0F70115
:1089E000618D728D838D948D90589B01AC010E9496
:1089F00001FAD70151962D913D914D915C9154977B
:108A00000E94A9F39B01AC016F966CAD7DAD8EAD5C
:108A10009FAD6F970E9400FA6C966FAF6C97AC9603
:108A20007FAFAC97E0968FAFE097E2969FAFE2976B
:108A30009B01AC01C301B2010E9428FC181694F5F9
:108A40002A2D3D2DA8016C966FAD6C97AC967FAD2D
:108A5000AC97E0968FADE097E2969FADE2970E94CB
:108A600044F387FD0CC06C96AFAC6C97AC96DFAC52
:108A7000AC97E0960FADE097E2961FADE297B3E6B4
:108A8000B89DF001B99DF00D1124E357F14F8A2DE7
:108A90009D2DD80185839683A783B0878587968788
:108AA000A787B08B03E6089DF001099DF00D112406
:108AB000E357F14F85819681A781B08581879287A1
:108AC000A387B48713E6189DF001199DF00D1124BA
:108AD000E357F14F65817681878190850E946EFC16
:108AE0004B01A82ED92E8B01282F392F4B2DA49660
:108AF0005FADA497B101C7010E94808AB82CA496EB
:108B00009FAEA4972A2C3D2C41CFA196FFAEEEAE8E
:108B1000A197BECEE114F10401F1F701808180FF3D
:108B20001CC064966FAD649768967FAD6897A896F1
:108B30008FADA897E3969FADE3970E946EFC8B01E3
:108B40009C014B2DA4965FADA497B101C7010E9473
:108B5000808AD7018C918E7F8C930E94B52981E009
:108B6000C856DF4F0FB6F894DEBF0FBECDBFDF9102
:108B7000CF911F910F91FF90EF90DF90CF90BF901A
:108B8000AF909F908F907F906F905F904F903F90AD
:108B90002F90089580E0E4CFE0904A0AF0904B0ACD
:108BA00000914C0A10914D0A0C941ABB9091BF157C
:108BB00090FF06C09091C00095FFFCCF8093C60047
:108BC0009091BF1591FF06C09091C80095FFFCCF12
:108BD0008093CE000895CF93DF9300D01F92CDB73E
:108BE000DEB7611104C06091FA03662371F01C8244
:108BF0001B82898381E08A836B8344E0BE016F5FBF
:108C00007F4F80EA90E00E94204D0F900F900F90D0
:108C10000F90DF91CF910895AF92BF92CF92DF92E4
:108C2000EF92FF920F93CF93DF936B01C42FD22F5C
:108C300062E80E94084DC6010E9444F27C018C2F1C
:108C400090E0E816F90690F4E114F10401F1CE1970
:108C5000DD2371F08E199F0996958795D82FC81B33
:108C6000D15030F080E20E94B44CFACF7C01C0E0D9
:108C7000B12CA12CAE14BF0451F0F601EA0DFB1D7E
:108C800084910E94B44C8FEFA81AB80AF3CFD0E2B7
:108C9000011101C0D0E0C15020F08D2F0E94B44CD2
:108CA000FACFDF91CF910F91FF90EF90DF90CF90AF
:108CB000BF90AF900895DF92EF92FF920F931F93B2
:108CC000CF93DF937B01142FD22E62E80E94084DD0
:108CD000E70109900020E9F72197CE19DF09812FDC
:108CE00090E0C817D90798F42097F1F01C1BDD20FD
:108CF00081F08C1B9D0B96958795D82E181BDA94C6
:108D00008FEFD81631F080E20E94B44CF8CFEC011E
:108D100010E0CE0DDF1DEC16FD0631F0F70181915C
:108D20007F010E94B44CF7CFC0E2011101C0C0E046
:108D3000115020F08C2F0E94B44CFACFDF91CF91CC
:108D40001F910F91FF90EF90DF900895CF92DF92E7
:108D5000EF92FF92C090B10DD090B20DE090B30DA4
:108D6000F090B40DA70196016091BA0D7091BB0D02
:108D70008091BC0D9091BD0D0E9444F387FD04C00D
:108D80008091B00D882379F0C092BA0DD092BB0DBE
:108D9000E092BC0DF092BD0D1092BE0DFF90EF90D1
:108DA000DF90CF90089581E08093BE0DF7CFCF92F2
:108DB000DF92EF92FF92C090F603D090F703E0901D
:108DC000F803F090F903A70196016091B50D709139
:108DD000B60D8091B70D9091B80D0E9444F387FDB8
:108DE00004C08091B00D882379F0C092B50DD09267
:108DF000B60DE092B70DF092B80D1092B90DFF903C
:108E0000EF90DF90CF90089581E08093B90DF7CF78
:108E10000F9341E150E069EF71E382EC94E10E942D
:108E200065F2892B31F48091D31464ED74E18032C2
:108E300011F062EC74E140E250E08FE89DE00E94A6
:108E400027FD1092AF0D00E020E040E26FE87DE0EA
:108E500080E090E330DF10928B0D10928C0D109219
:108E60008D0D10928E0D0F91089582EC94E1FC010E
:108E700001900020E9F7CF0182509541813C9F4746
:108E800060F4E2ECF4E18FE390E027AD207C203841
:108E900039F08E539B4EFC01108282EC94E10895D0
:108EA000019731978F3F980781F7F7CF1F93CF93A3
:108EB000DF93FC0120812B3309F447C020916B0222
:108EC000243008F042C0C42FD62FBC0180916D021F
:108ED00012E6819FC001112482599D4F0E9412FD0C
:108EE00020916D02822F90E0189FF001199FF00DE4
:108EF0001124DF01A253BD4FDC93E153FD4FC0832A
:108F0000880F991F880F991FFC01E059F44F809139
:108F1000800B9091810BA091820BB091830B808389
:108F20009183A283B3832F5F243060F420936D027A
:108F300080916B028F5F80936B0281E0DF91CF9114
:108F40001F91089510926D02F3CF80E0F7CFEF925A
:108F5000FF920F931F93CF93DF93CDB7DEB7649744
:108F60000FB6F894DEBF0FBECDBF7C01FB01608160
:108F70007181828193818E010F5F1F4F22E041E05A
:108F80000E9462EEF70101900020E9F79F01215055
:108F900031092E193F092233310550F443E350E0E3
:108FA000421B530BBC01C701820F931F0E948DF21D
:108FB000C70164960FB6F894DEBF0FBECDBFDF9138
:108FC000CF911F910F91FF90EF9008958F929F92F4
:108FD000AF92BF92EF92FF921F93CF93DF93CDB7E3
:108FE000DEB7A0970FB6F894DEBF0FBECDBF6115F8
:108FF00071058105910589F120E04AE0842E912CCC
:10900000A12CB12C11E0120FEE24E394F12CEC0E04
:10901000FD1EE20EF11C27FDFA94A50194010E94A9
:109020006EF9F7016083B901CA01212F611571053D
:109030008105910539F7115008F1E1E0F0E0EC0FFE
:10904000FD1FE10FF11D17FDFA95908187E39A301E
:1090500008F480E3890FAADDEECF80E3A0960FB677
:10906000F894DEBF0FBECDBFDF91CF911F91FF906F
:10907000EF90BF90AF909F908F9098CDA0960FB635
:10908000F894DEBF0FBECDBFDF91CF911F91FF904F
:10909000EF90BF90AF909F908F900895CF92DF9206
:1090A000EF92FF926B017C01F7FE0AC0F094E0940E
:1090B000D094C094C11CD11CE11CF11C8DE276DD62
:1090C000C701B601FF90EF90DF90CF907FCF41E0D6
:1090D00060E00C94C19D8091BF1580FF04C0909109
:1090E000D30A9093D40A81FF04C08091510A8093DF
:1090F000520A08958F929F92AF92BF92CF92DF92C1
:10910000EF92FF92CF936B017C01B42E20E030E010
:10911000A9010E9444F387FF06C08DE247DDF7FAFC
:10912000F094F7F8F094C0E060E070E080E09FE336
:10913000CB1541F02DEC3CEC4CEC5DE30E94A9F327
:10914000CF5FF6CFA70196010E9401FA6B017C0167
:109150000E944AFB4B015C0139DFCC2361F1C50160
:10916000B4010E9448F39B01AC01C701B6010E9403
:1091700000FA6B017C018EE219DDC150E0F020E0C5
:1091800030E040E251E4C701B6010E94A9F36B014F
:109190007C010E944AFB4B015C0118DFC501B40150
:1091A0000E9448F39B01AC01C701B6010E9400FA7E
:1091B0006B017C01E2CFCF91FF90EF90DF90CF90D9
:1091C000BF90AF909F908F900895CF93DF93CDB7CE
:1091D000DEB760970FB6F894DEBF0FBECDBFEBE5EC
:1091E000F2E080819181A281B38189839A83AB83EC
:1091F000BC8384819581A681B7818D839E83AF8353
:10920000B88780859185A285B38589879A87AB8742
:10921000BC8784859585A685B7858D879E87AF8712
:10922000B88BCE0101960E94519749815A816B817A
:109230007C8186EF91E30E94E8294D815E816F81F8
:10924000788582EF91E30E94E82949855A856B85EC
:109250007C858EEE91E30E94E8294D855E856F85C1
:1092600078898AEE91E30E94E82960960FB6F89417
:10927000DEBF0FBECDBFDF91CF910895CF93DF93B7
:10928000CDB7DEB78091500A811110C09E01275FD3
:109290003F4F4F8158856FE370E082EC94E10E946C
:1092A0000CF382EC94E10E948A32B2DDDF91CF911F
:1092B00008958F929F92AF92BF92CF92DF92EF92DA
:1092C000FF920F931F93CF93DF93B4E4A0E06A2F34
:1092D00070E0AB014B0F511D55954795411119C0D9
:1092E000EBEAFCE265917491072E000C880B990B58
:1092F0000E944AF3DF91CF911F910F91FF90EF9061
:10930000DF90CF90BF90AF909F908F900895B42F33
:10931000E0CF4A1711F0B41303C0E7EBFDE2E2CF50
:109320009A0121503109220F331F220F331FF901F7
:10933000E755F34DE590F490F901E355F34DC591F0
:10934000D4918E159F0518F3A42FC817D90708F4D8
:10935000BECFF901E555F34D05911491F901E155A1
:10936000F34DC590D4908E199F09BC0190E080E028
:109370000E9448F34B015C01B601601B710B072E84
:10938000000C880B990B0E944AF39B01AC01C501AC
:10939000B4010E94A9F34B015C01CE19DF09BE01A3
:1093A00090E080E00E9448F39B01AC01C501B4014C
:1093B0000E94DDFA6B017C01B801110F880B990B3B
:1093C0000E944AF39B01AC01C701B6010E9401FA59
:1093D00091CFCF92DF92EF92FF920F931F93CF9393
:1093E000DF93CDB7DEB760970FB6F894DEBF0FBE40
:1093F000CDBFFC016A017B01890190E1DE0111967C
:1094000001900D929A95E1F7CE0101960E9479891B
:109410008091FC099091FD09892BB1F49801B70165
:10942000A601CE0101960E9431B760960FB6F8945E
:10943000DEBF0FBECDBFDF91CF911F910F91FF9087
:10944000EF90DF90CF90089580E0EFCFCF93DF9340
:1094500090916C0E80916B0E891738F0891B8F30BC
:1094600031F480E00E94B838F3CF805FF7CF80916D
:109470006B0E0E940D8CA0916B0E93E6A99FD001FC
:109480001124FD01E357F14FEF0119929A95E9F785
:10949000908194609083A655B14F90E1EDE7FEE096
:1094A00001900D929A95E1F720916B0E90916C0EC0
:1094B000291303C094E69093690E80936B0EDF919D
:1094C000CF910C94B529CF93DF93CDB7DEB76097DA
:1094D0000FB6F894DEBF0FBECDBF80E1EBE5F2E042
:1094E000DE01119601900D928A95E1F7CE01019669
:1094F0000E947989CE0101960E948D8760960FB6F1
:10950000F894DEBF0FBECDBFDF91CF910895DF92FB
:10951000EF92FF920F931F93CF93DF931F92CDB7DC
:10952000DEB78C01D42E7C01E60EF71E8091C309B4
:109530009091C4090E9449F98983DD2011F0F80156
:109540008083CE0101960E948FB68091C3099091CD
:10955000C40901969093C4098093C3090F5F1F4FFC
:109560000E151F0519F780E00F90DF91CF911F9125
:109570000F91FF90EF90DF90089590E0FC01E05B89
:10958000FE4C2491865F9E4CFC018491882399F0C7
:1095900090E0880F991FFC01E051FF4CA591B49118
:1095A000FC01EA52FF4C859194918FB7F894EC91AD
:1095B000E22BEC938FBF0895CF93C82F41E00E9418
:1095C0007B2BC11103C0CF910C94FB29CF9108953F
:1095D000CF93DF9367EC70E3EFDFC6E0DAE04C890E
:1095E0005D896E897F898FEB90E30E94E829488D21
:1095F000598D6A8D7B8D8CEB90E30E94E8294C8D10
:109600005D8D6E8D7F8D89EB90E30E94E82948A1E6
:1096100059A16AA17BA186EB90E30E94E829DF9122
:10962000CF910C94FE29CF92DF92EF92FF92CF93CD
:109630006B017C01AC019B016091BF097091C00975
:109640008091C1099091C2090E9444F3882309F4D2
:1096500057C0C091BE0980E00E949F2620E030E004
:10966000A901C701B6010E9428FC18161CF0C12CE4
:10967000D12C7601C092BF09D092C009E092C109F5
:10968000F092C2092DEB37E346E855EBC701B6016E
:109690000E9428FC87FD0AC02DEB37E346E855E31E
:1096A000C701B6010E9444F3181634F5A7019601CC
:1096B00060E070E080E89FE30E94DDFA6093BA0901
:1096C0007093BB098093BC099093BD0980EF9FEF15
:1096D000A9E7B4EC8093B6099093B709A093B809B1
:1096E000B093B909CC2361F081E0CF91FF90EF9066
:1096F000DF90CF900C949F2660E070E0CB01DECF2E
:10970000CF91FF90EF90DF90CF9008950E94573750
:1097100081111BC00E947437882369F08091550B1A
:10972000811106C088EA99E040E061E00C94C19D97
:1097300085E59BE0F9CF8091B509813049F084E857
:1097400090E341E06FEF0C94F49D89EA90E3F9CF48
:109750008DE990E3F6CFCF93E0916C024E2F50E06D
:1097600092E6E99FF0011124E153FD4F208128305A
:10977000D8F4C091BF1581E001C0880F2A95EAF79F
:109780008093BF15949FF001959FF00D1124E25333
:10979000FD4F8081811106C081E890E30E94D229AB
:1097A0000E94FE29C093BF15CF91089581508A3041
:1097B00090F5E82F880FFF0B8827EE51F4438F4F69
:1097C0000C94F8F9ECCBF3CBF6CBF9CBF0CBFCCB8C
:1097D00008CCFFCB02CC05CC8DE490E30C943CA1EB
:1097E0008FE390E3FBCF8BE290E3F8CF88E190E347
:1097F000F5CF8BE090E3F2CF8EEF9FE2EFCF80EFDB
:109800009FE2ECCF80EE9FE2E9CF83ED9FE2E6CFCF
:1098100083EC9FE2E3CF0895CF93DF939091A20969
:1098200091110DC0EA0140E00E94902D209719F09F
:10983000CE010E946C2DDF91CF910C94882DDF9189
:10984000CF9108954F925F926F927F928F929F92E5
:10985000AF92BF92CF92DF92EF92FF92CF93DF93BE
:1098600000D000D01F921F92CDB7DEB7DC01149656
:10987000CD90DD90ED90FC9017978D909D90AD90E0
:10988000BC90E091670EF091680EFE83ED838481B9
:109890009581A681B78189839A83AB83BC839C0120
:1098A000AD01C701B6010E9400FA2B013C01AD8158
:1098B000BE818D919D910D90BC91A02D8D839E8335
:1098C000AF83B88727E137EB41ED58EBC301B20115
:1098D0000E9428FC87FDD1C023E030E048EC53E42F
:1098E000C301B2010E9444F318160CF4C6C02D81C6
:1098F0003E814F815885C501B4010E9400FA2B01B9
:109900003C0127E137EB41ED58EB0E9428FC87FD35
:10991000B4C023E030E048EC53E4C301B2010E943C
:1099200044F318160CF4A9C020E030E0A9016D81C1
:109930007E818F8198850E9401FA2B013C0120E0F5
:1099400030E04CE052E40E9444F387FF06C0412C13
:10995000512C3CE0632E32E4732E27E137EB41EDCE
:1099600058E3C301B2010E9400FA9B01AC01C5019A
:10997000B4010E9428FC87FD80C020E030E048EC64
:1099800053E46D817E818F8198850E9401FA2B01BD
:109990003C0120E030E043EC53E40E9428FC181620
:1099A00034F4412C512C23EC622E23E4722E27E157
:1099B00037EB41ED58E3C301B2010E9401FA9B016C
:1099C000AC01C501B4010E9444F318160CF455C053
:1099D00020E030E0A90169817A818B819C810E941D
:1099E00001FA4B015C0120E030E040E251E40E94CA
:1099F00044F387FF06C0812C912C90E2A92E91E4BC
:109A0000B92E27E137EB41ED58E3C501B4010E94BF
:109A100000FA9B01AC01C701B6010E9428FC87FD3A
:109A20002CC020E030E048EC53E469817A818B81DE
:109A30009C810E9401FA4B015C0120E030E043EC84
:109A400053E40E9428FC181634F4812C912C83ECEA
:109A5000A82E83E4B82E27E137EB41ED58E3C5018A
:109A6000B4010E9401FA9B01AC01B1E0B983C701C6
:109A7000B6010E9444F318160CF4198289812896C5
:109A80000FB6F894DEBF0FBECDBFDF91CF91FF9030
:109A9000EF90DF90CF90BF90AF909F908F907F908E
:109AA0006F905F904F9008952F923F924F925F92E8
:109AB0006F927F928F929F92AF92BF92CF92DF92DE
:109AC000EF92FF920F931F93CF93DF93CDB7DEB743
:109AD0006A970FB6F894DEBF0FBECDBF6D877E8745
:109AE0008F87988B298B3A8B4B8B5C8B0D8BEA8EF7
:109AF000409063025090640260906502709066022C
:109B000020E030E040E850E4C301B2010E9428FCAC
:109B1000181634F0412C512C40E8642E40E4742E89
:109B20008D859E85AF85B88989839A83AB83BC83F5
:109B300089899A89AB89BC898D839E83AF83B887D5
:109B400049865A866B867C86CE0101967BDE882309
:109B500009F46DC1E090670EF090680ED7012D9169
:109B60003D914D915C916D857E858F8598890E9490
:109B700000FA6E8B7F8B888F998F69837A838B83B2
:109B80009C83F701248135814681578169897A89CF
:109B90008B899C890E9400FA9B01AC012D833E8336
:109BA0004F835887A0905102B0905202C090530248
:109BB000D0905402830172016E897F89888D998DBE
:109BC0000E944A948091000183FD0E94884B8091FD
:109BD0008F09811104C060E081E00E949299C090D9
:109BE000630ED090640EE090650EF090660E460114
:109BF0005701B7FAB094B7F8B09480918E09282E27
:109C0000312C359427943594279420E030E0A90135
:109C1000C701B6010E9444F387FFD2C0B82DA92D19
:109C2000FA2DEB2D20E030E040E151E46B2F7A2F4C
:109C30008F2F9E2F0E9401FA2B013C01209163027D
:109C40003091640240916502509166020E9444F393
:109C500087FF16C00E94DC4B811112C020E030E06B
:109C600040E252E4C301B2010E940696811108C08D
:109C700020E041E060E070E080E890E40E940B9515
:109C80000E94DC4B182F811128C020E030E040E01A
:109C900050E4C501B4010E9400FA2B013C01C1014E
:109CA00080959095817099272AE0289FB001299F7F
:109CB000700D1124072E000C880B990B0E944AF39B
:109CC0009B01AC01C301B2010E9400FA20E030E028
:109CD00040EA51E40E940696182F4090630250908B
:109CE00064026090650270906602A701960160E0D0
:109CF00070E080E490E40E9400FAA30192010E94C7
:109D000044F387FF9BC0412C512C20EC622E2FE79F
:109D1000722E2091630E3091640E4091650E509129
:109D2000660EC301B2010E9401FA6B017C01AC0115
:109D30009B010E94B0FC811153C0FD89F13068F095
:109D4000F33008F442C0F33041F420E041E060E039
:109D500070E080E890E40E940B958A8D833008F4CF
:109D60004BC02091900930919109409192095091F6
:109D700093096D857E858F8598890E9401FAAB01D4
:109D8000BC0188E89FE20E94E82920919409309163
:109D90009509409196095091970969897A898B892B
:109DA0009C890E9401FAAB01BC0183E89FE20E94FA
:109DB000E829B701A6018EE79FE20E94F82B1CC09C
:109DC000B0E0A0E0F0E0E0E02DCF80E00E94FC25D4
:109DD000882319F2C12CD12C90ECE92E9FE7F92EA3
:109DE00080E00E94FC2580EA9FE271D90E94F82958
:109DF00080E99FE20E94D229C701B6016A960FB698
:109E0000F894DEBF0FBECDBFDF91CF911F910F91B0
:109E1000FF90EF90DF90CF90BF90AF909F908F908A
:109E20007F906F905F904F903F902F900895C12C3E
:109E3000D12C80ECE82E8FE7F82EDECF112309F429
:109E400068CF61CF6F927F928F929F92AF92BF92B5
:109E5000CF92DF92EF92FF920F931F93CF93DF93F6
:109E6000CDB7DEB76C970FB6F894DEBF0FBECDBF8F
:109E7000782E4A015B016801790120E030E0A901F8
:109E8000C701B8010E9444F3811111C0772019F075
:109E900081E0781291C060E070E081E695E420E016
:109EA00030E040E752E40E94DDFA6B017C01072DAF
:109EB00010E0F801E558F04DE491772473941E16F4
:109EC0000CF4712C6624639420E030E0A901C501F4
:109ED000B4010E9428FC18160CF0612C80E00E944E
:109EE000498869837A838B839C8381E00E944988B7
:109EF0006D837E838F83988782E00E94498869877B
:109F00007A878B879C8783E00E9449886D877E874C
:109F10008F87988B000F111F000F111FE1E0F0E0F9
:109F2000EC0FFD1F0E0F1F1FF8011082118212820D
:109F30001382CE0101960E948D87F8018082918262
:109F4000A282B382198A1A8A1B8A1C8A1D8A1E8AD7
:109F50001F8A188E198E1A8E1B8E1C8E8091FC09FA
:109F60009091FD09892B49F49E012F5E3F4FB70167
:109F7000A601CE0101960E9431B70E947C8776141B
:109F800031F080918D098823E1F010928D096C9653
:109F90000FB6F894DEBF0FBECDBFDF91CF911F91FA
:109FA0000F91FF90EF90DF90CF90BF90AF909F9078
:109FB0008F907F906F90089560E070E086E195E467
:109FC0006ECF40E070E060E08DE69FE20E947A365E
:109FD0007F928F929F92AF92BF92CF92DF92EF9239
:109FE000FF920F931F93CF93DF93762E872E982E99
:109FF000A92EC42F80913702882309F47FC0809155
:10A00000380281117BC0413009F456C0423009F456
:10A0100064C0F090390200913A0210913B02D09155
:10A020003C02B0904502C0904602D0904702E090BA
:10A0300048022F2D302F412F5D2F672D782D892D30
:10A040009A2D0E9444F387FD12C02B2D3C2D4D2DDF
:10A050005E2D672D782D892D9A2D0E9428FCFB2CD2
:10A060008601DE2D18161CF0F72C8401DA2D84E011
:10A07000C89FA0011124FA01E55AFD4F8F2D902FA2
:10A08000A12FBD2F80839183A283B38347555B4F5C
:10A09000FA016081718182819381DF91CF911F915B
:10A0A0000F91FF90EF90DF90CF90BF90AF909F9077
:10A0B0008F907F900C942294F0903D0200913E028C
:10A0C00010913F02D0914002B0904902C0904A02E4
:10A0D000D0904B02E0904C02ACCFF0904102009146
:10A0E000420210914302D0914402B0904D02C090C0
:10A0F0004E02D0904F02E09050029BCFB12C80E5F1
:10A10000C82E93ECD92E27E4E22EF12C00E513ECB7
:10A11000D7EC8FCFCF92DF92EF92FF922091F4098C
:10A120003091F5094091F6095091F7090E94DDFA46
:10A130006B017C0120E030E0A9010E9428FC181688
:10A1400064F4C701B6010E94C7FA0E9445FBCB0127
:10A15000FF90EF90DF90CF900895C701B6010E9465
:10A1600076FBF3CFEF92FF920F93CF937C01C62F34
:10A170008CE69FE20E94739F01E021E040E2B7017C
:10A1800080E291E10E940CC621E040E26CE67FE2B1
:10A1900080E491E10E940CC621E040E26CE67FE29F
:10A1A00080E691E10E940CC6C93F11F0C0933602CF
:10A1B00010928C0989EF80938B09CF910F91FF90BA
:10A1C000EF900895282F30E0F901EA5DF04D949169
:10A1D000F901E05BFE4C4491265F3E4CF90124916D
:10A1E000222309F435C0992311F191509231F8F4EA
:10A1F000E92FF0E08827E050FF428F4F0C94F8F9E8
:10A2000031D135D112D129D12DD117D138D13ED16B
:10A2100042D148D14CD150D156D15AD117D15ED16B
:10A2200064D168D1809180008F7780938000E22F85
:10A23000F0E0EE0FFF1FEA52FF4CA591B4918FB7EB
:10A24000F894EC91611148C040954E234C938FBF18
:10A250000895809180008F7DE8CF80918000877F76
:10A26000E4CF84B58F7784BDE2CF84B58F7DFBCFFB
:10A270008091B0008F778093B000D9CF8091B000EB
:10A280008F7DF9CF809190008F7780939000CFCF12
:10A29000809190008F7DF9CF80919000877FF5CFDE
:10A2A0008091A0008F778093A000C1CF8091A00003
:10A2B0008F7DF9CF8091A000877FF5CF809120011D
:10A2C0008F7780932001B3CF809120018F7DF9CFCC
:10A2D00080912001877FF5CF4E2BB8CF8F929F9230
:10A2E000AF92BF92CF92DF92EF92FF926B017C010F
:10A2F0000E94A8B64B015C01C114D104E104F10431
:10A30000B9F00E94A8B6681979098A099B09683EC4
:10A3100073408105910580F321E0C21AD108E1085C
:10A32000F10888EE880E83E0981EA11CB11CE4CFD2
:10A33000FF90EF90DF90CF90BF90AF909F908F9065
:10A3400008959F92AF92BF92CF92DF92EF92FF92C9
:10A350000F931F93CF93DF931F92CDB7DEB78C017E
:10A360006C01C60ED71EF12CE12CC016D10609F4E3
:10A370004DC0A090C309B090C409F80191908F011D
:10A380009982C5010E9449F9981691F1692DC5017C
:10A390000E9451F9FFEFEF1AFF0AC7018F77992743
:10A3A000892BF9F062E070E080E090E097DFC50172
:10A3B0000E9449F999818917D9F00E94FB2986E901
:10A3C00091E30E94D22981E00F90DF91CF911F91FC
:10A3D0000F91FF90EF90DF90CF90BF90AF909F9044
:10A3E000089562E070E080E090E00E94F336DFCFF5
:10A3F000CE0101960E948FB68091C3099091C40945
:10A4000001969093C4098093C309AFCF80E0DCCF5D
:10A410002FB7F894609141177091421780914317BC
:10A42000909144172FBF08950F93009741F000E0DB
:10A4300020E040E2BC0180E090E30E940CC6E8DF2F
:10A44000605D7A488F4F9F4F60938B0D70938C0D9A
:10A4500080938D0D90938E0D0F910895CF93DF9380
:10A46000EC0184E00E94B19281112FC080914917C4
:10A4700090914A178C0F9D1F90934A17809349170C
:10A480008091A0099091A109C80FD91FD093A1096B
:10A49000C093A009BDDF60939C0970939D098093D0
:10A4A0009E0990939F090E94BB29882371F0809197
:10A4B000550290915602019641F410925602109264
:10A4C0005502DF91CF910C94B529DF91CF9108957A
:10A4D000CF92DF92EF92FF92CF93DF93EC01BC011A
:10A4E000990F880B990B0E944AF32091F40930913F
:10A4F000F5094091F6095091F7090E94A9F36B0103
:10A500007C01CE01ABDFCBE5DEE0A70196016885DB
:10A5100079858A859B850E9401FA688779878A8771
:10A520009B87DF91CF91FF90EF90DF90CF900895C0
:10A53000CF92DF92EF92FF926BDF6B017C0128E5F7
:10A54000C20E22E0D21EE11CF11C0E94F44E8F3F8D
:10A55000A1F05EDFA7019601261B370B480B590BB4
:10A56000DA01C901181619061A061B0674F380E0F1
:10A57000FF90EF90DF90CF90089581E0F9CF1F9288
:10A580000F920FB60F9211242F933F938F939F93A7
:10A59000AF93BF938091411790914217A0914317B9
:10A5A000B09144173091401723E0230F2D3758F511
:10A5B0000196A11DB11D20934017809341179093E0
:10A5C0004217A0934317B093441780914517909179
:10A5D0004617A0914717B09148170196A11DB11DCC
:10A5E0008093451790934617A0934717B093481749
:10A5F000BF91AF919F918F913F912F910F900FBE7F
:10A600000F901F90189526E8230F0296A11DB11DEB
:10A61000D2CFCF9321E044EA54E06FED75E184ECB2
:10A6200095E10E9456ABC82F882321F084EC95E178
:10A630000E94037E8C2FCF9108958BE1EFEDF5E121
:10A64000AAEFB5E101900D928A95E1F78091CC0DCA
:10A6500080648093CC0D1092C10D8FEF9FEF90938B
:10A6600029028093280208958091C10D8823F1F07A
:10A670002FEF3FEF309329022093280281508093DF
:10A68000C10DEFEDF5E1882351F08150990B2BE1DD
:10A69000289FF001299FF00D1124EB5EF94E8BE10C
:10A6A000AAEFB5E101900D928A95E1F78091C10D75
:10A6B000811105C09091CC0D90649093CC0D0895BC
:10A6C0000F931F93CF93DF9300D000D01F92CDB78D
:10A6D000DEB79C012F5F3F4F3F832E832FE2FC01AB
:10A6E000208381E08D83CE0106969A83898301972A
:10A6F0009C838B8310E00BE18091C10D181758F4F7
:10A70000109FB00111246B5E794ECE0101960E941C
:10A71000FEB61F5FF1CF8D818B3558F463E277E190
:10A72000CE0101960E94FEB68E819F8101979F8384
:10A730008E83EE81FF81108227960FB6F894DEBFDC
:10A740000FBECDBFDF91CF911F910F910895109251
:10A75000B00D8091CC0D8F778093CC0D0E94173770
:10A76000882321F083E297E10C94037E0895809181
:10A77000CC0D84FF04C08460877F8093CC0D089546
:10A78000CF92DF92EF92FF920F931F93CF93DF93BD
:10A79000CDB7DEB7EDB6FEB6DC010D900020E9F7CF
:10A7A0009D01281B390B285F3F4FEDB7FEB7E21B19
:10A7B000F30B0FB6F894FEBF0FBEEDBF0DB71EB77B
:10A7C0000F5F1F4F9F938F938EE99BE29F938F9311
:10A7D0001F930F930E94DDF26801F4E0CF0ED11CAD
:10A7E0000F900F900F900F900F900F90D6018D91BA
:10A7F0006D01882349F0082E000C990B0E94CFFCB4
:10A80000F60131978083F2CF69E97BE2C8010E94AB
:10A8100013F240E450E0B8018AE499E00E948DF21E
:10A820000FB6F894FEBE0FBEEDBEDF91CF911F9123
:10A830000F91FF90EF90DF90CF900895CF9380918C
:10A84000880DC1E08823C9F08091890D90918A0D0F
:10A850004091840D5091850D6091860D7091870D0A
:10A86000DC01ED91FC910288F389E02D24E83BE0C6
:10A870001995C82F811104C0C0E08C2FCF91089585
:10A88000409191175091921760919317709194177E
:10A890004115510561057105B9F08091890D9091BF
:10A8A0008A0DDC01ED91FC910288F389E02D24E80A
:10A8B0003BE01995882301F310929117109292179B
:10A8C00010929317109294171092880DD6CFCF92B2
:10A8D000DF92EF92FF92CF936B017C01C42F8091A6
:10A8E000840D9091850DA091860DB091870D8C15EA
:10A8F0009D05AE05BF0519F1A1DF811107C080E0FC
:10A90000CF91FF90EF90DF90CF9008958091890DC7
:10A9100090918A0DDC01ED91FC910088F189E02D88
:10A9200024E83BE0B701A6011995882341F3C092C2
:10A93000840DD092850DE092860DF092870D81E016
:10A94000CC23F1F28093880DDBCF8F929F92AF9250
:10A95000BF92CF92DF92EF92FF92CF93DF939093CB
:10A960008A0D8093890D1092AC1782E090E0A0E0F0
:10A97000B0E08093951790939617A0939717B09394
:10A9800098171092880D10929117109292171092AA
:10A990009317109294178FEF9FEFDC018093840D33
:10A9A0009093850DA093860DB093870D662309F4CF
:10A9B0006EC040E060E070E0CB0189DF81110DC026
:10A9C000C0E08C2FDF91CF91FF90EF90DF90CF9080
:10A9D000BF90AF909F908F9008958091420D8F7798
:10A9E00079F780914E0D90914F0DA091500DB0913F
:10A9F000510D84369105A105B10510F3C0904A0DA3
:10AA0000D0904B0DE0904C0DF0904D0DC114D10441
:10AA1000E104F104A9F240E0C701B60158DFC82FF4
:10AA2000882371F280918F0B9091900B8115924049
:10AA300039F6A091940BAA2319F26091920B7091B0
:10AA4000930B6115710509F4BBCF2091910B222363
:10AA500009F4B6CFA093A7172093991790E080E050
:10AA600030E0E1E0F0E0D82FAF01082E02C0440F43
:10AA7000551F0A94E2F72417350769F041E0480FA3
:10AA800001968930910579F74093A21799CFC12C8F
:10AA9000D12C7601C0CF8093A21720919A0B3091D0
:10AAA0009B0B50E040E02115310541F42091A80BAB
:10AAB0003091A90B4091AA0B5091AB0B20939A17A0
:10AAC00030939B1740939C1750939D174601570155
:10AAD000860E971EA11CB11C8092A8179092A917F0
:10AAE000A092AA17B092AB17E091950BF091960B3C
:10AAF000F093AE17E093AD17B0E00E94ACF9DC0123
:10AB0000CB01880D991DAA1DBB1D8093AF17909393
:10AB1000B017A093B117B093B21725E0EE0FFF1F47
:10AB20002A95E1F7E150FE4FEF2FFF27E6958E0FB4
:10AB30009F1FA11DB11D8093A3179093A417A093ED
:10AB4000A517B093A6178090970B9090980BB12CF7
:10AB5000A12C8114910441F48090A40B9090A50B3A
:10AB6000A090A60BB090A70BC81AD90AEA0AFB0A54
:10AB7000C80CD91CEA1CFB1C04C0F694E794D794BB
:10AB8000C794DA95D2F7C0929E17D0929F17E092A1
:10AB9000A017F092A11785EFC8168FE0D806E10440
:10ABA000F10420F48CE08093AC170ACF80E125EF0C
:10ABB000C2162FEFD206E104F10488F08091B00BA9
:10ABC0009091B10BA091B20BB091B30B8093AF17E2
:10ABD0009093B017A093B117B093B21780E280930F
:10ABE000AC17EFCE4F925F926F927F928F929F92AF
:10ABF000AF92BF92CF92DF92EF92FF920F931F938B
:10AC0000CF93DF93EC01423051056105710590F45B
:10AC100080E0DF91CF911F910F91FF90EF90DF9037
:10AC2000CF90BF90AF909F908F907F906F905F90EC
:10AC30004F90089589859A85AB85BC850196A11DA5
:10AC4000B11D84179507A607B70710F38F898031C8
:10AC5000C1F5852E962EA72EBB248B899C89AD89A4
:10AC6000BE89880E991EAA1EBB1E280139016A01E1
:10AC70007B0141E0C501B4012ADE882349F29F89A6
:10AC8000903181F5DD24EE24FF24F601EE0FFF1F45
:10AC9000EC57F44F118300839A89923008F4B9CFAE
:10ACA0004D815E816F817885840E951EA61EB71E2C
:10ACB0008092911790929217A0929317B092941746
:10ACC000A8CF803209F0A4CF8B899C89AD89BE8939
:10ACD0004A015B01E7E0B694A79497948794EA95BC
:10ACE000D1F7BFCFE894C7F8DD24EE24FF24F601A6
:10ACF000EE0FFF1FEE0FFF1FEC57F44F4082518203
:10AD000062827382C9CFCF92DF92EF92FF920F934C
:10AD10001F93CF93DF93FC0181859285A385B48532
:10AD20000196A11DB11D84179507A607B70750F41A
:10AD300080E0DF91CF911F910F91FF90EF90DF9016
:10AD4000CF90089587898031A9F5BB27A72F962F2B
:10AD5000852FC388D488E588F6888C0D9D1DAE1D8F
:10AD6000BF1DE9016A017B018F014091840D509163
:10AD7000850D6091860D7091870D84179507A60744
:10AD8000B70749F5F8018789803161F5B701A60158
:10AD9000552766277727440F551F4C57544FFA0104
:10ADA00080819181B0E0A0E088839983AA83BB83EE
:10ADB00081E0BFCF803209F0BBCFC388D488E5885B
:10ADC000F688DB01CA01C7E0B695A79597958795E8
:10ADD000CA95D1F7C2CF40E0BC01CD0178DD811129
:10ADE000D1CFA6CFB701A6014F7755276627772782
:10ADF000440F551F440F551F4C57544FFA01808183
:10AE00009181A281B381BF70CFCF4F925F926F9239
:10AE10007F92AF92BF92CF92DF92EF92FF920F9309
:10AE20001F93CF93DF9300D01F92CDB7DEB78C0175
:10AE300049835A836B837C835901C12CD12C7601C1
:10AE4000412C82E0582E612C712C49815A816B81F2
:10AE50007C819E012F5F3F4FC80155DF882319F188
:10AE6000F8018585A301920104C0220F331F441FFE
:10AE7000551F8A95D2F7DA01C901C80ED91EEA1EFC
:10AE8000FB1E49815A816B817C8187898031F1F475
:10AE900081E0483F5F4F61057105B8F2F501C0825E
:10AEA000D182E282F3820F900F900F900F90DF918A
:10AEB000CF911F910F91FF90EF90DF90CF90BF90B7
:10AEC000AF907F906F905F904F90089581E0483FE2
:10AED0005F4F6F4F7F4008F4B8CFE0CFCF93DF9341
:10AEE000EC018B81882341F1898187FF22C061E0D9
:10AEF000CE010E940C7EFC01892BF1F08081853E01
:10AF0000D9F08B81823040F489899A89AB89BC89D8
:10AF1000848F958FA68FB78F8D899E89938F828F0F
:10AF20008D899E89AF89B88DB58BA48B89818F77E8
:10AF30008983DF91CF9182CC81E0888380E0DF91AB
:10AF4000CF91089583E297E1C9DF83E297E10E9400
:10AF5000037E8091CC0D8D7F8E7F8093CC0D1092DF
:10AF6000C80D1092C90D1092CA0D1092CB0D089504
:10AF70008F929F92AF92BF92CF92DF92EF92FF9209
:10AF80000F931F93CF93DF93EC018B8181110EC040
:10AF900080E0DF91CF911F910F91FF90EF90DF90B4
:10AFA000CF90BF90AF909F908F90089509891A8994
:10AFB0002B893C89041715072607370748F34A01F0
:10AFC0005B01823031F488869986AA86BB8681E04F
:10AFD000E0CF81149104A104B10449F418861986C4
:10AFE0001A861B861C821D821E821F82F0CF088556
:10AFF00019852A853B85E98DFA8D858590E009962E
:10B00000B901A8014150510961097109082E04C014
:10B0100076956795579547950A94D2F7750164011F
:10B02000E1E0CE1AD108E108F10804C0F694E794F3
:10B03000D794C7948A95D2F7C416D506E606F706C4
:10B0400020F0012B022B032B09F58D899E89AF89F6
:10B05000B88D8C839D83AE83BF838E010C5F1F4FA1
:10B06000C114D104E104F10409F4ADCF4C815D8138
:10B070006E817F819801898D9A8D45DE91E0C91A94
:10B08000D108E108F1088111EBCF82CFC41AD50AAB
:10B09000E60AF70AE2CF8F929F92AF92BF92CF92C9
:10B0A000DF92EF92FF920F931F93CF93DF9300D025
:10B0B0001F92CDB7DEB7FC018381813091F080E033
:10B0C0000F900F900F900F90DF91CF911F910F91E4
:10B0D000FF90EF90DF90CF90BF90AF909F908F90B8
:10B0E0000895818181FFEBCF81899289A389B489F9
:10B0F000892B8A2B8B2B09F45BC07F0140E050E049
:10B10000BA01CF0135DF8823D1F2F701C18CD28C8F
:10B1100085889688A788B08C82E090E0A0E0B0E0B7
:10B12000F60180839183A283B3839E012F5F3F4FFB
:10B13000B501A401C601E7DD882309F4C0CF00E012
:10B1400010E09801B501A401C6014CDD882309F483
:10B15000B6CF89809A80AB80BC80F6018789803128
:10B16000F1F4F8EF8F16FFEF9F06A104B104E8F2A7
:10B17000F701158A168A178A108E118A128A138A85
:10B18000148A818180688183C701A8DE882309F43D
:10B1900096CF40E050E0BA01C701EADE91CF88EFD8
:10B1A00088168FEF9806A8068FE0B80608F7BDCF7F
:10B1B00081E086CF2F923F924F925F926F927F9263
:10B1C0008F929F92AF92BF92CF92DF92EF92FF92B7
:10B1D0000F931F93CF93DF9300D01F92CDB7DEB7AD
:10B1E0008C014B011A01DC0113968C91139781306D
:10B1F00009F0CEC011968C9181FFCAC082FDB5C006
:10B200006101D80118964D915D916D917C911B97CC
:10B21000C114D10409F417C159968D919C915A9784
:10B22000FC0174802FEF270D2A013B0139E0769451
:10B230006794579447943A95D1F7722E74207A0107
:10B24000F1E0FF22711020C0E114F104E9F414963A
:10B250004D915D916D917C91179741155105610557
:10B26000710509F09BC055968D919D910D90BC91F3
:10B27000A02D0097A105B10509F0A8C0C8010E9442
:10B280005F7E882309F484C0A12C82E0B82EAE181A
:10B29000BF08CA14DB0408F45601D80159964D9131
:10B2A0005C915A9714968D919D910D90BC91A02D13
:10B2B0000297A109B109FA01258504C0880F991FD9
:10B2C000AA1FBB1F2A95D2F74685578560897189C9
:10B2D000840F951FA61FB71F9C01AD01270D311DBF
:10B2E000411D511D29013A01A11432E0B30609F0B4
:10B2F0007BC08091840D9091850DA091860DB091B9
:10B30000870D481659066A067B0669F41092880D67
:10B310008FEF9FEFDC018093840D9093850DA093B8
:10B32000860DB093870D8091890D90918A0DDC0177
:10B33000ED91FC910288F389E02D9401B301A20103
:10B340001995882329F1F80180859185A285B38517
:10B350008A0D9B1DA11DB11D80879187A287B38790
:10B360008A0C9B1CCA18DB084CCFF8014189528912
:10B370006389748980859185A285B38548175907AB
:10B380006A077B0709F43CCFC801F2DD811138CF91
:10B3900081E0D8018C938FEF9FEF6BC09E012F5FF0
:10B3A0003F4FB1DC8823A1F389819A81AB81BC81B5
:10B3B000F801218D328DF9012789203169F4883F08
:10B3C000FFEF9F07A105B10508F058CFF80184836E
:10B3D0009583A683B78358CF883F2FEF9207A207A4
:10B3E0002FE0B20798F34ACFE114F10429F5F801F0
:10B3F000408551856285738581899289A389B48945
:10B40000481759076A077B07B8F018DA882309F448
:10B41000BFCF81E08093880D4092840D5092850DBE
:10B420006092860D7092870DA501B401C7018C57FB
:10B43000944F0E94E4FC87CF41E0C301B20147DA98
:10B440008111F2CFA5CFF80181899289A389B489AE
:10B4500084179507A607B70738F48181418B528B73
:10B46000638B748B80688183F801818183FD18C0B0
:10B47000C1010F900F900F900F90DF91CF911F910E
:10B480000F91FF90EF90DF90CF90BF90AF909F9083
:10B490008F907F906F905F904F903F902F90089586
:10B4A000C8011CDD8111E4CF73CF2F923F924F92E0
:10B4B0005F926F927F928F929F92AF92BF92CF9244
:10B4C000DF92EF92FF920F931F93CF93DF93EC01E4
:10B4D0004B017A018B81811115C08FEF9FEFDF91B6
:10B4E000CF911F910F91FF90EF90DF90CF90BF9081
:10B4F000AF909F908F907F906F905F904F903F9014
:10B500002F900895898180FFE8CF89899A89AB8936
:10B51000BC89488559856A857B85841B950BA60B5C
:10B52000B70BA70170E060E084179507A607B7077F
:10B5300008F47C0167011E0124E0220E311CC114B5
:10B54000D10409F4A7C0488559856A857B855A01CD
:10B5500081E0B822898D9A8D2A013B0129E07694F9
:10B560006794579447942A95D1F72B81FC01223098
:10B5700079F5628D738D848D958D640D751D861D95
:10B58000971D00E012E00A191B09C016D10608F445
:10B5900086010115E2E01E0771F44090840D509081
:10B5A000850D6090860D7090870D64157505860574
:10B5B000970509F04CC040E08AD9882309F48DCF63
:10B5C000B5016C57744FA801C4010E94E4FC51C03E
:10B5D000148111501421A114B10471F411110CC083
:10B5E000452B462B472B51F58D899E89AF89B88D08
:10B5F0008C839D83AE83BF83E98DFA8D4C805D8003
:10B600006E807F8022E0421A5108610871088585AA
:10B6100004C0440C551C661C771C8A95D2F786859D
:10B620009785A089B189480E591E6A1E7B1EC301E9
:10B63000B201610F711D811D911DA3CF4C815D81F0
:10B640006E817F8191015FDB8111D6CF46CFA091C2
:10B65000890DB0918A0DED91FC9111970088F189C7
:10B66000E02D9401AB01BC01CD011995882309F4AB
:10B6700034CF800E911E88859985AA85BB85800F61
:10B68000911FA11DB11D88879987AA87BB87C01A02
:10B69000D10A55CFC70123CFBF92CF92DF92EF924D
:10B6A000FF920F931F93CF93DF93EB01FC01238154
:10B6B000223008F49CC040855185628573854F71A6
:10B6C000552766277727452B462B472B09F08FC038
:10B6D0008C011092560B1092550BC12CDD24DA947C
:10B6E0007E01FBE0EF0EF11C8DE0B82E40E250E051
:10B6F000BE01C801DADE8032910581F021E0892B9C
:10B7000009F420E0822F8195DF91CF911F910F9155
:10B71000FF90EF90DF90CF90BF9008952881222373
:10B7200009F467C0253E11F02E3229F41092560B11
:10B730001092550BDBCF3B853F733F3009F042C081
:10B740004A8D5B8D452B61F52F713FEF320F323003
:10B7500038F58D85213041F1C81229C02150330BB5
:10B76000B29EC001B39E900D1124DC01AB5AB44FC0
:10B77000FE0120E02B30F0F0468157814F3F51050C
:10B7800019F010F04FE550E04D932F5F32962D30B9
:10B7900089F7288126FF04C0FC01EE59F44F10827E
:10B7A0002B8523FDA3CFB0CFC82ED12CD7CFDD243E
:10B7B000D394D4CF253018F044815581DFCF418117
:10B7C0005281DCCFD1100EC0FE0120E020FB279576
:10B7D00027F93191230FEE16FF06C1F7C21601F3C8
:10B7E000DD24D3941092560B1092550BD9CF8FEFC6
:10B7F0008BCF80E089CF0F931F93CF93DF93FC0112
:10B800002381222331F080E0DF91CF911F910F91AE
:10B8100008958B01EC01FB018789803139F582E0C5
:10B820008B831D8A1E8A1F8A188E808D918DB0E0B1
:10B83000A0E025E0880F991FAA1FBB1F2A95D1F70A
:10B84000898B9A8BAB8BBC8B1A8F098F81E0898394
:10B85000188619861A861B861C821D821E821F82EC
:10B86000188A1C861D861E861F86CECF803259F60A
:10B8700083E08B83428D538D648D758D4D8B5E8BF4
:10B880006F8B788F9E012F5E3F4FC801BEDA81110A
:10B89000DBCFB9CF8091CC0D8F7E8093CC0D8FEF15
:10B8A0009FEF90932902809328028091E2158823CC
:10B8B00021F08FED95E10E94037E45E360E083EB8C
:10B8C00097E10E94B07481110CC00E94FB298DE8A1
:10B8D0009BE20E94D2298091CC0D84FF2DC00C9454
:10B8E0001DD361E083EB97E130D881110DC060E09A
:10B8F00083EB97E12AD8811107C081E49BE20E9483
:10B90000D22989E79BE2E5CF65E977E18FED95E103
:10B9100072DF811107C081E49BE20E94D22988E690
:10B920009BE2D7CF8091CC0D80618093CC0D0E949B
:10B93000FB298CE59BE2CDCF80918A09882331F0E9
:10B9400041E061E08AE49BE20C94F49D08950F933A
:10B950001F93CF93DF93CDB7DEB7EB970FB6F89475
:10B96000DEBF0FBECDBF8091CC0D84FF3BC0809168
:10B9700028029091290297FF26C08BE1EAEFF5E1BA
:10B98000DE01919601900D928A95E1F7CE018196A4
:10B990000E945A7F10E000E0BE016F5F7F4FCE0132
:10B9A00081967ADE18163CF4CE0101960E94CDB63F
:10B9B000080F111DF1CF1093290200932802CE0128
:10B9C00081960E943C268091280290912902EB9654
:10B9D0000FB6F894DEBF0FBECDBFDF91CF911F91A0
:10B9E0000F91089590E080E0F2CFEF92FF920F93D5
:10B9F0001F93CF93DF93CDB7DEB7EB970FB6F894D5
:10BA0000DEBF0FBECDBF8C01A2DF98012F5F3F4F7D
:10BA100082179307B0F19BDF01977C01E01AF10ACE
:10BA20008AEF95E10E945A7F8BE1EAEFF5E1DE01B2
:10BA3000919601900D928A95E1F710E000E0BE0129
:10BA40006F5F7F4FCE01819627DE181684F4CE01FA
:10BA500001960E94CDB6882391F3E016F106F9F421
:10BA6000BE016F5F7F4F88EA99E00E94E8B6CE0181
:10BA700081960E943C26A89581E09091A809911199
:10BA800001C080E0EB960FB6F894DEBF0FBECDBFCD
:10BA9000DF91CF911F910F91FF90EF9008950F5F6D
:10BAA0001F4FCDCF0F931F93CF93DF93CDB7DEB74B
:10BAB000EB970FB6F894DEBF0FBECDBF8C018AEFB7
:10BAC00095E10E945A7F8BE1EAEFF5E1DE01919664
:10BAD00001900D928A95E1F7BE016F5F7F4FCE0115
:10BAE0008196DADD1816A4F4CE0101960E94CDB637
:10BAF000882391F3BE016F5F7F4F88EA99E00E942F
:10BB0000E8B668EA79E0C8010E94F4FC892B21F7C5
:10BB1000CE0181960E943C26EB960FB6F894DEBFCC
:10BB20000FBECDBFDF91CF911F910F910895EF927E
:10BB3000FF921F93CF93DF93C82F7B011091BF1506
:10BB40008FEF8093BF150E94FB29C130C1F0C6E87A
:10BB5000DCE28AE99CE20E94D229CE010E94D2292D
:10BB6000B70182E99CE20E94E0290E94FE2910931D
:10BB7000BF15DF91CF911F91FF90EF900895CCE812
:10BB8000DCE2E7CFBC0188EA9BE20E94E02985EA7B
:10BB90009BE20C94D2292F923F924F925F926F9228
:10BBA0007F928F929F92AF92BF92CF92DF92EF924D
:10BBB000FF920F931F93CF93DF931F921F92CDB7E6
:10BBC000DEB7382E7B012DB73EB73A8329838091AB
:10BBD0008917811107C010926E171092711781E0BA
:10BBE0008093891780916617811107C010924B17B7
:10BBF00010924E1781E080936617DA018C918F3294
:10BC000009F082C08FED95E1F701918380834F5F4A
:10BC10005F4F31101092C10DF701408051808A01B1
:10BC20002EE6C22E27E1D22E3BE1232E011511056F
:10BC3000B9F16DB67EB66FE270E0C8010E9407FDF3
:10BC40005C010817190738F5AC01401B510B55274B
:10BC50004F5F5F4F2DB73EB7241B350B0FB6F894DF
:10BC60003EBF0FBE2DBF8DB79EB701964C01B801E8
:10BC70000E948DF2C6010E94037ED7016D917C91D6
:10BC800021E0A401C6010E9456AB811143C0C4014A
:10BC900079DF10E000E00FB6F8947EBE0FBE6DBEF7
:10BCA0003320A9F0D701ED91FC918BE1AAEFB5E12A
:10BCB00001900D928A95E1F791E08091C10D81117B
:10BCC00090E08091CC0D90FB86F98093CC0DC8015B
:10BCD000E981FA810FB6F894FEBF0FBEEDBF0F9059
:10BCE0000F90DF91CF911F910F91FF90EF90DF9018
:10BCF000CF90BF90AF909F908F907F906F905F900C
:10BD00004F903F902F9008958AEF95E1D7018D9342
:10BD10009C9382CFF701808191814816590611F0DA
:10BD20000E94037ED701CD92DC92332099F0A0913E
:10BD3000C10DAA3078F481E08A0F8093C10D2A9E4C
:10BD4000D0011124AB5EB94EF601822D01900D9207
:10BD50008A95E1F7BEE6CB16B7E1DB0669F49BE412
:10BD6000C92E97E1D92E85010F5F1F4F0FB6F894AA
:10BD70007EBE0FBE6DBE5ACF8EE6C82E87E1D82E8E
:10BD8000F2CF1F93CF93DF93CDB7DEB76D970FB68A
:10BD9000F894DEBF0FBECDBF1D8E1C8EAC01BE0160
:10BDA000645E7F4F80E0F7DE10E00097A9F0198213
:10BDB0001C826C8D7D8D21E0AC01CE0101960E942C
:10BDC00056AB182F882321F0CE0101960E94037EE6
:10BDD000CE0101960E943C26812F6D960FB6F894F5
:10BDE000DEBF0FBECDBFDF91CF911F910895EF92BF
:10BDF000FF921F93CF93DF9300D000D000D01F920B
:10BE0000CDB7DEB78091CC0D84FF44DD8091CC0DA1
:10BE100084FF3BC00E942A26811137C08091C20D49
:10BE200090E08F969F938F938FE99CE29F938F93DF
:10BE3000CE0101967C019F938F930E94DDF2809149
:10BE4000CC0D0F900F900F900F900F900F9084FFDC
:10BE50001CC0C70196DF182F8823B9F00E941DD39C
:10BE6000C7010E94C0D38091C20D8F5F8093C20D25
:10BE7000812F2A960FB6F894DEBF0FBECDBFDF919B
:10BE8000CF911F91FF90EF9008951092C20D10E096
:10BE9000EFCF0E94FB296091A6097091A7098EE659
:10BEA00090E30E94E0298BE690E30C94D2298F92D4
:10BEB0009F92AF92BF92EF92FF920F931F93CF93F7
:10BEC000DF931F921F92CDB7DEB77C018091CC0D1E
:10BED00084FD03C0C70156DE6BC0613009F47BC02E
:10BEE00008F473C0623009F4D8C08091CC0D877F0C
:10BEF0008B7F8093CC0D0E94A7D3A701BE016F5FFB
:10BF00007F4F81E048DE8C01009721F369817A81BF
:10BF100021E0AC0183E297E10E9456AB882309F44B
:10BF2000C3C08091341790913517A0913617B09106
:10BF300037178093C40D9093C50DA093C60DB09391
:10BF4000C70D1092C80D1092C90D1092CA0D109213
:10BF5000CB0DF090BF158FEF8093BF15B80183ED27
:10BF60009BE20E94E0298090C40D9090C50DA090A6
:10BF7000C60DB090C70D8BEC9BE20E94D229C50183
:10BF8000B4010E94FA250E94FE298CEB9BE20E94DC
:10BF9000D229F092BF15C80185DD8091550B882309
:10BFA00011F005E51BE040E060E0C8010E94C19D82
:10BFB0000F900F90DF91CF911F910F91FF90EF9015
:10BFC000BF90AF909F908F900895B70182E0AFDD52
:10BFD0001092C30D8ACF0E941737811104C0B70198
:10BFE00081E0A5DD82CF8091C30D882399F00E9466
:10BFF000F8298CE29CE20E94D22981E090E00E9424
:10C000002E350E94FE2940E070E060E08BE19CE26A
:10C010000E947A368FEC98E00E9460D3E091C30DC5
:10C0200084E0E89FF0011124E553F74F8091C80D9B
:10C030009091C90DA091CA0DB091CB0D80839183D1
:10C04000A283B3830E94FB29B70182E09CE20E9495
:10C05000E0296091C30D89E6689FB0011124615306
:10C06000774F87EF9BE20E94E0298090C80D909067
:10C07000C90DA090CA0DB090CB0D81EF9BE20E943C
:10C08000D229C501B4010E94FA250E94FE2980919F
:10C09000C30D8F5F8093C30D28CF0E94FB2981EED3
:10C0A0009BE20E94D22921CFC80115CFCF93DF9305
:10C0B000EB010E94D229CE010E947826DF91CF9118
:10C0C0000C94FE29EF92FF920F931F93CF93DF936F
:10C0D0001F921F92CDB7DEB72091CC0D24FF33C045
:10C0E0007C01BC0182E023DD1092C30D8091CC0D58
:10C0F000877F8B7F8093CC0D0E94A7D3A701BE01C1
:10C100006F5F7F4F80E047DD8C01C701011511058E
:10C1100021F169817A8126E5A80183E297E10E94F5
:10C1200056AB8823C9F08091CC0D81608093CC0DF3
:10C13000C801B8DCB80184E79CE2B8DF40E060E009
:10C14000C8010E94C19D0F900F90DF91CF911F9168
:10C150000F91FF90EF900895C80114DDF4CFCF93B5
:10C160009091CC0D94FF1EC09091C71591111AC0EB
:10C170002AE5811121E0C82F44EA54E06FED75E112
:10C1800084EC95E10E9456AB811104C084EA94E0EE
:10C19000CF91F8CCC11106C064EA74E084E79CE258
:10C1A000CF9184CFCF910895FF920F931F93CF9398
:10C1B000DF93CDB7DEB76D970FB6F894DEBF0FBE35
:10C1C000CDBF2091CC0D24FF28C0AC01BE01645E20
:10C1D0007F4F80E0E0DC8C010097F9F06C8D7D8D65
:10C1E00019821C8222E0AC01CE0101960E9456AB5E
:10C1F00081111FC0F12CCE0101960E943C26B8018E
:10C20000FF2061F186E69CE251DF1092C80D10928A
:10C21000C90D1092CA0D1092CB0D6D960FB6F89401
:10C22000DEBF0FBECDBFDF91CF911F910F91FF9069
:10C230000895CE0101960E944BD88823D9F261E07F
:10C24000CE0101960E940C7E0097A1F225EEFC0122
:10C2500020831C820E941ED4F82ECDCF8EE49CE257
:10C260000E94E0298BE49CE20E94D229D6CF2F9233
:10C270003F924F925F926F927F928F929F92AF9276
:10C28000BF92CF92DF92EF92FF920F931F93CF93C3
:10C29000DF93CDB7DEB7C655D1090FB6F894DEBF30
:10C2A0000FBECDBF5C017B016DB67EB6BE016F5F78
:10C2B0007F4FC501F1D918160CF069C08C858871C3
:10C2C000803109F083C08DB69EB610E000E0E11425
:10C2D000F10439F0F70101900020E9F78F010E1900
:10C2E0001F09C8010D962DB73EB7281B390B0FB695
:10C2F000F8943EBF0FBE2DBF8DB79EB701966C015F
:10C30000080F191FE114F10439F0B7010E9412FD62
:10C310008FE2F80131978083BE016F5F7F4FC801C4
:10C320000E94E8B61CAE1FAE21E0A801B501CE0107
:10C33000CC960E9456AB8823D9F08BE1FE01FC9687
:10C34000DE01919601900D928A95E1F7B601CE013A
:10C3500081968DDFCE0181960E943C26CE01CC963F
:10C360000E943C260FB6F8949EBE0FBE8DBE9ECF97
:10C370000E94FB29B8018FEA9FE298DECE01CC969D
:10C380000E943C260FB6F8949EBE0FBE8DBE0FB61F
:10C39000F8947EBE0FBE6DBECA5ADF4F0FB6F8943A
:10C3A000DEBF0FBECDBFDF91CF911F910F91FF90E8
:10C3B000EF90DF90CF90BF90AF909F908F907F9045
:10C3C0006F905F904F903F902F900895CE0101960F
:10C3D0000E94CDB6882309F469CFE114F10431F04D
:10C3E000C7010E9478268FE20E94D6C52D8C3E8C14
:10C3F0004F8C58A0BE016F5F7F4F88EA99E00E9482
:10C40000E8B60E94782680E20E94D6C5C201B1013A
:10C410000E94FA250E94FE2949CF0F931F9341E005
:10C4200050E0082E02C0440F551F0A94E2F7052E73
:10C43000000C660B770B0091010A1091020A209103
:10C44000030A3091040A402B512B622B732B40932B
:10C45000010A5093020A6093030A7093040A9091B0
:10C46000000A891303C081E08093FE091F910F9198
:10C4700008952F923F924F925F926F927F928F9288
:10C480009F92AF92BF92CF92DF92EF92FF920F9363
:10C490001F93CF93DF93CDB7DEB7CB5AD1090FB639
:10C4A000F894DEBF0FBECDBF209105153091061563
:10C4B0004091071550910815CC55DF4F28833983DB
:10C4C0004A835B83C45AD0408091091590910A1524
:10C4D000A0910B15B0910C15C855DF4F8883998337
:10C4E000AA83BB83C85AD040B0900D15A0900E15FA
:10C4F00030900F15209010152091111530911215C4
:10C500004091131550911415C056DF4F288339837D
:10C510004A835B83C05AD0408091B4159091B51581
:10C52000A091B615B091B715C656DF4F8883998391
:10C53000AA83BB83CA59D0408091BD1581FF05C035
:10C540009091050A98609093050A82FB882780F9EC
:10C5500080936A078091CC0D87FDF8C28AE196E04E
:10C560000E94FB68009144151091451501151105B5
:10C5700099F08091CC0D87FDE9C264E176E0CE01AF
:10C5800001960E94981FB801CE0101960E94E620F4
:10C59000CE0101960E94CD6800914215109143157D
:10C5A000043B110514F404EB10E08091CC0D87FDE1
:10C5B000CDC26EE076E0CE0101960E94981FB801D0
:10C5C000CE0101960E94E620CE0101960E94CD6820
:10C5D0008091CC0D87FDBAC220911B1530911C159E
:10C5E00040911D1550911E156B2D7A2D832D922D86
:10C5F0000E9401FA4B018C0186E096E00E94FB68E4
:10C600008091BD156401780180FD04C0CB2CDA2C2B
:10C61000E32CF22C8091CC0D87FD98C2C601D70186
:10C62000C057DF4F88839983AA83BB83C059D0400A
:10C6300033E0732ECC56DF4F7882C459D0406FEF71
:10C6400075E0CE0101960E94981FBE0160577F4F92
:10C65000CE0101960E940A20CE0101960E94CD686B
:10C660009401A801B601C7010E9444F387FF26C0C8
:10C670008091CC0D87FD6AC2C401D801C557DF4F38
:10C6800088839983AA83BB83CB58D040C157DF4F9F
:10C690007882CF58D04067EF75E0CE0101960E94B6
:10C6A000981FBE0165577F4FCE0101960E940A2058
:10C6B000CE0101960E94CD68640178018091CC0D75
:10C6C00087FD44C28FEE95E00E94FB6887E080936F
:10C6D0008E09809355078091CC0D87FD37C240901D
:10C6E0004715509048156090491570904A158091F3
:10C6F000BD1583FB882780F9C256DF4F8883CE594A
:10C70000D040C156DF4F1882CF59D040C256DF4FBC
:10C7100088809980CE59D04090E3890E911C69EEB3
:10C7200075E08E010F5F1F4FC8010E94981FB40172
:10C73000C8010E94E620EB964CAE5DAE6EAE7FAEB9
:10C74000EB9721E0EC962FAFEC976AE50E94831FF0
:10C75000BE0169587F4F0E940A20C8010E94CD681F
:10C760008091CC0D87FDF2C1C601D701CA57DF4FBA
:10C7700088839983AA83BB83C658D04023E0F22ED6
:10C78000C657DF4FF882CA58D04062EE75E0C80144
:10C790000E94981FBE016A577F4FC8010E940A205D
:10C7A000C8010E94CD688091BD1584FF27C080918B
:10C7B000CC0D87FDCBC180913E1590913F15A09186
:10C7C0004015B0914115CB56DF4F88839983AA83DA
:10C7D000BB83C559D040C756DF4FF882C959D040F6
:10C7E0006CED75E0C8010E94981FBE016B567F4F2B
:10C7F000C8010E940A20C8010E94CD68E09042153D
:10C80000F09043158091CC0D87FB882780F9E114C7
:10C81000F10471F081119AC166ED75E0C8010E94C2
:10C82000981FB701C8010E94E620C8010E94CD6888
:10C83000E0904615F12C8091CC0D87FB882780F97C
:10C84000E114F10441F1811181C160ED75E0C8018D
:10C850000E94981F1F921F928AED94E09F938F93DE
:10C860006E01A2E6CA0ED11CDF92CF920E9441FD5A
:10C87000B601C8010E94F01F63E50E94831FB70143
:10C880000E94E620C8010E94CD680F900F900F9083
:10C890000F900F900F908091CC0D87FD57C167ECE2
:10C8A00075E0C8010E94981FCC55DF4F288139815F
:10C8B0004A815B81C45AD040E6962CAF3DAF4EAF63
:10C8C0005FAFE69793E0F92EE796FFAEE797BE01DC
:10C8D0006E587F4FC8010E940A20C855DF4F28813B
:10C8E00039814A815B81C85AD040E1962CAF3DAF77
:10C8F0004EAF5FAFE197E296FFAEE29769E50E9427
:10C90000831FBE0163597F4F0E940A20C8010E9405
:10C91000CD688091CC0D87FD19C18B2D9A2DA32D4B
:10C92000B22DCF57DF4F88839983AA83BB83C15829
:10C93000D040CB57DF4FF882C558D0406FEB75E041
:10C94000C8010E94981FBE016F577F4FC8010E9407
:10C950000A20C8010E94CD688091CC0D87FDF6C0E9
:10C96000E0901515D09016156BEB75E0C8010E948C
:10C97000981FDF92EF928AED94E09F938F936E0160
:10C9800032E6C30ED11CDF92CF920E9441FDB60168
:10C99000C8010E94F01FC8010E94CD688091171540
:10C9A00090911815909314028093130260911915B9
:10C9B00070911A1580E00E94761B8091CC0D0F902B
:10C9C0000F900F900F900F900F9087FDBFC0C05633
:10C9D000DF4F88819981AA81BB81C05AD040C45859
:10C9E000DF4F88839983AA83BB83CC57D040C0583C
:10C9F000DF4FF882C058D04064EB75E0C8010E9458
:10CA0000981FBE0164587F4FC8010E940A20C801C8
:10CA10000E94CD6887E0EFE1F5E1AEEFB9E001906B
:10CA20000D928A95E1F78091000A0E9418218CE00E
:10CA3000E6E2F5E1ABE3B9E001900D928A95E1F70A
:10CA40008CE0E2E3F5E1A0E9B9E001900D928A956E
:10CA5000E1F78091BC158093031581E080937C07FA
:10CA60000E949A388091CC0D87FD70C041E650E05D
:10CA70006FEA75E0C8010E9430F2D8010D900020E5
:10CA8000E9F7CD010197801B910B8036910550F499
:10CA900041E650E0481B590B6BE475E1800F911F94
:10CAA0000E948DF2C8010E94CD688091CC0D87FD57
:10CAB0004DC09090B8158090B9157090BA156090DF
:10CAC000BB156AEA75E0C8010E94981FC356DF4F84
:10CAD000B881CD59D040BF93C456DF4FE881CC59BF
:10CAE000D040EF93C556DF4FF881CB59D040FF932C
:10CAF000C656DF4F2881CA59D0402F938DEDE82EBE
:10CB000084E0F82EFF92EF92DF92CF920E9441FDD7
:10CB1000B601C8010E94F01F64E50E94831F5C01FA
:10CB20006F927F928F929F92FF92EF92DF92CF92BD
:10CB30000E9441FDB601C5010E94F01FC8010E947C
:10CB4000CD680FB6F894DEBF0FBECDBFC555DF4F21
:10CB50000FB6F894DEBF0FBECDBFDF91CF911F910E
:10CB60000F91FF90EF90DF90CF90BF90AF909F908C
:10CB70008F907F906F905F904F903F902F9008958F
:10CB8000CF93DF9384EC95E10E943C2683E297E10A
:10CB90000E943C26C3E2D7E16B97CE010E943C265F
:10CBA00086E1C531D807C1F78AEF95E10E943C269E
:10CBB0008FED95E1DF91CF910C943C268091CC0DC7
:10CBC000847E8B7F8093CC0D1092C80D1092C90D7E
:10CBD0001092CA0D1092CB0D1092C40D1092C50D7B
:10CBE0001092C60D1092C70D1092C30D1092C20D77
:10CBF0001092C10DE5E1F6E18EE091E0DF019C01CC
:10CC00001D9221503040E1F780910A018E7F809380
:10CC10000A0180910B018095817080930901109227
:10CC2000DF151092E2151092FA151092FD15108280
:10CC300013827B9637E1E332F307C9F78DEB94E07B
:10CC40009093B4178093B3171092B51789E180932E
:10CC5000B7171092BA171092AC17109223171092B0
:10CC6000261781E08093F00D1092F10D1092F20DD5
:10CC70001092F30D1092F40D1092F50D1092F60D26
:10CC80001092F70D1092F80D1092F90D1092FA0D06
:10CC90001092FB0D1092FC0D1092FD0D1092FE0DE6
:10CCA0001092FF0D1092000E1092010E1092020EC3
:10CCB0001092030E1092040E1092050E1092060EA2
:10CCC0001092070E1092080E1092090E10920A0E82
:10CCD00010920B0E10920C0E1092D30D1092D40DD8
:10CCE0001092D50D1092D60D1092D70D1092DC0D2A
:10CCF0001092DD0D1092DE0D1092DF0D1092E00DFE
:10CD00009FEF9093D20D10920E0E10920D0E809107
:10CD1000570E883108F0C4C091E0980F9093570ED9
:10CD20008093580E90E0FC01EE0FFF1FE80FF91FF3
:10CD3000E15FF14F88EB9BE0928381838BE59EE07E
:10CD40009093680E8093670E1092890E10928A0E4F
:10CD500010928B0E10928C0E1092850E1092860EF1
:10CD60001092870E1092880E1092810E1092820EF1
:10CD70001092830E1092840E10927D0E10927E0EF1
:10CD800010927F0E1092800E1092790E10927A0EF1
:10CD900010927B0E10927C0E1092750E1092760EF1
:10CDA0001092770E1092780E1092710E1092720EF1
:10CDB0001092730E1092740E10926D0E10926E0EF1
:10CDC00010926F0E1092700E1092CB171092CC171B
:10CDD0001092CD171092CE171092C7171092C81745
:10CDE0001092C9171092CA171092C3171092C41745
:10CDF0001092C5171092C6171092BF171092C01745
:10CE00001092C1171092C2171092BB171092BC1744
:10CE10001092BD171092BE1710926C0E10926B0EEE
:10CE200010926A0E1092690EEDE8FEE08DEB94E12F
:10CE300015AEED59FF4F8E179F07D1F71092BD1415
:10CE40008DE08093C1141092C2141092011580E0FD
:10CE50008E7F8D7F8B7F877F809303151092C41503
:10CE60001092C71510921F151092201510922115BF
:10CE70001092221510922315109224151092251548
:10CE800083E08093BF1580ED97E19093C115809367
:10CE9000C0158FEC97E19093C3158093C215089548
:10CEA0009093580E4BCFCF93DF93CDB7DEB7AB97B0
:10CEB0000FB6F894DEBF0FBECDBF789484B5826004
:10CEC00084BD84B5816084BD85B5826085BD85B52E
:10CED000816085BD80916E00816080936E001092AC
:10CEE0008100809181008260809381008091810027
:10CEF00081608093810080918000816080938000B8
:10CF00008091B10084608093B1008091B000816015
:10CF10008093B00080919100826080939100809115
:10CF20009100816080939100809190008160809356
:10CF300090008091A10082608093A1008091A10067
:10CF400081608093A1008091A00081608093A00007
:10CF50008091210182608093210180912101816073
:10CF60008093210180912001816080932001809134
:10CF70007A00846080937A0080917A008260809346
:10CF80007A0080917A00816080937A0080917A00A3
:10CF9000806880937A001092C1003090D71714BE39
:10CFA0001092C0008091C00082608093C0001092F7
:10CFB000C50087E08093C4008091C10080618093A8
:10CFC000C1008091C10088608093C1008091C10040
:10CFD00080688093C1000E9408D26B017C0128EE1A
:10CFE000C20E23E0D21EE11CF11C80ED97E10E94ED
:10CFF000114A882309F47CC01092C8008091C800AF
:10D0000082608093C8001092CD0080E18093CC00B4
:10D010008091C90080618093C9008091C9008860B7
:10D020008093C9008091C90080688093C9000E94E4
:10D0300008D26B017C0138EEC30E33E0D31EE11C35
:10D04000F11C8FEC97E10E94114A882309F460C01B
:10D0500080E99EE20E94D229809101018061809343
:10D060000101809102018071809300018091900400
:10D0700090919104A0919204B09193048F87988B22
:10D08000A98BBA8BAE01415F5F4F5DA34CA3CE016C
:10D0900043969C8B8B8BC12C14E2D12E14EFE12E86
:10D0A000F12CACA1BDA1ED91BDA3ACA30E2E000C43
:10D0B000FF0BEA5DF04DE491E250E13108F06DC103
:10D0C000F0E08827E959F7418F4F0C94F8F9CDE942
:10D0D000CDE9CDE9CDE9CDE998E898E806E906E99A
:10D0E00006E918E918E918E9CDE927E927E927E968
:10D0F0000E9408D2A7019601261B370B480B590B3B
:10D10000DA01C901181619061A061B068CF374CF2A
:10D110000E9408D2A7019601261B370B480B590B1A
:10D12000DA01C901181619061A061B068CF390CFEE
:10D13000B2E0BF8B1F8E1E8EE1EBF0E0FE8BED8B1D
:10D1400020EB30E03B8F2A8F66246A94712C8EE0AE
:10D15000E4E9F4E0DE01119601900D928A95E1F781
:10D16000930150E040E0FBE0220F331F441F551FA6
:10D17000FA95D1F7C701B6010E946EF92901FFEFB8
:10D180004F1A5F0A2F89223009F070C031E038A7AA
:10D1900043E049A7CE0101969FA38EA391E09C8F07
:10D1A000A1E0AD8F1BA2EFEFF0E0F98FE88FAEA109
:10D1B000BFA10D911D91BFA3AEA3C801B0E0A0E037
:10D1C000EF89E23009F457C080329105A105B1051D
:10D1D00009F4B0C080389105A105B10509F4AAC0D1
:10D1E0009801A8EEB3E00E94B6F99B01AC01C7011B
:10D1F000B6010E946EF9C9010197369527950097EF
:10D20000E1F541E050E059A348A33EC033E03F8B35
:10D2100046E950E05F8F4E8F81E990E09E8B8D8BC9
:10D22000A0E9B0E0BB8FAA8F66246A94762C8FCFDA
:10D23000B4E0BF8BE6EAF0E0FF8FEE8F21EA30E04A
:10D240003E8B2D8B40EA50E05B8F4A8FEDCF55E04F
:10D250005F8B86E291E09F8F8E8FA1E2B1E0BE8B63
:10D26000AD8BE0E2F1E0FB8FEA8FDECF5AE058A70A
:10D270006EE069A78FCF9301C30179A268A28615DA
:10D28000970510F499A388A32115310509F4A3C1CA
:10D290006AA2272C2615370510F42AA3232E28A1CD
:10D2A00039A12F5F3F4FD8010E94B6F99B01AC0115
:10D2B000C701B6010E946EF949013BA72AA7980150
:10D2C000AAA1B22D0E94B6F99B01AC01220F331F17
:10D2D000441F551FC701B6010E946EF9D90169EEBE
:10D2E000461663E0560608F47AC1B20188EE93E070
:10D2F000FB01E81BF90B8AA59BA5893E934008F426
:10D3000072C1B40188EE93E0681B790BA93EB3406B
:10D3100008F46DC1C901A8EEB3E08A1B9B0B6E1720
:10D320007F0720F48617970708F065C18E179F07BF
:10D3300008F46BC14C8D4F5F4C8F483009F037CFEC
:10D34000AA8DBB8D8C918C7F9D8D9370892B8C9336
:10D35000ED89FE892081FD8D8F2F90E09595879531
:10D360009595879563E0880F991F6A95E1F7277E69
:10D37000822BAD89BE898C938C91887FBBA18B2B2E
:10D38000ED89FE898083FF89F23039F0E88DF98DCF
:10D39000AE8DBF8D1196FC93EE932B893C894CA1E9
:10D3A0005DA12417350709F07CCE809101018F7DA6
:10D3B0008093010180910201809580728093000129
:10D3C000809101018F7B8093010180910201809502
:10D3D0008074809300010E94343530FE04C087E8D9
:10D3E0009EE20E94D22931FE04C086E79EE20E949E
:10D3F000D22932FE04C084E69EE20E94D22933FE86
:10D4000004C083E59EE20E94D22935FE04C082E476
:10D410009EE20E94D2298BE29EE20E94D2290E94C3
:10D42000FB2987EF9DE20E94D2290E94FB298FED04
:10D430009DE20E94D2290E94FB298091D1179091F0
:10D44000D2178E010F5F1F4FB801009709F4E6C095
:10D45000681B790B80ED9DE20E94A33589EB9DE26C
:10D460000E94D22980E396E00E94FD340E94FE29AA
:10D470000E946AA30E9486CB0E944ADC80913E17DC
:10D48000811107C00E941FA8882319F081E08093B2
:10D490003E1720913B0930913C0940913D09509144
:10D4A0003E0960915B0270915C0280915D029091F7
:10D4B0005E020E9401FA60935B0270935C028093AB
:10D4C0005D0290935E0220913F09309140094091A6
:10D4D00041095091420960915F0270916002809110
:10D4E0006102909162020E9401FA60935F02709360
:10D4F000600280936102909362022091430930910F
:10D500004409409145095091460960916302709128
:10D51000640280916502909166020E9401FA609314
:10D5200063027093640280936502909366020E9486
:10D5300004969D9AA5986D9A75988091BD14811155
:10D5400002C06B9A739A87ED80937A0010927E00E6
:10D5500010927D0080917E00826080937E00809199
:10D560007D00806480937D0080E887BD80916E009F
:10D57000826080936E00E7EBFDE2C590D49055E0A9
:10D58000C516D1041CF445E0C42ED12CD092330230
:10D59000C09232020D2C000CEE08FF08A0902E0263
:10D5A000B0902F02C5010E9459C92B013C01C7014F
:10D5B000B6010E944AF39B01AC01C301B2010E9473
:10D5C00044F387FF2EC060E1A61AB108B0922F0283
:10D5D000A0922E02E3CF51E05AA3212C60CEC201CB
:10D5E00068EE73E085CEC40168EE73E08DCED9019C
:10D5F00088EE93E092CE240199A59D8FAC8DABA3CC
:10D60000E8A1F9A1F98FE88F95CE2901F8A5FD8F42
:10D610002C8D2BA33AA1388F298E8CCE675D774154
:10D6200019CFEBEAFCE2C590D49081E0C81AD1088A
:10D6300092E3C91691E0D90624F031E3C32EDD242C
:10D64000D394D0923502C09234020D2C000CEE0817
:10D65000FF08A0903002B0903102C5010E9459C964
:10D660002B013C01C701B6010E944AF39B01AC01AA
:10D67000C301B2010E9428FC181644F4A0E1AA0ECE
:10D68000B11CB0923102A0923002E3CF80912A0205
:10D6900090912B020E94D28020E030E040EA50E4DA
:10D6A000F3D787FF0AC080912A0290912B024097FE
:10D6B00090932B0280932A02E9CF80912C029091C3
:10D6C0002D020E94D28020E030E042ED52E40E9420
:10D6D00028FC181654F480912C0290912D0240964B
:10D6E00090932D0280932C02E8CF0E94D19B8098CA
:10D6F000889A0A98129A80910101877F809301018C
:10D700008091020180958870809300011092390900
:10D71000109238090E94DB97809107018160809305
:10D7200007018091070188608093070180910701BC
:10D73000806880930701859A869A8E9A6C9A749A6B
:10D740008091070180618093070180910801809595
:10D75000807180930601839A8B9A879A8F988E9A0C
:10D7600080918E098E7F80938E098091070184605D
:10D770008093070180910801847080930601749A58
:10D7800080918E098D7F80938E0980910701806240
:10D790008093070180910801807280930601809137
:10D7A0000801809580718093060180918E098B7F9E
:10D7B00080938E09849A8C988B9A809180008C7FBC
:10D7C0008093800080918100877E886080938100B3
:10D7D000809180008F738093800080918100887F8A
:10D7E00082608093810080E090E490938900809330
:10D7F000880010928500109284000E94B5297894C8
:10D800000E94CD818091580E883108F041C090E08F
:10D81000FC01EE0FFF1FE80FF91FE15FF14F808160
:10D8200080788760808387E00E94BDCA1092590E7D
:10D8300010925A0E8091580E2CE0622F0E94C5F96A
:10D8400090E0829FB001112430E020E0AB01420F54
:10D85000531FFA01EE0FFF1FE40FF51FE15FF14FB9
:10D86000408147FD07C02F5F3F4F2C30310571F7D6
:10D870000E94224AE091580E8E2F90E0FC01EE0F9C
:10D88000FF1FE80FF91FE15FF14F808180688083FF
:10D8900088E59EE00E94134A6AE570E088E59EE014
:10D8A0000E94444A10928F090E94DB970E94884B85
:10D8B0000E94544B80913A09882319F10E946E4BC3
:10D8C00076E9C72ED12CE12CF12CC982DA82EB82C9
:10D8D000FC82B80186E90E942A4BC982DA82EB8277
:10D8E000FC82B80182E80E942A4BC982DA82EB826C
:10D8F000FC82B80186E90E942A4B0E94544B109288
:10D900003A0988E198E20FB6F894A89580936000F0
:10D910000FBE909360000E948C2D83E080938A0953
:10D920002DE0322E3AE0432E47E9842E4EE2942E2B
:10D9300053E0552E63EF662E6EE2762E80E00E9455
:10D94000B8388091CC0D87FF1EC01092C20D877F22
:10D950008B7F8093CC0D0E94A7D310926D02109202
:10D960006C0210926B020E9442960E94659C0E947B
:10D97000BB801092C014109247090E940C2690920E
:10D9800049098092480980918A09EDB6FEB610E0F7
:10D9900000E0843009F441C0ADB6BEB660914809DC
:10D9A0007091490910E000E06115710509F067C048
:10D9B00080914A09882309F400C1EAE4F9E08F0163
:10D9C0000A541940F190FF2019F0BAE0FB12F7CF8A
:10D9D0000115110559F0F801E65BF64F10828AE453
:10D9E00099E00E94732480E00E942E5481E0F1109F
:10D9F00001C080E0800F982FE92FF0E0E65BF64F42
:10DA00002081E92FE81BF0E0E65BF64F208322231C
:10DA100009F470C09F5FF0CF8C01F801E154F14D23
:10DA2000E491C8010196EE2311F0EA30A9F7EDB7B1
:10DA3000FEB7E81BF90B0FB6F894FEBF0FBEEDBFA3
:10DA40002DB73EB72F5F3F4F6901A8016FEB7EE214
:10DA5000C901E0D4F601E00FF11F10824FEF61E041
:10DA6000C6010E9456C70FB6F894FEBE0FBEEDBEAB
:10DA7000882309F491CF50928A098ECF8601FB0149
:10DA8000E00FF11F249068013FEFC31AD30A222050
:10DA900019F04AE02412F2CF8DB79EB78C199D0978
:10DAA0000FB6F8949EBF0FBE8DBFADB7BEB711962F
:10DAB0007D01A801CD01AED4F701E00FF11F108266
:10DAC000222009F477C08091480990914909C80E35
:10DAD000D91ED0924909C0924809012B31F0C701E3
:10DAE0000E94732480E00E942E540FB6F894BEBEAC
:10DAF0000FBEADBE90918D0980913F17981709F424
:10DB00001DCF80918D0980933F1780918D098823C7
:10DB100009F414CF0E94FB2987E19FE20E94D229D9
:10DB200080918D0910E280FF0AC080E00E944F8939
:10DB3000AB01BC0183E19FE20E94E82918E58091D6
:10DB40008D0900E281FF0AC081E00E944F89AB018C
:10DB5000BC018FE09FE20E94E82909E580918D09D0
:10DB600082FFADC082E00E944F89AB01BC018BE017
:10DB70009FE20E94E8299AE5F92E0E94FE291F9251
:10DB800080E28F931F92FF921F920F931F921F9319
:10DB90007F926F928CEF9EE29F938F931F920E94D1
:10DBA0003EC9EDB7FEB73D960FB6F894FEBF0FBE67
:10DBB000EDBFC4CED12CC12C8CCF80916B028823B9
:10DBC00009F498CF8091CC0D80FF64C000916C0265
:10DBD000E2E60E9F8001112402591D4F6FEE7EE296
:10DBE000C80181D4009739F0DC0113968C918053E1
:10DBF0008A3008F048C0F80101900020E9F7319719
:10DC00007F01E01AF10A109223176EE470E0C80158
:10DC10000E9407FD6C01009739F5B1E0EB1AF1089D
:10DC2000F801EE0DFF1D318242821382F80101904E
:10DC30000020E9F73197AF01401B510BB80183E297
:10DC400097E10E94DAD880912317882331F00E944F
:10DC5000F82985EC9EE20E94D2298091CC0D81FDAD
:10DC600019C00E94ABCB18C060E270E00E9407FDB3
:10DC70008C010F5F1F4F6AE270E0C6010E9407FD32
:10DC8000FC013197D0CF0E94A2D78CED9EE20E947A
:10DC9000D229E7CF0E94E66F80916B02882309F4B6
:10DCA00029CF90916C029F5F943030F490936C0276
:10DCB000815080936B021ECF10926C02F9CF80E2EC
:10DCC000F82E5BCFEF920F931F93CF93DF93E80172
:10DCD00034E047FD34E1042E000C550B57FF03C020
:10DCE000519541955109E32E022F242FAE0189D77A
:10DCF000CE01DF91CF911F910F91EF9008958F92F8
:10DD00009F92AF92BF92CF92DF92EF92FF920F93CA
:10DD10001F93CF93DF935C017B016115710519F0AF
:10DD2000DB018D939C9385010F5F1F4FF501D0811F
:10DD30008D2F90E067D36C01892BA9F5DD32A9F511
:10DD40000F5F1F4FD5011196DC91C1E05801F1E042
:10DD5000AF1AB10843E050E068E371E0C5019DD31C
:10DD6000892B61F5680182E0C80ED11C45E050E0C6
:10DD700063E371E0C60191D3892B21F4680197E038
:10DD8000C90ED11CE114F10419F0D701CD92DC9237
:10DD900060E070E080E89FEFC111FAC060E070E0E1
:10DDA00080E89FE7F5C05801BECFDB3229F485013A
:10DDB0000E5F1F4FF501D181C0E0C8CF43E050E0B6
:10DDC00060E371E0C50169D3892BE9F0F80110E047
:10DDD00000E020E030E0A9015F01B0ED8B2E8D0E58
:10DDE00089E08815C8F19C2E689491F88C2F887072
:10DDF000C2FF16C0811102C00F5F1F4F3196D501BF
:10DE0000DC91C92DE9CFE114F10429F00E5F1F4F19
:10DE1000F7011183008360E070E080EC9FE7B8C0F9
:10DE2000882311F001501109A5E0B0E00E94ACF97F
:10DE30009B01AC01220F331F441F551F280D311DBC
:10DE4000411D511D283999E93907490799E15907B9
:10DE5000A8F2C6609C2ED2CFAEEF8A1206C0C3FDD8
:10DE60003CC09C2E689493F8C9CFDF7DD534A9F5CA
:10DE700080818D3239F4C061DF011296818162E0C8
:10DE800070E006C0DF018B32C1F3119661E070E0F3
:10DE900080535D01A61AB70A8A30F8F4E0E8CE167E
:10DEA000ECE0DE065CF4B601660F771F660F771FA5
:10DEB000C60ED71ECC0CDD1CC80ED11C5D01FFEFB9
:10DEC000AF1ABF0A8C9180538A3098F1C4FF03C007
:10DED000D194C194D1080C0D1D1DC1FF09C0E114DE
:10DEE000F10431F081E0A81AB108D701AD92BC92DB
:10DEF000CA01B901CDD3C370C33009F490584B01A6
:10DF00005C0120E030E0A901BFD3882309F43EC0C2
:10DF1000C7E6D1E017FF05C0119501951109CFE4BF
:10DF2000D1E06E01B8E1CB1AD10880E2E82EF12CE5
:10DF30000EC0D501B3CFFE01259135914591549185
:10DF40000E191F09C501B40104D44B015C01D501B0
:10DF5000C4010E151F057CF72497F594E794CC16A1
:10DF6000DD06A9F78A2F880F8B2F881F8F3F41F07E
:10DF700020E030E0A901C501B40186D3811106C0BB
:10DF800082E290E09093D6178093D517C501B40133
:10DF9000DF91CF911F910F91FF90EF90DF90CF9085
:10DFA000BF90AF909F908F9008953F924F925F9255
:10DFB0006F927F928F929F92AF92BF92CF92DF9299
:10DFC000EF92FF920F931F93CF93DF935C016B014E
:10DFD0007A016115710519F0FB0191838083E114C9
:10DFE000F10451F0C7010297839730F040E030E030
:10DFF00020E090E06AC05E01E5012196F501108104
:10E00000812F90E0FFD1892BB1F71D3201F52196C8
:10E01000F501118101E0E114F10409F4E6C0F0E139
:10E02000EF16F10409F088C0103359F488818F7D10
:10E03000883509F07CC0198122960260F0E1EF2E4C
:10E04000F12C812C912CA12C88E0B82E92C01B328F
:10E0500021F4E5012296F501118100E0DCCFEAE030
:10E06000EE16F10409F4C7C0F0E1EF16F10409F06F
:10E0700073C0E7CF78E0E72EF12C812C912CA12CF6
:10E0800060E1B62E76C021E0ADC0302F3170C114F2
:10E09000D10431F0222371F12197F601D183C0839D
:10E0A00027FF2EC060E070E080E090E8311104C0EE
:10E0B0006FEF7FEF8FEF9FE722E230E03093D617CC
:10E0C0002093D517462F372F282F642F732F822F99
:10E0D000DF91CF911F910F91FF90EF90DF90CF9044
:10E0E000BF90AF909F908F907F906F905F904F9078
:10E0F0003F90089501FF04C02297F601D183C083A9
:10E10000332341F090958095709561957F4F8F4FA7
:10E110009F4FD8CF97FFD6CF82E290E09093D6174B
:10E120008093D5176FEF7FEF8FEF9FE7CBCF10E393
:10E13000E114F10409F49ECF28E0E216F10409F499
:10E140009CCF0CF08CCF812C912CA12CE0E4BE2E26
:10E1500082E0E816F10469F060E070E080E090E8A9
:10E1600097010F2C000C440B550B0E946EF94901CE
:10E170005A0120E060E070E0CB0127010F2C000C79
:10E1800066087708FE0150ED352E310E39E0331563
:10E1900070F43FEB310F49EC342E3A3138F03FE95F
:10E1A000310F3A3108F071CF39EA332E310E3E1477
:10E1B0001F040CF06ACF27FD15C086169706A80627
:10E1C000B90678F0A30192010E945FF9630D711DF9
:10E1D000811D911D61307105810520E8920708F4C9
:10E1E00052CF2FEF21961081CDCF103309F41ECFDF
:10E1F0002AE0E22EF12C9CEC892E982CA82C9CE095
:10E20000B92EB7CF3F924F925F926F927F928F92CB
:10E210009F92AF92BF92CF92DF92EF92FF920F93B5
:10E220001F93CF93DF935C016B017A016115710538
:10E2300019F0FB0191838083E114F10449F0C701D7
:10E240000297839728F060E070E0CB0199C05E01EF
:10E25000E5012196F5011081812F90E0D3D0892B23
:10E26000B1F71D3209F05BC02196F501118101E083
:10E27000E114F10409F4B9C0F0E1EF16F10409F07A
:10E280009AC0103341F488818F7D883509F08EC0A3
:10E29000198122960260E0E1EE2EF12C88248A9406
:10E2A000982CA82CFFE0BF2E20E060E070E0CB01AE
:10E2B00027010F2C000C66087708FE0150ED352E63
:10E2C000310E39E0331568F43FEB310F49EC342E51
:10E2D0003A3130F03FE9310F3A31A8F539EA332EBF
:10E2E000310E3E141F047CF52F3FB1F086169706C1
:10E2F000A806B90630F1A3019201E1D7232D30E041
:10E3000050E040E0620F731F841F951F6217730770
:10E3100084079507B0F021E021961081CECF1B3203
:10E3200021F4E5012296F501118100E0A1CF78E00A
:10E33000E72EF12C88248A94982CA82C6FE1B62E15
:10E34000B3CF2FEFE9CFC114D10431F0222351F123
:10E350002197F601D183C08300FF07C09095809577
:10E36000709561957F4F8F4F9F4F2F3F49F482E209
:10E3700090E09093D6178093D5176FEF7FEFCB0186
:10E38000DF91CF911F910F91FF90EF90DF90CF9091
:10E39000BF90AF909F908F907F906F905F904F90C5
:10E3A0003F90089501FFD8CF2297D3CF10E3E11417
:10E3B000F10409F4BCCF3AE0E316F104E1F080E1A6
:10E3C000E816F10409F467CFE8E0EE16F10409F469
:10E3D000B1CF6FEF7FEFCB0197010F2C000C440BF7
:10E3E000550B7CD749015A015FCF103309F44BCF4D
:10E3F0009AE0E92EF12C89E9882E982CA82C89E145
:10E40000B82E52CF91114DC6803219F089508550E7
:10E41000D0F70895FB01DC0102C005900D92415038
:10E420005040D8F70895FB01DC010D900020E9F77A
:10E43000119705900D920020E1F70895FC010590D9
:10E44000061621F00020D9F7C00108953197CF01B9
:10E450000895FB01DC0105900D920020E1F708957D
:10E46000DC01FB014150504058F049F005900D92FD
:10E470000020C1F7E61BF70B3197CF0108951C92DE
:10E4800005900020E9F7F6CFFC0105900020E9F7A0
:10E49000809590958E0F9F1F0895FB01DC014150E0
:10E4A000504088F08D9181341CF08B350CF4805EE7
:10E4B000659161341CF06B350CF4605E861B611154
:10E4C00071F3990B0895881BFCCFFB01DC014150CF
:10E4D000504030F08D910590801919F40020B9F763
:10E4E000881B990B0895FB0155915523A9F0BF0195
:10E4F000DC014D9145174111E1F759F4CD0105902B
:10E50000002049F04D9140154111C9F3FB01411123
:10E51000EFCF81E090E001970895DC01FB014150CD
:10E52000504058F049F001900D920020C1F7E61BD1
:10E53000F70B3197CF0108951C9201900020E9F765
:10E54000F6CF0F931F93CF93DF93CDB7DEB72E9700
:10E550000FB6F894DEBF0FBECDBF0E891F89888D20
:10E56000998D2EE02C831A83098397FF02C080E0E7
:10E5700090E801979E838D83AE01445E5F4F6A8D64
:10E580007B8DCE01019648D14D815E8157FD0AC039
:10E590002F813885421753070CF49A01020F131F7D
:10E5A000F80110822E960FB6F894DEBF0FBECDBFD5
:10E5B000DF91CF911F910F9108950F931F93CF93E8
:10E5C000DF93CDB7DEB72E970FB6F894DEBF0FBE40
:10E5D000CDBF0E891F898EE08C831A8309838FEF4C
:10E5E0009FE79E838D83AE01465E5F4F688D798D78
:10E5F000CE01019611D12F813885020F131FF8012A
:10E6000010822E960FB6F894DEBF0FBECDBFDF91FD
:10E61000CF911F910F9108950F931F93CF93DF9385
:10E62000CDB7DEB72E970FB6F894DEBF0FBECDBFC5
:10E630008C01FA018EE08C831A83098377FF02C074
:10E6400060E070E8615071097E836D83A901BF01AC
:10E65000CE010196E1D04D815E8157FD0AC02F8128
:10E660003885421753070CF49A01020F131FF80163
:10E6700010822E960FB6F894DEBF0FBECDBFDF918D
:10E68000CF911F910F91089540D008F481E0089533
:10E69000E89409C097FB3EF490958095709561953C
:10E6A0007F4F8F4F9F4F9923A9F0F92F96E9BB27F2
:10E6B0009395F695879577956795B795F111F8CF6E
:10E6C000FAF4BB0F11F460FF1BC06F5F7F4F8F4FD9
:10E6D0009F4F16C0882311F096E911C0772321F0CF
:10E6E0009EE8872F762F05C0662371F096E8862F67
:10E6F00070E060E02AF09A95660F771F881FDAF7BE
:10E70000880F9695879597F90895990F0008550FEA
:10E71000AA0BE0E8FEEF16161706E807F907C0F0A7
:10E7200012161306E407F50798F0621B730B840BAF
:10E73000950B39F40A2661F0232B242B252B21F489
:10E7400008950A2609F4A140A6958FEF811D811D29
:10E7500008950BD064C555D528F05AD518F09523E7
:10E7600009F046C54BC511248EC56AD5A0F3959F07
:10E77000D1F3950F50E0551F629FF001729FBB27A8
:10E78000F00DB11D639FAA27F00DB11DAA1F649F54
:10E790006627B00DA11D661F829F2227B00DA11D07
:10E7A000621F739FB00DA11D621F839FA00D611D8D
:10E7B000221F749F3327A00D611D231F849F600DAE
:10E7C000211D822F762F6A2F11249F5750408AF0E7
:10E7D000E1F088234AF0EE0FFF1FBB1F661F771F73
:10E7E000881F91505040A9F79E3F510570F000C519
:10E7F0004AC55F3FECF3983EDCF3869577956795C5
:10E80000B795F795E7959F5FC1F7FE2B880F911D90
:10E810009695879597F908952F923F924F925F9220
:10E820006F927F928F929F92AF92BF92CF92DF9220
:10E83000EF92FF920F931F93CF93DF9300D000D0FE
:10E8400000D01F921F92CDB7DEB77C013B018A0139
:10E85000FC0117821682838181FFD0C1CE0101960F
:10E860005C01F7019381F30193FD859193FF819101
:10E870003F01882309F449C1853239F493FD85911C
:10E8800093FF81913F01853221F4B70190E022D4BA
:10E89000E8CF912C212C312CFFE1F31538F08B328D
:10E8A00011F190F4803209F1833229F137FC3CC038
:10E8B00020ED280F2A3050F536FE20C08AE0989EC1
:10E8C000200D1124922E06C08D3291F0803371F705
:10E8D000689430F8F30193FD859193FF81913F0196
:10E8E0008111DACF21C0689431F8689432F8F2CF00
:10E8F000689433F8EFCF689434F8ECCFEAE02E9EBA
:10E90000200D1124222E689435F8E4CF8E3229F49C
:10E9100036FCFBC0689436F8DDCF8C3619F4689469
:10E9200037F8D8CF8836B1F2982F9F7D9554933021
:10E93000D8F0833691F18337B1F1833509F05EC0A9
:10E940002801F2E04F0E511CF801C080D180692DE2
:10E9500070E036FC02C06FEF7FEFC601A5D34C011B
:10E96000689437F882010AC00C5F1F4FFFE3F983F8
:10E9700088248394912C6501E89437F833FE2AC0EB
:10E98000522C8114910459F5552009F46ACFB7012E
:10E9900080E290E09FD35A94F7CFF8018081898379
:10E9A0000E5F1F4FE5CF2801F2E04F0E511CF8011A
:10E9B000C080D180692D70E036FC02C06FEF7FEF20
:10E9C000C6017DD34C018201D7CFB70180E290E030
:10E9D00081D32A942814190409F0B8F7D1CFF6018D
:10E9E00037FC859137FE81916F01B70190E072D3BA
:10E9F00051105A94F1E08F1A9108C3CF843619F060
:10EA0000893609F073C0F80137FE67C060817181F3
:10EA1000828193810C5F1F4FF32DFF763F2E97FF6E
:10EA200009C090958095709561957F4F8F4F9F4F4E
:10EA3000689437F82AE030E0A5017CD3C82ECA18C4
:10EA40008C2C432C36FE0CC0E89440F8C91440F4DA
:10EA500034FE05C032FC03C0F32DFE7E4F2E892C00
:10EA600044FEA6C0FE01EC0DF11D8081803309F04B
:10EA700098C0242D297E422E842D8870582E43FC68
:10EA8000A5C040FE9FC09C2C821418F42C0C922C24
:10EA9000981844FEA1C0B70180E390E01BD342FE6A
:10EAA00008C088E790E041FE02C088E590E0B70129
:10EAB00011D3C91408F49CC0CA94D12C9FEFC91A71
:10EAC000D90ACA0CDB1CF60182916F01B70190E0F4
:10EAD00001D3AC14BD04B9F757CF60817181072E03
:10EAE000000C880B990B0E5F1F4F96CFD32CE89428
:10EAF000D4F82AE030E08537E1F1232D297FD22EAA
:10EB00008F36A9F1F0F4883551F1F70186819781AC
:10EB10002B960FB6F894DEBF0FBECDBFDF91CF911D
:10EB20001F910F91FF90EF90DF90CF90BF90AF902B
:10EB30009F908F907F906F905F904F903F902F901D
:10EB40000895803749F0883701F7D4FE02C06894F1
:10EB5000D2F820E130E00DC06894D4F8F6CF34FE4E
:10EB600003C0822F8660D82E20E132E002C028E068
:10EB700030E0F801D7FE0EC06081718182819381FF
:10EB80000C5F1F4FA501D6D2C82ECA183D2CE894A1
:10EB900037F856CF6081718190E080E00E5F1F4FA3
:10EBA000F1CF42FC02C0839467CF8394839464CFF7
:10EBB000842D867809F460CFF6CFB70180E290E02B
:10EBC00089D283948214C8F3512C63CF522C5818E5
:10EBD000821408F45ECFF8CF842D867809F469CFCB
:10EBE0008BE241FE80E247FC8DE2B70190E060CF0E
:10EBF000B70180E390E06ED29A945BCF8FEF9FEFE6
:10EC000087CF8F929F92AF92BF92CF92DF92EF9277
:10EC1000FF920F931F93CF93DF9300D000D000D0CB
:10EC2000CDB7DEB76A01F22EB02E102FFBE3AF2E68
:10EC3000A01608F41BE31F5F012F27E0AE014F5F12
:10EC40005F4F57D1BC018981982F9970913009F499
:10EC50004EC09BE2E1FC04C09E2D9170E0FC49C0D7
:10EC60005E2D5071E82FE87083FF55C084E091114C
:10EC700001C083E0EF2DE81B8F1508F0E0E0D6011E
:10EC80008E2F20E25523C9F1992329F0D6019C93B8
:10EC9000C60101966C0196012D5F3F4FE2FE33C025
:10ECA0008EE4D6018C9391E411969C931197129661
:10ECB0008C93D9018E2F90E281112AC0E20FF32F9D
:10ECC000F11D10828EEF9FEF29960FB6F894DEBFEC
:10ECD0000FBECDBFDF91CF911F910F91FF90EF90AD
:10ECE000DF90CF90BF90AF909F908F9008959DE25E
:10ECF000B7CF90E2B5CF2D9381508111FCCFCE0ECE
:10ED0000D11CE0E0C1CF8EE6D6018C9391E6CCCF4A
:10ED10009D938150D1CF482F447082FF3DC084E045
:10ED2000911101C083E08F1510F4EF2DE81BD6017F
:10ED30008E2F20E2552309F1992329F0D6019C93C7
:10ED4000C60101966C0196012D5F3F4FE2FE1BC08C
:10ED500089E4D6018C938EE411968C93119786E406
:10ED600012968C93D9018E2F90E2882309F4A6CFB6
:10ED70009D938150FACF2D9381508111FCCFCE0EFF
:10ED8000D11CE0E0D9CF89E6D6018C938EE61196AE
:10ED90008C93119786E6E4CF9B0177FF02C030E0A9
:10EDA00020E0A1E0B0E0911102C0B0E0A0E0F901E4
:10EDB0003196AE0FBF1F8B2C912CBB2009F461C084
:10EDC0005401EFEFAE1ABE0AAA0DBB1DFA161B06C0
:10EDD00019F014F04F2D4A1B511188C0E3FC59C0A3
:10EDE0007601A42FB0E2A1114FC0C40ED11C99230B
:10EDF00009F45BC040E0D6011196F60190836D01E5
:10EE0000552309F448C0012F060F9A81582F5071DD
:10EE100084FF03C0913309F4015010160CF047C071
:10EE2000093008F008E0EEE2FE2E5B01A01AB108FE
:10EE300085019194819491082F3F320729F4D601DE
:10EE4000FC92F60131966F016217730794F1021775
:10EE500013077CF5DB01A21BB30BAA24A394B12CEE
:10EE6000AC0EBD1EAA0DBB1D11968C91215031090F
:10EE7000D601119628153905F4F0F60180836D014D
:10EE8000DBCFB12CA12CA0CFF701B1937F01A15012
:10EE9000AACF9111B0CFD601942F50E302C05D9359
:10EEA00091509111FCCFC40ED11C40E0ACCF01E0D9
:10EEB000BACF80E3DBCF6217730731F4963388F45F
:10EEC000953311F4552369F0F6018083FD01842FF9
:10EED00090E2811108C0A40FB11D1C9290E080E067
:10EEE000F3CE81E3F1CF91938150F3CF911183CF92
:10EEF0008ACF283008F027E03327DA01990F311D37
:10EF000087FD916000966105710539F432602E5FCE
:10EF10003D9330E32A95E1F708959F3F30F0803824
:10EF20007105610509F03C5F3C5F3D93913008F04D
:10EF30008068911DDF93CF931F930F93FF92EF9201
:10EF4000192F987F9695E92F96959695E90FFF27AB
:10EF5000EB53FE4F99273327EE24FF24A701E70147
:10EF600005900894079428F4360FE71EF81E491FF1
:10EF7000511D660F771F881F991F0694A1F70590F2
:10EF8000079428F4E70EF81E491F561FC11D770F7E
:10EF9000881F991F661F0694A1F70590079428F40F
:10EFA000F80E491F561FC71FD11D880F991F661FD6
:10EFB000771F0694A1F70590079420F4490F561F78
:10EFC000C71FD81F990F661F771F881F0694A9F7C0
:10EFD00084911095177041F0D695C7955795479530
:10EFE000F794E7941A95C1F7EBE6F1E06894159071
:10EFF000159135916591959105907FE27395E11892
:10F00000F10A430B560BC90BD009C0F7E10CF11EF6
:10F01000431F561FC91FD01D7EF4703311F48A950B
:10F02000E6CFE894015030F0080F0AF400270217E9
:10F0300008F4202F2395022F7A3328F079E37D936B
:10F040002A95E9F710C07D932A9589F6069497953D
:10F050006795379517951794E118F10A430B560BEE
:10F06000C90BD00998F023957E9173957A3308F0F7
:10F0700070E37C932013B8F77E9170617D9330F03C
:10F08000839571E37D9370E32A95E1F71124EF9066
:10F09000FF900F911F91CF91DF91992787FD909558
:10F0A0000895992788270895FC01059061507040C4
:10F0B0000110D8F7809590958E0F9F1F0895FC0141
:10F0C0006150704001900110D8F7809590958E0F97
:10F0D0009F1F08950F931F93CF93DF93182F092F2E
:10F0E000EB018B8181FD09C01FEF0FEF812F902F66
:10F0F000DF91CF911F910F91089582FF14C02E814F
:10F100003F818C819D81281739073CF4E881F98182
:10F11000CF0101969983888310838E819F81019608
:10F120009F838E83E3CFE885F985812F1995892BFD
:10F13000A1F3DACFFA01AA27283051F1203181F169
:10F14000E8946F936E7F6E5F7F4F8F4F9F4FAF4FEF
:10F15000B1E03ED0B4E03CD0670F781F891F9A1F02
:10F16000A11D680F791F8A1F911DA11D6A0F711DB6
:10F17000811D911DA11D20D009F468943F912AE0C2
:10F18000269F11243019305D3193DEF6CF010895AA
:10F19000462F4770405D4193B3E00FD0C9F7F6CFDB
:10F1A000462F4F70405D4A3318F0495D31FD4052A3
:10F1B000419302D0A9F7EACFB4E0A6959795879539
:10F1C00077956795BA95C9F7009761057105089518
:10F1D0009B01AC010A2E06945795479537952795C4
:10F1E000BA95C9F7620F731F841F951FA01D08955C
:10F1F00097F99F6780E870E060E008959FEF80ECEA
:10F20000089500240A94161617061806090608958C
:10F2100000240A9412161306140605060895092EF2
:10F220000394000C11F4882352F0BB0F40F4BF2B61
:10F2300011F460FF04C06F5F7F4F8F4F9F4F0895A1
:10F2400057FD9058440F551F59F05F3F71F0479597
:10F25000880F97FB991F61F09F3F79F0879508957C
:10F26000121613061406551FF2CF4695F1DF08C09B
:10F27000161617061806991FF1CF869571056105B8
:10F2800008940895E894BB2766277727CB0197F960
:10F290000895F999FECF92BD81BDF89A992780B55E
:10F2A0000895262FF999FECF1FBA92BD81BD20BDCA
:10F2B0000FB6F894FA9AF99A0FBE01960895DB01F9
:10F2C0008F939F9349D0BF91AF91A29F800D911DC5
:10F2D000A39F900DB29F900D11240895A1E21A2EC4
:10F2E000AA1BBB1BFD010DC0AA1FBB1FEE1FFF1FEA
:10F2F000A217B307E407F50720F0A21BB30BE40B3A
:10F30000F50B661F771F881F991F1A9469F7609580
:10F310007095809590959B01AC01BD01CF0108953A
:10F32000052E97FB16F400940FD057FD05D0D6DFBD
:10F3300007FC02D046F408C05095409530952195C1
:10F340003F4F4F4F5F4F0895909580957095619511
:10F350007F4F8F4F9F4F089509D0A59F900DB49F69
:10F36000900DA49F800D911D11240895A29FB001BE
:10F37000B39FC001A39F700D811D1124911DB29FE9
:10F38000700D811D1124911D0895991B79E004C011
:10F39000991F961708F0961B881F7A95C9F78095D4
:10F3A0000895AA1BBB1B51E107C0AA1FBB1FA617CC
:10F3B000B70710F0A61BB70B881F991F5A95A9F71E
:10F3C00080959095BC01CD01089597FB072E16F40A
:10F3D000009406D077FD08D0E4DF07FC05D03EF4AA
:10F3E000909581959F4F0895709561957F4F0895F1
:10F3F000EE0FFF1F881F8BBF0790F691E02D199429
:10F400005058BB27AA270ED00ACFFBDE30F000DF12
:10F4100020F031F49F3F11F41EF4F0CE0EF4E0958D
:10F42000E7FBE6CEE92F0CDF80F3BA17620773071C
:10F430008407950718F071F49EF524CF0EF4E0953B
:10F440000B2EBA2FA02D0B01B90190010C01CA019E
:10F45000A0011124FF27591B99F0593F50F4503E49
:10F4600068F11A16F040A22F232F342F4427585F3B
:10F47000F3CF469537952795A795F0405395C9F753
:10F480007EF41F16BA0B620B730B840BBAF091500B
:10F49000A1F0FF0FBB1F661F771F881FC2F70EC0AA
:10F4A000BA0F621F731F841F48F48795779567957D
:10F4B000B795F7959E3F08F0B3CF9395880F08F066
:10F4C0009927EE0F9795879508959BDE58F080E871
:10F4D00091E009F49EEF9CDE28F040E851E059F4F9
:10F4E0005EEF09C08BCECECEE92FE078A9DE68F3BF
:10F4F000092E052AC1F3261737074807590738F0A0
:10F500000E2E07F8E02569F0E025E0640AC0EF63FD
:10F5100007F8009407FADB01B9019D01DC01CA017B
:10F52000AD01EF9359D07BDE0AD05F91552331F0C6
:10F530002BED3FE049E450FD49EC63CF0895DF93A4
:10F54000DD27B92FBF7740E85FE316161706480797
:10F550005B0710F4D92F81D19F938F937F936F9383
:10F56000FBD1E4EEF0E0FED05ADE2F913F914F91B7
:10F570005F91FBD8DD2349F09058A2EA2AED3FE0E5
:10F5800049EC5FE3D0785D274DDFDF9148CE49D16C
:10F5900080F09F3740F491110EF475CE60E070E07A
:10F5A00080E89FE3089526F01B16611D711D811DE3
:10F5B000B0C0CAC0FED0E39523C10CD030CE28DE47
:10F5C00040F01FDE30F021F45F3F19F011CE5111F1
:10F5D0005ACE14CE35DE98F39923C9F35523B1F3EF
:10F5E000951B550BBB27AA2762177307840738F0B2
:10F5F0009F5F5F4F220F331F441FAA1FA9F333D011
:10F600000E2E3AF0E0E830D091505040E695001CC4
:10F61000CAF729D0FE2F27D0660F771F881FBB1F80
:10F62000261737074807AB07B0E809F0BB0B802D5A
:10F63000BF01FF2793585F4F2AF09E3F510568F0A6
:10F64000D7CD21CE5F3FECF3983EDCF386957795DE
:10F650006795B795F7959F5FC9F7880F911D9695A8
:10F66000879597F90895E1E0660F771F881FBB1F04
:10F67000621773078407BA0720F0621B730B840BB1
:10F68000BA0BEE1F88F7E095089504D06894B11185
:10F69000FACD0895DDDD88F09F5790F0B92F9927B6
:10F6A000B751A0F0D1F0660F771F881F991F1AF08D
:10F6B000BA95C9F712C0B13081F0E4DDB1E0089528
:10F6C000E1CD672F782F8827B85F39F0B93FCCF3A9
:10F6D000869577956795B395D9F73EF49095809583
:10F6E000709561957F4F8F4F9F4F08959AD080F00E
:10F6F0009F3740F491110EF0C6CD60E070E080E8D5
:10F700009FEB089526F41B16611D711D811D01C01C
:10F710001BC0882371F4772321F09850872B762F14
:10F7200007C0662311F499270DC09051862B70E015
:10F7300060E02AF09A95660F771F881FDAF7880F26
:10F740009695879597F908959F3F31F0915020F451
:10F75000879577956795B795880F911D96958795AD
:10F7600097F90895DF93CF931F930F93FF92EF9232
:10F77000DF927B018C01689406C0DA2EEF010E94B3
:10F78000B5F3FE01E894A5912591359145915591E8
:10F79000A6F3EF0147DEFE019701A801DA9471F7A5
:10F7A000DF90EF90FF900F911F91CF91DF9108951F
:10F7B00025CD4EDDE8F3E894E0E0BB279F57F0F05D
:10F7C0002AED3FE049EC06C0EE0FBB0F661F771F26
:10F7D000881F28F0B23A62077307840728F0B25AEC
:10F7E000620B730B840BE3959A9572F7803830F4B3
:10F7F0009A95BB0F661F771F881FD2F79048A6CF38
:10F80000EF93E0FF06C0A2EA2AED3FE049EC5FEB90
:10F8100009DE05DD0F90039401FC9058E1E1F1E071
:10F82000ABC016DDA0F0BEE7B91788F4BB279F3840
:10F8300060F41616B11D672F782F8827985FF7CFD1
:10F84000869577956795B11D93959639C8F3089578
:10F850000E9485F308F48FEF08959B01AC0160E0EE
:10F8600070E080E89FE3A9CEF3DC58F19E5758F191
:10F870009851A0F0E9F0983020F5092E9927660FED
:10F88000771F881F991F0A94D1F712C0062E672F81
:10F89000782F8827985F11F4000C07C0993FB4F3C4
:10F8A0008695779567959395D9F7611D711D811D93
:10F8B0003EF490958095709561957F4F8F4F9F4F47
:10F8C00008956894E0CCDECC9F9373DF0F9007FC23
:10F8D000EE5F96CF11F40EF491CC36CFB9DCD0F3B5
:10F8E0009923D9F3CEF39F57550B87FF3ED00024C1
:10F8F000A0E640EA900180585695979528F4805CE0
:10F90000660F771F881F20F026173707480730F447
:10F91000621B730B840B202931294A2BA69517945F
:10F920000794202531254A2758F7660F771F881F2F
:10F9300020F026173707480730F4620B730B840B4F
:10F94000200D311D411DA09581F7B901842F9158DB
:10F95000880F9695879508959B01AC010C94A9F3A7
:10F960000E9485F3880B990B089591505040660FC3
:10F97000771F881FD2F708959F938F937F936F937C
:10F98000FF93EF939B01AC010E94A9F3EF91FF91CC
:10F99000E9DE2F913F914F915F910C94A9F3911162
:10F9A000089581548A5108F4805E855A0895FB01B8
:10F9B000DC0104C08D910190801921F44150504028
:10F9C000C8F7881B990B0895FB01DC0102C0019068
:10F9D0000D9241505040D8F70895DC0101C06D935D
:10F9E00041505040E0F70895FB01DC018D918134D6
:10F9F0001CF08B350CF4805E619161341CF06B352A
:10FA00000CF4605E861B611189F3990B0895FC016B
:10FA10008191861721F08823D9F799270895319786
:10FA2000CF010895FB01DC0101900D920020E1F768
:10FA30000895FB01DC014150504030F08D91019060
:10FA4000801919F40020B9F7881B990B0895FB0160
:10FA5000DC014150504048F001900D920020C9F760
:10FA600001C01D9241505040E0F70895FC0181E033
:10FA700090E00190061609F4CF010020D1F701971C
:10FA800008950F931F93CF93DF93CDB7DEB72E97D3
:10FA90000FB6F894DEBF0FBECDBF0E891F8986E07A
:10FAA0008C831A8309838FEF9FE79E838D83AE013A
:10FAB000465E5F4F688D798DCE0101960E940CF4F1
:10FAC0002F813885020F131FF80110822E960FB672
:10FAD000F894DEBF0FBECDBFDF91CF911F910F9184
:10FAE000089519E1C7E0D9E100E005C0802FFE01CB
:10FAF0007FDC2196011DC830D10780E00807B1F7EF
:04FB0000F894FFCFA7
:10FB0400FF05C0D40100640005020A00C800FFFF1D
:10FB1400FF0A0064005555854264000000803FAA36
:10FB240000640101FF060101FFFFFF3F0000FF3FEA
:10FB340000000000FF3F0101000000000000000081
:10FB440000000040C00000C8430000C8430000C8D3
:10FB54004355550543FFFF0000803F0000000000AF
:10FB6400000000000040C000000000000000000091
:10FB74000000000000000000000000000000000081
:10FB84000000000000000000000000000000000071
:10FB94000000000000000000000000000000000061
:10FBA4000000000000000000000000000000000051
:10FBB4000000000000000000000000000000000041
:10FBC400000000000000000000000000000000FF32
:10FBD4000000000000000000000000000000000021
:10FBE4000000000000000000000000000000000011
:10FBF4000000000000000000000000000000000001
:10FC040000000000000000000000000000000000F0
:10FC140000000000000000000000000000000000E0
:10FC240000000000000000000000000000000000D0
:10FC340000FF0000000000000000000000000000C1
:10FC440000000000000000000000000000000000B0
:10FC540000000000000000000000000000000000A0
:10FC64000000000000000000000000000000000090
:10FC74000000000000000000000000000000000080
:10FC84000000000000000000000000000000000070
:10FC9400000000FF00000000000000000000000061
:10FCA4000000000000000000000000000000000050
:10FCB4000000000000000000000000000000000040
:10FCC4000000000000000000000000000000000030
:10FCD4000000000000000000000000000000000020
:10FCE4000000000000000000000000000000000010
:10FCF4000000000000FF0000A040FF0000404000A2
:10FD0400004040000000000000404000004040006F
:10FD140000000058595A450000C07F0000C07F0011
:10FD240000C07FFF003C000100004040000034425E
:10FD3400000000000000000000000000000050412E
:10FD440000000000000000416400000064000000A6
:10FD540003000000640000006400000003000000D1
:10FD640003000000030000001E0000000000C84162
:10FD7400000000006666A6BF00004040000040404E
:10FD840000000000010204080A005A00563930003D
:10FD94000A05062E01000800200040008000000132
:10FDA400000400002F504C5200000048420000485C
:10FDB40042000080400000004000000000B0749643
:10FDC40075CB735E74B373D3725573B8726E7473F8
:10FDD400732F70B270B170256400257500256C75A1
:0EFDE40000256C64004552520058595A000028
:00000001FF
